CNPJ,Fundo,Gestor,DataInicio,idadeMeses,dataM,dataHoje,PL_hoje,PL_medio180,PL_ref,pctAtual,Eleg_0m,Eleg_6m,Eleg_12m,pctExig_0m,pctExig_6m,pctExig_12m,Compra_0m,Compra_6m,Compra_12m,amortEstimada,semDataInicio,semCarteira
63124967000103,ABSOLUTE HIDRA CDI PLUS II MASTER FUNDO INCENTIVADO DE INVESTIMENTO FINANCEIRO EM INFRA RF,Absolute,2025-11-01,9,202603,2026-08-04,3637884793,3197124967,3197124967,0.1249,399171837,398725689,398277995,0.67,0.67,0.67,1742901891,1743348039,1743795733,0,0,0
60742785000108,PRODHOS FIF - CLASSE DE INVESTIMENTO RENDA FIXA INCENTIVADO DE INVESTIMENTO EM INFRAESTRUTURA,BRAM,2025-05-01,15,202603,2026-08-04,3334900739,3048303621,3048303621,0.3427,1044774202,1044766734,1044580028,0.67,0.67,0.85,997589223,997596692,1546478050,0,0,0
63989000000186,SANTANDER FUNDO INCENTIVADO CDI PROJETOS INV EM INFRA RF CRÉDITO PRIVADO - FIF RESP LIMITADA,SAM,2026-06-01,2,202603,2026-08-04,1342304689,1371996983,1342304689,0,0,0,0,0,0.67,0.67,0,899344142,899344142,0,0,1
55230301000101,SAFRA INFRA LIQUIDEZ PROGRESSIVO FIF INV EM INFRA CLASSE DE INV EM INFRAESTRUTURA RF RESP LIMITADA,Safra Asset,2026-06-01,2,202603,2026-08-04,1029175516,1029175516,1029175516,0,0,0,0,0,0.67,0.67,0,689547596,689547596,0,0,1
62171470000175,BRAM DEBÊNTURES INCENTIVADAS 2506 FIF CI RF INCENTIVADO DE INVESTIMENTO EM INFRA LP - RESP LIMITADA,BRAM,2025-08-01,12,202603,2026-08-04,6110241802,5842979991,5842979991,0.6,3505575550,3502356305,3499292748,0.67,0.67,0.85,409221044,412440289,1467240245,1,0,0
58277322000162,ITAÚ GCA DEBÊNTURES INCENTIVADAS CDI FIF INCENTIVADO EM INFRA RF CRÉD PRIV LP RESP LIMITADA,IAM,2025-02-01,18,202603,2026-08-04,1524921950,1282141084,1282141084,0.5534,709542704,707493914,704448898,0.67,0.85,0.85,149491822,382326008,385371024,1,0,0
62360992000115,BB MASTER II RENDA FIXA DEBÊNTURES INCENTIVADAS FIF INVESTIMENTO EM INFRAESTRUTURA RESP LIMITADA,BB Asset,2025-12-01,8,202603,2026-08-04,1711739092,2142720654,1711739092,0.4818,824789749,824789749,824789749,0.67,0.67,0.67,322075442,322075442,322075442,0,0,0
63920768000101,ARX INFRA CDI DINÂMICO FUNDO INCENTIVADO DE INVEST FINANCEIRO EM INFRA CREDITO PRIVADO RENDA FIXA RL,ARX,2026-01-01,7,202603,2026-08-04,1143152520,1312442913,1143152520,0.4166,476231610,474463521,469253846,0.67,0.67,0.67,289680579,291448668,296658342,1,0,0
55176509000181,SAFRA INFRA CDI MASTER IV FIF INVESTIMENTO EM INFRA CLASSE DE INVEST EM INFRA RF LP RESP LIMITADA,Safra Asset,2024-10-01,22,202603,2026-08-04,1569671649,1525509149,1525509149,0.6741,1028386519,1007340446,986563353,0.67,0.85,0.85,0,289342331,310119424,1,0,0
63566142000130,ICATU VANGUARDA CDI S FIF - CI INCENTIVADO DE INVESTIMENTO EM INFRA RF LP - RESP LIMITADA,Icatu,2025-12-01,8,202603,2026-08-04,986816512,1202433901,986816512,0.3855,380420923,375986141,371277019,0.67,0.67,0.67,280746140,285180921,289890043,1,0,0
63942021000146,OCCAM BB INFRA LINEAR FI FINANCEIRO RENDA FIXA INVESTIMENTO EM INFRAESTRUTURA - RESP LIMITADA,Occam,2026-01-01,7,202603,2026-08-04,989517509,846795932,846795932,0.3449,292022817,291701289,290934822,0.67,0.67,0.67,275330457,275651985,276418452,0,0,0
65612787000198,SAFRA INFRA CDI MASTER VI FIF INV EM INFRAESTRUTURA CLASSE DE INV EM INFRA RF LP RESP LIMITADA,Safra Asset,2026-03-01,5,202603,2026-08-04,554718778,704921577,554718778,0.2029,112548350,112548350,112548350,0,0.67,0.67,0,259113231,259113231,0,0,0
63386988000199,LEGACY CAPITAL ARKAN FIF FUNDO INCENTIVADO EM INVESTIMENTO EM DEB DE INFRA CDI RF RESP LIMITADA,Legacy,2025-12-01,8,202603,2026-08-04,558560547,604288754,558560547,0.2485,138827492,138243273,137590967,0.67,0.67,0.67,235408074,235992294,236644600,1,0,0
63359425000101,SPARTA INFRA CDI MASTER VI FUNDO INCENTIVADO DE INVESTIMENTO EM INFRAESTRUTURA RENDA FIXA,Sparta,2025-11-01,9,202603,2026-08-04,1431659808,1426435424,1426435424,0.514,733196597,726253165,706764049,0.67,0.67,0.67,222515137,229458569,248947686,1,0,0
63760296000169,RIO TRIUNFO FIF - CLASSE DE INVESTIMENTO RENDA FIXA INCENTIVADO DE INVESTIMENTO EM INFRAESTRUTURA,BRAM,2025-12-01,8,202603,2026-08-04,844264553,834490690,834490690,0.4031,336403106,336257507,335832233,0.67,0.67,0.67,222705656,222851255,223276529,1,0,0
65079801000130,KINEA INFRA IX FIF FUNDO INCENTIVADO DE INVESTIMENTO EM DEB DE INFRA RF CRED PRIV RESP LIMITADA,Kinea,2026-03-01,5,202603,2026-08-04,395010759,394033526,394033526,0.1301,51277961,50519493,49812025,0,0.67,0.67,0,213482970,214190438,0,0,0
62363645000146,INVEST PRO FIF FUNDO INCENTIVADO EM INVESTIMENTO EM DEBÊNTURES DE INFRA RF CRED PRIV RESP LIMITADA,IAM,2025-12-01,8,202603,2026-08-04,484227513,369732809,369732809,0.1184,43760383,43714382,43659115,0.67,0.67,0.67,203960600,204006601,204061868,1,0,0
63377319000150,OCCAM CDI 30 DINÂMICO S FIF RENDA FIXA  INVEST EM  INFRA CRÉDITO PRIVADO - RESPONSABILIDADE LIMITADA,Occam,2026-01-01,7,202603,2026-08-04,467713307,378708982,378708982,0.2047,77536321,77466895,77341210,0.67,0.67,0.67,176198697,176268123,176393808,0,0,0
57110842000113,SPARTA INFRA CDI MASTER V FUNDO INCENTIVADO DE INVESTIMENTO EM INFRAESTRUTURA RENDA FIXA,Sparta,2024-10-01,22,202603,2026-08-04,954836803,958597005,954836803,0.6913,660038657,650734039,622167808,0.67,0.85,0.85,0,160877243,189443475,1,0,0
66632272000112,AZ QUEST AZRF MASTER 01/2033 FIF INCENTIVADO EM INFRA RF RESP LIMITADA,AZ Quest,2026-05-01,3,202603,2026-08-04,234794186,229242881,229242881,0,0,0,0,0,0.67,0.67,0,153592730,153592730,0,0,1
54006238000153,BRAM DEBÊNTURES INCENTIVADAS CDI 2402 FIF RF INCENTIVADO DE INVESTIMENTO EM INFRA LP RESP LIMITADA,BRAM,2024-02-01,30,202603,2026-08-04,4169119460,4030729612,4030729612,0.8161,3289402878,3276051436,3266306883,0.85,0.85,0.85,136717292,150068735,159813287,1,0,0
57682222000159,PRIMORDIUM II DEBÊNTURES INCENTIVADAS FUNDO INCENTIVADO DE INVEST FINANCEIRO EM INFRA RENDA FIXA,SWM,2024-10-01,22,202603,2026-08-04,428390144,430867229,428390144,0.5023,215196279,215196279,215196279,0.67,0.85,0.85,71825117,148935343,148935343,0,0,0
58062679000123,SULAMÉRICA INFRA EXCLUSIVO FIF - FDO INCENTIVADO DE INVEST EM INFRAESTRUTURA RF DE RESP LIMITADA,Sulamérica,2024-11-01,21,202603,2026-08-04,939245307,908915721,908915721,0.6874,624788049,624788049,624788049,0.67,0.85,0.85,0,147790313,147790313,0,0,0
60917687000156,ITAÚ GCA DEBÊNTURES INCENTIVADAS IMAB 5 FIF INCENTIVADO INFRA RF CRED PRIV LONGO PRAZO RESP LIMITADA,IAM,2025-05-01,15,202603,2026-08-04,557713568,473754515,473754515,0.3683,174494834,173955065,172600066,0.67,0.67,0.85,142920691,143460460,230091272,1,0,0
55382748000198,SAFRA INFRA CONCEITO RENDA FIXA FIF INVESTIMENTO EM INFRA CI EM INFRA EM RENDA FIXA RESP LIMITADA,Safra Asset,2025-01-01,19,202603,2026-08-04,479221015,481422605,479221015,0.664,318189038,267439014,218820060,0.67,0.85,0.85,2889043,139898849,188517803,1,0,0
65041084000157,BOCAINA INFRA MASTER FUNDO INCENTIVADO DE INVESTIMENTO EM INFRAESTRUTURA RENDA FIXA,Bocaina,2026-02-01,6,202603,2026-08-04,278169419,278816207,278169419,0.1883,52370862,50940273,50848223,0.67,0.67,0.67,134002649,135433238,135525288,0,0,0
63953464000132,MIRANDA DO DOURO DEB INC CDI FUNDO INCENTIVADO DE INVEST FINANCEIRO EM INFRA RF CP RESP LIMITADA,IAM,2025-12-01,8,202603,2026-08-04,206929248,210128268,206929248,0.1067,22075556,22039928,22000137,0.67,0.67,0.67,116567041,116602668,116642460,1,0,0
58340147000100,BB JÚ INFRA RENDA FIXA FUNDO INCENTIVADO DE INVESTIMENTO FINANCEIRO EM INFRAESTRUTURA RESP LIMITADA,BB Asset,2025-02-01,18,202603,2026-08-04,981435094,948653279,948653279,0.7278,690452288,690234962,683459174,0.67,0.85,0.85,0,116120325,122896113,0,0,0
55572497000104,SAFRA INFRA CDI CARTEIRA MASTER FIF INVEST EM INFRA CLASSE DE INVESTIMENTO EM INFRA RF RESP LIMITADA,Safra Asset,2024-10-01,22,202603,2026-08-04,431424904,364161000,364161000,0.543,197752959,195014719,186237953,0.67,0.85,0.85,46234912,114522131,123298897,0,0,0
58213245000187,FLUXUS CASH FUNDO INCENTIVADO DE INVESTIMENTO FINANCEIRO EM INFRAESTRUTURA RENDA FIXA,Altera,2024-12-01,20,202603,2026-08-04,145432945,137049294,137049294,0.0889,12188378,12179571,12170242,0.67,0.85,0.85,79634649,104312329,104321658,0,0,0
61854664000102,ITAÚ DEBÊNTURES INCENTIVADAS IMA-B II FIF INCENTIVADO EM INFRA RF CRÉDITO PRIVADO RESP LIMITADA,IAM,2025-08-01,12,202603,2026-08-04,546211212,533253945,533253945,0.4833,257724246,257093212,255187472,0.67,0.67,0.85,99555897,100186931,198078381,1,0,0
58600298000150,JGP DEBÊNTURES CDI FIF RENDA FIXA INVEST EM INFRAESTRUTURA CRÉDITO PRIVADO RESPONSABILIDADE LIMITADA,JGP,2025-01-01,19,202603,2026-08-04,2191989519,2164550468,2164550468,0.8139,1761834279,1740227752,1718425517,0.67,0.85,0.85,0,99640146,121442381,0,0,0
63789552000140,ITAÚ M DEBÊNTURES INCENTIVADAS CDI FIF FINANCEIRO EM INFRAESTRUTURA RF CRED PRIV RESP LIMITADA,IAM,2025-12-01,8,202603,2026-08-04,178712451,147196433,147196433,0.0683,10059797,10042292,10022688,0.67,0.67,0.67,88561813,88579318,88598922,1,0,0
59424781000194,RB ASSET MASTER 2 FIF RENDA FIXA INVESTIMENTO EM INFRAESTRUTURA - RESPONSABILIDADE LIMITADA,RB Asset,2025-02-01,18,202603,2026-08-04,368860252,346025616,346025616,0.6005,207780683,205876314,200664339,0.67,0.85,0.85,24056479,88245460,93457435,0,0,0
63053090000107,ICATU VANGUARDA BB DEBÊNTURES INCENTIVADAS CDI FIF - CI EM INFRA RF LP - RESP LIMITADA,Icatu,2025-10-01,10,202603,2026-08-04,613819236,786340494,613819236,0.5347,328186409,324664006,320929084,0.67,0.67,0.67,83072479,86594882,90329804,1,0,0
57449111000105,BRAM FIF - CLASSE DE  INVESTIMENTO RF DE INVESTIMENTO EM INFRA CDI  CRED PRIV RESP LIMITADA,BRAM,2024-10-01,22,202603,2026-08-04,482907329,488316681,482907329,0.6765,326666196,324491448,321669973,0.67,0.85,0.85,0,85979782,88801257,0,0,0
56973849000104,SULAMÉRICA DEBÊNTURES INCENTIVADAS CDI ATIVO FIF DE INV EM INFRAESTRUTURA RENDA FIXA DE RL,Sulamérica,2025-10-01,10,202603,2026-08-04,196345647,220543873,196345647,0.2458,48252465,48252465,48252465,0.67,0.67,0.67,83299119,83299119,83299119,0,0,0
64958783000101,AZ QUEST AZRF MASTER 01/2032 FUNDO DE INVESTIMENTO FINANCEIRO INCENTIVADO EM INFRA RF RESP LIMITADA,AZ Quest,2026-02-01,6,202603,2026-08-04,237573342,228649557,228649557,0.314,71799950,71504103,70776154,0.67,0.67,0.67,81395253,81691101,82419049,0,0,0
63051648000107,ITAÚ DEBÊNTURES INCENTIVADAS PRÉ TARGET 2029 SHIFT FIF INCENTIVADO INFRA RF CRED PRIV RESP LIMITADA,IAM,2025-10-01,10,202603,2026-08-04,359262471,349703065,349703065,0.4393,153611573,153427955,153152865,0.67,0.67,0.67,80689481,80873099,81148188,1,0,0
52878009000101,SANGIOVESE FUNDO INCENTIVADO DE INVESTIMENTO EM RENDA FIXA,BTG WM,2023-11-01,33,202603,2026-08-04,341316238,325637842,325637842,0.6212,202279221,200557357,195317697,0.85,0.85,0.85,74512945,76234809,81474469,0,0,0
63611704000110,IBIUNA CREDIT IPCA+ FIF - CI RF INCENTIVADO DE INVESTIMENTO EM INFRAESTRUTURA - RESP LIMITADA,Ibuina,2025-11-01,9,202603,2026-08-04,166565744,178210034,166565744,0.229,38150373,38070211,37833570,0.67,0.67,0.67,73448676,73528838,73765479,0,0,0
55160342000160,CHAMPAGNE FIF - CLASSE DE INVESTIMENTO RF INCENTIVADO DE INVESTIMENTO EM INFRA - RESP LIMITADA,BR Partners,2024-06-01,26,202603,2026-08-04,397763248,391954661,391954661,0.6694,262392305,261564060,260499251,0.85,0.85,0.85,70769157,71597402,72662210,1,0,0
62847489000199,RB CAIXA MASTER FI FINANCEIRO RENDA FIXA INVESTIMENTO EM INFRAESTRUTURA - RESPONSABILIDADE LIMITADA,RB Asset,2025-10-01,10,202603,2026-08-04,297166162,338343517,297166162,0.4387,130363342,128912042,127098282,0.67,0.67,0.67,68737987,70189287,72003047,0,0,0
61809225000188,SANTANDER PB SOLIMÕES INVESTIMENTO EM INFRAESTRUTURA RENDA FIXA - FIF RESP LIMITADA,San WM,2026-02-01,6,202603,2026-08-04,166123428,162169256,162169256,0.244,39561998,39456776,39369346,0.67,0.67,0.67,69091404,69196625,69284056,1,0,0
62467472000106,MANÁ FIF FI INCENTIVADO EM DEBÊNTURES DE INFRAESTRUTURA RENDA FIXA CRÉDITO PRIVADO RESP LIMITADA,IAM,2025-12-01,8,202603,2026-08-04,132370389,130850432,130850432,0.1479,19356574,19335451,19311574,0.67,0.67,0.67,68313216,68334338,68358216,1,0,0
58443366000115,AUGME BB FUNDO INCENTIVADO DE INVESTIMENTO FINANCEIRO EM INFRAESTRUTURA RENDA FIXA,Augme,2025-01-01,19,202603,2026-08-04,369253197,465292994,369253197,0.672,248123395,247076880,244821342,0.67,0.85,0.85,0,66788338,69043875,1,0,0
32666434000111,PONTE DE PEDRA 3 FIF INVESTIMENTO EM INFRA CI EM INFRAESTRUTURA RENDA FIXA RESPONSABILIDADE LIMITADA,Safra Asset,2024-04-01,28,202603,2026-08-04,447502018,441600744,441600744,0.7099,313488555,310095978,309846991,0.85,0.85,0.85,61872077,65264654,65513641,0,0,0
61835389000180,ITAÚ PVT DEBÊNTURES INCENTIVADAS IMA-B II FIF INCENTIVADO EM INFRA RF CRED PRIV LP RESP LIMITADA,IAM,2025-08-01,12,202603,2026-08-04,378946221,369945763,369945763,0.4948,183055234,182643276,181845799,0.67,0.67,0.85,64808427,65220386,132608100,1,0,0
54426679000104,SPARTA RENDA FI FINANCEIRO INCENTIVADO EM INFRAESTRUTURA RENDA FIXA RESPONSABILIDADE LIMITADA,Sparta,2024-04-01,28,202603,2026-08-04,204612744,211380418,204612744,0.5464,111806866,109182982,102530669,0.85,0.85,0.85,62113967,64737850,71390164,1,0,0
54773359000120,SPARTA INFRA MASTER VI FUNDO INCENTIVADO DE INVESTIMENTO EM INFRAESTRUTURA RENDA FIXA,Sparta,2024-05-01,27,202603,2026-08-04,976743797,974320114,974320114,0.7897,769406366,763678626,750311110,0.85,0.85,0.85,58765731,64493471,77860987,0,0,0
64089192000137,TOP DEBÊNTURES 2025 FI INCENTIVADO EM DEBÊNTURES DE INFRA FIF RENDA FIXA CRED PRIV RESP LIMITADA,IAM,2026-01-01,7,202603,2026-08-04,106606317,104620792,104620792,0.0575,6020630,6005344,5990679,0.67,0.67,0.67,64075300,64090587,64105252,0,0,0
62935493000109,LEGACY CAPITAL PRÉ TARGET 2029 FIF FI INCENTIVADO EM DEBÊNTURES DE INFRAESTRUTURA RF RESP LIMITADA,Legacy,2025-10-01,10,202603,2026-08-04,205334598,200558934,200558934,0.3654,73274569,71561928,70848865,0.67,0.67,0.67,61099916,62812557,63525621,1,0,0
63729525000182,CAPITÂNIA INFRA ADVISORY SENIOR II FUNDO INCENTIVADO DE INVESTIMENTO FINANCEIRO EM INFRA RENDA FIXA,Capitânia,2025-12-01,8,202603,2026-08-04,115566441,127560062,115566441,0.133,15373754,14635947,14133494,0.67,0.67,0.67,62055761,62793568,63296022,0,0,0
65344961000169,HERITAGE LINE IPCA FUNDO DE INVESTIMENTO FINANCEIRO RENDA FIXA INVESTIMENTO EM INFRA CP RESP LIMIT,Heritage,2026-04-01,4,202603,2026-08-04,94230681,90154051,90154051,0,0,0,0,0,0.67,0.67,0,60403214,60403214,0,0,1
56105999000198,VINCI CRÉDITO INFRA II MASTER FUNDO INCENTIVADO DE INVESTIMENTO EM INFRAESTRUTURA RENDA FIXA,Vinci,2024-07-01,25,202603,2026-08-04,337973819,332909962,332909962,0.6821,227087603,222731696,217502313,0.85,0.85,0.85,55885864,60241771,65471155,0,0,0
49843141000165,SAFRA INFRA SELECTION II FIF INV EM INFRAESTRUTURA CI EM INFRA RENDA FIXA RESP LIMITADA,Safra Asset,2023-03-01,41,202603,2026-08-04,178395180,187919454,178395180,0.6053,107988771,94262126,76767477,0.85,0.85,0.85,43647131,57373776,74868426,1,0,0
44315864000178,BRAM DEBÊNTURES INCENT INFLAÇÃO INFRA FIF - CI INCENT DE INV EM INFRA RF LP - RESP LIMITADA,BRAM,2023-01-01,43,202603,2026-08-04,1547542695,1566136450,1547542695,0.8193,1267902052,1258282278,1249430367,0.85,0.85,0.85,47509239,57129013,65980924,1,0,0
63912056000132,HORIZON DEBENTURES INCENTIVADAS FUNDO INCENTIVADO DE INVESTIMENTO FINANCEIRO EM INFRA RENDA FIXA,Track,2025-12-01,8,202603,2026-08-04,121008262,111846934,111846934,0.1791,20030619,19576692,17860703,0.67,0.67,0.67,54906827,55360754,57076742,0,0,0
58289474000185,SULAMÉRICA INFRA CDI FIF EM DEBÊNTURES INCENTIVADAS RENDA FIXA RESPONSABILIDADE LIMITADA,Sulamérica,2025-10-01,10,202603,2026-08-04,101591287,99682165,99682165,0.1187,11836089,11836089,11836089,0.67,0.67,0.67,54950961,54950961,54950961,0,0,0
63761168000130,SANTANDER PB PORTO MADERO III INVESTIMENTO EM INFRA RF - FIF RESP LIMITADA,San WM,2026-03-01,5,202603,2026-08-04,120220922,116419397,116419397,0.1999,23275975,23170435,23077959,0,0.67,0.67,0,54830560,54923036,1,0,0
59245392000100,ITAÚ S DEBÊNTURES INCENTIVADAS CDI FIF INCENTIVADO EM INFRA RENDA FIXA CRÉDITO PRIVADO RESP LIMITADA,IAM,2025-02-01,18,202603,2026-08-04,906547919,950551173,906547919,0.7923,718262051,715971546,712685712,0.67,0.85,0.85,0,54594185,57880018,1,0,0
37368078000173,ARX ELBRUS PRO MASTER FUNDO INCENTIVADO DE INVESTIMENTO FINANCEIRO EM INFRA RENDA FIXA - RESP LTDA,ARX,2023-01-01,43,202603,2026-08-04,268785744,279716409,268785744,0.6566,176497005,174452303,171984455,0.85,0.85,0.85,51970877,54015580,56483427,1,0,0
62233915000102,RESERV FIF FUNDO INCENTIVADO EM INVESTIMENTO EM DEBÊNTURES DE INFRA RF CRED PRIV RESP LIMITADA,IAM,2025-10-01,10,202603,2026-08-04,111880387,108492383,108492383,0.1857,20141843,20090117,20024984,0.67,0.67,0.67,52548054,52599779,52664913,0,0,0
57285625000164,TOP 1825 FIF - FUNDO INCENTIVADO EM INVESTIMENTO EM DEB DE INFRA RENDA FIXA CRED PRIV RESP LIMITADA,IAM,2024-10-01,22,202603,2026-08-04,348487524,345613834,345613834,0.7023,242740814,241622397,239856541,0.67,0.85,0.85,0,52149362,53915217,1,0,0
57629609000141,KINEA PMFO FIF FUNDO INCENTIVADO EM INVESTIMENTO EM DEB DE INFRA RENDA FIXA CRED PRIV RESP LIMITADA,Kinea,2024-12-01,20,202603,2026-08-04,219480512,205490110,205490110,0.6187,127131359,124866014,122687423,0.67,0.85,0.85,10547015,49800580,51979171,0,0,0
63848566000198,MAMPITUBA FUNDO INCENTIVADO DE INVESTIMENTO FINANCEIRO EM INFRAESTRUTURA RENDA FIXA,BTG WM,2025-12-01,8,202603,2026-08-04,154327164,153343890,153343890,0.3539,54268668,54134325,53875323,0.67,0.67,0.67,48471738,48606081,48865084,0,0,0
58287952000118,ITAÚ GCA DEBÊNTURES INCENTIVADAS IMAB FIF INCENTIVADO EM INFRA RF CRÉD PRIV LP RESP LIMITADA,IAM,2025-03-01,17,202603,2026-08-04,355966200,295354221,295354221,0.5102,150680311,150447569,149920287,0.67,0.67,0.85,47207017,47439759,101130801,1,0,0
58653503000146,OMEGA II FUNDO INCENTIVADO DE INVESTIMENTO FINANCEIRO EM INFRAESTRUTURA RENDA FIXA,BTG WM,2025-01-01,19,202603,2026-08-04,225930819,219465003,219465003,0.6638,145681936,140042044,132210375,0.67,0.85,0.85,1359616,46503209,54334878,0,0,0
64723744000117,SPARTA MAR MASTER FUNDO INCENTIVADO DE INVESTIMENTO FINANCEIRO EM INFRAESTRUTURA RENDA FIXA,Sparta,2026-03-01,5,202603,2026-08-04,110228844,104086740,104086740,0.2246,23376524,23319157,23102517,0,0.67,0.67,0,46418959,46635599,0,0,0
54422882000102,BH FUNDO INCENTIVADO DE INVESTIMENTO EM INFRA RENDA FIXA - CRÉDITO PRIVADO RESPONSABILIDADE LIMITADA,AF Invest,2024-06-01,26,202603,2026-08-04,230884887,225201978,225201978,0.6519,146803363,145802875,143652818,0.85,0.85,0.85,44618319,45618807,47768864,0,0,0
57300689000197,PWM CHALLENGER FIF FUNDO INCENTIVADO EM INVESTIMENTO EM DEB DE INFRA RF CRED PRIV RESP LIMITADA,Perfin,2024-10-01,22,202603,2026-08-04,318775565,314766700,314766700,0.7217,227174631,222714532,216788866,0.67,0.85,0.85,0,44837163,50762829,1,0,0
61954776000135,STEN DEBÊNTURES INCENTIVADAS FUNDO INCENTIVADO DE INVESTIMENTO FINANCEIRO EM INFRA RENDA FIXA,Sten,2025-09-01,11,202603,2026-08-04,158423431,104684501,104684501,0.2576,26966759,26290756,22222920,0.67,0.67,0.67,43171857,43847860,47915696,1,0,0
54618143000190,UBS EVOLUTION CANGURU FUNDO DE INVESTIMENTO EM INFRAESTRUTURA  RENDA FIXA CRED PRIV RESP LIMITADA,UBS,2024-08-01,24,202603,2026-08-04,153387869,141998555,141998555,0.5467,77636420,77438868,77254670,0.85,0.85,0.85,43062351,43259904,43444101,1,0,0
54546664000180,CAPITÂNIA INFRA MASTER VI FUNDO INCENTIVADO DE INVESTIMENTO EM INFRAESTRUTURA RENDA FIXA,Capitânia,2024-05-01,27,202603,2026-08-04,731612646,733365616,731612646,0.8139,595473188,578935271,564005654,0.85,0.85,0.85,26397560,42935478,57865095,1,0,0
50198930000170,BURITI FUNDO DE INVESTIMENTO FINANCEIRO MULTIMERCADO CRÉDITO PRIVADO - RESPONSABILIDADE LIMITADA,BB Asset,2023-04-01,40,202603,2026-08-04,273840744,269230798,269230798,0.6997,188381733,185961366,178869155,0.85,0.85,0.85,40464445,42884813,49977023,0,0,0
62624041000106,AB INFRA FIF FI INCENTIVADO EM DEBÊNTURES DE INFRA RF CRED PRIV RESP LIMITADA,IAM,2026-05-01,3,202603,2026-08-04,62036819,60864507,60864507,0,0,0,0,0,0.67,0.67,0,40779220,40779220,0,0,1
62270059000157,FOUR M FIF FI INCENTIVADO EM DEBÊNTURES DE INFRA RENDA FIXA CRÉDITO PRIVADO RESP LIMITADA,IAM,2025-12-01,8,202603,2026-08-04,87421049,85403378,85403378,0.1947,16629017,16614436,16597068,0.67,0.67,0.67,40591246,40605827,40623195,1,0,0
39723106000159,SPARTA INFLAÇÃO MASTER FUNDO INCENTIVADO DE INVEST FINANCEIRO EM INFRA RENDA FIXA - RESP LTDA,Sparta,2023-01-01,43,202603,2026-08-04,1547491469,1584522658,1547491469,0.8538,1321255895,1275800757,1211054839,0.85,0.85,0.85,0,39566991,104312910,1,0,0
52963364000170,UBS EVOLUTION GM2 FUNDO DE INVESTIMENTO EM INFRAESTRUTURA - RENDA FIXA CRÉDITO PRIVADO RESP LIMITADA,UBS,2024-12-01,20,202603,2026-08-04,227349647,220406419,220406419,0.6834,150628462,149044898,147730506,0.67,0.85,0.85,0,38300558,39614950,1,0,0
62438200000188,BTG PACTUAL CRÉDITO CORPORATIVO PLUS INCENTIVADO CDI FI DE INVESTIMENTO FINANCEIRO EM INFRA RF,BTG Asset,2025-08-01,12,202603,2026-08-04,262222647,247762296,247762296,0.5199,128810246,128472937,127746288,0.67,0.67,0.85,37190492,37527802,82851663,1,0,0
56067569000129,KILAUEA FUNDO INCENTIVADO DE INVESTIMENTO EM INFRAESTRUTURA RENDA FIXA,BTG WM,2024-08-01,24,202603,2026-08-04,338596921,336170960,336170960,0.743,249758727,248522588,246280158,0.85,0.85,0.85,35986589,37222728,39465157,0,0,0
56022951000116,PININGA FIF - FUNDO INCENTIVADO EM INVESTIMENTO EM DEB DE INFRAESTRUTURA RF CRED PRIV RESP LIMITADA,IAM,2024-08-01,24,202603,2026-08-04,181599179,178686933,178686933,0.6545,116943534,114785416,105317922,0.85,0.85,0.85,34940358,37098477,46565971,1,0,0
63917614000152,SANTANDER PB ATN INVESTIMENTO EM INFRAESTRUTURA RENDA FIXA - FIF RESP LIMITADA,San WM,2025-12-01,8,202603,2026-08-04,104530785,109396145,104530785,0.3182,33265721,33194345,33146685,0.67,0.67,0.67,36769904,36841280,36888940,1,0,0
63025366000135,MUTON INFLAÇÃO FIF FUNDO INCENTIVADO EM INVESTIMENTO EM DEB DE INFRA RF CRED PRIV RESP LIMITADA,IAM,2025-12-01,8,202603,2026-08-04,101417035,65941237,65941237,0.1129,7445694,7436869,7427701,0.67,0.67,0.67,36734935,36743760,36752927,1,0,0
58586883000143,ARX ELBRUS III MASTER FIF RENDA FIXA INVESTIMENTO EM INFRAESTRUTURA RESPONSABILIDADE LIMITADA,ARX,2025-01-01,19,202603,2026-08-04,217279674,232865617,217279674,0.6888,149665547,148558010,147399372,0.67,0.85,0.85,0,36129713,37288350,1,0,0
56706457000170,SOCJOV IV DEBENTURES INCENTIVADAS FUNDO INCENTIVADO DE INVESTIMENTO EM INFRA RF CP - RESP LIMIT,Daycoval,2024-10-01,22,202603,2026-08-04,127215591,130010001,127215591,0.5753,73189848,72234723,71044105,0.67,0.85,0.85,12044597,35898529,37089147,0,0,0
63950469000101,CERBERUS FUNDO INCENTIVADO DE INVESTIMENTO FINANCEIRO EM INFRAESTRUTURA RENDA FIXA,Absolute,2026-02-01,6,202603,2026-08-04,167910322,219013924,167910322,0.462,77573573,77573573,77573573,0.67,0.67,0.67,34926343,34926343,34926343,0,0,0
64739277000113,ARANDU RPPBTG FUNDO DE DEBENTURES INCENTIVADAS FI DE INVESTIMENTO FINANCEIRO EM INFRA RENDA FIXA,BTG WM,2026-02-01,6,202603,2026-08-04,62773366,61316670,61316670,0.1143,7006792,7006792,7006792,0.67,0.67,0.67,34075377,34075377,34075377,0,0,0
59591104000160,ITAÚ DEBÊNTURES INCENTIVADAS PRÉ TARGET 2029 FIF INCENTIVADO INFRA RENDA FIXA CP RESP LIMITADA,IAM,2025-02-01,18,202603,2026-08-04,222045195,216358528,216358528,0.6951,150393818,149869166,148988533,0.67,0.85,0.85,0,34035582,34916216,1,0,0
62806621000114,SANTANDER PB SHAKTI INVESTIMENTO EM INFRA RENDA FIXA - FIF RESP LIMITADA,San WM,2025-10-01,10,202603,2026-08-04,86463644,72181381,72181381,0.2059,14858744,14819759,14780774,0.67,0.67,0.67,33502782,33541767,33580752,1,0,0
56431500000132,RECANTO FIF FUNDO INCENTIVADO EM INVESTIMENTO EM DEB DE INFRA RF CRÉD PRIV RESP LIMITADA,IAM,2024-11-01,21,202603,2026-08-04,179508269,177840142,177840142,0.6652,118294153,117789523,117119192,0.67,0.85,0.85,858741,33374597,34044929,1,0,0
58111935000125,ICATU VANGUARDA CAP FIF - CI RENDA FIXA INCENTIVADA DE INVESTIMENTO EM INFRAESTRUTURA RESP LIMITADA,Icatu,2024-12-01,20,202603,2026-08-04,240035657,235121492,235121492,0.7172,168620305,166592756,164183753,0.67,0.85,0.85,0,33260512,35669515,1,0,0
58311520000103,VINCI FIF CLASSE DE INVESTIMENTO RF CRED PRIV INVESTIMENTO EM INFRA - RESPONSABILIDADE LIMITADA,Vinci,2025-01-01,19,202603,2026-08-04,397678416,493991294,397678416,0.7784,309542690,305012907,300056330,0.67,0.85,0.85,0,33013747,37970324,0,0,0
54465283000176,NOVUS MASTER FUNDO INCENTIVADO DE INVESTIMENTO EM INFRAESTRUTURA RENDA FIXA,Novus,2024-09-01,23,202603,2026-08-04,166228821,197607029,166228821,0.6578,109339616,109104299,107344171,0.67,0.85,0.85,2033694,32190199,33950327,0,0,0
58277022000183,ITAÚ DEBÊNTURES INCENTIVADAS IMA B 5 MIX FIF INCENTIVADO EM INFRA RF CRÉD PRIV RESP LIMITADA,IAM,2025-01-01,19,202603,2026-08-04,116542213,117141351,116542213,0.5792,67495432,67299722,67048761,0.67,0.85,0.85,10587851,31761159,32012121,1,0,0
66633063000193,SANTANDER PB R&M INVESTIMENTO EM INFRA RENDA FIXA - FIF RESP LIMITADA,San WM,2026-06-01,2,202603,2026-08-04,47776598,47193000,47193000,0,0,0,0,0,0.67,0.67,0,31619310,31619310,0,0,1
58075015000107,SCHOELER FIF - FUNDO INCENTIVADO EM INVESTIMENTO EM DEBÊNTURES DE INFRA RF CRÉD PRIV RESP LIMITADA,IAM,2024-12-01,20,202603,2026-08-04,163092902,158981169,158981169,0.6593,104811914,104041708,103128008,0.67,0.85,0.85,1705469,31092285,32005985,1,0,0
55348313000127,ICATU VANGUARDA PVT FIF - CLASSE DE INVESTIMENTO INCENTIVADO EM INFRA RF - RESP LIMITADA,Icatu,2024-07-01,25,202603,2026-08-04,188190202,219354160,188190202,0.6942,130643200,129288394,127795437,0.85,0.85,0.85,29318472,30673278,32166235,1,0,0
62049166000150,K2 INFRA FUNDO INCENTIVADO DE INVESTIMENTO FINANCEIRO EM INFRAESTRUTURA RENDA FIXA,BTG WM,2025-10-01,10,202603,2026-08-04,162848557,177879362,162848557,0.4877,79417518,78573655,77486388,0.67,0.67,0.67,29691015,30534878,31622145,0,0,0
57134507000155,ARX INFRA RENDA CDI FI INCENTIVADO DE INFRAESTRUTURA RENDA FIXA CRÉDITO PRIVADO RESP LIMITADA,ARX,2024-10-01,22,202603,2026-08-04,269636759,307961130,269636759,0.7423,200148005,198777314,197191838,0.67,0.85,0.85,0,30413931,31999408,1,0,0
60868496000141,GPBK FUNDO DE INVESTIMENTO EM INFRAESTRUTURA RENDA FIXA,XPG,2025-11-01,9,202603,2026-08-04,93198668,91704425,91704425,0.3422,31383563,31383563,31383563,0.67,0.67,0.67,30058401,30058401,30058401,0,0,0
65847230000136,AMOR 12 FUNDO DE INV FINANCEIRO INV EM INFRAESTRUTURA CI EM INFRA RENDA FIXA RESP LIMITADA,Safra Asset,2026-04-01,4,202603,2026-08-04,45342135,44549241,44549241,0,0,0,0,0,0.67,0.67,0,29847991,29847991,0,0,1
55144371000139,ICATU VANGUARDA TFO CDI FIF - CLASSE DE INVESTIMENTO INCENTIVADO EM INFRA RF - RESP LIMITADA,Icatu,2024-11-01,21,202603,2026-08-04,138040768,118977410,118977410,0.6056,72056225,71295481,70384491,0.67,0.85,0.85,7658640,29835317,30746307,1,0,0
55685435000109,ROOT CAPITAL IPÊ FUNDO INCENTIVADO DE INVESTIMENTO EM INFRA RENDA FIXA RESPONSABILIDADE LIMITADA,Root,2024-07-01,25,202603,2026-08-04,202465348,197562796,197562796,0.699,138106040,138101947,138063387,0.85,0.85,0.85,29822337,29826430,29864990,0,0,0
64203998000104,JMC FUNDO INCENTIVADO DE INVESTIMENTO FINANCEIRO EM INFRAESTRUTURA RENDA FIXA,BTG WM,2026-01-01,7,202603,2026-08-04,70134191,68919628,68919628,0.2464,16978618,16918308,16819944,0.67,0.67,0.67,29197533,29257843,29356206,0,0,0
62409302000175,JGV FIF FUNDO INCENTIVADO EM INVESTIMENTO EM DEBÊNTURES DE INFRA RF CRED PRIV RESP LIMITADA,IAM,2025-11-01,9,202603,2026-08-04,54805013,53052266,53052266,0.1208,6409374,6400266,6389314,0.67,0.67,0.67,29135645,29144752,29155704,1,0,0
64071100000191,CAPITÂNIA INFRA CDI MASTER FUNDO DE INVESTIMENTO EM INFRAESTRUTURA RENDA FIXA - CRÉDITO PRIVADO,Capitânia,2026-01-01,7,202603,2026-08-04,54651140,53139121,53139121,0.1383,7351686,7042694,6801975,0.67,0.67,0.67,28251525,28560517,28801237,1,0,0
55117996000101,TFO ITAÚ DEB INCENTIVADAS CDI V FIF INCENTIVADO EM INFRA RF CRÉD PRIV - RESP LIMITADA,IAM,2024-07-01,25,202603,2026-08-04,148324859,129234550,129234550,0.638,82456329,81992848,81418697,0.85,0.85,0.85,27393038,27856519,28430670,1,0,0
64113390000199,SANTANDER PB ERB INVESTIMENTO EM INFRAESTRUTURA RENDA FIXA - FIF RESP LIMITADA,San WM,2026-02-01,6,202603,2026-08-04,90160871,88715165,88715165,0.3613,32049384,31969282,31899320,0.67,0.67,0.67,27389777,27469879,27539840,1,0,0
64094799000105,SANTANDER PB RANCHEIRO INVESTIMENTO EM INFRAESTRUTURA RENDA FIXA - FIF RESP LIMITADA,San WM,2026-02-01,6,202603,2026-08-04,61485392,61917217,61485392,0.2253,13850961,13809524,13774991,0.67,0.67,0.67,27344252,27385689,27420222,1,0,0
55751489000125,BB TOP RENDA FIXA DEBÊNTURES INCENTIVADAS CDI I FIF EM INFRAESTRUTURA RESPONSABILIDADE LIMITADA,BB Asset,2024-09-01,23,202603,2026-08-04,1361433783,1331218030,1331218030,0.8322,1107891627,1104444091,1100537549,0.67,0.85,0.85,0,27091235,30997777,0,0,0
61881131000110,ICATU VANGUARDA LONG DURATION INCENTIVADO DE INVESTIMENTO EM INFRA FIF CI RF LP - RESP LIMITADA,Icatu,2025-08-01,12,202603,2026-08-04,142905193,167040821,142905193,0.4909,70151179,69209040,68060646,0.67,0.67,0.85,25595300,26537440,53408768,1,0,0
62967494000135,FAMÍLIA RORATO PLUS FIF FI INCENTIVADO EM DEBÊNTURES DE INFRA RENDA FIXA CRED PRIV RESP LIMITADA,IAM,2026-01-01,7,202603,2026-08-04,44552512,43172876,43172876,0.0576,2486925,2480593,2474518,0.67,0.67,0.67,26438901,26445234,26451308,0,0,0
52962653000155,CS EVOLUTION JMP EXCLUSIVO INFRA FUNDO DE INVESTIMENTO EM INFRAESTRUTURA - RENDA FIXA CP RESP LTDA,UBS,2024-09-01,23,202603,2026-08-04,168301654,162991257,162991257,0.6956,113374867,112107331,110580147,0.67,0.85,0.85,0,26435238,27962421,1,0,0
63548472000101,CLOSED FIF - CLASSE DE INVESTIMENTO RENDA FIXA INCENTIVADO DE INVESTIMENTO EM INFRAESTRUTURA,BRAM,2026-01-01,7,202603,2026-08-04,60623876,60653869,60623876,0.2346,14221322,14195100,14123349,0.67,0.67,0.67,26396675,26422897,26494648,1,0,0
63858779000109,ABSOLUTE HIDRA PRÉ MASTER FUNDO INCENTIVADO DE INVESTIMENTO FINANCEIRO EM INFRAESTRUTURA RENDA FIXA,Absolute,2025-12-01,8,202603,2026-08-04,42536132,43582390,42536132,0.0529,2251276,2251276,2251276,0.67,0.67,0.67,26247932,26247932,26247932,0,0,0
63740800000169,SANTANDER PB TELDAR INVESTIMENTO EM INFRAESTRUTURA RENDA FIXA - FIF RESP LIMITADA,San WM,2025-12-01,8,202603,2026-08-04,72528441,70220469,70220469,0.3007,21114113,21050060,20993845,0.67,0.67,0.67,25933602,25997655,26053870,1,0,0
40963311000170,NU INFRA FUNDO INCENTIVADO DE INVESTIMENTO FINANCEIRO EM INFRAESTRUTURA RENDA FIXA MASTER I,Nu Asset,2023-01-01,43,202603,2026-08-04,105034557,95292967,95292967,0.5789,55165799,55063421,54819388,0.85,0.85,0.85,25833222,25935601,26179634,0,0,0
62407174000120,PGA FIF FUNDO INCENTIVADO EM INVESTIMENTO EM DEB DE INFRA RF CRED PRIV RESP LIMITADA,IAM,2025-12-01,8,202603,2026-08-04,51408438,67746488,51408438,0.1696,8721362,8708908,8693984,0.67,0.67,0.67,25722291,25734745,25749670,1,0,0
56544536000122,UNIVERSO FIF - FUNDO INCENTIVADO EM INVESTIMENTO EM DEBÊNTURES DE INFRA RF CRED PRIV RESP LIMITADA,IAM,2024-09-01,23,202603,2026-08-04,128138430,125590631,125590631,0.6644,83441833,81101118,76458713,0.67,0.85,0.85,703889,25650918,30293324,1,0,0
54853793000110,FIF CI RENDA FIXA INCENTIVADO DE INVESTIMENTO EM INFRAESTRUTURA TIVIO ESPLANADA RESP LIMITADA,Tivio,2024-10-01,22,202603,2026-08-04,135067606,133072038,133072038,0.6653,88536880,87487911,83093919,0.67,0.85,0.85,621385,25623322,30017313,0,0,0
55912709000155,FIF - CLASSE DE INVESTIMENTO RENDA FIXA INCENTIVADO DE INVESTIMENTO EM INFRAESTRUTURA MATURI,BRAM,2024-08-01,24,202603,2026-08-04,204226000,202680604,202680604,0.7244,146818541,146728481,145961418,0.85,0.85,0.85,25459973,25550033,26317095,0,0,0
61798592000123,BRADESCO PERSPECTIVA JUROS REAIS FIF - CI RF INCENTIVADO DE INVESTIMENTO EM INFRA LP - RESP LIMITADA,BRAM,2025-08-01,12,202603,2026-08-04,223367133,229113456,223367133,0.5593,124925347,124424095,123593613,0.67,0.67,0.85,24730632,25231884,66268450,0,0,0
62834589000180,ITAÚ GCA DEB INCENTIVADAS PRÉ IDKA 3A FIIF EM INFRA RENDA FIXA LONGO PRAZO CRED PRIV RESP LIMITADA,IAM,2025-10-01,10,202603,2026-08-04,67962634,55516011,55516011,0.2211,12272133,12246557,12211411,0.67,0.67,0.67,24923594,24949171,24984316,0,0,0
55550657000114,CASSOLA INFRA KINEA FIF FUNDO INCENTIVADO EM INVESTIMENTO EM DEB DE INFRA RF CRÉD PRIV RESP LIMITADA,Kinea,2024-07-01,25,202603,2026-08-04,159458243,158862346,158862346,0.7053,112052386,110426026,108823293,0.85,0.85,0.85,22980609,24606968,26209701,0,0,0
62869550000107,SEVEN INCENTIVADO FIF RENDA FIXA INVESTIMENTO EM INFRAESTRUTURA - RESPONSABILIDADE LIMITADA,SVN,2025-09-01,11,202603,2026-08-04,259962766,314430879,259962766,0.5773,150069076,149913634,149644169,0.67,0.67,0.67,24105977,24261419,24530884,1,0,0
48766978000195,CASSOLA 3 FIF INV EM INFRAESTRUTURA CLASSE DE INV RENDA FIXA EM INFRAESTRUTURA RESP LIMITADA,Safra Asset,2024-07-01,25,202603,2026-08-04,206296484,200934182,200934182,0.733,147285989,146534239,143364066,0.85,0.85,0.85,23508066,24259816,27429989,0,0,0
63893287000146,SANTANDER PB VAF INVESTIMENTO EM INFRA RENDA FIXA - FIF RESP LIMITADA,San WM,2026-01-01,7,202603,2026-08-04,49872818,40422817,40422817,0.071,2869287,2866267,2863247,0.67,0.67,0.67,24214001,24217020,24220040,1,0,0
57280277000132,CS EVOLUTION ALVORADA DEB INFRA FUNDO DE INVESTIMENTO EM INFRAESTRUTURA - RF CRED PRIV RESP LIMITADA,UBS,2024-12-01,20,202603,2026-08-04,161158568,156218735,156218735,0.6983,109084758,108670923,108065725,0.67,0.85,0.85,0,24115002,24720200,1,0,0
57264092000134,YNJ FUNDO INCENTIVADO DE INVESTIMENTO FINANCEIRO EM INFRAESTRUTURA RENDA FIXA,BTG WM,2024-09-01,23,202603,2026-08-04,178847583,175821443,175821443,0.717,126067711,125466057,124252423,0.67,0.85,0.85,0,23982170,25195804,0,0,0
62572931000111,SANTANA FUNDO INCENTIVADO DE INVESTIMENTO FINANCEIRO EM INFRAESTRUTURA RENDA FIXA,BTG WM,2025-11-01,9,202603,2026-08-04,83783090,82855123,82855123,0.3839,31809263,31725225,31540666,0.67,0.67,0.67,23703669,23787708,23972267,0,0,0
53906748000114,PSO 2 FUNDO INCENTIVADO DE INVESTIMENTO EM INFRAESTRUTURA RENDA FIXA,BTG WM,2024-04-01,28,202603,2026-08-04,149554549,38172875,38172875,0.2325,8874999,8670875,8431593,0.85,0.85,0.85,23571945,23776068,24015351,1,0,0
61973575000185,VINLAND FIF FI INCENTIVADO EM DEBÊNTURES DE INFRA IPCA IMAB RF CRED PRIV LONGO PRAZO RESP LIMITADA,Vinland,2025-08-01,12,202603,2026-08-04,98378791,102147063,98378791,0.4374,43027539,42187923,41316517,0.67,0.67,0.85,22886251,23725866,42305455,0,0,0
63914463000189,SANTANDER PB ISADORA INVESTIMENTO EM INFRA RF - FIF RESP LIMITADA,San WM,2026-04-01,4,202603,2026-08-04,38149215,35033835,35033835,0,0,0,0,0,0.67,0.67,0,23472669,23472669,0,0,1
63704841000108,LEGACY CAPITAL PRÉ TARGET II 2029 FIF FI INCENTIVADO EM DEBÊNTURES DE INFRA RENDA FIXA RESP LIMITADA,Legacy,2025-12-01,8,202603,2026-08-04,72521093,70691594,70691594,0.3442,24330701,23959609,23753307,0.67,0.67,0.67,23032666,23403759,23610061,1,0,0
58191678000189,ITAÚ DEBÊNTURES INCENTIVADAS CDI PVT MIX FIF INCENTIVADO EM INFRA RF CRÉD PRIV RESP LIMITADA,IAM,2025-02-01,18,202603,2026-08-04,156766650,150800939,150800939,0.6982,105288440,104957403,104532502,0.67,0.85,0.85,0,23223395,23648296,1,0,0
58193485000167,ITAÚ DEBÊNTURES INCENTIVADAS IMA B 5 PVT MIX FIF INCENTIVADO EM INFRA RF CRÉD PRIV RESP LIMITADA,IAM,2025-04-01,16,202603,2026-08-04,54626313,42439810,42439810,0.1239,5259554,5245593,5214716,0.67,0.67,0.85,23175118,23189080,30859123,0,0,0
62233496000109,NEWERA FIF FUNDO INCENTIVADO EM INVESTIMENTO EM DEB DE INFRA RENDA FIXA CRED PRIV RESP LIMITADA,IAM,2026-02-01,6,202603,2026-08-04,41467132,39223339,39223339,0.0801,3141103,3135512,3130148,0.67,0.67,0.67,23138534,23144125,23149489,0,0,0
64185185000139,SPARTA VP HEDGE FUNDO INCENTIVADO DE INVESTIMENTO FINANCEIRO EM INFRAESTRUTURA RENDA FIXA,Sparta,2026-01-01,7,202603,2026-08-04,57435453,50797838,50797838,0.2228,11319268,11009652,9992878,0.67,0.67,0.67,22715283,23024899,24041674,0,0,0
63051354000185,ITAÚ CONSULT DEBÊNTURES INCENTIVADAS PRÉ TARGET 2030 SHIFT FIIF EM INFRA RF CRED PRIV RESP LIMITADA,IAM,2025-10-01,10,202603,2026-08-04,94048948,91910260,91910260,0.4214,38730510,38651618,38546683,0.67,0.67,0.67,22849364,22928256,23033191,1,0,0
55708971000182,APUANE FIF - FUNDO INCENTIVADO EM INVESTIMENTO EM DEBÊNTURES DE INFRA RF CRÉD PRIV RESP LIMITADA,IAM,2024-07-01,25,202603,2026-08-04,190986249,187009222,187009222,0.7317,136825807,136125848,135156984,0.85,0.85,0.85,22132032,22831991,23800855,1,0,0
55109850000114,SKIATHOS II FIF FUNDO INCENTIVADO EM INVESTIMENTO EM DEBÊNTURES DE INFRA RF CRÉD PRIV RESP LIMITADA,IAM,2024-06-01,26,202603,2026-08-04,86912701,70088098,70088098,0.5364,37597886,37449774,37301053,0.85,0.85,0.85,21976997,22125110,22273830,0,0,0
63023574000103,KJL INFLAÇÃO FIF FUNDO INCENTIVADO EM INVESTIMENTO EM DEB DE INFRA RF CRED PRIV RESP LIMITADA,IAM,2025-12-01,8,202603,2026-08-04,67017449,40296115,40296115,0.1269,5113174,5108004,5102090,0.67,0.67,0.67,21885223,21890394,21896308,1,0,0
56033991000163,LEROY KINEA FIF FUNDO INCENTIVADO EM INVESTIMENTO EM DEB DE INFRA RF CRED PRIV RESP LIMITADA,Kinea,2024-07-01,25,202603,2026-08-04,261392496,260892514,260892514,0.7795,203371285,200001719,196848813,0.85,0.85,0.85,18387352,21756917,24909824,0,0,0
57138708000120,MANCHESTER FIF - FUNDO INCENTIVADO EM INVESTIMENTO EM DEB DE INFRA RF CRÉDITO PRIVADO RESP LIMITADA,IAM,2024-09-01,23,202603,2026-08-04,134971376,134132747,134132747,0.6918,92789421,92387049,91751461,0.67,0.85,0.85,0,21625786,22261374,1,0,0
55267271000108,TAURUS FIF INVESTIMENTO EM INFRAESTRUTURA CLASSE DE INV EM INFRAESTRUTURA RENDA FIXA RESP LIMITADA,Safra Asset,2025-11-01,9,202603,2026-08-04,41106776,40594054,40594054,0.1426,5788310,5781531,5758120,0.67,0.67,0.67,21409706,21416485,21439896,0,0,0
65680395000166,BB JHA INFRA RENDA FIXA FUNDO INCENTIVADO DE INVESTIMENTO FINANCEIRO EM INFRAESTRUTURA RESP LIMITADA,BB Asset,2026-04-01,4,202603,2026-08-04,35135572,31792512,31792512,0,0,0,0,0,0.67,0.67,0,21300983,21300983,0,0,1
53452110000150,DASI LEGACY FUNDO INCENTIVADO DE INVESTIMENTO EM INFRAESTRUTURA RENDA FIXA,BTG WM,2024-01-01,31,202603,2026-08-04,200082771,197984750,197984750,0.7533,149150685,146993639,145270473,0.85,0.85,0.85,19136353,21293399,23016565,0,0,0
33768941000129,VISCONDE FIF - CLASSE DE INVESTIMENTO RF INCENTIVADO DE INVESTIMENTO EM INFRA - RESP LIMITADA,BR Partners,2023-01-01,43,202603,2026-08-04,81788714,80472242,80472242,0.5982,48135018,47209370,44332182,0.85,0.85,0.85,20266388,21192036,24069224,0,0,0
62769923000160,TIVIO INSTITUCIONAL INCENTIVADO CDI MASTER FIF - CI RF REF DE INVESTIMENTO EM INFRA - RESP LIMITADA,Tivio,2025-10-01,10,202603,2026-08-04,43239764,41921048,41921048,0.1657,6945372,6945372,6945372,0.67,0.67,0.67,21141730,21141730,21141730,0,0,0
62406976000116,CORUMBAU FIF FI INCENTIVADO EM DEBÊNTURES DE INFRAESTRUTURA RENDA FIXA CRÉDITO PRIVADO RESP LIMITADA,IAM,2025-10-01,10,202603,2026-08-04,59282861,42266552,42266552,0.1725,7289290,7280159,7269642,0.67,0.67,0.67,21029300,21038431,21048948,1,0,0
50038992000114,SPARTA DEB INC ESTRAT FUNDOS INCENTIVADOS DE INVEST FINANCEIRO EM INFRA RENDA FIXA - RESP LIMITADA,Sparta,2023-03-01,41,202603,2026-08-04,439423367,510302142,439423367,0.8253,362658462,352709705,333628932,0.85,0.85,0.85,10851400,20800157,39880930,1,0,0
57190346000117,KJL FIF - FUNDO INCENTIVADO EM INVESTIMENTO EM DEBÊNTURES DE INFRA RF CRED PRIV RESP LIMITADA,IAM,2024-09-01,23,202603,2026-08-04,173219367,179776888,173219367,0.7333,127017528,126438576,125645685,0.67,0.85,0.85,0,20797886,21590777,1,0,0
54643939000101,CS EVOLUTION APPLE II FUNDO DE INVESTIMENTO EM INFRAESTRUTURA - RENDA FIXA CRED PRIV RESP LIMITADA,UBS,2024-07-01,25,202603,2026-08-04,124629883,123287644,123287644,0.6949,85669681,84010221,82015460,0.85,0.85,0.85,19124817,20784277,22779037,1,0,0
58651920000150,SANTANDER PB TERRA INVESTIMENTO EM INFRAESTRUTURA RENDA FIXA - FIF RESP LIMITADA,San WM,2025-01-01,19,202603,2026-08-04,138629059,134221483,134221483,0.6986,93764124,93338924,92998234,0.67,0.85,0.85,0,20749336,21090026,1,0,0
59016052000107,SANTANDER FUNDO INCENTIVADO DE INVESTIMENTO EM INFRA INFLAÇÃO 2 RF CRÉD PRIVADO - FIF RESP LIMITADA,SAM,2025-02-01,18,202603,2026-08-04,373083515,401353537,373083515,0.7963,297068967,296377235,295586918,0.67,0.85,0.85,0,20743753,21534070,1,0,0
57341511000194,DELFO FIF - FUNDO INCENTIVADO EM INVESTIMENTO EM DEB DE INFRA RF CRÉD PRIV RESP LIMITADA,IAM,2025-01-01,19,202603,2026-08-04,50105375,48702470,48702470,0.4302,20952126,20812833,20691261,0.67,0.85,0.85,11678529,20584267,20705838,1,0,0
62625430000156,TREVISO HARBOR FIF FUNDO INCENTIVADO EM INVESTIMENTO EM DEB DE INFRA RF CRÉD PRIV RESP LIMITADA,IAM,2025-11-01,9,202603,2026-08-04,43488781,42901770,42901770,0.1913,8207228,8199869,8191061,0.67,0.67,0.67,20536958,20544317,20553125,1,0,0
63093259000144,SANTANDER PB 331 INVESTIMENTO EM INFRAESTRUTURA RENDA FIXA - FIF RESP LIMITADA,San WM,2026-04-01,4,202603,2026-08-04,33854982,30622528,30622528,0,0,0,0,0,0.67,0.67,0,20517094,20517094,0,0,1
57340494000170,MANDALORE FIF - FUNDO INCENTIVADO EM INVESTIMENTO EM DEB DE INFRA RF CRÉD PRIV RESP LIMITADA,IAM,2025-01-01,19,202603,2026-08-04,49883082,48608513,48608513,0.4328,21035490,20875405,20729394,0.67,0.85,0.85,11532214,20441831,20587842,1,0,0
63032258000190,CHAPLIN FUNDO INCENTIVADO DE INVESTIMENTO FINANCEIRO EM INFRAESTRUTURA RENDA FIXA,BTG WM,2025-10-01,10,202603,2026-08-04,82162637,82405844,82162637,0.4228,34741367,34637955,34234650,0.67,0.67,0.67,20307600,20411011,20814317,0,0,0
58688316000106,FUNDO DE INVESTIMENTO FINANCEIRO - CI RENDA FIXA INCENTIVADO DE INVESTIMENTO EM INFRA MIAMI 3,BRAM,2025-01-01,19,202603,2026-08-04,112765124,108733780,108733780,0.6626,72043064,72013030,71742038,0.67,0.85,0.85,808568,20410683,20681675,0,0,0
54779512000127,BEAU CDI FIF - FUNDO INCENTIVADO EM INVESTIMENTO EM DEB INFRA RF CRED PRIV - RESP LIMITADA,IAM,2024-04-01,28,202603,2026-08-04,166385878,161225280,161225280,0.7279,117349763,116712824,115919825,0.85,0.85,0.85,19691724,20328663,21121663,1,0,0
62250286000110,BOCAINA STB FUNDO INCENTIVADO DE INVEST FINANCEIRO EM INFRAESTRUTURA RENDA FIXA,Bocaina,2025-11-01,9,202603,2026-08-04,73248817,62142362,62142362,0.3442,21390079,21347077,21144398,0.67,0.67,0.67,20245304,20288306,20490985,0,0,0
62232457000189,EVEREST FIF FI INCENTIVADO EM DEBÊNTURES DE INFRAESTRUTURA RENDA FIXA CRÉDITO PRIVADO RESP LIMITADA,IAM,2026-04-01,4,202603,2026-08-04,30283290,30118075,30118075,0,0,0,0,0,0.67,0.67,0,20179110,20179110,0,0,1
64436536000137,BB BSR INFRA RENDA FIXA FUNDO INCENTIVADO DE INVESTIMENTO FINANCEIRO EM INFRAESTRUTURA RESP LIMITADA,BB Asset,2026-03-01,5,202603,2026-08-04,47451266,46399663,46399663,0.2358,10939421,10939421,10939421,0,0.67,0.67,0,20148353,20148353,0,0,0
63761174000197,SANTANDER PB TRUAZA INVESTIMENTO EM INFRAESTRUTURA RENDA FIXA - FIF RESP LIMITADA,San WM,2026-04-01,4,202603,2026-08-04,30142617,29980009,29980009,0,0,0,0,0,0.67,0.67,0,20086606,20086606,0,0,1
62406671000104,ACACIA FIF INCENTIVADO EM INVESTIMENTO EM DEBÊNTURES DE INFRA RENDA FIXA CRED PRIV RESP LIMITADA,IAM,2026-04-01,4,202603,2026-08-04,30028518,29864221,29864221,0,0,0,0,0,0.67,0.67,0,20009028,20009028,0,0,1
63048098000177,SCHUSTER FIF FI INCENTIVADO EM DEBÊNTURES DE INFRAESTRUTURA RENDA FIXA CRÉDITO PRIVADO RESP LIMITADA,IAM,2025-10-01,10,202603,2026-08-04,41785318,40608970,40608970,0.1816,7374039,7352941,7329929,0.67,0.67,0.67,19833971,19855069,19878080,1,0,0
55575472000164,FUNDO DE INVESTIMENTO FINANCEIRO CI RENDA FIXA INCENTIVADO INVESTIMENTO EM INFRAESTRUTURA G5 TANGER,G5,2024-09-01,23,202603,2026-08-04,87059849,82809605,82809605,0.6259,51831598,50779930,49445231,0.67,0.85,0.85,3650838,19608234,20942934,0,0,0
60775750000167,G5 ALLOCATION II FUNDO INCENTIVADO DE INVESTIMENTO FINANCEIRO EM INFRAESTRUTURA RENDA FIXA,G5,2025-05-01,15,202603,2026-08-04,292815529,265722860,265722860,0.6049,160746887,158470687,155124316,0.67,0.67,0.85,17287429,19563629,70740114,1,0,0
55250846000171,PRWIN FIF FUNDO INCENTIVADO EM INVESTIMENTO EM DEB DE INFRAESTRUTURA RF CRÉD PRIV -  RESP LIMITADA,IAM,2024-07-01,25,202603,2026-08-04,43956836,42817828,42817828,0.3968,16990030,16940093,16880057,0.85,0.85,0.85,19405124,19455060,19515096,1,0,0
63404930000120,VINLAND INCENTIVADO A FIF FUNDO INC EM INVESTIMENTO EM DEB DE INFRA RF CRED PRIV LP RESP LIMITADA,Vinland,2025-11-01,9,202603,2026-08-04,52475763,40264725,40264725,0.1918,7721097,7670040,7571870,0.67,0.67,0.67,19256269,19307326,19405496,0,0,0
58891176000160,TAG PRAIA VERMELHA II FIF - CI RF INCENTIVADO DE INVESTIMENTO EM INFRA - RESP LIMITADA,TAG,2025-02-01,18,202603,2026-08-04,62354316,57622398,57622398,0.5245,30225810,29724429,28644325,0.67,0.85,0.85,8381197,19254609,20334713,1,0,0
59313291000110,SEZ FUNDO DE INVESTIMENTO EM INFRAESTRUTURA RENDA FIXA CRÉDITO PRIVADO,XPG,2025-02-01,18,202603,2026-08-04,63101818,54491784,54491784,0.5009,27293630,27094955,26490320,0.67,0.85,0.85,9215865,19223062,19827696,1,0,0
54518783000129,BTG PACTUAL HEDGE II FUNDO INCENTIVADO DE INVESTIMENTO EM INFRAESTRUTURA RENDA FIXA,BTG Asset,2024-04-01,28,202603,2026-08-04,171328510,179386186,171328510,0.7462,127842175,126449876,123757792,0.85,0.85,0.85,17787058,19179358,21871441,1,0,0
41994712000150,ITAÚ DEB INCENTIVADAS FIF INCENTIVADO EM INFRA RF CRÉD PRIV - RESP LIMITADA,IAM,2023-01-01,43,202603,2026-08-04,130925214,133267542,130925214,0.7085,92756417,92326525,91755528,0.85,0.85,0.85,18530015,18959907,19530904,1,0,0
57733994000172,DEL SUR FIF FUNDO INCENTIVADO EM INVESTIMENTO EM DEB DE INFRA RENDA FIXA CRED PRIV RESP LIMITADA,IAM,2026-02-01,6,202603,2026-08-04,31074120,30761216,30761216,0.0621,1909970,1905520,1901252,0.67,0.67,0.67,18700045,18704494,18708763,0,0,0
54760280000165,CPMM FIF - FUNDO INCENTIVADO EM INVESTIMENTO EM DEB INFRA RF CRED PRIV - RESP LIMITADA,IAM,2024-05-01,27,202603,2026-08-04,113796238,110756137,110756137,0.6852,75891533,75476047,74955841,0.85,0.85,0.85,18251183,18666670,19186875,1,0,0
64540699000165,SANTANDER PB GUAIRACA INVESTIMENTO EM INFRAESTRUTURA RENDA FIXA - FIF RESP LIMITADA,San WM,2026-06-01,2,202603,2026-08-04,28012899,27762517,27762517,0,0,0,0,0,0.67,0.67,0,18600886,18600886,0,0,1
34792037000111,ICATU SEGUROS FIF - CI INCENTIVADO DE INVESTIMENTO EM INFRAESTRUTURA RENDA FIXA - RESP LIMITADA,Icatu,2023-01-01,43,202603,2026-08-04,560088780,549195805,549195805,0.8284,454958222,448333720,439318244,0.85,0.85,0.85,11858212,18482714,27498190,1,0,0
64507265000163,SONMA FIF - CLASSE DE INVESTIMENTO RENDA FIXA INCENTIVADO DE INVESTIMENTO EM INFRAESTRUTURA,BRAM,2026-02-01,6,202603,2026-08-04,35235101,34830672,34830672,0.1465,5103702,5103702,5103702,0.67,0.67,0.67,18232848,18232848,18232848,0,0,0
59246759000100,TCC 3 FUNDO DE INVESTIMENTO FINANCEIRO RENDA FIXA INVESTIMENTO EM INFRAESTRUTURA,XPG,2025-02-01,18,202603,2026-08-04,73611274,70973652,70973652,0.5962,42314169,42102328,41417162,0.67,0.85,0.85,5238178,18225277,18910443,0,0,0
55237992000167,EWBANK II FUNDO INCENTIVADO DE INVESTIMENTO EM INFRAESTRUTURA RENDA FIXA - CRÉDITO PRIVADO,BTG WM,2024-10-01,22,202603,2026-08-04,70101616,69559239,69559239,0.5925,41216288,41004710,40815567,0.67,0.85,0.85,5388402,18120644,18309787,0,0,0
66302938000174,SANTANDER PB AURUM INVESTIMENTO EM INFRAESTRUTURA RENDA FIXA - FIF RESP LIMITADA,San WM,2026-06-01,2,202603,2026-08-04,26528894,26231885,26231885,0,0,0,0,0,0.67,0.67,0,17575363,17575363,0,0,1
61692294000154,4UM ICM I INFRAESTRUTURA FUNDO INCENTIVADO DE INVESTIMENTO FINANCEIRO EM INFRAESTRUTURA RENDA FIXA,4UM,2025-07-01,13,202603,2026-08-04,75173608,75095172,75095172,0.4435,33306262,33000388,31793050,0.67,0.67,0.85,17007503,17313377,32037846,1,0,0
53657535000104,MIAMI 2 FIF - FUNDO INCENTIVADO EM INVESTIMENTO EM DEB DE INFRA RF CRÉD PRIV RESP LIMITADA,IAM,2024-02-01,30,202603,2026-08-04,791952042,766626719,766626719,0.8306,636775331,634754935,631468071,0.85,0.85,0.85,14857380,16877776,20164641,1,0,0
62318643000135,ICON 3 FIF FI INCENTIVADO EM DEBÊNTURES DE INFRAESTRUTURA RENDA FIXA CRÉDITO PRIVADO RESP LIMITADA,IAM,2026-03-01,5,202603,2026-08-04,44664245,43041741,43041741,0.291,12524319,12096219,11807434,0,0.67,0.67,0,16741747,17030532,1,0,0
62092022000186,BLUESTONE FIF FUNDO INCENTIVADO EM INVESTIMENTO EM DEBÊNTURES DE INFRA RF CRED PRIV RESP LIMITADA,IAM,2025-10-01,10,202603,2026-08-04,33316008,32248048,32248048,0.1547,4987885,4970651,4951310,0.67,0.67,0.67,16618307,16635541,16654882,1,0,0
54384723000160,UBS EVOLUTION ALDEIA GUAPRA IPCA FUNDO DE INVESTIMENTO EM INFRAESTRUTURA -RF CRED PRIV RESP LIMITADA,UBS,2024-08-01,24,202603,2026-08-04,114812507,104767977,104767977,0.694,72714149,72527974,72437273,0.85,0.85,0.85,16338632,16524806,16615507,1,0,0
54384916000111,CS EVOLUTION 1735 FUNDO DE INVESTIMENTO EM INFRAESTRUTURA - RENDA FIXA CRÉDITO PRIVADO RESP LIMITADA,UBS,2024-06-01,26,202603,2026-08-04,100279070,99044422,99044422,0.6857,67916857,67714773,67242791,0.85,0.85,0.85,16270902,16472986,16944968,0,0,0
52216276000105,JAE FUNDO INCENTIVADO DE INVESTIMENTO FINANCEIRO EM INFRAESTRUTURA RENDA FIXA,BTG WM,2023-09-01,35,202603,2026-08-04,189310944,179986234,179986234,0.765,137694855,136688543,135277371,0.85,0.85,0.85,15293444,16299755,17710928,1,0,0
63174305000130,KINESIS KINEA FIF FI EM INVESTIMENTO EM DEBÊNTURES DE INFRA RENDA FIXA CRÉDITO PRIVADO RESP LIMITADA,Kinea,2025-11-01,9,202603,2026-08-04,28878565,28581297,28581297,0.103,2944764,2865874,2811225,0.67,0.67,0.67,16204705,16283595,16338244,0,0,0
55105106000141,BOCAINA INFRA 60 CDI MASTER I FUNDO INCENTIVADO DE INVESTIMENTO EM INFRAESTRUTURA RENDA FIXA,Bocaina,2024-08-01,24,202603,2026-08-04,85544161,73362622,73362622,0.6374,46762199,46103537,45882545,0.85,0.85,0.85,15596030,16254692,16475684,0,0,0
57346416000183,SKYLINE II FUNDO INCENTIVADO DE INVESTIMENTO FINANCEIRO EM INFRAESTRUTURA RENDA FIXA,Lakewood,2024-10-01,22,202603,2026-08-04,88343614,90291897,88343614,0.7051,62287851,58968962,47305472,0.67,0.85,0.85,0,16123110,27786599,1,0,0
55562304000134,ITAÚ DEB INCENTIVADAS FEEDER I FIF INCENTIVADO EM INFRAESTRUTURA RF CRÉD PRIV RESP LIMITADA,IAM,2024-10-01,22,202603,2026-08-04,122335446,119615386,119615386,0.7208,86214818,85799588,85120457,0.67,0.85,0.85,0,15873490,16552620,1,0,0
57061738000186,FREIBURG KINEA FIF FUNDO INCENTIVADO EM INVESTIMENTO EM DEB DE INFRA RF CRÉDITO PRIV RESP LIMITADA,Kinea,2024-09-01,23,202603,2026-08-04,96295457,95751560,95751560,0.6979,66827654,65742540,64662838,0.67,0.85,0.85,0,15646286,16725989,0,0,0
64511682000180,LBW FIF - CLASSE DE INVESTIMENTO RENDA FIXA INCENTIVADO DE INVESTIMENTO EM INFRAESTRUTURA,BRAM,2026-01-01,7,202603,2026-08-04,40408749,30208585,30208585,0.1558,4707646,4622794,4442565,0.67,0.67,0.67,15532106,15616958,15797187,0,0,0
62624330000105,HVCV FIF FUNDO INCENTIVADO EM INVESTIMENTO EM DEBÊNTURES DE INFRA RF CRÉD PRIV RESP LIMITADA,IAM,2025-11-01,9,202603,2026-08-04,29564192,28324315,28324315,0.1211,3428955,3423867,3417815,0.67,0.67,0.67,15548337,15553424,15559476,1,0,0
64651483000177,SANTA LÚCIA FIF- CLASSE DE INVESTIMENTO RENDA FIXA INCENTIVADO DE INVESTIMENTO EM INFRAESTRUTURA,BRAM,2026-03-01,5,202603,2026-08-04,28182484,27966122,27966122,0.1139,3186372,3186372,3186372,0,0.67,0.67,0,15550929,15550929,0,0,0
57088293000128,TERENZO FIF - FUNDO INCENTIVADO EM INVESTIMENTO EM DEB DE INFRA RF CRED PRIV RESP LIMITADA,IAM,2024-09-01,23,202603,2026-08-04,148058387,153714203,148058387,0.7489,110875946,110349415,109610270,0.67,0.85,0.85,0,15500214,16239359,1,0,0
64678185000170,DHANA FUNDO INCENTIVADO DE INVESTIMENTO FINANCEIRO EM INFRAESTRUTURA RENDA FIXA,BTG WM,2026-02-01,6,202603,2026-08-04,33846531,33705637,33705637,0.2109,7109215,7097588,7024160,0.67,0.67,0.67,15473562,15485189,15558617,0,0,0
58459098000120,G5 MJL FIF - CLASSE DE INVESTIMENTO RF INCENTIVADO DE INVESTIMENTO EM INFRAESTRUTURA - RESP LIMITADA,G5,2025-10-01,10,202603,2026-08-04,27008709,26506704,26506704,0.0892,2363505,2305509,2291148,0.67,0.67,0.67,15395986,15453983,15468343,0,0,0
62852498000178,CR2 FUNDO INCENTIVADO DE INVESTIMENTO FINANCEIRO EM INFRAESTRUTURA RENDA FIXA,BTG WM,2025-11-01,9,202603,2026-08-04,40330726,38582169,38582169,0.2716,10478060,10435368,10327852,0.67,0.67,0.67,15371993,15414685,15522201,0,0,0
57323572000129,MUTON FIF - FUNDO INCENTIVADO EM INVESTIMENTO EM DEBÊNTURES DE INFRA RF CRED PRIV RESP LIMITADA,IAM,2024-10-01,22,202603,2026-08-04,135326738,140752949,135326738,0.7402,100162404,99654276,99007669,0.67,0.85,0.85,0,15373451,16020058,1,0,0
55940692000140,ABSOLUTE HIDRA IPCA A MASTER FUNDO INCENTIVADO DE INVESTIMENTO EM INFRAESTRUTURA RENDA FIXA,Absolute,2024-09-01,23,202603,2026-08-04,176831083,192538148,176831083,0.7655,135369816,134936789,132397739,0.67,0.85,0.85,0,15369631,17908682,0,0,0
55477207000143,RIFF MASTER CLASSE INCENTIVADA DE INVESTIMENTO EM INFRAESTRUTURA RENDA FIXA RESP LIMITADA,Paramis,2024-07-01,25,202603,2026-08-04,137198976,138345880,137198976,0.7458,102325727,101267472,99678737,0.85,0.85,0.85,14293402,15351657,16940393,1,0,0
62083874000107,SPARTA VP FUNDO INCENTIVADO DE INVESTIMENTO FINANCEIRO EM INFRAESTRUTURA RENDA FIXA,Sparta,2025-09-01,11,202603,2026-08-04,87363311,85115707,85115707,0.5048,42966210,41719412,38771349,0.67,0.67,0.67,14061314,15308111,18256174,1,0,0
63463242000131,BRGAZ FUNDO INCENTIVADO DE INVESTIMENTO FINANCEIRO EM INFRAESTRUTURA RENDA FIXA,BTG WM,2025-11-01,9,202603,2026-08-04,45742999,44405310,44405310,0.3263,14489819,14458702,14298625,0.67,0.67,0.67,15261738,15292856,15452933,0,0,0
55488908000188,DENALI FIF - FUNDO INCENTIVADO EM INVESTIMENTO EM DEBÊNTURES DE INFRA RF CRÉD PRIV RESP LIMITADA,IAM,2024-07-01,25,202603,2026-08-04,116421993,112970643,112970643,0.7207,81415197,80989952,80387147,0.85,0.85,0.85,14609849,15035094,15637900,1,0,0
64502555000114,CML KINEA FIF - FUNDO INCENTIVADO EM INVESTIMENTO EM DEB DE INFRA RF CRED PRIV - RESP LIMITADA,Kinea,2026-01-01,7,202603,2026-08-04,44972198,44401232,44401232,0.3324,14758540,14724031,14316907,0.67,0.67,0.67,14990285,15024794,15431919,0,0,0
63875387000140,PLURAL DEBÊNTURES INCENTIVADAS 30 II MASTER FIF RENDA FIXA INVESTIMENTO EM INFRAESTRUTURA - RESP LIM,Plural,2026-01-01,7,202603,2026-08-04,159944756,173998445,159944756,0.5867,93832803,92169562,85452200,0.67,0.67,0.67,13330184,14993425,21710787,1,0,0
57035905000114,SANTANDER PB MONTE RORAIMA INVESTIMENTO EM INFRAESTRUTURA RENDA FIXA - FIF RESP LIMITADA,San WM,2024-10-01,22,202603,2026-08-04,113696115,119625678,113696115,0.7234,82246157,81723683,81213407,0.67,0.85,0.85,0,14918015,15428291,0,0,0
66298117000101,SHIRA IV FUNDO DE INV FINANCEIRO INV EM INFRAESTRUTURA CLASSE DE INV EM INFRA RF RESP LIMITADA,Safra Asset,2026-05-01,3,202603,2026-08-04,59942860,22211461,22211461,0,0,0,0,0,0.67,0.67,0,14881679,14881679,0,0,1
63385783000199,CLOSED FUNDO INCENTIVADO DE INVESTIMENTO FINANCEIRO EM INFRAESTRUTURA RENDA FIXA,BTG WM,2025-11-01,9,202603,2026-08-04,51189452,55379343,51189452,0.3813,19519148,19457034,19283350,0.67,0.67,0.67,14777784,14839899,15013583,0,0,0
64582055000130,SANTANDER PB PHRONESIS INVESTIMENTO EM INFRAESTRUTURA RENDA FIXA - FIF RESP LIMITADA,San WM,2026-02-01,6,202603,2026-08-04,37062225,30125675,30125675,0.1787,5384662,5368351,5354778,0.67,0.67,0.67,14799540,14815851,14829425,1,0,0
52259352000160,VENUS CLASSE DE INVESTIMENTO EM INFRAESTRUTURA RENDA FIXA CRÉDITO PRIVADO - RESP LIMITADA,XPG,2024-04-01,28,202603,2026-08-04,231889484,227774948,227774948,0.7895,179827766,178833938,176985044,0.85,0.85,0.85,13780940,14774767,16623662,1,0,0
57777043000103,CS EVOLUTION MONGE FUNDO DE INVESTIMENTO EM INFRAESTRUTURA RENDA FIXA CRÉDITO PRIVADO RESP LIMITADA,UBS,2025-01-01,19,202603,2026-08-04,101768637,99557220,99557220,0.7078,70462666,69886181,69714107,0.67,0.85,0.85,0,14737457,14909530,1,0,0
57088620000141,SP330 FIF - FUNDO INCENTIVADO EM INVESTIMENTO EM DEB DE INFRA RF CRED PRIV RESP LIMITADA,IAM,2024-09-01,23,202603,2026-08-04,63903908,62037261,62037261,0.6166,38251206,38118307,37908655,0.67,0.85,0.85,3313758,14613365,14823017,1,0,0
54715962000156,ELETTRA 2 FIF - FUNDO INCENTIVADO EM INVESTIMENTO EM DEB DE INFRA RF CRED PRIV - RESP LIMITADA,IAM,2024-04-01,28,202603,2026-08-04,90836681,88593711,88593711,0.6893,61064629,60714577,60284035,0.85,0.85,0.85,14240025,14590078,15020620,1,0,0
54617897000126,CS EVOLUTION CFHS INFRA FUNDO DE INVESTIMENTO EM INFRAESTRUTURA - RENDA FIXA CRED PRIV RESP LIMITADA,UBS,2024-07-01,25,202603,2026-08-04,100831203,98257314,98257314,0.7168,70434527,68954634,66955951,0.85,0.85,0.85,13084190,14564083,16562765,1,0,0
58191395000137,ITAÚ DEBÊNTURES INCENTIVADAS CDI MIX FIF INCENTIVADO EM INFRAESTRUTURA RF CRÉD PRIV RESP LIMITADA,IAM,2025-01-01,19,202603,2026-08-04,328505853,362608118,328505853,0.8085,265612899,264667737,263549928,0.67,0.85,0.85,0,14562238,15680047,1,0,0
62234191000103,AAA FIF FI INCENTIVADO EM DEBÊNTURES DE INFRAESTRUTURA RENDA FIXA CRÉDITO PRIVADO RESP LIMITADA,IAM,2025-11-01,9,202603,2026-08-04,27953644,25609518,25609518,0.1026,2626694,2622714,2618078,0.67,0.67,0.67,14531682,14535663,14540299,1,0,0
62145244000110,BERRA FIF FI INCENTIVADO EM DEBÊNTURES DE INFRAESTRUTURA RENDA FIXA CRÉDITO PRIVADO RESP LIMITADA,IAM,2025-11-01,9,202603,2026-08-04,30934706,30584796,30584796,0.197,6025424,6016417,6006365,0.67,0.67,0.67,14466389,14475396,14485449,1,0,0
63740555000190,SANTANDER PB JFK INVESTIMENTO EM INFRAESTRUTURA RENDA FIXA - FIF RESP LIMITADA,San WM,2026-02-01,6,202603,2026-08-04,34725432,31578992,31578992,0.2126,6714875,6694956,6677898,0.67,0.67,0.67,14443050,14462969,14480026,1,0,0
58348771000154,SANTANDER PB HUVA INVESTIMENTO EM INFRAESTRUTURA RENDA FIXA - FIF RESP LIMITADA,San WM,2025-01-01,19,202603,2026-08-04,82865756,78403672,78403672,0.6714,52642010,52361521,52151381,0.67,0.85,0.85,0,14281600,14491740,1,0,0
58516289000186,ARX BLANC FI FINANCEIRO RENDA FIXA  INVESTIMENTO EM INFRAESTRUTURA - RESPONSABILIDADE LIMITADA,ARX,2025-01-01,19,202603,2026-08-04,101050192,76844086,76844086,0.6833,52507866,51123314,48696127,0.67,0.85,0.85,0,14194160,16621347,1,0,0
55068591000120,CS EVOLUTION PRESENÇA FUNDO DE INVESTIMENTO EM INFRAESTRUTURA - RENDA FIXA CRÉD PRIV RESP LIMITADA,UBS,2025-01-01,19,202603,2026-08-04,75644608,73243164,73243164,0.6619,48476285,48070225,47883953,0.67,0.85,0.85,596634,14186464,14372736,1,0,0
57613783000104,MG FIF - FUNDO INCENTIVADO EM INVESTIMENTO EM DEBÊNTURES DE INFRA RENDA FIXA CRED PRIV RESP LIMITADA,IAM,2024-11-01,21,202603,2026-08-04,114212214,112743994,112743994,0.7278,82057798,81677117,80802624,0.67,0.85,0.85,0,14155278,15029771,1,0,0
61817952000197,UBS EVOLUTION WGL FUNDO DE INVESTIMENTO EM INFRAESTRUTURA - RENDA FIXA CRÉDITO PRIVADO RESP LIMITADA,UBS,2025-11-01,9,202603,2026-08-04,31675816,31195690,31195690,0.2194,6843837,6784411,6726523,0.67,0.67,0.67,14057276,14116702,14174590,0,0,0
62125370000102,BRADESCO MA CDI FIF - CLASSE DE INVESTIMENTO RF INCENTIVADO DE INVESTIMENTO EM INFRAESTRUTURA,BRAM,2025-08-01,12,202603,2026-08-04,63483549,59179725,59179725,0.4361,25809627,25809627,25778126,0.67,0.67,0.85,13840789,13840789,24524640,0,0,0
54384337000179,CS EVOLUTION RE9 FUNDO DE INVESTIMENTO EM INFRAESTRUTURA - RENDA FIXA CREDITO PRIVADO RESP LIMITADA,UBS,2025-02-01,18,202603,2026-08-04,78941758,77698549,77698549,0.6816,52957778,52264256,51081373,0.67,0.85,0.85,0,13779510,14962394,1,0,0
63359113000106,LIBANUS FUNDO INCENTIVADO DE INVESTIMENTO FINANCEIRO EM INFRAESTRUTURA RENDA FIXA,Sonata,2025-11-01,9,202603,2026-08-04,103303510,104992170,103303510,0.5519,57014652,55466767,53220967,0.67,0.67,0.67,12198700,13746585,15992385,1,0,0
63924803000152,SPX SEAHAWK DEBÊNTURES INCENTIVADAS IPCA FIF INVESTIMENTO EM INFRA RF CRED PRIV LP RESP LIMITADA,SPX,2025-12-01,8,202603,2026-08-04,38728147,39951123,38728147,0.3172,12282756,12228035,12166673,0.67,0.67,0.67,13665102,13719824,13781185,1,0,0
62970471000180,ERACLEA FIF FI INCENTIVADO EM DEBÊNTURES DE INFRAESTRUTURA RENDA FIXA CRÉDITO PRIVADO RESP LIMITADA,IAM,2025-11-01,9,202603,2026-08-04,30193721,29522141,29522141,0.2057,6072571,6067267,6060948,0.67,0.67,0.67,13707264,13712568,13718887,1,0,0
62317858000131,EL FIF FUNDO INCENTIVADO EM INVESTIMENTO EM DEB DE INFRA RF CRÉD PRIV RESP LIMITADA,IAM,2026-04-01,4,202603,2026-08-04,20889316,20389068,20389068,0,0,0,0,0,0.67,0.67,0,13660676,13660676,0,0,1
63441123000188,AVAL FUNDO INCENTIVADO DE INVESTIMENTO FINANCEIRO EM INFRAESTRUTURA RENDA FIXA,BTG WM,2025-11-01,9,202603,2026-08-04,51531691,49012446,49012446,0.3931,19264568,19212353,19025600,0.67,0.67,0.67,13573770,13625986,13812739,0,0,0
39703214000160,ICATU VANGUARDA TFO INCENTIVADO EM INFRAESTRUTURA FIF  CLASSE DE INVESTIMENTO RF  - RESP  LIMITADA,Icatu,2023-01-01,43,202603,2026-08-04,253251022,230886140,230886140,0.803,185394252,182634025,179024787,0.85,0.85,0.85,10858967,13619194,17228431,1,0,0
24270834000185,FCOPEL FUNDO DE INVESTIMENTO FINANCEIRO MULTIMERCADO - CRÉDITO PRIVADO I RESPONSABILIDADE LIMITADA,Capitânia,2023-01-01,43,202603,2026-08-04,117367094,121454049,117367094,0.7472,87700283,86175378,83840463,0.85,0.85,0.85,12061747,13586651,15921567,0,0,0
61818719000129,UBS EVOLUTION SYNERGY FUNDO DE INVESTIMENTO EM INFRAESTRUTURA RENDA FIXA CRED PRIV RESP LIMITADA,UBS,2025-10-01,10,202603,2026-08-04,33618665,32565083,32565083,0.255,8305415,8239199,8152958,0.67,0.67,0.67,13513191,13579406,13665647,1,0,0
65842530000122,SANTANDER PB CHAVES INVESTIMENTO EM INFRA RF - FIF RESP LIMITADA,San WM,2026-04-01,4,202603,2026-08-04,20729138,20266706,20266706,0,0,0,0,0,0.67,0.67,0,13578693,13578693,0,0,1
58361052000173,SANTANDER PB PORTO MADERO INVESTIMENTO EM INFRAESTRUTURA RENDA FIXA - FIF RESPONSABILIDADE LIMITADA,San WM,2025-02-01,18,202603,2026-08-04,117019699,124226497,117019699,0.7362,86150968,85894669,85669871,0.67,0.85,0.85,0,13572075,13796873,0,0,0
56955022000160,CUGINI FIF FUNDO INCENTIVADO EM INVESTIMENTO EM DEBÊNTURES DE INFRA RF CRED PRIV RESP LIMITADA,IAM,2024-10-01,22,202603,2026-08-04,52898061,53738626,52898061,0.5957,31511399,31408502,31249862,0.67,0.85,0.85,3930302,13554850,13713490,1,0,0
53644037000119,CAAS BTG PACTUAL FUNDO INCENTIVADO DE INVESTIMENTO EM INFRAESTRUTURA RENDA FIXA CDI,BTG WM,2024-01-01,31,202603,2026-08-04,154544467,161614615,154544467,0.7685,118773394,117842887,115820848,0.85,0.85,0.85,12589403,13519910,15541949,0,0,0
62970039000199,FFA CAPITAL FIF FUNDO INCENTIVADO EM INVESTIMENTO EM DEB DE INFRAESTRUT RF CRED PRIV RESP LIMITADA,IAM,2026-02-01,6,202603,2026-08-04,28503056,27950644,27950644,0.1903,5319537,5307318,5276296,0.67,0.67,0.67,13407394,13419614,13450636,0,0,0
62235923000180,CR GROUP FIF FUNDO INCENTIVADO EM INVESTIMENTO EM DEBÊNTURES DE INFRA RF CRED PRIV RESP LIMITADA,IAM,2026-01-01,7,202603,2026-08-04,22489704,21808757,21808757,0.0565,1231820,1228621,1225552,0.67,0.67,0.67,13380047,13383246,13386316,0,0,0
55030873000139,BRADESCO FIF - CI RENDA FIXA INCENTIVADO DE INVESTIMENTO EM INFRAESTRUTURA DALI,BRAM,2024-06-01,26,202603,2026-08-04,138240611,136510522,136510522,0.753,102795528,102671900,102502472,0.85,0.85,0.85,13238416,13362043,13531472,0,0,0
57569203000110,FUNDO DE INVESTIMENTO FINANCEIRO - CI RENDA FIXA INCENTIVADO DE INVESTIMENTO EM INFRA MINSK,BRAM,2025-02-01,18,202603,2026-08-04,187022553,180876199,180876199,0.7768,140503968,140410431,140025419,0.67,0.85,0.85,0,13334339,13719351,0,0,0
63780238000105,LEGACY CAPITAL COMPOUND II FUNDO INCENTIVADO DE INVESTIMENTO FINANCEIRO EM INFRA CDI ATIVO RF,Legacy,2025-12-01,8,202603,2026-08-04,27762090,27261014,27261014,0.1824,4971458,4942040,4910537,0.67,0.67,0.67,13293421,13322840,13354342,1,0,0
54976144000107,FUNDO DE INVESTIMENTO FINANCEIRO - CI RENDA FIXA INCENTIVADA INVESTIMENTO EM INFRAESTRUTURA G5 SB,G5,2024-07-01,25,202603,2026-08-04,96915432,95438834,95438834,0.7247,69162040,67933041,66799545,0.85,0.85,0.85,11960969,13189969,14323464,0,0,0
63023377000186,BELFIORE FI INCENTIVADO EM DEBÊNTURES DE INFRAESTRUTURA RENDA FIXA CRÉDITO PRIVADO RESP LIMITADA,IAM,2025-11-01,9,202603,2026-08-04,26181462,25905894,25905894,0.1622,4201263,4196882,4191818,0.67,0.67,0.67,13155686,13160067,13165131,1,0,0
66572564000107,PARADISE FUNDO DE INV FINANCEIRO INV EM INFRAESTRUTURA CLASSE DE INV EM INFRA RF RESP LIMITADA,Safra Asset,2026-05-01,3,202603,2026-08-04,19521546,19496128,19496128,0,0,0,0,0,0.67,0.67,0,13062406,13062406,0,0,1
53775856000103,SANTANDER PB EVOLUTION 7851 INVESTIMENTO EM INFRAESTRUTURA RENDA FIXA - FIF RESP LIMITADA,San WM,2024-12-01,20,202603,2026-08-04,83025550,82334728,82334728,0.6931,57062842,56990980,56017201,0.67,0.85,0.85,0,12993539,13967318,0,0,0
55994151000102,XP DEBENTURES INCENTIVADAS IMAB5 CRÉD PRIV FIF RF INVESTIMENTO EM INFRAESTRUTURA - RESP LIMITADA,XPG,2024-08-01,24,202603,2026-08-04,50809777,49670066,49670066,0.6028,29940898,29279043,26019482,0.85,0.85,0.85,12278658,12940514,16200074,1,0,0
54487667000190,SANTANDER PB 62 INVESTIMENTO EM INFRAESTRUTURA RENDA FIXA - FIF RESPONSABILIDADE LIMITADA,San WM,2024-07-01,25,202603,2026-08-04,72141396,71512503,71512503,0.6706,47955960,47925080,47879821,0.85,0.85,0.85,12829668,12860547,12905806,0,0,0
60810873000191,BRADESCO MA FIF - CLASSE DE INVESTIMENTO RENDA FIXA INCENTIVADO DE INVESTIMENTO EM INFRAESTRUTURA,BRAM,2025-06-01,14,202603,2026-08-04,100240926,90137829,90137829,0.5277,47563562,47563562,47525890,0.67,0.67,0.85,12828783,12828783,29091264,0,0,0
62672889000100,SAGARANA FIF FUNDO INCENTIVADO EM INVESTIMENTO EM DEBÊNTURES DE INFRA RF CRED PRIV RESP LIMITADA,IAM,2025-11-01,9,202603,2026-08-04,26370582,25530501,25530501,0.1682,4293416,4282771,4271083,0.67,0.67,0.67,12812020,12822665,12834353,1,0,0
64680282000106,SAPIENS FIF - CLASSE DE INVESTIMENTO RF INCENTIVADO DE INVESTIMENTO EM INFRA - RESP LIMITADA,BRAM,2026-03-01,5,202603,2026-08-04,26755351,26230043,26230043,0.1831,4803230,4803230,4803230,0,0.67,0.67,0,12770899,12770899,0,0,0
26171840000100,BRASIL PLURAL MASTER TFO FUNDO INCENT DE INVEST FINANCEIRO EM INFRA RENDA FIXA CRED PRIV RESP LTDA,Plural,2023-01-01,43,202603,2026-08-04,149151022,147024251,147024251,0.7797,114632615,112253156,103899283,0.85,0.85,0.85,10337998,12717457,21071331,1,0,0
64003281000119,ELITE FIF - CLASSE DE INVESTIMENTO RF INCENTIVADO DE INVESTIMENTO EM INFRAESTRUTURA - RESP LIMITADA,BRAM,2026-01-01,7,202603,2026-08-04,96441483,78786775,78786775,0.5089,40092243,40092243,40092243,0.67,0.67,0.67,12694896,12694896,12694896,0,0,0
61972391000109,HFLC DEBÊNTURE FUNDO INCENTIVADO DE INVESTIMENTO FINANCEIRO EM INFRAESTRUTURA RENDA FIXA,BTG WM,2025-10-01,10,202603,2026-08-04,64492958,63906245,63906245,0.4747,30337921,30227057,29858773,0.67,0.67,0.67,12479263,12590127,12958410,0,0,0
62064607000192,JW JAPÃO FIF FUNDO INCENTIVADO EM INVESTIMENTO EM DEB DE INFRA RF CRÉDITO PRIVADO RESP LIMITADA,IAM,2026-03-01,5,202603,2026-08-04,22699442,20621614,20621614,0.0607,1251267,1248298,1245449,0,0.67,0.67,0,12568184,12571033,0,0,0
62408982000102,LTQ FIF FUNDO INCENTIVADO EM INVESTIMENTO EM DEB DE INFRA RF CRED PRIV RESP LIMITADA,IAM,2025-12-01,8,202603,2026-08-04,23641124,22963502,22963502,0.1246,2860689,2856927,2852647,0.67,0.67,0.67,12524857,12528620,12532900,1,0,0
57400933000193,OINC FIF - FUNDO INCENTIVADO EM INVESTIMENTO EM DEB DE INFRA RENDA FIXA CRÉD PRIV RESP LIMITADA,IAM,2024-12-01,20,202603,2026-08-04,82967086,79362250,79362250,0.6992,55489870,54979107,54504888,0.67,0.85,0.85,0,12478805,12953024,1,0,0
42066755000139,RUBI 3 FIF INVESTIMENTO EM INFRAESTRUTURA CI EM INFRAESTRUTURA RENDA FIXA RESPONSABILIDADE LIMITADA,Safra Asset,2024-05-01,27,202603,2026-08-04,62598954,60823250,60823250,0.652,39657639,39237222,38590416,0.85,0.85,0.85,12042123,12462540,13109346,0,0,0
56942408000137,GAIVOTA KINEA FIF FUNDO INCENTIVADO EM INVESTIMENTO EM DEB DE INFRA RF CRED PRIV RESP LIMITADA,Kinea,2024-09-01,23,202603,2026-08-04,89543245,89111012,89111012,0.7225,64384887,63286123,62249318,0.67,0.85,0.85,0,12458238,13495042,0,0,0
62789682000110,FAMILY RUNNER FUNDO INCENTIVADO DE INVESTIMENTO FINANCEIRO EM INFRAESTRUTURA RENDA FIXA,BTG WM,2026-01-01,7,202603,2026-08-04,45217445,44863530,44863530,0.3953,17735963,17686461,17601915,0.67,0.67,0.67,12322602,12372104,12456650,0,0,0
62467068000132,MONTE SINAI FIF FUNDO INCENTIVADO EM PRIV EM DEB DE INFRA RENDA FIXA CRED PRIVADO RESP LIMITADA,IAM,2026-01-01,7,202603,2026-08-04,22094843,21638770,21638770,0.1009,2184235,2181206,2178301,0.67,0.67,0.67,12313741,12316769,12319675,0,0,0
62474207000155,GOMIN FIF FI INCENTIVADO EM DEBÊNTURES DE INFRAESTRUTURA RENDA FIXA CRÉDITO PRIVADO RESP LIMITADA,IAM,2026-05-01,3,202603,2026-08-04,20670553,18362328,18362328,0,0,0,0,0,0.67,0.67,0,12302760,12302760,0,0,1
63784778000159,AMB ISENTO CDI FUNDO INCENTIVADO DE INVESTIMENTO FINANCEIRO EM INFRAESTRUTURA RENDA FIXA,BTG WM,2025-12-01,8,202603,2026-08-04,36588706,36660795,36588706,0.3354,12272934,12243141,12184494,0.67,0.67,0.67,12241499,12271292,12329939,0,0,0
53293548000133,TENAX RFA MASTER FIF - FUNDO INCENTIVADO EM INV. EM DEB INFRA RF CRÉD PRIV LP - RESP LIMITADA,Tenax,2024-02-01,30,202603,2026-08-04,312030898,356474459,312030898,0.8437,263267377,253018264,240118289,0.85,0.85,0.85,1958887,12207999,25107975,1,0,0
62571624000116,ICATU VANGUARDA CDI IU FIF CI INCENTIVADO DE INVESTIMENTO EM INFRA RF LP - RESP LIMITADA,Icatu,2025-11-01,9,202603,2026-08-04,32908972,24283853,24283853,0.1704,4136810,4086497,4025314,0.67,0.67,0.67,12133371,12183684,12244867,0,0,0
62319608000130,JAC FIF FUNDO INCENTIVADO EM INVESTIMENTO EM DEB DE INFRA RF CRED PRIV RESP LIMITADA,IAM,2025-10-01,10,202603,2026-08-04,26430573,24541831,24541831,0.1752,4298640,4288636,4277725,0.67,0.67,0.67,12144386,12154390,12165302,1,0,0
56285899000190,CITRINO DEBENTURES FUNDO INCENTIVADO DE INVESTIMENTO EM INFRAESTRUTURA RENDA FIXA,Citrino,2024-08-01,24,202603,2026-08-04,72961526,72155955,72155955,0.6822,49222634,49222634,49222634,0.85,0.85,0.85,12109928,12109928,12109928,0,0,0
62625643000188,BF&F FIF FUNDO INCENTIVADO EM INVESTIMENTO EM DEB DE INFRAESTRUTURA RF CRED PRIV RESP LIMITADA,IAM,2026-02-01,6,202603,2026-08-04,21127765,20612030,20612030,0.085,1752404,1749401,1746520,0.67,0.67,0.67,12057657,12060660,12063541,0,0,0
55382000000195,BORDEAUX FUNDO INCENTIVADO DE INVESTIMENTO EM INFRAESTRUTURA RENDA FIXA,AF Invest,2024-08-01,24,202603,2026-08-04,57194371,55505973,55505973,0.6381,35416808,35306321,34695159,0.85,0.85,0.85,11763269,11873756,12484918,0,0,0
59004460000130,OCEANIC FIF - FUNDO INCENTIVADO EM INVESTIMENTO EM DEBÊNTURES DE INFRA RF CRÉD PRIV RESP LIMITADA,IAM,2025-02-01,18,202603,2026-08-04,104956339,103806802,103806802,0.7419,77009132,76456014,76036499,0.67,0.85,0.85,0,11779768,12199283,1,0,0
42321520000146,AGRA FIF INVESTIMENTO EM INFRAESTRUTURA CLASSE DE INVESTIMENTO RENDA FIXA EM INFRA RESP LIMITADA,Safra Asset,2024-07-01,25,202603,2026-08-04,59167413,56988236,56988236,0.6436,36674821,36660510,36646198,0.85,0.85,0.85,11765179,11779491,11793802,0,0,0
62136382000132,EDUCA FIF FUNDO INCENTIVADO EM INVESTIMENTO EM DEBÊNTURES DE INFRA RF CRED PRIV RESP LIMITADA,IAM,2026-01-01,7,202603,2026-08-04,21211808,20814342,20814342,0.1042,2169670,2166636,2163726,0.67,0.67,0.67,11775940,11778973,11781883,0,0,0
55485710000140,ACACIAS FUNDO INCENTIVADO DE INVESTIMENTO EM INFRAESTRUTURA RENDA FIXA,BTG WM,2024-06-01,26,202603,2026-08-04,88157948,91634173,88157948,0.7276,64143766,63183467,57311689,0.85,0.85,0.85,10790490,11750789,17622566,0,0,0
55911650000180,JLS INFRA FIF - CLASSE DE INVESTIMENTO INCENTIVADO DE INVESTIMENTO EM INFRA RF CRÉDITO PRIVADO,Oriz,2024-07-01,25,202603,2026-08-04,35627430,33381244,33381244,0.5014,16736350,16640847,16117469,0.85,0.85,0.85,11637707,11733210,12256589,0,0,0
64582548000170,ITAÚ DEBÊNTURES INCENTIVADAS PÓS FIXADO II DISTRIBUIDORES FIIF EM INFRA RF CRED PRIV RESP LIMITADA,IAM,2026-04-01,4,202603,2026-08-04,17794561,17351157,17351157,0,0,0,0,0,0.67,0.67,0,11625275,11625275,0,0,1
62408759000165,ALVO 8 ESTRUTURAL FIF FUNDO INC EM INVESTIMENTO EM DEB DE INFRA RF CRED PRIV RESP LIMITADA,IAM,2026-01-01,7,202603,2026-08-04,19358610,18774909,18774909,0.0563,1056878,1054124,1051481,0.67,0.67,0.67,11522311,11525065,11527707,0,0,0
54130675000184,GIRONDA KINEA FIF - FUNDO INCENTIVADO EM INV DEB INFRA RF CRED PRIV - RESP LIMITADA,Kinea,2024-05-01,27,202603,2026-08-04,39917229,39864986,39864986,0.572,22801556,22450680,22114339,0.85,0.85,0.85,11083683,11434558,11770899,0,0,0
54547163000118,PLATON KINEA FIF - FUNDO INCENTIVADO EM INVESTIMENTO EM DEB DE INFRA RF CRÉD PRIV - RESP LIMITADA,Kinea,2024-04-01,28,202603,2026-08-04,51315853,41486190,41486190,0.5851,24272178,23886640,23516780,0.85,0.85,0.85,10991083,11376622,11746481,0,0,0
62700486000128,KNI INVESTIMENTOS BR II FIF - CI RF INCENTIVADO DE INVESTIMENTO EM INFRAESTRUTURA,BRAM,2025-10-01,10,202603,2026-08-04,73342651,71845515,71845515,0.5119,36780308,36759999,36131352,0.67,0.67,0.67,11356187,11376497,12005143,0,0,0
62468143000180,CVL INFRA FIF FI INCENTIVADO EM DEBÊNTURES DE INFRAESTRUTURA RF CRÉDITO PRIVADO RESP LIMITADA,IAM,2025-11-01,9,202603,2026-08-04,23955407,23705594,23705594,0.1909,4525196,4521015,4516023,0.67,0.67,0.67,11357552,11361733,11366725,1,0,0
66404420000141,HEM 2 FUNDO DE INV FINANCEIRO INV EM INFRAESTRUTURA CLASSE DE INV EM INFRA RENDA FIXA RESP LIMITADA,Safra Asset,2026-04-01,4,202603,2026-08-04,20611854,16956788,16956788,0,0,0,0,0,0.67,0.67,0,11361048,11361048,0,0,1
54115218000110,PANICALE FIF - FUNDO INCENTIVADO EM INVESTIMENTO EM DEB DE INFRAEST RF CRÉD PRIV - RESP LIMITADA,IAM,2024-04-01,28,202603,2026-08-04,103522515,90533251,90533251,0.7294,66031023,65629947,65160959,0.85,0.85,0.85,10922240,11323316,11792304,1,0,0
62234941000147,ADCC FIF FUNDO INCENTIVADO EM INVESTIMENTO EM DEB DE INFRA RF CRED PRIV RESP LIMITADA,IAM,2025-11-01,9,202603,2026-08-04,22099749,21393465,21393465,0.1415,3026198,3015068,3002930,0.67,0.67,0.67,11307424,11318554,11330691,1,0,0
36947635000148,CAPITÂNIA FAPES FUNDO DE INVESTIMENTO FINANCEIRO MULT CRÉDITO PRIVADO - RESP LIMITADA,Capitânia,2023-01-01,43,202603,2026-08-04,164045378,272455858,164045378,0.7945,130340505,128156159,125573314,0.85,0.85,0.85,9098066,11282412,13865257,0,0,0
55069073000121,CS EVOLUTION ARETE FUNDO DE INVESTIMENTO EM INFRAESTRUTURA RENDA FIXA CRÉDITO PRIVADO RESP LIMITADA,UBS,2024-08-01,24,202603,2026-08-04,66685487,64594062,64594062,0.6787,43837690,43712587,43545140,0.85,0.85,0.85,11067263,11192366,11359812,1,0,0
65680121000177,BB ALEF INFRA RENDA FIXA FUNDO INCENTIVADO DE INVESTIMENTO FINANCEIRO EM INFRAESTRUTURA RESP LIM,BB Asset,2026-04-01,4,202603,2026-08-04,20255843,16702815,16702815,0,0,0,0,0,0.67,0.67,0,11190886,11190886,0,0,1
62408523000129,ROZIPA FIF FI INCENTIVADO EM DEBÊNTURES DE INFRA RENDA FIXA CRÉDITO PRIVADO RESP LIMITADA,IAM,2026-01-01,7,202603,2026-08-04,21301700,20841268,20841268,0.1339,2790060,2787014,2784091,0.67,0.67,0.67,11173590,11176636,11179558,0,0,0
18679362000116,CSHG AS 7.7 FUNDO DE INVESTIMENTO EM INFRAESTRUTURA - RENDA FIXA CRÉDITO PRIVADO RESP LIMITADA,UBS,2023-01-01,43,202603,2026-08-04,101042052,99818498,99818498,0.763,76166013,73717419,67686951,0.85,0.85,0.85,8679710,11128304,17158773,1,0,0
57591671000191,PWM PRIMAVERA FIF - CLASSE DE  INVESTIMENTO RF INCENTIVADO DE INVESTIMENTO EM INFRA - RESP LIMITADA,Perfin,2024-11-01,21,202603,2026-08-04,125336955,142029818,125336955,0.7735,96944457,95478380,93616500,0.67,0.85,0.85,0,11058032,12919912,0,0,0
54212291000100,SANTO INÁCIO DE ANTIOQUIA CDI FIF FUNDO INCENTIVADO EM INVEST DEB INFRA RF CRED PRIV RESP LIMITADA,IAM,2024-12-01,20,202603,2026-08-04,80669988,78274956,78274956,0.7145,55926350,55532127,55041335,0.67,0.85,0.85,0,11001585,11492378,1,0,0
54601837000115,BB FKEGGS INFRA RENDA FIXA FUNDO INCENTIVADO DE INVESTIMENTO FINANCEIRO EM INFRAESTRUTURA RESP LIM,BB Asset,2024-04-01,28,202603,2026-08-04,66115600,56159048,56159048,0.657,36895375,36802323,36485124,0.85,0.85,0.85,10839815,10932868,11250067,0,0,0
55615052000164,BORIS FUNDO INCENTIVADO DE INVESTIMENTO EM INFRA RENDA FIXA CREDITO PRIVADO,BTG WM,2024-07-01,25,202603,2026-08-04,64318475,63718510,63718510,0.6825,43485688,43230748,42826148,0.85,0.85,0.85,10675045,10929985,11334586,0,0,0
62065173000145,URBANO FIF FUNDO INCENTIVADO EM INVESTIMENTO EM DEBÊNTURES DE INFRA RF CRED PRIV RESP LIMITADA,IAM,2025-10-01,10,202603,2026-08-04,24471920,24232353,24232353,0.2212,5360362,5348682,5335512,0.67,0.67,0.67,10875314,10886994,10900165,1,0,0
55536855000123,BARBACENA FUNDO INCENTIVADO DE INVESTIMENTO EM INFRA RENDA FIXA - CRÉDITO PRIVADO RESP LIMITADA,Galapagos,2024-07-01,25,202603,2026-08-04,91062362,89377839,89377839,0.7406,66194270,65124458,60587535,0.85,0.85,0.85,9776893,10846705,15383628,1,0,0
56159439000116,ZETA FUNDO INCENTIVADO DE INVESTIMENTO EM INFRAESTRUTURA RENDA FIXA,BTG WM,2024-08-01,24,202603,2026-08-04,38479233,38071158,38071158,0.5681,21629872,21517653,21328734,0.85,0.85,0.85,10730612,10842831,11031750,0,0,0
55083993000102,ACATU FUNDO DE INVESTIMENTO EM INFRAESTRUTURA RENDA FIXA CRÉDITO PRIVADO,XPG,2024-12-01,20,202603,2026-08-04,80334674,78652876,78652876,0.7165,56354185,56039904,55607380,0.67,0.85,0.85,0,10815040,11247565,0,0,0
63024507000103,IMBUIA FIF FUNDO INCENTIVADO EM INVESTIMENTO EM DEB DE INFRAESTRUTURA RF CRED PRIV RESP LIMITADA,IAM,2025-12-01,8,202603,2026-08-04,21809159,21479568,21479568,0.17,3651933,3648288,3643978,0.67,0.67,0.67,10739377,10743022,10747333,1,0,0
59176878000125,JVC FUNDO DE INVESTIMENTO EM INFRAESTRUTURA RENDA FIXA CRÉDITO PRIVADO,XPG,2025-02-01,18,202603,2026-08-04,54818783,53533522,53533522,0.6643,35562456,34814258,34102404,0.67,0.85,0.85,305004,10689235,11401090,1,0,0
55140544000140,FIF - CLASSE DE INVESTIMENTO  RENDA FIXA INCENTIVADO DE INVESTIMENTO EM INFRAESTRUTURA PARATI,BRAM,2024-06-01,26,202603,2026-08-04,87115337,85904722,85904722,0.726,62370867,62341123,59489728,0.85,0.85,0.85,10648146,10677890,13529285,0,0,0
55861122000164,GREENBELL FIF RENDA FIXA INVESTIMENTO EM INFRAESTRUTURA CRÉDITO PRIVADO RESPONSABILIDADE LIMITADA,Monte Bravo,2024-09-01,23,202603,2026-08-04,49224687,48469185,48469185,0.6336,30709698,30541861,28401693,0.67,0.85,0.85,1764656,10656946,12797114,0,0,0
63406682000157,FUTURO FUNDO INCENTIVADO DE INVESTIMENTO FINANCEIRO EM INFRAESTRUTURA RENDA FIXA,BTG WM,2025-11-01,9,202603,2026-08-04,73702252,67466672,67466672,0.5192,35025458,34575726,31662299,0.67,0.67,0.67,10177212,10626945,13540372,1,0,0
55159406000103,MANACÁ FUNDO INCENTIVADO DE INVESTIMENTO EM INFRAESTRUTURA RENDA FIXA,AF Invest,2024-11-01,21,202603,2026-08-04,50337105,48822408,48822408,0.6386,31180399,30896680,30119515,0.67,0.85,0.85,1530614,10602366,11379531,0,0,0
56046971000127,CS EVOLUTION 1560 FUNDO DE INVESTIMENTO EM INFRAESTRUTURA - RENDA FIXA CRÉD PRIV RESP LIMITADA,UBS,2024-09-01,23,202603,2026-08-04,62210533,62250988,62210533,0.6847,42597363,42329070,42217686,0.67,0.85,0.85,0,10549883,10661267,1,0,0
63939280000118,AYRA FUNDO INCENTIVADO DE INVESTIMENTO FINANCEIRO EM INFRAESTRUTURA RENDA FIXA,BTG WM,2025-12-01,8,202603,2026-08-04,59348077,72480986,59348077,0.4938,29306960,29234703,29072227,0.67,0.67,0.67,10456252,10528509,10690985,0,0,0
55597133000189,SOLUTIONS DEBÊNTURES INCENTIVADAS IPCA FUNDO INCENTIVADO DE INVESTIMENTO EM INFRA RENDA FIXA,SWM,2024-07-01,25,202603,2026-08-04,49938505,52023181,49938505,0.6534,32631517,31954087,30188802,0.85,0.85,0.85,9816212,10493642,12258927,1,0,0
62473925000107,AUTÓCTONE INVESTIMENTOS FIF FUNDO INC EM INVESTIMENTO EM DEB DE INFRA RF CRED PRIV RESP LIMITADA,IAM,2025-12-01,8,202603,2026-08-04,20941191,20704705,20704705,0.1647,3409189,3405773,3401814,0.67,0.67,0.67,10462963,10466379,10470338,1,0,0
63023396000102,TERENZO INFLAÇÃO FIF FUNDO INCENTIVADO EM INVESTIMENTO EM DEB DE INFRA RF CRED PRIV RESP LIMITADA,IAM,2025-12-01,8,202603,2026-08-04,32130383,21616830,21616830,0.1907,4122691,4119024,4114612,0.67,0.67,0.67,10360585,10364253,10368664,1,0,0
56955481000143,RGR FIF FUNDO INCENTIVADO EM INVESTIMENTO EM DEB DE INFRA RF CRÉDITO PRIVADO RESP LIMITADA,IAM,2026-03-01,5,202603,2026-08-04,21694262,19989545,19989545,0.1558,3115176,3035013,2731570,0,0.67,0.67,0,10357983,10661425,0,0,0
55466751000190,CS EVOLUTION FUTURA FUNDO DE INVESTIMENTO EM INFRAESTRUTURA RENDA FIXA CRÉDITO PRIVADO RESP LIMITADA,UBS,2024-10-01,22,202603,2026-08-04,67848311,65736304,65736304,0.6952,45699203,45524952,45425858,0.67,0.85,0.85,0,10350906,10450000,1,0,0
58287774000125,SABOIA FUNDO INCENTIVADO DE INVESTIMENTO FINANCEIRO EM INFRAESTRUTURA RENDA FIXA,BTG WM,2024-12-01,20,202603,2026-08-04,60862210,60289538,60289538,0.6837,41217260,40902020,40227207,0.67,0.85,0.85,0,10344087,11018901,0,0,0
57711303000130,LOMBARDIA KINEA FIF FUNDO INCENTIVADO EM INVESTIMENTO EM DEB DE INFRA RF CRED PRIV RESP LIMITADA,Kinea,2024-10-01,22,202603,2026-08-04,114106364,113815799,113815799,0.7727,87946907,86478269,85055486,0.67,0.85,0.85,0,10265160,11687943,0,0,0
62172231000130,FAMÍLIA ESPÍRITO SANTO FIF FI INCENTIVADO EM DEBÊNTURES DE INFRA RENDA FIXA CRED PRIV RESP LIMITADA,IAM,2026-01-01,7,202603,2026-08-04,16964600,17119626,16964600,0.0704,1193657,1191155,1188754,0.67,0.67,0.67,10172625,10175127,10177528,0,0,0
65835458000106,BB LZ INFRA RENDA FIXA FUNDO INCENTIVADO DE INVESTIMENTO FINANCEIRO EM INFRAESTRUTURA RESP LIMITADA,BB Asset,2026-05-01,3,202603,2026-08-04,15361037,15136025,15136025,0,0,0,0,0,0.67,0.67,0,10141137,10141137,0,0,1
63079026000197,MS2 PRIVATE FUND FUNDO INCENTIVADO DE INVESTIMENTO FINANCEIRO EM INFRAESTRUTURA RENDA FIXA,BTG WM,2025-10-01,10,202603,2026-08-04,37454786,36292095,36292095,0.3931,14267602,14216557,14061175,0.67,0.67,0.67,10048101,10099147,10254528,0,0,0
63380552000192,JADE OPPORTUNA FIF - CLASSE DE INVESTIMENTO RENDA FIXA INCENTIVADO DE INVESTIMENTO EM INFRAESTRUTURA,BRAM,2025-11-01,9,202603,2026-08-04,43332046,41932492,41932492,0.4301,18037255,18027023,18016060,0.67,0.67,0.67,10057514,10067746,10078709,0,0,0
62588992000177,SANTANDER PB ÁGUIA INVESTIMENTO EM INFRA RENDA FIXA - FIF RESP LIMITADA,San WM,2025-11-01,9,202603,2026-08-04,76073396,73787103,73787103,0.5344,39429738,39371524,39321770,0.67,0.67,0.67,10007621,10065835,10115589,1,0,0
63437368000131,SANTANDER FUNDO INCENTIVADO DE INVESTIMENTO EM INFRA CDI 7 RF CRÉDITO PRIVADO - FIF RESP LIMITADA,SAM,2025-11-01,9,202603,2026-08-04,1220772240,1418793529,1220772240,0.6622,808363543,807885023,807251727,0.67,0.67,0.67,9553858,10032378,10665674,1,0,0
55068953000183,CS EVOLUTION BOURGOGNE FUNDO DE INVESTIMENTO EM INFRAESTRUTURA - RENDA FIXA CRED PRIV RESP LIMITADA,UBS,2024-07-01,25,202603,2026-08-04,55671394,53883058,53883058,0.6736,36293781,35783493,35335184,0.85,0.85,0.85,9506818,10017106,10465414,1,0,0
58770366000120,ATENA INFRA 45 HEDGE ATIVO FUNDO INCENTIVADO DE INVESTIMENTO FINANCEIRO EM  INFRA RENDA FIXA,Atena,2025-02-01,18,202603,2026-08-04,31268894,31060517,31060517,0.5376,16697370,16386167,15689018,0.67,0.85,0.85,4113177,10015272,10712421,0,0,0
58221726000134,DEB PRIME FIF FUNDO INCENTIVADO EM INVESTIMENTO EM DEB DE INFRA RENDA FIXA CRÉD PRIV RESP LIMITADA,IAM,2024-12-01,20,202603,2026-08-04,111145159,109288416,109288416,0.7791,85148609,82938143,79418941,0.67,0.85,0.85,0,9957011,13476213,1,0,0
62324905000174,JAFA FIF FUNDO INCENTIVADO EM INVESTIMENTO EM DEBÊNTURES DE INFRA RENDA FIXA CRED PRIV RESP LIMITADA,IAM,2025-12-01,8,202603,2026-08-04,20993771,20773638,20773638,0.1909,3965417,3961890,3957643,0.67,0.67,0.67,9952920,9956448,9960694,1,0,0
55459928000120,FRIGI DEBENTURES INCENTIVADAS CLASSE DE INVESTIMENTO RF INFRAESTRUTURA INCENTIVADO - RESP LIMITADA,UBS,2024-07-01,25,202603,2026-08-04,58035844,56676501,56676501,0.6804,38562509,38265218,37344372,0.85,0.85,0.85,9612517,9909807,10830654,1,0,0
55068840000188,CS EVOLUTION DEGAS III FUNDO DE INVESTIMENTO EM INFRAESTRUTURA - RENDA FIXA CRED PRIV RESP LIMITADA,UBS,2024-07-01,25,202603,2026-08-04,63155438,61218689,61218689,0.6975,42699627,42177932,41583601,0.85,0.85,0.85,9336259,9857954,10452285,1,0,0
53980424000126,VENUS II FIF - FUNDO INCENTIVADO EM INVESTIMENTO EM DEBÊNTURES DE INFRA RF CRÉD PRIV - RESP LIMITADA,IAM,2024-04-01,28,202603,2026-08-04,235101515,232761361,232761361,0.8126,189145491,187998120,186707441,0.85,0.85,0.85,8701666,9849036,11139716,1,0,0
58771694000140,SANTANDER PB JAKARTA INVESTIMENTO EM INFRAESTRUTURA RENDA FIXA - FIF RESP LIMITADA,San WM,2025-01-01,19,202603,2026-08-04,50347217,43246884,43246884,0.6244,27002042,26942274,26727462,0.67,0.85,0.85,1973371,9817578,10032390,1,0,0
55600064000115,RJE FIF - FUNDO INCENTIVADO EM INVESTIMENTO EM DEB DE INFRA RF CRÉD PRIV RESP LIMITADA,IAM,2024-08-01,24,202603,2026-08-04,74525199,72893694,72893694,0.7204,52514347,52257234,51911810,0.85,0.85,0.85,9445293,9702407,10047830,1,0,0
52188815000140,BB SSMAT98 INFRA RENDA FIXA FUNDO INCENTIVADO DE INVESTIMENTO FINANCEIRO EM INFRAESTRUTURA RESP LIM,BB Asset,2024-12-01,20,202603,2026-08-04,96395112,83449815,83449815,0.7395,61714429,61230475,60308501,0.67,0.85,0.85,0,9701868,10623842,0,0,0
57537357000120,BEM TE VI FUNDO INCENTIVADO DE INVESTIMENTO FINANCEIRO EM INFRAESTRUTURA RENDA FIXA,BTG WM,2024-10-01,22,202603,2026-08-04,65837134,65395767,65395767,0.7041,46043607,45900093,45653586,0.67,0.85,0.85,0,9686308,9932816,0,0,0
57591252000150,PWM MAR FIF - CLASSE DE INVESTIMENTO RF INCENTIVADO DE INVESTIMENTO EM INFRA - RESP LIMITADA,Perfin,2024-10-01,22,202603,2026-08-04,56383471,61085669,56383471,0.6881,38798458,38246585,37266373,0.67,0.85,0.85,0,9679366,10659578,1,0,0
54794710000160,LUNI FUNDO INCENTIVADO DE INVESTIMENTO EM INFRAESTRUTURA RENDA FIXA,Newave,2024-07-01,25,202603,2026-08-04,50236327,49364308,49364308,0.6676,32955853,32313395,31702464,0.85,0.85,0.85,9003809,9646267,10257197,0,0,0
57738351000111,ABSOLUTE HIDRA CDI PLUS EKHO MASTER FUNDO INCENTIVADO DE INVEST FINANCEIRO EM INFRA RENDA FIXA,Absolute,2024-11-01,21,202603,2026-08-04,68644435,69289340,68644435,0.7113,48824523,48705469,48479383,0.67,0.85,0.85,0,9642300,9868387,0,0,0
57986005000152,GZZ FIF - FUNDO INCENTIVADO EM INVESTIMENTO EM DEBÊNTURES DE INFRA RF CRÉD PRIV RESP LIMITADA,IAM,2024-11-01,21,202603,2026-08-04,72535685,70426760,70426760,0.7175,50532554,50299943,49937038,0.67,0.85,0.85,0,9562804,9925708,1,0,0
57952464000115,BOCAINA INCENTIVADAS FUNDO INCENTIVADO DE INVESTIMENTO EM INFRAESTRUTURA RENDA FIXA,Bocaina,2024-11-01,21,202603,2026-08-04,76981926,78194562,76981926,0.772,59431542,55895697,55842738,0.67,0.85,0.85,0,9538940,9591900,0,0,0
58341982000165,MIRABAUD DEBENTURES INCENTIVADAS FIF - CI RF INVEST EM INFRA CRÉDITO PRIVADO - RESP LIMITADA,Mirabaud,2025-02-01,18,202603,2026-08-04,38012909,37373715,37373715,0.6081,22726518,22239877,21269185,0.67,0.85,0.85,2313871,9527780,10498472,0,0,0
55172307000161,SANTANDER PB IPUMIRIM INVESTIMENTO EM INFRAESTRUTURA RENDA FIXA - FIF RESP LIMITADA,San WM,2024-07-01,25,202603,2026-08-04,235176725,261211030,235176725,0.8112,190773881,190373443,188680113,0.85,0.85,0.85,9126334,9526773,11220103,0,0,0
62318156000172,CHARLES FIF FUNDO INCENTIVADO EM INVESTIMENTO EM DEBÊNTURES DE INFRA RF CRED PRIV RESP LIMITADA,IAM,2025-10-01,10,202603,2026-08-04,21304912,21123770,21123770,0.2195,4635971,4626886,4616533,0.67,0.67,0.67,9516955,9526040,9536393,1,0,0
57075698000121,VINLAND FIF FUNDO INCENTIVADO EM INVESTIMENTO EM DEB DE INFRA IPCA RF CRED PRIV LP RESP LIMITADA,Vinland,2024-09-01,23,202603,2026-08-04,158893887,181457952,158893887,0.8007,127230475,125633988,123692002,0.67,0.85,0.85,0,9425816,11367802,1,0,0
62473606000100,MUSSI ROCHA FIF FI INCENTIVADO EM DEBÊNTURES DE INFRAESTRUTURA RENDA FIXA CRED PRIV RESP LIMITADA,IAM,2025-10-01,10,202603,2026-08-04,20502756,19702306,19702306,0.1927,3796464,3788185,3779184,0.67,0.67,0.67,9404081,9412360,9421361,1,0,0
62467970000159,FUJI FIF FUNDO INCENTIVADO EM INVESTIMENTO EM DEBÊNTURES DE INFRA RENDA FIXA CRED PRIV RESP LIMITADA,IAM,2025-12-01,8,202603,2026-08-04,19906765,19455718,19455718,0.1939,3772627,3769291,3765273,0.67,0.67,0.67,9262705,9266040,9270058,1,0,0
53857130000101,DAYCOVAL DEBENTURES INCENTIVADAS HEDGE FI INFRA RENDA FIXA,Daycoval,2024-04-01,28,202603,2026-08-04,47660825,52308898,47660825,0.6638,31636878,31278640,30621489,0.85,0.85,0.85,8874824,9233062,9890213,0,0,0
62253446000185,VINLAND INFRAESTRUTURA MASTER I FIF F INC EM INVEST EM DEB DE INFRAESTR RF RESP LIMITADA,Vinland,2025-10-01,10,202603,2026-08-04,194196221,193323050,193323050,0.6318,122145138,120314427,118690069,0.67,0.67,0.67,7381305,9212017,10836375,1,0,0
31120420000135,JOURNEY CAPITAL ENDURANCE FUNDO INCENTIVADO DE INVESTIMENTO FINANCEIRO EM INFRAESTRUTURA RENDA FIXA,Journey,2023-01-01,43,202603,2026-08-04,52744767,53415127,52744767,0.745,39296339,35649022,30972698,0.85,0.85,0.85,5536713,9184030,13860354,1,0,0
57699544000100,G5 MONGE FUNDO INCENTIVADO DE INVESTIMENTO FINANCEIRO EM INFRAESTRUTURA RENDA FIXA,G5,2024-10-01,22,202603,2026-08-04,60556059,59516325,59516325,0.7064,42040184,41419063,40527317,0.67,0.85,0.85,0,9169814,10061559,1,0,0
59067509000102,MAUD CAPITAL DEBÊNTURES FUNDO INCENTIVADO DE INVESTIMENTO FINANCEIRO EM INFRAESTRUTURA RENDA FIXA,Maud,2025-03-01,17,202603,2026-08-04,68375363,68457150,68375363,0.5496,37582293,36750555,32925314,0.67,0.67,0.85,8229200,9060938,25193745,1,0,0
63139150000109,SANTANDER PB AYLEN INVESTIMENTO EM INFRAESTRUTURA RENDA FIXA - FIF RESP LIMITADA,San WM,2026-01-01,7,202603,2026-08-04,24559291,24706007,24559291,0.3053,7498520,7481839,7467958,0.67,0.67,0.67,8956205,8972885,8986767,1,0,0
62409522000107,KANDINSKY FIF FUNDO INCENTIVADO EM INVESTIMENTO EM DEB DE INFRA RENDA FIXA CRED PRIV RESP LIMITADA,IAM,2025-12-01,8,202603,2026-08-04,15678884,15154860,15154860,0.0806,1221872,1219457,1216816,0.67,0.67,0.67,8931885,8934300,8936940,1,0,0
55360701000123,NEBRASKA ITAÚ DEB INCENTIVADAS FIF INCENTIVADO INFRA RF CRÉD PRIV - RESP LIMITADA,IAM,2024-07-01,25,202603,2026-08-04,63568490,63114247,63114247,0.7122,44951693,44725644,44412377,0.85,0.85,0.85,8695416,8921465,9234733,1,0,0
58399524000187,SILICON S FUNDO INCENTIVADO DE INVESTIMENTO EM INFRAESTRUTURA RENDA FIXA - CRÉDITO PRIVADO,BTG WM,2025-02-01,18,202603,2026-08-04,66992638,66411119,66411119,0.7192,47761829,47557055,47240832,0.67,0.85,0.85,0,8892396,9208619,0,0,0
55240187000192,PHOENIX FUNDO INCENTIVADO DE INVESTIMENTO EM INFRAESTRUTURA RENDA FIXA CRÉDITO PRIVADO,BTG WM,2024-06-01,26,202603,2026-08-04,58518112,57378317,57378317,0.6984,40073060,39899363,39458784,0.85,0.85,0.85,8698509,8872207,9312786,0,0,0
55176840000100,OYKOS DEBÊNTURES INCENTIVADAS FI FINANCEIRO RENDA FIXA INVESTIMENTO EM INFRAESTRUTURA,XPG,2024-06-01,26,202603,2026-08-04,49343740,47765973,47765973,0.67,32001383,31747135,31409776,0.85,0.85,0.85,8599694,8853942,9191301,1,0,0
63513518000149,T2L_SP FIF - CLASSE DE INVESTIMENTO RENDA FIXA INCENTIVADO DE INVESTIMENTO EM INFRAESTRUTURA,BRAM,2025-11-01,9,202603,2026-08-04,56163436,54515600,54515600,0.5076,27674768,27674768,27295920,0.67,0.67,0.67,8850684,8850684,9229532,0,0,0
54893611000135,KILIMANDJARO FIF - FUNDO INCENTIVADO EM INV EM DEB DE INFRAESTRUTURA RF CRED PRIVADO - RESP LIMITADA,IAM,2024-05-01,27,202603,2026-08-04,81900140,80354683,80354683,0.7456,59908528,59579762,59165301,0.85,0.85,0.85,8392953,8721719,9136180,1,0,0
60127023000193,SAFRA INFRA INOVAÇÃO PRÉ II RF FIF INVESTIMENTO EM INFRA CI EM INFRAESTRUTURA RF RESP LIMITADA,Safra Asset,2025-04-01,16,202603,2026-08-04,143484386,140532041,140532041,0.6842,96153716,85439397,74523335,0.67,0.67,0.85,0,8717070,44928900,1,0,0
55068674000110,CS EVOLUTION GO-UP FUNDO DE INVESTIMENTO EM INFRAESTRUTURA - RENDA FIXA CRED PRIV RESP LIMITADA,UBS,2024-08-01,24,202603,2026-08-04,53313023,52667189,52667189,0.6908,36380224,36066478,35493691,0.85,0.85,0.85,8386886,8700633,9273420,1,0,0
63880974000127,ÁUREA FIF - CLASSE DE  INVESTIMENTO RENDA FIXA INCENTIVADO DE INVESTIMENTO EM  INFRAESTRUTURA,BRAM,2026-02-01,6,202603,2026-08-04,19694853,18012821,18012821,0.1898,3418800,3377406,3322213,0.67,0.67,0.67,8649790,8691184,8746377,0,0,0
57032992000156,BB TOP RENDA FIXA DEBÊNTURES INCENTIVADAS CDI PLUS FIF EM INFRAESTRUTURA RESPONSABILIDADE LIMITADA,BB Asset,2024-11-01,21,202603,2026-08-04,119026442,116515776,116515776,0.7775,90591954,90353690,89657567,0.67,0.85,0.85,0,8684719,9380843,0,0,0
55054075000147,ATLÂNTICO SUL INFRA FIF - CLASSE DE INVESTIMENTO RF INCENTIVADO INVESTIMENTO EM  INFRAESTRUTURA,BTG WM,2024-07-01,25,202603,2026-08-04,49547466,49095415,49095415,0.6785,33309531,33063535,32897724,0.85,0.85,0.85,8421572,8667568,8833379,0,0,0
58332774000108,LINCE 6 FUNDO DE INV FINANCEIRO  INV EM INFRAESTRUTURA CLASSE DE  INV EM INFRA RF RESP LIMITADA,Safra Asset,2025-10-01,10,202603,2026-08-04,77320714,74698135,74698135,0.5932,44308835,41388791,37205015,0.67,0.67,0.67,5738915,8658959,12842735,0,0,0
44960766000193,RIO BRAVO CRÉDITO INCENT INFLAÇÃO FIF - CI INCENTIVADA DE INV EM INFRA RF CRED PRIV - RESP LIMITADA,Rio Bravo,2023-01-01,43,202603,2026-08-04,16337085,16202797,16202797,0.3342,5414711,5170307,4809170,0.85,0.85,0.85,8357667,8602070,8963207,0,0,0
57049210000191,8RVV FUNDO INCENTIVADO DE INVESTIMENTO FINANCEIRO EM INFRAESTRUTURA RENDA FIXA,BTG WM,2024-11-01,21,202603,2026-08-04,46103800,44578653,44578653,0.6642,29609094,29379672,28735700,0.67,0.85,0.85,258604,8512183,9156155,0,0,0
55927207000106,KADUCAIO FIF RENDA FIXA INVESTIMENTO EM INFRAESTRUTURA CRÉDITO PRIVADO RESPONSABILIDADE LIMITADA,BTG WM,2024-08-01,24,202603,2026-08-04,55590146,55108503,55108503,0.7029,38738116,38380640,37906547,0.85,0.85,0.85,8104112,8461587,8935681,0,0,0
63174394000114,AURORA KINEA FIF FI INCENTIVADO EM DEBÊNTURES DE INFRA RENDA FIXA CRÉDITO PRIVADO RESP LIMITADA,Kinea,2025-11-01,9,202603,2026-08-04,16001424,15843465,15843465,0.1412,2237064,2183103,2141944,0.67,0.67,0.67,8378057,8432019,8473177,0,0,0
64091639000102,MUCUGÊ FUNDO INCENTIVADO DE INVESTIMENTO FINANCEIRO EM INFRAESTRUTURA RENDA FIXA,BTG WM,2026-01-01,7,202603,2026-08-04,22943725,22572023,22572023,0.3008,6790649,6763065,6715469,0.67,0.67,0.67,8332606,8360190,8407786,0,0,0
55089131000189,ASTERI CLASSE DE INVESTIMENTO INCENTIVADO EM INFRAESTRUTURA RENDA FIXA - RESP LIMITADA,BTG WM,2024-09-01,23,202603,2026-08-04,63204241,62636602,62636602,0.7247,45394104,44916788,44657049,0.67,0.85,0.85,0,8324323,8584062,0,0,0
65888766000108,CAPITÂNIA INFRA 30 CDI FI FINANCEIRO RENDA FIXA INVESTIMENTO EM INFRAESTRUTURA - RESP LIMITADA,Capitânia,2026-04-01,4,202603,2026-08-04,13668148,12331836,12331836,0,0,0,0,0,0.67,0.67,0,8262330,8262330,0,0,1
48884731000173,INFRA JURO REAL KINEA FIF FUNDO INCENTIVADO EM INVESTIMENTO EM DEB DE INFRA RF CP RESP LIMITADA,Kinea,2023-04-01,40,202603,2026-08-04,205056506,201856136,201856136,0.8225,166023875,163316027,160749736,0.85,0.85,0.85,5553840,8261688,10827980,0,0,0
55937998000147,SANTANDER PB AL INVESTIMENTO EM INFRAESTRUTURA RENDA FIXA - FIF RESP LIMITADA,San WM,2024-08-01,24,202603,2026-08-04,68728912,67970388,67970388,0.7316,49724347,49540539,48970914,0.85,0.85,0.85,8050483,8234291,8803915,0,0,0
61884366000165,SANTANDER PB 289 INVESTIMENTO EM INFRAESTRUTURA RENDA FIXA - FIF RESP LIMITADA,San WM,2026-03-01,5,202603,2026-08-04,19001716,27160965,19001716,0.2387,4536296,4511564,4489881,0,0.67,0.67,0,8219586,8241269,1,0,0
57883567000170,MMXX KINEA FIF FUNDO INCENTIVADO EM INVESTIMENTO EM DEB DE INFRA RENDA FIXA CRED PRIV RESP LIMITADA,Kinea,2024-11-01,21,202603,2026-08-04,68017225,67807826,67807826,0.7417,50293026,49453544,48666755,0.67,0.85,0.85,0,8183108,8969897,0,0,0
55768240000122,TOPÁZIO FUNDO INCENTIVADO DE INVESTIMENTO EM INFRAESTRUTURA RENDA FIXA,AF Invest,2024-09-01,23,202603,2026-08-04,40385154,39171700,39171700,0.6443,25238310,25135074,24729125,0.67,0.85,0.85,1006729,8160872,8566820,0,0,0
57473697000135,FUNDO DE INVESTIMENTO FINANCEIRO CI RENDA FIXA INCENTIVADO INVESTIMENTO EM INFRAESTRUTURA G5 V UNITY,G5,2024-11-01,21,202603,2026-08-04,38376457,37726165,37726165,0.6696,25260379,23913125,22224051,0.67,0.85,0.85,16151,8154115,9843189,1,0,0
64102991000104,DEEP II KINEA FIF FI INCENTIVADO EM DEBÊNTURES DE INFRA RENDA FIXA CRÉDITO PRIVADO RESP LIMITADA,Kinea,2026-02-01,6,202603,2026-08-04,20527610,20298088,20298088,0.2684,5448119,5448119,4995525,0.67,0.67,0.67,8151600,8151600,8604195,0,0,0
62623910000188,SATURNO R3 FIF FUNDO INCENTIVADO EM INVESTIMENTO EM DEBÊNTURES DE INFRA RF CRED PRIV RESP LIMITADA,IAM,2025-12-01,8,202603,2026-08-04,16267795,15803362,15803362,0.1548,2446491,2443778,2440515,0.67,0.67,0.67,8141762,8144474,8147738,1,0,0
66148609000110,SANTANDER PB CASARA INVESTIMENTO EM INFRAESTRUTURA RENDA FIXA - FIF RESP LIMITADA,San WM,2026-05-01,3,202603,2026-08-04,12412518,12134883,12134883,0,0,0,0,0,0.67,0.67,0,8130371,8130371,0,0,1
63464504000182,FCB FUNDO INCENTIVADO DE INVESTIMENTO FINANCEIRO EM INFRAESTRUTURA RENDA FIXA,BTG WM,2025-11-01,9,202603,2026-08-04,42264099,41773091,41773091,0.4774,19942447,19871757,19633978,0.67,0.67,0.67,8045524,8116214,8353993,0,0,0
65529915000134,SANTANDER PB CORVETTE INVESTIMENTO EM INFRA RF - FIF RESP LIMITADA,San WM,2026-04-01,4,202603,2026-08-04,15172897,12083019,12083019,0,0,0,0,0,0.67,0.67,0,8095623,8095623,0,0,1
54904083000172,FUNDO DE INVESTIMENTO FINANCEIRO - CI RF INCENTIVADO DE INVESTIMENTO EM INFRAESTRUTURA VANCOUVER,BRAM,2024-08-01,24,202603,2026-08-04,68491727,67987226,67987226,0.7316,49736886,49736886,49736886,0.85,0.85,0.85,8052255,8052255,8052255,0,0,0
54779587000108,FASARO 2 FIF - FUNDO INCENTIVADO EM INVESTIMENTO EM DEB DE INFRA RF CRED PRIV - RESP LIMITADA,IAM,2024-05-01,27,202603,2026-08-04,62243493,60928153,60928153,0.7219,43986026,43748612,43453853,0.85,0.85,0.85,7802904,8040318,8335077,1,0,0
56047457000106,CS EVOLUTION FC INFRA CDI FUNDO DE INVESTIMENTO EM INFRAESTRUTURA - RENDA FIXA CRED PRIV RESP LTDA,UBS,2024-11-01,21,202603,2026-08-04,46046751,41798201,41798201,0.6599,27581646,27488647,27311818,0.67,0.85,0.85,423149,8039825,8216653,0,0,0
54384687000135,CS EVOLUTION LOYDE INFRA FUNDO DE INVESTIMENTO EM INFRAESTRUTURA - RF CRED PRIV RESP LIMITADA,UBS,2024-07-01,25,202603,2026-08-04,58120702,57401500,57401500,0.7126,40902043,40762987,40658468,0.85,0.85,0.85,7889231,8028288,8132806,0,0,0
63284019000127,KAMBY FUNDO INCENTIVADO DE INVESTIMENTO FINANCEIRO EM INFRAESTRUTURA RENDA FIXA,BTG WM,2025-10-01,10,202603,2026-08-04,126427821,119564016,119564016,0.6041,72230943,72116518,71631971,0.67,0.67,0.67,7876948,7991373,8475919,0,0,0
63405360000193,SANTANDER PB CW DIGITAL INVESTIMENTO EM INFRAESTRUTURA RENDA FIXA - FIF RESP LIMITADA,San WM,2025-12-01,8,202603,2026-08-04,22629419,21890726,21890726,0.308,6742764,6728304,6716269,0.67,0.67,0.67,7924022,7938483,7950517,1,0,0
54618187000110,CS EVOLUTION APOENA FUNDO DE INVESTIMENTO EM INFRAESTRUTURA - RENDA FIXA CRED PRIV RESP LIMITADA,UBS,2024-06-01,26,202603,2026-08-04,52261191,51640215,51640215,0.6988,36087706,35978477,35773682,0.85,0.85,0.85,7806477,7915706,8120501,0,0,0
62461101000117,MAGNO FUNDO INCENTIVADO DE INVESTIMENTO FINANCEIRO EM INFRAESTRUTURA RENDA FIXA,BTG WM,2025-12-01,8,202603,2026-08-04,21683686,21443776,21443776,0.3219,6903356,6460156,5706232,0.67,0.67,0.67,7463974,7907174,8661098,1,0,0
57017755000116,OMNIA KINEA FIF  FUNDO INCENTIVADO EM INVESTIMENTO EM DEB DE INFRA RF CRÉD PRIV RESP LIMITADA,Kinea,2024-09-01,23,202603,2026-08-04,45505002,45309023,45309023,0.6891,31221088,30652378,30080453,0.67,0.85,0.85,0,7860292,8432217,0,0,0
63898109000108,PERPETUUM CAPITAL FUNDO INCENTIVADO DE INVESTIMENTO FINANCEIRO EM INFRAESTRUTURA RENDA FIXA,BTG WM,2025-12-01,8,202603,2026-08-04,29326294,28911046,28911046,0.405,11708667,11586877,11425566,0.67,0.67,0.67,7661734,7783525,7944835,0,0,0
63706652000166,VINLAND INC XP FUNDO INCENTIVADO EM INVESTIMENTO EM DEB DE INFRA FIF RF CRED PRIV RESP LIMITADA,Vinland,2025-11-01,9,202603,2026-08-04,283166614,321973230,283166614,0.6495,183909432,181938499,179792973,0.67,0.67,0.67,5812200,7783132,9928659,1,0,0
54384289000119,CS EVOLUTION CAETE-AÇU FUNDO DE INVESTIMENTO EM INFRAESTRUTURA - RENDA FIXA CRED PRIV RESP LIMITADA,UBS,2024-07-01,25,202603,2026-08-04,39531924,39090003,39090003,0.6596,25782000,25472874,24419369,0.85,0.85,0.85,7444502,7753628,8807133,1,0,0
58252364000149,LAGO AZUL FIF INV EM INFRAESTRUTURA CLASSE DE INV EM INFRA RENDA FIXA RESP LIMITADA,Safra Asset,2025-12-01,8,202603,2026-08-04,20065951,19687387,19687387,0.2866,5642013,5510697,5349756,0.67,0.67,0.67,7548536,7679852,7840793,0,0,0
55112606000100,SABÁ FIF - CLASSE DE INVESTIMENTO RENDA FIXA INCENTIVADO INVESTIMENTO EM INFRAESTRUTURA,BTG WM,2024-06-01,26,202603,2026-08-04,49039083,48619380,48619380,0.7033,34192196,33667993,33165141,0.85,0.85,0.85,7134277,7658481,8161332,1,0,0
56052884000182,FSF JURO REAL KINEA FIF FUNDO INCENTIVADO EM INVESTIMENTO EM DEB DE INFRA RF CP RESP LIMITADA,Kinea,2024-08-01,24,202603,2026-08-04,54495167,54331022,54331022,0.7221,39233983,38582367,37978713,0.85,0.85,0.85,6947386,7599002,8202655,0,0,0
31963315000168,BB PRIMORDIUM RENDA FIXA FUNDO INCENTIVADO DE INVESTIMENTO FINANCEIRO EM INFRA RESP LIMITADA,BB Asset,2023-01-01,43,202603,2026-08-04,380984128,373020134,373020134,0.8417,313985598,309475687,295826906,0.85,0.85,0.85,3081516,7591427,21240207,1,0,0
55437858000100,OLIMPIC FUNDO INCENTIVADO DE INVESTIMENTO EM INFRAESTRUTURA RENDA FIXA,BTG WM,2024-06-01,26,202603,2026-08-04,75041886,75195521,75041886,0.7516,56399414,56198271,55844404,0.85,0.85,0.85,7386189,7587332,7941199,0,0,0
63727062000110,OCCAM INFRA ATIVO 30 BB RENDA FIXA FIF EM INFRAESTRUTURA CRÉDITO PRIVADO RESPONSABILIDADE LIMITADA,Occam,2026-01-01,7,202603,2026-08-04,23285072,22588029,22588029,0.335,7566386,7562844,7557722,0.67,0.67,0.67,7567594,7571135,7576257,0,0,0
62697173000168,VONIXX FUNDO DE INVESTIMENTO EM INFRAESTRUTURA RENDA FIXA,XPG,2025-09-01,11,202603,2026-08-04,76189567,74062147,74062147,0.5698,42198059,42055490,41873499,0.67,0.67,0.67,7423579,7566148,7748139,0,0,0
59092416000120,BARTHELEMY FUNDO INCENTIVADO DE INVESTIMENTO FINANCEIRO EM INFRAESTRUTURA RENDA FIXA,BTG WM,2025-01-01,19,202603,2026-08-04,58330079,56617747,56617747,0.7181,40655360,40568068,40256262,0.67,0.85,0.85,0,7557016,7868822,0,0,0
54643894000167,EVOLUTION GOODWINDS II FIF FUNDO INCENTIVADO EM INVEST EM DEB DE INFRA RF CRÉD PRIV RESP LIMITADA,IAM,2024-07-01,25,202603,2026-08-04,79593128,78262318,78262318,0.7567,59221773,58974525,58523598,0.85,0.85,0.85,7301197,7548445,7999373,1,0,0
54893677000125,PATUA21 FIF - FUNDO INCENTIVADO EM INVESTIMENTO EM DEB DE INFRA RF CRÉD PRIV - RESP LIMITADA,IAM,2024-05-01,27,202603,2026-08-04,48369751,47019425,47019425,0.6935,32607318,32419522,32198322,0.85,0.85,0.85,7359193,7546989,7768189,1,0,0
56053092000122,CHR KINEA FIF FUNDO INCENTIVADO EM INVESTIMENTO EM DEB DE INFRA RF CP RESP LIMITADA,Kinea,2024-08-01,24,202603,2026-08-04,57876157,57651140,57651140,0.731,42143768,41502524,40870499,0.85,0.85,0.85,6859701,7500946,8132970,0,0,0
62351636000135,PLURAL DEBÊNTURES INCENTIVADAS IMAB FIF RENDA FIXA INVESTIMENTO EM INFRAESTRUTURA - RESP LIMITADA,Plural,2025-10-01,10,202603,2026-08-04,98382440,100121475,98382440,0.5949,58525384,58435572,58084125,0.67,0.67,0.67,7390851,7480663,7832109,0,0,0
62159099000126,FLORIDA FIF FI INCENTIVADO EM DEBÊNTURES DE INFRAESTRUTURA RENDA FIXA CRED PRIV RESP LIMITADA,IAM,2025-11-01,9,202603,2026-08-04,16528670,16341837,16341837,0.2132,3483419,3474945,3465683,0.67,0.67,0.67,7465612,7474086,7483348,1,0,0
57966847000142,TULITA FIF FUNDO INCENTIVADO EM INVESTIMENTO EM DEB DE INFRA RF  CRÉD PRIV RESP LIMITADA,IAM,2025-02-01,18,202603,2026-08-04,57995755,56337340,56337340,0.7213,40633812,40417160,40098442,0.67,0.85,0.85,0,7469579,7788297,1,0,0
55588398000110,BTG PACTUAL HEDGE FIF FI INCENTIVADO EM DEBÊNTURES DE INFRA RF CRÉD PRIV ATIVO RESP LIMITADA,BTG Asset,2026-04-01,4,202603,2026-08-04,13137003,11126954,11126954,0,0,0,0,0,0.67,0.67,0,7455059,7455059,0,0,1
57955368000120,DAYCOVAL TESOURARIA FUNDO DE INVESTIMENTO FINANCEIRO EM INFRAESTRUTURA RENDA FIXA CP - RESP LIMTADA,Daycoval Asset,2025-01-01,19,202603,2026-08-04,104955423,102779182,102779182,0.7977,81983843,79930657,79930657,0.67,0.85,0.85,0,7431647,7431647,0,0,0
54794954000142,SANTANDER PB VII INVESTIMENTO EM INFRAESTRUTURA RENDA FIXA - FIF RESP LIMITADA,San WM,2024-08-01,24,202603,2026-08-04,61041401,61168658,61041401,0.733,44742755,44453885,44385406,0.85,0.85,0.85,7142436,7431306,7499785,0,0,0
55317990000188,BOCAINA INFRA 60 IPCA MASTER I FUNDO INCENT DE INVEST EM INFRA RENDA FIXA CRED PRIV RESP LIMITADA,Bocaina,2024-06-01,26,202603,2026-08-04,49999027,42239592,42239592,0.684,28893775,28496866,28343633,0.85,0.85,0.85,7009878,7406787,7560020,0,0,0
62986829000162,SANTANDER PB 320 INVESTIMENTO EM INFRA RENDA FIXA - FIF RESP LIMITADA,San WM,2025-11-01,9,202603,2026-08-04,76093946,73805422,73805422,0.5722,42233588,42118223,41924098,0.67,0.67,0.67,7216045,7331410,7525535,1,0,0
55898593000147,FUNDO DE INVESTIMENTO FINANCEIRO - CI RENDA FIXA INCENTIVADO INVESTIMENTO EM INFRAESTRUTURA G5 FR4,G5,2024-09-01,23,202603,2026-08-04,44923713,44426617,44426617,0.69,30655889,30441713,29963713,0.67,0.85,0.85,0,7320911,7798912,1,0,0
58416021000172,GUAIUBA FIF - FUNDO INCENTIVADO EM INVESTIMENTO EM DEBÊNTURES DE INFRA RF CRED PRIV RESP LIMITADA,IAM,2025-02-01,18,202603,2026-08-04,41026438,38159108,38159108,0.6623,25274486,25129043,24964861,0.67,0.85,0.85,292117,7306199,7470381,1,0,0
64059160000199,SANTANDER PB ALLGREEN INVESTIMENTO EM INFRAESTRUTURA RENDA FIXA - FIF RESP LIMITADA,San WM,2026-01-01,7,202603,2026-08-04,20316756,19675430,19675430,0.3026,5954597,5941660,5930899,0.67,0.67,0.67,7227941,7240879,7251639,1,0,0
59108512000119,MATERA FUNDO INCENTIVADO DE INVESTIMENTO FINANCEIRO EM INFRAESTRUTURA RENDA FIXA,BTG WM,2025-02-01,18,202603,2026-08-04,50598734,49256848,49256848,0.7057,34762501,34632074,34453634,0.67,0.85,0.85,0,7236246,7414687,0,0,0
37893354000112,FAPES KINEA FUNDO DE INVESTIMENTO FINANCEIRO RENDA FIXA CRÉDITO PRIVADO RESPONSABILIDADE LIMITADA,Kinea,2023-01-01,43,202603,2026-08-04,58077136,57986380,57986380,0.7393,42867509,42055458,41521384,0.85,0.85,0.85,6420914,7232965,7767039,0,0,0
55250638000172,ÂMBAR FIF FUNDO INCENTIVADO EM INVESTIMENTO EM DEBÊNTURES DE INF RF CRÉD PRIVADO RESP LIMITADA,IAM,2024-06-01,26,202603,2026-08-04,45566293,44858055,44858055,0.6933,31099490,30915707,30706088,0.85,0.85,0.85,7029857,7213640,7423259,1,0,0
55898568000163,EVIMERÍA KINEA FIF - FUNDO INCENTIVADO EM INVESTIMENTO EM DEB DE INFRA RF CRED PRIV - RESP LIMITADA,Kinea,2024-07-01,25,202603,2026-08-04,57422444,57343769,57343769,0.7373,42278616,41535934,40838035,0.85,0.85,0.85,6463589,7206270,7904169,0,0,0
55981966000149,PXT FUNDO INCENTIVADO DE INVESTIMENTO EM INFRAESTRUTURA RENDA FIXA,BTG WM,2024-07-01,25,202603,2026-08-04,44013791,46254638,44013791,0.6942,30552267,30278138,29715199,0.85,0.85,0.85,6859456,7133585,7696524,0,0,0
57151194000143,IRIDIUM INFRA MASTER I FUNDO INCENTIVADO DE INVESTIMENTO EM INFRAESTRUTURA RENDA FIXA,Iridium,2024-10-01,22,202603,2026-08-04,45844762,46189173,45844762,0.7214,33074262,31851072,30954539,0.67,0.85,0.85,0,7116976,8013509,0,0,0
53803655000164,SERIGY DEBÊNTURES FIF - CLASSE DE INVESTIMENTO RF INCENTIVADO DE INVESTIMENTO EM INFRAESTRUTURA,BTG WM,2024-07-01,25,202603,2026-08-04,32506442,27055121,27055121,0.5901,15964949,15882270,15845310,0.85,0.85,0.85,7031904,7114582,7151543,0,0,0
63610895000104,GUANACO KINEA FIF FI INCENTIVADO EM DEBÊNTURES DE INFRA RF CRED PRIV RESP LIMITADA,Kinea,2025-12-01,8,202603,2026-08-04,22175076,21881330,21881330,0.3459,7569634,7546275,7346435,0.67,0.67,0.67,7090857,7114216,7314056,0,0,0
65835898000163,SANTANDER PB FSC INVESTIMENTO EM INFRAESTRUTURA RENDA FIXA - FIF RESP LIMITADA,San WM,2026-06-01,2,202603,2026-08-04,10699930,10568638,10568638,0,0,0,0,0,0.67,0.67,0,7080987,7080987,0,0,1
62318422000167,32 FIF FI INCENTIVADO EM DEBÊNTURES DE INFRA RENDA FIXA CRÉDITO PRIVADO RESP LIMITADA,IAM,2025-12-01,8,202603,2026-08-04,14951593,14556518,14556518,0.1842,2681281,2678773,2675762,0.67,0.67,0.67,7071586,7074094,7077105,1,0,0
55111228000140,APEIRON FIF - CLASSE DE INVESTIMENTO INCENTIVADO DE INVESTIMENTO EM INFRAESTRUTURA RENDA FIXA,BTG WM,2024-06-01,26,202603,2026-08-04,59641818,59129836,59129836,0.7339,43396337,43196535,42607398,0.85,0.85,0.85,6864024,7063826,7652962,0,0,0
57897828000101,PIRAQUARA FUNDO DE INVESTIMENTO EM INFRAESTRUTURA RENDA FIXA CRÉDITO PRIVADO,XPG,2025-02-01,18,202603,2026-08-04,29124807,28610514,28610514,0.6074,17378227,17272263,17061134,0.67,0.85,0.85,1790817,7046673,7257802,0,0,0
66148652000186,SANTANDER PB VILLA INVESTIMENTO EM INFRAESTRUTURA RENDA FIXA - FIF RESP LIMITADA,San WM,2026-05-01,3,202603,2026-08-04,13987547,10428503,10428503,0,0,0,0,0,0.67,0.67,0,6987097,6987097,0,0,1
55939214000110,SCOTT KINEA FIF FUNDO INCENTIVADO EM INVESTIMENTO EM DEB DE INFRA RF CRED PRIV RESP LIMITADA,Kinea,2024-07-01,25,202603,2026-08-04,68151978,68069226,68069226,0.7599,51728323,50877709,50080293,0.85,0.85,0.85,6130519,6981132,7778548,0,0,0
55342126000136,AVANTI FIF CIC FI INCENTIVADO EM DEBÊNTURES DE INFRA RF CRED PRIV RESP LIMITADA,IAM,2024-07-01,25,202603,2026-08-04,44945709,43996953,43996953,0.6954,30595167,30418474,30204393,0.85,0.85,0.85,6802243,6978936,7193016,1,0,0
54170554000166,FAZENDA SALVATI I CDI FIF - FUNDO INCENTIVADO EM INV DEB INFRA RF CRED PRIV - RESP LIMITADA,IAM,2024-05-01,27,202603,2026-08-04,41652699,40350088,40350088,0.6808,27472020,27324948,27144675,0.85,0.85,0.85,6825555,6972626,7152900,1,0,0
54803982000189,ÉXES FUNDO DE INVESTIMENTO FINANCEIRO EM INFRAESTRUTURA RENDA FIXA CRÉDITO  PRIVADO LONGO PRAZO - DE,Exes,2024-09-01,23,202603,2026-08-04,43110450,43117759,43110450,0.6893,29717946,29717946,29717946,0.67,0.85,0.85,0,6925937,6925937,0,0,0
26362496000137,SAFRA INFRAESTRUTURA MASTER FIF INV EM INFRAESTRUTURA CI EM INFRA RF LONGO PRAZO RESP LIMITADA,Safra Asset,2023-01-01,43,202603,2026-08-04,260400020,265239209,260400020,0.8554,222738706,214417197,208206054,0.85,0.85,0.85,0,6922820,13133963,0,0,0
56047653000180,RIZOMA FUNDO INCENTIVADO DE INVESTIMENTO EM INFRAESTRUTURA RENDA FIXA,Portofino,2024-08-01,24,202603,2026-08-04,49298057,48498604,48498604,0.7113,34498440,34303227,33739876,0.85,0.85,0.85,6725373,6920586,7483937,1,0,0
57249756000196,ATEM8 FIF - FUNDO INCENTIVADO EM INVESTIMENTO EM DEB DE INFRA RF CRÉDITO PRIVADO RESP LIMITADA,IAM,2024-10-01,22,202603,2026-08-04,51367058,50199933,50199933,0.7153,35909910,35760463,35495918,0.67,0.85,0.85,0,6909480,7174025,1,0,0
57439066000108,FIF - CLASSE DE INVESTIMENTO RENDA FIXA INCENTIVADO DE INVESTIMENTO EM INFRAESTRUTURA DWOLF,BRAM,2024-11-01,21,202603,2026-08-04,40515702,40078116,40078116,0.6785,27194340,27184972,27164985,0.67,0.85,0.85,0,6881427,6901414,0,0,0
55053084000113,BB JATO INFRA RF FUNDO INCENTIVADO DE INVESTIMENTO FINANCEIRO EM INFRAESTRUTURA RESP LIMITADA,BB Asset,2024-06-01,26,202603,2026-08-04,42525064,42065079,42065079,0.6873,28911801,28896504,28856792,0.85,0.85,0.85,6843517,6858814,6898525,0,0,0
62831874000148,SANTANDER PB TERRA II INVESTIMENTO EM INFRAESTRUTURA RENDA FIXA - FIF RESP LIMITADA,San WM,2025-12-01,8,202603,2026-08-04,32319877,31366555,31366555,0.4521,14179826,14162421,14148562,0.67,0.67,0.67,6835766,6853170,6867030,1,0,0
63826355000154,ICATU VANGUARDA CDI IU 95/5 FIF - CI INCENTIVADO DE INVESTIMENTO EM  INFRA RF LP - RESP LIMITADA,Icatu,2025-12-01,8,202603,2026-08-04,70397082,75241018,70397082,0.5793,40782835,40345876,39877068,0.67,0.67,0.67,6383210,6820169,7288977,1,0,0
65818203000135,CH FIF - CLASSE DE INVESTIMENTO RENDA FIXA INCENTIVADO DE INVESTIMENTO EM INFRAESTRUTURA - RESP LTDA,BRAM,2026-03-01,5,202603,2026-08-04,30253976,31261950,30253976,0.4594,13899645,13487790,12648358,0,0.67,0.67,0,6782374,7621805,0,0,0
56060474000183,AURORA 18 CLASSE DE INVESTIMENTO EM  INFRAESTRUTURA RENDA FIXA - RESP LIMITADA,Turim,2024-09-01,23,202603,2026-08-04,39689287,39262057,39262057,0.681,26739260,26643040,26310620,0.67,0.85,0.85,0,6729708,7062128,0,0,0
63230112000159,PROSPERUS FUNDO INCENTIVADO DE INVESTIMENTO FINANCEIRO EM INFRAESTRUTURA RENDA FIXA,Oriz,2025-11-01,9,202603,2026-08-04,34075259,33731714,33731714,0.4746,16009741,15927632,15784110,0.67,0.67,0.67,6590508,6672616,6816138,0,0,0
62361815000153,RANGIROA FIF - CI RENDA FIXA INCENTIVADO DE INVESTIMENTO EM INFRAESTRUTURA RESPONSABILIDADE LIMITADA,UBS,2025-10-01,10,202603,2026-08-04,57985549,62019872,57985549,0.5574,32318993,32205395,32047409,0.67,0.67,0.67,6531325,6644922,6802909,0,0,0
54936922000134,ROKA ALPES FUNDO INCENTIVADO DE INVESTIMENTO EM INFRAESTRUTURA RENDA FIXA,RBR,2024-05-01,27,202603,2026-08-04,50011380,49527368,49527368,0.7358,36442859,35465528,34468961,0.85,0.85,0.85,5655404,6632735,7629301,0,0,0
63383872000104,SANTANDER PB ASTROS INVESTIMENTO EM INFRAESTRUTURA RENDA FIXA - FIF RESP LIMITADA,San WM,2026-01-01,7,202603,2026-08-04,21910113,21196812,21196812,0.3615,7662518,7650659,7641226,0.67,0.67,0.67,6539346,6551206,6560639,1,0,0
55177251000138,MC3 FIF INVESTIMENTO EM INFRAESTRUTURA CI EM INFRA RENDA FIXA RESP LIMITADA,Safra Asset,2024-12-01,20,202603,2026-08-04,37680607,36628687,36628687,0.6898,25267170,24589696,23386473,0.67,0.85,0.85,0,6544688,7747910,0,0,0
63338774000147,TRENTO FUNDO INCENTIVADO DE INVESTIMENTO FINANCEIRO EM INFRAESTRUTURA RENDA FIXA,BTG WM,2025-10-01,10,202603,2026-08-04,32630745,31654354,31654354,0.4651,14722761,14681607,14529301,0.67,0.67,0.67,6485655,6526809,6679115,0,0,0
55172242000154,SANTANDER PB JEQUITIBÁ INVESTIMENTO EM INFRAESTRUTURA RENDA FIXA - FIF RESP LIMITADA,San WM,2024-06-01,26,202603,2026-08-04,82348122,83874465,82348122,0.7738,63717893,63539759,63023338,0.85,0.85,0.85,6278010,6456145,6972565,1,0,0
63405764000187,VINLAND DEB DE INFRA A IPCA IMA-B5 FIF FUNDO INC EM INVEST EM DEB DE INFRA RF CP RESP LIMITADA,Vinland,2026-04-01,4,202603,2026-08-04,22348827,9609121,9609121,0,0,0,0,0,0.67,0.67,0,6438111,6438111,0,0,1
54979157000130,FUNDO DE INVESTIMENTO FINANCEIRO CI RENDA FIXA INCENTIVADA INVESTIMENTO EM INFRAESTRUTURA G5 MODENA,G5,2024-05-01,27,202603,2026-08-04,24462942,24030334,24030334,0.6226,14961129,14037104,12934954,0.85,0.85,0.85,5464654,6388680,7490829,1,0,0
28259415000101,IRIDIUM PIONEER DEB INCENTIVADAS FUNDO INCENT DE INVEST FINANCEIRO EM INFRA RENDA FIXA - RESP LTDA,Iridium,2023-01-01,43,202603,2026-08-04,98176300,102008903,98176300,0.8419,82655192,77062972,70042876,0.85,0.85,0.85,794663,6386884,13406979,1,0,0
34793170000192,ICATU VANGUARDA FIF - CLASSE INCENTIVADA DE INVESTIMENTO EM INFRA RENDA FIXA LP - RESP LIMITADA,Icatu,2023-01-01,43,202603,2026-08-04,149993327,150711979,149993327,0.8193,122886309,121126004,119104509,0.85,0.85,0.85,4608019,6368324,8389819,1,0,0
58736286000158,ALGEDI INFRA FUNDO INCENTIVADO DE INVESTIMENTO FINANCEIRO EM INFRAESTRUTURA RENDA FIXA,BTG WM,2025-01-01,19,202603,2026-08-04,38995701,38598042,38598042,0.6905,26652889,26463171,26204452,0.67,0.85,0.85,0,6345164,6603884,0,0,0
62852342000197,SANTA ESMERALDA FUNDO INCENTIVADO DE INVESTIMENTO FINANCEIRO EM INFRAESTRUTURA RENDA FIXA,BTG WM,2025-11-01,9,202603,2026-08-04,24445369,24262323,24262323,0.4102,9952391,9932866,9829427,0.67,0.67,0.67,6303365,6322890,6426329,0,0,0
57499088000155,HUNA DEBÊNTURES INCENTIVADAS FUNDO INCENTIVADO DE INVEST FINANCEIRO EM INFRAESTRUTURA RENDA FIXA,SWM,2024-10-01,22,202603,2026-08-04,26099000,25668954,25668954,0.6046,15518688,15500179,15228706,0.67,0.85,0.85,1679511,6318432,6589906,0,0,0
57226027000114,OPPORTUNITY FIF RENDA FIXA INVESTIMENTO INCENTIVADO EM INFRAESTRUTURA CRÉDITO PRIVADO - RL,Opportunity,2024-09-01,23,202603,2026-08-04,32273035,28840847,28840847,0.6377,18390378,18238519,17947422,0.67,0.85,0.85,932990,6276202,6567298,0,0,0
56199309000107,SAEG FIF - FUNDO INCENTIVADO EM INVESTIMENTO EM DEBÊNTURES DE INFRA RF CRED PRIV RESP LIMITADA,IAM,2024-09-01,23,202603,2026-08-04,34606194,33603360,33603360,0.6678,22439768,22305142,22133527,0.67,0.85,0.85,74484,6257715,6429329,1,0,0
59150919000104,GENESIS KINEA FIF FUNDO INCENTIVADO EM INVESTIMENTO EM DEB DE INFRA RF CRED PRIV RESP LIMITADA,Kinea,2025-02-01,18,202603,2026-08-04,45074694,44965259,44965259,0.7245,32577347,31992506,31429404,0.67,0.85,0.85,0,6227964,6791066,0,0,0
55507601000187,SANTANDER PB VESTRAL INVESTIMENTO EM INFRAESTRUTURA RENDA FIXA - FIF RESP LIMITADA,San WM,2024-08-01,24,202603,2026-08-04,43465315,43533426,43465315,0.7115,30925044,30734136,30024682,0.85,0.85,0.85,6020473,6211382,6920836,1,0,0
57280201000107,EVOLUTION NAUTILUS FIF CLASSE DE INVESTIMENTO RENDA FIXA INCENTIVADO DE DE INVESTIMENTO EM INFRA,BRAM,2025-02-01,18,202603,2026-08-04,68456292,66315840,66315840,0.7599,50394911,50198882,50077504,0.67,0.85,0.85,0,6169582,6290960,1,0,0
56171855000130,SANTANDER PB ESQUILO INVESTIMENTO EM INFRAESTRUTURA RENDA FIXA - FIF RESP LIMITADA,San WM,2025-02-01,18,202603,2026-08-04,37465547,36490644,36490644,0.6818,24879603,24851431,24810391,0.67,0.85,0.85,0,6165616,6206656,0,0,0
63022242000104,SANTANDER PB VALOR INFRA INVESTIMENTO EM INFRAESTRUTURA RENDA FIXA - FIF RESP LIMITADA,San WM,2026-01-01,7,202603,2026-08-04,15569536,15109684,15109684,0.2689,4063329,4053266,4044882,0.67,0.67,0.67,6060159,6070222,6078606,1,0,0
57746542000125,TUTOAIA FIF - CI RENDA FIXA INCENTIVADO DE INVESTIMENTO EM INFRAESTRUTURA - RESP LIMITADA,BTG WM,2024-12-01,20,202603,2026-08-04,41428806,40878530,40878530,0.7298,29831436,28690490,27868529,0.67,0.85,0.85,0,6056260,6878221,0,0,0
54115354000100,SUNSET C CDI FIF- FUNDO INCENTIVADO EM INVESTIMENTO EM DEB DE INFRA RF CRÉD PRIV- RESP LIMITADA,IAM,2024-05-01,27,202603,2026-08-04,53674095,52057548,52057548,0.7373,38379523,38197895,37946001,0.85,0.85,0.85,5869393,6051021,6302914,1,0,0
57796012000191,TUCUNARÉ FUNDO INCENTIVADO DE INVESTIMENTO EM INFRAESTRUTURA RENDA FIXA CRÉDITO PRIVADO,Oriz,2024-11-01,21,202603,2026-08-04,32839225,32447684,32447684,0.6675,21659767,21550350,21140309,0.67,0.85,0.85,80181,6030182,6440223,0,0,0
54341666000132,V7 FUNDO INCENTIVADO DE INVESTIMENTO EM INFRAESTRUTURA RENDA FIXA,BTG WM,2024-03-01,29,202603,2026-08-04,113725630,122501787,113725630,0.8009,91088269,90654737,88523889,0.85,0.85,0.85,5578517,6012048,8142896,0,0,0
54855450000195,SANTANDER PB J-O-C-A INVESTIMENTO EM INFRAESTRUTURA RENDA FIXA - FIF RESP LIMITADA,San WM,2024-11-01,21,202603,2026-08-04,35964667,35767716,35767716,0.6854,24514208,24405555,24300307,0.67,0.85,0.85,0,5997003,6102251,0,0,0
56174498000163,DRACO FIF - FUNDO INCENTIVADO EM INVESTIMENTO EM DEB DE INFRAESTRUTURA RF CRED PRIV RESP LIMITADA,IAM,2024-08-01,24,202603,2026-08-04,45340076,44959170,44959170,0.7201,32374747,32224783,32016942,0.85,0.85,0.85,5840548,5990511,6198352,1,0,0
62411943000164,DUPLA CLASSE DE INVESTIMENTO EM RENDA FIXA INFRAESTRUTURA - RESPONSABILIDADE LIMITADA,UBS,2025-10-01,10,202603,2026-08-04,21477512,24252511,21477512,0.3935,8452419,8445412,8413270,0.67,0.67,0.67,5937515,5944521,5976663,0,0,0
54566226000183,JACARANDÁ KINEA FIF FUNDO INCENTIVADO EM INVESTIMENTO EM DEB INFRA RF CRED PRIV - RESP LIMITADA,Kinea,2024-04-01,28,202603,2026-08-04,146310071,140521374,140521374,0.8216,115455166,113509551,111662803,0.85,0.85,0.85,3988002,5933617,7780365,0,0,0
62991350000114,IJB INVESTIMENTOS FIF - CLASSE DE INVESTIMENTO RENDA FIXA INCENTIVADO DE INVESTIMENTO EM INFRA,BRAM,2026-01-01,7,202603,2026-08-04,20877640,20569023,20569023,0.3861,7941184,7864772,7649018,0.67,0.67,0.67,5840061,5916473,6132228,0,0,0
65835445000137,BB ALNITAK INFRA RENDA FIXA FUNDO INCENTIVADO DE INVEST FINAN EM INFRAESTRUTURA RESP LIMITADA,BB Asset,2026-05-01,3,202603,2026-08-04,8813220,8657733,8657733,0,0,0,0,0,0.67,0.67,0,5800681,5800681,0,0,1
64986160000134,SANTANDER PB VIENA INVESTIMENTO EM INFRAESTRUTURA RENDA FIXA - FIF RESP LIMITADA,San WM,2026-06-01,2,202603,2026-08-04,8764105,8627649,8627649,0,0,0,0,0,0.67,0.67,0,5780525,5780525,0,0,1
57378230000106,MIGELLO KINEA FIF FUNDO INCENTIVADO EM INVESTIMENTO EM DEB DE INFRA RF CRÉD PRIV RESP LIMITADA,Kinea,2024-10-01,22,202603,2026-08-04,43397369,43271576,43271576,0.7298,31578995,31009331,30467564,0.67,0.85,0.85,0,5771508,6313276,0,0,0
55751548000165,GFO II FIF - FUNDO INCENTIVADO EM INVESTIMENTO EM DEBÊNTURES DE INFRA RF CRÉD PRIV RESP LIMITADA,IAM,2024-07-01,25,202603,2026-08-04,54052934,53218353,53218353,0.7456,39678997,39468748,39196018,0.85,0.85,0.85,5556603,5766852,6039582,1,0,0
55020138000144,ARAK FIF - CLASSE DE  INVESTIMENTO RENDA FIXA INCENTIVADO INVESTIMENTO EM INFRAESTRUTURA,BTG WM,2024-06-01,26,202603,2026-08-04,32417975,32017189,32017189,0.6827,21857513,21478181,21268099,0.85,0.85,0.85,5357098,5736430,5946511,1,0,0
53759902000172,DUNA FIF - FUNDO INCENTIVADO EM INVESTIMENTO EM DEB DE INFRA RF CRÉD PRIV - RESP LIMITADA,IAM,2024-03-01,29,202603,2026-08-04,73090406,71620194,71620194,0.7738,55419722,55167084,54821417,0.85,0.85,0.85,5457443,5710081,6055748,1,0,0
55701008000177,BTG PACTUAL DÍVIDA INFRA CDI MASTER FUNDO INCENTIVADO DE INVESTIMENTO EM INFRAESTRUTURA RENDA FIXA,BTG Asset,2024-06-01,26,202603,2026-08-04,65490366,67014372,65490366,0.7716,50533183,49981789,48030784,0.85,0.85,0.85,5133628,5685022,7636026,0,0,0
51063538000186,PAV FIF INVESTIMENTO EM INFRAESTRUTURA CI EM INFRAESTRUTURA RENDA FIXA RESPONSABILIDADE LIMITADA,Safra Asset,2024-07-01,25,202603,2026-08-04,40385591,38896816,38896816,0.733,28511632,27378518,26207882,0.85,0.85,0.85,4550662,5683776,6854412,0,0,0
57285759000185,VRP FIF - FUNDO INCENTIVADO EM INVESTIMENTO EM DEBÊNTURES DE INFRA RF CRÉDITO PRIVADO RESP LIMITADA,IAM,2024-10-01,22,202603,2026-08-04,37769625,36684925,36684925,0.6998,25672690,25570821,25375584,0.67,0.85,0.85,0,5611365,5806602,1,0,0
54125545000153,BRADESCO FUNDO DE INVESTIMENTO FINANCEIRO CI RENDA FIXA INCENTIVADO DE INVESTIMENTO EM INFRA GR II,BRAM,2024-12-01,20,202603,2026-08-04,74014671,73306562,73306562,0.7736,56712123,56712123,56712123,0.67,0.85,0.85,0,5598454,5598454,0,0,0
56089347000107,SANTANDER PB FDM INVESTIMENTO EM INFRAESTRUTURA RENDA FIXA - FIF RESP LIMITADA,San WM,2024-08-01,24,202603,2026-08-04,43598964,43613065,43598964,0.7239,31561206,31460883,30907405,0.85,0.85,0.85,5497913,5598236,6151714,1,0,0
54600520000164,ARZUA FUNDO INCENTIVADO DE INVESTIMENTO EM INFRAESTRUTURA RENDA FIXA - CRÉDITO PRIVADO,BTG WM,2024-04-01,28,202603,2026-08-04,80942453,79100897,79100897,0.7835,61976354,61653004,61092873,0.85,0.85,0.85,5259409,5582758,6142890,0,0,0
57473503000100,FUNDO DE INVESTIMENTO FINANCEIRO - CI RENDA FIXA INCENTIVADO DE INVESTIMENTO EM INFRA BALDER,BRAM,2024-10-01,22,202603,2026-08-04,73977990,73118427,73118427,0.7777,56860613,56639449,55738678,0.67,0.85,0.85,0,5511214,6411985,1,0,0
54900133000143,ATID FIF FUNDO INCENTIVADO EM INVESTIMENTO EM DEBÊNTURES DE INF RF CRÉD PRIVADO RESP LIMITADA,IAM,2024-07-01,25,202603,2026-08-04,40529445,39002174,39002174,0.7128,27802562,27671709,27450482,0.85,0.85,0.85,5349286,5480139,5701367,1,0,0
56659416000170,FUNDO DE INVESTIMENTO FINANCEIRO - CI RENDA FIXA INCENTIVADA INVESTIMENTO EM INFRA G5 CIUDAD VIEJA,G5,2024-11-01,21,202603,2026-08-04,33012508,32403584,32403584,0.6986,22636710,22065036,21472162,0.67,0.85,0.85,0,5478010,6070884,0,0,0
55110714000144,ALCYONE FIF - CLASSE DE INVESTIMENTO RENDA FIXA INCENTIVADO INVESTIMENTO EM INFRAESTRUTURA,BTG WM,2024-07-01,25,202603,2026-08-04,56731020,56209664,56209664,0.7606,42753333,42307803,42079437,0.85,0.85,0.85,5024881,5470411,5698778,0,0,0
54883919000108,CAPITÂNIA CANA FIF FUNDO INCENTIVADO EM INVESTIMENTO EM DEB DE INF RF CRÉD PRIVADO - RESP LIMITADA,Capitânia,2024-06-01,26,202603,2026-08-04,65238341,63391272,63391272,0.7761,49196347,48437813,46963002,0.85,0.85,0.85,4686234,5444768,6919579,1,0,0
54835274000120,BMV KINEA INFRA FIF FUNDO INCENTIVADO EM INVESTIMENTO EM DEB DE INFRA RF CRED PRIV RESP LIMITADA,Kinea,2024-09-01,23,202603,2026-08-04,34860771,34781494,34781494,0.7066,24576720,24132245,23705954,0.67,0.85,0.85,0,5432025,5858316,0,0,0
55379681000132,SANTANDER PB IG3 INVESTIMENTO EM INFRAESTRUTURA RENDA FIXA - FIF RESP LIMITADA,San WM,2024-07-01,25,202603,2026-08-04,33043756,31959091,31959091,0.6867,21947792,21794716,21639648,0.85,0.85,0.85,5217436,5370512,5525579,0,0,0
50946766000131,PÉGASUS KINEA FIF FUNDO INCENTIVADO EM INVESTIMENTO EM DEB DE INFRA RF CRED PRIV RESP LIMITADA,Kinea,2023-06-01,38,202603,2026-08-04,334309968,320742079,320742079,0.8475,271824777,267266072,262964824,0.85,0.85,0.85,805991,5364696,9665944,0,0,0
53776595000138,CS EVOLUTION  FARO FUNDO DE INVESTIMENTO EM INFRAESTRUTURA - RENDA FIXA CRÉD PRIV RESP LIMITADA,UBS,2024-06-01,26,202603,2026-08-04,34819804,34423515,34423515,0.6971,23996978,23916574,23784266,0.85,0.85,0.85,5263010,5343414,5475722,0,0,0
54486726000105,FQJ2 KINEA FIF - FUNDO INCENTIVADO EM INVESTIMENTO EM DEB DE INFRA RF CRÉD PRIV - RESP LIMITADA,Kinea,2024-04-01,28,202603,2026-08-04,83009049,82879186,82879186,0.7994,66255559,65104275,63996925,0.85,0.85,0.85,4191750,5343033,6450383,0,0,0
58110964000172,RODANO FUNDO INCENTIVADO DE INVESTIMENTO FINANCEIRO EM INFRAESTRUTURA RENDA FIXA,BTG WM,2024-12-01,20,202603,2026-08-04,66918748,68810531,66918748,0.7745,51828306,51557435,51019497,0.67,0.85,0.85,0,5323501,5861439,0,0,0
62672551000159,0409 FIF FUNDO INCENTIVADO EM INVESTIMENTO EM DEBÊNTURES DE INFRA RF CRED PRIV RESP LIMITADA,IAM,2025-12-01,8,202603,2026-08-04,15553644,15294000,15294000,0.3239,4953262,4929385,4821196,0.67,0.67,0.67,5293718,5317595,5425784,1,0,0
62790193000189,BRONCOS FUNDO INCENTIVADO DE INVESTIMENTO FINANCEIRO EM INFRAESTRUTURA RENDA FIXA,BTG WM,2025-10-01,10,202603,2026-08-04,23000997,22478184,22478184,0.435,9778349,9742940,9623785,0.67,0.67,0.67,5282035,5317443,5436598,0,0,0
54754380000189,LVT FUNDO INCENTIVADO DE INVESTIMENTO EM INFRAESTRUTURA RENDA FIXA,BTG WM,2024-05-01,27,202603,2026-08-04,36687352,36942941,36687352,0.7081,25978965,25874237,25668030,0.85,0.85,0.85,5205284,5310012,5516219,0,0,0
55019751000141,RONTANO FUNDO INCENTIVADO DE INVESTIMENTO FINANCEIRO EM INFRAESTRUTURA RENDA FIXA,BTG WM,2024-05-01,27,202603,2026-08-04,59005535,58468092,58468092,0.7645,44697594,44488057,44396568,0.85,0.85,0.85,5000284,5209821,5301310,0,0,0
55897646000105,WHG JBA DEBÊNTURES INCENTIVADAS FUNDO DE INVESTIMENTO MULTIMERCADO CRÉDITO PRIVADO,WHG,2024-07-01,25,202603,2026-08-04,36222477,35511697,35511697,0.7127,25307938,24990342,24706795,0.85,0.85,0.85,4877004,5194601,5478147,0,0,0
22013612000151,TURMALINA FIF FUNDO INCENTIVADO EM INVESTIMENTO EM DEBÊNTURES DE INFRA RF CRED PRIV RESP LIMITADA,Perfin,2023-01-01,43,202603,2026-08-04,99013960,85299210,85299210,0.8707,74268699,67324013,58936013,0.85,0.85,0.85,0,5180316,13568315,1,0,0
54644413000138,MALTA KINEA FIF - FUNDO INCENTIVADO EM INVESTIMENTO EM DEB DE INFRA RF CP  - RESP LIMITADA,Kinea,2024-04-01,28,202603,2026-08-04,57954318,57873096,57873096,0.7729,44729630,44027560,43355108,0.85,0.85,0.85,4462501,5164572,5837023,0,0,0
57138450000162,SOVIZZO FIF - FUNDO INCENTIVADO EM INVESTIMENTO EM DEB DE INFRA RENDA FIXA CRED PRIV RESP LIMITADA,IAM,2024-09-01,23,202603,2026-08-04,48856674,48418882,48418882,0.747,36169445,35993012,35755067,0.67,0.85,0.85,0,5163038,5400983,1,0,0
55563322000130,CTA FUTURO FUNDO INCENTIVADO DE INVESTIMENTO EM INFRAESTRUTURA RENDA FIXA,BTG WM,2024-09-01,23,202603,2026-08-04,51171933,49916539,49916539,0.7518,37528373,37273473,36112580,0.67,0.85,0.85,0,5155585,6316478,0,0,0
55507561000173,SANTANDER PB STN INVESTIMENTO EM INFRAESTRUTURA RENDA FIXA - FIF RESP LIMITADA,San WM,2024-12-01,20,202603,2026-08-04,34574644,34651799,34574644,0.7048,24367103,24276330,24190445,0.67,0.85,0.85,0,5112118,5198002,1,0,0
50652489000154,LEIA EXCELLENCE FIF EM INFRA CLASSE DE INVESTIMENTO EM INFRAESTRUTURA RENDA FIXA RESP LIMITADA,Safra Asset,2024-02-01,30,202603,2026-08-04,339507121,261742503,261742503,0.8408,220075249,217375465,211767403,0.85,0.85,0.85,2405879,5105663,10713725,1,0,0
54384365000196,CS EVOLUTION ISLA FUNDO DE INVESTIMENTO EM INFRAESTRUTURA - RENDA FIXA CRÉDITO PRIVADO RESP LIMITADA,UBS,2024-06-01,26,202603,2026-08-04,35288801,34202282,34202282,0.7045,24096083,24010798,23977879,0.85,0.85,0.85,4975857,5061142,5094061,0,0,0
63405863000169,SANTANDER PB CWB11 INVESTIMENTO EM INFRAESTRUTURA RENDA FIXA - FIF RESP LIMITADA,San WM,2025-12-01,8,202603,2026-08-04,14716387,13619722,13619722,0.303,4126555,4119275,4113176,0.67,0.67,0.67,4998659,5005939,5012037,1,0,0
55538070000190,FUNDO DE INVESTIMENTO FINANCEIRO - CI RENDA FIXA INCENTIVADA INVESTIMENTO EM INFRAESTRUTURA ANGORÁ,G5,2024-10-01,22,202603,2026-08-04,30463680,30049068,30049068,0.6999,21030325,20562279,19927879,0.67,0.85,0.85,0,4979429,5613829,1,0,0
54374180000109,MONTECATINI FUNDO INCENTIVADO DE INVEST EM INFRA RENDA FIXA CRÉD PRIV RESPONSABILIDADE LIMITADA,Portofino,2024-05-01,27,202603,2026-08-04,31262588,28466594,28466594,0.6812,19390528,19224856,18697305,0.85,0.85,0.85,4806076,4971749,5499299,1,0,0
62806106000134,SANTANDER PB PLANETA BRASIL INVESTIMENTO EM INFRA RF - FIF RESP LIMITADA,San WM,2025-11-01,9,202603,2026-08-04,70090923,69734438,69734438,0.6,41841475,41777276,41720542,0.67,0.67,0.67,4880598,4944797,5001531,1,0,0
56175172000150,MNG FIF - FUNDO INCENTIVADO EM INVESTIMENTO EM DEB DE INFRAESTRUTURA RF CRED PRIV RESP LIMITADA,IAM,2024-08-01,24,202603,2026-08-04,49737137,51566188,49737137,0.7546,37529516,37352839,37087175,0.85,0.85,0.85,4747051,4923727,5189391,1,0,0
55112525000100,CATUTTO FIF FUNDO INCENTIVADO EM INVESTIMENTO EM DEB DE INFRA RF CRED PRIV RESP LIMITADA,IAM,2024-08-01,24,202603,2026-08-04,27142526,26890172,26890172,0.6749,18148764,17953662,17878559,0.85,0.85,0.85,4707883,4902985,4978088,0,0,0
54680816000132,FLAG KINEA FIF - FUNDO INCENTIVADO EM INVESTIMENTO EM DEB DE INFRA RF CP - RESP LIMITADA,Kinea,2024-05-01,27,202603,2026-08-04,52727766,52661322,52661322,0.7692,40507994,39862862,39238226,0.85,0.85,0.85,4254130,4899261,5523897,0,0,0
53980788000106,LOLOCA II FIF - FUNDO INCENTIVADO EM INV EM DEB DE INFRA RF CRÉD PRIV - RESPONSABILIDADE LIMITADA,IAM,2024-03-01,29,202603,2026-08-04,68860537,67502969,67502969,0.7811,52727761,52489832,52185181,0.85,0.85,0.85,4649763,4887692,5192343,1,0,0
61898585000101,THALASSA INFRA CLASSE DE INVESTIMENTO RENDA FIXA EM INFRAESTRUTURA - RESP LIMITADA,UBS,2025-10-01,10,202603,2026-08-04,30687852,42709769,30687852,0.5115,15697079,15680676,15605679,0.67,0.67,0.67,4863782,4880184,4955181,0,0,0
62876542000180,SANTANDER PB 316 INVESTIMENTO EM INFRAESTRUTURA RENDA FIXA - FIF RESP LIMITADA,San WM,2026-01-01,7,202603,2026-08-04,11587399,11236366,11236366,0.2372,2665561,2658044,2651772,0.67,0.67,0.67,4862805,4870321,4876593,1,0,0
58651604000188,SANTANDER PB ZUCCHERO INVESTIMENTO EM INFRAESTRUTURA RENDA FIXA - FIF RESP LIMITADA,San WM,2025-01-01,19,202603,2026-08-04,29455438,28729306,28729306,0.6847,19669524,19574472,19267356,0.67,0.85,0.85,0,4845439,5152554,0,0,0
57279999000177,CS EVOLUTION CARTAGO DEB INFRA FUNDO DE INVESTIMENTO EM INFRAESTRUTURA - RF CRED PRIV RESP LIMITADA,UBS,2024-12-01,20,202603,2026-08-04,30980504,30002164,30002164,0.6911,20733417,20663846,20604140,0.67,0.85,0.85,0,4837994,4897700,1,0,0
55826207000101,BOCAINA INFRA MASTER V - FUNDO INCENTIVADO DE INVESTIMENTO EM INFRAESTRUTURA RENDA FIXA,Bocaina,2024-07-01,25,202603,2026-08-04,214184005,219118462,214184005,0.8441,180798473,177230060,174666720,0.85,0.85,0.85,1257932,4826345,7389685,0,0,0
57985995000104,LIMA EVALDT CDI FIF - FUNDO INCENTIVADO EM INVESTIMENTO EM DEB DE INFRA RF CRED PRIV RESP LIMITADA,IAM,2025-01-01,19,202603,2026-08-04,34436729,33437793,33437793,0.7107,23765410,23598166,23460473,0.67,0.85,0.85,0,4823958,4961651,1,0,0
55914466000194,CAMBUCA FIF - CI RENDA FIXA INCENTIVADO DE INVESTIMENTO EM INFRAESTRUTURA - RESP LIMITADA,Monte Azul,2024-08-01,24,202603,2026-08-04,23818339,23449894,23449894,0.6568,15402870,15132705,14182210,0.85,0.85,0.85,4529540,4799705,5750201,0,0,0
63211828000109,G5 CRYSTAL FIF - CLASSE DE INVESTIMENTO RF INCENTIVADO DE INVESTIMENTO EM INFRA - RESP LIMITADA,G5,2025-11-01,9,202603,2026-08-04,20245675,19999938,19999938,0.434,8679304,8613048,8528933,0.67,0.67,0.67,4720654,4786910,4871026,0,0,0
55467420000174,CS EVOLUTION  BRENTA FUNDO DE INVESTIMENTO EM INFRAESTRUTURA - RENDA FIXA CRÉD PRIV RESP LIMTADA,UBS,2024-09-01,23,202603,2026-08-04,33070569,33888755,33070569,0.7125,23563575,23337086,23268156,0.67,0.85,0.85,0,4772898,4841828,1,0,0
48554073000151,DOURO 2 FIF INVEST EM INFRA CLASSE DE INVESTIMENTO RENDA FIXA EM INFRAESTRUTURA RESP LIMITADA,Safra Asset,2024-07-01,25,202603,2026-08-04,96649038,94977768,94977768,0.8116,77082772,75976418,73647079,0.85,0.85,0.85,3648331,4754685,7084024,0,0,0
57883031000155,SZS 5 KINEA FIF FUNDO INCENTIVADO EM INVESTIMENTO EM DEBÊNTURES DE INFRA RF CRED PRIV RESP LIMITADA,Kinea,2025-02-01,18,202603,2026-08-04,34123235,33998897,33998897,0.7246,24634543,24200380,23774008,0.67,0.85,0.85,0,4698682,5125054,0,0,0
58108799000114,SANTANDER PB IG3R3 INVESTIMENTO EM INFRAESTRUTURA RENDA FIXA - FIF RESP LIMITADA,San WM,2024-12-01,20,202603,2026-08-04,29102827,28187727,28187727,0.6874,19376189,19270471,19060024,0.67,0.85,0.85,0,4689097,4899543,1,0,0
60950242000178,GALT PINUS HEDGE MASTER FUNDO DE INVESTIMENTO EM INFRA RENDA FIXA CRÉDITO PRIVADO RESP LIMITADA,Galt,2025-07-01,13,202603,2026-08-04,101746930,98788646,98788646,0.6277,62006783,61520051,60200409,0.67,0.67,0.85,4181610,4668342,23769940,1,0,0
58365044000103,ZUCCHERO INFRA KINEA FIF FUNDO INCENTIVADO EM INVEST EM DEB DE INFRA RF CRÉD PRIV RESP LIMITADAD,Kinea,2024-12-01,20,202603,2026-08-04,29565671,29519303,29519303,0.7086,20918373,20528651,20153740,0.67,0.85,0.85,0,4562757,4937668,0,0,0
52272665000158,JE3 DEBÊNTURES INCENTIVADAS FUNDO DE INVESTIMENTO MULTIMERCADO CRÉDITO PRIVADO,XPG,2024-08-01,24,202603,2026-08-04,31216786,30283340,30283340,0.704,21318445,21207816,20846595,0.85,0.85,0.85,4422393,4533023,4894243,1,0,0
57565778000165,POLINVEST III DEBÊNTURES FUNDO INCENTIVADO DE INVESTIMENTO FINANCEIRO EM INFRAESTRUTURA RENDA FIXA,SWM,2024-10-01,22,202603,2026-08-04,15933840,15637723,15637723,0.5614,8778922,8760272,8452667,0.67,0.85,0.85,1698353,4531792,4839398,0,0,0
52984741000158,CS EVOLUTION GAMBOA FUNDO DE INVESTIMENTO EM INFRAESTRUTURA - RENDA FIXA CRED PRIV RESP LIMITADA,UBS,2024-06-01,26,202603,2026-08-04,32605482,32229524,32229524,0.7117,22937670,22863502,22761318,0.85,0.85,0.85,4457425,4531594,4633778,0,0,0
63159716000156,SANTANDER PB MARÓSTICA INVESTIMENTO EM INFRAESTRUTURA RENDA FIXA - FIF RESP LIMITADA,San WM,2025-12-01,8,202603,2026-08-04,19827602,20402400,19827602,0.4425,8773939,8760007,8748440,0.67,0.67,0.67,4510555,4524486,4536054,1,0,0
57747620000106,RMN CDI FIF - FUNDO INCENTIVADO EM INVESTIMENTO EM DEBÊNTURES DE INFR RF CRÉD PRIV RESP LIMITADA,IAM,2024-11-01,21,202603,2026-08-04,33396858,32387225,32387225,0.7138,23117786,23008106,22858032,0.67,0.85,0.85,0,4521035,4671110,1,0,0
52963512000157,CS EVOLUTION RALIA FUNDO DE INVESTIMENTO EM INFRAESTRUTURA RENDA FIXA CREDITO PRIVADO RESP LIMITADA,UBS,2024-10-01,22,202603,2026-08-04,51483241,54678829,51483241,0.764,39333733,39256084,39027097,0.67,0.85,0.85,0,4504671,4733658,0,0,0
55393064000191,LOTUS FIF - FUNDO INCENTIVADO EM INVESTIMENTO EM DEBÊNTURES DE INFRA RF CRÉD PRIV RESP LIMITADA,IAM,2024-06-01,26,202603,2026-08-04,28369928,27458522,27458522,0.6909,18970915,18858586,18721916,0.85,0.85,0.85,4368829,4481157,4617828,1,0,0
36178962000182,KAMYROS FIF INVESTIMENTO EM INFRAESTRUTURA CI EM INFRAESTRUTURA RENDA FIXA RESPONSABILIDADE LIMITADA,Safra Asset,2024-05-01,27,202603,2026-08-04,26572037,26484899,26484899,0.6816,18053199,18035272,18017345,0.85,0.85,0.85,4458965,4476892,4494819,0,0,0
55899469000104,PORTO FINO KINEA FIF FUNDO INCENTIVADO EM INVESTIMENTO EM DEB DE INFRA RF CRED PRIV RESP LIMITADA,Kinea,2024-07-01,25,202603,2026-08-04,30026133,29886614,29886614,0.713,21308737,20937705,20581453,0.85,0.85,0.85,4094885,4465916,4822169,0,0,0
52875912000100,SANTANDER PB ABEM INVESTIMENTO EM INFRAESTRUTURA RENDA FIXA FIF RESP LIMITADA,San WM,2024-03-01,29,202603,2026-08-04,198421490,195480024,195480024,0.8286,161970483,161714478,160978416,0.85,0.85,0.85,4187538,4443543,5179604,1,0,0
55109529000130,PORTO SAN GIORGIO FIF - CLASSE DE INVESTIMENTO RF INCENTIVADO INVESTIMENTO EM INFRAESTRUTURA,BTG WM,2024-09-01,23,202603,2026-08-04,26200472,25940740,25940740,0.6826,17707110,17610467,17535527,0.67,0.85,0.85,0,4439162,4514102,1,0,0
56879657000125,FUNDO DE INVESTIMENTO FINANCEIRO CI RENDA FIXA INCENTIVADO INVESTIMENTO INFRAESTRUTURA G5 BARDAUNI,G5,2024-10-01,22,202603,2026-08-04,29973484,29648404,29648404,0.7117,21100697,20764059,20315142,0.67,0.85,0.85,0,4437085,4886002,0,0,0
54008795000103,MANACA CDI FIF - FUNDO INCENTIVADO EM INV DEB INFRA RF CRED PRIV - RESP LIMITADA,IAM,2024-03-01,29,202603,2026-08-04,77760545,74943873,74943873,0.7948,59564567,59265615,58873515,0.85,0.85,0.85,4137726,4436677,4828778,1,0,0
34706691000165,JOURNEY CAPITAL ENDURANCE JUROS REAIS MASTER FUNDO INCENTIV DE INVEST FINANCEIRO EM INFRA RENDA FIXA,Journey,2023-01-01,43,202603,2026-08-04,29529523,29906103,29529523,0.7811,23064953,20713519,18563525,0.85,0.85,0.85,2035141,4386575,6536570,1,0,0
54834372000142,JAKE JUROS REAIS FIF - FUNDO INCENTIVADO EM INVEST EM DEB DE INFRA RF CRÉD PRIV - RESP LIMITADA,IAM,2024-04-01,28,202603,2026-08-04,115071694,114274555,114274555,0.8157,93218430,92746957,92173147,0.85,0.85,0.85,3914941,4386415,4960224,1,0,0
54644328000170,NOVO CICLO ADVANCED KINEA FIF - FUNDO INCENTIVADO EM INV DEB INFRA RF CRED PRIV - RESP LIMITADA,Kinea,2024-05-01,27,202603,2026-08-04,45744018,45645510,45645510,0.7665,34987365,34444395,33920440,0.85,0.85,0.85,3811319,4354289,4878244,0,0,0
62805928000109,SANTANDER PB HEMISFERIO INVESTIMENTO EM INFRA RENDA FIXA - FIF RESP LIMITADA,San WM,2025-11-01,9,202603,2026-08-04,77157454,76953821,76953821,0.6144,47277842,47207144,47144533,0.67,0.67,0.67,4281218,4351916,4414527,1,0,0
55466958000164,CS EVOLUTION MONTE ROSA H FUNDO DE INVESTIMENTO EM INFRAESTRUTURA RENDA FIXA CRÉD PRIV RESP LIMITADA,UBS,2024-09-01,23,202603,2026-08-04,28905956,28038372,28038372,0.7006,19643212,19482515,19433426,0.67,0.85,0.85,0,4350101,4399190,1,0,0
58075902000177,SANTANDER PB SANTANNA INVESTIMENTO EM INFRAESTRUTURA RENDA FIXA - FIF RESP LIMITADA,San WM,2024-12-01,20,202603,2026-08-04,30225504,30224168,30224168,0.7092,21434582,21346831,21287856,0.67,0.85,0.85,0,4343712,4402686,1,0,0
64776777000125,TM FIF - CLASSE DE INVESTIMENTO RF INCENTIVADO DE INVESTIMENTO EM INFRAESTRUTURA,BRAM,2026-03-01,5,202603,2026-08-04,14869469,12907853,12907853,0.3344,4316544,4305917,4203023,0,0.67,0.67,0,4342344,4445238,0,0,0
57744596000151,SANTANDER PB GRAN INVESTIMENTO EM INFRAESTRUTURA RENDA FIXA - FIF RESP LIMITADA,San WM,2024-12-01,20,202603,2026-08-04,43551157,43828596,43551157,0.7534,32812223,32687321,32568338,0.67,0.85,0.85,0,4331162,4450146,1,0,0
61597359000182,POPONHOS FUNDO DE INVESTIMENTO EM INFRAESTRUTURA RENDA FIXA RESPONSABILIDADE LIMITADA,Oriz,2025-12-01,8,202603,2026-08-04,15282518,14759690,14759690,0.3801,5610796,5575481,5462737,0.67,0.67,0.67,4278196,4313511,4426256,0,0,0
58674067000191,BTG PACTUAL TOTAL II FUNDO INCENTIVADO DE INVESTIMENTO FINANCEIRO EM  INFRAESTRUTURA RENDA FIXA,BTG Asset,2025-02-01,18,202603,2026-08-04,27617270,26703162,26703162,0.6938,18525553,18392814,18050961,0.67,0.85,0.85,0,4304873,4646727,1,0,0
57628211000190,NILO FIF FUNDO INCENTIVADO EM INVESTIMENTO EM DEBÊNTURES DE INFRA RF CRED PRIV RESP LIMITADA,IAM,2024-12-01,20,202603,2026-08-04,27443773,27210392,27210392,0.6988,19015784,18841708,18574969,0.67,0.85,0.85,0,4287125,4553864,1,0,0
62899553000185,BRP DESCANSO FI FINANCEIRO RENDA FIXA INVESTIMENTO EM INFRAESTRUTURA - RESPONSABILIDADE LIMITADA,BR Partners,2025-11-01,9,202603,2026-08-04,10912397,10693683,10693683,0.2731,2920192,2891522,2855752,0.67,0.67,0.67,4244575,4273246,4309016,0,0,0
54893266000130,CAFOFO FIF - FUNDO INCENTIVADO EM INVESTIMENTO EM DEBÊNTURES DE INFRA RF CRED PRIV - RESP LIMITADA,IAM,2024-05-01,27,202603,2026-08-04,29765059,29036738,29036738,0.7078,20551567,20448944,20315833,0.85,0.85,0.85,4129661,4232284,4365395,1,0,0
61543295000137,3AXB FUNDO INCENTIVADO DE INVESTIMENTO FINANCEIRO EM INFRAESTRUTURA RENDA FIXA,BTG WM,2025-07-01,13,202603,2026-08-04,49003180,45527060,45527060,0.5963,27146399,26276007,25947092,0.67,0.67,0.85,3356731,4227123,12750909,1,0,0
58307597000100,BRP DIADEMA IV FIF - CLASSE DE INVESTIMENTO RF INCENTIVADO DE INVESTIMENTO EM INFRA - RESP LIMITADA,BR Partners,2025-02-01,18,202603,2026-08-04,34245138,33783084,33783084,0.74,25000976,24488701,24111795,0.67,0.85,0.85,0,4226920,4603826,1,0,0
54501503000170,BTG INFRA MASTER IV FUNDO INCENTIVADO DE INVESTIMENTO EM INFRAESTRUTURA RENDA FIXA CRÉDITO PRIVADO,BTG Asset,2024-03-01,29,202603,2026-08-04,359675292,359274080,359274080,0.8414,302306333,301156691,298028971,0.85,0.85,0.85,3076635,4226277,7353997,0,0,0
55751815000102,RALIA FIF - FUNDO INCENTIVADO EM INVESTIMENTO EM DEBÊNTURES DE INFRA RF CRÉD PRIV RESP LIMITADA,IAM,2024-08-01,24,202603,2026-08-04,44445947,44169511,44169511,0.7597,33556480,33386518,33143433,0.85,0.85,0.85,3987604,4157566,4400651,1,0,0
55896144000160,VERO FIF - FUNDO INCENTIVADO EM INVESTIMENTO EM DEB DE INFRA RENDA FIXA CRED PRIV RESP LIMITADA,IAM,2024-08-01,24,202603,2026-08-04,41056185,40435299,40435299,0.7515,30385116,30239800,30019188,0.85,0.85,0.85,3984888,4130204,4350815,1,0,0
54200888000135,EAGLE J3 FUNDO INCENTIVADO DE INVESTIMENTO EM INFRAESTRUTURA RENDA FIXA - CRÉDITO PRIVADO,BTG WM,2024-04-01,28,202603,2026-08-04,43682613,43157456,43157456,0.7591,32760451,32556898,32156259,0.85,0.85,0.85,3923387,4126939,4527579,0,0,0
62729474000126,BB VESA INFRA RENDA FIXA FUNDO INCENTIVADO DE INVESTIMENTO FINANCEIRO EM INFRAESTRUTURA RESP LIM,BB Asset,2025-10-01,10,202603,2026-08-04,24367281,24186682,24186682,0.5063,12246245,12081778,12023557,0.67,0.67,0.67,3958832,4123298,4181520,0,0,0
54150227000142,CRASSO CLASSE DE INVESTIMENTO EM RENDA FIXA INFRAESTRUTURA INCENTIVADO CRÉDITO PRIVADO,BTG WM,2024-05-01,27,202603,2026-08-04,43840333,43465917,43465917,0.7588,32982687,32830361,32738005,0.85,0.85,0.85,3963343,4115668,4208025,0,0,0
55052986000135,BB WSOARES INFRA RENDA FIXA FUNDO INCENTIVADO DE INVESTIMENTO FINANCEIRO EM INFRA RESP LIMITADA,BB Asset,2024-06-01,26,202603,2026-08-04,56959497,56360907,56360907,0.7784,43869172,43794929,43484665,0.85,0.85,0.85,4037599,4111842,4422106,0,0,0
54463768000120,SOFIE INFRA FUNDO INCENTIVADO DE INVESTIMENTO EM INFRAESTRUTURA RENDA FIXA,BTG WM,2024-05-01,27,202603,2026-08-04,50487653,49507224,49507224,0.7709,38163536,37989456,37554386,0.85,0.85,0.85,3917605,4091685,4526755,0,0,0
54617556000150,CS EVOLUTION WIN FUNDO DE INVESTIMENTO EM INFRAESTRUTURA - RENDA FIXA CRÉDITO PRIVADO RESP LIMITADA,UBS,2024-06-01,26,202603,2026-08-04,30173446,29808625,29808625,0.7168,21367489,21261216,21189562,0.85,0.85,0.85,3969842,4076115,4147769,0,0,0
54811496000102,SELLAS FIF - FUNDO INC EM INV EM DEBÊNTURES DE INF RF CRÉDITO PRIVADO - RESP LIMITADA,IAM,2024-06-01,26,202603,2026-08-04,45936318,45176746,45176746,0.7634,34489914,34332234,34078204,0.85,0.85,0.85,3910320,4068001,4322030,1,0,0
55704392000161,INFRINITY FIF FUNDO INCENTIVADO EM INVESTIMENTO EM DEB DE INFRA RENDA FIXA CRED PRIV RESP LIMITADA,IAM,2024-07-01,25,202603,2026-08-04,26043268,25755028,25755028,0.6964,17934988,17828501,17768440,0.85,0.85,0.85,3956785,4063273,4123334,0,0,0
55101415000143,X2 FUNDO INCENTIVADO DE INVESTIMENTO EM INFRAESTRUTURA RENDA FIXA,BTG WM,2024-06-01,26,202603,2026-08-04,50820527,49316706,49316706,0.776,38269082,37881803,37582522,0.85,0.85,0.85,3650118,4037397,4336678,0,0,0
57626567000195,VEREDAS FUNDO INCENTIVADO DE INVESTIMENTO EM INFRAESTRUTURA RENDA FIXA CRÉDITO PRIVADO,Oriz,2024-10-01,22,202603,2026-08-04,24118068,21521979,21521979,0.6649,14309003,14270823,13987319,0.67,0.85,0.85,110723,4022859,4306363,0,0,0
63052049000108,SANTANDER PB PRAT 334 INVESTIMENTO EM INFRAESTRUTURA RENDA FIXA - FIF RESP LIMITADA,San WM,2026-01-01,7,202603,2026-08-04,12558966,12356992,12356992,0.3455,4269074,4261020,4254334,0.67,0.67,0.67,4010111,4018165,4024851,1,0,0
64435884000190,BB ALIADIANTE INFRA RENDA FIXA FUNDO INCENTIVADO DE INVEST FINANCEIRO EM INFRAESTRUTURA RESP LIM,BB Asset,2026-02-01,6,202603,2026-08-04,21125726,20023483,20023483,0.4708,9426974,9410289,9327123,0.67,0.67,0.67,3988760,4005444,4088610,0,0,0
48554212000147,PGR FIF INVESTIMENTO EM INFRAESTRUTURA CI EM INFRAESTRUTURA RENDA FIXA RESPONSABILIDADE LIMITADA,Safra Asset,2023-01-01,43,202603,2026-08-04,147958254,145987116,145987116,0.8369,122182539,120084086,114970582,0.85,0.85,0.85,1906509,4004963,9118467,0,0,0
57967401000132,JACARANDÁ FIF - FUNDO INCENTIVADO EM INVESTIMENTO EM DEBÊNTURES DE INFRA RF CRED PRIV RESP LIMITADA,IAM,2024-12-01,20,202603,2026-08-04,32575150,31601828,31601828,0.7281,23010554,22861497,22666309,0.67,0.85,0.85,0,4000056,4195244,1,0,0
56388249000170,SANTANDER PB 522 INVESTIMENTO EM INFRAESTRUTURA RENDA FIXA - FIF RESP LIMITADA,San WM,2024-09-01,23,202603,2026-08-04,31116118,31192051,31116118,0.7276,22640950,22485093,22240227,0.67,0.85,0.85,0,3963607,4208473,0,0,0
63286762000116,ITAÚ DEB INC PRÉ TARGET 2030 SHIFT ADVISORY FIIF EM INFRA RF CRED PRIV RESP LIMITADA,IAM,2025-10-01,10,202603,2026-08-04,14650876,14338560,14338560,0.3941,5651188,5645452,5638074,0.67,0.67,0.67,3955647,3961383,3968762,0,0,0
57747855000106,FEDELE FIF - FUNDO INCENTIVADO EM INVESTIMENTO EM DEBÊNTURES DE INFRA RF CRÉD PRIV RESP LIMITADA,IAM,2025-02-01,18,202603,2026-08-04,29274673,28410657,28410657,0.7185,20412903,20188819,19927620,0.67,0.85,0.85,0,3960239,4221438,1,0,0
63743483000134,EBJ FUNDO INCENTIVADO DE INVESTIMENTO FINANCEIRO EM INFRAESTRUTURA RENDA FIXA,BTG WM,2026-01-01,7,202603,2026-08-04,19222353,18925008,18925008,0.4622,8748000,8728539,8686085,0.67,0.67,0.67,3931756,3951217,3993670,0,0,0
54603605000104,SÃO PEDRO FUNDO INCENTIVADO DE INVESTIMENTO EM INFRAESTRUTURA RENDA FIXA,BDR,2024-05-01,27,202603,2026-08-04,110121685,107465297,107465297,0.8333,89551087,87406376,85308575,0.85,0.85,0.85,1794416,3939127,6036928,0,0,0
58095438000180,RMN KINEA FIF FUNDO INCENTIVADO EM INVESTIMENTO EM DEBÊNTURES DE INFRA RF CRÉD PRIV RESP LIMITADA,Kinea,2024-12-01,20,202603,2026-08-04,28152334,28116921,28116921,0.7227,20319285,19966821,19625941,0.67,0.85,0.85,0,3932562,4273442,0,0,0
53180845000172,BB TROPICAL INFRA RENDA FIXA FUNDO INCENTIVADO DE INVESTIMENTO FINANCEIRO EM INFRAESTRUTURA RESP LIM,BB Asset,2024-12-01,20,202603,2026-08-04,24516424,24077376,24077376,0.6912,16643038,16551962,16229437,0.67,0.85,0.85,0,3913808,4236332,0,0,0
58547919000180,PATRIA CRÉDITO INFRA RENDA MASTER FUNDO INCENTIVADO DE INVEST FINANCEIRO EM INFRA RENDA FIXA,Pátria,2025-01-01,19,202603,2026-08-04,34419777,35165791,34419777,0.7386,25423351,25346138,25194556,0.67,0.85,0.85,0,3910672,4062255,0,0,0
58360941000116,SANTANDER PB HULK INVESTIMENTO EM INFRAESTRUTURA RENDA FIXA - FIF RESP LIMITADA,San WM,2025-01-01,19,202603,2026-08-04,22849561,23001029,22849561,0.7124,16278837,15543314,15243627,0.67,0.85,0.85,0,3878813,4178500,1,0,0
54170181000123,MTZ I CDI FIF - FUNDO INCENTIVADO EM INVESTIMENTO EM DEB DE INFRA RF CRÉD PRIV - RESP LIMITADA,IAM,2024-05-01,27,202603,2026-08-04,26528763,25722735,25722735,0.7047,18126212,18016617,17887493,0.85,0.85,0.85,3738113,3847708,3976832,1,0,0
54912056000141,PACC INFRA FUNDO INCENTIVADO DE INVESTIMENTO EM INFRAESTRUTURA RENDA FIXA,BTG WM,2024-05-01,27,202603,2026-08-04,55427728,54918522,54918522,0.7904,43405138,42857829,42064370,0.85,0.85,0.85,3275605,3822914,4616373,1,0,0
42298805000103,CAPIM FIF INVESTIMENTO EM INFRA CLASSE DE INVESTIMENTO EM INFRAESTRUTURA RENDA FIXA RESP LIMITADA,Turim,2023-01-01,43,202603,2026-08-04,69478526,68548758,68548758,0.7976,54671709,54447939,52490534,0.85,0.85,0.85,3594735,3818505,5775910,0,0,0
56365479000114,ANGEL FIF - FUNDO INCENTIVADO EM INVESTIMENTO EM DEB DE INFRA RF CRÉD PRIV RESP LIMITADA,IAM,2024-09-01,23,202603,2026-08-04,25278665,24563294,24563294,0.6983,17152069,17062512,16932330,0.67,0.85,0.85,0,3816288,3946471,1,0,0
54128184000107,CATLITE INFRA FIF - CI RENDA FIXA INCENTIVADO DE INVESTIMENTO EM INFRAESTRUTURA- RESP LIMITADA,BTG WM,2024-05-01,27,202603,2026-08-04,29778979,29509367,29509367,0.7252,21399436,21279709,20889248,0.85,0.85,0.85,3683526,3803253,4193713,0,0,0
55892816000169,CAMELIA FUNDO DE INVESTIMENTO EM INFRAESTRUTURA RENDA FIXA,XPG,2024-10-01,22,202603,2026-08-04,23853379,22616047,22616047,0.6864,15523764,15430124,15122676,0.67,0.85,0.85,0,3793516,4100964,0,0,0
57416421000115,BALTAR KINEA FIF FUNDO INCENTIVADO EM INVESTIMENTO EM DEBÊNTURES DE INFRA RF CRED PRIV RESP LIMITADA,Kinea,2024-10-01,22,202603,2026-08-04,33101073,33004753,33004753,0.7485,24703470,24267243,23848440,0.67,0.85,0.85,0,3786798,4205601,0,0,0
55020228000135,FERROSI FIF - FUNDO INCENTIVADO EM INVESTIMENTO EM DEBÊNTURES DE INFRA RF CRÉD PRIV - RESP LIMITADA,IAM,2024-07-01,25,202603,2026-08-04,39901155,39557878,39557878,0.7579,29979438,29841226,29653680,0.85,0.85,0.85,3644759,3782970,3970517,1,0,0
35755062000198,RUBI 4 FIF INVESTIMENTO EM INFRAESTRUTURA CI EM INFRAESTRUTURA RENDA FIXA RESPONSABILIDADE LIMITADA,Safra Asset,2024-05-01,27,202603,2026-08-04,38751001,38397698,38397698,0.7524,28889381,28856011,28822245,0.85,0.85,0.85,3748662,3782032,3815798,0,0,0
53739077000144,BALLAST FUNDO INCENTIVADO DE INVESTIMENTO EM RENDA FIXA,BTG WM,2024-02-01,30,202603,2026-08-04,45361448,39716671,39716671,0.7583,30116367,29986760,29318445,0.85,0.85,0.85,3642804,3772411,4440725,0,0,0
54980234000171,FUNDO DE INVESTIMENTO FINANCEIRO - CI RENDA FIXA INCENTIVADA INVESTIMENTO EM INFRA G5 ICELAND,G5,2024-07-01,25,202603,2026-08-04,36984476,39468766,36984476,0.7571,28000734,27669135,27225754,0.85,0.85,0.85,3436071,3767670,4211051,0,0,0
51572183000150,ARAUCARIA FIF FUNDO INCENTIVADO EM INVESTIMENTO EM DEBÊNTURES DE INFRA RF CRED PRIV RESP LIMITADA,IAM,2023-08-01,36,202603,2026-08-04,1067695695,1059432924,1059432924,0.8523,902919958,896754966,885290514,0.85,0.85,0.85,0,3763020,15227471,1,0,0
62428355000133,KTIR FIF FI INCENTIVADO EM DEBÊNTURES DE INFRAESTRUTURA RENDA FIXA CRÉDITO PRIVADO RESP LIMITADA,IAM,2025-11-01,9,202603,2026-08-04,82084025,80749169,80749169,0.6446,52050170,50344109,45465284,0.67,0.67,0.67,2051773,3757835,8636659,1,0,0
53776486000110,CS EVOLUTION NIEUWLANDE FUNDO DE INVESTIMENTO EM INFRAESTRUTURA - RENDA FIXA CRÉD PRIV RESP LTDA,UBS,2024-06-01,26,202603,2026-08-04,25117509,24547568,24547568,0.6997,17176063,17108045,17016487,0.85,0.85,0.85,3689370,3757388,3848946,0,0,0
55521846000169,LMPAR FUNDO INCENTIVADO DE INVESTIMENTO EM INFRAESTRUTURA RENDA FIXA,Portofino,2024-08-01,24,202603,2026-08-04,25589251,24263871,24263871,0.6999,16982392,16867069,16569666,0.85,0.85,0.85,3641898,3757221,4054624,1,0,0
56321253000111,FUNDO DE INVESTIMENTO FINANCEIRO - CI RENDA FIXA INCENTIVADO INVESTIMENTO INFRAESTRUTURA G5 STARGATE,G5,2024-08-01,24,202603,2026-08-04,24645192,24336654,24336654,0.7105,17291170,16938365,16681082,0.85,0.85,0.85,3394986,3747791,4005074,1,0,0
55754239000149,CARMERNERE FUNDO INCENTIVADO DE INVESTIMENTO EM INFRAESTRUTURA RENDA FIXA,BTG WM,2024-07-01,25,202603,2026-08-04,39164780,38550372,38550372,0.757,29184399,29042456,28772250,0.85,0.85,0.85,3583417,3725360,3995565,0,0,0
57790619000164,FRFC FUNDO INCENTIVADO DE INVESTIMENTO FINANCEIRO EM INFRAESTRUTURA RENDA FIXA,BTG WM,2024-10-01,22,202603,2026-08-04,70779079,69893610,69893610,0.8011,55988610,55684996,54492674,0.67,0.85,0.85,0,3724573,4916894,0,0,0
50191322000133,OURO VELHO FIF INVESTIMENTO EM INFRAESTRUTURA CLASSE DE INVEST EM INFRA RENDA FIXA RESP LIMITADA,Safra Asset,2023-04-01,40,202603,2026-08-04,104707680,96808578,96808578,0.8213,79511172,78564394,76017957,0.85,0.85,0.85,2776120,3722898,6269335,1,0,0
60124635000122,SAFRA INFRA EXCLUSIVO PRÉ II RF FIF INVESTIMENTO EM INFRA CI EM INFRAESTRUTURA RF RESP LIMITADA,Safra Asset,2025-04-01,16,202603,2026-08-04,71819204,70532984,70532984,0.7013,49462360,43535196,37525169,0.67,0.67,0.85,0,3721903,22427867,1,0,0
55983101000111,SANTA ANA FIF - FUNDO INCENTIVADO EM INVESTIMENTO EM DEB DE INFRA RF CRED PRIV RESP LIMITADA,IAM,2024-08-01,24,202603,2026-08-04,38512117,38245702,38245702,0.7561,28917184,28788251,28584607,0.85,0.85,0.85,3591662,3720596,3924240,1,0,0
62381358000169,PRUNUS FIFI - CI RENDA FIXA INVESTIMENTO EM INFRAESTRUTURA - RESPONSABILIDADE LIMITADA,BR Partners,2025-09-01,11,202603,2026-08-04,18782814,18506677,18506677,0.4751,8792639,8740689,8347585,0.67,0.67,0.67,3606834,3658785,4051889,1,0,0
55435590000177,CONARTES INFRA CDI FIF  FUNDO INCENTIVADO EM INVESTIMENTO EM DEB DE INFRA RF CRÉD PRIV RESP LIMITADA,IAM,2024-08-01,24,202603,2026-08-04,34684479,33687102,33687102,0.7455,25112486,24981450,24794321,0.85,0.85,0.85,3521550,3652586,3839715,1,0,0
62379427000108,ANGICO FIF - CI RENDA FIXA INVESTIMENTO EM INFRAESTRUTURA - RESPONSABILIDADE LIMITADA,BR Partners,2025-09-01,11,202603,2026-08-04,18467067,18194157,18194157,0.4722,8591010,8540688,8150822,0.67,0.67,0.67,3599075,3649396,4039263,1,0,0
54065159000113,SANTANDER PB OSTER INVESTIMENTO EM INFRAESTRUTURA RENDA FIXA FIF RESP LIMITADA,San WM,2024-07-01,25,202603,2026-08-04,42789533,42543093,42543093,0.7685,32694341,32529904,31773248,0.85,0.85,0.85,3467288,3631725,4388380,1,0,0
58651661000167,SANTANDER PB APLA INVESTIMENTO EM INFRAESTRUTURA RENDA FIXA - FIF RESP LIMITADA,San WM,2025-01-01,19,202603,2026-08-04,23297411,22564061,22564061,0.6924,15623902,15562133,15448231,0.67,0.85,0.85,0,3617318,3731220,1,0,0
46655366000108,BB EVANGELISTA INFRA RF FUNDO INCENTIVADO DE INVESTIMENTO FINANCEIRO EM INFRAESTRUTURA RESP LIM,BB Asset,2023-04-01,40,202603,2026-08-04,28665654,28039142,28039142,0.7669,21503260,20218747,18632181,0.85,0.85,0.85,2330011,3614524,5201090,0,0,0
56174734000141,RLLE FIF - FUNDO INCENTIVADO EM INVESTIMENTO EM DEB DE INFRAESTRUTURA RF CRED PRIV RESP LIMITADA,IAM,2024-09-01,23,202603,2026-08-04,20506154,20241972,20241972,0.6749,13662003,13591314,13333329,0.67,0.85,0.85,0,3614362,3872347,1,0,0
57499155000131,FK FUNDO INCENTIVADO DE INVESTIMENTO EM INFRAESTRUTURA RENDA FIXA,BTG WM,2024-11-01,21,202603,2026-08-04,23790016,23070015,23070015,0.6964,16065021,16003534,15872155,0.67,0.85,0.85,0,3605979,3737358,0,0,0
63867916000163,JBE98 FUNDO INCENTIVADO DE INVESTIMENTO FINANCEIRO EM INFRAESTRUTURA RENDA FIXA,BTG WM,2026-01-01,7,202603,2026-08-04,28484807,26263930,26263930,0.5337,14017068,13994655,13953044,0.67,0.67,0.67,3579765,3602179,3643790,0,0,0
55465528000128,UBS EVOLUTION CIZZOLO FUNDO DE INVESTIMENTO EM INFRESTRUTURA RENDA FIXA CRED PRIV RESP LIMITADA,UBS,2024-08-01,24,202603,2026-08-04,33361344,33150445,33150445,0.7475,24778446,24615554,24503833,0.85,0.85,0.85,3399433,3562325,3674045,1,0,0
62423102000177,SKY DEBENTURES INCENTIVADAS FIF RENDA FIXA INVESTIMENTO EM INFRAESTRUTURA - RESP LIMITADA,STK,2025-12-01,8,202603,2026-08-04,27693322,27382687,27382687,0.5399,14784969,14784969,14649268,0.67,0.67,0.67,3561432,3561432,3697132,0,0,0
57714518000104,BB CELINA INFRA RF FUNDO INCENTIVADO DE INVESTIMENTO FINANCEIRO EM INFRAESTRUTURA RESP LIMITADA,BB Asset,2024-12-01,20,202603,2026-08-04,22346238,21870535,21870535,0.6885,15056930,15040622,14991138,0.67,0.85,0.85,0,3549334,3598817,0,0,0
57137857000175,CAMAFEU FIF - FUNDO INCENTIVADO EM INVESTIMENTO EM DEB DE INFRA RENDA FIXA CRED PRIV RESP LIMITADA,IAM,2024-10-01,22,202603,2026-08-04,25149514,24449710,24449710,0.7087,17328273,17242988,17103443,0.67,0.85,0.85,0,3539265,3678810,1,0,0
57744364000101,JG CARDOSO INVESTIMENTO EM INFRAESTRUTURA RENDA FIXA - FIF RESP LIMITADA,San WM,2024-11-01,21,202603,2026-08-04,20675698,20406641,20406641,0.6878,14036284,13839756,13655435,0.67,0.85,0.85,0,3505890,3690210,0,0,0
58348647000199,SANTANDER PB SVASSOS INVESTIMENTO EM INFRAESTRUTURA RENDA FIXA - FIF RESP LIMITADA,San WM,2024-12-01,20,202603,2026-08-04,22760062,22079504,22079504,0.6931,15303023,15279751,15259430,0.67,0.85,0.85,0,3487828,3508149,0,0,0
63741446000197,SANTANDER PB NEXO INVESTIMENTO EM INFRAESTRUTURA RENDA FIXA - FIF RESP LIMITADA,San WM,2025-12-01,8,202603,2026-08-04,17062545,17331785,17062545,0.4676,7978732,7945189,7925259,0.67,0.67,0.67,3453174,3486716,3506646,1,0,0
55176419000190,MELLUS FIF - FUNDO INCENTIVADO EM INVESTIMENTO EM DEB DE INFRA RF CRÉD PRIV - RESP LIMITADA,IAM,2024-07-01,25,202603,2026-08-04,45630091,45334713,45334713,0.7781,35274583,35107173,34852011,0.85,0.85,0.85,3259922,3427333,3682494,1,0,0
59064446000122,SANTO INÁCIO DE ANTIOQUIA IMAB FIF FUNDO INCENTIVADO EM INVEST DEB INFRA RF CRÉD PRIV RESP LIMITADA,IAM,2025-02-01,18,202603,2026-08-04,42398540,42084029,42084029,0.7724,32505373,32352929,32108721,0.67,0.85,0.85,0,3418495,3662703,1,0,0
63358655000156,PERSONA FUNDO INCENTIVADO DE INVESTIMENTO FINANCEIRO EM INFRAESTRUTURA RENDA FIXA,BTG WM,2025-12-01,8,202603,2026-08-04,19059562,11385016,11385016,0.3697,4209587,4209587,4209587,0.67,0.67,0.67,3418374,3418374,3418374,0,0,0
54149691000119,VENTUS FUNDO INCENTIVADO DE INVESTIMENTO FINANCEIRO EM INFRAESTRUTURA RENDA FIXA,BTG WM,2024-05-01,27,202603,2026-08-04,27276552,26987391,26987391,0.7274,19629724,19541765,19482564,0.85,0.85,0.85,3309558,3397518,3456718,0,0,0
52272792000157,FAIUM DEBÊNTURES INCENTIVADAS FUNDO INCENTIVADO DE INVEST FINANCEIRO EM INFRAESTRUTURA RENDA FIXA,BTG WM,2024-07-01,25,202603,2026-08-04,44889534,52735222,44889534,0.7777,34912200,34784471,34362070,0.85,0.85,0.85,3243904,3371633,3794034,0,0,0
56707981000166,PWM LEON FIF - CLASSE DE INVESTIMENTO RF INCENTIVADO DE INVESTIMENTO EM INFRA - RESP LIMITADA,Perfin,2024-11-01,21,202603,2026-08-04,28825808,28375093,28375093,0.736,20885393,20749868,19999120,0.67,0.85,0.85,0,3368961,4119709,0,0,0
59412238000177,SANTANDER PB FFZETA INVESTIMENTO EM INFRAESTRUTURA RENDA FIXA - FIF RESP LIMITADA,San WM,2025-02-01,18,202603,2026-08-04,20742993,20801585,20742993,0.6909,14331639,14264234,14146967,0.67,0.85,0.85,0,3367310,3484576,1,0,0
57341120000170,HARAS FIF - FUNDO INCENTIVADO EM INVESTIMENTO EM DEB DE INFRA RF CRÉD PRIV RESP LIMITADA,IAM,2024-10-01,22,202603,2026-08-04,24309142,23637145,23637145,0.7108,16802453,16731084,16609381,0.67,0.85,0.85,0,3360489,3482192,1,0,0
57536946000194,FIORELLA INFRA FIF - CI INCENTIVADO DE INVESTIMENTO EM INFRAESTRUTURA RENDA FIXA - RESP LIMITADA,UBS,2024-11-01,21,202603,2026-08-04,22984107,22814144,22814144,0.7065,16118026,16060822,16003144,0.67,0.85,0.85,0,3331200,3388878,0,0,0
55674822000140,KONA I FIF - FUNDO INCENTIVADO EM INVESTIMENTO EM DEBÊNTURES DE INFRA RF CRÉD PRIV RESP LIMITADA,IAM,2024-07-01,25,202603,2026-08-04,36362821,35796634,35796634,0.7609,27237228,27103976,26926220,0.85,0.85,0.85,3189911,3323163,3500919,1,0,0
57662061000131,TRAKA FIF - CI RENDA FIXA INCENTIVADO DE INVESTIMENTO EM INFRAESTRUTURA RESP LIMITADA,UBS,2024-10-01,22,202603,2026-08-04,55334757,58871842,55334757,0.7952,44001787,43736905,41986950,0.67,0.85,0.85,0,3297639,5047593,1,0,0
55895324000127,FUNDO DE INVESTIMENTO FINANCEIRO - CI RENDA FIXA INCENTIVADO INVESTIMENTO EM INFRAESTRUTURA G5 HGF,G5,2024-10-01,22,202603,2026-08-04,21026742,20496812,20496812,0.7065,14481767,14155107,13937233,0.67,0.85,0.85,0,3267184,3485057,1,0,0
60532320000114,SANTANDER PB DOIS IRMÃOS INVESTIMENTO EM INFRA RENDA FIXA - FIF RESP LIMITADA,San WM,2025-11-01,9,202603,2026-08-04,16118665,10791698,10791698,0.3865,4171432,3963653,3748653,0.67,0.67,0.67,3059006,3266785,3481785,1,0,0
57639394000140,PAVIA FIF - FUNDO INCENTIVADO EM INVESTIMENTO EM DEBÊNTURES DE INFRA RF CRÉD PRIV RESP LIMITADA,IAM,2024-11-01,21,202603,2026-08-04,34905210,24155372,24155372,0.7179,17339942,17274303,17169241,0.67,0.85,0.85,0,3257763,3362825,1,0,0
55898974000126,VICENZA KINEA FIF - FUNDO INCENTIVADO EM INVESTIMENTO EM DEB DE INFRA RF CRED PRIV - RESP LIMITADA,Kinea,2024-07-01,25,202603,2026-08-04,34058051,33987897,33987897,0.7674,26081430,25652929,25256136,0.85,0.85,0.85,2808283,3236783,3633576,0,0,0
56726092000146,VIVIAN KINEA FIF FUNDO INCENTIVADO EM INVESTIMENTO EM DEB DE INFRA RF CRED PRIV RESP LIMITADA,Kinea,2024-10-01,22,202603,2026-08-04,21783569,21713462,21713462,0.7143,15510385,15244074,14987156,0.67,0.85,0.85,0,3212369,3469286,0,0,0
55172353000160,SANTANDER PB BELLE DU JOUR INVESTIMENTO EM INFRAESTRUTURA RENDA FIXA - FIF RESP LIMITADA,San WM,2024-08-01,24,202603,2026-08-04,20857063,20849987,20849987,0.7023,14643040,14567134,13726081,0.85,0.85,0.85,3079448,3155355,3996408,0,0,0
54023112000197,ICATU VANGUARDA INCENTIVADO EM INFRAESTRUTURA FIF RF CP LP - RESP LIMITADA,Icatu,2024-06-01,26,202603,2026-08-04,50004652,50186841,50004652,0.7955,39778262,39348632,38827611,0.85,0.85,0.85,2725692,3155323,3676343,1,0,0
55539196000189,FUNDO DE INVESTIMENTO FINANCEIRO CI RENDA FIXA INCENTIVADO INVESTIMENTO EM INFRAESTRUTURA G5 CAMBUCÁ,G5,2024-08-01,24,202603,2026-08-04,25609109,29020181,25609109,0.745,19078485,18612419,18303834,0.85,0.85,0.85,2689257,3155323,3463908,1,0,0
54237051000160,JGP DEBÊNTURES INCENTIVADAS JUROS REAIS 60 FIF RENDA FIXA INVEST EM INFRA CRED PRIV RESP LIMITADA,JGP,2024-05-01,27,202603,2026-08-04,311620646,318153079,311620646,0.851,265195933,261751165,257519004,0.85,0.85,0.85,0,3126384,7358545,0,0,0
51389786000111,B5 FUNDO INCENTIVADO DE INVESTIMENTO FINANCEIRO EM INFRAESTRUTURA RENDA FIXA,BTG WM,2023-08-01,36,202603,2026-08-04,106309390,105339770,105339770,0.8283,87256956,86419896,85317150,0.85,0.85,0.85,2281849,3118908,4221655,1,0,0
55506450000142,VENTURA FIF - FUNDO INCENTIVADO EM INVESTIMENTO EM DEB DE INFRA RF CRÉD PRIV RESP LIMITADA,IAM,2024-07-01,25,202603,2026-08-04,64681531,64892396,64681531,0.8054,52096204,51863737,51002883,0.85,0.85,0.85,2883098,3115565,3976419,1,0,0
57395116000194,SANTANDER PB BEIRUTE INVESTIMENTO EM INFRAESTRUTURA RENDA FIXA - FIF RESP LIMITADA,San WM,2024-10-01,22,202603,2026-08-04,22491341,22577777,22491341,0.7268,16346655,16009076,15464371,0.67,0.85,0.85,0,3108564,3653268,0,0,0
57527967000143,AQUA FUNDO INCENTIVADO DE INVESTIMENTO EM INFRAESTRUTURA RENDA FIXA,BTG WM,2024-11-01,21,202603,2026-08-04,31220382,30909507,30909507,0.7528,23267486,23179854,23003981,0.67,0.85,0.85,0,3093227,3269100,0,0,0
58653978000132,OLPH INFRA FUNDO INCENTIVADO DE INVESTIMENTO FINANCEIRO EM INFRAESTRUTURA RENDA FIXA,BTG WM,2025-02-01,18,202603,2026-08-04,44372008,44365208,44365208,0.7836,34765721,34639204,34487963,0.67,0.85,0.85,0,3071222,3222464,0,0,0
56224296000189,KWX INFRA BRASIL FIF - FUNDO INCENTIVADO EM INVESTIMENTO EM DEB DE INFRA RF CRED PRIV RESP LIMITADA,IAM,2024-09-01,23,202603,2026-08-04,24352160,23840877,23840877,0.7253,17291647,17206789,17086420,0.67,0.85,0.85,0,3057957,3178326,1,0,0
55467075000179,CS EVOLUTION BLAJ FUNDO DE INVESTIMENTO EM INFRAESTRUTURA - RENDA FIXA CREDITO PRIVADO RESP LIMITADA,UBS,2024-09-01,23,202603,2026-08-04,28733539,29701289,28733539,0.7462,21441767,21371562,21222444,0.67,0.85,0.85,0,3051946,3201064,1,0,0
42066694000100,MARAVILHA FIF INVESTIMENTO EM INFRAESTRUTURA CLASSE DE INVEST EM INFRA RENDA FIXA RESP LIMITADA,Safra Asset,2023-01-01,43,202603,2026-08-04,90237133,87800527,87800527,0.822,72173371,71597906,69067019,0.85,0.85,0.85,2457077,3032542,5563429,1,0,0
55068755000110,CS EVOLUTION CAREMA FUNDO DE INVESTIMENTO EM INFRAESTRUTURA - RENDA FIXA CRED PRIV RESP LIMITADA,UBS,2024-11-01,21,202603,2026-08-04,31131893,32164850,31131893,0.7557,23527543,23430187,23362153,0.67,0.85,0.85,0,3031923,3099956,1,0,0
63572496000198,VINLAND DEBÊNTURE INCENTIVADO 3 FIF INC EM INV EM DEB DE INFRA RF ATIVO CRED PRIV LP RESP LIMITADA,Vinland,2025-12-01,8,202603,2026-08-04,19252132,26327076,19252132,0.5271,10147575,9870654,9754637,0.67,0.67,0.67,2751353,3028274,3144291,0,0,0
58364988000158,OHMA KINEA FIF FUNDO INCENTIVADO EMINVESTIMENTO EM DEBÊNTURES DE INFRA RF CRED PRIV RESP LIMITADA,Kinea,2025-02-01,18,202603,2026-08-04,16486038,16420641,16420641,0.6762,11104408,10934256,10762827,0.67,0.85,0.85,0,3023288,3194717,0,0,0
55507577000186,SANTANDER PB ARARAS INVESTIMENTO EM INFRAESTRUTURA RENDA FIXA - FIF RESP LIMITADA,San WM,2024-08-01,24,202603,2026-08-04,29669227,29727095,29669227,0.7537,22361661,22196730,21886472,0.85,0.85,0.85,2857182,3022113,3332372,0,0,0
55539367000170,FUNDO DE INVESTIMENTO FINANCEIRO - CI RENDA FIXA INCENTIVADO INVESTIMENTO EM INFRAESTRUTURA G5 EXEC,G5,2024-07-01,25,202603,2026-08-04,23972241,24500615,23972241,0.7442,17840267,17366470,16984415,0.85,0.85,0.85,2536138,3009935,3391990,1,0,0
62198665000109,PERENNIAL KINEA FIF FI INCENTIVADO EM DEBÊNTURES DE INFRA RF CRED PRIV RESP LIMITADA,Kinea,2025-09-01,11,202603,2026-08-04,44373253,43982091,43982091,0.6135,26983838,26458241,25964956,0.67,0.67,0.67,2484163,3009760,3503045,0,0,0
55392723000175,FTS FIF - FUNDO INCENTIVADO EM INVESTIMENTO EM DEB DE INFRA RF CRÉD PRIV - RESP LIMITADA,IAM,2024-06-01,26,202603,2026-08-04,44001247,42936773,42936773,0.786,33749318,33487660,33250252,0.85,0.85,0.85,2746938,3008597,3246005,1,0,0
54235704000172,CHINOOK FUNDO INCENTIVADO DE INVESTIMENTO EM INFRAESTRUTURA RENDA FIXA,BTG WM,2024-04-01,28,202603,2026-08-04,121561692,121789467,121561692,0.8306,100966319,100325601,100062790,0.85,0.85,0.85,2361119,3001837,3264648,0,0,0
55111474000100,G5 CLARK FUNDO INCENTIVADO DE INVESTIMENTO EM INFRAESTRUTURA RENDA FIXA,G5,2024-08-01,24,202603,2026-08-04,22298354,22027333,22027333,0.7288,16053529,15730128,15383045,0.85,0.85,0.85,2669704,2993105,3340188,1,0,0
55299792000139,EAGLE EYE FIF FUNDO INCENTIVADO EM INVESTIMENTO EM DEB DE INFRA RF CRED PRIV RESP LIMITADA,Portofino,2024-07-01,25,202603,2026-08-04,32942410,31441709,31441709,0.7611,23931632,23774901,23356946,0.85,0.85,0.85,2793821,2950552,3368507,1,0,0
62380424000186,PORTAL SOLAR FIF - CI RENDA FIXA INVESTIMENTO EM INFRAESTRUTURA - RESPONSABILIDADE LIMITADA,BR Partners,2025-09-01,11,202603,2026-08-04,22338574,22026486,22026486,0.5396,11886383,11814480,11268847,0.67,0.67,0.67,2871362,2943265,3488898,1,0,0
44229743000103,EVOLUTION ACN FIF FUNDO INCENTIVADO EM INVESTIMENTO EM DEB DE INFRA RF CRÉDITO PRIVADO RESP LIMITADA,IAM,2024-03-01,29,202603,2026-08-04,68897411,64502674,64502674,0.8072,52063894,51884054,51743557,0.85,0.85,0.85,2763380,2943219,3083717,1,0,0
56154549000195,FUNDO DE INVESTIMENTO FINANCEIRO - CI RENDA FIXA INCENTIVADO INVESTIMENTO EM INFRAESTRUTURA G5 TOKYO,G5,2024-08-01,24,202603,2026-08-04,13085488,12752969,12752969,0.6321,8060956,7899719,7793991,0.85,0.85,0.85,2779067,2940304,3046033,0,0,0
54794777000102,STRIX KINEA FUNDO DE INV FIN - FUNDO INCEM INV EM DEBÊNTURES DE INF RF CP - RESP LIMITADA,Kinea,2024-05-01,27,202603,2026-08-04,28691268,28658217,28658217,0.7598,21774244,21435837,21109310,0.85,0.85,0.85,2585241,2923647,3250174,0,0,0
59772310000177,SAFRA INFRA INOVAÇÃO PRÉ RENDA FIXA FIF INVESTIMENTO EM INFRA CI EM INFRA EM RF RESP LIMITADA,Safra Asset,2025-03-01,17,202603,2026-08-04,86925078,85252999,85252999,0.689,58736220,54200184,44877591,0.67,0.67,0.85,0,2919325,27587459,1,0,0
56690945000137,VG FUNDO DE INVESTIMENTO EM INFRAESTRUTURA RENDA FIXA,XPG,2024-08-01,24,202603,2026-08-04,11578246,11302147,11302147,0.6056,6845058,6691068,6529340,0.85,0.85,0.85,2761767,2915757,3077485,0,0,0
55274899000122,SANTANDER PB ICARO III INVESTIMENTO EM INFRAESTRUTURA RENDA FIXA - FIF RESP LIMITADA,San WM,2024-08-01,24,202603,2026-08-04,26718589,27169379,26718589,0.7421,19828863,19799980,19675885,0.85,0.85,0.85,2881938,2910821,3034916,0,0,0
30568861000131,AGADIR FUNDO INCENTIVADO DE INVESTIMENTO EM INFRAESTRUTURA RENDA FIXA,BTG WM,2023-01-01,43,202603,2026-08-04,150187006,153422880,150187006,0.8441,126766056,124757093,116037820,0.85,0.85,0.85,892899,2901862,11621135,1,0,0
54788959000162,BRADESCO FIF - CI RENDA FIXA INCENTIVADO DE INVESTIMENTO EM INFRAESTRUTURA MAGNITUDE - RESP LIMITADA,BRAM,2024-10-01,22,202603,2026-08-04,47411937,46815405,46815405,0.7984,37379557,36895066,35767711,0.67,0.85,0.85,0,2898028,4025383,0,0,0
35535754000120,LINCE 5 FIF INV EM INFRA CLASSE DE INV RENDA FIXA EM INFRAESTRUTURA RESPONSABILIDADE LIMITADA,Safra Asset,2024-05-01,27,202603,2026-08-04,30904162,29922226,29922226,0.7543,22569817,22541194,22512571,0.85,0.85,0.85,2864075,2892699,2921322,0,0,0
62856283000125,VICTORIA II FIF - CLASSE DE INVESTIMENTO RENDA FIXA INCENTIVADO INVESTIMENTO EM INFRAESTRUTURA,BRAM,2025-10-01,10,202603,2026-08-04,56928887,55071250,55071250,0.6237,34350185,34025809,32937992,0.67,0.67,0.67,2547553,2871928,3959745,1,0,0
64597707000100,SANTANDER PB RISE INVESTIMENTO EM INFRAESTRUTURA RENDA FIXA - FIF RESP LIMITADA,San WM,2026-02-01,6,202603,2026-08-04,75354552,74495117,74495117,0.632,47081313,47049644,46995231,0.67,0.67,0.67,2830416,2862084,2916498,0,0,0
58443398000110,SPARTA INFRA INFLAÇÃO LONGA MASTER I FI EM INFRAESTRUTURA RENDA FIXA - RESPONSABILIDADE LIMITADA,Sparta,2024-12-01,20,202603,2026-08-04,28227332,28822645,28227332,0.7613,21490398,21135981,20272412,0.67,0.85,0.85,0,2857251,3720820,0,0,0
54582300000155,MONTE TABOR KINEA FIF - FUNDO INCENTIVADO EM INVESTIMENTO DEB DE INFRA RF CRÉD PRIV - RESP LIMITADA,Kinea,2024-04-01,28,202603,2026-08-04,28941397,28910119,28910119,0.7632,22064952,21726532,21402184,0.85,0.85,0.85,2508650,2847069,3171417,0,0,0
55112047000139,G5 NOACH FIF - CLASSE DE INVESTIMENTO RENDA FIXA INCENTIVADO EM INFRAESTRUTURA,G5,2024-10-01,22,202603,2026-08-04,18196706,17929342,17929342,0.7001,12553199,12400354,12357119,0.67,0.85,0.85,0,2839586,2882822,0,0,0
55580077000170,BINA FIF - FUNDO INCENTIVADO EM INVESTIMENTO EM DEB DE INFRA RF CRÉD PRIV RESP LIMITADA,IAM,2024-08-01,24,202603,2026-08-04,22257165,22102668,22102668,0.7267,16062207,15987475,15872278,0.85,0.85,0.85,2725061,2799793,2914989,1,0,0
54644019000108,ANACAPRI KINEA FIF - FUNDO INCENTIVADO EM INVESTIMENTO EM DEB DE INFRA RF CRED PRIV - RESP LIMITADA,Kinea,2024-04-01,28,202603,2026-08-04,28920736,28877213,28877213,0.7647,22082887,21746361,21425500,0.85,0.85,0.85,2462744,2799270,3120131,0,0,0
56281671000122,MSB FIF - FUNDO INCENTIVADO EM INVESTIMENTO EM DEB DE INFRA RF CRED PRIV RESP LIMITADA,IAM,2024-09-01,23,202603,2026-08-04,18926088,18805973,18805973,0.7065,13286586,13189147,13052609,0.67,0.85,0.85,0,2795930,2932468,1,0,0
55437642000144,G5 MILANO FUNDO INCENTIVADO DE INVESTIMENTO EM INFRAESTRUTURA RENDA FIXA,G5,2024-08-01,24,202603,2026-08-04,16202113,15757696,15757696,0.6942,10939707,10598372,10315867,0.85,0.85,0.85,2454334,2795670,3078175,1,0,0
56935104000142,CRIOS FUNDO INCENTIVADO DE INVESTIMENTO EM INFRAESTRUTURA RENDA FIXA,BTG WM,2024-10-01,22,202603,2026-08-04,23139845,22910737,22910737,0.7332,16798403,16682932,16533260,0.67,0.85,0.85,0,2791195,2940867,0,0,0
55505792000148,FAROE FIF - FUNDO INCENTIVADO EM INVESTIMENTO EM DEB DE INFRA RENDA FIXA CRÉD PRIV - RESP LIMITADA,IAM,2024-08-01,24,202603,2026-08-04,19221814,18671301,18671301,0.7046,13156111,13085860,12982896,0.85,0.85,0.85,2714495,2784745,2887709,1,0,0
54602971000130,BB LMF INFRA RENDA FIXA FUNDO INCENTIVADO DE INVESTIMENTO FINANCEIRO EM INFRAESTRUTURA RESP LIMITADA,BB Asset,2024-04-01,28,202603,2026-08-04,35146432,34820366,34820366,0.7713,26856976,26820750,26780007,0.85,0.85,0.85,2740335,2776561,2817304,0,0,0
57552109000159,BAY SHORE FIF - FUNDO INCENTIVADO EM INVESTIMENTO EM DEBÊNTURES DE INFRA RF CRED PRIV RESP LIMITADA,IAM,2024-11-01,21,202603,2026-08-04,39879628,42654394,39879628,0.785,31306118,31159546,30965250,0.67,0.85,0.85,0,2738137,2932434,1,0,0
57400717000148,FLORIPA 2 FIF - FUNDO INCENTIVADO EM INVESTIMENTO EM DEB DE INFRA RENDA FIXA CRÉD PRIV RESP LIMITADA,IAM,2024-12-01,20,202603,2026-08-04,25093551,24885933,24885933,0.7436,18504806,18417565,18312024,0.67,0.85,0.85,0,2735478,2841019,1,0,0
54779679000198,GUERREIRO FIF FUNDO INCENTIVADO EM INVESTIMENTO EM DEB DE INFRA RF CRED PRIV - RESP LIMITADA,IAM,2024-05-01,27,202603,2026-08-04,40150991,40394710,40150991,0.7863,31569984,31396551,31161472,0.85,0.85,0.85,2558358,2731791,2966870,1,0,0
56388276000143,SANTANDER PB EXPONENCIAL INVESTIMENTO EM INFRAESTRUTURA RENDA FIXA - FIF RESP LIMITADA,San WM,2024-09-01,23,202603,2026-08-04,19810094,17841567,17841567,0.7016,12516968,12458252,11902798,0.67,0.85,0.85,0,2707080,3262534,1,0,0
57378517000136,BHGJ FUNDO INCENTIVADO DE INVESTIMENTO FINANCEIRO EM INFRAESTRUTURA RENDA FIXA,BTG WM,2024-09-01,23,202603,2026-08-04,39843811,39467084,39467084,0.7842,30951614,30846407,30584815,0.67,0.85,0.85,0,2700615,2962207,0,0,0
57395516000108,SANTANDER PB 173 INVESTIMENTO EM INFRAESTRUTURA RENDA FIXA - FIF RESP LIMITADA,San WM,2024-12-01,20,202603,2026-08-04,20420893,20370684,20370684,0.7194,14653717,14624358,14610035,0.67,0.85,0.85,0,2690724,2705046,0,0,0
57492192000118,MARSIL FIF FUNDO INCENTIVADO EM INVESTIMENTO EM DEBÊNTURES DE INFRA RF CRED PRIV RESP LIMITADA,IAM,2024-11-01,21,202603,2026-08-04,24544950,24048378,24048378,0.7416,17835169,17758365,17653027,0.67,0.85,0.85,0,2682756,2788094,1,0,0
54715191000105,SHALOM FIF - FUNDO INCENTIVADO EM INVESTIMENTO DEB INFRA RF CRÉD PRIV - RESP LIMITADA,IAM,2024-05-01,27,202603,2026-08-04,42670411,41858692,41858692,0.7903,33082530,32901733,32688306,0.85,0.85,0.85,2497358,2678155,2891582,1,0,0
56149470000176,SAFRA INFRA EXCLUSIVO RF FIF INVESTIMENTO EM INFRA CI EM INFRAESTRUTURA EM RENDA FIXA RESP LIMITADA,Safra Asset,2025-02-01,18,202603,2026-08-04,8538749,8380121,8380121,0.6084,5098570,4445376,3677153,0.67,0.85,0.85,516111,2677727,3445950,1,0,0
54410101000160,EBENEZER FUNDO INCENTIVADO DE INVESTIMENTO EM INFRAESTRUTURA RENDA FIXA - CRÉDITO PRIVADO,BTG WM,2024-04-01,28,202603,2026-08-04,36737265,36654643,36654643,0.7821,28666672,28489961,28170671,0.85,0.85,0.85,2489774,2666485,2985775,0,0,0
55761382000168,GZXXIV FUNDO INCENTIVADO DE INVESTIMENTO EM INFRAESTRUTURA RENDA FIXA,BTG WM,2024-08-01,24,202603,2026-08-04,47939209,47536804,47536804,0.797,37885343,37748314,37405247,0.85,0.85,0.85,2520940,2657969,3001036,0,0,0
63248651000115,INE II FIF - CLASSE DE INVESTIMENTO RENDA FIXA INCENTIVADO DEINVESTIMENTO EM INFRAESTRUTURA,BRAM,2026-01-01,7,202603,2026-08-04,41095897,40554950,40554950,0.606,24576094,24517000,24453902,0.67,0.67,0.67,2595723,2654816,2717915,0,0,0
56862671000116,BLUE OAK KINEA FIF FUNDO INCENTIVADO EM INVESTIMENTO EM DEB DE INFRA RF CRED PRIV RESP LIMITADA,Kinea,2024-08-01,24,202603,2026-08-04,22425112,22378488,22378488,0.7437,16642989,16369375,16107484,0.85,0.85,0.85,2378726,2652340,2914231,0,0,0
55136457000110,BOTIJA FUNDO INCENTIVADO DE INVESTIMENTO EM INFRAESTRUTURA RENDA FIXA,BTG WM,2024-06-01,26,202603,2026-08-04,23632095,23512236,23512236,0.7416,17435755,17342805,17243013,0.85,0.85,0.85,2549646,2642596,2742388,0,0,0
56778085000198,ANGEL KINEA FIF FUNDO INCENTIVADO EM INVESTIMENTO EM DEB DE INFRA RENDA FIXA CRED PRIV RESP LIMITADA,Kinea,2024-09-01,23,202603,2026-08-04,22669418,22617829,22617829,0.7452,16855430,16585159,16325658,0.67,0.85,0.85,0,2639995,2899496,0,0,0
61411777000133,DLM FUNDO INCENTIVADO DE INVESTIMENTO FINANCEIRO EM INFRAESTRUTURA  RENDA FIXA,BTG WM,2025-06-01,14,202603,2026-08-04,71590916,69416437,69416437,0.6361,44153291,43871392,43231196,0.67,0.67,0.85,2355722,2637621,15772775,0,0,0
31457222000161,TRIPLARIS KINEA FIF FUNDO INCENTIVADO EM INVESTIMENTO EM DEB DE INFRA RF CRED PRIV RESP LIMITADA,Kinea,2023-01-01,43,202603,2026-08-04,103865368,78480241,78480241,0.8387,65818702,64076000,62392901,0.85,0.85,0.85,889503,2632205,4315304,0,0,0
51096061000135,TTME 3 FIF INVEST EM INFRAESTRUTURA CLASSE DE INVESTIMENTO EM INFRA RENDA FIXA RESP LIMITADA,Safra Asset,2024-03-01,29,202603,2026-08-04,120365887,116788780,116788780,0.8439,98561997,96642491,93647935,0.85,0.85,0.85,708466,2627972,5622528,1,0,0
54644512000110,SUMMIT KINEA FIF - FUNDO INCENTIVADO EM INVESTIMENTO EM DEB DE INFRA RF CP - RESP LIMITADA,Kinea,2024-04-01,28,202603,2026-08-04,34570839,34756462,34570839,0.7863,27182769,26759455,26354223,0.85,0.85,0.85,2202445,2625759,3030991,0,0,0
57512269000174,NEXT FUNDO INCENTIVADO DE INVESTIMENTO FINANCEIRO EM INFRAESTRUTURA RENDA  FIXA,BTG WM,2024-11-01,21,202603,2026-08-04,29831490,28989416,28989416,0.7689,22290160,22019580,21623741,0.67,0.85,0.85,0,2621424,3017263,0,0,0
55392885000103,NYK FIF - FUNDO INCENTIVADO EM INVESTIMENTO EM DEBÊNTURES DE INFRA RF CRÉD PRIV - RESP LIMITADA,IAM,2024-07-01,25,202603,2026-08-04,27882121,27698145,27698145,0.7598,21044584,20943691,20800475,0.85,0.85,0.85,2498840,2599732,2742948,1,0,0
56174994000117,BOCKER FIF - FUNDO INCENTIVADO EM INVESTIMENTO EM DEB DE INFRAESTRUTURA RF CRED PRIV RESP LIMITADA,IAM,2024-09-01,23,202603,2026-08-04,25330679,24888329,24888329,0.7498,18662340,18556745,18400289,0.67,0.85,0.85,0,2598334,2754791,1,0,0
55217827000143,MARGARIDA FIF INVESTIMENTO EM INFRAESTRUTURA CLASSE DE INVEST EM INFRA RENDA FIXA RESP LIMITADA,Safra Asset,2025-12-01,8,202603,2026-08-04,23236675,22787605,22787605,0.5661,12900753,12672362,12445337,0.67,0.67,0.67,2366943,2595334,2822359,0,0,0
58331211000197,CARPA KINEA FIF FUNDO INCENTIVADO EM INVESTIMENTO EM DEB DE INFRA RF CRÉD PRIV RESP LIMITADA,Kinea,2024-12-01,20,202603,2026-08-04,23295430,24248240,23295430,0.7521,17519932,17208673,16909420,0.67,0.85,0.85,0,2592442,2891696,0,0,0
54365722000179,UROCOELHO FIF - FUNDO INCENTIVADO EM INV EM DEBÊNTURES DE INFRAESTRUTURA RF CRÉD PRIV RESP LIMITADA,IAM,2024-05-01,27,202603,2026-08-04,28862495,28444788,28444788,0.7633,21710909,21586152,21428317,0.85,0.85,0.85,2467161,2591918,2749752,1,0,0
62231879000130,AMOREIRA FIF - CI RF INCENTIVADO DE INVESTIMENTO EM INFRAESTRUTURA - RESPONSABILIDADE LIMITADA,BR Partners,2025-09-01,11,202603,2026-08-04,17382738,17503837,17382738,0.527,9161221,9063154,8947533,0.67,0.67,0.67,2485214,2583281,2698901,1,0,0
55126476000165,MARWIN FIF - FUNDO INCENTIVADO EM INVESTIMENTO EM DEB DE INFRAESTRUTURA RF CRED PRIV - RESP LIMITADA,IAM,2024-06-01,26,202603,2026-08-04,31120097,30911042,30911042,0.7699,23798517,23702485,23564419,0.85,0.85,0.85,2475869,2571900,2709967,1,0,0
54745704000112,RENDA FIXA PORTFOLIO INCENTIVADO FUNDO DE INVESTIMENTO EM INFRAESTRUTURA CRÉDITO PRIVADO,XPG,2024-06-01,26,202603,2026-08-04,34068952,34941363,34068952,0.7788,26532494,26406175,25583037,0.85,0.85,0.85,2426116,2552434,3375572,1,0,0
65180245000193,BEALFE FUNDO INCENTIVADO DE INVESTIMENTO FINANCEIRO EM INFRAESTRUTURA RENDA FIXA,BTG WM,2026-03-01,5,202603,2026-08-04,11199794,11048317,11048317,0.4402,4863255,4863255,4846622,0,0.67,0.67,0,2539117,2555750,0,0,0
54546863000198,REGINA 18 FUNDO INCENTIVADO DE INVESTIMENTO EM INFRAESTRUTURA RENDA FIXA,BTG WM,2024-07-01,25,202603,2026-08-04,32382958,32101093,32101093,0.7764,24921766,24747830,24440914,0.85,0.85,0.85,2364163,2538099,2845015,0,0,0
62317528000146,BISCAYNE FIF - CLASSE DE INVESTIMENTO RENDA FIXA INCENTIVADO DE INVESTIMENTO EM INFRAESTRUTURA,BRAM,2025-10-01,10,202603,2026-08-04,81637706,77002824,77002824,0.6374,49085230,49057727,49028260,0.67,0.67,0.67,2506663,2534165,2563633,0,0,0
53922164000132,BELBO FUNDO INCENTIVADO DE INVESTIMENTO EM INFRAESTRUTURA RENDA FIXA,BTG WM,2024-02-01,30,202603,2026-08-04,110626775,110935823,110626775,0.8327,92114468,91514995,90686379,0.85,0.85,0.85,1918291,2517764,3346379,1,0,0
62358710000145,AURUM BONDS BR DEBENTURES INCENTIVADAS INFRAESTRUTURA CLASSE DE INVESTIMENTO EM RF - RESP LIMITADA,UBS,2025-09-01,11,202603,2026-08-04,20675235,16420929,16420929,0.5196,8532611,8497099,8436244,0.67,0.67,0.67,2469412,2504924,2565779,0,0,0
65255255000140,ATID SF FIF INV EM INFRAESTRUTURA CLASSE DE INVESTIMENTO EM INFRAESTRUTURA RENDA FIXA RESP LIMITADA,Safra Asset,2026-02-01,6,202603,2026-08-04,27554641,26504228,26504228,0.5951,15771492,15260939,11137950,0.67,0.67,0.67,1986341,2496894,6619883,0,0,0
54760539000178,YODA FIF - FUNDO INCENTIVADO EM INVESTIMENTO EM DEB DE INFRAESTRUTURA RF CRED PRIV- RESP LIMITADA,IAM,2024-05-01,27,202603,2026-08-04,26467037,26124860,26124860,0.7588,19823430,19713360,19582073,0.85,0.85,0.85,2382701,2492771,2624058,1,0,0
54070985000150,MDP INFRA KINEA FIF - FUNDO INCENTIVADO EM INVESTIMENTO EM DEB DE INFRA RF CRÉD PRIV - RESP LIMITADA,Kinea,2024-04-01,28,202603,2026-08-04,46232868,46176065,46176065,0.8094,37373205,36793407,36236224,0.85,0.85,0.85,1876450,2456248,3013431,0,0,0
61561173000173,JOLUGAJU FUNDO DE INVESTIMENTO EM INFRAESTRUTURA RENDA FIXA,XPG,2025-09-01,11,202603,2026-08-04,39489817,38427882,38427882,0.6077,23354247,23290604,23106284,0.67,0.67,0.67,2392434,2456076,2640397,0,0,0
62986314000162,SANTANDER PB FELDER PRIVATE 2 INVESTIMENTO EM INFRAESTRUTURA RENDA FIXA - FIF RESP LIMITADA,San WM,2025-11-01,9,202603,2026-08-04,15528760,15404541,15404541,0.5119,7885590,7873345,7862842,0.67,0.67,0.67,2435452,2447698,2458201,1,0,0
57395648000121,SANTANDER PB KANDEL INVESTIMENTO EM INFRAESTRUTURA RENDA FIXA - FIF RESP LIMITADA,San WM,2024-10-01,22,202603,2026-08-04,15691494,15727320,15691494,0.7086,11118223,10895192,10833928,0.67,0.85,0.85,0,2442578,2503842,1,0,0
56004782000191,TIMEZZ CDI FIF - FUNDO INCENTIVADO EM INVESTIMENTO EM DEBÊNTURES DE INFRA RF CRÉD PRIV RESP LIMITADA,IAM,2024-08-01,24,202603,2026-08-04,23485424,23313853,23313853,0.7489,17460119,17374951,17254172,0.85,0.85,0.85,2356656,2441824,2562603,1,0,0
55761979000102,G5 STUTTGART FUNDO INCENTIVADO DE INVESTIMENTO EM INFRAESTRUTURA RENDA FIXA,G5,2024-07-01,25,202603,2026-08-04,12686867,12396247,12396247,0.6749,8365817,8095591,7845858,0.85,0.85,0.85,2170993,2441219,2690951,1,0,0
57039057000111,BUCKET FIF - CI RENDA FIXA INCENTIVADO DE INVESTIMENTO EM INFRAESTRUTURA - RESPONSABILIDADE LIMITADA,BTG WM,2024-09-01,23,202603,2026-08-04,23040699,22851947,22851947,0.7512,17167084,16989214,16941982,0.67,0.85,0.85,0,2434941,2482172,0,0,0
55263153000113,GALENA FIF FUNDO INCENTIVADO EM INVESTIMENTO EM DEBÊNTURES DE INF RF CRÉD PRIVADO RESP LIMITADA,IAM,2024-06-01,26,202603,2026-08-04,30644180,30082601,30082601,0.7732,23258669,23142143,22972329,0.85,0.85,0.85,2311542,2428068,2597881,1,0,0
54151845000107,ROKA STAR FUNDO INCENTIVADO DE INVESTIMENTO EM INFRAESTRUTURA RENDA FIXA - CRÉDITO PRIVADO,BTG WM,2024-03-01,29,202603,2026-08-04,148547197,147496932,147496932,0.8407,124000782,122956178,121570264,0.85,0.85,0.85,1371610,2416214,3802128,1,0,0
49598896000141,AUGME CLASSE DE INVESTIMENTO RENDA FIXA INCENTIVADO EM INFRAESTRUTURA - RESP LIMITADA,Augme,2023-03-01,41,202603,2026-08-04,82392519,89660625,82392519,0.825,67975211,67620000,67002237,0.85,0.85,0.85,2058430,2413641,3031404,1,0,0
54021672000102,MAJ KINEA FIF - FUNDO INCENTIVADO EM INVESTIMENTO EM DEB INFRA RF CRÉD PRIV - RESP LIMITADA,Kinea,2024-07-01,25,202603,2026-08-04,23289331,23266328,23266328,0.7579,17633429,17363684,17106468,0.85,0.85,0.85,2142950,2412695,2669911,0,0,0
54173311000181,FAZENDA SALVATI II IPCA FIF - FUNDO INCENTIVADO EM INV DEB INFRA RF CRED PRIV - RESP LIMITADA,IAM,2024-06-01,26,202603,2026-08-04,24556854,24385144,24385144,0.7548,18404869,18315273,18181996,0.85,0.85,0.85,2322503,2412099,2545377,1,0,0
55121153000189,TECA FUNDO INCENTIVADO DE INVESTIMENTO EM INFRAESTRUTURA RENDA FIXA,BTG WM,2024-05-01,27,202603,2026-08-04,29847180,29637428,29637428,0.7742,22944161,22814457,22643203,0.85,0.85,0.85,2247653,2377357,2548611,0,0,0
57627579000134,FUNDO DE INVESTIMENTO FINANCEIRO - CI RENDA FIXA INCENTIVADO DE INVESTIMENTO EM INFRA BLESS,BRAM,2024-10-01,22,202603,2026-08-04,41422647,41075734,41075734,0.7925,32551388,32547964,32540659,0.67,0.85,0.85,0,2366410,2373715,1,0,0
54292227000187,MONET KINEA FIF - FUNDO INCENTIVADO EM INV EM DEB DE INFRAESTRUTURA RF CRÉD PRIV - RESP LIMITADA,Kinea,2024-05-01,27,202603,2026-08-04,22897589,22861036,22861036,0.7584,17338087,17066353,16804896,0.85,0.85,0.85,2093793,2365527,2626984,0,0,0
54047830000101,BCP INFRA KINEA FIF - FUNDO INCENTIVADO EM INVESTIMENTO EM DEB INFRA RF CRÉD PRIV - RESP LIMITADA,Kinea,2024-04-01,28,202603,2026-08-04,23167526,23146515,23146515,0.7596,17581704,17315003,17061094,0.85,0.85,0.85,2092833,2359534,2613444,0,0,0
57512491000177,BRP TUCUM FIF - CI RENDA FIXA INCENTIVADO DE INVESTIMENTO EM INFRAESTRUTURA - RESP LIMITADA,BR Partners,2025-02-01,18,202603,2026-08-04,16636225,16353280,16353280,0.7133,11664171,11541215,11216874,0.67,0.85,0.85,0,2359073,2683414,1,0,0
54350231000154,LDL INFRA KINEA FIF - FUNDO INCENTIVADO EM INVESTIMENTO DEB INFRA RF CRED PRIV - RESP LIMITADA,Kinea,2024-05-01,27,202603,2026-08-04,23171432,23146021,23146021,0.7596,17582556,17315341,17058453,0.85,0.85,0.85,2091562,2358777,2615665,0,0,0
32893181000119,CORDIA FUNDO INCENTIVADO DE INVESTIMENTO FINANCEIRO EM INFRA RENDA FIXA CRÉD PRIV RESP LTDA,Andbank,2023-01-01,43,202603,2026-08-04,90540423,88886385,88886385,0.8508,75621474,73197351,66584780,0.85,0.85,0.85,0,2356076,8968647,1,0,0
54518613000144,EVANGELISTA KINEA FIF - FUNDO INCENTIVADO EM INVESTIMENTO DEB INFRA RF CRED PRIV - RESP LIMITADA,Kinea,2024-04-01,28,202603,2026-08-04,22969515,22940601,22940601,0.7595,17422520,17158121,16904045,0.85,0.85,0.85,2076990,2341389,2595465,0,0,0
55144098000142,CALIFORNIA FIF - FUNDO INCENTIVADO EM INVESTIMENTO EM DEB DE INFRA RF CRÉD PRIV - RESP LIMITADA,IAM,2024-06-01,26,202603,2026-08-04,26673856,26242371,26242371,0.7664,20111433,20001588,19857749,0.85,0.85,0.85,2194582,2304427,2448266,1,0,0
53359716000146,DEDICATA FUNDO INCENTIVADO DE INVESTIMENTO EM INFRA RENDA FIXA - CRÉD PRIV RESPONSABILIDADE LIMITADA,Scalare,2024-01-01,31,202603,2026-08-04,617646751,616709491,616709491,0.8587,529552776,521899130,513272880,0.85,0.85,0.85,0,2303937,10930188,1,0,0
53926542000156,CAXANGÁ KINEA FIF - FUNDO INCENTIVADO EM INVESTIMENTO DEB INFRA RF CRED PRIV - RESP LIMITADA,Kinea,2024-04-01,28,202603,2026-08-04,45663944,40052408,40052408,0.8058,32274263,31744892,31235739,0.85,0.85,0.85,1770283,2299655,2808808,0,0,0
55150666000118,SBLIA DEBÊNTURES INCENTIVADAS FI FINANCEIRO RENDA FIXA INVESTIMENTO EM INFRAESTRUTURA,XPG,2024-05-01,27,202603,2026-08-04,42000512,41321588,41321588,0.8046,33247282,32831475,31475901,0.85,0.85,0.85,1876068,2291875,3647448,1,0,0
60029151000102,MAGNA FUNDO DE INVESTIMENTO FINANCEIRO RENDA FIXA INVESTIMENTO EM INFRAESTRUTURA,XPG,2025-07-01,13,202603,2026-08-04,14534340,12583825,12583825,0.4939,6215096,6145845,6075692,0.67,0.67,0.85,2216066,2285318,4620559,1,0,0
53675759000130,FARROUPILHA KINEA FIF FUNDO INCENTIVADO EM INVESTIMENTO DEB INFRA RF CRED PRIV - RESP LIMITADA,Kinea,2024-04-01,28,202603,2026-08-04,23040318,23009142,23009142,0.7627,17547936,17282887,17030025,0.85,0.85,0.85,2009835,2274884,2527746,0,0,0
54313147000160,CONARTES FIF FUNDO INCENTIVADO EM INVEST EM DEB DE INFRA RF CRÉD PRIV RESP LIMITADA,IAM,2024-04-01,28,202603,2026-08-04,24452112,24292057,24292057,0.7597,18453897,18375930,18262155,0.85,0.85,0.85,2194352,2272318,2386093,1,0,0
53776531000137,CS EVOLUTION DG FUNDO DE INVESTIMENTO EM INFRAESTRUTURA - RENDA FIXA CRÉDITO PRIVADO RESP LIMITADA,UBS,2024-07-01,25,202603,2026-08-04,52736417,57442372,52736417,0.8105,42744028,42554131,42347886,0.85,0.85,0.85,2081926,2271823,2478068,0,0,0
64073126000179,G2A2 DEBENTURE FUNDO INCENTIVADO DE INVESTIMENTO FINANCEIRO EM INFRAESTRUTURA RENDA FIXA,BTG WM,2026-01-01,7,202603,2026-08-04,7092378,6982569,6982569,0.3478,2428810,2422351,2409898,0.67,0.67,0.67,2249512,2255971,2268424,0,0,0
56174179000158,JÚPITER KINEA FIF FUNDO INCENTIVADO EM INVESTIMENTO EM DEB DE INFRA RF CRED PRIV RESP LIMITADA,Kinea,2024-09-01,23,202603,2026-08-04,17464926,17417205,17417205,0.7332,12769733,12562120,12362517,0.67,0.85,0.85,0,2242504,2442107,0,0,0
57662228000164,FUNDO DE INVESTIMENTO FINANCEIRO - CI RENDA FIXA INCENTIVADO DE INVESTIMENTO EM INFRA ANA HELENA,BRAM,2024-11-01,21,202603,2026-08-04,24959471,24707310,24707310,0.7596,18768260,18759213,18680898,0.67,0.85,0.85,0,2242001,2320316,1,0,0
52342478000101,G5 CDM FUNDO INCENTIVADO DE INVESTIMENTO EM INFRAESTRUTURA RENDA FIXA,G5,2025-01-01,19,202603,2026-08-04,10612203,9254421,9254421,0.6281,5812753,5626588,5482778,0.67,0.85,0.85,387709,2239670,2383480,0,0,0
56388159000180,SANTANDER PB CATÃO INVESTIMENTO EM INFRAESTRUTURA RENDA FIXA - FIF RESP LIMITADA,San WM,2024-09-01,23,202603,2026-08-04,13422814,13006249,13006249,0.6838,8893097,8827891,8470116,0.67,0.85,0.85,0,2227420,2585196,0,0,0
54758649000103,BARU FIF - FUNDO INCENTIVADO EM INVEST EM DEB DE INFRA RF CRÉD PRIV - RESP LIMITADA,IAM,2024-05-01,27,202603,2026-08-04,22425846,21897929,21897929,0.7526,16480979,16389512,16270924,0.85,0.85,0.85,2132260,2223727,2342316,1,0,0
56848758000139,KXW DEBÊNTURES INCENTIVADAS FUNDO INCENTIVADO DE INVESTIMENTO EM INFRAESTRUTURA RENDA FIXA,BTG WM,2024-08-01,24,202603,2026-08-04,24860695,24576759,24576759,0.7647,18794956,18670327,18471139,0.85,0.85,0.85,2095288,2219918,2419106,0,0,0
55392560000120,ARCHIMEDES FIF - FUNDO INCENTIVADO EM INVESTIMENTO EM DEB DE INFRA RF CRÉD PRIV - RESP LIMITADA,IAM,2024-06-01,26,202603,2026-08-04,24052342,23760375,23760375,0.7621,18107318,17989187,17856960,0.85,0.85,0.85,2089001,2207132,2339359,1,0,0
55019321000120,JB2L FIF - FUNDO INCENTIVADO EM INVESTIMENTO EM DEBÊNTURES DE INFRA RF CRÉD PRIV - RESP LIMITADA,IAM,2024-08-01,24,202603,2026-08-04,22415661,22271731,22271731,0.7551,16816828,16729203,16611901,0.85,0.85,0.85,2114144,2201768,2319071,1,0,0
54487778000104,SANTANDER PB SYRAH INVESTIMENTO EM INFRAESTRUTURA RENDA FIXA - FIF RESP LIMITADA,San WM,2024-05-01,27,202603,2026-08-04,49123148,49234606,49123148,0.807,39643780,39561904,39322473,0.85,0.85,0.85,2110895,2192771,2432203,0,0,0
57119209000196,ARM KINEA FIF FUNDO INCENTIVADO EM INVESTIMENTO EM DEBÊNTURES DE INFRA RF CRÉD PRIV RESP LIMITADA,Kinea,2024-09-01,23,202603,2026-08-04,22472497,22408204,22408204,0.7651,17144159,16859838,16584262,0.67,0.85,0.85,0,2187136,2462711,0,0,0
55323655000192,A&B FIF - FUNDO INCENTIVADO EM INVESTIMENTO EM DEB DE INFRA RF CRÉD PRIV - RESP LIMITADA,IAM,2024-06-01,26,202603,2026-08-04,16009525,15466088,15466088,0.7123,11017164,10971134,10903524,0.85,0.85,0.85,2129011,2175041,2242651,1,0,0
57324934000104,ZAZU FIF - FUNDO INCENTIVADO EM INVESTIMENTO EM DEB DE INFRA RENDA FIXA CRED PRIV RESP LIMITADA,IAM,2024-10-01,22,202603,2026-08-04,22777174,22627686,22627686,0.7571,17130775,17065858,16943764,0.67,0.85,0.85,0,2167675,2289769,1,0,0
57204032000126,BLESSED DEBENTURES INCENTIVADAS FIF RENDA FIXA INVESTIMENTO EM INFRAESTRUTURA,XPG,2024-11-01,21,202603,2026-08-04,25495120,25985476,25495120,0.769,19605100,19506325,19295851,0.67,0.85,0.85,0,2164527,2375001,0,0,0
37728016000125,SÃO MIGUEL KINEA FIF FUNDO INCENTIVADO EM INVESTIMENTO EM DEB DE INFRA RF CP RESP LIMITADA,Kinea,2023-01-01,43,202603,2026-08-04,111578240,111079745,111079745,0.851,94532326,92275439,90124523,0.85,0.85,0.85,0,2142344,4293260,0,0,0
56033932000195,GROWTH KINEA FIF FUNDO INCENTIVADO EM INVESTIMENTO EM DEB DE INFRA RF CRÉD PRIV RESP LIMITADA,Kinea,2024-08-01,24,202603,2026-08-04,22566175,22534538,22534538,0.7677,17299172,17019898,16761924,0.85,0.85,0.85,1855185,2134459,2392433,0,0,0
55750852000198,CYCLONE FIF - FUNDO INCENTIVADO EM INVESTIMENTO EM DEBÊNTURES DE INFRA  RF CRED PRIV RESP LIMITADA,IAM,2024-08-01,24,202603,2026-08-04,22619496,22304086,22304086,0.7578,16902377,16825700,16715414,0.85,0.85,0.85,2056096,2132774,2243060,1,0,0
55753823000180,FQJ3 FUNDO INCENTIVADO DE INVESTIMENTO EM INFRAESTRUTURA RENDA FIXA,BTG WM,2024-07-01,25,202603,2026-08-04,29774520,32501813,29774520,0.7824,23296391,23186088,22611076,0.85,0.85,0.85,2011951,2122254,2697266,0,0,0
62983270000117,SANTANDER PB 321 INVESTIMENTO EM INFRA RENDA FIXA - FIF RESP LIMITADA,San WM,2025-12-01,8,202603,2026-08-04,10332102,10284127,10284127,0.4657,4788932,4782924,4778098,0.67,0.67,0.67,2101433,2107441,2112267,1,0,0
56544725000103,CANEVA FIF FUNDO INCENTIVADO EM INVESTIMENTO EM DEBÊNTURES DE INFRA RF CRED PRIV RESP LIMITADA,IAM,2024-09-01,23,202603,2026-08-04,23631414,23196990,23196990,0.7638,17716956,17622194,17496761,0.67,0.85,0.85,0,2095247,2220681,1,0,0
57009772000101,FIF - CLASSE DE INVESTIMENTO  RF INCENTIVADO DE INVESTIMENTO EM INFRAESTRUTURA  CASABRANCA,BRAM,2024-09-01,23,202603,2026-08-04,23722600,23463626,23463626,0.7679,18018322,17850382,17309419,0.67,0.85,0.85,0,2093700,2634664,1,0,0
52962690000163,H&R FUNDO DE INVESTIMENTO EM INFRAESTRUTURA - RENDA FIXA CRÉDITO PRIVADO RESPONSABILIDADE LIMITADA,UBS,2024-03-01,29,202603,2026-08-04,79623190,75850424,75850424,0.8259,62647890,62382193,61943561,0.85,0.85,0.85,1824970,2090667,2529299,1,0,0
54409981000154,RENASCENÇA FUNDO INCENTIVADO DE INVESTIMENTO EM INFRAESTRUTURA RENDA FIXA,BTG WM,2024-04-01,28,202603,2026-08-04,27518870,26732627,26732627,0.7755,20731661,20632499,20409385,0.85,0.85,0.85,1991071,2090234,2313348,0,0,0
59091360000199,FAMÍLIA RORATO FUNDO DE INVESTIMENTO EM INFRAESTRUTURA RENDA FIXA CRÉDITO PRIVADO,XPG,2025-02-01,18,202603,2026-08-04,23729409,23277811,23277811,0.7659,17829248,17768669,17608120,0.67,0.85,0.85,0,2017470,2178020,0,0,0
63285255000168,AUGURI 2 FUNDO DE INVESTIMENTO EM INFRAESTRUTURA RENDA FIXA,XPG,2025-12-01,8,202603,2026-08-04,10261237,10734418,10261237,0.4757,4881472,4857922,4823148,0.67,0.67,0.67,1993557,2017107,2051881,0,0,0
57435321000136,RIVERPLATE FIF - FUNDO INCENTIVADO EM INVESTIMENTO EM DEB DE INFRA RF CRÉD PRIV RESP LIMITADA,IAM,2024-11-01,21,202603,2026-08-04,22365507,22191979,22191979,0.7626,16923800,16847249,16738611,0.67,0.85,0.85,0,2015933,2124572,1,0,0
55538903000112,FUNDO DE INVESTIMENTO FINANCEIRO - CI RENDA FIXA INCENTIVADA INVESTIMENTO EM INFRA G5 CYPRESS POINT,G5,2024-07-01,25,202603,2026-08-04,18993817,19705006,18993817,0.7542,14325036,14161508,14073465,0.85,0.85,0.85,1819708,1983236,2071279,0,0,0
45354855000159,PSL 1 FUNDO INCENTIVADO DE INVESTIMENTO EM INFRAESTRUTURA RENDA FIXA,BTG WM,2023-01-01,43,202603,2026-08-04,6365210,6252348,6252348,0.5839,3650837,3337290,2502247,0.85,0.85,0.85,1663659,1977206,2812249,1,0,0
57473219000125,FUNDO DE INVESTIMENTO FINANCEIRO - CI RENDA FIXA INCENTIVADO DE INVESTIMENTO EM INFRA ONDAS,BRAM,2024-10-01,22,202603,2026-08-04,35130008,34817719,34817719,0.7935,27628265,27621855,27598593,0.67,0.85,0.85,0,1973206,1996469,1,0,0
63189681000106,BB MVFC INFRA RENDA FIXA FUNDO INCENTIVADO DE INVESTIMENTO FINAN EM INFRAESTRUTURA RESP LIMITADA,BB Asset,2025-11-01,9,202603,2026-08-04,15722190,15615731,15615731,0.5469,8540570,8496911,8447829,0.67,0.67,0.67,1921970,1965629,2014711,0,0,0
59878473000139,SAFRA INFRA EXCLUSIVO PRÉ RF FIF INVESTIMENTO EM INFRA CI EM INFRAESTRUTURA EM RF RESP LIMITADA,Safra Asset,2025-03-01,17,202603,2026-08-04,67721283,67304061,67304061,0.6905,46476065,43142467,36280897,0.67,0.67,0.85,0,1951254,20927554,1,0,0
55574617000102,FUNDO DE INVESTIMENTO FINANCEIRO CI RENDA FIXA INCENTIVADO INVESTIMENTO INFRAESTRUTURA G5 GRIMALDI,G5,2024-09-01,23,202603,2026-08-04,14781084,14567388,14567388,0.7178,10456321,10433434,10429330,0.67,0.85,0.85,0,1948846,1952950,0,0,0
56127042000142,BRP RINGO FIF - CI RENDA FIXA INCENTIVADO DE INVESTIMENTO EM INFRAESTRUTURA - RESP LIMITADA,BR Partners,2024-09-01,23,202603,2026-08-04,22523465,22301814,22301814,0.7662,17087444,17017813,16847979,0.67,0.85,0.85,0,1938729,2108563,0,0,0
54384609000130,CS EVOLUTION LORENA FUNDO DE INVESTIMENTO EM INFRAESTRUTURA - RENDA FIXA CRED PRIV RESP LIMITADA,UBS,2024-06-01,26,202603,2026-08-04,15941274,16253435,15941274,0.7319,11667626,11625908,11553907,0.85,0.85,0.85,1882456,1924175,1996175,0,0,0
62849361000164,MAGNETIX FUNDO INCENTIVADO DE INVESTIMENTO FINANCEIRO EM INFRAESTRUTURA RENDA FIXA,BTG WM,2025-10-01,10,202603,2026-08-04,23036325,22567236,22567236,0.5876,13260118,13200973,12997653,0.67,0.67,0.67,1859930,1919075,2122395,1,0,0
55937743000184,SANTANDER PB SOMAR INVESTIMENTO EM INFRAESTRUTURA RENDA FIXA - FIF RESP LIMITADA,San WM,2024-08-01,24,202603,2026-08-04,17652629,17521090,17521090,0.7469,13086743,12988320,12966833,0.85,0.85,0.85,1806184,1904607,1926093,1,0,0
60422070000160,CURIMATAÚ FUNDO DE INVESTIMENTO FINANCEIRO EM INFRAESTRUTURA RENDA FIXA,BTG WM,2025-05-01,15,202603,2026-08-04,181971684,180461705,180461705,0.6641,119841191,119010430,117763042,0.67,0.67,0.85,1068152,1898912,35629406,1,0,0
57536557000169,MAIMOR FIF - CI RENDA FIXA INCENTIVADO DE INVESTIMENTO EM INFRAESTRUTURA - RESP LIMITADA,BTG WM,2024-10-01,22,202603,2026-08-04,21940784,21750292,21750292,0.7703,16754090,16596846,16507181,0.67,0.85,0.85,0,1890902,1980566,0,0,0
54200289000111,SK8 FIF - CLASSE DE INVESTIMENTO RENDA FIXA INCENTIVADO DE INVESTIMENTO EM INFRAESTRUTURA,G5,2024-04-01,28,202603,2026-08-04,17413763,17115814,17115814,0.7877,13481950,12682201,12236152,0.85,0.85,0.85,1066492,1866241,2312290,1,0,0
55240049000103,GO DO IT FUNDO INCENTIVADO DE INVESTIMENTO FINANCEIRO EM INFRAESTRUTURA RENDA FIXA,Portofino,2024-10-01,22,202603,2026-08-04,23762283,23428677,23428677,0.775,18156749,18052412,17614900,0.67,0.85,0.85,0,1861964,2299475,1,0,0
55069807000172,DLY FIF - FUNDO INCENTIVADO EM INVESTIMENTO EM DEBÊNTURES DE INFRA RF CRÉD PRIV - RESP LIMITADA,IAM,2024-07-01,25,202603,2026-08-04,20095900,19838461,19838461,0.7616,15108568,15003841,14874667,0.85,0.85,0.85,1754124,1858851,1988025,0,0,0
54381707000114,G2LM FUNDO INCENTIVADO DE INVESTIMENTO EM INFRAESTRUTURA RF CRED PRIV RESPONSABILIDADE LIMITADA,Inter,2024-05-01,27,202603,2026-08-04,37232169,39376102,37232169,0.8064,30024220,29798872,29425367,0.85,0.85,0.85,1623124,1848471,2221976,1,0,0
55892310000150,IMPAR FUNDO INCENTIVADO DE INVESTIMENTO EM INFRAESTRUTURA RENDA FIXA,BTG WM,2024-09-01,23,202603,2026-08-04,25897661,25696033,25696033,0.7826,20110136,20008907,19816974,0.67,0.85,0.85,0,1832721,2024654,0,0,0
55665281000193,SERAVEZZA FUNDO INCENTIVADO DE INVESTIMENTO EM INFRAESTRUTURA RENDA FIXA RESPONSABILIDADE LIMITADA,BTG WM,2024-10-01,22,202603,2026-08-04,16615659,16839321,16615659,0.7434,12351586,12292747,12092453,0.67,0.85,0.85,0,1830563,2030857,0,0,0
55347477000130,SRM6 FIF - FUNDO INCENTIVADO EM INVESTIMENTO EM DEB DE INFRA RF CRÉD PRIV - RESP LIMITADA,IAM,2024-06-01,26,202603,2026-08-04,28511091,30664325,28511091,0.7911,22556464,22430061,22283155,0.85,0.85,0.85,1677963,1804366,1951272,1,0,0
57400187000138,CALS FIF - FUNDO INCENTIVADO EM INVESTIMENTO EM DEB DE INFRA RF CRÉD PRIV RESP LIMITADA,IAM,2024-11-01,21,202603,2026-08-04,22919382,22729592,22729592,0.7744,17602793,17519375,17406605,0.67,0.85,0.85,0,1800778,1913549,1,0,0
55215989000142,SINGULARITY FUNDO INCENTIVADO DE INVEST EM INFRAESTRUTURA RENDA FIXA CRÉDITO PRIVADO RESP LIMITADA,Portofino,2024-06-01,26,202603,2026-08-04,24373192,24029940,24029940,0.7806,18756926,18635334,18326564,0.85,0.85,0.85,1668523,1790115,2098885,1,0,0
57113258000111,SPARTA W FUNDO DE INVESTIMENTO FINANCEIRO EM INFRAESTRUTURA RENDA FIXA - RESPONSABILIDADE LIMITADA,Sparta,2024-10-01,22,202603,2026-08-04,19995015,19789006,19789006,0.7905,15643656,15032281,13808358,0.67,0.85,0.85,0,1788375,3012298,1,0,0
30521138000105,AF 1644 FIF FUNDO INCENTIVADO EM INVESTIMENTO EM DEB DE INFRA RENDA FIXA CRED PRIV RESP LIMITADA,IAM,2023-01-01,43,202603,2026-08-04,95903324,95167334,95167334,0.8417,80098861,79105847,73894515,0.85,0.85,0.85,793373,1786387,6997719,1,0,0
55381060000193,PCGS FIF - FUNDO INCENTIVADO EM INVESTIMENTO EM DEBÊNTURES DE INFRA RF CRÉD PRIV - RESP LIMITADA,IAM,2024-07-01,25,202603,2026-08-04,24594600,24147318,24147318,0.7805,18845962,18748481,18634550,0.85,0.85,0.85,1679258,1776739,1890670,1,0,0
32862167000158,SYKO FIF - CLASSE DE INVESTIMENTO RF INCENTIVADO DE INVESTIMENTO EM  INFRAESTRUTURA - RESP LIMITADA,BTG WM,2023-01-01,43,202603,2026-08-04,29758745,29763073,29758745,0.8082,24049835,23523408,22145887,0.85,0.85,0.85,1245098,1771525,3149046,0,0,0
54564966000180,VPA KINEA FIF -  FUNDO INCENTIVADO EM INVESTIMENTO EM DEB INFRA RF CRED PRIV - RESP LIMITADA,Kinea,2024-04-01,28,202603,2026-08-04,34379731,34342909,34342909,0.8114,27866954,27438063,27023483,0.85,0.85,0.85,1324518,1753410,2167990,0,0,0
63189410000142,BB JK PERFORMANCE INFRA RENDA FIXA FUNDO INCENTIVADO DE INVESTIMENTO FINANCEIRO EM INFRA RESP LIMIT,BB Asset,2025-11-01,9,202603,2026-08-04,16003573,15176767,15176767,0.5557,8433572,8433572,8433572,0.67,0.67,0.67,1734862,1734862,1734862,0,0,0
41714349000172,VIVINFRA KINEA FIF FUNDO INCENTIVADO EM INVESTIMENTO EM DEB DE INFRA RF CRED PRIV RESP LIMITADA,Kinea,2023-01-01,43,202603,2026-08-04,45083511,44732971,44732971,0.8376,37468309,36300585,35110946,0.85,0.85,0.85,554716,1722440,2912079,0,0,0
55536261000112,HG FIF - FUNDO INCENTIVADO EM INVESTIMENTO EM DEBÊNTURES DE INFRA RENDA FIXA CRÉD PRIV RESP LIMITADA,IAM,2024-07-01,25,202603,2026-08-04,21117927,20785897,20785897,0.773,16067640,15986092,15876227,0.85,0.85,0.85,1600372,1681920,1791785,1,0,0
54547258000131,MK KINEA FIF - FUNDO INCENTIVADO EM INVESTIMENTO DEB INFRA RF CRED PRIV - RESP LIMITADA,Kinea,2024-04-01,28,202603,2026-08-04,29245256,29209384,29209384,0.8053,23523718,23160070,22811474,0.85,0.85,0.85,1304259,1667907,2016503,0,0,0
39511976000164,INFRA PLUS RENDA FIXA CLASSE INCENTIVADA  DE INVESTIMENTO EM INFRAESTRUTURA - RESPONSABILIDADE LIMIT,BTG WM,2023-01-01,43,202603,2026-08-04,167327306,165286956,165286956,0.8642,142835699,138838850,135424477,0.85,0.85,0.85,0,1655062,5069435,1,0,0
58903850000180,JOURNEY CAPITAL 70 FUNDO INCENTIVADO DE INVESTIMENTO FINANCEIRO EM  INFRAESTRUTURA RENDA FIXA,Journey,2025-01-01,19,202603,2026-08-04,5421629,5391476,5391476,0.6333,3414631,2986844,2693582,0.67,0.85,0.85,197658,1595910,1889173,1,0,0
57713250000196,BB YARA INFRA RENDA FIXA FUNDO INCENTIVADO DE  INVESTIMENTO FINANCEIRO EM INFRAESTRUTURA RESP LIM,BB Asset,2024-11-01,21,202603,2026-08-04,28281670,32863906,28281670,0.7956,22501908,22446729,22130715,0.67,0.85,0.85,0,1592690,1908704,0,0,0
55162173000106,SOROLERE FIF - FUNDO INCENTIVADO EM INVESTIMENTO EM DEBÊNTURES DE INFRA RF CRED PRIV - RESP LIMITADA,IAM,2024-06-01,26,202603,2026-08-04,23528240,23378637,23378637,0.7853,18359185,18283927,18149048,0.85,0.85,0.85,1512656,1587914,1722793,1,0,0
60852475000138,SAFRA INFRA INOVAÇÃO PRÉ III RF FIF INVESTIMENTO EM INFRA CI EM INFRA EM RENDA FIXA RESP LIMITADA,Safra Asset,2025-05-01,15,202603,2026-08-04,43359920,42652419,42652419,0.6843,29187672,26996922,24211144,0.67,0.67,0.85,0,1580199,12043412,1,0,0
55068869000160,CS EVOLUTION MTTM FUNDO DE INVESTIMENTO EM INFRAESTRUTURA - RENDA FIXA CREDITO PRIVADO RESP LIMITADA,UBS,2024-09-01,23,202603,2026-08-04,27543426,30467032,27543426,0.7953,21904920,21833210,21682845,0.67,0.85,0.85,0,1578702,1729067,1,0,0
55036145000134,VIVACE MASTER FUNDO INCENTIVADO DE INVESTIMENTO FINANCEIRO EM INFRAESTRUTURA RENDA FIXA,Paramis,2024-08-01,24,202603,2026-08-04,20379788,23988371,20379788,0.785,15998905,15744783,15404412,0.85,0.85,0.85,1323915,1578037,1918408,1,0,0
34626618000183,ANLCG123 FIF - CLASSE DE INVESTIMENTO RF INCENTIVADO DE INVESTIMENTO EM INFRA - RESP LIMITADA,BTG WM,2023-01-01,43,202603,2026-08-04,23704510,23431003,23431003,0.7974,18684516,18345748,17338111,0.85,0.85,0.85,1231836,1570604,2578241,0,0,0
54793790000139,FUNDO DE INVESTIMENTO FINANCEIRO - CI RENDA FIXA INCENTIVADA INVESTIMENTO EM INFRA G5 BRICKELL,G5,2024-10-01,22,202603,2026-08-04,12182555,12178925,12178925,0.7361,8964602,8790078,8580016,0.67,0.85,0.85,0,1562008,1772070,0,0,0
63159694000124,SANTANDER PB CAIS INVESTIMENTO EM INFRAESTRUTURA RENDA FIXA - FIF RESP LIMITADA,San WM,2025-11-01,9,202603,2026-08-04,15963605,16120408,15963605,0.5733,9152655,9135624,9019697,0.67,0.67,0.67,1542960,1559991,1675919,1,0,0
58651702000115,SANTANDER PB FLOR DE LOTUS INVESTIMENTO EM INFRAESTRUTURA RENDA FIXA - FIF RESP LIMITADA,San WM,2025-02-01,18,202603,2026-08-04,14156831,14729342,14156831,0.7537,10669781,10473346,10264317,0.67,0.85,0.85,0,1559961,1768989,1,0,0
43140450000192,SPARTA INFRA MASTER I FUNDO INCENTIVADO DE INVESTIMENTO EM INFRAESTRUTURA RENDA FIXA,Sparta,2023-01-01,43,202603,2026-08-04,468254026,467386767,467386767,0.8677,405533346,395725100,380056516,0.85,0.85,0.85,0,1553652,17222236,0,0,0
55939498000144,HIGH SAINT KINEA FIF FUNDO INCENTIVADO EM INVESTIMENTO EM DEB DE INFRA RF CRÉD PRIV RESP LIMITADA,Kinea,2024-07-01,25,202603,2026-08-04,14418793,14418230,14418230,0.7544,10876670,10704145,10538632,0.85,0.85,0.85,1378825,1551350,1716863,0,0,0
58286101000150,SANTANDER PB AROEIRA INVESTIMENTO EM INFRAESTRUTURA RENDA FIXA - FIF RESP LIMITADA,San WM,2024-12-01,20,202603,2026-08-04,11620104,11635453,11620104,0.7212,8380788,8346730,8309443,0.67,0.85,0.85,0,1530359,1567646,1,0,0
58108837000139,SANTANDER PB CEDRO INVESTIMENTO EM INFRAESTRUTURA RENDA FIXA - FIF RESP LIMITADA,San WM,2024-12-01,20,202603,2026-08-04,11619540,11634889,11619540,0.7213,8380788,8346730,8309443,0.67,0.85,0.85,0,1529879,1567166,1,0,0
62920933000154,FSK FUNDO DE INVESTIMENTO EM INFRAESTRUTURA RENDA FIXA,XPG,2025-11-01,9,202603,2026-08-04,15198811,14855477,14855477,0.5729,8510749,8426613,8216256,0.67,0.67,0.67,1442421,1526557,1736914,1,0,0
58286171000109,SANTANDER PB RICCHEZZA INVESTIMENTO EM INFRAESTRUTURA RENDA FIXA - FIF RESP LIMITADA,San WM,2024-12-01,20,202603,2026-08-04,11615659,11637037,11615659,0.7216,8381745,8347687,8310400,0.67,0.85,0.85,0,1525624,1562911,1,0,0
54566051000104,PRETIUM KINEA FIF - FUNDO INCENTIVADO EM INVESTIMENTO EM DEB INFRA RF CRED PRIV - RESP LIMITADA,Kinea,2024-04-01,28,202603,2026-08-04,28727790,28697090,28697090,0.8096,23232160,22875384,22530716,0.85,0.85,0.85,1160366,1517142,1861810,0,0,0
27250788000140,TAO INFRA FIF - CI RF INCENTIVADO DE INV EM INFRA - RESP LIMITADA,BTG WM,2023-01-01,43,202603,2026-08-04,223991749,222071302,222071302,0.8557,190035070,187255913,182789514,0.85,0.85,0.85,0,1504694,5971092,0,0,0
55618772000183,DODGER FUNDO INCENTIVADO DE INVESTIMENTO FINANCEIRO EM INFRAESTRUTURA RENDA FIXA,BTG WM,2024-06-01,26,202603,2026-08-04,18448184,18273917,18273917,0.7769,14196167,14029064,13849693,0.85,0.85,0.85,1336662,1503765,1683137,0,0,0
54910462000175,MVMI FIF - FUNDO INCENTIVADO EM INVESTIMENTO EM DEBÊNTURES DE INFRA RF CRÉD PRIV - RESP LIMITADA,IAM,2024-05-01,27,202603,2026-08-04,24620027,24151147,24151147,0.7918,19123258,19037680,18906836,0.85,0.85,0.85,1405217,1490795,1621639,1,0,0
53604200000110,OREMOHSA 2 FIF INVESTIMENTO EM INFRAESTRUTURA CI EM INFRAESTRUTURA RENDA FIXA RESP LIMITADA,Safra Asset,2024-01-01,31,202603,2026-08-04,30509737,29954798,29954798,0.8129,24350204,24006989,23549328,0.85,0.85,0.85,1111375,1454590,1912251,0,0,0
61683502000159,SANTANDER PB OLMOS INVESTIMENTO EM INFRA RENDA FIXA - FIF RESP LIMITADA,San WM,2025-08-01,12,202603,2026-08-04,22421625,20830535,20830535,0.6011,12521157,12506613,12497070,0.67,0.67,0.85,1435302,1449846,5208885,0,0,0
62960671000151,DUDALINDA FUNDO DE INVESTIMENTO EM INFRAESTRUTURA RENDA FIXA,XPG,2025-10-01,10,202603,2026-08-04,14545642,14362322,14362322,0.5698,8183868,8174963,8160726,0.67,0.67,0.67,1438887,1447793,1462029,0,0,0
48554260000135,CAGINI FIF INVESTIMENTO EM INFRAESTRUTURA CLASSE DE INVESTIMENTO EM INFRA RENDA FIXA RESP LIMITADA,Safra Asset,2023-01-01,43,202603,2026-08-04,47664980,47853275,47664980,0.8354,39817444,39075263,37673183,0.85,0.85,0.85,697789,1439969,2842049,0,0,0
54169385000144,MTZ II IPCA FIF - FUNDO INCENTIVADO EM INVESTIMENTO EM DEB DE INFRA RF CRÉD PRIV - RESP LIMITADA,IAM,2024-06-01,26,202603,2026-08-04,22963225,22805696,22805696,0.7907,18032617,17947356,17822444,0.85,0.85,0.85,1352225,1437485,1562397,1,0,0
47586467000129,BWS SELEÇÃO CRÉDITO  INFRAESTRUTURA CLASSE DE  INVESTIMENTO RENDA FIXA - RESPONSABILIDADE LIMITADA,Plural,2023-01-01,43,202603,2026-08-04,23317572,21313221,21313221,0.7994,17038092,16688146,15567444,0.85,0.85,0.85,1078146,1428092,2548794,1,0,0
63159704000121,SANTANDER PB SERRA DO CAMBARÁ INVESTIMENTO EM INFRA RENDA FIXA - FIF RESP LIMITADA,San WM,2025-11-01,9,202603,2026-08-04,25214937,22663244,22663244,0.6077,13772775,13764778,13666526,0.67,0.67,0.67,1411599,1419596,1517847,0,0,0
23884659000153,SIEBEN CDI DEB INCENTIVADAS FUNDO DE INVESTIMENTO EM INFRAESTRUTURA RENDA FIXA CRÉDITO PRIVADO,XPG,2023-01-01,43,202603,2026-08-04,38875502,37558450,37558450,0.8177,30710297,30505560,30287101,0.85,0.85,0.85,1214385,1419122,1637582,0,0,0
43758715000110,ITAOCAIA FIF INVESTIMENTO EM INFRAESTRUTURA CLASSE DE INVESTIMENTO EM INFRA RENDA FIXA RESP LIMITADA,Safra Asset,2023-01-01,43,202603,2026-08-04,40492430,39618718,39618718,0.8205,32507024,32258048,31622116,0.85,0.85,0.85,1168886,1417862,2053794,1,0,0
52963564000123,CS EVOLUTION 2222 FUNDO DE INVESTIMENTO EM INFRAESTRUTURA RENDA FIXA CRÉDITO PRIVADO RESP LIMITADA,UBS,2024-07-01,25,202603,2026-08-04,25423053,26957161,25423053,0.7966,20253179,20197717,20071613,0.85,0.85,0.85,1356416,1411879,1537983,1,0,0
54496626000160,CAST IRON DEBENTURES INCENTIVADAS EM INFRAESTRUTURA CIRF CRÉDITO PRIVADO,BTG WM,2024-07-01,25,202603,2026-08-04,11908958,11724120,11724120,0.7613,8925811,8558304,8193302,0.85,0.85,0.85,1039691,1407198,1772200,0,0,0
61141486000172,BB MONTE NEBO INFRA RENDA FIXA FUNDO INCENTIVADO DE INVESTIMENTO FINANCEIRO EM INFRA RESP LIMITADA,BB Asset,2025-06-01,14,202603,2026-08-04,54359186,51491530,51491530,0.6429,33104487,33100836,32592682,0.67,0.67,0.85,1394838,1398489,11175118,0,0,0
58251560000107,ASTRA FUNDO INCENTIVADO DE INVESTIMENTO FINANCEIRO EM INFRAESTRUTURA RENDA FIXA,BTG WM,2024-12-01,20,202603,2026-08-04,54320360,53288967,53288967,0.824,43910674,43898907,43725954,0.67,0.85,0.85,0,1396715,1569668,0,0,0
62808255000132,FSC FUNDO INCENTIVADO DE INVESTIMENTO FINANCEIRO EM INFRAESTRUTURA RENDA FIXA,BTG WM,2025-10-01,10,202603,2026-08-04,21943755,21299297,21299297,0.6063,12912995,12874278,12752930,0.67,0.67,0.67,1357534,1396251,1517599,0,0,0
61562479000144,AGUARÁ GUAZÚ FUNDO DE INVESTIMENTO EM INFRAESTRUTURA RENDA FIXA,XPG,2025-10-01,10,202603,2026-08-04,10065331,8644299,8644299,0.5166,4465577,4412601,4372745,0.67,0.67,0.67,1326104,1379079,1418936,1,0,0
54813687000103,OURO BRANCO II FUNDO DE INVESTIMENTO EM INFRAESTRUTURA RENDA FIXA,XPG,2024-05-01,27,202603,2026-08-04,36472631,35419543,35419543,0.813,28796806,28731961,28566447,0.85,0.85,0.85,1309806,1374651,1540164,0,0,0
26605199000175,CAPITÂNIA INFRA 30 IPCA FUNDO DE INVESTIMENTO FINANCEIRO RENDA FIXA INVESTIMENTO EM INFRAESTRUTURA,Capitânia,2023-01-01,43,202603,2026-08-04,87821536,86290077,86290077,0.8577,74012351,71987539,69487781,0.85,0.85,0.85,0,1359026,3858784,1,0,0
62781472000186,SANTANDER PB WASSU INVESTIMENTO EM INFRA RENDA FIXA - FIF RESP LIMITADA,San WM,2025-11-01,9,202603,2026-08-04,18246547,18149406,18149406,0.5968,10831199,10823148,10602962,0.67,0.67,0.67,1328902,1336954,1557140,1,0,0
60865770000129,ÁGUA BOA FUNDO DE INVESTIMENTO FINANCEIRO RENDA FIXA INVESTIMENTO EM INFRAESTRUTURA,XPG,2025-06-01,14,202603,2026-08-04,10755716,10486717,10486717,0.5459,5724592,5691302,5519595,0.67,0.67,0.85,1301509,1334798,3394115,0,0,0
57681558000105,JOURNEY CAPITAL 50 FUNDO DE INVESTIMENTO EM INFRAESTRUTURA RENDA FIXA,Journey,2024-11-01,21,202603,2026-08-04,5081018,5084240,5081018,0.6729,3419069,2985076,2528059,0.67,0.85,0.85,0,1333789,1790806,0,0,0
59312403000119,VALORA DEBÊNTURES INCENTIVADAS MASTER I FUNDO INCENTIVADO DE INVESTIMENTO EM INFRA RENDA FIXA,Valora,2025-02-01,18,202603,2026-08-04,43916286,44341504,43916286,0.8229,36136540,36001342,35819018,0.67,0.85,0.85,0,1327501,1509825,0,0,0
65197885000106,CRISMAJE FUNDO INCENTIVADO DE INVESTIMENTO FINANCEIRO EM INFRAESTRUTURA RENDA FIXA,BTG WM,2026-03-01,5,202603,2026-08-04,12841685,12614619,12614619,0.5763,7269939,7129488,6354234,0,0.67,0.67,0,1322307,2097561,0,0,0
55647058000113,PB FIF RENDA FIXA INVESTIMENTO EM INFRAESTRUTURA - RESPONSABILIDADE LIMITADA,BTG WM,2024-07-01,25,202603,2026-08-04,44206111,47442049,44206111,0.8252,36477177,36264705,35514963,0.85,0.85,0.85,1098017,1310489,2060231,0,0,0
54996960000182,G5 BALTIMORE FUNDO INCENTIVADO DE INVESTIMENTO EM INFRAESTRUTURA RENDA FIXA CREDITO PRIVADO,G5,2024-06-01,26,202603,2026-08-04,14725457,15020237,14725457,0.7911,11648772,11220954,10944089,0.85,0.85,0.85,867866,1295684,1572549,1,0,0
56088570000130,SANTANDER PB LEGUGA INVESTIMENTO EM INFRAESTRUTURA RENDA FIXA - FIF RESP LIMITADA,San WM,2024-08-01,24,202603,2026-08-04,11555111,11578153,11555111,0.7406,8557885,8528137,8443865,0.85,0.85,0.85,1263959,1293708,1377980,1,0,0
31615327000100,NEBLUS FUNDO INCENTIVADO DE INVESTIMENTO FINANCEIRO EM INFRAESTRUTURA RENDA FIXA,BTG WM,2023-01-01,43,202603,2026-08-04,17624824,15500620,15500620,0.8041,12463617,11889550,11539565,0.85,0.85,0.85,711910,1285977,1635962,1,0,0
55754033000119,GMPL III FUNDO INCENTIVADO DE INVESTIMENTO EM INFRAESTRUTURA RENDA FIXA,BTG WM,2024-08-01,24,202603,2026-08-04,23210984,23046917,23046917,0.7998,18433836,18319820,18116918,0.85,0.85,0.85,1156043,1270060,1472961,0,0,0
57926049000197,DOM DEBÊNTURES INCENTIVADAS CLASSE INCENTIVADA DE INVESTIMENTO EM INFRA RF CP - RESP LIMITADA,ASA,2024-12-01,20,202603,2026-08-04,44142801,48543198,44142801,0.8228,36321295,36260253,35871835,0.67,0.85,0.85,0,1261128,1649546,0,0,0
54008802000177,AETERNUM FIF - FUNDO INCENTIVADO EM INVESTIMENTO EM DEB INFRA RF CRÉD PRIV - RESP LIMITADA,IAM,2024-04-01,28,202603,2026-08-04,152260498,149153973,149153973,0.8452,126061966,125520350,124421880,0.85,0.85,0.85,718910,1260526,2358997,1,0,0
60853232000114,SAFRA INFRA INOVAÇÃO PÓS RENDA FIXA FIF INVESTIMENTO EM INFRA CI EM INFRA EM RF RESP LIMITADA,Safra Asset,2025-05-01,15,202603,2026-08-04,23697356,23309580,23309580,0.6675,15559024,14365774,12643268,0.67,0.67,0.85,58394,1251645,7169875,1,0,0
50320512000103,ASHER FIF INVESTIMENTO EM INFRAESTRUTURA CLASSE DE INVESTIMENTO RENDA FIXA EM INFRA RESP LIMITADA,Safra Asset,2024-07-01,25,202603,2026-08-04,25800536,25378370,25378370,0.8014,20337430,20323119,20308807,0.85,0.85,0.85,1234184,1248496,1262808,0,0,0
63405574000160,SANTANDER PB O3ADM INVESTIMENTO EM INFRA RENDA FIXA - FIF RESP LIMITADA,San WM,2025-11-01,9,202603,2026-08-04,10766680,10434571,10434571,0.5515,5754714,5746380,5739228,0.67,0.67,0.67,1236449,1244783,1251934,1,0,0
62963313000100,BAMBOO AZE FIF - CLASSE DE INVESTIMENTO RENDA FIXA INCENTIVADO DE INVESTIMENTO EM INFRAESTRUTURA,BRAM,2026-02-01,6,202603,2026-08-04,15632683,15434547,15434547,0.5903,9110317,9107681,9020122,0.67,0.67,0.67,1230830,1233465,1321024,0,0,0
58587071000112,TWOBS FUNDO INCENTIVADO DE INVESTIMENTO FINANCEIRO EM INFRAESTRUTURA RENDA FIXA,BTG WM,2025-01-01,19,202603,2026-08-04,24147591,23970251,23970251,0.8019,19221169,19155512,19002121,0.67,0.85,0.85,0,1219201,1372592,0,0,0
54277476000101,SANTANDER PB 122 INVESTIMENTO EM INFRAESTRUTURA RENDA FIXA - FIF RESP LIMITADA,San WM,2025-10-01,10,202603,2026-08-04,42489917,42740886,42489917,0.6439,27357928,27280468,27191600,0.67,0.67,0.67,1110317,1187776,1276644,0,0,0
54487556000183,SANTANDER PB WELFARE INVESTIMENTO EM INFRAESTRUTURA RENDA FIXA - FIF RESPONSABILIDADE LIMITADA,San WM,2024-05-01,27,202603,2026-08-04,16231488,17096761,16231488,0.7781,12629952,12626483,12626483,0.85,0.85,0.85,1166813,1170281,1170281,0,0,0
63005030000100,SANTANDER PB TARÂNTULA INVESTIMENTO EM INFRA RF - FIF RESP LIMITADA,San WM,2025-12-01,8,202603,2026-08-04,10471486,10629334,10471486,0.5593,5857172,5846169,5836410,0.67,0.67,0.67,1158724,1169727,1179486,1,0,0
57942829000120,ASA CLASSE DE INVESTIMENTO EM INFRAESTRUTURA RENDA FIXA- RESP LIMITADA,ASA,2024-11-01,21,202603,2026-08-04,20739997,24671598,20739997,0.8212,17031453,16497395,14579056,0.67,0.85,0.85,0,1131602,3049942,1,0,0
54779308000106,KUNDERA FIF - FUNDO INCENTIVADO EM INVESTIMENTO EM DEBÊNTURES DE INFRA RF CRÉD PRIV - RESP LIMITADA,IAM,2024-05-01,27,202603,2026-08-04,13765639,13673445,13673445,0.7713,10546943,10491678,10426502,0.85,0.85,0.85,1075485,1130750,1195926,1,0,0
57706349000160,PP DEBENTURES INCENTIVADAS CLASSE DE INVESTIMENTO INCENTIVADA RF INFRAESTRUTURA - RESP LIMITADA,UBS,2024-11-01,21,202603,2026-08-04,21051061,21544196,21051061,0.8054,16954895,16780646,16248947,0.67,0.85,0.85,0,1112756,1644455,1,0,0
55018863000188,INCLOTUS FIF - CLASSE DE INVESTIMENTO RENDA FIXA INCENTIVADO DE INVESTIMENTO EM INFRA,BRAM,2024-05-01,27,202603,2026-08-04,43136829,42587570,42587570,0.825,35135827,35094191,35046501,0.85,0.85,0.85,1063607,1105243,1152934,0,0,0
62520921000132,SANTANDER PB VNO INVESTIMENTO EM INFRA RF - FIF RESP LIMITADA,San WM,2025-09-01,11,202603,2026-08-04,22291559,22355316,22291559,0.6354,14165054,13848321,13618753,0.67,0.67,0.67,770291,1087024,1316592,1,0,0
42195812000180,FÊNIX KINEA FIF FUNDO INCENTIVADO EM INVESTIMENTO EM DEB DE INFRA RF CRED PRIV RESP LIMITADA,Kinea,2023-01-01,43,202603,2026-08-04,37903971,37619916,37619916,0.8419,31673909,30890331,30179437,0.85,0.85,0.85,303020,1086598,1797491,0,0,0
59910896000199,SANTANDER PB HALEAKALA INVESTIMENTO EM INFRAESTRUTURA RENDA FIXA - FIF RESP LIMITADA,San WM,2025-04-01,16,202603,2026-08-04,19401745,19123542,19123542,0.6323,12092087,11731994,11458309,0.67,0.67,0.85,720685,1080779,4796701,1,0,0
61844366000131,SANTANDER PB 287 INVESTIMENTO EM INFRA RF - FIF RESP LIMITADA,San WM,2025-09-01,11,202603,2026-08-04,17773693,17687532,17687532,0.6109,10805650,10786593,10775096,0.67,0.67,0.67,1044997,1064053,1075550,0,0,0
56504692000160,FIF - CLASSE DE INVESTIMENTO  RENDA FIXA INCENTIVADO DE INVESTIMENTO EM INFRAESTRUTURA FV,BRAM,2024-09-01,23,202603,2026-08-04,150286410,157873482,150286410,0.8432,126727293,126681805,126572855,0.67,0.85,0.85,0,1061644,1170594,1,0,0
57745265000136,SANTANDER PB 179 INVESTIMENTO EM INFRAESTRUTURA RENDA FIXA - FIF RESP LIMITADA,San WM,2025-01-01,19,202603,2026-08-04,13776399,13717812,13717812,0.7732,10607202,10607202,10607202,0.67,0.85,0.85,0,1052939,1052939,0,0,0
57158611000180,52 FIF - CLASSE DE INVESTIMENTO RENDA FIXA INCENTIVADO DE INVESTIMENTO INFRAESTRUTURA RESP LIMITADA,BTG WM,2024-11-01,21,202603,2026-08-04,23760911,23692224,23692224,0.8138,19281595,19112670,19028135,0.67,0.85,0.85,0,1025720,1110255,0,0,0
58758334000109,JOURNEY CAPITAL 60 FUNDO INCENTIVADO DE INVESTIMENTO FINANCEIRO EM  INFRAESTRUTURA RENDA FIXA,Journey,2025-01-01,19,202603,2026-08-04,4587501,4798364,4587501,0.6858,3146301,2874316,1986985,0.67,0.85,0.85,0,1025060,1912391,1,0,0
62726496000132,BB ARONA INFRA RENDA FIXA FUNDO INCENTIVADO DE INVESTIMENTO FINANCEIRO EM INFRAESTRUTURA RESP LIM,BB Asset,2025-10-01,10,202603,2026-08-04,14062648,12584872,12584872,0.5926,7457505,7425165,7401427,0.67,0.67,0.67,974359,1006699,1030438,0,0,0
54710401000164,BRADESCO FIF - CI RENDA FIXA INCENTIVADO DE INVESTIMENTO EM INFRAESTRUTURA AQUILA,BRAM,2024-05-01,27,202603,2026-08-04,38799905,38298496,38298496,0.8245,31578970,31550088,31295553,0.85,0.85,0.85,974752,1003633,1258169,0,0,0
53553068000164,SANTANDER MAKTOUB INVESTIMENTO EM INFRAESTRUTURA RF INFLAÇÃO FIF RESP LIMITADA,San WM,2024-02-01,30,202603,2026-08-04,147701549,148063906,147701549,0.8451,124816766,124544464,123287552,0.85,0.85,0.85,729551,1001853,2258765,0,0,0
57527685000146,AQUA CDI FUNDO INCENTIVADO DE INVESTIMENTO EM INFRAESTRUTURA RENDA FIXA,BTG WM,2024-11-01,21,202603,2026-08-04,37779974,39438331,37779974,0.8305,31376617,31129562,30526460,0.67,0.85,0.85,0,983416,1586518,0,0,0
57713013000125,BB M&Ms INFRA RENDA FIXA FUNDO INCENTIVADO DE INVESTIMENTO FINANCEIRO EM INFRAESTRUTURA RESP LIM,BB Asset,2024-11-01,21,202603,2026-08-04,16214366,15942884,15942884,0.79,12594632,12569870,12355861,0.67,0.85,0.85,0,981581,1195591,0,0,0
52071627000137,CAPITANIA INFRA MASTER V FUNDO INCENTIVADO DE INVESTIMENTO FINANCEIRO EM INFRAESTRUTURA RENDA FIXA,Capitânia,2023-09-01,35,202603,2026-08-04,382950272,378232183,378232183,0.8647,327075855,320516136,307331169,0.85,0.85,0.85,0,981220,14166187,0,0,0
53775592000180,CS EVOLUTION 511 FUNDO DE INVESTIMENTO EM INFRAESTRUTURA - RENDA FIXA CRED PRIV RESP LIMITADA,UBS,2024-06-01,26,202603,2026-08-04,61297480,66346833,61297480,0.8371,51311961,51132427,50900790,0.85,0.85,0.85,790897,970431,1202068,0,0,0
49827171000188,HASSENAH 2 FIF INVESTIMENTO EM INFRA CI EM INFRAESTRUTURA RENDA FIXA RESPONSABILIDADE LIMITADA,Safra Asset,2024-07-01,25,202603,2026-08-04,26898046,26266359,26266359,0.8142,21386363,21369189,21352015,0.85,0.85,0.85,940042,957216,974390,0,0,0
55111599000122,VIPINFRA FIF FUNDO INCENTIVADO EM INVESTIMENTO EM DEB DE INFRA RENDA FIXA CRED PRIV RESP LIMITADA,IAM,2024-08-01,24,202603,2026-08-04,31120348,35876884,31120348,0.8266,25724574,25496177,25406621,0.85,0.85,0.85,727722,956119,1045675,0,0,0
55275483000129,DRYS INCENTIVADOS MASTER FUNDO INCENTIVADO DE INVEST EM INFRA RENDA FIXA CRED PRIV RESP LIMITADA,Drys,2024-08-01,24,202603,2026-08-04,21128631,24722182,21128631,0.8523,18008938,17023390,16237142,0.85,0.85,0.85,0,935946,1722194,0,0,0
56984639000103,ELEPHANT FIF INVEST EM INFRA CLASSE DE INVESTIMENTO EM RENDA FIXA EM INFRAESTRUTURA RESP LIMITADA,Safra Asset,2024-10-01,22,202603,2026-08-04,24926883,24638517,24638517,0.8121,20007896,20007896,19810105,0.67,0.85,0.85,0,934844,1132635,0,0,0
54996800000133,PRINCIPAL CLARITAS DEBENTURES INCENTIVADAS RENDA FIXA CREDITO PRIVADO RESPONSABILIDADE LIMITADA,Principal,2024-06-01,26,202603,2026-08-04,8722072,8706074,8706074,0.7443,6479971,6479971,6479971,0.85,0.85,0.85,920192,920192,920192,0,0,0
61800269000147,JOURNEY CAPITAL 15 FUNDO INCENTIVADO DE INVESTIMENTO FINANCEIRO EM INFRAESTRUTURA RENDA FIXA,Journey,2025-07-01,13,202603,2026-08-04,5162396,5316858,5162396,0.6497,3353971,2539929,2353596,0.67,0.67,0.85,104835,918876,2034441,1,0,0
30665679000107,XPA GGG FUNDO DE INVESTIMENTO EM INFRAESTRUTURA RENDA FIXA CRÉDITO PRIVADO,XPG,2023-01-01,43,202603,2026-08-04,28754467,27840966,27840966,0.8262,23001152,22795688,22398760,0.85,0.85,0.85,663669,869133,1266061,1,0,0
55052221000103,FUNDO DE INVESTIMENTO FINANCEIRO - CI RENDA FIXA INCENTIVADO DE INVESTIMENTO EM INFRA BOA VISTA,BRAM,2024-05-01,27,202603,2026-08-04,29194138,28832423,28832423,0.8209,23669737,23646517,22960865,0.85,0.85,0.85,837823,861043,1546695,0,0,0
54487714000103,SANTANDER PB FSA INVESTMENTS INFLAÇÃO INVESTIMENTO EM INFRAESTRTUTURA RF - FIF RESP LIMITADA,San WM,2024-06-01,26,202603,2026-08-04,17278648,17253447,17253447,0.8036,13864576,13813497,13614506,0.85,0.85,0.85,800854,851932,1050923,1,0,0
50817290000139,ALEXANDRE O GRANDE II FIF INV EM INFRAESTRUTURA CLASSE DE INV EM INFRA RENDA FIXA RESP LIMITADA,Safra Asset,2023-06-01,38,202603,2026-08-04,44604087,43860987,43860987,0.833,36536918,36434085,35709770,0.85,0.85,0.85,744921,847754,1572068,0,0,0
60456656000145,BRP ASPEN FIF - CI RF INCENTIVADO DE INVESTIMENTO EM INFRA - RESP LIMITADA,BR Partners,2025-05-01,15,202603,2026-08-04,30350292,27433769,27433769,0.6466,17739910,17537439,17337617,0.67,0.67,0.85,640715,843186,5981087,1,0,0
41687130000121,GOPRO FUNDO DE INVESTIMENTO FINANCEIRO RENDA FIXA INVESTIMENTO EM INFRAESTRUTURA,XPG,2023-01-01,43,202603,2026-08-04,30099282,29700219,29700219,0.8507,25266308,24410787,22767654,0.85,0.85,0.85,0,834399,2477532,0,0,0
31247680000176,DERI FIF FUNDO INCENTIVADO EM INVESTIMENTO EM DEBÊNTURES DE INFRA RF CRED PRIV RESP LIMITADA,IAM,2023-01-01,43,202603,2026-08-04,77543579,76721697,76721697,0.8511,65296228,64382146,63457217,0.85,0.85,0.85,0,831296,1756225,1,0,0
34799490000150,JUQUEHY INFRA FIF - CI RENDA FIXA INCENTIVADO DE INVESTIMENTO EM INFRAESTRUTURA,BTG WM,2023-01-01,43,202603,2026-08-04,76017722,51441452,51441452,0.8543,43945780,42900476,40959661,0.85,0.85,0.85,0,824759,2765574,0,0,0
37567174000140,RIO KINEA FIF FUNDO INCENTIVADO EM INVESTIMENTO EM DEB DE INFRA RF CP RESP LIMITADA,Kinea,2023-01-01,43,202603,2026-08-04,93493300,93288334,93288334,0.8562,79875603,78500922,77220879,0.85,0.85,0.85,0,794162,2074204,0,0,0
47610743000147,BUDAPESTE CLASSE DE INVESTIMENTO RENDA  FIXA INCENTIVADO EM INFRAESTRUTURA - RESP LIMITADA,ASA,2023-01-01,43,202603,2026-08-04,26415202,26077015,26077015,0.84,21904932,21379046,19978969,0.85,0.85,0.85,260531,786416,2186493,0,0,0
62849964000166,SANTANDER PB MADRID INVESTIMENTO EM INFRAESTRUTURA RENDA FIXA - FIF RESP LIMITADA,San WM,2025-11-01,9,202603,2026-08-04,10276193,10212514,10212514,0.5968,6095188,6086854,6079702,0.67,0.67,0.67,747197,755530,762682,1,0,0
53602540000101,ICATU VANGUARDA VC FIF - CLASSE DE INVESTIMENTO INCENTIVADO EM INFRA RENDA FIXA - RESP LIMITADA,Icatu,2024-03-01,29,202603,2026-08-04,73562242,72362983,72362983,0.8516,61625304,60766576,59787628,0.85,0.85,0.85,0,741960,1720908,1,0,0
54334448000170,KINFRA KINEA FIF - FUNDO INC INVEST DEB DE INFRAESTRUTURA RF CP - RESP LIMITADA,Kinea,2024-03-01,29,202603,2026-08-04,104177595,104018452,104018452,0.8572,89166040,87711966,86317022,0.85,0.85,0.85,0,703718,2098662,0,0,0
54713770000100,CG FIF - FUNDO INCENTIVADO EM INVESTIMENTO EM DEB DE INFRA RF CRED PRIV - RESP LIMITADA,IAM,2024-04-01,28,202603,2026-08-04,26063053,25898539,25898539,0.8276,21433582,21311541,21169261,0.85,0.85,0.85,580176,702217,844497,1,0,0
62662727000191,AQUASTAR FUNDO INCENTIVADO DE INVESTIMENTO FINANCEIRO EM INFRAESTRUTURA RENDA FIXA,BTG WM,2025-09-01,11,202603,2026-08-04,29501073,29379500,29379500,0.6508,19121529,18993393,18757754,0.67,0.67,0.67,562736,690872,926511,0,0,0
62140128000108,RB DEBÊNTURES INCENTIVADAS INFLAÇÃO MASTER FIF RENDA FIXA INVESTIMENTO EM INFRA - RESP LIMITADA,RB Asset,2025-09-01,11,202603,2026-08-04,19190210,18733357,18733357,0.6353,11901918,11860581,11532202,0.67,0.67,0.67,649431,690767,1019147,0,0,0
35491073000108,INGAZINHO KINEA FIF FUNDO INCENTIVADO EM INVESTIMENTO EM DEB DE INFRAESTRUTURA RF CP RESP LIMITADA,Kinea,2023-01-01,43,202603,2026-08-04,89963611,89696152,89696152,0.8571,76875715,75551159,74269003,0.85,0.85,0.85,0,690570,1972726,0,0,0
43122009000188,MAKTOUB FIF FUNDO INCENTIVADO EM INVESTIMENTO EM DEB DE INFRA RF CP RESP LIMITADA,Kinea,2023-01-01,43,202603,2026-08-04,247571092,246837822,246837822,0.862,212776272,209148217,205643776,0.85,0.85,0.85,0,663931,4168372,0,0,0
55112451000102,COALLA FIF - CLASSE DE INVESTIMENTO RENDA FIXA INCENTIVADO DE INVESTIMENTO EM INFRAESTRUTURA,BTG WM,2024-07-01,25,202603,2026-08-04,18884130,21293068,18884130,0.833,15729992,15403769,15180198,0.85,0.85,0.85,321518,647741,871312,0,0,0
54277489000172,TREVISO FUNDO INCENTIVADO DE INVESTIMENTO EM INFRAESTRUTURA RENDA FIXA,BTG WM,2024-03-01,29,202603,2026-08-04,40829022,40333614,40333614,0.8403,33892496,33641633,33317739,0.85,0.85,0.85,391076,641939,965833,0,0,0
44212650000176,G&J FIF - CLASSE DE INVESTIMENTO RF INCENTIVADO DE INVESTIMENTO EM  INFRAESTRUTURA - RESP LIMITADA,BTG WM,2023-01-01,43,202603,2026-08-04,79894535,79754605,79754605,0.8671,69153269,67151361,63709128,0.85,0.85,0.85,0,640053,4082286,1,0,0
60096297000162,JOURNEY CAPITAL 90 FUNDO INCENTIVADO DE INVESTIMENTO FINANCEIRO EM INFRAESTRUTURA RENDA FIXA,Journey,2025-05-01,15,202603,2026-08-04,4969829,4986062,4969829,0.6422,3191507,2701823,1969159,0.67,0.67,0.85,138279,627962,2255196,1,0,0
55299651000116,ESTRUTURA FUND FUNDO INCENTIVADO DE INVESTIMENTO EM INFRAESTRUTURA RENDA FIXA,BTG WM,2024-06-01,26,202603,2026-08-04,70458502,77708237,70458502,0.8451,59541370,59272416,58688641,0.85,0.85,0.85,348356,617310,1201085,0,0,0
57010267000187,FIF - CLASSE DE INVESTIMENTO  RENDA FIXA INCENTIVADO DE INVESTIMENTO EM INFRAESTRUTURA BORGOTARO,BRAM,2024-09-01,23,202603,2026-08-04,23631714,23367437,23367437,0.8241,19256861,19247092,19226253,0.67,0.85,0.85,0,615229,636069,1,0,0
45081835000151,BB USBACK RF FUNDO INCENTIVADO DE INVESTIMENTO FINANCEIRO EM INFRAESTRUTURA RESP LIMITADA,BB Asset,2023-01-01,43,202603,2026-08-04,79811333,79471173,79471173,0.8497,67525790,66938119,63937218,0.85,0.85,0.85,24708,612378,3613279,1,0,0
55563583000150,G5 ROLAND GARROS FIF RENDA FIXA INCENTIVADO DE INVESTIMENTO EM INFRAESTRUTURA,G5,2025-07-01,13,202603,2026-08-04,83438305,82244026,82244026,0.6722,55283680,54499904,53888155,0.67,0.67,0.85,0,603593,16019267,0,0,0
54391780000177,FUNDO DE INVESTIMENTO FINANCEIRO - CI RENDA FIXA INCENTIVADA INVESTIMENTO EM INFRA G5 CASA DE FERRO,G5,2024-03-01,29,202603,2026-08-04,13517254,13198187,13198187,0.8289,10939865,10615720,10399095,0.85,0.85,0.85,278594,602739,819364,1,0,0
49001440000152,BLUE HILL FIF - CLASSE DE INVESTIMENTO RF INCENTIVADO DE INVESTIMENTO EM INFRA - RESP LIMITADA,BTG WM,2023-03-01,41,202603,2026-08-04,22552518,22304074,22304074,0.8366,18660468,18366847,17895700,0.85,0.85,0.85,297995,591616,1062763,0,0,0
37893263000187,PAPACALU KINEA FIF FUNDO INCENTIVADO EM INVESTIMENTO EM DEB DE INFRA RF CP RESP LIMITADA,Kinea,2023-01-01,43,202603,2026-08-04,122509591,122256486,122256486,0.8601,105149369,103335460,101645939,0.85,0.85,0.85,0,582554,2272074,0,0,0
37750682000160,G5 MONTREAL FIF - CLASSE DE INVESTIMENTO RF INCENTIVADO DE INVESTIMENTO EM INFRA - RESP LIMITADA,G5,2023-01-01,43,202603,2026-08-04,55033246,54326442,54326442,0.8573,46575558,45599775,44423002,0.85,0.85,0.85,0,577701,1754474,1,0,0
44417248000128,WHISKY INFRA FUNDO INCENTIVADO DE INVESTIMENTO FINANCEIRO EM INFRAESTRUTURA RENDA FIXA,BTG WM,2023-01-01,43,202603,2026-08-04,42183842,41662101,41662101,0.8457,35233108,34870373,33898500,0.85,0.85,0.85,179678,542412,1514286,1,0,0
54794799000164,SANTANDER PB JPL INVESTIMENTO EM INFRAESTRUTURA RENDA FIXA INFLAÇÃO - FIF RESP LIMITADA,San WM,2024-06-01,26,202603,2026-08-04,11790044,11828441,11790044,0.8192,9658412,9485538,8956017,0.85,0.85,0.85,363126,536000,1065521,1,0,0
64106556000140,JMBI MASTER FUNDO DE INVESTIMENTO INCENTIVADO EM INFRAESTRUTURA RENDA FIXA RESP LIMITADA,Jive,2025-12-01,8,202603,2026-08-04,442517068,435927585,435927585,0.674,293800150,291573790,286132295,0.67,0.67,0.67,0,497692,5939187,0,0,0
42619279000136,BB BRASÍLIA RENDA FIXA FUNDO INCENTIVADO DE INVESTIMENTO FINANCEIRO EM INFRAESTRUTURA RESP LIMITADA,BB Asset,2023-01-01,43,202603,2026-08-04,123288986,121085368,121085368,0.8532,103312470,102426425,97248843,0.85,0.85,0.85,0,496138,5673719,0,0,0
63005076000120,SANTANDER PB HP INVESTIMENTO EM INFRA RENDA FIXA - FIF RESP LIMITADA,San WM,2025-10-01,10,202603,2026-08-04,38208105,34977765,34977765,0.6578,23007961,22953664,22903930,0.67,0.67,0.67,427141,481438,531172,1,0,0
55945272000156,MAG FIF RENDA FIXA INVESTIMENTO EM INFRAESTRUTURA CRÉDITO PRIVADO - RESPONSABILIDADE LIMITADA,MAG,2024-08-01,24,202603,2026-08-04,19397703,18980597,18980597,0.8352,15851832,15652574,14137769,0.85,0.85,0.85,281675,480933,1995738,0,0,0
32044389000163,G3 KINEA FIF FUNDO INCENTIVADO EM INVESTIMENTO EM DEB DE INFRA RF CRÉD PRIV RESP LIMITADA,Kinea,2023-01-01,43,202603,2026-08-04,149304707,148854217,148854217,0.8616,128247230,126047557,123964157,0.85,0.85,0.85,0,478528,2561927,0,0,0
48553311000104,ZOOX FIF INV EM INFRAESTRUTURA CLASSE DE INVESTIMENTO EM INFRAESTRUTURA RENDA FIXA RESP LIMITADA,Safra Asset,2024-07-01,25,202603,2026-08-04,17416404,17566597,17416404,0.8228,14329399,14329399,14329399,0.85,0.85,0.85,474545,474545,474545,0,0,0
54278859000196,TANGARÁ FIF -FUNDO INCENTIVADO EM INVESTIMENTO EM DEB DE INFRAESTRUTURA RF CRÉD PRIV - RESP LIMITADA,IAM,2024-03-01,29,202603,2026-08-04,21575675,21446487,21446487,0.8333,17870816,17771392,17653132,0.85,0.85,0.85,358698,458122,576382,1,0,0
60742631000108,SANTANDER PB PRIME INVESTIMENTO EM INFRA RF - FIF RESP LIMITADA,San WM,2025-05-01,15,202603,2026-08-04,19288945,19322102,19288945,0.6483,12505936,12484609,12460199,0.67,0.67,0.85,417657,438984,3935404,0,0,0
60841575000169,CONVAIR FIF FUNDO INCENTIVADO EM INVESTIMENTO EM DEBÊNTURES DE INFRA RF CRED PRIV RESP LIMITADA,IAM,2025-05-01,15,202603,2026-08-04,24962690,24461245,24461245,0.6976,17064938,15994967,13146294,0.67,0.67,0.85,0,394067,7645764,1,0,0
41763312000134,LM KINEA FIF FUNDO INCENTIVADO EM INVESTIMENTO EM DEB DE INFRA RF CP RESP LIMITADA,Kinea,2023-01-01,43,202603,2026-08-04,140849607,140428394,140428394,0.862,121053550,118978730,116998349,0.85,0.85,0.85,0,385405,2365786,0,0,0
62911331000130,JAE 2 FUNDO INCENTIVADO DE INVESTIMENTO FINANCEIRO EM INFRAESTRUTURA RENDA FIXA,BTG WM,2025-10-01,10,202603,2026-08-04,20228461,19612539,19612539,0.6996,13721122,12757074,12158620,0.67,0.67,0.67,0,383327,981781,1,0,0
57136671000100,FIF - CI EM RENDA FIXA INCENTIVADO EM INFRAESTRUTURA KNOWLEDGE,BRAM,2024-09-01,23,202603,2026-08-04,105853029,129608627,105853029,0.8469,89649938,89598349,89353015,0.67,0.85,0.85,0,376726,622060,1,0,0
55894683000160,LENDINARA DEBENTURE FUNDO INCENTIVADO DE INVESTIMENTO EM INFRAESTRUTURA RENDA FIXA,BTG WM,2024-08-01,24,202603,2026-08-04,16165939,16028676,16028676,0.8334,13357977,13264235,13161503,0.85,0.85,0.85,266397,360140,462871,0,0,0
50435660000173,LOBO-GUARÁ FIF INVESTIMENTO EM INFRAESTRUTURA CLASSE DE INVEST EM INFRA RENDA FIXA RESP LIMITADA,Safra Asset,2023-05-01,39,202603,2026-08-04,13716405,13211864,13211864,0.8364,11050687,10870262,10558698,0.85,0.85,0.85,179398,359823,671387,1,0,0
56886777000150,BANDEIRANTES II FUNDO INCENTIVADO DE INVESTIMENTO EM INFRAESTRUTURA RF CRED PRIV RESP LIMITADA,Inter,2024-09-01,23,202603,2026-08-04,47748410,47148888,47148888,0.8567,40390158,39718023,38934114,0.67,0.85,0.85,0,358532,1142440,1,0,0
61800420000147,JOURNEY CAPITAL 25 FUNDO INCENTIVADO DE INVESTIMENTO FINANCEIRO EM INFRAESTRUTURA RENDA FIXA,Journey,2025-07-01,13,202603,2026-08-04,5927570,5820015,5820015,0.6634,3860775,3561504,3375644,0.67,0.67,0.85,38635,337906,1571369,0,0,0
54384400000177,BRADESCO FIF - CI RENDA FIXA INCENTIVADO DE INVESTIMENTO EM INFRAESTRUTURA APOLO 3,BRAM,2024-05-01,27,202603,2026-08-04,30425563,30088860,30088860,0.8403,25283404,25245133,25195751,0.85,0.85,0.85,292127,330398,379780,0,0,0
41091044000151,PCPAYV FIF INVESTIMENTO EM INFRAESTRUTURA CLASSE DE INVESTIMENTO EM INFRA RENDA FIXA RESP LIMITADA,Safra Asset,2023-01-01,43,202603,2026-08-04,41734111,40531112,40531112,0.8547,34642623,34121633,33767729,0.85,0.85,0.85,0,329812,683717,0,0,0
54008556000153,KINEA INCENTIVADO COLABORADORES FIF - FUNDO INCENTIVADO EM INV EM DEB INFRA RF CRÉD PRIV - RESP LTDA,Kinea,2024-03-01,29,202603,2026-08-04,21481292,20206046,20206046,0.848,17134942,16849427,16576541,0.85,0.85,0.85,40197,325712,598598,0,0,0
54029274000132,SHELBY KINEA FIF - FUNDO INCENTIVADO EM INV EM DEB DE INFRA RF CRÉD PRIV - RESPONSABILIDADE LIMITADA,Kinea,2024-03-01,29,202603,2026-08-04,57562071,57468874,57468874,0.8585,49335792,48552277,47797574,0.85,0.85,0.85,0,296265,1050969,0,0,0
61845849000150,LEOFER FUNDO DE INVESTIMENTO EM INFRAESTRUTURA RENDA FIXA,Être-Davos,2025-09-01,11,202603,2026-08-04,33435397,32886795,32886795,0.6755,22216240,21742643,19648430,0.67,0.67,0.67,0,291509,2385722,1,0,0
54976744000175,S24 FUNDO INCENTIVADO DE INVESTIMENTO EM INFRAESTRUTURA RENDA FIXA,Portofino,2024-05-01,27,202603,2026-08-04,20177600,19938171,19938171,0.8411,16769306,16656498,16367445,0.85,0.85,0.85,178140,290948,580000,1,0,0
30998213000115,PANAMÁ KINEA FIF FUNDO INCENTIVADO EM INVESTIMENTO EM DEB DE INFRA RF CP RESP LIMITADA,Kinea,2023-01-01,43,202603,2026-08-04,111814001,111680359,111680359,0.8617,96235902,94638928,93121342,0.85,0.85,0.85,0,289377,1806963,0,0,0
62771190000106,SANTANDER PB CASTANHEIRA INVESTIMENTO EM INFRAESTRUTURA RENDA FIXA - FIF RESP LIMITADA,San WM,2025-10-01,10,202603,2026-08-04,23962063,23943051,23943051,0.6595,15791309,15757278,15726638,0.67,0.67,0.67,250535,284567,315206,1,0,0
31908005000140,G5 SHLIMS FUNDO INCENTIVADO DE INVESTIMENTO FINANCEIRO EM INFRAESTRUTURA  RENDA FIXA,G5,2023-01-01,43,202603,2026-08-04,36953341,36381954,36381954,0.868,31581068,30641474,29721117,0.85,0.85,0.85,0,283187,1203543,1,0,0
50019162000140,PORTO BAOBA MASTER FUNDO INCENTIVADO DE INVESTIMENTO EM INFRAESTRUTURA RENDA FIXA,Porto Asset,2023-03-01,41,202603,2026-08-04,45168552,43503681,43503681,0.8512,37031704,36700045,35334131,0.85,0.85,0.85,0,278083,1643998,1,0,0
38489240000174,ROMANEE KINEA FIF FUNDO INCENTIVADO EM INVESTIMENTO EM DEB DE INFRA REF CRÉD PRIV RESP LIMITADA,Kinea,2023-01-01,43,202603,2026-08-04,60588749,60476952,60476952,0.8602,52020863,51133579,50315167,0.85,0.85,0.85,0,271830,1090243,0,0,0
63022260000188,SANTANDER PB FORTE DEI MARMI II INVESTIMENTO EM INFRA RENDA FIXA - FIF RESP LIMITADA,San WM,2025-10-01,10,202603,2026-08-04,11290528,10940535,10940535,0.6468,7076409,7060162,7045796,0.67,0.67,0.67,253750,269996,284362,1,0,0
42102181000107,ZURIQUE FIF - CLASSE DE INVESTIMENTO RF INCENTIVADO DE INVESTIMENTO EM INFRA - RESP LIMITADA,BTG WM,2023-01-01,43,202603,2026-08-04,11809116,11692189,11692189,0.8429,9855632,9669928,9511559,0.85,0.85,0.85,82729,268433,426801,0,0,0
52449950000100,V3 CORP FIF FUNDO INCENTIVADO EM INVESTIMENTO EM DEBÊNTURES DE INFRA RF CRED PRIV RESP LIMITADA,IAM,2023-10-01,34,202603,2026-08-04,26944573,26280068,26280068,0.8505,22350460,22079101,20915293,0.85,0.85,0.85,0,258957,1422764,1,0,0
60742779000142,SANTANDER PB CALAMECCA INVESTIMENTO EM INFRA RF - FIF RESP LIMITADA,San WM,2025-06-01,14,202603,2026-08-04,35656562,34527238,34527238,0.6635,22907529,22874564,22308993,0.67,0.67,0.85,225721,258686,7039159,0,0,0
32045039000111,PRATA 51 KINEA FIF FUNDO INCENTIVADO EM INVESTIMENTO EM DEB INFRA RF CRÉD PRIV RESP LIMITADA,Kinea,2023-01-01,43,202603,2026-08-04,126549908,126336721,126336721,0.8625,108971507,107131888,105417762,0.85,0.85,0.85,0,254325,1968451,0,0,0
47562268000180,PSL 2 FUNDO INCENTIVADO DE INVESTIMENTO EM INFRAESTRUTURA RENDA FIXA,BTG WM,2023-01-01,43,202603,2026-08-04,9577046,9440621,9440621,0.9306,8785130,7771956,7216471,0.85,0.85,0.85,0,252572,808057,1,0,0
54008247000183,RIVIERA GB FIF - FUNDO INCENTIVADO EM INVESTIMENTO EM DEB DE INFRA RF CRED PRIV - RESP LIMITADA,IAM,2024-04-01,28,202603,2026-08-04,16831262,16725168,16725168,0.8402,14052153,13966148,13868816,0.85,0.85,0.85,164239,250245,347576,1,0,0
41776635000162,CAAS KINEA FIF FUNDO INCENTIVADO EM INVESTIMENTO EM DEB DE INFRA RF CP RESP LIMITADA,Kinea,2023-01-01,43,202603,2026-08-04,76343238,76255861,76255861,0.8611,65662737,64572416,63521428,0.85,0.85,0.85,0,245066,1296054,0,0,0
51637886000110,SUELO KINEA FIF FUNDO INCENTIVADO EM INVESTIMENTO EM DEB DE INFRA RF CP RESP LIMITADA,Kinea,2023-08-01,36,202603,2026-08-04,46224497,46195549,46195549,0.8591,39688025,39021754,38378836,0.85,0.85,0.85,0,244462,887381,0,0,0
45088665000137,ALETHEIA FUNDO DE INVESTIMENTO EM INFRAESTRUTURA RENDA FIXA CRÉDITO PRIVADO,WHG,2023-01-01,43,202603,2026-08-04,35146453,34334572,34334572,0.8581,29461659,28945345,27124179,0.85,0.85,0.85,0,239042,2060208,1,0,0
53177632000191,2 MENINOS FIF - FUNDO INCENTIVADO EM INVESTIMENTO EM DEB INFRA  RF CRÉD PRIV - RESP LIMITADA,IAM,2023-12-01,32,202603,2026-08-04,25529101,24948148,24948148,0.8458,21101655,20968054,20812014,0.85,0.85,0.85,104271,237872,393912,1,0,0
62340543000105,JOMITESI FIF - CLASSE DE INVESTIMENTO RENDA FIXA INCENTIVADO DE INVESTIMENTO EM INFRAESTRUTURA,BRAM,2025-10-01,10,202603,2026-08-04,39190041,37949185,37949185,0.6642,25207278,25193388,25178504,0.67,0.67,0.67,218675,232566,247449,0,0,0
61240697000162,LUPA FUNDO DE INVESTIMENTO FINANCEIRO RENDA FIXA INVESTIMENTO EM INFRAESTRUTURA,XPG,2025-06-01,14,202603,2026-08-04,24591763,23093760,23093760,0.6661,15383243,15242238,15093908,0.67,0.67,0.85,89577,230582,4535788,0,0,0
54248494000157,OCTOGONAL INFRA FUNDO INCENTIVADO DE INVESTIMENTO EM INFRAESTRUTURA RENDA FIXA,BTG WM,2024-03-01,29,202603,2026-08-04,56099499,54725335,54725335,0.8493,46480297,46286723,46123902,0.85,0.85,0.85,36238,229812,392634,0,0,0
63383901000120,SANTANDER PB DOMUS KINCSEN INVESTIMENTO EM INFRAESTRUTURA RENDA FIXA - FIF RESP LIMITADA,San WM,2025-11-01,9,202603,2026-08-04,14111771,13780029,13780029,0.6561,9040656,9004621,8960085,0.67,0.67,0.67,191963,227998,272534,1,0,0
41710563000150,PIRACAIA KINEA FUNDO DE INV FINANCEIRO FUNDO INCENTIVADO EM INV EM DEB INFRA RF CP RESP LIMITADA,Kinea,2023-01-01,43,202603,2026-08-04,94103264,93712886,93712886,0.8615,80735324,79432386,78181470,0.85,0.85,0.85,0,223567,1474483,0,0,0
51058091000157,RP INFRA KINEA FIF FUNDO INCENTIVADO EM INVESTIMENTO EM DEB DE INFRA RF CRED PRIV RESP LIMITADA,Kinea,2023-06-01,38,202603,2026-08-04,34031162,33422325,33422325,0.8582,28684139,28190022,27720660,0.85,0.85,0.85,0,218954,688316,0,0,0
37319460000197,LONGEVITATE KINEA FIF FUNDO INCENTIVADO EM INV EM DEB DE INFRA RF CRED PRIV RESP LIMITADA,Kinea,2023-01-01,43,202603,2026-08-04,38603959,38530756,38530756,0.8586,33083419,32551793,32037513,0.85,0.85,0.85,0,199350,713630,0,0,0
50860797000175,MARESIAS KINEA FIF FUNDO INCENTIVADO EM INVESTIMENTO EM DEB DE INFRA RF CRED PRIV RESP LIMITADA,Kinea,2023-06-01,38,202603,2026-08-04,61027893,60858146,60858146,0.8613,52415927,51530964,50683555,0.85,0.85,0.85,0,198460,1045869,0,0,0
35650677000150,OROBÓ KINEA FIF FI INCENTIVADO EM DEBÊNTURES DE INFRAESTRUTURA RF CP RESP LIMITADA,Kinea,2023-01-01,43,202603,2026-08-04,111675679,111508152,111508152,0.8625,96178742,94584222,93113772,0.85,0.85,0.85,0,197708,1668158,0,0,0
49489422000161,BALENO KINEA FIF FUNDO INCENTIVADO EM INVESTIMENTO EM DEB DE INFRA RF CP RESP LIMITADA,Kinea,2023-03-01,41,202603,2026-08-04,52087273,51921856,51921856,0.8612,44713627,43935951,43201254,0.85,0.85,0.85,0,197626,932324,0,0,0
26725116000181,PASÁRGADA FIF FUNDO INCENTIVADO EM INVESTIMENTO EM DEBÊNTURES DE INFRA RF CRED PRIV RESP LIMITADA,IAM,2023-01-01,43,202603,2026-08-04,24460954,24338220,24338220,0.8547,20802957,20494140,19970396,0.85,0.85,0.85,0,193347,717091,0,0,0
61948797000148,RIZA EVORA HEDGE DEBÊNTURES INCENTIVADAS FUNDO INCENTIVADO DE INVESTIMENTO FINANCEIRO EM INFRA RF,Riza,2025-08-01,12,202603,2026-08-04,20669876,17510845,17510845,0.6615,11583226,11541590,11499724,0.67,0.67,0.85,149040,190676,3384495,0,0,0
55101260000145,BOCAINA INFRA 60 INSTITUCIONAL MASTER I FUNDO INCENTIVADO DE INVESTIMENTO EM INFRA RENDA FIXA,Bocaina,2024-06-01,26,202603,2026-08-04,10124065,10227967,10124065,0.85,8605021,8416449,8357027,0.85,0.85,0.85,435,189006,248428,0,0,0
49001109000132,ARBA FIF - CLASSE DE  INVESTIMENTO RF INCENTIVADO DE INVESTIMENTO EM  INFRAESTRUTURA - RESP LIMITADA,BTG WM,2023-02-01,42,202603,2026-08-04,32614311,32119785,32119785,0.8549,27457835,27114869,26308356,0.85,0.85,0.85,0,186948,993461,1,0,0
59655691000104,SANTANDER PB FAMA INVESTIMENTO EM INFRAESTRUTURA RENDA FIXA - FIF RESPONSABILIDADE LIMITADA,San WM,2025-04-01,16,202603,2026-08-04,19832134,20113784,19832134,0.691,13704962,13112983,13001014,0.67,0.67,0.85,0,174547,3856300,1,0,0
61837406000118,BB RIBEIRÃO INFRA RENDA FIXA FUNDO INCENTIVADO DE INVEST FINAN EM INFRAESTRUTURA RESP LIMITADA,BB Asset,2025-09-01,11,202603,2026-08-04,15048028,14214865,14214865,0.661,9396593,9350330,8534042,0.67,0.67,0.67,127367,173630,989918,0,0,0
40897052000127,FIF - CLASSE DE INVESTIMENTO RF INCENTIVADO DE INVESTIMENTO EM INFRA BEMAIS -RESP LIMITADA,BTG WM,2023-01-01,43,202603,2026-08-04,12641329,12521514,12521514,0.8616,10788927,10473170,10036892,0.85,0.85,0.85,0,170117,606395,0,0,0
58140887000101,G5 MAKTUB II FIF - CI RF INCENTIVADO DE INVESTIMENTO EM INFRA - RESP LIMITADA,G5,2024-12-01,20,202603,2026-08-04,46691714,46159692,46159692,0.8591,39654292,39069131,38525095,0.67,0.85,0.85,0,166607,710643,0,0,0
54436219000167,GARDÊNIA FIF - CLASSE DE INVESTIMENTO RENDA FIXA INCENTIVADO DE INVESTIMENTO EM INFRAESTRUTURA,BRAM,2024-05-01,27,202603,2026-08-04,46871464,45185153,45185153,0.8483,38331880,38257092,37824916,0.85,0.85,0.85,75499,150288,582464,0,0,0
32320609000134,HUAYNA KINEA FIF FUNDO INCENTIVADO EM INVESTIMENTO EM DEB DE INFRA RF CRED PRIV RESP LIMITADA,Kinea,2023-01-01,43,202603,2026-08-04,66808427,66595437,66595437,0.8629,57466757,56458050,55530968,0.85,0.85,0.85,0,148071,1075153,0,0,0
53991752000128,JACARAÍPE KINEA FIF - FND INC EM INVEST EM DEB DE INFRA RF CRED PRIV - RESP LIMITADA,Kinea,2024-03-01,29,202603,2026-08-04,28649488,28621651,28621651,0.859,24585033,24191457,23824849,0.85,0.85,0.85,0,136947,503555,0,0,0
52259535000185,GROELÂNDIA FUNDO DE INVESTIMENTO EM INFRAESTRUTURA RENDA FIXA CRÉDITO PRIVADO,XPG,2024-03-01,29,202603,2026-08-04,140739293,138373333,138373333,0.8536,118111170,117482282,116142145,0.85,0.85,0.85,0,135051,1475188,1,0,0
57535658000115,INFRATREE II FIF FI INCENTIVADO EM DEBÊNTURES DE INFRAESTRUTURA RENDA FIXA CRED PRIV RESP LIMITADA,IAM,2025-07-01,13,202603,2026-08-04,21286140,21153355,21153355,0.6713,14200486,14038544,13814918,0.67,0.67,0.85,0,134203,4165434,0,0,0
61182281000135,QUATTUOR FRATER II FUNDO INCENTIVADO DE INVESTIMENTO FINANCEIRO EM INFRAESTRUTURA RENDA FIXA,Brainvest,2025-06-01,14,202603,2026-08-04,36029711,35503169,35503169,0.6733,23903106,23658942,23403455,0.67,0.67,0.85,0,128182,6774239,1,0,0
50076958000134,SAFE HAVEN INFRA KINEA FIF FUNDO INCENTIVADO EM INVESTIMENTO EM DEB DE INFRA RF CP RESP LIMITADA,Kinea,2023-04-01,40,202603,2026-08-04,55938032,55880702,55880702,0.8619,48165458,47370945,46614732,0.85,0.85,0.85,0,127652,883864,0,0,0
43122090000104,ORION KINEA FIF FUNDO INCENTIVADO EM INVESTIMENTO EM DEBÊNTURES DE INFRA RF CP RESP LIMITADA,Kinea,2023-01-01,43,202603,2026-08-04,44979700,44843374,44843374,0.8624,38672890,37990097,37357834,0.85,0.85,0.85,0,126770,759034,0,0,0
32044741000160,DEGAS KINEA FIF FUNDO INCENTIVADO EM INVESTIMENTO EM DEBÊNTURES DE INFRA RF CRÉD PRIV RESP LIMITADA,Kinea,2023-01-01,43,202603,2026-08-04,68378410,68154970,68154970,0.8633,58837531,57808751,56857012,0.85,0.85,0.85,0,122974,1074712,0,0,0
34370754000155,CORLETO PERTICARA FUNDO DE INVESTIMENTO EM INFRAESTRUTURA RENDA FIXA CRÉDITO PRIVADO,XPG,2023-01-01,43,202603,2026-08-04,27299523,26910938,26910938,0.8516,22917219,22752545,22693199,0.85,0.85,0.85,0,121752,181098,0,0,0
62489908000168,INVI KINEA FIF FI INCENTIVADO EM DEBÊNTURES DE INFRA RF CRED PRIV RESP LIMITADA,Kinea,2025-09-01,11,202603,2026-08-04,20638366,20529974,20529974,0.6761,13879676,13637532,13410750,0.67,0.67,0.67,0,117551,344333,0,0,0
47457540000162,FSB INFRA FUNDO INCENTIVADO DE INVESTIMENTO EM INFRAESTRUTURA RENDA FIXA,BTG WM,2023-01-01,43,202603,2026-08-04,65706967,64985368,64985368,0.8586,55798800,55121112,52689432,0.85,0.85,0.85,0,116451,2548131,1,0,0
54025238000109,CPH INFRA KINEA FIF - FND INC EM INVEST EM DEB DE INFRA RF CRED PRIV  - RESP LIMITADA,Kinea,2024-03-01,29,202603,2026-08-04,22679280,22658952,22658952,0.8589,19462305,19144028,18839489,0.85,0.85,0.85,0,116082,420620,0,0,0
41763320000180,NMP KINEA FIF INCENTIVADO EM INVESTIMENTO EM DEBÊNTURES DE INFRAESTRUTURA RF CRÉD PRIV RESP LIMITADA,Kinea,2023-01-01,43,202603,2026-08-04,55989043,55910046,55910046,0.8625,48224213,47408833,46646039,0.85,0.85,0.85,0,114705,877500,0,0,0
32044932000122,FAPATRI KINEA FIF FUNDO INCENTIVADO EM INVESTIMENTO EM DEB DE INFRA RF CRED PRIV RESP LIMITADA,Kinea,2023-01-01,43,202603,2026-08-04,77521191,77389874,77389874,0.863,66786142,65669984,64632861,0.85,0.85,0.85,0,111410,1148532,0,0,0
60867433000170,SANTANDER PB GRAN PRADO INVESTIMENTO EM INFRAESTRUTURA RENDA FIXA - FIF RESP LIMITADA,San WM,2025-06-01,14,202603,2026-08-04,7432680,6515246,6515246,0.6538,4259459,4259459,4259459,0.67,0.67,0.85,105755,105755,1278500,0,0,0
41395322000164,RECIOTO KINEA FIF FUNDO INCENTIVADO EM INVESTIMENTO EM DEB DE INFRA RF CP RESP LIMITADA,Kinea,2023-01-01,43,202603,2026-08-04,60678804,60600091,60600091,0.8628,52283715,51413867,50591360,0.85,0.85,0.85,0,96210,918718,0,0,0
61866929000192,ISCH1A FUNDO INCENTIVADO DE INVESTIMENTO FINANCEIRO EM INFRAESTRUTURA RENDA FIXA,Brainvest,2025-10-01,10,202603,2026-08-04,13840342,13729027,13729027,0.6671,9158356,9103781,9027616,0.67,0.67,0.67,40092,94668,170832,1,0,0
53989928000107,MANACÁ INFRA KINEA FIF - FND INC EM INVEST EM DEB DE INFRA RF CRED PRIV - RESP LIMITADA,Kinea,2024-03-01,29,202603,2026-08-04,35142513,35160860,35142513,0.8626,30312552,29776745,29259059,0.85,0.85,0.85,0,94392,612077,0,0,0
52984620000106,CENTAURO 7 FIF - CLASSE DE  INVESTIMENTO RENDA FIXA INCENTIVADO DE INVESTIMENTO EM  INFRAESTRUTURA,BRAM,2024-04-01,28,202603,2026-08-04,23562335,22877240,22877240,0.8564,19592978,19351575,19059243,0.85,0.85,0.85,0,94079,386410,1,0,0
48969700000115,GABRIELA 18 KINEA FIF FUNDO INCENTIVADO EM INVESTIMENTO EM DEB DE INFRA RF CP RESP LIMITADA,Kinea,2023-01-01,43,202603,2026-08-04,45221180,45154764,45154764,0.8625,38944312,38293336,37675805,0.85,0.85,0.85,0,88214,705744,0,0,0
56283509000143,SANTANDER PB RIO VERDE INVESTIMENTO EM INFRAESTRUTURA RENDA FIXA - FIF RESP LIMITADA,San WM,2024-09-01,23,202603,2026-08-04,28279177,28890776,28279177,0.8498,24031578,23953099,23638396,0.67,0.85,0.85,0,84202,398904,0,0,0
54334534000183,AXIOS KINEA FIF - FUNDO INCENT EM INVEST EM DEB DE INFRAESTR RF CRED PRIV -RESPONSABILIDADE LIMITADA,Kinea,2024-04-01,28,202603,2026-08-04,35016347,34975422,34975422,0.8614,30128205,29656830,29199203,0.85,0.85,0.85,0,72279,529906,0,0,0
37541412000149,SAPUCAIAS968 KINEA FIF FUNDO INCENTIVADO EM INVESTIMENTO EM DEB DE INFRA RF CP RESP LIMITADA,Kinea,2023-01-01,43,202603,2026-08-04,63064438,62865563,62865563,0.863,54250903,53366288,52512560,0.85,0.85,0.85,0,69441,923169,0,0,0
54106156000180,INDAIATUBA KINEA FIF - FUNDO INCENTIVADO EM INVESTIMENTO EM DEB INFRA RF CRÉD PRIV - RESP LIMITADA,Kinea,2024-03-01,29,202603,2026-08-04,17204632,17193409,17193409,0.8598,14782719,14549705,14324798,0.85,0.85,0.85,0,64693,289600,0,0,0
54333407000160,CEREJA KINEA FIF - FUNDO INCENTIVADO EM INVESTIMENTO EM DEB INFRA RF CRÉD PRIV - RESP LIMITADA,Kinea,2024-04-01,28,202603,2026-08-04,28761322,28735692,28735692,0.8614,24751586,24369786,24000013,0.85,0.85,0.85,0,55553,425325,0,0,0
54334726000190,DUKE KINEA FIF - FUNDO INCENTIVADO EM INVESTIMENTO EM DEB INFRA RF CRED PRIV - RESP LIMITADA,Kinea,2024-03-01,29,202603,2026-08-04,28574257,28552976,28552976,0.8614,24595220,24216058,23849571,0.85,0.85,0.85,0,53972,420459,0,0,0
51487766000183,PLANO INFRA KINEA FIF FUNDO INCENTIVADO EM INVESTIMENTO EM DEB DE INFRA RF CP RESP LIMITADA,Kinea,2023-08-01,36,202603,2026-08-04,39148456,39053431,39053431,0.8634,33717348,33142532,32601505,0.85,0.85,0.85,0,52885,593912,0,0,0
54133777000153,ESTRELA INFRA KINEA FIF FUNDO INCENTIVADO EM INVESTIMENTO EM DEB INFRA RF CRÉD PRIV - RESP LIMITADA,Kinea,2024-03-01,29,202603,2026-08-04,21870619,21850921,21850921,0.8613,18820338,18523178,18234791,0.85,0.85,0.85,0,50105,338492,0,0,0
59332047000103,FUTURE II DEBENTURES INCENTIVADAS FUNDO DE INVESTIMENTO EM INFRAESTRUTURA RENDA FIXA CRÉDITO PRIVADO,Oriz,2025-04-01,16,202603,2026-08-04,51889191,48982727,48982727,0.6726,32943367,32771130,32225525,0.67,0.67,0.85,0,47297,9409793,0,0,0
54350167000101,ATILLA FUNDO INCENTIVADO DE INVESTIMENTO EM INFRAESTRUTURA RENDA FIXA,BTG WM,2024-04-01,28,202603,2026-08-04,62112452,62619774,62112452,0.8523,52936666,52748330,52247944,0.85,0.85,0.85,0,47254,547640,0,0,0
54438539000156,FLAMBOYANT KINEA FIF - FUNDO INCENTIVADO EM INV EM DEB DE INFRA RF CRÉD PRIV - RESP LIMITADA,Kinea,2024-04-01,28,202603,2026-08-04,36707122,36667588,36667588,0.8625,31625770,31133876,30656604,0.85,0.85,0.85,0,33574,510846,0,0,0
50927112000160,TREVISO KINEA FIF FUNDO INCENTIVADO EM INVESTIMENTO EM DEB DE INFRA RF CP RESP LIMITADA,Kinea,2023-06-01,38,202603,2026-08-04,30777082,30748238,30748238,0.8633,26545702,26107384,25692353,0.85,0.85,0.85,0,28618,443649,0,0,0
54124933000110,DB PLUS KINEA FIF FUNDO INCENTIVADO EM INVESTIMENTO EM DEB DE INFRA RF CRÉD PRIV - RESP LIMITADA,Kinea,2024-03-01,29,202603,2026-08-04,21756271,21738821,21738821,0.8623,18744955,18452637,18170769,0.85,0.85,0.85,0,25360,307229,0,0,0
53179684000105,LIBERDADE KINEA FIF - FUNDO INCENTIVADO EM INVESTIMENTO EM DEB DE INFRA RF CRÉD PRIV - RESP LIMITADA,Kinea,2023-12-01,32,202603,2026-08-04,23500712,23479053,23479053,0.8632,20268001,19932041,19612796,0.85,0.85,0.85,0,25154,344399,0,0,0
59941827000142,SANTANDER PB MILANO INVESTIMENTO EM INFRAESTRUTURA RENDA FIXA -FIF RESP LIMITADA,San WM,2025-05-01,15,202603,2026-08-04,12378621,12121486,12121486,0.6701,8122538,8102766,8064636,0.67,0.67,0.85,0,18630,2238627,1,0,0
53324036000197,KOMPASSUS II FIF INVESTIMENTO EM INFRA CI EM INFRAESTRUTURA RENDA FIXA RESPONSABILIDADE LIMITADA,Safra Asset,2024-01-01,31,202603,2026-08-04,25524342,24576837,24576837,0.8565,21049391,20878398,19035358,0.85,0.85,0.85,0,11913,1854953,0,0,0
54384643000105,BLG FUNDO DE INVESTIMENTO EM INFRAESTRUTURA - RENDA FIXA CRÉDITO PRIVADO RESPONSABILIDADE LIMITADA,Douro,2024-05-01,27,202603,2026-08-04,18934242,19262557,18934242,0.8541,16172170,16085357,15758373,0.85,0.85,0.85,0,8748,335733,0,0,0
52910681000129,SCDOCS KINEA INFRA FIF - FI INCENTIVADO DEBENTURES INFRA RF CRED PRIV - RESP LIMITADA,Kinea,2023-11-01,33,202603,2026-08-04,23908541,23890691,23890691,0.8641,20643636,20300958,19976447,0.85,0.85,0.85,0,6129,330640,0,0,0
57791787000174,SAFRA INFRA RENDA FIXA ATIVO MASTER FIF INV EM INFRAESTRUTURA CI EM INFRA RF LP RESP LIMITADA,Safra Asset,2024-10-01,22,202603,2026-08-04,1251348761,1465342246,1251348761,0.9015,1128086671,1124192262,1100415040,0.67,0.85,0.85,0,0,0,1,0,0
30676315000114,SPARTA MASTER A FUNDO INCENTIVADO DE INVEST FINANCEIRO EM INFRA RENDA FIXA RESP LTDA,Sparta,2023-01-01,43,202603,2026-08-04,1653042693,1880593801,1653042693,1.0503,1736145626,1688599668,1594879066,0.85,0.85,0.85,0,0,0,1,0,0
54407534000166,ITAÚ DEBÊNTURES INCENTIVADAS CDI VI FIF INCENTIVADO INFRA RF CRED PRIV - RESP LIMITADA,IAM,2024-03-01,29,202603,2026-08-04,7658575117,8814347425,7658575117,1.0956,8390435356,8367776475,8324509956,0.85,0.85,0.85,0,0,0,1,0,0
58378060000122,BRAM DEB INCENTIVADAS CDI 2412 FIF - CI RF INCENTIVADO DE INVESTIMENTO EM INFRA LP - RESP LIMITADA,BRAM,2024-12-01,20,202603,2026-08-04,4420310895,5972122955,4420310895,1.0356,4577776940,4559209613,4546902569,0.67,0.85,0.85,0,0,0,1,0,0
62007683000166,SPARTA DEBENTURES INCENTIVADAS S FIF RENDA FIXA INVESTIMENTO EM INFRAESTRUTURA RESP LIMITADA,Sparta,2025-08-01,12,202603,2026-08-04,678461391,722801060,678461391,0.7448,505330505,494895117,472142919,0.67,0.67,0.85,0,0,104549263,1,0,0
61791538000156,ITAÚ DEBÊNTURES INCENTIVADAS PÓS-FIXADO II FIF INCENTIVADO EM INFRA RF CRED PRIV RESP LIMITADA,IAM,2025-08-01,12,202603,2026-08-04,2912578118,3256418408,2912578118,0.7648,2227608855,2221872879,2207821110,0.67,0.67,0.85,0,0,267870290,1,0,0
60776254000128,LEGACY CAPITAL CREDIT HORIZON FUNDO INCENTIVADO DE INVEST FINANCEIRO EM INFRAESTRUTURA RENDA FIXA,Legacy,2025-05-01,15,202603,2026-08-04,411222604,474490056,411222604,0.834,342971073,341192858,338483432,0.67,0.67,0.85,0,0,11055781,1,0,0
54020440000130,ITAÚ DEBÊNTURES INCENTIVADAS CDI V FIF INCENTIVADO INFRA RF CRÉD PRIV - RESP LIMITADA,IAM,2024-03-01,29,202603,2026-08-04,3131027512,3067967745,3067967745,0.8712,2672684156,2659901829,2644342162,0.85,0.85,0.85,0,0,0,1,0,0
54517219000191,BTG PACTUAL TOTAL FUNDO INCENTIVADO DE INVESTIMENTO EM INFRAESTRUTURA RENDA FIXA,BTG Asset,2024-04-01,28,202603,2026-08-04,2086919192,2769007741,2086919192,1.0963,2287988480,2270527836,2240839217,0.85,0.85,0.85,0,0,0,1,0,0
59016228000112,SANTANDER FUNDO INCENTIVADO DE INVESTIMENTO EM INFRA CDI 5 RENDA FIXA CRÉD PRIV - FIF RESP LIMITADA,SAM,2025-03-01,17,202603,2026-08-04,2521120597,2814453091,2521120597,0.8843,2229383594,2224214303,2218643467,0.67,0.67,0.85,0,0,0,1,0,0
54334995000156,ABSOLUTE HIDRA CDI A FUNDO INCENTIVADO DE INVESTIMENTO EM INFRAESTRUTURA RENDA FIXA,Absolute,2024-04-01,28,202603,2026-08-04,4291730484,4972337952,4291730484,0.8941,3837414923,3822925635,3795717394,0.85,0.85,0.85,0,0,0,1,0,0
61141536000111,BB MASTER RENDA FIXA DEBÊNTURES INCENTIVADAS FIF INVESTIMENTO EM INFRAESTRUTURA RESP LIMITADA,BB Asset,2025-07-01,13,202603,2026-08-04,3788800023,3776794264,3776794264,0.6947,2623661804,2622597615,2621255263,0.67,0.67,0.85,0,0,589019862,0,0,0
51924043000102,SPARTA INFRA MASTER V FUNDO INCENTIVADO DE INVESTIMENTO EM INFRAESTRUTURA RENDA FIXA,Sparta,2023-12-01,32,202603,2026-08-04,619223013,616599358,616599358,0.885,545674135,531738429,514390450,0.85,0.85,0.85,0,0,9719004,1,0,0
51959820000146,BRAM DEBENTURES INCENTIVADAS CDI II FI FINANCEIRO - CI EM INFRA RF - RESP LIMITADA,BRAM,2023-08-01,36,202603,2026-08-04,2321633449,2247780920,2247780920,0.8549,1921538099,1911394129,1899787636,0.85,0.85,0.85,0,0,10826146,1,0,0
26803233000116,XP DEB INCENT CDI CRÉD PRIV FIF INCENTIVADO DE INVESTIMENTO EM INFRAESTRUTURA RENDA FIXA - RESP LTDA,XPG,2023-01-01,43,202603,2026-08-04,2723362420,3101710948,2723362420,1.0089,2747624685,2702175769,2597647551,0.85,0.85,0.85,0,0,0,1,0,0
54854995000187,ITAÚ PRIVATE DEB INCENTIVADAS PÓS FIXADO FIF INCENTIVADO EM INFRA RF CRÉD PRIV LP RESP LIMITADA,IAM,2024-06-01,26,202603,2026-08-04,1985540284,2192546371,1985540284,1.0305,2046114409,2039998296,2030883539,0.85,0.85,0.85,0,0,0,1,0,0
52791573000184,ITAÚ PVT DEBÊNTURES INCENTIVADAS CDI FIF EM INFRA RF CRED PRIV - RESP LIMITADA,IAM,2023-11-01,33,202603,2026-08-04,1481959720,1565938521,1481959720,0.9562,1416984537,1409432623,1399346700,0.85,0.85,0.85,0,0,0,1,0,0
58281724000130,SPARTA BB FUNDO DE INVESTIMENTO EM INFRAESTRUTURA RENDA FIXA - RESPONSABILIDADE LIMITADA,Sparta,2025-01-01,19,202603,2026-08-04,329264472,436653815,329264472,0.9092,299378443,293359086,280754966,0.67,0.85,0.85,0,0,0,1,0,0
55652661000193,ITAÚ JANEIRO INFRA FIF INCENTIVADO EM INFRAESTRUTURA RF CRÉD PRIV LP RESP LIMITADA,IAM,2024-06-01,26,202603,2026-08-04,1286738851,1424853739,1286738851,0.9498,1222133620,1215320456,1205315307,0.85,0.85,0.85,0,0,0,1,0,0
42221412000100,SAFRA CAPITAL MARKET INFRA MASTER II FIF INV EM INFRAESTRUTURA CI EM INFRA RF RESP LIMITADA,Safra Asset,2023-01-01,43,202603,2026-08-04,2431841205,2835805215,2431841205,1.0537,2562369223,2509023036,2404582280,0.85,0.85,0.85,0,0,0,1,0,0
58341091000109,BB TOP RENDA FIXA DEBÊNTURES INCENTIVADAS CDI II FIF EM INFRAESTRUTURA RESPONSABILIDADE LIMITADA,BB Asset,2025-04-01,16,202603,2026-08-04,2162853787,2092414428,2092414428,0.756,1581873666,1581228116,1580185262,0.67,0.67,0.85,0,0,198367002,0,0,0
61584502000100,BB TOP RENDA FIXA DEBÊNTURES INCENTIVADAS CDI III FIF EM INFRAESTRUTURA RESPONSABILIDADE LIMITADA,BB Asset,2025-07-01,13,202603,2026-08-04,2320445400,2466100308,2320445400,0.8203,1903360376,1902967839,1902486331,0.67,0.67,0.85,0,0,69892259,0,0,0
50891130000130,LEGACY CAPITAL COMPOUND FIF INVESTIMENTO EM DEB DE INFRA CDI ATIVO RF CRED PRIV LP RESP LIMITADA,Legacy,2023-08-01,36,202603,2026-08-04,1143768429,2270425612,1143768429,2.1345,2441416916,2419205965,2398049799,0.85,0.85,0.85,0,0,0,1,0,0
50862124000154,VINLAND FUNDO INCENTIVADO EM INVESTIMENTO EM DEB DE INFRA ATIVO FIF RF CRÉD PRIV LP  RESP LIMITADA,Vinland,2023-07-01,37,202603,2026-08-04,1871727896,3178157584,1871727896,1.6392,3068090398,3045037663,3014603178,0.85,0.85,0.85,0,0,0,1,0,0
51710645000159,SANTANDER FUNDO INCENTIVADO CDI INVESTIMENTO EM INFRA RF CRED PRIV - FIF RESP LIMITADA,SAM,2023-08-01,36,202603,2026-08-04,2981110066,3975052053,2981110066,1.2935,3856083777,3820335677,3766183373,0.85,0.85,0.85,0,0,0,1,0,0
58516864000140,SAFRA INFRA PREFIXADO CARTEIRA MASTER FIF INV EM INFRAESTRUTURA CI EM INFRA RF RESP LIMITADA,Safra Asset,2025-08-01,12,202603,2026-08-04,494522424,608492752,494522424,1.0069,497938966,497385143,496487280,0.67,0.67,0.85,0,0,0,0,0,0
58258574000144,SAFRA INFRA CDI MASTER V FIF INVESTIMENTO EM INFRA CI EM INFRA RENDA FIXA LONGO PRAZO RESP LIMITADA,Safra Asset,2025-09-01,11,202603,2026-08-04,2642816951,2627328254,2627328254,0.678,1781308758,1777481152,1762014741,0.67,0.67,0.67,0,0,0,1,0,0
52792067000100,ITAÚ PVT DEBÊNTURES INCENTIVADAS FIF EM INFRA RF CRED PRIV - RESP LIMITADA,IAM,2023-11-01,33,202603,2026-08-04,1167840225,1220337035,1167840225,0.9177,1071690704,1067251271,1060888491,0.85,0.85,0.85,0,0,0,1,0,0
61622820000100,SANTANDER FUNDO INCENTIVADO DE INVESTIMENTO EM INFRA CDI 6 RENDA FIXA CRED PRIV - FIF RESP LIMITADA,SAM,2025-07-01,13,202603,2026-08-04,1062677660,1261856020,1062677660,0.9832,1044846769,1044112808,1041139190,0.67,0.67,0.85,0,0,0,1,0,0
59816551000170,BB TOP RENDA FIXA DEBÊNTURES INCENTIVADAS CDI IV FIF EM INFRAESTRUTURA RESPONSABILIDADE LIMITADA,BB Asset,2025-10-01,10,202603,2026-08-04,865072797,971175428,865072797,1.1699,1012049500,1012049500,1012049500,0.67,0.67,0.67,0,0,0,0,0,0
19657463000159,XP DEB INCENT IMAB CRÉD PRIV FUNDO INCENTIVADO DE INV FINANCEIRO EM INFRA RENDA FIXA - RESP LTDA,XPG,2023-01-01,43,202603,2026-08-04,441819811,482281360,441819811,0.9438,417000367,407644995,393337951,0.85,0.85,0.85,0,0,0,1,0,0
61791374000167,ITAÚ PVT DEBÊNTURES INCENTIVADAS PÓS-FIXADO II FIF INCENTIVADO INFRA RF CRED PRIV LP RESP LIMITADA,IAM,2025-08-01,12,202603,2026-08-04,766402346,727436847,727436847,0.6923,503636841,502424224,500440599,0.67,0.67,0.85,0,0,117880721,1,0,0
58052836000110,PLURAL DEBÊNTURES INCENTIVADAS HEDGE 30 II FIF EM INFRA RENDA FIXA CRÉDITO PRIVADO - RESP LIMITADA,Plural,2025-05-01,15,202603,2026-08-04,638168083,727627160,638168083,0.8524,543949302,533899096,496006365,0.67,0.67,0.85,0,0,46436505,1,0,0
52985141000104,CS EVOLUTION VALE DO GUAPORÉ III FUNDO DE INVESTIMENTO INFRAESTRUTURA - RENDA FIXA CP RESP LTDA,UBS,2024-03-01,29,202603,2026-08-04,996009790,974452186,974452186,0.8655,843348950,839915037,835626144,0.85,0.85,0.85,0,0,0,1,0,0
45912178000147,VINCI CRÉDITO INFRA INSTITUCIONAL FUNDO INCENTIVADO DE IF EM INFRA RF - RESPONSABILIDADE LIMITADA,Vinci,2023-01-01,43,202603,2026-08-04,1174578698,1159916017,1159916017,0.8794,1020027733,1001262087,978721992,0.85,0.85,0.85,0,0,7206622,0,0,0
26324289000198,KINEA INFRA I FIF FI INCENTIVADO EM DEBÊNTURES DE INFRA RF CRED PRIV RESP LIMITADA,Kinea,2023-01-01,43,202603,2026-08-04,2350971692,2445597000,2350971692,0.945,2221568524,2189317948,2159230033,0.85,0.85,0.85,0,0,0,0,0,0
53074532000130,ITAÚ DEB INCENTIVADAS CDI IV FUNDO INCENTIVADO DE INVES FINAN EM INFRAEST RF CRED PRIV RESP LIMITADA,IAM,2023-12-01,32,202603,2026-08-04,1025666289,1391028561,1025666289,1.4116,1447808642,1441487622,1431972031,0.85,0.85,0.85,0,0,0,1,0,0
55264830000118,ITAÚ DOLOMITAS VÉRTICE DEB INCENTIVADAS FIF INCENTIVADO  EM INFRA RF CRÉD PRIV RESP LIMITADA,IAM,2024-10-01,22,202603,2026-08-04,680399292,631170604,631170604,0.8784,554436291,551601584,547330241,0.67,0.85,0.85,0,0,0,1,0,0
42378579000170,ITAÚ ACTION DEBÊNTURES INCENTIVADAS FIF INCENTIVADO INFRA RF CRED PRIV LP - RESP LIMITADA,IAM,2023-01-01,43,202603,2026-08-04,692897877,798792184,692897877,0.868,601467468,598682813,591689691,0.85,0.85,0.85,0,0,0,1,0,0
31094141000144,BTG PACTUAL CRÉDITO CORP INCENTIVADO CDI MASTER FI DE INVESTIMENTO FINANCEIRO EM INFRA RF,BTG Asset,2023-01-01,43,202603,2026-08-04,1802546200,1959841259,1802546200,1.0296,1855811852,1830493417,1780912368,0.85,0.85,0.85,0,0,0,1,0,0
54322173000155,ITAÚ DEB INCENTIVADAS III FIF INCENTIVADO EM INFRA RF CRÉD PRIV - RESP LIMITADA,IAM,2024-04-01,28,202603,2026-08-04,1057615806,1048613192,1048613192,0.8679,910105461,906372895,901060488,0.85,0.85,0.85,0,0,0,1,0,0
56093218000192,ITAÚ DEBÊNTURES INCENTIVADAS PRÉ TARGET 2030 FIF INCENTIVADO EM INFRA RF CRED PRIV RESP LIMITADA,IAM,2025-07-01,13,202603,2026-08-04,359471056,351972234,351972234,0.7033,247550155,247144816,246415136,0.67,0.67,0.85,0,0,52761263,1,0,0
61643338000156,SPARTA INFRA INFLAÇÃO LONGA MASTER II FI EM INFRAESTRUTURA RENDA FIXA - RESP LIMITADA,Sparta,2025-09-01,11,202603,2026-08-04,235689119,240658376,235689119,0.7804,183943438,182714097,179059362,0.67,0.67,0.67,0,0,0,1,0,0
57009700000164,SANTANDER FUNDO INCENTIVADO DE INVESTIMENTO EM INFRAESTRUTURA CDI 4 RF CRÉD PRIV - FIF RESP LIMITADA,SAM,2024-09-01,23,202603,2026-08-04,787610992,891089315,787610992,0.9893,779167841,776043910,771640806,0.67,0.85,0.85,0,0,0,1,0,0
25097707000199,JULIUS BAER GESTÃO SUPRA 90 FIF - CI RENDA FIXA INCENTIVADO DE INVESTIMENTO EM INFRAESTRUTURA,BTG WM,2023-01-01,43,202603,2026-08-04,1328414395,1399683471,1328414395,0.9757,1296171819,1273273950,1250828302,0.85,0.85,0.85,0,0,0,0,0,0
50390553000176,ITAÚ DEBÊNTURES INCENTIVADAS CDI III FUNDO INC DE INV FINANCEIRO EM INFRA RF CRÉD PRIV - RESP LTDA,IAM,2023-07-01,37,202603,2026-08-04,628446524,1007931461,628446524,1.8068,1135478745,1128344918,1120011717,0.85,0.85,0.85,0,0,0,1,0,0
42411555000176,ITAÚ DEB INCENTIVADAS CDI FDO INCENTIVADO DE INV FINANCEIRO EM INFRAESTR RF CRÉD PRIV  RESP LIMITADA,IAM,2023-01-01,43,202603,2026-08-04,716335013,709860767,709860767,0.8796,624427234,619721897,614564375,0.85,0.85,0.85,0,0,0,1,0,0
54884180000140,ITAÚ FUNDO INCENTIVADO DE INVESTIMENTO FINANCEIRO EM INF IFRI CDI RF CRÉD PRIVADO - RESPE LIMITADA,IAM,2024-05-01,27,202603,2026-08-04,1020455202,1013704654,1013704654,0.865,876852704,869242600,859721732,0.85,0.85,0.85,0,0,1927223,1,0,0
48970212000128,SPARTA INFRA CDI MASTER I FUNDO INCENTIVADO DE INVESTIMENTO EM INFRAESTRUTURA RENDA FIXA,Sparta,2023-02-01,42,202603,2026-08-04,389930452,151127541,151127541,0.9155,138363577,135114308,130686818,0.85,0.85,0.85,0,0,0,0,0,0
61245368000104,SAPERE FUNDO DE INVESTIMENTO FINANCEIRO - CLASSE DE RENDA FIXA INVESTIMENTO EM INFRA - RESP LIMITADA,BV Asset,2025-06-01,14,202603,2026-08-04,40255982,92477700,40255982,0.7501,30195869,30195869,30195869,0.67,0.67,0.85,0,0,4021716,0,0,0
58806888000134,VALORA MASTER FI FINANCEIRO RENDA FIXA INVESTIMENTO EM INFRAESTRUTURA RESPONSABILIDADE LIMITADA,Valora,2025-02-01,18,202603,2026-08-04,420123886,535007402,420123886,1.3282,557990406,549877159,548314535,0.67,0.85,0.85,0,0,0,0,0,0
52096571000175,MIAMI FIF FUNDO INCENTIVADO EM INVESTIMENTO EM DEB DE INFRA RENDA FIXA CRÉDITO PRIVADO RESP LIMITADA,IAM,2023-09-01,35,202603,2026-08-04,511720660,497823884,497823884,0.874,435085485,432495740,428935377,0.85,0.85,0.85,0,0,0,1,0,0
55808078000129,PROTEUS FUNDO INCENTIVADO DE INVESTIMENTO EM INFRAESTRUTURA RENDA FIXA,Proteus,2024-11-01,21,202603,2026-08-04,223155901,767560710,223155901,3.5744,797656899,796329839,794601900,0.67,0.85,0.85,0,0,0,0,0,0
60450312000129,ITAÚ DEBÊNTURES INCENTIVADAS PRÉ TARGET 2029 II FIIF EM INFRA RF CRÉD PRIV RESP LIMITADA,IAM,2025-05-01,15,202603,2026-08-04,323103895,314661333,314661333,0.7198,226507428,225929891,225125577,0.67,0.67,0.85,0,0,42336556,1,0,0
62283336000166,ITAÚ DEB INCENTIVADAS PRÉ TARGET 2030 SHIFT FIIF EM INFRA RF CRÉD PRIV RESP LIMITADA,IAM,2025-09-01,11,202603,2026-08-04,250788273,245515186,245515186,0.7281,178754019,178380606,177708843,0.67,0.67,0.67,0,0,0,1,0,0
47628885000131,ABSOLUTE HIDRA CDI MASTER FUNDO INCENTIVADO DE INVESTIMENTO FINANCEIRO EM INFRAESTRUTURA RENDA FIXA,Absolute,2023-01-01,43,202603,2026-08-04,1220810764,1835865039,1220810764,1.9316,2358142446,2343517850,2298417344,0.85,0.85,0.85,0,0,0,1,0,0
30877528000104,INTER HEDGE FIF INCENTIVADO DE INVESTIMENTO EM INFRA RENDA FIXA RESPONSABILIDADE LIMITADA,Inter,2023-01-01,43,202603,2026-08-04,766430631,874815360,766430631,0.9781,749661764,731007957,675193605,0.85,0.85,0.85,0,0,0,1,0,0
60691906000121,GUINESS FUNDO INCENTIVADO DE INVESTIMENTO FINANCEIRO EM INFRAESTRUTURA RENDA FIXA,BTG WM,2025-05-01,15,202603,2026-08-04,199631358,164803052,164803052,0.8075,133076351,132381168,130707359,0.67,0.67,0.85,0,0,9375235,0,0,0
54005088000163,FX FUNDO INCENTIVADO DE INVESTIMENTO EM INFRAESTRUTURA RENDA FIXA,BTG WM,2024-03-01,29,202603,2026-08-04,81702668,83789437,81702668,0.966,78922025,78505306,78087204,0.85,0.85,0.85,0,0,0,0,0,0
58674224000169,VINLAND DEBÊNTURE INCENTIVADA S FIF INVESTIMENTO EM INFRA RF CRED PRIV LP RESP LIMITADA,Vinland,2025-01-01,19,202603,2026-08-04,617974626,682160696,617974626,0.9673,597791840,592212077,586405500,0.67,0.85,0.85,0,0,0,1,0,0
23034963000101,PEDRA NEGRA CLASSE DE INVESTIMENTO INCENTIVADA RF CRÉDITO PRIVADO INFRAESTRUTURA - RESP LIMITADA,BTG WM,2023-01-01,43,202603,2026-08-04,731220135,740982526,731220135,0.916,669823875,650880478,634151834,0.85,0.85,0.85,0,0,0,1,0,0
58280010000108,BTG PACTUAL DEB INCENTIVADAS BB FUNDO INCEN DE INVEST FINA EM INFRA RENDA FIXA CP RESP LIMITADA,BTG Asset,2025-01-01,19,202603,2026-08-04,341415566,487801978,341415566,1.3321,454783407,450637242,441320473,0.67,0.85,0.85,0,0,0,1,0,0
55138841000151,SANTANDER INVESTIMENTO EM INFRAESTRUTURA MULTIESTRATÉGIA RENDA FIXA CRED PRIV FIF RESP LIMITADA,SAM,2024-06-01,26,202603,2026-08-04,683175386,842377998,683175386,1.0822,739360591,738032639,736462570,0.85,0.85,0.85,0,0,0,1,0,0
60931618000105,ABSOLUTE HIDRA CDI PLUS S FUNDO INCENTIVADO DE INVEST FINANCEIRO EM INFRA RENDA FIXA,Absolute,2025-06-01,14,202603,2026-08-04,450914253,508750677,450914253,0.9599,432822255,431742900,424876772,0.67,0.67,0.85,0,0,0,0,0,0
53095152000181,XP INCOME DEBENTURES INCENTIVADAS CDI FUNDO DE INVESTIMENTO EM INFRAESTRUTURA RENDA FIXA CP RL,XPG,2025-01-01,19,202603,2026-08-04,218161464,295897353,218161464,1.0302,224749240,222974636,219046817,0.67,0.85,0.85,0,0,0,1,0,0
52837350000100,CSHG SCUDERIA FUNDO DE INVESTIMENTO INFRAESTRUTURA - RENDA FIXA CRÉD PRIV RESP LIMITADA,UBS,2024-01-01,31,202603,2026-08-04,572344535,567723353,567723353,0.8596,488028819,485722182,481316180,0.85,0.85,0.85,0,0,1248669,1,0,0
46438835000129,ITAÚ CONSULT DEB INCENTIVADAS IPCA FIF INCENTIVADO INFRA RF CRÉD PRIV - RESP LIMITADA,IAM,2023-01-01,43,202603,2026-08-04,368470515,350322591,350322591,0.8549,299506763,298062696,295634985,0.85,0.85,0.85,0,0,2139217,1,0,0
56284312000129,ARX HEDGE II MASTER FIF INVEST EM INFRA RENDA FIXA CRÉDITO PRIVADO RESPONSABILIDADE LIMITADA,ARX,2024-09-01,23,202603,2026-08-04,922363296,1201264728,922363296,1.4089,1299502322,1281339865,1260096171,0.67,0.85,0.85,0,0,0,1,0,0
46449438000152,ITAÚ DEBÊNTURES INCENTIVADAS CDI II FUNDO INC DE INVEST FINANCEIRO INFRA RF CRÉD PRIV RESP LIMITADA,IAM,2023-01-01,43,202603,2026-08-04,385422043,373184793,373184793,0.8579,320153204,317638814,315024444,0.85,0.85,0.85,0,0,2182630,1,0,0
58264015000147,IITAÚ BB DEBÊNTURES INCENTIVADAS CDI FIF INCENTIVADO EM INFRA RF CRÉD PRIV RESP LIMITADA,IAM,2025-01-01,19,202603,2026-08-04,349792605,452169046,349792605,0.9585,335264645,333880963,331301118,0.67,0.85,0.85,0,0,0,1,0,0
61444194000109,SULAMÉRICA INFRA EXCLUSIVO 2 FIF - FDO INCENTIVADO DE INV EM INFRAESTRUTURA RENDA FIXA DE RL,Sulamérica,2025-07-01,13,202603,2026-08-04,225170417,217563650,217563650,0.7183,156270808,156270808,156270808,0.67,0.67,0.85,0,0,28658295,0,0,0
56049285000100,UBS EVOLUTION MASTER DEBENTURES INCENTIVADAS CDI INFRAESTRUTURA CRED PRIV FI INF RF RESP LIMITADA,UBS,2025-03-01,17,202603,2026-08-04,701334481,792952138,701334481,0.8992,630656310,629105298,626654874,0.67,0.67,0.85,0,0,0,1,0,0
55384132000156,SAFRA INFRA CDI MASTER II FIF INV EM INFRA CLASSE DE INV EM INFRA  RF LONGO PRAZO RESP LIMITADA,Safra Asset,2024-06-01,26,202603,2026-08-04,1552239310,1162603926,1162603926,1.5692,1824373645,1776765374,1726010678,0.85,0.85,0.85,0,0,0,1,0,0
56912856000198,ITAU LEGEND INFRA FI INC FINANCEIRO EM INFRAESTRUTURA RENDA FIXA CRED PRIV LONGO PRAZO RESP LIMITADA,IAM,2024-08-01,24,202603,2026-08-04,178498442,254689634,178498442,1.2613,225144015,223910160,222103483,0.85,0.85,0.85,0,0,0,1,0,0
32075119000110,ARX HEDGE MASTER FIF EM INFRAESTRUTURA RENDA FIXA - RESPONSABILIDADE LIMITADA,ARX,2023-01-01,43,202603,2026-08-04,1771378040,1931445734,1771378040,1.0216,1809576804,1785167415,1756187254,0.85,0.85,0.85,0,0,0,1,0,0
44361134000103,UBS EVOLUTION MASTER PORTFOLIO CRÉD PRIV CDI FI INCENTIVADO EM INFRAESTRUTURA RF RESP LIMITADA,UBS,2023-01-01,43,202603,2026-08-04,627462724,687130490,627462724,1.022,641260848,634410995,622840911,0.85,0.85,0.85,0,0,0,1,0,0
24658649000162,AZ QUEST MASTER DEBÊNTURES INCENTIVADAS FIF INCENTIVADO DE INVESTIMENTO EM INFRA RENDA FIXA CP,AZ Quest,2023-01-01,43,202603,2026-08-04,398318658,444420859,398318658,1.0675,425191638,421556626,404843527,0.85,0.85,0.85,0,0,0,1,0,0
23714022000119,SAFRA DEBÊNTURES INCENTIVADAS MASTER II FIF INV EM INFRAESTRUTURA CI EM INFRA RF RESP LIMITADA,Safra Asset,2023-01-01,43,202603,2026-08-04,829192573,860018554,829192573,0.8898,737837731,731060575,723800018,0.85,0.85,0.85,0,0,0,1,0,0
61445398000164,BRADESCO GLOBAL CLIENTS FIF - CI RF INCENTIVADO DE INVESTIMENTO EM INFRAESTRUTURA - RESP LIMITADA,BRAM,2025-08-01,12,202603,2026-08-04,213251795,203752448,203752448,0.6941,141414695,141321605,141081059,0.67,0.67,0.85,0,0,32108522,0,0,0
30493677000170,SANTANDER INFLAÇÃO FUNDO INCENTIVADO DE INVESTIMENTO EM INFRAESTRUTURA - FIF RESP LIMITADA,SAM,2023-01-01,43,202603,2026-08-04,453360095,497968005,453360095,1.0359,469635743,462544332,455118055,0.85,0.85,0.85,0,0,0,0,0,0
54114987000102,LEGACY CAPITAL TFO FIF - FUNDO INCENTIVADO EM INVESTIMENTO EM DEB INFRA RF CRÉD PRIV - RESP LIMITADA,Legacy,2024-03-01,29,202603,2026-08-04,225152505,207544791,207544791,0.8852,183710758,182632560,181078798,0.85,0.85,0.85,0,0,0,1,0,0
53077797000191,SPX SEAHAWK DEB INCENTIVADAS FI FINANCEIRO INVESTIMENTO EM INFRA RF CRED PRIV LP - RESP LIMITADA,SPX,2023-12-01,32,202603,2026-08-04,433112755,476123005,433112755,1.0543,456646557,454800820,452706259,0.85,0.85,0.85,0,0,0,1,0,0
60344823000166,ARAUCÁRIA 2 FIF FUNDO INCENTIVADO EM INVESTIMENTO EM DEBÊNTURES DE INFRA RF CRÉD PRIV RESP LIMITADA,IAM,2025-05-01,15,202603,2026-08-04,215039358,208761999,208761999,0.7112,148467313,148136266,147564675,0.67,0.67,0.85,0,0,29883024,1,0,0
42698876000101,ITAÚ DEB INCENTIVADAS PRÉ FIF INCENTIVADO INFRA RF CRÉD PRIV - RESP LIMITADA,IAM,2023-01-01,43,202603,2026-08-04,281896424,273238292,273238292,0.8671,236923912,235181328,231457011,0.85,0.85,0.85,0,0,795538,1,0,0
32388028000134,BRAM DEBENTURES INCENTIVADAS CDI FI FINANCEIRO - CI EM INFRA RF - RESP LIMITADA,BRAM,2023-01-01,43,202603,2026-08-04,282222631,747918072,282222631,3.5037,988818622,970317616,959930152,0.85,0.85,0.85,0,0,0,1,0,0
51928186000184,ITAÚ LUMINA PLUS DEB INCENTIVADAS FDO INCENTIVADO DE INV FIN EM INFRA RF CRÉD PRIV LP RESP LIMITADA,IAM,2023-08-01,36,202603,2026-08-04,403745945,495135042,403745945,0.9535,384971978,383823829,382114921,0.85,0.85,0.85,0,0,0,1,0,0
61051152000108,SPX SEAHAWK DEBÊNTURES INCENTIVADAS S FIF EM INFRA RENDA FIXA CRÉD PRIV LONGO PRAZO RESP LIMITADA,SPX,2025-06-01,14,202603,2026-08-04,275739448,399430010,275739448,1.4254,393025964,391247843,389265590,0.67,0.67,0.85,0,0,0,1,0,0
63918203000181,G5 ALLOCATION CDI II FUNDO INCENTIVADO DE INVESTIMENTO FINANCEIRO EM INFRAESTRUTURA RENDA FIXA,G5,2026-01-01,7,202603,2026-08-04,165007698,166480502,165007698,0.9164,151217138,149538076,145861722,0.67,0.67,0.67,0,0,0,1,0,0
57636187000131,SPX SEAHAWK DEBÊNTURES INCENTIVADAS D45 FIF INVESTIMENTO EM INFRA RF CRÉD PRIV LP RESP LIMITADA,SPX,2024-10-01,22,202603,2026-08-04,401483997,507237318,401483997,1.0773,432530999,430602857,428453666,0.67,0.85,0.85,0,0,0,1,0,0
20889637000198,ÔMEGA FUNDO INCENTIVADO DE INVESTIMENTO FINANCEIRO EM INFRAESTRUTURA RENDA FIXA,BTG WM,2023-01-01,43,202603,2026-08-04,342021374,338897084,338897084,0.8697,294726450,291260316,282167584,0.85,0.85,0.85,0,0,5894937,1,0,0
60477852000104,ARX IPCA CAIXA FIF EM INFRAESTRUTURA RENDA FIXA CRÉDITO PRIVADO - RESPONSABILIDADE LIMITADA,ARX,2025-07-01,13,202603,2026-08-04,199130036,212794702,199130036,0.7454,148425880,147453250,146409956,0.67,0.67,0.85,0,0,22850575,1,0,0
63933503000130,G5 FUNDO INCENTIVADO II DE INVESTIMENTO FINANCEIRO EM INFRAESTRUTURA RENDA FIXA,G5,2026-01-01,7,202603,2026-08-04,281799283,275522889,275522889,0.8235,226888819,224950692,220869876,0.67,0.67,0.67,0,0,0,1,0,0
53828015000109,BB TOP RF DEBÊNTURES INCENTIVADAS CDI FIF INFRAESTRUTURA CRÉDITO PRIVADO RESPONSABILIDADE LIMITADA,BB Asset,2024-05-01,27,202603,2026-08-04,1803805951,2894656063,1803805951,1.869,3371384191,3370154512,3362643054,0.85,0.85,0.85,0,0,0,0,0,0
55956652000196,ABSOLUTE HIDRA CDI PLUS A MASTER FUNDO INCENTIVADO DE INVESTIMENTO EM INFRAESTRUTURA RENDA FIXA,Absolute,2025-01-01,19,202603,2026-08-04,539044921,677653070,539044921,1.0005,539340115,537900803,526304784,0.67,0.85,0.85,0,0,0,0,0,0
47698578000127,LEGACY CAPITAL COMPOUND FIF - FUNDO INCENT EM INV EM DEB DE INFRA IPCA RF CRÉD PRIV - RESP LIMITADA,Legacy,2023-01-01,43,202603,2026-08-04,312523862,342496280,312523862,1.0873,339812861,337139241,334530548,0.85,0.85,0.85,0,0,0,1,0,0
52909821000149,ITAÚ DEB INCENTIVADAS PRÉ TARGET 2028 II FUNDO INC DE INV FIN EM INFRA RF CRÉD PRIV - RESP LIMITADA,IAM,2024-04-01,28,202603,2026-08-04,309971615,300677261,300677261,0.8651,260105321,259253838,257910110,0.85,0.85,0.85,0,0,0,1,0,0
53075427000115,KINEA INCENTIVADO RF CP LP FI FINANCEIRO FUNDO INCENT EM INV EM DEBÊN DE INFRAESTRUTURA - RESP LTDA,Kinea,2024-01-01,31,202603,2026-08-04,277405461,383943952,277405461,1.3292,368722654,366470377,359946390,0.85,0.85,0.85,0,0,0,1,0,0
32319373000116,ARX ELBRUS MASTER II FUNDO INCENTIVADO DE INVESTIMENTO FINANCEIRO EM INFRA RENDA FIXA  - RESP LTDA,ARX,2023-01-01,43,202603,2026-08-04,1885126394,1986896618,1885126394,0.8852,1668712684,1645373044,1617564495,0.85,0.85,0.85,0,0,0,1,0,0
52842303000155,ITAÚ DEBÊNTURES INCENTIVADAS PRÉ TARGET 2028 FIF INFRA RF CRED PRIV - RESP LIMITADA,IAM,2023-11-01,33,202603,2026-08-04,224501569,217849880,217849880,0.8801,191739466,191157818,189697034,0.85,0.85,0.85,0,0,0,1,0,0
60553394000137,CHATEAUX FIF FUNDO INCENTIVADO EM INVESTIMENTO EM DEBÊNTURES DE INFRA RF CRÉD PRIV RESP LIMITADA,IAM,2025-07-01,13,202603,2026-08-04,155132037,150537055,150537055,0.7135,107414022,107207011,106870456,0.67,0.67,0.85,0,0,21086041,1,0,0
52892279000169,KINEA INFRAESTRUTURA PVT FIF FUNDO INCENTIVADO EM INV EM DEB DE INFRA RF CRED PRIV RESP LIMITADA,Kinea,2023-11-01,33,202603,2026-08-04,595776539,615624798,595776539,0.909,541587706,532480650,523868358,0.85,0.85,0.85,0,0,0,0,0,0
54856394000103,ITAÚ DEB INC PRÉ TARGET 2028 III FIIF EM INFRAESTR RF CREDITO PRIVADO - RESPONSABILIDADE LIMITADA,IAM,2024-04-01,28,202603,2026-08-04,251097168,243787466,243787466,0.8799,214517718,213646931,212520911,0.85,0.85,0.85,0,0,0,1,0,0
54954879000130,ITAÚ DEBÊNTURES INCENTIVADAS PRÉ TARGET 2030 II FIF INCENTIVADO EM INFRA RF CRED PRIV RESP LIMITADA,IAM,2025-07-01,13,202603,2026-08-04,128597738,125947602,125947602,0.7404,93248939,93122736,92856364,0.67,0.67,0.85,0,0,14199097,1,0,0
58437495000109,RIZA EVORA DEBÊNTURES INCENT FUNDO INCENT DE INVESTIMENTO FINANCEIRO EM INFRAESTRUTURA RENDA FIXA,Riza,2025-01-01,19,202603,2026-08-04,406420847,486827060,406420847,1.0856,441225925,438103100,434327330,0.67,0.85,0.85,0,0,0,1,0,0
51604570000121,ITAÚ DEBÊNTURES INCENTIVADAS II FIF INCENTIVADO INFRA RF CRED PRIV - RESP LIMITADA,IAM,2023-08-01,36,202603,2026-08-04,267146870,340985220,267146870,1.233,329384912,328329778,326277637,0.85,0.85,0.85,0,0,0,1,0,0
52248139000152,CAPITANIA INFRA RENDA 90 FUNDO INCENTIVADO DE INVESTIMENTO EM INFRAESTRUTURA RENDA FIXA CRÉDITO PRIV,Capitânia,2023-09-01,35,202603,2026-08-04,519365908,542461567,519365908,0.9327,484435767,473147829,456130038,0.85,0.85,0.85,0,0,0,1,0,0
41594289000100,JGP DEBÊNTURES INCENTIVADAS JUROS REAIS MASTER FIF INCENTIVADO DE INVEST EM INFRA RENDA FIXA - RL,JGP,2023-01-01,43,202603,2026-08-04,278911837,281654851,278911837,0.9026,251736562,247578845,243242502,0.85,0.85,0.85,0,0,0,0,0,0
61543507000186,VINLAND 2 FI INCENTIVADO EM DEB DE INFRA ATIVO FIF RF CRED PRIV LP RESPONSABILIDADE LIMITADA,Vinland,2025-08-01,12,202603,2026-08-04,117553859,362723599,117553859,2.9492,346690935,341817938,337080477,0.67,0.67,0.85,0,0,0,0,0,0
47102746000170,BTG INFRA MASTER II FUNDO INCENTIVADO DE INVESTIMENTO EM INFRAESTRUTURA RENDA FIXA,BTG Asset,2023-01-01,43,202603,2026-08-04,1078156490,1121327793,1078156490,0.8842,953335927,926232371,903517515,0.85,0.85,0.85,0,0,12915502,0,0,0
60742819000156,SANTANDER PB QR INVESTIMENTO EM INFRA RF - FIF RESP LIMITADA,San WM,2025-06-01,14,202603,2026-08-04,304212486,294453838,294453838,0.7102,209112105,208892224,208680695,0.67,0.67,0.85,0,0,41605067,1,0,0
53766005000196,SPARTA INFRA CDI MASTER IV FUNDO INCENTIVADO DE INVESTIMENTO EM INFRAESTRUTURA RENDA FIXA,Sparta,2024-03-01,29,202603,2026-08-04,240186335,240591661,240186335,0.8651,207779101,206045631,201258004,0.85,0.85,0.85,0,0,2900381,0,0,0
63988597000144,SANTANDER FUNDO INCENTIVADO INFLAÇÃO PROJETOS DE INV EM INFRA RF CRÉD PRIVADO - FIF RESP LIMITADA,SAM,2026-01-01,7,202603,2026-08-04,283339306,306948757,283339306,1.0212,289334943,284187286,275522600,0.67,0.67,0.67,0,0,0,0,0,0
52305889000119,JGP DEB INCENT JUROS REAIS CONSERV FIF INCENT DE INV EM INFRA RF -RL,JGP,2023-09-01,35,202603,2026-08-04,161384326,180643457,161384326,0.9801,158177674,157002673,155762869,0.85,0.85,0.85,0,0,0,0,0,0
61803239000194,DOMUS VI DEBENTURES INCENTIVADAS FUNDO DE INVESTIMENTO FINANCEIRO EM INFRAESTRUTURA RENDA FIXA,BTG WM,2025-07-01,13,202603,2026-08-04,61079923,60900149,60900149,0.6941,42269400,42158488,41767209,0.67,0.67,0.85,0,0,9997917,0,0,0
62414689000158,JOSEFRIOLI FIF FUNDO INCENTIVADO EM INVESTIMENTO EM DEBÊNTURES DE INFRA RF CRED PRIV RESP LIMITADA,IAM,2025-10-01,10,202603,2026-08-04,110819444,107462557,107462557,0.6722,72239554,72031738,71726139,0.67,0.67,0.67,0,0,273774,1,0,0
62323295000194,ALMA FIF - CI RF INCENTIVADO DE INVESTIMENTO EM INFRA - RESPONSABILIDADE LIMITADA,BRAM,2025-09-01,11,202603,2026-08-04,107150907,106282712,106282712,0.6793,72198860,72181018,71839210,0.67,0.67,0.67,0,0,0,0,0,0
61803360000116,AMAÍ FUNDO INCENTIVADO DE INVESTIMENTO FINANCEIRO EM INFRAESTRUTURA RENDA FIXA,BTG WM,2025-07-01,13,202603,2026-08-04,90597569,89935795,89935795,0.7872,70800620,70075628,69438556,0.67,0.67,0.85,0,0,7006870,0,0,0
55088856000152,PEROLAS FIF - CLASSE DE  INVESTIMENTO RF INCENTIVADO INVESTIMENTO EM INFRA  - RESP LIMITADA,BTG WM,2024-06-01,26,202603,2026-08-04,192482658,221130501,192482658,0.9109,175334555,173961553,173440218,0.85,0.85,0.85,0,0,0,0,0,0
46438863000146,ITAÚ CONSULT DEB INCENTIVADAS CDI FUNDO INC DE INV FINANCEIRO INFRA RF CRÉD PRIV - RESP LIMITADA,IAM,2023-01-01,43,202603,2026-08-04,173548225,183768594,173548225,0.967,167826382,166687987,165362702,0.85,0.85,0.85,0,0,0,1,0,0
57834063000160,ICATU VANGUARDA PVT CDI FIF CLASSE DE INVESTIMENTO INCENTIVADO EM INFRA RF - RESP LIMITADA,Icatu,2024-11-01,21,202603,2026-08-04,178190154,207793970,178190154,0.9789,174438422,172909652,171203240,0.67,0.85,0.85,0,0,0,1,0,0
59163409000171,UBS EVOLUTION BROW FUNDO DE INVESTIMENTO EM INFRAESTRUTURA -RENDA FIXA CREDITO PRIVADO RESP LIMITADA,UBS,2025-05-01,15,202603,2026-08-04,84911663,84748505,84748505,0.7179,60844344,60757259,60447359,0.67,0.67,0.85,0,0,11588870,0,0,0
46479870000196,ITAÚ DEB INCENTIVADAS PRÉ TARGET 2028 IV FIF INCENTIVADO EM INFRA RF CRÉD PRIV RESP LIMITADA,IAM,2024-07-01,25,202603,2026-08-04,158963102,154383222,154383222,0.862,133073730,132550968,131710206,0.85,0.85,0.85,0,0,0,1,0,0
61390439000162,ELITEBSV FIF FUNDO INCENTIVADO EM INVESTIMENTO EM DEB DE INFRA RF CRED PRIV RESP LIMITADA,IAM,2025-08-01,12,202603,2026-08-04,119469941,116420450,116420450,0.7117,82857511,82582817,82251998,0.67,0.67,0.85,0,0,16705385,1,0,0
60784769000170,INFRACHAI FIF FUNDO INCENTIVADO EM INVESTIMENTO EM DEB DE INFRA RF CRED PRIV RESP LIMITADA,IAM,2025-05-01,15,202603,2026-08-04,76417431,75654875,75654875,0.682,51593545,51467376,51334167,0.67,0.67,0.85,0,0,12972477,0,0,0
55477809000109,JGP CRÉDITO INFRA MASTER II FUNDO INCENTIVADO DE INVEST INFRA RENDA FIXA RESPONSABILIDADE LIMITADA,JGP,2024-06-01,26,202603,2026-08-04,301795657,300327351,300327351,0.8926,268073182,264339494,259634799,0.85,0.85,0.85,0,0,0,0,0,0
46474477000100,ITAÚ PRIVATE DEB INCENTIVADAS PRÉ II TARGET 2027 FIF INCENTIVADO DE INV INFRA RF CP - RESP LTDA,IAM,2023-01-01,43,202603,2026-08-04,146521893,141976710,141976710,0.8618,122349387,121552982,120517442,0.85,0.85,0.85,0,0,162762,1,0,0
50290023000156,CARIRI FUNDO INCENTIVADO DE INVESTIMENTO FINANCEIRO EM INFRAESTRUTURA RENDA FIXA,BTG WM,2023-09-01,35,202603,2026-08-04,47734872,36206524,36206524,0.86,31136521,30807143,30628226,0.85,0.85,0.85,0,0,147319,0,0,0
53359596000187,HART FUNDO INCENTIVADO DE INVESTIMENTO EM INFRA RENDA FIXA - CRÉD PRIV RESPONSABILIDADE LIMITADA,Scalare,2024-01-01,31,202603,2026-08-04,487888065,490045981,487888065,0.8807,429669022,427493367,425221872,0.85,0.85,0.85,0,0,0,0,0,0
60075657000140,ITAÚ GLOBAL DINÂMICO INFRA FIIF EM INFRAESTRUTURA RENDA FIXA CRÉDITO PRIVADO RESP LIMITADA,IAM,2025-07-01,13,202603,2026-08-04,99359591,121471355,99359591,0.9965,99009719,98531844,97783325,0.67,0.67,0.85,0,0,0,1,0,0
61761100000125,BOSSA BRASIL FUNDO INCENTIVADO DE INVESTIMENTO FINANCEIRO EM INFRAESTRUTURA RENDA FIXA,BTG WM,2025-07-01,13,202603,2026-08-04,76043071,75498731,75498731,0.7772,58674581,58066352,57529758,0.67,0.67,0.85,0,0,6644163,0,0,0
60500481000126,SANTANDER PB INVESTIMENTO EM INFRA CDI RF - FIF RESP LIMITADA,San WM,2025-06-01,14,202603,2026-08-04,462695109,460327128,460327128,0.7927,364920821,364427190,363961350,0.67,0.67,0.85,0,0,27316708,0,0,0
54518925000158,IBIUNA CREDIT MASTER FIF - CI RF INCENTIVADO INVESTIMENTO EM INFRAESTRUTURA RESP LIMITADA,Ibuina,2024-04-01,28,202603,2026-08-04,765661832,1254838356,765661832,1.6399,1255586630,1243355638,1231689618,0.85,0.85,0.85,0,0,0,1,0,0
32864267000113,ITAÚ FUNDO INCENTIVADO DE INVESTIMENTO FINANCEIRO EM INF RF CRÉD PRIVADO - RESP LIMITADA,IAM,2023-01-01,43,202603,2026-08-04,951465938,965109786,951465938,0.889,845895519,838287926,828384119,0.85,0.85,0.85,0,0,0,1,0,0
61583519000134,MIAMI 4 FIF - CLASSE DE INVESTIMENTO RF INCENTIVADO DE INVESTIMENTO EM INFRAESTRUTURA,BRAM,2025-07-01,13,202603,2026-08-04,265845759,254873788,254873788,0.6921,176398132,176268923,175909307,0.67,0.67,0.85,0,0,40733412,0,0,0
50861003000198,ABSOLUTE HIKER FIF FUNDO INCENTIVADO EM INVESTIMENTO EM DEB DE INFRA RF CRÉD PRIV LP RESP LIMITADA,Absolute,2023-07-01,37,202603,2026-08-04,186388791,223769389,186388791,1.2024,224106330,222832148,219773092,0.85,0.85,0.85,0,0,0,1,0,0
53316565000149,ORO INFRA FUNDO INCENTIVADO DE INVEST EM INFRA RENDA FIXA CRÉDITO PRIVADO RESPONSABILIDADE LIMITADA,Scalare,2024-01-01,31,202603,2026-08-04,703399702,708359825,703399702,0.8664,609404492,600404236,589664746,0.85,0.85,0.85,0,0,8225001,1,0,0
41394902000137,UBS EVOLUTION MASTER PORTFOLIO CRÉD PRIV FUNDO INCENTIVADO DE INVESTIMENTO EM INFRA RF RESP LIMITADA,UBS,2023-01-01,43,202603,2026-08-04,335909823,344315734,335909823,0.877,294608521,291113969,285316550,0.85,0.85,0.85,0,0,206800,1,0,0
61989479000125,MONTE CORCOVADO FIF - CLASSE DE INVESTIMENTO RF INCENTIVADO DE INVESTIMENTO EM INFRAESTRUTURA,BRAM,2025-08-01,12,202603,2026-08-04,65280433,67750837,65280433,0.7304,47678430,47624031,47552747,0.67,0.67,0.85,0,0,7935621,0,0,0
61418417000163,ORANGE FIF - CLASSE DE INVESTIMENTO RF INCENTIVADO DE INVESTIMENTO EM INFRA - RESP LIMITADA,BRAM,2025-08-01,12,202603,2026-08-04,122062413,120652867,120652867,0.6878,82982723,82953576,82155427,0.67,0.67,0.85,0,0,20399509,1,0,0
59818611000194,BB VIVARE INFRA RENDA FIXA FUNDO INCENTIVADO DE INVESTIMENTO FINANCEIRO EM INFRAESTRUTURA RESP LIIM,BB Asset,2025-06-01,14,202603,2026-08-04,124042730,122051632,122051632,0.6935,84648515,84502458,84435559,0.67,0.67,0.85,0,0,19308329,0,0,0
53553233000188,SANTANDER MAKTOUB INVESTIMENTO EM INFRAESTRUTURA RF FIF RESP LIMITADA,San WM,2024-02-01,30,202603,2026-08-04,463225214,449284964,449284964,0.8523,382936922,382245802,380971711,0.85,0.85,0.85,0,0,920508,0,0,0
55213551000125,ITAÚ FUNDO INCENTIVADO DE INVESTIMENTO FINANCEIRO INFRA III RF CRED PRIV - RESP LIMITADA,IAM,2024-06-01,26,202603,2026-08-04,535689628,552042220,535689628,0.9404,503741468,499236423,494366424,0.85,0.85,0.85,0,0,0,1,0,0
53203274000144,TRIGONO DEBENTURES INCENT MASTER FI EM INFRA RENDA FIXA CRÉDITO PRIVADO RESPONSABILIDADE LIMITADA,Trígono,2024-02-01,30,202603,2026-08-04,16967780,35756450,16967780,2.0921,35497973,35164972,33423381,0.85,0.85,0.85,0,0,0,0,0,0
62644763000122,SAMPA FUNDO INCENTIVADO DE INVESTIMENTO FINANCEIRO EM INFRAESTRUTURA RENDA FIXA,BTG WM,2025-09-01,11,202603,2026-08-04,20096321,20656697,20096321,0.7296,14662964,14610100,14512028,0.67,0.67,0.67,0,0,0,0,0,0
60502894000140,SANTANDER PB TALLINN INVESTIMENTO EM INFRA RF - FIF RESP LIMITADA,San WM,2025-05-01,15,202603,2026-08-04,80345092,77693799,77693799,0.6832,53080356,52893667,52670957,0.67,0.67,0.85,0,0,13368772,1,0,0
59412648000118,SANTANDER PB RICCHEZZA A INVESTIMENTO EM INFRAESTRUTURA RENDA FIXA - FIF RESP LIMITADA,San WM,2025-03-01,17,202603,2026-08-04,184681652,180810514,180810514,0.716,129461187,129300886,129158445,0.67,0.67,0.85,0,0,24530492,0,0,0
55632270000107,RUBIK DEBENTURES INCENTIVADAS FUNDO DE INVESTIMENTO EM INFRAESTRUTURA RENDA FIXA,Rubik,2024-07-01,25,202603,2026-08-04,21166624,52667847,21166624,1.6941,35859007,35556188,34347502,0.85,0.85,0.85,0,0,0,1,0,0
42195828000192,TOP 6973 KINEA FUNDO DE INV FINANCEIRO FUNDO INCENTIVADO EM INV EM DEB INFRA RF CP RESP LIMITADA,Kinea,2023-01-01,43,202603,2026-08-04,325763464,325114909,325114909,0.8717,283410715,278569036,274049304,0.85,0.85,0.85,0,0,2298369,0,0,0
61271154000102,PGRE FIF - CLASSE DE INVESTIMENTO RF INCENTIVADO DE INVESTIMENTO EM INFRA,BRAM,2025-07-01,13,202603,2026-08-04,110885470,109849712,109849712,0.7348,80720565,80706473,80691374,0.67,0.67,0.85,0,0,12680882,0,0,0
41163523000136,DPB INFRA FUNDO INCENTIVADO DE INVESTIMENTO FINANCEIRO EM INFRAESTRUTURA RENDA FIXA,BTG WM,2023-01-01,43,202603,2026-08-04,355717326,352929250,352929250,0.8808,310848126,308933381,303234063,0.85,0.85,0.85,0,0,0,0,0,0
62876658000119,SANTANDER PB PAMPA GAÚCHO INVESTIMENTO EM INFRAESTRUTURA RF - FIF RESP LIMITADA,San WM,2025-12-01,8,202603,2026-08-04,123693372,138844599,123693372,0.7331,90677559,90549692,90434267,0.67,0.67,0.67,0,0,0,1,0,0
57249502000178,MEDEIROS FIF  - FUNDO INCENTIVADO EM INVESTIMENTO EM DEB DE INFRA RENDA FIXA CRED PRIV RESP LIMITADA,IAM,2024-10-01,22,202603,2026-08-04,91146314,110252691,91146314,1.255,114388599,113976355,113282083,0.67,0.85,0.85,0,0,0,1,0,0
61350794000108,ITAÚ 0306 FIF FUNDO INCENTIVADO EM INVESTIMENTO EM DEBÊNTURES DE INFRA RF CRED PRIV RESP LIMITADA,IAM,2025-06-01,14,202603,2026-08-04,49980299,50518222,49980299,0.77,38482384,38392512,38297327,0.67,0.67,0.85,0,0,4185928,0,0,0
62356314000189,MULTIPLIC FUNDO INCENTIVADO DE INVESTIMENTO FINANCEIRO EM INFRAESTRUTURA RENDA FIXA,BTG WM,2025-09-01,11,202603,2026-08-04,38731963,47546273,38731963,0.8645,33484133,33069709,32285763,0.67,0.67,0.67,0,0,0,0,0,0
62355956000163,ORION FUNDO INCENTIVADO DE INVESTIMENTO FINANCEIRO EM INFRAESTRUTURA  RENDA FIXA,BTG WM,2025-09-01,11,202603,2026-08-04,38816696,47629933,38816696,0.8639,33535572,33120988,32336729,0.67,0.67,0.67,0,0,0,0,0,0
59672854000167,YVY CAPITAL II FUNDO INCENTIVADO DE INVESTIMENTO FINANCEIRO EM INFRAESTRUTURA RENDA FIXA,YVY,2025-03-01,17,202603,2026-08-04,190070148,186801375,186801375,0.7024,131208584,130788430,129887201,0.67,0.67,0.85,0,0,28893967,0,0,0
59511583000168,SANTANDER PB RICCHEZZA C INVESTIMENTO EM INFRAESTRUTURA RENDA FIXA - FIF RESP LIMITADA,San WM,2025-03-01,17,202603,2026-08-04,173224927,169987678,169987678,0.723,122908001,122755976,122620963,0.67,0.67,0.85,0,0,21868562,0,0,0
61885649000121,ARTEMIS FUNDO INCENTIVADO DE INVESTIMENTO FINANCEIRO EM INFRAESTRUTURA RENDA FIXA,BTG WM,2025-07-01,13,202603,2026-08-04,54879432,50592576,50592576,0.7435,37617863,37475837,37282539,0.67,0.67,0.85,0,0,5721150,0,0,0
58578837000100,JGP CRÉDITO INFRA MASTER III FUNDO INCENTIVADO DE INVEST EM INFRA RENDA FIXA RESP LIMITADA,JGP,2025-01-01,19,202603,2026-08-04,74191886,73650337,73650337,0.8819,64952630,64066500,63335879,0.67,0.85,0.85,0,0,0,0,0,0
61971270000134,CRICA FUNDO INCENTIVADO DE INVESTIMENTO FINANCEIRO EM INFRAESTRUTURA RENDA FIXA,BTG WM,2025-08-01,12,202603,2026-08-04,77992840,77348216,77348216,0.7638,59076967,58759765,57953169,0.67,0.67,0.85,0,0,7792815,0,0,0
49289104000157,JGP CRÉDITO INFRA MASTER I FIF INCENTIVADO DE INVESTIMENTO EM INFRAESTRUTURA RENDA FIXA - RESP LTDA,JGP,2023-03-01,41,202603,2026-08-04,363825652,366698463,363825652,0.9333,339549785,334180240,327784488,0.85,0.85,0.85,0,0,0,0,0,0
58002209000174,SPARTA E FUNDO INCENTIVADO DE INVESTIMENTO FINANCEIRO EM INFRAESTRUTURA RENDA FIXA,Sparta,2025-01-01,19,202603,2026-08-04,35941584,37523417,35941584,0.9007,32371276,31275799,29233429,0.67,0.85,0.85,0,0,1316918,1,0,0
41853314000114,EPM FIF FUNDO INCENTIVADO EM INVESTIMENTO EM DEBÊNTURES DE INFRAESTRUTURA RF CRÉD PRIV RESP LIMITADA,IAM,2023-01-01,43,202603,2026-08-04,131840626,139935743,131840626,0.9721,128167817,126839124,125652576,0.85,0.85,0.85,0,0,0,1,0,0
51697128000197,BTG PACTUAL HEDGE FUNDO INCENTIVADO DE INVESTIMENTO FINANCEIRO EM INFRAESTRUTURA RENDA FIXA,BTG Asset,2023-08-01,36,202603,2026-08-04,400033841,483543086,400033841,0.9191,367688762,364303019,357961291,0.85,0.85,0.85,0,0,0,1,0,0
61108069000128,SAGITARIUS FIF FUNDO INCENTIVADO EM INVESTIMENTO EM DEB DE INFRA RF CRÉD PRIV RESP LIMITADA,IAM,2025-06-01,14,202603,2026-08-04,193852204,196991027,193852204,0.7459,144588743,138520441,131798836,0.67,0.67,0.85,0,0,32975537,1,0,0
35377709000195,PSN KINEA FIF FUNDO INCENTIVADO EM INVESTIMENTO EM DEB DE INFRA RF CP RESP LIMITADA,Kinea,2023-01-01,43,202603,2026-08-04,138682892,138345389,138345389,0.867,119941602,117846009,115859215,0.85,0.85,0.85,0,0,1734366,0,0,0
48133419000148,ITAÚ PRIVATE DEB INCENTIVADAS PRÉ III TARGET 2027 FUNDO INC DE INV FINANCEIRO  INFRA RF - RESP LTDA,IAM,2023-01-01,43,202603,2026-08-04,92381848,89578130,89578130,0.8614,77162581,76635411,75973087,0.85,0.85,0.85,0,0,168324,1,0,0
62751113000186,SANTANDER PB JCS EXCLUSIVE INVESTIMENTO EM INFRAESTRUTURA RENDA FIXA - FIF RESP LIMITADA,San WM,2025-09-01,11,202603,2026-08-04,54442289,52977290,52977290,0.6854,36312661,36274580,36242594,0.67,0.67,0.67,0,0,0,0,0,0
46573364000161,RAMA FUNDO DE INVESTIMENTO FINANCEIRO RENDA FIXA,BTG WM,2023-09-01,35,202603,2026-08-04,179265754,177658193,177658193,0.8615,153061115,151451780,148867333,0.85,0.85,0.85,0,0,2142131,1,0,0
59194839000150,UBS EVOLUTION JEQUITIBA ROSA I FUNDO DE INVESTIMENTO EM INFRAESTRUTURA - RF CRED PRIV RESP LIMITADA,UBS,2025-09-01,11,202603,2026-08-04,40990353,40740479,40740479,0.7215,29394480,29263021,28960946,0.67,0.67,0.67,0,0,0,1,0,0
53623608000139,MAKTOUB ITAÚ CDI FIF - FUNDO INCENTIVADO EM INVESTIMENTO DEB INFRA RF CRED PRIV - RESP LIMITADA,IAM,2024-02-01,30,202603,2026-08-04,97958403,94904853,94904853,0.861,81715850,81255507,80661316,0.85,0.85,0.85,0,0,7809,1,0,0
54584477000190,JGP ROKA ANDES FI FINANCEIRO RENDA FIXA INVEST EM INFRAESTRUTURA CRÉDITO PRIVADO - RESP LIMITADA,JGP,2024-05-01,27,202603,2026-08-04,109510043,107494662,107494662,0.8772,94289137,93082308,91653147,0.85,0.85,0.85,0,0,0,0,0,0
51507955000170,APOLLO FUNDO INCENTIVADO DE INVESTIMENTO FINANCEIRO EM INFRAESTRUTURA RENDA FIXA,BTG WM,2023-07-01,37,202603,2026-08-04,73490812,70263860,70263860,0.8832,62055013,60227548,58544554,0.85,0.85,0.85,0,0,1179727,0,0,0
61651255000109,ITAÚ DEBÊNTURES INCENTIVADAS CDI FEEDER I FIF INCENTIVADO EM INFRA RF CRED PRIV RESP LIMITADA,IAM,2025-08-01,12,202603,2026-08-04,54771480,53132093,53132093,0.6856,36424863,36337491,36181730,0.67,0.67,0.85,0,0,8980550,1,0,0
64713709000117,COCOROL FIF INVESTIMENTO EM INFRAESTRUTURA CLASSE DE INVESTIMENTO EM INFRA RENDA FIXA RESP LIMITADA,Lakewood,2026-02-01,6,202603,2026-08-04,48080627,47935764,47935764,0.7438,35656528,35478451,35285534,0.67,0.67,0.67,0,0,0,0,0,0
59714471000104,CAPITÂNIA INFRA YIELD MASTER FUNDO INCENTIVADO DE INVESTIMENTO FINANCEIRO EM INFRA RENDA FIXA,Capitânia,2025-03-01,17,202603,2026-08-04,187613183,188492709,187613183,0.7073,132689459,128311371,123290031,0.67,0.67,0.85,0,0,36181174,1,0,0
62199705000137,M SPARTA DEBENTURES INCENTIVADAS FUNDO INCENTIVADO DE INVESTIMENTO FINANCEIRO EM INFRA RENDA FIXA,Sparta,2025-08-01,12,202603,2026-08-04,47647338,50705160,47647338,0.7265,34618171,33556394,31457095,0.67,0.67,0.85,0,0,9043142,1,0,0
40101519000180,GDI KINEA FIF FUNDO INCENTIVADO EM INVESTIMENTO EM DEB DE INFRA RF CRÉD PRIV RESP LIMITADA,Kinea,2023-01-01,43,202603,2026-08-04,126232074,125864457,125864457,0.8652,108901087,107038816,105220150,0.85,0.85,0.85,0,0,1764639,0,0,0
59587336000145,A1 INCENTIVADO FIF FUNDO INCENTIVADO EM INVESTIMENTO EM DEB DE INFRA RF CRÉD PRIV RESP LIMITADA,Asset 1,2025-02-01,18,202603,2026-08-04,92305481,110269116,92305481,0.9615,88753190,88339585,87633034,0.67,0.85,0.85,0,0,0,1,0,0
61333263000107,SANTANDER PB GAL PORTO II INVESTIMENTO EM INFRA RENDA FIXA - FIF RESP LIMITADA,San WM,2025-08-01,12,202603,2026-08-04,78422267,75974592,75974592,0.713,54171207,53639972,53029707,0.67,0.67,0.85,0,0,11548696,1,0,0
58054338000106,RFT DANUBIO DEBENTURES INCENTIVADAS FIF - CI RF INCENT DE INVEST EM INFRA - RESP LIMITADA,Rafter,2024-12-01,20,202603,2026-08-04,94842903,105280920,94842903,0.8539,80983923,80932764,80357346,0.67,0.85,0.85,0,0,259122,0,0,0
57046745000109,ABSOLUTE HIDRA CDI PLUS MASTER FUNDO INCENTIVADO DE INVESTIMENTO EM INFRAESTRUTURA RENDA FIXA,Absolute,2024-09-01,23,202603,2026-08-04,185488094,722910006,185488094,6.1974,1149545367,1144454045,1129687910,0.67,0.85,0.85,0,0,0,1,0,0
53969799000195,JACARAÍPE CDI FIF -  FUNDO INCENTIVADO EM INVESTIMENTO DEB INFRA RF CRED PRIV - RESP LIMITADA,IAM,2024-03-01,29,202603,2026-08-04,80278530,77848673,77848673,0.8977,69883374,69577115,69173099,0.85,0.85,0.85,0,0,0,1,0,0
61926290000193,ARATU FIF FI INCENTIVADO EM DEBÊNTURES DE INFRA RF CRED PRIV RESP LIMITADA,IAM,2025-08-01,12,202603,2026-08-04,73124355,70860355,70860355,0.6941,49182575,48901990,48599937,0.67,0.67,0.85,0,0,11631365,1,0,0
58707733000140,DES AROEIRA INFLAÇÃO FIF FUNDO INCENTIVADO EM INVESTIMENTO EM DEB INFRA RF CRED PRIV RESP LIMITADA,IAM,2025-03-01,17,202603,2026-08-04,79932376,79184038,79184038,0.7352,58214766,58042041,57706844,0.67,0.67,0.85,0,0,9599588,1,0,0
47730898000117,FVI DEBÊNTURES INCENTIVADAS MASTER FUNDO INCENTIVADO DE INVESTIMENTO FINANCEIRO EM INFRA RENDA FIXA,AZ Quest,2023-01-01,43,202603,2026-08-04,98650632,104916025,98650632,0.9545,94164420,93073774,90359274,0.85,0.85,0.85,0,0,0,0,0,0
27880363000115,MONTE ALEGRE FIF FUNDO INCENTIVADO EM INVESTIMENTO EM DEB DE INFRA RF CRED PRIV RESP LIMITADA,IAM,2023-01-01,43,202603,2026-08-04,94658220,93935990,93935990,0.8739,82089559,81019191,80167616,0.85,0.85,0.85,0,0,0,0,0,0
30521681000102,PEDRA AZUL FIF FUNDO INCENTIVADO EM INVESTIMENTO EM DEBÊNTURES DE INFRA RF CRED PRIV RESP LIMITADA,IAM,2023-01-01,43,202603,2026-08-04,84957456,84807279,84807279,0.87,73781723,72956718,71948551,0.85,0.85,0.85,0,0,137636,1,0,0
54779598000198,MARIA FLOR FIF - FUNDO INCENTIVADO EM INVESTIMENTO EM DEB DE INFRA RF CRÉD PRIV - RESP LIMITADA,IAM,2024-05-01,27,202603,2026-08-04,80177190,83405939,80177190,0.8586,68844140,68460603,67999284,0.85,0.85,0.85,0,0,151328,1,0,0
61834984000109,BB VORTEX INFRA RF FUNDO INCENTIVADO DE INVESTIMENTO FINANCEIRO EM INFRAESTRUTURA RESP LIMITADA,BB Asset,2025-08-01,12,202603,2026-08-04,33571756,32982912,32982912,0.6718,22157979,22157979,22157979,0.67,0.67,0.85,0,0,5877496,0,0,0
35700232000137,MG2 INF FIF FUNDO INCENTIVADO EM INVESTIMENTO EM DEB DE INFRA RENDA FIXA CRÉD PRIV RESP LIMITADA,Kinea,2023-01-01,43,202603,2026-08-04,158608668,158353898,158353898,0.8798,139327499,136975203,134773070,0.85,0.85,0.85,0,0,0,0,0,0
54252360000100,MERCADO PAGO NIKOS FUNDO INCENTIVADO DE INVESTIMENTO EM INFRAESTRUTURA RENDA FIXA,Nikos,2024-03-01,29,202603,2026-08-04,120997108,186677108,120997108,1.649,199518320,195598626,190896127,0.85,0.85,0.85,0,0,0,1,0,0
60450321000110,ITAÚ CONSULT DEBÊNTURES INCENTIVADAS IPCA 2035 FIF INCENTIVADO EM INFRA RF CRÉD PRIV RESP LIMITADA,IAM,2025-04-01,16,202603,2026-08-04,69889568,70075180,69889568,0.7417,51837751,51725062,51554251,0.67,0.67,0.85,0,0,7851882,1,0,0
62727978000107,BB PE INFRA RENDA FIXA FUNDO INCENTIVADO DE INVESTIMENTO FINANCEIRO EM INFRAESTRUTURA RESP LIMITADA,BB Asset,2025-10-01,10,202603,2026-08-04,63203886,62120758,62120758,0.6712,41697526,41652697,40820860,0.67,0.67,0.67,0,0,800048,0,0,0
52984744000191,CS EVOLUTION PLATINUS II FUNDO DE INVESTIMENTO EM INFRAESTRUTURA -RENDA FIXA CRÉD PRIV RESP LIMITADA,UBS,2024-02-01,30,202603,2026-08-04,130843226,128454994,128454994,0.8527,109536507,109194206,108677075,0.85,0.85,0.85,0,0,509669,1,0,0
42154270000105,CONDE KINEA FUNDO DE INV FINANCEIRO FUNDO INCENTIVADO EM INV EM DEB INFRA RF CP RESP LIMITADA,Kinea,2023-01-01,43,202603,2026-08-04,105453163,110161384,105453163,0.8999,94896135,93356316,91843766,0.85,0.85,0.85,0,0,0,0,0,0
60532515000164,ARGENT FIF - CI RF INCENTIVADO DE INVESTIMENTO EM INFRAESTRUTURA - RESP LIMITADA,BRAM,2025-05-01,15,202603,2026-08-04,56972691,56285996,56285996,0.7709,43389921,42888707,40147391,0.67,0.67,0.85,0,0,7695705,0,0,0
42447197000151,GAL CAFÉ 2 FIF INV EM INFRAESTRUTURA CLASSE DE INV EM INFRA RENDA FIXA RESP LIMITADA,Safra Asset,2024-02-01,30,202603,2026-08-04,69825509,89960292,69825509,1.1243,78504592,78318054,77001700,0.85,0.85,0.85,0,0,0,0,0,0
55231454000165,SILVER LAKE III DEBÊNTURES INCENTIVADAS FUNDO INCENTIVADO DE INVEST FINANCEIRO EM INFRA RENDA FIXA,BTG WM,2024-06-01,26,202603,2026-08-04,89749621,106205356,89749621,0.8963,80439052,79456484,78040870,0.85,0.85,0.85,0,0,0,1,0,0
57173714000119,AVIÃO V FUNDO INCENTIVADO DE INVESTIMENTO FINANCEIRO EM INFRAESTRUTURA RENDA FIXA,BTG WM,2024-10-01,22,202603,2026-08-04,50640720,64726955,50640720,0.9779,49523846,49356199,49188552,0.67,0.85,0.85,0,0,0,0,0,0
60978192000137,VINCHIARE CDI FUNDO INCENTIVADO DE INVESTIMENTO FINANCEIRO EM INFRAESTRUTURA RENDA FIXA,BTG WM,2025-05-01,15,202603,2026-08-04,53779368,52301695,52301695,0.7113,37203617,37019662,36688831,0.67,0.67,0.85,0,0,7767609,0,0,0
61541353000193,ITANHANDU FIF FUNDO INCENTIVADO EM INVESTIMENTO EM DEBÊNTURES DE INFRA RF CRED PRIV RESP LIMITADA,IAM,2025-08-01,12,202603,2026-08-04,47549417,47030648,47030648,0.6768,31832438,31790689,31694959,0.67,0.67,0.85,0,0,8281092,0,0,0
59163342000175,UBS EVOLUTION DOURO FUNDO DE INVESTIMENTO EM INFRAESTRUTURA - RENDA FIXA CRED PRIVA RESP LIMITADA,UBS,2025-05-01,15,202603,2026-08-04,38710604,38308863,38308863,0.6829,26159924,26080248,25885945,0.67,0.67,0.85,0,0,6676588,1,0,0
61140498000182,BB ARTEMIS INFRA RENDA FIXA FUNDO INCENTIVADO DE INVESTIMENTO FINANCEIRO EM INFRAESTRUTURA RESP LIM,BB Asset,2025-06-01,14,202603,2026-08-04,66276747,50069852,50069852,0.7122,35660353,35597932,33841931,0.67,0.67,0.85,0,0,8717443,0,0,0
59904332000143,BOCOM BBM INFRA CDI FIF - CLASSE DE INVESTIMENTO RF INCENTIVADO EM INFRA - RESP LIMITADA,BBM Asset,2025-04-01,16,202603,2026-08-04,74558372,74128049,74128049,0.7476,55420210,54969721,53985159,0.67,0.67,0.85,0,0,9023682,1,0,0
42420740000127,M&M 2 FIF INVESTIMENTO EM INFRA CI EM RENDA FIXA EM INFRAESTRUTURA RESPONSABILIDADE LIMITADA,Safra Asset,2024-06-01,26,202603,2026-08-04,85708393,83456665,83456665,0.871,72692797,72606928,72521058,0.85,0.85,0.85,0,0,0,0,0,0
60675392000110,FORTE FIF - CLASSE DE INVESTIMENTO RF INCENTIVADO DE INVESTIMENTO EM INFRA,BRAM,2025-05-01,15,202603,2026-08-04,92502931,97111356,92502931,0.8641,79933101,79912974,79674138,0.67,0.67,0.85,0,0,0,0,0,0
53635550000143,MAKTOUB FIF - CLASSE DE INVESTIMENTO RF CDI INCENTIVADO DE INVESTIMENTO EM INFRAESTRUTURA,BRAM,2024-02-01,30,202603,2026-08-04,137794365,142001659,137794365,1.1125,153299754,153105233,152749796,0.85,0.85,0.85,0,0,0,0,0,0
58691085000181,TMALTA FIF INV EM INFRAESTRUTURA CLASSE  DE INVEST EM INFRAESTRUTURA RENDA FIXA RESP LIMITADA,Safra Asset,2025-07-01,13,202603,2026-08-04,48895213,44196741,44196741,0.6754,29848434,29818789,29818789,0.67,0.67,0.85,0,0,7748440,0,0,0
60456463000194,BRP DCP FIF - CI RF INCENTIVADO DE INVESTIMENTO EM INFRA - RESP LIMITADA,BR Partners,2025-05-01,15,202603,2026-08-04,40137784,39637198,39637198,0.6931,27471775,27205339,27004996,0.67,0.67,0.85,0,0,6686622,1,0,0
55751956000117,BB TONY BOY INFRA RF FUNDO INCENTIVADO DE  INVESTIMENTO FINANCEIRO EM INFRAESTRUTURA RESP LIMITADA,BB Asset,2024-11-01,21,202603,2026-08-04,70174827,69282522,69282522,0.8945,61975217,61712437,61257313,0.67,0.85,0.85,0,0,0,0,0,0
58542057000100,ARER FUNDO DE INVESTIMENTO FINANCEIRO  INV EM INFRAESTRUTURA CI EM INFRA RENDA FIXA RESP LIMITADA,Safra Asset,2025-10-01,10,202603,2026-08-04,31980197,31104456,31104456,0.7095,22068225,22068225,22068225,0.67,0.67,0.67,0,0,0,0,0,0
58707218000160,DES AROEIRA PÓS FIF FUNDO INCENTIVADO EM INVESTIMENTO EM DEB DE INFRA RF CRED PRIV RESP LIMITADA,IAM,2025-03-01,17,202603,2026-08-04,85117475,82602243,82602243,0.7228,59704526,59528866,59153677,0.67,0.67,0.85,0,0,11058230,0,0,0
14843780000146,JULIUS BAER GESTÃO INFRA 90 FIF - CI RENDA FIXA INCENTIVADO DE INVESTIMENTO EM INFRA - RESP LIMITADA,BTG WM,2023-01-01,43,202603,2026-08-04,233165461,244624098,233165461,0.9594,223695730,219249800,215055485,0.85,0.85,0.85,0,0,0,0,0,0
52562077000159,CSHG 707 INFRA MASTER FUNDO DE INVESTIMENTO INFRAESTRUTURA - RENDA FIXA CRÉD PRIV RESP LIMITADA,UBS,2024-02-01,30,202603,2026-08-04,63652906,62320576,62320576,0.8578,53458733,53237524,52966961,0.85,0.85,0.85,0,0,5529,1,0,0
49920429000196,KINEA VC FIF FUNDO INCENTIVADO EM INVESTIMENTO EM DEB DE INFRA RENDA FIXA CRED PRIV RESP LIMITADA,Kinea,2023-05-01,39,202603,2026-08-04,126645474,126464491,126464491,0.8793,111200422,109332410,107578361,0.85,0.85,0.85,0,0,0,0,0,0
54910665000161,BOCOM BBM INFRA IPCA FIF CI RENDA FIXA INCENTIVADO EM INFRAESTRUTURA - RESP LIMITADA,BBM Asset,2024-05-01,27,202603,2026-08-04,89818665,101141242,89818665,0.8829,79301989,78687810,77593175,0.85,0.85,0.85,0,0,0,1,0,0
32999355000122,SAFRA INFRA MASTER III FIF INV EM INFRAESTRUTURA CLASSE DE INVEST EM INFRA RENDA FIXA RESP LIMITADA,Safra Asset,2023-01-01,43,202603,2026-08-04,153778477,159050014,153778477,0.9497,146038711,145642522,144194388,0.85,0.85,0.85,0,0,0,1,0,0
42195916000194,GOLDEN GATE KINEA FIF FUNDO INCENTIVADO EM INVESTIMENTO EM DEB DE INFRA RF CP RESP LIMITADA,Kinea,2023-01-01,43,202603,2026-08-04,137734591,137528294,137528294,0.8801,121036759,118978264,117039113,0.85,0.85,0.85,0,0,0,0,0,0
32999416000151,SAFRA INFRA PREMIUM PROFISSIONAL II FIF INV EM INFRAESTRUTURA CI EM INFRA RENDA FIXA RESP LIMITADA,Safra Asset,2023-01-01,43,202603,2026-08-04,87707199,88201159,87707199,0.8745,76698982,76042472,73695450,0.85,0.85,0.85,0,0,855669,0,0,0
42774301000112,CALATHEA RENDA FIXA CLASSE INCENTIVADA  DE INVESTIMENTO EM INFRAESTRUTURA - RESP LIMITADA,BTG WM,2023-01-01,43,202603,2026-08-04,56266893,58841344,56266893,0.9055,50948743,50191187,48807510,0.85,0.85,0.85,0,0,0,1,0,0
52234145000150,FORTALEZA FIF - CLASSE DE  INVESTIMENTO RF INCENTIVADO DE INVESTIMENTO EM  INFRA - RESP LIMITADA,BTG WM,2023-09-01,35,202603,2026-08-04,85924646,85070805,85070805,0.8695,73967962,73169187,72265776,0.85,0.85,0.85,0,0,44409,0,0,0
62091844000142,LISINI FIF FI INCENTIVADO EM DEBÊNTURES DE INFRA RF CRED PRIV RESP LIMITADA,IAM,2025-09-01,11,202603,2026-08-04,31891271,31253394,31253394,0.7203,22511653,21717012,19579380,0.67,0.67,0.67,0,0,1360394,1,0,0
62471228000117,JGP CRÉDITO FIF RENDA FIXA INVESTIMENTO EM INFRAESTRUTURA IMA-B - RESPONSABILIDADE LIMITADA,JGP,2025-09-01,11,202603,2026-08-04,97387622,103291633,97387622,0.8481,82593083,82206763,81632967,0.67,0.67,0.67,0,0,0,0,0,0
59163531000148,UBS EVOLUTION AGMG LAJUSTA FUNDO DE INVESTIMENTO EM INFRAESTRUTURA - RENDA FIXA CRED PRIV RESP LTDA,UBS,2025-06-01,14,202603,2026-08-04,36083583,35614365,35614365,0.7194,25619702,25516200,25344179,0.67,0.67,0.85,0,0,4928032,1,0,0
52962863000143,UBS ROKA EVEREST FUNDO DE INVESTIMENTO FINANCEIRO INFRAESTRUTURA RENDA FIXA CRÉD PRIV RESP LIMITADA,UBS,2024-03-01,29,202603,2026-08-04,92838586,91807804,91807804,0.8589,78856439,78431385,78092492,0.85,0.85,0.85,0,0,0,1,0,0
55161850000163,ALFA II INFRA KINEA FIF - FUNDO INCENTIVADO EM INVESTIMENTO EM DEB INFRA RF CRED PRIV- RESP LIMITADA,Kinea,2024-06-01,26,202603,2026-08-04,61312667,107118099,61312667,1.5618,95756670,94228236,92749264,0.85,0.85,0.85,0,0,0,0,0,0
63025606000100,INFRA ARMAMAR FIF FI INCENTIVADO EM DEBÊNTURES DE INFRAESTRUTURA RF CRED PRIV RESP LIMITADA,IAM,2025-12-01,8,202603,2026-08-04,30842090,30356852,30356852,0.7399,22462279,20937713,19555409,0.67,0.67,0.67,0,0,783681,1,0,0
53962771000126,CLEVER FAMILY FIF INV EM INFRAESTRUTURA CLASSE DE INVESTIMENTO RENDA FIXA EM INFRA RESP LIMITADA,Safra Asset,2024-02-01,30,202603,2026-08-04,82133168,83253540,82133168,0.8708,71518152,71095556,69399957,0.85,0.85,0.85,0,0,413235,0,0,0
59511685000183,SANTANDER PB RICCHEZZA S INVESTIMENTO EM INFRAESTRUTURA RENDA FIXA - FIF RESP LIMITADA,San WM,2025-03-01,17,202603,2026-08-04,82873046,82112669,82112669,0.7635,62695554,62618565,62550330,0.67,0.67,0.85,0,0,7245438,0,0,0
60627152000140,POTATOES FIF FUNDO INCENTIVADO EM INVESTIMENTO EM DEBÊNTURES DE INFRA RF CRÉD PRIV RESP LIMITADA,IAM,2025-07-01,13,202603,2026-08-04,31531197,30321220,30321220,0.6968,21126756,21086941,20930802,0.67,0.67,0.85,0,0,4842235,1,0,0
50733585000127,108 KINEA VC FIF FUNDO INCENTIVADO EM INVESTIMENTO EM DEB DE INFRA RF CP RESP LIMITADA,Kinea,2023-08-01,36,202603,2026-08-04,156070180,155860187,155860187,0.8698,135572301,133283878,131093135,0.85,0.85,0.85,0,0,1388024,0,0,0
32811397000198,BB TOP RENDA FIXA INCENTIVADO FIF INVESTIMENTO EM INFRAESTRUTURA RESPONSABILIDADE LIMITADA,BB Asset,2023-01-01,43,202603,2026-08-04,313882058,323548167,313882058,0.9287,291499176,285080971,269954260,0.85,0.85,0.85,0,0,0,1,0,0
61944886000116,FV II FIF - CLASSE DE INVESTIMENTO RENDA FIXA INCENTIVADO DE INVESTIMENTO EM INFRAESTRUTURA,BRAM,2025-08-01,12,202603,2026-08-04,88239944,86518573,86518573,0.6928,59935921,59929301,59829803,0.67,0.67,0.85,0,0,13710984,0,0,0
60778434000149,MADRID 1 FIF - CLASSE DE INVESTIMENTO RENDA FIXA INCENTIVADO DE INVESTIMENTO EM INFRAESTRUTURA,BRAM,2025-05-01,15,202603,2026-08-04,51868963,52008487,51868963,0.7285,37784148,37784148,37703993,0.67,0.67,0.85,0,0,6384626,0,0,0
60355769000154,MESSALINA FIF FUNDO INCENTIVADO EM INVESTIMENTO EM DEBÊNTURES DE INFRA RF CRÉD PRIV RESP LIMITADA,IAM,2025-04-01,16,202603,2026-08-04,40693659,39503776,39503776,0.7056,27874105,27789237,27643639,0.67,0.67,0.85,0,0,5934570,0,0,0
60510186000150,RLRM FIF FUNDO INCENTIVADO EM INVESTIMENTO EM DEB DE INFRA RENDA FIXA CRÉDITO PRIVADO RESP LIMITADA,IAM,2025-05-01,15,202603,2026-08-04,39571360,38855467,38855467,0.7125,27686378,27608854,27477445,0.67,0.67,0.85,0,0,5549702,0,0,0
61584731000116,BB ATARAXIA INFRA RENDA FIXA FUNDO INCENTIVADO DE INVESTIMENTO FINANCEIRO EM INFRAESTRUTURA RESP LIM,BB Asset,2025-07-01,13,202603,2026-08-04,42665888,42758449,42665888,0.7165,30568342,29847385,29462467,0.67,0.67,0.85,0,0,6803538,0,0,0
59818904000171,BB TAP INFRA RENDA FIXA FUNDO INCENTIVADO DE INVESTIMENTO FINANCEIRO EM INFRAESTRUTURA RESP LIMITADA,BB Asset,2025-06-01,14,202603,2026-08-04,62364837,60466388,60466388,0.88,53213093,53015260,52575929,0.67,0.67,0.85,0,0,0,0,0,0
41953322000132,INTER INFRA MASTER FIF INCENTIV DE INVESTIMENTO EM INFRA RENDA FIXA CRÉD PRIV RESP LIMITADA,Inter,2023-01-01,43,202603,2026-08-04,156929289,161603536,156929289,0.895,140447879,138088404,134353757,0.85,0.85,0.85,0,0,0,1,0,0
61324558000117,SANTANDER PB VL3 INVESTMENTS INVESTIMENTO EM INFRA RENDA FIXA - FIF RESP LIMITADA,San WM,2025-07-01,13,202603,2026-08-04,52756332,51387724,51387724,0.6827,35081603,34921383,34768625,0.67,0.67,0.85,0,0,8910940,0,0,0
44271594000140,MAMIRA FIF INV EM INFRAESTRUTURA CLASSE DE INVESTIMENTO EM INFRA RENDA FIXA RESP LIMITADA,Safra Asset,2025-06-01,14,202603,2026-08-04,27072347,25797166,25797166,0.7158,18466681,18193971,17904929,0.67,0.67,0.85,0,0,4022662,0,0,0
26171796000139,RB CAPITAL MASTER FUNDO INCENTIVADO DE INVESTIMENTO FINANCEIRO EM INFRA RENDA FIXA RESP LTDA,RB Asset,2023-01-01,43,202603,2026-08-04,173795084,324123046,173795084,2.2043,383089465,376447209,366768790,0.85,0.85,0.85,0,0,0,1,0,0
61952434000186,ALCATRAZES FUNDO INCENTIVADO DE INVESTIMENTO FINANCEIRO EM INFRAESTRUTURA RENDA FIXA,BTG WM,2025-09-01,11,202603,2026-08-04,51123600,50614284,50614284,0.8561,43332309,43256368,42984714,0.67,0.67,0.67,0,0,0,0,0,0
28454176000132,ZETA FIF INVEST EM INFRAESTRUTURA CLASSE DE INVESTIMENTO EM INFRAESTRUTURA RENDA FIXA RESP LIMITADA,Safra Asset,2023-01-01,43,202603,2026-08-04,218209914,215155421,215155421,0.8745,188156832,187045784,185804510,0.85,0.85,0.85,0,0,0,0,0,0
63023753000132,PDR INFRA FIF FUNDO INCENTIVADO EM INVESTIMENTO EM DEBÊNTURES DE INFRA RF CRED PRIV RESP LIMITADA,IAM,2025-10-01,10,202603,2026-08-04,35715297,35056010,35056010,0.832,29166064,28744838,25025763,0.67,0.67,0.67,0,0,0,1,0,0
60233116000100,SANTANDER PB PREMIUM INVESTIMENTO EM INFRA RF - FIF RESPONSABILIDADE LIMITADA,San WM,2025-05-01,15,202603,2026-08-04,49170608,48107453,48107453,0.6913,33257894,33201549,33157977,0.67,0.67,0.85,0,0,7733358,0,0,0
58771687000149,EMUNÁ INVESTIMENTO EM INFRAESTRUTURA RENDA FIXA - FUNDO DE INVESTIMENTO FINANCEIRO RESP LIMITADA,San WM,2025-03-01,17,202603,2026-08-04,34905036,34878909,34878909,0.7052,24597613,24580042,24064377,0.67,0.67,0.85,0,0,5582695,0,0,0
54007899000101,MANU FIF - FUNDO INCENTIVADO EM INVESTIMENTO EM DEB DE INFRA RF CRED PRIV - RESP LIMITADA,IAM,2024-04-01,28,202603,2026-08-04,60191004,59630955,59630955,0.9308,55502342,55235213,54928529,0.85,0.85,0.85,0,0,0,1,0,0
35502503000140,DAVID KINEA FIF FUNDO INCENTIVADO EM INVESTIMENTO EM DEB DE INFRA RF CP RESP LIMITADA,Kinea,2023-01-01,43,202603,2026-08-04,122950926,122725657,122725657,0.8772,107651244,105785284,104059404,0.85,0.85,0.85,0,0,257404,0,0,0
52578153000114,NOVO CICLO FIF - FI INCENTIVADO DEBÊNTURES DE INFRA RF CRED PRIV - RESP LIMITADA,IAM,2023-11-01,33,202603,2026-08-04,58038590,57676046,57676046,0.8767,50566843,50306221,49963928,0.85,0.85,0.85,0,0,0,1,0,0
59412583000100,SANTANDER PB 210 INVESTIMENTO EM INFRA RENDA FIXA - FIF RESP LIMITADA,San WM,2025-09-01,11,202603,2026-08-04,25249478,24526511,24526511,0.7215,17696798,17653042,17598953,0.67,0.67,0.67,0,0,0,1,0,0
50658258000158,CALGARY INFRA KINEA FIF FUNDO INCENTIVADO EM INVESTIMENTO EM DEB DE INFRA RF CP RESP LIMITADA,Kinea,2023-05-01,39,202603,2026-08-04,101006742,100807793,100807793,0.8806,88774429,87279369,85875904,0.85,0.85,0.85,0,0,0,0,0,0
56706600000124,SEVEN POUNDS DEBÊNTURES INCENTIVADAS HEDGE CDI FIF FI INC DEB DE INFRA RF CRED PRIV RESP LIMITADA,Seven Pounds,2025-05-01,15,202603,2026-08-04,50198037,45811564,45811564,0.7413,33960548,33199530,30865580,0.67,0.67,0.85,0,0,8074249,0,0,0
41687175000104,EMB VII FIF - CLASSE DE INVESTIMENTO RENDA FIXA CRÉDITO PRIVADO - RESP LIMITADA,Capitânia,2023-01-01,43,202603,2026-08-04,48035267,56484805,48035267,0.9286,44607199,43581348,42394785,0.85,0.85,0.85,0,0,0,0,0,0
62003655000170,INDAIATUBA FIF FI INCENTIVADO EM DEBÊNTURES DE INFRAESTRUTURA RF CRÉDITO PRIVADO RESP LIMITADA,IAM,2025-10-01,10,202603,2026-08-04,28513079,27677964,27677964,0.7104,19663069,19611993,19546185,0.67,0.67,0.67,0,0,0,1,0,0
54873893000109,DM4I FIF - FUNDO INCENTIVADO EM INVESTIMENTO EM DEB DE INFRF CRÉDITO PRIVADO - RESP LIMITADA,IAM,2024-05-01,27,202603,2026-08-04,52575891,61522460,52575891,1.0282,54059821,53675360,53321348,0.85,0.85,0.85,0,0,0,1,0,0
61063366000102,BASE II FIF FUNDO INCENTIVADO EM INVESTIMENTO EM DEBÊNTURES DE INFRA RF CRÉD PRIV RESP LIMITADA,IAM,2025-08-01,12,202603,2026-08-04,31953217,31633012,31633012,0.7105,22476120,22351960,22207278,0.67,0.67,0.85,0,0,4680782,1,0,0
37893242000161,ZAATAR KINEA FIF FUNDO INCENTIVADO EM INVESTIMENTO EM DEB DE INFRA RF CP RESP LIMITADA,Kinea,2023-01-01,43,202603,2026-08-04,78001362,77771302,77771302,0.8658,67333862,66176778,65069851,0.85,0.85,0.85,0,0,1035756,0,0,0
62673056000164,LEAL FIF FUNDO INCENTIVADO EM INVESTIMENTO EM DEBÊNTURES DE INFRA RF CRED PRIV RESP LIMITADA,IAM,2025-10-01,10,202603,2026-08-04,41759655,40728161,40728161,0.6805,27716662,27652182,27474204,0.67,0.67,0.67,0,0,0,1,0,0
45912093000169,VINCI CRÉDITO INFRA MASTER FUNDO INCENTIVADO DE INVESTIMENTO EM INFRAESTRUTURA RENDA FIXA,Vinci,2023-01-01,43,202603,2026-08-04,156339911,158179203,156339911,0.9189,143656165,140913989,138069366,0.85,0.85,0.85,0,0,0,0,0,0
63140516000151,LUCCA FIF - CLASSE DE INVESTIMENTO RF INCENTIVADO DE INVESTIMENTO EM INFRAESTRUTURA,BRAM,2025-11-01,9,202603,2026-08-04,31450258,31189581,31189581,0.6931,21617033,21498627,20732783,0.67,0.67,0.67,0,0,164236,0,0,0
60936771000117,OURO DE TOLO FIF FUNDO INCENTIVADO EM INVESTIMENTO EM DEBÊNTURES DE INFRA RF CRED PRIV RESP LIMITADA,IAM,2025-06-01,14,202603,2026-08-04,31457242,30865243,30865243,0.7397,22831950,22789541,22721594,0.67,0.67,0.85,0,0,3513863,1,0,0
57654090000151,ANTARES PREMIUM FUNDO INCENTIVADO DE INVESTIMENTO FINANCEIRO EM INFRAESTRUTURA RENDA FIXA,BTG WM,2024-10-01,22,202603,2026-08-04,51467423,58440065,51467423,0.9041,46530866,46223214,45570539,0.67,0.85,0.85,0,0,0,1,0,0
41300683000180,RFT LIMAY FIF - CLASSE DE INVESTIMENTO INCENTIVADA DE INVESTIMENTO EM INFRA RF - RESP LIMITADA,Rafter,2023-01-01,43,202603,2026-08-04,103618431,102140923,102140923,0.8736,89228085,88129391,84972499,0.85,0.85,0.85,0,0,1847285,1,0,0
52151437000120,ITAJUÍ INFRA KINEA FIF FUNDO INCENTIVADO EM INVESTIMENTO EM DEB DE INFRA RF CRED PRIV RESP LIMITADA,Kinea,2023-09-01,35,202603,2026-08-04,71232387,71132951,71132951,0.8663,61624109,60628780,59672782,0.85,0.85,0.85,0,0,790226,0,0,0
61908557000110,AKS FIF FUNDO INCENTIVADO EM INVESTIMENTO EM DEB DE INFRA RF CRED PRIV RESP LIMITADA,IAM,2025-10-01,10,202603,2026-08-04,52746513,52010515,52010515,0.7089,36870966,36763199,36522738,0.67,0.67,0.67,0,0,0,1,0,0
50926512000151,BUFFETT DEBÊNTURES INCENTIVADAS FUNDO INCENTIVADO DE INVESTIMENTO FINANCEIRO EM INFRA RENDA FIXA,Portofino,2023-06-01,38,202603,2026-08-04,73964766,73131787,73131787,0.8964,65558688,64773871,63467956,0.85,0.85,0.85,0,0,0,1,0,0
55112367000199,ATIVA FIF FUNDO INCENTIVADO EM INVESTIMENTO EM DEB DE INFRA RENDA FIXA CRÉDITO PRIVADO RESP LIMITADA,IAM,2024-09-01,23,202603,2026-08-04,18734343,25603598,18734343,0.9876,18501623,18438103,18386072,0.67,0.85,0.85,0,0,0,0,0,0
30521661000123,RISKA FIF FUNDO INCENTIVADO EM INVESTIMENTO EM DEBÊNTURES DE INFRA RF CRED PRIV RESP LIMITADA,IAM,2023-01-01,43,202603,2026-08-04,53114091,54334588,53114091,0.9676,51391023,50795024,49561732,0.85,0.85,0.85,0,0,0,0,0,0
58529615000190,LAKESIDE FIF INVESTIMENTO EM INFRAESTRUTURA CLASSE  DE INVEST RENDA FIXA EM INFRA RESP LIMITADA,Safra Asset,2025-08-01,12,202603,2026-08-04,34383497,39868732,34383497,0.9403,32329384,32297757,32124115,0.67,0.67,0.85,0,0,0,0,0,0
62781419000185,SANTANDER PB SPESQ INVESTIMENTO EM INFRA RENDA FIXA - FIF RESP LIMITADA,San WM,2025-10-01,10,202603,2026-08-04,21043187,17282293,17282293,0.8343,14419085,14372253,14252298,0.67,0.67,0.67,0,0,0,0,0,0
55444936000101,POMPONESCO DEB INCENTIVADAS FUNDO INCENTIVADO DE INVESTIMENTO FINANCEIRO EM INFRA RENDA FIXA,BTG WM,2025-04-01,16,202603,2026-08-04,29929262,29721042,29721042,0.75,22290557,22089582,21340918,0.67,0.67,0.85,0,0,3921967,0,0,0
57342019000133,OSLO FIF - FUNDO INCENTIVADO EM INVESTIMENTO EM DEB DE INFRA RF CRÉD PRIV RESP LIMITADA,IAM,2025-01-01,19,202603,2026-08-04,33829855,42984045,33829855,1.6354,55326167,55138554,54809175,0.67,0.85,0.85,0,0,0,1,0,0
62571141000111,GALENO FUNDO DE INVESTIMENTO FINANCEIRO - CI RF INCENTIVADO DE INVESTIMENTO EM INFRAESTRUTURA,BRAM,2025-10-01,10,202603,2026-08-04,39911337,39653717,39653717,0.7512,29788597,29771442,29671178,0.67,0.67,0.67,0,0,0,0,0,0
62565902000122,MANDRIOLE FIF - CLASSE DE INVESTIMENTO RF INCENTIVADO DE INVESTIMENTO EM INFRAESTRUTURA,BRAM,2025-10-01,10,202603,2026-08-04,36906669,36194931,36194931,0.7286,26373159,26208281,25021034,0.67,0.67,0.67,0,0,0,0,0,0
42447172000158,LINCE 4 FIF INVESTIMENTO EM INFRAESTRUTURA CI RENDA FIXA EM INFRAESTRUTURA RESPONSABILIDADE LIMITADA,Safra Asset,2024-04-01,28,202603,2026-08-04,60235624,58250890,58250890,0.8732,50865823,50818509,50771195,0.85,0.85,0.85,0,0,0,0,0,0
58703709000133,ANJO FIF FUNDO INCENTIVADO EM INVESTIMENTO EM DEBÊNTURES DE INFRA RENDA FIXA CRÉD PRIV RESP LIMITADA,IAM,2025-07-01,13,202603,2026-08-04,29756988,29192766,29192766,0.6799,19849394,19789741,19558196,0.67,0.67,0.85,0,0,5255656,0,0,0
61959407000135,SPARTA OAWM FI FINANCEIRO RENDA FIXA INVESTIMENTO EM INFRAESTRUTURA,Sparta,2025-08-01,12,202603,2026-08-04,17531040,16944605,16944605,0.7048,11942440,11539802,10648213,0.67,0.67,0.85,0,0,3754701,1,0,0
56365169000108,GALAPAGOS NAZCA DEBÊNTURES FUNDO INCENTIVADO DE INVESTIMENTO EM INFRAESTRUTURA RENDA FIXA,Galapagos,2024-08-01,24,202603,2026-08-04,44403642,52887550,44403642,0.9176,40745849,39772885,35845479,0.85,0.85,0.85,0,0,1897617,1,0,0
61390482000128,ALEXANDRIA FIF FUNDO INCENTIVADO EM INVESTIMENTO EM DEBÊNTURES DE INFRA RF CRÉD PRIV RESP LIMITADA,IAM,2025-08-01,12,202603,2026-08-04,24919811,24328322,24328322,0.7189,17490393,17424652,17329886,0.67,0.67,0.85,0,0,3349188,0,0,0
62214641000104,CRISTAL FIF - CLASSE DE INVESTIMENTO RENDA FIXA INCENTIVADO DE INVESTIMENTO EM INFRAESTRUTURA,BRAM,2025-09-01,11,202603,2026-08-04,31679474,31475936,31475936,0.6773,21317291,21310562,21303353,0.67,0.67,0.67,0,0,0,0,0,0
41392136000171,SP330 KINEA FIF FUNDO INCENTIVADO EM INVESTIMENTO EM DEBÊNTURES DE INFRA RF CP RESP LIMITADA,Kinea,2023-01-01,43,202603,2026-08-04,80989392,80914262,80914262,0.888,71848973,70633017,69464577,0.85,0.85,0.85,0,0,0,0,0,0
52854925000101,PURO FIF - FUNDO INCENTIVADO EM INVESTIMENTO DEB INFRA RF CRÉD PRIV - RESP LIMITADA,IAM,2023-11-01,33,202603,2026-08-04,48028939,47673407,47673407,0.8709,41519171,41282378,40990823,0.85,0.85,0.85,0,0,0,1,0,0
57341650000118,VIZSLA FIF - FUNDO INCENTIVADO EM INVESTIMENTO EM DEB DE INFRA RF CRED PRIV RESP LIMITADA,IAM,2025-01-01,19,202603,2026-08-04,33564390,42784713,33564390,1.609,54003510,53719680,53343475,0.67,0.85,0.85,0,0,0,1,0,0
58253070000131,BBBYD FUNDO DE INV FINANCEIRO INV EM INFRAESTRUTURA CI EM INFRA RENDA FIXA RESP LIMITADA,Safra Asset,2025-09-01,11,202603,2026-08-04,23271061,22963886,22963886,0.6934,15924073,15924073,15571045,0.67,0.67,0.67,0,0,0,0,0,0
57776875000105,UBS EVOLUTION VIVA MASTER FUNDO DE INVESTIMENTO EM INFRAESTRUTURA RENDA FIXA CRED PRIV RESP LIMITADA,UBS,2025-04-01,16,202603,2026-08-04,37603357,36455432,36455432,0.7138,26021166,25963617,25747750,0.67,0.67,0.85,0,0,5239367,0,0,0
62172396000101,FCM2 FIF FUNDO INCENTIVADO EM INVESTIMENTO EM DEBÊNTURES DE INFRA RENDA FIXA CRED PRIV RESP LIMITADA,IAM,2025-08-01,12,202603,2026-08-04,23120225,22590519,22590519,0.7142,16134495,16027784,15910350,0.67,0.67,0.85,0,0,3291592,1,0,0
56953877000151,LIP FUNDO INCENTIVADO DE INVESTIMENTO EM INFRAESTRUTURA RENDA FIXA,BTG WM,2024-09-01,23,202603,2026-08-04,70653085,84401221,70653085,0.9582,67700795,67269272,65479208,0.67,0.85,0.85,0,0,0,0,0,0
63351459000150,SYNERGIA INFRA PARTNERS FUNDO INCENTIVADO DE INVESTIMENTO FINANCEIRO EM INFRAESTRUTURA RENDA FIXA,BTG WM,2025-10-01,10,202603,2026-08-04,16730953,25588680,16730953,0.7345,12289422,12249447,12183816,0.67,0.67,0.67,0,0,0,0,0,0
33768955000142,RFT VOLGA INFRA FI FINANCEIRO - CI INCENTIVADA DE INVESTIMENTO EM INFRA RF - RESP LIMITADA,Rafter,2023-01-01,43,202603,2026-08-04,151882036,146460207,146460207,0.8647,126636982,124825488,115593624,0.85,0.85,0.85,0,0,8897552,1,0,0
32045085000110,LESCHER KINEA FIF FI INCENTIVADO EM DEBÊNTURES DE INFRAESTRUTURA RF CP RESP LIMITADA,Kinea,2023-01-01,43,202603,2026-08-04,83362213,106064189,83362213,1.1724,97729884,96045311,94446422,0.85,0.85,0.85,0,0,0,0,0,0
58808777000167,CLASSE LFPF FUNDO DE INVESTIMENTO INFRAESTRUTURA RENDA FIXA CRÉDITO PRIVADO RESP LIMITADA,Persevera,2025-05-01,15,202603,2026-08-04,23741304,25838660,23741304,0.8261,19611831,19486047,18642620,0.67,0.67,0.85,0,0,1537488,1,0,0
60442622000100,MDLT FIF FUNDO INCENTIVADO EM INVESTIMENTO EM DEB DE INFRA RENDA FIXA CRED PRIV RESP LIMITADA,IAM,2025-06-01,14,202603,2026-08-04,32635123,32380346,32380346,0.74,23962269,23925628,23855828,0.67,0.67,0.85,0,0,3667467,1,0,0
52770900000111,PS MASTER FUNDO INCENTIVADO DE INVESTIMENTO EM INFRAESTRUTURA RENDA FIXA,BTG WM,2023-11-01,33,202603,2026-08-04,159410610,179826913,159410610,0.9582,152746332,150379118,147234802,0.85,0.85,0.85,0,0,0,1,0,0
53670932000108,DISCO FIF - FUNDO INCENTIVADO EM INVESTIMENTO EM DEB INFRA RF CRÉD PRIV - RESP LIMITADA,IAM,2024-02-01,30,202603,2026-08-04,39923570,39218036,39218036,0.8634,33862549,33646323,33363255,0.85,0.85,0.85,0,0,0,1,0,0
59887628000101,LOCAL CORNER FUNDO INCENTIVADO DE INVESTIMENTO FINANCEIRO EM INFRAESTRUTURA RENDA FIXA,BTG WM,2025-08-01,12,202603,2026-08-04,26552408,10357090,10357090,0.7525,7793314,7746459,7658479,0.67,0.67,0.85,0,0,1145048,0,0,0
50074358000137,PMR KINEA FIF FUNDO INCENTIVADO EM INVESTIMENTO EM DEB DE INFRA RF CP RESP LIMITADA,Kinea,2023-04-01,40,202603,2026-08-04,79168874,79006988,79006988,0.8794,69476302,68322243,67215236,0.85,0.85,0.85,0,0,0,0,0,0
62234770000156,AVA FIF FUNDO INCENTIVADO EM INVESTIMENTO EM DEB DE INRA RENDA FIXA CRÉDITO PRIVADO RESP LIMITADA,IAM,2026-02-01,6,202603,2026-08-04,39919067,44463175,39919067,0.7953,31747568,29909828,27978678,0.67,0.67,0.67,0,0,0,1,0,0
57535053000124,AJER FIF - CI RENDA FIXA INCENTIVADO DE INVESTIMENTO EM INFRAESTRUTURA - RESPONSABILIDADE LIMITADA,BTG WM,2024-11-01,21,202603,2026-08-04,20221319,23547942,20221319,0.9503,19216830,18851572,17952087,0.67,0.85,0.85,0,0,0,0,0,0
54367802000163,GIPF FIF FUNDO INCENTIVADO EM INV EM DEB DE INFRA RF CRÉD PRIV RESP LIMITADA,IAM,2024-04-01,28,202603,2026-08-04,61418275,60640844,60640844,0.8701,52765508,52514644,52235512,0.85,0.85,0.85,0,0,0,1,0,0
53827154000118,BB SIMA INFRA RF FUNDO INCENTIVADO DE INVESTIMENTO FINANCEIRO EM INFRAESTRUTURA RESP LIMITADA,BB Asset,2024-03-01,29,202603,2026-08-04,87951435,88946450,87951435,0.9064,79722555,79547189,79225879,0.85,0.85,0.85,0,0,0,0,0,0
61959244000190,INDUSTRIA FUNDO INCENTIVADO DE INVESTIMENTO FINANCEIRO EM INFRAESTRUTURA RENDA FIXA,BTG WM,2025-08-01,12,202603,2026-08-04,28990875,28676609,28676609,0.7429,21303117,21230275,21044103,0.67,0.67,0.85,0,0,3331014,0,0,0
49115219000125,ANGRA KINEA FIF FUNDO INCENTIVADO EM INVESTIMENTO EM DEB DE INFRA  RF CRED PRIV RESP LIMITADA,Kinea,2023-02-01,42,202603,2026-08-04,20126208,42339108,20126208,1.8114,36457450,35856387,35279434,0.85,0.85,0.85,0,0,0,0,0,0
60740615000186,IPÊ KINEA FIF FUNDO INCENTIVADO EM INVESTIMENTO EM DEBÊNTURES DE INFRA RF CRÉD PRIV RESP LIMITADA,Kinea,2025-06-01,14,202603,2026-08-04,34564011,34454280,34454280,0.7295,25134634,24704967,24309384,0.67,0.67,0.85,0,0,4976754,0,0,0
46172369000182,TOSCANA FIF FUNDO INCENTIVADO EM INVESTIMENTO EM DEBÊNTURES DE INFRA RF CRED PRIV RESP LIMITADA,IAM,2023-04-01,40,202603,2026-08-04,48020465,57428190,48020465,1.0886,52274904,51720875,51109729,0.85,0.85,0.85,0,0,0,1,0,0
60806210000101,LUCCA FIF FUNDO INCENTIVADO EM INVESTIMENTO EM DEBÊNTURES DE INFRA RF CRÉD PRIV RESP LIMITADA,IAM,2025-06-01,14,202603,2026-08-04,27448891,26653016,26653016,0.7078,18865688,18812735,18740146,0.67,0.67,0.85,0,0,3914918,0,0,0
51555270000108,ATENAS FUNDO INCENTIVADO DE INVESTIMENTO FINANCEIRO EM INFRAESTRUTURA RENDA FIXA,BTG WM,2023-07-01,37,202603,2026-08-04,57059894,56584665,56584665,0.8869,50186665,49441447,48945454,0.85,0.85,0.85,0,0,0,1,0,0
22759995000101,SULAMÉRICA INFRA FIF INCENTIVADO DE INFRAESTRUTURA RENDA FIXA DE RESPONSABILIDADE LIMITADA,Sulamérica,2023-01-01,43,202603,2026-08-04,54288889,64761128,54288889,1.1699,63510000,62166750,58036099,0.85,0.85,0.85,0,0,0,0,0,0
54048422000166,GALAXY KINEA FIF - FUNDO INCENTIVADO EM INVESTIMENTO EM DEB DE INFRA RF CRÉD PRIV - RESP LIMITADA,Kinea,2024-03-01,29,202603,2026-08-04,54812949,54683272,54683272,0.867,47407689,46625046,45858036,0.85,0.85,0.85,0,0,622745,0,0,0
60276080000134,DAYCOVAL FI INCENTIVADO DE INVESTIMENTO EM INFRAESTRUTURA RF CRÉD PRIV LP RESP LIMITADA,Daycoval,2025-09-01,11,202603,2026-08-04,81365278,28755435,28755435,2.4022,69076952,68773293,68313832,0.67,0.67,0.67,0,0,0,0,0,0
55894503000140,GAUDÍ FUNDO INCENTIVADO DE INVESTIMENTO EM INFRAESTRUTURA RENDA FIXA,BTG WM,2024-08-01,24,202603,2026-08-04,42908753,44845290,42908753,0.8677,37230784,37037222,36645623,0.85,0.85,0.85,0,0,0,0,0,0
52459972000142,BLACK MAMBA KINEA FIF - FUNDO INCENTIVADO EM INVESTIMENTO EM DEB DE INFRA RF CRED PRIV RESP LIMITADA,Kinea,2023-10-01,34,202603,2026-08-04,96319954,96235330,96235330,0.8722,83933218,82493372,81106139,0.85,0.85,0.85,0,0,693892,0,0,0
57561942000166,EAGLE ROCK FUNDO INCENTIVADO DE INVESTIMENTO FINANCEIRO EM INFRAESTRUTURA RENDA FIXA,BTG WM,2024-10-01,22,202603,2026-08-04,24129873,25687795,24129873,0.9184,22161961,21983481,21527803,0.67,0.85,0.85,0,0,0,0,0,0
39255769000196,BB CASTANHA RENDA FIXA FUNDO INCENTIVADO DE INVESTIMENTO FINANCEIRO EM INFRAESTRUTURA RESP LIMITADA,BB Asset,2023-01-01,43,202603,2026-08-04,103762118,104998804,103762118,0.8859,91920891,91794586,89551952,0.85,0.85,0.85,0,0,0,0,0,0
62849941000151,SANTANDER PB PATAJES INVESTIMENTO EM INFRA RENDA FIXA - FIF RESP LIMITADA,San WM,2025-10-01,10,202603,2026-08-04,16973459,17254053,16973459,0.6869,11658716,11641939,11627363,0.67,0.67,0.67,0,0,0,0,0,0
60740534000186,PINOT FIF FUNDO INCENTIVADO EM INVESTIMENTO EM DEB DE INFRA RENDA FIXA CRED PRIV RESP LIMITADA,IAM,2025-06-01,14,202603,2026-08-04,26972369,26708903,26708903,0.7409,19787484,19739345,19663908,0.67,0.67,0.85,0,0,3038659,0,0,0
61277977000145,POIVRE FUNDO INCENTIVADO DE INVESTIMENTO FINANCEIRO EM INFRAESTRUTURA RENDA FIXA,BTG WM,2025-07-01,13,202603,2026-08-04,51836142,48715631,48715631,0.747,36390151,35930657,34862549,0.67,0.67,0.85,0,0,6545737,1,0,0
61198681000139,SANTANDER PB ALDI INVESTIMENTO EM INFRA RF - FIF RESP LIMITADA,San WM,2025-07-01,13,202603,2026-08-04,39222806,37927895,37927895,0.6879,26091360,26017560,25954010,0.67,0.67,0.85,0,0,6284701,0,0,0
59870227000130,BLUE YELLOW FIF INVESTIMENTO EM INFRAESTRUTURA CI EM INFRAESTRUTURA RENDA FIXA RESP LIMITADA,Safra Asset,2025-06-01,14,202603,2026-08-04,28101732,25957707,25957707,0.7514,19503724,19295535,19150086,0.67,0.67,0.85,0,0,2913964,0,0,0
59888220000146,LILI FIF - FUNDO INCENTIVADO EM INVESTIMENTO EM DEBÊNTURES DE INFRA RF CRÉD PRIV RESP LIMITADA,IAM,2025-04-01,16,202603,2026-08-04,32208315,31561151,31561151,0.6883,21722290,21654836,21541164,0.67,0.67,0.85,0,0,5285815,1,0,0
43122073000169,SOTONIC KINEA FIF FUNDO INCENTIVADO EM INVESTIMENTO EM DEB DE INFRA RF CRED PRIV  RESP LIMITADA,Kinea,2023-01-01,43,202603,2026-08-04,74843666,88353948,74843666,1.1933,89310550,87798685,86374673,0.85,0.85,0.85,0,0,0,0,0,0
60978472000145,VINCHIARE IPCA FUNDO INCENTIVADO DE INVESTIMENTO FINANCEIRO EM INFRAESTRUTURA RENDA FIXA,BTG WM,2025-05-01,15,202603,2026-08-04,50854194,50758765,50758765,0.7948,40344946,40123727,39660760,0.67,0.67,0.85,0,0,3484190,0,0,0
34172617000106,BTG PACTUAL CRÉDITO CORP INCENTIVADO IPCA MASTER FI DE INVESTIMENTO FINANCEIRO EM INFRA RF,BTG Asset,2023-01-01,43,202603,2026-08-04,235521644,261336791,235521644,0.9351,220232671,217210797,211369475,0.85,0.85,0.85,0,0,0,1,0,0
58290551000117,G5 HERCULES FIF RF INCENTIVADO DE INVESTIMENTO EM INFRA - RESP LIMITADA,G5,2025-07-01,13,202603,2026-08-04,27986516,27749777,27749777,0.7221,20038643,19835421,19626205,0.67,0.67,0.85,0,0,3961105,0,0,0
53962449000105,SANTANDER PB PORTO FINO INVESTIMENTO EM INFRAESTRUTURA RF - FIF RESPONSABILIDADE LIMITADA,San WM,2024-03-01,29,202603,2026-08-04,31064537,30109533,30109533,0.8637,26005505,25903087,25860472,0.85,0.85,0.85,0,0,0,0,0,0
57280468000102,CSHG MARTH FUNDO DE INVESTIMENTO EM INFRAESTRUTURA - RENDA FIXA CRÉDITO PRIVADO RESP LIMITADA,UBS,2025-04-01,16,202603,2026-08-04,51744208,50130648,50130648,0.7069,35439015,35332556,34951958,0.67,0.67,0.85,0,0,7659092,0,0,0
30556686000162,EPL KINEA FIF FUNDO INCENTIVADO EM INVESTIMENTO EM DEB DE INFRA RF CRED PRIV RESP LIMITADA,Kinea,2023-01-01,43,202603,2026-08-04,104383879,104405776,104383879,0.8671,90508392,88904373,87317803,0.85,0.85,0.85,0,0,1408494,0,0,0
61953079000160,PERSA FUNDO INCENTIVADO DE INVESTIMENTO FINANCEIRO EM INFRAESTRUTURA RENDA FIXA,BTG WM,2025-08-01,12,202603,2026-08-04,25923076,25718085,25718085,0.7341,18878394,18798915,18598526,0.67,0.67,0.85,0,0,3261846,0,0,0
43140638000130,BOCAINA INFRA MASTER I - FUNDO INCENTIVADO DE INVESTIMENTO EM INFRAESTRUTURA RENDA FIXA,Bocaina,2023-01-01,43,202603,2026-08-04,260875965,275724597,260875965,1.0092,263284278,256556281,253385752,0.85,0.85,0.85,0,0,0,0,0,0
53422599000118,CAAS CDI FIF - FUNDO INCENTIVADO EM INVESTIMENTO EM DEB DE INFRA RF CRÉD PRIV - RESP LIMITADA,IAM,2024-01-01,31,202603,2026-08-04,31838725,35877715,31838725,1.4321,45596083,45328427,44994287,0.85,0.85,0.85,0,0,0,1,0,0
54952575000133,BTG PACTUAL CRÉDITO CORPORATIVO INCENTIVADAS PRÉ FUNDO INCENTIVADO DE INVESTIMENTO EM INFRA RF,BTG Asset,2024-05-01,27,202603,2026-08-04,26324977,34028291,26324977,1.1368,29926117,29700768,28940469,0.85,0.85,0.85,0,0,0,1,0,0
60958418000138,INFRANET INCENTIVADO FIF RENDA FIXA INVESTIMENTO EM INFRAESTRUTURA - RESPONSABILIDADE LIMITADA,Andbank,2025-06-01,14,202603,2026-08-04,20675255,20492278,20492278,0.6779,13890823,13800484,13551668,0.67,0.67,0.85,0,0,3866768,0,0,0
59602591000110,ALBATROS FIF - CLASSE DE INVESTIMENTO RF INCENTIVADO DE INVESTIMENTO EM INFRAESTRUTURA,BRAM,2025-03-01,17,202603,2026-08-04,46787068,57163809,46787068,0.9452,44223210,44205551,44174282,0.67,0.67,0.85,0,0,0,0,0,0
54070196000110,DELTA INFRA KINEA FIF - FND INC EM INVEST EM DEB DE INFRA  RF CRED PRIV - RESP LIMITADA,Kinea,2024-03-01,29,202603,2026-08-04,73588528,73491112,73491112,0.8656,63614599,62570128,61569401,0.85,0.85,0.85,0,0,898044,0,0,0
57681917000116,FF FUNDO INCENTIVADO DE INVESTIMENTO FINANCEIRO EM INFRAESTRUTURA RENDA FIXA,BTG WM,2024-10-01,22,202603,2026-08-04,28848387,31846938,28848387,0.8554,24676319,24554888,24283026,0.67,0.85,0.85,0,0,238103,0,0,0
61925300000176,MAZEL KINEA FIF FI INCENTIVADO EM DEBÊNTURES DE INFRA RF CRED PRIV RESP LIMITADA,Kinea,2025-08-01,12,202603,2026-08-04,25400675,25325156,25325156,0.6897,17465527,17173975,16902776,0.67,0.67,0.85,0,0,4623606,0,0,0
46503160000154,AVIÃO IV FUNDO INCENTIVADO DE INVESTIMENTO FINANCEIRO EM INFRAESTRUTURA RENDA FIXA,BTG WM,2023-01-01,43,202603,2026-08-04,31335331,31003021,31003021,0.8693,26949924,26516276,25421451,0.85,0.85,0.85,0,0,931117,1,0,0
59818212000123,BB SH INFRA RENDA FIXA FUNDO INCENTIVADO DE INVESTIMENTO FINANCEIRO EM INFRAESTRUTURA RESP LIMITADA,BB Asset,2025-06-01,14,202603,2026-08-04,50053409,48962780,48962780,0.711,34814853,34785964,34726662,0.67,0.67,0.85,0,0,6891701,0,0,0
52984692000153,CS EVOLUTION GAL YIELD INFRA FUNDO DE INVESTIMENTO EM INFRAESTRUTURA - RF CRED PRIV RESP LIMITADA,UBS,2024-02-01,30,202603,2026-08-04,81893418,83111966,81893418,0.8902,72899284,72468113,71513080,0.85,0.85,0.85,0,0,0,1,0,0
59826291000114,EGP KINEA FIF FUNDO INCENTIVADO EM INVESTIMENTO EM DEBÊNTURES DE INFRA RF CRÉD PRIVRESP LIMITADA,Kinea,2025-03-01,17,202603,2026-08-04,20912198,20878659,20878659,0.7305,15251009,15027721,14817143,0.67,0.67,0.85,0,0,2929717,0,0,0
63138982000100,FQJ11 FIF FUNDO INCENTIVADO EM INVESTIMENTO EM DEBÊNTURES DE INFRA RF CRED PRIV RESP LIMITADA,IAM,2025-10-01,10,202603,2026-08-04,28772473,28353068,28353068,0.7748,21967453,21839178,21590797,0.67,0.67,0.67,0,0,0,1,0,0
60396945000104,BOLDERBOULDER FIF FUNDO INCENTIVADO EM INVESTIMENTO EM DEB DE INFRA RF CRÉD PRIV RESP LIMITADA,IAM,2025-05-01,15,202603,2026-08-04,22915049,22353660,22353660,0.7171,16030229,15988591,15927942,0.67,0.67,0.85,0,0,3072670,0,0,0
42592438000156,BB GR INFRA RENDA FIXA FUNDO INCENTIVADO DE INVESTIMENTO FINANCEIRO EM INFRAESTRUTURA RESP LIMITADA,BB Asset,2023-03-01,41,202603,2026-08-04,31649741,31102070,31102070,0.8789,27335357,27295573,27259497,0.85,0.85,0.85,0,0,0,0,0,0
54217470000130,VIRTUS FUNDO INCENTIVADO DE INVESTIMENTO EM INFRAESTRUTURA RENDA FIXA,EQI,2024-04-01,28,202603,2026-08-04,99020814,130059367,99020814,1.4864,147182177,145371901,144040860,0.85,0.85,0.85,0,0,0,0,0,0
60589814000135,OLÍVIA FIF INVESTIMENTO EM INFRAESTRUTURA CI RENDA FIXA EM INFRAESTRUTURA RESPONSABILIDADE LIMITADA,Safra Asset,2025-05-01,15,202603,2026-08-04,16498076,16587314,16498076,0.7495,12365730,12342831,12319933,0.67,0.67,0.85,0,0,1703432,0,0,0
59194590000183,UBS EVOLUTION JCTM IV FUNDO DE INVESTIMENTO EM INFRAESTRUTURA - RENDA FIXA CRÉD PRIV RESP LIMITADA,UBS,2025-07-01,13,202603,2026-08-04,44546813,43613416,43613416,0.7188,31347766,31272114,31116607,0.67,0.67,0.85,0,0,5954796,1,0,0
62551626000143,ARX ELBRUS OAWM FUNDO DE INVESTIMENTO FINANCEIRO RENDA FIXA INVESTIMENTO EM  INFRAESTRUTURA,ARX,2025-09-01,11,202603,2026-08-04,16478297,16225467,16225467,0.7047,11433689,11366439,11286931,0.67,0.67,0.67,0,0,0,1,0,0
54909934000170,LEGACY CAPITAL A FIF - FUNDO INCENTIVADO EM INVESTIMENTO EM DEB DE INFRA RF CP - RESP LIMITADA,Legacy,2024-06-01,26,202603,2026-08-04,26886935,33344044,26886935,0.9281,24954098,24804641,24648584,0.85,0.85,0.85,0,0,0,1,0,0
57190500000150,JPN FIF - FUNDO INCENTIVADO EM INVESTIMENTO EM DEB DE INFRA RENDA FIXA CRÉDITO PRIVADO RESP LIMITADA,IAM,2025-04-01,16,202603,2026-08-04,18221795,17706256,17706256,0.7144,12649233,12614947,12373259,0.67,0.67,0.85,0,0,2677059,1,0,0
59817983000104,BB AFAM INFRA II RENDA FIXA FUNDO INCENTIVADO DE INVESTIMENTO FINANCEIRO EM INFRAESTRUTURA RESP LIM,BB Asset,2025-06-01,14,202603,2026-08-04,108753640,107201049,107201049,0.9049,97006786,96883585,96802417,0.67,0.67,0.85,0,0,0,0,0,0
51516067000114,P KINEA INFRA FIF FUNDO INCENTIVADO EM INVESTIMENTO EM DEB DE INFRA RF CRÉD PRIV RESP LIMITADA,Kinea,2023-08-01,36,202603,2026-08-04,72360353,72280360,72280360,0.8748,63231905,62110922,61054147,0.85,0.85,0.85,0,0,384159,0,0,0
55746538000131,BB CANARINHO INFRA RENDA FIXA FUNDO INCENTIVADO DE INVESTIMENTO FINANCEIRO EM INFRA RESP LIMITADA,BB Asset,2025-01-01,19,202603,2026-08-04,35635632,35093816,35093816,0.9086,31884689,31860891,31733923,0.67,0.85,0.85,0,0,0,0,0,0
61809401000181,SANTANDER PB VITÓRIA INVESTIMENTO EM INFRA RF - FIF RESP LIMITADA,San WM,2025-09-01,11,202603,2026-08-04,16521893,16018799,16018799,0.7058,11305935,11283375,11264007,0.67,0.67,0.67,0,0,0,0,0,0
55073649000124,VEREDA FIF FI INCENTIVADO EM DEBÊNTURES DE INFRA RENDA FIXA CRÉDITO PRIVADO RESP LIMITADA,IAM,2024-06-01,26,202603,2026-08-04,62974523,73878669,62974523,0.8997,56659562,56147617,55941133,0.85,0.85,0.85,0,0,0,0,0,0
60261139000110,RIO BRAVO INFRA CDI INCENTIVADO FIF - CI RF INCENTIVADO DE INVESTIMENTO EM INFRA - RESP LIMITADA,Rio Bravo,2025-04-01,16,202603,2026-08-04,29190457,41777363,29190457,1.1376,33206248,32954413,31955479,0.67,0.67,0.85,0,0,0,0,0,0
50910444000132,WHITE WING KINEA FIF FUNDO INCENTIVADO EM INVESTIMENTO EM DEB DE INFRA RF CP RESP LIMITADA,Kinea,2023-06-01,38,202603,2026-08-04,67442290,67346580,67346580,0.874,58863222,57869588,56935172,0.85,0.85,0.85,0,0,309422,0,0,0
60276261000160,LM2 FIF FUNDO INCENTIVADO EM INVESTIMENTO EM DEBÊNTURES DE INFRA RF CRÉD PRIV RESP LIMITADA,IAM,2025-04-01,16,202603,2026-08-04,29103486,28557340,28557340,0.7563,21597057,21536467,21411209,0.67,0.67,0.85,0,0,2862530,1,0,0
59193684000138,UBS EVOLUTION SHUK FUNDO DE INVESTIMENTO EM INFRAESTRUTURA - RENDA FIXA CRÉDITO PRIVADO RESP LTDA,UBS,2025-07-01,13,202603,2026-08-04,36603919,35484061,35484061,0.6973,24743598,24634349,24445168,0.67,0.67,0.85,0,0,5716284,1,0,0
57474275000184,G5 GUARANTÃ FIF RENDA FIXA INCENTIVADO DE INVESTIMENTO EM INFRAESTRUTURA,G5,2025-05-01,15,202603,2026-08-04,15839896,16338724,15839896,0.7605,12046983,11920826,11791186,0.67,0.67,0.85,0,0,1672725,0,0,0
59452806000163,COCOA FIF - FUNDO INCENTIVADO EM INVESTIMENTO EM DEBÊNTURES DE INFRA RF CRÉD PRIV RESP LIMITADA,IAM,2025-03-01,17,202603,2026-08-04,29817649,28953127,28953127,0.6997,20257384,20179484,20050462,0.67,0.67,0.85,0,0,4559696,0,0,0
61559509000163,WGS FIF - CLASSE DE INVESTIMENTO RF INCENTIVADO DE INVESTIMENTO EM INFRAESTRUTURA,BRAM,2025-08-01,12,202603,2026-08-04,24886534,24692266,24692266,0.7027,17350252,17333056,17108781,0.67,0.67,0.85,0,0,3879645,1,0,0
58580968000114,ACE CAPITAL INFRA FIF FUNDO INCENTIVADO EM INVESTIMENTO EM DEB DE INFRA RF CRED PRIV RESP LIMITADA,Ace,2025-03-01,17,202603,2026-08-04,22390876,27184046,22390876,1.1387,25495974,25365187,25175269,0.67,0.67,0.85,0,0,0,1,0,0
52879059000103,BOCAINA INFRA MASTER IV - FUNDO INCENTIVADO DE INVESTIMENTO EM INFRAESTRUTURA RENDA FIXA,Bocaina,2024-02-01,30,202603,2026-08-04,41765671,46259388,41765671,1.1234,46919622,46762466,45441819,0.85,0.85,0.85,0,0,0,0,0,0
53074013000171,FIGUEIRA KINEA FIF - FUNDO INCENTIVADO EM INVESTIMENTO DEB INFRA RF CRED PRIV - RESP LIMITADA,Kinea,2023-12-01,32,202603,2026-08-04,62140526,62003583,62003583,0.8844,54835437,53968396,53173528,0.85,0.85,0.85,0,0,0,0,0,0
60096865000125,V2GR FIF - CLASSE INCENTIVADA DE INVESTIMENTO EM INFRA RF - RESP LIMITADA,Oriz,2025-04-01,16,202603,2026-08-04,51628384,50843448,50843448,0.6818,34663899,34442521,33215268,0.67,0.67,0.85,0,0,10001663,0,0,0
62120583000141,SANTANDER PB KANDINSKY INVESTIMENTO EM INFRA RENDA FIXA - FIF RESP LIMITADA,San WM,2025-09-01,11,202603,2026-08-04,18086283,17457345,17457345,0.6942,12119198,12081464,12046061,0.67,0.67,0.67,0,0,0,0,0,0
59743618000194,SANTANDER PB LUSÍADA INVESTIMENTO EM INFRAESTRUTURA RENDA FIXA - FIF RESP LIMITADA,San WM,2025-04-01,16,202603,2026-08-04,23672297,23796626,23672297,0.6728,15927436,15903284,15867841,0.67,0.67,0.85,0,0,4253611,0,0,0
53558163000150,VIA INFRA FIF - FUNDO INCENTIVADO EM INVESTIMENTO EM DEB INFRA RF CRÉD PRIV - RESP LIMITADA,IAM,2024-02-01,30,202603,2026-08-04,41428063,41128388,41128388,0.8595,35351823,35187957,34954731,0.85,0.85,0.85,0,0,4399,1,0,0
42420560000145,MANGALARGA 2 FIF INVESTIMENTO EM INFRA CI EM INFRAESTRUTURA RENDA FIXA RESPONSABILIDADE LIMITADA,Safra Asset,2024-07-01,25,202603,2026-08-04,70431541,69407050,69407050,0.8874,61588564,61588564,61192899,0.85,0.85,0.85,0,0,0,0,0,0
54760175000126,MK ITAÚ FIF - FUNDO INCENTIVADO EM INVESTIMENTO EM DEB INFRA RF CRED PRIV - RESP LIMITADA,IAM,2024-05-01,27,202603,2026-08-04,31767622,35252017,31767622,1.0134,32192301,32031414,31822505,0.85,0.85,0.85,0,0,0,1,0,0
60866948000156,SANTANDER PB LXVIII INVESTIMENTO EM INFR RF - FIF RESP LIMITADA,San WM,2025-06-01,14,202603,2026-08-04,39420491,39089040,39089040,0.7792,30456794,29563931,28280714,0.67,0.67,0.85,0,0,4944971,1,0,0
62031312000110,YAM FIF FUNDO INCENTIVADO EM INVESTIMENTO EM DEBÊNTURES DE INFRA RF CRED PRIV RESP LIMITADA,IAM,2025-08-01,12,202603,2026-08-04,16301815,15975146,15975146,0.6989,11165460,11103236,11011758,0.67,0.67,0.85,0,0,2567116,1,0,0
44271539000150,ÊXITO FIF INVEST EM INFRA CLASSE DE INVESTIMENTO RENDA FIXA EM INFRAESTRUTURA RESP LIMITADA,Safra Asset,2024-07-01,25,202603,2026-08-04,19690044,29161855,19690044,1.2341,24299767,23930821,23646497,0.85,0.85,0.85,0,0,0,1,0,0
56934311000182,DASI LEGACY 2 CDI FUNDO INCENTIVADO DE INVESTIMENTO EM INFRAESTRUTURA RENDA FIXA,BTG WM,2024-09-01,23,202603,2026-08-04,172207596,197506569,172207596,1.0731,184794823,184216239,182460713,0.67,0.85,0.85,0,0,0,0,0,0
51112915000120,ABSOLUTE HIDRA IPCA MASTER FUNDO INCENTIVADO DE INVESTIMENTO FINANCEIRO EM INFRAESTRUTURA RENDA FIXA,Absolute,2023-06-01,38,202603,2026-08-04,202076896,222886238,202076896,0.9959,201241819,200109848,196153547,0.85,0.85,0.85,0,0,0,1,0,0
26751126000191,RB CAPITAL VITÓRIA FUNDO INCENTIVADO DE INVESTIMENTO FINANCEIRO EM INFRA RENDA FIXA RESP LTDA,RB Asset,2023-01-01,43,202603,2026-08-04,129026444,184299303,129026444,1.709,220507229,217242290,206992171,0.85,0.85,0.85,0,0,0,0,0,0
60061182000132,ITAÚ SELEÇÃO VÊNUS FIF FUNDO INCENTIVADO EM INVESTIMENTO EM DEB DE INFRA RF CRED PRIV RESP LIMITADA,IAM,2025-05-01,15,202603,2026-08-04,20769223,20601636,20601636,0.7407,15260129,15213348,15130931,0.67,0.67,0.85,0,0,2380460,0,0,0
63319624000196,A1 CRÉDITO FIF INVESTIMENTO EM DEBÊNTURES DE INFRA CDI ATIVO RF CRED PRIV RESP LIMITADA,Asset 1,2025-10-01,10,202603,2026-08-04,12355650,17020025,12355650,0.7185,8877211,8853382,8791204,0.67,0.67,0.67,0,0,0,0,0,0
62074561000192,SANTANDER PB PLAY INVESTMENTS INVESTIMENTO EM INFRA RENDA FIXA - FIF RESP LIMITADA,San WM,2025-09-01,11,202603,2026-08-04,14185960,13754462,13754462,0.675,9284522,9265025,9247487,0.67,0.67,0.67,0,0,0,0,0,0
48393053000146,BB MEGLETH RENDA FIXA FUNDO INCENTIVADO DE INVESTIMENTO FINANCEIRO EM INFRAESTRUTURA RESP LIMITADA,BB Asset,2023-04-01,40,202603,2026-08-04,52572869,51854353,51854353,0.8675,44983995,44749669,42820846,0.85,0.85,0.85,0,0,1255354,1,0,0
52111528000131,UBS EVOLUTION PL FUNDO INCENTIVADO DE INVESTIMENTO FINANCEIRO EM INFRAESTRUTURA RENDA FIXA,UBS,2023-09-01,35,202603,2026-08-04,69943798,76857613,69943798,1.0279,71893033,71132415,70138783,0.85,0.85,0.85,0,0,0,1,0,0
41395293000130,LISBOA KINEA FUNDO DE INV FINANCEIRO FUNDO INCENTIVADO EM INV EM DEB INFRA RF CP RESP LIMITADA,Kinea,2023-01-01,43,202603,2026-08-04,61114412,61022218,61022218,0.8772,53527521,52615911,51761633,0.85,0.85,0.85,0,0,107252,0,0,0
32045116000133,ROSA DOS VENTOS KINEA FIF FUNDO INCENTIVADO EM INVESTIMENTO EM DEB DE INFRA  RF CP RESP LIMITADA,Kinea,2023-01-01,43,202603,2026-08-04,45156191,45055185,45055185,0.8655,38994785,38343912,37761426,0.85,0.85,0.85,0,0,535482,0,0,0
42217140000166,ELYSIO FIF INVEST EM INFRA CLASSE DE INVESTIMENTO RENDA FIXA EM INFRAESTRUTURA RESP LIMITADA,Safra Asset,2024-03-01,29,202603,2026-08-04,30661339,30540432,30540432,0.8676,26496802,26472690,26448000,0.85,0.85,0.85,0,0,0,0,0,0
50879270000192,JSPI DEBÊNTURES INCENTIVADAS FUNDO INCENTIVADO DE INVESTIMENTO FINANCEIRO EM INFRA RENDA FIXA,Portofino,2023-06-01,38,202603,2026-08-04,48200526,47698101,47698101,0.9096,43384165,42815722,41822788,0.85,0.85,0.85,0,0,0,1,0,0
62319210000102,ST BENEDIKT FIF FUNDO INCENTIVADO EM INVESTIMENTO EM DEB DE INFRA RF CRED PRIV RESP LIMITADA,IAM,2025-10-01,10,202603,2026-08-04,21573324,21225139,21225139,0.678,14391397,14358297,14305733,0.67,0.67,0.67,0,0,0,1,0,0
62805867000171,SANTANDER PB JFA INVESTIMENTO EM INFRA RENDA FIXA - FIF RESP LIMITADA,San WM,2025-10-01,10,202603,2026-08-04,23213979,70700722,23213979,3.9416,91501293,91339402,91196718,0.67,0.67,0.67,0,0,0,0,0,0
53828427000149,SANTANDER PB VIDA INVESTIMENTO EM INFRA RF -FIF RESP LIMITADA,San WM,2024-04-01,28,202603,2026-08-04,67187008,66232358,66232358,0.864,57222348,57057481,56711521,0.85,0.85,0.85,0,0,0,0,0,0
59123735000155,PORTO PAINEIRA CDI FIF FUNDO INCENTIVADO EM INVESTIMENTO EM DEB DE INFRA RF CRÉD PRIV RESP LIMITADA,Porto Asset,2025-05-01,15,202603,2026-08-04,23322478,48867897,23322478,1.6492,38464102,38215447,36403834,0.67,0.67,0.85,0,0,0,1,0,0
60865092000102,XPA SHELF 1 FUNDO DE INVESTIMENTO EM INFRAESTRUTURA RENDA FIXA CRÉDITO PRIVADO,XPG,2025-05-01,15,202603,2026-08-04,165505272,178824583,165505272,0.9255,153171291,152960866,152722351,0.67,0.67,0.85,0,0,0,0,0,0
60222497000114,FL FIF FUNDO INCENTIVADO EM INVESTIMENTO EM DEBÊNTURES DE INFRAESTRUTURA RF CRÉD PRIV RESP LIMITADA,IAM,2025-04-01,16,202603,2026-08-04,23043112,22579853,22579853,0.7519,16977496,16927309,16827336,0.67,0.67,0.85,0,0,2365539,1,0,0
59163781000188,UBS EVOLUTION ALDEIA GUAPRA II CDI FUNDO DE INVESTIMENTO EM INFRAESTRUTURA RF CRED PRIV RESP LIMITAD,UBS,2025-06-01,14,202603,2026-08-04,47590751,33387288,33387288,0.7075,23621348,23552471,23513846,0.67,0.67,0.85,0,0,4865349,0,0,0
61579871000104,ESPANHA FIF - CLASSE DE INVESTIMENTO RF INCENTIVADO DE INVESTIMENTO EM INFRA - RESP LIMITADA,BRAM,2025-09-01,11,202603,2026-08-04,48534084,48094789,48094789,0.871,41892586,41870506,41848426,0.67,0.67,0.67,0,0,0,0,0,0
63788524000109,SANTANDER PB LEÃO INVESTIMENTO EM INFRA RENDA FIXA - FIF RESP LIMITADA,San WM,2025-12-01,8,202603,2026-08-04,17501242,20464422,17501242,0.7262,12710072,12612363,12332908,0.67,0.67,0.67,0,0,0,0,0,0
58692067000114,PAGNAN TOP10 FIF INV EM INFRAESTRUTURA CI EM INFRA RENDA FIXA  RESPONSABILIDADE LIMITADA,Safra Asset,2025-07-01,13,202603,2026-08-04,25679852,25436571,25436571,0.6895,17539547,17317008,17135321,0.67,0.67,0.85,0,0,4485764,0,0,0
59814123000109,BB LCB INFRA RENDA FIXA FUNDO INCENTIVADO DE INVESTIMENTO FINANCEIRO EM INFRAESTRUTURA RESP LIMITADA,BB Asset,2025-04-01,16,202603,2026-08-04,73463218,72422823,72422823,0.8525,61743903,61112898,60368575,0.67,0.67,0.85,0,0,1190825,0,0,0
58140821000103,AGEPA FIF - FUNDO INCENTIVADO EM INVESTIMENTO EM DEBÊNTURES DE INFRA RF CRED PRIV RESP LIMITADA,IAM,2025-03-01,17,202603,2026-08-04,21271198,20967922,20967922,0.7234,15168494,15110438,15032967,0.67,0.67,0.85,0,0,2789767,1,0,0
61269144000132,TAVERNELLE FUNDO INCENTIVADO DE INVESTIMENTO FINANCEIRO EM INFRAESTRUTURA RENDA FIXA,BTG WM,2025-07-01,13,202603,2026-08-04,29229891,30359730,29229891,0.813,23763652,23662236,23192186,0.67,0.67,0.85,0,0,1653221,1,0,0
54542996000196,SOMMA VERONA DEBÊNTURES FUNDO INCENTIVADO DE INVESTIMENTO EM INFRAESTRUTURA RENDA FIXA,Somma,2024-04-01,28,202603,2026-08-04,14955542,15610574,14955542,0.9598,14354740,14344923,14331920,0.85,0.85,0.85,0,0,0,0,0,0
29722392000184,SANTANDER PB FINOR INVESTIMENTO EM INFRAESTRTUTURA RENDA FIXA - FIF RESP LIMITADA,San WM,2023-01-01,43,202603,2026-08-04,156674352,161170153,156674352,0.8866,138909120,135519548,124351027,0.85,0.85,0.85,0,0,8822172,1,0,0
43122017000124,AMG1 KINEA FIF FUNDO INCENTIVADO EM INVESTIMENTO EM DEB DE INFRA RF CP RESP LIMITADA,Kinea,2023-01-01,43,202603,2026-08-04,73738760,87431144,73738760,1.0945,80704857,79344457,78042405,0.85,0.85,0.85,0,0,0,0,0,0
53670651000155,BLUEMOUNTAIN FIF - FUNDO INCENTIVADO EM INVESTIMENTO EM DEB INFRA RF CRÉD PRIV - RESP LIMITADA,IAM,2024-02-01,30,202603,2026-08-04,33188137,32418675,32418675,0.8561,27752314,27611672,27408838,0.85,0.85,0.85,0,0,147036,1,0,0
60938351000170,TCL INFRA JURO REAL FIF FI INCENTIVADO EM DEBÊNTURES DE INFRA RF CRED PRIV RESP LIMITADA,IAM,2025-07-01,13,202603,2026-08-04,21916171,21585147,21585147,0.704,15195672,15158214,15099409,0.67,0.67,0.85,0,0,3247966,0,0,0
45081662000171,BB ITAJU RENDA FIXA FUNDO INCENTIVADO DE INVESTIMENTO FINANCEIRO EM INFRAESTRUTURA  RESP LIMITADA,BB Asset,2023-01-01,43,202603,2026-08-04,29167869,28617034,28617034,0.8632,24701930,24362537,23723635,0.85,0.85,0.85,0,0,600844,1,0,0
52950174000119,POMERÂNIA FIF - FUNDO INCENTIVADO EM INVESTIMENTO EM DEB DE INFRA RF CRED PRIV - RESP LIMITADA,IAM,2023-12-01,32,202603,2026-08-04,31028160,30821104,30821104,0.8772,27035492,26875750,26676339,0.85,0.85,0.85,0,0,0,1,0,0
53623218000169,MONDRIAN FIF - FUNDO INCENTIVADO EM INVESTIMENTO DEB INFRA RF CRED PRIV - RESP LIMITADA,IAM,2024-02-01,30,202603,2026-08-04,25336189,25171211,25171211,0.8699,21895670,21783900,21634438,0.85,0.85,0.85,0,0,0,1,0,0
54152157000161,GUPEX FUNDO INCENTIVADO DE INVESTIMENTO EM INFRAESTRUTURA RENDA FIXA - CRÉDITO PRIVADO,BTG WM,2024-03-01,29,202603,2026-08-04,64884718,64358852,64358852,0.8631,55549535,55350366,54966581,0.85,0.85,0.85,0,0,0,0,0,0
42321494000156,GENEVE RENDA FIXA CLASSE INCENTIVADA DE  INVESTIMENTO EM INFRAESTRUTURA - RESP LIMITADA,UBS,2023-01-01,43,202603,2026-08-04,55260842,56991900,55260842,0.9071,50127963,49254025,48044585,0.85,0.85,0.85,0,0,0,1,0,0
53520749000126,NINA FIF INVESTIMENTO EM INFRAESTRUTURA CI EM INFRAESTRUTURA RENDA FIXA RESPONSABILIDADE LIMITADA,Safra Asset,2024-08-01,24,202603,2026-08-04,13780732,13938730,13780732,0.878,12099329,12099329,11932914,0.85,0.85,0.85,0,0,0,0,0,0
49414058000170,ESTEVÃO FUNDO INCENTIVADO DE INVESTIMENTO FINANCEIRO EM INFRAESTRUTURA RENDA FIXA,BTG WM,2023-02-01,42,202603,2026-08-04,87471186,88013914,87471186,0.8785,76845109,75752119,74192991,0.85,0.85,0.85,0,0,157517,1,0,0
52810847000135,BOULDER FIF - FUNDO INCENTIVADO EM INVESTIMENTO EM DEB DE INFRA RF CRÉD PRIV - RESP LIMITADA,IAM,2023-11-01,33,202603,2026-08-04,23585490,23142822,23142822,0.8777,20311857,20213081,20091448,0.85,0.85,0.85,0,0,0,1,0,0
50099740000103,BB MYNA II INFRA RENDA FIXA FUNDO INCENTIVADO DE INVESTIMENTO FINANCEIRO EM INFRAESTRUTURA RESP LIM,BB Asset,2023-06-01,38,202603,2026-08-04,52351605,53898630,52351605,0.9138,47837247,47774044,47699008,0.85,0.85,0.85,0,0,0,0,0,0
61944498000135,BALDER II FIF - CLASSE DE INVESTIMENTO RENDA FIXA INCENTIVADO DE INVESTIMENTO EM INFRAESTRUTURA,BRAM,2025-08-01,12,202603,2026-08-04,59421194,58794376,58794376,0.7066,41541361,41516209,41430613,0.67,0.67,0.85,0,0,8544607,0,0,0
59655567000149,SANTANDER PB EGL371 INVESTIMENTO EM INFRAESTRUTURA RENDA FIXA - FIF RESP LIMITADA,San WM,2025-04-01,16,202603,2026-08-04,14974701,14991511,14974701,0.6919,10360433,10345438,10331882,0.67,0.67,0.85,0,0,2396614,0,0,0
41710510000130,GFO KINEA FIF FUNDO INCENTIVADO EM INV EM DEB DE INFRA RF CRED PRIV RESP LIMITADA,Kinea,2023-01-01,43,202603,2026-08-04,51498416,51409014,51409014,0.8744,44949726,44190167,43479031,0.85,0.85,0.85,0,0,218631,0,0,0
59817810000188,BB ÍCARO INFRA IV RENDA FIXA FUNDO INCENTIVADO DE INVESTIMENTO FINANCEIRO EM INFRAESTRUTURA RESP LIM,BB Asset,2025-05-01,15,202603,2026-08-04,41232084,40191712,40191712,0.7672,30834390,30694417,30545622,0.67,0.67,0.85,0,0,3617333,0,0,0
37828591000108,LMP KINEA FIF FUNDO INCENTIVADO EM INVESTIMENTO EM DEB DE INFRA RF CP RESP LIMITADA,Kinea,2023-01-01,43,202603,2026-08-04,37635680,37531252,37531252,0.873,32763528,32203952,31666928,0.85,0.85,0.85,0,0,234636,0,0,0
54405192000145,ALHAMBRA FIF - FUNDO INCENTIVADO EM INV EM DEB DE INFRA RENDA FIXA CRÉD PRIV - RESP LIMITADA,IAM,2024-04-01,28,202603,2026-08-04,29304925,33081075,29304925,0.9286,27213031,26981232,26793735,0.85,0.85,0.85,0,0,0,1,0,0
53413051000101,FLAMBOYANT FIF - FUNDO INCENTIVADO EM INVESTIMENTO EM DEB DE INFRA RF CRÉD PRIV - RESP LIMITADA,IAM,2024-01-01,31,202603,2026-08-04,22931192,22232023,22232023,0.8802,19569010,19431020,19247761,0.85,0.85,0.85,0,0,0,1,0,0
58530089000188,PETTAINFRA FIF INV EM INFRAESTRUTURA CLASSE DE INVEST EM INFRAESTRUTURA RENDA FIXA RESP LIMITADA,Safra Asset,2025-09-01,11,202603,2026-08-04,21460595,21101421,21101421,0.6791,14330613,14284018,14147786,0.67,0.67,0.67,0,0,0,0,0,0
53109857000100,SANTANDER PB MTR 03 INVESTIMENTO EM INFRAESTRUTURA RENDA FIXA - FIF RESP LIMITADA,San WM,2024-03-01,29,202603,2026-08-04,31395391,31347793,31347793,0.8943,28034176,28013255,27896767,0.85,0.85,0.85,0,0,0,0,0,0
54251235000185,FELIXSTOWE FUNDO INCENTIVADO DE INVESTIMENTO EM INFRAESTRUTURA RENDA FIXA,BTG WM,2024-03-01,29,202603,2026-08-04,47680017,47484401,47484401,0.8833,41944896,41142570,40088930,0.85,0.85,0.85,0,0,272811,1,0,0
55053659000106,BB MISURINA INFRA RENDA FIXA FUNDO INCETIVADO DE INVESTIMENTO FINANCEIRO EM INFRA RESP LIMITADA,BB Asset,2024-11-01,21,202603,2026-08-04,28191529,27641004,27641004,0.8975,24808674,24808674,24690183,0.67,0.85,0.85,0,0,0,0,0,0
52968244000166,K1000 FIF - FUNDO INCENTIVADO EM INVESTIMENTO EM DEB INFRA RF CRED PRIV - RESP LIMITADA,IAM,2023-12-01,32,202603,2026-08-04,26655114,25956743,25956743,0.8607,22341545,22232322,22099386,0.85,0.85,0.85,0,0,0,1,0,0
27565982000115,PRECIOSO FUNDO INCENTIVADO DE INVESTIMENTO FINANCEIRO EM INFRAESTRUTURA RENDA FIXA,BTG WM,2023-01-01,43,202603,2026-08-04,31712472,31387946,31387946,0.9031,28346893,27623224,26847816,0.85,0.85,0.85,0,0,0,1,0,0
60503108000129,SANTANDER PB FERREIRA INVESTIMENTO EM INFRAESTRUTURA RENDA FIXA - FIF RESP LIMITADA,San WM,2025-05-01,15,202603,2026-08-04,16389487,15876852,15876852,0.6893,10943462,10920492,10901779,0.67,0.67,0.85,0,0,2593545,0,0,0
54062386000195,JGMX FUNDO INCENTIVADO DE INVESTIMENTO EM INFRAESTRUTURA RENDA FIXA,BTG WM,2024-02-01,30,202603,2026-08-04,33341544,33795643,33341544,0.909,30306185,30097898,29829247,0.85,0.85,0.85,0,0,0,0,0,0
52276849000196,MANIÇOBA FUNDO INCENTIVADO DE INVESTIMENTO FINANCEIRO EM INFRAESTRUTURA RENDA FIXA,BTG WM,2023-09-01,35,202603,2026-08-04,39725384,39348068,39348068,0.8829,34740966,34484387,34004820,0.85,0.85,0.85,0,0,0,0,0,0
59766036000123,BRP GANESH FIF CLASSE DE INVESTIMENTO RF INCENTIVADO DE INVESTIMENTO EM INFRA - RESP LIMITADA,BR Partners,2025-03-01,17,202603,2026-08-04,11338069,11169369,11169369,0.7259,8107616,8043963,7949614,0.67,0.67,0.85,0,0,1544350,1,0,0
61391125000184,SOLEDADE FUNDO INCENTIVADO DE INVESTIMENTO FINANCEIRO EM INFRAESTRUTURA RENDA FIXA,MMZR,2025-07-01,13,202603,2026-08-04,10515631,10323304,10323304,0.6843,7064242,7004477,6944711,0.67,0.67,0.85,0,0,1830097,1,0,0
51982216000130,GGTJ FIF INVEST EM INFRA CLASSE DE INVESTIMENTO RENDA FIXA EM INFRAESTRUTURA RESP LIMITADA,Safra Asset,2024-04-01,28,202603,2026-08-04,47193834,46751671,46751671,0.9073,42416850,42373915,42303184,0.85,0.85,0.85,0,0,0,0,0,0
53372590000140,LIMA EVALDT FIF - FUNDO INCENTIVADO EM INVESTIMENTO EM DEB DE INFRA RF CRÉD PRIV - RESP LIMITADA,IAM,2024-02-01,30,202603,2026-08-04,25591267,25434477,25434477,0.8925,22699273,22545683,22369189,0.85,0.85,0.85,0,0,0,1,0,0
58341471000143,BB MARATONA INFRA RENDA FIXA FUNDO INCENTIVADO DE INVESTIMENTO FINANCEIRO EM INFRAESTRUTURA RESP LIM,BB Asset,2025-03-01,17,202603,2026-08-04,11767069,11584752,11584752,0.7185,8323235,8306908,8288202,0.67,0.67,0.85,0,0,1558838,0,0,0
57552335000130,ALZIR FIF - FUNDO INCENTIVADO EM INVESTIMENTO EM DEBÊNTURES DE INFRA RF CRED PRIV RESP LIMITADA,IAM,2024-11-01,21,202603,2026-08-04,18180823,18664121,18180823,0.8918,16214333,16137738,16033541,0.67,0.85,0.85,0,0,0,1,0,0
58174371000170,FUNDO DE INVESTIMENTO FINANCEIRO RF INCENTIVADO DE INVESTIMENTO EM INFRA PINA,BRAM,2025-05-01,15,202603,2026-08-04,51511144,50274391,50274391,0.8089,40668094,40568896,39716900,0.67,0.67,0.85,0,0,3016333,0,0,0
54106504000110,MTR04 FIF INVESTIMENTO EM INFRAESTRUTURA CI EM INFRAESTRUTURA RENDA FIXA RESPONSABILIDADE LIMITADA,Safra Asset,2024-03-01,29,202603,2026-08-04,36864802,36165575,36165575,0.8813,31871266,31871266,31532279,0.85,0.85,0.85,0,0,0,0,0,0
59941697000148,SANTANDER PB JCE INVESTIMENTO EM INFRAESTRUTURA RENDA FIXA - FIF RESP LIMITADA,San WM,2025-05-01,15,202603,2026-08-04,15322067,15427770,15322067,0.7029,10770217,10755261,10742241,0.67,0.67,0.85,0,0,2281516,0,0,0
61268857000181,SEG FUNDO INCENTIVADO DE INVESTIMENTO FINANCEIRO EM INFRAESTRUTURA RENDA FIXA,BTG WM,2025-06-01,14,202603,2026-08-04,22013207,21700479,21700479,0.7816,16962160,16826544,16516857,0.67,0.67,0.85,0,0,1928550,0,0,0
55052860000160,BB EPM INFRA RENDA FIXA FUNDO INCENTIVADO DE INVESTIMENTO FINANCEIRO EM INFRAESTRUTURA RESP LIMITADA,BB Asset,2024-06-01,26,202603,2026-08-04,34193808,33980285,33980285,0.9139,31053739,30945103,30825425,0.85,0.85,0.85,0,0,0,0,0,0
61199023000161,SANTANDER PB EMMANUEL INVESTIMENTO EM INFRA RENDA FIXA - FIF RESP LIMITADA,San WM,2025-06-01,14,202603,2026-08-04,15754930,15034988,15034988,0.7749,11651179,11601747,11494926,0.67,0.67,0.85,0,0,1284814,0,0,0
27782888000118,SAFRA INFRAESTRUTURA PREMIUM PROFISSIONAL FIF INV EM INFRAESTRUTURA CI EM INFRA RF RESP LIMITADA,Safra Asset,2023-01-01,43,202603,2026-08-04,26394062,27936745,26394062,0.8842,23336463,22947071,21657922,0.85,0.85,0.85,0,0,777031,0,0,0
59054402000111,PALÁDIO FIF INVESTIMENTO EM INFRAESTRUTURA CLASSE DE INVESTIMENTO EM INFRAESTRUTURA RF RESP LIMITADA,Safra Asset,2025-01-01,19,202603,2026-08-04,22857367,22486469,22486469,0.8762,19702936,19303987,19142903,0.67,0.85,0.85,0,0,0,0,0,0
61794817000173,SANTANDER PB GLADIATOR INVESTIMENTO EM INFRA RENDA FIXA - FIF RESP LIMITADA,San WM,2025-08-01,12,202603,2026-08-04,10587070,12529319,10587070,0.8308,8796211,8758263,8751647,0.67,0.67,0.85,0,0,247363,0,0,0
50840386000118,BB SUCCESSION RF FUNDO INCENTIVADO DE INVESTIMENTO FINANCEIRO EM INFRAESTRUTURA RESP LIMITADA,BB Asset,2023-09-01,35,202603,2026-08-04,43778197,43216180,43216180,0.8574,37053009,36937000,36759293,0.85,0.85,0.85,0,0,0,0,0,0
53827910000109,BB MONTANHA MÁGICA INFRA RENDA FIXA FUNDO INCENTIVADO DE INVESTIMENTO FINANCEIRO EM INFRA RESP LIMIT,BB Asset,2024-03-01,29,202603,2026-08-04,46642578,45988440,45988440,0.8589,39497348,39455888,38744855,0.85,0.85,0.85,0,0,345319,0,0,0
57033161000107,BB MMH INFRA RENDA FIXA FUNDO INCENTIVADO DE INVESTIMENTO FINANCEIRO EM INFRAESTRUTURA RESP LIMITADA,BB Asset,2025-05-01,15,202603,2026-08-04,30957207,26043986,26043986,0.7231,18833449,18784233,18692586,0.67,0.67,0.85,0,0,3444803,0,0,0
56886239000165,NELFO FIF FUNDO INCENTIVADO EM INVESTIMENTO EM DEB DE INFRA RF CRED PRIV RESP LIMITADA,IAM,2024-09-01,23,202603,2026-08-04,18589129,20788572,18589129,0.9254,17202678,17124390,17012761,0.67,0.85,0.85,0,0,0,1,0,0
54007648000119,COSENZA FIF FUNDO INCENTIVADO EM INVEST EM DEB DE INFRAESTRUTURA RENDA FIXA CRÉD PRIV RESP LIMITADA,IAM,2024-03-01,29,202603,2026-08-04,25727137,25566822,25566822,0.8568,21906623,21779372,21633750,0.85,0.85,0.85,0,0,98049,1,0,0
23884614000189,UBS 1630 FUNDO DE INVESTIMENTO EM INFRAESTRUTURA - RENDA FIXA CREDITO PRIVADO RESP LIMITADA,UBS,2023-01-01,43,202603,2026-08-04,38970594,37537994,37537994,0.869,32620420,32501999,32246473,0.85,0.85,0.85,0,0,0,0,0,0
55344166000117,RIO BRAVO ESG IS MASTER III  FUNDO DE INVESTIMENTO FINANCEIRO RENDA FIXA,Rio Bravo,2024-07-01,25,202603,2026-08-04,73370259,75502969,73370259,0.8986,65931042,65266262,62084370,0.85,0.85,0.85,0,0,280350,0,0,0
53018805000129,MCFAMILY KINEA FIF - FUNDO INCENTIVADO EM INVESTIMENTO EM DEB DE INFRA RF CRÉD PRIV - RESP LIMITADA,Kinea,2023-12-01,32,202603,2026-08-04,48156235,48079779,48079779,0.8772,42177622,41447621,40762135,0.85,0.85,0.85,0,0,105677,0,0,0
57279886000171,UBS EVOLUTION FASSIS FUNDO DE INVESTIMENTO EM INFRAESTRUTURA  RENDA FIXA CRED PRIV RESP LIMITADA,UBS,2025-04-01,16,202603,2026-08-04,24253715,27217532,24253715,0.8233,19968482,19923326,19799540,0.67,0.67,0.85,0,0,816118,0,0,0
32485590000186,TIVIO PLUS FIF - CI RENDA FIXA INCENTIVADO INVESTIMENTO EM INFRAESTRUTURA - RESP LIMITADA,Tivio,2023-01-01,43,202603,2026-08-04,43062557,45071979,43062557,0.9271,39922627,38611347,35578704,0.85,0.85,0.85,0,0,1024469,0,0,0
54332024000177,ITAÚ PVT PJ DEBÊNTURES INCENTIVADAS FIF INCENTIVADO EM INFRAESTRUTURA RF CRED PRIV RESP LIMITADA,IAM,2024-09-01,23,202603,2026-08-04,16098720,18599308,16098720,0.9411,15149993,15085814,15004845,0.67,0.85,0.85,0,0,0,1,0,0
57190762000115,INTER INFRA MASTER II FIF INCENTIVADO DE INVESTIMENTO EM INFRA RENDA FIXA RESP LIMITADA,Inter,2024-10-01,22,202603,2026-08-04,36543923,36634802,36543923,0.9398,34342649,34166032,33776062,0.67,0.85,0.85,0,0,0,0,0,0
54179046000149,MAWA KINEA FIF - FUNDO INCENTIVADO EM INVESTIMENTO DEB INFRA RF CRED PRIV - RESP LIMITADA,Kinea,2024-03-01,29,202603,2026-08-04,34250871,34181904,34181904,0.8666,29622259,29173682,28732645,0.85,0.85,0.85,0,0,321973,0,0,0
26142614000100,DAYCOVAL DEBÊNTURES INCENTIVADAS FUNDO DE INVESTIMENTO FINANCEIRO,Daycoval,2023-01-01,43,202603,2026-08-04,33001081,34475476,33001081,0.9012,29740475,28979505,27214027,0.85,0.85,0.85,0,0,836891,0,0,0
58930938000190,JOURNEY CAPITAL 80 FUNDO INCENTIVADO DE INVESTIMENTO FINANCEIRO EM  INFRAESTRUTURA RENDA FIXA,Journey,2025-04-01,16,202603,2026-08-04,5438927,5901119,5438927,0.9515,5175142,4698410,4201042,0.67,0.67,0.85,0,0,422046,1,0,0
55069151000198,KBROTHERS FIF - FUNDO INCENTIVADO EM INVESTIMENTO EM DEB DE INFRA RF CRÉD PRIV - RESP LIMITADA,IAM,2024-05-01,27,202603,2026-08-04,21264459,25387350,21264459,1.1655,24783034,24658921,24473157,0.85,0.85,0.85,0,0,0,1,0,0
54047532000103,BORA CDI FIF - FUNDO INCENTIVADO EM INVESTIMENTO DEB INFRA RF CRED PRIV - RESP LIMITADA,IAM,2024-03-01,29,202603,2026-08-04,15440635,14980498,14980498,0.8946,13401563,13322122,13215797,0.85,0.85,0.85,0,0,0,1,0,0
51766295000142,PSL 4 FUNDO INCENTIVADO DE INVESTIMENTO EM INFRAESTRUTURA RENDA FIXA,BTG WM,2023-08-01,36,202603,2026-08-04,23821641,65843488,23821641,3.3486,79768018,77638663,67950157,0.85,0.85,0.85,0,0,0,0,0,0
62491272000199,BMINVEST FUNDO DE INVESTIMENTO FINANCEIRO RENDA FIXA INVESTIMENTO EM INFRAESTRUTURA - RESP LIMITADA,BR Partners,2026-01-01,7,202603,2026-08-04,10289687,10215322,10215322,0.7829,7997825,7964597,7925466,0.67,0.67,0.67,0,0,0,0,0,0
57813684000168,OCCAM FIF RENDA FIXA INVESTIMENTO EM INFRAESTRUTURA CDI 30 CREDITO PRIVADO RESPONSABILIDADE LIMITADA,Occam,2025-01-01,19,202603,2026-08-04,361450996,501877508,361450996,1.2858,464749941,464133507,463065073,0.67,0.85,0.85,0,0,0,0,0,0
42298902000104,CDLA GESTÃO FINANCEIRA FIF INV EM INFRA CLASSE DE INV EM RENDA FIXA EM INFRAESTRUTURA RESP LIMITADA,Safra Asset,2024-06-01,26,202603,2026-08-04,44140822,43509093,43509093,0.8606,37442458,37362692,37086226,0.85,0.85,0.85,0,0,0,0,0,0
33422113000134,SAFRA GEMINI MASTER FIF INVESTIMENTO EM INFRAESTRUTURA CI EM INFRA RENDA FIXA RESP LIMITADA,Safra Asset,2023-01-01,43,202603,2026-08-04,39252078,43393352,39252078,0.9851,38666537,37889419,36446250,0.85,0.85,0.85,0,0,0,1,0,0
97525452000129,G5 SCB II FIF - CLASSE DE  INVESTIMENTO RENDA FIXA INCENTIVADO EM INFRAESTRUTURA CRÉDITO  PRIVADO,G5,2023-01-01,43,202603,2026-08-04,20236847,20047530,20047530,0.9066,18175639,18071386,17964278,0.85,0.85,0.85,0,0,0,0,0,0
51278597000171,CLAGUFA FUNDO INCENTIVADO DE INVESTIMENTO FINANCEIRO EM INFRAESTRUTURA RENDA FIXA,BTG WM,2023-07-01,37,202603,2026-08-04,56766559,56689307,56689307,0.8699,49313042,48878648,46918647,0.85,0.85,0.85,0,0,1267264,1,0,0
60920222000154,SANTANDER PB A&N STC INVESTIMENTO EM INFRA RENDA FIXA - FIF RESP LIMITADA,San WM,2025-07-01,13,202603,2026-08-04,30819183,30950882,30819183,0.6875,21189164,21158418,21052352,0.67,0.67,0.85,0,0,5143953,0,0,0
54997138000136,G5 FEJUCA FUNDO INCENTIVADO DE INVESTIMENTO EM INFRAESTRUTURA RENDA FIXA CREDITO PRIVADO,G5,2024-08-01,24,202603,2026-08-04,111348176,109141783,109141783,0.8838,96456524,95154944,93663165,0.85,0.85,0.85,0,0,0,1,0,0
54345278000120,OCCAM ATIVO 30 FIF RENDA FIXA INVEST EM INFRAESTRUTURA CRÉDITO PRIVADO RESPONSABILIDADE LIMITADA,Occam,2024-04-01,28,202603,2026-08-04,134845689,163226086,134845689,1.1563,155924955,155681490,155332803,0.85,0.85,0.85,0,0,0,0,0,0
27928267000108,IDA DEBÊNTURES INCENTIVADAS FUNDO INCENTIVADO DE INVESTIMENTO FINANCEIRO EM INFRA RENDA FIXA,BTG WM,2023-01-01,43,202603,2026-08-04,89610918,111596578,89610918,1.2951,116053051,114758294,112611094,0.85,0.85,0.85,0,0,0,1,0,0
57641567000164,UBS EVOLUTION REVALI FI EM INFRAESTRUTURA RENDA FIXA CREDITO PRIVADO RESPONDABILIDADE LIMITADA,UBS,2024-10-01,22,202603,2026-08-04,6987867,18073486,6987867,2.5079,17524995,17239207,16565190,0.67,0.85,0.85,0,0,0,0,0,0
50563729000144,UBS EVOLUTION SERRAMBI FUNDO DE INVESTIMENTO EM INFRAESTRUTURA RENDA FIXA CRÉD PRIV RESP LIMITADA,UBS,2023-06-01,38,202603,2026-08-04,57679645,56924352,56924352,0.8612,49023151,48706409,48472499,0.85,0.85,0.85,0,0,0,0,0,0
57474374000166,G5 ARUBA FUNDO DE INVESTIMENTO FINANCEIRO RENDA FIXA INCENTIVADO DE INVESTIMENTO EM INFRAESTRUTURA,G5,2025-04-01,16,202603,2026-08-04,26616378,26343025,26343025,0.7083,18658746,18487478,18296220,0.67,0.67,0.85,0,0,4095351,0,0,0
59817226000122,BB ESTRELLA INFRA RENDA FIXA FUNDO INCENTIVADO DE INVESTIMENTO FINANCEIRO EM INFRAESTRUTURA RESP LIM,BB Asset,2025-05-01,15,202603,2026-08-04,22454183,21780683,21780683,0.7459,16246858,16152018,15971577,0.67,0.67,0.85,0,0,2542003,0,0,0
50349168000185,LEREMA KINEA FIF FUNDO INCENTIVADO EM INVESTIMENTO EM DEB DE INFRAESTRUTURA RF CP RESP LIMITADA,Kinea,2023-05-01,39,202603,2026-08-04,33781844,33737916,33737916,0.8796,29675612,29171277,28690228,0.85,0.85,0.85,0,0,0,0,0,0
51661677000101,BELVEDERE KINEA FIF FUNDO INCENTIVADO EM INVESTIMENTO EM DEB DE INFRA RF CP RESP LIMITADA,Kinea,2023-08-01,36,202603,2026-08-04,44112904,44061297,44061297,0.8693,38304232,37665220,37053724,0.85,0.85,0.85,0,0,398378,0,0,0
59655459000176,SANTANDER PB GUAIRA INVESTIMENTO EM INFRAESTRUTURA RENDA FIXA - FIF RESP LIMITADA,San WM,2025-04-01,16,202603,2026-08-04,31800789,33006234,31800789,0.8354,26565477,26530867,26513740,0.67,0.67,0.85,0,0,516931,0,0,0
60936335000148,TITANIUM FIF FUNDO INCENTIVADO EM INVESTIMENTO EM DEBÊNTURES DE INFRA RF CRED PRIV RESP LIMITADA,IAM,2025-06-01,14,202603,2026-08-04,2131946,17199331,2131946,7.4988,15986944,15956153,15890097,0.67,0.67,0.85,0,0,0,0,0,0
63190006000199,BB TIQUARA INFRA RENDA FIXA FUNDO INCENTIVADO DE INVESTIMENTO FINANCEIRO EM INFRAESTRUTURA RESP LIM,BB Asset,2025-12-01,8,202603,2026-08-04,11700795,11595616,11595616,0.6933,8039430,8023331,7893495,0.67,0.67,0.67,0,0,0,0,0,0
18679900000172,BRADESCO 392 FIF - CLASSE DE INVESTIMENTO RENDA FIXA INCENTIVADO DE INVESTIMENTO EM INFRAESTRUTURA,BRAM,2023-01-01,43,202603,2026-08-04,7045702,9784340,7045702,1.1214,7901184,6151489,4342159,0.85,0.85,0.85,0,0,1646688,0,0,0
61560810000197,INVISTE FUNDO DE INVESTIMENTO EM INFRAESTRUTURA RENDA FIXA,XPG,2025-09-01,11,202603,2026-08-04,10046904,9714271,9714271,0.6829,6633649,6622507,6441904,0.67,0.67,0.67,0,0,66658,1,0,0
48969047000194,RIZA ÉVORA DEBÊNTURES INCENTIVADAS JUROS ATIVOS F INCENTIVADO DE INVESTIMENTO FINANCEIRO EM INFRA RF,Riza,2023-01-01,43,202603,2026-08-04,91833087,103908740,91833087,1.0367,95202545,94667539,94061287,0.85,0.85,0.85,0,0,0,0,0,0
51334511000180,JUCA FIF INVESTIMENTO EM INFRAESTRUTURA CLASSE DE INVESTIMENTO EM INFRA RENDA FIXA RESP LIMITADA,Safra Asset,2023-07-01,37,202603,2026-08-04,27966241,27918233,27918233,0.8695,24274205,23964932,23263400,0.85,0.85,0.85,0,0,467098,0,0,0
54385101000157,CS EVOLUTION TR FUNDO DE INVESTIMENTO EM INFRAESTRUTURA - RENDA FIXA CRÉDITO PRIVADO RESP LIMITADA,UBS,2024-08-01,24,202603,2026-08-04,35085346,34016778,34016778,0.856,29118909,29018056,28970972,0.85,0.85,0.85,0,0,0,1,0,0
53327343000121,PV INFRA KINEA FIF - FUNDO INCENTIVADO EM INVESTIMENTO EM DEB DE INFRA RF CRÉD PRIV - RESP LIMITADA,Kinea,2024-01-01,31,202603,2026-08-04,42458308,42410467,42410467,0.8663,36738487,36125430,35548409,0.85,0.85,0.85,0,0,500488,0,0,0
59785096000193,SIRIUS FIF CLASSE DE INVESTIMENTO EM INFRAESTRUTURA RENDA FIXA - RESPONSABILIDADE LIMITADA,Oriz,2025-03-01,17,202603,2026-08-04,42835531,37787383,37787383,0.973,36766075,36700510,36583200,0.67,0.67,0.85,0,0,0,0,0,0
61199231000160,SANTANDER PB HILLSIDE INVESTIMENTO EM INFRA RENDA FIXA - FIF RESP LIMITADA,San WM,2025-07-01,13,202603,2026-08-04,16359183,19191606,16359183,0.826,13512358,13496436,13486109,0.67,0.67,0.85,0,0,419196,0,0,0
56224202000171,VMF 3 FIF INV EM INFRAESTRUTURA CLASSE DE INVESTIMENTO EM INFRA RENDA FIXA RESP LIMITADA,Safra Asset,2024-09-01,23,202603,2026-08-04,20420168,20119749,20119749,0.8565,17232129,17232129,17072989,0.67,0.85,0.85,0,0,28797,0,0,0
42420671000151,MCF FIF INVESTIMENTO EM INFRAESTRUTURA CI EM INFRAESTRUTURA RENDA FIXA RESPONSABILIDADE LIMITADA,Safra Asset,2024-07-01,25,202603,2026-08-04,34898682,34348030,34348030,0.8737,30010911,29942215,29873520,0.85,0.85,0.85,0,0,0,0,0,0
54976215000171,AUSTEN FIF FUNDO INCENTIVADO EM INVESTIMENTO EM DEB DE INF RENDA FIXA CRED PRIVADO RESP LIMITADA,IAM,2024-05-01,27,202603,2026-08-04,11261239,17442770,11261239,1.6363,18426971,18338214,18205149,0.85,0.85,0.85,0,0,0,1,0,0
52133916000113,BLACK INFRA KINEA FIF FUNDO INCENTIVADO EM INVESTIMENTO EM DEB DE INFRA RF CRED PRIV RESP LIMITADA,Kinea,2023-09-01,35,202603,2026-08-04,37816037,37755516,37755516,0.8753,33046106,32492082,31972756,0.85,0.85,0.85,0,0,119433,0,0,0
50116962000189,SAFRA DEBÊNTURES PLUS FIF INV EM INFRA  CLASSE DE INVEST EM INFRAESTRUTURA RENDA FIXA RESP LIMITADA,Safra Asset,2023-05-01,39,202603,2026-08-04,27016090,28846571,27016090,0.8805,23787691,23641832,22263350,0.85,0.85,0.85,0,0,700327,1,0,0
61844252000191,SANTANDER PB PARKSIDE INVESTIMENTO EM INFRA RF - FIF RESP LIMITADA,San WM,2025-09-01,11,202603,2026-08-04,12596230,14806577,12596230,0.8487,10690902,10673492,10658279,0.67,0.67,0.67,0,0,0,0,0,0
58651958000122,SANTANDER PB LONDRES INVESTIMENTO EM INFRA RENDA FIXA - FIF RESP LIMITADA,San WM,2025-07-01,13,202603,2026-08-04,11304330,11201651,11201651,0.6824,7644215,7599607,7557723,0.67,0.67,0.85,0,0,1963680,0,0,0
59412482000130,SANTANDER PB ALCHEMY INVESTIMENTO EM INFRAESTRUTURA RENDA FIXA - FIF RESP LIMITADA,San WM,2025-03-01,17,202603,2026-08-04,11098045,11003104,11003104,0.7343,8080068,8064975,8051273,0.67,0.67,0.85,0,0,1301366,0,0,0
56343321000143,BETHIFERANA IN FIF INV EM INFRAESTRUTURA CLASSE DE INVESTIMENTO RENDA FIXA EM INFRA RESP LIMITADA,Safra Asset,2024-08-01,24,202603,2026-08-04,16023423,15804408,15804408,0.8716,13774806,13774806,13774806,0.85,0.85,0.85,0,0,0,0,0,0
42287499000100,PREVI-GM CRÉDITO ESTRUTURADO II FI FINANCEIRO RENDA FIXA CRÉDITO PRIVADO - RESPONSABILIDADE LIMITADA,Capitânia,2023-01-01,43,202603,2026-08-04,39622052,58328696,39622052,1.0323,40901242,40319543,39787658,0.85,0.85,0.85,0,0,0,0,0,0
61584915000186,BB FADO INFRA RENDA FIXA FUNDO INCENTIVADO DE INVESTIMENTO FINANCEIRO EM INFRAESTRUTURA RESP LIM,BB Asset,2025-08-01,12,202603,2026-08-04,58104291,57870908,57870908,0.9594,55523021,55452598,55372443,0.67,0.67,0.85,0,0,0,0,0,0
57536308000173,SUDTIROL INFRA FIF - CI RENDA FIXA INCENTIVADO DE INVESTIMENTO EM INFRAESTRUTURA - RESP LIMITADA,BTG WM,2024-12-01,20,202603,2026-08-04,12633010,12487061,12487061,0.8642,10791480,10745492,10698852,0.67,0.85,0.85,0,0,0,0,0,0
59873582000163,RTR CLASSE DE INVESTIMENTO EM INFRAESTRUTURA RENDA FIXA - RESPONSABILIDADE LIMITADA,Tori 21,2025-05-01,15,202603,2026-08-04,12796674,15020960,12796674,0.8381,10724875,10710149,10697458,0.67,0.67,0.85,0,0,179715,0,0,0
41373706000186,FRATER DEBÊNTURES INCENTIVADAS FUNDO DE INVESTIMENTO FINANCEIRO EM  INFRAESTRUTURA RENDA FIXA,BDR,2023-01-01,43,202603,2026-08-04,66406214,65492784,65492784,0.8706,57016819,55769363,54032069,0.85,0.85,0.85,0,0,1636797,0,0,0
50039659000120,MULTI ENERGIA KINEA FIF FUNDO INCENTIVADO EM INVESTIMENTO EM DEB DE INFRA RF CRED PRIV RESP LIMITADA,Kinea,2023-05-01,39,202603,2026-08-04,30016315,29982579,29982579,0.8803,26395091,25955791,25535653,0.85,0.85,0.85,0,0,0,0,0,0
46098742000100,FL FUNDO INCENTIVADO DE INVEST FINANCEIRO EM  INFRAESTRUTURA RENDA FIXA -  RESPONSABILIDADE LTDA,Galt,2023-01-01,43,202603,2026-08-04,70060699,68756369,68756369,0.869,59750918,58596062,56094989,0.85,0.85,0.85,0,0,2347925,1,0,0
55490066000107,BRP DEBÊNTURES INCENTIVADAS FIF EM INFRA RENDA FIXA CRÉDITO PRIVADO RESPONSABILIDADE LIMITADA,BR Partners,2024-08-01,24,202603,2026-08-04,13216295,13047745,13047745,0.8794,11473594,11388262,10761639,0.85,0.85,0.85,0,0,328945,1,0,0
51010435000158,KINZAN INFRA FUNDO INCENTIVADO DE INVESTIMENTO EM INFRAESTRUTURA RENDA FIXA CRÉDITO PRIVADO,BTG WM,2023-06-01,38,202603,2026-08-04,23663162,25542556,23663162,0.987,23355365,23143343,22716335,0.85,0.85,0.85,0,0,0,1,0,0
62499127000154,SANTANDER PB HAC INVESTIMENTO EM INFRA RENDA FIXA - FIF RESP LIMITADA,San WM,2025-10-01,10,202603,2026-08-04,9828044,9909031,9828044,0.725,7125402,7030606,6781738,0.67,0.67,0.67,0,0,0,1,0,0
23631350000151,ÁGUIA FIF INV EM INFRAESTRUTURA  CLASSE DE INVESTIMENTO EM INFRAESTRUTURA RENDA FIXA RESP LIMITADA,Safra Asset,2023-01-01,43,202603,2026-08-04,14985481,14771116,14771116,0.8816,13022117,12743317,12443417,0.85,0.85,0.85,0,0,112032,0,0,0
50272216000184,SAFIRA FUNDO INCENTIVADO DE INVESTIMENTO FINANCEIRO EM INFRAESTRUTURA RENDA FIXA,BTG WM,2023-04-01,40,202603,2026-08-04,109791465,109291553,109291553,0.8696,95040914,94453910,92782327,0.85,0.85,0.85,0,0,115493,0,0,0
57744696000188,GRIFFO FIF - CLASSE DE INVESTIMENTO RENDA FIXA INFRAESTRUTURA - RESPONSABILIDADE LIMITADA,Oriz,2024-10-01,22,202603,2026-08-04,11508517,11347123,11347123,0.8933,10136253,10055952,9846766,0.67,0.85,0.85,0,0,0,0,0,0
47716553000109,JOURNEY CAPITAL 40 FUNDO DE INVESTIMENTO EM INFRAESTRUTURA RENDA FIXA,Journey,2024-10-01,22,202603,2026-08-04,5206890,5883991,5206890,1.0213,5317703,5261829,4939492,0.67,0.85,0.85,0,0,0,0,0,0
53865931000119,UNIÃO SÃO PAULO KINEA FIF - FUNDO INCENTIVADO EM INV EM DEB INFRA RF CRED PRIV - RESP LIMITADA,Kinea,2024-02-01,30,202603,2026-08-04,32366782,32333186,32333186,0.8699,28127362,27662564,27220215,0.85,0.85,0.85,0,0,262994,0,0,0
47540226000149,LONTRAS II FIF FUNDO INCENTIVADO EM INVESTIMENTO EM DEB DE INFRA RENDA FIXA CRED PRIV RESP LIMITADA,IAM,2023-01-01,43,202603,2026-08-04,1635372,15178471,1635372,15.2955,25013753,24606364,24081810,0.85,0.85,0.85,0,0,0,0,0,0
59511772000130,SANTANDER PB MONTANA INVESTIMENTO EM INFRAESTRUTURA RENDA FIXA - FIF RESP LIMITADA,San WM,2025-03-01,17,202603,2026-08-04,12645149,13112983,12645149,0.7035,8895670,8538788,8430683,0.67,0.67,0.85,0,0,2317694,1,0,0
54872331000140,MABIGIUCA FUNDO INCENTIVADO DE INVESTIMENTO EM INFRAESTRUTURA RENDA FIXA,BTG WM,2024-04-01,28,202603,2026-08-04,18218685,31746611,18218685,1.8072,32925212,32745546,32367943,0.85,0.85,0.85,0,0,0,0,0,0
57771924000109,TAUA FUNDO INCENTIVADO DE INVESTIMENTO FINANCEIRO EM INFRAESTRUTURA RENDA FIXA,BTG WM,2024-10-01,22,202603,2026-08-04,40827584,40943405,40827584,0.9142,37323431,36960079,36498591,0.67,0.85,0.85,0,0,0,0,0,0
44360319000101,HIMALAIA FUNDO INCENTIVADO DE INVESTIMENTO FINANCEIRO EM INFRAESTRUTURA RENDA FIXA,BTG WM,2023-01-01,43,202603,2026-08-04,26524116,26797571,26524116,0.9403,24939753,24680588,23744144,0.85,0.85,0.85,0,0,0,0,0,0
61558612000199,JRD IPCA FIF - CLASSE DE INVESTIMENTO RF INCENTIVADO DE INVESTIMENTO EM INFRAESTRUTURA,BRAM,2025-08-01,12,202603,2026-08-04,14506382,14402086,14402086,0.7666,11040719,11034858,11028580,0.67,0.67,0.85,0,0,1213194,0,0,0
61875090000159,ROMA FUNDO INCENTIVADO DE INVESTIMENTO FINANCEIRO EM INFRAESTRUTURA RENDA FIXA,BTG WM,2025-08-01,12,202603,2026-08-04,21617992,21342920,21342920,0.7733,16503655,16330646,16059281,0.67,0.67,0.85,0,0,2082201,1,0,0
54008987000110,SERRA AZUL KINEA FIF - FUNDO INCENTIVADO EM INVESTIMENTO EM DEB INFRA RF CRÉD PRIV - RESP LIMITADA,Kinea,2024-02-01,30,202603,2026-08-04,28736790,28717107,28717107,0.8653,24848772,24459133,24080230,0.85,0.85,0.85,0,0,329311,0,0,0
51868939000103,MACK INFRA KINEA FIF FUNDO INCENTIVADO EM INVESTIMENTO DEB INFRA RF CRED PRIV - RESP LIMITADA,Kinea,2023-12-01,32,202603,2026-08-04,35195641,35151131,35151131,0.8696,30568672,30067054,29588892,0.85,0.85,0.85,0,0,289569,0,0,0
49624023000166,PSL 3 FUNDO INCENTIVADO DE INVESTIMENTO EM INFRAESTRUTURA RENDA FIXA,BTG WM,2023-02-01,42,202603,2026-08-04,8654059,23473541,8654059,2.5677,22220987,21917566,20706017,0.85,0.85,0.85,0,0,0,1,0,0
62103583000133,ELLAS INFRA FUNDO INCENTIVADO DE INVESTIMENTO FINANCEIRO EM INFRAESTRUTURA RENDA FIXA,Oriz,2025-09-01,11,202603,2026-08-04,18129408,18956611,18129408,0.6879,12471709,12406521,12301304,0.67,0.67,0.67,0,0,0,0,0,0
53390524000100,RIMA KINEA FIF - FUNDO INCENTIVADO EM INVESTIMENTO EM DEB DE INFRA RF CRÉD PRIV - RESP LIMITADA,Kinea,2024-01-01,31,202603,2026-08-04,29308281,29283913,29283913,0.88,25768919,25340908,24933837,0.85,0.85,0.85,0,0,0,0,0,0
50705390000173,SAFE HAVEN INFRA B1 FUNDO INCENTIVADO DE INVESTIMENTO FINANCEIRO EM INFRAESTRUTURA RENDA FIXA,BTG WM,2023-06-01,38,202603,2026-08-04,25873304,25573449,25573449,0.8932,22841329,22510540,22100548,0.85,0.85,0.85,0,0,0,0,0,0
34681760000123,ALH II FIF INVESTIMENTO EM INFRAESTRUTURA CLASSE DE INVESTIMENTO RENDA FIXA EM INFRA RESP LIMITADA,Safra Asset,2024-05-01,27,202603,2026-08-04,27998777,27560467,27560467,0.8948,24659730,24558688,24558688,0.85,0.85,0.85,0,0,0,0,0,0
51181910000159,ALTOPASCIO KINEA FIF FUNDO INCENTIVADO EM INVESTIMENTO EM DEB DE INFRA RF CP RESP LIMITADA,Kinea,2023-08-01,36,202603,2026-08-04,28709309,28688473,28688473,0.8747,25092932,24645534,24214016,0.85,0.85,0.85,0,0,171186,0,0,0
54931987000197,LHOTSE FIF - FUNDO INCENTIVADO EM INVESTIMENTO EM DEBÊNTURES DE INFRA RF CRÉD PRIV - RESP LIMITADA,IAM,2024-05-01,27,202603,2026-08-04,11261141,12413992,11261141,1.0883,12255278,12189938,12091104,0.85,0.85,0.85,0,0,0,1,0,0
52285828000137,ATS KINEA FIF FUNDO INCENTIVADO EM INVESTIMENTO EM DEBÊNTURES DE INFRA RF CRED PRIV RESP LIMITADA,Kinea,2023-09-01,35,202603,2026-08-04,27127555,31610320,27127555,1.4502,39340243,38694544,38080806,0.85,0.85,0.85,0,0,0,0,0,0
54092021000103,PORTO VECCHIO FUNDO INCENTIVADO DE INVESTIMENTO EM INFRAESTRUTURA RENDA FIXA,BTG WM,2024-02-01,30,202603,2026-08-04,20155832,20776840,20155832,0.9177,18497040,18399393,18199907,0.85,0.85,0.85,0,0,0,0,0,0
40054529000102,TOP 388 KINEA FIF FUNDO INCENTIVADO EM INVESTIMENTO EM DEB DE INFRA RF CP RESP LIMITADA,Kinea,2023-01-01,43,202603,2026-08-04,29037080,28989867,28989867,0.8773,25432117,25003764,24606819,0.85,0.85,0.85,0,0,34569,0,0,0
59911193000185,SANTANDER PB CAROPINHA INVESTIMENTO EM INFRAESTRUTURA RENDA FIXA - FIF RESP LIMITADA,San WM,2025-04-01,16,202603,2026-08-04,10692033,10481372,10481372,0.7251,7599991,7587819,7578667,0.67,0.67,0.85,0,0,1330499,0,0,0
53776163000127,SANTANDER PB EVOLUTION 6875 INVESTIMENTO EM INFRAESTRUTURA RENDA FIXA - FIF RESP LIMITADA,San WM,2024-07-01,25,202603,2026-08-04,28242118,30082712,28242118,0.9285,26223190,26142226,24224630,0.85,0.85,0.85,0,0,0,0,0,0
54104763000101,BROMÉLIA FUNDO INCENTIVADO DE INVESTIMENTO EM INFRAESTRUTURA RENDA FIXA,BTG WM,2024-03-01,29,202603,2026-08-04,22336361,22175274,22175274,0.8732,19362432,19286294,19147339,0.85,0.85,0.85,0,0,0,0,0,0
52046394000112,ACIN KINEA FIF FUNDO INCENTIVADO EM INVESTIMENTO EM DEBÊNTURES DE INFRA RF CRED PRIV RESP LIMITADA,Kinea,2023-09-01,35,202603,2026-08-04,29650944,29638188,29638188,0.8746,25921737,25484265,25064952,0.85,0.85,0.85,0,0,127508,0,0,0
24601713000179,PLURAL MASTER II DEB INCENTIVADAS CRÉDITO PRIVADO FIF RENDA FIXA INVESTIMENTO EM INFRAESTRUTURA - RL,Plural,2023-01-01,43,202603,2026-08-04,111321009,117196300,111321009,0.9267,103159155,100941397,94141602,0.85,0.85,0.85,0,0,481255,1,0,0
61390937000105,VINCO FUNDO INCENTIVADO DE INVESTIMENTO FINANCEIRO EM INFRAESTRUTURA RENDA FIXA,Oriz,2025-07-01,13,202603,2026-08-04,14947841,14720434,14720434,0.6817,10035349,9975007,9439283,0.67,0.67,0.85,0,0,3073086,0,0,0
61080007000155,EVOLUTION ALT FUNDO INCENTIVADO DE INVESTIMENTO FINANCEIRO EM INFRAESTRUTURA RENDA FIXA,Altera,2025-06-01,14,202603,2026-08-04,7670925,27741256,7670925,4.8211,36982455,36903022,36808014,0.67,0.67,0.85,0,0,0,0,0,0
51365675000175,QUARTZO KINEA FIF FUNDO INCENTIVADO EM INVESTIMENTO EM DEB DE INFRA RF CRED PRIV RESP LIMITADA,Kinea,2023-08-01,36,202603,2026-08-04,29819549,29785128,29785128,0.8692,25888584,25454769,25049000,0.85,0.85,0.85,0,0,268359,0,0,0
53962215000150,ITAPEVA FIF  FUNDO INC EM INVESTIMENTO EM DEB DE INFRA RF CRED PRIV - RESP LIMITADA,IAM,2024-03-01,29,202603,2026-08-04,18246242,18136489,18136489,0.8733,15837726,15753382,15647187,0.85,0.85,0.85,0,0,0,1,0,0
54174048000145,SFX FUNDO DE INVESTIMENTO FINANCEIRO MULTIMERCADO,BTG WM,2024-03-01,29,202603,2026-08-04,9763380,9664442,9664442,0.8721,8427899,8394191,8347747,0.85,0.85,0.85,0,0,0,0,0,0
50642928000148,OLIVA KINEA FIF FUNDO INCENTIVADO EM INVESTIMENTO EM DEB DE INFRA RF CP RESP LIMITADA,Kinea,2023-05-01,39,202603,2026-08-04,25644755,25614288,25614288,0.8787,22506633,22129759,21770947,0.85,0.85,0.85,0,0,1198,0,0,0
54070861000175,MG INFRA KINEA FIF - FUNDO INCENTIVADO EM INVESTIMENTO EM DEB INFRA RF CRÉD PRIV - RESP LIMITADA,Kinea,2024-03-01,29,202603,2026-08-04,22827007,22808721,22808721,0.8663,19759973,19448295,19146776,0.85,0.85,0.85,0,0,240637,0,0,0
58069072000175,BERNESE 2 FIF CLASSE DE INVESTIMENTO RENDA FIXA EM INFRAESTRUTURA RESPONSABILIDADE LIMITADA,Safra Asset,2024-12-01,20,202603,2026-08-04,23045657,23343547,23045657,0.9221,21249688,21232387,21210989,0.67,0.85,0.85,0,0,0,0,0,0
44229915000149,UBS EVOLUTION MAJESTY FUNDO DE INVESTIMENTO EM INFRAESTRUTURA RENDA FIXA CRÉD PRIV RESP LIMITADA,UBS,2023-11-01,33,202603,2026-08-04,25578947,25290537,25290537,0.8642,21855138,21780593,21658648,0.85,0.85,0.85,0,0,0,1,0,0
53503230000130,ALPESTRE 3 KINEA FIF - FUNDO INCENTIVADO EM INVESTIMENTO EM DEB INFRA RF CRÉD PRIV- RESP LIMITADA,Kinea,2024-02-01,30,202603,2026-08-04,23369692,23338528,23338528,0.8698,20298686,19957590,19634925,0.85,0.85,0.85,0,0,202824,0,0,0
53991547000162,IMPÉRIO KINEA FIF - FUNDO INCENTIVADO EM INV DEB INFRA RF CRED PRIV - RESP LIMITADA,Kinea,2024-02-01,30,202603,2026-08-04,22913502,22886236,22886236,0.866,19818526,19482439,19162253,0.85,0.85,0.85,0,0,291047,0,0,0
55387239000158,THANOS FUNDO INCENTIVADO DE INVESTIMENTO EM INFRAESTRUTURA RENDA FIXA,Vêneto,2024-06-01,26,202603,2026-08-04,25726858,34050296,25726858,1.2051,31004709,30780059,30403546,0.85,0.85,0.85,0,0,0,0,0,0
53180560000131,BB AFAM INFRA RF FUNDO INCENTIVADO DE INVESTIMENTO FINANCEIRO EM INFRAESTRUTURA RESP LIMITADA,BB Asset,2024-02-01,30,202603,2026-08-04,106805204,105580213,105580213,0.8623,91038616,90946756,90891834,0.85,0.85,0.85,0,0,0,0,0,0
53655857000106,XPTO KINEA FUNDO DE INVESTIMENTO FINANCEIRO - FUNDO INC EM INV EM DEB DE INFRA RF CP - RESP LIMITADA,Kinea,2024-02-01,30,202603,2026-08-04,23116754,23084935,23084935,0.8691,20063783,19723714,19400347,0.85,0.85,0.85,0,0,221848,0,0,0
53313437000141,FNM KINEA FIF - FUNDO INCENTIVADO EM INVESTIMENTO EM DEB DE INFRA RF CRÉD PRIV - RESP LIMITADA,Kinea,2024-01-01,31,202603,2026-08-04,29167033,29135718,29135718,0.866,25230744,24810885,24415753,0.85,0.85,0.85,0,0,349607,0,0,0
62751026000129,SANTANDER PB MSB INVESTIMENTO EM INFRAESTRUTURA RENDA FIXA - FIF RESP LIMITADA,San WM,2025-10-01,10,202603,2026-08-04,18040707,17963964,17963964,0.6857,12317603,12313654,12309705,0.67,0.67,0.67,0,0,0,1,0,0
61141069000120,BB RMP INFRA RENDA FIXA FUNDO INCENTIVADO DE INVESTIMENTO FINANCEIRO EM INFRAESTRUTURA RESP LIMITADA,BB Asset,2025-07-01,13,202603,2026-08-04,24897141,23124594,23124594,0.7891,18247673,17948144,17872325,0.67,0.67,0.85,0,0,1783580,0,0,0
54279549000196,SUNO INFRA DEBÊNTURES MASTER II FUNDO INCENTIVADO INVESTIMENTO EM INFRA RENDA FIXA CRÉDITO PRIVADO,Suno,2024-03-01,29,202603,2026-08-04,37940780,37474253,37474253,0.8944,33516822,33002351,32445519,0.85,0.85,0.85,0,0,0,0,0,0
50926941000129,TIWA KINEA FIF FUNDO INCENTIVADO EM INVESTIMENTO EM DEB DE INFRA RF CP RESP LIMITADA,Kinea,2023-06-01,38,202603,2026-08-04,24036743,24008432,24008432,0.8733,20967193,20611134,20276498,0.85,0.85,0.85,0,0,130669,0,0,0
59817381000149,BB MDA INFRA RENDA FIXA FUNDO INCENTIVADO DE INVESTIMENTO FINANCEIRO EM INFRAESTRUTURA RESP LIM,BB Asset,2025-06-01,14,202603,2026-08-04,16154988,16069947,16069947,0.7462,11991567,11974954,11827588,0.67,0.67,0.85,0,0,1831867,0,0,0
55196480000108,FIF - CLASSE DE INVESTIMENTO  RENDA FIXA INCENTIVADO DE INVESTIMENTO EM INFRAESTRUTURA VARNA 2,BRAM,2024-06-01,26,202603,2026-08-04,14371914,15809241,14371914,1.1399,16382168,16266079,15817695,0.85,0.85,0.85,0,0,0,0,0,0
48969821000167,SUNO INFRA DEBENTURES MASTER I FUNDO INCENTIVADO DE INVESTIMENTO FINANCEIRO EM INFRAESTRUTURA RF,Suno,2023-01-01,43,202603,2026-08-04,31290455,33129629,31290455,0.8753,27387114,26775517,25259827,0.85,0.85,0.85,0,0,1337060,0,0,0
51637707000144,TOP MB KINEA FIF FUNDO INCENTIVADO EM INVESTIMENTO EM DEB DE INFRA RF CRED PRIV RESP LIMITADA,Kinea,2023-08-01,36,202603,2026-08-04,28252474,28228340,28228340,0.873,24643607,24211489,23798659,0.85,0.85,0.85,0,0,195430,0,0,0
53448154000107,P3K KINEA FIF - FUNDO INCENTIVADO EM INVESTIMENTO EM DEB DE INFRA RF CRÉD PRIV - RESP LIMITADA,Kinea,2024-01-01,31,202603,2026-08-04,22346226,22320067,22320067,0.87,19419368,19090109,18780471,0.85,0.85,0.85,0,0,191586,0,0,0
52882840000129,URTIGA KINEA INFRA FIF FUNDO INCENTIVADO EM INVESTIMENTO EM DEB DE INFRA RF CRED PRIV RESP LIMITADA,Kinea,2023-11-01,33,202603,2026-08-04,29750836,29719180,29719180,0.8717,25906895,25481085,25071581,0.85,0.85,0.85,0,0,189722,0,0,0
51381641000174,SAINT ANTHONY KINEA FIF FUNDO INCENTIVADO EM INVESTIMENTO EM DEB DE INFRA RF CP RESP LIMITADA,Kinea,2023-07-01,37,202603,2026-08-04,24624280,24594690,24594690,0.8688,21367767,21008214,20670018,0.85,0.85,0.85,0,0,235469,0,0,0
51383310000173,NEOGREEN KINEA FIF FUNDO INCENTIVADO EM INVESTIMENTO EM DEB DE INFRA RF CRED PRIV RESP LIMITADA,Kinea,2023-07-01,37,202603,2026-08-04,24618640,24587447,24587447,0.8692,21372305,21012576,20673968,0.85,0.85,0.85,0,0,225361,0,0,0
53509435000122,FAMILIA 8 FIF INVEST EM INFRA CLASSE DE INVESTIMENTO RENDA FIXA EM INFRAESTRUTURA RESP LIMITADA,Safra Asset,2024-01-01,31,202603,2026-08-04,9365977,9255667,9255667,0.8885,8223342,8148727,8148727,0.85,0.85,0.85,0,0,0,0,0,0
51161157000130,JOHN GALT KINEA FIF FUNDO INCENTIVADO EM INVESTIMENTO EM DEB DE INFRA RF CP RESP LIMITADA,Kinea,2023-07-01,37,202603,2026-08-04,24692605,24665985,24665985,0.8692,21439124,21079340,20740507,0.85,0.85,0.85,0,0,225581,0,0,0
53552316000152,NAVONA KINEA FIF - FUNDO INCENTIVADO EM INVESTIMENTO EM DEB DE INFRA RF CRED PRIV - RESP LIMITADA,Kinea,2024-01-01,31,202603,2026-08-04,22028025,22003548,22003548,0.8695,19132216,18814290,18510661,0.85,0.85,0.85,0,0,192355,0,0,0
53971385000109,DROLHOS KINEA FIF FUNDO INCENTIVADO EM INV EM DEB DE INFRA RF CRÉD PRIV - RESPONSABILIDADE LIMITADA,Kinea,2024-02-01,30,202603,2026-08-04,23063492,23037826,23037826,0.869,20019944,19678843,19353599,0.85,0.85,0.85,0,0,228553,0,0,0
58440238000118,HERITAGE RUBY MASTER FUNDO DE INVESTIMENTO FINANCEIRO RF FI-INFRA CP RESP LIMT,Heritage,2025-02-01,18,202603,2026-08-04,61433434,66854785,61433434,0.8771,53886219,53400165,52213691,0.67,0.85,0.85,0,0,4728,0,0,0
53294214000184,FAROL DE ITÚ KINEA FIF FUNDO INCENTIVADO EM INVESTIMENTO EM DEB INFRA RF CRED PRIV - RESP LIMITADA,Kinea,2024-01-01,31,202603,2026-08-04,23451056,23440033,23440033,0.8704,20402817,20060324,19734826,0.85,0.85,0.85,0,0,189202,0,0,0
51357586000187,SHIRA 3 FUNDO DE INV FINANCEIRO INV EM INFRA CLASSE DE INVEST EM INFRA RENDA FIXA RESP LIMITADA,Safra Asset,2024-01-01,31,202603,2026-08-04,25148043,24738838,24738838,0.8912,22046867,21817524,21588248,0.85,0.85,0.85,0,0,0,0,0,0
61622654000141,SANTANDER PB PINHAL INVESTIMENTO EM INFRAESTRUTURA RENDA FIXA - FIF RESP LIMITADA,San WM,2025-07-01,13,202603,2026-08-04,11278480,10896659,10896659,0.7575,8254196,8249750,8249750,0.67,0.67,0.85,0,0,1012411,0,0,0
50890486000159,IMSM KINEA FIF FUNDO INCENTIVADO EM INVESTIMENTO EM DEB DE INFRA RF CRÉDITO PRIVADO RESP LIMITADA,Kinea,2023-06-01,38,202603,2026-08-04,22557053,22530800,22530800,0.8737,19685952,19356901,19044498,0.85,0.85,0.85,0,0,106681,0,0,0
61643116000133,CASTELNUOVO KINEA FIF FI INCENTIVADO EM DEBÊNTURES DE INFRA RENDA FIXA CRÉDITO PRIVADO RESP LIMITADA,Kinea,2025-07-01,13,202603,2026-08-04,27486304,27432974,27432974,0.8771,24061746,23662220,23280701,0.67,0.67,0.85,0,0,37327,0,0,0
53312814000128,FCS KINEA FIF - FUNDO INCENTIVADO EM INVESTIMENTO EM DEB DE INFRA RF CRÉDITO PRIVADO - RESP LIMITADA,Kinea,2024-01-01,31,202603,2026-08-04,23459340,23438092,23438092,0.8691,20369117,20027672,19708899,0.85,0.85,0.85,0,0,213479,0,0,0
52909503000188,LIDERA KINEA INFRA FIF FUNDO INCENTIVADO EM INVESTIMENTO EM DEB INFRA RF CRED PRIV - RESP LIMITADA,Kinea,2023-12-01,32,202603,2026-08-04,24092440,24069826,24069826,0.8722,20992905,20642866,20308592,0.85,0.85,0.85,0,0,150760,0,0,0
61690166000171,MELMAX FIF - CI RF INCENTIVADO DE INVESTIMENTO EM INFRAESTRUTURA - RESP LIMITADA,BRAM,2025-09-01,11,202603,2026-08-04,14655686,14203809,14203809,0.6902,9803585,9799864,9795877,0.67,0.67,0.67,0,0,0,0,0,0
52982533000110,AMANA KINEA FIF - FUNDO INCENTIVADO EM INVESTIMENTO EM DEB INFRA RF CRED PRIV RESP LIMITADA,Kinea,2023-12-01,32,202603,2026-08-04,24072941,24046677,24046677,0.8721,20972081,20622611,20289202,0.85,0.85,0.85,0,0,150473,0,0,0
54333128000104,RIVIERA FUNDO INCENTIVADO DE INVESTIMENTO EM INFRAESTRUTURA RENDA FIXA,BTG WM,2024-06-01,26,202603,2026-08-04,20760318,23627462,20760318,0.976,20262386,20188655,20049731,0.85,0.85,0.85,0,0,0,0,0,0
51033302000105,TORRES KINEA FIF FUNDO INCENTIVADO EM INVESTIMENTO EM DEB DE INFRA RF CP RESP LIMITADA,Kinea,2023-06-01,38,202603,2026-08-04,22549231,22523030,22523030,0.8748,19702359,19374397,19066561,0.85,0.85,0.85,0,0,78014,0,0,0
62214375000101,FGX FUNDO INCENTIVADO DE INVESTIMENTO FINANCEIRO EM INFRAESTRUTURA RENDA FIXA,BTG WM,2025-08-01,12,202603,2026-08-04,17385416,15463389,15463389,0.7782,12032917,11963486,11767631,0.67,0.67,0.85,0,0,1376250,0,0,0
59349634000105,COMANDATUBA FUNDO INCENTIVADO DE INVESTIMENTO FINANCEIRO EM INFRAESTRUTURA,BTG WM,2025-03-01,17,202603,2026-08-04,23829664,24059662,23829664,0.6812,16233031,16192701,15813819,0.67,0.67,0.85,0,0,4441395,1,0,0
63079371000120,VISTA DEBENTURES INCENTIVADAS FUNDO DE INVESTIMENTO FINANCEIRO EM INFRAESTRUTURA RENDA FIXA,BTG WM,2025-10-01,10,202603,2026-08-04,11200558,14374373,11200558,0.7017,7859433,7787797,7499340,0.67,0.67,0.67,0,0,5034,0,0,0
51476823000129,EUCALIPTOS KINEA FIF FUNDO INCENTIVADO EM INVESTIMENTO EM DEB DE INFRA RF CP RESP LIMITADA,Kinea,2023-07-01,37,202603,2026-08-04,24300887,24263388,24263388,0.8686,21076240,20716580,20380726,0.85,0.85,0.85,0,0,243155,0,0,0
52699397000155,MAJIP KINEA FIF - FUNDO INCENTIVADO EM INVESTIMENTO EM DEB DE INFRAESTR RF CRED PRIV - RESP LIMITADA,Kinea,2023-11-01,33,202603,2026-08-04,24201093,24181444,24181444,0.8642,20898663,20557521,20231973,0.85,0.85,0.85,0,0,322254,0,0,0
53501945000153,BLACK SWAN FUNDO INCENTIVADO DE INVESTIMENTO EM INFRAESTRUTURA RENDA FIXA RESPONSABILIDADE LIMITADA,Black Swan,2024-02-01,30,202603,2026-08-04,23173448,23652258,23173448,0.9231,21392257,20957909,19665680,0.85,0.85,0.85,0,0,31750,1,0,0
59754353000120,ÁTRIA FUNDO INCENTIVADO DE INVESTIMENTO FINANCEIRO EM INFRAESTRUTURA RENDA FIXA,BTG WM,2025-04-01,16,202603,2026-08-04,7121920,14158844,7121920,2.3505,16740087,16687592,16452578,0.67,0.67,0.85,0,0,0,1,0,0
34738303000128,L3H2B FUNDO DE INVESTIMENTO FINANCEIRO RENDA FIXA CRÉDITO PRIVADO INCENTIVADO RESP LIMITADA,Monte Bravo,2023-01-01,43,202603,2026-08-04,6793991,8207433,6793991,1.052,7147421,7131452,6723162,0.85,0.85,0.85,0,0,0,0,0,0
61584782000148,BB TESS INFRA RENDA FIXA FUNDO INCENTIVADO DE INVESTIMENTO FINANCEIRO EM INFRAESTRUTURA RESP LIM,BB Asset,2025-07-01,13,202603,2026-08-04,18844735,17637885,17637885,0.7338,12942505,12942505,12942505,0.67,0.67,0.85,0,0,2049697,0,0,0
53270406000150,FAMILIA 5 FIF INVEST INFRA CLASSE DE INVESTIMENTO RF EM INFRAESTRUTURA RESP LIMITADA,Safra Asset,2024-01-01,31,202603,2026-08-04,7246997,7117579,7117579,0.884,6291660,6154365,6154365,0.85,0.85,0.85,0,0,0,0,0,0
53906581000191,PSO 1 FUNDO INCENTIVADO DE INVESTIMENTO EM INFRAESTRUTURA RENDA FIXA,BTG WM,2024-02-01,30,202603,2026-08-04,35585311,35167230,35167230,1.003,35271894,33262500,31691183,0.85,0.85,0.85,0,0,0,0,0,0
50979958000144,SÃO JORGE KINEA FIF FUNDO INCENTIVADO EM INVESTIMENTO EM DEB DE INFRA RF CP RESP LIMITADA,Kinea,2023-06-01,38,202603,2026-08-04,21508769,21485000,21485000,0.8697,18686079,18374298,18085083,0.85,0.85,0.85,0,0,177167,0,0,0
61141163000189,BB ALBERTO INFRA RENDA FIXA FUNDO INCENTIVADO DE INVESTIMENTO FINANCEIRO EM INFRAESTRUTURA RESP LIM,BB Asset,2025-06-01,14,202603,2026-08-04,25047549,24682059,24682059,0.8188,20208557,20147662,20073311,0.67,0.67,0.85,0,0,906439,0,0,0
53180706000149,LUZERN FIF - CLASSE DE INVESTIMENTO EM RF INVESTIMENTO EM INFRA - RESP LIMITADA,G5,2024-03-01,29,202603,2026-08-04,26900782,26448189,26448189,0.9777,25857831,25813928,25607863,0.85,0.85,0.85,0,0,0,0,0,0
61843171000177,G5 FLAMINGO FIF - CLASSE DE INVESTIMENTO RF INCENTIVADO DE INVESTIMENTO EM INFRA - RESP LIMITADA,G5,2025-07-01,13,202603,2026-08-04,25579269,28662375,25579269,0.982,25117569,25000365,24863939,0.67,0.67,0.85,0,0,0,0,0,0
52999105000108,AMB ISENTO FUNDO INCENTIVADO DE INVEST EM INFRA RENDA FIXA CRÉDITO PRIVADO RESPONSABILIDADE LIMITADA,BTG WM,2023-12-01,32,202603,2026-08-04,48515841,54617346,48515841,0.8698,42197712,42019240,41492442,0.85,0.85,0.85,0,0,0,0,0,0
63031387000163,JATOBÁ FUNDO INCENTIVADO DE INVESTIMENTO FINANCEIRO EM INFRAESTRUTURA RENDA FIXA,BTG WM,2025-10-01,10,202603,2026-08-04,22547525,23921315,22547525,0.8812,19868151,19713906,19503145,0.67,0.67,0.67,0,0,0,0,0,0
57466836000101,DFDD FUNDO DE INVESTIMENTO EM INFRAESTRUTURA RENDA FIXA CRÉDITO PRIVADO,XPG,2025-05-01,15,202603,2026-08-04,20361283,20046284,20046284,0.7466,14967470,14954584,14945031,0.67,0.67,0.85,0,0,2094310,0,0,0
27036368000166,CRODO FUNDO INCENTIVADO DE INVESTIMENTO FINANCEIRO EM INFRAESTRUTURA RENDA FIXA,BTG WM,2023-01-01,43,202603,2026-08-04,46377378,63400705,46377378,1.4769,68496934,66414003,64455121,0.85,0.85,0.85,0,0,0,0,0,0
53842646000182,BRADESCO FUNDO DE INVESTIMENTO FINANCEIRO - CI RENDA FIXA INCENTIVADO DE INVESTIMENTO INFRA MARAJÓ,BRAM,2024-03-01,29,202603,2026-08-04,52711082,55648515,52711082,1.008,53131153,53083549,53035945,0.85,0.85,0.85,0,0,0,0,0,0
53508773000140,FAMILIA 7 FIF INVEST EM INFRA CLASSE DE INVESTIMENTO RENDA FIXA EM INFRAESTRUTURA RESP LIMITADA,Safra Asset,2024-01-01,31,202603,2026-08-04,7710318,7612433,7612433,0.9178,6986362,6913301,6913301,0.85,0.85,0.85,0,0,0,0,0,0
30618457000125,PLURAL DEBÊNTURES INCENTIVADAS HEDGE MASTER FIF RENDA FIXA INVESTIMENTO EM INFRAESTRUTURA - RL,Plural,2023-01-01,43,202603,2026-08-04,503650399,566777065,503650399,1.0054,506364337,496091775,457725237,0.85,0.85,0.85,0,0,0,1,0,0
55597503000188,G5 RR 12 FUNDO INCENTIVADO DE INVESTIMENTO EM INFRAESTRUTURA RENDA FIXA,G5,2025-06-01,14,202603,2026-08-04,14551684,14217596,14217596,0.6971,9910759,9874524,9763788,0.67,0.67,0.85,0,0,2321169,0,0,0
36729801000130,NAVI HIGH INCOME FUNDO INCENTIVADO DE INVESTIMENTO FINANCEIRO EM INFRAESTRUTURA RENDA FIXA,Navi,2023-01-01,43,202603,2026-08-04,9892315,9971520,9892315,0.9533,9430425,9391428,8998939,0.85,0.85,0.85,0,0,0,0,0,0
52910190000188,RANACA KINEA FIF - FI INCENTIVADO DEBÊNTURES INFRA RF CRED PRIV - RESP LIMITADA,Kinea,2023-11-01,33,202603,2026-08-04,19496490,19476105,19476105,0.8709,16962010,16679113,16407927,0.85,0.85,0.85,0,0,146762,0,0,0
59818523000192,BB KAIROS INFRA RENDA FIXA FUNDO INCENTIVADO DE INVESTIMENTO FINANCEIRO EM INFRAESTRUTURA RESP LIM,BB Asset,2025-06-01,14,202603,2026-08-04,12406558,12177082,12177082,0.7337,8933838,8900666,8899679,0.67,0.67,0.85,0,0,1450841,0,0,0
52272755000149,CONFINIA DEBÊNTURES INCENTIVADAS FI FINANCEIRO RENDA FIXA INVESTIMENTO EM INFRAESTRUTURA,XPG,2024-02-01,30,202603,2026-08-04,18274496,19527725,18274496,1.1447,20918676,20807648,20755654,0.85,0.85,0.85,0,0,0,0,0,0
56951691000163,FIF - CLASSE DE INVESTIMENTO RENDA FIXA INCENTIVADO DE INVESTIMENTO EM INFRAESTRUTURA CARNIVAL,BRAM,2025-02-01,18,202603,2026-08-04,12638269,12540154,12540154,0.8547,10717445,10713925,10693251,0.67,0.85,0.85,0,0,0,0,0,0
60531375000100,XP SMM FUNDO DE INVESTIMENTO FINANCEIRO RENDA FIXA INVESTIMENTO EM INFRAESTRUTURA,XPG,2025-05-01,15,202603,2026-08-04,13442935,13235614,13235614,0.7638,10108973,10097450,10008805,0.67,0.67,0.85,0,0,1241467,0,0,0
61836539000170,BB MBM INFRA RENDA FIXA FUNDO INCENTIVADO DE INVESTIMENTO FINANCEIRO EM INFRAESTRUTURA RESP LIMITADA,BB Asset,2025-09-01,11,202603,2026-08-04,90179122,88847956,88847956,0.7102,63100912,62525442,62350588,0.67,0.67,0.67,0,0,0,0,0,0
57555037000101,FUNDO DE INVESTIMENTO FINANCEIRO - CI RENDA FIXA INCENTIVADO DE INVESTIMENTO EM INFRA CATS,BRAM,2024-10-01,22,202603,2026-08-04,18397587,18836102,18397587,0.984,18103460,18101096,18016498,0.67,0.85,0.85,0,0,0,1,0,0
61347630000121,PSL 5 FUNDO INCENTIVADO DE INVESTIMENTO FINANCEIRO EM INFRAESTRUTURA RENDA FIXA,BTG WM,2025-06-01,14,202603,2026-08-04,3779122,12652931,3779122,3.2575,12310494,12140596,11690809,0.67,0.67,0.85,0,0,0,1,0,0
61655249000120,OURO VERDE FIF - CI RF INCENTIVADO DE INVESTIMENTO EM INFRAESTRUTURA - RESP LIMITADA,Oriz,2025-07-01,13,202603,2026-08-04,13269213,13111935,13111935,0.6992,9168235,9123001,9033815,0.67,0.67,0.85,0,0,2111331,0,0,0
47776713000105,TAPEMA DEBENTURES INCENTIVADAS FUNDO INCENTIVADO DE INVESTIMENTO EM INFRAESTRUTURA RENDA FIXA,BTG WM,2023-01-01,43,202603,2026-08-04,14138581,15045021,14138581,1.0105,14287269,14055170,13687775,0.85,0.85,0.85,0,0,0,1,0,0
23186354000178,BUTIÁ DEBÊNTURES FUNDO INCENTIVADO DE INVESTIMENTO EM INFRAESTRUTURA RENDA FIXA,Butiá,2023-01-01,43,202603,2026-08-04,14397860,14622500,14397860,0.9738,14020347,13752849,12693928,0.85,0.85,0.85,0,0,0,1,0,0
59817562000175,BB AVANTI INFRA FUNDO INCENTIVADO DE INVESTIMENTO FINANCEIRO EM INFRAESTRUTURA RENDA FIXA RESP LIM,BB Asset,2025-05-01,15,202603,2026-08-04,37003090,33625869,33625869,0.7958,26760716,26690532,25581878,0.67,0.67,0.85,0,0,3000110,0,0,0
51304522000118,KASTLE KINEA FIF FUNDO INCENTIVADO EM INVESTIMENTO EM DEB DE INFRA RF CP RESP LIMITADA,Kinea,2023-07-01,37,202603,2026-08-04,12558675,12547769,12547769,0.8659,10864863,10683818,10512388,0.85,0.85,0.85,0,0,153215,0,0,0
60859716000170,RB MASTER 1 FUNDO INCENTIVADO DE INVEST FINANCEIRO EM INFRA RENDA FIXA RESPONSABILIDADADE LIMITADA,RB Asset,2025-05-01,15,202603,2026-08-04,25426997,24743207,24743207,0.6895,17060615,17027243,16752288,0.67,0.67,0.85,0,0,4279438,0,0,0
52984696000131,EVOLUTION BBK FUNDO INCENTIVADO EM INVESTIMENTO EM DEBÊNTURES DE INFRA RF CRED PRIV RESP LIMITADA,IAM,2024-04-01,28,202603,2026-08-04,580615,23620260,580615,39.5153,22943198,22886118,22497770,0.85,0.85,0.85,0,0,0,1,0,0
60867323000109,DASDAMI BITACHON FUNDO DE INVESTIMENTO EM INFRAESTRUTURA RENDA FIXA,XPG,2025-09-01,11,202603,2026-08-04,13936660,13598361,13598361,0.6999,9517845,9478098,9271480,0.67,0.67,0.67,0,0,0,0,0,0
53909049000128,YAMANASHI FUNDO INCENTIVADO DE INVESTIMENTO EM INFRAESTRUTURA RENDA FIXA,BTG WM,2024-02-01,30,202603,2026-08-04,45766580,45971484,45766580,0.8828,40404154,40212093,39860451,0.85,0.85,0.85,0,0,0,1,0,0
56388082000148,SANTANDER PB ATTUALE INVESTIMENTO EM INFRAESTRUTURA RENDA FIXA - FIF RESP LIMITADA,San WM,2024-09-01,23,202603,2026-08-04,16925438,18774143,16925438,1.0368,17547941,17487782,16810852,0.67,0.85,0.85,0,0,0,0,0,0
61140383000198,BB GCF INFRA RENDA FIXA FUNDO INCENTIVADO DE INVESTIMENTO FINANCEIRO EM INFRAESTRUTURA RESP LIMITADA,BB Asset,2025-06-01,14,202603,2026-08-04,29724624,29289066,29289066,0.8525,24967823,24945260,24911430,0.67,0.67,0.85,0,0,0,0,0,0
60920297000135,SANTANDER PB INFINITY CASH ONE INVESTIMENTO EM INFRA RF - FIF RESP LIMITADA,San WM,2025-06-01,14,202603,2026-08-04,12037374,13211675,12037374,0.935,11255277,11219078,11174050,0.67,0.67,0.85,0,0,0,0,0,0
60176858000133,VIREO FUNDO INCENTIVADO DE INVESTIMENTO FINANCEIRO EM INFRAESTRUTURA RENDA FIXA,Altera,2025-04-01,16,202603,2026-08-04,6688537,16615858,6688537,2.052,13724916,13669949,13614460,0.67,0.67,0.85,0,0,0,0,0,0
62726818000143,BB KAYA INFRA RENDA FIXA FUNDO INCENTIVADO DE INVESTIMENTO FINANCEIRO EM INFRAESTRUTURA RESP LIM,BB Asset,2025-10-01,10,202603,2026-08-04,15169582,14966966,14966966,0.8822,13204387,13184552,13087008,0.67,0.67,0.67,0,0,0,0,0,0
59817462000149,BB PEPAME INFRA RENDA FIXA FUNDO INCENTIVADO DE INVESTIMENTO FINANCEIRO EM INFRAESTRUTURA RESP LIM,BB Asset,2025-05-01,15,202603,2026-08-04,13156499,12853476,12853476,0.7118,9149271,9138324,9032130,0.67,0.67,0.85,0,0,1893324,0,0,0
20584638000124,FATOR DEBÊNTURES INCENTIVADAS FUNDO DE INVESTIMENTO FINANCEIRO RENDA FIXA,FAR,2023-01-01,43,202603,2026-08-04,6417521,7375160,6417521,1.2579,8072687,7969221,7649298,0.85,0.85,0.85,0,0,0,0,0,0
24552346000160,NIKOS DEBÊNTURES INCENTIVADAS FUNDO DE INVESTIMENTO EM INFRAESTRUTURA  RENDA FIXA CRÉDITO PRIVADO LP,Nikos,2023-01-01,43,202603,2026-08-04,8333342,9086206,8333342,0.973,8108276,7783062,7423054,0.85,0.85,0.85,0,0,0,0,0,0
50678270000124,RENDA FIXA PORTFOLIO INCENTIVADA FUNDO INCENTIVADO DE INVESTIMENTO EM INFRAESTRUTURA RENDA FIXA,BTG WM,2023-06-01,38,202603,2026-08-04,11905289,13991211,11905289,1.1035,13136920,13010999,12530398,0.85,0.85,0.85,0,0,0,1,0,0
55675472000136,SANTO ANTÔNIO FUNDO INCENTIVADO DE INVESTIMENTO EM INFRAESTRUTURA RENDA FIXA,BTG WM,2024-07-01,25,202603,2026-08-04,17087456,19395382,17087456,1.1454,19572402,19457144,19078749,0.85,0.85,0.85,0,0,0,1,0,0
16703345000141,ALGARAVIA CDI DEB INCENTIVADAS FUNDO DE INVESTIMENTO EM INFRAESTRUTURA RENDA FIXA CRÉDITO PRIVADO,XPG,2023-01-01,43,202603,2026-08-04,64124491,62095758,62095758,0.8736,54247571,54018602,53455732,0.85,0.85,0.85,0,0,0,0,0,0
61835843000100,BB LCPC INFRA RENDA FIXA FUNDO INCENTIVADO DE INVESTIMENTO FINANCEIRO EM INFRAESTRUTURA RESP LIM,BB Asset,2025-08-01,12,202603,2026-08-04,36923720,36437424,36437424,0.7676,27969220,27968673,27872959,0.67,0.67,0.85,0,0,3098851,0,0,0
62078917000166,GAMA INFRA FUNDO DE INVESTIMENTO EM INFRAESTRUTURA RENDA FIXA RESPONSABILIDADE LIMITADA,Oriz,2025-09-01,11,202603,2026-08-04,10709179,10579981,10579981,0.6971,7375721,7334957,6950839,0.67,0.67,0.67,0,0,137748,0,0,0
50067989000129,G5 MVT FUNDO INCENTIVADO DE INVESTIMENTO FINANCEIRO EM INFRAESTRUTURA RENDA FIXA,G5,2023-06-01,38,202603,2026-08-04,34127367,33285270,33285270,0.8701,28962903,28750078,28311458,0.85,0.85,0.85,0,0,0,1,0,0
62361545000180,BB CARLI INFRA RENDA FIXA FUNDO INCENTIVADO DE INVESTIMENTO FINANCEIRO EM INFRAESTRUTURA RESP LIM,BB Asset,2026-03-01,5,202603,2026-08-04,9779870,9685497,9685497,0.9894,9582453,9540490,9375872,0,0.67,0.67,0,0,0,0,0,0
52279344000185,APALACHE FUNDO INCENTIVADO DE INVESTIMENTO EM INFRAESTRUTURA RENDA FIXA,BTG WM,2024-02-01,30,202603,2026-08-04,9653851,9882741,9653851,0.9432,9105367,9059247,8983653,0.85,0.85,0.85,0,0,0,0,0,0
62267044000130,RIZA ÉVORA OAWM DEB INCENTIVADAS FI FINANCEIRO RENDA FIXA INVESTIMENTO EM INFRAESTRUTURA,Riza,2025-08-01,12,202603,2026-08-04,13825602,13631825,13631825,0.6744,9193864,9170074,9155645,0.67,0.67,0.85,0,0,2431407,0,0,0
63190767000140,BB CAMPEÃO INFRA RENDA FIXA FUNDO INCENTIVADO DE INV FINAN EM INFRAESTRUTURA RESP LIMITADA,BB Asset,2026-01-01,7,202603,2026-08-04,18411073,18267048,18267048,0.9269,16930816,16922401,16836231,0.67,0.67,0.67,0,0,0,0,0,0
61836753000126,BB NEXUS INFRA RENDA FIXA FUNDO INCENTIVADO DE INVESTIMENTO FINANCEIRO EM INFRAESTRUTURA RESP LIM,BB Asset,2025-09-01,11,202603,2026-08-04,11495044,11305614,11305614,0.9062,10245231,10190224,9979834,0.67,0.67,0.67,0,0,0,0,0,0
52272425000153,PETRA DIAMANTI FUNDO DE INVESTIMENTO EM INFRAESTRUTURA RENDA FIXA CRÉDITO PRIVADO,XPG,2025-05-01,15,202603,2026-08-04,8953261,10946989,8953261,1.1439,10242060,10202056,10176326,0.67,0.67,0.85,0,0,0,0,0,0
61141201000101,BB JUJUBA INFRA RENDA FIXA FUNDO INCENTIVADO DE INVESTIMENTO FINANCEIRO EM INFRAESTRUTURA RESP LIM,BB Asset,2025-06-01,14,202603,2026-08-04,18805331,18708639,18708639,0.9392,17570446,17556683,17543396,0.67,0.67,0.85,0,0,0,0,0,0
59818797000181,BB BULHÕES INFRA RENDA FIXA FUNDO INCENTIVADO DE INVESTIMENTO FINANCEIRO EM INFRAESTRUTURA RESP LIM,BB Asset,2025-06-01,14,202603,2026-08-04,36405713,35718007,35718007,0.8289,29607053,29607053,29607053,0.67,0.67,0.85,0,0,753253,0,0,0
55627121000150,A+R FUNDO INCENTIVADO DE INVESTIMENTO EM INFRAESTRUTURA RENDA FIXA,BTG WM,2024-07-01,25,202603,2026-08-04,25544369,26963426,25544369,0.8782,22434027,22331066,22131582,0.85,0.85,0.85,0,0,0,0,0,0
62361467000114,BB OXD INFRA RENDA FIXA FUNDO INCENTIVADO DE INVESTIMENTO FINANCEIRO EM INFRAESTRUTURA RESP LIM,BB Asset,2025-09-01,11,202603,2026-08-04,15047293,14863992,14863992,0.7207,10712394,10691281,10665618,0.67,0.67,0.67,0,0,0,0,0,0
60866355000190,MARAJOARA FUNDO DE INVESTIMENTO FINANCEIRO RENDA FIXA INVESTIMENTO EM INFRAESTRUTURA,XPG,2025-06-01,14,202603,2026-08-04,16835734,16699007,16699007,0.6772,11308544,11237969,11032149,0.67,0.67,0.85,0,0,3162006,1,0,0
57714726000103,BB T&B INFRA RENDA FIXA FUNDO INCENTIVADO DE INVESTIMENTO FINANCEIRO EM INFRAESTRUTURA RESP LIMITADA,BB Asset,2025-04-01,16,202603,2026-08-04,12264535,12079514,12079514,0.7265,8775399,8770780,8729106,0.67,0.67,0.85,0,0,1538481,0,0,0
62729351000195,BB ALL RSLL INFRA RENDA FIXA FUNDO INCENTIVADO DE INVESTIMENTO FINANCEIRO EM INFRAESTRUTURA RESP LIM,BB Asset,2025-10-01,10,202603,2026-08-04,24389197,23975880,23975880,0.6836,16389809,16356522,16322861,0.67,0.67,0.67,0,0,0,0,0,0
63190103000181,BB AMARCORD INFRA RENDA FIXA FUNDO INCENTIVADO DE INVESTIMENTO FINANCEIRO EM INFRAESTRUTURA RESP LIM,BB Asset,2025-12-01,8,202603,2026-08-04,10510845,10429591,10429591,0.931,9709877,9676445,9608737,0.67,0.67,0.67,0,0,0,0,0,0
61140801000147,BB AFRODITE INFRA RENDA FIXA FUNDO INCENTIVADO DE INVESTIMENTO FINANCEIRO EM INFRAESTRUTURA RESP LIM,BB Asset,2025-06-01,14,202603,2026-08-04,10892283,10793467,10793467,0.9021,9736325,9545729,9544174,0.67,0.67,0.85,0,0,0,0,0,0
61837478000165,BB MMF INFRA RENDA FIXA FUNDO INCENTIVADO DE INVESTIMENTO FINANCEIRO EM INFRAESTRUTURA RESP LIM,BB Asset,2025-09-01,11,202603,2026-08-04,30578224,30063914,30063914,0.7323,22016570,21667669,20886891,0.67,0.67,0.67,0,0,0,0,0,0
62361404000168,BB ANGATU ISLAND INFRA RENDA FIXA FUNDO INCENTIVADO DE INVESTIMENTO FINANCEIRO EM INFRA RESP LIM,BB Asset,2025-09-01,11,202603,2026-08-04,15516025,13375502,13375502,0.7569,10124467,10116347,9970862,0.67,0.67,0.67,0,0,0,0,0,0
63189574000170,BB UNIÃO CINCO INFRA RF  FUNDO INCENTIVADO DE INVESTIMENTO FINAN EM INFRAESTRUTURA RESP LIMITADA,BB Asset,2025-11-01,9,202603,2026-08-04,16986542,16329664,16329664,0.885,14451281,14450269,14450269,0.67,0.67,0.67,0,0,0,0,0,0
63190269000106,BB 3LEHS INFRA RENDA FIXA FUNDO INCENTIVADO DE INVESTIMENTO FINANCEIRO EM INFRAESTRUTURA RESP LIM,BB Asset,2025-12-01,8,202603,2026-08-04,19654850,20428629,19654850,0.7668,15072243,15057852,15033354,0.67,0.67,0.67,0,0,0,0,0,0
59819194000102,BB MINDUIM INFRA RENDA FIXA FUNDO INCENTIVADO DE INVESTIMENTO FINANCEIRO EM INFRAESTRUTURA RESP LIM,BB Asset,2025-06-01,14,202603,2026-08-04,22190903,21925605,21925605,0.7097,15561105,15526585,15434818,0.67,0.67,0.85,0,0,3201946,0,0,0
61140970000187,BB CMLM INFRA RENDA FIXA FUNDO INCENTIVADO DE INVESTIMENTO FINANCEIRO EM INFRAESTRUTURA RESP LIM,BB Asset,2025-06-01,14,202603,2026-08-04,10498161,10422481,10422481,0.8776,9146613,9144709,9143575,0.67,0.67,0.85,0,0,0,0,0,0
62361637000160,BB EEAA BEZERRA INFRA RENDA FIXA FUNDO INCENTIVADO DE INVESTIMENTO FINANCEIRO EM INFRA RESP LIMITADA,BB Asset,2025-09-01,11,202603,2026-08-04,10966274,10838224,10838224,0.7784,8436273,8400371,8334436,0.67,0.67,0.67,0,0,0,0,0,0
47512582000159,CAPITANIA MASTER IV FUNDO INCENTIVADO DE INVESTIMENTO FINANCEIRO EM INFRAESTRUTURA RENDA FIXA,Capitânia,2023-01-01,43,202603,2026-08-04,59513533,98467074,59513533,1.8633,110889238,108782878,103319479,0.85,0.85,0.85,0,0,0,0,0,0
62727602000100,BB SDF INFRA RENDA FIXA FUNDO INCENTIVADO DE INVESTIMENTO FINANCEIRO EM INFRAESTRUTURA RESP LIMITADA,BB Asset,2025-10-01,10,202603,2026-08-04,11144888,9936974,9936974,0.8877,8820592,8803542,8657108,0.67,0.67,0.67,0,0,0,0,0,0
58360837000121,SANTANDER PB EXPERT INVESTIMENTO EM INFRAESTRUTURA RENDA FIXA - FIF RESP LIMITADA,San WM,2025-04-01,16,202603,2026-08-04,21961048,24674523,21961048,1.177,25848839,25760675,25734627,0.67,0.67,0.85,0,0,0,0,0,0
53906981000105,PSO 3 FUNDO INCENTIVADO DE INVESTIMENTO EM INFRAESTRUTURA RENDA FIXA,BTG WM,2024-02-01,30,202603,2026-08-04,31026670,128805637,31026670,3.4731,107757204,107009048,104483225,0.85,0.85,0.85,0,0,0,0,0,0
54272086000130,BRADESCO FIF - CI RENDA FIXA INCENTIVADO DE INVESTIMENTO EM INFRAESTRUTURA TEXFOUR,BRAM,2024-04-01,28,202603,2026-08-04,68463093,67603151,67603151,0.881,59556144,59425671,59033864,0.85,0.85,0.85,0,0,0,0,0,0
53962293000154,SANTANDER PB ALOCAÇÃO MASTER INVESTIMENTO EM INFRAESTRUTURA RENDA FIXA - FIF RESP LIMITADA,San WM,2024-03-01,29,202603,2026-08-04,19799692,18950977,18950977,0.9107,17258721,17207848,17136724,0.85,0.85,0.85,0,0,0,0,0,0
63064415000149,MOSÊ FUNDO INCENTIVADO DE INVESTIMENTO FINANCEIRO EM INFRAESTRUTURA RENDA FIXA,BTG WM,2025-10-01,10,202603,2026-08-04,36048208,48037777,36048208,1.2883,46441300,46318935,46040645,0.67,0.67,0.67,0,0,0,0,0,0
54602844000131,BB NINA INFRA RENDA FIXA FUNDO INCENTIVADO DE INVESTIMENTO FINANCEIRO EM INFRAESTRUTURA RESP LIM,BB Asset,2024-05-01,27,202603,2026-08-04,207093798,203333742,203333742,0.8507,172965849,172937009,171728546,0.85,0.85,0.85,0,0,1105135,0,0,0
62728127000189,BB YAC INFRA RENDA FIXA FUNDO INCENTIVADO DE INVESTIMENTO FINANCEIRO EM INFRAESTRUTURA RESP LIMITADA,BB Asset,2025-10-01,10,202603,2026-08-04,9037139,12682625,9037139,1.2172,10999979,10999979,10999979,0.67,0.67,0.67,0,0,0,0,0,0
61835634000159,BB TAMBORETE INFRA RENDA FIXA FUNDO INCENTIVADO DE INVESTIMENTO FINANCEIRO EM INFRA RESP LIMITADA,BB Asset,2025-08-01,12,202603,2026-08-04,11462179,11245971,11245971,0.7591,8537256,8537256,7325426,0.67,0.67,0.85,0,0,2233649,0,0,0
60606855000192,ABSOLUTE HIKER INFRA II FIF FUNDO INCENTIVADO EM INVEST DEB DE INFRA RF CRED PRIV LP RESP LIMITADA,Absolute,2025-05-01,15,202603,2026-08-04,3705419,4490407,3705419,1.2535,4644829,4612426,4534233,0.67,0.67,0.85,0,0,0,1,0,0
62361327000146,BB BSM INFRA RENDA FIXA FUNDO INCENTIVADO DE INVESTIMENTO FINANCEIRO EM INFRAESTRUTURA RESP LIMITADA,BB Asset,2025-09-01,11,202603,2026-08-04,14975310,14254282,14254282,0.7278,10373929,10373929,9962671,0.67,0.67,0.67,0,0,0,0,0,0
57531860000179,LMS FUNDO INCENTIVADO DE INVESTIMENTO FINANCEIRO EM INFRAESTRUTURA RENDA FIXA,BTG WM,2024-10-01,22,202603,2026-08-04,62009846,69358985,62009846,0.9813,60847576,60476999,59959496,0.67,0.85,0.85,0,0,0,0,0,0
51024922000170,TDI CLASSE INCENTIVADA DE INVESTIMENTO EM INFRAESTRUTURA RENDA FIXA - RESP LIMITADA,Turim,2023-07-01,37,202603,2026-08-04,36125510,45283389,36125510,1.3373,48309563,47930066,47715070,0.85,0.85,0.85,0,0,0,0,0,0
08814754000197,BABY DEBÊNTURES INCENTIVADAS FUNDO DE INVESTIMENTO MULTIMERCADO CRÉDITO PRIVADO,XPG,2023-01-01,43,202603,2026-08-04,6342465,6134290,6134290,1.2434,7627483,7485032,7410034,0.85,0.85,0.85,0,0,0,1,0,0
54228000000172,FUNDO DE INVESTIMENTO FINANCEIRO CI RF INCENTIVADO DE INVESTIMENTO EM INFRAESTRUTURA ZAPALLAR,BRAM,2024-04-01,28,202603,2026-08-04,28837729,28490982,28490982,0.8639,24613104,24518531,24416709,0.85,0.85,0.85,0,0,0,0,0,0
54558737000153,BRADESCO FIF - CI RENDA FIXA INCENTIVADO DE INVESTIMENTO EM INFRAESTRUTURA WIT III,BRAM,2024-04-01,28,202603,2026-08-04,41454997,42977301,41454997,0.8539,35399763,35271436,34942143,0.85,0.85,0.85,0,0,294604,0,0,0
50868823000101,FUNDO DE INVESTIMENTO FINANCEIRO - CI RENDA FIXA INCENTIVADO DE INVESTIMENTO EM INFRA JATIÚCA,BRAM,2023-07-01,37,202603,2026-08-04,30557663,30072224,30072224,0.8624,25935340,25673827,24926476,0.85,0.85,0.85,0,0,634914,0,0,0
53858396000179,BRADESCO FUNDO DE INVESTIMENTO FINANCEIRO - Ci RENDA FIXA INCENTIVADO DE INVESTIMENTO EM INFRA BELLA,BRAM,2024-02-01,30,202603,2026-08-04,33597961,33190509,33190509,0.8678,28803892,28774011,28664187,0.85,0.85,0.85,0,0,0,0,0,0
57018425000145,G5 TABOR FUNDO INCENTIVADO DE INVESTIMENTO EM INFRAESTRUTURA RENDA FIXA,G5,2025-03-01,17,202603,2026-08-04,21887951,21568067,21568067,0.7514,16206054,16037526,15888293,0.67,0.67,0.85,0,0,2444564,0,0,0
55772629000141,CAPITAL FUNDO INCENTIVADO DE INVESTIMENTO EM INFRAESTRUTURA RENDA FIXA,G5,2024-12-01,20,202603,2026-08-04,34384699,43688587,34384699,0.9866,33924476,33340571,32919043,0.67,0.85,0.85,0,0,0,1,0,0
55253855000116,DOURO AGREEMENT FUNDO INCENTIVADO DE INVESTIMENTO EM INFRAESTRUTURA RENDA FIXA CRÉDITO PRIVADO,Douro,2024-11-01,21,202603,2026-08-04,9676022,20816409,9676022,2.0586,19918886,19542373,18590312,0.67,0.85,0.85,0,0,0,1,0,0
59432100000130,REGENERA FIF - CLASSE INCENTIVADA DE INVESTIMENTO EM INFRA RF - RESP LIMITADA,UBS,2025-04-01,16,202603,2026-08-04,7370076,7181083,7181083,0.8623,6192517,6082411,5869206,0.67,0.67,0.85,0,0,234715,1,0,0
31248215000150,FIF - CLASSE DE INVESTIMENTO RF INCENTIVADO DE INVESTIMENTO EM INFRA MARKINVEST- RESP LIMITADA,BTG WM,2023-01-01,43,202603,2026-08-04,15629392,20724318,15629392,1.4556,22749712,22284609,20318709,0.85,0.85,0.85,0,0,0,0,0,0
59995885000159,NSEG2025 FUNDO DE INVESTIMENTO EM INFRAESTRUTURA RENDA FIXA CRÉDITO PRIVADO,XPG,2025-05-01,15,202603,2026-08-04,20565859,20234449,20234449,0.8207,16605534,16590514,16578752,0.67,0.67,0.85,0,0,620529,0,0,0
45019458000120,RBR INFRA MASTER I FUNDO INCENTIVADO DE INVESTIMENTO FINANCEIRO EM INFRAEST RENDA FIXA RESP LIMITADA,RBR,2023-01-01,43,202603,2026-08-04,70339133,72984788,70339133,0.8888,62518056,61554138,59776962,0.85,0.85,0.85,0,0,11301,0,0,0
46423681000100,NIKOS INFRA MASTER FUNDO DE INVESTIMENTO FINANCEIRO,Nikos,2023-01-01,43,202603,2026-08-04,45740304,45131872,45131872,0.875,39491419,38567552,37365150,0.85,0.85,0.85,0,0,996941,0,0,0
53537566000113,G5 FUNDO DE INVESTIMENTO EM INFRAESTRUTURA CANOAS RENDA FIXA,G5,2024-04-01,28,202603,2026-08-04,163322697,158784235,158784235,0.9761,154985160,154985160,154985160,0.85,0.85,0.85,0,0,0,0,0,0
60965262000112,BLACKHAWK EMERGING MARKETS FUNDO DE INVESTIMENTO FINANCEIRO  MULTIMERCADO,BTG Asset,2025-05-01,15,202603,2026-08-04,176353099,157604118,157604118,0.8825,139082227,139082227,139082227,0.67,0.67,0.85,0,0,0,0,0,0
55162785000190,EUPAR INFRA FUNDO INCENTIVADO DE INVESTIMENTO EM INFRAESTRUTURA RENDA FIXA,BTG WM,2024-06-01,26,202603,2026-08-04,21451249,21241792,21241792,0.8682,18442271,18365800,18334675,0.85,0.85,0.85,0,0,0,0,0,0
59061141000167,HARIS DEBÊNTURES INCENTIVADAS FUNDO INCENTIVADO DE INVESTIMENTO FINANCEIRO EM INFRA RENDA FIXA,Portofino,2025-02-01,18,202603,2026-08-04,30866781,30441272,30441272,0.9086,27657538,27395950,26769087,0.67,0.85,0.85,0,0,0,1,0,0
53921236000127,CALLIDUS FUNDO INCENTIVADO DE INVESTIMENTO EM INFRAESTRUTURA RENDA FIXA,Jera,2024-03-01,29,202603,2026-08-04,34324930,33959531,33959531,0.9318,31642823,31421352,31225405,0.85,0.85,0.85,0,0,0,0,0,0
52953507000163,ITAÚ ARTAX INFRA FUNDO INCENTIVADO DE INV FINANCEIRO EM INFRA RF CRED PRIV LP - RESP LIMITADA,IAM,2023-11-01,33,202603,2026-08-04,840075490,978215042,840075490,1.0421,875413412,870724999,863864628,0.85,0.85,0.85,0,0,0,1,0,0
