CNPJ_Fundo,Nome_Fundo,Gestor_Apelido,PctCDI_1s,PctCDI_1m,PctCDI_3m,PctCDI_6m,PctCDI_12m
08814754000197,"BABY DEBÊNTURES INCENTIVADAS FUNDO DE INVESTIMENTO MULTIMERCADO CRÉDITO PRIVADO","XPG",61.7395,91.3275,126.8654,-396.0425,-140.2473
10220241000108,"BB PREVIDÊNCIA TP FUNDO DE INVESTIMENTO FINANCEIRO RENDA FIXA CRÉDITO PRIVADO RESP LIMITADA","BB Asset",118.9515,104.075,37.0404,26.5225,41.7896
11308040000111,"FIF  - CLASSE DE INVESTIMENTO MULTIMERCADO SAFIRA CRÉDITO PRIVADO - RESP LIMITADA","Valia",148.7644,142.5538,37.847,59.3354,81.1684
14491564000189,"TIVIO ATUARIAL FIF - CLASSE DE INVESTIMENTO  MULTIMERCADO CRÉDITO PRIVADO - RESP LIMITADA","Tivio",81.9088,103.0796,55.9396,75.3371,81.7893
14843780000146,"JULIUS BAER GESTÃO INFRA 90 FIF - CI RENDA FIXA INCENTIVADO DE INVESTIMENTO EM INFRA - RESP LIMITADA","BTG WM",142.2094,112.7779,-2.6013,-3.6883,43.0207
14880030000144,"TIVIO CRÉDITO CORPORATIVO FIF RF CRÉDITO PRIVADO LONGO PRAZO - RESP LIMITADA","Tivio",54.6739,89.6976,87.0021,110.7348,104.2505
16703345000141,"ALGARAVIA CDI DEB INCENTIVADAS FUNDO DE INVESTIMENTO EM INFRAESTRUTURA RENDA FIXA CRÉDITO PRIVADO","XPG",82.9752,95.2084,120.3199,51.3943,85.2304
18679362000116,"CSHG AS 7.7 FUNDO DE INVESTIMENTO EM INFRAESTRUTURA - RENDA FIXA CRÉDITO PRIVADO RESP LIMITADA","UBS",96.7478,114.2345,16.3534,38.6795,75.0946
18679900000172,"BRADESCO 392 FIF - CLASSE DE INVESTIMENTO RENDA FIXA INCENTIVADO DE INVESTIMENTO EM INFRAESTRUTURA","BRAM",103.0798,70.4562,91.47,93.7405,88.3144
19657463000159,"XP DEB INCENT IMAB CRÉD PRIV FUNDO INCENTIVADO DE INV FINANCEIRO EM INFRA RENDA FIXA - RESP LTDA","XPG",44.1423,80.1394,9.0488,21.8828,55.3085
20584638000124,"FATOR DEBÊNTURES INCENTIVADAS FUNDO DE INVESTIMENTO FINANCEIRO RENDA FIXA","FAR",180.4074,98.2308,-13.8037,-12.3409,38.0087
20726178000121,"EMB V FUNDO DE INVESTIMENTO FINANCEIRO - CLASSE DE INVESTIMENTO RF CRED PRIV - RESP LIMITADA","BB Asset",52.4011,60.2393,97.2393,97.9329,74.4468
20889637000198,"ÔMEGA FUNDO INCENTIVADO DE INVESTIMENTO FINANCEIRO EM INFRAESTRUTURA RENDA FIXA","BTG WM",93.084,107.6506,9.3185,-1.9219,49.5417
22013612000151,"TURMALINA FIF FUNDO INCENTIVADO EM INVESTIMENTO EM DEBÊNTURES DE INFRA RF CRED PRIV RESP LIMITADA","Perfin",112.564,104.6663,49.5941,70.9581,94.1819
22759995000101,"SULAMÉRICA INFRA FIF INCENTIVADO DE INFRAESTRUTURA RENDA FIXA DE RESPONSABILIDADE LIMITADA","Sulamérica",93.4348,109.1384,49.783,21.0787,62.2306
23034963000101,"PEDRA NEGRA CLASSE DE INVESTIMENTO INCENTIVADA RF CRÉDITO PRIVADO INFRAESTRUTURA - RESP LIMITADA","BTG WM",85.3369,102.822,13.2445,30.3822,63.808
23186354000178,"BUTIÁ DEBÊNTURES FUNDO INCENTIVADO DE INVESTIMENTO EM INFRAESTRUTURA RENDA FIXA","Butiá",67.5285,97.4196,29.3899,23.7232,52.3293
23631350000151,"ÁGUIA FIF INV EM INFRAESTRUTURA  CLASSE DE INVESTIMENTO EM INFRAESTRUTURA RENDA FIXA RESP LIMITADA","Safra Asset",120.7505,68.2871,30.7189,61.7873,69.626
23714022000119,"SAFRA DEBÊNTURES INCENTIVADAS MASTER II FIF INV EM INFRAESTRUTURA CI EM INFRA RF RESP LIMITADA","Safra Asset",97.4461,112.5642,23.8874,21.071,60.2844
23884614000189,"UBS 1630 FUNDO DE INVESTIMENTO EM INFRAESTRUTURA - RENDA FIXA CREDITO PRIVADO RESP LIMITADA","UBS",67.3007,86.6465,123.2608,52.8908,86.4521
23884659000153,"SIEBEN CDI DEB INCENTIVADAS FUNDO DE INVESTIMENTO EM INFRAESTRUTURA RENDA FIXA CRÉDITO PRIVADO","XPG",84.5852,95.2258,129.5749,59.5708,89.56
24270834000185,"FCOPEL FUNDO DE INVESTIMENTO FINANCEIRO MULTIMERCADO - CRÉDITO PRIVADO I RESPONSABILIDADE LIMITADA","Capitânia",145.71,87.3595,36.8236,36.3469,70.5918
24552346000160,"NIKOS DEBÊNTURES INCENTIVADAS FUNDO DE INVESTIMENTO EM INFRAESTRUTURA  RENDA FIXA CRÉDITO PRIVADO LP","Nikos",162.6985,123.9376,-3.4482,-17.1567,46.7084
24601713000179,"PLURAL MASTER II DEB INCENTIVADAS CRÉDITO PRIVADO FIF RENDA FIXA INVESTIMENTO EM INFRAESTRUTURA - RL","Plural",126.1241,104.3536,65.133,62.0429,85.0696
24658649000162,"AZ QUEST MASTER DEBÊNTURES INCENTIVADAS FIF INCENTIVADO DE INVESTIMENTO EM INFRA RENDA FIXA CP","AZ Quest",48.7478,111.066,72.3499,40.9536,78.6859
25097707000199,"JULIUS BAER GESTÃO SUPRA 90 FIF - CI RENDA FIXA INCENTIVADO DE INVESTIMENTO EM INFRAESTRUTURA","BTG WM",155.0801,116.1185,-6.5451,-7.2557,40.7236
26142614000100,"DAYCOVAL DEBÊNTURES INCENTIVADAS FUNDO DE INVESTIMENTO FINANCEIRO","Daycoval",115.0415,101.9509,12.7406,17.0384,49.4684
26171796000139,"RB CAPITAL MASTER FUNDO INCENTIVADO DE INVESTIMENTO FINANCEIRO EM INFRA RENDA FIXA RESP LTDA","RB Asset",8.2876,91.9678,88.137,32.4005,71.8837
26171840000100,"BRASIL PLURAL MASTER TFO FUNDO INCENT DE INVEST FINANCEIRO EM INFRA RENDA FIXA CRED PRIV RESP LTDA","Plural",145.5803,99.7028,36.5803,54.9135,71.7532
26173277000100,"LONGEVIDADE CAPEMISA FI FINANCEIRO - CI RF CRED PRIV - RESP LIMITADA","Tivio",43.2894,60.8817,91.1024,98.7748,79.9767
26324289000198,"KINEA INFRA I FIF FI INCENTIVADO EM DEBÊNTURES DE INFRA RF CRED PRIV RESP LIMITADA","Kinea",-4.495,91.1052,4.2158,14.5396,58.9708
26362496000137,"SAFRA INFRAESTRUTURA MASTER FIF INV EM INFRAESTRUTURA CI EM INFRA RF LONGO PRAZO RESP LIMITADA","Safra Asset",93.4598,109.7324,32.612,32.1851,62.0753
26605199000175,"CAPITÂNIA INFRA 30 IPCA FUNDO DE INVESTIMENTO FINANCEIRO RENDA FIXA INVESTIMENTO EM INFRAESTRUTURA","Capitânia",99.1216,115.9417,17.3817,39.787,73.0382
26725116000181,"PASÁRGADA FIF FUNDO INCENTIVADO EM INVESTIMENTO EM DEBÊNTURES DE INFRA RF CRED PRIV RESP LIMITADA","IAM",90.7238,96.8071,-20.7751,-0.0714,44.9799
26751126000191,"RB CAPITAL VITÓRIA FUNDO INCENTIVADO DE INVESTIMENTO FINANCEIRO EM INFRA RENDA FIXA RESP LTDA","RB Asset",69.8165,91.6833,87.0357,36.9123,61.1715
26803233000116,"XP DEB INCENT CDI CRÉD PRIV FIF INCENTIVADO DE INVESTIMENTO EM INFRAESTRUTURA RENDA FIXA - RESP LTDA","XPG",64.094,97.3622,111.0844,56.6946,83.8845
27036368000166,"CRODO FUNDO INCENTIVADO DE INVESTIMENTO FINANCEIRO EM INFRAESTRUTURA RENDA FIXA","BTG WM",132.8763,117.5294,17.6926,19.5555,56.8437
27250788000140,"TAO INFRA FIF - CI RF INCENTIVADO DE INV EM INFRA - RESP LIMITADA","BTG WM",124.4097,110.2675,-2.2266,3.7804,45.7273
27565982000115,"PRECIOSO FUNDO INCENTIVADO DE INVESTIMENTO FINANCEIRO EM INFRAESTRUTURA RENDA FIXA","BTG WM",102.7546,111.8499,1.2594,13.0707,49.6485
27782888000118,"SAFRA INFRAESTRUTURA PREMIUM PROFISSIONAL FIF INV EM INFRAESTRUTURA CI EM INFRA RF RESP LIMITADA","Safra Asset",86.7749,107.3715,21.0871,29.5712,59.3702
27880363000115,"MONTE ALEGRE FIF FUNDO INCENTIVADO EM INVESTIMENTO EM DEB DE INFRA RF CRED PRIV RESP LIMITADA","IAM",108.003,100.4705,-9.805,1.8245,46.4424
27928267000108,"IDA DEBÊNTURES INCENTIVADAS FUNDO INCENTIVADO DE INVESTIMENTO FINANCEIRO EM INFRA RENDA FIXA","BTG WM",125.6126,102.0762,-4.0418,-20.122,37.5504
28259415000101,"IRIDIUM PIONEER DEB INCENTIVADAS FUNDO INCENT DE INVEST FINANCEIRO EM INFRA RENDA FIXA - RESP LTDA","Iridium",102.1976,86.439,48.8592,77.0741,84.9584
28454176000132,"ZETA FIF INVEST EM INFRAESTRUTURA CLASSE DE INVESTIMENTO EM INFRAESTRUTURA RENDA FIXA RESP LIMITADA","Safra Asset",98.493,111.1556,19.8389,13.3644,58.091
29722392000184,"SANTANDER PB FINOR INVESTIMENTO EM INFRAESTRTUTURA RENDA FIXA - FIF RESP LIMITADA","San WM",107.8271,97.6517,-12.2433,20.7299,55.3429
30493677000170,"SANTANDER INFLAÇÃO FUNDO INCENTIVADO DE INVESTIMENTO EM INFRAESTRUTURA - FIF RESP LIMITADA","SAM",52.6654,107.6491,62.0067,39.3593,69.9109
30521138000105,"AF 1644 FIF FUNDO INCENTIVADO EM INVESTIMENTO EM DEB DE INFRA RENDA FIXA CRED PRIV RESP LIMITADA","IAM",102.2437,95.7247,-5.3848,12.6219,44.3271
30521661000123,"RISKA FIF FUNDO INCENTIVADO EM INVESTIMENTO EM DEBÊNTURES DE INFRA RF CRED PRIV RESP LIMITADA","IAM",-76.8751,23.7766,-5.3346,7.2701,50.0065
30521681000102,"PEDRA AZUL FIF FUNDO INCENTIVADO EM INVESTIMENTO EM DEBÊNTURES DE INFRA RF CRED PRIV RESP LIMITADA","IAM",99.3002,92.6022,-6.7358,1.0172,46.6388
30556686000162,"EPL KINEA FIF FUNDO INCENTIVADO EM INVESTIMENTO EM DEB DE INFRA RF CRED PRIV RESP LIMITADA","Kinea",-13.4032,86.2259,-13.4786,-0.6273,47.0235
30568861000131,"AGADIR FUNDO INCENTIVADO DE INVESTIMENTO EM INFRAESTRUTURA RENDA FIXA","BTG WM",106.6222,105.5416,25.157,37.4303,64.5185
30618457000125,"PLURAL DEBÊNTURES INCENTIVADAS HEDGE MASTER FIF RENDA FIXA INVESTIMENTO EM INFRAESTRUTURA - RL","Plural",79.6296,103.3425,116.9136,79.3439,99.3713
30665679000107,"XPA GGG FUNDO DE INVESTIMENTO EM INFRAESTRUTURA RENDA FIXA CRÉDITO PRIVADO","XPG",87.6882,95.4006,117.6552,59.4061,96.9283
30676315000114,"SPARTA MASTER A FUNDO INCENTIVADO DE INVEST FINANCEIRO EM INFRA RENDA FIXA RESP LTDA","Sparta",112.3045,100.4279,97.0354,62.5009,89.2295
30877528000104,"INTER HEDGE FIF INCENTIVADO DE INVESTIMENTO EM INFRA RENDA FIXA RESPONSABILIDADE LIMITADA","Inter",85.3581,82.4193,94.8846,56.7216,88.3373
30998213000115,"PANAMÁ KINEA FIF FUNDO INCENTIVADO EM INVESTIMENTO EM DEB DE INFRA RF CP RESP LIMITADA","Kinea",11.2915,91.1292,-6.4887,10.9091,51.5
31094141000144,"BTG PACTUAL CRÉDITO CORP INCENTIVADO CDI MASTER FI DE INVESTIMENTO FINANCEIRO EM INFRA RF","BTG Asset",12.2479,84.3295,109.7886,65.4548,96.0518
31120420000135,"JOURNEY CAPITAL ENDURANCE FUNDO INCENTIVADO DE INVESTIMENTO FINANCEIRO EM INFRAESTRUTURA RENDA FIXA","Journey",71.9206,80.7295,113.8564,79.7218,89.4358
31247680000176,"DERI FIF FUNDO INCENTIVADO EM INVESTIMENTO EM DEBÊNTURES DE INFRA RF CRED PRIV RESP LIMITADA","IAM",-55.9536,30.2049,-20.7785,7.9902,48.5593
31248215000150,"FIF - CLASSE DE INVESTIMENTO RF INCENTIVADO DE INVESTIMENTO EM INFRA MARKINVEST- RESP LIMITADA","BTG WM",113.5868,114.0368,31.1707,36.5537,66.3186
31457222000161,"TRIPLARIS KINEA FIF FUNDO INCENTIVADO EM INVESTIMENTO EM DEB DE INFRA RF CRED PRIV RESP LIMITADA","Kinea",-8.1432,86.8682,-14.1474,44.2611,67.822
31615327000100,"NEBLUS FUNDO INCENTIVADO DE INVESTIMENTO FINANCEIRO EM INFRAESTRUTURA RENDA FIXA","BTG WM",142.0532,100.9542,-15.4739,-5.5021,41.0472
31908005000140,"G5 SHLIMS FUNDO INCENTIVADO DE INVESTIMENTO FINANCEIRO EM INFRAESTRUTURA  RENDA FIXA","G5",55.4888,80.6754,22.9222,31.8118,68.042
31963315000168,"BB PRIMORDIUM RENDA FIXA FUNDO INCENTIVADO DE INVESTIMENTO FINANCEIRO EM INFRA RESP LIMITADA","BB Asset",109.1869,119.373,42.3001,38.3001,60.0563
32044389000163,"G3 KINEA FIF FUNDO INCENTIVADO EM INVESTIMENTO EM DEB DE INFRA RF CRÉD PRIV RESP LIMITADA","Kinea",90.5454,108.0204,-6.2036,10.0337,50.7181
32044741000160,"DEGAS KINEA FIF FUNDO INCENTIVADO EM INVESTIMENTO EM DEBÊNTURES DE INFRA RF CRÉD PRIV RESP LIMITADA","Kinea",87.0117,106.713,-4.7811,9.9315,50.7019
32044932000122,"FAPATRI KINEA FIF FUNDO INCENTIVADO EM INVESTIMENTO EM DEB DE INFRA RF CRED PRIV RESP LIMITADA","Kinea",23.1448,93.9696,-6.4782,12.658,52.2318
32045039000111,"PRATA 51 KINEA FIF FUNDO INCENTIVADO EM INVESTIMENTO EM DEB INFRA RF CRÉD PRIV RESP LIMITADA","Kinea",12.9775,92.5696,-4.8179,12.0396,51.7873
32045085000110,"LESCHER KINEA FIF FI INCENTIVADO EM DEBÊNTURES DE INFRAESTRUTURA RF CP RESP LIMITADA","Kinea",17.7373,92.9393,-790.4276,-381.5632,-143.3878
32045116000133,"ROSA DOS VENTOS KINEA FIF FUNDO INCENTIVADO EM INVESTIMENTO EM DEB DE INFRA  RF CP RESP LIMITADA","Kinea",30.9268,95.8895,-5.0441,13.3657,-174.5019
32075119000110,"ARX HEDGE MASTER FIF EM INFRAESTRUTURA RENDA FIXA - RESPONSABILIDADE LIMITADA","ARX",18.5984,85.5795,107.468,47.5837,88.3455
32319373000116,"ARX ELBRUS MASTER II FUNDO INCENTIVADO DE INVESTIMENTO FINANCEIRO EM INFRA RENDA FIXA  - RESP LTDA","ARX",86.3309,91.5326,46.3345,37.0493,71.6174
32320609000134,"HUAYNA KINEA FIF FUNDO INCENTIVADO EM INVESTIMENTO EM DEB DE INFRA RF CRED PRIV RESP LIMITADA","Kinea",88.1552,106.9918,-5.4899,10.554,50.7574
32388028000134,"BRAM DEBENTURES INCENTIVADAS CDI FI FINANCEIRO - CI EM INFRA RF - RESP LIMITADA","BRAM",46.8503,97.5213,114.0701,51.1102,94.5007
32485590000186,"TIVIO INFRA PLUS IPCA FIF  CI RENDA FIXA INVESTIMENTO EM INFRAESTRUTURA  RESP LIMITADA","Tivio",96.74,109.1202,27.9339,39.6652,68.2382
32666434000111,"PONTE DE PEDRA 3 FIF INVESTIMENTO EM INFRA CI EM INFRAESTRUTURA RENDA FIXA RESPONSABILIDADE LIMITADA","Safra Asset",82.9609,103.2838,21.9345,16.4437,59.9561
32811397000198,"BB TOP RENDA FIXA INCENTIVADO FIF INVESTIMENTO EM INFRAESTRUTURA RESPONSABILIDADE LIMITADA","BB Asset",93.79,122.8385,8.8439,22.2402,54.4675
32862167000158,"SYKO FIF - CLASSE DE INVESTIMENTO RF INCENTIVADO DE INVESTIMENTO EM  INFRAESTRUTURA - RESP LIMITADA","BTG WM",-11.3808,87.7884,15.6966,22.9146,57.4182
32864267000113,"ITAÚ FUNDO INCENTIVADO DE INVESTIMENTO FINANCEIRO EM INF RF CRÉD PRIVADO - RESP LIMITADA","IAM",128.6851,135.9767,-11.4583,-13.9757,50.4277
32893181000119,"CORDIA FUNDO INCENTIVADO DE INVESTIMENTO FINANCEIRO EM INFRA RENDA FIXA CRÉD PRIV RESP LTDA","Andbank",128.2655,99.8759,27.8372,49.9365,70.7417
32999355000122,"SAFRA INFRA MASTER III FIF INV EM INFRAESTRUTURA CLASSE DE INVEST EM INFRA RENDA FIXA RESP LIMITADA","Safra Asset",77.1734,103.8575,26.8791,31.5369,60.6414
32999416000151,"SAFRA INFRA PREMIUM PROFISSIONAL II FIF INV EM INFRAESTRUTURA CI EM INFRA RENDA FIXA RESP LIMITADA","Safra Asset",95.3412,12.557,26.4868,22.1134,55.2601
33422113000134,"SAFRA GEMINI MASTER FIF INVESTIMENTO EM INFRAESTRUTURA CI EM INFRA RENDA FIXA RESP LIMITADA","Safra Asset",94.0356,119.9065,39.5539,40.5152,70.2063
33768941000129,"VISCONDE FIF - CLASSE DE INVESTIMENTO RF INCENTIVADO DE INVESTIMENTO EM INFRA - RESP LIMITADA","BR Partners",8.1821,82.309,33.6666,47.6629,67.4513
33768955000142,"RFT VOLGA INFRA FI FINANCEIRO - CI INCENTIVADA DE INVESTIMENTO EM INFRA RF - RESP LIMITADA","Rafter",98.6525,98.463,105.8667,61.897,90.1689
34172617000106,"BTG PACTUAL CRÉDITO CORP INCENTIVADO IPCA MASTER FI DE INVESTIMENTO FINANCEIRO EM INFRA RF","BTG Asset",-20.8413,80.0177,36.4332,40.6126,75.9928
34370754000155,"CORLETO PERTICARA FUNDO DE INVESTIMENTO EM INFRAESTRUTURA RENDA FIXA CRÉDITO PRIVADO","XPG",116.1579,115.9138,27.4212,19.1861,61.7156
34626618000183,"ANLCG123 FIF - CLASSE DE INVESTIMENTO RF INCENTIVADO DE INVESTIMENTO EM INFRA - RESP LIMITADA","BTG WM",24.8862,95.494,19.9218,23.1928,54.8348
34681760000123,"ALH II FIF INVESTIMENTO EM INFRAESTRUTURA CLASSE DE INVESTIMENTO RENDA FIXA EM INFRA RESP LIMITADA","Safra Asset",99.5882,107.4741,32.3812,23.5695,63.4931
34706691000165,"JOURNEY CAPITAL ENDURANCE JUROS REAIS MASTER FUNDO INCENTIV DE INVEST FINANCEIRO EM INFRA RENDA FIXA","Journey",26.6736,87.0502,83.0757,83.3534,84.9961
34738303000128,"L3H2B FUNDO DE INVESTIMENTO FINANCEIRO RENDA FIXA CRÉDITO PRIVADO INCENTIVADO RESP LIMITADA","Monte Bravo",-6965.8945,-1528.666,-511.4416,-234.2056,-72.3525
34792037000111,"ICATU SEGUROS FIF - CI INCENTIVADO DE INVESTIMENTO EM INFRAESTRUTURA RENDA FIXA - RESP LIMITADA","Icatu",57.2163,97.8422,63.4266,42.0831,76.378
34793170000192,"ICATU VANGUARDA FIF - CLASSE INCENTIVADA DE INVESTIMENTO EM INFRA RENDA FIXA LP - RESP LIMITADA","Icatu",42.7737,87.1745,62.1186,53.0616,71.3558
34799490000150,"JUQUEHY INFRA FIF - CI RENDA FIXA INCENTIVADO DE INVESTIMENTO EM INFRAESTRUTURA","BTG WM",114.5987,111.716,19.6264,19.1065,56.9459
35377709000195,"PSN KINEA FIF FUNDO INCENTIVADO EM INVESTIMENTO EM DEB DE INFRA RF CP RESP LIMITADA","Kinea",82.1608,103.5433,-9.9953,11.5656,51.4289
35491073000108,"INGAZINHO KINEA FIF FUNDO INCENTIVADO EM INVESTIMENTO EM DEB DE INFRAESTRUTURA RF CP RESP LIMITADA","Kinea",82.1179,104.947,-5.8809,11.0373,51.4329
35502503000140,"DAVID KINEA FIF FUNDO INCENTIVADO EM INVESTIMENTO EM DEB DE INFRA RF CP RESP LIMITADA","Kinea",27.925,95.6512,-6.4269,12.6644,52.1961
35535754000120,"LINCE 5 FIF INV EM INFRA CLASSE DE INV RENDA FIXA EM INFRAESTRUTURA RESPONSABILIDADE LIMITADA","Safra Asset",44.2363,75.0928,125.0875,65.8631,93.9897
35650677000150,"OROBÓ KINEA FIF FI INCENTIVADO EM DEBÊNTURES DE INFRAESTRUTURA RF CP RESP LIMITADA","Kinea",15.9707,92.8144,-6.0936,11.3207,52.0428
35700232000137,"MG2 INF FIF FUNDO INCENTIVADO EM INVESTIMENTO EM DEB DE INFRA RENDA FIXA CRÉD PRIV RESP LIMITADA","Kinea",26.008,94.5929,-7.1206,12.1129,51.8716
35755062000198,"RUBI 4 FIF INVESTIMENTO EM INFRAESTRUTURA CI EM INFRAESTRUTURA RENDA FIXA RESPONSABILIDADE LIMITADA","Safra Asset",82.1719,106.2297,10.5147,18.3627,60.3977
36178962000182,"KAMYROS FIF INVESTIMENTO EM INFRAESTRUTURA CI EM INFRAESTRUTURA RENDA FIXA RESPONSABILIDADE LIMITADA","Safra Asset",156.7015,95.2447,36.0026,34.9675,63.2752
36729801000130,"NAVI HIGH INCOME FUNDO INCENTIVADO DE INVESTIMENTO FINANCEIRO EM INFRAESTRUTURA RENDA FIXA","Navi",28.9615,92.331,-13.247,-62.4789,27.5793
36947635000148,"CAPITÂNIA FAPES FUNDO DE INVESTIMENTO FINANCEIRO MULT CRÉDITO PRIVADO - RESP LIMITADA","Capitânia",152.0448,88.4628,46.0122,60.6629,81.2815
37037999000153,"AGROS KINEA FIF RENDA FIXA CRÉDITO PRIVADO RESPONSABILIDADE LIMITADA","Kinea",86.1759,103.8983,-0.3444,31.856,63.0563
37319460000197,"LONGEVITATE KINEA FIF FUNDO INCENTIVADO EM INV EM DEB DE INFRA RF CRED PRIV RESP LIMITADA","Kinea",86.2606,103.2483,-11.1674,8.1448,49.8528
37368078000173,"ARX ELBRUS PRO MASTER FUNDO INCENTIVADO DE INVESTIMENTO FINANCEIRO EM INFRA RENDA FIXA - RESP LTDA","ARX",84.7686,66.355,-35.3019,20.3871,55.4342
37541412000149,"SAPUCAIAS968 KINEA FIF FUNDO INCENTIVADO EM INVESTIMENTO EM DEB DE INFRA RF CP RESP LIMITADA","Kinea",85.254,108.9877,-2.2462,6.987,-14.6842
37567174000140,"RIO KINEA FIF FUNDO INCENTIVADO EM INVESTIMENTO EM DEB DE INFRA RF CP RESP LIMITADA","Kinea",17.4092,95.2335,-5.9645,16.6352,54.1221
37728016000125,"SÃO MIGUEL KINEA FIF FUNDO INCENTIVADO EM INVESTIMENTO EM DEB DE INFRA RF CP RESP LIMITADA","Kinea",59.3488,103.0007,-3.0868,24.4838,57.9946
37750682000160,"G5 MONTREAL FIF - CLASSE DE INVESTIMENTO RF INCENTIVADO DE INVESTIMENTO EM INFRA - RESP LIMITADA","G5",189.4383,109.9146,15.8773,23.0318,66.117
37828591000108,"LMP KINEA FIF FUNDO INCENTIVADO EM INVESTIMENTO EM DEB DE INFRA RF CP RESP LIMITADA","Kinea",82.3141,104.9522,-6.1704,9.6985,-7.9958
37893242000161,"ZAATAR KINEA FIF FUNDO INCENTIVADO EM INVESTIMENTO EM DEB DE INFRA RF CP RESP LIMITADA","Kinea",91.8167,107.5242,-6.7767,10.1332,51.1187
37893263000187,"PAPACALU KINEA FIF FUNDO INCENTIVADO EM INVESTIMENTO EM DEB DE INFRA RF CP RESP LIMITADA","Kinea",46.0014,98.6796,-5.5653,10.7792,51.5014
37893354000112,"FAPES KINEA FUNDO DE INVESTIMENTO FINANCEIRO RENDA FIXA CRÉDITO PRIVADO RESPONSABILIDADE LIMITADA","Kinea",-214.0531,43.0581,6.7608,57.177,-514.1433
38489240000174,"ROMANEE KINEA FIF FUNDO INCENTIVADO EM INVESTIMENTO EM DEB DE INFRA REF CRÉD PRIV RESP LIMITADA","Kinea",7.496,93.4332,-2.6395,11.526,52.5042
39255769000196,"BB CASTANHA RENDA FIXA FUNDO INCENTIVADO DE INVESTIMENTO FINANCEIRO EM INFRAESTRUTURA RESP LIMITADA","BB Asset",100.4873,122.2916,26.2908,9.4249,43.5847
39316768000104,"JBFO INFLAÇÃO CORP ICATU PREV FIE II FIF - CLASSE DE INVESTIMENTO MULT CRÉDITO PRIV - RESP LIMITADA","BTG WM",92.4898,105.6093,10.3994,56.7084,67.5205
39511976000164,"INFRA PLUS RENDA FIXA CLASSE INCENTIVADA  DE INVESTIMENTO EM INFRAESTRUTURA - RESPONSABILIDADE LIMIT","BTG WM",108.0968,112.2029,11.623,23.5582,60.8905
39703214000160,"ICATU VANGUARDA TFO INCENTIVADO EM INFRAESTRUTURA FIF  CLASSE DE INVESTIMENTO RF  - RESP  LIMITADA","Icatu",51.4297,95.551,67.4906,44.7822,75.3662
39723106000159,"SPARTA INFLAÇÃO MASTER FUNDO INCENTIVADO DE INVEST FINANCEIRO EM INFRA RENDA FIXA - RESP LTDA","Sparta",-17786.232,-3989.2915,39.6177,53.4591,72.6765
40054529000102,"TOP 388 KINEA FIF FUNDO INCENTIVADO EM INVESTIMENTO EM DEB DE INFRA RF CP RESP LIMITADA","Kinea",20.7093,93.9269,-6.574,12.3672,52.3352
40101519000180,"GDI KINEA FIF FUNDO INCENTIVADO EM INVESTIMENTO EM DEB DE INFRA RF CRÉD PRIV RESP LIMITADA","Kinea",91.0174,108.7304,-4.6563,6.1194,51.3031
40897052000127,"FIF - CLASSE DE INVESTIMENTO RF INCENTIVADO DE INVESTIMENTO EM INFRA BEMAIS -RESP LIMITADA","BTG WM",109.9698,108.6984,-1.7993,6.2592,51.9514
40963311000170,"NU INFRA FUNDO INCENTIVADO DE INVESTIMENTO FINANCEIRO EM INFRAESTRUTURA RENDA FIXA MASTER I","Nu Asset",139.239,113.927,9.1837,-0.9447,54.7849
41091044000151,"PCPAYV FIF INVESTIMENTO EM INFRAESTRUTURA CLASSE DE INVESTIMENTO EM INFRA RENDA FIXA RESP LIMITADA","Safra Asset",85.3856,98.716,100.5609,57.1974,87.7625
41163523000136,"DPB INFRA FUNDO INCENTIVADO DE INVESTIMENTO FINANCEIRO EM INFRAESTRUTURA RENDA FIXA","BTG WM",104.9399,103.855,6.3017,-4.0035,44.7183
41300683000180,"RFT LIMAY FIF - CLASSE DE INVESTIMENTO INCENTIVADA DE INVESTIMENTO EM INFRA RF - RESP LIMITADA","Rafter",108.8875,112.1329,36.4709,29.0778,65.5402
41373706000186,"FRATER DEBÊNTURES INCENTIVADAS FUNDO DE INVESTIMENTO FINANCEIRO EM  INFRAESTRUTURA RENDA FIXA","BDR",118.5225,107.8636,22.5521,20.7635,58.1308
41392136000171,"SP330 KINEA FIF FUNDO INCENTIVADO EM INVESTIMENTO EM DEBÊNTURES DE INFRA RF CP RESP LIMITADA","Kinea",11.8855,90.5882,-8.6335,10.408,51.6671
41394902000137,"UBS EVOLUTION MASTER PORTFOLIO CRÉD PRIV FUNDO INCENTIVADO DE INVESTIMENTO EM INFRA RF RESP LIMITADA","UBS",76.6797,106.9034,20.0988,28.3457,62.3023
41395293000130,"LISBOA KINEA FUNDO DE INV FINANCEIRO FUNDO INCENTIVADO EM INV EM DEB INFRA RF CP RESP LIMITADA","Kinea",26.0254,93.8548,-7.3344,11.3968,51.4988
41395322000164,"RECIOTO KINEA FIF FUNDO INCENTIVADO EM INVESTIMENTO EM DEB DE INFRA RF CP RESP LIMITADA","Kinea",15.7654,91.8715,-6.8716,11.1506,51.1929
41594289000100,"JGP DEBÊNTURES INCENTIVADAS JUROS REAIS MASTER FIF INCENTIVADO DE INVEST EM INFRA RENDA FIXA - RL","JGP",80.9738,100.4929,60.4636,54.8423,86.9702
41687130000121,"GOPRO FUNDO DE INVESTIMENTO FINANCEIRO RENDA FIXA INVESTIMENTO EM INFRAESTRUTURA","XPG",99.3823,92.4924,28.8068,30.0333,59.5184
41687175000104,"EMB VII FIF - CLASSE DE INVESTIMENTO RENDA FIXA CRÉDITO PRIVADO - RESP LIMITADA","Capitânia",81.7119,103.3422,21.0768,51.2437,79.8144
41710510000130,"GFO KINEA FIF FUNDO INCENTIVADO EM INV EM DEB DE INFRA RF CRED PRIV RESP LIMITADA","Kinea",35.6662,96.263,-7.9199,11.9592,51.3384
41710563000150,"PIRACAIA KINEA FUNDO DE INV FINANCEIRO FUNDO INCENTIVADO EM INV EM DEB INFRA RF CP RESP LIMITADA","Kinea",96.9192,109.2115,-5.1638,14.564,52.4976
41714349000172,"VIVINFRA KINEA FIF FUNDO INCENTIVADO EM INVESTIMENTO EM DEB DE INFRA RF CRED PRIV RESP LIMITADA","Kinea",173.8956,126.4545,-19.6573,46.7053,66.1311
41763312000134,"LM KINEA FIF FUNDO INCENTIVADO EM INVESTIMENTO EM DEB DE INFRA RF CP RESP LIMITADA","Kinea",82.0566,105.8529,-4.8446,9.5692,50.3388
41763320000180,"NMP KINEA FIF INCENTIVADO EM INVESTIMENTO EM DEBÊNTURES DE INFRAESTRUTURA RF CRÉD PRIV RESP LIMITADA","Kinea",23.4913,93.9186,-7.4612,10.996,51.5156
41776635000162,"CAAS KINEA FIF FUNDO INCENTIVADO EM INVESTIMENTO EM DEB DE INFRA RF CP RESP LIMITADA","Kinea",12.4256,91.2222,-6.499,10.378,51.7435
41853314000114,"EPM FIF FUNDO INCENTIVADO EM INVESTIMENTO EM DEBÊNTURES DE INFRAESTRUTURA RF CRÉD PRIV RESP LIMITADA","IAM",118.9148,107.4919,-15.8241,0.4944,46.9061
41953322000132,"INTER INFRA MASTER FIF INCENTIV DE INVESTIMENTO EM INFRA RENDA FIXA CRÉD PRIV RESP LIMITADA","Inter",-539.1404,-28.6555,-120.5721,-111.8757,-45.0049
41994712000150,"ITAÚ DEB INCENTIVADAS FIF INCENTIVADO EM INFRA RF CRÉD PRIV - RESP LIMITADA","IAM",108.2136,97.9009,2.7816,18.5947,57.0199
42066694000100,"MARAVILHA FIF INVESTIMENTO EM INFRAESTRUTURA CLASSE DE INVEST EM INFRA RENDA FIXA RESP LIMITADA","Safra Asset",104.1495,114.5945,39.6347,34.3022,66.2506
42066755000139,"RUBI 3 FIF INVESTIMENTO EM INFRAESTRUTURA CI EM INFRAESTRUTURA RENDA FIXA RESPONSABILIDADE LIMITADA","Safra Asset",67.6751,94.4432,99.9784,63.8244,88.0634
42102181000107,"ZURIQUE FIF - CLASSE DE INVESTIMENTO RF INCENTIVADO DE INVESTIMENTO EM INFRA - RESP LIMITADA","BTG WM",102.7809,105.4053,5.8305,10.5424,47.8525
42154270000105,"CONDE KINEA FUNDO DE INV FINANCEIRO FUNDO INCENTIVADO EM INV EM DEB INFRA RF CP RESP LIMITADA","Kinea",83.5693,106.4798,-4.3717,9.5676,50.5732
42195812000180,"FÊNIX KINEA FIF FUNDO INCENTIVADO EM INVESTIMENTO EM DEB DE INFRA RF CRED PRIV RESP LIMITADA","Kinea",107.1024,113.8359,-15.3795,44.007,65.8888
42195828000192,"TOP 6973 KINEA FUNDO DE INV FINANCEIRO FUNDO INCENTIVADO EM INV EM DEB INFRA RF CP RESP LIMITADA","Kinea",29.2411,96.1773,-5.9101,13.0358,52.6645
42195916000194,"GOLDEN GATE KINEA FIF FUNDO INCENTIVADO EM INVESTIMENTO EM DEB DE INFRA RF CP RESP LIMITADA","Kinea",20.5089,93.8076,-6.3754,11.056,51.8086
42217140000166,"ELYSIO FIF INVEST EM INFRA CLASSE DE INVESTIMENTO RENDA FIXA EM INFRAESTRUTURA RESP LIMITADA","Safra Asset",89.6344,96.8403,46.1726,28.0101,71.3625
42221412000100,"SAFRA CAPITAL MARKET INFRA MASTER II FIF INV EM INFRAESTRUTURA CI EM INFRA RF RESP LIMITADA","Safra Asset",62.9338,76.4985,113.328,55.797,89.2243
42287499000100,"PREVI-GM CRÉDITO ESTRUTURADO II FI FINANCEIRO RENDA FIXA CRÉDITO PRIVADO - RESPONSABILIDADE LIMITADA","Capitânia",162.1654,83.68,-5.8838,36.4434,64.9333
42287704000137,"PREVI GM CRÉDITO ESTRUTURADO I FIF MULTIMERCADO CRÉDITO PRIVADO - RESPONSABILIDADE LIMITADA","Vinci",144.3899,101.2148,77.7599,99.6351,95.3494
42298805000103,"CAPIM FIF INVESTIMENTO EM INFRA CLASSE DE INVESTIMENTO EM INFRAESTRUTURA RENDA FIXA RESP LIMITADA","Turim",113.3848,111.69,14.5054,28.7311,61.1891
42298902000104,"CDLA GESTÃO FINANCEIRA FIF INV EM INFRA CLASSE DE INV EM RENDA FIXA EM INFRAESTRUTURA RESP LIMITADA","Safra Asset",101.3618,99.5478,31.8781,15.2811,57.4929
42321494000156,"GENEVE RENDA FIXA CLASSE INCENTIVADA DE  INVESTIMENTO EM INFRAESTRUTURA - RESP LIMITADA","UBS",108.25,104.6646,39.3305,10.6062,52.2224
42321520000146,"AGRA FIF INVESTIMENTO EM INFRAESTRUTURA CLASSE DE INVESTIMENTO RENDA FIXA EM INFRA RESP LIMITADA","Safra Asset",120.343,89.9104,37.5112,34.173,63.4653
42378579000170,"ITAÚ ACTION DEBÊNTURES INCENTIVADAS FIF INCENTIVADO INFRA RF CRED PRIV LP - RESP LIMITADA","IAM",244.5977,159.0171,-66.9871,-29.7817,49.3337
42411555000176,"ITAÚ DEB INCENTIVADAS CDI FDO INCENTIVADO DE INV FINANCEIRO EM INFRAESTR RF CRÉD PRIV  RESP LIMITADA","IAM",62.2897,88.3004,122.5699,57.9847,92.2925
42420560000145,"MANGALARGA 2 FIF INVESTIMENTO EM INFRA CI EM INFRAESTRUTURA RENDA FIXA RESPONSABILIDADE LIMITADA","Safra Asset",106.8174,104.6249,25.0048,18.5847,58.6819
42420671000151,"MCF FIF INVESTIMENTO EM INFRAESTRUTURA CI EM INFRAESTRUTURA RENDA FIXA RESPONSABILIDADE LIMITADA","Safra Asset",110.0956,108.7358,30.5905,24.7741,62.5059
42420740000127,"M&M 2 FIF INVESTIMENTO EM INFRA CI EM RENDA FIXA EM INFRAESTRUTURA RESPONSABILIDADE LIMITADA","Safra Asset",65.5762,86.4937,96.8512,39.7478,83.8136
42447172000158,"LINCE 4 FIF INVESTIMENTO EM INFRAESTRUTURA CI RENDA FIXA EM INFRAESTRUTURA RESPONSABILIDADE LIMITADA","Safra Asset",36.2149,88.0997,132.9282,58.0016,91.956
42447197000151,"GAL CAFÉ 2 FIF INV EM INFRAESTRUTURA CLASSE DE INV EM INFRA RENDA FIXA RESP LIMITADA","Safra Asset",114.8132,109.1572,29.6628,21.0612,64.225
42592438000156,"BB GR INFRA RENDA FIXA FUNDO INCENTIVADO DE INVESTIMENTO FINANCEIRO EM INFRAESTRUTURA RESP LIMITADA","BB Asset",104.4034,118.5613,29.4084,19.4241,52.2015
42619279000136,"BB BRASÍLIA RENDA FIXA FUNDO INCENTIVADO DE INVESTIMENTO FINANCEIRO EM INFRAESTRUTURA RESP LIMITADA","BB Asset",118.3276,116.5781,35.3204,42.2492,64.9762
42698876000101,"ITAÚ DEB INCENTIVADAS PRÉ FIF INCENTIVADO INFRA RF CRÉD PRIV - RESP LIMITADA","IAM",72.8384,91.7201,120.7934,44.3943,87.4422
42774301000112,"CALATHEA RENDA FIXA CLASSE INCENTIVADA  DE INVESTIMENTO EM INFRAESTRUTURA - RESP LIMITADA","BTG WM",110.054,106.9071,14.4746,-4.896,43.7227
43122009000188,"MAKTOUB FIF FUNDO INCENTIVADO EM INVESTIMENTO EM DEB DE INFRA RF CP RESP LIMITADA","Kinea",92.584,107.9218,-6.6265,8.8855,50.7079
43122017000124,"AMG1 KINEA FIF FUNDO INCENTIVADO EM INVESTIMENTO EM DEB DE INFRA RF CP RESP LIMITADA","Kinea",17.7451,93.0352,-591.7605,-281.5697,-93.9846
43122073000169,"SOTONIC KINEA FIF FUNDO INCENTIVADO EM INVESTIMENTO EM DEB DE INFRA RF CRED PRIV  RESP LIMITADA","Kinea",25.7213,95.6501,-0.6225,15.2146,53.4694
43122090000104,"ORION KINEA FIF FUNDO INCENTIVADO EM INVESTIMENTO EM DEBÊNTURES DE INFRA RF CP RESP LIMITADA","Kinea",95.7775,108.5844,-6.9129,9.767,50.48
43140450000192,"SPARTA INFRA MASTER I FUNDO INCENTIVADO DE INVESTIMENTO EM INFRAESTRUTURA RENDA FIXA","Sparta",-199.3631,41.0961,4.0468,-34.4632,2.0758
43140638000130,"BOCAINA INFRA MASTER I - FUNDO INCENTIVADO DE INVESTIMENTO EM INFRAESTRUTURA RENDA FIXA","Bocaina",140.7349,119.4174,-216.0212,-43.58,28.797
43758715000110,"ITAOCAIA FIF INVESTIMENTO EM INFRAESTRUTURA CLASSE DE INVESTIMENTO EM INFRA RENDA FIXA RESP LIMITADA","Safra Asset",248.3989,107.1511,42.7406,41.4193,70.1008
44212650000176,"G&J FIF - CLASSE DE INVESTIMENTO RF INCENTIVADO DE INVESTIMENTO EM  INFRAESTRUTURA - RESP LIMITADA","BTG WM",27.2185,92.974,26.5354,35.8157,71.0811
44229743000103,"EVOLUTION ACN FIF FUNDO INCENTIVADO EM INVESTIMENTO EM DEB DE INFRA RF CRÉDITO PRIVADO RESP LIMITADA","IAM",58.8784,82.272,121.8148,57.3811,81.2941
44229915000149,"UBS EVOLUTION MAJESTY FUNDO DE INVESTIMENTO EM INFRAESTRUTURA RENDA FIXA CRÉD PRIV RESP LIMITADA","UBS",102.3785,101.6031,16.0152,14.208,54.6876
44271539000150,"ÊXITO FIF INVEST EM INFRA CLASSE DE INVESTIMENTO RENDA FIXA EM INFRAESTRUTURA RESP LIMITADA","Safra Asset",82.5095,84.9994,65.696,42.5616,76.4834
44271594000140,"MAMIRA FIF INV EM INFRAESTRUTURA CLASSE DE INVESTIMENTO EM INFRA RENDA FIXA RESP LIMITADA","Safra Asset",110.3725,45.503,43.2469,35.0931,63.5507
44315864000178,"BRAM DEBÊNTURES INCENT INFLAÇÃO INFRA FIF - CI INCENT DE INV EM INFRA RF LP - RESP LIMITADA","BRAM",35.8793,90.4743,92.112,55.7455,93.3468
44360319000101,"HIMALAIA FUNDO INCENTIVADO DE INVESTIMENTO FINANCEIRO EM INFRAESTRUTURA RENDA FIXA","BTG WM",113.8924,112.5734,10.6727,-1.3262,54.5737
44361134000103,"UBS EVOLUTION MASTER PORTFOLIO CRÉD PRIV CDI FI INCENTIVADO EM INFRAESTRUTURA RF RESP LIMITADA","UBS",85.203,92.4802,121.8769,59.255,91.2439
44417248000128,"WHISKY INFRA FUNDO INCENTIVADO DE INVESTIMENTO FINANCEIRO EM INFRAESTRUTURA RENDA FIXA","BTG WM",113.3527,105.2627,9.8093,16.3809,58.6497
44960766000193,"RIO BRAVO CRÉDITO INCENT INFLAÇÃO FIF - CI INCENTIVADA DE INV EM INFRA RF CRED PRIV - RESP LIMITADA","Rio Bravo",77.7125,56.6902,7.9776,49.4546,72.942
45019458000120,"RBR INFRA MASTER I FUNDO INCENTIVADO DE INVESTIMENTO FINANCEIRO EM INFRAEST RENDA FIXA RESP LIMITADA","RBR",122.7677,104.4162,-168.8735,-58.8909,-13.3113
45081662000171,"BB ITAJU RENDA FIXA FUNDO INCENTIVADO DE INVESTIMENTO FINANCEIRO EM INFRAESTRUTURA  RESP LIMITADA","BB Asset",122.8959,120.8255,42.2465,19.0592,40.5565
45081835000151,"BB USBACK RF FUNDO INCENTIVADO DE INVESTIMENTO FINANCEIRO EM INFRAESTRUTURA RESP LIMITADA","BB Asset",111.2848,117.7024,25.533,28.7738,56.0206
45088665000137,"ALETHEIA FUNDO DE INVESTIMENTO EM INFRAESTRUTURA RENDA FIXA CRÉDITO PRIVADO","WHG",118.5474,105.2731,27.4053,29.2188,63.8316
45354855000159,"PSL 1 FUNDO INCENTIVADO DE INVESTIMENTO EM INFRAESTRUTURA RENDA FIXA","BTG WM",137.7777,66.6062,53.09,19.4187,40.3027
45912093000169,"VINCI CRÉDITO INFRA MASTER FUNDO INCENTIVADO DE INVESTIMENTO EM INFRAESTRUTURA RENDA FIXA","Vinci",157.3887,117.9428,-0.8772,18.3245,60.9
45912178000147,"VINCI CRÉDITO INFRA INSTITUCIONAL FUNDO INCENTIVADO DE IF EM INFRA RF - RESPONSABILIDADE LIMITADA","Vinci",166.3572,46.1076,-5.0619,39.5012,65.7517
46098742000100,"FL FUNDO INCENTIVADO DE INVEST FINANCEIRO EM  INFRAESTRUTURA RENDA FIXA -  RESPONSABILIDADE LTDA","Galt",180.7275,102.9377,37.2963,34.2861,66.3259
46172369000182,"TOSCANA FIF FUNDO INCENTIVADO EM INVESTIMENTO EM DEBÊNTURES DE INFRA RF CRED PRIV RESP LIMITADA","IAM",76.2234,88.1091,114.366,55.5744,88.1002
46423681000100,"NIKOS INFRA MASTER FUNDO DE INVESTIMENTO FINANCEIRO","Nikos",108.6105,121.9629,85.6757,27.8618,72.4074
46438835000129,"ITAÚ CONSULT DEB INCENTIVADAS IPCA FIF INCENTIVADO INFRA RF CRÉD PRIV - RESP LIMITADA","IAM",104.8139,98.8944,-0.908,7.1638,51.5728
46438863000146,"ITAÚ CONSULT DEB INCENTIVADAS CDI FUNDO INC DE INV FINANCEIRO INFRA RF CRÉD PRIV - RESP LIMITADA","IAM",62.3748,85.9604,122.8345,52.6372,89.6267
46449438000152,"ITAÚ DEBÊNTURES INCENTIVADAS CDI II FUNDO INC DE INVEST FINANCEIRO INFRA RF CRÉD PRIV RESP LIMITADA","IAM",68.3383,88.9471,122.4084,58.6031,93.0613
46474477000100,"ITAÚ PRIVATE DEB INCENTIVADAS PRÉ II TARGET 2027 FIF INCENTIVADO DE INV INFRA RF CP - RESP LTDA","IAM",68.415,90.4972,123.344,43.7231,87.4508
46479870000196,"ITAÚ DEB INCENTIVADAS PRÉ TARGET 2028 IV FIF INCENTIVADO EM INFRA RF CRÉD PRIV RESP LIMITADA","IAM",200.013,109.6972,101.088,19.2272,70.1932
46503160000154,"AVIÃO IV FUNDO INCENTIVADO DE INVESTIMENTO FINANCEIRO EM INFRAESTRUTURA RENDA FIXA","BTG WM",108.2153,113.8984,6.7661,11.1347,49.299
46573364000161,"RAMA FUNDO DE INVESTIMENTO FINANCEIRO RENDA FIXA","BTG WM",112.1342,106.304,7.8546,3.2448,49.0937
46655366000108,"BB EVANGELISTA INFRA RF FUNDO INCENTIVADO DE INVESTIMENTO FINANCEIRO EM INFRAESTRUTURA RESP LIM","BB Asset",89.1025,120.3058,66.247,69.5836,76.4996
47102746000170,"BTG INFRA MASTER II FUNDO INCENTIVADO DE INVESTIMENTO EM INFRAESTRUTURA RENDA FIXA","BTG Asset",-315.5694,-94.7496,-122.4506,-95.6948,14.3765
47457540000162,"FSB INFRA FUNDO INCENTIVADO DE INVESTIMENTO EM INFRAESTRUTURA RENDA FIXA","BTG WM",112.4014,104.6652,15.3823,-4.7455,43.8933
47512582000159,"CAPITANIA MASTER IV FUNDO INCENTIVADO DE INVESTIMENTO FINANCEIRO EM INFRAESTRUTURA RENDA FIXA","Capitânia",149.5215,123.6122,27.5202,-317.0231,-166.6977
47540226000149,"LONTRAS II FIF FUNDO INCENTIVADO EM INVESTIMENTO EM DEB DE INFRA RENDA FIXA CRED PRIV RESP LIMITADA","IAM",287.591,81.7663,62.6678,64.8559,70.5209
47562268000180,"PSL 2 FUNDO INCENTIVADO DE INVESTIMENTO EM INFRAESTRUTURA RENDA FIXA","BTG WM",109.7332,121.6928,63.8286,39.6122,65.1279
47586467000129,"BWS SELEÇÃO CRÉDITO  INFRAESTRUTURA CLASSE DE  INVESTIMENTO RENDA FIXA - RESPONSABILIDADE LIMITADA","Plural",85.4232,94.5627,109.9259,71.1964,87.848
47610743000147,"BUDAPESTE CLASSE DE INVESTIMENTO RENDA  FIXA INCENTIVADO EM INFRAESTRUTURA - RESP LIMITADA","ASA",108.1652,105.7856,21.5172,32.0221,60.3953
47628885000131,"ABSOLUTE HIDRA CDI MASTER FUNDO INCENTIVADO DE INVESTIMENTO FINANCEIRO EM INFRAESTRUTURA RENDA FIXA","Absolute",102.3363,107.1475,128.5489,64.1061,85.1775
47698578000127,"LEGACY CAPITAL COMPOUND FIF - FUNDO INCENT EM INV EM DEB DE INFRA IPCA RF CRÉD PRIV - RESP LIMITADA","Legacy",89.5854,109.0797,-28.2817,-1.02,56.0543
47716553000109,"JOURNEY CAPITAL 40 FUNDO DE INVESTIMENTO EM INFRAESTRUTURA RENDA FIXA","Journey",133.0269,89.4912,19.6319,65.8984,87.8593
47730898000117,"FVI DEBÊNTURES INCENTIVADAS MASTER FUNDO INCENTIVADO DE INVESTIMENTO FINANCEIRO EM INFRA RENDA FIXA","AZ Quest",34.1072,113.2533,78.2208,45.9053,74.2695
47776713000105,"TAPEMA DEBENTURES INCENTIVADAS FUNDO INCENTIVADO DE INVESTIMENTO EM INFRAESTRUTURA RENDA FIXA","BTG WM",120.4573,110.0423,7.1878,10.5749,50.4494
48133419000148,"ITAÚ PRIVATE DEB INCENTIVADAS PRÉ III TARGET 2027 FUNDO INC DE INV FINANCEIRO  INFRA RF - RESP LTDA","IAM",69.3512,90.9334,119.8568,45.1975,88.2088
48393053000146,"BB MEGLETH RENDA FIXA FUNDO INCENTIVADO DE INVESTIMENTO FINANCEIRO EM INFRAESTRUTURA RESP LIMITADA","BB Asset",73.6902,113.9727,31.5625,15.1036,46.7306
48553311000104,"ZOOX FIF INV EM INFRAESTRUTURA CLASSE DE INVESTIMENTO EM INFRAESTRUTURA RENDA FIXA RESP LIMITADA","Safra Asset",98.9,96.3921,20.9022,18.6516,57.8358
48554073000151,"DOURO 2 FIF INVEST EM INFRA CLASSE DE INVESTIMENTO RENDA FIXA EM INFRAESTRUTURA RESP LIMITADA","Safra Asset",102.1843,108.4999,43.4581,31.7612,64.1385
48554212000147,"PGR FIF INVESTIMENTO EM INFRAESTRUTURA CI EM INFRAESTRUTURA RENDA FIXA RESPONSABILIDADE LIMITADA","Safra Asset",99.1063,106.8997,40.0009,34.2675,68.8489
48554260000135,"CAGINI FIF INVESTIMENTO EM INFRAESTRUTURA CLASSE DE INVESTIMENTO EM INFRA RENDA FIXA RESP LIMITADA","Safra Asset",96.8015,107.0384,35.3269,30.956,66.7043
48766978000195,"CASSOLA 3 FIF INV EM INFRAESTRUTURA CLASSE DE INV RENDA FIXA EM INFRAESTRUTURA RESP LIMITADA","Safra Asset",90.8287,98.0661,90.9518,53.117,85.0744
48884731000173,"INFRA JURO REAL KINEA FIF FUNDO INCENTIVADO EM INVESTIMENTO EM DEB DE INFRA RF CP RESP LIMITADA","Kinea",7.7348,90.4341,-7.7762,13.1915,52.2867
48969047000194,"RIZA ÉVORA DEBÊNTURES INCENTIVADAS JUROS ATIVOS F INCENTIVADO DE INVESTIMENTO FINANCEIRO EM INFRA RF","Riza",132.7756,125.5392,18.8997,26.7351,59.5462
48969700000115,"GABRIELA 18 KINEA FIF FUNDO INCENTIVADO EM INVESTIMENTO EM DEB DE INFRA RF CP RESP LIMITADA","Kinea",30.4909,95.1884,-7.4441,9.6562,50.8712
48969821000167,"SUNO INFRA DEBENTURES MASTER I FUNDO INCENTIVADO DE INVESTIMENTO FINANCEIRO EM INFRAESTRUTURA RF","Suno",104.394,91.585,51.5367,62.2502,95.5193
48970212000128,"SPARTA INFRA CDI MASTER I FUNDO INCENTIVADO DE INVESTIMENTO EM INFRAESTRUTURA RENDA FIXA","Sparta",-339.8221,6.7043,-13.9382,-51.9717,-18.6261
49001109000132,"ARBA FIF - CLASSE DE  INVESTIMENTO RF INCENTIVADO DE INVESTIMENTO EM  INFRAESTRUTURA - RESP LIMITADA","BTG WM",106.434,102.9408,6.3484,6.9312,51.2303
49001440000152,"BLUE HILL FIF - CLASSE DE INVESTIMENTO RF INCENTIVADO DE INVESTIMENTO EM INFRA - RESP LIMITADA","BTG WM",97.4052,110.0229,12.654,15.7823,56.3652
49115219000125,"ANGRA KINEA FIF FUNDO INCENTIVADO EM INVESTIMENTO EM DEB DE INFRA  RF CRED PRIV RESP LIMITADA","Kinea",76.4081,-4283.5386,-1552.0809,-763.5547,-333.3136
49289104000157,"JGP CRÉDITO INFRA MASTER I FIF INCENTIVADO DE INVESTIMENTO EM INFRAESTRUTURA RENDA FIXA - RESP LTDA","JGP",14.3566,105.2747,84.3248,48.3028,83.5386
49414058000170,"ESTEVÃO FUNDO INCENTIVADO DE INVESTIMENTO FINANCEIRO EM INFRAESTRUTURA RENDA FIXA","BTG WM",120.8142,107.7609,16.8617,7.5705,51.4316
49489422000161,"BALENO KINEA FIF FUNDO INCENTIVADO EM INVESTIMENTO EM DEB DE INFRA RF CP RESP LIMITADA","Kinea",91.0667,107.4895,-5.4362,10.3504,50.3284
49598896000141,"AUGME CLASSE DE INVESTIMENTO RENDA FIXA INCENTIVADO EM INFRAESTRUTURA - RESP LIMITADA","Augme",13.6058,86.7167,51.4679,40.2032,72.1191
49624023000166,"PSL 3 FUNDO INCENTIVADO DE INVESTIMENTO EM INFRAESTRUTURA RENDA FIXA","BTG WM",118.1996,134.8354,44.3392,17.0009,58.4681
49827171000188,"HASSENAH 2 FIF INVESTIMENTO EM INFRA CI EM INFRAESTRUTURA RENDA FIXA RESPONSABILIDADE LIMITADA","Safra Asset",87.8397,102.4814,77.8905,23.9428,63.7662
49920429000196,"KINEA VC FIF FUNDO INCENTIVADO EM INVESTIMENTO EM DEB DE INFRA RENDA FIXA CRED PRIV RESP LIMITADA","Kinea",21.1787,93.2041,-7.2714,11.9189,51.9075
50019162000140,"PORTO BAOBA MASTER FUNDO INCENTIVADO DE INVESTIMENTO EM INFRAESTRUTURA RENDA FIXA","Porto Asset",115.984,123.3051,99.9088,52.8983,84.4036
50038992000114,"SPARTA DEB INC ESTRAT FUNDOS INCENTIVADOS DE INVEST FINANCEIRO EM INFRA RENDA FIXA - RESP LIMITADA","Sparta",445.6128,117.6116,61.0378,28.8295,69.2833
50039659000120,"MULTI ENERGIA KINEA FIF FUNDO INCENTIVADO EM INVESTIMENTO EM DEB DE INFRA RF CRED PRIV RESP LIMITADA","Kinea",20.5561,92.836,-8.3175,10.838,51.098
50067989000129,"G5 MVT FUNDO INCENTIVADO DE INVESTIMENTO FINANCEIRO EM INFRAESTRUTURA RENDA FIXA","G5",19.3123,92.9984,73.3891,50.2551,70.0977
50074358000137,"PMR KINEA FIF FUNDO INCENTIVADO EM INVESTIMENTO EM DEB DE INFRA RF CP RESP LIMITADA","Kinea",29.5828,96.2998,-5.7016,12.7601,52.7563
50076958000134,"SAFE HAVEN INFRA KINEA FIF FUNDO INCENTIVADO EM INVESTIMENTO EM DEB DE INFRA RF CP RESP LIMITADA","Kinea",9.1471,90.6738,-6.762,9.6371,50.9287
50099740000103,"BB MYNA II INFRA RENDA FIXA FUNDO INCENTIVADO DE INVESTIMENTO FINANCEIRO EM INFRAESTRUTURA RESP LIM","BB Asset",92.94,106.0148,3.2287,6.4255,43.3988
50116962000189,"SAFRA DEBÊNTURES PLUS FIF INV EM INFRA  CLASSE DE INVEST EM INFRAESTRUTURA RENDA FIXA RESP LIMITADA","Safra Asset",88.2676,104.9356,31.9135,33.8489,61.5848
50190791000138,"W3 FUNDO DE INVESTIMENTO FINANCEIRO MULTIMERCADO CRÉDITO PRIVADO - RESPONSABILIDADE LIMITADA","Franklin Templeton",87.8825,108.9801,92.1851,74.3872,87.0804
50191322000133,"OURO VELHO FIF INVESTIMENTO EM INFRAESTRUTURA CLASSE DE INVEST EM INFRA RENDA FIXA RESP LIMITADA","Safra Asset",102.2367,107.6891,43.5994,41.162,71.3043
50198930000170,"BURITI FUNDO DE INVESTIMENTO FINANCEIRO MULTIMERCADO CRÉDITO PRIVADO - RESPONSABILIDADE LIMITADA","BB Asset",86.0147,116.1021,48.119,33.7215,57.734
50272216000184,"SAFIRA FUNDO INCENTIVADO DE INVESTIMENTO FINANCEIRO EM INFRAESTRUTURA RENDA FIXA","BTG WM",103.3124,101.7217,11.2799,1.2771,47.6207
50290023000156,"CARIRI FUNDO INCENTIVADO DE INVESTIMENTO FINANCEIRO EM INFRAESTRUTURA RENDA FIXA","BTG WM",36.4594,84.2505,-3.6155,-28.7881,31.1065
50320512000103,"ASHER FIF INVESTIMENTO EM INFRAESTRUTURA CLASSE DE INVESTIMENTO RENDA FIXA EM INFRA RESP LIMITADA","Safra Asset",100.5532,101.911,37.0347,28.2815,63.2922
50349168000185,"LEREMA KINEA FIF FUNDO INCENTIVADO EM INVESTIMENTO EM DEB DE INFRAESTRUTURA RF CP RESP LIMITADA","Kinea",18.7842,92.4489,-6.8835,10.5231,50.9218
50390553000176,"ITAÚ DEBÊNTURES INCENTIVADAS CDI III FUNDO INC DE INV FINANCEIRO EM INFRA RF CRÉD PRIV - RESP LTDA","IAM",59.0004,82.9741,124.7893,54.8178,90.2126
50435660000173,"LOBO-GUARÁ FIF INVESTIMENTO EM INFRAESTRUTURA CLASSE DE INVEST EM INFRA RENDA FIXA RESP LIMITADA","Safra Asset",99.1166,76.7772,49.7225,41.9155,72.4787
50563729000144,"UBS EVOLUTION SERRAMBI FUNDO DE INVESTIMENTO EM INFRAESTRUTURA RENDA FIXA CRÉD PRIV RESP LIMITADA","UBS",104.3575,116.1802,22.4836,21.5966,62.6128
50642928000148,"OLIVA KINEA FIF FUNDO INCENTIVADO EM INVESTIMENTO EM DEB DE INFRA RF CP RESP LIMITADA","Kinea",29.5899,94.622,-8.9956,9.9044,50.6578
50652489000154,"LEIA EXCELLENCE FIF EM INFRA CLASSE DE INVESTIMENTO EM INFRAESTRUTURA RENDA FIXA RESP LIMITADA","Safra Asset",105.5148,68.0682,81.721,48.7203,83.1836
50658258000158,"CALGARY INFRA KINEA FIF FUNDO INCENTIVADO EM INVESTIMENTO EM DEB DE INFRA RF CP RESP LIMITADA","Kinea",31.2193,96.2689,-6.3039,12.7807,52.8998
50678270000124,"RENDA FIXA PORTFOLIO INCENTIVADA FUNDO INCENTIVADO DE INVESTIMENTO EM INFRAESTRUTURA RENDA FIXA","BTG WM",145.8966,117.1364,-20.3645,-30.7921,37.6234
50705390000173,"SAFE HAVEN INFRA B1 FUNDO INCENTIVADO DE INVESTIMENTO FINANCEIRO EM INFRAESTRUTURA RENDA FIXA","BTG WM",115.2908,108.4242,20.3849,5.4872,53.6573
50733585000127,"108 KINEA VC FIF FUNDO INCENTIVADO EM INVESTIMENTO EM DEB DE INFRA RF CP RESP LIMITADA","Kinea",22.9273,93.867,-6.7844,10.3032,50.9868
50817290000139,"ALEXANDRE O GRANDE II FIF INV EM INFRAESTRUTURA CLASSE DE INV EM INFRA RENDA FIXA RESP LIMITADA","Safra Asset",93.6604,106.1051,37.3954,29.9522,65.8215
50840386000118,"BB SUCCESSION RF FUNDO INCENTIVADO DE INVESTIMENTO FINANCEIRO EM INFRAESTRUTURA RESP LIMITADA","BB Asset",121.0311,104.8928,6.2266,20.8475,54.401
50860797000175,"MARESIAS KINEA FIF FUNDO INCENTIVADO EM INVESTIMENTO EM DEB DE INFRA RF CRED PRIV RESP LIMITADA","Kinea",91.5913,106.703,-6.4614,8.3029,49.3786
50861003000198,"ABSOLUTE HIKER FIF FUNDO INCENTIVADO EM INVESTIMENTO EM DEB DE INFRA RF CRÉD PRIV LP RESP LIMITADA","Absolute",78.2054,65.2273,101.1629,33.1349,67.7131
50862124000154,"VINLAND FUNDO INCENTIVADO EM INVESTIMENTO EM DEB DE INFRA ATIVO FIF RF CRÉD PRIV LP  RESP LIMITADA","Vinland",382.4537,60.4417,104.0211,22.0675,66.411
50868823000101,"FUNDO DE INVESTIMENTO FINANCEIRO - CI RENDA FIXA INCENTIVADO DE INVESTIMENTO EM INFRA JATIÚCA","BRAM",94.9264,99.6163,36.6743,19.3793,59.1161
50879270000192,"JSPI DEBÊNTURES INCENTIVADAS FUNDO INCENTIVADO DE INVESTIMENTO FINANCEIRO EM INFRA RENDA FIXA","Portofino",71.9983,92.6435,16.9261,17.4742,54.8889
50890486000159,"IMSM KINEA FIF FUNDO INCENTIVADO EM INVESTIMENTO EM DEB DE INFRA RF CRÉDITO PRIVADO RESP LIMITADA","Kinea",23.2981,93.0341,-8.2418,10.7998,51.2447
50891130000130,"LEGACY CAPITAL COMPOUND FIF INVESTIMENTO EM DEB DE INFRA CDI ATIVO RF CRED PRIV LP RESP LIMITADA","Legacy",256.4375,87.5296,103.1479,18.3096,59.8781
50910444000132,"WHITE WING KINEA FIF FUNDO INCENTIVADO EM INVESTIMENTO EM DEB DE INFRA RF CP RESP LIMITADA","Kinea",22.3496,93.4032,-7.2456,11.6536,51.5896
50926512000151,"BUFFETT DEBÊNTURES INCENTIVADAS FUNDO INCENTIVADO DE INVESTIMENTO FINANCEIRO EM INFRA RENDA FIXA","Portofino",138.633,110.4875,15.2773,8.7789,52.5787
50926941000129,"TIWA KINEA FIF FUNDO INCENTIVADO EM INVESTIMENTO EM DEB DE INFRA RF CP RESP LIMITADA","Kinea",22.5663,93.4533,-7.9707,11.137,51.3722
50927112000160,"TREVISO KINEA FIF FUNDO INCENTIVADO EM INVESTIMENTO EM DEB DE INFRA RF CP RESP LIMITADA","Kinea",11.5667,90.1734,-6.9963,9.9102,50.8414
50946766000131,"PÉGASUS KINEA FIF FUNDO INCENTIVADO EM INVESTIMENTO EM DEB DE INFRA RF CRED PRIV RESP LIMITADA","Kinea",26.7739,95.1055,-7.0005,12.2799,52.7198
50979958000144,"SÃO JORGE KINEA FIF FUNDO INCENTIVADO EM INVESTIMENTO EM DEB DE INFRA RF CP RESP LIMITADA","Kinea",24.9475,94.1604,-9.3412,11.1624,-43.3904
51010435000158,"KINZAN INFRA FUNDO INCENTIVADO DE INVESTIMENTO EM INFRAESTRUTURA RENDA FIXA CRÉDITO PRIVADO","BTG WM",103.1653,100.0163,2.3645,-10.0708,38.244
51024922000170,"TDI CLASSE INCENTIVADA DE INVESTIMENTO EM INFRAESTRUTURA RENDA FIXA - RESP LIMITADA","Turim",120.8674,107.5589,0.8275,11.7921,56.6149
51033302000105,"TORRES KINEA FIF FUNDO INCENTIVADO EM INVESTIMENTO EM DEB DE INFRA RF CP RESP LIMITADA","Kinea",27.4577,93.8967,-8.7681,10.8403,50.8663
51058091000157,"RP INFRA KINEA FIF FUNDO INCENTIVADO EM INVESTIMENTO EM DEB DE INFRA RF CRED PRIV RESP LIMITADA","Kinea",11.9226,90.8897,-7.6643,12.0004,52.5705
51063538000186,"PAV FIF INVESTIMENTO EM INFRAESTRUTURA CI EM INFRAESTRUTURA RENDA FIXA RESPONSABILIDADE LIMITADA","Safra Asset",93.1727,84.1224,111.7286,64.9765,91.4446
51096061000135,"TTME 3 FIF INVEST EM INFRAESTRUTURA CLASSE DE INVESTIMENTO EM INFRA RENDA FIXA RESP LIMITADA","Safra Asset",71.6387,86.8254,97.3039,63.7617,84.412
51112915000120,"ABSOLUTE HIDRA IPCA MASTER FUNDO INCENTIVADO DE INVESTIMENTO FINANCEIRO EM INFRAESTRUTURA RENDA FIXA","Absolute",56.2713,115.9872,80.4446,61.4679,75.0165
51161157000130,"JOHN GALT KINEA FIF FUNDO INCENTIVADO EM INVESTIMENTO EM DEB DE INFRA RF CP RESP LIMITADA","Kinea",24.6176,93.4692,-8.5885,10.2984,51.0403
51181910000159,"ALTOPASCIO KINEA FIF FUNDO INCENTIVADO EM INVESTIMENTO EM DEB DE INFRA RF CP RESP LIMITADA","Kinea",7.2644,88.8828,-10.2343,11.8547,51.6193
51278597000171,"CLAGUFA FUNDO INCENTIVADO DE INVESTIMENTO FINANCEIRO EM INFRAESTRUTURA RENDA FIXA","BTG WM",131.1837,102.0649,3.7373,-8.7798,47.3921
51304522000118,"KASTLE KINEA FIF FUNDO INCENTIVADO EM INVESTIMENTO EM DEB DE INFRA RF CP RESP LIMITADA","Kinea",17.6771,90.9595,-8.171,10.2848,50.5381
51334511000180,"JUCA FIF INVESTIMENTO EM INFRAESTRUTURA CLASSE DE INVESTIMENTO EM INFRA RENDA FIXA RESP LIMITADA","Safra Asset",-90.6109,55.0613,44.5103,42.2345,70.6357
51357586000187,"SHIRA 3 FUNDO DE INV FINANCEIRO INV EM INFRA CLASSE DE INVEST EM INFRA RENDA FIXA RESP LIMITADA","Safra Asset",134.5367,130.0093,39.3439,66.1141,67.307
51365675000175,"QUARTZO KINEA FIF FUNDO INCENTIVADO EM INVESTIMENTO EM DEB DE INFRA RF CRED PRIV RESP LIMITADA","Kinea",18.3799,92.8505,-8.0675,11.199,51.0228
51381641000174,"SAINT ANTHONY KINEA FIF FUNDO INCENTIVADO EM INVESTIMENTO EM DEB DE INFRA RF CP RESP LIMITADA","Kinea",24.4086,93.4489,-8.1927,11.1472,51.2634
51383310000173,"NEOGREEN KINEA FIF FUNDO INCENTIVADO EM INVESTIMENTO EM DEB DE INFRA RF CRED PRIV RESP LIMITADA","Kinea",22.5316,93.4285,-7.9133,10.5531,51.0453
51389786000111,"B5 FUNDO INCENTIVADO DE INVESTIMENTO FINANCEIRO EM INFRAESTRUTURA RENDA FIXA","BTG WM",108.1278,103.3463,0.2389,1.6978,45.3429
51476823000129,"EUCALIPTOS KINEA FIF FUNDO INCENTIVADO EM INVESTIMENTO EM DEB DE INFRA RF CP RESP LIMITADA","Kinea",23.0489,93.5041,-6.6967,11.5099,51.1837
51487766000183,"PLANO INFRA KINEA FIF FUNDO INCENTIVADO EM INVESTIMENTO EM DEB DE INFRA RF CP RESP LIMITADA","Kinea",89.5522,106.3789,-7.7279,7.9782,49.6305
51507955000170,"APOLLO FUNDO INCENTIVADO DE INVESTIMENTO FINANCEIRO EM INFRAESTRUTURA RENDA FIXA","BTG WM",106.2813,104.3384,29.5571,3.8899,46.3304
51516067000114,"P KINEA INFRA FIF FUNDO INCENTIVADO EM INVESTIMENTO EM DEB DE INFRA RF CRÉD PRIV RESP LIMITADA","Kinea",4.0473,89.3067,-9.0642,15.1794,53.2168
51555270000108,"ATENAS FUNDO INCENTIVADO DE INVESTIMENTO FINANCEIRO EM INFRAESTRUTURA RENDA FIXA","BTG WM",103.5301,99.4926,1.2604,3.4885,54.112
51572183000150,"ARAUCARIA FIF FUNDO INCENTIVADO EM INVESTIMENTO EM DEBÊNTURES DE INFRA RF CRED PRIV RESP LIMITADA","IAM",94.5883,94.3225,-4.4188,9.2643,53.6373
51604570000121,"ITAÚ DEBÊNTURES INCENTIVADAS II FIF INCENTIVADO INFRA RF CRED PRIV - RESP LIMITADA","IAM",108.2006,95.57,3.2174,7.5994,51.5576
51637707000144,"TOP MB KINEA FIF FUNDO INCENTIVADO EM INVESTIMENTO EM DEB DE INFRA RF CRED PRIV RESP LIMITADA","Kinea",10.9766,89.7985,-10.0717,12.4541,51.9029
51637886000110,"SUELO KINEA FIF FUNDO INCENTIVADO EM INVESTIMENTO EM DEB DE INFRA RF CP RESP LIMITADA","Kinea",13.8071,91.0539,-6.8178,7.2199,49.5474
51661677000101,"BELVEDERE KINEA FIF FUNDO INCENTIVADO EM INVESTIMENTO EM DEB DE INFRA RF CP RESP LIMITADA","Kinea",20.3725,92.9282,-7.7336,10.7929,51.2501
51697128000197,"BTG PACTUAL HEDGE FUNDO INCENTIVADO DE INVESTIMENTO FINANCEIRO EM INFRAESTRUTURA RENDA FIXA","BTG Asset",-166.5895,63.8544,92.8457,61.8644,89.3104
51710645000159,"SANTANDER FUNDO INCENTIVADO CDI INVESTIMENTO EM INFRA RF CRED PRIV - FIF RESP LIMITADA","SAM",61.8288,86.7289,110.9256,55.5257,90.2882
51766295000142,"PSL 4 FUNDO INCENTIVADO DE INVESTIMENTO EM INFRAESTRUTURA RENDA FIXA","BTG WM",172.3848,61.9185,43.6991,-22.028,29.2626
51868939000103,"MACK INFRA KINEA FIF FUNDO INCENTIVADO EM INVESTIMENTO DEB INFRA RF CRED PRIV - RESP LIMITADA","Kinea",4.3279,90.0793,-7.0315,12.715,50.0902
51924043000102,"SPARTA INFRA MASTER V FUNDO INCENTIVADO DE INVESTIMENTO EM INFRAESTRUTURA RENDA FIXA","Sparta",-249.0299,34.5113,12.1014,-17.7815,10.4562
51928186000184,"ITAÚ LUMINA PLUS DEB INCENTIVADAS FDO INCENTIVADO DE INV FIN EM INFRA RF CRÉD PRIV LP RESP LIMITADA","IAM",215.5962,97.8795,103.4748,19.6312,77.6532
51959820000146,"BRAM DEBENTURES INCENTIVADAS CDI II FI FINANCEIRO - CI EM INFRA RF - RESP LIMITADA","BRAM",46.5166,90.3106,119.2106,53.9874,98.9794
51982216000130,"GGTJ FIF INVEST EM INFRA CLASSE DE INVESTIMENTO RENDA FIXA EM INFRAESTRUTURA RESP LIMITADA","Safra Asset",167.927,97.5195,7.1821,52.464,62.7873
52046394000112,"ACIN KINEA FIF FUNDO INCENTIVADO EM INVESTIMENTO EM DEBÊNTURES DE INFRA RF CRED PRIV RESP LIMITADA","Kinea",4.1974,89.1809,-8.8286,7.9778,50.0119
52071627000137,"CAPITANIA INFRA MASTER V FUNDO INCENTIVADO DE INVESTIMENTO FINANCEIRO EM INFRAESTRUTURA RENDA FIXA","Capitânia",101.4254,118.7105,30.2875,43.7571,76.4245
52096571000175,"MIAMI FIF FUNDO INCENTIVADO EM INVESTIMENTO EM DEB DE INFRA RENDA FIXA CRÉDITO PRIVADO RESP LIMITADA","IAM",55.9623,92.772,121.5754,51.968,88.9354
52111528000131,"UBS EVOLUTION PL FUNDO INCENTIVADO DE INVESTIMENTO FINANCEIRO EM INFRAESTRUTURA RENDA FIXA","UBS",73.3315,82.8988,92.6954,48.6464,81.3269
52133916000113,"BLACK INFRA KINEA FIF FUNDO INCENTIVADO EM INVESTIMENTO EM DEB DE INFRA RF CRED PRIV RESP LIMITADA","Kinea",19.7426,93.2761,-6.9906,12.3431,50.6928
52151437000120,"ITAJUÍ INFRA KINEA FIF FUNDO INCENTIVADO EM INVESTIMENTO EM DEB DE INFRA RF CRED PRIV RESP LIMITADA","Kinea",80.5798,101.5261,-10.3593,4.0773,45.4816
52188815000140,"BB SSMAT98 INFRA RENDA FIXA FUNDO INCENTIVADO DE INVESTIMENTO FINANCEIRO EM INFRAESTRUTURA RESP LIM","BB Asset",165.3302,106.4264,11.3048,22.47,55.9172
52216276000105,"JAE FUNDO INCENTIVADO DE INVESTIMENTO FINANCEIRO EM INFRAESTRUTURA RENDA FIXA","BTG WM",108.5863,104.4908,17.7988,-4.0418,43.798
52234145000150,"FORTALEZA FIF - CLASSE DE  INVESTIMENTO RF INCENTIVADO DE INVESTIMENTO EM  INFRA - RESP LIMITADA","BTG WM",117.4736,109.2597,7.9788,1.9613,46.767
52248139000152,"CAPITANIA INFRA RENDA 90 FUNDO INCENTIVADO DE INVESTIMENTO EM INFRAESTRUTURA RENDA FIXA CRÉDITO PRIV","Capitânia",109.2714,-15.7584,-28.8048,-46.5928,-18.01
52259352000160,"VENUS CLASSE DE INVESTIMENTO EM INFRAESTRUTURA RENDA FIXA CRÉDITO PRIVADO - RESP LIMITADA","XPG",92.4835,108.3351,25.6909,20.9059,57.3803
52259535000185,"GROELÂNDIA FUNDO DE INVESTIMENTO EM INFRAESTRUTURA RENDA FIXA CRÉDITO PRIVADO","XPG",102.009,119.6817,37.4949,13.6261,61.1106
52272425000153,"PETRA DIAMANTI FUNDO DE INVESTIMENTO EM INFRAESTRUTURA RENDA FIXA CRÉDITO PRIVADO","XPG",74.3829,89.4178,106.2366,51.0076,73.0702
52272665000158,"JE3 DEBÊNTURES INCENTIVADAS FUNDO DE INVESTIMENTO MULTIMERCADO CRÉDITO PRIVADO","XPG",54.6626,86.6847,109.8631,61.5436,88.0323
52272755000149,"CONFINIA DEBÊNTURES INCENTIVADAS FI FINANCEIRO RENDA FIXA INVESTIMENTO EM INFRAESTRUTURA","XPG",85.8652,91.888,27.9363,21.4496,56.6821
52272792000157,"FAIUM DEBÊNTURES INCENTIVADAS FUNDO INCENTIVADO DE INVEST FINANCEIRO EM INFRAESTRUTURA RENDA FIXA","BTG WM",95.7153,104.6019,11.618,14.8497,50.8819
52276849000196,"MANIÇOBA FUNDO INCENTIVADO DE INVESTIMENTO FINANCEIRO EM INFRAESTRUTURA RENDA FIXA","BTG WM",111.2535,106.9415,6.3784,2.0838,47.0959
52279344000185,"APALACHE FUNDO INCENTIVADO DE INVESTIMENTO EM INFRAESTRUTURA RENDA FIXA","BTG WM",131.0996,104.1906,-55.2053,-129.5182,-19.8803
52285828000137,"ATS KINEA FIF FUNDO INCENTIVADO EM INVESTIMENTO EM DEBÊNTURES DE INFRA RF CRED PRIV RESP LIMITADA","Kinea",35.0656,97.8842,-3.0441,-576.4716,-241.2199
52305889000119,"JGP DEB INCENT JUROS REAIS CONSERV FIF INCENT DE INV EM INFRA RF -RL","JGP",60.3059,91.9424,57.1272,46.2338,74.6592
52342478000101,"G5 CDM FUNDO INCENTIVADO DE INVESTIMENTO EM INFRAESTRUTURA RENDA FIXA","G5",357.0369,85.2661,58.4177,23.37,79.5114
52449950000100,"V3 CORP FIF FUNDO INCENTIVADO EM INVESTIMENTO EM DEBÊNTURES DE INFRA RF CRED PRIV RESP LIMITADA","IAM",73.1297,80.3464,101.48,44.0613,77.6745
52459972000142,"BLACK MAMBA KINEA FIF - FUNDO INCENTIVADO EM INVESTIMENTO EM DEB DE INFRA RF CRED PRIV RESP LIMITADA","Kinea",6.3719,90.2603,-8.0499,10.3237,50.1492
52562077000159,"CSHG 707 INFRA MASTER FUNDO DE INVESTIMENTO INFRAESTRUTURA - RENDA FIXA CRÉD PRIV RESP LIMITADA","UBS",27.3253,95.0851,26.0983,29.8163,58.0761
52578153000114,"NOVO CICLO FIF - FI INCENTIVADO DEBÊNTURES DE INFRA RF CRED PRIV - RESP LIMITADA","IAM",105.0293,97.9564,-6.9177,5.0869,47.1885
52699397000155,"MAJIP KINEA FIF - FUNDO INCENTIVADO EM INVESTIMENTO EM DEB DE INFRAESTR RF CRED PRIV - RESP LIMITADA","Kinea",22.28,91.9561,-9.3232,9.8092,49.046
52770900000111,"PS MASTER FUNDO INCENTIVADO DE INVESTIMENTO EM INFRAESTRUTURA RENDA FIXA","BTG WM",129.2985,112.0033,-0.1945,-4.8775,44.6129
52791573000184,"ITAÚ PVT DEBÊNTURES INCENTIVADAS CDI FIF EM INFRA RF CRED PRIV - RESP LIMITADA","IAM",56.7866,84.3415,124.9148,53.3499,88.1575
52792067000100,"ITAÚ PVT DEBÊNTURES INCENTIVADAS FIF EM INFRA RF CRED PRIV - RESP LIMITADA","IAM",97.8572,96.7361,1.9242,5.5558,49.4441
52810847000135,"BOULDER FIF - FUNDO INCENTIVADO EM INVESTIMENTO EM DEB DE INFRA RF CRÉD PRIV - RESP LIMITADA","IAM",75.0263,89.7472,57.3317,29.053,65.1815
52837350000100,"CSHG SCUDERIA FUNDO DE INVESTIMENTO INFRAESTRUTURA - RENDA FIXA CRÉD PRIV RESP LIMITADA","UBS",59.153,105.2106,-3.3258,14.5039,52.8725
52842303000155,"ITAÚ DEBÊNTURES INCENTIVADAS PRÉ TARGET 2028 FIF INFRA RF CRED PRIV - RESP LIMITADA","IAM",205.3171,114.9579,107.2837,15.9853,74.275
52854925000101,"PURO FIF - FUNDO INCENTIVADO EM INVESTIMENTO DEB INFRA RF CRÉD PRIV - RESP LIMITADA","IAM",104.1387,98.7278,-2.4005,8.6437,48.275
52875912000100,"SANTANDER PB ABEM INVESTIMENTO EM INFRAESTRUTURA RENDA FIXA FIF RESP LIMITADA","San WM",112.8128,110.3318,30.1633,27.8649,67.1749
52878009000101,"SANGIOVESE FUNDO INCENTIVADO DE INVESTIMENTO EM RENDA FIXA","BTG WM",102.7912,102.682,-41.2192,-53.1648,-9.5427
52879059000103,"BOCAINA INFRA MASTER IV - FUNDO INCENTIVADO DE INVESTIMENTO EM INFRAESTRUTURA RENDA FIXA","Bocaina",131.7513,115.0692,-264.0861,-84.4088,10.3878
52882840000129,"URTIGA KINEA INFRA FIF FUNDO INCENTIVADO EM INVESTIMENTO EM DEB DE INFRA RF CRED PRIV RESP LIMITADA","Kinea",15.7391,92.2192,-7.418,10.2285,48.7433
52892279000169,"KINEA INFRAESTRUTURA PVT FIF FUNDO INCENTIVADO EM INV EM DEB DE INFRA RF CRED PRIV RESP LIMITADA","Kinea",11.6804,90.8112,-7.6153,12.5562,50.8494
52909503000188,"LIDERA KINEA INFRA FIF FUNDO INCENTIVADO EM INVESTIMENTO EM DEB INFRA RF CRED PRIV - RESP LIMITADA","Kinea",13.0535,90.2522,-8.9746,11.2848,49.0334
52909821000149,"ITAÚ DEB INCENTIVADAS PRÉ TARGET 2028 II FUNDO INC DE INV FIN EM INFRA RF CRÉD PRIV - RESP LIMITADA","IAM",202.3713,113.5402,108.4236,16.7418,73.2696
52910190000188,"RANACA KINEA FIF - FI INCENTIVADO DEBÊNTURES INFRA RF CRED PRIV - RESP LIMITADA","Kinea",29.7423,93.8092,-8.2578,8.8705,48.9012
52910681000129,"SCDOCS KINEA INFRA FIF - FI INCENTIVADO DEBENTURES INFRA RF CRED PRIV - RESP LIMITADA","Kinea",18.132,92.1789,-9.126,9.4665,48.5316
52950174000119,"POMERÂNIA FIF - FUNDO INCENTIVADO EM INVESTIMENTO EM DEB DE INFRA RF CRED PRIV - RESP LIMITADA","IAM",102.9486,97.0624,-8.2353,4.1537,49.9894
52953507000163,"ITAÚ ARTAX INFRA FUNDO INCENTIVADO DE INV FINANCEIRO EM INFRA RF CRED PRIV LP - RESP LIMITADA","IAM",128.9446,115.1176,128.7896,52.3878,89.2711
52962653000155,"CS EVOLUTION JMP EXCLUSIVO INFRA FUNDO DE INVESTIMENTO EM INFRAESTRUTURA - RENDA FIXA CP RESP LTDA","UBS",85.1437,92.5422,118.8942,65.8437,94.0649
52962690000163,"H&R FUNDO DE INVESTIMENTO EM INFRAESTRUTURA - RENDA FIXA CRÉDITO PRIVADO RESPONSABILIDADE LIMITADA","UBS",-185.915,30.5532,117.9685,53.9908,23.0005
52962863000143,"UBS ROKA EVEREST FUNDO DE INVESTIMENTO FINANCEIRO INFRAESTRUTURA RENDA FIXA CRÉD PRIV RESP LIMITADA","UBS",79.2915,101.5308,21.6958,18.4046,59.1719
52963364000170,"UBS EVOLUTION GM2 FUNDO DE INVESTIMENTO EM INFRAESTRUTURA - RENDA FIXA CRÉDITO PRIVADO RESP LIMITADA","UBS",81.0706,87.5808,115.2927,64.4241,93.2679
52963512000157,"CS EVOLUTION RALIA FUNDO DE INVESTIMENTO EM INFRAESTRUTURA RENDA FIXA CREDITO PRIVADO RESP LIMITADA","UBS",64.1355,101.6689,17.2598,31.3808,61.7664
52963564000123,"CS EVOLUTION 2222 FUNDO DE INVESTIMENTO EM INFRAESTRUTURA RENDA FIXA CRÉDITO PRIVADO RESP LIMITADA","UBS",92.7559,97.9563,4.1168,17.7478,53.2848
52968244000166,"K1000 FIF - FUNDO INCENTIVADO EM INVESTIMENTO EM DEB INFRA RF CRED PRIV - RESP LIMITADA","IAM",64.9423,85.2279,102.3489,43.1264,79.3592
52982533000110,"AMANA KINEA FIF - FUNDO INCENTIVADO EM INVESTIMENTO EM DEB INFRA RF CRED PRIV RESP LIMITADA","Kinea",13.2223,91.0949,-8.327,11.5339,49.0923
52984620000106,"CENTAURO 7 FIF - CLASSE DE  INVESTIMENTO RENDA FIXA INCENTIVADO DE INVESTIMENTO EM  INFRAESTRUTURA","BRAM",32.4604,87.1692,108.6806,55.4645,84.4128
52984692000153,"CS EVOLUTION GAL YIELD INFRA FUNDO DE INVESTIMENTO EM INFRAESTRUTURA - RF CRED PRIV RESP LIMITADA","UBS",66.8455,104.2255,11.5807,18.7984,57.163
52984696000131,"EVOLUTION BBK FUNDO INCENTIVADO EM INVESTIMENTO EM DEBÊNTURES DE INFRA RF CRED PRIV RESP LIMITADA","IAM",44.6102,57.1434,-516.9853,-199.6509,-70.6237
52984741000158,"CS EVOLUTION GAMBOA FUNDO DE INVESTIMENTO EM INFRAESTRUTURA - RENDA FIXA CRED PRIV RESP LIMITADA","UBS",98.9041,100.5119,16.0317,27.1301,53.8379
52984744000191,"CS EVOLUTION PLATINUS II FUNDO DE INVESTIMENTO EM INFRAESTRUTURA -RENDA FIXA CRÉD PRIV RESP LIMITADA","UBS",84.51,106.7446,52.678,33.2706,73.8181
52985141000104,"CS EVOLUTION VALE DO GUAPORÉ III FUNDO DE INVESTIMENTO INFRAESTRUTURA - RENDA FIXA CP RESP LTDA","UBS",80.1535,101.1588,71.5959,34.6363,71.3284
52999105000108,"AMB ISENTO FUNDO INCENTIVADO DE INVEST EM INFRA RENDA FIXA CRÉDITO PRIVADO RESPONSABILIDADE LIMITADA","BTG WM",118.2399,108.14,6.3414,2.7038,45.7859
53018805000129,"MCFAMILY KINEA FIF - FUNDO INCENTIVADO EM INVESTIMENTO EM DEB DE INFRA RF CRÉD PRIV - RESP LIMITADA","Kinea",19.1755,92.9306,-7.42,12.3055,50.0232
53074013000171,"FIGUEIRA KINEA FIF - FUNDO INCENTIVADO EM INVESTIMENTO DEB INFRA RF CRED PRIV - RESP LIMITADA","Kinea",5.0961,88.7967,-8.785,21.1464,54.7519
53074532000130,"ITAÚ DEB INCENTIVADAS CDI IV FUNDO INCENTIVADO DE INVES FINAN EM INFRAEST RF CRED PRIV RESP LIMITADA","IAM",67.5367,84.3745,126.3258,52.5653,88.3087
53075427000115,"KINEA INCENTIVADO RF CP LP FI FINANCEIRO FUNDO INCENT EM INV EM DEBÊN DE INFRAESTRUTURA - RESP LTDA","Kinea",89.5394,-1297.6288,117.6001,47.5874,-45.1804
53077797000191,"SPX SEAHAWK DEB INCENTIVADAS FI FINANCEIRO INVESTIMENTO EM INFRA RF CRED PRIV LP - RESP LIMITADA","SPX",46.1852,80.7932,108.8062,35.9742,75.9766
53095152000181,"XP INCOME DEBENTURES INCENTIVADAS CDI FUNDO DE INVESTIMENTO EM INFRAESTRUTURA RENDA FIXA CP RL","XPG",72.375,95.8209,85.1853,26.9208,65.5674
53109857000100,"SANTANDER PB MTR 03 INVESTIMENTO EM INFRAESTRUTURA RENDA FIXA - FIF RESP LIMITADA","San WM",42.6845,83.4431,-60.9916,-135.9348,-7.7436
53177632000191,"2 MENINOS FIF - FUNDO INCENTIVADO EM INVESTIMENTO EM DEB INFRA  RF CRÉD PRIV - RESP LIMITADA","IAM",7.983,88.4156,91.2564,53.5631,75.9262
53179684000105,"LIBERDADE KINEA FIF - FUNDO INCENTIVADO EM INVESTIMENTO EM DEB DE INFRA RF CRÉD PRIV - RESP LIMITADA","Kinea",7.1205,89.0526,-8.2914,11.9667,49.7782
53180560000131,"BB AFAM INFRA RF FUNDO INCENTIVADO DE INVESTIMENTO FINANCEIRO EM INFRAESTRUTURA RESP LIMITADA","BB Asset",107.8247,102.6824,6.65,18.7918,53.0489
53180706000149,"LUZERN FIF - CLASSE DE INVESTIMENTO EM RF INVESTIMENTO EM INFRA - RESP LIMITADA","G5",104.6638,110.7175,34.3408,-13.3434,35.6826
53180845000172,"BB TROPICAL INFRA RENDA FIXA FUNDO INCENTIVADO DE INVESTIMENTO FINANCEIRO EM INFRAESTRUTURA RESP LIM","BB Asset",110.1456,106.8865,34.0171,25.6983,51.2703
53203274000144,"TRIGONO DEBENTURES INCENT MASTER FI EM INFRA RENDA FIXA CRÉDITO PRIVADO RESPONSABILIDADE LIMITADA","Trígono",4.2875,94.1598,2.3679,31.727,44.0215
53270406000150,"FAMILIA 5 FIF INVEST INFRA CLASSE DE INVESTIMENTO RF EM INFRAESTRUTURA RESP LIMITADA","Safra Asset",102.6333,109.9458,33.1174,27.7248,66.3464
53293548000133,"TENAX RFA MASTER FIF - FUNDO INCENTIVADO EM INV. EM DEB INFRA RF CRÉD PRIV LP - RESP LIMITADA","Tenax",120.9265,107.7874,71.3916,58.2522,85.0253
53294214000184,"FAROL DE ITÚ KINEA FIF FUNDO INCENTIVADO EM INVESTIMENTO EM DEB INFRA RF CRED PRIV - RESP LIMITADA","Kinea",-1.6516,88.195,-8.1633,9.8445,48.396
53312814000128,"FCS KINEA FIF - FUNDO INCENTIVADO EM INVESTIMENTO EM DEB DE INFRA RF CRÉDITO PRIVADO - RESP LIMITADA","Kinea",13.2359,90.7742,-8.7071,11.645,49.6688
53313437000141,"FNM KINEA FIF - FUNDO INCENTIVADO EM INVESTIMENTO EM DEB DE INFRA RF CRÉD PRIV - RESP LIMITADA","Kinea",18.2813,92.4098,-8.2811,11.7376,49.7882
53316565000149,"ORO INFRA FUNDO INCENTIVADO DE INVEST EM INFRA RENDA FIXA CRÉDITO PRIVADO RESPONSABILIDADE LIMITADA","Scalare",44.3838,83.3343,25.5768,11.162,67.7363
53324036000197,"KOMPASSUS II FIF INVESTIMENTO EM INFRA CI EM INFRAESTRUTURA RENDA FIXA RESPONSABILIDADE LIMITADA","Safra Asset",118.9787,72.0551,113.1613,65.5326,89.3682
53327343000121,"PV INFRA KINEA FIF - FUNDO INCENTIVADO EM INVESTIMENTO EM DEB DE INFRA RF CRÉD PRIV - RESP LIMITADA","Kinea",17.1685,92.2553,-7.9287,11.4576,49.7671
53359596000187,"HART FUNDO INCENTIVADO DE INVESTIMENTO EM INFRA RENDA FIXA - CRÉD PRIV RESPONSABILIDADE LIMITADA","Scalare",53.4274,76.1084,14.8195,-2.6685,62.9483
53359716000146,"DEDICATA FUNDO INCENTIVADO DE INVESTIMENTO EM INFRA RENDA FIXA - CRÉD PRIV RESPONSABILIDADE LIMITADA","Scalare",27.9573,84.9319,28.9097,10.1383,69.1053
53371769000182,"ENERGISAPREV CRÉDITO PRIVADO II FUNDO DE INVESTIMENTO FINANCEIRO RENDA FIXA CRÉDITO PRIVADO","Kinea",101.7581,113.304,-8.8722,25.7524,52.5106
53372590000140,"LIMA EVALDT FIF - FUNDO INCENTIVADO EM INVESTIMENTO EM DEB DE INFRA RF CRÉD PRIV - RESP LIMITADA","IAM",102.3497,93.0187,-6.4048,3.6144,43.9529
53390524000100,"RIMA KINEA FIF - FUNDO INCENTIVADO EM INVESTIMENTO EM DEB DE INFRA RF CRÉD PRIV - RESP LIMITADA","Kinea",3.0632,88.4061,-9.1739,12.4135,49.9063
53413051000101,"FLAMBOYANT FIF - FUNDO INCENTIVADO EM INVESTIMENTO EM DEB DE INFRA RF CRÉD PRIV - RESP LIMITADA","IAM",51.7659,80.3632,123.8553,47.4089,80.8621
53422599000118,"CAAS CDI FIF - FUNDO INCENTIVADO EM INVESTIMENTO EM DEB DE INFRA RF CRÉD PRIV - RESP LIMITADA","IAM",64.7325,81.7808,116.9175,55.3258,83.8784
53448154000107,"P3K KINEA FIF - FUNDO INCENTIVADO EM INVESTIMENTO EM DEB DE INFRA RF CRÉD PRIV - RESP LIMITADA","Kinea",23.2109,93.9033,-8.9071,11.6996,49.5956
53452110000150,"DASI LEGACY FUNDO INCENTIVADO DE INVESTIMENTO EM INFRAESTRUTURA RENDA FIXA","BTG WM",117.5798,100.4232,16.6048,0.1894,47.35
53501945000153,"BLACK SWAN FUNDO INCENTIVADO DE INVESTIMENTO EM INFRAESTRUTURA RENDA FIXA RESPONSABILIDADE LIMITADA","Black Swan",85.5151,86.1569,109.4771,64.331,90.2971
53503230000130,"ALPESTRE 3 KINEA FIF - FUNDO INCENTIVADO EM INVESTIMENTO EM DEB INFRA RF CRÉD PRIV- RESP LIMITADA","Kinea",25.2224,94.2712,-8.3507,11.1752,49.3785
53508773000140,"FAMILIA 7 FIF INVEST EM INFRA CLASSE DE INVESTIMENTO RENDA FIXA EM INFRAESTRUTURA RESP LIMITADA","Safra Asset",75.8845,98.4827,19.9603,10.4184,59.9682
53509435000122,"FAMILIA 8 FIF INVEST EM INFRA CLASSE DE INVESTIMENTO RENDA FIXA EM INFRAESTRUTURA RESP LIMITADA","Safra Asset",88.2036,97.5905,12.8368,13.4547,58.6128
53520749000126,"NINA FIF INVESTIMENTO EM INFRAESTRUTURA CI EM INFRAESTRUTURA RENDA FIXA RESPONSABILIDADE LIMITADA","Safra Asset",96.959,104.0535,25.8346,16.5578,57.3749
53537566000113,"G5 FUNDO DE INVESTIMENTO EM INFRAESTRUTURA CANOAS RENDA FIXA","G5",49.4209,63.552,102.7594,114.0185,94.135
53552316000152,"NAVONA KINEA FIF - FUNDO INCENTIVADO EM INVESTIMENTO EM DEB DE INFRA RF CRED PRIV - RESP LIMITADA","Kinea",20.2937,93.1541,-8.1231,10.9438,49.8178
53553068000164,"SANTANDER MAKTOUB INVESTIMENTO EM INFRAESTRUTURA RF INFLAÇÃO FIF RESP LIMITADA","San WM",7.0839,85.1847,-35.6482,-3.2439,47.5428
53553233000188,"SANTANDER MAKTOUB INVESTIMENTO EM INFRAESTRUTURA RF FIF RESP LIMITADA","San WM",157.295,98.308,103.6278,32.1102,76.4008
53558163000150,"VIA INFRA FIF - FUNDO INCENTIVADO EM INVESTIMENTO EM DEB INFRA RF CRÉD PRIV - RESP LIMITADA","IAM",100.1317,96.5844,-1.5636,4.7013,45.7917
53602540000101,"ICATU VANGUARDA VC FIF - CLASSE DE INVESTIMENTO INCENTIVADO EM INFRA RENDA FIXA - RESP LIMITADA","Icatu",42.9147,97.4725,73.7709,46.2822,73.178
53604200000110,"OREMOHSA 2 FIF INVESTIMENTO EM INFRAESTRUTURA CI EM INFRAESTRUTURA RENDA FIXA RESP LIMITADA","Safra Asset",63.962,75.1484,110.2973,67.9285,96.8683
53623218000169,"MONDRIAN FIF - FUNDO INCENTIVADO EM INVESTIMENTO DEB INFRA RF CRED PRIV - RESP LIMITADA","IAM",96.1823,95.2232,-6.7499,4.5799,43.8858
53623608000139,"MAKTOUB ITAÚ CDI FIF - FUNDO INCENTIVADO EM INVESTIMENTO DEB INFRA RF CRED PRIV - RESP LIMITADA","IAM",77.1088,90.8541,123.8673,44.8884,81.062
53635550000143,"MAKTOUB FIF - CLASSE DE INVESTIMENTO RF CDI INCENTIVADO DE INVESTIMENTO EM INFRAESTRUTURA","BRAM",36.2143,80.8213,134.6193,46.6613,91.4784
53644037000119,"CAAS BTG PACTUAL FUNDO INCENTIVADO DE INVESTIMENTO EM INFRAESTRUTURA RENDA FIXA CDI","BTG WM",62.5726,81.5926,114.4085,46.23,80.6953
53655857000106,"XPTO KINEA FUNDO DE INVESTIMENTO FINANCEIRO - FUNDO INC EM INV EM DEB DE INFRA RF CP - RESP LIMITADA","Kinea",24.9421,93.6753,-8.3642,12.1047,50.1906
53657535000104,"MIAMI 2 FIF - FUNDO INCENTIVADO EM INVESTIMENTO EM DEB DE INFRA RF CRÉD PRIV RESP LIMITADA","IAM",48.385,86.7812,126.0576,52.9177,88.7413
53670651000155,"BLUEMOUNTAIN FIF - FUNDO INCENTIVADO EM INVESTIMENTO EM DEB INFRA RF CRÉD PRIV - RESP LIMITADA","IAM",56.0157,81.3758,80.2619,34.9477,71.7617
53670932000108,"DISCO FIF - FUNDO INCENTIVADO EM INVESTIMENTO EM DEB INFRA RF CRÉD PRIV - RESP LIMITADA","IAM",69.4485,104.1208,51.1966,25.9503,61.3053
53675759000130,"FARROUPILHA KINEA FIF FUNDO INCENTIVADO EM INVESTIMENTO DEB INFRA RF CRED PRIV - RESP LIMITADA","Kinea",1.3967,88.3882,-6.1251,14.3097,52.6
53739077000144,"BALLAST FUNDO INCENTIVADO DE INVESTIMENTO EM RENDA FIXA","BTG WM",103.705,101.7287,1.076,-15.3216,38.4131
53759902000172,"DUNA FIF - FUNDO INCENTIVADO EM INVESTIMENTO EM DEB DE INFRA RF CRÉD PRIV - RESP LIMITADA","IAM",73.7169,89.1063,63.5026,38.7709,67.05
53766005000196,"SPARTA INFRA CDI MASTER IV FUNDO INCENTIVADO DE INVESTIMENTO EM INFRAESTRUTURA RENDA FIXA","Sparta",174.1554,46.5562,-65.2095,-54.3614,-30.5289
53775592000180,"CS EVOLUTION 511 FUNDO DE INVESTIMENTO EM INFRAESTRUTURA - RENDA FIXA CRED PRIV RESP LIMITADA","UBS",70.5722,95.0281,76.6814,49.1138,76.6944
53775856000103,"SANTANDER PB EVOLUTION 7851 INVESTIMENTO EM INFRAESTRUTURA RENDA FIXA - FIF RESP LIMITADA","San WM",149.7826,98.3281,-6.816,14.8503,47.3117
53776163000127,"SANTANDER PB EVOLUTION 6875 INVESTIMENTO EM INFRAESTRUTURA RENDA FIXA - FIF RESP LIMITADA","San WM",186.4458,85.9176,-2.3906,6.0175,49.0241
53776486000110,"CS EVOLUTION NIEUWLANDE FUNDO DE INVESTIMENTO EM INFRAESTRUTURA - RENDA FIXA CRÉD PRIV RESP LTDA","UBS",49.4949,90.3463,78.5681,44.1184,74.6196
53776531000137,"CS EVOLUTION DG FUNDO DE INVESTIMENTO EM INFRAESTRUTURA - RENDA FIXA CRÉDITO PRIVADO RESP LIMITADA","UBS",59.7537,91.226,64.5652,45.8667,73.1244
53776595000138,"CS EVOLUTION  FARO FUNDO DE INVESTIMENTO EM INFRAESTRUTURA - RENDA FIXA CRÉD PRIV RESP LIMITADA","UBS",75.8855,96.8323,19.1979,29.2627,57.3403
53803655000164,"SERIGY DEBÊNTURES FIF - CLASSE DE INVESTIMENTO RF INCENTIVADO DE INVESTIMENTO EM INFRAESTRUTURA","BTG WM",107.4424,99.1536,28.8321,20.493,53.1362
53827154000118,"BB SIMA INFRA RF FUNDO INCENTIVADO DE INVESTIMENTO FINANCEIRO EM INFRAESTRUTURA RESP LIMITADA","BB Asset",114.1594,121.3881,16.5161,21.8541,47.9234
53827910000109,"BB MONTANHA MÁGICA INFRA RENDA FIXA FUNDO INCENTIVADO DE INVESTIMENTO FINANCEIRO EM INFRA RESP LIMIT","BB Asset",127.4931,97.8718,14.982,11.4904,48.9557
53828015000109,"BB TOP RF DEBÊNTURES INCENTIVADAS CDI FIF INFRAESTRUTURA CRÉDITO PRIVADO RESPONSABILIDADE LIMITADA","BB Asset",-11.5726,80.2256,99.4528,47.4515,74.8422
53828427000149,"SANTANDER PB VIDA INVESTIMENTO EM INFRA RF -FIF RESP LIMITADA","San WM",113.4299,100.2936,27.5412,9.9725,62.0513
53842646000182,"BRADESCO FUNDO DE INVESTIMENTO FINANCEIRO - CI RENDA FIXA INCENTIVADO DE INVESTIMENTO INFRA MARAJÓ","BRAM",-2.2602,70.9856,20.0125,0.8753,57.6627
53857130000101,"DAYCOVAL DEBENTURES INCENTIVADAS HEDGE FI INFRA RENDA FIXA","Daycoval",73.1337,99.3529,86.4565,66.5913,87.6037
53858396000179,"BRADESCO FUNDO DE INVESTIMENTO FINANCEIRO - Ci RENDA FIXA INCENTIVADO DE INVESTIMENTO EM INFRA BELLA","BRAM",-1.7289,76.507,21.8238,0.709,57.2938
53865931000119,"UNIÃO SÃO PAULO KINEA FIF - FUNDO INCENTIVADO EM INV EM DEB INFRA RF CRED PRIV - RESP LIMITADA","Kinea",8.7706,90.2447,-7.714,11.0772,50.0142
53906581000191,"PSO 1 FUNDO INCENTIVADO DE INVESTIMENTO EM INFRAESTRUTURA RENDA FIXA","BTG WM",128.2959,57.6746,19.2597,-89.6625,-6.9286
53906748000114,"PSO 2 FUNDO INCENTIVADO DE INVESTIMENTO EM INFRAESTRUTURA RENDA FIXA","BTG WM",148.7278,-72.2046,-51.2066,-18.5249,26.2619
53906981000105,"PSO 3 FUNDO INCENTIVADO DE INVESTIMENTO EM INFRAESTRUTURA RENDA FIXA","BTG WM",120.8318,53.6083,-203.1406,-138.5665,-16.2782
53909049000128,"YAMANASHI FUNDO INCENTIVADO DE INVESTIMENTO EM INFRAESTRUTURA RENDA FIXA","BTG WM",120.347,101.611,1.206,-21.225,33.7907
53921236000127,"CALLIDUS FUNDO INCENTIVADO DE INVESTIMENTO EM INFRAESTRUTURA RENDA FIXA","Jera",126.1494,111.1549,5.9706,2.8382,38.4682
53922164000132,"BELBO FUNDO INCENTIVADO DE INVESTIMENTO EM INFRAESTRUTURA RENDA FIXA","BTG WM",36.3861,85.7683,121.3092,33.0084,69.923
53926542000156,"CAXANGÁ KINEA FIF - FUNDO INCENTIVADO EM INVESTIMENTO DEB INFRA RF CRED PRIV - RESP LIMITADA","Kinea",15.5512,94.9501,-5.5301,13.8179,53.2238
53962215000150,"ITAPEVA FIF  FUNDO INC EM INVESTIMENTO EM DEB DE INFRA RF CRED PRIV - RESP LIMITADA","IAM",93.8883,91.2867,-6.0829,0.6831,43.648
53962293000154,"SANTANDER PB ALOCAÇÃO MASTER INVESTIMENTO EM INFRAESTRUTURA RENDA FIXA - FIF RESP LIMITADA","San WM",50.7221,101.4799,-32.5598,4.1658,43.7948
53962449000105,"SANTANDER PB PORTO FINO INVESTIMENTO EM INFRAESTRUTURA RF - FIF RESPONSABILIDADE LIMITADA","San WM",59.8212,81.5829,112.5325,47.4028,84.2445
53962771000126,"CLEVER FAMILY FIF INV EM INFRAESTRUTURA CLASSE DE INVESTIMENTO RENDA FIXA EM INFRA RESP LIMITADA","Safra Asset",94.227,84.8438,76.059,50.0722,82.9953
53969799000195,"JACARAÍPE CDI FIF -  FUNDO INCENTIVADO EM INVESTIMENTO DEB INFRA RF CRED PRIV - RESP LIMITADA","IAM",53.8727,83.4745,122.9125,46.9844,79.9883
53971385000109,"DROLHOS KINEA FIF FUNDO INCENTIVADO EM INV EM DEB DE INFRA RF CRÉD PRIV - RESPONSABILIDADE LIMITADA","Kinea",27.501,93.5156,-9.4921,11.3128,49.9484
53980424000126,"VENUS II FIF - FUNDO INCENTIVADO EM INVESTIMENTO EM DEBÊNTURES DE INFRA RF CRÉD PRIV - RESP LIMITADA","IAM",100.4448,96.0855,-4.3724,7.1405,47.4181
53980788000106,"LOLOCA II FIF - FUNDO INCENTIVADO EM INV EM DEB DE INFRA RF CRÉD PRIV - RESPONSABILIDADE LIMITADA","IAM",74.3833,87.2094,62.3697,36.8888,66.0778
53989928000107,"MANACÁ INFRA KINEA FIF - FND INC EM INVEST EM DEB DE INFRA RF CRED PRIV - RESP LIMITADA","Kinea",-18.3441,80.9983,-11.4783,9.1106,48.447
53991547000162,"IMPÉRIO KINEA FIF - FUNDO INCENTIVADO EM INV DEB INFRA RF CRED PRIV - RESP LIMITADA","Kinea",22.8621,93.1322,-8.4917,11.7672,50.3748
53991752000128,"JACARAÍPE KINEA FIF - FND INC EM INVEST EM DEB DE INFRA RF CRED PRIV - RESP LIMITADA","Kinea",-2.6656,87.2997,-7.4107,13.4785,52.038
54005088000163,"FX FUNDO INCENTIVADO DE INVESTIMENTO EM INFRAESTRUTURA RENDA FIXA","BTG WM",55.4402,118.2938,-118.4942,-49.9942,13.4323
54006238000153,"BRAM DEBÊNTURES INCENTIVADAS CDI 2402 FIF RF INCENTIVADO DE INVESTIMENTO EM INFRA LP RESP LIMITADA","BRAM",55.4197,86.9566,120.7739,57.101,97.1694
54007648000119,"COSENZA FIF FUNDO INCENTIVADO EM INVEST EM DEB DE INFRAESTRUTURA RENDA FIXA CRÉD PRIV RESP LIMITADA","IAM",99.4788,95.5231,-5.3662,4.7872,45.2349
54007899000101,"MANU FIF - FUNDO INCENTIVADO EM INVESTIMENTO EM DEB DE INFRA RF CRED PRIV - RESP LIMITADA","IAM",67.0677,86.3114,72.7655,38.7474,70.9517
54008247000183,"RIVIERA GB FIF - FUNDO INCENTIVADO EM INVESTIMENTO EM DEB DE INFRA RF CRED PRIV - RESP LIMITADA","IAM",101.4765,93.2669,-6.5863,7.0255,45.5577
54008556000153,"KINEA INCENTIVADO COLABORADORES FIF - FUNDO INCENTIVADO EM INV EM DEB INFRA RF CRÉD PRIV - RESP LTDA","Kinea",12.667,90.505,-9.7027,9.2217,49.342
54008795000103,"MANACA CDI FIF - FUNDO INCENTIVADO EM INV DEB INFRA RF CRED PRIV - RESP LIMITADA","IAM",53.6649,79.5126,116.9008,48.9069,79.4052
54008802000177,"AETERNUM FIF - FUNDO INCENTIVADO EM INVESTIMENTO EM DEB INFRA RF CRÉD PRIV - RESP LIMITADA","IAM",68.2803,87.8143,62.787,37.2336,71.9797
54008987000110,"SERRA AZUL KINEA FIF - FUNDO INCENTIVADO EM INVESTIMENTO EM DEB INFRA RF CRÉD PRIV - RESP LIMITADA","Kinea",-1.7456,87.813,-8.5843,11.4887,50.0437
54020440000130,"ITAÚ DEBÊNTURES INCENTIVADAS CDI V FIF INCENTIVADO INFRA RF CRÉD PRIV - RESP LIMITADA","IAM",60.5495,86.1675,126.0059,54.0234,88.0076
54021672000102,"MAJ KINEA FIF - FUNDO INCENTIVADO EM INVESTIMENTO EM DEB INFRA RF CRÉD PRIV - RESP LIMITADA","Kinea",8.274,88.3536,-6.8163,13.9343,52.1139
54023112000197,"ICATU VANGUARDA INCENTIVADO EM INFRAESTRUTURA FIF RF CP LP - RESP LIMITADA","Icatu",47.9105,21.9801,-20.4737,-36.0795,-7.1444
54025238000109,"CPH INFRA KINEA FIF - FND INC EM INVEST EM DEB DE INFRA RF CRED PRIV  - RESP LIMITADA","Kinea",7.3557,89.5963,-8.2067,12.2409,51.215
54029274000132,"SHELBY KINEA FIF - FUNDO INCENTIVADO EM INV EM DEB DE INFRA RF CRÉD PRIV - RESPONSABILIDADE LIMITADA","Kinea",3.8049,90.407,-5.4601,14.7117,53.222
54047532000103,"BORA CDI FIF - FUNDO INCENTIVADO EM INVESTIMENTO DEB INFRA RF CRED PRIV - RESP LIMITADA","IAM",54.604,79.976,121.2609,46.781,81.4221
54047830000101,"BCP INFRA KINEA FIF - FUNDO INCENTIVADO EM INVESTIMENTO EM DEB INFRA RF CRÉD PRIV - RESP LIMITADA","Kinea",-7.2261,86.4286,-8.4164,13.673,52.2005
54048422000166,"GALAXY KINEA FIF - FUNDO INCENTIVADO EM INVESTIMENTO EM DEB DE INFRA RF CRÉD PRIV - RESP LIMITADA","Kinea",68.8685,101.2258,-7.1474,8.6227,50.0595
54062386000195,"JGMX FUNDO INCENTIVADO DE INVESTIMENTO EM INFRAESTRUTURA RENDA FIXA","BTG WM",102.6922,96.0194,-6.1451,-12.0485,40.3846
54065159000113,"SANTANDER PB OSTER INVESTIMENTO EM INFRAESTRUTURA RENDA FIXA FIF RESP LIMITADA","San WM",90.6193,125.5999,-16.6627,7.7508,43.8768
54070196000110,"DELTA INFRA KINEA FIF - FND INC EM INVEST EM DEB DE INFRA  RF CRED PRIV - RESP LIMITADA","Kinea",4.3425,89.5615,-6.2498,12.4679,51.9713
54070861000175,"MG INFRA KINEA FIF - FUNDO INCENTIVADO EM INVESTIMENTO EM DEB INFRA RF CRÉD PRIV - RESP LIMITADA","Kinea",6.9709,88.9729,-8.5701,11.1861,51.2076
54070985000150,"MDP INFRA KINEA FIF - FUNDO INCENTIVADO EM INVESTIMENTO EM DEB DE INFRA RF CRÉD PRIV - RESP LIMITADA","Kinea",-3.394,89.1454,-6.7536,14.675,54.4046
54092021000103,"PORTO VECCHIO FUNDO INCENTIVADO DE INVESTIMENTO EM INFRAESTRUTURA RENDA FIXA","BTG WM",37.2211,79.4441,-34.1994,-30.9464,28.1003
54104763000101,"BROMÉLIA FUNDO INCENTIVADO DE INVESTIMENTO EM INFRAESTRUTURA RENDA FIXA","BTG WM",112.259,101.5132,-5.205,-17.3741,37.4972
54106156000180,"INDAIATUBA KINEA FIF - FUNDO INCENTIVADO EM INVESTIMENTO EM DEB INFRA RF CRÉD PRIV - RESP LIMITADA","Kinea",8.5793,89.2339,-9.5052,10.9787,50.7693
54106504000110,"MTR04 FIF INVESTIMENTO EM INFRAESTRUTURA CI EM INFRAESTRUTURA RENDA FIXA RESPONSABILIDADE LIMITADA","Safra Asset",82.3297,93.2899,62.5897,37.8456,76.4256
54114987000102,"LEGACY CAPITAL TFO FIF - FUNDO INCENTIVADO EM INVESTIMENTO EM DEB INFRA RF CRÉD PRIV - RESP LIMITADA","Legacy",99.9454,108.4906,-41.6283,2.9009,52.0974
54115218000110,"PANICALE FIF - FUNDO INCENTIVADO EM INVESTIMENTO EM DEB DE INFRAEST RF CRÉD PRIV - RESP LIMITADA","IAM",62.9023,88.7747,123.0399,59.1525,86.2228
54115354000100,"SUNSET C CDI FIF- FUNDO INCENTIVADO EM INVESTIMENTO EM DEB DE INFRA RF CRÉD PRIV- RESP LIMITADA","IAM",59.2171,81.5539,119.8678,51.5589,82.6163
54124933000110,"DB PLUS KINEA FIF FUNDO INCENTIVADO EM INVESTIMENTO EM DEB DE INFRA RF CRÉD PRIV - RESP LIMITADA","Kinea",16.0188,92.2023,-9.7257,11.2727,50.8348
54125545000153,"BRADESCO FUNDO DE INVESTIMENTO FINANCEIRO CI RENDA FIXA INCENTIVADO DE INVESTIMENTO EM INFRA GR II","BRAM",-2.2024,68.133,14.2157,20.5449,57.0282
54128184000107,"CATLITE INFRA FIF - CI RENDA FIXA INCENTIVADO DE INVESTIMENTO EM INFRAESTRUTURA- RESP LIMITADA","BTG WM",96.4217,99.3258,-0.6292,6.8931,46.1863
54130675000184,"GIRONDA KINEA FIF - FUNDO INCENTIVADO EM INV DEB INFRA RF CRED PRIV - RESP LIMITADA","Kinea",-1.1044,87.8938,-10.9168,16.9649,53.9274
54133777000153,"ESTRELA INFRA KINEA FIF FUNDO INCENTIVADO EM INVESTIMENTO EM DEB INFRA RF CRÉD PRIV - RESP LIMITADA","Kinea",14.4341,91.0597,-8.3911,11.0067,50.8368
54149691000119,"VENTUS FUNDO INCENTIVADO DE INVESTIMENTO FINANCEIRO EM INFRAESTRUTURA RENDA FIXA","BTG WM",111.7953,106.3557,6.13,13.873,48.5912
54150227000142,"CRASSO CLASSE DE INVESTIMENTO EM RENDA FIXA INFRAESTRUTURA INCENTIVADO CRÉDITO PRIVADO","BTG WM",115.9819,106.3296,-2.7116,-0.4449,43.4755
54151845000107,"ROKA STAR FUNDO INCENTIVADO DE INVESTIMENTO EM INFRAESTRUTURA RENDA FIXA - CRÉDITO PRIVADO","BTG WM",117.2195,103.357,-1.4183,-7.2409,51.3161
54152157000161,"GUPEX FUNDO INCENTIVADO DE INVESTIMENTO EM INFRAESTRUTURA RENDA FIXA - CRÉDITO PRIVADO","BTG WM",117.0873,106.2357,3.9613,-12.1395,37.2452
54169385000144,"MTZ II IPCA FIF - FUNDO INCENTIVADO EM INVESTIMENTO EM DEB DE INFRA RF CRÉD PRIV - RESP LIMITADA","IAM",101.2246,95.6014,-3.1502,7.9812,47.029
54170181000123,"MTZ I CDI FIF - FUNDO INCENTIVADO EM INVESTIMENTO EM DEB DE INFRA RF CRÉD PRIV - RESP LIMITADA","IAM",60.3503,82.7304,118.6756,59.6619,86.2882
54170554000166,"FAZENDA SALVATI I CDI FIF - FUNDO INCENTIVADO EM INV DEB INFRA RF CRED PRIV - RESP LIMITADA","IAM",58.9449,83.9721,122.6175,63.3198,87.7741
54173311000181,"FAZENDA SALVATI II IPCA FIF - FUNDO INCENTIVADO EM INV DEB INFRA RF CRED PRIV - RESP LIMITADA","IAM",102.2825,95.6111,-3.7297,11.3279,48.0662
54174048000145,"SFX FUNDO DE INVESTIMENTO FINANCEIRO MULTIMERCADO","BTG WM",125.3729,148.5172,35.3393,53.995,67.8084
54179046000149,"MAWA KINEA FIF - FUNDO INCENTIVADO EM INVESTIMENTO DEB INFRA RF CRED PRIV - RESP LIMITADA","Kinea",79.7261,103.1093,-7.6121,5.0002,48.0125
54200289000111,"SK8 FIF - CLASSE DE INVESTIMENTO RENDA FIXA INCENTIVADO DE INVESTIMENTO EM INFRAESTRUTURA","G5",226.7602,63.9824,20.6724,109.6482,111.5934
54200888000135,"EAGLE J3 FUNDO INCENTIVADO DE INVESTIMENTO EM INFRAESTRUTURA RENDA FIXA - CRÉDITO PRIVADO","BTG WM",76.7408,128.3367,15.305,-1.163,45.7816
54212291000100,"SANTO INÁCIO DE ANTIOQUIA CDI FIF FUNDO INCENTIVADO EM INVEST DEB INFRA RF CRED PRIV RESP LIMITADA","IAM",65.6637,88.5626,118.9758,63.2593,90.8093
54217470000130,"VIRTUS FUNDO INCENTIVADO DE INVESTIMENTO EM INFRAESTRUTURA RENDA FIXA","EQI",28.5132,81.7956,136.8798,35.9378,74.9466
54228000000172,"FUNDO DE INVESTIMENTO FINANCEIRO CI RF INCENTIVADO DE INVESTIMENTO EM INFRAESTRUTURA ZAPALLAR","BRAM",145.5893,99.8091,14.9122,11.8413,61.2047
54235704000172,"CHINOOK FUNDO INCENTIVADO DE INVESTIMENTO EM INFRAESTRUTURA RENDA FIXA","BTG WM",96.5417,111.9582,-5.871,4.6909,51.9489
54237051000160,"JGP DEBÊNTURES INCENTIVADAS JUROS REAIS 60 FIF RENDA FIXA INVEST EM INFRA CRED PRIV RESP LIMITADA","JGP",50.5275,90.3845,58.4651,51.3621,79.0344
54248494000157,"OCTOGONAL INFRA FUNDO INCENTIVADO DE INVESTIMENTO EM INFRAESTRUTURA RENDA FIXA","BTG WM",46.7637,76.1245,93.7941,31.9144,67.4165
54251235000185,"FELIXSTOWE FUNDO INCENTIVADO DE INVESTIMENTO EM INFRAESTRUTURA RENDA FIXA","BTG WM",89.2848,90.4017,54.5534,23.4578,58.395
54252360000100,"MERCADO PAGO NIKOS FUNDO INCENTIVADO DE INVESTIMENTO EM INFRAESTRUTURA RENDA FIXA","Nikos",95.1957,102.5732,94.7426,31.2529,70.6764
54272086000130,"BRADESCO FIF - CI RENDA FIXA INCENTIVADO DE INVESTIMENTO EM INFRAESTRUTURA TEXFOUR","BRAM",155.953,105.5744,21.5513,8.3585,59.6761
54277476000101,"SANTANDER PB 122 INVESTIMENTO EM INFRAESTRUTURA RENDA FIXA - FIF RESP LIMITADA","San WM",224.464,97.7553,85.2447,24.2386,
54277489000172,"TREVISO FUNDO INCENTIVADO DE INVESTIMENTO EM INFRAESTRUTURA RENDA FIXA","BTG WM",116.7273,100.9048,3.5281,-8.2631,40.5119
54278859000196,"TANGARÁ FIF -FUNDO INCENTIVADO EM INVESTIMENTO EM DEB DE INFRAESTRUTURA RF CRÉD PRIV - RESP LIMITADA","IAM",101.0373,94.997,-6.5759,6.0025,44.8635
54279549000196,"SUNO INFRA DEBÊNTURES MASTER II FUNDO INCENTIVADO INVESTIMENTO EM INFRA RENDA FIXA CRÉDITO PRIVADO","Suno",-1.4428,89.7956,93.0243,-3.6224,55.8612
54292227000187,"MONET KINEA FIF - FUNDO INCENTIVADO EM INV EM DEB DE INFRAESTRUTURA RF CRÉD PRIV - RESP LIMITADA","Kinea",11.005,89.7854,-4.518,12.7503,51.395
54313147000160,"CONARTES FIF FUNDO INCENTIVADO EM INVEST EM DEB DE INFRA RF CRÉD PRIV RESP LIMITADA","IAM",103.0645,94.4318,-5.8011,10.321,47.0689
54322173000155,"ITAÚ DEB INCENTIVADAS III FIF INCENTIVADO EM INFRA RF CRÉD PRIV - RESP LIMITADA","IAM",101.2952,98.5656,2.0218,6.4984,49.2545
54332024000177,"ITAÚ PVT PJ DEBÊNTURES INCENTIVADAS FIF INCENTIVADO EM INFRAESTRUTURA RF CRED PRIV RESP LIMITADA","IAM",110.057,94.1167,-0.5032,9.7859,48.3166
54333128000104,"RIVIERA FUNDO INCENTIVADO DE INVESTIMENTO EM INFRAESTRUTURA RENDA FIXA","BTG WM",204.5787,105.4352,-7.5386,-6.2441,40.9681
54333407000160,"CEREJA KINEA FIF - FUNDO INCENTIVADO EM INVESTIMENTO EM DEB INFRA RF CRÉD PRIV - RESP LIMITADA","Kinea",6.503,89.2494,-7.6941,11.5581,51.1748
54334448000170,"KINFRA KINEA FIF - FUNDO INC INVEST DEB DE INFRAESTRUTURA RF CP - RESP LIMITADA","Kinea",1.4833,89.6043,-5.4684,14.0276,52.2666
54334534000183,"AXIOS KINEA FIF - FUNDO INCENT EM INVEST EM DEB DE INFRAESTR RF CRED PRIV -RESPONSABILIDADE LIMITADA","Kinea",4.1263,89.3156,-6.9662,12.4634,51.5742
54334726000190,"DUKE KINEA FIF - FUNDO INCENTIVADO EM INVESTIMENTO EM DEB INFRA RF CRED PRIV - RESP LIMITADA","Kinea",-2.1561,87.5172,-8.1558,11.9281,51.3624
54334995000156,"ABSOLUTE HIDRA CDI A FUNDO INCENTIVADO DE INVESTIMENTO EM INFRAESTRUTURA RENDA FIXA","Absolute",84.5687,84.4626,108.0918,57.8025,79.1051
54341666000132,"V7 FUNDO INCENTIVADO DE INVESTIMENTO EM INFRAESTRUTURA RENDA FIXA","BTG WM",60.5672,70.3758,87.7546,239.4335,334.1801
54345278000120,"OCCAM ATIVO 30 FIF RENDA FIXA INVEST EM INFRAESTRUTURA CRÉDITO PRIVADO RESPONSABILIDADE LIMITADA","Occam",130.2213,88.9613,89.662,24.1533,66.5896
54350167000101,"ATILLA FUNDO INCENTIVADO DE INVESTIMENTO EM INFRAESTRUTURA RENDA FIXA","BTG WM",88.0296,91.7524,53.7968,16.6107,55.0236
54350231000154,"LDL INFRA KINEA FIF - FUNDO INCENTIVADO EM INVESTIMENTO DEB INFRA RF CRED PRIV - RESP LIMITADA","Kinea",11.8458,90.7962,-7.8942,11.9304,53.2066
54365722000179,"UROCOELHO FIF - FUNDO INCENTIVADO EM INV EM DEBÊNTURES DE INFRAESTRUTURA RF CRÉD PRIV RESP LIMITADA","IAM",84.5167,88.4188,35.2188,25.4832,58.7205
54367802000163,"GIPF FIF FUNDO INCENTIVADO EM INV EM DEB DE INFRA RF CRÉD PRIV RESP LIMITADA","IAM",89.4989,92.6028,24.3427,17.3868,57.6584
54374180000109,"MONTECATINI FUNDO INCENTIVADO DE INVEST EM INFRA RENDA FIXA CRÉD PRIV RESPONSABILIDADE LIMITADA","Portofino",121.169,98.5622,8.0865,35.6185,68.9971
54381707000114,"G2LM FUNDO INCENTIVADO DE INVESTIMENTO EM INFRAESTRUTURA RF CRED PRIV RESPONSABILIDADE LIMITADA","Inter",113.1173,110.0813,-2.0009,10.7547,60.0098
54384289000119,"CS EVOLUTION CAETE-AÇU FUNDO DE INVESTIMENTO EM INFRAESTRUTURA - RENDA FIXA CRED PRIV RESP LIMITADA","UBS",89.4608,106.6936,19.2422,34.063,61.3847
54384337000179,"CS EVOLUTION RE9 FUNDO DE INVESTIMENTO EM INFRAESTRUTURA - RENDA FIXA CREDITO PRIVADO RESP LIMITADA","UBS",81.5468,106.8205,36.1491,39.4332,67.6553
54384365000196,"CS EVOLUTION ISLA FUNDO DE INVESTIMENTO EM INFRAESTRUTURA - RENDA FIXA CRÉDITO PRIVADO RESP LIMITADA","UBS",56.0283,83.9006,121.5666,60.5078,87.1327
54384400000177,"BRADESCO FIF - CI RENDA FIXA INCENTIVADO DE INVESTIMENTO EM INFRAESTRUTURA APOLO 3","BRAM",-15.0005,70.7727,8.4382,3.4993,57.5913
54384609000130,"CS EVOLUTION LORENA FUNDO DE INVESTIMENTO EM INFRAESTRUTURA - RENDA FIXA CRED PRIV RESP LIMITADA","UBS",39.2346,118.7605,-140.482,-34.8174,14.5242
54384643000105,"BLG FUNDO DE INVESTIMENTO EM INFRAESTRUTURA - RENDA FIXA CRÉDITO PRIVADO RESPONSABILIDADE LIMITADA","Douro",115.1211,106.4516,36.7501,18.3298,60.6239
54384687000135,"UBS EVOLUTION LOYDE INFRA FUNDO DE INVESTIMENTO EM INFRAESTRUTURA RENDA FIXA CRED PRIV RESP LIMITADA","UBS",98.5086,100.6336,17.0683,28.3218,56.7567
54384723000160,"UBS EVOLUTION ALDEIA GUAPRA IPCA FUNDO DE INVESTIMENTO EM INFRAESTRUTURA -RF CRED PRIV RESP LIMITADA","UBS",74.3031,104.7984,20.9416,24.0769,58.225
54384916000111,"CS EVOLUTION 1735 FUNDO DE INVESTIMENTO EM INFRAESTRUTURA - RENDA FIXA CRÉDITO PRIVADO RESP LIMITADA","UBS",98.1199,103.4655,20.2088,27.9177,59.4742
54385101000157,"CS EVOLUTION TR FUNDO DE INVESTIMENTO EM INFRAESTRUTURA - RENDA FIXA CRÉDITO PRIVADO RESP LIMITADA","UBS",68.9473,85.1422,120.7728,51.953,86.6095
54391780000177,"FUNDO DE INVESTIMENTO FINANCEIRO - CI RENDA FIXA INCENTIVADA INVESTIMENTO EM INFRA G5 CASA DE FERRO","G5",107.2826,98.9301,85.2891,50.7692,81.8954
54405192000145,"ALHAMBRA FIF - FUNDO INCENTIVADO EM INV EM DEB DE INFRA RENDA FIXA CRÉD PRIV - RESP LIMITADA","IAM",101.811,95.1389,-4.3183,7.199,44.3329
54407534000166,"ITAÚ DEBÊNTURES INCENTIVADAS CDI VI FIF INCENTIVADO INFRA RF CRED PRIV - RESP LIMITADA","IAM",54.2187,82.4474,135.4077,55.9744,89.3103
54409981000154,"RENASCENÇA FUNDO INCENTIVADO DE INVESTIMENTO EM INFRAESTRUTURA RENDA FIXA","BTG WM",30.2223,77.0355,118.2044,35.9408,74.1379
54410101000160,"EBENEZER FUNDO INCENTIVADO DE INVESTIMENTO EM INFRAESTRUTURA RENDA FIXA - CRÉDITO PRIVADO","BTG WM",117.3885,102.5537,-4.8669,-8.6127,40.0181
54422882000102,"BH FUNDO INCENTIVADO DE INVESTIMENTO EM INFRA RENDA FIXA - CRÉDITO PRIVADO RESPONSABILIDADE LIMITADA","AF Invest",54.3666,93.1254,75.7627,53.0539,78.4047
54426679000104,"SPARTA RENDA FI FINANCEIRO INCENTIVADO EM INFRAESTRUTURA RENDA FIXA RESPONSABILIDADE LIMITADA","Sparta",11162.8939,89.555,-590.345,-271.7362,-86.7289
54436219000167,"GARDÊNIA FIF - CLASSE DE INVESTIMENTO RENDA FIXA INCENTIVADO DE INVESTIMENTO EM INFRAESTRUTURA","BRAM",-10.8441,71.4881,15.2282,10.198,60.117
54438539000156,"FLAMBOYANT KINEA FIF - FUNDO INCENTIVADO EM INV EM DEB DE INFRA RF CRÉD PRIV - RESP LIMITADA","Kinea",-1.5489,87.3443,-7.2889,13.095,51.9649
54463768000120,"SOFIE INFRA FUNDO INCENTIVADO DE INVESTIMENTO EM INFRAESTRUTURA RENDA FIXA","BTG WM",132.4603,102.4153,7.3709,0.8679,45.3906
54465283000176,"NOVUS MASTER FUNDO INCENTIVADO DE INVESTIMENTO EM INFRAESTRUTURA RENDA FIXA","Novus",57.0385,94.793,97.035,45.8417,80.0796
54486726000105,"FQJ2 KINEA FIF - FUNDO INCENTIVADO EM INVESTIMENTO EM DEB DE INFRA RF CRÉD PRIV - RESP LIMITADA","Kinea",4.4231,90.6452,-7.6675,15.0542,53.3417
54487556000183,"SANTANDER PB WELFARE INVESTIMENTO EM INFRAESTRUTURA RENDA FIXA - FIF RESPONSABILIDADE LIMITADA","San WM",172.0579,82.3574,-16.4626,-10.6134,43.5302
54487667000190,"SANTANDER PB 62 INVESTIMENTO EM INFRAESTRUTURA RENDA FIXA - FIF RESPONSABILIDADE LIMITADA","San WM",200.8257,92.058,-24.9416,-4.6258,48.8842
54487714000103,"SANTANDER PB FSA INVESTMENTS INFLAÇÃO INVESTIMENTO EM INFRAESTRTUTURA RF - FIF RESP LIMITADA","San WM",19.4222,84.6153,-24.2343,-0.3046,40.4122
54487778000104,"SANTANDER PB SYRAH INVESTIMENTO EM INFRAESTRUTURA RENDA FIXA - FIF RESP LIMITADA","San WM",17.6746,85.9997,-37.6498,-4.1068,38.2276
54496626000160,"CAST IRON DEBENTURES INCENTIVADAS EM INFRAESTRUTURA CIRF CRÉDITO PRIVADO","BTG WM",60.6111,92.1296,46.178,45.0465,74.8484
54501503000170,"BTG INFRA MASTER IV FUNDO INCENTIVADO DE INVESTIMENTO EM INFRAESTRUTURA RENDA FIXA CRÉDITO PRIVADO","BTG Asset",-105.1496,89.101,-25.3544,4.4906,43.206
54517219000191,"BTG PACTUAL TOTAL FUNDO INCENTIVADO DE INVESTIMENTO EM INFRAESTRUTURA RENDA FIXA","BTG Asset",-197.0901,68.6792,97.491,60.8325,83.6585
54518613000144,"EVANGELISTA KINEA FIF - FUNDO INCENTIVADO EM INVESTIMENTO DEB INFRA RF CRED PRIV - RESP LIMITADA","Kinea",21.5194,92.1953,-7.8942,11.4505,51.4191
54518783000129,"BTG PACTUAL HEDGE II FUNDO INCENTIVADO DE INVESTIMENTO EM INFRAESTRUTURA RENDA FIXA","BTG Asset",-162.074,60.7541,87.9958,70.2804,91.6765
54518925000158,"IBIUNA CREDIT MASTER FIF - CI RF INCENTIVADO INVESTIMENTO EM INFRAESTRUTURA RESP LIMITADA","Ibuina",-25.0952,60.6768,109.1482,61.5286,90.5377
54542996000196,"SOMMA VERONA DEBÊNTURES FUNDO INCENTIVADO DE INVESTIMENTO EM INFRAESTRUTURA RENDA FIXA","Somma",58.7734,88.4858,106.4241,25.6769,61.2237
54546664000180,"CAPITÂNIA INFRA MASTER VI FUNDO INCENTIVADO DE INVESTIMENTO EM INFRAESTRUTURA RENDA FIXA","Capitânia",107.3206,119.3446,12.042,48.4114,86.6767
54546863000198,"REGINA 18 FUNDO INCENTIVADO DE INVESTIMENTO EM INFRAESTRUTURA RENDA FIXA","BTG WM",110.4731,104.1431,8.3207,-1.22,45.4198
54547163000118,"PLATON KINEA FIF - FUNDO INCENTIVADO EM INVESTIMENTO EM DEB DE INFRA RF CRÉD PRIV - RESP LIMITADA","Kinea",-12.8895,83.703,-10.611,10.6779,50.9086
54547258000131,"MK KINEA FIF - FUNDO INCENTIVADO EM INVESTIMENTO DEB INFRA RF CRED PRIV - RESP LIMITADA","Kinea",3.3223,88.7723,-7.2618,14.6906,53.0735
54558737000153,"BRADESCO FIF - CI RENDA FIXA INCENTIVADO DE INVESTIMENTO EM INFRAESTRUTURA WIT III","BRAM",124.635,99.4097,27.3825,17.1313,63.1186
54564966000180,"VPA KINEA FIF -  FUNDO INCENTIVADO EM INVESTIMENTO EM DEB INFRA RF CRED PRIV - RESP LIMITADA","Kinea",9.9318,89.7322,-8.3882,12.4548,51.5359
54566051000104,"PRETIUM KINEA FIF - FUNDO INCENTIVADO EM INVESTIMENTO EM DEB INFRA RF CRED PRIV - RESP LIMITADA","Kinea",9.2873,90.076,-7.7676,12.4034,51.6052
54566226000183,"JACARANDÁ KINEA FIF FUNDO INCENTIVADO EM INVESTIMENTO EM DEB INFRA RF CRED PRIV - RESP LIMITADA","Kinea",15.431,91.9385,-7.3205,14.2164,53.2896
54582300000155,"MONTE TABOR KINEA FIF - FUNDO INCENTIVADO EM INVESTIMENTO DEB DE INFRA RF CRÉD PRIV - RESP LIMITADA","Kinea",-0.0267,88.4242,-8.041,13.2755,51.9544
54584477000190,"JGP ROKA ANDES FI FINANCEIRO RENDA FIXA INVEST EM INFRAESTRUTURA CRÉDITO PRIVADO - RESP LIMITADA","JGP",62.1679,96.6871,51.2745,54.1351,78.7263
54600520000164,"ARZUA FUNDO INCENTIVADO DE INVESTIMENTO EM INFRAESTRUTURA RENDA FIXA - CRÉDITO PRIVADO","BTG WM",113.6444,103.0507,11.5788,-4.9824,42.5875
54601837000115,"BB FKEGGS INFRA RENDA FIXA FUNDO INCENTIVADO DE INVESTIMENTO FINANCEIRO EM INFRAESTRUTURA RESP LIM","BB Asset",124.224,109.3699,21.7133,42.7771,65.6605
54602844000131,"BB NINA INFRA RENDA FIXA FUNDO INCENTIVADO DE INVESTIMENTO FINANCEIRO EM INFRAESTRUTURA RESP LIM","BB Asset",110.673,114.1619,10.3751,20.1828,56.8485
54602971000130,"BB LMF INFRA RENDA FIXA FUNDO INCENTIVADO DE INVESTIMENTO FINANCEIRO EM INFRAESTRUTURA RESP LIMITADA","BB Asset",115.8525,95.0311,-6.986,-8.9412,34.6578
54603605000104,"SÃO PEDRO FUNDO INCENTIVADO DE INVESTIMENTO EM INFRAESTRUTURA RENDA FIXA","BDR",80.5831,95.3846,77.876,45.3263,77.0201
54617556000150,"CS EVOLUTION WIN FUNDO DE INVESTIMENTO EM INFRAESTRUTURA - RENDA FIXA CRÉDITO PRIVADO RESP LIMITADA","UBS",112.5923,100.8195,15.9986,21.1225,56.3157
54617897000126,"CS EVOLUTION CFHS INFRA FUNDO DE INVESTIMENTO EM INFRAESTRUTURA - RENDA FIXA CRED PRIV RESP LIMITADA","UBS",72.4357,86.6277,93.9317,55.4539,84.1918
54618143000190,"UBS EVOLUTION CANGURU FUNDO DE INVESTIMENTO EM INFRAESTRUTURA  RENDA FIXA CRED PRIV RESP LIMITADA","UBS",93.871,107.4897,20.5312,25.0027,58.4791
54618187000110,"CS EVOLUTION APOENA FUNDO DE INVESTIMENTO EM INFRAESTRUTURA - RENDA FIXA CRED PRIV RESP LIMITADA","UBS",93.056,101.7548,19.1995,31.2888,58.943
54643894000167,"EVOLUTION GOODWINDS II FIF FUNDO INCENTIVADO EM INVEST EM DEB DE INFRA RF CRÉD PRIV RESP LIMITADA","IAM",81.8714,89.2177,47.3905,32.7878,66.2668
54643939000101,"CS EVOLUTION APPLE II FUNDO DE INVESTIMENTO EM INFRAESTRUTURA - RENDA FIXA CRED PRIV RESP LIMITADA","UBS",86.9388,100.5614,15.3761,28.6726,58.0522
54644019000108,"ANACAPRI KINEA FIF - FUNDO INCENTIVADO EM INVESTIMENTO EM DEB DE INFRA RF CRED PRIV - RESP LIMITADA","Kinea",-6.2224,88.2453,-5.6398,15.0959,52.8787
54644328000170,"NOVO CICLO ADVANCED KINEA FIF - FUNDO INCENTIVADO EM INV DEB INFRA RF CRED PRIV - RESP LIMITADA","Kinea",14.3887,91.0483,-3.4133,15.1724,52.8621
54644413000138,"MALTA KINEA FIF - FUNDO INCENTIVADO EM INVESTIMENTO EM DEB DE INFRA RF CP  - RESP LIMITADA","Kinea",-2.6487,88.1558,-6.8019,14.3596,52.8227
54644512000110,"SUMMIT KINEA FIF - FUNDO INCENTIVADO EM INVESTIMENTO EM DEB DE INFRA RF CP - RESP LIMITADA","Kinea",-388.9118,105.1582,-25.2561,16.4838,49.7722
54680816000132,"FLAG KINEA FIF - FUNDO INCENTIVADO EM INVESTIMENTO EM DEB DE INFRA RF CP - RESP LIMITADA","Kinea",8.7377,90.0812,-7.582,12.5623,51.4211
54710401000164,"BRADESCO FIF - CI RENDA FIXA INCENTIVADO DE INVESTIMENTO EM INFRAESTRUTURA AQUILA","BRAM",-7.6639,69.4901,18.3358,12.4514,59.0002
54713770000100,"CG FIF - FUNDO INCENTIVADO EM INVESTIMENTO EM DEB DE INFRA RF CRED PRIV - RESP LIMITADA","IAM",100.713,93.3981,-5.2813,6.434,45.0954
54715191000105,"SHALOM FIF - FUNDO INCENTIVADO EM INVESTIMENTO DEB INFRA RF CRÉD PRIV - RESP LIMITADA","IAM",71.24,87.2812,59.4412,31.7121,65.5865
54715962000156,"ELETTRA 2 FIF - FUNDO INCENTIVADO EM INVESTIMENTO EM DEB DE INFRA RF CRED PRIV - RESP LIMITADA","IAM",62.6815,88.5453,87.4719,48.856,75.8363
54745704000112,"RENDA FIXA PORTFOLIO INCENTIVADO FUNDO DE INVESTIMENTO EM INFRAESTRUTURA CRÉDITO PRIVADO","XPG",177.9603,93.2555,48.8443,28.6693,65.5416
54754380000189,"LVT FUNDO INCENTIVADO DE INVESTIMENTO EM INFRAESTRUTURA RENDA FIXA","BTG WM",110.0359,103.6422,22.281,18.5291,58.9233
54758649000103,"BARU FIF - FUNDO INCENTIVADO EM INVEST EM DEB DE INFRA RF CRÉD PRIV - RESP LIMITADA","IAM",70.0493,84.5378,82.8957,43.7229,73.9572
54760175000126,"MK ITAÚ FIF - FUNDO INCENTIVADO EM INVESTIMENTO EM DEB INFRA RF CRED PRIV - RESP LIMITADA","IAM",100.9119,95.7956,3.6374,13.4492,49.1215
54760280000165,"CPMM FIF - FUNDO INCENTIVADO EM INVESTIMENTO EM DEB INFRA RF CRED PRIV - RESP LIMITADA","IAM",65.7636,85.3075,97.2109,53.883,81.561
54760539000178,"YODA FIF - FUNDO INCENTIVADO EM INVESTIMENTO EM DEB DE INFRAESTRUTURA RF CRED PRIV- RESP LIMITADA","IAM",87.4251,89.151,26.6744,24.0996,60.8045
54773359000120,"SPARTA INFRA MASTER VI FUNDO INCENTIVADO DE INVESTIMENTO EM INFRAESTRUTURA RENDA FIXA","Sparta",-292.6346,30.5136,1.7822,-22.7158,-0.6224
54779308000106,"KUNDERA FIF - FUNDO INCENTIVADO EM INVESTIMENTO EM DEBÊNTURES DE INFRA RF CRÉD PRIV - RESP LIMITADA","IAM",103.6686,94.5979,-3.7886,8.5867,46.099
54779512000127,"BEAU CDI FIF - FUNDO INCENTIVADO EM INVESTIMENTO EM DEB INFRA RF CRED PRIV - RESP LIMITADA","IAM",55.2192,85.2255,122.0536,58.9938,86.3759
54779587000108,"FASARO 2 FIF - FUNDO INCENTIVADO EM INVESTIMENTO EM DEB DE INFRA RF CRED PRIV - RESP LIMITADA","IAM",77.3442,87.3297,69.4958,39.556,70.6094
54779598000198,"MARIA FLOR FIF - FUNDO INCENTIVADO EM INVESTIMENTO EM DEB DE INFRA RF CRÉD PRIV - RESP LIMITADA","IAM",96.8785,93.7202,-4.5817,9.7423,46.7359
54779679000198,"GUERREIRO FIF FUNDO INCENTIVADO EM INVESTIMENTO EM DEB DE INFRA RF CRED PRIV - RESP LIMITADA","IAM",91.6503,90.1442,18.9307,17.8805,53.5979
54788959000162,"BRADESCO FIF - CI RENDA FIXA INCENTIVADO DE INVESTIMENTO EM INFRAESTRUTURA MAGNITUDE - RESP LIMITADA","BRAM",114.9556,110.8529,11.602,21.1668,59.4309
54793790000139,"FUNDO DE INVESTIMENTO FINANCEIRO - CI RENDA FIXA INCENTIVADA INVESTIMENTO EM INFRA G5 BRICKELL","G5",139.5756,116.2502,85.3422,28.4372,75.9939
54794710000160,"LUNI FUNDO INCENTIVADO DE INVESTIMENTO EM INFRAESTRUTURA RENDA FIXA","Newave",107.7027,108.7787,34.114,35.6737,71.1334
54794777000102,"STRIX KINEA FUNDO DE INV FIN - FUNDO INCEM INV EM DEBÊNTURES DE INF RF CP - RESP LIMITADA","Kinea",8.6362,88.4895,-6.8164,13.2522,51.8374
54794799000164,"SANTANDER PB JPL INVESTIMENTO EM INFRAESTRUTURA RENDA FIXA INFLAÇÃO - FIF RESP LIMITADA","San WM",128.5829,-28.3077,-50.6214,32.2866,45.3225
54794954000142,"SANTANDER PB VII INVESTIMENTO EM INFRAESTRUTURA RENDA FIXA - FIF RESP LIMITADA","San WM",38.3767,80.8385,-41.3959,-8.062,37.1536
54803982000189,"ÉXES FUNDO DE INVESTIMENTO FINANCEIRO EM INFRAESTRUTURA RENDA FIXA CRÉDITO  PRIVADO LONGO PRAZO - DE","Exes",285.2224,138.9351,18.5949,73.3769,79.5183
54811496000102,"SELLAS FIF - FUNDO INC EM INV EM DEBÊNTURES DE INF RF CRÉDITO PRIVADO - RESP LIMITADA","IAM",89.2412,96.1728,43.6495,29.9548,62.6026
54813687000103,"OURO BRANCO II FUNDO DE INVESTIMENTO EM INFRAESTRUTURA RENDA FIXA","XPG",61.9174,93.5133,126.343,57.0049,85.173
54834372000142,"JAKE JUROS REAIS FIF - FUNDO INCENTIVADO EM INVEST EM DEB DE INFRA RF CRÉD PRIV - RESP LIMITADA","IAM",97.2647,95.168,-3.711,8.5694,46.2224
54835274000120,"BMV KINEA INFRA FIF FUNDO INCENTIVADO EM INVESTIMENTO EM DEB DE INFRA RF CRED PRIV RESP LIMITADA","Kinea",-16.2737,83.2475,-8.2305,11.079,47.0217
54853793000110,"FIF CI RENDA FIXA INCENTIVADO DE INVESTIMENTO EM INFRAESTRUTURA TIVIO ESPLANADA RESP LIMITADA","Tivio",102.0601,110.514,30.2004,39.3322,67.0868
54854995000187,"ITAÚ PRIVATE DEB INCENTIVADAS PÓS FIXADO FIF INCENTIVADO EM INFRA RF CRÉD PRIV LP RESP LIMITADA","IAM",52.9994,83.9251,137.3371,58.1386,89.8457
54855450000195,"SANTANDER PB J-O-C-A INVESTIMENTO EM INFRAESTRUTURA RENDA FIXA - FIF RESP LIMITADA","San WM",190.6061,88.4042,-30.6973,-5.2727,43.023
54856394000103,"ITAÚ DEB INC PRÉ TARGET 2028 III FIIF EM INFRAESTR RF CREDITO PRIVADO - RESPONSABILIDADE LIMITADA","IAM",200.868,108.6734,103.2151,13.5567,68.7598
54872331000140,"MABIGIUCA FUNDO INCENTIVADO DE INVESTIMENTO EM INFRAESTRUTURA RENDA FIXA","BTG WM",103.0259,100.5128,-1.5852,-3.2049,44.5586
54873893000109,"DM4I FIF - FUNDO INCENTIVADO EM INVESTIMENTO EM DEB DE INFRF CRÉDITO PRIVADO - RESP LIMITADA","IAM",62.2023,87.6461,75.923,41.4694,73.1144
54883919000108,"CAPITÂNIA CANA FIF FUNDO INCENTIVADO EM INVESTIMENTO EM DEB DE INF RF CRÉD PRIVADO - RESP LIMITADA","Capitânia",37.3146,96.7536,103.486,68.7072,88.9554
54884180000140,"ITAÚ FUNDO INCENTIVADO DE INVESTIMENTO FINANCEIRO EM INF IFRI CDI RF CRÉD PRIVADO - RESPE LIMITADA","IAM",85.2061,115.4182,94.2772,25.7413,88.1141
54893266000130,"CAFOFO FIF - FUNDO INCENTIVADO EM INVESTIMENTO EM DEBÊNTURES DE INFRA RF CRED PRIV - RESP LIMITADA","IAM",65.4291,86.1869,86.9584,45.4402,76.7586
54893611000135,"KILIMANDJARO FIF - FUNDO INCENTIVADO EM INV EM DEB DE INFRAESTRUTURA RF CRED PRIVADO - RESP LIMITADA","IAM",78.3172,89.0317,58.6492,33.094,68.8328
54893677000125,"PATUA21 FIF - FUNDO INCENTIVADO EM INVESTIMENTO EM DEB DE INFRA RF CRÉD PRIV - RESP LIMITADA","IAM",82.0471,90.2632,54.4815,37.2083,71.5047
54900133000143,"ATID FIF FUNDO INCENTIVADO EM INVESTIMENTO EM DEBÊNTURES DE INF RF CRÉD PRIVADO RESP LIMITADA","IAM",100.6857,96.7195,-9.5559,10.7756,48.2172
54904083000172,"FUNDO DE INVESTIMENTO FINANCEIRO - CI RF INCENTIVADO DE INVESTIMENTO EM INFRAESTRUTURA VANCOUVER","BRAM",-19.7956,73.4615,1.0812,11.7633,53.6534
54909934000170,"LEGACY CAPITAL A FIF - FUNDO INCENTIVADO EM INVESTIMENTO EM DEB DE INFRA RF CP - RESP LIMITADA","Legacy",82.3038,96.1681,-36.0012,2.1421,51.2977
54910462000175,"MVMI FIF - FUNDO INCENTIVADO EM INVESTIMENTO EM DEBÊNTURES DE INFRA RF CRÉD PRIV - RESP LIMITADA","IAM",73.009,87.7033,58.635,32.1644,65.7774
54910665000161,"BOCOM BBM INFRA IPCA FIF CI RENDA FIXA INCENTIVADO EM INFRAESTRUTURA - RESP LIMITADA","BBM Asset",9.5536,80.6658,89.0863,65.7543,83.1249
54912056000141,"PACC INFRA FUNDO INCENTIVADO DE INVESTIMENTO EM INFRAESTRUTURA RENDA FIXA","BTG WM",113.3728,110.2084,7.6841,-4.2686,43.9014
54931987000197,"LHOTSE FIF - FUNDO INCENTIVADO EM INVESTIMENTO EM DEBÊNTURES DE INFRA RF CRÉD PRIV - RESP LIMITADA","IAM",48.8705,78.7102,126.5275,45.4741,81.493
54936922000134,"ROKA ALPES FUNDO INCENTIVADO DE INVESTIMENTO EM INFRAESTRUTURA RENDA FIXA","RBR",306.7523,107.9646,0.1161,35.5602,72.621
54952575000133,"BTG PACTUAL CRÉDITO CORPORATIVO INCENTIVADAS PRÉ FUNDO INCENTIVADO DE INVESTIMENTO EM INFRA RF","BTG Asset",306.8178,52.1284,9.6685,-4.738,48.3696
54954879000130,"ITAÚ DEBÊNTURES INCENTIVADAS PRÉ TARGET 2030 II FIF INCENTIVADO EM INFRA RF CRED PRIV RESP LIMITADA","IAM",414.6479,96.1007,29.3894,-23.3493,44.9479
54976144000107,"FUNDO DE INVESTIMENTO FINANCEIRO - CI RENDA FIXA INCENTIVADA INVESTIMENTO EM INFRAESTRUTURA G5 SB","G5",196.015,104.6044,24.6946,19.4166,63.9934
54976215000171,"AUSTEN FIF FUNDO INCENTIVADO EM INVESTIMENTO EM DEB DE INF RENDA FIXA CRED PRIVADO RESP LIMITADA","IAM",64.3648,86.2878,5.3934,11.8324,50.619
54976744000175,"S24 FUNDO INCENTIVADO DE INVESTIMENTO EM INFRAESTRUTURA RENDA FIXA","Portofino",125.74,106.7676,18.0103,24.6803,64.4318
54979157000130,"FUNDO DE INVESTIMENTO FINANCEIRO CI RENDA FIXA INCENTIVADA INVESTIMENTO EM INFRAESTRUTURA G5 MODENA","G5",122.7168,115.8722,53.2852,55.4961,75.2859
54980234000171,"FUNDO DE INVESTIMENTO FINANCEIRO - CI RENDA FIXA INCENTIVADA INVESTIMENTO EM INFRA G5 ICELAND","G5",257.1717,104.2291,33.0603,26.9502,68.6159
54996800000133,"PRINCIPAL CLARITAS DEBENTURES INCENTIVADAS RENDA FIXA CREDITO PRIVADO RESPONSABILIDADE LIMITADA","Principal",104.0632,107.532,15.1653,13.4654,61.7227
54996960000182,"G5 BALTIMORE FUNDO INCENTIVADO DE INVESTIMENTO EM INFRAESTRUTURA RENDA FIXA CREDITO PRIVADO","G5",-19.7822,65.6062,-331.3965,-141.1533,-18.239
54997138000136,"G5 FEJUCA FUNDO INCENTIVADO DE INVESTIMENTO EM INFRAESTRUTURA RENDA FIXA CREDITO PRIVADO","G5",114.4841,110.1639,57.2905,39.9759,75.978
55018863000188,"INCLOTUS FIF - CLASSE DE INVESTIMENTO RENDA FIXA INCENTIVADO DE INVESTIMENTO EM INFRA","BRAM",118.7441,104.2075,17.5865,18.0617,58.0948
55019321000120,"JB2L FIF - FUNDO INCENTIVADO EM INVESTIMENTO EM DEBÊNTURES DE INFRA RF CRÉD PRIV - RESP LIMITADA","IAM",99.5974,95.9058,-6.1632,9.4704,46.3822
55019751000141,"RONTANO FUNDO INCENTIVADO DE INVESTIMENTO FINANCEIRO EM INFRAESTRUTURA RENDA FIXA","BTG WM",100.5064,105.2082,-1.0505,-1.7218,41.2118
55020138000144,"ARAK FIF - CLASSE DE  INVESTIMENTO RENDA FIXA INCENTIVADO INVESTIMENTO EM INFRAESTRUTURA","BTG WM",100.1142,101.8027,16.6138,15.5861,50.7734
55020228000135,"FERROSI FIF - FUNDO INCENTIVADO EM INVESTIMENTO EM DEBÊNTURES DE INFRA RF CRÉD PRIV - RESP LIMITADA","IAM",86.7182,87.9875,3.402,15.1572,58.4712
55030873000139,"BRADESCO FIF - CI RENDA FIXA INCENTIVADO DE INVESTIMENTO EM INFRAESTRUTURA DALI","BRAM",-18.4206,64.5078,16.0991,14.1542,61.7914
55036145000134,"VIVACE MASTER FUNDO INCENTIVADO DE INVESTIMENTO FINANCEIRO EM INFRAESTRUTURA RENDA FIXA","Paramis",66.4604,101.1129,67.1533,57.2691,75.6003
55052221000103,"FUNDO DE INVESTIMENTO FINANCEIRO - CI RENDA FIXA INCENTIVADO DE INVESTIMENTO EM INFRA BOA VISTA","BRAM",-162.664,36.9879,15.4603,13.1935,60.6622
55052860000160,"BB EPM INFRA RENDA FIXA FUNDO INCENTIVADO DE INVESTIMENTO FINANCEIRO EM INFRAESTRUTURA RESP LIMITADA","BB Asset",78.3076,120.5869,-22.5618,-26.1988,24.002
55052986000135,"BB WSOARES INFRA RENDA FIXA FUNDO INCENTIVADO DE INVESTIMENTO FINANCEIRO EM INFRA RESP LIMITADA","BB Asset",109.3108,114.393,1.7763,3.3502,40.5647
55053084000113,"BB JATO INFRA RF FUNDO INCENTIVADO DE INVESTIMENTO FINANCEIRO EM INFRAESTRUTURA RESP LIMITADA","BB Asset",119.896,106.1355,0.2678,22.1874,55.1163
55053659000106,"BB MISURINA INFRA RENDA FIXA FUNDO INCETIVADO DE INVESTIMENTO FINANCEIRO EM INFRA RESP LIMITADA","BB Asset",36.6995,50.3627,71.0564,89.8179,77.7554
55054075000147,"ATLÂNTICO SUL INFRA FIF - CLASSE DE INVESTIMENTO RF INCENTIVADO INVESTIMENTO EM  INFRAESTRUTURA","BTG WM",113.8642,102.7906,-2.0605,18.9006,58.4862
55068591000120,"CS EVOLUTION PRESENÇA FUNDO DE INVESTIMENTO EM INFRAESTRUTURA - RENDA FIXA CRÉD PRIV RESP LIMITADA","UBS",76.8632,93.3252,121.2797,64.0388,91.392
55068674000110,"CS EVOLUTION GO-UP FUNDO DE INVESTIMENTO EM INFRAESTRUTURA - RENDA FIXA CRED PRIV RESP LIMITADA","UBS",76.14,108.119,18.9989,28.7744,59.5917
55068755000110,"CS EVOLUTION CAREMA FUNDO DE INVESTIMENTO EM INFRAESTRUTURA - RENDA FIXA CRED PRIV RESP LIMITADA","UBS",74.6703,99.5893,66.7191,49.8876,75.4045
55068840000188,"CS EVOLUTION DEGAS III FUNDO DE INVESTIMENTO EM INFRAESTRUTURA - RENDA FIXA CRED PRIV RESP LIMITADA","UBS",60.7279,84.8711,121.031,66.9271,88.8728
55068869000160,"CS EVOLUTION MTTM FUNDO DE INVESTIMENTO EM INFRAESTRUTURA - RENDA FIXA CREDITO PRIVADO RESP LIMITADA","UBS",54.7394,98.2934,60.624,43.5504,68.1528
55068953000183,"CS EVOLUTION BOURGOGNE FUNDO DE INVESTIMENTO EM INFRAESTRUTURA - RENDA FIXA CRED PRIV RESP LIMITADA","UBS",56.5022,93.1625,65.7662,34.6254,73.9723
55069073000121,"CS EVOLUTION ARETE FUNDO DE INVESTIMENTO EM INFRAESTRUTURA RENDA FIXA CRÉDITO PRIVADO RESP LIMITADA","UBS",71.6353,87.7276,120.4931,59.8882,86.059
55069151000198,"KBROTHERS FIF - FUNDO INCENTIVADO EM INVESTIMENTO EM DEB DE INFRA RF CRÉD PRIV - RESP LIMITADA","IAM",66.1957,82.8208,60.3522,26.4742,63.7764
55069807000172,"DLY FIF - FUNDO INCENTIVADO EM INVESTIMENTO EM DEBÊNTURES DE INFRA RF CRÉD PRIV - RESP LIMITADA","IAM",87.8044,90.7741,26.5138,25.7672,57.0627
55073649000124,"VEREDA FIF FI INCENTIVADO EM DEBÊNTURES DE INFRA RENDA FIXA CRÉDITO PRIVADO RESP LIMITADA","IAM",118.0345,105.5265,10.0525,17.6041,53.8365
55083993000102,"ACATU FUNDO DE INVESTIMENTO EM INFRAESTRUTURA RENDA FIXA CRÉDITO PRIVADO","XPG",107.6534,102.1139,47.2797,30.0921,66.719
55088856000152,"PEROLAS FIF - CLASSE DE  INVESTIMENTO RF INCENTIVADO INVESTIMENTO EM INFRA  - RESP LIMITADA","BTG WM",97.6724,105.8482,-2.242,1.2211,46.1979
55089131000189,"ASTERI CLASSE DE INVESTIMENTO INCENTIVADO EM INFRAESTRUTURA RENDA FIXA - RESP LIMITADA","BTG WM",108.6738,111.2416,-5.7216,10.9803,46.3693
55101260000145,"BOCAINA INFRA 60 INSTITUCIONAL MASTER I FUNDO INCENTIVADO DE INVESTIMENTO EM INFRA RENDA FIXA","Bocaina",125.5401,110.2638,34.5829,61.6801,84.9297
55101415000143,"X2 FUNDO INCENTIVADO DE INVESTIMENTO EM INFRAESTRUTURA RENDA FIXA","BTG WM",41.0083,81.0159,123.4529,36.4722,73.925
55105106000141,"BOCAINA INFRA 60 CDI MASTER I FUNDO INCENTIVADO DE INVESTIMENTO EM INFRAESTRUTURA RENDA FIXA","Bocaina",59.4663,99.1809,138.6779,109.9091,117.9735
55109529000130,"PORTO SAN GIORGIO FIF - CLASSE DE INVESTIMENTO RF INCENTIVADO INVESTIMENTO EM INFRAESTRUTURA","BTG WM",121.3479,97.8636,0.0147,20.4863,56.2439
55109850000114,"SKIATHOS II FIF FUNDO INCENTIVADO EM INVESTIMENTO EM DEBÊNTURES DE INFRA RF CRÉD PRIV RESP LIMITADA","IAM",97.4055,105.258,23.4917,27.7061,69.9038
55110714000144,"ALCYONE FIF - CLASSE DE INVESTIMENTO RENDA FIXA INCENTIVADO INVESTIMENTO EM INFRAESTRUTURA","BTG WM",108.6945,103.0436,1.3791,2.3784,44.4229
55111228000140,"APEIRON FIF - CLASSE DE INVESTIMENTO INCENTIVADO DE INVESTIMENTO EM INFRAESTRUTURA RENDA FIXA","BTG WM",101.5958,103.8369,-3.0352,6.6675,46.237
55111474000100,"G5 CLARK FUNDO INCENTIVADO DE INVESTIMENTO EM INFRAESTRUTURA RENDA FIXA","G5",60.8359,85.311,76.6912,52.229,82.4171
55111599000122,"VIPINFRA FIF FUNDO INCENTIVADO EM INVESTIMENTO EM DEB DE INFRA RENDA FIXA CRED PRIV RESP LIMITADA","IAM",108.5384,94.0902,-2.6017,7.4254,44.186
55112047000139,"G5 NOACH FIF - CLASSE DE INVESTIMENTO RENDA FIXA INCENTIVADO EM INFRAESTRUTURA","G5",104.302,99.1832,31.5412,11.6426,48.7599
55112367000199,"ATIVA FIF FUNDO INCENTIVADO EM INVESTIMENTO EM DEB DE INFRA RENDA FIXA CRÉDITO PRIVADO RESP LIMITADA","IAM",94.7396,87.5782,8.1274,10.03,45.9776
55112451000102,"COALLA FIF - CLASSE DE INVESTIMENTO RENDA FIXA INCENTIVADO DE INVESTIMENTO EM INFRAESTRUTURA","BTG WM",125.1311,104.5514,2.1043,0.6704,41.3443
55112525000100,"CATUTTO FIF FUNDO INCENTIVADO EM INVESTIMENTO EM DEB DE INFRA RF CRED PRIV RESP LIMITADA","IAM",103.4739,90.1351,1.5649,10.7891,45.144
55112606000100,"SABÁ FIF - CLASSE DE INVESTIMENTO RENDA FIXA INCENTIVADO INVESTIMENTO EM INFRAESTRUTURA","BTG WM",94.6406,100.4542,-2.6422,7.4666,44.0837
55117996000101,"TFO ITAÚ DEB INCENTIVADAS CDI V FIF INCENTIVADO EM INFRA RF CRÉD PRIV - RESP LIMITADA","IAM",54.1214,82.9476,113.3561,58.4245,85.2344
55121153000189,"TECA FUNDO INCENTIVADO DE INVESTIMENTO EM INFRAESTRUTURA RENDA FIXA","BTG WM",111.1879,103.4659,-6.4055,-3.9824,41.0691
55126476000165,"MARWIN FIF - FUNDO INCENTIVADO EM INVESTIMENTO EM DEB DE INFRAESTRUTURA RF CRED PRIV - RESP LIMITADA","IAM",96.6976,95.9795,-4.5306,9.6278,46.5524
55136457000110,"BOTIJA FUNDO INCENTIVADO DE INVESTIMENTO EM INFRAESTRUTURA RENDA FIXA","BTG WM",138.1521,101.3568,-17.2158,-22.8761,30.2441
55138841000151,"SANTANDER INVESTIMENTO EM INFRAESTRUTURA MULTIESTRATÉGIA RENDA FIXA CRED PRIV FIF RESP LIMITADA","SAM",146.8294,98.4142,95.7795,37.2553,79.1344
55140544000140,"FIF - CLASSE DE INVESTIMENTO  RENDA FIXA INCENTIVADO DE INVESTIMENTO EM INFRAESTRUTURA PARATI","BRAM",43.2715,90.0074,23.6823,-14.3038,30.893
55144098000142,"CALIFORNIA FIF - FUNDO INCENTIVADO EM INVESTIMENTO EM DEB DE INFRA RF CRÉD PRIV - RESP LIMITADA","IAM",81.6758,89.5555,43.6814,29.1188,61.8198
55144371000139,"ICATU VANGUARDA TFO CDI FIF - CLASSE DE INVESTIMENTO INCENTIVADO EM INFRA RF - RESP LIMITADA","Icatu",66.0748,93.7347,122.283,63.5208,89.5948
55150666000118,"SBLIA DEBÊNTURES INCENTIVADAS FI FINANCEIRO RENDA FIXA INVESTIMENTO EM INFRAESTRUTURA","XPG",130.2756,84.3443,29.4513,28.9365,55.5254
55159406000103,"MANACÁ FUNDO INCENTIVADO DE INVESTIMENTO EM INFRAESTRUTURA RENDA FIXA","AF Invest",85.3973,93.9474,105.7476,70.3566,95.1604
55160342000160,"CHAMPAGNE FIF - CLASSE DE INVESTIMENTO RF INCENTIVADO DE INVESTIMENTO EM INFRA - RESP LIMITADA","BR Partners",93.3885,98.6979,30.5345,27.8703,62.9107
55161850000163,"ALFA II INFRA KINEA FIF - FUNDO INCENTIVADO EM INVESTIMENTO EM DEB INFRA RF CRED PRIV- RESP LIMITADA","Kinea",189.0167,56.1013,-1503.9038,-708.1661,-311.8505
55162173000106,"SOROLERE FIF - FUNDO INCENTIVADO EM INVESTIMENTO EM DEBÊNTURES DE INFRA RF CRED PRIV - RESP LIMITADA","IAM",95.5383,95.2188,-8.0444,9.1443,46.8173
55162785000190,"EUPAR INFRA FUNDO INCENTIVADO DE INVESTIMENTO EM INFRAESTRUTURA RENDA FIXA","BTG WM",101.9672,101.6734,8.3913,-13.9111,33.8559
55172242000154,"SANTANDER PB JEQUITIBÁ INVESTIMENTO EM INFRAESTRUTURA RENDA FIXA - FIF RESP LIMITADA","San WM",39.8071,89.9132,-33.1958,-1.4279,40.9466
55172307000161,"SANTANDER PB IPUMIRIM INVESTIMENTO EM INFRAESTRUTURA RENDA FIXA - FIF RESP LIMITADA","San WM",79.2367,86.4129,29.965,24.4603,59.9579
55172353000160,"SANTANDER PB BELLE DU JOUR INVESTIMENTO EM INFRAESTRUTURA RENDA FIXA - FIF RESP LIMITADA","San WM",40.3847,87.6,-32.2389,10.479,50.8978
55176419000190,"MELLUS FIF - FUNDO INCENTIVADO EM INVESTIMENTO EM DEB DE INFRA RF CRÉD PRIV - RESP LIMITADA","IAM",97.6393,94.7397,-3.6459,10.1329,47.2677
55176509000181,"SAFRA INFRA CDI MASTER IV FIF INVESTIMENTO EM INFRA CLASSE DE INVEST EM INFRA RF LP RESP LIMITADA","Safra Asset",53.6629,161.5369,122.1335,65.5215,88.9024
55176840000100,"OYKOS DEBÊNTURES INCENTIVADAS FI FINANCEIRO RENDA FIXA INVESTIMENTO EM INFRAESTRUTURA","XPG",74.4746,90.8857,122.0631,71.5206,90.3187
55177251000138,"MC3 FIF INVESTIMENTO EM INFRAESTRUTURA CI EM INFRA RENDA FIXA RESP LIMITADA","Safra Asset",86.0741,87.7547,99.8901,62.656,94.4299
55196480000108,"FIF - CLASSE DE INVESTIMENTO  RENDA FIXA INCENTIVADO DE INVESTIMENTO EM INFRAESTRUTURA VARNA 2","BRAM",17.4583,68.7152,126.5117,63.5057,93.5732
55213551000125,"ITAÚ FUNDO INCENTIVADO DE INVESTIMENTO FINANCEIRO INFRA III RF CRED PRIV - RESP LIMITADA","IAM",111.297,140.4647,8.0665,-25.5596,57.2336
55215989000142,"SINGULARITY FUNDO INCENTIVADO DE INVEST EM INFRAESTRUTURA RENDA FIXA CRÉDITO PRIVADO RESP LIMITADA","Portofino",117.7669,104.1162,20.9731,37.1855,67.7209
55217827000143,"MARGARIDA FIF INVESTIMENTO EM INFRAESTRUTURA CLASSE DE INVEST EM INFRA RENDA FIXA RESP LIMITADA","Safra Asset",118.4627,111.9722,63.5129,37.6136,
55230301000101,"SAFRA INFRA LIQUIDEZ PROGRESSIVO FIF INV EM INFRA CLASSE DE INV EM INFRAESTRUTURA RF RESP LIMITADA","Safra Asset",77.2865,407.8426,,,
55231454000165,"SILVER LAKE III DEBÊNTURES INCENTIVADAS FUNDO INCENTIVADO DE INVEST FINANCEIRO EM INFRA RENDA FIXA","BTG WM",130.2092,103.1365,3.7172,3.6987,43.3141
55237992000167,"EWBANK II FUNDO INCENTIVADO DE INVESTIMENTO EM INFRAESTRUTURA RENDA FIXA - CRÉDITO PRIVADO","BTG WM",112.5436,101.2794,-8.7128,10.0775,46.0855
55240049000103,"GO DO IT FUNDO INCENTIVADO DE INVESTIMENTO FINANCEIRO EM INFRAESTRUTURA RENDA FIXA","Portofino",109.9783,102.7241,28.9434,33.5402,69.1965
55240187000192,"PHOENIX FUNDO INCENTIVADO DE INVESTIMENTO EM INFRAESTRUTURA RENDA FIXA CRÉDITO PRIVADO","BTG WM",43.7683,78.2186,115.3631,48.7717,79.897
55250638000172,"ÂMBAR FIF FUNDO INCENTIVADO EM INVESTIMENTO EM DEBÊNTURES DE INF RF CRÉD PRIVADO RESP LIMITADA","IAM",99.2036,96.5895,-5.576,12.1909,48.9715
55250846000171,"PRWIN FIF FUNDO INCENTIVADO EM INVESTIMENTO EM DEB DE INFRAESTRUTURA RF CRÉD PRIV -  RESP LIMITADA","IAM",56.8662,84.6764,91.4748,67.0717,88.6978
55253855000116,"DOURO AGREEMENT FUNDO INCENTIVADO DE INVESTIMENTO EM INFRAESTRUTURA RENDA FIXA CRÉDITO PRIVADO","Douro",108.4013,110.6896,45.1514,40.2939,71.3479
55263153000113,"GALENA FIF FUNDO INCENTIVADO EM INVESTIMENTO EM DEBÊNTURES DE INF RF CRÉD PRIVADO RESP LIMITADA","IAM",68.6914,85.8184,56.1161,31.4981,65.1431
55264830000118,"ITAÚ DOLOMITAS VÉRTICE DEB INCENTIVADAS FIF INCENTIVADO  EM INFRA RF CRÉD PRIV RESP LIMITADA","IAM",77.6913,97.348,122.8675,56.7637,95.8779
55267271000108,"TAURUS FIF INVESTIMENTO EM INFRAESTRUTURA CLASSE DE INV EM INFRAESTRUTURA RENDA FIXA RESP LIMITADA","Safra Asset",70.267,94.8987,21.0955,35.7716,
55274899000122,"SANTANDER PB ICARO III INVESTIMENTO EM INFRAESTRUTURA RENDA FIXA - FIF RESP LIMITADA","San WM",105.1505,97.7739,58.3471,37.7163,75.0539
55275483000129,"DRYS INCENTIVADOS MASTER FUNDO INCENTIVADO DE INVEST EM INFRA RENDA FIXA CRED PRIV RESP LIMITADA","Drys",149.2496,123.092,46.6474,55.8838,88.8439
55299651000116,"ESTRUTURA FUND FUNDO INCENTIVADO DE INVESTIMENTO EM INFRAESTRUTURA RENDA FIXA","BTG WM",524.3637,221.7582,5.0783,36.5417,51.4859
55299792000139,"EAGLE EYE FIF FUNDO INCENTIVADO EM INVESTIMENTO EM DEB DE INFRA RF CRED PRIV RESP LIMITADA","Portofino",112.3733,102.711,34.0752,23.1978,52.8197
55317990000188,"BOCAINA INFRA 60 IPCA MASTER I FUNDO INCENT DE INVEST EM INFRA RENDA FIXA CRED PRIV RESP LIMITADA","Bocaina",131.9496,108.5844,40.5554,72.983,95.7886
55323655000192,"A&B FIF - FUNDO INCENTIVADO EM INVESTIMENTO EM DEB DE INFRA RF CRÉD PRIV - RESP LIMITADA","IAM",72.2293,85.9822,54.989,33.9043,66.3458
55342126000136,"AVANTI FIF CIC FI INCENTIVADO EM DEBÊNTURES DE INFRA RF CRED PRIV RESP LIMITADA","IAM",15.7272,86.9473,90.4957,60.0152,77.3862
55344166000117,"RIO BRAVO ESG IS MASTER III  FUNDO DE INVESTIMENTO FINANCEIRO RENDA FIXA","Rio Bravo",70.4924,-93.6238,-102.5077,-83.5064,-26.026
55347477000130,"SRM6 FIF - FUNDO INCENTIVADO EM INVESTIMENTO EM DEB DE INFRA RF CRÉD PRIV - RESP LIMITADA","IAM",55.4462,83.5352,117.1293,63.9535,86.2312
55348313000127,"ICATU VANGUARDA PVT FIF - CLASSE DE INVESTIMENTO INCENTIVADO EM INFRA RF - RESP LIMITADA","Icatu",44.1291,100.5575,81.7678,64.0586,80.3483
55360701000123,"NEBRASKA ITAÚ DEB INCENTIVADAS FIF INCENTIVADO INFRA RF CRÉD PRIV - RESP LIMITADA","IAM",1.9202,84.7662,90.3992,59.5556,76.5663
55379681000132,"SANTANDER PB IG3 INVESTIMENTO EM INFRAESTRUTURA RENDA FIXA - FIF RESP LIMITADA","San WM",46.9272,81.3993,130.0936,61.2839,83.0066
55381060000193,"PCGS FIF - FUNDO INCENTIVADO EM INVESTIMENTO EM DEBÊNTURES DE INFRA RF CRÉD PRIV - RESP LIMITADA","IAM",78.4975,86.0725,55.7913,30.4188,65.0201
55382000000195,"BORDEAUX FUNDO INCENTIVADO DE INVESTIMENTO EM INFRAESTRUTURA RENDA FIXA","AF Invest",75.6811,92.3334,103.6284,66.388,93.3753
55382748000198,"SAFRA INFRA CONCEITO RENDA FIXA FIF INVESTIMENTO EM INFRA CI EM INFRA EM RENDA FIXA RESP LIMITADA","Safra Asset",112.031,252.0066,191.2908,103.316,113.5777
55384132000156,"SAFRA INFRA CDI MASTER II FIF INV EM INFRA CLASSE DE INV EM INFRA  RF LONGO PRAZO RESP LIMITADA","Safra Asset",39.0598,72.0673,91.4764,49.7648,84.2339
55387239000158,"THANOS FUNDO INCENTIVADO DE INVESTIMENTO EM INFRAESTRUTURA RENDA FIXA","Vêneto",119.0404,93.3763,11.9514,-6.553,42.883
55392560000120,"ARCHIMEDES FIF - FUNDO INCENTIVADO EM INVESTIMENTO EM DEB DE INFRA RF CRÉD PRIV - RESP LIMITADA","IAM",91.021,91.2075,23.5188,20.3538,56.7218
55392723000175,"FTS FIF - FUNDO INCENTIVADO EM INVESTIMENTO EM DEB DE INFRA RF CRÉD PRIV - RESP LIMITADA","IAM",53.3268,77.6213,84.7121,47.4006,76.2018
55392885000103,"NYK FIF - FUNDO INCENTIVADO EM INVESTIMENTO EM DEBÊNTURES DE INFRA RF CRÉD PRIV - RESP LIMITADA","IAM",104.6515,95.8124,-5.3581,10.4593,46.9302
55393064000191,"LOTUS FIF - FUNDO INCENTIVADO EM INVESTIMENTO EM DEBÊNTURES DE INFRA RF CRÉD PRIV RESP LIMITADA","IAM",66.3096,85.7855,92.0469,50.8678,78.6952
55435590000177,"CONARTES INFRA CDI FIF  FUNDO INCENTIVADO EM INVESTIMENTO EM DEB DE INFRA RF CRÉD PRIV RESP LIMITADA","IAM",59.7702,88.2156,117.4632,57.0308,85.5044
55437642000144,"G5 MILANO FUNDO INCENTIVADO DE INVESTIMENTO EM INFRAESTRUTURA RENDA FIXA","G5",73.4984,88.0438,100.6963,61.9822,87.9676
55437858000100,"OLIMPIC FUNDO INCENTIVADO DE INVESTIMENTO EM INFRAESTRUTURA RENDA FIXA","BTG WM",146.993,104.5774,-10.234,-9.3547,39.4268
55444936000101,"POMPONESCO DEB INCENTIVADAS FUNDO INCENTIVADO DE INVESTIMENTO FINANCEIRO EM INFRA RENDA FIXA","BTG WM",106.0451,102.5433,11.634,15.009,45.3112
55459928000120,"FRIGI DEBENTURES INCENTIVADAS CLASSE DE INVESTIMENTO RF INFRAESTRUTURA INCENTIVADO - RESP LIMITADA","UBS",23.934,86.6306,86.2786,45.3997,81.0917
55465528000128,"UBS EVOLUTION CIZZOLO FUNDO DE INVESTIMENTO EM INFRESTRUTURA RENDA FIXA CRED PRIV RESP LIMITADA","UBS",85.7453,92.5788,59.4587,41.4066,71.4593
55466751000190,"CS EVOLUTION FUTURA FUNDO DE INVESTIMENTO EM INFRAESTRUTURA RENDA FIXA CRÉDITO PRIVADO RESP LIMITADA","UBS",79.6996,90.8573,116.239,61.5364,92.8205
55466958000164,"CS EVOLUTION MONTE ROSA H FUNDO DE INVESTIMENTO EM INFRAESTRUTURA RENDA FIXA CRÉD PRIV RESP LIMITADA","UBS",74.3638,89.5251,113.5695,63.6514,93.6798
55467075000179,"CS EVOLUTION BLAJ FUNDO DE INVESTIMENTO EM INFRAESTRUTURA - RENDA FIXA CREDITO PRIVADO RESP LIMITADA","UBS",39.8093,95.5736,59.2062,42.8171,68.6707
55467420000174,"CS EVOLUTION  BRENTA FUNDO DE INVESTIMENTO EM INFRAESTRUTURA - RENDA FIXA CRÉD PRIV RESP LIMTADA","UBS",88.9237,94.4579,64.0185,43.9909,74.8914
55477207000143,"RIFF MASTER CLASSE INCENTIVADA DE INVESTIMENTO EM INFRAESTRUTURA RENDA FIXA RESP LIMITADA","Paramis",97.9245,85.8289,63.1994,38.1843,71.6837
55477809000109,"JGP CRÉDITO INFRA MASTER II FUNDO INCENTIVADO DE INVEST INFRA RENDA FIXA RESPONSABILIDADE LIMITADA","JGP",-62.0408,105.5457,158.902,77.9902,102.4831
55485710000140,"ACACIAS FUNDO INCENTIVADO DE INVESTIMENTO EM INFRAESTRUTURA RENDA FIXA","BTG WM",95.9165,114.939,47.5793,43.6747,71.9145
55488908000188,"DENALI FIF - FUNDO INCENTIVADO EM INVESTIMENTO EM DEBÊNTURES DE INFRA RF CRÉD PRIV RESP LIMITADA","IAM",67.8753,86.4807,116.7453,56.3867,85.8122
55490066000107,"BRP DEBÊNTURES INCENTIVADAS FIF EM INFRA RENDA FIXA CRÉDITO PRIVADO RESPONSABILIDADE LIMITADA","BR Partners",130.3706,78.1019,13.4785,27.8785,46.8182
55505792000148,"FAROE FIF - FUNDO INCENTIVADO EM INVESTIMENTO EM DEB DE INFRA RENDA FIXA CRÉD PRIV - RESP LIMITADA","IAM",59.418,87.1215,110.7072,56.3098,84.514
55506450000142,"VENTURA FIF - FUNDO INCENTIVADO EM INVESTIMENTO EM DEB DE INFRA RF CRÉD PRIV RESP LIMITADA","IAM",109.1742,96.503,-5.1106,8.5065,49.7267
55507561000173,"SANTANDER PB STN INVESTIMENTO EM INFRAESTRUTURA RENDA FIXA - FIF RESP LIMITADA","San WM",17.3953,78.5308,-37.7209,5.2871,42.8873
55507577000186,"SANTANDER PB ARARAS INVESTIMENTO EM INFRAESTRUTURA RENDA FIXA - FIF RESP LIMITADA","San WM",12.1998,80.6114,-35.1352,3.3308,40.7619
55507601000187,"SANTANDER PB VESTRAL INVESTIMENTO EM INFRAESTRUTURA RENDA FIXA - FIF RESP LIMITADA","San WM",29.1924,81.5273,-42.3576,-0.349,38.735
55521846000169,"LMPAR FUNDO INCENTIVADO DE INVESTIMENTO EM INFRAESTRUTURA RENDA FIXA","Portofino",108.3534,99.2971,25.2721,17.8825,54.2804
55536261000112,"HG FIF - FUNDO INCENTIVADO EM INVESTIMENTO EM DEBÊNTURES DE INFRA RENDA FIXA CRÉD PRIV RESP LIMITADA","IAM",86.5333,90.0205,42.8534,26.7379,60.9012
55536855000123,"BARBACENA FUNDO INCENTIVADO DE INVESTIMENTO EM INFRA RENDA FIXA - CRÉDITO PRIVADO RESP LIMITADA","Galapagos",107.8597,112.0709,48.5333,33.0749,57.7848
55538070000190,"FUNDO DE INVESTIMENTO FINANCEIRO - CI RENDA FIXA INCENTIVADA INVESTIMENTO EM INFRAESTRUTURA ANGORÁ","G5",158.9306,107.2325,25.2349,29.3845,68.4605
55538903000112,"FUNDO DE INVESTIMENTO FINANCEIRO - CI RENDA FIXA INCENTIVADA INVESTIMENTO EM INFRA G5 CYPRESS POINT","G5",178.7109,105.2708,26.5843,29.7067,64.8581
55539196000189,"FUNDO DE INVESTIMENTO FINANCEIRO CI RENDA FIXA INCENTIVADO INVESTIMENTO EM INFRAESTRUTURA G5 CAMBUCÁ","G5",12.8028,117.3007,91.3559,46.1959,90.7122
55539367000170,"FUNDO DE INVESTIMENTO FINANCEIRO - CI RENDA FIXA INCENTIVADO INVESTIMENTO EM INFRAESTRUTURA G5 EXEC","G5",141.9437,102.5323,59.1391,52.4618,80.4106
55550657000114,"CASSOLA INFRA KINEA FIF FUNDO INCENTIVADO EM INVESTIMENTO EM DEB DE INFRA RF CRÉD PRIV RESP LIMITADA","Kinea",91.956,109.3665,-2.7115,8.7155,49.1334
55562304000134,"ITAÚ DEB INCENTIVADAS FEEDER I FIF INCENTIVADO EM INFRAESTRUTURA RF CRÉD PRIV RESP LIMITADA","IAM",10.8154,89.2689,88.8324,58.4421,77.0431
55563322000130,"CTA FUTURO FUNDO INCENTIVADO DE INVESTIMENTO EM INFRAESTRUTURA RENDA FIXA","BTG WM",113.1253,105.2944,4.698,-7.1537,42.4628
55563583000150,"G5 ROLAND GARROS FIF RENDA FIXA INCENTIVADO DE INVESTIMENTO EM INFRAESTRUTURA","G5",154.9859,117.3119,29.5241,32.3294,70.5338
55574617000102,"FUNDO DE INVESTIMENTO FINANCEIRO CI RENDA FIXA INCENTIVADO INVESTIMENTO INFRAESTRUTURA G5 GRIMALDI","G5",123.3825,111.9579,25.6937,30.2631,66.1997
55575472000164,"FUNDO DE INVESTIMENTO FINANCEIRO CI RENDA FIXA INCENTIVADO INVESTIMENTO EM INFRAESTRUTURA G5 TANGER","G5",100.4598,93.5545,119.0999,73.2813,95.8221
55580077000170,"BINA FIF - FUNDO INCENTIVADO EM INVESTIMENTO EM DEB DE INFRA RF CRÉD PRIV RESP LIMITADA","IAM",99.5905,97.3049,-7.7522,15.1581,48.0157
55588398000110,"BTG PACTUAL HEDGE FIF FI INCENTIVADO EM DEBÊNTURES DE INFRA RF CRÉD PRIV ATIVO RESP LIMITADA","BTG Asset",171.4844,109.0639,109.978,,
55597133000189,"SOLUTIONS DEBÊNTURES INCENTIVADAS IPCA FUNDO INCENTIVADO DE INVESTIMENTO EM INFRA RENDA FIXA","SWM",115.924,100.708,42.7265,27.3477,60.3043
55597503000188,"G5 RR 12 FUNDO INCENTIVADO DE INVESTIMENTO EM INFRAESTRUTURA RENDA FIXA","G5",55.3211,84.3171,81.318,55.4071,82.1192
55600064000115,"RJE FIF - FUNDO INCENTIVADO EM INVESTIMENTO EM DEB DE INFRA RF CRÉD PRIV RESP LIMITADA","IAM",58.2815,86.1889,79.8983,46.5923,76.6613
55615052000164,"BORIS FUNDO INCENTIVADO DE INVESTIMENTO EM INFRA RENDA FIXA CREDITO PRIVADO","BTG WM",98.6442,96.1415,10.7569,2.1043,44.1964
55618772000183,"DODGER FUNDO INCENTIVADO DE INVESTIMENTO FINANCEIRO EM INFRAESTRUTURA RENDA FIXA","BTG WM",102.714,105.2971,8.9352,4.5364,51.7048
55627121000150,"A+R FUNDO INCENTIVADO DE INVESTIMENTO EM INFRAESTRUTURA RENDA FIXA","BTG WM",122.5309,102.2134,-7.7116,-16.6431,37.3881
55632270000107,"RUBIK DEBENTURES INCENTIVADAS FUNDO DE INVESTIMENTO EM INFRAESTRUTURA RENDA FIXA","Rubik",129.6916,37.9095,24.6656,18.9696,62.8345
55647058000113,"PB FIF RENDA FIXA INVESTIMENTO EM INFRAESTRUTURA - RESPONSABILIDADE LIMITADA","BTG WM",97.4141,83.9156,32.512,27.9526,58.6418
55652661000193,"ITAÚ JANEIRO INFRA FIF INCENTIVADO EM INFRAESTRUTURA RF CRÉD PRIV LP RESP LIMITADA","IAM",192.329,107.0529,102.0976,28.9046,79.1402
55665281000193,"SERAVEZZA FUNDO INCENTIVADO DE INVESTIMENTO EM INFRAESTRUTURA RENDA FIXA RESPONSABILIDADE LIMITADA","BTG WM",119.7862,107.585,12.5062,4.321,47.3158
55674822000140,"KONA I FIF - FUNDO INCENTIVADO EM INVESTIMENTO EM DEBÊNTURES DE INFRA RF CRÉD PRIV RESP LIMITADA","IAM",82.237,88.428,42.3084,27.9317,63.3218
55675472000136,"SANTO ANTÔNIO FUNDO INCENTIVADO DE INVESTIMENTO EM INFRAESTRUTURA RENDA FIXA","BTG WM",107.4861,105.8517,18.7409,-6.7044,41.3275
55685435000109,"ROOT CAPITAL IPÊ FUNDO INCENTIVADO DE INVESTIMENTO EM INFRA RENDA FIXA RESPONSABILIDADE LIMITADA","Root",115.4119,112.629,29.5463,22.9517,64.9084
55701008000177,"BTG PACTUAL DÍVIDA INFRA CDI MASTER FUNDO INCENTIVADO DE INVESTIMENTO EM INFRAESTRUTURA RENDA FIXA","BTG Asset",157.1778,-113.1792,-82.3638,-75.5348,-20.793
55704392000161,"INFRINITY FIF FUNDO INCENTIVADO EM INVESTIMENTO EM DEB DE INFRA RENDA FIXA CRED PRIV RESP LIMITADA","IAM",63.5063,84.0945,10.7392,12.4899,45.9756
55708971000182,"APUANE FIF - FUNDO INCENTIVADO EM INVESTIMENTO EM DEBÊNTURES DE INFRA RF CRÉD PRIV RESP LIMITADA","IAM",80.3138,89.9011,65.7278,38.5709,70.7193
55746538000131,"BB CANARINHO INFRA RENDA FIXA FUNDO INCENTIVADO DE INVESTIMENTO FINANCEIRO EM INFRA RESP LIMITADA","BB Asset",95.3938,93.4509,27.5577,26.6416,55.2656
55750852000198,"CYCLONE FIF - FUNDO INCENTIVADO EM INVESTIMENTO EM DEBÊNTURES DE INFRA  RF CRED PRIV RESP LIMITADA","IAM",80.9133,90.1759,33.6576,24.7611,61.5728
55751489000125,"BB TOP RENDA FIXA DEBÊNTURES INCENTIVADAS CDI I FIF EM INFRAESTRUTURA RESPONSABILIDADE LIMITADA","BB Asset",35.061,86.6051,107.0406,50.8009,80.3813
55751548000165,"GFO II FIF - FUNDO INCENTIVADO EM INVESTIMENTO EM DEBÊNTURES DE INFRA RF CRÉD PRIV RESP LIMITADA","IAM",103.0254,95.5841,-5.9884,13.224,50.1658
55751815000102,"RALIA FIF - FUNDO INCENTIVADO EM INVESTIMENTO EM DEBÊNTURES DE INFRA RF CRÉD PRIV RESP LIMITADA","IAM",101.3168,96.0584,-7.2116,10.18,50.4468
55751956000117,"BB TONY BOY INFRA RF FUNDO INCENTIVADO DE  INVESTIMENTO FINANCEIRO EM INFRAESTRUTURA RESP LIMITADA","BB Asset",101.5007,108.4576,17.7355,9.0337,43.8974
55753823000180,"FQJ3 FUNDO INCENTIVADO DE INVESTIMENTO EM INFRAESTRUTURA RENDA FIXA","BTG WM",126.4767,115.3182,11.7712,2.5262,46.3764
55754033000119,"GMPL III FUNDO INCENTIVADO DE INVESTIMENTO EM INFRAESTRUTURA RENDA FIXA","BTG WM",88.9248,100.5183,-1.4629,-9.7591,39.0536
55754239000149,"CARMERNERE FUNDO INCENTIVADO DE INVESTIMENTO EM INFRAESTRUTURA RENDA FIXA","BTG WM",70.3568,108.2989,43.7551,12.245,53.1436
55761382000168,"GZXXIV FUNDO INCENTIVADO DE INVESTIMENTO EM INFRAESTRUTURA RENDA FIXA","BTG WM",101.9621,105.1659,5.8617,-2.2709,46.8027
55761979000102,"G5 STUTTGART FUNDO INCENTIVADO DE INVESTIMENTO EM INFRAESTRUTURA RENDA FIXA","G5",33.164,85.4531,67.5214,60.6595,85.8961
55768240000122,"TOPÁZIO FUNDO INCENTIVADO DE INVESTIMENTO EM INFRAESTRUTURA RENDA FIXA","AF Invest",82.1142,92.8818,107.7618,65.1396,93.5968
55772629000141,"CAPITAL FUNDO INCENTIVADO DE INVESTIMENTO EM INFRAESTRUTURA RENDA FIXA","G5",-16.2891,77.4593,24.7294,40.1454,73.5432
55808078000129,"PROTEUS FUNDO INCENTIVADO DE INVESTIMENTO EM INFRAESTRUTURA RENDA FIXA","Proteus",78.6998,84.2649,84.2541,44.7622,72.0185
55826207000101,"BOCAINA INFRA MASTER V - FUNDO INCENTIVADO DE INVESTIMENTO EM INFRAESTRUTURA RENDA FIXA","Bocaina",24.6666,94.7527,45.496,63.6857,82.7001
55861122000164,"GREENBELL FIF RENDA FIXA INVESTIMENTO EM INFRAESTRUTURA CRÉDITO PRIVADO RESPONSABILIDADE LIMITADA","Monte Bravo",126.3792,75.0152,23.1312,39.1838,61.0703
55892310000150,"IMPAR FUNDO INCENTIVADO DE INVESTIMENTO EM INFRAESTRUTURA RENDA FIXA","BTG WM",101.178,96.8319,-0.6578,-5.312,40.4406
55892816000169,"CAMELIA FUNDO DE INVESTIMENTO EM INFRAESTRUTURA RENDA FIXA","XPG",107.9669,104.173,25.4555,26.7714,63.0082
55894503000140,"GAUDÍ FUNDO INCENTIVADO DE INVESTIMENTO EM INFRAESTRUTURA RENDA FIXA","BTG WM",108.1893,107.5354,3.9281,-9.5095,40.9323
55894683000160,"LENDINARA DEBENTURE FUNDO INCENTIVADO DE INVESTIMENTO EM INFRAESTRUTURA RENDA FIXA","BTG WM",112.815,107.6129,10.0569,-9.1777,37.672
55895324000127,"FUNDO DE INVESTIMENTO FINANCEIRO - CI RENDA FIXA INCENTIVADO INVESTIMENTO EM INFRAESTRUTURA G5 HGF","G5",187.4789,106.3457,78.0514,54.7933,84.9174
55896144000160,"VERO FIF - FUNDO INCENTIVADO EM INVESTIMENTO EM DEB DE INFRA RENDA FIXA CRED PRIV RESP LIMITADA","IAM",70.243,87.6992,79.6587,43.8229,74.3238
55897646000105,"WHG JBA DEBÊNTURES INCENTIVADAS FUNDO DE INVESTIMENTO MULTIMERCADO CRÉDITO PRIVADO","WHG",116.7333,95.6184,58.6126,58.6263,72.8433
55898568000163,"EVIMERÍA KINEA FIF - FUNDO INCENTIVADO EM INVESTIMENTO EM DEB DE INFRA RF CRED PRIV - RESP LIMITADA","Kinea",-12.2424,85.9583,-3.4398,15.1718,51.5928
55898593000147,"FUNDO DE INVESTIMENTO FINANCEIRO - CI RENDA FIXA INCENTIVADO INVESTIMENTO EM INFRAESTRUTURA G5 FR4","G5",135.5211,108.8438,7.2018,31.5896,62.1491
55898974000126,"VICENZA KINEA FIF - FUNDO INCENTIVADO EM INVESTIMENTO EM DEB DE INFRA RF CRED PRIV - RESP LIMITADA","Kinea",10.0396,92.8335,-2.2366,12.4466,51.6863
55899469000104,"PORTO FINO KINEA FIF FUNDO INCENTIVADO EM INVESTIMENTO EM DEB DE INFRA RF CRED PRIV RESP LIMITADA","Kinea",62.0449,102.1199,-0.0372,18.4278,49.5672
55911650000180,"JLS INFRA FIF - CLASSE DE INVESTIMENTO INCENTIVADO DE INVESTIMENTO EM INFRA RF CRÉDITO PRIVADO","Oriz",125.5844,91.4547,25.7557,24.9673,59.5359
55912709000155,"FIF - CLASSE DE INVESTIMENTO RENDA FIXA INCENTIVADO DE INVESTIMENTO EM INFRAESTRUTURA MATURI","BRAM",-24.4305,64.8441,2.1935,8.2384,55.9256
55914466000194,"CAMBUCA FIF - CI RENDA FIXA INCENTIVADO DE INVESTIMENTO EM INFRAESTRUTURA - RESP LIMITADA","Monte Azul",30.2191,81.3812,40.6766,56.8044,85.0755
55927207000106,"KADUCAIO FIF RENDA FIXA INVESTIMENTO EM INFRAESTRUTURA CRÉDITO PRIVADO RESPONSABILIDADE LIMITADA","BTG WM",129.922,83.5865,-12.1192,15.9067,47.331
55937743000184,"SANTANDER PB SOMAR INVESTIMENTO EM INFRAESTRUTURA RENDA FIXA - FIF RESP LIMITADA","San WM",43.6865,140.7314,-6.3891,-7.4138,33.7485
55937998000147,"SANTANDER PB AL INVESTIMENTO EM INFRAESTRUTURA RENDA FIXA - FIF RESP LIMITADA","San WM",163.4742,99.2523,28.2887,20.2242,61.1742
55939214000110,"SCOTT KINEA FIF FUNDO INCENTIVADO EM INVESTIMENTO EM DEB DE INFRA RF CRED PRIV RESP LIMITADA","Kinea",-7.1917,87.4444,-5.1871,14.556,50.6393
55939498000144,"HIGH SAINT KINEA FIF FUNDO INCENTIVADO EM INVESTIMENTO EM DEB DE INFRA RF CRÉD PRIV RESP LIMITADA","Kinea",-1.136,87.3544,-6.9445,8.4844,50.1119
55940692000140,"ABSOLUTE HIDRA IPCA A MASTER FUNDO INCENTIVADO DE INVESTIMENTO EM INFRAESTRUTURA RENDA FIXA","Absolute",68.8527,111.5035,83.5492,55.3552,70.2592
55945272000156,"MAG FIF RENDA FIXA INVESTIMENTO EM INFRAESTRUTURA CRÉDITO PRIVADO - RESPONSABILIDADE LIMITADA","MAG",197.5567,117.5579,32.7086,36.2273,69.7818
55956652000196,"ABSOLUTE HIDRA CDI PLUS A MASTER FUNDO INCENTIVADO DE INVESTIMENTO EM INFRAESTRUTURA RENDA FIXA","Absolute",91.9282,92.7218,100.8693,49.9886,72.5989
55981966000149,"PXT FUNDO INCENTIVADO DE INVESTIMENTO EM INFRAESTRUTURA RENDA FIXA","BTG WM",101.7974,106.5038,28.5451,22.5713,61.2393
55983101000111,"SANTA ANA FIF - FUNDO INCENTIVADO EM INVESTIMENTO EM DEB DE INFRA RF CRED PRIV RESP LIMITADA","IAM",99.4102,95.7519,-6.966,12.2616,47.7777
55994151000102,"XP DEBENTURES INCENTIVADAS IMAB5 CRÉD PRIV FIF RF INVESTIMENTO EM INFRAESTRUTURA - RESP LIMITADA","XPG",85.8546,98.0675,82.3553,76.9927,84.1779
56004782000191,"TIMEZZ CDI FIF - FUNDO INCENTIVADO EM INVESTIMENTO EM DEBÊNTURES DE INFRA RF CRÉD PRIV RESP LIMITADA","IAM",60.1492,87.8835,115.6226,58.9975,85.6331
56022951000116,"PININGA FIF - FUNDO INCENTIVADO EM INVESTIMENTO EM DEB DE INFRAESTRUTURA RF CRED PRIV RESP LIMITADA","IAM",108.1672,95.2169,40.6013,18.4534,54.5199
56033932000195,"GROWTH KINEA FIF FUNDO INCENTIVADO EM INVESTIMENTO EM DEB DE INFRA RF CRÉD PRIV RESP LIMITADA","Kinea",15.5869,92.1359,-4.3366,10.1818,50.2468
56033991000163,"LEROY KINEA FIF FUNDO INCENTIVADO EM INVESTIMENTO EM DEB DE INFRA RF CRED PRIV RESP LIMITADA","Kinea",18.068,93.215,-3.8262,12.8196,51.3908
56046971000127,"CS EVOLUTION 1560 FUNDO DE INVESTIMENTO EM INFRAESTRUTURA - RENDA FIXA CRÉD PRIV RESP LIMITADA","UBS",76.9508,89.795,116.3887,65.7381,94.295
56047457000106,"CS EVOLUTION FC INFRA CDI FUNDO DE INVESTIMENTO EM INFRAESTRUTURA - RENDA FIXA CRED PRIV RESP LTDA","UBS",65.7014,86.8661,89.8909,53.3941,85.1851
56047653000180,"RIZOMA FUNDO INCENTIVADO DE INVESTIMENTO EM INFRAESTRUTURA RENDA FIXA","Portofino",118.8047,102.9183,36.8229,31.3533,62.6192
56049285000100,"UBS EVOLUTION MASTER DEBENTURES INCENTIVADAS CDI INFRAESTRUTURA CRED PRIV FI INF RF RESP LIMITADA","UBS",95.0455,93.8294,127.1948,66.1123,90.513
56052884000182,"FSF JURO REAL KINEA FIF FUNDO INCENTIVADO EM INVESTIMENTO EM DEB DE INFRA RF CP RESP LIMITADA","Kinea",19.3519,96.2107,-2.1468,12.61,51.3305
56053092000122,"CHR KINEA FIF FUNDO INCENTIVADO EM INVESTIMENTO EM DEB DE INFRA RF CP RESP LIMITADA","Kinea",86.7074,110.0818,-2.5408,4.8101,47.1143
56060474000183,"AURORA 18 CLASSE DE INVESTIMENTO EM  INFRAESTRUTURA RENDA FIXA - RESP LIMITADA","Turim",126.6521,101.2743,9.0374,26.46,55.3328
56067569000129,"KILAUEA FUNDO INCENTIVADO DE INVESTIMENTO EM INFRAESTRUTURA RENDA FIXA","BTG WM",72.7997,98.4128,13.6783,5.7849,47.5654
56088570000130,"SANTANDER PB LEGUGA INVESTIMENTO EM INFRAESTRUTURA RENDA FIXA - FIF RESP LIMITADA","San WM",25.7899,81.5792,-38.0991,3.463,41.2459
56089347000107,"SANTANDER PB FDM INVESTIMENTO EM INFRAESTRUTURA RENDA FIXA - FIF RESP LIMITADA","San WM",33.0451,78.5946,-30.0867,-1.4325,41.2167
56093218000192,"ITAÚ DEBÊNTURES INCENTIVADAS PRÉ TARGET 2030 FIF INCENTIVADO EM INFRA RF CRED PRIV RESP LIMITADA","IAM",411.7121,96.8489,29.1054,-18.2375,51.0963
56105999000198,"VINCI CRÉDITO INFRA II MASTER FUNDO INCENTIVADO DE INVESTIMENTO EM INFRAESTRUTURA RENDA FIXA","Vinci",97.8421,80.5016,85.2765,73.0782,91.2753
56127042000142,"BRP RINGO FIF - CI RENDA FIXA INCENTIVADO DE INVESTIMENTO EM INFRAESTRUTURA - RESP LIMITADA","BR Partners",103.4552,106.3378,3.5836,16.407,49.77
56149470000176,"SAFRA INFRA EXCLUSIVO RF FIF INVESTIMENTO EM INFRA CI EM INFRAESTRUTURA EM RENDA FIXA RESP LIMITADA","Safra Asset",130.7965,192.6366,266.0842,105.8816,109.7713
56154549000195,"FUNDO DE INVESTIMENTO FINANCEIRO - CI RENDA FIXA INCENTIVADO INVESTIMENTO EM INFRAESTRUTURA G5 TOKYO","G5",-1884.3694,-360.7848,53.1614,34.8229,77.5821
56159439000116,"ZETA FUNDO INCENTIVADO DE INVESTIMENTO EM INFRAESTRUTURA RENDA FIXA","BTG WM",90.6117,93.8334,15.5358,12.3161,47.436
56171855000130,"SANTANDER PB ESQUILO INVESTIMENTO EM INFRAESTRUTURA RENDA FIXA - FIF RESP LIMITADA","San WM",70.6997,88.7525,93.0216,49.1003,75.6194
56174179000158,"JÚPITER KINEA FIF FUNDO INCENTIVADO EM INVESTIMENTO EM DEB DE INFRA RF CRED PRIV RESP LIMITADA","Kinea",21.296,95.369,-5.8404,10.3602,49.5683
56174498000163,"DRACO FIF - FUNDO INCENTIVADO EM INVESTIMENTO EM DEB DE INFRAESTRUTURA RF CRED PRIV RESP LIMITADA","IAM",105.5192,97.358,-9.2714,12.0231,48.0106
56174734000141,"RLLE FIF - FUNDO INCENTIVADO EM INVESTIMENTO EM DEB DE INFRAESTRUTURA RF CRED PRIV RESP LIMITADA","IAM",113.4725,98.3903,-10.0479,16.0931,55.2008
56174994000117,"BOCKER FIF - FUNDO INCENTIVADO EM INVESTIMENTO EM DEB DE INFRAESTRUTURA RF CRED PRIV RESP LIMITADA","IAM",73.2102,88.3594,52.2443,34.0329,65.7435
56175172000150,"MNG FIF - FUNDO INCENTIVADO EM INVESTIMENTO EM DEB DE INFRAESTRUTURA RF CRED PRIV RESP LIMITADA","IAM",68.8216,88.2359,79.7945,44.8869,74.5245
56199309000107,"SAEG FIF - FUNDO INCENTIVADO EM INVESTIMENTO EM DEBÊNTURES DE INFRA RF CRED PRIV RESP LIMITADA","IAM",71.0725,87.5768,115.446,62.5948,86.172
56224202000171,"VMF 3 FIF INV EM INFRAESTRUTURA CLASSE DE INVESTIMENTO EM INFRA RENDA FIXA RESP LIMITADA","Safra Asset",111.5752,106.6999,27.8583,16.2701,58.0632
56224296000189,"KWX INFRA BRASIL FIF - FUNDO INCENTIVADO EM INVESTIMENTO EM DEB DE INFRA RF CRED PRIV RESP LIMITADA","IAM",65.9688,84.2471,71.129,43.0094,71.6714
56281671000122,"MSB FIF - FUNDO INCENTIVADO EM INVESTIMENTO EM DEB DE INFRA RF CRED PRIV RESP LIMITADA","IAM",104.9529,97.9893,-8.9356,9.6948,48.108
56283509000143,"SANTANDER PB RIO VERDE INVESTIMENTO EM INFRAESTRUTURA RENDA FIXA - FIF RESP LIMITADA","San WM",20.9389,76.917,-43.1343,1.5892,50.4605
56284312000129,"ARX HEDGE II MASTER FIF INVEST EM INFRA RENDA FIXA CRÉDITO PRIVADO RESPONSABILIDADE LIMITADA","ARX",22.3117,86.2234,105.825,42.6172,81.2587
56285899000190,"CITRINO DEBENTURES FUNDO INCENTIVADO DE INVESTIMENTO EM INFRAESTRUTURA RENDA FIXA","Citrino",120.1211,104.2306,9.5646,11.1313,54.8316
56321253000111,"FUNDO DE INVESTIMENTO FINANCEIRO - CI RENDA FIXA INCENTIVADO INVESTIMENTO INFRAESTRUTURA G5 STARGATE","G5",202.9214,112.6473,21.4132,36.0676,68.8437
56343321000143,"BETHIFERANA IN FIF INV EM INFRAESTRUTURA CLASSE DE INVESTIMENTO RENDA FIXA EM INFRA RESP LIMITADA","Safra Asset",97.4624,99.5553,25.4757,13.8556,55.1286
56365169000108,"GALAPAGOS NAZCA DEBÊNTURES FUNDO INCENTIVADO DE INVESTIMENTO EM INFRAESTRUTURA RENDA FIXA","Galapagos",155.7434,116.1714,-26.4893,17.7612,37.0092
56365479000114,"ANGEL FIF - FUNDO INCENTIVADO EM INVESTIMENTO EM DEB DE INFRA RF CRÉD PRIV RESP LIMITADA","IAM",68.377,88.5465,113.0734,58.1082,85.4702
56388082000148,"SANTANDER PB ATTUALE INVESTIMENTO EM INFRAESTRUTURA RENDA FIXA - FIF RESP LIMITADA","San WM",9.9808,74.6017,-63.6236,-16.4677,30.097
56388159000180,"SANTANDER PB CATÃO INVESTIMENTO EM INFRAESTRUTURA RENDA FIXA - FIF RESP LIMITADA","San WM",50.5366,80.0954,121.276,64.9396,84.4475
56388249000170,"SANTANDER PB 522 INVESTIMENTO EM INFRAESTRUTURA RENDA FIXA - FIF RESP LIMITADA","San WM",125.533,102.6189,25.4541,24.5577,56.4283
56388276000143,"SANTANDER PB EXPONENCIAL INVESTIMENTO EM INFRAESTRUTURA RENDA FIXA - FIF RESP LIMITADA","San WM",42.5492,83.9875,-33.7154,4.1373,43.7371
56431500000132,"RECANTO FIF FUNDO INCENTIVADO EM INVESTIMENTO EM DEB DE INFRA RF CRÉD PRIV RESP LIMITADA","IAM",100.7429,97.5574,0.5522,20.4377,57.3648
56504692000160,"FIF - CLASSE DE INVESTIMENTO  RENDA FIXA INCENTIVADO DE INVESTIMENTO EM INFRAESTRUTURA FV","BRAM",-22.1972,70.0187,9.8288,5.5362,53.1641
56544536000122,"UNIVERSO FIF - FUNDO INCENTIVADO EM INVESTIMENTO EM DEBÊNTURES DE INFRA RF CRED PRIV RESP LIMITADA","IAM",120.607,108.9346,54.8387,40.4698,68.4695
56544725000103,"CANEVA FIF FUNDO INCENTIVADO EM INVESTIMENTO EM DEBÊNTURES DE INFRA RF CRED PRIV RESP LIMITADA","IAM",58.9462,82.8121,57.7664,35.9956,67.9352
56659416000170,"FUNDO DE INVESTIMENTO FINANCEIRO - CI RENDA FIXA INCENTIVADA INVESTIMENTO EM INFRA G5 CIUDAD VIEJA","G5",152.0445,107.8641,53.4004,42.9347,76.7175
56690945000137,"VG FUNDO DE INVESTIMENTO EM INFRAESTRUTURA RENDA FIXA","XPG",54.1342,76.2471,31.374,67.429,81.7918
56706457000170,"SOCJOV IV DEBENTURES INCENTIVADAS FUNDO INCENTIVADO DE INVESTIMENTO EM INFRA RF CP - RESP LIMIT","Daycoval",73.0297,95.9464,102.3274,56.3428,88.3395
56706600000124,"SEVEN POUNDS DEBÊNTURES INCENTIVADAS HEDGE CDI FIF FI INC DEB DE INFRA RF CRED PRIV RESP LIMITADA","Seven Pounds",52.0999,56.9782,-62.083,-45.5076,1.9835
56707981000166,"PWM LEON FIF - CLASSE DE INVESTIMENTO RF INCENTIVADO DE INVESTIMENTO EM INFRA - RESP LIMITADA","Perfin",113.1053,111.8467,36.9081,39.7596,74.3305
56726092000146,"VIVIAN KINEA FIF FUNDO INCENTIVADO EM INVESTIMENTO EM DEB DE INFRA RF CRED PRIV RESP LIMITADA","Kinea",-3.9799,88.5348,-4.5632,21.4259,54.3338
56778085000198,"ANGEL KINEA FIF FUNDO INCENTIVADO EM INVESTIMENTO EM DEB DE INFRA RENDA FIXA CRED PRIV RESP LIMITADA","Kinea",-6.2732,89.6663,-4.7453,13.8813,50.3509
56848758000139,"KXW DEBÊNTURES INCENTIVADAS FUNDO INCENTIVADO DE INVESTIMENTO EM INFRAESTRUTURA RENDA FIXA","BTG WM",51.9422,97.5098,46.8136,8.1513,53.5068
56862671000116,"BLUE OAK KINEA FIF FUNDO INCENTIVADO EM INVESTIMENTO EM DEB DE INFRA RF CRED PRIV RESP LIMITADA","Kinea",-5.6152,89.0018,-5.1859,13.3484,50.1577
56879657000125,"FUNDO DE INVESTIMENTO FINANCEIRO CI RENDA FIXA INCENTIVADO INVESTIMENTO INFRAESTRUTURA G5 BARDAUNI","G5",103.1795,101.4633,-3.6223,5.2686,44.1779
56886239000165,"NELFO FIF FUNDO INCENTIVADO EM INVESTIMENTO EM DEB DE INFRA RF CRED PRIV RESP LIMITADA","IAM",73.4165,87.3297,-599.2162,-291.4372,-97.249
56886777000150,"BANDEIRANTES II FUNDO INCENTIVADO DE INVESTIMENTO EM INFRAESTRUTURA RF CRED PRIV RESP LIMITADA","Inter",120.3239,111.8645,20.2663,22.7309,62.695
56912856000198,"ITAU LEGEND INFRA FI INC FINANCEIRO EM INFRAESTRUTURA RENDA FIXA CRED PRIV LONGO PRAZO RESP LIMITADA","IAM",156.1224,116.0767,122.1425,40.572,82.2496
56934311000182,"DASI LEGACY 2 CDI FUNDO INCENTIVADO DE INVESTIMENTO EM INFRAESTRUTURA RENDA FIXA","BTG WM",78.2558,91.1453,117.4526,32.1758,70.7101
56935104000142,"CRIOS FUNDO INCENTIVADO DE INVESTIMENTO EM INFRAESTRUTURA RENDA FIXA","BTG WM",110.4921,102.5198,12.0006,-0.2093,44.8392
56942408000137,"GAIVOTA KINEA FIF FUNDO INCENTIVADO EM INVESTIMENTO EM DEB DE INFRA RF CRED PRIV RESP LIMITADA","Kinea",6.8005,92.6352,-3.1899,29.6664,59.5775
56951691000163,"FIF - CLASSE DE INVESTIMENTO RENDA FIXA INCENTIVADO DE INVESTIMENTO EM INFRAESTRUTURA CARNIVAL","BRAM",152.1828,100.6803,9.4449,8.807,52.3743
56953877000151,"LIP FUNDO INCENTIVADO DE INVESTIMENTO EM INFRAESTRUTURA RENDA FIXA","BTG WM",88.991,99.4442,0.8749,-10.2139,38.9544
56955022000160,"CUGINI FIF FUNDO INCENTIVADO EM INVESTIMENTO EM DEBÊNTURES DE INFRA RF CRED PRIV RESP LIMITADA","IAM",60.1728,80.7764,80.814,43.5232,79.06
56955481000143,"RGR FIF FUNDO INCENTIVADO EM INVESTIMENTO EM DEB DE INFRA RF CRÉDITO PRIVADO RESP LIMITADA","IAM",104.0434,92.6342,57.6415,,
56973849000104,"SULAMÉRICA DEBÊNTURES INCENTIVADAS CDI ATIVO FIF DE INV EM INFRAESTRUTURA RENDA FIXA DE RL","Sulamérica",49.528,87.3437,121.4245,83.5128,
56984639000103,"ELEPHANT FIF INVEST EM INFRA CLASSE DE INVESTIMENTO EM RENDA FIXA EM INFRAESTRUTURA RESP LIMITADA","Safra Asset",70.5585,89.695,101.3077,51.1435,84.2954
57009700000164,"SANTANDER FUNDO INCENTIVADO DE INVESTIMENTO EM INFRAESTRUTURA CDI 4 RF CRÉD PRIV - FIF RESP LIMITADA","SAM",58.7797,84.671,114.5561,52.9123,87.0175
57009772000101,"FIF - CLASSE DE INVESTIMENTO  RF INCENTIVADO DE INVESTIMENTO EM INFRAESTRUTURA  CASABRANCA","BRAM",-170.532,38.4859,22.5584,22.9377,61.9196
57010267000187,"FIF - CLASSE DE INVESTIMENTO  RENDA FIXA INCENTIVADO DE INVESTIMENTO EM INFRAESTRUTURA BORGOTARO","BRAM",-16.6192,65.1298,11.2356,6.0141,56.2873
57017755000116,"OMNIA KINEA FIF  FUNDO INCENTIVADO EM INVESTIMENTO EM DEB DE INFRA RF CRÉD PRIV RESP LIMITADA","Kinea",6.4851,92.9464,-5.185,26.4461,56.6002
57018425000145,"G5 TABOR FUNDO INCENTIVADO DE INVESTIMENTO EM INFRAESTRUTURA RENDA FIXA","G5",130.3155,103.9299,30.5254,35.7818,67.8126
57032992000156,"BB TOP RENDA FIXA DEBÊNTURES INCENTIVADAS CDI PLUS FIF EM INFRAESTRUTURA RESPONSABILIDADE LIMITADA","BB Asset",27.7835,103.8636,83.243,32.7086,70.8829
57033161000107,"BB MMH INFRA RENDA FIXA FUNDO INCENTIVADO DE INVESTIMENTO FINANCEIRO EM INFRAESTRUTURA RESP LIMITADA","BB Asset",98.1611,107.6015,20.836,21.1068,53.785
57035905000114,"SANTANDER PB MONTE RORAIMA INVESTIMENTO EM INFRAESTRUTURA RENDA FIXA - FIF RESP LIMITADA","San WM",125.687,106.8013,18.124,24.7919,57.1512
57039057000111,"BUCKET FIF - CI RENDA FIXA INCENTIVADO DE INVESTIMENTO EM INFRAESTRUTURA - RESPONSABILIDADE LIMITADA","BTG WM",113.7579,105.1025,-6.9124,6.9153,46.2718
57046745000109,"ABSOLUTE HIDRA CDI PLUS MASTER FUNDO INCENTIVADO DE INVESTIMENTO EM INFRAESTRUTURA RENDA FIXA","Absolute",142.4175,86.5838,128.984,65.1548,86.0369
57049210000191,"8RVV FUNDO INCENTIVADO DE INVESTIMENTO FINANCEIRO EM INFRAESTRUTURA RENDA FIXA","BTG WM",129.6651,95.1644,-1.988,7.1924,49.2807
57061738000186,"FREIBURG KINEA FIF FUNDO INCENTIVADO EM INVESTIMENTO EM DEB DE INFRA RF CRÉDITO PRIV RESP LIMITADA","Kinea",63.7486,108.0301,1.0678,17.3933,51.9912
57075698000121,"VINLAND FIF FUNDO INCENTIVADO EM INVESTIMENTO EM DEB DE INFRA IPCA RF CRED PRIV LP RESP LIMITADA","Vinland",49.2778,107.7056,-180.4195,-99.9106,-3.3136
57088293000128,"TERENZO FIF - FUNDO INCENTIVADO EM INVESTIMENTO EM DEB DE INFRA RF CRED PRIV RESP LIMITADA","IAM",66.1768,89.1249,118.0347,58.3369,87.8494
57088620000141,"SP330 FIF - FUNDO INCENTIVADO EM INVESTIMENTO EM DEB DE INFRA RF CRED PRIV RESP LIMITADA","IAM",68.774,85.4066,115.2835,62.8464,87.3244
57110842000113,"SPARTA INFRA CDI MASTER V FUNDO INCENTIVADO DE INVESTIMENTO EM INFRAESTRUTURA RENDA FIXA","Sparta",-361.5192,-2.9544,-21.955,-46.1891,-19.3024
57113258000111,"SPARTA W FUNDO DE INVESTIMENTO FINANCEIRO EM INFRAESTRUTURA RENDA FIXA - RESPONSABILIDADE LIMITADA","Sparta",244.012,99.8712,-1.3155,36.7877,56.9117
57119209000196,"ARM KINEA FIF FUNDO INCENTIVADO EM INVESTIMENTO EM DEBÊNTURES DE INFRA RF CRÉD PRIV RESP LIMITADA","Kinea",26.9341,97.0896,-4.0887,10.1201,49.8609
57134507000155,"ARX INFRA RENDA CDI FI INCENTIVADO DE INFRAESTRUTURA RENDA FIXA CRÉDITO PRIVADO RESP LIMITADA","ARX",19.7718,-25.5513,-7.6112,-51.5136,-21.7567
57136671000100,"FIF - CI EM RENDA FIXA INCENTIVADO EM INFRAESTRUTURA KNOWLEDGE","BRAM",111.5405,98.4654,-0.4449,13.4305,55.3682
57137857000175,"CAMAFEU FIF - FUNDO INCENTIVADO EM INVESTIMENTO EM DEB DE INFRA RENDA FIXA CRED PRIV RESP LIMITADA","IAM",64.6376,87.2252,109.6133,56.2197,85.1298
57138450000162,"SOVIZZO FIF - FUNDO INCENTIVADO EM INVESTIMENTO EM DEB DE INFRA RENDA FIXA CRED PRIV RESP LIMITADA","IAM",88.7975,89.7608,1.7614,16.8466,55.7773
57138708000120,"MANCHESTER FIF - FUNDO INCENTIVADO EM INVESTIMENTO EM DEB DE INFRA RF CRÉDITO PRIVADO RESP LIMITADA","IAM",111.1992,96.806,-11.5742,12.2382,50.4809
57151194000143,"IRIDIUM INFRA MASTER I FUNDO INCENTIVADO DE INVESTIMENTO EM INFRAESTRUTURA RENDA FIXA","Iridium",76.8963,122.1786,61.2041,73.7572,104.3692
57158611000180,"52 FIF - CLASSE DE INVESTIMENTO RENDA FIXA INCENTIVADO DE INVESTIMENTO INFRAESTRUTURA RESP LIMITADA","BTG WM",-63.7301,96.5156,-3.598,3.6852,45.16
57173714000119,"AVIÃO V FUNDO INCENTIVADO DE INVESTIMENTO FINANCEIRO EM INFRAESTRUTURA RENDA FIXA","BTG WM",98.9051,107.4611,5.8614,12.1972,56.5586
57190346000117,"KJL FIF - FUNDO INCENTIVADO EM INVESTIMENTO EM DEBÊNTURES DE INFRA RF CRED PRIV RESP LIMITADA","IAM",66.8174,88.8477,120.1886,60.6911,88.44
57190500000150,"JPN FIF - FUNDO INCENTIVADO EM INVESTIMENTO EM DEB DE INFRA RENDA FIXA CRÉDITO PRIVADO RESP LIMITADA","IAM",45.0049,82.4744,110.2385,54.8246,81.6253
57190762000115,"INTER INFRA MASTER II FIF INCENTIVADO DE INVESTIMENTO EM INFRA RENDA FIXA RESP LIMITADA","Inter",119.4489,103.6431,-65.2596,-66.7826,9.2368
57204032000126,"BLESSED DEBENTURES INCENTIVADAS FIF RENDA FIXA INVESTIMENTO EM INFRAESTRUTURA","XPG",130.9254,93.4666,25.1137,33.8298,62.3874
57226027000114,"OPPORTUNITY FIF RENDA FIXA INVESTIMENTO INCENTIVADO EM INFRAESTRUTURA CRÉDITO PRIVADO - RL","Opportunity",107.905,83.5015,-17.3423,21.9669,56.334
57249502000178,"MEDEIROS FIF  - FUNDO INCENTIVADO EM INVESTIMENTO EM DEB DE INFRA RENDA FIXA CRED PRIV RESP LIMITADA","IAM",56.6209,85.4637,123.0297,63.0043,89.7595
57249756000196,"ATEM8 FIF - FUNDO INCENTIVADO EM INVESTIMENTO EM DEB DE INFRA RF CRÉDITO PRIVADO RESP LIMITADA","IAM",73.312,87.54,79.4903,44.9102,74.5414
57264092000134,"YNJ FUNDO INCENTIVADO DE INVESTIMENTO FINANCEIRO EM INFRAESTRUTURA RENDA FIXA","BTG WM",84.4034,99.5304,39.0913,14.661,51.6869
57279886000171,"UBS EVOLUTION FASSIS FUNDO DE INVESTIMENTO EM INFRAESTRUTURA  RENDA FIXA CRED PRIV RESP LIMITADA","UBS",78.6593,89.6246,-415.15,-204.0115,-74.1792
57279999000177,"CS EVOLUTION CARTAGO DEB INFRA FUNDO DE INVESTIMENTO EM INFRAESTRUTURA - RF CRED PRIV RESP LIMITADA","UBS",71.6,89.5348,120.9605,63.4168,94.0665
57280201000107,"EVOLUTION NAUTILUS FIF CLASSE DE INVESTIMENTO RENDA FIXA INCENTIVADO DE DE INVESTIMENTO EM INFRA","BRAM",75.3319,84.9121,124.3185,68.2677,87.3955
57280277000132,"CS EVOLUTION ALVORADA DEB INFRA FUNDO DE INVESTIMENTO EM INFRAESTRUTURA - RF CRED PRIV RESP LIMITADA","UBS",79.2799,89.0613,112.9612,63.302,95.5407
57280468000102,"CSHG MARTH FUNDO DE INVESTIMENTO EM INFRAESTRUTURA - RENDA FIXA CRÉDITO PRIVADO RESP LIMITADA","UBS",80.1999,87.9385,121.1969,65.8963,85.0493
57285625000164,"TOP 1825 FIF - FUNDO INCENTIVADO EM INVESTIMENTO EM DEB DE INFRA RENDA FIXA CRED PRIV RESP LIMITADA","IAM",95.6314,93.9338,-3.4865,17.4227,53.0251
57285759000185,"VRP FIF - FUNDO INCENTIVADO EM INVESTIMENTO EM DEBÊNTURES DE INFRA RF CRÉDITO PRIVADO RESP LIMITADA","IAM",68.6827,89.2519,113.6626,57.9674,86.2625
57300689000197,"PWM CHALLENGER FIF FUNDO INCENTIVADO EM INVESTIMENTO EM DEB DE INFRA RF CRED PRIV RESP LIMITADA","Perfin",131.5425,111.9025,14.3153,35.7594,66.2653
57323572000129,"MUTON FIF - FUNDO INCENTIVADO EM INVESTIMENTO EM DEBÊNTURES DE INFRA RF CRED PRIV RESP LIMITADA","IAM",62.7907,87.5099,120.8044,62.9412,89.6697
57324934000104,"ZAZU FIF - FUNDO INCENTIVADO EM INVESTIMENTO EM DEB DE INFRA RENDA FIXA CRED PRIV RESP LIMITADA","IAM",102.0061,95.9526,-9.5996,8.1433,47.8214
57340494000170,"MANDALORE FIF - FUNDO INCENTIVADO EM INVESTIMENTO EM DEB DE INFRA RF CRÉD PRIV RESP LIMITADA","IAM",9.6504,97.257,113.3429,61.8306,79.6799
57341120000170,"HARAS FIF - FUNDO INCENTIVADO EM INVESTIMENTO EM DEB DE INFRA RF CRÉD PRIV RESP LIMITADA","IAM",58.5247,84.201,110.8618,52.9884,84.4625
57341511000194,"DELFO FIF - FUNDO INCENTIVADO EM INVESTIMENTO EM DEB DE INFRA RF CRÉD PRIV RESP LIMITADA","IAM",14.9532,88.7041,122.634,66.5801,81.6669
57341650000118,"VIZSLA FIF - FUNDO INCENTIVADO EM INVESTIMENTO EM DEB DE INFRA RF CRED PRIV RESP LIMITADA","IAM",56.6909,83.9697,122.584,67.4622,92.4803
57342019000133,"OSLO FIF - FUNDO INCENTIVADO EM INVESTIMENTO EM DEB DE INFRA RF CRÉD PRIV RESP LIMITADA","IAM",52.1677,87.2866,119.8938,66.1207,91.6349
57346416000183,"SKYLINE II FUNDO INCENTIVADO DE INVESTIMENTO FINANCEIRO EM INFRAESTRUTURA RENDA FIXA","Lakewood",157.8699,120.342,-73.6204,21.7463,41.9863
57378230000106,"MIGELLO KINEA FIF FUNDO INCENTIVADO EM INVESTIMENTO EM DEB DE INFRA RF CRÉD PRIV RESP LIMITADA","Kinea",-7.9177,86.9919,-6.3962,22.3451,55.4296
57378517000136,"BHGJ FUNDO INCENTIVADO DE INVESTIMENTO FINANCEIRO EM INFRAESTRUTURA RENDA FIXA","BTG WM",109.3027,103.884,9.352,-6.6159,40.7393
57395116000194,"SANTANDER PB BEIRUTE INVESTIMENTO EM INFRAESTRUTURA RENDA FIXA - FIF RESP LIMITADA","San WM",28.0883,83.8261,-47.2097,11.5297,46.9528
57395516000108,"SANTANDER PB 173 INVESTIMENTO EM INFRAESTRUTURA RENDA FIXA - FIF RESP LIMITADA","San WM",54.9839,80.6597,106.3703,57.0744,85.7278
57395648000121,"SANTANDER PB KANDEL INVESTIMENTO EM INFRAESTRUTURA RENDA FIXA - FIF RESP LIMITADA","San WM",46.8431,87.43,-44.3264,3.0577,40.6505
57400187000138,"CALS FIF - FUNDO INCENTIVADO EM INVESTIMENTO EM DEB DE INFRA RF CRÉD PRIV RESP LIMITADA","IAM",95.9345,93.9147,-1.4257,14.2253,50.1547
57400717000148,"FLORIPA 2 FIF - FUNDO INCENTIVADO EM INVESTIMENTO EM DEB DE INFRA RENDA FIXA CRÉD PRIV RESP LIMITADA","IAM",95.8829,86.8845,-2.1801,16.4249,51.0342
57400933000193,"OINC FIF - FUNDO INCENTIVADO EM INVESTIMENTO EM DEB DE INFRA RENDA FIXA CRÉD PRIV RESP LIMITADA","IAM",64.1783,90.2011,119.6382,60.8189,88.379
57416421000115,"BALTAR KINEA FIF FUNDO INCENTIVADO EM INVESTIMENTO EM DEBÊNTURES DE INFRA RF CRED PRIV RESP LIMITADA","Kinea",8.1294,91.9658,-4.7413,16.517,52.773
57435321000136,"RIVERPLATE FIF - FUNDO INCENTIVADO EM INVESTIMENTO EM DEB DE INFRA RF CRÉD PRIV RESP LIMITADA","IAM",81.6752,91.1354,-3.4192,13.4662,49.9278
57439066000108,"FIF - CLASSE DE INVESTIMENTO RENDA FIXA INCENTIVADO DE INVESTIMENTO EM INFRAESTRUTURA DWOLF","BRAM",125.0707,99.9469,4.7124,12.2109,56.1449
57449111000105,"BRAM FIF - CLASSE DE  INVESTIMENTO RF DE INVESTIMENTO EM INFRA CDI  CRED PRIV RESP LIMITADA","BRAM",-3.2927,91.6291,103.4325,80.9205,121.8085
57466836000101,"DFDD FUNDO DE INVESTIMENTO EM INFRAESTRUTURA RENDA FIXA CRÉDITO PRIVADO","XPG",102.4189,102.0867,35.7774,18.8669,62.9867
57473219000125,"FUNDO DE INVESTIMENTO FINANCEIRO - CI RENDA FIXA INCENTIVADO DE INVESTIMENTO EM INFRA ONDAS","BRAM",-158.3897,38.1714,13.1508,8.2807,57.1893
57473503000100,"FUNDO DE INVESTIMENTO FINANCEIRO - CI RENDA FIXA INCENTIVADO DE INVESTIMENTO EM INFRA BALDER","BRAM",112.5394,94.3833,16.6098,13.3058,60.3969
57473697000135,"FUNDO DE INVESTIMENTO FINANCEIRO CI RENDA FIXA INCENTIVADO INVESTIMENTO EM INFRAESTRUTURA G5 V UNITY","G5",48.5312,99.7389,38.3834,49.8369,69.207
57474275000184,"G5 GUARANTÃ FIF RENDA FIXA INCENTIVADO DE INVESTIMENTO EM INFRAESTRUTURA","G5",130.4457,104.6725,-8.7899,30.3743,64.6404
57474374000166,"G5 ARUBA FUNDO DE INVESTIMENTO FINANCEIRO RENDA FIXA INCENTIVADO DE INVESTIMENTO EM INFRAESTRUTURA","G5",159.0551,115.7474,5.6942,15.1917,51.8608
57492192000118,"MARSIL FIF FUNDO INCENTIVADO EM INVESTIMENTO EM DEBÊNTURES DE INFRA RF CRED PRIV RESP LIMITADA","IAM",43.5007,79.8575,67.155,42.1449,74.7935
57499088000155,"HUNA DEBÊNTURES INCENTIVADAS FUNDO INCENTIVADO DE INVEST FINANCEIRO EM INFRAESTRUTURA RENDA FIXA","SWM",22.3493,86.0367,53.6233,38.1274,64.7111
57499155000131,"FK FUNDO INCENTIVADO DE INVESTIMENTO EM INFRAESTRUTURA RENDA FIXA","BTG WM",104.2447,102.7832,-5.4125,-19.4328,27.6867
57512269000174,"NEXT FUNDO INCENTIVADO DE INVESTIMENTO FINANCEIRO EM INFRAESTRUTURA RENDA  FIXA","BTG WM",46.1188,75.0285,115.3211,42.2606,76.3573
57512491000177,"BRP TUCUM FIF - CI RENDA FIXA INCENTIVADO DE INVESTIMENTO EM INFRAESTRUTURA - RESP LIMITADA","BR Partners",90.4504,98.6268,42.8318,37.9437,66.608
57527685000146,"AQUA CDI FUNDO INCENTIVADO DE INVESTIMENTO EM INFRAESTRUTURA RENDA FIXA","BTG WM",62.5764,78.0563,115.3215,45.8756,75.2431
57527967000143,"AQUA FUNDO INCENTIVADO DE INVESTIMENTO EM INFRAESTRUTURA RENDA FIXA","BTG WM",100.3972,102.9607,12.4258,0.5952,44.1927
57531860000179,"LMS FUNDO INCENTIVADO DE INVESTIMENTO FINANCEIRO EM INFRAESTRUTURA RENDA FIXA","BTG WM",114.2371,105.4884,13.013,-3.574,45.617
57535053000124,"AJER FIF - CI RENDA FIXA INCENTIVADO DE INVESTIMENTO EM INFRAESTRUTURA - RESPONSABILIDADE LIMITADA","BTG WM",76.8147,95.5732,-2.8094,15.6402,48.6835
57535658000115,"INFRATREE II FIF FI INCENTIVADO EM DEBÊNTURES DE INFRAESTRUTURA RENDA FIXA CRED PRIV RESP LIMITADA","IAM",139.8868,95.9212,-18.5061,7.851,37.1005
57536308000173,"SUDTIROL INFRA FIF - CI RENDA FIXA INCENTIVADO DE INVESTIMENTO EM INFRAESTRUTURA - RESP LIMITADA","BTG WM",110.9048,98.3668,11.3702,9.0017,54.7776
57536557000169,"MAIMOR FIF - CI RENDA FIXA INCENTIVADO DE INVESTIMENTO EM INFRAESTRUTURA - RESP LIMITADA","BTG WM",124.0736,104.5603,-1.5187,1.9759,43.7057
57536946000194,"FIORELLA INFRA FIF - CI INCENTIVADO DE INVESTIMENTO EM INFRAESTRUTURA RENDA FIXA - RESP LIMITADA","UBS",87.318,97.7721,-5.1344,0.259,37.6053
57537357000120,"BEM TE VI FUNDO INCENTIVADO DE INVESTIMENTO FINANCEIRO EM INFRAESTRUTURA RENDA FIXA","BTG WM",95.1269,102.1425,-13.9489,3.2374,42.1301
57552109000159,"BAY SHORE FIF - FUNDO INCENTIVADO EM INVESTIMENTO EM DEBÊNTURES DE INFRA RF CRED PRIV RESP LIMITADA","IAM",57.7463,86.5402,121.9045,64.3412,92.8426
57552335000130,"ALZIR FIF - FUNDO INCENTIVADO EM INVESTIMENTO EM DEBÊNTURES DE INFRA RF CRED PRIV RESP LIMITADA","IAM",60.427,87.3628,114.2862,57.2816,86.2097
57555037000101,"FUNDO DE INVESTIMENTO FINANCEIRO - CI RENDA FIXA INCENTIVADO DE INVESTIMENTO EM INFRA CATS","BRAM",16.4363,75.9005,129.1518,49.4203,90.3429
57561942000166,"EAGLE ROCK FUNDO INCENTIVADO DE INVESTIMENTO FINANCEIRO EM INFRAESTRUTURA RENDA FIXA","BTG WM",106.2335,102.4651,12.3658,-15.0232,36.5898
57565778000165,"POLINVEST III DEBÊNTURES FUNDO INCENTIVADO DE INVESTIMENTO FINANCEIRO EM INFRAESTRUTURA RENDA FIXA","SWM",89.8375,111.2069,61.7417,48.5937,71.1803
57569203000110,"FUNDO DE INVESTIMENTO FINANCEIRO - CI RENDA FIXA INCENTIVADO DE INVESTIMENTO EM INFRA MINSK","BRAM",30.3682,91.0264,133.968,63.8267,92.2846
57591252000150,"PWM MAR FIF - CLASSE DE INVESTIMENTO RF INCENTIVADO DE INVESTIMENTO EM INFRA - RESP LIMITADA","Perfin",131.8776,110.9485,12.2559,36.5221,65.4832
57591671000191,"PWM PRIMAVERA FIF - CLASSE DE  INVESTIMENTO RF INCENTIVADO DE INVESTIMENTO EM INFRA - RESP LIMITADA","Perfin",148.3609,111.0639,1.5198,32.6414,63.1962
57613783000104,"MG FIF - FUNDO INCENTIVADO EM INVESTIMENTO EM DEBÊNTURES DE INFRA RENDA FIXA CRED PRIV RESP LIMITADA","IAM",56.309,163.4788,21.2155,31.7374,58.3452
57626567000195,"VEREDAS FUNDO INCENTIVADO DE INVESTIMENTO EM INFRAESTRUTURA RENDA FIXA CRÉDITO PRIVADO","Oriz",-14.2831,80.9348,22.0389,14.279,48.8952
57627579000134,"FUNDO DE INVESTIMENTO FINANCEIRO - CI RENDA FIXA INCENTIVADO DE INVESTIMENTO EM INFRA BLESS","BRAM",-4.9355,68.6394,11.4708,8.1508,57.1591
57628211000190,"NILO FIF FUNDO INCENTIVADO EM INVESTIMENTO EM DEBÊNTURES DE INFRA RF CRED PRIV RESP LIMITADA","IAM",107.5575,93.3306,-2.6987,10.0674,46.1773
57629609000141,"KINEA PMFO FIF FUNDO INCENTIVADO EM INVESTIMENTO EM DEB DE INFRA RENDA FIXA CRED PRIV RESP LIMITADA","Kinea",38.0907,97.0144,-6.5677,17.436,57.3158
57636187000131,"SPX SEAHAWK DEBÊNTURES INCENTIVADAS D45 FIF INVESTIMENTO EM INFRA RF CRÉD PRIV LP RESP LIMITADA","SPX",50.8186,83.6915,109.3022,43.4867,78.7113
57639394000140,"PAVIA FIF - FUNDO INCENTIVADO EM INVESTIMENTO EM DEBÊNTURES DE INFRA RF CRÉD PRIV RESP LIMITADA","IAM",69.7831,90.2126,116.4002,58.2616,86.5114
57641567000164,"UBS EVOLUTION REVALI FI EM INFRAESTRUTURA RENDA FIXA CREDITO PRIVADO RESPONDABILIDADE LIMITADA","UBS",123.2599,102.8994,2.7732,16.463,60.7091
57654090000151,"ANTARES PREMIUM FUNDO INCENTIVADO DE INVESTIMENTO FINANCEIRO EM INFRAESTRUTURA RENDA FIXA","BTG WM",103.0015,99.3348,9.7325,3.1841,45.7914
57662061000131,"TRAKA FIF - CI RENDA FIXA INCENTIVADO DE INVESTIMENTO EM INFRAESTRUTURA RESP LIMITADA","UBS",90.5212,98.6301,54.066,33.9729,64.239
57662228000164,"FUNDO DE INVESTIMENTO FINANCEIRO - CI RENDA FIXA INCENTIVADO DE INVESTIMENTO EM INFRA ANA HELENA","BRAM",10.9281,69.6374,18.3704,18.222,58.1236
57681558000105,"JOURNEY CAPITAL 50 FUNDO DE INVESTIMENTO EM INFRAESTRUTURA RENDA FIXA","Journey",58.8008,103.9195,85.4031,95.0159,98.5308
57681917000116,"FF FUNDO INCENTIVADO DE INVESTIMENTO FINANCEIRO EM INFRAESTRUTURA RENDA FIXA","BTG WM",109.5394,98.2835,4.9078,-5.0294,43.2913
57682222000159,"PRIMORDIUM II DEBÊNTURES INCENTIVADAS FUNDO INCENTIVADO DE INVEST FINANCEIRO EM INFRA RENDA FIXA","SWM",112.5153,102.0082,48.5241,52.1662,77.888
57699544000100,"G5 MONGE FUNDO INCENTIVADO DE INVESTIMENTO FINANCEIRO EM INFRAESTRUTURA RENDA FIXA","G5",7.1048,83.1914,40.9465,38.6961,70.9033
57706349000160,"PP DEBENTURES INCENTIVADAS CLASSE DE INVESTIMENTO INCENTIVADA RF INFRAESTRUTURA - RESP LIMITADA","UBS",82.4562,93.9612,80.263,39.6785,70.0149
57711303000130,"LOMBARDIA KINEA FIF FUNDO INCENTIVADO EM INVESTIMENTO EM DEB DE INFRA RF CRED PRIV RESP LIMITADA","Kinea",21.9422,95.0666,-4.2409,9.9699,50.1076
57713013000125,"BB M&Ms INFRA RENDA FIXA FUNDO INCENTIVADO DE INVESTIMENTO FINANCEIRO EM INFRAESTRUTURA RESP LIM","BB Asset",92.4894,102.9788,37.0907,34.4393,57.1805
57713250000196,"BB YARA INFRA RENDA FIXA FUNDO INCENTIVADO DE  INVESTIMENTO FINANCEIRO EM INFRAESTRUTURA RESP LIM","BB Asset",69.8181,88.4472,19.2392,32.0403,57.8472
57714518000104,"BB CELINA INFRA RF FUNDO INCENTIVADO DE INVESTIMENTO FINANCEIRO EM INFRAESTRUTURA RESP LIMITADA","BB Asset",53.463,62.4537,75.4053,92.7944,80.1584
57714726000103,"BB T&B INFRA RENDA FIXA FUNDO INCENTIVADO DE INVESTIMENTO FINANCEIRO EM INFRAESTRUTURA RESP LIMITADA","BB Asset",95.1561,98.6935,36.3629,33.3664,57.3443
57733994000172,"DEL SUR FIF FUNDO INCENTIVADO EM INVESTIMENTO EM DEB DE INFRA RENDA FIXA CRED PRIV RESP LIMITADA","IAM",97.4478,95.1955,-4.9889,,
57738351000111,"ABSOLUTE HIDRA CDI PLUS EKHO MASTER FUNDO INCENTIVADO DE INVEST FINANCEIRO EM INFRA RENDA FIXA","Absolute",93.0863,89.9491,114.3916,64.3218,81.1665
57744364000101,"JG CARDOSO INVESTIMENTO EM INFRAESTRUTURA RENDA FIXA - FIF RESP LIMITADA","San WM",120.2617,116.0701,14.9346,33.8722,60.0522
57744596000151,"SANTANDER PB GRAN INVESTIMENTO EM INFRAESTRUTURA RENDA FIXA - FIF RESP LIMITADA","San WM",78.9266,90.112,79.2656,46.1534,80.0157
57744696000188,"GRIFFO FIF - CLASSE DE INVESTIMENTO RENDA FIXA INFRAESTRUTURA - RESPONSABILIDADE LIMITADA","Oriz",92.3264,102.5518,23.3473,33.4592,67.8766
57745265000136,"SANTANDER PB 179 INVESTIMENTO EM INFRAESTRUTURA RENDA FIXA - FIF RESP LIMITADA","San WM",160.0054,81.7776,-31.7862,-9.4896,37.7541
57746542000125,"TUTOAIA FIF - CI RENDA FIXA INCENTIVADO DE INVESTIMENTO EM INFRAESTRUTURA - RESP LIMITADA","BTG WM",94.7801,102.8502,20.0699,28.7817,55.4885
57747620000106,"RMN CDI FIF - FUNDO INCENTIVADO EM INVESTIMENTO EM DEBÊNTURES DE INFR RF CRÉD PRIV RESP LIMITADA","IAM",64.7542,90.9516,120.921,57.9782,88.0351
57747855000106,"FEDELE FIF - FUNDO INCENTIVADO EM INVESTIMENTO EM DEBÊNTURES DE INFRA RF CRÉD PRIV RESP LIMITADA","IAM",53.0861,86.6474,119.9368,59.2363,89.6875
57771924000109,"TAUA FUNDO INCENTIVADO DE INVESTIMENTO FINANCEIRO EM INFRAESTRUTURA RENDA FIXA","BTG WM",105.2103,110.4883,23.0252,0.8042,53.9814
57776875000105,"UBS EVOLUTION VIVA MASTER FUNDO DE INVESTIMENTO EM INFRAESTRUTURA RENDA FIXA CRED PRIV RESP LIMITADA","UBS",69.7643,86.0275,120.3214,61.888,84.1545
57777043000103,"CS EVOLUTION MONGE FUNDO DE INVESTIMENTO EM INFRAESTRUTURA RENDA FIXA CRÉDITO PRIVADO RESP LIMITADA","UBS",75.7363,97.9868,67.8905,43.9177,80.9782
57790619000164,"FRFC FUNDO INCENTIVADO DE INVESTIMENTO FINANCEIRO EM INFRAESTRUTURA RENDA FIXA","BTG WM",98.4435,99.4862,26.1053,5.613,51.901
57791787000174,"SAFRA INFRA RENDA FIXA ATIVO MASTER FIF INV EM INFRAESTRUTURA CI EM INFRA RF LP RESP LIMITADA","Safra Asset",120.7487,60.4876,108.4089,54.4403,81.9596
57796012000191,"TUCUNARÉ FUNDO INCENTIVADO DE INVESTIMENTO EM INFRAESTRUTURA RENDA FIXA CRÉDITO PRIVADO","Oriz",-19.5641,70.6539,25.9769,29.5643,65.332
57813684000168,"OCCAM FIF RENDA FIXA INVESTIMENTO EM INFRAESTRUTURA CDI 30 CREDITO PRIVADO RESPONSABILIDADE LIMITADA","Occam",26.151,92.2605,102.3919,50.0281,79.9271
57834063000160,"ICATU VANGUARDA PVT CDI FIF CLASSE DE INVESTIMENTO INCENTIVADO EM INFRA RF - RESP LIMITADA","Icatu",72.0721,99.5498,139.1387,52.8537,84.6695
57883031000155,"SZS 5 KINEA FIF FUNDO INCENTIVADO EM INVESTIMENTO EM DEBÊNTURES DE INFRA RF CRED PRIV RESP LIMITADA","Kinea",52.7813,101.8168,-2.3824,8.9773,51.5965
57883567000170,"MMXX KINEA FIF FUNDO INCENTIVADO EM INVESTIMENTO EM DEB DE INFRA RENDA FIXA CRED PRIV RESP LIMITADA","Kinea",12.6132,93.6152,-3.6218,15.8776,51.3849
57897828000101,"PIRAQUARA FUNDO DE INVESTIMENTO EM INFRAESTRUTURA RENDA FIXA CRÉDITO PRIVADO","XPG",109.0281,109.355,39.7544,38.8962,70.2439
57926049000197,"DOM DEBÊNTURES INCENTIVADAS CLASSE INCENTIVADA DE INVESTIMENTO EM INFRA RF CP - RESP LIMITADA","ASA",98.3179,92.8661,68.4717,36.4927,65.1274
57942829000120,"ASA CLASSE DE INVESTIMENTO EM INFRAESTRUTURA RENDA FIXA- RESP LIMITADA","ASA",87.2051,108.0421,64.8603,62.6287,78.5356
57952464000115,"BOCAINA INCENTIVADAS FUNDO INCENTIVADO DE INVESTIMENTO EM INFRAESTRUTURA RENDA FIXA","Bocaina",85.8365,111.2375,36.8641,72.2879,99.0475
57955368000120,"DAYCOVAL TESOURARIA FUNDO DE INVESTIMENTO FINANCEIRO EM INFRAESTRUTURA RENDA FIXA CP - RESP LIMTADA","Daycoval Asset",50.7772,104.3981,135.5526,112.4032,118.1833
57966847000142,"TULITA FIF FUNDO INCENTIVADO EM INVESTIMENTO EM DEB DE INFRA RF  CRÉD PRIV RESP LIMITADA","IAM",66.5398,86.7806,111.9547,59.1914,86.926
57967401000132,"JACARANDÁ FIF - FUNDO INCENTIVADO EM INVESTIMENTO EM DEBÊNTURES DE INFRA RF CRED PRIV RESP LIMITADA","IAM",204.8977,118.2612,105.6196,24.1939,75.353
57985995000104,"LIMA EVALDT CDI FIF - FUNDO INCENTIVADO EM INVESTIMENTO EM DEB DE INFRA RF CRED PRIV RESP LIMITADA","IAM",60.1566,87.7172,116.3081,58.7463,86.2721
57986005000152,"GZZ FIF - FUNDO INCENTIVADO EM INVESTIMENTO EM DEBÊNTURES DE INFRA RF CRÉD PRIV RESP LIMITADA","IAM",66.3653,88.9808,116.6137,58.7633,86.7446
58002209000174,"SPARTA E FUNDO INCENTIVADO DE INVESTIMENTO FINANCEIRO EM INFRAESTRUTURA RENDA FIXA","Sparta",92.7812,108.465,57.3092,52.384,76.0568
58052836000110,"PLURAL DEBÊNTURES INCENTIVADAS HEDGE 30 II FIF EM INFRA RENDA FIXA CRÉDITO PRIVADO - RESP LIMITADA","Plural",77.2134,98.892,111.0981,79.5929,91.8036
58054338000106,"RFT DANUBIO DEBENTURES INCENTIVADAS FIF - CI RF INCENT DE INVEST EM INFRA - RESP LIMITADA","Rafter",83.5508,87.2553,114.8566,51.543,88.3401
58062679000123,"SULAMÉRICA INFRA EXCLUSIVO FIF - FDO INCENTIVADO DE INVEST EM INFRAESTRUTURA RF DE RESP LIMITADA","Sulamérica",65.2343,91.8305,123.6886,50.5223,89.3891
58069072000175,"BERNESE 2 FIF CLASSE DE INVESTIMENTO RENDA FIXA EM INFRAESTRUTURA RESPONSABILIDADE LIMITADA","Safra Asset",109.0347,94.568,26.894,16.9263,62.5471
58075015000107,"SCHOELER FIF - FUNDO INCENTIVADO EM INVESTIMENTO EM DEBÊNTURES DE INFRA RF CRÉD PRIV RESP LIMITADA","IAM",66.286,87.6824,119.3928,63.2091,89.9404
58075902000177,"SANTANDER PB SANTANNA INVESTIMENTO EM INFRAESTRUTURA RENDA FIXA - FIF RESP LIMITADA","San WM",51.007,89.5995,-35.6638,0.6331,43.4738
58095438000180,"RMN KINEA FIF FUNDO INCENTIVADO EM INVESTIMENTO EM DEBÊNTURES DE INFRA RF CRÉD PRIV RESP LIMITADA","Kinea",-38.0494,80.4031,-6.3556,13.0512,52.5478
58108799000114,"SANTANDER PB IG3R3 INVESTIMENTO EM INFRAESTRUTURA RENDA FIXA - FIF RESP LIMITADA","San WM",52.3679,82.0867,122.2382,66.8469,91.6304
58108837000139,"SANTANDER PB CEDRO INVESTIMENTO EM INFRAESTRUTURA RENDA FIXA - FIF RESP LIMITADA","San WM",28.7098,83.781,-37.8463,3.8892,45.1208
58110964000172,"RODANO FUNDO INCENTIVADO DE INVESTIMENTO FINANCEIRO EM INFRAESTRUTURA RENDA FIXA","BTG WM",98.3921,98.2163,-3.4354,5.8482,51.7514
58111935000125,"ICATU VANGUARDA CAP FIF - CI RENDA FIXA INCENTIVADA DE INVESTIMENTO EM INFRAESTRUTURA RESP LIMITADA","Icatu",51.0611,99.3637,72.163,46.2276,75.8226
58140821000103,"AGEPA FIF - FUNDO INCENTIVADO EM INVESTIMENTO EM DEBÊNTURES DE INFRA RF CRED PRIV RESP LIMITADA","IAM",54.1136,81.6574,94.1169,51.2593,78.9309
58140887000101,"G5 MAKTUB II FIF - CI RF INCENTIVADO DE INVESTIMENTO EM INFRA - RESP LIMITADA","G5",156.4029,105.6019,22.4709,20.573,67.3485
58174371000170,"FUNDO DE INVESTIMENTO FINANCEIRO RF INCENTIVADO DE INVESTIMENTO EM INFRA PINA","BRAM",12.3252,91.271,92.0267,53.1117,75.3278
58191395000137,"ITAÚ DEBÊNTURES INCENTIVADAS CDI MIX FIF INCENTIVADO EM INFRAESTRUTURA RF CRÉD PRIV RESP LIMITADA","IAM",52.9478,85.0184,128.443,64.144,89.977
58191678000189,"ITAÚ DEBÊNTURES INCENTIVADAS CDI PVT MIX FIF INCENTIVADO EM INFRA RF CRÉD PRIV RESP LIMITADA","IAM",59.1691,85.4747,129.0317,62.5564,92.8292
58193485000167,"ITAÚ DEBÊNTURES INCENTIVADAS IMA B 5 PVT MIX FIF INCENTIVADO EM INFRA RF CRÉD PRIV RESP LIMITADA","IAM",19.7924,90.8392,91.6953,63.1621,75.7934
58213245000187,"FLUXUS CASH FUNDO INCENTIVADO DE INVESTIMENTO FINANCEIRO EM INFRAESTRUTURA RENDA FIXA","Altera",20.9189,72.9906,60.9488,25.7171,72.7688
58221726000134,"DEB PRIME FIF FUNDO INCENTIVADO EM INVESTIMENTO EM DEB DE INFRA RENDA FIXA CRÉD PRIV RESP LIMITADA","IAM",84.304,105.639,42.8769,46.6284,74.8116
58251560000107,"ASTRA FUNDO INCENTIVADO DE INVESTIMENTO FINANCEIRO EM INFRAESTRUTURA RENDA FIXA","BTG WM",65.2544,87.1413,65.8883,11.5572,28.4754
58252364000149,"LAGO AZUL FIF INV EM INFRAESTRUTURA CLASSE DE INV EM INFRA RENDA FIXA RESP LIMITADA","Safra Asset",39.5937,63.5432,53.4026,55.2201,
58253070000131,"BBBYD FUNDO DE INV FINANCEIRO INV EM INFRAESTRUTURA CI EM INFRA RENDA FIXA RESP LIMITADA","Safra Asset",95.6112,101.4089,20.2447,36.7461,
58264015000147,"IITAÚ BB DEBÊNTURES INCENTIVADAS CDI FIF INCENTIVADO EM INFRA RF CRÉD PRIV RESP LIMITADA","IAM",57.4375,84.8836,128.2873,71.471,90.4451
58277022000183,"ITAÚ DEBÊNTURES INCENTIVADAS IMA B 5 MIX FIF INCENTIVADO EM INFRA RF CRÉD PRIV RESP LIMITADA","IAM",4.8248,86.4687,98.724,69.163,84.7155
58277322000162,"ITAÚ GCA DEBÊNTURES INCENTIVADAS CDI FIF INCENTIVADO EM INFRA RF CRÉD PRIV LP RESP LIMITADA","IAM",65.2588,87.6526,124.1437,67.176,93.7181
58280010000108,"BTG PACTUAL DEB INCENTIVADAS BB FUNDO INCEN DE INVEST FINA EM INFRA RENDA FIXA CP RESP LIMITADA","BTG Asset",40.5465,87.1416,104.9169,66.7345,89.9642
58281724000130,"SPARTA BB FUNDO DE INVESTIMENTO EM INFRAESTRUTURA RENDA FIXA - RESPONSABILIDADE LIMITADA","Sparta",96.1772,90.5552,100.1884,72.5093,90.7913
58286101000150,"SANTANDER PB AROEIRA INVESTIMENTO EM INFRAESTRUTURA RENDA FIXA - FIF RESP LIMITADA","San WM",28.714,83.8048,-37.8451,3.8923,44.718
58286171000109,"SANTANDER PB RICCHEZZA INVESTIMENTO EM INFRAESTRUTURA RENDA FIXA - FIF RESP LIMITADA","San WM",24.0567,82.2792,-39.4069,3.5743,44.7769
58287774000125,"SABOIA FUNDO INCENTIVADO DE INVESTIMENTO FINANCEIRO EM INFRAESTRUTURA RENDA FIXA","BTG WM",101.1109,98.8921,14.9234,6.7333,49.7381
58287952000118,"ITAÚ GCA DEBÊNTURES INCENTIVADAS IMAB FIF INCENTIVADO EM INFRA RF CRÉD PRIV LP RESP LIMITADA","IAM",107.0892,100.2002,-1.7416,22.3526,51.5606
58289474000185,"SULAMÉRICA INFRA CDI FIF EM DEBÊNTURES INCENTIVADAS RENDA FIXA RESPONSABILIDADE LIMITADA","Sulamérica",48.9139,92.3809,160.8339,103.6093,
58290551000117,"G5 HERCULES FIF RF INCENTIVADO DE INVESTIMENTO EM INFRA - RESP LIMITADA","G5",134.8951,110.1561,3.5607,24.4805,63.614
58307597000100,"BRP DIADEMA IV FIF - CLASSE DE INVESTIMENTO RF INCENTIVADO DE INVESTIMENTO EM INFRA - RESP LIMITADA","BR Partners",98.0708,101.797,18.92,30.6877,62.496
58311520000103,"VINCI FIF CLASSE DE INVESTIMENTO RF CRED PRIV INVESTIMENTO EM INFRA - RESPONSABILIDADE LIMITADA","Vinci",76.6823,87.8212,97.9395,71.0822,92.1856
58331211000197,"CARPA KINEA FIF FUNDO INCENTIVADO EM INVESTIMENTO EM DEB DE INFRA RF CRÉD PRIV RESP LIMITADA","Kinea",6.0853,90.1327,-2.5565,10.1431,52.7718
58332774000108,"LINCE 6 FUNDO DE INV FINANCEIRO  INV EM INFRAESTRUTURA CLASSE DE  INV EM INFRA RF RESP LIMITADA","Safra Asset",68.2176,108.5042,104.5292,74.8035,
58340147000100,"BB JÚ INFRA RENDA FIXA FUNDO INCENTIVADO DE INVESTIMENTO FINANCEIRO EM INFRAESTRUTURA RESP LIMITADA","BB Asset",47.2694,58.8766,93.7875,101.7202,87.4693
58341091000109,"BB TOP RENDA FIXA DEBÊNTURES INCENTIVADAS CDI II FIF EM INFRAESTRUTURA RESPONSABILIDADE LIMITADA","BB Asset",43.2499,84.0246,129.8893,54.4703,79.5113
58341471000143,"BB MARATONA INFRA RENDA FIXA FUNDO INCENTIVADO DE INVESTIMENTO FINANCEIRO EM INFRAESTRUTURA RESP LIM","BB Asset",125.7233,110.047,-17.5076,51.5898,62.3751
58341982000165,"MIRABAUD DEBENTURES INCENTIVADAS FIF - CI RF INVEST EM INFRA CRÉDITO PRIVADO - RESP LIMITADA","Mirabaud",76.6234,101.0283,47.0549,55.4724,69.3627
58348647000199,"SANTANDER PB SVASSOS INVESTIMENTO EM INFRAESTRUTURA RENDA FIXA - FIF RESP LIMITADA","San WM",51.8936,81.0152,115.7886,61.8754,90.2817
58348771000154,"SANTANDER PB HUVA INVESTIMENTO EM INFRAESTRUTURA RENDA FIXA - FIF RESP LIMITADA","San WM",51.9855,85.0968,118.7586,62.9631,91.3911
58360837000121,"SANTANDER PB EXPERT INVESTIMENTO EM INFRAESTRUTURA RENDA FIXA - FIF RESP LIMITADA","San WM",51.273,119.8609,72.3555,7.981,60.2733
58360941000116,"SANTANDER PB HULK INVESTIMENTO EM INFRAESTRUTURA RENDA FIXA - FIF RESP LIMITADA","San WM",-36.6499,67.1922,-47.552,11.4497,45.3648
58361052000173,"SANTANDER PB PORTO MADERO INVESTIMENTO EM INFRAESTRUTURA RENDA FIXA - FIF RESPONSABILIDADE LIMITADA","San WM",45.7252,80.9747,115.1568,63.1073,88.692
58364988000158,"OHMA KINEA FIF FUNDO INCENTIVADO EMINVESTIMENTO EM DEBÊNTURES DE INFRA RF CRED PRIV RESP LIMITADA","Kinea",60.4576,100.419,-8.8044,16.9941,54.0862
58365044000103,"ZUCCHERO INFRA KINEA FIF FUNDO INCENTIVADO EM INVEST EM DEB DE INFRA RF CRÉD PRIV RESP LIMITADAD","Kinea",10.6582,91.6352,-5.5459,6.9875,50.3518
58378060000122,"BRAM DEB INCENTIVADAS CDI 2412 FIF - CI RF INCENTIVADO DE INVESTIMENTO EM INFRA LP - RESP LIMITADA","BRAM",44.502,81.6433,128.1295,69.9848,96.3781
58399524000187,"SILICON S FUNDO INCENTIVADO DE INVESTIMENTO EM INFRAESTRUTURA RENDA FIXA - CRÉDITO PRIVADO","BTG WM",110.98,104.5496,-0.6675,6.0224,44.2874
58416021000172,"GUAIUBA FIF - FUNDO INCENTIVADO EM INVESTIMENTO EM DEBÊNTURES DE INFRA RF CRED PRIV RESP LIMITADA","IAM",64.2336,84.9322,108.8114,62.6485,88.4147
58437495000109,"RIZA EVORA DEBÊNTURES INCENT FUNDO INCENT DE INVESTIMENTO FINANCEIRO EM INFRAESTRUTURA RENDA FIXA","Riza",92.2914,106.0416,127.0256,71.8423,89.8598
58440238000118,"HERITAGE RUBY MASTER FUNDO DE INVESTIMENTO FINANCEIRO RF FI-INFRA CP RESP LIMT","Heritage",180.7523,116.3983,36.7388,49.7963,83.5558
58443366000115,"AUGME BB FUNDO INCENTIVADO DE INVESTIMENTO FINANCEIRO EM INFRAESTRUTURA RENDA FIXA","Augme",58.1678,87.5213,118.6559,74.5975,95.7368
58443398000110,"SPARTA INFRA INFLAÇÃO LONGA MASTER I FI EM INFRAESTRUTURA RENDA FIXA - RESPONSABILIDADE LIMITADA","Sparta",308.039,-5.2179,-117.6336,-73.7854,-45.6183
58459098000120,"G5 MJL FIF - CLASSE DE INVESTIMENTO RF INCENTIVADO DE INVESTIMENTO EM INFRAESTRUTURA - RESP LIMITADA","G5",135.3128,114.0721,50.8464,61.8701,
58516289000186,"ARX BLANC FI FINANCEIRO RENDA FIXA  INVESTIMENTO EM INFRAESTRUTURA - RESPONSABILIDADE LIMITADA","ARX",45.4317,90.9907,103.5531,57.5395,84.1208
58516864000140,"SAFRA INFRA PREFIXADO CARTEIRA MASTER FIF INV EM INFRAESTRUTURA CI EM INFRA RF RESP LIMITADA","Safra Asset",404.1705,80.1325,64.299,1.3985,46.1812
58529615000190,"LAKESIDE FIF INVESTIMENTO EM INFRAESTRUTURA CLASSE  DE INVEST RENDA FIXA EM INFRA RESP LIMITADA","Safra Asset",101.3681,54.8758,35.0541,16.6064,49.7219
58530089000188,"PETTAINFRA FIF INV EM INFRAESTRUTURA CLASSE DE INVEST EM INFRAESTRUTURA RENDA FIXA RESP LIMITADA","Safra Asset",100.7262,105.524,39.4171,31.2125,
58542057000100,"ARER FUNDO DE INVESTIMENTO FINANCEIRO  INV EM INFRAESTRUTURA CI EM INFRA RENDA FIXA RESP LIMITADA","Safra Asset",63.448,105.6164,90.4627,58.1302,
58547919000180,"PATRIA CRÉDITO INFRA RENDA MASTER FUNDO INCENTIVADO DE INVEST FINANCEIRO EM INFRA RENDA FIXA","Pátria",138.5524,119.6032,7.4372,38.3319,90.433
58578837000100,"JGP CRÉDITO INFRA MASTER III FUNDO INCENTIVADO DE INVEST EM INFRA RENDA FIXA RESP LIMITADA","JGP",-36.8202,122.1494,154.9524,77.8617,113.5271
58580968000114,"ACE CAPITAL INFRA FIF FUNDO INCENTIVADO EM INVESTIMENTO EM DEB DE INFRA RF CRED PRIV RESP LIMITADA","Ace",201.6967,70.7159,121.7453,20.8057,72.8673
58586883000143,"ARX ELBRUS III MASTER FIF RENDA FIXA INVESTIMENTO EM INFRAESTRUTURA RESPONSABILIDADE LIMITADA","ARX",104.9407,91.4507,42.7009,44.8836,71.1718
58587071000112,"TWOBS FUNDO INCENTIVADO DE INVESTIMENTO FINANCEIRO EM INFRAESTRUTURA RENDA FIXA","BTG WM",335.4985,199.9412,7.8155,23.5246,43.4479
58600298000150,"JGP DEBÊNTURES CDI FIF RENDA FIXA INVEST EM INFRAESTRUTURA CRÉDITO PRIVADO RESPONSABILIDADE LIMITADA","JGP",-6.1057,96.9437,125.4461,83.4952,102.4062
58651604000188,"SANTANDER PB ZUCCHERO INVESTIMENTO EM INFRAESTRUTURA RENDA FIXA - FIF RESP LIMITADA","San WM",84.5597,93.3871,73.1501,46.3538,78.781
58651661000167,"SANTANDER PB APLA INVESTIMENTO EM INFRAESTRUTURA RENDA FIXA - FIF RESP LIMITADA","San WM",54.8441,80.1285,123.4801,56.2782,84.6714
58651702000115,"SANTANDER PB FLOR DE LOTUS INVESTIMENTO EM INFRAESTRUTURA RENDA FIXA - FIF RESP LIMITADA","San WM",-23.6822,72.9086,-42.7849,4.0525,41.0625
58651920000150,"SANTANDER PB TERRA INVESTIMENTO EM INFRAESTRUTURA RENDA FIXA - FIF RESP LIMITADA","San WM",57.1817,83.3886,123.9212,58.2679,83.328
58651958000122,"SANTANDER PB LONDRES INVESTIMENTO EM INFRA RENDA FIXA - FIF RESP LIMITADA","San WM",138.0613,108.5484,-2.1432,18.7101,56.2004
58653503000146,"OMEGA II FUNDO INCENTIVADO DE INVESTIMENTO FINANCEIRO EM INFRAESTRUTURA RENDA FIXA","BTG WM",77.9469,86.2658,102.6503,73.1663,94.4463
58653978000132,"OLPH INFRA FUNDO INCENTIVADO DE INVESTIMENTO FINANCEIRO EM INFRAESTRUTURA RENDA FIXA","BTG WM",102.434,65.151,-23.6818,-34.8247,26.8489
58674067000191,"BTG PACTUAL TOTAL II FUNDO INCENTIVADO DE INVESTIMENTO FINANCEIRO EM  INFRAESTRUTURA RENDA FIXA","BTG Asset",-180.9361,62.9545,86.8725,50.0642,84.3371
58674224000169,"VINLAND DEBÊNTURE INCENTIVADA S FIF INVESTIMENTO EM INFRA RF CRED PRIV LP RESP LIMITADA","Vinland",49.9142,90.9464,107.5829,34.0171,72.501
58688316000106,"FUNDO DE INVESTIMENTO FINANCEIRO - CI RENDA FIXA INCENTIVADO DE INVESTIMENTO EM INFRA MIAMI 3","BRAM",36.4493,86.4101,133.756,64.4428,99.2843
58691085000181,"TMALTA FIF INV EM INFRAESTRUTURA CLASSE  DE INVEST EM INFRAESTRUTURA RENDA FIXA RESP LIMITADA","Safra Asset",113.5485,99.9857,7.8471,16.6215,61.1505
58692067000114,"PAGNAN TOP10 FIF INV EM INFRAESTRUTURA CI EM INFRA RENDA FIXA  RESPONSABILIDADE LIMITADA","Safra Asset",69.9548,44.7091,17.1012,11.6969,58.8021
58703709000133,"ANJO FIF FUNDO INCENTIVADO EM INVESTIMENTO EM DEBÊNTURES DE INFRA RENDA FIXA CRÉD PRIV RESP LIMITADA","IAM",59.3607,84.5167,61.13,35.9684,68.8321
58707218000160,"DES AROEIRA PÓS FIF FUNDO INCENTIVADO EM INVESTIMENTO EM DEB DE INFRA RF CRED PRIV RESP LIMITADA","IAM",57.8706,89.3521,118.3111,60.1236,85.6178
58707733000140,"DES AROEIRA INFLAÇÃO FIF FUNDO INCENTIVADO EM INVESTIMENTO EM DEB INFRA RF CRED PRIV RESP LIMITADA","IAM",77.153,89.9263,3.8803,19.558,50.9208
58736286000158,"ALGEDI INFRA FUNDO INCENTIVADO DE INVESTIMENTO FINANCEIRO EM INFRAESTRUTURA RENDA FIXA","BTG WM",100.5256,113.9587,5.6668,15.0371,49.671
58758334000109,"JOURNEY CAPITAL 60 FUNDO INCENTIVADO DE INVESTIMENTO FINANCEIRO EM  INFRAESTRUTURA RENDA FIXA","Journey",75.0124,234.1169,111.8856,126.5213,112.157
58770366000120,"ATENA INFRA 45 HEDGE ATIVO FUNDO INCENTIVADO DE INVESTIMENTO FINANCEIRO EM  INFRA RENDA FIXA","Atena",111.856,112.4301,-5.3377,34.6545,62.2989
58771687000149,"EMUNÁ INVESTIMENTO EM INFRAESTRUTURA RENDA FIXA - FUNDO DE INVESTIMENTO FINANCEIRO RESP LIMITADA","San WM",34.7234,96.1036,-31.9376,10.4881,42.5816
58771694000140,"SANTANDER PB JAKARTA INVESTIMENTO EM INFRAESTRUTURA RENDA FIXA - FIF RESP LIMITADA","San WM",69.0611,85.9184,98.7145,60.4819,91.1421
58806888000134,"VALORA MASTER FI FINANCEIRO RENDA FIXA INVESTIMENTO EM INFRAESTRUTURA RESPONSABILIDADE LIMITADA","Valora",34.3092,90.7135,106.5315,22.5064,69.1921
58808777000167,"CLASSE LFPF FUNDO DE INVESTIMENTO INFRAESTRUTURA RENDA FIXA CRÉDITO PRIVADO RESP LIMITADA","Persevera",87.5403,80.6612,105.6153,62.9338,88.693
58891176000160,"TAG PRAIA VERMELHA II FIF - CI RF INCENTIVADO DE INVESTIMENTO EM INFRA - RESP LIMITADA","TAG",70.2956,101.2251,15.012,24.0732,56.857
58903850000180,"JOURNEY CAPITAL 70 FUNDO INCENTIVADO DE INVESTIMENTO FINANCEIRO EM  INFRAESTRUTURA RENDA FIXA","Journey",111.2622,206.9463,91.8527,92.1106,98.1051
58930938000190,"JOURNEY CAPITAL 80 FUNDO INCENTIVADO DE INVESTIMENTO FINANCEIRO EM  INFRAESTRUTURA RENDA FIXA","Journey",149.0284,74.5709,-6.4452,41.3546,45.9055
59004460000130,"OCEANIC FIF - FUNDO INCENTIVADO EM INVESTIMENTO EM DEBÊNTURES DE INFRA RF CRÉD PRIV RESP LIMITADA","IAM",98.9357,92.2201,0.6968,22.8892,54.3348
59016052000107,"SANTANDER FUNDO INCENTIVADO DE INVESTIMENTO EM INFRA INFLAÇÃO 2 RF CRÉD PRIVADO - FIF RESP LIMITADA","SAM",22.662,94.5222,80.6219,48.8174,69.8151
59016228000112,"SANTANDER FUNDO INCENTIVADO DE INVESTIMENTO EM INFRA CDI 5 RENDA FIXA CRÉD PRIV - FIF RESP LIMITADA","SAM",66.4096,84.8984,132.3706,58.13,86.338
59054402000111,"PALÁDIO FIF INVESTIMENTO EM INFRAESTRUTURA CLASSE DE INVESTIMENTO EM INFRAESTRUTURA RF RESP LIMITADA","Safra Asset",105.8637,106.6495,34.5259,24.6625,52.7622
59061141000167,"HARIS DEBÊNTURES INCENTIVADAS FUNDO INCENTIVADO DE INVESTIMENTO FINANCEIRO EM INFRA RENDA FIXA","Portofino",108.6755,103.7736,28.335,23.3953,64.3028
59064446000122,"SANTO INÁCIO DE ANTIOQUIA IMAB FIF FUNDO INCENTIVADO EM INVEST DEB INFRA RF CRÉD PRIV RESP LIMITADA","IAM",100.5736,95.1055,-3.8323,13.4615,51.0463
59067509000102,"MAUD CAPITAL DEBÊNTURES FUNDO INCENTIVADO DE INVESTIMENTO FINANCEIRO EM INFRAESTRUTURA RENDA FIXA","Maud",183.8251,106.3081,71.8991,68.9447,82.5129
59091360000199,"FAMÍLIA RORATO FUNDO DE INVESTIMENTO EM INFRAESTRUTURA RENDA FIXA CRÉDITO PRIVADO","XPG",84.0221,95.0663,44.7041,14.2587,-58.8302
59092416000120,"BARTHELEMY FUNDO INCENTIVADO DE INVESTIMENTO FINANCEIRO EM INFRAESTRUTURA RENDA FIXA","BTG WM",43.8118,86.2068,120.7648,39.4472,73.6621
59108512000119,"MATERA FUNDO INCENTIVADO DE INVESTIMENTO FINANCEIRO EM INFRAESTRUTURA RENDA FIXA","BTG WM",44.392,85.6801,112.6125,42.773,74.9555
59123735000155,"PORTO PAINEIRA CDI FIF FUNDO INCENTIVADO EM INVESTIMENTO EM DEB DE INFRA RF CRÉD PRIV RESP LIMITADA","Porto Asset",1721.5568,102.4578,77.3776,42.0592,72.5597
59150919000104,"GENESIS KINEA FIF FUNDO INCENTIVADO EM INVESTIMENTO EM DEB DE INFRA RF CRED PRIV RESP LIMITADA","Kinea",6.9913,91.0584,-4.1565,11.5962,49.9263
59163342000175,"UBS EVOLUTION DOURO FUNDO DE INVESTIMENTO EM INFRAESTRUTURA - RENDA FIXA CRED PRIVA RESP LIMITADA","UBS",123.3486,101.9744,8.5492,22.9279,49.5415
59163409000171,"UBS EVOLUTION BROW FUNDO DE INVESTIMENTO EM INFRAESTRUTURA -RENDA FIXA CREDITO PRIVADO RESP LIMITADA","UBS",50.0751,99.7147,26.2019,32.7993,57.5139
59163531000148,"UBS EVOLUTION AGMG LAJUSTA FUNDO DE INVESTIMENTO EM INFRAESTRUTURA - RENDA FIXA CRED PRIV RESP LTDA","UBS",76.3381,105.3453,22.0729,27.5377,60.1855
59163781000188,"UBS EVOLUTION ALDEIA GUAPRA II CDI FUNDO DE INVESTIMENTO EM INFRAESTRUTURA RF CRED PRIV RESP LIMITAD","UBS",67.5365,88.7281,121.6795,64.9375,89.6316
59176878000125,"JVC FUNDO DE INVESTIMENTO EM INFRAESTRUTURA RENDA FIXA CRÉDITO PRIVADO","XPG",116.6597,115.6254,64.9792,42.7035,79.628
59193684000138,"UBS EVOLUTION SHUK FUNDO DE INVESTIMENTO EM INFRAESTRUTURA - RENDA FIXA CRÉDITO PRIVADO RESP LTDA","UBS",75.917,89.3353,118.6786,61.8483,86.8593
59194590000183,"UBS EVOLUTION JCTM IV FUNDO DE INVESTIMENTO EM INFRAESTRUTURA - RENDA FIXA CRÉD PRIV RESP LIMITADA","UBS",65.5086,94.2883,69.2814,44.4283,70.7925
59194839000150,"UBS EVOLUTION JEQUITIBA ROSA I FUNDO DE INVESTIMENTO EM INFRAESTRUTURA - RF CRED PRIV RESP LIMITADA","UBS",70.9076,96.2597,68.7039,46.727,
59245392000100,"ITAÚ S DEBÊNTURES INCENTIVADAS CDI FIF INCENTIVADO EM INFRA RENDA FIXA CRÉDITO PRIVADO RESP LIMITADA","IAM",53.4385,80.1086,123.8827,60.5692,86.8215
59246759000100,"TCC 3 FUNDO DE INVESTIMENTO FINANCEIRO RENDA FIXA INVESTIMENTO EM INFRAESTRUTURA","XPG",142.0744,91.6974,25.339,43.856,62.9464
59312403000119,"VALORA DEBÊNTURES INCENTIVADAS MASTER I FUNDO INCENTIVADO DE INVESTIMENTO EM INFRA RENDA FIXA","Valora",80.9845,98.8458,40.4436,8.998,75.3551
59313291000110,"SEZ FUNDO DE INVESTIMENTO EM INFRAESTRUTURA RENDA FIXA CRÉDITO PRIVADO","XPG",92.5237,112.8425,48.9551,49.1489,73.6082
59332047000103,"FUTURE II DEBENTURES INCENTIVADAS FUNDO DE INVESTIMENTO EM INFRAESTRUTURA RENDA FIXA CRÉDITO PRIVADO","Oriz",-29.4468,70.3443,28.3437,28.3182,59.0881
59349634000105,"COMANDATUBA FUNDO INCENTIVADO DE INVESTIMENTO FINANCEIRO EM INFRAESTRUTURA","BTG WM",64.8759,96.3587,79.5996,39.4547,73.2308
59412238000177,"SANTANDER PB FFZETA INVESTIMENTO EM INFRAESTRUTURA RENDA FIXA - FIF RESP LIMITADA","San WM",9.8344,78.0369,-39.7093,1.3948,42.6274
59412482000130,"SANTANDER PB ALCHEMY INVESTIMENTO EM INFRAESTRUTURA RENDA FIXA - FIF RESP LIMITADA","San WM",41.0089,81.8767,120.8637,59.2844,87.6402
59412583000100,"SANTANDER PB 210 INVESTIMENTO EM INFRA RENDA FIXA - FIF RESP LIMITADA","San WM",60.504,83.7124,106.6662,61.6725,
59412648000118,"SANTANDER PB RICCHEZZA A INVESTIMENTO EM INFRAESTRUTURA RENDA FIXA - FIF RESP LIMITADA","San WM",50.8181,86.3397,127.6417,67.9828,96.9659
59424781000194,"RB ASSET MASTER 2 FIF RENDA FIXA INVESTIMENTO EM INFRAESTRUTURA - RESPONSABILIDADE LIMITADA","RB Asset",43.6635,99.9513,137.3239,81.6051,52.619
59432100000130,"REGENERA FIF - CLASSE INCENTIVADA DE INVESTIMENTO EM INFRA RF - RESP LIMITADA","UBS",67.4202,84.9018,89.3363,46.0934,73.648
59452806000163,"COCOA FIF - FUNDO INCENTIVADO EM INVESTIMENTO EM DEBÊNTURES DE INFRA RF CRÉD PRIV RESP LIMITADA","IAM",57.4475,87.8031,115.5543,58.9652,84.4416
59511583000168,"SANTANDER PB RICCHEZZA C INVESTIMENTO EM INFRAESTRUTURA RENDA FIXA - FIF RESP LIMITADA","San WM",50.798,86.1259,127.3252,67.7031,96.7998
59511685000183,"SANTANDER PB RICCHEZZA S INVESTIMENTO EM INFRAESTRUTURA RENDA FIXA - FIF RESP LIMITADA","San WM",44.706,84.769,132.6268,67.5684,95.73
59511772000130,"SANTANDER PB MONTANA INVESTIMENTO EM INFRAESTRUTURA RENDA FIXA - FIF RESP LIMITADA","San WM",-34.408,70.0296,-34.7729,-10.3063,31.7768
59587336000145,"A1 INCENTIVADO FIF FUNDO INCENTIVADO EM INVESTIMENTO EM DEB DE INFRA RF CRÉD PRIV RESP LIMITADA","Asset 1",82.9618,105.0788,137.434,77.8664,97.5655
59591104000160,"ITAÚ DEBÊNTURES INCENTIVADAS PRÉ TARGET 2029 FIF INCENTIVADO INFRA RENDA FIXA CP RESP LIMITADA","IAM",347.0195,117.0008,65.9655,0.2822,67.9744
59602591000110,"ALBATROS FIF - CLASSE DE INVESTIMENTO RF INCENTIVADO DE INVESTIMENTO EM INFRAESTRUTURA","BRAM",106.1641,98.6417,5.0439,13.1446,54.066
59655459000176,"SANTANDER PB GUAIRA INVESTIMENTO EM INFRAESTRUTURA RENDA FIXA - FIF RESP LIMITADA","San WM",36.3147,80.2709,131.2371,60.8467,84.3939
59655567000149,"SANTANDER PB EGL371 INVESTIMENTO EM INFRAESTRUTURA RENDA FIXA - FIF RESP LIMITADA","San WM",90.3804,126.4564,-54.8752,43.3158,43.2726
59655691000104,"SANTANDER PB FAMA INVESTIMENTO EM INFRAESTRUTURA RENDA FIXA - FIF RESPONSABILIDADE LIMITADA","San WM",-43.0926,68.0072,-47.8566,8.178,43.9257
59672854000167,"YVY CAPITAL II FUNDO INCENTIVADO DE INVESTIMENTO FINANCEIRO EM INFRAESTRUTURA RENDA FIXA","YVY",57.7341,102.248,67.5144,35.0818,80.6652
59714471000104,"CAPITÂNIA INFRA YIELD MASTER FUNDO INCENTIVADO DE INVESTIMENTO FINANCEIRO EM INFRA RENDA FIXA","Capitânia",97.5952,111.8518,112.1817,98.1443,111.7418
59743618000194,"SANTANDER PB LUSÍADA INVESTIMENTO EM INFRAESTRUTURA RENDA FIXA - FIF RESP LIMITADA","San WM",-31.7978,72.8885,-42.9985,7.7596,45.1729
59754353000120,"ÁTRIA FUNDO INCENTIVADO DE INVESTIMENTO FINANCEIRO EM INFRAESTRUTURA RENDA FIXA","BTG WM",287.9656,276.7515,15.2582,51.3667,
59766036000123,"BRP GANESH FIF CLASSE DE INVESTIMENTO RF INCENTIVADO DE INVESTIMENTO EM INFRA - RESP LIMITADA","BR Partners",91.1293,98.5346,30.7403,25.3216,56.2634
59772310000177,"SAFRA INFRA INOVAÇÃO PRÉ RENDA FIXA FIF INVESTIMENTO EM INFRA CI EM INFRA EM RF RESP LIMITADA","Safra Asset",790.2645,732.7522,180.2642,-65.6058,58.3598
59785096000193,"SIRIUS FIF CLASSE DE INVESTIMENTO EM INFRAESTRUTURA RENDA FIXA - RESPONSABILIDADE LIMITADA","Oriz",84.4915,105.9482,14.1324,15.1273,54.9907
59814123000109,"BB LCB INFRA RENDA FIXA FUNDO INCENTIVADO DE INVESTIMENTO FINANCEIRO EM INFRAESTRUTURA RESP LIMITADA","BB Asset",98.4696,104.2679,7.3729,16.3421,49.0242
59816551000170,"BB TOP RENDA FIXA DEBÊNTURES INCENTIVADAS CDI IV FIF EM INFRAESTRUTURA RESPONSABILIDADE LIMITADA","BB Asset",19.6654,68.3852,111.7244,65.2308,
59817226000122,"BB ESTRELLA INFRA RENDA FIXA FUNDO INCENTIVADO DE INVESTIMENTO FINANCEIRO EM INFRAESTRUTURA RESP LIM","BB Asset",109.1972,107.423,31.1284,17.6449,43.7464
59817381000149,"BB MDA INFRA RENDA FIXA FUNDO INCENTIVADO DE INVESTIMENTO FINANCEIRO EM INFRAESTRUTURA RESP LIM","BB Asset",89.4901,107.7853,-11.1892,6.1614,40.9916
59817462000149,"BB PEPAME INFRA RENDA FIXA FUNDO INCENTIVADO DE INVESTIMENTO FINANCEIRO EM INFRAESTRUTURA RESP LIM","BB Asset",117.9355,117.9394,36.4993,25.8045,52.547
59817562000175,"BB AVANTI INFRA FUNDO INCENTIVADO DE INVESTIMENTO FINANCEIRO EM INFRAESTRUTURA RENDA FIXA RESP LIM","BB Asset",102.6462,106.8948,26.7711,31.5551,59.0346
59817810000188,"BB ÍCARO INFRA IV RENDA FIXA FUNDO INCENTIVADO DE INVESTIMENTO FINANCEIRO EM INFRAESTRUTURA RESP LIM","BB Asset",52.4014,65.0421,93.4337,100.8047,83.9736
59817983000104,"BB AFAM INFRA II RENDA FIXA FUNDO INCENTIVADO DE INVESTIMENTO FINANCEIRO EM INFRAESTRUTURA RESP LIM","BB Asset",92.9354,118.0587,2.9151,21.409,53.6454
59818212000123,"BB SH INFRA RENDA FIXA FUNDO INCENTIVADO DE INVESTIMENTO FINANCEIRO EM INFRAESTRUTURA RESP LIMITADA","BB Asset",107.2974,109.1931,12.0262,19.5782,50.4011
59818523000192,"BB KAIROS INFRA RENDA FIXA FUNDO INCENTIVADO DE INVESTIMENTO FINANCEIRO EM INFRAESTRUTURA RESP LIM","BB Asset",116.8339,95.0481,40.1704,34.8452,65.189
59818611000194,"BB VIVARE INFRA RENDA FIXA FUNDO INCENTIVADO DE INVESTIMENTO FINANCEIRO EM INFRAESTRUTURA RESP LIIM","BB Asset",110.5043,104.346,25.1274,26.8068,58.1941
59818797000181,"BB BULHÕES INFRA RENDA FIXA FUNDO INCENTIVADO DE INVESTIMENTO FINANCEIRO EM INFRAESTRUTURA RESP LIM","BB Asset",101.9016,106.4137,45.9733,33.69,58.0401
59818904000171,"BB TAP INFRA RENDA FIXA FUNDO INCENTIVADO DE INVESTIMENTO FINANCEIRO EM INFRAESTRUTURA RESP LIMITADA","BB Asset",95.013,106.2342,-14.6063,6.7268,45.2381
59819194000102,"BB MINDUIM INFRA RENDA FIXA FUNDO INCENTIVADO DE INVESTIMENTO FINANCEIRO EM INFRAESTRUTURA RESP LIM","BB Asset",107.8142,96.427,19.1531,16.8093,47.5165
59826291000114,"EGP KINEA FIF FUNDO INCENTIVADO EM INVESTIMENTO EM DEBÊNTURES DE INFRA RF CRÉD PRIVRESP LIMITADA","Kinea",-51.2075,78.804,-3.4005,13.718,46.5926
59870227000130,"BLUE YELLOW FIF INVESTIMENTO EM INFRAESTRUTURA CI EM INFRAESTRUTURA RENDA FIXA RESP LIMITADA","Safra Asset",103.7137,100.5725,24.7995,19.0813,58.4723
59873582000163,"RTR CLASSE DE INVESTIMENTO EM INFRAESTRUTURA RENDA FIXA - RESPONSABILIDADE LIMITADA","Tori 21",125.0651,101.7332,-32.3704,-9.0631,33.4218
59878473000139,"SAFRA INFRA EXCLUSIVO PRÉ RF FIF INVESTIMENTO EM INFRA CI EM INFRAESTRUTURA EM RF RESP LIMITADA","Safra Asset",699.8142,694.9383,183.5745,-44.6964,69.0785
59887628000101,"LOCAL CORNER FUNDO INCENTIVADO DE INVESTIMENTO FINANCEIRO EM INFRAESTRUTURA RENDA FIXA","BTG WM",69.9974,156.2393,-52.5952,-15.921,22.2984
59888220000146,"LILI FIF - FUNDO INCENTIVADO EM INVESTIMENTO EM DEBÊNTURES DE INFRA RF CRÉD PRIV RESP LIMITADA","IAM",68.5513,89.2616,63.0442,40.755,70.1019
59904332000143,"BOCOM BBM INFRA CDI FIF - CLASSE DE INVESTIMENTO RF INCENTIVADO EM INFRA - RESP LIMITADA","BBM Asset",60.4211,81.307,117.9554,60.91,80.1304
59910896000199,"SANTANDER PB HALEAKALA INVESTIMENTO EM INFRAESTRUTURA RENDA FIXA - FIF RESP LIMITADA","San WM",107.7598,108.2953,29.167,41.8909,67.0741
59911193000185,"SANTANDER PB CAROPINHA INVESTIMENTO EM INFRAESTRUTURA RENDA FIXA - FIF RESP LIMITADA","San WM",70.6913,78.0727,96.1203,28.4308,63.5127
59941697000148,"SANTANDER PB JCE INVESTIMENTO EM INFRAESTRUTURA RENDA FIXA - FIF RESP LIMITADA","San WM",-12.8919,71.4494,-53.5755,-8.265,34.9704
59941827000142,"SANTANDER PB MILANO INVESTIMENTO EM INFRAESTRUTURA RENDA FIXA -FIF RESP LIMITADA","San WM",138.1471,95.4875,59.4117,41.7976,57.5794
59995885000159,"NSEG2025 FUNDO DE INVESTIMENTO EM INFRAESTRUTURA RENDA FIXA CRÉDITO PRIVADO","XPG",103.6118,104.4191,33.8967,19.6742,62.9453
60029151000102,"MAGNA FUNDO DE INVESTIMENTO FINANCEIRO RENDA FIXA INVESTIMENTO EM INFRAESTRUTURA","XPG",107.168,85.0784,68.5745,40.4364,74.1967
60061182000132,"ITAÚ SELEÇÃO VÊNUS FIF FUNDO INCENTIVADO EM INVESTIMENTO EM DEB DE INFRA RF CRED PRIV RESP LIMITADA","IAM",77.1035,90.6149,0.6118,10.8021,45.3209
60075657000140,"ITAÚ GLOBAL DINÂMICO INFRA FIIF EM INFRAESTRUTURA RENDA FIXA CRÉDITO PRIVADO RESP LIMITADA","IAM",120.7567,105.3497,121.1267,48.2615,81.21
60096297000162,"JOURNEY CAPITAL 90 FUNDO INCENTIVADO DE INVESTIMENTO FINANCEIRO EM INFRAESTRUTURA RENDA FIXA","Journey",50.6868,88.1561,77.5304,91.6948,102.6225
60096865000125,"V2GR FIF - CLASSE INCENTIVADA DE INVESTIMENTO EM INFRA RF - RESP LIMITADA","Oriz",126.4964,107.9534,39.4091,-48.3117,19.5441
60124635000122,"SAFRA INFRA EXCLUSIVO PRÉ II RF FIF INVESTIMENTO EM INFRA CI EM INFRAESTRUTURA RF RESP LIMITADA","Safra Asset",804.7147,347.4546,165.1519,-54.5156,86.9984
60127023000193,"SAFRA INFRA INOVAÇÃO PRÉ II RF FIF INVESTIMENTO EM INFRA CI EM INFRAESTRUTURA RF RESP LIMITADA","Safra Asset",807.5269,143.7919,117.4509,-69.8008,75.5368
60176858000133,"VIREO FUNDO INCENTIVADO DE INVESTIMENTO FINANCEIRO EM INFRAESTRUTURA RENDA FIXA","Altera",-2.2014,101.1594,61.8775,80.798,
60222497000114,"FL FIF FUNDO INCENTIVADO EM INVESTIMENTO EM DEBÊNTURES DE INFRAESTRUTURA RF CRÉD PRIV RESP LIMITADA","IAM",33.1593,78.8698,65.3122,40.0449,66.7631
60233116000100,"SANTANDER PB PREMIUM INVESTIMENTO EM INFRA RF - FIF RESPONSABILIDADE LIMITADA","San WM",90.5964,96.9578,67.0968,36.2711,69.462
60261139000110,"RIO BRAVO INFRA CDI INCENTIVADO FIF - CI RF INCENTIVADO DE INVESTIMENTO EM INFRA - RESP LIMITADA","Rio Bravo",46.8861,43.4959,67.7702,40.8448,77.0566
60276080000134,"DAYCOVAL FI INCENTIVADO DE INVESTIMENTO EM INFRAESTRUTURA RF CRÉD PRIV LP RESP LIMITADA","Daycoval",97.3749,92.9143,163.5502,-57.0819,
60276261000160,"LM2 FIF FUNDO INCENTIVADO EM INVESTIMENTO EM DEBÊNTURES DE INFRA RF CRÉD PRIV RESP LIMITADA","IAM",54.2233,86.9886,57.8616,33.1164,61.5881
60344823000166,"ARAUCÁRIA 2 FIF FUNDO INCENTIVADO EM INVESTIMENTO EM DEBÊNTURES DE INFRA RF CRÉD PRIV RESP LIMITADA","IAM",60.6909,88.0394,116.2436,55.1633,87.4424
60355769000154,"MESSALINA FIF FUNDO INCENTIVADO EM INVESTIMENTO EM DEBÊNTURES DE INFRA RF CRÉD PRIV RESP LIMITADA","IAM",59.8085,86.1804,115.2224,58.4392,82.2232
60396945000104,"BOLDERBOULDER FIF FUNDO INCENTIVADO EM INVESTIMENTO EM DEB DE INFRA RF CRÉD PRIV RESP LIMITADA","IAM",342.0856,118.9544,61.3439,-2.7025,60.0429
60422070000160,"CURIMATAÚ FUNDO DE INVESTIMENTO FINANCEIRO EM INFRAESTRUTURA RENDA FIXA","BTG WM",111.069,102.9942,-1.2285,7.9617,49.8317
60442622000100,"MDLT FIF FUNDO INCENTIVADO EM INVESTIMENTO EM DEB DE INFRA RENDA FIXA CRED PRIV RESP LIMITADA","IAM",81.0808,92.278,-2.4113,12.198,48.715
60450312000129,"ITAÚ DEBÊNTURES INCENTIVADAS PRÉ TARGET 2029 II FIIF EM INFRA RF CRÉD PRIV RESP LIMITADA","IAM",341.6255,115.3843,70.5013,1.3664,64.6256
60450321000110,"ITAÚ CONSULT DEBÊNTURES INCENTIVADAS IPCA 2035 FIF INCENTIVADO EM INFRA RF CRÉD PRIV RESP LIMITADA","IAM",178.8693,104.1742,-70.9281,-11.9703,28.7106
60456463000194,"BRP DCP FIF - CI RF INCENTIVADO DE INVESTIMENTO EM INFRA - RESP LIMITADA","BR Partners",139.359,115.74,25.9014,27.4819,58.2149
60456656000145,"BRP ASPEN FIF - CI RF INCENTIVADO DE INVESTIMENTO EM INFRA - RESP LIMITADA","BR Partners",133.5361,108.9489,27.063,27.0179,56.5853
60477852000104,"ARX IPCA CAIXA FIF EM INFRAESTRUTURA RENDA FIXA CRÉDITO PRIVADO - RESPONSABILIDADE LIMITADA","ARX",101.3647,90.9061,42.0874,41.0393,68.1406
60500481000126,"SANTANDER PB INVESTIMENTO EM INFRA CDI RF - FIF RESP LIMITADA","San WM",39.2066,86.2192,141.4456,60.9252,80.7783
60502894000140,"SANTANDER PB TALLINN INVESTIMENTO EM INFRA RF - FIF RESP LIMITADA","San WM",49.4645,88.3525,130.0994,63.5836,82.3156
60503108000129,"SANTANDER PB FERREIRA INVESTIMENTO EM INFRAESTRUTURA RENDA FIXA - FIF RESP LIMITADA","San WM",52.6524,86.4661,121.1662,57.095,81.5537
60510186000150,"RLRM FIF FUNDO INCENTIVADO EM INVESTIMENTO EM DEB DE INFRA RENDA FIXA CRÉDITO PRIVADO RESP LIMITADA","IAM",68.8357,86.4277,53.8748,33.4124,66.3528
60531375000100,"XP SMM FUNDO DE INVESTIMENTO FINANCEIRO RENDA FIXA INVESTIMENTO EM INFRAESTRUTURA","XPG",128.8652,82.9138,29.5704,24.4226,57.9151
60532320000114,"SANTANDER PB DOIS IRMÃOS INVESTIMENTO EM INFRA RENDA FIXA - FIF RESP LIMITADA","San WM",66.1291,110.6234,63.4347,54.9276,
60532515000164,"ARGENT FIF - CI RF INCENTIVADO DE INVESTIMENTO EM INFRAESTRUTURA - RESP LIMITADA","BRAM",-5.6429,79.4067,10.5046,23.5228,58.0462
60553394000137,"CHATEAUX FIF FUNDO INCENTIVADO EM INVESTIMENTO EM DEBÊNTURES DE INFRA RF CRÉD PRIV RESP LIMITADA","IAM",61.6932,86.0292,125.1536,53.7299,85.8396
60589814000135,"OLÍVIA FIF INVESTIMENTO EM INFRAESTRUTURA CI RENDA FIXA EM INFRAESTRUTURA RESPONSABILIDADE LIMITADA","Safra Asset",96.6807,104.4889,18.8953,26.3861,59.9359
60606855000192,"ABSOLUTE HIKER INFRA II FIF FUNDO INCENTIVADO EM INVEST DEB DE INFRA RF CRED PRIV LP RESP LIMITADA","Absolute",101.6194,44.6313,80.4015,18.6672,52.1799
60627132000170,"FP FOF CAPITÂNIA FIF - CLASSE DE INVESTIMENTO RF CRED PRIV - RESP LIMITADA","Capitânia",99.0579,100.5259,99.5939,90.874,98.3085
60627152000140,"POTATOES FIF FUNDO INCENTIVADO EM INVESTIMENTO EM DEBÊNTURES DE INFRA RF CRÉD PRIV RESP LIMITADA","IAM",66.7808,83.3025,116.2483,52.2833,82.2375
60675392000110,"FORTE FIF - CLASSE DE INVESTIMENTO RF INCENTIVADO DE INVESTIMENTO EM INFRA","BRAM",147.4613,100.2441,2.2489,2.1729,50.1507
60691906000121,"GUINESS FUNDO INCENTIVADO DE INVESTIMENTO FINANCEIRO EM INFRAESTRUTURA RENDA FIXA","BTG WM",116.8243,108.3743,2.6724,-7.7703,46.1483
60740534000186,"PINOT FIF FUNDO INCENTIVADO EM INVESTIMENTO EM DEB DE INFRA RENDA FIXA CRED PRIV RESP LIMITADA","IAM",85.9186,93.3733,3.2005,-1.7456,38.271
60740615000186,"IPÊ KINEA FIF FUNDO INCENTIVADO EM INVESTIMENTO EM DEBÊNTURES DE INFRA RF CRÉD PRIV RESP LIMITADA","Kinea",8.3116,92.9059,-3.3419,14.5757,42.896
60742631000108,"SANTANDER PB PRIME INVESTIMENTO EM INFRA RF - FIF RESP LIMITADA","San WM",47.6782,84.7973,-43.9479,0.5034,29.8897
60742779000142,"SANTANDER PB CALAMECCA INVESTIMENTO EM INFRA RF - FIF RESP LIMITADA","San WM",190.3658,97.1037,-28.3503,1.3103,48.4572
60742785000108,"PRODHOS FIF - CLASSE DE INVESTIMENTO RENDA FIXA INCENTIVADO DE INVESTIMENTO EM INFRAESTRUTURA","BRAM",88.5672,78.8301,13.9284,-157.1373,-30.8892
60742819000156,"SANTANDER PB QR INVESTIMENTO EM INFRA RF - FIF RESP LIMITADA","San WM",56.4301,89.0996,124.0519,61.049,75.9142
60775750000167,"G5 ALLOCATION II FUNDO INCENTIVADO DE INVESTIMENTO FINANCEIRO EM INFRAESTRUTURA RENDA FIXA","G5",70.4419,294.0725,57.7886,-207.8426,-39.1948
60776254000128,"LEGACY CAPITAL CREDIT HORIZON FUNDO INCENTIVADO DE INVEST FINANCEIRO EM INFRAESTRUTURA RENDA FIXA","Legacy",104.2763,99.7354,104.325,-35.6871,102.071
60778434000149,"MADRID 1 FIF - CLASSE DE INVESTIMENTO RENDA FIXA INCENTIVADO DE INVESTIMENTO EM INFRAESTRUTURA","BRAM",-155.9362,36.723,-4.3031,5.6936,52.009
60784769000170,"INFRACHAI FIF FUNDO INCENTIVADO EM INVESTIMENTO EM DEB DE INFRA RF CRED PRIV RESP LIMITADA","IAM",87.7981,87.192,6.6274,7.4169,47.4946
60806210000101,"LUCCA FIF FUNDO INCENTIVADO EM INVESTIMENTO EM DEBÊNTURES DE INFRA RF CRÉD PRIV RESP LIMITADA","IAM",51.9879,86.5972,118.7243,55.0013,85.1702
60810873000191,"BRADESCO MA FIF - CLASSE DE INVESTIMENTO RENDA FIXA INCENTIVADO DE INVESTIMENTO EM INFRAESTRUTURA","BRAM",48.4926,98.9214,76.6166,65.5477,90.5846
60841575000169,"CONVAIR FIF FUNDO INCENTIVADO EM INVESTIMENTO EM DEBÊNTURES DE INFRA RF CRED PRIV RESP LIMITADA","IAM",98.7546,98.6923,59.8138,61.6736,79.3408
60852475000138,"SAFRA INFRA INOVAÇÃO PRÉ III RF FIF INVESTIMENTO EM INFRA CI EM INFRA EM RENDA FIXA RESP LIMITADA","Safra Asset",122.4807,490.5667,146.2107,-90.1823,130.3634
60853232000114,"SAFRA INFRA INOVAÇÃO PÓS RENDA FIXA FIF INVESTIMENTO EM INFRA CI EM INFRA EM RF RESP LIMITADA","Safra Asset",-2475.3896,81.2141,117.0884,-24.185,113.5781
60859716000170,"RB MASTER 1 FUNDO INCENTIVADO DE INVEST FINANCEIRO EM INFRA RENDA FIXA RESPONSABILIDADADE LIMITADA","RB Asset",34.726,85.5255,121.3702,44.1629,57.3581
60865092000102,"XPA SHELF 1 FUNDO DE INVESTIMENTO EM INFRAESTRUTURA RENDA FIXA CRÉDITO PRIVADO","XPG",69.3288,92.596,119.3959,47.8926,79.807
60865770000129,"ÁGUA BOA FUNDO DE INVESTIMENTO FINANCEIRO RENDA FIXA INVESTIMENTO EM INFRAESTRUTURA","XPG",85.9925,92.1502,83.9,61.8718,70.3227
60866355000190,"MARAJOARA FUNDO DE INVESTIMENTO FINANCEIRO RENDA FIXA INVESTIMENTO EM INFRAESTRUTURA","XPG",88.4837,90.7887,87.061,58.9595,63.73
60866948000156,"SANTANDER PB LXVIII INVESTIMENTO EM INFR RF - FIF RESP LIMITADA","San WM",89.7139,98.328,122.9624,62.4413,77.4554
60867323000109,"DASDAMI BITACHON FUNDO DE INVESTIMENTO EM INFRAESTRUTURA RENDA FIXA","XPG",75.8747,96.3425,71.1089,37.8466,
60867433000170,"SANTANDER PB GRAN PRADO INVESTIMENTO EM INFRAESTRUTURA RENDA FIXA - FIF RESP LIMITADA","San WM",18.1197,70.9451,-44.3142,-3.5383,36.4237
60868496000141,"GPBK FUNDO DE INVESTIMENTO EM INFRAESTRUTURA RENDA FIXA","XPG",108.1584,97.7103,29.7584,57.5484,
60917687000156,"ITAÚ GCA DEBÊNTURES INCENTIVADAS IMAB 5 FIF INCENTIVADO INFRA RF CRED PRIV LONGO PRAZO RESP LIMITADA","IAM",14.0806,88.6723,91.4679,76.8254,88.5533
60920222000154,"SANTANDER PB A&N STC INVESTIMENTO EM INFRA RENDA FIXA - FIF RESP LIMITADA","San WM",5.5439,74.9831,-45.446,-6.9415,28.6385
60920297000135,"SANTANDER PB INFINITY CASH ONE INVESTIMENTO EM INFRA RF - FIF RESP LIMITADA","San WM",44.7086,85.885,121.4207,57.9055,76.4746
60931618000105,"ABSOLUTE HIDRA CDI PLUS S FUNDO INCENTIVADO DE INVEST FINANCEIRO EM INFRA RENDA FIXA","Absolute",88.4144,90.1459,103.7778,50.6989,76.7419
60936335000148,"TITANIUM FIF FUNDO INCENTIVADO EM INVESTIMENTO EM DEBÊNTURES DE INFRA RF CRED PRIV RESP LIMITADA","IAM",87.0118,73.2819,-239.7783,-105.4317,-4.0997
60936771000117,"OURO DE TOLO FIF FUNDO INCENTIVADO EM INVESTIMENTO EM DEBÊNTURES DE INFRA RF CRED PRIV RESP LIMITADA","IAM",72.7091,90.7459,67.9298,-1.2823,53.2417
60938351000170,"TCL INFRA JURO REAL FIF FI INCENTIVADO EM DEBÊNTURES DE INFRA RF CRED PRIV RESP LIMITADA","IAM",81.5879,90.76,-0.2545,10.0992,47.9871
60950242000178,"GALT PINUS HEDGE MASTER FUNDO DE INVESTIMENTO EM INFRA RENDA FIXA CRÉDITO PRIVADO RESP LIMITADA","Galt",11.3565,89.6179,121.9597,71.3646,89.7904
60958418000138,"INFRANET INCENTIVADO FIF RENDA FIXA INVESTIMENTO EM INFRAESTRUTURA - RESPONSABILIDADE LIMITADA","Andbank",90.9095,78.365,-7.6444,10.6672,41.788
60965262000112,"BLACKHAWK EMERGING MARKETS FUNDO DE INVESTIMENTO FINANCEIRO  MULTIMERCADO","BTG Asset",46.2615,60.4931,702.7043,-207.5402,57.2242
60978192000137,"VINCHIARE CDI FUNDO INCENTIVADO DE INVESTIMENTO FINANCEIRO EM INFRAESTRUTURA RENDA FIXA","BTG WM",4.1865,80.864,108.0843,47.7744,73.8497
60978472000145,"VINCHIARE IPCA FUNDO INCENTIVADO DE INVESTIMENTO FINANCEIRO EM INFRAESTRUTURA RENDA FIXA","BTG WM",150.4058,66.1582,-49.1383,-4.0903,32.6294
61051152000108,"SPX SEAHAWK DEBÊNTURES INCENTIVADAS S FIF EM INFRA RENDA FIXA CRÉD PRIV LONGO PRAZO RESP LIMITADA","SPX",45.8917,82.3902,103.2139,36.7903,69.4811
61063366000102,"BASE II FIF FUNDO INCENTIVADO EM INVESTIMENTO EM DEBÊNTURES DE INFRA RF CRÉD PRIV RESP LIMITADA","IAM",75.7052,87.051,7.8787,16.0355,40.6171
61080007000155,"EVOLUTION ALT FUNDO INCENTIVADO DE INVESTIMENTO FINANCEIRO EM INFRAESTRUTURA RENDA FIXA","Altera",79.0532,99.8183,44.8341,12.6145,68.9042
61108069000128,"SAGITARIUS FIF FUNDO INCENTIVADO EM INVESTIMENTO EM DEB DE INFRA RF CRÉD PRIV RESP LIMITADA","IAM",71.7038,97.5333,24.8976,33.152,65.4881
61140383000198,"BB GCF INFRA RENDA FIXA FUNDO INCENTIVADO DE INVESTIMENTO FINANCEIRO EM INFRAESTRUTURA RESP LIMITADA","BB Asset",88.7488,101.3987,21.1951,21.4562,51.2018
61140498000182,"BB ARTEMIS INFRA RENDA FIXA FUNDO INCENTIVADO DE INVESTIMENTO FINANCEIRO EM INFRAESTRUTURA RESP LIM","BB Asset",84.2135,101.3829,36.9099,32.6333,56.8544
61140801000147,"BB AFRODITE INFRA RENDA FIXA FUNDO INCENTIVADO DE INVESTIMENTO FINANCEIRO EM INFRAESTRUTURA RESP LIM","BB Asset",167.3444,107.3163,-4.2454,-2.5628,36.1942
61140970000187,"BB CMLM INFRA RENDA FIXA FUNDO INCENTIVADO DE INVESTIMENTO FINANCEIRO EM INFRAESTRUTURA RESP LIM","BB Asset",159.6615,110.6431,-12.8099,-6.4809,32.033
61141069000120,"BB RMP INFRA RENDA FIXA FUNDO INCENTIVADO DE INVESTIMENTO FINANCEIRO EM INFRAESTRUTURA RESP LIMITADA","BB Asset",86.83,107.9249,-16.7864,-0.5968,36.8041
61141163000189,"BB ALBERTO INFRA RENDA FIXA FUNDO INCENTIVADO DE INVESTIMENTO FINANCEIRO EM INFRAESTRUTURA RESP LIM","BB Asset",40.9243,102.899,18.5082,16.4673,55.6367
61141201000101,"BB JUJUBA INFRA RENDA FIXA FUNDO INCENTIVADO DE INVESTIMENTO FINANCEIRO EM INFRAESTRUTURA RESP LIM","BB Asset",141.9329,113.3511,-24.0434,-8.3992,32.8289
61141486000172,"BB MONTE NEBO INFRA RENDA FIXA FUNDO INCENTIVADO DE INVESTIMENTO FINANCEIRO EM INFRA RESP LIMITADA","BB Asset",101.3554,106.9024,20.7446,28.1813,57.5729
61141536000111,"BB MASTER RENDA FIXA DEBÊNTURES INCENTIVADAS FIF INVESTIMENTO EM INFRAESTRUTURA RESP LIMITADA","BB Asset",-9853.6611,85.351,102.4582,102.401,101.8504
61182281000135,"QUATTUOR FRATER II FUNDO INCENTIVADO DE INVESTIMENTO FINANCEIRO EM INFRAESTRUTURA RENDA FIXA","Brainvest",93.7795,106.557,31.1488,31.6758,55.1018
61198681000139,"SANTANDER PB ALDI INVESTIMENTO EM INFRA RF - FIF RESP LIMITADA","San WM",53.3442,87.8221,128.3118,54.8656,71.4663
61199023000161,"SANTANDER PB EMMANUEL INVESTIMENTO EM INFRA RENDA FIXA - FIF RESP LIMITADA","San WM",64.1118,93.5627,86.6193,41.5483,63.3569
61199231000160,"SANTANDER PB HILLSIDE INVESTIMENTO EM INFRA RENDA FIXA - FIF RESP LIMITADA","San WM",70.3276,86.5143,9.3114,19.8573,44.0141
61240697000162,"LUPA FUNDO DE INVESTIMENTO FINANCEIRO RENDA FIXA INVESTIMENTO EM INFRAESTRUTURA","XPG",86.8898,94.067,102.1316,53.2088,80.1099
61245368000104,"SAPERE FUNDO DE INVESTIMENTO FINANCEIRO - CLASSE DE RENDA FIXA INVESTIMENTO EM INFRA - RESP LIMITADA","BV Asset",64.6191,83.7506,85.6899,30.1858,107.5157
61268857000181,"SEG FUNDO INCENTIVADO DE INVESTIMENTO FINANCEIRO EM INFRAESTRUTURA RENDA FIXA","BTG WM",129.3087,103.3439,8.1298,-0.4167,43.1502
61269144000132,"TAVERNELLE FUNDO INCENTIVADO DE INVESTIMENTO FINANCEIRO EM INFRAESTRUTURA RENDA FIXA","BTG WM",91.9308,99.0865,61.4997,19.1075,49.6896
61271154000102,"PGRE FIF - CLASSE DE INVESTIMENTO RF INCENTIVADO DE INVESTIMENTO EM INFRA","BRAM",109.6782,96.8814,-2.4185,4.1196,43.1179
61277977000145,"POIVRE FUNDO INCENTIVADO DE INVESTIMENTO FINANCEIRO EM INFRAESTRUTURA RENDA FIXA","BTG WM",32.7177,83.9818,105.0745,45.3265,70.2597
61324558000117,"SANTANDER PB VL3 INVESTMENTS INVESTIMENTO EM INFRA RENDA FIXA - FIF RESP LIMITADA","San WM",60.0594,82.0722,90.1738,44.8905,75.0516
61333263000107,"SANTANDER PB GAL PORTO II INVESTIMENTO EM INFRA RENDA FIXA - FIF RESP LIMITADA","San WM",62.0222,87.0919,121.1373,62.6079,92.2802
61347630000121,"PSL 5 FUNDO INCENTIVADO DE INVESTIMENTO FINANCEIRO EM INFRAESTRUTURA RENDA FIXA","BTG WM",41.6315,83.9439,48.9062,-4.5963,51.8514
61350794000108,"ITAÚ 0306 FIF FUNDO INCENTIVADO EM INVESTIMENTO EM DEBÊNTURES DE INFRA RF CRED PRIV RESP LIMITADA","IAM",87.3711,96.5257,-17.6307,-13.3523,30.491
61390439000162,"ELITEBSV FIF FUNDO INCENTIVADO EM INVESTIMENTO EM DEB DE INFRA RF CRED PRIV RESP LIMITADA","IAM",61.9925,84.7827,93.4762,48.6967,64.8831
61390482000128,"ALEXANDRIA FIF FUNDO INCENTIVADO EM INVESTIMENTO EM DEBÊNTURES DE INFRA RF CRÉD PRIV RESP LIMITADA","IAM",53.9749,84.9678,87.2144,38.2683,65.1833
61390937000105,"VINCO FUNDO INCENTIVADO DE INVESTIMENTO FINANCEIRO EM INFRAESTRUTURA RENDA FIXA","Oriz",-148.4884,50.8412,31.9965,25.414,68.8013
61391125000184,"SOLEDADE FUNDO INCENTIVADO DE INVESTIMENTO FINANCEIRO EM INFRAESTRUTURA RENDA FIXA","MMZR",94.7703,109.504,53.0717,30.0456,57.5066
61411777000133,"DLM FUNDO INCENTIVADO DE INVESTIMENTO FINANCEIRO EM INFRAESTRUTURA  RENDA FIXA","BTG WM",32.4038,85.4014,122.6582,54.0971,79.7707
61418417000163,"ORANGE FIF - CLASSE DE INVESTIMENTO RF INCENTIVADO DE INVESTIMENTO EM INFRA - RESP LIMITADA","BRAM",1.7951,76.5203,8.6826,15.4008,50.1809
61444194000109,"SULAMÉRICA INFRA EXCLUSIVO 2 FIF - FDO INCENTIVADO DE INV EM INFRAESTRUTURA RENDA FIXA DE RL","Sulamérica",70.0664,77.724,137.9237,51.3536,79.6986
61445398000164,"BRADESCO GLOBAL CLIENTS FIF - CI RF INCENTIVADO DE INVESTIMENTO EM INFRAESTRUTURA - RESP LIMITADA","BRAM",-15.379,66.2475,1.4583,8.1584,46.8076
61541353000193,"ITANHANDU FIF FUNDO INCENTIVADO EM INVESTIMENTO EM DEBÊNTURES DE INFRA RF CRED PRIV RESP LIMITADA","IAM",63.3678,85.9336,16.0914,18.8039,52.8734
61543295000137,"3AXB FUNDO INCENTIVADO DE INVESTIMENTO FINANCEIRO EM INFRAESTRUTURA RENDA FIXA","BTG WM",60.9918,102.043,-70.4416,-28.5388,22.184
61543507000186,"VINLAND 2 FI INCENTIVADO EM DEB DE INFRA ATIVO FIF RF CRED PRIV LP RESPONSABILIDADE LIMITADA","Vinland",-560.3525,-100.9223,9.3055,-10.4554,36.1314
61558612000199,"JRD IPCA FIF - CLASSE DE INVESTIMENTO RF INCENTIVADO DE INVESTIMENTO EM INFRAESTRUTURA","BRAM",-20.8605,67.0564,-0.6339,7.7647,45.7515
61559509000163,"WGS FIF - CLASSE DE INVESTIMENTO RF INCENTIVADO DE INVESTIMENTO EM INFRAESTRUTURA","BRAM",-20.9543,69.8363,0.8324,17.5221,44.173
61560810000197,"INVISTE FUNDO DE INVESTIMENTO EM INFRAESTRUTURA RENDA FIXA","XPG",-176.32,43.9054,12.4057,18.0464,
61561173000173,"JOLUGAJU FUNDO DE INVESTIMENTO EM INFRAESTRUTURA RENDA FIXA","XPG",88.6251,104.5799,87.7557,49.3665,
61562479000144,"AGUARÁ GUAZÚ FUNDO DE INVESTIMENTO EM INFRAESTRUTURA RENDA FIXA","XPG",-19.4261,87.9949,63.3977,60.9625,
61579871000104,"ESPANHA FIF - CLASSE DE INVESTIMENTO RF INCENTIVADO DE INVESTIMENTO EM INFRA - RESP LIMITADA","BRAM",117.7787,93.9614,-0.2603,3.2851,
61583519000134,"MIAMI 4 FIF - CLASSE DE INVESTIMENTO RF INCENTIVADO DE INVESTIMENTO EM INFRAESTRUTURA","BRAM",43.2345,93.4251,131.6189,60.3844,90.6586
61584502000100,"BB TOP RENDA FIXA DEBÊNTURES INCENTIVADAS CDI III FIF EM INFRAESTRUTURA RESPONSABILIDADE LIMITADA","BB Asset",24.8442,76.1471,121.7497,24.7375,55.2528
61584731000116,"BB ATARAXIA INFRA RENDA FIXA FUNDO INCENTIVADO DE INVESTIMENTO FINANCEIRO EM INFRAESTRUTURA RESP LIM","BB Asset",108.2453,128.8573,-47.7035,-17.9031,19.2847
61584782000148,"BB TESS INFRA RENDA FIXA FUNDO INCENTIVADO DE INVESTIMENTO FINANCEIRO EM INFRAESTRUTURA RESP LIM","BB Asset",53.4408,63.6671,92.1339,99.283,87.7192
61584915000186,"BB FADO INFRA RENDA FIXA FUNDO INCENTIVADO DE INVESTIMENTO FINANCEIRO EM INFRAESTRUTURA RESP LIM","BB Asset",114.8909,106.8144,8.7652,16.5678,54.738
61597359000182,"POPONHOS FUNDO DE INVESTIMENTO EM INFRAESTRUTURA RENDA FIXA RESPONSABILIDADE LIMITADA","Oriz",93.7212,95.8218,50.3787,46.9578,
61622654000141,"SANTANDER PB PINHAL INVESTIMENTO EM INFRAESTRUTURA RENDA FIXA - FIF RESP LIMITADA","San WM",58.2183,93.7148,133.7008,54.9599,76.7918
61622820000100,"SANTANDER FUNDO INCENTIVADO DE INVESTIMENTO EM INFRA CDI 6 RENDA FIXA CRED PRIV - FIF RESP LIMITADA","SAM",43.5583,78.9638,136.5212,62.4385,84.531
61643116000133,"CASTELNUOVO KINEA FIF FI INCENTIVADO EM DEBÊNTURES DE INFRA RENDA FIXA CRÉDITO PRIVADO RESP LIMITADA","Kinea",24.7691,94.3208,-7.9253,7.8212,49.9115
61643338000156,"SPARTA INFRA INFLAÇÃO LONGA MASTER II FI EM INFRAESTRUTURA RENDA FIXA - RESP LIMITADA","Sparta",269.1005,-2.6597,-114.2474,-75.2593,
61651255000109,"ITAÚ DEBÊNTURES INCENTIVADAS CDI FEEDER I FIF INCENTIVADO EM INFRA RF CRED PRIV RESP LIMITADA","IAM",58.4349,89.0397,123.1163,52.7763,77.0082
61655249000120,"OURO VERDE FIF - CI RF INCENTIVADO DE INVESTIMENTO EM INFRAESTRUTURA - RESP LIMITADA","Oriz",112.5065,97.7599,27.8732,16.523,65.7203
61683502000159,"SANTANDER PB OLMOS INVESTIMENTO EM INFRA RENDA FIXA - FIF RESP LIMITADA","San WM",51.6745,89.4579,130.2229,55.7639,73.6918
61690166000171,"MELMAX FIF - CI RF INCENTIVADO DE INVESTIMENTO EM INFRAESTRUTURA - RESP LIMITADA","BRAM",12.3297,76.0182,129.8574,51.9483,
61692294000154,"4UM ICM I INFRAESTRUTURA FUNDO INCENTIVADO DE INVESTIMENTO FINANCEIRO EM INFRAESTRUTURA RENDA FIXA","4UM",44.3047,64.6913,51.2731,46.4391,72.775
61761100000125,"BOSSA BRASIL FUNDO INCENTIVADO DE INVESTIMENTO FINANCEIRO EM INFRAESTRUTURA RENDA FIXA","BTG WM",121.7774,108.8332,-9.9615,11.7492,51.9952
61791374000167,"ITAÚ PVT DEBÊNTURES INCENTIVADAS PÓS-FIXADO II FIF INCENTIVADO INFRA RF CRED PRIV LP RESP LIMITADA","IAM",61.0152,86.7779,131.5014,64.098,75.5153
61791538000156,"ITAÚ DEBÊNTURES INCENTIVADAS PÓS-FIXADO II FIF INCENTIVADO EM INFRA RF CRED PRIV RESP LIMITADA","IAM",55.3987,84.9525,133.4979,69.5316,78.3313
61794817000173,"SANTANDER PB GLADIATOR INVESTIMENTO EM INFRA RENDA FIXA - FIF RESP LIMITADA","San WM",36.0421,79.4313,-49.2207,2.3369,27.844
61798592000123,"BRADESCO PERSPECTIVA JUROS REAIS FIF - CI RF INCENTIVADO DE INVESTIMENTO EM INFRA LP - RESP LIMITADA","BRAM",31.0813,80.3689,-29.0625,11.7386,35.2173
61800269000147,"JOURNEY CAPITAL 15 FUNDO INCENTIVADO DE INVESTIMENTO FINANCEIRO EM INFRAESTRUTURA RENDA FIXA","Journey",66.9431,89.9476,55.592,73.3002,82.0414
61800420000147,"JOURNEY CAPITAL 25 FUNDO INCENTIVADO DE INVESTIMENTO FINANCEIRO EM INFRAESTRUTURA RENDA FIXA","Journey",88.4793,101.6669,51.1953,69.1675,71.9996
61803239000194,"DOMUS VI DEBENTURES INCENTIVADAS FUNDO DE INVESTIMENTO FINANCEIRO EM INFRAESTRUTURA RENDA FIXA","BTG WM",69.8119,71.5193,-28.7332,-3.5658,42.5889
61803360000116,"AMAÍ FUNDO INCENTIVADO DE INVESTIMENTO FINANCEIRO EM INFRAESTRUTURA RENDA FIXA","BTG WM",120.2441,108.5186,-10.1108,9.7562,53.9211
61809225000188,"SANTANDER PB SOLIMÕES INVESTIMENTO EM INFRAESTRUTURA RENDA FIXA - FIF RESP LIMITADA","San WM",104.4646,95.7871,55.6003,,
61809401000181,"SANTANDER PB VITÓRIA INVESTIMENTO EM INFRA RF - FIF RESP LIMITADA","San WM",50.808,85.0416,118.2138,58.0349,
61817952000197,"UBS EVOLUTION WGL FUNDO DE INVESTIMENTO EM INFRAESTRUTURA - RENDA FIXA CRÉDITO PRIVADO RESP LIMITADA","UBS",68.7701,101.2163,24.5354,57.4537,
61818719000129,"UBS EVOLUTION SYNERGY FUNDO DE INVESTIMENTO EM INFRAESTRUTURA RENDA FIXA CRED PRIV RESP LIMITADA","UBS",60.8587,84.2551,121.3329,92.7128,
61834984000109,"BB VORTEX INFRA RF FUNDO INCENTIVADO DE INVESTIMENTO FINANCEIRO EM INFRAESTRUTURA RESP LIMITADA","BB Asset",95.2998,103.2672,30.8736,49.1546,65.514
61835389000180,"ITAÚ PVT DEBÊNTURES INCENTIVADAS IMA-B II FIF INCENTIVADO EM INFRA RF CRED PRIV LP RESP LIMITADA","IAM",91.0853,94.3114,7.0617,35.2754,51.587
61835634000159,"BB TAMBORETE INFRA RENDA FIXA FUNDO INCENTIVADO DE INVESTIMENTO FINANCEIRO EM INFRA RESP LIMITADA","BB Asset",88.2176,93.5952,42.7697,46.4773,54.344
61835843000100,"BB LCPC INFRA RENDA FIXA FUNDO INCENTIVADO DE INVESTIMENTO FINANCEIRO EM INFRAESTRUTURA RESP LIM","BB Asset",73.0491,94.0371,11.9608,27.9398,54.3592
61836539000170,"BB MBM INFRA RENDA FIXA FUNDO INCENTIVADO DE INVESTIMENTO FINANCEIRO EM INFRAESTRUTURA RESP LIMITADA","BB Asset",65.5132,95.7789,21.1935,29.6054,
61836753000126,"BB NEXUS INFRA RENDA FIXA FUNDO INCENTIVADO DE INVESTIMENTO FINANCEIRO EM INFRAESTRUTURA RESP LIM","BB Asset",103.1905,111.8579,33.1219,39.2715,
61837406000118,"BB RIBEIRÃO INFRA RENDA FIXA FUNDO INCENTIVADO DE INVEST FINAN EM INFRAESTRUTURA RESP LIMITADA","BB Asset",100.1593,117.6973,46.4553,53.8649,
61837478000165,"BB MMF INFRA RENDA FIXA FUNDO INCENTIVADO DE INVESTIMENTO FINANCEIRO EM INFRAESTRUTURA RESP LIM","BB Asset",100.8983,109.4735,37.3262,28.2835,
61843171000177,"G5 FLAMINGO FIF - CLASSE DE INVESTIMENTO RF INCENTIVADO DE INVESTIMENTO EM INFRA - RESP LIMITADA","G5",242.98,113.5033,27.3561,6.9301,54.5481
61844252000191,"SANTANDER PB PARKSIDE INVESTIMENTO EM INFRA RF - FIF RESP LIMITADA","San WM",69.5997,92.7937,4.2898,23.9277,
61844366000131,"SANTANDER PB 287 INVESTIMENTO EM INFRA RF - FIF RESP LIMITADA","San WM",188.5263,92.4203,-34.4272,3.7983,
61845849000150,"LEOFER FUNDO DE INVESTIMENTO EM INFRAESTRUTURA RENDA FIXA","Être-Davos",89.3772,105.6563,37.0673,28.9355,
61854664000102,"ITAÚ DEBÊNTURES INCENTIVADAS IMA-B II FIF INCENTIVADO EM INFRA RF CRÉDITO PRIVADO RESP LIMITADA","IAM",102.001,98.1952,3.2396,36.309,54.7846
61866929000192,"ISCH1A FUNDO INCENTIVADO DE INVESTIMENTO FINANCEIRO EM INFRAESTRUTURA RENDA FIXA","Brainvest",122.1521,100.3727,-5.7743,21.1885,
61875090000159,"ROMA FUNDO INCENTIVADO DE INVESTIMENTO FINANCEIRO EM INFRAESTRUTURA RENDA FIXA","BTG WM",105.33,104.6373,22.6041,14.8156,39.8125
61881131000110,"ICATU VANGUARDA LONG DURATION INCENTIVADO DE INVESTIMENTO EM INFRA FIF CI RF LP - RESP LIMITADA","Icatu",28.7269,96.5441,17.7341,38.4317,50.0917
61884366000165,"SANTANDER PB 289 INVESTIMENTO EM INFRAESTRUTURA RENDA FIXA - FIF RESP LIMITADA","San WM",51.9196,83.7495,110.5243,,
61885649000121,"ARTEMIS FUNDO INCENTIVADO DE INVESTIMENTO FINANCEIRO EM INFRAESTRUTURA RENDA FIXA","BTG WM",103.1913,103.4199,20.4668,5.973,58.2936
61898585000101,"THALASSA INFRA CLASSE DE INVESTIMENTO RENDA FIXA EM INFRAESTRUTURA - RESP LIMITADA","UBS",101.5142,100.6608,30.2052,44.7134,
61908557000110,"AKS FIF FUNDO INCENTIVADO EM INVESTIMENTO EM DEB DE INFRA RF CRED PRIV RESP LIMITADA","IAM",83.5417,90.2458,28.656,41.1902,
61925300000176,"MAZEL KINEA FIF FI INCENTIVADO EM DEBÊNTURES DE INFRA RF CRED PRIV RESP LIMITADA","Kinea",5.4295,90.0643,-2.6798,13.7547,50.9318
61926290000193,"ARATU FIF FI INCENTIVADO EM DEBÊNTURES DE INFRA RF CRED PRIV RESP LIMITADA","IAM",64.2868,88.8914,126.4604,55.9629,-34.7563
61944498000135,"BALDER II FIF - CLASSE DE INVESTIMENTO RENDA FIXA INCENTIVADO DE INVESTIMENTO EM INFRAESTRUTURA","BRAM",15.8368,66.5264,50.644,21.2509,62.4013
61944886000116,"FV II FIF - CLASSE DE INVESTIMENTO RENDA FIXA INCENTIVADO DE INVESTIMENTO EM INFRAESTRUTURA","BRAM",33.275,71.9948,53.3861,23.03,57.5121
61948797000148,"RIZA EVORA HEDGE DEBÊNTURES INCENTIVADAS FUNDO INCENTIVADO DE INVESTIMENTO FINANCEIRO EM INFRA RF","Riza",108.3481,125.2688,134.6727,92.798,95.5216
61952434000186,"ALCATRAZES FUNDO INCENTIVADO DE INVESTIMENTO FINANCEIRO EM INFRAESTRUTURA RENDA FIXA","BTG WM",104.3062,107.545,20.0439,36.8009,
61953079000160,"PERSA FUNDO INCENTIVADO DE INVESTIMENTO FINANCEIRO EM INFRAESTRUTURA RENDA FIXA","BTG WM",113.9643,104.5574,-27.5929,-16.3281,22.0971
61954776000135,"STEN DEBÊNTURES INCENTIVADAS FUNDO INCENTIVADO DE INVESTIMENTO FINANCEIRO EM INFRA RENDA FIXA","Sten",90.7298,103.7405,108.6657,100.988,
61959244000190,"INDUSTRIA FUNDO INCENTIVADO DE INVESTIMENTO FINANCEIRO EM INFRAESTRUTURA RENDA FIXA","BTG WM",115.0407,104.9026,13.8917,4.3855,43.4961
61959407000135,"SPARTA OAWM FI FINANCEIRO RENDA FIXA INVESTIMENTO EM INFRAESTRUTURA","Sparta",85.603,105.7681,58.7144,61.462,66.3932
61971270000134,"CRICA FUNDO INCENTIVADO DE INVESTIMENTO FINANCEIRO EM INFRAESTRUTURA RENDA FIXA","BTG WM",101.808,102.7137,20.1271,5.9532,54.5592
61972391000109,"HFLC DEBÊNTURE FUNDO INCENTIVADO DE INVESTIMENTO FINANCEIRO EM INFRAESTRUTURA RENDA FIXA","BTG WM",85.654,100.412,19.2307,24.2479,
61973575000185,"VINLAND FIF FI INCENTIVADO EM DEBÊNTURES DE INFRA IPCA IMAB RF CRED PRIV LONGO PRAZO RESP LIMITADA","Vinland",84.5782,120.1292,-7.9409,16.7697,41.067
61989479000125,"MONTE CORCOVADO FIF - CLASSE DE INVESTIMENTO RF INCENTIVADO DE INVESTIMENTO EM INFRAESTRUTURA","BRAM",133.2376,96.0462,-7.3113,7.1009,36.0284
62003655000170,"INDAIATUBA FIF FI INCENTIVADO EM DEBÊNTURES DE INFRAESTRUTURA RF CRÉDITO PRIVADO RESP LIMITADA","IAM",50.7914,85.435,119.4813,74.966,
62007683000166,"SPARTA DEBENTURES INCENTIVADAS S FIF RENDA FIXA INVESTIMENTO EM INFRAESTRUTURA RESP LIMITADA","Sparta",93.0255,90.8083,96.4998,68.4862,82.9897
62031312000110,"YAM FIF FUNDO INCENTIVADO EM INVESTIMENTO EM DEBÊNTURES DE INFRA RF CRED PRIV RESP LIMITADA","IAM",59.24,81.4059,67.2555,37.8281,56.5479
62049166000150,"K2 INFRA FUNDO INCENTIVADO DE INVESTIMENTO FINANCEIRO EM INFRAESTRUTURA RENDA FIXA","BTG WM",98.2366,102.4949,-1.4081,31.4416,
62064607000192,"JW JAPÃO FIF FUNDO INCENTIVADO EM INVESTIMENTO EM DEB DE INFRA RF CRÉDITO PRIVADO RESP LIMITADA","IAM",73.459,88.7617,56.5842,,
62065173000145,"URBANO FIF FUNDO INCENTIVADO EM INVESTIMENTO EM DEBÊNTURES DE INFRA RF CRED PRIV RESP LIMITADA","IAM",82.6519,90.0187,1.594,41.0538,
62074561000192,"SANTANDER PB PLAY INVESTMENTS INVESTIMENTO EM INFRA RENDA FIXA - FIF RESP LIMITADA","San WM",49.1377,86.0047,117.0321,57.8877,
62078917000166,"GAMA INFRA FUNDO DE INVESTIMENTO EM INFRAESTRUTURA RENDA FIXA RESPONSABILIDADE LIMITADA","Oriz",-26.1711,75.544,27.206,23.9099,
62083874000107,"SPARTA VP FUNDO INCENTIVADO DE INVESTIMENTO FINANCEIRO EM INFRAESTRUTURA RENDA FIXA","Sparta",167.2195,92.5618,-22.5556,28.1821,
62091844000142,"LISINI FIF FI INCENTIVADO EM DEBÊNTURES DE INFRA RF CRED PRIV RESP LIMITADA","IAM",118.9183,118.7629,53.8569,55.4544,
62092022000186,"BLUESTONE FIF FUNDO INCENTIVADO EM INVESTIMENTO EM DEBÊNTURES DE INFRA RF CRED PRIV RESP LIMITADA","IAM",67.4241,88.7817,124.9806,91.8546,
62103583000133,"ELLAS INFRA FUNDO INCENTIVADO DE INVESTIMENTO FINANCEIRO EM INFRAESTRUTURA RENDA FIXA","Oriz",-140.654,48.485,24.6815,28.6853,
62120583000141,"SANTANDER PB KANDINSKY INVESTIMENTO EM INFRA RENDA FIXA - FIF RESP LIMITADA","San WM",50.3045,83.6248,118.8649,46.5289,
62125370000102,"BRADESCO MA CDI FIF - CLASSE DE INVESTIMENTO RF INCENTIVADO DE INVESTIMENTO EM INFRAESTRUTURA","BRAM",31.6758,91.9896,98.583,70.3715,77.4466
62136382000132,"EDUCA FIF FUNDO INCENTIVADO EM INVESTIMENTO EM DEBÊNTURES DE INFRA RF CRED PRIV RESP LIMITADA","IAM",63.8413,83.8731,45.7492,75.4994,
62140128000108,"RB DEBÊNTURES INCENTIVADAS INFLAÇÃO MASTER FIF RENDA FIXA INVESTIMENTO EM INFRA - RESP LIMITADA","RB Asset",149.4202,100.1789,90.1962,52.2263,
62145244000110,"BERRA FIF FI INCENTIVADO EM DEBÊNTURES DE INFRAESTRUTURA RENDA FIXA CRÉDITO PRIVADO RESP LIMITADA","IAM",79.9267,91.3783,1.767,53.411,
62159099000126,"FLORIDA FIF FI INCENTIVADO EM DEBÊNTURES DE INFRAESTRUTURA RENDA FIXA CRED PRIV RESP LIMITADA","IAM",65.495,87.0222,3.1952,53.6567,
62171470000175,"BRAM DEBÊNTURES INCENTIVADAS 2506 FIF CI RF INCENTIVADO DE INVESTIMENTO EM INFRA LP - RESP LIMITADA","BRAM",48.6256,78.6999,118.0949,70.5765,79.7783
62172231000130,"FAMÍLIA ESPÍRITO SANTO FIF FI INCENTIVADO EM DEBÊNTURES DE INFRA RENDA FIXA CRED PRIV RESP LIMITADA","IAM",63.5902,-184.401,-19.2467,38.296,
62172396000101,"FCM2 FIF FUNDO INCENTIVADO EM INVESTIMENTO EM DEBÊNTURES DE INFRA RENDA FIXA CRED PRIV RESP LIMITADA","IAM",49.313,81.6547,83.0169,41.3054,59.0718
62198665000109,"PERENNIAL KINEA FIF FI INCENTIVADO EM DEBÊNTURES DE INFRA RF CRED PRIV RESP LIMITADA","Kinea",6.3294,90.2937,-5.7585,24.4676,
62199705000137,"M SPARTA DEBENTURES INCENTIVADAS FUNDO INCENTIVADO DE INVESTIMENTO FINANCEIRO EM INFRA RENDA FIXA","Sparta",86.1434,106.2117,59.8971,58.6401,64.4138
62214375000101,"FGX FUNDO INCENTIVADO DE INVESTIMENTO FINANCEIRO EM INFRAESTRUTURA RENDA FIXA","BTG WM",38.6251,85.0138,115.9159,43.818,64.3316
62214641000104,"CRISTAL FIF - CLASSE DE INVESTIMENTO RENDA FIXA INCENTIVADO DE INVESTIMENTO EM INFRAESTRUTURA","BRAM",143.0154,102.5972,-1.602,7.3016,
62231879000130,"AMOREIRA FIF - CI RF INCENTIVADO DE INVESTIMENTO EM INFRAESTRUTURA - RESPONSABILIDADE LIMITADA","BR Partners",95.2517,95.7718,35.277,46.7714,
62232457000189,"EVEREST FIF FI INCENTIVADO EM DEBÊNTURES DE INFRAESTRUTURA RENDA FIXA CRÉDITO PRIVADO RESP LIMITADA","IAM",125.7779,99.1848,-14.522,,
62233496000109,"NEWERA FIF FUNDO INCENTIVADO EM INVESTIMENTO EM DEB DE INFRA RENDA FIXA CRED PRIV RESP LIMITADA","IAM",103.057,96.3526,-1.5257,51.8499,
62233915000102,"RESERV FIF FUNDO INCENTIVADO EM INVESTIMENTO EM DEBÊNTURES DE INFRA RF CRED PRIV RESP LIMITADA","IAM",62.3905,85.8581,119.1669,86.9022,
62234191000103,"AAA FIF FI INCENTIVADO EM DEBÊNTURES DE INFRAESTRUTURA RENDA FIXA CRÉDITO PRIVADO RESP LIMITADA","IAM",71.2808,89.78,117.1647,101.3914,
62234770000156,"AVA FIF FUNDO INCENTIVADO EM INVESTIMENTO EM DEB DE INRA RENDA FIXA CRÉDITO PRIVADO RESP LIMITADA","IAM",132.8529,-824.7811,-318.7158,,
62234941000147,"ADCC FIF FUNDO INCENTIVADO EM INVESTIMENTO EM DEB DE INFRA RF CRED PRIV RESP LIMITADA","IAM",58.1145,87.8806,118.2206,98.8719,
62235923000180,"CR GROUP FIF FUNDO INCENTIVADO EM INVESTIMENTO EM DEBÊNTURES DE INFRA RF CRED PRIV RESP LIMITADA","IAM",66.989,89.4747,111.4921,99.9781,
62250286000110,"BOCAINA STB FUNDO INCENTIVADO DE INVEST FINANCEIRO EM INFRAESTRUTURA RENDA FIXA","Bocaina",57.6427,111.5975,112.7589,102.523,
62253446000185,"VINLAND INFRAESTRUTURA MASTER I FIF F INC EM INVEST EM DEB DE INFRAESTR RF RESP LIMITADA","Vinland",65.5416,104.8851,127.7061,71.266,
62267044000130,"RIZA ÉVORA OAWM DEB INCENTIVADAS FI FINANCEIRO RENDA FIXA INVESTIMENTO EM INFRAESTRUTURA","Riza",119.4061,124.6172,29.6954,38.4611,58.3067
62270059000157,"FOUR M FIF FI INCENTIVADO EM DEBÊNTURES DE INFRA RENDA FIXA CRÉDITO PRIVADO RESP LIMITADA","IAM",59.5512,85.6729,68.9085,79.3029,
62283336000166,"ITAÚ DEB INCENTIVADAS PRÉ TARGET 2030 SHIFT FIIF EM INFRA RF CRÉD PRIV RESP LIMITADA","IAM",413.9967,99.088,30.8995,-23.5136,
62317528000146,"BISCAYNE FIF - CLASSE DE INVESTIMENTO RENDA FIXA INCENTIVADO DE INVESTIMENTO EM INFRAESTRUTURA","BRAM",28.9924,81.8233,134.5788,62.9046,
62317858000131,"EL FIF FUNDO INCENTIVADO EM INVESTIMENTO EM DEB DE INFRA RF CRÉD PRIV RESP LIMITADA","IAM",76.9104,87.8896,103.7357,,
62318156000172,"CHARLES FIF FUNDO INCENTIVADO EM INVESTIMENTO EM DEBÊNTURES DE INFRA RF CRED PRIV RESP LIMITADA","IAM",69.9129,81.8087,-1.7286,39.4686,
62318422000167,"32 FIF FI INCENTIVADO EM DEBÊNTURES DE INFRA RENDA FIXA CRÉDITO PRIVADO RESP LIMITADA","IAM",62.2733,88.6394,93.7877,67.4642,
62318643000135,"ICON 3 FIF FI INCENTIVADO EM DEBÊNTURES DE INFRAESTRUTURA RENDA FIXA CRÉDITO PRIVADO RESP LIMITADA","IAM",122.336,102.3194,-24.8365,,
62319210000102,"ST BENEDIKT FIF FUNDO INCENTIVADO EM INVESTIMENTO EM DEB DE INFRA RF CRED PRIV RESP LIMITADA","IAM",64.3196,86.6567,42.4246,47.1272,
62319608000130,"JAC FIF FUNDO INCENTIVADO EM INVESTIMENTO EM DEB DE INFRA RF CRED PRIV RESP LIMITADA","IAM",79.1644,86.97,43.767,60.8801,
62323295000194,"ALMA FIF - CI RF INCENTIVADO DE INVESTIMENTO EM INFRA - RESPONSABILIDADE LIMITADA","BRAM",158.2744,108.5312,-8.0405,2.9612,
62324905000174,"JAFA FIF FUNDO INCENTIVADO EM INVESTIMENTO EM DEBÊNTURES DE INFRA RENDA FIXA CRED PRIV RESP LIMITADA","IAM",59.621,85.7505,2.1541,53.8934,
62340543000105,"JOMITESI FIF - CLASSE DE INVESTIMENTO RENDA FIXA INCENTIVADO DE INVESTIMENTO EM INFRAESTRUTURA","BRAM",21.5782,77.7906,132.3894,61.7389,
62351636000135,"PLURAL DEBÊNTURES INCENTIVADAS IMAB FIF RENDA FIXA INVESTIMENTO EM INFRAESTRUTURA - RESP LIMITADA","Plural",133.2566,73.0564,-2.1549,46.1703,
62355956000163,"ORION FUNDO INCENTIVADO DE INVESTIMENTO FINANCEIRO EM INFRAESTRUTURA  RENDA FIXA","BTG WM",73.9651,92.8122,91.3075,46.3475,
62356314000189,"MULTIPLIC FUNDO INCENTIVADO DE INVESTIMENTO FINANCEIRO EM INFRAESTRUTURA RENDA FIXA","BTG WM",74.0008,92.8632,91.372,46.3122,
62358710000145,"AURUM BONDS BR DEBENTURES INCENTIVADAS INFRAESTRUTURA CLASSE DE INVESTIMENTO EM RF - RESP LIMITADA","UBS",98.7397,91.5132,105.1464,59.578,
62360992000115,"BB MASTER II RENDA FIXA DEBÊNTURES INCENTIVADAS FIF INVESTIMENTO EM INFRAESTRUTURA RESP LIMITADA","BB Asset",-95.7542,65.2401,344.2381,82.13,
62361327000146,"BB BSM INFRA RENDA FIXA FUNDO INCENTIVADO DE INVESTIMENTO FINANCEIRO EM INFRAESTRUTURA RESP LIMITADA","BB Asset",83.2115,96.1111,32.7941,-26.2196,
62361404000168,"BB ANGATU ISLAND INFRA RENDA FIXA FUNDO INCENTIVADO DE INVESTIMENTO FINANCEIRO EM INFRA RESP LIM","BB Asset",117.5857,105.9117,16.5824,21.695,
62361467000114,"BB OXD INFRA RENDA FIXA FUNDO INCENTIVADO DE INVESTIMENTO FINANCEIRO EM INFRAESTRUTURA RESP LIM","BB Asset",80.1411,91.1589,18.2823,21.9591,
62361545000180,"BB CARLI INFRA RENDA FIXA FUNDO INCENTIVADO DE INVESTIMENTO FINANCEIRO EM INFRAESTRUTURA RESP LIM","BB Asset",106.9857,117.318,-6.5018,,
62361637000160,"BB EEAA BEZERRA INFRA RENDA FIXA FUNDO INCENTIVADO DE INVESTIMENTO FINANCEIRO EM INFRA RESP LIMITADA","BB Asset",-39.8995,74.9595,22.8061,25.7027,
62361815000153,"RANGIROA FIF - CI RENDA FIXA INCENTIVADO DE INVESTIMENTO EM INFRAESTRUTURA RESPONSABILIDADE LIMITADA","UBS",95.2471,88.7246,85.6883,67.0603,
62363645000146,"INVEST PRO FIF FUNDO INCENTIVADO EM INVESTIMENTO EM DEBÊNTURES DE INFRA RF CRED PRIV RESP LIMITADA","IAM",74.6702,91.244,115.0428,97.511,
62379427000108,"ANGICO FIF - CI RENDA FIXA INVESTIMENTO EM INFRAESTRUTURA - RESPONSABILIDADE LIMITADA","BR Partners",127.5576,103.8145,37.2664,44.862,
62380424000186,"PORTAL SOLAR FIF - CI RENDA FIXA INVESTIMENTO EM INFRAESTRUTURA - RESPONSABILIDADE LIMITADA","BR Partners",127.7889,105.0197,32.7632,39.999,
62381358000169,"PRUNUS FIFI - CI RENDA FIXA INVESTIMENTO EM INFRAESTRUTURA - RESPONSABILIDADE LIMITADA","BR Partners",127.3138,103.8828,35.9628,44.5483,
62406671000104,"ACACIA FIF INCENTIVADO EM INVESTIMENTO EM DEBÊNTURES DE INFRA RENDA FIXA CRED PRIV RESP LIMITADA","IAM",105.7026,93.3118,-11.8279,,
62406976000116,"CORUMBAU FIF FI INCENTIVADO EM DEBÊNTURES DE INFRAESTRUTURA RENDA FIXA CRÉDITO PRIVADO RESP LIMITADA","IAM",79.9918,93.0261,61.125,68.1686,
62407174000120,"PGA FIF FUNDO INCENTIVADO EM INVESTIMENTO EM DEB DE INFRA RF CRED PRIV RESP LIMITADA","IAM",65.6588,91.728,120.9335,102.5776,
62408523000129,"ROZIPA FIF FI INCENTIVADO EM DEBÊNTURES DE INFRA RENDA FIXA CRÉDITO PRIVADO RESP LIMITADA","IAM",68.8028,83.6296,61.0376,80.9627,
62408759000165,"ALVO 8 ESTRUTURAL FIF FUNDO INC EM INVESTIMENTO EM DEB DE INFRA RF CRED PRIV RESP LIMITADA","IAM",67.575,89.27,110.7995,99.5247,
62408982000102,"LTQ FIF FUNDO INCENTIVADO EM INVESTIMENTO EM DEB DE INFRA RF CRED PRIV RESP LIMITADA","IAM",65.7045,88.8523,100.9149,93.4473,
62409302000175,"JGV FIF FUNDO INCENTIVADO EM INVESTIMENTO EM DEBÊNTURES DE INFRA RF CRED PRIV RESP LIMITADA","IAM",71.0175,88.7021,117.3379,100.6828,
62409522000107,"KANDINSKY FIF FUNDO INCENTIVADO EM INVESTIMENTO EM DEB DE INFRA RENDA FIXA CRED PRIV RESP LIMITADA","IAM",68.8858,89.9131,118.1704,102.3428,
62411943000164,"DUPLA CLASSE DE INVESTIMENTO EM RENDA FIXA INFRAESTRUTURA - RESPONSABILIDADE LIMITADA","UBS",90.7554,96.8359,62.795,61.5422,
62414689000158,"JOSEFRIOLI FIF FUNDO INCENTIVADO EM INVESTIMENTO EM DEBÊNTURES DE INFRA RF CRED PRIV RESP LIMITADA","IAM",61.8248,89.7382,118.8665,79.2652,
62423102000177,"SKY DEBENTURES INCENTIVADAS FIF RENDA FIXA INVESTIMENTO EM INFRAESTRUTURA - RESP LIMITADA","STK",108.4263,79.0007,35.8379,41.7895,
62428355000133,"KTIR FIF FI INCENTIVADO EM DEBÊNTURES DE INFRAESTRUTURA RENDA FIXA CRÉDITO PRIVADO RESP LIMITADA","IAM",85.8615,97.3783,46.5582,47.3389,
62438200000188,"BTG PACTUAL CRÉDITO CORPORATIVO PLUS INCENTIVADO CDI FI DE INVESTIMENTO FINANCEIRO EM INFRA RF","BTG Asset",-151.7942,59.277,120.1294,88.3675,95.0676
62461101000117,"MAGNO FUNDO INCENTIVADO DE INVESTIMENTO FINANCEIRO EM INFRAESTRUTURA RENDA FIXA","BTG WM",48.5669,92.2471,-9.8822,43.6075,
62467068000132,"MONTE SINAI FIF FUNDO INCENTIVADO EM PRIV EM DEB DE INFRA RENDA FIXA CRED PRIVADO RESP LIMITADA","IAM",82.566,89.4806,-5.2474,56.1382,
62467472000106,"MANÁ FIF FI INCENTIVADO EM DEBÊNTURES DE INFRAESTRUTURA RENDA FIXA CRÉDITO PRIVADO RESP LIMITADA","IAM",102.2467,98.2423,1.5767,57.2731,
62467970000159,"FUJI FIF FUNDO INCENTIVADO EM INVESTIMENTO EM DEBÊNTURES DE INFRA RENDA FIXA CRED PRIV RESP LIMITADA","IAM",59.0426,84.2437,66.9956,77.7601,
62468143000180,"CVL INFRA FIF FI INCENTIVADO EM DEBÊNTURES DE INFRAESTRUTURA RF CRÉDITO PRIVADO RESP LIMITADA","IAM",76.1758,87.4806,-1.2258,52.0681,
62471228000117,"JGP CRÉDITO FIF RENDA FIXA INVESTIMENTO EM INFRAESTRUTURA IMA-B - RESPONSABILIDADE LIMITADA","JGP",120.3888,81.0776,-3.4928,21.3441,
62473606000100,"MUSSI ROCHA FIF FI INCENTIVADO EM DEBÊNTURES DE INFRAESTRUTURA RENDA FIXA CRED PRIV RESP LIMITADA","IAM",47.2611,83.4048,62.3396,72.5647,
62473925000107,"AUTÓCTONE INVESTIMENTOS FIF FUNDO INC EM INVESTIMENTO EM DEB DE INFRA RF CRED PRIV RESP LIMITADA","IAM",107.5231,97.0322,0.5937,54.727,
62474207000155,"GOMIN FIF FI INCENTIVADO EM DEBÊNTURES DE INFRAESTRUTURA RENDA FIXA CRÉDITO PRIVADO RESP LIMITADA","IAM",83.0109,92.9669,98.8154,,
62489908000168,"INVI KINEA FIF FI INCENTIVADO EM DEBÊNTURES DE INFRA RF CRED PRIV RESP LIMITADA","Kinea",-4.7467,86.5086,-5.1684,32.7042,
62491272000199,"BMINVEST FUNDO DE INVESTIMENTO FINANCEIRO RENDA FIXA INVESTIMENTO EM INFRAESTRUTURA - RESP LIMITADA","BR Partners",104.3387,68.1273,-16.0933,20.7018,
62499127000154,"SANTANDER PB HAC INVESTIMENTO EM INFRA RENDA FIXA - FIF RESP LIMITADA","San WM",-52.7478,62.1117,-47.1691,-1.8839,
62520921000132,"SANTANDER PB VNO INVESTIMENTO EM INFRA RF - FIF RESP LIMITADA","San WM",-8.696,80.5419,-48.1904,15.2584,
62551626000143,"ARX ELBRUS OAWM FUNDO DE INVESTIMENTO FINANCEIRO RENDA FIXA INVESTIMENTO EM  INFRAESTRUTURA","ARX",67.5101,102.7522,46.2369,37.7545,
62565902000122,"MANDRIOLE FIF - CLASSE DE INVESTIMENTO RF INCENTIVADO DE INVESTIMENTO EM INFRAESTRUTURA","BRAM",69.664,158.8941,42.2249,40.2716,
62571141000111,"GALENO FUNDO DE INVESTIMENTO FINANCEIRO - CI RF INCENTIVADO DE INVESTIMENTO EM INFRAESTRUTURA","BRAM",-35.7951,64.4393,-1.9462,7.4582,
62571624000116,"ICATU VANGUARDA CDI IU FIF CI INCENTIVADO DE INVESTIMENTO EM INFRA RF LP - RESP LIMITADA","Icatu",63.4979,93.2397,141.6854,102.6576,
62572931000111,"SANTANA FUNDO INCENTIVADO DE INVESTIMENTO FINANCEIRO EM INFRAESTRUTURA RENDA FIXA","BTG WM",77.9376,104.8267,2.9396,29.5647,
62588992000177,"SANTANDER PB ÁGUIA INVESTIMENTO EM INFRA RENDA FIXA - FIF RESP LIMITADA","San WM",49.0029,84.5272,124.6683,81.1048,
62623910000188,"SATURNO R3 FIF FUNDO INCENTIVADO EM INVESTIMENTO EM DEBÊNTURES DE INFRA RF CRED PRIV RESP LIMITADA","IAM",60.7503,87.9476,100.4998,91.9133,
62624041000106,"AB INFRA FIF FI INCENTIVADO EM DEBÊNTURES DE INFRA RF CRED PRIV RESP LIMITADA","IAM",86.4244,91.4301,,,
62624330000105,"HVCV FIF FUNDO INCENTIVADO EM INVESTIMENTO EM DEBÊNTURES DE INFRA RF CRÉD PRIV RESP LIMITADA","IAM",71.8919,88.4572,117.6443,100.1625,
62625430000156,"TREVISO HARBOR FIF FUNDO INCENTIVADO EM INVESTIMENTO EM DEB DE INFRA RF CRÉD PRIV RESP LIMITADA","IAM",85.0122,90.3906,1.6105,52.8252,
62625643000188,"BF&F FIF FUNDO INCENTIVADO EM INVESTIMENTO EM DEB DE INFRAESTRUTURA RF CRED PRIV RESP LIMITADA","IAM",79.2426,93.8267,50.8226,68.1166,
62644763000122,"SAMPA FUNDO INCENTIVADO DE INVESTIMENTO FINANCEIRO EM INFRAESTRUTURA RENDA FIXA","BTG WM",181.7345,100.4645,-66.2664,-28.2188,
62662727000191,"AQUASTAR FUNDO INCENTIVADO DE INVESTIMENTO FINANCEIRO EM INFRAESTRUTURA RENDA FIXA","BTG WM",87.2548,104.2471,-25.9976,4.4237,
62672551000159,"0409 FIF FUNDO INCENTIVADO EM INVESTIMENTO EM DEBÊNTURES DE INFRA RF CRED PRIV RESP LIMITADA","IAM",80.7895,95.7339,58.0924,63.1651,
62672889000100,"SAGARANA FIF FUNDO INCENTIVADO EM INVESTIMENTO EM DEBÊNTURES DE INFRA RF CRED PRIV RESP LIMITADA","IAM",47.6231,84.1041,88.2558,87.2265,
62673056000164,"LEAL FIF FUNDO INCENTIVADO EM INVESTIMENTO EM DEBÊNTURES DE INFRA RF CRED PRIV RESP LIMITADA","IAM",11.206,85.3198,96.9029,76.5478,
62697173000168,"VONIXX FUNDO DE INVESTIMENTO EM INFRAESTRUTURA RENDA FIXA","XPG",76.1871,98.5877,94.8156,56.9948,
62700486000128,"KNI INVESTIMENTOS BR II FIF - CI RF INCENTIVADO DE INVESTIMENTO EM INFRAESTRUTURA","BRAM",116.8106,86.8164,54.3963,42.6503,
62726496000132,"BB ARONA INFRA RENDA FIXA FUNDO INCENTIVADO DE INVESTIMENTO FINANCEIRO EM INFRAESTRUTURA RESP LIM","BB Asset",61.5819,100.0253,7.4256,17.8511,
62726818000143,"BB KAYA INFRA RENDA FIXA FUNDO INCENTIVADO DE INVESTIMENTO FINANCEIRO EM INFRAESTRUTURA RESP LIM","BB Asset",88.8076,98.725,23.8466,-18.3002,
62727602000100,"BB SDF INFRA RENDA FIXA FUNDO INCENTIVADO DE INVESTIMENTO FINANCEIRO EM INFRAESTRUTURA RESP LIMITADA","BB Asset",91.3475,110.9054,41.2989,1.385,
62727978000107,"BB PE INFRA RENDA FIXA FUNDO INCENTIVADO DE INVESTIMENTO FINANCEIRO EM INFRAESTRUTURA RESP LIMITADA","BB Asset",155.1442,102.8811,31.0487,32.7193,
62728127000189,"BB YAC INFRA RENDA FIXA FUNDO INCENTIVADO DE INVESTIMENTO FINANCEIRO EM INFRAESTRUTURA RESP LIMITADA","BB Asset",82.6148,98.9707,12.8659,21.4728,
62729351000195,"BB ALL RSLL INFRA RENDA FIXA FUNDO INCENTIVADO DE INVESTIMENTO FINANCEIRO EM INFRAESTRUTURA RESP LIM","BB Asset",88.7542,106.5988,26.5601,28.2721,
62729474000126,"BB VESA INFRA RENDA FIXA FUNDO INCENTIVADO DE INVESTIMENTO FINANCEIRO EM INFRAESTRUTURA RESP LIM","BB Asset",41.677,82.4902,-16.155,25.8959,
62751026000129,"SANTANDER PB MSB INVESTIMENTO EM INFRAESTRUTURA RENDA FIXA - FIF RESP LIMITADA","San WM",-0.3708,76.0794,-61.1993,-2.6448,
62751113000186,"SANTANDER PB JCS EXCLUSIVE INVESTIMENTO EM INFRAESTRUTURA RENDA FIXA - FIF RESP LIMITADA","San WM",60.1545,91.3887,96.264,54.0933,
62769923000160,"TIVIO INSTITUCIONAL INCENTIVADO CDI MASTER FIF - CI RF REF DE INVESTIMENTO EM INFRA - RESP LIMITADA","Tivio",94.4084,101.8394,116.6477,100.7382,
62771190000106,"SANTANDER PB CASTANHEIRA INVESTIMENTO EM INFRAESTRUTURA RENDA FIXA - FIF RESP LIMITADA","San WM",101.3037,92.3235,-41.1645,9.5559,
62781419000185,"SANTANDER PB SPESQ INVESTIMENTO EM INFRA RENDA FIXA - FIF RESP LIMITADA","San WM",138.6893,129.8643,-36.9439,-6.946,
62781472000186,"SANTANDER PB WASSU INVESTIMENTO EM INFRA RENDA FIXA - FIF RESP LIMITADA","San WM",-7.7976,72.9406,-64.0637,-3.6372,
62789682000110,"FAMILY RUNNER FUNDO INCENTIVADO DE INVESTIMENTO FINANCEIRO EM INFRAESTRUTURA RENDA FIXA","BTG WM",70.1999,97.4194,-11.1625,22.5309,
62790193000189,"BRONCOS FUNDO INCENTIVADO DE INVESTIMENTO FINANCEIRO EM INFRAESTRUTURA RENDA FIXA","BTG WM",57.6287,91.2866,78.8392,52.2716,
62805867000171,"SANTANDER PB JFA INVESTIMENTO EM INFRA RENDA FIXA - FIF RESP LIMITADA","San WM",0.1654,70.7301,152.7351,67.8189,
62805928000109,"SANTANDER PB HEMISFERIO INVESTIMENTO EM INFRA RENDA FIXA - FIF RESP LIMITADA","San WM",95.5294,98.3122,-36.7463,12.1547,
62806106000134,"SANTANDER PB PLANETA BRASIL INVESTIMENTO EM INFRA RF - FIF RESP LIMITADA","San WM",105.0543,102.0514,-26.6538,16.2239,
62806621000114,"SANTANDER PB SHAKTI INVESTIMENTO EM INFRA RENDA FIXA - FIF RESP LIMITADA","San WM",114.1725,107.8193,-2.3528,55.3103,
62808255000132,"FSC FUNDO INCENTIVADO DE INVESTIMENTO FINANCEIRO EM INFRAESTRUTURA RENDA FIXA","BTG WM",19.8214,79.307,118.5781,57.2228,
62831874000148,"SANTANDER PB TERRA II INVESTIMENTO EM INFRAESTRUTURA RENDA FIXA - FIF RESP LIMITADA","San WM",63.2382,85.769,105.8124,76.7823,
62834589000180,"ITAÚ GCA DEB INCENTIVADAS PRÉ IDKA 3A FIIF EM INFRA RENDA FIXA LONGO PRAZO CRED PRIV RESP LIMITADA","IAM",405.8368,112.0534,48.1079,17.8157,
62847489000199,"RB CAIXA MASTER FI FINANCEIRO RENDA FIXA INVESTIMENTO EM INFRAESTRUTURA - RESPONSABILIDADE LIMITADA","RB Asset",110.6289,98.3833,118.8703,71.7454,
62849361000164,"MAGNETIX FUNDO INCENTIVADO DE INVESTIMENTO FINANCEIRO EM INFRAESTRUTURA RENDA FIXA","BTG WM",35.6438,76.257,66.1303,42.3222,
62849941000151,"SANTANDER PB PATAJES INVESTIMENTO EM INFRA RENDA FIXA - FIF RESP LIMITADA","San WM",102.7143,93.0765,37.1838,25.2888,
62849964000166,"SANTANDER PB MADRID INVESTIMENTO EM INFRAESTRUTURA RENDA FIXA - FIF RESP LIMITADA","San WM",104.2927,100.3511,-21.6006,21.1321,
62852342000197,"SANTA ESMERALDA FUNDO INCENTIVADO DE INVESTIMENTO FINANCEIRO EM INFRAESTRUTURA RENDA FIXA","BTG WM",76.3123,92.4715,-13.6524,24.0799,
62852498000178,"CR2 FUNDO INCENTIVADO DE INVESTIMENTO FINANCEIRO EM INFRAESTRUTURA RENDA FIXA","BTG WM",58.2558,97.2959,0.8947,39.7971,
62856283000125,"VICTORIA II FIF - CLASSE DE INVESTIMENTO RENDA FIXA INCENTIVADO INVESTIMENTO EM INFRAESTRUTURA","BRAM",105.1713,108.9916,28.9106,27.4767,
62869550000107,"SEVEN INCENTIVADO FIF RENDA FIXA INVESTIMENTO EM INFRAESTRUTURA - RESPONSABILIDADE LIMITADA","SVN",67.4905,91.3819,70.0114,73.2462,
62876542000180,"SANTANDER PB 316 INVESTIMENTO EM INFRAESTRUTURA RENDA FIXA - FIF RESP LIMITADA","San WM",60.0806,83.6744,107.3638,93.1095,
62876658000119,"SANTANDER PB PAMPA GAÚCHO INVESTIMENTO EM INFRAESTRUTURA RF - FIF RESP LIMITADA","San WM",102.968,99.1331,-14.4809,27.4054,
62899553000185,"BRP DESCANSO FI FINANCEIRO RENDA FIXA INVESTIMENTO EM INFRAESTRUTURA - RESPONSABILIDADE LIMITADA","BR Partners",128.8621,80.9191,19.7567,69.572,
62911331000130,"JAE 2 FUNDO INCENTIVADO DE INVESTIMENTO FINANCEIRO EM INFRAESTRUTURA RENDA FIXA","BTG WM",78.4108,89.9484,109.0491,103.0034,
62920933000154,"FSK FUNDO DE INVESTIMENTO EM INFRAESTRUTURA RENDA FIXA","XPG",105.2393,103.4827,55.6415,26.4395,
62935493000109,"LEGACY CAPITAL PRÉ TARGET 2029 FIF FI INCENTIVADO EM DEBÊNTURES DE INFRAESTRUTURA RF RESP LIMITADA","Legacy",325.1439,113.9524,48.4949,19.6708,
62960671000151,"DUDALINDA FUNDO DE INVESTIMENTO EM INFRAESTRUTURA RENDA FIXA","XPG",85.406,107.9269,7.8995,14.5215,
62963313000100,"BAMBOO AZE FIF - CLASSE DE INVESTIMENTO RENDA FIXA INCENTIVADO DE INVESTIMENTO EM INFRAESTRUTURA","BRAM",115.1555,98.9095,14.9733,19.6494,
62967494000135,"FAMÍLIA RORATO PLUS FIF FI INCENTIVADO EM DEBÊNTURES DE INFRA RENDA FIXA CRED PRIV RESP LIMITADA","IAM",76.2019,92.8378,113.7579,101.3612,
62970039000199,"FFA CAPITAL FIF FUNDO INCENTIVADO EM INVESTIMENTO EM DEB DE INFRAESTRUT RF CRED PRIV RESP LIMITADA","IAM",89.3497,95.7587,50.5587,65.15,
62970471000180,"ERACLEA FIF FI INCENTIVADO EM DEBÊNTURES DE INFRAESTRUTURA RENDA FIXA CRÉDITO PRIVADO RESP LIMITADA","IAM",62.4155,83.4197,63.1406,75.1658,
62983270000117,"SANTANDER PB 321 INVESTIMENTO EM INFRA RENDA FIXA - FIF RESP LIMITADA","San WM",116.31,100.2967,-33.752,26.267,
62986314000162,"SANTANDER PB FELDER PRIVATE 2 INVESTIMENTO EM INFRAESTRUTURA RENDA FIXA - FIF RESP LIMITADA","San WM",134.0232,106.6947,-19.7294,27.725,
62986829000162,"SANTANDER PB 320 INVESTIMENTO EM INFRA RENDA FIXA - FIF RESP LIMITADA","San WM",149.8773,92.0363,100.2634,61.1504,
62991350000114,"IJB INVESTIMENTOS FIF - CLASSE DE INVESTIMENTO RENDA FIXA INCENTIVADO DE INVESTIMENTO EM INFRA","BRAM",80.1723,100.6723,24.9463,58.8024,
63005030000100,"SANTANDER PB TARÂNTULA INVESTIMENTO EM INFRA RF - FIF RESP LIMITADA","San WM",39.3058,73.5651,-101.0278,-21.5467,
63005076000120,"SANTANDER PB HP INVESTIMENTO EM INFRA RENDA FIXA - FIF RESP LIMITADA","San WM",51.8785,82.5817,111.2002,67.3862,
63022242000104,"SANTANDER PB VALOR INFRA INVESTIMENTO EM INFRAESTRUTURA RENDA FIXA - FIF RESP LIMITADA","San WM",60.2631,86.9147,104.4311,90.6234,
63022260000188,"SANTANDER PB FORTE DEI MARMI II INVESTIMENTO EM INFRA RENDA FIXA - FIF RESP LIMITADA","San WM",55.3804,83.8205,118.3674,69.8907,
63023377000186,"BELFIORE FI INCENTIVADO EM DEBÊNTURES DE INFRAESTRUTURA RENDA FIXA CRÉDITO PRIVADO RESP LIMITADA","IAM",83.812,91.068,-1.9493,54.9197,
63023396000102,"TERENZO INFLAÇÃO FIF FUNDO INCENTIVADO EM INVESTIMENTO EM DEB DE INFRA RF CRED PRIV RESP LIMITADA","IAM",80.672,90.6394,4.6557,55.8326,
63023574000103,"KJL INFLAÇÃO FIF FUNDO INCENTIVADO EM INVESTIMENTO EM DEB DE INFRA RF CRED PRIV RESP LIMITADA","IAM",115.2737,100.9537,-5.3233,52.8522,
63023753000132,"PDR INFRA FIF FUNDO INCENTIVADO EM INVESTIMENTO EM DEBÊNTURES DE INFRA RF CRED PRIV RESP LIMITADA","IAM",98.4083,98.1014,54.5773,52.9549,
63024507000103,"IMBUIA FIF FUNDO INCENTIVADO EM INVESTIMENTO EM DEB DE INFRAESTRUTURA RF CRED PRIV RESP LIMITADA","IAM",70.6591,87.507,25.3518,63.7065,
63025366000135,"MUTON INFLAÇÃO FIF FUNDO INCENTIVADO EM INVESTIMENTO EM DEB DE INFRA RF CRED PRIV RESP LIMITADA","IAM",113.7618,101.6115,-5.4063,55.4222,
63025606000100,"INFRA ARMAMAR FIF FI INCENTIVADO EM DEBÊNTURES DE INFRAESTRUTURA RF CRED PRIV RESP LIMITADA","IAM",118.2391,111.2497,28.8098,42.0423,
63031387000163,"JATOBÁ FUNDO INCENTIVADO DE INVESTIMENTO FINANCEIRO EM INFRAESTRUTURA RENDA FIXA","BTG WM",61.3153,84.5306,-12.0941,19.7802,
63032258000190,"CHAPLIN FUNDO INCENTIVADO DE INVESTIMENTO FINANCEIRO EM INFRAESTRUTURA RENDA FIXA","BTG WM",10.752,81.0676,122.9757,80.3169,
63048098000177,"SCHUSTER FIF FI INCENTIVADO EM DEBÊNTURES DE INFRAESTRUTURA RENDA FIXA CRÉDITO PRIVADO RESP LIMITADA","IAM",41.835,82.0732,99.5962,87.8639,
63051354000185,"ITAÚ CONSULT DEBÊNTURES INCENTIVADAS PRÉ TARGET 2030 SHIFT FIIF EM INFRA RF CRED PRIV RESP LIMITADA","IAM",415.9146,100.5752,33.6317,1.4574,
63051648000107,"ITAÚ DEBÊNTURES INCENTIVADAS PRÉ TARGET 2029 SHIFT FIF INCENTIVADO INFRA RF CRED PRIV RESP LIMITADA","IAM",346.3065,113.3302,65.5146,20.7602,
63052049000108,"SANTANDER PB PRAT 334 INVESTIMENTO EM INFRAESTRUTURA RENDA FIXA - FIF RESP LIMITADA","San WM",96.5457,92.2842,37.4679,52.4232,
63053090000107,"ICATU VANGUARDA BB DEBÊNTURES INCENTIVADAS CDI FIF - CI EM INFRA RF LP - RESP LIMITADA","Icatu",62.6685,96.5907,130.1383,82.0567,
63064415000149,"MOSÊ FUNDO INCENTIVADO DE INVESTIMENTO FINANCEIRO EM INFRAESTRUTURA RENDA FIXA","BTG WM",43.0156,92.3346,15.5579,22.1209,
63079026000197,"MS2 PRIVATE FUND FUNDO INCENTIVADO DE INVESTIMENTO FINANCEIRO EM INFRAESTRUTURA RENDA FIXA","BTG WM",31.2232,82.2018,90.3759,53.2283,
63079371000120,"VISTA DEBENTURES INCENTIVADAS FUNDO DE INVESTIMENTO FINANCEIRO EM INFRAESTRUTURA RENDA FIXA","BTG WM",78.5012,105.9706,33.8506,35.3046,
63093259000144,"SANTANDER PB 331 INVESTIMENTO EM INFRAESTRUTURA RENDA FIXA - FIF RESP LIMITADA","San WM",56.1403,85.1301,104.2594,,
63124967000103,"ABSOLUTE HIDRA CDI PLUS II MASTER FUNDO INCENTIVADO DE INVESTIMENTO FINANCEIRO EM INFRA RF","Absolute",69.2214,95.3903,108.6264,92.0384,
63138982000100,"FQJ11 FIF FUNDO INCENTIVADO EM INVESTIMENTO EM DEBÊNTURES DE INFRA RF CRED PRIV RESP LIMITADA","IAM",119.7988,101.6162,27.6845,26.8218,
63139150000109,"SANTANDER PB AYLEN INVESTIMENTO EM INFRAESTRUTURA RENDA FIXA - FIF RESP LIMITADA","San WM",16.9554,73.337,-64.3874,23.7566,
63140516000151,"LUCCA FIF - CLASSE DE INVESTIMENTO RF INCENTIVADO DE INVESTIMENTO EM INFRAESTRUTURA","BRAM",-13.6185,70.1818,4.7087,25.3756,
63159694000124,"SANTANDER PB CAIS INVESTIMENTO EM INFRAESTRUTURA RENDA FIXA - FIF RESP LIMITADA","San WM",72.5442,137.5319,-98.7918,-2.0648,
63159704000121,"SANTANDER PB SERRA DO CAMBARÁ INVESTIMENTO EM INFRA RENDA FIXA - FIF RESP LIMITADA","San WM",125.1648,90.0858,39.4985,40.3232,
63159716000156,"SANTANDER PB MARÓSTICA INVESTIMENTO EM INFRAESTRUTURA RENDA FIXA - FIF RESP LIMITADA","San WM",43.4355,83.2006,-162.7645,-57.7246,
63174305000130,"KINESIS KINEA FIF FI EM INVESTIMENTO EM DEBÊNTURES DE INFRA RENDA FIXA CRÉDITO PRIVADO RESP LIMITADA","Kinea",32.3062,95.9407,8.0686,54.7566,
63174394000114,"AURORA KINEA FIF FI INCENTIVADO EM DEBÊNTURES DE INFRA RENDA FIXA CRÉDITO PRIVADO RESP LIMITADA","Kinea",18.7865,91.7484,8.2571,52.4951,
63189410000142,"BB JK PERFORMANCE INFRA RENDA FIXA FUNDO INCENTIVADO DE INVESTIMENTO FINANCEIRO EM INFRA RESP LIMIT","BB Asset",95.1468,103.2056,31.2775,38.1365,
63189574000170,"BB UNIÃO CINCO INFRA RF  FUNDO INCENTIVADO DE INVESTIMENTO FINAN EM INFRAESTRUTURA RESP LIMITADA","BB Asset",112.0304,88.2818,-8.5083,5.5104,
63189681000106,"BB MVFC INFRA RENDA FIXA FUNDO INCENTIVADO DE INVESTIMENTO FINAN EM INFRAESTRUTURA RESP LIMITADA","BB Asset",68.2375,81.9505,-4.2663,16.5963,
63190006000199,"BB TIQUARA INFRA RENDA FIXA FUNDO INCENTIVADO DE INVESTIMENTO FINANCEIRO EM INFRAESTRUTURA RESP LIM","BB Asset",55.3288,89.1407,-4.8807,8.7672,
63190103000181,"BB AMARCORD INFRA RENDA FIXA FUNDO INCENTIVADO DE INVESTIMENTO FINANCEIRO EM INFRAESTRUTURA RESP LIM","BB Asset",98.2031,107.7906,-5.618,-13.4572,
63190269000106,"BB 3LEHS INFRA RENDA FIXA FUNDO INCENTIVADO DE INVESTIMENTO FINANCEIRO EM INFRAESTRUTURA RESP LIM","BB Asset",106.0607,104.9615,31.1314,36.8275,
63190767000140,"BB CAMPEÃO INFRA RENDA FIXA FUNDO INCENTIVADO DE INV FINAN EM INFRAESTRUTURA RESP LIMITADA","BB Asset",72.8208,114.007,-12.2852,-4.3164,
63211828000109,"G5 CRYSTAL FIF - CLASSE DE INVESTIMENTO RF INCENTIVADO DE INVESTIMENTO EM INFRA - RESP LIMITADA","G5",179.5275,126.9074,1.4577,25.9644,
63230112000159,"PROSPERUS FUNDO INCENTIVADO DE INVESTIMENTO FINANCEIRO EM INFRAESTRUTURA RENDA FIXA","Oriz",-176.0812,41.7099,35.1457,33.8824,
63248651000115,"INE II FIF - CLASSE DE INVESTIMENTO RENDA FIXA INCENTIVADO DEINVESTIMENTO EM INFRAESTRUTURA","BRAM",101.8994,97.6219,23.6969,12.1755,
63284019000127,"KAMBY FUNDO INCENTIVADO DE INVESTIMENTO FINANCEIRO EM INFRAESTRUTURA RENDA FIXA","BTG WM",100.6049,105.3826,27.1613,25.1666,
63285255000168,"AUGURI 2 FUNDO DE INVESTIMENTO EM INFRAESTRUTURA RENDA FIXA","XPG",90.1966,91.9731,96.6501,75.8815,
63286762000116,"ITAÚ DEB INC PRÉ TARGET 2030 SHIFT ADVISORY FIIF EM INFRA RF CRED PRIV RESP LIMITADA","IAM",407.5501,94.0895,25.6453,0.249,
63319624000196,"A1 CRÉDITO FIF INVESTIMENTO EM DEBÊNTURES DE INFRA CDI ATIVO RF CRED PRIV RESP LIMITADA","Asset 1",124.4388,129.4769,-66.1689,-3.4531,
63338774000147,"TRENTO FUNDO INCENTIVADO DE INVESTIMENTO FINANCEIRO EM INFRAESTRUTURA RENDA FIXA","BTG WM",18.9127,75.8138,117.7662,67.7354,
63351459000150,"SYNERGIA INFRA PARTNERS FUNDO INCENTIVADO DE INVESTIMENTO FINANCEIRO EM INFRAESTRUTURA RENDA FIXA","BTG WM",376.5487,26.2749,21.3022,38.4774,
63358655000156,"PERSONA FUNDO INCENTIVADO DE INVESTIMENTO FINANCEIRO EM INFRAESTRUTURA RENDA FIXA","BTG WM",62.9465,85.7,-19.6666,15.0197,
63359113000106,"LIBANUS FUNDO INCENTIVADO DE INVESTIMENTO FINANCEIRO EM INFRAESTRUTURA RENDA FIXA","Sonata",117.9784,114.0035,46.1346,48.312,
63359425000101,"SPARTA INFRA CDI MASTER VI FUNDO INCENTIVADO DE INVESTIMENTO EM INFRAESTRUTURA RENDA FIXA","Sparta",-317.325,8.773,7.7985,-27.9384,
63377319000150,"OCCAM CDI 30 DINÂMICO S FIF RENDA FIXA  INVEST EM  INFRA CRÉDITO PRIVADO - RESPONSABILIDADE LIMITADA","Occam",58.391,94.4934,110.6334,83.9839,
63380552000192,"JADE OPPORTUNA FIF - CLASSE DE INVESTIMENTO RENDA FIXA INCENTIVADO DE INVESTIMENTO EM INFRAESTRUTURA","BRAM",24.6366,81.0403,129.3907,75.3105,
63383872000104,"SANTANDER PB ASTROS INVESTIMENTO EM INFRAESTRUTURA RENDA FIXA - FIF RESP LIMITADA","San WM",51.3005,85.3373,121.7989,90.2386,
63383901000120,"SANTANDER PB DOMUS KINCSEN INVESTIMENTO EM INFRAESTRUTURA RENDA FIXA - FIF RESP LIMITADA","San WM",41.9464,80.5014,83.2575,48.5867,
63385783000199,"CLOSED FUNDO INCENTIVADO DE INVESTIMENTO FINANCEIRO EM INFRAESTRUTURA RENDA FIXA","BTG WM",60.3698,110.4221,-71.5902,7.1949,
63386988000199,"LEGACY CAPITAL ARKAN FIF FUNDO INCENTIVADO EM INVESTIMENTO EM DEB DE INFRA CDI RF RESP LIMITADA","Legacy",55.3195,90.6674,112.932,54.151,
63404930000120,"VINLAND INCENTIVADO A FIF FUNDO INC EM INVESTIMENTO EM DEB DE INFRA RF CRED PRIV LP RESP LIMITADA","Vinland",41.6389,93.0032,127.9805,95.7444,
63405360000193,"SANTANDER PB CW DIGITAL INVESTIMENTO EM INFRAESTRUTURA RENDA FIXA - FIF RESP LIMITADA","San WM",52.6668,86.1826,120.7988,93.2284,
63405574000160,"SANTANDER PB O3ADM INVESTIMENTO EM INFRA RENDA FIXA - FIF RESP LIMITADA","San WM",51.6877,83.3054,117.5271,75.6774,
63405764000187,"VINLAND DEB DE INFRA A IPCA IMA-B5 FIF FUNDO INC EM INVEST EM DEB DE INFRA RF CP RESP LIMITADA","Vinland",73.4298,110.7508,115.2834,,
63405863000169,"SANTANDER PB CWB11 INVESTIMENTO EM INFRAESTRUTURA RENDA FIXA - FIF RESP LIMITADA","San WM",49.7816,85.309,119.3214,89.487,
63406682000157,"FUTURO FUNDO INCENTIVADO DE INVESTIMENTO FINANCEIRO EM INFRAESTRUTURA RENDA FIXA","BTG WM",94.1461,111.653,-14.7084,3.6199,
63437368000131,"SANTANDER FUNDO INCENTIVADO DE INVESTIMENTO EM INFRA CDI 7 RF CRÉDITO PRIVADO - FIF RESP LIMITADA","SAM",52.4407,76.1351,125.9363,85.0404,
63441123000188,"AVAL FUNDO INCENTIVADO DE INVESTIMENTO FINANCEIRO EM INFRAESTRUTURA RENDA FIXA","BTG WM",81.1064,100.4934,41.1613,45.0476,
63463242000131,"BRGAZ FUNDO INCENTIVADO DE INVESTIMENTO FINANCEIRO EM INFRAESTRUTURA RENDA FIXA","BTG WM",40.0709,86.2838,109.3059,77.4961,
63464504000182,"FCB FUNDO INCENTIVADO DE INVESTIMENTO FINANCEIRO EM INFRAESTRUTURA RENDA FIXA","BTG WM",95.8733,99.1933,15.4,26.8301,
63513518000149,"T2L_SP FIF - CLASSE DE INVESTIMENTO RENDA FIXA INCENTIVADO DE INVESTIMENTO EM INFRAESTRUTURA","BRAM",50.4711,90.6503,102.6429,66.5416,
63548472000101,"CLOSED FIF - CLASSE DE INVESTIMENTO RENDA FIXA INCENTIVADO DE INVESTIMENTO EM INFRAESTRUTURA","BRAM",122.0266,109.9998,-65.0113,38.4218,
63566142000130,"ICATU VANGUARDA CDI S FIF - CI INCENTIVADO DE INVESTIMENTO EM INFRA RF LP - RESP LIMITADA","Icatu",66.3467,101.5131,135.914,97.1759,
63572496000198,"VINLAND DEBÊNTURE INCENTIVADO 3 FIF INC EM INV EM DEB DE INFRA RF ATIVO CRED PRIV LP RESP LIMITADA","Vinland",155.8149,62.4183,3.7271,16.963,
63610895000104,"GUANACO KINEA FIF FI INCENTIVADO EM DEBÊNTURES DE INFRA RF CRED PRIV RESP LIMITADA","Kinea",23.5707,91.323,23.281,52.7106,
63611704000110,"IBIUNA CREDIT IPCA+ FIF - CI RF INCENTIVADO DE INVESTIMENTO EM INFRAESTRUTURA - RESP LIMITADA","Ibuina",22.6229,99.8635,81.6218,88.3863,
63704841000108,"LEGACY CAPITAL PRÉ TARGET II 2029 FIF FI INCENTIVADO EM DEBÊNTURES DE INFRA RENDA FIXA RESP LIMITADA","Legacy",326.9555,111.3871,57.2666,29.3211,
63706652000166,"VINLAND INC XP FUNDO INCENTIVADO EM INVESTIMENTO EM DEB DE INFRA FIF RF CRED PRIV RESP LIMITADA","Vinland",97.9963,93.7039,98.0195,97.9747,
63727062000110,"OCCAM INFRA ATIVO 30 BB RENDA FIXA FIF EM INFRAESTRUTURA CRÉDITO PRIVADO RESPONSABILIDADE LIMITADA","Occam",127.4842,79.7771,101.4199,58.2259,
63729525000182,"CAPITÂNIA INFRA ADVISORY SENIOR II FUNDO INCENTIVADO DE INVESTIMENTO FINANCEIRO EM INFRA RENDA FIXA","Capitânia",99.9999,95.6269,100.0523,100.0539,
63740555000190,"SANTANDER PB JFK INVESTIMENTO EM INFRAESTRUTURA RENDA FIXA - FIF RESP LIMITADA","San WM",155.0009,108.7696,39.1708,58.8284,
63740800000169,"SANTANDER PB TELDAR INVESTIMENTO EM INFRAESTRUTURA RENDA FIXA - FIF RESP LIMITADA","San WM",64.177,87.0725,114.0621,99.12,
63741446000197,"SANTANDER PB NEXO INVESTIMENTO EM INFRAESTRUTURA RENDA FIXA - FIF RESP LIMITADA","San WM",32.4032,75.0306,-106.9569,-8.4645,
63743483000134,"EBJ FUNDO INCENTIVADO DE INVESTIMENTO FINANCEIRO EM INFRAESTRUTURA RENDA FIXA","BTG WM",-40.5026,64.7783,39.6107,44.3377,
63760296000169,"RIO TRIUNFO FIF - CLASSE DE INVESTIMENTO RENDA FIXA INCENTIVADO DE INVESTIMENTO EM INFRAESTRUTURA","BRAM",146.9234,104.1066,15.4647,41.7915,
63761168000130,"SANTANDER PB PORTO MADERO III INVESTIMENTO EM INFRA RF - FIF RESP LIMITADA","San WM",56.8277,84.8358,112.3579,,
63761174000197,"SANTANDER PB TRUAZA INVESTIMENTO EM INFRAESTRUTURA RENDA FIXA - FIF RESP LIMITADA","San WM",104.5446,94.712,97.737,,
63780238000105,"LEGACY CAPITAL COMPOUND II FUNDO INCENTIVADO DE INVESTIMENTO FINANCEIRO EM INFRA CDI ATIVO RF","Legacy",59.7106,79.5975,110.6528,94.6631,
63784778000159,"AMB ISENTO CDI FUNDO INCENTIVADO DE INVESTIMENTO FINANCEIRO EM INFRAESTRUTURA RENDA FIXA","BTG WM",11.2811,79.7311,116.7748,79.422,
63788524000109,"SANTANDER PB LEÃO INVESTIMENTO EM INFRA RENDA FIXA - FIF RESP LIMITADA","San WM",84.6788,92.8978,-82.3042,-1.3501,
63789552000140,"ITAÚ M DEBÊNTURES INCENTIVADAS CDI FIF FINANCEIRO EM INFRAESTRUTURA RF CRED PRIV RESP LIMITADA","IAM",78.8253,93.6774,118.3516,103.3784,
63826355000154,"ICATU VANGUARDA CDI IU 95/5 FIF - CI INCENTIVADO DE INVESTIMENTO EM  INFRA RF LP - RESP LIMITADA","Icatu",61.3993,96.5862,116.9313,74.0323,
63848566000198,"MAMPITUBA FUNDO INCENTIVADO DE INVESTIMENTO FINANCEIRO EM INFRAESTRUTURA RENDA FIXA","BTG WM",58.3512,100.6145,-20.9854,21.627,
63858779000109,"ABSOLUTE HIDRA PRÉ MASTER FUNDO INCENTIVADO DE INVESTIMENTO FINANCEIRO EM INFRAESTRUTURA RENDA FIXA","Absolute",341.9644,125.4732,84.8708,62.0908,
63867916000163,"JBE98 FUNDO INCENTIVADO DE INVESTIMENTO FINANCEIRO EM INFRAESTRUTURA RENDA FIXA","BTG WM",68.5728,98.2177,13.7526,10.5159,
63875387000140,"PLURAL DEBÊNTURES INCENTIVADAS 30 II MASTER FIF RENDA FIXA INVESTIMENTO EM INFRAESTRUTURA - RESP LIM","Plural",116.9754,100.108,72.6548,74.1245,
63880974000127,"ÁUREA FIF - CLASSE DE  INVESTIMENTO RENDA FIXA INCENTIVADO DE INVESTIMENTO EM  INFRAESTRUTURA","BRAM",48.978,66.5518,104.8839,73.948,
63893287000146,"SANTANDER PB VAF INVESTIMENTO EM INFRA RENDA FIXA - FIF RESP LIMITADA","San WM",82.0073,101.688,-10.1181,38.7091,
63898109000108,"PERPETUUM CAPITAL FUNDO INCENTIVADO DE INVESTIMENTO FINANCEIRO EM INFRAESTRUTURA RENDA FIXA","BTG WM",90.8427,99.7355,19.6481,35.8267,
63912056000132,"HORIZON DEBENTURES INCENTIVADAS FUNDO INCENTIVADO DE INVESTIMENTO FINANCEIRO EM INFRA RENDA FIXA","Track",78.3477,84.2664,105.2295,92.8702,
63914463000189,"SANTANDER PB ISADORA INVESTIMENTO EM INFRA RF - FIF RESP LIMITADA","San WM",71.1276,85.7582,82.6739,,
63917614000152,"SANTANDER PB ATN INVESTIMENTO EM INFRAESTRUTURA RENDA FIXA - FIF RESP LIMITADA","San WM",123.3794,102.3357,46.0198,63.2478,
63918203000181,"G5 ALLOCATION CDI II FUNDO INCENTIVADO DE INVESTIMENTO FINANCEIRO EM INFRAESTRUTURA RENDA FIXA","G5",72.7317,75.9349,125.6995,65.9261,
63920768000101,"ARX INFRA CDI DINÂMICO FUNDO INCENTIVADO DE INVEST FINANCEIRO EM INFRA CREDITO PRIVADO RENDA FIXA RL","ARX",47.1966,89.3194,106.5279,79.756,
63924803000152,"SPX SEAHAWK DEBÊNTURES INCENTIVADAS IPCA FIF INVESTIMENTO EM INFRA RF CRED PRIV LP RESP LIMITADA","SPX",42.8898,94.7987,82.6086,68.6646,
63933503000130,"G5 FUNDO INCENTIVADO II DE INVESTIMENTO FINANCEIRO EM INFRAESTRUTURA RENDA FIXA","G5",72.8041,96.2466,19.3336,15.4466,
63939280000118,"AYRA FUNDO INCENTIVADO DE INVESTIMENTO FINANCEIRO EM INFRAESTRUTURA RENDA FIXA","BTG WM",73.4729,99.5005,54.1494,51.9736,
63942021000146,"OCCAM BB INFRA LINEAR FI FINANCEIRO RENDA FIXA INVESTIMENTO EM INFRAESTRUTURA - RESP LIMITADA","Occam",-272.7273,150.7483,267.6599,-4.4005,
63950469000101,"CERBERUS FUNDO INCENTIVADO DE INVESTIMENTO FINANCEIRO EM INFRAESTRUTURA RENDA FIXA","Absolute",71.2696,89.3432,111.142,-318.8329,
63953464000132,"MIRANDA DO DOURO DEB INC CDI FUNDO INCENTIVADO DE INVEST FINANCEIRO EM INFRA RF CP RESP LIMITADA","IAM",73.3101,90.8847,116.3561,101.8941,
63988597000144,"SANTANDER FUNDO INCENTIVADO INFLAÇÃO PROJETOS DE INV EM INFRA RF CRÉD PRIVADO - FIF RESP LIMITADA","SAM",20.706,100.9804,56.1492,51.3533,
63989000000186,"SANTANDER FUNDO INCENTIVADO CDI PROJETOS INV EM INFRA RF CRÉDITO PRIVADO - FIF RESP LIMITADA","SAM",63.1084,89.8361,,,
64003281000119,"ELITE FIF - CLASSE DE INVESTIMENTO RF INCENTIVADO DE INVESTIMENTO EM INFRAESTRUTURA - RESP LIMITADA","BRAM",113.6463,99.5671,16.4411,30.0491,
64059160000199,"SANTANDER PB ALLGREEN INVESTIMENTO EM INFRAESTRUTURA RENDA FIXA - FIF RESP LIMITADA","San WM",53.4674,86.3172,115.5642,91.6771,
64071100000191,"CAPITÂNIA INFRA CDI MASTER FUNDO DE INVESTIMENTO EM INFRAESTRUTURA RENDA FIXA - CRÉDITO PRIVADO","Capitânia",97.3593,113.2283,123.7388,118.5758,
64073126000179,"G2A2 DEBENTURE FUNDO INCENTIVADO DE INVESTIMENTO FINANCEIRO EM INFRAESTRUTURA RENDA FIXA","BTG WM",60.67,85.1477,32.4039,40.4498,
64089192000137,"TOP DEBÊNTURES 2025 FI INCENTIVADO EM DEBÊNTURES DE INFRA FIF RENDA FIXA CRED PRIV RESP LIMITADA","IAM",-27.7352,777.4984,316.0507,224.1112,
64091639000102,"MUCUGÊ FUNDO INCENTIVADO DE INVESTIMENTO FINANCEIRO EM INFRAESTRUTURA RENDA FIXA","BTG WM",68.3211,70.2368,39.1464,49.6271,
64094799000105,"SANTANDER PB RANCHEIRO INVESTIMENTO EM INFRAESTRUTURA RENDA FIXA - FIF RESP LIMITADA","San WM",57.0511,84.0487,109.8697,94.8677,
64102991000104,"DEEP II KINEA FIF FI INCENTIVADO EM DEBÊNTURES DE INFRA RENDA FIXA CRÉDITO PRIVADO RESP LIMITADA","Kinea",37.0313,100.5899,13.1695,36.8482,
64106556000140,"JMBI MASTER FUNDO DE INVESTIMENTO INCENTIVADO EM INFRAESTRUTURA RENDA FIXA RESP LIMITADA","Jive",96.8488,109.1639,119.9887,113.3865,
64113390000199,"SANTANDER PB ERB INVESTIMENTO EM INFRAESTRUTURA RENDA FIXA - FIF RESP LIMITADA","San WM",108.3323,95.4997,35.0239,37.3742,
64185185000139,"SPARTA VP HEDGE FUNDO INCENTIVADO DE INVESTIMENTO FINANCEIRO EM INFRAESTRUTURA RENDA FIXA","Sparta",76.1298,89.0923,102.8993,92.0447,
64192422000199,"ICATU VANGUARDA VEÍCULO ESPECIAL CH FIF - CI RENDA FIXA CRED PRIV - RESP LIMITADA","Icatu",71.3982,99.0284,163.7501,85.5341,
64203998000104,"JMC FUNDO INCENTIVADO DE INVESTIMENTO FINANCEIRO EM INFRAESTRUTURA RENDA FIXA","BTG WM",34.6912,80.3155,44.5509,59.233,
64435884000190,"BB ALIADIANTE INFRA RENDA FIXA FUNDO INCENTIVADO DE INVEST FINANCEIRO EM INFRAESTRUTURA RESP LIM","BB Asset",99.9388,97.123,29.9433,,
64436536000137,"BB BSR INFRA RENDA FIXA FUNDO INCENTIVADO DE INVESTIMENTO FINANCEIRO EM INFRAESTRUTURA RESP LIMITADA","BB Asset",91.3286,97.7936,62.9627,,
64502555000114,"CML KINEA FIF - FUNDO INCENTIVADO EM INVESTIMENTO EM DEB DE INFRA RF CRED PRIV - RESP LIMITADA","Kinea",27.2646,101.2306,20.0131,34.8923,
64507265000163,"SONMA FIF - CLASSE DE INVESTIMENTO RENDA FIXA INCENTIVADO DE INVESTIMENTO EM INFRAESTRUTURA","BRAM",-37.7715,44.1925,20.0599,48.7059,
64511682000180,"LBW FIF - CLASSE DE INVESTIMENTO RENDA FIXA INCENTIVADO DE INVESTIMENTO EM INFRAESTRUTURA","BRAM",33.1163,75.2163,106.0597,86.4861,
64540699000165,"SANTANDER PB GUAIRACA INVESTIMENTO EM INFRAESTRUTURA RENDA FIXA - FIF RESP LIMITADA","San WM",79.683,69.3372,,,
64582055000130,"SANTANDER PB PHRONESIS INVESTIMENTO EM INFRAESTRUTURA RENDA FIXA - FIF RESP LIMITADA","San WM",83.1693,88.6748,87.4148,,
64582548000170,"ITAÚ DEBÊNTURES INCENTIVADAS PÓS FIXADO II DISTRIBUIDORES FIIF EM INFRA RF CRED PRIV RESP LIMITADA","IAM",64.551,80.9244,111.4181,,
64597707000100,"SANTANDER PB RISE INVESTIMENTO EM INFRAESTRUTURA RENDA FIXA - FIF RESP LIMITADA","San WM",105.1137,105.1153,14.8625,,
64651483000177,"SANTA LÚCIA FIF- CLASSE DE INVESTIMENTO RENDA FIXA INCENTIVADO DE INVESTIMENTO EM INFRAESTRUTURA","BRAM",-47.1568,58.0568,-4.5418,,
64678185000170,"DHANA FUNDO INCENTIVADO DE INVESTIMENTO FINANCEIRO EM INFRAESTRUTURA RENDA FIXA","BTG WM",86.1702,99.2303,-30.6552,22.6122,
64680282000106,"SAPIENS FIF - CLASSE DE INVESTIMENTO RF INCENTIVADO DE INVESTIMENTO EM INFRA - RESP LIMITADA","BRAM",101.8219,106.4599,44.5463,,
64713709000117,"COCOROL FIF INVESTIMENTO EM INFRAESTRUTURA CLASSE DE INVESTIMENTO EM INFRA RENDA FIXA RESP LIMITADA","Lakewood",-41.1688,35.556,4.3327,17.3781,
64723744000117,"SPARTA MAR MASTER FUNDO INCENTIVADO DE INVESTIMENTO FINANCEIRO EM INFRAESTRUTURA RENDA FIXA","Sparta",139.6662,116.9201,21.0742,,
64739277000113,"ARANDU RPPBTG FUNDO DE DEBENTURES INCENTIVADAS FI DE INVESTIMENTO FINANCEIRO EM INFRA RENDA FIXA","BTG WM",98.923,97.6517,66.8233,,
64776777000125,"TM FIF - CLASSE DE INVESTIMENTO RF INCENTIVADO DE INVESTIMENTO EM INFRAESTRUTURA","BRAM",110.5941,107.4516,32.5034,,
64958783000101,"AZ QUEST AZRF MASTER 01/2032 FUNDO DE INVESTIMENTO FINANCEIRO INCENTIVADO EM INFRA RF RESP LIMITADA","AZ Quest",116.4201,112.0705,139.1394,109.8506,
64986160000134,"SANTANDER PB VIENA INVESTIMENTO EM INFRAESTRUTURA RENDA FIXA - FIF RESP LIMITADA","San WM",69.3969,99.9055,,,
65041084000157,"BOCAINA INFRA MASTER FUNDO INCENTIVADO DE INVESTIMENTO EM INFRAESTRUTURA RENDA FIXA","Bocaina",94.1648,116.4634,171.5587,,
65079801000130,"KINEA INFRA IX FIF FUNDO INCENTIVADO DE INVESTIMENTO EM DEB DE INFRA RF CRED PRIV RESP LIMITADA","Kinea",40.1038,101.5431,-35.9495,,
65096801000148,"AZ QUEST CONDOTTO FUNDO DE INVESTIMENTO FINANCEIRO MULTIMERCADO CRÉDITO PRIVADO","AZ Quest",138.911,120.2136,122.8048,,
65180245000193,"BEALFE FUNDO INCENTIVADO DE INVESTIMENTO FINANCEIRO EM INFRAESTRUTURA RENDA FIXA","BTG WM",130.1909,104.3705,39.0091,,
65197885000106,"CRISMAJE FUNDO INCENTIVADO DE INVESTIMENTO FINANCEIRO EM INFRAESTRUTURA RENDA FIXA","BTG WM",72.7239,106.6246,46.5131,,
65255255000140,"ATID SF FIF INV EM INFRAESTRUTURA CLASSE DE INVESTIMENTO EM INFRAESTRUTURA RENDA FIXA RESP LIMITADA","Safra Asset",72.4754,85.5903,69.2291,,
65344961000169,"HERITAGE LINE IPCA FUNDO DE INVESTIMENTO FINANCEIRO RENDA FIXA INVESTIMENTO EM INFRA CP RESP LIMIT","Heritage",95.6663,109.0336,-66.2446,,
65529915000134,"SANTANDER PB CORVETTE INVESTIMENTO EM INFRA RF - FIF RESP LIMITADA","San WM",65.4759,89.8317,107.0225,,
65612787000198,"SAFRA INFRA CDI MASTER VI FIF INV EM INFRAESTRUTURA CLASSE DE INV EM INFRA RF LP RESP LIMITADA","Safra Asset",79.688,152.565,124.7645,,
65680121000177,"BB ALEF INFRA RENDA FIXA FUNDO INCENTIVADO DE INVESTIMENTO FINANCEIRO EM INFRAESTRUTURA RESP LIM","BB Asset",104.4044,99.6023,61.5403,,
65680395000166,"BB JHA INFRA RENDA FIXA FUNDO INCENTIVADO DE INVESTIMENTO FINANCEIRO EM INFRAESTRUTURA RESP LIMITADA","BB Asset",65.7589,109.1988,8.7345,,
65818203000135,"CH FIF - CLASSE DE INVESTIMENTO RENDA FIXA INCENTIVADO DE INVESTIMENTO EM INFRAESTRUTURA - RESP LTDA","BRAM",12.0718,87.5325,83.7449,,
65835445000137,"BB ALNITAK INFRA RENDA FIXA FUNDO INCENTIVADO DE INVEST FINAN EM INFRAESTRUTURA RESP LIMITADA","BB Asset",97.2264,114.4512,,,
65835458000106,"BB LZ INFRA RENDA FIXA FUNDO INCENTIVADO DE INVESTIMENTO FINANCEIRO EM INFRAESTRUTURA RESP LIMITADA","BB Asset",91.5672,91.1285,,,
65835898000163,"SANTANDER PB FSC INVESTIMENTO EM INFRAESTRUTURA RENDA FIXA - FIF RESP LIMITADA","San WM",108.691,87.6582,,,
65837807000129,"BB KEYSTONE INFRA RENDA FIXA FUNDO INCENTIVADO DE INVESTIMENTO FINANCEIRO EM INFRAESTRUTURA RESP LIM","BB Asset",93.3927,,,,
65838342000120,"BB KNOT INFRA RENDA FIXA FUNDO INCENTIVADO DE INVESTIMENTO FINANCEIRO EM INFRAESTRUTURA RESP LIM","BB Asset",87.3195,,,,
65842530000122,"SANTANDER PB CHAVES INVESTIMENTO EM INFRA RF - FIF RESP LIMITADA","San WM",66.7018,85.3988,92.2323,,
65842810000130,"SANTANDER PB STRONG INVESTIMENTO EM INFRA RENDA FIXA - FIF RESP LIMITADA","San WM",97.6678,,,,
65847230000136,"AMOR 12 FUNDO DE INV FINANCEIRO INV EM INFRAESTRUTURA CI EM INFRA RENDA FIXA RESP LIMITADA","Safra Asset",69.156,80.3139,55.7089,,
65888766000108,"CAPITÂNIA INFRA 30 CDI FI FINANCEIRO RENDA FIXA INVESTIMENTO EM INFRAESTRUTURA - RESP LIMITADA","Capitânia",139.386,111.6118,122.8248,,
66148609000110,"SANTANDER PB CASARA INVESTIMENTO EM INFRAESTRUTURA RENDA FIXA - FIF RESP LIMITADA","San WM",58.2076,85.8659,,,
66148652000186,"SANTANDER PB VILLA INVESTIMENTO EM INFRAESTRUTURA RENDA FIXA - FIF RESP LIMITADA","San WM",101.2035,91.2354,,,
66298117000101,"SHIRA IV FUNDO DE INV FINANCEIRO INV EM INFRAESTRUTURA CLASSE DE INV EM INFRA RF RESP LIMITADA","Safra Asset",105.6158,97.4325,,,
66302938000174,"SANTANDER PB AURUM INVESTIMENTO EM INFRAESTRUTURA RENDA FIXA - FIF RESP LIMITADA","San WM",104.2633,86.8301,,,
66404420000141,"HEM 2 FUNDO DE INV FINANCEIRO INV EM INFRAESTRUTURA CLASSE DE INV EM INFRA RENDA FIXA RESP LIMITADA","Safra Asset",113.8452,98.1191,67.9286,,
66413163000104,"RLLX FIF - CLASSE DE INVESTIMENTO RF INCENTIVADO DE INVESTIMENTO EM INFRAESTRUTURA","BRAM",91.4529,,,,
66572564000107,"PARADISE FUNDO DE INV FINANCEIRO INV EM INFRAESTRUTURA CLASSE DE INV EM INFRA RF RESP LIMITADA","Safra Asset",92.5977,74.9454,,,
66584573000118,"INFINIS II FIF - CI RF INCENTIVADO DE INVESTIMENTO EM INFRAESTRUTURA - RESPONSABILIDADE LIMITADA","Portofino",93.0297,,,,
66632272000112,"AZ QUEST AZRF MASTER 01/2033 FIF INCENTIVADO EM INFRA RF RESP LIMITADA","AZ Quest",103.2122,113.6703,,,
66633063000193,"SANTANDER PB R&M INVESTIMENTO EM INFRA RENDA FIXA - FIF RESP LIMITADA","San WM",78.053,87.4435,,,
66984679000109,"XP EXCLUSIVE DEBENTURES INCENTIVADAS CDI FIF RENDA FIXA CRÉD PRIV INVEST EM INFRA - RESP LIMITADA","XPG",112.2111,97.9961,,,
67086910000100,"MABRA FUNDO DE INVESTIMENTO FINANCEIRO RENDA FIXA INVESTIMENTO EM INFRAESTRUTURA - RESP LIMITADA","XPG",100.883,91.9217,,,
67136723000193,"NJS FUNDO DE INVESTIMENTO FINANCEIRO RENDA FIXA INVESTIMENTO EM INFRAESTRUTURA","XPG",98.5394,90.7391,,,
67347770000186,"INFRARIO FIF - CLASSE DE INVESTIMENTO RF INCENTIVADO DE INVESTIMENTO EM INFRAESTRUTURA","BRAM",241.9332,,,,
67570147000198,"LVS CLASSE DE INVESTIMENTO RENDA FIXA INCENTIVADO EM INFRAESTRUTURA - RESPONSABILIDADE LIMITADA","ASA",105.5047,80.0074,,,
67622863000171,"LECCINO FIF FUNDO INCENTIVADO EM INVESTIMENTO EM DEB DE INFRAESTRUTURA RF CRED PRIV RESP LIMITADA","Portofino",96.5791,,,,
67702207000189,"AURA FIF INV EM INFRAESTRUTURA CLASSE DE INV EM INFRA RENDA FIXA RESP LIMITADA","Safra Asset",97.2264,,,,
67807671000130,"SAFIRA FIF FI INCENTIVADO EM DEBÊNTURES DE INFRAESTRUTURA RENDA FIXA CRÉDITO PRIVADO RESP LIMITADA","Portofino",92.4182,,,,
67909195000168,"TIVIO ZENIT FIF - CI RF INCENTIVADO DE INVESTIMENTO EM INFRA LONGO PRAZO CRED PRIV - RESP LIMITADA","Tivio",104.7799,,,,
67929549000136,"FLB FUNDO INCENTIVADO DE INVESTIMENTO FINANCEIRO EM INFRAESTRUTURA RENDA FIXA","BTG WM",96.1147,,,,
67940788000197,"ABAETE KINEA FIF FI INCENTIVADO EM DEBÊNTURES DE INFRA RENDA FIXA CRED PRIV RESP LIMITADA","Kinea",69.7924,,,,
67948087000102,"FAL KINEA FIF FI INCENTIVADO EM DEBÊNTURES DE INFRA RENDA FIXA CRED PRIV RESP LIMITADA","Kinea",69.6882,,,,
97525452000129,"G5 SCB II FIF - CLASSE DE  INVESTIMENTO RENDA FIXA INCENTIVADO EM INFRAESTRUTURA CRÉDITO  PRIVADO","G5",112.9295,94.2002,18.2531,5.1781,50.2315
