CNPJ_Fundo,Nome_Fundo,Gestor_Apelido,PctCDI_1s,PctCDI_1m,PctCDI_3m,PctCDI_6m,PctCDI_12m
00322699000106,"BRADESCO H FIF - CLASSE DE INVESTIMENTO RF REFERENCIADA DI CRED PRIV LP EXECUTIVO - RESP LIMITADA","BRAM",101.563,102.7147,103.4748,100.7311,98.3698
00832435000100,"ITAÚ INSTITUCIONAL RENDA FIXA REFERENCIADO DI FIF RESP LIMITADA","IAM",101.3525,101.9454,102.001,100.0945,97.6694
00852311000189,"BB TOP DI RENDA FIXA REFERENCIADO DI LONGO PRAZO FIF RESPONSABILIDADE LIMITADA","BB Asset",102.1684,103.0074,104.1989,102.5102,99.7628
00888897000131,"BTG PACTUAL HEDGE FUNDO DE INVESTIMENTO FINANCEIRO RENDA FIXA","BTG Asset",76.9025,109.2713,102.3225,106.6433,98.8207
00974902000129,"BOLT PREV FI FINANCEIRO MULTIMERCADO CRÉDITO PRIVADO RESPONSABILIDADE LIMITADA","BRAM",111.6404,109.4434,114.0269,100.7395,98.8351
00977449000104,"BNP PARIBAS GERDAU PREVIDÊNCIA 1 CLASSE DE INVESTIMENTO RENDA FIXA CREDITO PRIVADO RESP LIMITADA","BNP",103.172,102.8239,108.0569,101.3565,99.8455
01361074000116,"TOP RENDA FIXA MIX CRÉD PRIV LONGO PRAZO FIF RESPONSABILIDADE LIMITADA","IAM",108.191,112.3501,115.9539,93.9151,96.4642
01380701000166,"SANTANDER PB VII MULTIMERCADO CRÉDITO PRIVADO - FUNDO DE INVESTIMENTO FINANCEIRO","San WM",-1.4468,60.749,22.3089,53.0582,74.3906
01597187000115,"SPECIAL RENDA FIXA REFERENCIADO DI FUNDO DE INVESTIMENTO FINANCEIRO RESPONSABILIDADE LIMITADA","IAM",101.3572,103.1105,103.1105,101.735,99.3725
01630558000113,"SANTANDER RENDA FIXA REFERENCIADO DI - FIF RESP LIMITADA","SAM",102.2464,102.2233,102.831,101.9039,99.577
01822655000108,"BANRISUL MASTER FUNDO DE INVESTIMENTO FINANCEIRO RENDA FIXA REFERENCIADO DI LONGO PRAZO RESPONSABILI","Banrisul",97.5849,99.6478,102.5645,97.9153,95.9219
02224382000162,"SANTANDER  EQUILÍBRIO RENDA FIXA REF DI CRÉDITO PRIVADO - FIF RESP LIMITADA","SAM",101.5289,105.0481,107.8909,103.1251,100.7155
02296928000190,"BB INSTITUCIONAL FUNDO DE INVESTIMENTO FINANCEIRO RENDA FIXA RESPONSABILIDADE LIMITADA","BB Asset",100.9622,103.032,105.6891,100.7175,97.5182
02846259000183,"TIBAGI FI FINANCEIRO - CI MULT CRED PRIV - RESP LIMITADA","BRAM",96.2046,99.0475,97.114,99.3058,97.7387
02998164000185,"BRADESCO PLUS I FI FINANCEIRO - CI MULT - RESP LIMITADA","BRAM",76.7456,90.9946,88.1105,88.4448,89.8899
03099639000164,"ATHENA I FUNDO DE INVESTIMENTO FINANCEIRO MULTIMERCADO CRÉDITO PRIVADO RESPONSABILIDADE LIMITADA","UBS",57.0358,91.6591,76.5221,89.9424,89.0256
03369970000157,"AQUILA FUNDO DE INVESTIMENTO FINANCEIRO - CLASSE DE INVESTIMENTO MULTIMERCADO - RESP LIMITADA","SAM",103.4005,100.7602,93.6242,92.6238,94.6465
03389374000139,"BB TOP RF ARROJADO FUNDO DE INVESTIMENTO FINANCEIRO RENDA FIXA LONGO PRAZO RESPONSABILIDADE LIMITADA","BB Asset",106.0314,106.2635,108.7771,100.3397,97.7986
03960320000181,"UNIMED RF 100 C EM FUNDO DE INVESTIMENTO FINANCEIRO RENDA FIXA RESPONSABILIDADE LIMITADA","BTG Asset",73.6122,85.1374,93.6522,96.0143,94.1954
03960349000163,"UNIMED RV 15 FUNDO DE INVESTIMENTO FINANCEIRO MULTIMERCADO RESPONSABILIDADE LIMITADA","Vinci",104.9626,63.7549,43.274,67.0155,100.3433
04087328000148,"IU WESTERN ASSET CORPORATE III FUNDO DE INVESTIMENTO FINANCEIRO RENDA FIXA RESPONSABILIDADE LIMITADA","Franklin Templeton",90.2893,91.0665,89.5697,87.2215,86.9422
04113821000195,"COLÔNIA FIF - CLASSE DE INVESTIMENTO RENDA FIXA CRÉDITO PRIVADO - RESP LIMITADA","BRAM",93.382,99.5649,98.3826,96.1494,96.1699
04228545000100,"BRADESCO CORPORATE FI FINANCEIRO - CI RF CRED PRIV - RESP LIMITADA","BRAM",99.5776,104.2235,106.725,102.1443,98.9925
04240128000183,"TIVIO INSTITUCIONAL 15 FIF - CI RENDA FIXA CRÉDITO PRIVADO LONGO PRAZO - RESP LIMITADA","Tivio",98.2451,109.8168,113.2119,101.1903,100.039
04356413000164,"JAGUAR FIF MULTIMERCADO CRÉDITO PRIVADO INVESTIMENTO NO EXTERIOR - RESPONSABILIDADE LIMITADA","BTG WM",25.56,88.5689,44.3289,68.6089,78.4323
04501865000192,"BTG PACTUAL CAPITAL MARKETS FUNDO DE INVESTIMENTO FINANCEIRO RENDA FIXA","BTG Asset",100.7714,102.6519,105.0522,101.6531,98.5313
04511306000163,"IU WESTERN ASSET PERFORMANCE V FIF RENDA FIXA RESP LIMITADA","Franklin Templeton",80.3205,81.7329,83.2338,81.4562,79.5998
04573108000124,"BARRA VELHA II FUNDO DE INVESTIMENTO FINANCEIRO MULTIMERCADO CRÉDITO PRIVADO RESP LIMITADA","BRAM",98.6283,101.7055,112.0263,100.145,95.3173
04587998000123,"PÉRICLES CLASSE DE INVESTIMENTO  MULTIMERCADO CRÉDITO PRIVADO - RESP LIMITADA","ASA",99.5206,104.9579,103.1146,100.9537,98.7766
04588017000162,"COMSHELL WA CLASSE DE INVESTIMENTO RENDA  FIXA - RESP LIMITADA","Franklin Templeton",41.9454,84.955,47.1638,68.5013,79.4569
04618345000164,"ALBATROZ FIF - CLASSE DE INVESTIMENTO MULTIMERCADO CRÉDITO PRIVADO - RESP LIMITADA","JGP",105.4692,115.2936,129.8417,108.3581,98.8283
04621721000170,"XP CORPORATE TOP CRÉDITO PRIVADO FI FINANCEIRO EM RENDA FIXA LONGO PRAZO - RESPONSABILIDADE LIMITADA","XPG",110.9387,113.0091,121.3387,99.6187,97.6392
04764252000148,"MONT BLANC PREVIDENCIÁRIO FUNDO DE INVESTIMENTO FINANCEIRO RENDA FIXA","BNP",100.3134,107.2804,110.0885,98.2348,98.9601
04786966000157,"DUCAPE FUNDO DE INVESTIMENTO FINANCEIRO","Daycoval",100.9727,98.8313,106.71,96.7352,96.7573
04841576000132,"BRADESCO FIF - CLASSE DE INVESTIMENTO SUPRE II - RESP LIMITADA","BRAM",21.0919,87.3201,62.8392,85.282,85.6477
04875006000163,"BRAM IQ FIF - CLASSE DE INVESTIMENTO RENDA FIXA CRÉDITO PRIVADO - RESPONSABILIDADE LIMITADA","BRAM",104.7809,105.7606,107.3817,103.8866,101.398
04885403000116,"AGNES I FIF - CLASSE DE INVESTIMENTO MULTIMERCADO - RESP LIMITADA","SAM",100.3195,101.1789,101.7281,100.6439,98.2333
04885571000101,"CEARÁ FIF  - CLASSE DE INVESTIMENTO RF  CRÉDITO PRIVADO - RESP  LTDA","Icatu",158.1198,155.2713,108.0945,118.9654,111.9153
04899128000190,"SULAMÉRICA EXCELLENCE FIF RENDA FIXA CRÉDITO PRIVADO DE RESPONSABILIDADE LIMITADA","Sulamérica",101.948,102.2841,104.9709,101.3901,97.3957
05018037000160,"BRASILSEG RENDA FIXA CRÉDITO PRIVADO FUNDO DE INVESTIMENTO FINANCEIRO RESPONSABILIDADE LIMITADA","BB Asset",100.131,105.3814,108.1881,81.4141,90.0932
05108379000171,"CITRINO I - FIF CLASSE DE INVESTIMENTO RENDA FIXA CRÉDITO PRIVADO RESPONSABILIDADE LIMITADA","Safra Asset",108.0618,102.4539,103.7986,101.8558,99.4616
05508422000196,"EQTPREV STRATEGY FIF MULTIMERCADO CRÉDITO PRIVADO DE RESPONSABILIDADE LIMITADA","Sulamérica",105.5066,106.8098,111.179,101.903,99.4098
05615511000131,"MBPREV I FUNDO DE INVESTIMENTO FINANCEIRO RENDA FIXA RESPONSABILIDADE LIMITADA","BRAM",90.3482,96.9757,100.4909,99.6843,97.9714
05615522000111,"MBPREV II FUNDO DE INVESTIMENTO FINANCEIRO MULTIMERCADO RESPONSABILIDADE LIMITADA","BRAM",95.1643,96.7065,98.3125,98.5231,97.5697
05642617000124,"CHATEAUBRIAND PREVIDENCIÁRIO FI FINANCEIRO - CI RF - RESP LIMITADA","Franklin Templeton",71.8566,106.1225,79.1005,94.6725,89.9744
05755769000133,"ICATU VANGUARDA PLUS FIF  RF  LONGO PRAZO - RESP  LTDA","Icatu",80.2138,96.3991,96.3378,90.8968,93.9201
05832360000173,"BB ATACADO MISTO FUNDO DE INVESTIMENTO FINANCEIRO RENDA FIXA LONGO PRAZO CRÉDITO PRIVADO RESP LIM","BB Asset",108.3223,109.5099,115.8224,99.0819,98.1991
05922462000180,"UBS CONSENSO PÓS FIXADO FIF DE RENDA FIXA CRÉDITO PRIVADO RESPONSABILIDADE LIMITADA","UBS",96.2605,100.8696,104.6861,101.5652,98.4404
06015421000172,"BB TOP CRÉDITO PRIVADO ASG FIF RENDA FIXA INVESTIMENTO SUSTENTÁVEL LONGO PRAZO RESP LIMITADA","BB Asset",102.0056,107.4063,117.2619,88.8095,92.3387
06066907000130,"ITAÚ RENDA FIXA CRED PRIV MASTER ACTIVE FIX FIF RESPONSABILIDADE LIMITADA","IAM",108.1864,110.5103,115.3259,97.7034,98.6085
06077638000107,"BRADESCO FIF - CLASSE DE INVESTIMENTO RF CRÉDITO PRIVADO LP PERFORMANCE - RESP LIMITADA","BRAM",99.9064,103.1702,109.0197,101.4328,99.3862
06086684000172,"RAMA FI FINANCEIRO - CI MULT CRED PRIV - RESP LIMITADA","Rafter",103.5394,107.7622,110.9333,106.3473,103.5312
06866051000187,"TIVIO INSTITUCIONAL RENDA FIXA CRED PRIV FUNDO DE INVESTIMENTO FINANCEIRO - RESP LIMITADA","Tivio",102.1951,104.0051,105.7821,99.4378,97.9973
07593967000173,"BRASILPREV TOP TP FUNDO DE INVESTIMENTO FINANCEIRO RENDA FIXA CRÉDITO PRIVADO RESP LIMITADA","BB Asset",105.503,108.414,112.0146,102.0988,99.9243
07889704000106,"WESTERN ASSET INCOME GENERATION ICATU PREV RENDA FIXA FIF CRED PRIV RESP LIMITADA","Franklin Templeton",95.9586,98.0365,101.2381,96.4254,94.6897
07900255000150,"ICATU VANGUARDA CRÉDITO PRIVADO FIF - CLASSE DE INVESTIMENTO RENDA FIXA LP -RESP LIMITADA","Icatu",100.2966,122.1406,119.0274,104.2683,100.4086
08252580000116,"ASPECIR PGBL FUNDO DE INVESTIMENTO RENDA FIXA CRÉDITO PRIVADO PREVIDENCIÁRIO - RESPONSABILIDADE LIMI","4UM",158.8353,105.8818,110.6906,102.5284,99.9127
08608370000118,"SABESPREV CRÉDITO PRIVADO PPM FUNDO DE INVESTIMENTO FINANCEIRO RENDA FIXA RESPONSABILIDADE LIMITADA","BRZ",103.8285,96.2957,96.5281,108.2181,100.9686
08708502000183,"ASA ESTRATÉGIA FUNDO DE INVESTIMENTO FINANCEIRO EM COTAS DE FUNDOS DE INVESTIMENTO RENDA FIXA","ASA",95.7031,99.0739,99.5905,92.9409,81.5862
08868449000188,"RHODES CLASSE DE INVESTIMENTO MULTIMERCADO CRÉDITO PRIVADO - RESP LIMITADA","ASA",10.7474,90.1372,71.9375,75.2417,90.3275
08960971000195,"BANRISUL PREMIUM FUNDO DE INVESTIMENTO RENDA FIXA DE LONGO PRAZO RESPONSABILIDADE LIMITADA","Banrisul",99.8323,101.9114,104.4549,98.9046,97.1784
08960978000107,"BANRISUL FLEX CREDITO PRIVADO FUNDO DE INVESTIMENTO RENDA FIXA DE LONGO PRAZO RESPONS LIMITADA","Banrisul",98.2976,104.6016,109.689,96.8316,95.8748
08984821000111,"BIOESTRATÉGIA FI FINANCEIRO - CI MULT CRED PRIV - RESP LIMITADA","Rafter",104.5496,110.0824,112.0678,105.7313,101.7673
09083848000104,"TIVIO LEGACY PREVIDÊNCIA FIF - CLASSE DE INVESTIMENTO RENDA FIXA CRED PRIV - RESP LIMITADA","Tivio",101.9965,105.6322,107.6092,100.117,99.4229
09087708000104,"WESTERN ASSET PREV CREDIT RENDA FIXA CRÉDITO PRIVADO FUNDO DE INVESTIMENTO FINANCEIRO RESP LIMITADA","Franklin Templeton",97.5216,102.3337,109.3657,101.2799,101.5215
09087799000170,"BALTIMORE FUNDO DE INVESTIMENTO FINANCEIRO MULTIMERCADO CRÉDITO PRIVADO RESPONSABILIDADE LIMITADA","Franklin Templeton",68.9364,91.5507,67.2961,78.8553,86.3705
09136668000135,"SAFRA CAPITAL MARKET FIF CLASSE DE INVESTIMENTO RENDA FIXA CRÉDITO PRIVADO RESPONSABILIDADE LIMITADA","Safra Asset",104.3776,101.3168,103.4557,99.6044,97.4495
09181291000136,"XCVI FUNDO DE INVESTIMENTO FINANCEIRO MULTIMERCADO CRÉDITO PRIVADO - RESPONSABILIDADE LIMITADA","XPG",39.5605,106.5138,92.9374,96.8302,91.8616
09329721000114,"UBS EVOLUTION DI MASTER FUNDO DE INVESTIMENTO FINANCEIRO RENDA FIXA REFERENCIADO RESP LIMITADA","UBS",100.9949,102.2667,104.0817,102.6534,100.1088
09418454000151,"UBS MINUANO FUNDO DE INVESTIMENTO FINANCEIRO MULTIMERCADO CRÉDITO PRIVADO RESPONSABILIDADE LIMITADA","UBS",69.5466,48.0056,46.2823,37.0128,76.7914
09484942000167,"SONG II FUNDO DE INVESTIMENTO  FINANCEIRO MULTIMERCADO CRÉDITO PRIVADO","Brainvest",33.4861,69.9241,35.011,43.4335,69.596
09522705000143,"BRADESCO H HEALTH CARE PLUS FIF - CLASSE DE INVESTIMENTO RENDA FIXA CRÉDITO PRIVADO - RESP LIMITADA","BRAM",99.7583,102.7445,104.0343,101.3024,98.8823
09523207000115,"BRADESCO TEJO FI FINANCEIRO - CI MULT - RESP LIMITADA","BRAM",100.8183,99.2411,94.3242,93.1891,93.7857
09543255000175,"RIO BRAVO FI FINANCEIRO - CI RF CRED PRIV - RESP LIMITADA","Rio Bravo",97.0713,77.2808,100.217,98.1109,98.4839
09577500000165,"SANTANDER CRESCIMENTO RF CRÉD PRIV LONGO PRAZO - FIF RESP LIMITADA","SAM",102.837,112.5711,116.7743,101.312,98.2278
09639927000140,"ELS QUATRE GATS FUNDO DE INVESTIMENTO MULTIMERCADO CRÉDITO PRIVADO","Monte Bravo",96.4144,96.249,96.6963,96.8189,94.0025
09720710000160,"INTER CONSERVADOR PLUS FIF RENDA FIXA CRÉDITO PRIVADO LONGO PRAZO RESP LIMITADA","Inter",100.497,99.9123,101.2555,99.3758,97.7756
09720734000110,"AF INVEST GERAES FUNDO DE INVESTIMENTO FINANCEIRO RENDA FIXA","AF Invest",100.4943,103.4981,106.0192,93.4876,95.2056
10264179000148,"RT ENDURANCE FUNDO DE INVESTIMENTO FINANCEIRO MULTIMERCADO CRÉDITO PRIVADO RESP LIMITADA","IAM",103.3845,104.1924,102.7187,93.7159,95.6137
10264255000115,"ITAÚ RENDA FIXA CRÉDITO PRIVADO DIFERENCIADO FIF RESP LIMITADA","IAM",104.4982,106.1059,108.802,100.3782,99.5204
10322668000109,"CAIXA FIDELIDADE II FUNDO DE INVESTIMENTO FINANCEIRO RENDA FIXA CRÉDITO PRIVADO LP - RESP LIMITADA","CEF Asset",102.4203,101.6606,105.3367,101.4743,100.0297
10326625000100,"VALORA ABSOLUTE FIF RENDA FIXA CRÉD PRIV LONGO PRAZO - RESPONSABILIDADE LIMITADA","Valora",53.8939,78.5098,112.6085,84.293,87.3628
10347228000106,"SAFRA REFERENCIADO FIF CLASSE DE INVEST RENDA FIXA REFERENCIADA DI CRÉDITO PRIVADO RESP LIMITADA","Safra Asset",106.5695,104.0703,103.8868,101.8552,99.5721
10355529000181,"CORLEONE II FUNDO INCENTIVADO DE INVESTIMENTO FINANCEIRO EM INFRAESTRUTURA RENDA FIXA","BTG WM",-250.6151,-37.1202,45.9833,70.9304,
10551353000133,"CAIXA QUALIFICADO FUNDO DE INVESTIMENTO FINANCEIRO RENDA FIXA CRÉDITO PRIVADO LP - RESP LIMITADA","CEF Asset",99.3976,99.0049,103.8232,99.3266,97.6278
10813716000161,"BRADESCO H PERFORMANCE INSTITUCIONAL FI FINANCEIRO - CI RF CRED PRIV LP - RESP LIMITADA","BRAM",102.4763,105.0973,108.3977,102.3641,99.6977
10843445000197,"XP REFERENCIADO DI FI FINANCEIRO RENDA FIXA CRÉDITO PRIVADO - RESPONSABILIDADE LIMITADA","XPG",99.9894,101.146,101.0238,100.2801,97.4101
10948577000183,"CAIXA MASTER FUNDO DE INVESTIMENTO FINANCEIRO RENDA FIXA CRÉDITO PRIVADO LONGO PRAZO - RESP LIMITADA","CEF Asset",102.7867,103.1707,106.6926,103.6337,101.3563
11039158000191,"DAKAR FI FINANCEIRO - CI MULT CRED PRIV - RESP LIMITADA","Aramus",83.3801,96.9893,105.5418,91.1337,95.4436
11121992000121,"BNP PARIBAS FI FINANCEIRO ZAFIRA RENDA FIXA CRÉDITO PRIVADO PREVIDENCIÁRIO RESP LTDA","BNP",107.0924,112.897,122.6875,103.1255,100.1048
11225793000163,"FÊNIX FUNDOS DE INVESTIMENTO MULTIMERCADO","Lifetime",118.3969,102.6544,95.6206,92.8823,92.4287
11248452000103,"NESTON FIF - CLASSE DE INVESTIMENTO RENDA FIXA CRÉDITO PRIVADO LP - RESPONSABILIDADE LIMITADA","JGP",103.0845,110.8245,125.0086,105.9094,96.5958
11435262000103,"PIRAHY FUNDO DE INVESTIMENTO FINANCEIRO MULTIMERCADO","BTG WM",496.3275,163.8464,169.0297,189.1247,161.0834
11435287000107,"MAG FUNDO DE INVESTIMENTO FINANCEIRO - CLASSE DE  INVESTIMENTO RENDA FIXA - RESP LIMITADATA","MAG",97.1507,102.174,99.8719,100.5617,98.2308
11447056000105,"LINCOLN FUNDO DE INVESTIMENTO FINANCEIRO MULTIMERCADO CRÉDITO PRIVADO RESPONSABILIDADE LIMITADA","Portofino",91.4932,94.6804,97.2124,81.6801,96.4077
11447124000136,"SAFRA VITESSE FIF CLASSE DE INVESTIMENTO RENDA FIXA CRÉDITO PRIVADO RESPONSABILIDADE LIMITADA","Safra Asset",99.3593,101.4368,104.7142,99.8876,97.9124
11447136000160,"PRINCIPAL CLARITAS FUNDO DE INVESTIMENTO FINANCEIRO RENDA FIXA","Principal",101.8979,109.155,117.2064,104.3343,99.5805
11508507000177,"SOLIS VEGA FUNDO DE INVESTIMENTO FINANCEIRO RENDA FIXA","Solis",115.2198,108.7234,112.6685,106.3553,98.1669
11555338000126,"BRADESCO EMPRESAS H FIF - CLASSE DE INVESTIMENTO RF CRED PRIVADO LP PERFORMANCE 20 - RESP LIMITADA","BRAM",101.702,104.1003,107.6494,101.7223,99.4774
11690117000160,"LEROSA MODERADO FUNDO DE INVESTIMENTO FINANCEIRO RENDA FIXA CRÉDITO PRIVADO - RESP LIMITADA","Lerosa",-18.8429,80.5933,18.4774,68.7937,71.5439
11839215000117,"BB RF CRÉDITO PRIVADO LONGO PRAZO DEDICADO ANS FUNDO DE INVESTIMENTO FINANCEIRO RESP LIMITADA","BB Asset",105.0361,108.2252,113.0531,103.1982,99.9533
11952676000100,"FUNDO DE INVESTIMENTO FINANCEIRO MULTIMERCADO DOREL","BTG WM",58.0886,57.3574,-275.7555,-119.2347,-18.6498
11961080000168,"MAG PREVIDÊNCIA CRÉDITO PRIVADO FIF - CLASSE DE INVESTIMENTO RF  - RESP  LIMITADA","MAG",69.8255,98.9234,99.1431,105.126,100.467
11961206000102,"RHODES FUNDO DE INVESTIMENTO FINANCEIRO MULTIMERCADO CRÉDITO PRIVADO RESPONSABILIDADE LIMITADA","XPG",100.0948,106.7966,113.4065,101.6551,100.0075
12059831000118,"DHF-M FUNDO DE INVESTIMENTO FINANCEIRO","Dynamo",190.0663,-48.1767,-153.8045,15.4519,141.802
12412818000109,"BRAM LIVRE FI FINANCEIRO - CI RF CRED PRIV - RESP LIMITADA","BRAM",101.9232,108.9317,116.4989,106.7581,103.8362
12698632000150,"MARATHON FUNDO DE INVESTIMENTO MULTIMERCADO","Prumo",88.8876,63.6652,37.8286,47.7058,57.281
12796193000118,"SAFRA PREV VITESSE ICATU FIF PREV CI RF CRÉDITO PRIVADO PREVIDENCIÁRIO RESPONSABILIDADE LIMITADA","Safra Asset",91.3531,98.0918,99.534,97.5061,95.8571
13030850000184,"SUL AMÉRICA TURIDO FUNDO DE INVESTIMENTO FINANCEIRO MULTIMERCADO DE RESPONSABILIDADE LIMITADA","Sulamérica",100.8753,101.7104,88.926,87.0147,92.2414
13049660000109,"BRASIL ASSET FUND II FIF - CLASSE DE INVESTIMENTO MULTIMERCADO CRÉDITO PRIVADO - RESP LIMITADA.","MAG",99.7064,104.4459,102.5196,101.3513,98.7663
13058736000162,"CAIXA PREVINVEST PREVIDENCIÁRIO FIF RENDA FIXA CRÉDITO PRIVADO - RESPONSABILIDADE LIMITADA","CEF Asset",105.5556,104.3901,105.7695,102.7979,100.2689
13106998000155,"CAPITANIA FIX CREDITO PRIVADO FI FINANCEIRO RENDA FIXA - RESPONSABILIDADE LIMITADA","Capitânia",-78.8872,7.9253,23.443,44.6254,64.3245
13400194000164,"BRAM CAPITAL FI FINANCEIRO - CI RF CRED PRIV - RESP LIMITADA","BRAM",105.3599,105.8435,109.3214,103.6543,101.2304
13411914000197,"ITAÚ FLEXPREV PRIVATE FUNDO DE INVESTIMENTO FINANCEIRO RENDA FIXA CRÉDITO PRIVADO - RESP LIMITADA","IAM",102.684,106.7019,108.8573,99.6899,98.7829
13425757000179,"MAIS VIDA II FIF - CLASSE DE INVESTIMENTO MULTIMERCADO - RESP LIMITADA","SAM",107.7001,102.1577,89.7525,88.9866,93.3214
13454232000161,"MILANO FUNDO DE INVESTIMENTO FINANCEIRO MULTIMERCADO","BTG WM",-58.3642,44.0098,36.0201,56.4136,77.5162
13455189000159,"SANTANDER ANS RENDA FIXA CRÉDITO PRIVADO - FIF RESP LIMITADA","SAM",103.4388,103.9667,106.3928,102.2197,99.8992
13492738000165,"DAYCOVAL CLASSIC PREVIDÊNCIA FUNDO DE INVESTIMENTO FINANCEIRO","Daycoval",99.9633,103.3728,106.7637,102.4247,98.6234
13596496000150,"PALMARES CLASSE DE INVESTIMENTO MULTIMERCADO CRÉDITO PRIVADO","Brainvest",93.2189,85.8265,80.6416,85.413,84.833
13823084000105,"SUL AMÉRICA CRÉDITO ATIVO FIF RENDA FIXA CRÉD PRIV LONGO PRAZO DE RESP LIMITADA","Sulamérica",98.8222,103.5862,109.4727,99.297,98.0308
13935899000186,"FUNDO DE INVESTIMENTO FINANCEIRO MULTIMERCADO VEGA","BTG WM",-110.9588,5.3862,28.426,-6.6022,-42.705
14146491000198,"XP INFLAÇÃO FUNDO DE INVESTIMENTO EM RENDA FIXA LONGO PRAZO RESPONSABILIDADE LIMITADA","XPG",127.8845,117.6117,79.7664,103.847,89.2136
14158932000171,"FUNDO DE INVESTIMENTO MULTIMERCADO FRATELLI LONGO PRAZO","Scalare",-219.1086,-13.2243,-27.4222,35.8984,-39.6429
14188164000107,"SPARTA TOP MASTER CRÉDITO PRIVADO FIF RENDA FIXA LONGO PRAZO - RESPONSABILIDADE LIMITADA","Sparta",110.6372,106.0541,111.3428,102.1923,97.8918
14399722000175,"GERDAU 4 PREVIDÊNCIA FIF RENDA FIXA CRÉDITO PRIVADO - RESPONSABILIDADE LIMITADA","XPG",100.7528,106.2023,108.0581,101.1862,98.994
14399804000110,"GERDAU PREVIDÊNCIA 3 FIF - CLASSE DE INVESTIMENTO RF CRÉDITO PRIVADO - RESP LIMITADA","Icatu",102.512,105.2206,108.8556,97.0658,97.8659
14466898000100,"BRASIL CORPORATE FIF RENDA FIXA CRÉDITO PRIVADO LONGO PRAZO - RESPONSABILIDADE LIMITADA","Plural",102.1712,107.6931,110.6905,101.3423,100.1907
14473842000175,"UBS ROKA FUNDO DE INVESTIMENTO FINANCEIRO - MULTIMERCADO CRÉDITO PRIVADO RESPONSABILIDADE LIMITADA","UBS",0,211.9816,984.2103,517.7861,304.2588
14491665000150,"TIVIO FI FINANCEIRO - CI RF CRED PRIV - RESP LIMITADA","Tivio",89.5507,106.6749,106.1199,96.4605,92.2326
14557317000138,"BTG PACTUAL CREDITO CORPORATIVO FUNDO DE INVESTIMENTO FINANCEIRO RENDA FIXA","BTG Asset",102.1138,109.2067,118.237,107.4674,100.9845
14843629000108,"SANTIAGO FIF - CLASSE DE INVESTIMENTO MULTIMERCADO CRÉDITO PRIVADO","Prada",90.4128,93.9913,64.6339,80.519,78.9291
15174629000125,"INTEGRAL FUNDO DE INVESTIMENTO FINANCEIRO RENDA FIXA","Integral",101.8212,111.2397,126.0358,104.876,101.0096
15207219000133,"CONFIANCE MULTISTRATEGIES FUNDO DE INVESTIMENTO MULTIMERCADO - CRÉDITO PRIVADO","Capri",51.8033,91.235,105.49,95.8831,95.173
15259169000138,"WESTERN ASSET GROWTH FIF RENDA FIXA CRÉDITO PRIVADO RESPONSABILIDADE LIMITADA","Franklin Templeton",99.9098,106.4486,104.6116,100.5248,97.7548
15350679000116,"PLURAL HIGH GRADE FIF RENDA FIXA CRÉDITO PRIVADO - RESPONSABILIDADE LIMITADA","Plural",102.4593,102.7308,102.9828,98.4788,96.4235
15398622000197,"BB MWP FUNDO DE INVESTIMENTO FINANCEIRO MULTIMERCADO CRÉDITO PRIVADO LONGO PRAZO","BB Asset",21.2702,87.4497,42.9802,58.9158,82.824
15487311000102,"PLURAL CRÉDITO CORPORATIVO FIF RENDA FIXA CRÉDITO PRIVADO LP - RESPONSABILIDADE LIMITADA","Plural",103.5512,106.6787,110.3949,103.3417,100.7728
15612416000138,"CAPITANIA ALFA FIF - CLASSE DE INVESTIMENTO RENDA FIXA CRÉDITO PRIVADO - RESPONSABILIDADE LIMITADA","Capitânia",70.5928,46.6697,93.9952,91.0862,95.707
15675431000125,"BRAM FIF - CLASSE DE INVESTIMENTO RF REFERENCIADA DI CORAL - RESP LIMITADA","BRAM",103.9775,104.7767,105.2282,102.6662,100.0915
15675437000100,"BRAM FI FINANCEIRO - CI RF CRED PRIV - RESP LIMITADA","BRAM",105.007,108.1081,109.9193,104.7491,102.0092
16599959000125,"TAGUS TOP II FUNDO DE INVESTIMENTO FINANCEIRO RENDA FIXA","Tagus",116.1642,96.4844,110.6156,97.4708,64.7568
16916048000184,"CATEDRAL FUNDO DE INVESTIMENTO FINANCEIRO RENDA FIXA CRÉDITO PRIVADO - RESPONSABILIDADE LIMITADA","Funcef",144.6735,184.8947,67.5746,93.8498,100.5698
17041023000147,"HARPIA CRED PRIV FI FINANCEIRO - CI RF CRED PRIV - RESP LIMITADA","Capitânia",55.7702,38.8673,100.7538,92.2088,95.4097
17051205000107,"ITAÚ INSTITUCIONAL RENDA FIXA ACTIVE FIX CRÉDITO PRIVADO MASTER FIF RESPONSABILIDADE LIMITADA","IAM",105.2505,109.9723,115.3552,97.1029,97.0752
17072641000154,"PORTO SEGURO INFLAÇÃO MASTER PREVIDENCIÁRIO FIF RENDA FIXA RESPONSABILIDADE LIMITADA","Porto Asset",-124.0391,52.8804,-7.0669,60.0441,64.9399
17072894000128,"SABESPREV FUNDO DE INVESTIMENTO FINANCEIRO MULTIMERCADO CRÉDITO PRIVADO RESPONSABILIDADE LIMITADA","Polo",77.85,119.8886,93.947,82.6375,87.6325
17138011000135,"UNIMED FUNDO DE INVESTIMENTO FINANCEIRO RENDA FIXA CRÉDITO PRIVADO PREVIDENCIÁRIO RESP LIMITADA","BNP",103.4153,104.4298,116.3753,96.525,96.1341
17138466000150,"SANTANDER ANS II RENDA FIXA CRÉDITO PRIVADO - FIF RESP LIMITADA","SAM",101.7542,103.7808,105.9977,101.4508,99.1899
17138474000105,"SANTANDER CRESCIMENTO INSTITUCIONAL RENDA FIXA CRÉDITO PRIVADO LONGO PRAZO - FIF RESP LIMITADA","SAM",97.611,105.6035,108.9947,99.3577,95.9389
17225793000140,"BB ECO PLUS FUNDO DE INVESTIMENTO FINANCEIRO RENDA FIXA CRÉDITO PRIVADO RESPONSABILIDADE LIMITADA","BB Asset",102.082,102.3217,106.8171,94.8694,97.2826
17329683000128,"ICATU VANGUARDA PLUS FIFE FIF- CLASSE DE INVESTIMENTO RENDA FIXA PREVIDENCIÁRIO - RESP LIMITADA","Icatu",83.0721,95.636,98.0633,93.2275,95.0631
17329754000192,"BNP PARIBAS CAMARO FIF RENDA FIXA PREVIDENCIÁRIO CRÉDITO PRIVADO - RESPONSABILIDADE LIMITADA","BNP",105.8642,109.2844,122.2978,102.6579,100.6534
17329785000143,"ÂMBAR PREVIDENCIÁRIO MULTIMERCADO CRÉDITO PRIVADO FUNDO DE INVESTIMENTO FINANCEIRO RESP LIMITADA","Portofino",18.3511,78.7835,46.86,77.7195,77.5585
17339084000195,"WESTERN ASSET TROPICAL FI FINANCEIRO - CI RF - RESP LIMITADA","Franklin Templeton",104.8176,103.1897,100.6413,95.3836,95.74
17689994000106,"BNP PARIBAS IGUAÇU CLASSE DE INVESTIMENTO MULTIMERCADO CRÉDITO PRIVADO - RESPONSABILIDADE LIMITADA","BNP",145.1527,143.1108,135.8561,110.6377,103.8189
17898668000109,"AQUILA 6 CRÉDITO PRIVADO FUNDO DE INVESTIMENTO FINANCEIRO RENDA FIXA - RESPONSABILIDADE LIMITADA","Capitânia",72.9424,83.1216,89.1823,90.4994,92.0272
17913386000125,"FUNDO DE INVESTIMENTO FINANCEIRO MULTIMERCADO GIDU INVEST NO EXTERIOR CRÉD PRIV - RESP LIMITADA","BTG WM",-17.7652,63.8226,141.5208,68.7064,134.8433
18007644000177,"CAIXA MASTER PERFORMANCE 50 FUNDO DE INVESTIMENTO FINANCEIRO RENDA FIXA LONGO PRAZO - RESP LIMITADA","CEF Asset",102.327,102.2602,104.6627,102.5188,100.1573
18086741000100,"FIF MULTIMERCADO PEDRA REDONDA INVESTIMENTO NO EXTERIOR CRÉDITO PRIVADO - RESPONSABILIDADE LIMITADA","BTG WM",9.273,77.31,31.201,43.4305,76.6825
18428655000120,"BB TOP RENDA FIXA CREDITO PRIVADO ALTO RENDIMENTO LONGO PRAZO FIF RESPONSABILIDADE LIMITADA","BB Asset",110.2941,111.457,128.5885,91.9107,89.9526
18599004000101,"SANTANDER PREV CRESCIMENTO RENDA FIXA CRÉDITO PRIVADO - FIF RESP LIMITADA","SAM",105.8165,108.4193,112.2008,101.2239,98.785
18685779000191,"SEVEN SONS CLASSE DE INVESTIMENTO MULTIMERCADO CRÉDITO PRIVADO - RESPONSABILIDADE LIMITADA","UBS",14.273,36.9994,32.8174,35.6765,75.9924
18719154000101,"PORTO SEGURO FUNDO DE INVESTIMENTO FINANCEIRO RENDA FIXA REFERENCIADO DI CRED PRIV RESP LIMITADA","Porto Asset",99.3995,103.4491,108.0903,100.0701,97.9078
18814287000159,"FAIRFIELD FUNDO DE INVESTIMENTO FINANCEIRO RENDA FIXA CRÉDITO PRIVADO RESPONSABILIDADE LIMITADA","Galapagos",88.3256,107.8326,108.1555,104.4066,96.7583
18814964000139,"XP HORIZONTE PREV MASTER FUNDO DE INVESTIMENTO FINANCEIRO RENDA FIXA - RESPONSABILIDADE LIMITADA","XPG",94.7068,116.2337,102.9717,105.0047,98.3564
18816175000137,"RAFTER FI FINANCEIRO - CI RF CRED PRIV - RESP LIMITADA","Rafter",99.0029,102.426,105.1746,101.1413,98.8209
18990334000115,"JGP CORPORATE PLUS MASTER FUNDO DE INVESTIMENTO FINANCEIRO MULTIMERCADO CRÉDITO PRIVADO RESP LTDA","JGP",160.0528,119.0661,134.1342,107.4824,107.7307
19038997000105,"FINACAP FI FINANCEIRO - CI MULT CRED PRIV - RESP LIMITADA","Finacap",-50.324,47.5672,-13.952,43.3232,79.6311
19366021000153,"MONGERAL AEGON SBOTPREV FUNDO DE INVESTIMENTO FINANCEIRO MULTIMERCADO - RESPONSABILIDADE LIMITADA","MAG",74.4956,91.008,63.7408,75.0442,80.641
19390898000180,"SAFRA PREV CAPITAL MARKET FIF PREVIDENCIÁRIO CI RENDA FIXA CRÉDITO PRIVADO PREV RESP LIMITADA","Safra Asset",101.6818,102.5193,104.7946,101.7558,99.7815
19413568000162,"UPSALA FIF - CLASSE DE INVESTIMENTO MULTIMERCADO CRÉDITO PRIVADO - RESP LIMITADA","Prada",95.4708,103.8689,100.5069,104.9639,98.2317
19436722000111,"BRASIL ASSET FI FINANCEIRO EM RENDA FIXA CRÉDITO PRIVADO - RESPONSABILIDADE LIMITADA","XPG",102.5367,104.9366,108.0553,101.0787,98.6118
19436808000144,"DEZOITO FIF CLASSE DE INVESTIMENTO RENDA FIXA CRÉDITO PRIVADO RESPONSABILIDADE LIMITADA","Safra Asset",100.4259,100.1929,101.9625,101.405,99.6572
19531929000175,"BANESES FUNDO DE INVESTIMENTO  FINANCEIRO RENDA FIXA CRÉDITO PRIVADO - RESPONSABILIDADE LIMITADA","BRZ",101.5999,117.2505,84.4767,109.6436,104.6344
19550100000110,"SANTANDER FLEXÍVEL RF CRÉD PRIV - FIF RESP LIMITADA","SAM",107.7602,108.3064,112.0693,100.5409,99.5844
19675080000103,"GLMB CLASSE DE INVESTIMENTO MULTIMERCADO CRÉDITO PRIVADO - RESP LIMITADA","UBS",27.4415,34.2796,31.4784,39.1422,-118.9402
19718324000198,"MAG OABPREV SC FIF - CLASSE DE INVESTIMENTO MULT  - RESP  LIMITADA","MAG",67.9604,92.542,67.7145,75.0969,84.9223
19719719000105,"PREVICOKE FIF - CLASSE DE INVESTIMENTO RENDA FIXA CRÉDITO PRIVADO - RESP LIMITADA","JGP",106.1202,108.1624,125.1322,104.7502,97.1586
19719727000151,"ICATU VANGUARDA INFLAÇÃO FIF - CI RENDA FIXA CRÉD PRIV LONGO PRAZO - RESP LIMITADA","Icatu",110.3659,129.2287,77.8589,82.3774,82.8692
19770499000144,"EXPLORITAS ALPHA AMERICA LATINA MASTER FUNDO DE INVESTIMENTO FINANCEIRO MULTIMERCADO","Exploritas",-1107.2035,-133.8251,-670.2706,-315.8195,-254.8215
19782311000188,"AZ QUEST VALORE FUNDO DE INVESTIMENTO FINANCEIRO RENDA FIXA CRÉDITO PRIVADO","AZ Quest",111.619,110.5499,111.1496,73.9799,84.3664
19831152000164,"BPC POLIURETANO FIF - CLASSE DE INVESTIMENTO MULTIMERCADO - RESP LIMITADA","Franklin Templeton",109.5595,105.8008,100.4775,95.3196,94.836
19941689000187,"JACARANDÁ FUNDO DE INVESTIMENTO FINANCEIRO MULTIMERCADO CRÉDITO PRIVADO RESPONSABILIDADE LIMITADA","IAM",65.151,95.4881,26.1773,69.3029,71.9658
19941929000143,"ZANIAH FUNDO DE INVESTIMENTO FINANCEIRO MULTIMERCADO CRÉDITO PRIVADO RESPONSABILIDADE LIMITADA","BNP",104.6353,103.6963,107.9842,102.8411,100.9261
19959517000130,"SULAMÉRICA PRESTIGE STRATEGIE FIFE FIF RENDA FIXA CRÉDITO PRIVADO RESPONSABILIDADE LIMITADA","Sulamérica",102.8912,103.9043,107.2533,104.1794,100.3551
20146318000192,"CAPITANIA PREMIUM MASTER FIF RENDA FIXA CRÉDITO PRIVADO LONGO PRAZO - RESPONSABILIDADE LIMITADA","Capitânia",-149.0417,-55.8919,-31.5138,2.9408,44.2004
20155921000130,"METLIFE FUNDO DE INVESTIMENTO FINANCEIRO RENDA FIXA II RESPONSABILIDADE LIMITADA","Franklin Templeton",103.305,103.8839,104.5993,100.176,99.1009
20231879000190,"RAFTER MODERADO FI FINANCEIRO - CI MULT CRED PRIV - RESP LIMITADA","Rafter",-8.1424,68.4727,34.3571,55.3719,83.3857
20468262000192,"COMSHELL WA IMA-S CLASSE DE INVESTIMENTO  RENDA FIXA- RESP LIMITADA","Franklin Templeton",101.9493,101.9478,102.601,100.8259,98.9813
20468779000181,"IMPACTO HORIZONTE CLASSE DE INVESTIMENTO  RENDA FIXA CRÉDITO PRIVADO LONGO PRAZO - RESP LIMITADA","Impacto",97.5376,95.6289,95.9869,96.2337,94.187
20519416000128,"VOLKS UP! CRÉDITO PRIVADO FIF - CLASSE DE INVESTIMENTO MULT  - RESP  LIMITADA","MAG",92.8705,101.4929,95.6102,101.3641,98.4939
20519417000172,"AZIMUT CORUJA FI FINANCEIRO - CI RF CRED PRIV - RESP LIMITADA","AZ Quest",108.3744,107.9665,115.8316,96.3507,93.4187
20833920000106,"JGP CORPORATE MASTER FIF RENDA FIXA CRÉDITO PRIVADO LONGO PRAZO - RESPONSABILIDADE LIMITADA","JGP",140.0247,115.8144,133.7801,112.6576,103.7105
20833938000108,"WM FIF- CLASSE DE INVESTIMENTO RENDA FIXA CRED PRIV PREVIDENCIÁRIO - RESP LIMITADA","Icatu",101.2654,109.4697,105.827,96.4074,98.4112
20833940000179,"MAG OABPREV GO FUNDO DE  INVESTIMENTO FINANCEIRO MULTIMERCADO  RESPONSABILIDADE LIMITADA","MAG",82.4573,103.4673,82.5285,87.0213,90.5199
20879578000177,"INTER CONSERVADOR FUNDO DE INVESTIMENTO FINANCEIRO RENDA FIXA CRÉDITO PRIVADO RESP LIMITADA","Inter",99.298,99.9342,103.1492,97.7986,95.4818
20887247000189,"GERDAU PREVIDÊNCIA FUNDO DE INVESTIMENTO RENDA FIXA CRÉDITO PRIVADO 5","Plural",104.0574,103.8445,104.0977,99.6432,98.137
20889471000100,"SULAMÉRICA FIX 100 PLUS FUNDO DE INVESTIMENTO FINANCEIRO RENDA FIXA RESPONSABILIDADE LIMITADA","Sulamérica",96.6477,95.9966,102.0333,98.1172,94.8097
20889498000100,"SULAMÉRICA VOO LIVRE PREV FUNDO DE INVESTIMENTO FINANCEIRO MULTIMERCADO DE RESPONSABILIDADE LIMITADA","Sulamérica",91.0748,98.753,96.4374,95.705,94.2299
21015780000113,"Z4 FI FINANCEIRO - CI MULT CRED PRIV - RESP LIMITADA","Rafter",104.658,105.5681,108.6703,106.0268,103.8589
21040600000153,"BTG MULTIGESTOR CREDIT FIF - CLASSE DE INVESTIMENTO MULTIMERCADO CRED PRIV - RESP ILIMITADA","BTG WM",93.6186,112.8609,118.2406,98.9748,98.5686
21082099000198,"NAN CDI FI FINANCEIRO - CI MULT LP - RESP LIMITADA","Franklin Templeton",106.4213,104.1835,98.3466,95.3992,96.114
21336427000135,"BTG PACTUAL YIELD PREVIDÊNCIA FUNDO DE INVESTIMENTO FINANCEIRO RENDA FIXA","BTG Asset",100.6508,101.9727,102.8891,100.9559,98.3521
21336440000194,"BTG PACTUAL CRÉDITO CORPORATIVO PREVIDÊNCIA FUNDO DE INVESTIMENTO FINANCEIRO MULTIMERCADO","BTG Asset",110.9378,110.7703,122.5056,104.6565,99.8397
21596021000191,"CALEDÔNIA CLASSE DE INVESTIMENTO RENDA  FIXA CRÉDITO PRIVADO - RESPONSABILIDADE  LIMITADA","BTG WM",107.124,109.0515,114.5013,104.911,101.0875
21613158000107,"FO FUNDO DE INVESTIMENTO FINANCEIRO RENDA FIXA","BTG WM",98.8663,105.7304,110.89,101.6015,99.1296
21762085000115,"JGP SELECT MASTER FUNDO DE INVESTIMENTO FINANCEIRO MULTIMERCADO CRÉDITO PRIVADO RESP LTDA","JGP",161.719,116.7269,134.037,110.8039,112.7702
21791224000139,"DESTERRO FIF RENDA FIXA CRÉDITO PRIVADO - RESP LIMITADA","BRZ",92.6373,141.361,109.9268,107.6497,106.6619
21888723000149,"ITAÚ RENDA FIXA CRÉDITO PRIVADO DIFERENCIADO II FUNDO DE INVESTIMENTO FINANCEIRO RESP LIMITADA","IAM",104.529,106.7419,108.5073,97.8385,98.068
22041150000186,"BRASIL PLURAL MASTER PREVIDÊNCIA CRÉDITO PRIVADO FIF RENDA FIXA - RESPONSABILIDADE LIMITADA","Plural",101.4076,105.415,108.8982,102.4489,100.064
22118303000146,"CW1 CRÉDITO PRIVADO FUNDO DE INVESTIMENTO FINANCEIRO MULTIMERCADO - RESPONSABILIDADE LIMITADA","Capitânia",-58.1576,25.7832,38.8503,37.1227,67.4473
22232878000195,"BTG PACTUAL ANS RF FUNDO DE INVESTIMENTO FINANCEIRO RENDA FIXA","BTG Asset",107.2847,114.9545,127.2661,109.641,102.3363
22985070000189,"XPCE RF FUNDO DE INVESTIMENTO FINANCEIRO MULTIMERCADO CRÉDITO  PRIVADO - RESPONSABILIDADE LIMITADA","XPG",100.862,104.3517,120.2209,94.205,99.4285
23225882000199,"ATENA TAPYR MASTER FUNDO DE INVESTIMENTO FINANCEIRO RENDA FIXA","Atena",103.5158,105.2879,108.1392,105.8009,104.995
23225888000166,"BUTIÁ TOP CRÉDITO PRIVADO FUNDO DE INVESTIMENTO RENDA FIXA MASTER","Butiá",109.705,110.2553,114.3678,103.5807,101.5559
23272391000107,"CAPITÂNIA RADAR 90 FIF MULTIMERCADO CRÉDITO PRIVADO LONGO PRAZO - RESPONSABILIDADE LIMITADA","Capitânia",-300.0424,-187.775,-95.4919,-52.1369,11.4975
23376623000169,"POLO HIGH YIELD MASTER CRÉDITO PRIVADO FIF MULTIMERCADO - RESPONSABILIDADE LIMITADA","Polo",80.8955,123.3498,137.0198,114.0903,111.3615
23502713000159,"SUL AMÉRICA PLURAL MASTER PREV FIFE FIF RENDA FIXA CRÉDITO PRIVADO DE RESPONSABILIDADE LIMITADA","Plural",104.2268,105.298,108.0765,102.5535,100.7399
23556180000198,"AZ QUEST ALTRO MASTER FUNDO DE INVESTIMENTO FINANCEIRO MULTIMERCADO CRÉDITO PRIVADO","AZ Quest",107.7761,114.4815,120.9426,80.3835,93.3833
23556204000109,"AZ QUEST LUCE MASTER FIF RENDA FIXA CRÉDITO PRIVADO LONGO PRAZO - RESPONSABILIDADE LIMITADA","AZ Quest",104.4329,112.2697,115.0312,91.3059,95.8384
23731475000153,"UBS FANRONG FUNDO DE INVESTIMENTO FINANCEIRO - MULTIMERCADO CRÉDITO PRIVADO RESP LIMITADA","UBS",-32.1763,-146.6967,-82.2784,-17.9985,29.9773
23738226000190,"AZ QUEST ICATU MASTER FIFE CONSERVADOR FIF RENDA FIXA PREVIDENCIÁRIO CRÉD PRIV - RESP LTDA","AZ Quest",105.1784,112.2987,114.742,86.7658,91.5306
23748539000129,"SULAMÉRICA FUNDO DE INVESTIMENTO FINANCEIRO RENDA FIXA ANS CRÉDITO PRIVADO DE RESP LIMITADA","Sulamérica",101.5546,103.1721,106.5541,102.5083,98.7438
23781888000142,"1622 FUNDO DE INVESTIMENTO FINANCEIRO MULTIMERCADO","BTG WM",96.6661,104.5814,99.0378,91.9185,91.0741
24011864000177,"PORTO SEGURO IMA-B5 FUNDO DE INVESTIMENTO FINANCEIRO RENDA FIXA LONGO PRAZO RESP LIMITADA","Porto Asset",124.8885,115.3475,73.2508,90.6081,81.6929
24068085000108,"TB HIGH YIELD FUNDO DE INVESTIMENTO FINANCEIRO MULTIMERCADO LONGO PRAZO","TAG",74.2319,102.935,117.1471,118.6896,116.4881
24215239000147,"JGP QP5 FUNDO DE INVESTIMENTO FINANCEIRO MULTIMERCADO LIVRE CRÉDITO PRIVADO RESP LIMITADA","JGP",120.1907,114.9068,130.4098,101.5013,94.7509
24215307000178,"QUANTITA QP3 FUNDO DE INVESTIMENTO FINANCEIRO MULTIMERCADO LIVRE CRÉDITO PRIVADO RESP LIMITADA","Quantitas",106.7565,108.785,117.5485,100.2615,99.8386
24444154000130,"SPARTA MAX MASTER FIF RENDA FIXA CRÉDITO PRIVADO LONGO PRAZO - RESPONSABILIDADE LIMITADA","Sparta",112.9694,107.2723,114.0885,104.7528,99.17
24572511000146,"GALT FI FINANCEIRO RENDA FIXA CRÉDITO PRIVADO LONGO PRAZO - RESPONSABILIDADE LIMITADA","Galt",101.0249,100.6748,107.497,102.7652,100.2596
24986620000100,"POLO MULTISETORIAL III CLASSE DE INVESTIMENTO MULTIMERCADO CRÉDITO PRIVADO - RESP LIMITADA","Polo",122.2164,132.5665,130.1411,100.2406,105.617
25036659000129,"G5 LRM FIF - CLASSE DE INVESTIMENTO MULTIMERCADO CRÉDITO PRIVADO - RESPONSABILIDADE LIMITADA","G5",19.1388,53.8332,50.6244,48.5096,56.4977
25079461000122,"SAFRA ANS VITESSE FIF CLASSE DE INVESTIMENTO RENDA FIXA CRÉDITO PRIVADO RESPONSABILIDADE LIMITADA","Safra Asset",100.3572,100.1677,101.8385,98.8959,97.034
25234711000151,"BB TOP DI RENDA FIXA REFERENCIADO DI CRÉDITO PRIVADO LONGO PRAZO FIF RESPONSABILIDADE LIMITADA","BB Asset",111.8576,110.927,119.4225,95.0295,94.5508
25307339000166,"UBS MASTER IA CRÉDITO PRIVADO FUNDO DE INVESTIMENTO FINANCEIRO MULT PREVIDENCIÁRIO - RESP LIMITADA","UBS",106.5457,110.3104,115.8919,105.7517,103.3111
25341064000187,"ITAÚ WEALTH MASTER RENDA FIXA REFERENCIADO DI FUNDO DE INVESTIMENTO FINANCEIRO RESP LIMITADA","IAM",101.7576,103.0843,103.0583,101.7766,99.3116
25682025000143,"ASA INCOME CLASSE DE INVESTIMENTO RENDA FIXA CRÉDITO PRIVADO - RESPONSABILIDADE LIMITADA","ASA",102.1072,105.4672,106.0463,100.9607,100.3127
26143135000108,"G5 POLARIS PREV ICATU QUALIFICADO FIF - CLASSE DE INVESTIMENTO MULT CRED PRIV - RESP LIMITADA","G5",77.2777,133.9103,93.5333,91.3571,96.4582
26173300000166,"EXPERTISE FIF - CLASSE DE INVESTIMENTO MULTIMERCADO CRÉDITO PRIVADO - RESP LIMITADA","BV Asset",87.8399,91.4886,-11.346,-1048.9018,-511.0278
26313371000117,"PRINCIPAL CLARITAS UNIMEDVX FUNDO DE INVESTIMENTO FINANCEIRO RENDA FIXA","Principal",103.5558,108.5225,114.6408,104.8826,100.0976
26313391000198,"PW2 FI FINANCEIRO MULTIMERCADO CRÉDITO PRIVADO INVESTIMENTO NO EXTERIOR - RESP LTDA","Polo",8.0721,110.5402,102.5993,81.1674,85.5617
26324274000120,"MULTICOOP FUNDO DE INVESTIMENTO FINANCEIRO RENDA FIXA CRÉDITO PRIVADO RESPONSABILIDADE LIMITADA","BNP",104.9274,105.9618,113.1757,101.7032,100.4678
26370161000160,"ICATU SEG APOSENTADORIA PREV RENDA FIXA FIF II RESPONSABILIDADE LIMITADA","Franklin Templeton",106.0413,102.563,95.3306,90.2819,91.9583
26374791000103,"THE STORM CLASSE DE INVESTIMENTO MULTIMERCADO CRÉDITO PRIVADO RESP LIMITADA","UBS",-4.0094,67.0304,70.259,79.9387,82.9751
26491419000187,"KINEA CRÉDITO PRIVADO PREV RENDA FIXA FUNDO DE INVESTIMENTO FINANCEIRO RESPONSABILIDADE LIMITADA","Kinea",100.0139,106.7429,112.3571,95.6017,94.6602
26498249000162,"CAPITÂNIA PREVIDENCE ADVISORY ICATU FIF RENDA FIXA CRÉDITO PRIVADO RESPONSABILIDADE LTDA","Capitânia",-334.5784,-149.1487,-201.6739,-74.0429,-34.3832
26525450000191,"JGP SELECT PREMIUM FIF MULTIMERCADO CRÉDITO PRIVADO IE - RESPONSABILIDADE LIMITADA","JGP",159.0366,109.1916,128.5863,97.3239,105.1567
26664935000166,"DEVANT AUDAX FUNDO DE INVESTIMENTO FINANCEIRO RESPONSABILIDADE LIMITADA","Devant",100.4074,-207.0111,-68.7958,-23.1705,33.6011
26703080000135,"PAVILLION FUNDO DE INVESTIMENTO FINANCEIRO MULTIMERCADO","BTG WM",-73.1471,50.8048,-33.738,-44.5837,31.6934
26725148000187,"G5 MOON FI FINANCEIRO - CI MULT CRED PRIV - RESP LIMITADA","G5",100.4284,96.5289,65.2736,58.925,67.8984
26773252000147,"BB 3F FUNDO DE INVESTIMENTO FINANCEIRO MULTIMERCADO CRÉDITO PRIVADO LONGO PRAZO","BB Asset",-72.9032,4.8772,0.1091,21.7937,77.2043
26845906000109,"UNIMED INVESTCOOP ANS III FUNDO DE INVESTIMENTO FINANCEIRO RENDA FIXA CRÉDITO PRIVADO RESP LIMITADA","Investcoop",107.4491,111.4506,119.7911,107.3729,101.3469
26861544000131,"GIN&FRED FUNDO DE INVESTIMENTO MULTIMERCADO CRÉDITO PRIVADO","XPG",71.6047,88.3344,81.8753,84.887,84.8406
26978438000132,"IRIDIUM APOLLO FIF RENDA FIXA CRÉDITO PRIVADO LONGO PRAZO - RESPONSABILIDADE LIMITADA","Iridium",79.1735,105.4023,107.2488,94.8321,94.1423
27293743000153,"SOMMA ANS FUNDO DE INVESTIMENTO FINANCEIRO RENDA FIXA","Somma",123.7831,107.3158,116.4119,105.0306,102.0143
27566032000105,"MIRNO CLASSE DE INVESTIMENTO MULTIMERCADO CRÉDITO PRIVADO - RESP LIMITADA","Sonata",70.683,67.5399,56.761,69.447,81.6229
27826059000190,"INTER PREMIUM FUNDO DE INVESTIMENTO FINANCEIRO RENDA FIXA CRÉDITO PRIVADO LONGO PRAZO RESP LIMITADA","Inter",102.1811,103.1329,108.0636,95.004,92.7679
27883656000156,"DHF FUNDO DE INVESTIMENTO FINANCEIRO","Dynamo",-314.8147,187.4556,83.2203,134.4771,142.126
27927529000101,"AEN FUNDO DE INVESTIMENTO FINANCEIRO MULTIMERCADO","BTG WM",36.7259,45.054,55.6101,67.5487,-167.3011
27974854000125,"1960 PREVIDÊNCIA FIF - CLASSE DE INVESTIMENTO MULT CRED PRIV - RESP LIMITADA","Brainvest",4.289,62.4491,35.0993,65.3519,70.8573
28206220000195,"SOMMA TORINO FIF - CI RF CRED PRIV LP - RESP LIMITADA","Somma",100.6381,104.7735,115.6544,105.3116,101.5544
28320857000108,"WESTERN ASSET TOTAL CREDIT RENDA FIXA CRÉDITO PRIVADO FUNDO DE INVESTIMENTO FINANCEIRO RESP LIMITADA","Franklin Templeton",102.9987,111.6085,111.3722,104.1039,104.4312
28581607000121,"4UM FI FINANCEIRO - CI RF CRED PRIV LP - RESP LIMITADA","4UM",103.0195,108.3123,111.1254,103.949,101.5983
28648875000113,"BRASIL PLURAL FOZ DO IGUAÇU FIF RENDA FIXA CRÉDITO PRIVADO LONGO PRAZO - RESPONSABILIDADE LIMITADA","Plural",103.79,104.0964,104.3008,98.7097,96.8508
28651424000135,"ARTEMIS FUNDO DE INVESTIMENTO FINANCEIRO","SFI",100.2996,105.3285,117.9395,101.4207,99.6698
28767162000179,"JGP CRÉDITO ADVISORY FI FINANCEIRO MULTIMERCADO CRÉDITO PRIVADO - RESPONSABILIDADE LIMITADA","JGP",159.3673,111.8418,125.5524,101.364,101.3889
28788460000145,"RONDÔNIA FIF - CLASSE DE INVESTIMENTO RENDA FIXA CRÉDITO PRIVADO - RESPONSABILIDADE LIMITADA","Icatu",101.3605,109.3988,115.265,96.1788,96.4204
28840203000105,"HIGH YIELD MASTER FUNDO DE INVESTIMENTO FINANCEIRO MULTIMERCADO CRÉDITO PRIVADO RESP LIMITADA","IAM",112.0004,113.215,122.7475,99.3125,99.7483
28851713000188,"ITAÚ RENDA FIXA CRÉDITO PRIVADO DIFERENCIADO IQ FUNDO DE INVESTIMENTO FINANCEIRO RESP LIMITADA","IAM",103.6093,107.5817,108.7886,95.8314,96.7702
29044189000104,"AF INVEST GERAES 30 FUNDO DE INVESTIMENTO FINANCEIRO RENDA FIXA","AF Invest",96.4775,104.8869,104.481,84.7919,89.5964
29106510000120,"CSHG FASSIS FUNDO DE INVESTIMENTO FINANCEIRO - MULTIMERCADO CRÉDITO PRIVADO RESPONSABILIDADE LTDA","UBS",37.4841,38.2102,-533.4442,-227.6005,-57.809
29109266000159,"UNIMED INVESTCOOP ANS FUNDO DE INVESTIMENTO FINANCEIRO MULTIMERCADO CRÉDITO PRIVADO RESP LIMITADA","Investcoop",105.3055,111.1328,116.3478,106.9189,101.1306
29157520000194,"CAIXA DIAMANTE CORPORATIVO FIF RENDA FIXA CRÉDITO PRIVADO LONGO PRAZO - RESP LIMITADA","CEF Asset",103.2534,102.2379,106.0452,102.4355,100.0085
29196718000187,"ITAÚ WEALTH IQ MASTER RENDA FIXA REFERENCIADO DI FIF RESP LIMITADA","IAM",101.7808,103.3291,103.1968,101.7943,99.3008
29250121000173,"DAYCOVAL CLASSIC 30 FUNDO DE INVESTIMENTO FINANCEIRO","Daycoval",107.1318,100.5688,110.6795,103.3104,100.7653
29259723000191,"ITAÚ FLEXPREV HIGH YIELD FIF RF CRED PRIV - RESP LIMITADA","IAM",102.2104,108.6735,115.0367,97.8852,97.822
29259957000139,"SANTANDER TURMALINA RENDA FIXA CRÉDITO PRIVADO - FIF RESP LIMITADA","SAM",98.5075,102.9631,106.7858,102.9675,100.3418
29626006000150,"PRINCIPAL CLARITAS ADVISORY ICATU PREVIDÊNCIA FI FINANCEIRO MULTIMERCADO - RESPONSABILIDADE LIMITADA","Principal",-0.3036,74.5464,13.0679,48.5547,82.5262
29733674000187,"RFT MISSISSIPI FI FINANCEIRO - CI MULT CRED PRIV - RESP LIMITADA","Rafter",91.5216,109.6697,117.453,111.1418,108.8724
29734143000109,"TRAFALGAR QUALIFICADO FI FINANCEIRO - CI MULT CRED PRIV - RESP LIMITADA","UBS",-6.8792,76.2807,43.2302,73.6668,75.8396
29983496000142,"WESTERN ASSET PREV CREDIT 2 RENDA FIXA FUNDO DE INVESTIMENTO FINANCEIRO CRÉDITO PRIV RESP LIMITADA","Franklin Templeton",99.5084,102.6595,106.456,100.7588,99.8451
30056825000199,"SAFRA POLARIS FIF CLASSE DE INVESTIMENTO RENDA FIXA CRÉDITO PRIVADO RESPONSABILIDADE LIMITADA","Safra Asset",96.499,101.2471,106.0298,97.8263,96.8226
30330495000188,"FCOPEL II FUNDO DE INVESTIMENTO RENDA FIXA","Icatu",123.6124,106.4814,69.3996,81.5084,82.5634
30338831000139,"XPA VERTICE CRÉDITO FUNDO DE INVESTIMENTO MULTIMERCADO CRÉDITO PRIVADO","XPG",99.029,109.3125,101.3494,97.4139,99.2747
30338838000150,"CAPITÂNIA CREDPREVIDÊNCIA MÁSTER FI FINANCEIRO RENDA FIXA CRÉDITO PRIVADO RESP LTDA","Capitânia",-120.9109,-1.5073,28.3765,36.0495,56.4486
30353549000120,"AUGME PRO FUNDO DE INVESTIMENTO FINANCEIRO MULTIMERCADO","Augme",289.2872,147.7718,145.6218,106.2912,94.9822
30392659000100,"BRAM ULTRA FI FINANCEIRO - CI RF CRED PRIV - RESP LIMITADA","BRAM",101.4825,110.6282,119.9953,109.7428,106.3896
30453289000165,"G5 ALLOCATION FUNDO DE INVESTIMENTO FINANCEIRO MULTIMERCADO","G5",64.541,103.0848,92.7427,71.4933,81.5738
30506088000189,"AZALEIA FUNDO DE INVESTIMENTO FINANCEIRO MULTIMERCADO CRÉDITO PRIVADO","XPG",97.5479,120.7194,114.0246,108.0426,85.2405
30568172000127,"AUGME HIGH GRADE FUNDO DE INVESTIMENTO RENDA FIXA","Augme",172.4332,116.6353,126.8006,100.0227,101.0691
30568485000185,"AUGME INSTITUCIONAL CLASSE DE  INVESTIMENTO RENDA FIXA CRÉDITO PRIVADO - RESP LIMITADA","Augme",16.1549,-141.029,-313.2361,-1054.0001,-576.0446
30593140000181,"ITAÚ FLEXPREV ACTIVE FIX FIF RF CRÉD PRIV - RESP LIMITADA","IAM",103.2492,109.2965,114.3083,94.2342,94.9194
30608416000158,"TENACE FIF CLASSE DE INVESTIMENTO RENDA FIXA CRÉDITO PRIVADO LONGO PRAZO RESPONSABILIDADE LIMITADA","Safra Asset",97.6733,108.6832,106.0387,104.3472,102.0672
30630324000174,"FCOPEL FUNDO DE INVESTIMENTO FINANCEIRO RENDA FIXA CRÉDITO PRIVADO III RESPONSABILIDADE LIMITADA","JGP",127.9312,113.8015,134.787,106.9657,98.2973
30869395000124,"SPARTA PREVIDÊNCIA FIFE FUNDO DE INVESTIMENTO FINANCEIRO RENDA FIXA CRÉDITO PRIVADO RESP LTDA","Sparta",106.2221,98.882,105.9775,97.3676,93.3572
31120022000119,"ARX DENALI ICATU PREVIDÊNCIA FI FINANCEIRO RENDA FIXA CRÉDITO PRIVADO - RESPONSABILIDADE LIMITADA","ARX",67.5327,90.4684,106.8228,94.3558,91.9407
31217083000107,"ITAÚ ACTIVE FIX DUAL MULTIMERCADO CRÉDITO PRIVADO FUNDO DE INVESTIMENTO FINANCEIRO RESP LIMITADA","IAM",110.5968,120.3371,120.8046,105.6308,103.4333
31247970000110,"JULIUS BAER GESTÃO DE CRÉDITO SELETIVO 120 CRED PRIV FIF MULTIMERCADO - RESPONSABILIDADE LIMITADA","BTG WM",89.2847,113.971,111.735,104.2251,101.0214
31611340000182,"UBS MASTER PORTFOLIO CRÉDITO PRIVADO FUNDO DE INVESTIMENTO FINANCEIRO  MULTIMERCADO RESP LIMITADA","UBS",106.6723,110.2767,116.9165,104.2866,103.1493
31908013000197,"ATENA YIELD MASTER FUNDO DE INVESTIMENTO FINANCEIRO RENDA FIXA","Atena",110.9075,112.97,119.1663,112.6531,110.2171
31961612000174,"XP HIGH GRADE ADVISORY FUNDO DE INVESTIMENTO FINANCEIRO RENDA FIXA CRED PRIV RESP LIMITADA","XPG",98.2207,101.6324,105.6154,70.2348,75.6703
31962100000122,"SPARTA PREVIDÊNCIA MASTER FUNDO DE INVESTIMENTO FINANCEIRO RENDA FIXA CRÉDITO PRIVADO RESP LTDA","Sparta",112.7543,104.6364,110.1236,103.0101,99.1685
31963396000104,"DEVANT MAGNA FUNDO DE INVESTIMENTO FINANCEIRO RESPONSABILIDADE LIMITADA","Devant",286.7873,126.8629,79.6863,75.4615,95.3233
31964159000150,"TYTON CRÉDITO FUNDO DE INVESTIMENTO FINANCEIRO MULTIMERCADO","Tyton",110.6056,117.0464,116.4586,115.9874,117.1879
32158371000192,"AZ QUEST B PREVIDÊNCIA FIFE MASTER FI FINANCEIRO - CI MULT - RESP LIMITADA","AZ Quest",69.972,89.8329,83.8589,79.434,89.4482
32159534000151,"ITAÚ PRECISION ADVANCED FUNDO DE INVESTIMENTO FINANCEIRO  MULTIMERCADO CRÉDITO PRIV RESP LIMITADA","IAM",124.3604,122.006,124.3781,111.4018,104.3329
32225253000150,"IRIDIUM TITAN MASTER FIF RENDA FIXA CRÉDITO PRIVADO - RESPONSABILIDADE LIMITADA","Iridium",79.1857,115.8049,118.4937,102.2219,102.4964
32225995000185,"SPARTA ANS FUNDO DE INVESTIMENTO FINANCEIRO RENDA FIXA","Sparta",99.3199,104.1635,104.0092,99.7555,97.3159
32312120000110,"BRAM CORAL II FIF - CLASSE DE INVESTIMENTO RENDA FIXA REFERENCIADA DI - RESP LIMITADA","BRAM",103.5741,104.6351,105.089,102.7882,100.3012
32312343000188,"IRIDIUM APOLLO MASTER PREV FI FINANCEIRO RENDA FIXA CRÉDITO PRIVADO -  RESPONSABILIDADE LIMITADA","Iridium",76.649,103.3699,106.8116,97.3346,94.6094
32312678000104,"ARX DENALI PREVIDÊNCIA FI FINANCEIRO RENDA FIXA CRÉDITO PRIVADO - RESPONSABILIDADE LIMITADA","ARX",86.8232,100.3325,114.4452,99.1703,98.1232
32319525000180,"JGP CRÉDITO PREVIDENCIÁRIO MASTER FIF RENDA FIXA CRÉD PRIV LONGO PRAZO - RESPONSABILIDADE LIMITADA","JGP",121.3773,114.5705,130.0474,110.2152,106.8782
32385140000111,"MAG PREV XP SEGUROS ADVISORY FIF RF CRÉD PRIV - RESPONSABILIDADE LIMITADA","MAG",87.7516,100.0069,98.1554,96.9367,93.9078
32388077000177,"BRAM CAPITAL II FIF - CLASSE DE INVESTIMENTO RENDA FIXA CRÉDITO PRIVADO - RESP LIMITADA","BRAM",103.9715,109.0128,113.0955,105.2864,102.7329
32397641000118,"PRINCIPAL CLARITAS BTG PREVIDÊNCIA FUNDO DE INVESTIMENTO FINANCEIRO MULTIMERCADO","Principal",97.0086,61.652,38.2783,57.6933,85.6617
32711923000148,"JUXTA CRUCEM FUNDO DE INVESTIMENTO FINANCEIRO MULTIMERCADO CRÉDITO PRIVADO RESP LIMITADA","IAM",96.6524,102.9159,109.9899,96.2793,96.3725
32742673000103,"PRINCIPAL CLARITAS PREVIDÊNCIA FIFE FIF MULTIMERCADO CRÉDITO PRIVADO RESPONSABILIDADE LIMITADA","Principal",99.1024,99.531,99.8852,95.4456,91.7819
32760072000123,"ICATU VANGUARDA CREDIT PLUS MASTER FIF - CLASSE DE INVESTIMENTO RF CRED PRIV - RESP LIMITADA","Icatu",127.7115,137.0134,138.7738,97.1178,107.0215
32770526000147,"ARX K2 INFLAÇÃO CURTA FI FINANCEIRO MULTIMERCADO CRÉDITO PRIVADO- RESPONSABILIDADE LIMITADA","ARX",-26.3463,118.5678,53.5451,83.1617,75.9311
32771072000129,"XP CORPORATE PLUS MASTER FI FINANCEIRO MULTIMERCADO CRÉDITO PRIVADO -  RESPONSABILIDADE LIMITADA","XPG",125.2813,126.7623,140.7156,101.958,103.9081
32990051000102,"KINEA OPORTUNIDADE FUNDO DE INVESTIMENTO FINANCEIRO RENDA FIXA CRÉDITO PRIVADO RESP LIMITADA","Kinea",108.6201,111.4538,-1410.1749,-677.3902,-289.1631
33342285000106,"BRZ HIGH GRADE FI FINANCEIRO RENDA FIXA CRÉDITO PRIVADO- RESPONSABILIDADE LIMITADA","BRZ",111.9073,107.0349,113.7871,105.8534,100.2419
33520988000179,"BUTIÁ TOP PREVIDENCIÁRIO FIFE FUNDO DE INVESTIMENTO FINANCEIRO RENDA FIXA","Butiá",105.3412,106.51,110.1638,99.792,97.7572
33599991000120,"BTG PACTUAL CREDITO CORPORATIVO PLUS FUNDO DE INVESTIMENTO FINANCEIRO MULTIMERCADO","BTG Asset",110.7603,126.761,117.2029,109.1145,107.8765
33701828000126,"SULAMÉRICA CRÉDITO ESG FIF RENDA FIXA CRÉDITO PRIVADO LP INVEST SUSTENTÁVEL DE RESP LIMITADA","Sulamérica",98.9731,105.7831,112.7542,100.074,98.3091
33842492000111,"SAFRA REFERENCIADO II FIF CLASSE DE INVEST RENDA FIXA REFERENCIADA DI CRÉDITO PRIVADO RESP LIMITADA","Safra Asset",102.0278,101.6618,101.6363,100.967,99.0806
33953262000120,"SPS PREV CLASSE DE INVESTIMENTO  MULTIMERCADO CRÉDITO PRIVADO - RESP LIMITADA","Berkana",123.6437,88.9897,67.7509,77.1864,97.8364
34080987000113,"BRADESCO FIF DEDICADO ANS - CLASSE DE INVESTIMENTO RENDA FIXA CRÉDITO PRIVADO - RESP LIMITADA","BRAM",101.028,103.0898,102.5041,97.2758,96.7904
34081211000118,"ICATU VANGUARDA ABSOLUTO FIFE FIF - CLASSE DE INVESTIMENTO RF CRED PRIV PREVIDENCIÁRIO - RESP  LTDA","Icatu",103.9584,118.1259,118.2424,97.4948,99.1036
34109940000135,"BRADESCO GESTÃO FI FINANCEIRO - CI RF CRED PRIV - RESP LIMITADA","BRAM",105.3026,110.2826,118.7831,108.5116,104.4921
34143987000115,"UNIMED MULTIESTRATÉGIA FUNDO DE INVESTIMENTO FINANCEIRO MULTIMERCADO RESP LIMITADA","Vinci",86.9643,87.3261,91.4827,87.4068,82.8926
34172479000165,"MINERVA FUNDO DE INVESTIMENTO FINANCEIRO MULTIMERCADO","BTG WM",-392.085,-145.8812,-118.3476,-85.283,143.1501
34200585000105,"VILA DO CONDE FIF CLASSE DE INVESTIMENTO MULTIMERCADO CRÉDITO PRIVADO RESPONSABILIDADE LIMITADA","Safra Asset",81.3931,98.4723,103.4655,104.7222,101.5958
34270943000156,"CAPITÂNIA PREV BP FUNDO DE INVESTIMENTO FINANCEIRO RENDA FIXA","Capitânia",1.8061,86.4294,68.3323,52.8764,78.8011
34369940000174,"ACESSO I FUNDO DE INVESTIMENTO FINANCEIRO MULTIMERCADO CRÉDITO PRIVADO - RESPONSABILIDADE LIMITADA","Angá",-5.9026,-5.8738,-7.2503,815.0195,1227.0074
34431868000168,"ROOT CAPITAL HIGH YIELD FI FINANCEIRO MULTIMERCADO CRÉDITO PRIVADO - RESPONSABILIDADE LIMITADA","Root",116.1421,131.7245,159.349,118.6685,126.499
34447278000123,"GJ33 PREV FUNDO DE INVESTIMENTO MULTIMERCADO CRÉDITO PRIVADO RESPONSABILIDADE LIMITADA","XPG",82.205,98.2323,94.7484,94.17,88.7586
34474470000109,"ARX VINSON MASTER FI FINANCEIRO RENDA FIXA CRÉDITO PRIVADO - RESPONSABILIDADE LIMITADA","ARX",83.0443,101.8929,118.1301,101.4309,100.3285
34474989000197,"ARX DENALI MASTER FIF RENDA FIXA CRÉDITO PRIVADO - RESP LTDA","ARX",94.1514,102.966,112.2586,101.8987,100.1943
34475149000149,"XP ADVISORY PORTFOLIO PRIVATE I PREV FIM CRÉDITO PRIVADO RESPONSABILIDADE LIMITADA","XPG",88.3388,178.4716,110.4407,100.7972,91.9725
34476006000151,"SANTANDER DINÂMICO RENDA FIXA CRÉDITO PRIVADO - FUNDO DE INVESTIMENTO FINANCEIRO RESP LIMITADA","SAM",104.975,106.84,119.7989,100.3398,95.623
34488907000163,"BRASILPREV TOP TP II FUNDO DE INVESTIMENTO FINANCEIRO RENDA FIXA CRÉDITO PRIVADO RESP LIMITADA","BB Asset",92.4452,99.6165,114.8381,92.6963,94.4974
34525051000159,"SULAMÉRICA CRÉDITO INSTITUCIONAL ESG FIF RF CRED PRIV LONGO PRAZO IS - RESP LIMITADA","Sulamérica",99.4419,104.191,110.4608,99.9757,98.2013
34613727000166,"BB PREVIDÊNCIA TP II FUNDO DE INVESTIMENTO FINANCEIRO RENDA FIXA CRÉDITO PRIVADO RESP LIMITADA","BB Asset",101.0531,108.4437,112.5082,100.8897,98.541
34657939000145,"SANTANDER PB CANGUARA MULTIMERCADO CRÉDITO PRIVADO - FIF","San WM",192.6131,-142.5718,-138.6387,-57.6249,51.3639
34781259000139,"ICATU VANGUARDA ABSOLUTO IU FIFE FIF RENDA FIXA CRÉDITO PRIVADO PREVIDENCIÁRIO RESP LIMITADA","Icatu",101.793,115.6632,124.922,91.033,95.2997
34799162000153,"BOCOM BBM CORPORATE CREDIT FIF - CLASSE DE INVESTIMENTO RF CRED PRIV - RESP LIMITADA","BBM Asset",105.9772,109.3501,113.0981,106.3447,104.7072
34799393000167,"BOCOM BBM CORPORATE CREDIT HIGH YIELD FIF - CLASSE DE INVESTIMENTO MULT CRED PRIV - RESP LIMITADA","BBM Asset",111.056,100.6472,107.0969,105.7357,106.9943
34962302000162,"ARX EVEREST MASTER FIF RENDA FIXA CRÉDITO PRIVADO - RESPONSABILIDADE LIMITADA","ARX",65.4483,97.7933,120.7083,98.5824,99.0102
35001422000166,"UNIMED INVESTCOOP ANS V FUNDO DE INVESTIMENTO FINANCEIRO RENDA FIXA","BTG Asset",109.0633,106.9507,121.5584,108.7848,102.4855
35120235000100,"SANTANDER PB HOLLY III MULTIMERCADO CRÉDITO PRIVADO - FUNDO DE INVESTIMENTO FINANCEIRO RESP LIMITADA","San WM",1529.4006,649.2943,142.1993,80.2766,91.0322
35377796000180,"PORTO SEGURO MASTER FIF RENDA FIXA CRÉDITO PRIVADO LONGO PRAZO RESPONSABILIDADE LIMITADA","Porto Asset",118.9607,112.3254,119.5254,103.1213,102.0933
35399404000184,"COMPASS CREDIT SELECTION FUNDO DE INVESTIMENTO FINANCEIRO RENDA FIXA","Vinci",103.9307,110.4583,115.4656,104.8505,103.1029
35435878000134,"INTER ANS FI FINANCEIRO RENDA FIXA CRÉDITO PRIVADO LONGO PRAZO RESPONSABILIDADE LIMITADA","Inter",97.3447,90.1702,95.0113,94.928,94.3071
35491217000126,"SPX SEAHAWK MASTER FUNDO DE INVESTIMENTO FINANCEIRO RENDA FIXA CRÉDITO PRIVADO LP RESP LIMITADA","SPX",110.6399,123.8681,131.3032,94.0267,93.0518
35500650000180,"ITAÚ ACTIVE FIX ESG CRÉDITO PRIVADOMULTIMERCADO INVESTIMENTO SUSTENTÁVEL FIF RESP LIMITADA","IAM",111.5397,112.2677,112.914,97.0786,97.0609
35600771000102,"STONEX SAFIRA AGRO FUNDO DE INVESTIMENTO FINANCEIRO MULTIMERCADO","Stonex",104.0839,112.6491,113.8349,105.714,100.2641
35609382000130,"ICATU VANGUARDA IPORÃ PG FIF CLASSE DE INVESTIMENTO MULTIMERCADO CRED PRIV - RESP LIMITADA","Icatu",132.6196,129.7958,139.2037,98.6327,101.1943
35646238000173,"SPX SEAHAWK PLUS MASTER FIF MULTIMERCADO CRÉDITO PRIVADO RESPONSABILIDADE LIMITADA","SPX",86.7689,113.3297,120.4549,100.9681,100.816
35765444000100,"BTG LEGATO TB FUNDO DE INVESTIMENTO FINANCEIRO MULTIMERCADO","BTG Asset",125.3236,90.6706,73.5875,95.0052,100.9718
35803277000137,"VALORA PREVIDENCIÁRIO MASTER FUNDO DE INVESTIMENTO RENDA FIXA CRÉDITO PRIVADO","Valora",79.9444,72.0843,120.873,84.2547,89.9349
35820685000105,"AUGME PREVIDÊNCIA XP SEGUROS FIFE CLASSE DE INVESTIMENTO MULTIMERCADO CRÉDITO PRIVADO  RESP LIMITADA","Augme",107.0569,98.1582,123.6296,110.6893,108.0977
35844780000130,"PENSION FUNDO DE INVESTIMENTO FINANCEIRO CLASSE DE INVESTIMENTO RENDA FIXA CRÉDITO PRIVADO","Safra Asset",92.8501,104.0038,100.8835,100.4235,98.0666
35916343000185,"VENETO FUNDO DE INVESTIMENTO FINANCEIRO MULTIMERCADO","BTG WM",66.8093,63.6267,44.3874,71.0314,46.5336
35916528000190,"CORDILHEIRA FUNDO DE INVESTIMENTO FINANCEIRO MULTIMERCADO","Brainvest",15.8068,87.5647,98.2517,108.7046,102.4822
35927084000198,"GPD PREV FUNDO DE INVESTIMENTO MULTIMERCADO CRÉDITO PRIVADO RESPONSABILIDADE LIMITADA","XPG",101.8286,104.5896,109.1133,101.8804,98.442
35927331000156,"SPARTA PREVIDENCIA FIFE D45 FUNDO DE INVESTIMENTO FINANCEIRO RENDA FIXA CRÉDITO PRIVADO RESP LTDA","Sparta",108.3931,104.1043,108.2132,101.5909,98.2739
36015218000167,"UBS PITANGUEIRAS FUNDO DE INVESTIMENTO FINANCEIRO  MULTIMERCADO CRÉDITO PRIVADO RESP LIMITADA","UBS",71.4089,78.6299,50.3818,70.8636,94.8541
36017195000120,"AUGME PREVIDÊNCIA FIFE CLASSE DE  INVESTIMENTO MULTIMERCADO CRÉDITO  PRIVADO - RESP LIMITADA","Augme",101.1546,96.7381,115.667,103.0476,103.1596
36181909000130,"ONZE ZURICH PREVIDÊNCIA DEFINITIVA FIF - CLASSE DE INVESTIMENTO MULTIMERCADO - RESP LIMITADA","Onze",95.0063,133.7758,122.9426,103.6414,95.4307
36233973000118,"SANTANDER PREV DINÂMICO RENDA FIXA CRÉDITO PRIVADO - FIF RESP LIMITADA","SAM",105.3838,106.341,116.5983,100.2786,96.5786
36247749000185,"RIZA DAIKON MASTER FUNDO DE INVESTIMENTO FINANCEIRO MULTIMERCADO","Riza",128.3996,93.3918,104.7123,79.5547,74.8345
36295878000149,"FONTE BOA FUNDO DE INVESTIMENTO MULTIMERCADO CRÉDITO PRIVADO","Amazonia",66.136,95.4342,80.4493,88.0551,89.652
36318479000156,"COMPASS YIELD 30 FUNDO DE INVESTIMENTO FINANCEIRO RENDA FIXA","Vinci",109.3453,121.0799,138.7336,112.2778,102.0424
36327365000172,"CAPITÂNIA REIT PREV ADVISORY XP SEGUROS FIFE FIF MULTIMERCADO CRÉD PRIV - RESPONSABILIDADE LIMITADA","Capitânia",-234.3611,-91.266,-17.091,-29.2813,42.1152
36352346000104,"ARX CREDIT OPPORTUNITIES K FIF MULTIMERCADO CRÉDITO PRIVADO - RESPONSABILIDADE LIMITADA","ARX",74.5799,94.7285,115.7169,94.8176,96.0423
36352509000140,"AZ QUEST SUPRA MASTER FUNDO DE INVESTIMENTO FINANCEIRO MULTIMERCADO CREDITO PRIVADO","AZ Quest",105.7669,129.0718,132.4909,83.7827,98.566
36368438000174,"RF TRUCK FIF INVESTIDOR PROFISSIONAL CLASSE DE INVESTIMENTO MULTIMERCADO CRÉDITO PRIVADO","Safra Asset",81.893,97.3676,71.9805,83.9692,87.6575
36498670000127,"RIZA LOTUS FUNDO DE INVESTIMENTO FINANCEIRO RENDA FIXA","Riza",107.5682,109.6024,110.5287,103.4804,98.8243
36517858000175,"INTER ICATU PREVIDÊNCIA FIFE FIF - CLASSE DE INVESTIMENTO RF CRED PRIV - RESP LIMITADA","Inter",98.2551,103.6768,105.7276,100.933,98.8741
36518029000107,"JGP MIRANTE FIF - CLASSE DE INVESTIMENTO RENDA FIXA CRÉDITO PRIVADO - RESP LIMITADA","JGP",91.7412,116.0587,119.5025,102.3342,100.734
36521640000194,"LARANJEIRAS FIF - CLASSE DE INVESTIMENTO MULTIMERCADO CRED PRIV - RESP LIMITADA","Icatu",114.5907,114.3887,119.4211,90.1255,95.9858
36521676000178,"WESTERN B PREVIDÊNCIA FIFE MASTER FI FINANCEIRO - CI MULT CRED PRIV - RESP LIMITADA","Franklin Templeton",100.478,104.4181,106.2063,101.075,98.2549
36521686000103,"AZ QUEST B PREVIDÊNCIA FIFE MASTER FI FINANCEIRO - CI MULT CRED PRIV - RESP LIMITADA","AZ Quest",103.4055,114.5881,113.4197,88.6764,92.5639
36521750000156,"ICATU VANGUARDA INSTITUCIONAL IS FIF - CLASSE DE INVESTIMENTO RF CRÉDITO PRIVADO - RESP LIMITADA","Icatu",111.5575,119.5457,122.824,94.1321,97.6814
36532178000120,"CHRONOS FUNDO DE INVESTIMENTO MULTIMERCADO CRÉDITO PRIVADO","XPG",-129.5701,-296.0428,-442.7927,-65.0617,204.1384
36617679000100,"ICATU VANGUARDA MIRANTE FIF - CLASSE DE INVESTIMENO RENDA FIXA CRÉDITO PRIVADO - RESP LIMITADA","Icatu",97.8434,113.8853,117.9017,97.5583,99.292
36620786000197,"GRATIDÃO ICATU QUALIFICADO PREVIDENCIÁRIO CIM CRÉDITO PRIVADO - RESP LIMITADA","Oriz",43.9602,85.9454,60.2312,82.1282,87.6785
36671861000149,"DAYCOVAL CLASSIC 90 FUNDO DE INVESTIMENTO FINANCEIRO","Daycoval",115.5422,107.8859,116.2786,109.0038,105.9303
37008673000106,"GALAPAGOS PELICAN INSTITUCIONAL FUNDO DE INVESTIMENTO FINANCEIRO RENDA FIXA","Galapagos",94.2733,97.9559,97.9863,96.283,104.5455
37099037000129,"VINCI CREDITO MULTIESTRATEGIA FUNDO DE INVESTIMENTO FINANCEIRO MULTIMERCADO","Vinci",112.8133,-87.5038,-49.3454,-11.2574,-55.481
37235948000136,"BRADESCO MASTER ULTRA PREVIDÊNCIA FI FINANCEIRO - CI RF CRED PRIV - RESP LIMITADA","BRAM",100.9099,107.638,113.8894,102.9149,99.4018
37253989000155,"SANTANDER PREV PB PRINCESA MULT CRÉDITO PRIVADO - FUNDO DE INVESTIMENTO FINANCEIRO RESP LIMITADA","San WM",103.9397,105.9952,108.6947,98.628,97.5868
37266789000137,"SANTANDER PREV PB TSURU MULTIMERCADO CRÉDITO PRIVADO - FIF RESP LIMITADA","San WM",121.9368,61.0121,36.971,49.2022,85.7499
37267132000194,"SANTANDER PB RICCHEZZA MULTIMERCADO CRÉDITO PRIVADO - FUNDO DE INVESTIMENTO FINANCEIRO","San WM",88.3058,83.1677,90.8138,91.15,94.8305
37319367000182,"UNIMED INVESTCOOP LIVRE I FIF RENDA FIXA CRÉDITO PRIVADO LP RESP LIMITADA","Investcoop",105.4306,103.7808,117.003,105.3774,98.9845
37322048000126,"IBIUNA CREDIT FIF - CLASSE DE INVESTIMENTO MULTIMERCADO CRÉDITO PRIVADO - RESP LIMITADA","Ibuina",104.0645,112.785,123.2143,105.2045,108.0888
37331175000191,"UNIMED INVESTCOOP ANS II FUNDO DE INVESTIMENTO FINANCEIRO RENDA FIXA CRÉDITO PRIVADO RESP LIMITADA","Investcoop",102.4014,108.3174,115.5005,99.7423,98.4478
37440121000164,"AUGME PRO VC FUNDO DE INVESTIMENTO FINANCEIRO MULTIMERCADO","Augme",134.0274,110.9466,95.1231,113.581,109.2732
37452819000108,"FRM CLASSE DE INVESTIMENTO RENDA FIXA CRÉDITO PRIVADO -  RESP LIMITADA","UBS",99.543,101.1514,102.8324,100.811,98.2879
37467474000158,"NORTE LONG BIAS MASTER CLASSE DE  INVESTIMENTO MULTIMERCADO - RESP LIMITADA","Norte",479.9642,-243.8522,-111.2082,-42.7562,215.1589
37539419000126,"XP PREMIUM 30 ADVISORY FIF RENDA FIXA CRÉDITO PRIVADO LONGO PRAZO RESP LIMITADA","XPG",101.2992,104.1092,111.8874,70.1325,82.2065
37626651000100,"LGCY FUNDO DE INVESTIMENTO FINANCEIRO MULTIMERCADO CRÉDITO PRIVADO RESPONSABILIDADE LIMITADA","Legacy",111.6966,111.0991,121.6363,93.9342,99.4224
37780270000172,"VERITAS PREMIUM INSTITUCIONAL FUNDO DE INVESTIMENTO RENDA FIXA CRÉDITO PRIVADO LONGO PRAZO","VCM",37.621,32.3124,37.0863,68.6897,78.548
37805950000101,"WALTER PREV FUNDO DE INVESTIMENTO FINANCEIRO MULTIMERCADO","BTG WM",70.6635,70.754,76.8123,82.7564,83.0716
37842935000125,"CTBG PREVIDÊNCIA FUNDO DE INVESTIMENTO FINANCEIRO MULTIMERCADO","BTG WM",-277.9383,-3.0029,-102.1255,-7.2603,66.2009
37887955000112,"FAMILIA PREV FUNDO DE INVESTIMENTO MULTIMERCADO CRÉDITO PRIVADO RESPONSABILIDADE LIMITADA","XPG",83.9142,98.218,93.8609,95.4089,90.8751
37895276000195,"AZ QUEST SPECIAL K MASTER FUNDO DE INVESTIMENTO FINANCEIRO MULTIMERCADO CREDITO PRIVADO","AZ Quest",100.2171,112.567,106.3337,69.9087,86.4603
37899720000140,"XP PREVENT SENIOR ANS FIF MULTIMERCADO CRÉDITO PRIVADO  -  RESPONSABILIDADE LIMITADA","XPG",100.1943,104.9472,109.7323,103.7102,99.6779
38026869000188,"SPARTA TOP INFLAÇÃO MASTER FIF RENDA FIXA CRÉDITO PRIVADO LONGO PRAZO - RESPONSABILIDADE LIMITADA","Sparta",59.3664,125.4334,74.4445,99.3167,86.0773
38111943000164,"RT ENDOWMENT II FIF MULT CRÉD PRIV - RESP LIMITADA","IAM",-50.7111,50.974,-2.2435,49.6733,59.2223
38120661000123,"VISSAN FUNDO DE INVESTIMENTO MULTIMERCADO - CRÉDITO PRIVADO RESPONSABILIDADE LIMITADA","Portofino",113.6165,90.8506,96.4274,95.417,100.2413
38150833000101,"G5 TORONTO FUNDO DE INVESTIMENTO FINANCEIRO MULTIMERCADO","G5",265.3618,52.6644,56.6223,108.334,98.4966
38195881000116,"BUZA FIF- CLASSE DE INVESTIMENTO MULTIMERCADO PREVIDENCIÁRIO - RESPONSABILIDADE LIMITADA","Rafter",-62.1072,68.969,28.719,65.5552,98.065
38230040000100,"RÉGIA CRÉDITO ESG MASTER FI FINANCEIRO MULTIMERCADO CRÉDITO PRIVADO IS - RESPONSABILIDADE LIMITADA","Regia",112.3091,105.7698,107.4927,95.4209,97.927
38439714000173,"RDA LIFFE PREV FUNDO DE INVESTIMENTO FINANCEIRO MULTIMERCADO","BTG WM",42.9611,88.6412,73.492,88.1778,88.2762
38542842000148,"BNP PARIBAS ANAJÉ CLASSE DE  INVESTIMENTO RENDA FIXA CRÉDITO PRIVADO IS RESPONSABILIDADE LIMITADA","BNP",106.8208,104.6954,117.2466,98.304,96.9965
38653941000105,"BRAM INSTITUCIONAL FIF - CLASSE DE INVESTIMENTO RF CRED PRIVADO - RESP LIMITADA","BRAM",106.4993,112.9365,116.9801,108.872,104.3736
39152991000163,"BRAM IS SUSTENTABILIDADE FIF - CLASSE DE INVESTIMENTO RF CRED PRIV - RESPONSABILIDADE LIMITADA","BRAM",101.2729,104.5064,106.3095,102.1228,99.5483
39314609000170,"BENAIA FUNDO DE INVESTIMENTO MULTIMERCADO CRÉDITO PRIVADO INVESTIMENTO NO EXTERIOR","Warren",55.4302,120.0112,81.5174,87.4184,84.944
39354788000170,"AUGME PRO TB FUNDO DE INVESTIMENTO FINANCEIRO MULTIMERCADO","Augme",124.5743,103.7132,128.2348,108.0695,102.3774
39375554000109,"KILIMA MAJI FUNDO DE INVESTIMENTO EM RENDA FIXA","Monte Bravo",106.5362,106.3007,108.4149,102.9429,97.9799
39487617000119,"LEGACY CAPITAL CREDIT FUNDO DE INVESTIMENTO FINANCEIRO MULTIMERCADO - CRÉDITO PRIVADO RESPONSABILIDA","Legacy",107.2896,143.4497,126.5429,93.786,58.7578
39488674000112,"ZEUS CLASSE DE INVESTIMENTO MULTIMERCADO - RESP LIMITADA","Franklin Templeton",112.0945,103.42,94.8115,95.4007,98.9243
39488907000187,"CRESCITA CLASSE DE INVESTIMENTO  MULTIMERCADO CRÉDITO PRIVADO - RESP LIMITADA","UBS",88.083,99.3031,99.3041,99.6696,96.8371
39502502000156,"AUGME PRO XPA CLASSE DE INVESTIMENTO  MULTIMERCADO CRÉDITO PRIVADO - RESP LIMITADA","Augme",-81.1515,52.1264,61.877,-41.9593,-5.7426
39511694000167,"TULIPA 18 CLASSE DE INVESTIMENTO  MULTIMERCADO CRÉDITO PRIVADO","Brainvest",98.4938,51.6228,-7.3641,111.9139,103.2269
39573262000180,"LCE FIF - CLASSE DE INVESTIMENTO MULTIMERCADO CRÉDITO PRIVADO - RESPONSABILIDADE LIMITADA","Vitra",132.6884,-364.5597,-45.1502,0.4183,24.1333
39682386000102,"CAIXA PRIVATE PLUS PREVINVEST PREVIDENCIÁRIO FIF RENDA FIXA CRÉDITO PRIVADO - RESP LIMITADA","CEF Asset",105.9806,106.9113,113.2739,104.21,101.349
39958460000162,"M8 CAPITAL PLUS FUNDO DE INVESTIMENTO FINANCEIRO RENDA FIXA","M8",103.8405,111.6134,112.847,105.0088,102.406
40022460000135,"IS MÁSTER ESG PREVIDÊNCIA FI FINANCEIRO - CI SUSTENTÁVEL RF CRED PRIV - RESP LIMITADA","BRAM",96.1689,106.7398,113.0942,102.603,98.9243
40142060000163,"BRAM CRÉDITO INFLAÇÃO FI FINANCEIRO - CI RF CRED PRIV - RESP LIMITADA","BRAM",130.6735,123.0028,86.471,90.2672,88.5044
40152515000121,"RF FUTURE PREVIDÊNCIA FUNDO DE INVESTIMENTO FINANCEIRO MULTIMERCADO","BTG WM",27.9666,90.5398,69.2692,85.2791,87.0637
40152982000151,"TWINS 90 PREVIDÊNCIA FUNDO DE INVESTIMENTO FINANCEIRO MULTIMERCADO","BTG WM",74.872,94.638,85.7273,90.6119,88.8355
40153085000162,"ROMA PREV FUNDO DE INVESTIMENTO FINANCEIRO MULTIMERCADO","BTG WM",76.7549,80.2553,95.0627,91.5049,82.0133
40156669000191,"ALFAPREV SIRIUS FIF PREVIDENCIÁRIO CLASSE DE INV RENDA FIXA CRÉDITO PRIVADO PREV RESP LIMITADA","Safra Asset",95.3911,176.149,98.7291,95.9712,94.0369
40194274000183,"CAIXA MASTER PLUS QUALIFICADO FIF RENDA FIXA CRÉDITO PRIVADO LONGO PRAZO - RESPONSABILIDADE LIMITADA","CEF Asset",102.5599,105.254,111.6537,104.926,102.3178
40194279000106,"CAIXA MASTER PLUS FUNDO DE INVESTIMENTO FINANCEIRO RENDA FIXA CRÉDITO PRIVADO LP - RESP LIMITADA","CEF Asset",101.4917,105.754,112.9968,104.8634,102.128
40219186000199,"ARROW 2 PREVIDÊNCIA FUNDO DE INVESTIMENTO FINANCEIRO MULTIMERCADO","Ekho",67.3972,79.698,77.6778,77.5408,83.1151
40226109000166,"NESSO CAPITAL FI FINANCEIRO - CI MULT CRED PRIV - RESP LIMITADA","Vêneto",34.427,44.9967,40.8792,52.9473,76.9498
40413612000120,"BRADESCO TITÂNIO INFLAÇÃO FI FINANCEIRO - CI RF CRED PRIV - RESP LIMITADA","BRAM",55.8321,101.7925,82.1567,92.7375,90.3639
40456260000190,"VALORA MASTER FIFE PREVIDENCIÁRIO FUNDO DE INVESTIMENTO RENDA FIXA CRÉDITO PRIVADO","Valora",75.7884,73.3667,101.1452,84.0681,88.193
40456283000103,"LUSÍADAS FUNDO DE INVESTIMENTO FINANCEIRO MULTIMERCADO","BTG WM",67.7495,95.9552,84.1752,90.9837,92.7009
40476059000175,"ITAÚ VHC FUNDO DE INVESTIMENTO FINANCEIRO MULTIMERCADO CRÉDITO PRIVADO RESPONSABILIDADE LIMITADA","IAM",95.7044,86.6928,171.5663,-18.3326,-53.738
40764095000134,"UBS DI SPECIAL FUNDO DE INVESTIMENTO RENDA FIXA REFERENCIADO  RESPONSABILIDADE LIMITADA","UBS",100.4819,102.9272,105.291,102.04,98.9008
40815606000108,"MONTE BRAVO SIRIUS FI FINANCEIRO MULTIMERCADO CRÉDITO PRIVADO - RESPONSABILIDADE LIMITADA","Monte Bravo",149.8171,149.6762,108.9833,98.2887,97.9451
40832863000140,"CAIXA RM PREVINVEST PREVIDENCIARIO FIF RENDA FIXA CRÉDITO PRIVADO - RESPONSABILIDADE LIMITADA","CEF Asset",105.2921,104.4231,106.2109,102.7238,100.3303
40897658000162,"BUTIÁ PLUS FUNDO DE INVESTIMENTO FINANCEIRO RENDA FIXA","Butiá",101.7499,111.0392,115.2908,105.3576,102.9017
40963283000191,"MODAL FEI FUNDO DE INVESTIMENTO MULTIMERCADO CRÉDITO PRIVADO","XPG",85.7617,102.6317,100.1586,94.5369,93.7689
41083033000120,"ITAÚ CRÉDITO ESTRUTURADO FIJI MASTER FIF MULTIMERCADO CRÉDITO PRIVADO RESPONSABILIDADE LIMITADA","IAM",-2722.3321,-542.1699,-430.0402,-346.8982,-265.6277
41128444000194,"VALORA PREVIDÊNCIA FIFE FIF RENDA FIXA CRÉDITO PRIVADO - RESPONSABILIDADE LIMITADA","Valora",64.7512,88.0003,114.7296,82.6184,86.1135
41348601000177,"JVV PREV FUNDO DE INVESTIMENTO FINANCEIRO MULTIMERCADO","BTG WM",-219.2597,54.0367,-20.8676,38.9483,61.285
41348664000123,"LEOPARDUS PREVIDÊNCIA FUNDO DE INVESTIMENTO FINANCEIRO MULTIMERCADO","BTG WM",47.4401,74.1539,54.2231,73.8064,89.0209
41348781000197,"ABT PREVIDÊNCIA FUNDO DE INVESTIMENTO FINANCEIRO MULTIMERCADO","BTG WM",96.0679,100.209,105.9793,99.0868,97.0163
41348869000109,"SUMMERCOOL PREVIDÊNCIA FUNDO DE INVESTIMENTO FINANCEIRO MULTIMERCADO","Altera",105.7677,107.0014,106.4256,103.191,101.2602
41348917000169,"ARGENTUM PREVIDÊNCIA FUNDO DE INVESTIMENTO FINANCEIRO MULTIMERCADO","BTG WM",98.9125,92.5851,93.3825,91.0397,93.8624
41349195000167,"MFY FUNDO DE INVESTIMENTO FINANCEIRO MULTIMERCADO","BTG WM",75.1379,57.7811,62.3307,71.2072,86.895
41349248000140,"KLARA PREV FUNDO DE INVESTIMENTO FINANCEIRO MULTIMERCADO","BTG WM",97.9231,101.683,106.1097,101.6494,98.6019
41544993000140,"MAG CRESOL FIF - CLASSE DE INVESTIMENTO MULT  - RESP  LIMITADA","MAG",101.2138,104.0333,101.7077,101.4164,99.0169
41545043000130,"IBIUNA TOTAL CREDIT FIF - CLASSE DE INVESTIMENTO MULTIMERCADO CRÉD PRIV - RESPONSABILIDADE LIMITADA","Ibuina",97.0432,115.5874,131.2576,97.9603,104.4358
41545586000157,"MOLICO FUNDO DE INVESTIMENTO FINANCEIRO MULT CRÉDITO PRIVADO - RESP LIMITADA","Icatu",107.9406,111.2668,119.7782,87.6643,93.4461
41575809000129,"ARX PREVIDENCIÁRIO FIFE FIF RENDA FIXA CRÉDITO PRIVADO RESPONSABILIDADE LIMITADA","ARX",93.6705,99.0916,114.6624,100.2622,98.9423
41579176000127,"MAG PREVIDÊNCIA BP FUNDO DE INVESTIMENTO FINANCEIRO RENDA FIXA CRÉDITO PRIVADO - RESP LIMITADA","MAG",90.4976,100.7889,99.4815,99.2439,95.1729
41601781000157,"AMW ARTEMIS FIFE FIF RF PREVIDENCIÁRIO CRÉDITO PRIVADO - RESPONSABILIDADE LIMITADA","AMW",105.4041,112.3857,112.3835,102.876,101.4614
41610520000101,"BERMAN PREV FUNDO DE INVESTIMENTO MULTIMERCADO CRÉDITO PRIVADO RESPONSABILIDADE LIMITADA","XPG",89.8788,95.347,95.0146,93.1051,91.804
41610657000158,"SULAMÉRICA FF FUNDO DE INVESTIMENTO FINANCEIRO RENDA FIXA CRÉDITO PRIVADO RESPONSABILIDADE LIMITADA","Sulamérica",86.0574,86.5818,84.7673,97.091,88.4374
41649957000140,"ITAÚ CRÉDITO ESTRUTURADO ALPES MASTER FIF MULTIMERCADO CRÉDITO PRIVADO RESP LIMITADA","IAM",25.7946,-1574.2308,-601.7179,-256.831,-515.6169
41672242000109,"CAPITÂNIA PREV ADVISORY XP SEGUROS FIFE FIF RENDA FIXA CRÉDITO PRIVADO - RESPONSABILIDADE LIMITADA","Capitânia",-160.9903,-62.8358,-24.3237,-18.6042,29.8643
41672376000120,"ARX METRUS 2 FUNDO DE INVESTIMENTO FINANCEIRO RENDA FIXA CRÉDITO PRIVADO - RESPONSABILIDADE LIMITADA","ARX",87.9716,91.0177,94.7337,100.4112,80.3816
41681275000115,"ITAÚ INSTITUCIONAL PRECISION CRÉDITO PRIVADO RENDA FIXA LONGO PRAZO FIF RESP LIMITADA","IAM",107.3508,108.3681,120.5413,95.724,97.3205
41681780000160,"EQI CRÉDITO FIFE PREVIDÊNCIA FUNDO DE INVESTIMENTO FINANCEIRO MULTIMERCADO","EQI",108.5301,113.8173,116.9372,110.73,107.9198
41709727000120,"CAPITÂNIA PREV ITAÚ FIFE FUNDO DE INVESTIMENTO FINANCEIRO MULTIMERCADO CRÉDITO PRIVADO RESP LIMITADA","Capitânia",30.2412,118.6882,104.4676,99.0608,115.0766
41710798000142,"GIRASSOL CLASSE DE INVESTIMENTO  MULTIMERCADO CRÉDITO PRIVADO - RESP LIMITADA","Sonata",102.0286,89.7029,81.9717,75.2364,87.4201
41722175000190,"SANTANDER FUNPRESP RENDA FIXA CRÉDITO PRIVADO - FIF RESP LIMITADA","SAM",129.2531,127.2663,66.9011,85.2817,83.7113
41727038000148,"BB IVI 27 FUNDO DE INVESTIMENTO FINANCEIRO MULTIMERCADO CRÉDITO PRIVADO LONGO PRAZO","BB Asset",-71.6018,61.541,14.4536,45.8106,81.7756
41734999000180,"ITAÚ BTG PACTUAL CORPORATIVO PLUS FIFE PREV FIF MULTIMERCADO CRÉDITO PRIVADO RESP LIMITADA","BTG Asset",103.2125,143.9113,151.6599,125.5887,112.043
41736548000181,"ITAÚ BTG PACTUAL CRÉDITO CORPORATIVO PREVIDÊNCIA FIF RENDA FIXA CRÉDITO PRIVADO LP RESP LIMITADA","BTG Asset",106.6987,115.3353,124.6795,111.9777,104.5315
41756159000118,"KINEA ALPES PREV RENDA FIXA CRÉDITO PRIVADO FUNDO DE INVESTIMENTO FINANCEIRO RESP LIMITADA","Kinea",102.0596,112.8973,115.4869,93.2691,94.3847
41774687000108,"BTG PACTUAL CORPORATIVO PLUS PREV FIFE FUNDO DE INVESTIMENTO FINANCEIRO MULTIMERCADO","BTG Asset",115.5162,126.8385,121.615,111.2054,105.4075
41776707000171,"ICATU VANGUARDA ABSOLUTO PLUS INFLAÇÃO QUALIFICADO IU FIFE FIF RF CRED PRIV PREV - RESP LIMITADA","Icatu",120.3675,116.0473,81.5678,61.6466,77.7509
41776781000198,"ICATU VANGUARDA ABSOLUTO PLUS QUALIFICADO IU FIFE FIF RF CRED PRIV PREVIDENCIÁRIO RESP LIMITADA","Icatu",105.407,116.3418,123.3979,94.0642,99.0202
41837419000180,"SPECIALE HORIZONTE PREVIDÊNCIA FUNDO DE INVESTIMENTO FINANCEIRO MULTIMERCADO","Portofino",105.9553,107.5054,112.289,104.5033,102.5621
41837660000109,"EMB VI A FIF  - CLASSE DE INVESTIMENTO RF  CRÉDITO PRIV  - RESP  LIMITADA","Icatu",118.2915,118.2154,66.0698,88.1046,86.8035
41837736000104,"FUNDO DE INVESTIMENTO FINANCEIRO - CLASSE DE INVESTIMENTO  MULT CRED PRIV BVP 421 - RESP LIMITADA","BRAM",48.3533,99.276,73.0213,85.9904,83.7785
41867517000160,"JGP CRÉDITO PREVIDENCIÁRIO ITAÚ RENDA FIXA FIF CRÉDITO PRIVADO FIFE RESPONSABILIDADE LIMITADA","JGP",107.0502,112.1982,124.1457,108.1633,106.1336
41881271000180,"TRANCOSO FUNDO DE INVESTIMENTO FINANCEIRO MULTIMERCADO","Inter",114.984,126.6704,116.2475,-143.4749,-127.9602
41888721000167,"PRINCIPAL CLARITAS LIQUIDEZ MASTER FUNDO DE INVESTIMENTO FINANCEIRO MULTIMERCADO","Principal",100.0938,100.2508,100.4206,98.3533,97.1592
41978506000157,"KINEA FUNDO DE INVESTIMENTO FINANCEIRO RENDA FIXA CRÉDITO PRIVADO RESPONSABILIDADE LIMITADA","Kinea",106.1088,113.1229,121.0854,102.1187,101.3104
42014178000131,"SPX SEAHAWK PLUS PREVIDENCIÁRIO FIF MULTIMERCADO CRÉDITO PRIVADO RESPONSABILIDADE LIMITADA","SPX",90.5359,116.9741,129.2982,91.8089,92.3851
42044315000180,"VINCI IRB CRÉDITO FI RF CP FIF - CLASSE DE INVESTIMENTO RENDA FIXA CRÉDITO PRIVADO - RESP LIMITADA","Vinci",97.4662,110.6788,121.7863,103.5445,102.1018
42046759000155,"FATOR MACRO MASTER MULTIMERCADO FUNDO DE INVESTIMENTO","FAR",161.3577,51.0812,149.733,117.2861,173.022
42066551000106,"REALE FUNDO DE INVESTIMENTO MULTIMERCADO CRÉDITO PRIVADO","XPG",75.5137,93.1821,80.5198,87.0278,86.7038
42119476000196,"IBIUNA CREDIT PREV FIFE FIF - CLASSE DE INVESTIMENTO MULTIMERCADO CRED PRIV I - RESP LIMITADA","Ibuina",100.2286,107.8771,117.9134,102.3333,103.9546
42220374000162,"JAGUACY CLASSE DE INVESTIMENTO  MULTIMERCADO CRÉDITO PRIVADO - RESP LIMITADA","Lifetime",2.3157,81.2815,68.1008,75.5818,81.078
42220446000171,"SANTANDER PREV PB ALOCAÇÃO RF CRÉD PRIV - FIF RESP LIMITADA","San WM",99.6885,101.3515,103.5403,101.1614,98.7559
42229399000127,"KINEA ANDES PREV RENDA FIXA CRÉDITO PRIVADO FIF RESP LIMITADA","Kinea",101.3608,110.8666,118.0247,96.5381,95.8899
42246480000115,"SOLIS ANTARES PREVIDÊNCIA CRÉDITO PRIVADO FUNDO DE INVESTIMENTO DE RENDA FIXA","Solis",117.0615,115.4591,118.8113,107.7437,100.4247
42264017000104,"ITAÚ HIGH YIELD ALL MULTIMERCADO CRÉDITO PRIVADO FIF RESP LIMITADA","IAM",111.0618,112.8505,123.0663,99.7995,99.2047
42282188000158,"ITAÚ HIGH YIELD II PREV DISTRIBUIDORES XP FIF MULT CRÉD PRIV - RESP LIMITADA","IAM",102.6497,109.0824,115.3362,99.458,99.679
42294333000110,"PMAR FUNDO DE INVESTIMENTO FINANCEIRO RENDA FIXA CRÉDITO PRIVADO RESPONSABILIDADE LIMITADA","Inter",100.9495,107.5435,102.5266,101.5242,98.9657
42295379000154,"IG FUNDO DE INVESTIMENTO FINANCEIRO RENDA FIXA CRÉDITO PRIVADO RESPONSABILIDADE LIMITADA","Inter",100.6529,103.0992,103.5929,100.9434,98.682
42417749000189,"XP TOP CREDIT MASTER PREVIDENCIÁRIO FIF RENDA FIXA CRÉDITO PRIVADO RESPONSABILIDADE LIMITADA","XPG",105.6551,115.213,122.8308,90.6057,86.0625
42418908000160,"XP CRÉDITO ESTRUTURADO HIGH YIELD SEGUROS MASTER PREV FIF MULTIMERCADO CRÉD PRIV - RESP LTDA","XPG",118.2107,-67.8184,43.189,72.1697,89.4428
42449373000194,"TIVIO MASTER FIFE FIF RENDA FIXA PREVIDENCIÁRIO CRÉDITO PRIVADO RESPONSABILIDADE LIMITADA","Tivio",104.8932,109.2726,111.2895,99.0298,94.0081
42449381000130,"LEGACY CAPITAL PREVIDENCIÁRIO FIFE FIF RENDA FIXA CRED PRIV RESP LIMITADA","Legacy",102.2042,105.1818,113.9259,91.9725,96.4124
42535073000128,"MONT BLANC FUNDO DE INVESTIMENTO FINANCEIRO RF CRÉD PRIV RESP LIMITADA","Vinci",104.1454,100.3777,93.3531,97.9085,92.2956
42682169000119,"ONNIX PREVIDÊNCIA FUNDO DE INVESTIMENTO FINANCEIRO MULTIMERCADO","BTG WM",31.7808,42.2375,25.9721,42.5253,85.352
42682358000191,"GREEN PREVIDÊNCIA FUNDO DE INVESTIMENTO FINANCEIRO MULTIMERCADO","BTG WM",100.1922,102.3629,103.4882,100.1529,97.1217
42682380000131,"MANACOR PREV FUNDO DE INVESTIMENTO FINANCEIRO MULTIMERCADO","BTG WM",66.6547,93.6717,80.5945,89.4216,88.3676
42682447000138,"CM OROBÓ II PREVIDÊNCIA FUNDO DE INVESTIMENTO FINANCEIRO MULTIMERCADO","BTG WM",70.8926,69.2887,76.4408,75.2651,83.2433
42699050000159,"ITAÚ FLEXPREV SINFONIA FIF MULTIMERCADO CRÉDITO PRIVADO - RESPONSABILIDE LIMITADA","IAM",98.3151,111.7408,123.9347,96.4438,95.4601
42716764000128,"NU RESERVA IMEDIATA MASTER FIF RF REFERENCIADO DI RESPONSABILIDADE LIMITADA","Nu Asset",103.2872,104.2022,106.1599,102.3422,100.0405
42717986000165,"ITAÚ SINFONIA MULTIMERCADO CRÉDITO PRIVADO FUNDO DE INVESTIMENTO FINANCEIRO RESP LIMITADA","IAM",112.7716,116.0478,127.1864,100.3121,98.799
42730970000192,"BTG PACTUAL CREDITO CORPORATIVO ESG FUNDO DE INVESTIMENTO FINANCEIRO RENDA FIXA","BTG Asset",100.0688,100.2259,100.6608,95.3515,94.9882
42736995000101,"ITAÚ DIFERENCIADO FUNDO DE INVESTIMENTO FINANCEIRO RENDA FIXA CRÉDITO PRIVADO RESP LIMITADA","IAM",1870.3336,531.8208,147.4167,,
42747172000173,"CAPITÂNIA K FUNDO DE INVESTIMENTO FINANCEIRO MULTIMERCADO","Capitânia",62.6946,73.228,54.402,36.3979,73.7975
42774252000118,"MONTE BRAVO HIGH GRADE FUNDO DE INVESTIMENTO FINANCEIRO RENDA FIXA","Monte Bravo",106.8938,109.2089,117.7153,106.0753,99.8123
42777239000112,"PORTO PREVIDENCIÁRIO FIFE FUNDO DE INVESTIMENTO FINANCEIRO RENDA  FIXA CRÉDITO PRIVADO RESP LIMITADA","Porto Asset",112.8411,108.5224,115.0434,102.0834,99.9799
42813715000103,"LTD PREV FUNDO DE INVESTIMENTO FINANCEIRO MULTIMERCADO","BTG WM",55.7499,62.1078,32.2983,53.4436,82.5909
42813742000186,"AQUAPREV II FUNDO DE INVESTIMENTO FINANCEIRO MULTIMERCADO","BTG WM",22.2289,57.7266,22.806,51.8276,86.68
42813751000177,"FEXY PREVIDÊNCIA FUNDO DE INVESTIMENTO MULTIMERCADO","BTG WM",30.2535,66.786,44.2871,53.6113,83.6857
42814769000193,"ITAÚ FLEXPREV PRIVILÈGE FUNDO DE INVESTIMENTO FINANCEIRO RENDA FIXA REFERENCIADO DI - RESP LIMITADA","IAM",102.2596,103.2746,103.4196,102.1774,99.575
42814813000165,"ITAÚ HIGH YIELD PREV DISTRIBUIDORES BP FIF RF CRÉD PRIV - RESP LIMITADA","IAM",103.689,106.7609,113.2547,97.2396,97.864
42814944000142,"ITAÚ FLEXPREV HIGH YIELD II FUNDO DE INVESTIMENTO FINANCEIRO MULT CRÉD PRIV - RESP LIMITADA","IAM",102.7305,109.0051,116.0179,96.5843,96.1313
42827176000161,"CAPITÂNIA REIT PREV ITAÚ FIFE FIF MULTIMERCADO CRÉDITO PRIVADO RESPONSABILIDADE LIMITADA","Capitânia",44.3795,89.4825,59.9486,85.5066,120.7982
42847253000145,"DIEGO 10 PREVIDÊNCIA FUNDO DE INVESTIMENTO FINANCEIRO MULTIMERCADO","BTG WM",57.7354,93.5456,80.9234,91.5514,89.6824
42847342000191,"CAPITÂNIA BWM FUNDO DE INVESTIMENTO FINANCEIRO MULTIMERCADO","Capitânia",34.7745,76.7319,97.3925,84.1773,87.3524
42847484000159,"NINESUL PREV FUNDO DE INVESTIMENTO MULTIMERCADO CRÉDITO PRIVADO RESPONSABILIDADE LIMITADA","XPG",32.4869,77.6624,134.5594,112.0549,102.1805
42848014000100,"BTG LEGATO VC FUNDO DE INVESTIMENTO FINANCEIRO MULTIMERCADO","BTG Asset",130.0769,98.3123,94.4323,110.2325,108.2769
42865247000110,"BRZ IRB FIF - CLASSE DE INVESTIMNTO RF CRÉDITO PRIVADO - RESPONSABILIDADE LIMITADA","BRZ",154.8174,128.188,122.5475,108.6528,107.26
42865719000135,"SULAMÉRICA CRÉDITO INFLAÇÃO FIF - CLASSE DE INVESTIMENTO RF CRED PRIV LP - RESP LIMITADA","Sulamérica",96.1772,92.2957,82.9762,105.6554,91.6353
42870959000128,"AQUILA 7 CRÉDITO PRIVADO FI FINANCEIRO RENDA FIXA LONGO PRAZO - RESPONSABILIDADE LIMITADA","Capitânia",83.2633,85.0692,89.8324,80.7254,91.7041
42921777000139,"UBS EVOLUTION MACRO STRATEGIES MASTER FUNDO DE INVESTIMENTO FINANCEIRO MULTIMERCADO - RESP LIMITADA","UBS",481.2563,145.8362,115.8347,81.4543,145.0065
42922268000120,"DAYCOVAL FUNPRESP FUNDO DE INVESTIMENTO FINANCEIRO","Daycoval",115.9782,110.6182,107.8108,98.847,94.9367
42934049000161,"CAPITÂNIA PREVIDENCE ITAÚ FIFE FIF RENDA FIXA CRÉDITO PRIVADO RESPONSABILIDADE LIMITADA","Capitânia",100.0912,115.2772,137.4472,118.5352,113.0623
43103846000160,"BTG PACTUAL CRÉDITO CORPORATIVO PREV IPCA FUNDO DE INVESTIMENTO RENDA FIXA CRÉDITO PRIVADO","BTG Asset",-48.1606,88.2916,17.9197,64.4103,67.4087
43140750000171,"BTG CASSI FUNDO DE INVESTIMENTO FINANCEIRO MULTIMERCADO","BTG WM",99.1634,99.4914,100.4057,99.8898,98.4909
43164438000118,"POLO CRÉDITO ESTRUTURADO 90 FUNDO DE INVESTIMENTO FINANCEIRO MULTIMERCADO","Polo",84.804,118.9647,120.5482,92.5894,96.4743
43165507000108,"SANTANDER PB TENERIFE MULTIMERCADO CRÉDITO PRIVADO - FUNDO DE INVESTIMENTO FINANCEIRO","San WM",99.7979,98.4529,97.9962,94.2309,91.6433
43450518000130,"AMW VÊNUS MASTER CRÉDITO FUNDO DE INVESTIMENTO FINANCEIRO MULTIMERCADO","AMW",115.671,124.5509,129.203,112.3123,108.137
43508859000119,"TITANIUM HIGH YIELD FUNDO DE INVESTIMENTO FINANCEIRO RENDA FIXA","Lifetime",109.679,109.2593,112.4844,88.9699,83.1046
43584015000157,"CHROMO MAKAPUU FUNDO DE INVESTIMENTO MULTIMERCADO","Chromo",88.6702,-32.1824,-57.5617,-99.602,-3.6301
43584575000101,"AMARILLYS FUNDO DE INVESTIMENTO MULTIMERCADO","Sonata",87.6541,78.8471,66.8922,74.8192,85.3591
43584990000165,"UBS PREV 1965 II FUNDO DE INVESTIMENTO FINANCEIRO MULTIMERCADO CRÉDITO PRIVADO - RESP LIMITADA","UBS",-29.9022,58.726,37.7554,74.8842,85.8431
43597393000175,"VERDE AM CARRY MASTER FUNDO DE INVESTIMENTO FINANCEIRO MULTIMERCADO CRÉDITO PRIVADO RESP LIMITADA","Verde",-82.3442,-120.9137,-0.6906,-146.7971,-20.5118
43619743000157,"SANTANDER HAPVIDA ANS RENDA FIXA CRÉDITO PRIVADO - FUNDO DE INVESTIMENTO FINANCEIRO RESP LIMITADA","SAM",102.3208,103.9057,106.6854,103.2532,100.5685
43631871000116,"EURÁSIA PREVIDÊNCIA FUNDO DE INVESTIMENTO MULTIMERCADO CRÉDITO PRIVADO RESPONSABILIDADE LIMITADA","XPG",99.0602,225.756,97.9715,89.0879,89.1488
43636043000170,"AMG PREV FUNDO DE INVESTIMENTO MULTIMERCADO CRÉDITO PRIVADO RESPONSABILIDADE LIMITADA","Monte Bravo",-136.2134,-9.361,-53.0524,-10.7045,65.0949
43636081000123,"MAESTRANZA PREV FUNDO DE INVESTIMENTO MULTIMERCADO CRÉDITO PRIVADO RESPONSABILIDADE LIMITADA","XPG",-146.4081,-9.412,-98.9616,-27.8139,54.1466
43636102000100,"ABSOLUTO MM PREV FUNDO DE INVESTIMENTO MULTIMERCADO CRÉDITO PRIVADO RESPONSABILIDADE LIMITADA","XPG",99.7294,102.2633,107.3982,99.333,96.0704
43737615000108,"SPARTA PREVIDÊNCIA INFLAÇÃO MASTER IU FIF RENDA FIXA CRÉDITO PRIVADO RESPONSABILIDADE LIMITADA","Sparta",114.5835,117.2326,78.0273,100.5792,89.1601
43760546000153,"SPARTA PREVIDÊNCIA INFLAÇÃO MASTER FIF RENDA FIXA CRÉDITO PRIVADO - RESPONSABILIDADE LIMITADA","Sparta",63.336,124.4293,75.2537,101.4516,87.7863
43778949000120,"XP CORPORATE LIGHT CRÉDITO PRIVADO XP SEGUROS MASTER FI FINANCEIRO RENDA FIXA RESP LIMITADA","XPG",102.246,104.7932,108.5028,99.6359,96.7581
43790923000105,"MAIO FULLNESS PREVIDÊNCIA QUALIFICADO FUNDO DE INVESTIMENTO FINANCEIRO MULTIMERCADO","AMW",83.8343,111.0136,88.7985,84.5468,83.8787
43790956000147,"CORETUBA ICATU PREVIDÊNCIA QUALIFICADO FI FINANCEIRO - CI MULT CRED PRIV - RESP LIMITADA","AMW",97.3752,112.7733,56.388,61.6008,86.2681
43915486000109,"RIZA LOTUS PLUS MASTER FUNDO DE INVESTIMENTO FINANCEIRO RENDA FIXA","Riza",111.7702,116.4519,118.7308,106.0173,97.2976
43960245000173,"AMW ÍSIS MASTER FUNDO DE INVESTIMENTO FINANCEIRO MULTIMERCADO","AMW",112.2403,132.7905,128.7679,117.681,114.7081
44025131000107,"AF HORIZONTE FUNDO DE INVESTIMENTO FINANCEIRO MULTIMERCADO","AF Invest",88.6237,103.5127,109.6169,69.0393,82.595
44109989000141,"ACUERE QUALIFICADO ICATU FI FINANCEIRO - CI MULT CRED PRIV - RESP LIMITADA","AMW",74.1037,103.3883,70.8416,66.1922,93.7181
44110011000108,"DPL ICATU QUALIFICADO PREVIDÊNCIA FUNDO DE INVESTIMENTO FINANCEIRO MULTIMERCADO","AMW",77.8,110.445,87.272,82.8891,86.5742
44196930000138,"CSHG SISPRIME DO BRASIL FUNDO DE INVESTIMENTO FINANCEIRO - MULT CRED PRIV RESPONSABILIDE LIMITADA","UBS",100.3841,105.8159,111.9712,103.9276,100.4595
44211989000158,"BNP PARIBAS FIFE FI FINANCEIRO - CI MULT CRED PRIV - RESP LIMITADA","BNP",102.5883,106.8447,125.1579,98.8801,98.0426
44212092000149,"ALPES FIFE FI FINANCEIRO - CI RF CRED PRIV - RESP LIMITADA","ARX",98.3373,104.6183,112.1489,100.31,99.9577
44212217000130,"ATENA PREVIDÊNCIA FIFE FUNDO DE INVESTIMENTO FINANCEIRO RENDA FIXA","Atena",111.2763,113.6564,116.6219,111.3645,108.9053
44212301000154,"ICATU VANGUARDA IPORÃ PG INFLAÇÃO FIF CLASSE DE INVESTIMENTO MULTIMERCADO CRÉD PRIV RESP LIMITADA","Icatu",114.7703,131.2622,84.0062,76.677,80.1666
44230868000153,"VINCI CRÉDITO ADVISORY PREV XP SEG FIF RENDA FIXA CRÉDITO PRIVADO - RESPONSABILIDADE LIMITADA","Vinci",108.9525,115.2969,127.5299,103.559,100.9492
44283966000159,"WARREN FO TÁTICO RF1 FUNDO DE INVESTIMENTO MULTIMERCADO CRÉDITO PRIVADO","Warren",25.5576,101.9658,56.9482,66.5392,70.025
44347394000124,"BTG PACTUAL CRÉDITO CORPORATIVO IPCA FUNDO DE INVESTIMENTO FINANCEIRO RENDA FIXA","BTG Asset",119.675,124.3518,61.7459,85.0963,80.1115
44371942000151,"UBS EVOLUTION DI BR MASTER FUNDO DE INVESTIMENTO RENDA FIXA REFERENCIADO  RESPONSABILIDADE LIMITADA","UBS",100.2094,102.14,103.8759,102.6824,99.9985
44409284000140,"COMMANDER PREV FUNDO DE INVESTIMENTO MULTIMERCADO CRÉDITO PRIVADO RESPONSABILIDADE LIMITADA","XPG",97.2232,96.8378,107.0561,98.3366,95.18
44409359000192,"KNOX MIAMI PREV FUNDO DE INVESTIMENTO MULTIMERCADO RESPONSABILIDADE LIMITADA","XPG",38.0579,77.491,72.6117,69.7002,87.0055
44434922000182,"CARTOR INSIGNIA FUNDO DE INVESTIMENTO FINANCEIRO RENDA FIXA","Cartor",102.0622,101.8884,105.3895,107.0423,101.5995
44458613000142,"RTC CAPITAL PREV FUNDO DE INVESTIMENTO MULTIMERCADO CRÉDITO PRIVADO RESPONSABILIDADE LIMITADA","XPG",60.9495,84.31,70.2278,75.1013,88.1059
44459125000150,"REAL FUNDO DE INVESTIMENTO MULTIMERCADO CRÉDITO PRIVADO","AF Invest",33.8856,86.9063,90.6786,79.6594,93.3478
44574326000106,"RIZA EVI MASTER PREVIDENCIA FUNDO DE INVESTIMENTO FINANCEIRO MULTIMERCADO","Riza",132.6269,98.609,95.1126,99.0884,92.1368
44672489000113,"ATSU II PREVIDÊNCIA FUNDO DE INVESTIMENTO FINANCEIRO MULTIMERCADO","Vinci",209.0207,11.6797,-76.9825,-3.2405,51.7325
44672936000134,"WISE LIFE PREVIDÊNCIA FUNDO DE INVESTIMENTO FINANCEIRO MULTIMERCADO","Wise",60.1863,-5.7239,51.1329,14.7468,76.9768
44703439000156,"IBIUNA CREDIT PREV FIFE FIF - CLASSE DE INVESTIMENTO MULTIMERCADO CRED PRIV II - RESP LIMITADA","Ibuina",99.7174,108.3051,118.5476,102.4537,104.125
44748987000100,"XPA MUCC PREV FUNDO DE INVESTIMENTO MULTIMERCADO CRÉDITO PRIVADO RESPONSABILIDADE LIMITADA","XPG",69.5368,88.3227,82.5657,86.377,87.9823
44764166000150,"XVI CAPITAL RENDA FIXA FUNDO DE INVESTIMENTO FINANCEIRO","XVI",118.6701,104.0976,148.2977,110.293,85.8452
44835820000179,"CAP PREV INFLAÇÃO 30 ADV XP SEG FIF RENDA FIXA CRÉDITO PRIVADO FIFE - RESPONSABILIDADE LIMITADA","Capitânia",-8.5867,75.6977,10.2988,49.7534,67.4955
44870067000152,"RIZA HIGH GRADE MASTER FUNDO DE INVESTIMENTO FINANCEIRO RENDA FIXA CRÉDITO PRIVADO RESP LIMITADA","Riza",112.902,112.6578,115.2789,98.0807,92.2235
44900549000108,"UBS CONSENSO CONSERVADOR ICATU QUALIFICADO PREVIDENCIÁRIO FIF - CI MULT CRED PRIV - RESP LIMITADA","UBS",95.6609,100.8344,106.0706,97.3285,95.4832
44903727000154,"LOCUS FUNDO DE INVESTIMENTO FINANCEIRO","Warren",112.1002,122.6776,113.0442,103.5153,96.9888
44917374000141,"ICATU VANGUARDA LIQUIDEZ FIF- CLASSE DE INVESTIMENTO RF CRÉDITO PRIVADO LONGO PRAZO - RESP LIMITADA","Icatu",111.3496,109.6025,114.1462,102.2492,99.5664
44917400000131,"TORDILHO ICATU PREVIDÊNCIA QUALIFICADO FUNDO DE INVESTIMENTO FINANCEIRO MULTIMERCADO","AMW",125.7993,92.2302,89.2824,87.5814,83.8506
44917472000189,"LIBERTAS HIGH YIELD FIF - CLASSE DE INVESTIMENTO RENDA FIXA CRÉDITO PRIVADO - RESP LIMITADA","Vinci",84.1091,110.0271,72.8059,88.9702,84.9419
44917492000150,"LIBERTAS HIGH GRADE FIF - CLASSE DE INVESTIMENTO MULTIMERCADO CRÉDITO PRIVADO - RESP LIMITADA","BNP",105.1287,104.9319,118.0832,101.0404,100.3264
44967444000176,"INTEGRAL CASH FUNDO DE INVESTIMENTO FINANCEIRO RENDA FIXA","Integral",98.646,104.8228,107.8898,101.5039,99.295
44977584000125,"VOX DESENVOLVIMENTO SUSTENTÁVEL IS FUNDO DE INVESTIMENTO FINANCEIRO RENDA FIXA","Vox",183.1721,100.5114,105.365,100.7655,92.5596
44980461000143,"VIVALDI LIQUIDEZ FUNDO DE INVESTIMENTO FINANCEIRO MULTIMERCADO","BTG WM",99.6063,106.506,111.3838,99.0897,97.2566
45103998000198,"JIVE SOUL 177 PREV FIFE FUNDO DE INVESTIMENTO MULTIMERCADO CRÉDITO PRIVADO RESP LIMITADA","Jive",121.9329,100.2106,105.1671,111.0812,108.1975
45104170000154,"VICTOREM FUNDO DE INVESTIMENTO FINANCEIRO","Galapagos",132.1159,104.5812,116.4341,104.0278,92.3163
45147116000196,"XPA ITAJUÍ PREV FUNDO DE INVESTIMENTO MULTIMERCADO CRÉDITO PRIVADO RESPONSABILIDADE LIMITADA","XPG",81.1891,101.22,89.7602,88.7003,88.3241
45295157000120,"VALORA ARKA FUNDO DE INVESTIMENTO FINANCEIRO MULTIMERCADO","Valora",289.7812,65.1965,115.9771,89.5239,109.1669
45295606000130,"BRASILPREV TOP TP III FIF RENDA FIXA CRÉDITO PRIVADO RESPONSABILIDADE LIMITADA","BB Asset",79.4272,79.5811,126.264,91.0196,86.3878
45302406000167,"BRADESCO MÁSTER CRÉDITO INFLAÇÃO FI FINANCEIRO - CI RF CRED PRIV - RESP LIMITADA","BRAM",126.2447,123.0585,85.8578,90.6487,90.3068
45386487000120,"GUARDIAN ICATU PREV FI FINANCEIRO - CI RF CRED PRIV - RESP LIMITADA","Guardian",99.2482,100.9111,103.9535,103.6951,100.765
45443993000104,"NOVUS CRÉDITO HIGH GRADE FUNDO DE INVESTIMENTO MULTIMERCADO LONGO PRAZO","Novus",103.1504,107.145,114.5946,100.3486,98.8608
45444067000153,"ICATU VANGUARDA ABSOLUTO PLUS FIFE FIF - CLASSE DE INVESTIMENTO RF CRÉDITO PRIVADO - RESP LIMITADA","Icatu",126.372,122.5333,132.2973,97.4166,100.4318
45444101000190,"ICATU VANGUARDA ABSOLUTO PLUS QUALIFICADO FIF RENDA FIXA CRED PRIV PREVIDENCIÁRIO - RESP LIMITADA","Icatu",121.7324,119.0299,125.433,95.6431,98.8271
45494496000135,"AZ QUEST LUCE PREV MASTER FIFE FIF RENDA FIXA CRÉDITO PRIVADO RESP LIMITADA","AZ Quest",113.782,120.0631,120.7896,94.4574,97.7083
45511206000114,"SOMMA FIRENZE FI FINANCEIRO - CI RF CRED PRIV LP - RESP LIMITADA","Somma",101.715,107.3494,122.5319,105.4169,101.7591
45642714000131,"SULAMÉRICA PREV CRÉDITO ESG ITAÚ MASTER INVESTIMENTO SUSTENTÁVEL FIF RF CRÉD PRIV RESP LIMITADA","Sulamérica",104.5058,109.4343,116.2223,103.0767,101.7737
45645190000132,"VLGI ASSET PREVIDENCIÁRIO I FUNDO DE INVESTIMENTO MULTIMERCADO CRÉDITO PRIVADO RESP LIMITADA","VLGI",110.3867,99.0509,105.9226,75.8834,91.6875
45646162000130,"BTG PACTUAL CRÉDITO CORPORATIVO II PREVIDÊNCIA FUNDO DE INVESTIMENTO FINANCEIRO RENDA FIXA","BTG Asset",97.7913,105.9626,117.6769,102.1081,97.5903
45646230000160,"RIZA LOTUS PREVIDÊNCIA FUNDO DE INVESTIMENTO FINANCEIRO RENDA FIXA","Riza",113.1333,117.3406,112.4812,106.0005,96.6223
45656777000147,"IBIUNA CREDIT PREV ITAÚ FIFE FIF MULTIMERCADO CRÉDITO PRIVADO RESPONSABILIDADE LIMITADA","Ibuina",97.8315,111.3684,121.8006,106.3322,106.0353
45682244000130,"PORTO RENDA FIXA SELECTION PREVIDÊNCIA FUNDO DE INVESTIMENTO RENDA FIXA","Porto Asset",110.8259,108.9839,106.7133,98.3403,96.5893
45683322000110,"JGP ECOSSISTEMA FI FINANCEIRO MULTIMERCADO CRÉDITO PRIVADO - RESPONSABILIDADE LIMITADA","JGP",451.0763,129.5877,165.8982,74.8079,142.668
45688098000150,"NU YIELD FUNDO DE INVESTIMENTO FINANCEIRO RENDA FIXA CRÉDITO PRIVADO LONGO PRAZO RESP LIMITADA","Nu Asset",101.2915,107.6472,113.013,104.5187,102.1511
45722996000187,"ITAÚ BTG PACTUAL CRÉDITO CORPORATIVO IPCA PREV FIF RENDA FIXA CRÉDITO PRIVADO RESP LIMITADA","BTG Asset",-60.6242,94.3649,44.7087,78.6594,76.1157
45726917000106,"SUL AMÉRICA PRESTIGE STRATEGIE ITAÚ MASTER FIF RENDA FIXA CRÉDITO PRIVADO RESP LIMITADA","Sulamérica",104.1707,104.8946,106.4126,103.7258,100.6643
45756554000151,"LISBOA PREV FUNDO DE INVESTIMENTO MULTIMERCADO CRÉDITO PRIVADO RESPONSABILIDADE LIMITADA","Capri",83.7108,92.9812,105.9289,87.4728,90.8341
46082347000121,"LIBERTY FUNDO DE INVESTIMENTO MULTIMERCADO CRÉDITO PRIVADO","XPG",-2.9677,18.0052,-334.5297,-140.5788,-37.2323
46098916000127,"OCCAM LIQUIDEZ MASTER FI FINANCEIRO RENDA FIXA CRÉDITO PRIVADO - RESPONSABILIDADE LIMITADA","Occam",105.6624,111.233,116.3756,105.8171,102.834
46099626000106,"ARX PREVIDENCIÁRIO S FI FINANCEIRO RENDA FIXA CRÉDITO PRIVADO - RESPONSABILIDADE LIMITADA","ARX",100.3449,105.8205,114.1674,102.5514,100.5337
46246589000103,"BTG PACTUAL OABPREV FUNDO DE INVESTIMENTO FINANCEIRO MULTIMERCADO","BTG WM",83.2985,94.9691,91.6655,94.657,93.021
46328602000173,"AZ QUEST ALTRO PREV MASTER FIFE FIF MULTIMERCADO CRÉDITO PRIVADO - RESPONSABILIDADE LIMITADA","AZ Quest",101.8798,109.0215,112.6536,75.9767,86.0982
46329357000119,"ROOT CAPITAL HG FI FINANCEIRO MULTIMERCADO CRÉDITO PRIVADO - RESPONSABILIDADE LIMITADA","Root",118.6603,122.956,140.6526,102.4097,104.4813
46332105000149,"KINEA BVP FIFE FI FINANCEIRO - CI MULT CRED PRIV - RESP LIMITADA","Kinea",95.7729,106.4252,114.7926,97.003,96.4085
46334681000125,"SULAMÉRICA PRESTIGE XP SEG PREV FIF RENDA FIXA RESPONSABILIDADE LIMITADA","Sulamérica",95.9235,96.9763,98.2378,96.199,97.0614
46373760000145,"ROOT CAPITAL CRÉDITO HG PREVIDÊNCIA FIF RENDA FIXA CRÉDITO PRIVADO - RESPONSABILIDADE LIMITADA","Root",105.9422,115.188,124.4649,102.4148,102.3883
46385360000150,"JGP CRÉDITO PREVIDENCIÁRIO IPCA MASTER FIF RENDA FIXA CRÉD PRIV LONGO PRAZO - RESP LTDA","JGP",90.3814,114.3166,97.0861,98.9882,95.8794
46401052000170,"JGP CRÉDITO B PREVIDÊNCIA FIFE FI FINANCEIRO - CI MULT CRED PRIV LP - RESP LIMITADA","JGP",116.6086,116.6859,130.9356,105.5642,98.9404
46415283000133,"PATAGÔNIA ONE FUNDO DE INVESTIMENTO FINANCEIRO MULTIMERCADO","Patagônia",76.2018,89.6747,-22.5989,22.4313,18.7798
46449621000158,"ITAÚ FLEXPREV LUMINA PLUS FIF RF - RESP LIMITADA","IAM",64.9724,93.4589,76.9893,50.7131,76.674
46467107000145,"BB EVANGELISTA FUNDO DE INVESTIMENTO FINANCEIRO MULTIMERCADO CRÉDITO PRIVADO LONGO PRAZO","BB Asset",100.3284,119.0954,108.6037,108.9192,100.9981
46539506000174,"WISE CASH FUNDO DE INVESTIMENTO FINANCEIRO RENDA FIXA","Wise",103.332,104.1151,109.4524,100.5903,96.5818
46685489000183,"ICATU VANGUARDA  ABSOLUTO II FIFE FIF - CLASSE DE INVESTIMENTO RF CRED PRIV - RESP LIMITADA","Icatu",109.7234,110.6701,116.5603,97.5967,99.0147
46685502000102,"ICATU VANGUARDA ABSOLUTO II FIF RENDA FIXA CRED PRIV PREVIDENCIÁRIO - RESP LIMITADA","Icatu",107.2246,107.7532,113.1144,94.4283,96.687
46700364000185,"BTG ICATU VANGUARDA ABSOLUTO II FIF  CLASSE DE INVESTIMENTO RF CRÉDITO PRIVADO PREV - RESP LIMITADA","Icatu",108.2499,108.2172,112.7915,93.8034,95.3401
46762380000100,"ICATU VANGUARDA ABSOLUTO INFLAÇÃO FIF RF CRED PRIV PREVIDENCIÁRIO - RESP LIMITADA","Icatu",125.8552,125.245,72.7489,83.9586,90.3587
46762699000128,"ICATU VANGUARDA ABSOLUTO INFLAÇÃO FIFE FIF RF CRÉDITO PRIVADO - RESPONSABILIDADE LIMITADA","Icatu",121.2245,123.8856,78.9734,90.6507,91.8502
46763213000176,"SOMMA SEPTIMUS FIF - CLASSE DE INVESTIMENTO RF CRÉDITO PRIVADO - RESP LIMITADA","Somma",103.5084,108.7447,118.291,108.1683,104.168
46975474000150,"KINEA V FUNDO DE INVESTIMENTO FINANCEIRO RENDA FIXA CRÉDITO PRIVADO RESPONSABILIDADE LIMITADA","Kinea",99.9503,108.0626,114.2613,105.9135,103.0053
46975834000113,"MULTICOOP MODERADO FIF MULTIMERCADO CRÉDITO PRIVADO RESPONSABILIDADE LIMITADA","BTG Asset",47.2023,89.7223,70.2052,86.779,87.43
46997370000146,"ARX K2 IVP PREVIDENCIÁRIO INFLAÇÃO CURTA FIF RENDA FIXA CRÉDITO PRIVADO RESP LIMITADA","ARX",106.1714,121.9147,55.6201,90.818,86.4471
46997395000140,"SPARTA PREVIDÊNCIA MASTER IU FIF RENDA FIXA CRÉDITO PRIVADO RESPONSABILIDADE LIMITADA","Sparta",102.5235,105.9036,111.6198,103.5126,100.1853
47020699000115,"ICATU VANGUARDA DINÂMICO IPCA XP SEG FUNDO DE INVESTIMENTO MULTIMERCADO CP PREV - RESP LIMITADA","Icatu",133.1152,125.8518,86.4425,104.1909,91.8632
47086196000142,"KILIMA BAHARI PREVIDENCIÁRIO FI MULTIMERCADO CRÉDITO PRIVADO RESPONSABILIDADE LIMITADA","Monte Bravo",152.5057,122.2087,119.6347,100.6053,93.2394
47212494000131,"ICATU VANGUARDA ABSOLUTO II IU FIFE FIF RENDA FIXA CRÉD PRIV LP PREVIDENCIÁRIO - RESP LIMITADA","Icatu",104.1667,106.2553,109.8153,95.8442,97.2757
47227609000161,"BOCAINA WE CAPITAL FUNDO DE INVESTIMENTO FINANCEIRO","Bocaina",-5.6326,-5.9145,-8.2095,-8.5147,-8.2841
47443943000152,"SPARK FUNDO DE INVESTIMENTO FINANCEIRO RENDA FIXA","BTG Asset",67.9341,74.094,57.1234,91.1657,97.191
47457832000103,"BOCAINA BG FUNDO DE INVESTIMENTO RENDA FIXA","Bocaina",24.8181,74.2622,74.1731,76.6999,76.1356
47540095000108,"ICATU VANGUARDA ABSOLUTO B FIFE FIF - CLASSE DE INVESTIMENTO MUL CRÉDITO PRIVADO - RESP LIMITADA","Icatu",108.3181,114.0128,125.1858,99.6103,100.2943
47543107000140,"RIO GRANDE ABSOLUTO FIF RENDA FIXA CRÉDITO PRIVADO PREVIDENCIÁRIO - RESP LIMITADA","Icatu",102.0459,105.6962,108.8482,95.136,95.4478
47543238000127,"ONZE ICATU PREV FIFE FI FINANCEIRO - CI RF CRED PRIV - RESP LIMITADA","Onze",105.3812,138.1726,128.8422,108.5773,106.8983
47586388000118,"OCCAM CRÉDITO CORPORATIVO 30 MASTER FIF RENDA FIXA CRED PRIV LONGO PRAZO - RESPONSABILIDADE LIMITADA","Occam",107.6443,119.1851,125.0332,106.9216,104.1572
47586503000154,"OCCAM BP PREVIDÊNCIA FI FINANCEIRO RENDA FIXA CRÉDITO PRIVADO - RESPONSABILIDADE LIMITADA","Occam",100.1036,108.1951,113.2408,98.6352,95.573
47612777000170,"ABSOLUTE ATENAS PREVIDÊNCIA FUNDO DE INVESTIMENTO FINANCEIRO RENDA FIXA","Absolute",98.3584,102.4613,117.9827,91.4758,92.338
47628822000185,"ABSOLUTE ATENAS MASTER FUNDO DE INVESTIMENTO FINANCEIRO RENDA FIXA","Absolute",101.8471,102.4247,110.3391,98.8614,99.1419
47628918000143,"ABSOLUTE CRETA MASTER FUNDO DE INVESTIMENTO FINANCEIRO RENDA FIXA","Absolute",105.0012,110.9697,131.194,97.5919,98.6048
47715736000100,"SULAMÉRICA EXCELLENCE MASTER FIF RENDA FIXA CRÉDITO PRIVADO DE RESPONSABILIDADE LIMITADA","Sulamérica",101.3024,102.3032,104.6719,102.1334,99.766
47728212000153,"KILIMA MOTO PREV FUNDO DE INVESTIMENTO RENDA FIXA CRÉDITO PRIVADO RESPONSABILIDADE LIMITADA","Monte Bravo",85.9929,101.5952,109.3055,102.1404,98.4148
47729760000106,"VLGI ASSET DI FUNDO DE INVESTIMENTO EM RENDA FIXA CRÉDITO PRIVADO","VLGI",102.7288,94.792,108.9004,100.6025,96.3833
48411732000109,"ROOT CAPITAL HIGH YIELD RADICE FIF MULTIMERCADO CRÉDITO PRIVADO IE - RESPONSABILIDADE LIMITADA","Root",115.7894,128.2428,156.043,120.2495,130.3599
48658513000110,"XP CORPORATE TOP PREV XP SEGUROS MASTER FIF RF CRÉDITO PRIVADO RESPONSABILIDADE LIMITADA","XPG",109.064,110.4268,120.1531,98.6256,96.6659
48670714000133,"BLUE 2 FUNDO DE INVESTIMENTO FINANCEIRO MULTIMERCADO","BTG WM",32.104,68.0274,37.183,46.1485,79.3161
48948661000170,"NEST MACAW RF FIFE ICATU PREVIDENCIÁRIO FIF - CLASSE DE INVESTIMENTO RF CRED PRIV - RESP LIMITADA","Nest",76.2464,95.4684,90.6483,95.5309,94.4661
48953198000154,"ICATU VANGUARDA CREDIT PLUS VC FIF - CLASSE DE INVESTIMENTO RF CRED PRIV - RESP LIMITADA","Icatu",127.8673,128.3072,138.3358,95.6476,99.7984
48975466000139,"VINCI FIFE FIF - CLASSE DE  INVESTIMENTO RENDA FIXA CRÉDITO PRIVADO - - RESPONSABILIDADE LIMITADA","Vinci",130.4104,119.6524,125.9787,107.0394,103.5376
48986296000198,"ABSOLUTE OLIMPIA MASTER FUNDO DE INVESTIMENTO FINANCEIRO MULTIMERCADO","Absolute",98.2539,107.0925,130.9045,99.8816,101.4511
49077283000169,"NOVA PATAGONIA FUNDO DE INVESTIMENTO MULTIMERCADO CRÉDITO PRIVADO","Oriz",52.7529,88.9152,87.6622,91.0699,92.4534
49124184000190,"BTG NEXT FUNDO DE INVESTIMENTO FINANCEIRO MULTIMERCADO","BTG WM",99.6556,108.2394,120.4059,99.5747,96.2705
49178674000170,"BTG PACTUAL CONSÓRCIO FUNDO DE INVESTIMENTO FINANCEIRO RENDA FIXA REFERÊNCIA DI","BTG Asset",92.9876,94.5948,96.5678,94.3563,91.2262
49227505000182,"H7 PREV FUNDO DE INVESTIMENTO MULTIMERCADO CRÉDITO PRIVADO RESPONSABILIDADE LIMITADA","XPG",95.711,103.0163,105.4418,95.7992,92.8189
49269925000121,"SANTANDER PREV MULTIESTRATÉGIA RENDA FIXA CRÉDITO PRIVADO LONGO PRAZO - FIF RESP LIMITADA","SAM",117.1074,106.5202,75.0827,74.6261,87.7151
49270021000116,"SBPREV I MASTER RENDA FIXA CRÉDITO PRIVADO - FIF RESP LIMITADA","SAM",103.5522,106.3206,109.6813,101.826,100.1784
49328341000180,"SAFRA PREV VITESSE MASTER FIF PREVIDENCIÁRIO CI RENDA FIXA CRÉDITO PRIVADO PREV RESP LIMITADA","Safra Asset",101.032,104.749,107.6579,101.4894,99.9107
49366532000136,"ROOT CAPITAL HIGH YIELD PREVIDÊNCIA FIF RENDA FIXA CRÉDITO PRIVADO - RESPONSABILIDADE LIMITADA","Root",108.2239,126.2776,136.3125,107.7924,108.6702
49438428000100,"AZ QUEST LUCE PREVIDENCIARIO MASTER II FIFE FIF RENDA FIXA CRÉDITO PRIVADO - RESP LTDA","AZ Quest",102.1038,106.7864,109.1423,82.8669,87.4837
49454180000170,"EQX FUNDO DE INVESTIMENTO FINANCEIRO - CI MULTIMERCADO CRÉDITO PRIVADO - RESP LIMITADA","Monte Azul",102.4251,101.942,97.1842,90.8074,95.2645
49460236000108,"CADENZA HIGH YIELD IQ MASTER FUNDO DE INVESTIMENTO FINANCEIRO MULTIMERCADO","Paramis",118.2924,127.9413,123.4931,109.2753,108.3233
49558667000101,"ABSOLUTE DELFOS PREV ITAÚ MASTER FIF RENDA FIXA CRÉDITO PRIVADO RESP LIMITADA","Absolute",106.1505,110.5627,131.5089,101.8166,100.0683
49559434000115,"ABSOLUTE ATENAS PREV ITAÚ MASTER FIF RENDA FIXA CRÉDITO PRIVADO RESPONSABILIDADE LIMITADA","Absolute",104.8861,110.5912,127.2697,97.8913,99.1506
49633643000161,"BRASILPREV ITAÚ SINFONIA PREV FIF RENDA FIXA CRÉD PRIV RESP LIMITADA","IAM",92.0366,107.849,119.1662,92.338,91.9851
49647912000149,"LIGA SOLIDÁRIA FUNDO DE INVESTIMENTO FINANCEIRO MULTIMERCADO","UBS",58.921,88.6748,76.899,86.0487,92.7974
49768506000134,"PREVI RENDA FIXA HIGH GRADE IPCA FUNDO DE INVESTIMENTO FINANCEIRO CRÉDITO PRIVADO RESP LIMITADA","Previ",99.7518,127.8377,74.1799,99.1027,93.2472
49818870000161,"SPARTA PREV B MASTER FUNDO DE INVESTIMENTO FINANCEIRO RENDA FIXA","Sparta",108.8986,104.9849,109.6016,102.9371,99.9917
49851069000118,"DAYCOVAL ANS FUNDO DE INVESTIMENTO FINANCEIRO","Daycoval",100.0748,101.8551,107.432,98.847,96.9305
49924950000100,"TYTON CRÉDITO HIGH YIELD FUNDO DE INVESTIMENTO FINANCEIRO MULTIMERCADO","Tyton",96.6447,104.519,110.1759,116.089,118.9689
49931360000104,"PFTM PREVIDENCIÁRIO ICATU QUALIFICADO FI FINANCEIRO - CI MULT CRED PRIV - RESP LIMITADA","UBS",-43.8204,62.8162,20.939,64.741,68.242
49933828000191,"BRAVE PREVIDÊNCIA FIFE FUNDO DE INVESTIMENTO RENDA FIXA CRÉDITO PRIVADO","Brave",103.9475,106.0635,107.7892,104.0357,102.2251
49977033000185,"MIRABAUD TRADITION FI FINANCEIRO - CI RF CRED PRIV - RESP LIMITADA","Mirabaud",104.9394,105.7624,114.8674,99.0618,98.7009
49980566000116,"ITAÚ FLEXPREV ADVANCED FIF MULT CRED PRIV - RESP LIMITADA","IAM",107.6457,113.9545,116.4071,103.5249,102.7062
50006439000108,"FP FOF JGP CORPORATE FI FINANCEIRO - CI RF CRED PRIV - RESP LIMITADA","JGP",93.5891,108.7246,122.3495,102.9445,95.2345
50069605000107,"FP FOF SPARTA TOP FI FINANCEIRO - CI RF CRED PRIV - RESP LIMITADA","Sparta",100.0123,101.7726,103.823,96.2155,92.8517
50112294000111,"BOCOM BBM CASH ENHANCED FIF CLASSE DE INVESTIMENTO RFCRED PRIV - RESP LIMITADA","BBM Asset",103.6216,104.5743,107.0455,102.6742,100.6062
50128371000121,"LIGA FI FINANCEIRO - CI MULT CRED PRIV - RESP LIMITADA","BTG WM",39.146,89.798,60.106,83.1205,79.9778
50223269000105,"MAG HIGH GRADE FIF CLASSE DE INVESTIMENTO RENDA FIXA CRÉDITO PRIVADO LONGO PRAZO RESP LIMITADA","MAG",104.808,106.4441,107.0435,101.3813,99.3078
50326147000144,"KINEA INSTITUCIONAL FUNDO DE INVESTIMENTO FINANCEIRO RENDA FIXA CRÉD PRIV LONGO PRAZO RESP LIMITADA","Kinea",86.2394,102.7623,111.3603,97.2754,96.1712
50421373000104,"ESMERALDAS FUNDO DE INVESTIMENTO FINANCEIRO MULTIMERCADO","Portofino",124.7852,123.0948,46.8211,78.9231,91.992
50514867000133,"BOCOM BBM OAWM 30 FIF - CLASSE DE INVESTIMENTO MULTIMERCADO LONGO PRAZO CRÉDITO PRIVADO - RESP LTDA","BBM Asset",103.8835,106.6676,109.7115,103.2236,100.9257
50553108000180,"RAFTER ICATU PREVIDENCIÁRIO QUALIFICADO FI FINANCEIRO - CI MULT CRED PRIV - RESP LIMITADA","Rafter",-149.3746,58.8453,0.936,54.6581,63.3583
50622383000108,"PANAMBY HIGH GRADE D5 FUNDO DE INVESTIMENTO FINANCEIRO RENDA FIXA","PNBY",107.675,119.282,134.9022,100.2442,72.3645
50677561000106,"STUTTGART FUNDO DE INVESTIMENTO FINANCEIRO MULTIMERCADO","Rubik",-17.164,-3.3967,-18.2028,56.401,-361.2975
50697486000137,"MAG HIGH GRADE PLUS 30 FIF RENDA FIXA CRÉDITO PRIVADO LONGO PRAZO - RESPONSABILIDADE LIMITADA","MAG",96.9848,104.3386,107.1785,102.3972,99.5087
50717653000164,"SERRA 83 PREVIDÊNCIA FUNDO DE INVESTIMENTO FINANCEIRO MULTIMERCADO","BTG WM",38.345,57.6673,41.4276,62.071,87.0169
50765209000114,"RA CLASSE DE INVESTIMENTO MULTIMERCADO CRÉDITO PRIVADO - RESP LIMITADA","Gauss",-20378.0208,-4830.0022,-1575.4681,-782.3642,-564.1258
50765883000107,"FUNSSEST ESTRATÉGIA II FUNDO DE INVESTIMENTO FINANCEIRO RENDA FIXA","Icatu",108.2376,109.6916,117.4015,93.2188,96.977
50799566000101,"FUNSSEST ESTRATÉGIA I FUNDO DE INVESTIMENTO FINANCEIRO RENDA FIXA","Vinci",109.5469,111.6099,112.5807,103.1084,100.8047
50803491000187,"BRASILPREV TOP RENDA FIXA SUPREME FIF RESPONSABILIDADE LIMITADA","BB Asset",98.3334,98.6251,104.5819,98.3277,93.9118
50820465000167,"BTG LEGATO PREV FIFE FUNDO DE INVESTIMENTO FINANCEIRO MULTIMERCADO","BTG Asset",104.1584,96.4305,107.6355,100.5867,100.438
50874219000198,"BTG PACTUAL CRÉDITO CORPORATIVO MASTER III FUNDO DE INVESTIMENTO RENDA FIXA CRÉDITO PRIVADO","BTG Asset",105.3336,114.2261,128.0203,113.3141,108.7878
50875116000142,"BTG PACTUAL HEDGE PREV FUNDO DE INVESTIMENTO FINANCEIRO MULTIMERCADO","BTG Asset",84.4653,106.5677,100.4841,105.5765,97.9984
50925001000115,"TAGUS ICATU FUNDO DE INVESTIMENTO FINANCEIRO RENDA FIXA","Tagus",145.6114,110.7484,139.6045,102.8987,64.5729
51041048000189,"TRF CLASSE DE INVESTIMENTO MULTIMERCADO  CRÉDITO PRIVADO - RESP LIMITADA","Turim",103.5489,102.3735,107.2347,93.7674,94.9267
51075995000190,"AUGME VINTAGE I CLASSE DE INVESTIMENTO  RENDA FIXA CRÉDITO PRIVADO - RESP LIMITADA","Augme",70.2478,-69.955,-402.5097,-294.9862,-315.8363
51168708000197,"FUNDO DE INVESTIMENTO FINANCEIRO MULTIMERCADO LT","BTG Asset",-602.1697,-237.5035,-221.5242,-15.056,144.6784
51200543000193,"SAFRA PREV RENDA FIXA FIF PREVIDENCIÁRIO CI RENDA FIXA CRÉDITO PRIVADO PREV RESP LIMITADA","Safra Asset",94.4398,99.5108,100.4257,97.6304,96.397
51234049000140,"COMPASS HIGH GRADE ICATU PREVIDENCIA FIFE FUNDO DE INVESTIMENTO FINANCEIRO RENDA FIXA","Vinci",112.5029,112.6805,121.6321,99.1045,89.7942
51238218000110,"BTG PACTUAL CREDITO CORPORATIVO BRASILPREV PREVIDENCIA FUNDO DE INVESTIMENTO FINANCEIRO MULTIMERCADO","BTG Asset",109.4729,111.9522,120.5636,107.7784,101.2308
51289474000136,"BRADESCO HUB ULTRA FIFE FI FINANCEIRO - CI RF CRED PRIV - RESP LIMITADA","BRAM",99.2753,106.0194,112.6188,102.6585,99.2496
51378137000115,"UNIMED INVESTCOOP LIVRE II FIF RENDA FIXA CRÉDITO PRIVADO LONGO PRAZO RESP LIMITADA","Sparta",108.4926,104.0538,112.0228,100.2776,96.343
51511514000142,"G5 ALLOCATION PREVIDÊNCIA CRÉDITO INFLAÇÃO II FI FINANCEIRO - CI MULT CRED PRIV - RESP LIMITADA","G5",113.3704,117.0735,48.6106,78.6468,79.9324
51538282000116,"OCCAM BRASILPREV PREVIDÊNCIA FI FINANCEIRO RENDA FIXA CRÉDITO PRIVADO - RESPONSABILIDADE LIMITADA","Occam",104.6131,114.8845,122.5236,102.6871,99.3472
51556889000129,"FINANCE BLUE FUNDO DE INVESTIMENTO MULTIMERCADO CRÉDITO PRIVADO","XPG",95.0214,96.252,96.2803,94.6081,94.0237
51623321000183,"BTG LEGATO L FUNDO DE INVESTIMENTO FINANCEIRO MULTIMERCADO","BTG Asset",118.4576,96.1347,103.9348,117.5368,111.8375
51714018000196,"BP SFA FUNDO DE INVESTIMENTO FINANCEIRO MULTIMERCADO","BTG WM",98.227,100.1417,99.0559,96.4165,95.6738
51726488000170,"RUBIK RELIANCE FUNDO DE INVESTIMENTO FINANCEIRO MULTIMERCADO","Rubik",98.0074,100.883,109.1133,101.7453,97.5701
51800853000149,"BTG LEGATO PMFO FUNDO DE INVESTIMENTO FINANCEIRO MULTIMERCADO","BTG Asset",118.034,116.249,123.0752,123.0915,116.7655
51825326000199,"SVN FUNDO DE INVESTIMENTO FINANCEIRO RENDA FIXA CRÉDITO PRIVADO - RESPONSABILIDADE LIMITADA","SVN",90.5034,115.8521,113.0496,97.0914,95.7352
51853123000106,"SPARTA BWM FUNDO DE INVESTIMENTO FINANCEIRO RENDA FIXA CRÉDITO PRIVADO - RESPONSABILIDADE LIMITADA","Sparta",115.6993,106.3031,114.1571,103.2301,98.5756
51863123000197,"SULA FRANKFURT ESG FIF - CLASSE DE INVESTIMENTO RF CRED PRIV INVEST SUSTENTÁVEL - RESP LIMITADA","Sulamérica",107.6102,109.0951,113.8237,102.4055,100.1101
51863845000141,"BTG MUNIQUE FI FINANCEIRO - CI RF CRED PRIV - RESP LIMITADA","BTG Asset",112.8253,119.5732,132.1038,113.083,103.8803
51885543000174,"GLPG HAMBURGO FUNDO DE INVESTIMENTO FINANCEIRO - CLASSE DE INVESTIMENTO RF CRED PRIV - RESP LIMITADA","Galapagos",91.1602,109.9037,117.7373,109.7768,96.377
51903744000157,"BRAIN CORPORATIVO 30 FUNDO DE INVESTIMENTO FINANCEIRO RENDA FIXA CRÉDITO PRIVADO","Brainvest",101.4248,108.2119,114.2169,101.9627,100.202
51942073000133,"STB CLASSE DE INVESTIMENTO  MULTIMERCADO CRÉDITO PRIVADO RESP LIMITADA","UBS",-8.6965,22.3099,16.9924,30.3336,74.6584
51977823000102,"CATTUS FUNDO DE INVESTIMENTO FINANCEIRO RENDA FIXA","Starboard",-189.7224,-7.7418,-294.5286,-131.2711,-69.333
52115449000107,"ROOT CAPITAL CRÉDITO HG INSTITUCIONAL FIF RENDA FIXA CRÉDITO PRIVADO - RESPONSABILIDADE LIMITADA","Root",95.9644,107.5414,121.9975,99.046,98.5129
52155255000127,"CONDUS FUNDO DE INVESTIMENTO MULTIMERCADO","Sonata",99.5371,99.1321,85.2022,87.5102,90.3156
52163627000167,"ICATU VANGUARDA DINÂMICO INSTITUCIONAL FIF - CI MULTIMERCADO - RESPONSABILIDADE LIMITADA","Icatu",104.6057,103.6972,106.5184,103.8026,101.2843
52164607000100,"ICATU VANGUARDA IPCA DINÂMICO FIF  - CLASSE DE INVESTIMENTO MULTIMERCADO - RESP LIMITADA","Icatu",131.6383,120.0994,79.0176,100.3463,89.2331
52195023000100,"G5 ADRX QUALIFICADO PREV FIF - CLASSE DE INVESTIMENTO MULTIMERCADO CRÉDITO PRIVADO - RESP LIMITADA","G5",96.7398,98.6987,88.2061,91.1058,89.5076
52203642000191,"KINEA VIII FIF RENDA FIXA CRÉDITO PRIVADO RESP LIMITADA","Kinea",103.3439,108.1392,114.8567,99.2183,98.5815
52203762000199,"ROOT ANGELIM FIF MULTIMERCADO CRÉDITO PRIVADO INVESTIMENTO NO EXTERIOR - RESPONSABILIDADE LIMITADA","Root",135.573,137.5698,148.0467,147.0591,149.3394
52204076000132,"KINEA VII FUNDO DE INVESTIMENTO FINANCEIRO RENDA FIXA CRÉDITO PRIVADO RESP LIMITADA","Kinea",110.3551,115.6942,141.5057,118.0722,115.5488
52221407000142,"SPARTA OPPORTUNITY FIF RENDA FIXA CRÉDITO PRIVADO LONGO PRAZO - RESPONSABILIDADE LIMITADA","Sparta",108.3242,103.4483,107.9029,101.3332,98.0153
52225340000114,"CAIXA CVP FIF RENDA FIXA CRÉDITO PRIVADO ASG INVESTIMENTO SUSTENTÁVEL - IS - RESP LIMITADA","CEF Asset",101.3458,103.2153,113.0122,101.0443,98.1516
52237532000140,"OCCAM CRÉDITO CORPORATIVO INSTITUCIONAL 30 FIF RENDA FIXA CRÉDITO PRIVADO -RESPONSABILIDADE LIMITADA","Occam",95.4375,108.7285,117.0083,97.0464,93.4369
52241587000124,"KINEA NEPAL FIF MULT CRED PRIV - RESP LIMITADA","Kinea",-7531.932,105.1544,116.363,-201.4571,-64.1703
52249657000190,"LUMBER PREVIDÊNCIA FUNDO DE INVESTIMENTO MULTIMERCADO CRÉDITO PRIVADO RESPONSABILIDADE LIMITADA","BTG WM",59.5336,75.0592,57.4517,67.0339,90.0831
52268697000180,"BRUMA PREVIDÊNCIA FUNDO DE INVESTIMENTO MULTIMERCADO CRÉDITO PRIVADO RESPONSABILIDADE LIMITADA","BTG WM",-93.4032,49.2684,-21.8781,46.8766,62.6465
52272566000176,"PORTFOLIO III RF INFLAÇÃO INCENTIVADA FUNDO DE INVESTIMENTO EM INFRAESTRUTURA RENDA FIXA","XPG",-53.1319,71.2408,32.7635,67.4191,
52272574000112,"ROOT CAPITAL CRÉDITO HG BRASILPREV FIF RENDA FIXA CRÉDITO PRIVADO - RESPONSABILIDADE LIMITADA","Root",97.4379,110.0091,121.0863,99.0605,98.4772
52273340000190,"CORE CRÉDITO N FIFE FUNDO DE INV FIN RF CRÉDITO PRIV LONGO PRAZO - RESP LIMITADA","Vinland",58.3939,46.8428,146.6434,89.3977,99.8421
52273351000170,"PORTFOLIO RF II PREV FUNDO DE INVESTIMENTO MULTIMERCADO CRÉDITO PRIVADO RESPONSABILIDADE LIMITADA","XPG",-63.9311,-135.6027,-73.9999,9.2497,43.5588
52280783000108,"DRYS SHELTER MASTER FIF RF CRÉD PRIV LP - RESPONSABILIDADE LIMITADA","Drys",103.82,111.8365,118.6507,101.5174,100.0904
52301436000114,"MIRABAUD CONVICTION FIF - CLASSE DE INVESTIMENTO RENDA FIXA CRÉDITO PRIVADO - RESP LIMITADA","Mirabaud",104.9827,106.6213,117.2715,98.5125,98.0089
52319866000163,"BTG PACTUAL HEDGE II FUNDO DE INVESTIMENTO FINANCEIRO RENDA FIXA","BTG Asset",78.8604,109.9325,100.8452,105.9501,97.5667
52324362000131,"ABSOLUTE DELFOS MASTER FUNDO DE INVESTIMENTO FINANCEIRO RENDA FIXA  LONGO PRAZO","Absolute",99.2505,106.8048,125.6629,98.8075,98.9568
52333139000150,"CARBYNE FUNDO DE INVESTIMENTO MULTIMERCADO CRÉDITO PRIVADO RESPONSABILIDADE LIMITADA","BRM",-62.3706,44.4702,139.4967,120.8279,112.3127
52479263000129,"CASH D-30 FUNDO DE INVESTIMENTO FINANCEIRO","EXT",110.6953,114.8918,117.2455,115.5414,110.3427
52580782000189,"SULAMERICA CREDITO ASG BB FIF RF CRED PRIV INVESTIMENTO SUSTENTAVEL - RESPONSABILIDADE LIMITADA","Sulamérica",101.526,105.4575,110.1967,101.3196,99.4465
52771267000186,"BRADESCO FIF - CLASSE DE  INVESTIMENTO MULTIMERCADO CRÉDITO PRIVADO FRIGOR","BRAM",99.1105,104.697,110.0926,106.4412,102.4128
52840769000111,"JGP CRÉDITO PREVIDENCIÁRIO DINÂMICO FUNDO DE INVESTIMENTO MULTIMERCADO CRÉDITO PRIVADO RESP LIMITADA","JGP",113.263,124.0748,148.2404,115.5404,
52954432000135,"LONDRES PREVIDÊNCIA FUNDO DE INVESTIMENTO MULTIMERCADO CRÉDITO PRIVADO - RESPONSABILIDADE LIMITADA","Capri",80.9934,101.5122,109.4172,93.2204,93.3944
52955321000143,"SVN PREV FUNDO DE INVESTIMENTO FINANCEIRO RENDA FIXA CRÉDITO PRIVADO - RESPONSABILIDADE LIMITADA","SVN",78.8072,117.687,114.0524,96.0477,93.4041
52986103000176,"ICATU VANGUARDA ABSOLUTO INFLAÇÃO XP SEG FI RF CRÉDITO PRIVADO PREVIDENCIÁRIO - RESP LIMITADA","Icatu",115.3851,121.3109,74.8268,85.7447,
52986251000190,"ICATU VANGUARDA ABSOLUTO II XP SEG FUNDO DE INVESTIMENTO RENDA FIXA CP PREV - RESP LIMITADA","Icatu",100.2119,108.5931,117.1019,91.6217,94.8775
53074033000142,"ICATU VANGUARDA PLUS XP SEG FUNDO DE INVESTIMENTO EM RENDA FIXA PREVIDENCIÁRIO - RESP LIMITADA","Icatu",83.0172,91.4652,93.9269,95.7093,95.0192
53076690000129,"MIRABAUD ICATU PREV FUNDO DE INVESTIMENTO FINANCEIRO  RENDA FIXA CRÉDITO PRIVADO - RESP LIMITADA","Mirabaud",104.5039,104.6699,114.8494,95.8646,95.039
53076975000160,"STRIX YIELD MASTER FUNDO DE INVESTIMENTO RENDA FIXA","Strix",113.0772,106.2897,110.4865,107.8638,105.7044
53088893000135,"BTG LEGATO CW2 FUNDO DE INVESTIMENTO MULTIMERCADO","BTG Asset",128.8847,108.2594,97.693,113.3234,108.8375
53109614000172,"MARTINA II ICATU PREVIDÊNCIA FUNDO DE INVESTIMENTO FINANCEIRO MULTIMERCADO","BTG WM",27.4902,55.873,60.0044,68.6862,74.967
53212784000188,"BRADESCO FIF RF CRED PRIV BAQUARA ESG IS - RESPONSABILIDADE LIMITADA","BRAM",97.8545,105.2955,106.1852,100.5099,97.8974
53444176000107,"ICATU VANGUARDA DINÂMICO CDI FIFE FIF MULT CPRIV PREV - RESP LIMITADA","Icatu",118.188,119.6705,126.3207,114.1568,111.6414
53450033000108,"SAFRA HIGH YIELD MASTER FIF CLASSE DE INVESTIMENTO RENDA FIXA CRÉDITO PRIVADO RESP LIMITADA","Safra Asset",107.1495,112.9264,122.6197,110.2884,105.2435
53502091000120,"VICADIA PREVIDÊNCIA FUNDO DE INVESTIMENTO MULTIMERCADO","Brainvest",81.5171,99.3638,96.4659,94.6955,94.0154
53636931000147,"SAFRA PREV HIGH YIELD MASTER FIF PREV CLASSE DE INVESTIMENTO RF CRÉDITO PRIVADO PREV RESP LIMITADA","Safra Asset",99.6357,108.4528,116.3333,103.251,99.9722
53692814000109,"ALTERA I PREVIDÊNCIA SELEÇÃO CRÉDITO FUNDO DE INVESTIMENTO MULTIMERCADO","Altera",98.3937,106.8472,99.6717,99.1828,99.8453
53726108000122,"CL VI FUNDO DE INVESTIMENTO MULTIMERCADO","Springs",-978.963,-817.6714,-632.4895,-355.8883,-33.8323
53798986000153,"VINLAND CRÉDITO MASTER INSTITUCIONAL FUNDO DE INVESTIMENTO RENDA FIXA","Vinland",110.8703,110.9373,119.1991,105.8878,103.0558
53802999000159,"DAYCOVAL CLASSIC MASTER FUNDO DE INVESTIMENTO  FINANCEIRO RENDA FIXA CP LP - RESP LIMITADA","Daycoval",106.188,108.3112,112.282,104.8641,102.6118
53819577000196,"AUGME PRO II FUNDO DE INVESTIMENTO FINANCEIRO MULTIMERCADO","Augme",132.6942,101.4261,132.4506,109.241,106.0653
53823295000162,"ITAÚ HIMALAIA PRIVATE MARKETS FUNDO DE INVESTIMENTO EM DIREITOS CREDITÓRIOS RESPONSABILIDADE LIMITAD","IAM",128.1825,96.0227,117.9138,129.639,
53828295000155,"RÉGIA EQUILÍBRIO FIF IS RENDA FIXA CRÉDITO PRIVADO LONGO PRAZO - RESPONSABILIDADE LIMITADA","Regia",106.541,102.8518,103.3088,96.4873,96.4672
53847333000117,"TYTON CRÉDITO PREVIDÊNCIA FUNDO DE INVESTIMENTO MULTIMERCADO","Tyton",99.6848,112.0071,115.9566,109.6313,110.1827
53857092000197,"SEC FUNDO DE INVESTIMENTO FINANCEIRO RENDA  FIXA CRÉDITO PRIVADO","WIT",125.0809,124.893,124.9241,125.6525,124.308
53990350000109,"ICATU VANGUARDA ABSOLUTO PLUS QUALIFICADO XP SEG FIRF CRÉDITO PRIVADO PREVIDENCIÁRIO - RESP LIMITADA","Icatu",98.5015,114.4177,130.0005,97.0342,98.734
53990541000170,"ICATU VANGUARDA DINÂMICO CDI XP SEG FIM CRÉDITO PRIVADO PREVIDENCIÁRIO - RESPONSABILIDADE LIMITADA","Icatu",100.7302,109.7937,125.5226,104.906,100.6806
53991112000118,"SOMMA TRENTO PREV FUNDO DE INVESTIMENTO EM RENDA FIXA CRÉDITO PRIVADO RESPONSABILIDADE LIMITADA","Somma",101.2969,107.0694,107.5063,,
54022134000132,"LEGATO FUNDO DE INVESTIMENTO FINANCEIRO RENDA FIXA","Paramis",99.2074,100.1832,100.7978,99.1629,96.6451
54026114000130,"TRÍADE MASTER FUNDO DE INVESTIMENTO FINANCEIRO MULTIMERCADO","Paramis",108.5163,120.908,125.5055,106.4867,103.9933
54072658000138,"TRIUNFO FUNDO DE INVESTIMENTO FINANCEIRO RENDA FIXA CRÉDITO PRIVADO - RESPONSABILIDADE LIMITADA","Galapagos",144.944,115.6821,116.9678,109.8303,78.8737
54104510000138,"BRAIN CONSERVADOR PREV FUNDO DE INVESTIMENTO MULTIMERCADO CRÉDITO PRIVADO RESPONSABILIDADE LIMITADA","Brainvest",86.5456,99.1012,108.8418,97.6178,96.5325
54217318000158,"G5 ALLOCATION DISTRESSED E LEGAL CLAIMS II FUNDO DE INVESTIMENTO MULTIMERCADO","G5",74.8877,77.7902,116.625,105.8692,84.0042
54227728000180,"ITAÚ SINFONIA ALL FUNDO DE INVESTIMENTO FINANCEIRO MULTIMERCADO CRÉD PRIV - RESP LIMITADA","IAM",110.8307,115.8694,127.5445,99.5676,97.9743
54233243000107,"ATENA VP YIELD D30 FUNDO DE INVESTIMENTO RENDA FIXA","Atena",110.1847,111.7109,115.2573,109.3838,106.0905
54277615000199,"TRÍGONO FUNDO DE INVESTIMENTO RENDA FIXA LONGO PRAZO","Trígono",100.34,84.2431,108.337,90.1816,96.4299
54333831000104,"SULAMÉRICA CRÉDITO FIFE FUNDO DE INVESTIMENTO FINANCEIRO RF CRÉD PRIV - RESPONSABILIDA LIMITADA","Sulamérica",101.5428,105.8828,113.0153,100.6091,98.0654
54347933000189,"UNIÃO INVESTIMENTOS FUNDO DE INVESTIMENTO MULTIMERCADO","BTG WM",91.4779,102.8424,110.8786,103.282,100.4738
54366569000102,"GALÉS FIF - CLASSE DE INVESTIMENTO RENDA FIXA CRÉDITO PRIVADO DI - RESPONSABILIDADE LIMITADA","BRZ",108.2736,124.6157,126.6096,113.1581,109.9681
54367942000131,"SULAMÉRICA FIFE PREV CRÉDITO ESG FIF RENDA FIXA CRÉDITO PRIVADO IS DE RESPÓNSABILIDADE LIMITADA","Sulamérica",104.3841,109.7486,116.4122,104.2866,102.712
54410516000133,"GHT4 CASH FUNDO DE INVESTIMENTO RENDA FIXA - RESPONSABILIDADE LIMITADA","GHT4",100.9026,100.451,102.9224,98.7981,97.1526
54440968000168,"FUNDO DE INVESTIMENTO MULTIMERCADO FRATELLI III LONGO PRAZO - CRÉDITO PRIVADO RESPONSABILIDADE LIMIT","Scalare",-194.3109,-3.5624,-20.4158,45.7478,-154.1139
54441115000140,"FUNDO DE INVESTIMENTO MULT FRATELLI II LONGO PRAZO - CRÉDITO PRIVADO RESPONSABILIDADE LIMITADA","Scalare",-112.6021,23.2743,3.4434,22.6534,-61.3285
54463551000110,"BRISA NOGAT FUNDO DE INVESTIMENTO FINANCEIRO MULTIMERCADO","EQI",105.436,114.4629,114.1212,108.2432,108.2441
54485055000168,"BRAVE IRON FUNDO DE INVESTIMENTO RENDA FIXA","Brave",103.3656,105.8571,107.6567,103.7099,101.7131
54541970000123,"M8 CAPITAL PREVIDÊNCIA FIFE FUNDO DE INVESTIMENTO RENDA FIXA","M8",103.7232,107.6899,110.1306,104.6097,102.6968
54599810000135,"AUDACITAS FIFE PREVIDÊNCIA FI MULTIMERCADO CRÉDITO PRIVADO RESPONSABILIDADE LIMITADA","EQI",105.6449,110.7516,113.0928,105.4929,100.9741
54643280000185,"ITAÚ FLEXPREV SINFONIA DISTRIBUIDORES  FIF MULTIMERCADO CRÉDITO PRIVADO - RESPONSABILIDADE LIMITADA","IAM",102.6156,109.4507,121.5448,96.4276,97.6114
54660721000157,"CORE II CRÉDITO FIF RF CRED PRIV LP - RESP LIMITADA","Vinland",164.9366,170.0512,171.2389,70.0638,81.524
54713571000100,"PORTO VANTAGE FUNDO DE INVESTIMENTO RENDA FIXA PREVIDENCIARIO","Porto Asset",103.4485,107.7378,88.0458,80.1074,86.5965
54776180000127,"AUGME FRG CLASSE DE INVESTIMENTO MULTIMERCADO CRÉDITO PRIVADO - RESP LIMITADA","Augme",-63.5525,65.8736,1.8575,68.2647,73.1271
54875709000160,"RÉGIA CORPORATE II FIF IS RENDA FIXA CRÉDITO PRIVADO LONGO PRAZO - RESPONSABILIDADE LIMITADA","Regia",112.3322,114.6032,119.2999,103.9946,102.0135
54888270000100,"PORTO CRÉDITO ITAÚ PREVIDENCIÁRIO MASTER FUNDO DE INVESTIMENTO FIN RF CRÉD PRIVADO - RESP LIMITADA","Porto Asset",137.4547,116.374,120.9723,102.7397,100.8474
54952299000103,"BTG PACTUAL TOTAL RENDA FIXA ATIVA FUNDO DE INVESTIMENTO RENDA FIXA LONGO PRAZO","BTG Asset",102.7356,109.1233,108.2371,104.763,96.6977
54973853000139,"SPARTA VP FUNDO DE INVESTIMENTO RENDA FIXA","Sparta",110.7662,106.0726,112.5283,102.4551,99.2836
55035529000132,"FRG FIF - CLASSE DE INVESTIMENTO MULTIMERCADO CRÉDITO PRIVADO - RESPONSABILIDADE LIMITADA","BRAM",102.9533,109.1328,114.2237,104.8249,101.526
55064130000180,"COMODORO FUNDO DE INVESTIMENTO MULTIMERCADO","BTG WM",100.1665,102.9875,108.9436,94.1542,94.8823
55087532000108,"KINEA CRÉDITO PRIVADO IX RENDA FIXA FUNDO DE INVESTIMENTO FINANCEIRO RENDA FIXA - RESP LIMITADA","Kinea",98.0104,112.2513,117.983,71.2424,82.5233
55110376000140,"VINCI CREDITO PREV FIF RENDA FIXA CREDITO PRIVADO FIFE - RESPONSABILIDADE LIMITADA","Vinci",101.4262,108.1725,121.3215,103.8758,101.043
55140702000162,"AUGME PRO III FUNDO DE INVESTIMENTO FINANCEIRO MULTIMERCADO","Augme",132.3833,105.3655,132.2838,111.3132,106.185
55161795000101,"COMMANDER PREVIDÊNCIA ICATU CLASSE DE INVESTIMENTO RENDA FIXA CRÉDITO PRIVADO - RESPONSABILIDADE LIM","Global",104.1321,107.7864,116.4803,101.7102,99.3536
55193005000170,"SANTANDER CRESCIMENTO INSTITUCIONAL MASTER RENDA FIXA CRÉDITO PRIVADO FIF RESP LIMITADA","SAM",105.2765,107.334,111.5157,101.5644,97.9241
55196942000189,"GEONIX FUNDO DE INVESTIMENTO MULTIMERCADO CRÉDITO PRIVADO","BTG WM",108.1268,103.6397,103.9842,97.3369,94.9934
55274875000173,"SANTANDER PREV RENDA FIXA REFERENCIADO DI CRÉDITO PRIVADO EQUILIBRIO FIF RESP LIMITADA","SAM",103.0502,103.5082,104.6072,101.9035,99.7915
55315251000157,"ZSYS KREUTZER FUNDO DE INVESTIMENTO MULTIMERCADO","ZSYS",110.5759,162.0412,64.6629,35.7482,34.9173
55402464000116,"XP SINFONIA FUNDO DE INVESTIMENTO FINANCEIRO MULT CRÉDITO PRIVADO RESP LIMITADA","IAM",100.0453,112.5981,124.6317,98.4299,98.9842
55502385000187,"ASA HIGH GRADE D30 CLASSE DE INVESTIMENTO RENDA FIXA CRÉDITO PRIVADO - RESP LIMITADA","ASA",103.0199,106.0163,106.3607,101.331,98.1709
55515189000147,"BTG PACTUAL DÍVIDA INFRA CDI MASTER II FUNDO INCENTIVADO DE INVESTIMENTO EM INFRAESTRUTURA RF","BTG Asset",120.7408,123.6774,112.3848,,
55582812000184,"MIRABEL FUNDO DE INVESTIMENTO RENDA FIXA REFERENCIADO DI RESPONSABILIDADE LIMITADA","Monte Bravo",104.3056,101.7836,102.9294,98.9723,96.5828
55689417000103,"POLÍGONO CHARLIE PREVIDÊNCIA FUNDO DE INVESTIMENTO FINANCEIRO","Polígono",107.3772,111.084,114.2833,109.5443,106.0063
55726312000179,"TIVIO BVP FUNDO DE INVESTIMENTO FINANCEIRO RENDA FIXA CRÉDITO PRIVADO FIFE RESPONSABILIDADE LIMITADA","Tivio",103.0606,104.544,107.9705,100.0709,99.0092
55754091000142,"TENAX RFA PREVIDÊNCIA FIFE FUNDO DE INVESTIMENTO RENDA FIXA","Tenax",106.2491,90.6927,101.0895,91.4064,98.9523
55763285000104,"SULAMÉRICA EXCELLENCE PLUS FIF RENDA FIXA CRÉD PRIV LONGO PRAZO DE RESP LIMITADA","Sulamérica",98.6961,101.2492,103.2152,100.7218,98.3198
55767954000116,"EXPL ROCKDAYS FUNDO DE INVESTIMENTO MULTIMERCADO","Exploritas",-251.6558,70.5618,6.9384,40.6341,32.2613
55839003000105,"BNP PARIBAS FIFE CRÉDITO PREVIDENCIÁRIO FIF RENDA FIXA CRÉDITO PRIVADO RESPONSABILIDADE LIMITADA","BNP",111.679,109.6208,129.5295,100.5661,101.4733
55893460000188,"CSHG FRG FIF - CLASSE DE INVESTIMENTO MULTIMERCADO CRÉDITO PRIVADO - RESP LIMITADA","UBS",-40.668,77.1183,3.9466,68.4056,68.3522
55911526000115,"SPARTA PREVIDÊNCIA BB FIFE FI FINANCEIRO RENDA FIXA CRÉDITO PRIVADO - RESPONSABILIDADE LIMITADA","Sparta",107.6274,102.7146,107.1514,101.0395,97.4336
55928061000105,"RÉGIA EQUILÍBRIO BRASILPREV FUNDO DE INVESTIMENTO FINANCEIRO IS RENDA FIXA CRÉD PRIV - RESP LIMITADA","Regia",103.6853,109.2572,114.3376,99.7214,98.6548
55946775000146,"KADIMA YIELD FI FINANCEIRO RENDA FIXA CRÉDITO PRIVADO LONGO PRAZO RESPONSABILIDADE LIMITADA","Kadima",54.0268,71.9142,100.8374,78.2794,80.0621
55984087000170,"FEROME FUNDO DE INVESTIMENTO FINANCEIRO MULTIMERCADO CRÉDITO PRIVADO","Levante",63.6865,91.6583,73.2779,83.7095,84.4949
55994210000134,"SULAMÉRICA PREV CRÉDITO ESG FIFE ALOCAÇÃO FIF RF CRED PRIV IS RESP LIMITADA","Sulamérica",99.9621,105.4329,111.7055,100.2143,98.5415
56052260000165,"NU ATER FUNDO DE INVESTIMENTO RENDA FIXA REFERENCIADO DI","Nu Asset",102.1321,103.9131,106.2536,102.2759,100.0543
56053893000198,"SANTO AGOSTINHO FUNDO DE INVESTIMENTO MULTIMERCADO","BTG WM",-1.2772,74.363,34.1883,67.5362,76.037
56067582000188,"KINEA PREV EMPRESARIAL FUNDO DE INVESTIMENTO FINANCEIRO RENDA FIXA RESPONSABILIDADE LIMITADA","Kinea",102.6692,103.8767,108.8707,96.3883,98.0949
56108411000150,"ICATU VANGUARDA BRASILPREV ABSOLUTO PLUS FIFE FIF RF CRED PRIV - RESP LIMITADA","Icatu",119.0551,118.3974,126.9167,95.6604,98.1774
56185166000184,"SANTANDER RENDA FIXA CRÉDITO PRIVADO ESG LONGO PRAZO - FIF RESP LIMITADA IS","SAM",104.4305,109.5923,113.9951,99.9771,92.4767
56377520000172,"BP DSA FUNDO DE INVESTIMENTO MULTIMERCADO","BTG WM",101.1975,104.5361,111.9133,105.2517,103.3551
56431727000188,"VINLAND CORE CRÉDITO III N FIFE FUNDO DE INVESTIMENTO FINANCEIRO RENDA FIXA CRÉD PRIV RESP LIMITADA","Vinland",113.8237,111.0681,132.1419,94.1775,99.3291
56545142000199,"MARTE FUNDO DE INVESTIMENTO FINANCEIRO MULTIMERCADO","Brainvest",75.1592,102.7016,92.629,91.1209,92.5053
56608307000124,"GERDAU PREV FIF RENDA FIXA CRÉDITO PRIVADO 6 LONGO PRAZO DE RESPONSABILIDADE LIMITADA","Sulamérica",102.5239,105.7878,108.9143,102.0891,99.3747
56658377000197,"LGCY FUNDO DE INVESTIMENTO FINANCEIRO RENDA FIXA CRÉDITO PRIVADO RESPONSABILIDADE LIMITADA","Legacy",111.1329,111.0822,123.2393,93.9971,99.3652
56926582000196,"SEALS FUNDO DE INVESTIMENTO MULTIMERCADO","Lakewood",48.2171,86.2035,-0.2337,51.2957,61.3017
56953911000198,"JGP VÉRTICE CORPORATE III FI FINANCEIRO RENDA FIXA CRÉDITO PRIVADO - RESPONSABILIDADE LIMITADA","JGP",105.6642,111.7427,119.5571,104.9412,95.9731
56974598000174,"POLO CREDITO CORPORATIVO MASTER FI FINANCEIRO RENDA FIXA CREDITO PRIVADO LONGO PRAZO - RESP LIMITADA","Polo",82.31,128.181,135.1355,100.6208,101.0956
57030535000122,"G5 FEJUCA III FUNDO DE INVESTIMENTO MULTIMERCADO","G5",-410.5859,-215.383,-0.5618,57.4272,48.2878
57035810000109,"SANTANDER PB CX432 RENDA FIXA REFERENCIADO DI CRÉDITO PRIVADO - FIF RESP LIMITADA","San WM",101.3736,101.4053,102.3827,101.1449,98.8992
57070309000175,"POLO CRÉDITO CORPORATIVO INSTITUCIONAL MASTER FIF RF CRÉD PRIVADO LP IS RESP LIMITADA","Polo",89.5457,115.0073,126.856,100.7394,100.8353
57074069000187,"EDUMAR FIF FUNDO INCENTIVADO EM INVESTIMENTO EM DEB DE INFRA RF CRÉD PRIVADO RESP LIMITADA","IAM",103.561,96.2232,,,
57154741000144,"QUANTITAS FUNDO DE INVESTIMENTO FINANCEIRO RENDA FIXA FIJI CRÉDITO PRIVADO LONGO PRAZO RESP LIMITADA","Quantitas",113.9458,102.8769,-326.4863,99.9439,-5.3448
57340633000166,"SULAMÉRICA OAWM CRÉDITO ATIVO FIF RENDA FIXA CRÉDITO PRIVADO LONGO PRAZO RESPONSABILIDADE LIMITADA","Sulamérica",99.8507,100.6134,101.9399,98.3381,96.6895
57375967000175,"XP DISTRIBUIDORES CORPORATE LIGHT PREV FIF RENDA FIXA CRÉDITO PRIVADO - RESPONSABILIDADE LIMITADA","XPG",101.3894,105.0278,108.6653,100.0265,96.7431
57555092000193,"BTG PACTUAL BRASLIGHT EOS FUNDO DE INVESTIMENTO FINANCEIRO","BTG Asset",-837.7533,-136.4304,-293.6023,-118.2528,-47.007
57566789000160,"ITAÚ ACTIVE FIX ESG HORIZONTE IS FIF MULTIMERCADO CRÉDITO PRIVADO RESP LIMITADA","IAM",111.2109,110.9018,111.5504,98.3957,97.7569
57711375000187,"PATRIA PREVIDENCIÁRIO XP SEG FUNDO DE INVESTIMENTO MULTIMERCADO CRÉDITO PRIVADO RESP LIMITADA","Pátria",114.7628,111.2221,115.1617,116.3833,115.9325
57719249000179,"SAFRA PREV VITESSE PLUS MASTER FIF PREV CLASSE DE INVESTIMENTO RF CRÉD PRIV PREV RESP LIMITADA","Safra Asset",96.836,103.8536,111.0823,103.0567,101.2622
57771660000193,"BTG PACTUAL BVP CRÉD CORPORATIVO PREV FIFE FIF RF CRÉD PRIV - RESP LIMITADA","BTG Asset",109.5394,114.527,124.2441,108.2635,100.7558
57809185000105,"AUGME SMART FUNDO DE INVESTIMENTO FINANCEIRO RENDA FIXA","Augme",148.8894,113.2864,121.6162,90.0143,99.2475
57815131000144,"A1 HIGH GRADE POS FIXADO FUNDO DE INVESTIMENTO FINANCEIRO RENDA FIXA CRED PRIV RESP LIMITADA","Asset 1",103.9424,107.1932,110.6347,106.302,104.5862
57884228000109,"PLURAL CRÉDITO CORPORATIVO PREVIDENCIÁRIO FIFE FIF RENDA FIXA CRÉDITO PRIVADO RESP LIMITADA","Plural",98.1748,101.5386,105.6174,98.5052,96.2436
57890176000183,"RUBI 2 FUNDO DE INVESTIMENTO MULTIMERCADO CRÉDITO PRIVADO","Capri",55.6461,95.9391,115.3079,86.5932,-75.707
58013738000173,"ITAÚ FLEXPREV ADVANCED DISTRIBUIDORES FIFE FIF MULT CRÉD PRIV RESP LIMITADA","IAM",107.3594,107.6315,108.9241,102.7296,102.5775
58018929000128,"SULAMÉRICA MASTER CEF CRÉDITO ATIVO FIF RENDA FIXA CRÉDITO PRIVADO LONGO PRAZO DE RESP LIMITADA","Sulamérica",100.8142,105.941,109.5346,101.0829,99.5462
58088687000149,"ICATU VANGUARDA CREDIT PLUS II FIF RENDA FIXA CRÉDITO PRIVADO - RESP LIMITADA","Icatu",125.2824,124.1628,131.4314,94.3351,100.2162
58107448000199,"ICATU VANGUARDA QP4 FUNDO DE INVESTIMENTO FINANCEIRO RENDA FIXA CRÉDITO PRIVADO RESP LIMITADA","Icatu",105.7276,112.5129,119.4464,95.9021,98.8775
58174985000151,"PORTO PREV BVP FIF RENDA FIXA CRÉDITO PRIVADO FIFE RESPONSABILIDADE LIMITADA","Porto Asset",111.289,106.4986,114.5775,100.1248,98.7645
58176513000138,"IV IRB FIF - CLASSE DE INVESTIMENTO RENDA FIXA CRÉDITO PRIVADO - RESP LIMITADA","Icatu",104.5985,109.0869,117.8033,94.9814,98.2765
58219849000130,"ITAÚ FLEXPREV DUAL ADVANCED FUNDO DE INVESTIMENTO FINANCEIRO MULTIMERCADO CRED PRIV RESP LIMITADA","IAM",114.8486,117.9147,115.2287,108.2136,103.6337
58275549000179,"TAGUS PREVIDÊNCIA FUNDO DE INVESTIMENTO FINANCEIRO RENDA FIXA - CRÉD PRIV RESPONSABILIDADE LIMITADA","Tagus",156.8673,110.2648,139.9356,97.4572,64.8418
58327943000103,"ICATU VANGUARDA DINÂMICO CDI FIF CLASSE DE INVESTIMENTO MULTIMERCADO - RESPONSABILIDADE LIMITADA","Icatu",105.3627,106.3487,110.3046,109.0563,102.7294
58354005000100,"CADENZA PREVIDÊNCIA FUNDO DE INVESTIMENTO FINANCEIRO MULTIMERCADO","Paramis",108.4717,119.3248,122.9888,107.5623,104.4626
58354857000190,"TRÍADE PREV PREVIDÊNCIA FUNDO DE INVESTIMENTO FINANCEIRO MULTIMERCADO","Paramis",109.1476,116.7717,121.3763,106.6528,103.2628
58396943000165,"JGP BLAZER FUNDO DE INVESTIMENTO FINANCEIRO MULTIMERCADO CRÉDITO PRIVADO - RESPONSABILIDADE LIMITADA","JGP",147.5459,106.3961,127.6469,111.3164,100.0473
58444240000165,"FR CLASSE DE INVESTIMENTO MULTIMERCADO CRÉDITO PRIVADO - RESP LIMITADA","Oriz",76.5454,98.4376,115.4802,110.3101,104.5018
58459343000107,"ULTRA FUNDO DE INVESTIMENTO EM RENDA FIXA CRÉDITO PRIVADO","XPG",108.4627,104.0446,102.3007,102.103,99.6973
58460574000122,"POLO CRÉDITO PREVIDÊNCIA FUNDO DE INVESTIMENTO FINANCEIRO RENDA FIXA FIFE","Polo",101.3785,118.2553,129.014,99.4003,102.1922
58481477000116,"M8 YIELD FUNDO DE INVESTIMENTO RENDA FIXA REFERENCIADO","M8",101.1485,108.9343,111.6361,102.7838,100.6437
58490605000198,"JTFC FUNDO DE INVESTIMENTO FINANCEIRO RENDA FIXA CRÉDITO PRIVADO RESPONSABILIDADE LIMITADA","Inter",100.3114,104.1324,-332.9731,-122.5415,-149.1257
58561162000189,"ATENA II PREVIDÊNCIA FUNDO DE INVESTIMENTO FINANCEIRO RENDA FIXA","Atena",108.8094,110.1856,110.5294,108.4823,107.0901
58689667000123,"SAFRA AGILITÉ MASTER FIF CLASSE DE  INVESTIMENTO RENDA FIXA CRÉDITO PRIVADO RESP LIMITADA","Safra Asset",99.3455,103.4984,105.9068,103.2754,
58729502000138,"XP STRATEGY FUNDO DE INVESTIMENTO FINANCEIRO MULTIMERCADO CRÉDITO PRIVADO RESPONSABILIDADE LIMITADA","XPG",146.6226,1.808,55.9576,73.9963,104.0655
58733754000130,"KINEA HIMALAIA PREV FUNDO DE INVESTIMENTO FINANCEIRO RENDA FIXA CRÉDITO PRIVADO RESP LIMITADA","Kinea",102.0807,103.0428,111.0616,98.4929,96.997
58735449000188,"SAFRA GRAND VITESSE MASTER FIF CLASSE DE INVESTIMENTO RENDA FIXA CRÉDITO PRIVADO RESP LIMITADA","Safra Asset",108.995,108.7451,113.6614,104.5378,102.4323
58804815000103,"PANAMBY RENDA FIXA HIGH GRADE D31 FUNDO DE INVESTIMENTO FINANCEIRO RENDA  FIXA","PNBY",124.2707,123.3109,136.2113,97.0915,73.8334
58942869000135,"GIANT CRÉDITO HIGH GRADE FUNDO DE INVESTIMENTO EM RENDA FIXA CRÉDITO PRIVADO LONGO PRAZO","DAO",102.1317,106.0976,115.7249,100.8167,99.2009
58976417000174,"SPX CRÉDITO PRIVADO PREV FUNDO DE INVESTIMENTO FINANCEIRO RENDA FIXA RESPONSABILIDADE LIMITADA","SPX",109.8458,114.723,125.0853,92.0585,87.7285
59039877000139,"ICATU CADENZA PREV FIFE FIF MULT CRÉDITO PRIVADO - RESP LIMITADA","Paramis",100.5565,113.8978,118.1488,104.4841,
59055352000197,"AUGME VP FUNDO DE INVESTIMENTO FINANCEIRO RENDA FIXA","Augme",126.4123,107.7409,118.9299,96.8174,98.206
59091384000148,"ICATU TRÍADE PREV FIFE FIF CLASSE DE INVESTIMENTO MULTIMERCADO CRED PRIV - RESP LIMITADA","Paramis",100.7894,111.5371,114.4292,104.5265,
59262432000113,"YLE 2 FUNDO DE INVESTIMENTO MULTIMERCADO CRÉDITO PRIVADO","Capri",68.019,97.7676,117.8838,92.7158,94.3389
59309776000130,"BOCOM BBM IRB FIF RF CRED PRIV - RESP LIMITADA","BBM Asset",100.3415,104.778,109.1074,102.0165,98.9021
59357502000117,"JW1 JGP CRÉDITO FUNDO DE INVEST FINANCEIRO MULTIMERCADO CRÉDITO PRIVADO - RESPONSABILIDADE LIMITADA","JGP",112.7969,91.3711,94.9135,87.3551,91.9387
59410619000117,"PANAMBY HIGH GRADE D9 FIFE ICATU PREVIDÊNCIA FIF RF CRÉDITO PRIVADO - RESP LIMITADA","PNBY",100.2093,113.5456,126.3014,102.1824,86.6322
59574097000199,"CATETINHO FUNDO DE INVESTIMENTO FINANCEIRO RENDA FIXA CRÉDITO PRIVADO - RESPONSABILIDADE LIMITADA","Funcef",96.3202,101.1877,125.0626,111.1497,102.2231
59755018000146,"REACH FUNDO DE INVESTIMENTO FINANCEIRO RENDA FIXA","Reach",98.3683,103.1726,116.1285,101.6849,100.2504
59884498000145,"SAFRA HIGH YIELD MASTER II FIF CLASSE DE INVESTIMENTO RENDA FIXA CRÉDITO PRIVADO RESP LIMITADA","Safra Asset",107.5226,112.2698,120.7584,108.2709,101.6267
59889169000197,"TIVIO HGD30 FIF CLASSE DE INVESTIMENTO RF CRED PRIV FIFE - RESP LIMITADA","Tivio",102.0498,108.3694,114.5921,101.1946,100.1141
59907848000141,"BANRISUL +100 FUNDO DE INVESTIMENTO FINANCEIRO RENDA FIXA LONGO PRAZO RESPONSABILIDADE LIMITADA","Banrisul",99.8708,103.0307,106.6355,99.3017,98.6511
59963244000112,"MCFAMILY FIF FUNDO INCENTIVADO EM INVESTIMENTO EM DEBÊNTURES DE INFRA RF CRED PRIV RESP LIMITADA","IAM",106.9185,105.6538,109.5329,,
59997256000168,"GUARDIAN GESTORA PREVIDÊNCIA FIFE FUNDO DE INVESTIMENTO FINANCEIRO RENDA FIXA","Guardian",108.589,109.9679,113.584,115.4838,111.2588
60008150000173,"KINEA ALPES 2 PREV FUNDO DE INVESTIMENTO FINANCEIRO RENDA FIXA CRÉDITO PRIVADO RESP LIMITADA","Kinea",99.344,107.6259,114.2049,94.1763,94.1205
60185164000162,"SAFRA BRF PREV FUNDO DE INVESTIMENTO FINANCEIRO RENDA FIXA CRÉDITO PRIVADO RESPONSABILIDADE LIMITADA","Safra Asset",-70.2801,84.3855,87.1359,95.4408,91.8143
60260680000104,"RIO BRAVO CRED PRIV ESSENCIAL QUALIFICADO FIF - CLASSE DE INVESTIMENTO RF - RESP LIMITADA","Rio Bravo",87.0372,110.6025,116.7019,107.24,104.4989
60291736000198,"BTG LEGATO ST FUNDO DE INVESTIMENTO MULTIMERCADO","BTG Asset",113.35,93.1066,107.5904,111.5906,110.907
60312851000100,"A1 HIGH GRADE PÓS FIXADO PREVIDENCIA FIF RENDA FIXA CRÉDITO PRIVADO LP RESP LIMITADA","Asset 1",105.5595,108.8993,113.3157,112.9239,
60442677000101,"KIALT FUNDO DE INVESTIMENTO FINANCEIRO MULTIMERCADO","BTG WM",96.7515,101.3557,118.59,101.1714,98.1802
60490407000176,"ALFA FUNDO DE INVESTIMENTO FINANCEIRO MULTIMERCADO","Brainvest",107.9029,105.9177,75.8722,78.397,84.4898
60490963000142,"DIAMÃ FUNDO DE INVESTIMENTO FINANCEIRO MULTIMERCADO","Brainvest",83.051,96.1574,100.1088,91.2903,90.7118
60512384000153,"ICATU VANGUARDA ABSOLUTO LC FIF CLASSE DE INVESTIMENTO RF CRED PRIV PREVIDENCIÁRIO - RESP LIMITADA","Icatu",106.3813,108.0706,116.3691,96.2665,101.3143
60696041000196,"AUGME PREV HY FIFE CLASSE DE INVESTIMENTO MULTIMERCADO CRÉDITO PRIVADO - RESP LIMITADA","Augme",112.7396,98.1197,122.6223,112.0511,111.168
60709408000169,"BOCOM BBM VP FUNDO DE INVESTIMENTO FINANCEIRO RENDA FIXA","BBM Asset",100.2483,103.8453,108.5246,103.2402,100.7851
60715404000193,"SUSA FUNDO DE INVESTIMENTO FINANCEIRO MULTIMERCADO","BTG WM",104.2185,106.9919,112.331,105.8486,
60808027000137,"ARX VINSON T MASTER FIF RENDA FIXA CRÉDITO PRIVADO - RESPONSABILIDADE LIMITADA","ARX",78.3666,91.6975,109.5885,92.8234,93.4224
60818669000117,"ICATU VANGUARDA CREDIT PLUS VP FUNDO DE INVESTIMENTO FINANCEIRO RENDA FIXA","Icatu",108.4827,116.2133,130.6424,91.0959,96.8227
60906569000142,"NOVUS CRÉDITO PREVIDÊNCIA FUNDO DE INVESTIMENTO FINANCEIRO MULTIMERCADO","Novus",107.766,112.1596,119.4939,104.5163,
60937559000174,"MAUD CAPITAL FUNDO DE INVESTIMENTO FINANCEIRO RENDA FIXA","Maud",98.272,100.812,113.2291,103.3792,99.9264
61136998000140,"KINEA PREV MONT BLANC FUNDO DE INVESTIMENTO FINANCEIRO RENDA FIXA CRÉDITO PRIVADO RESP LIMITADA","Kinea",102.3812,112.4893,121.3335,95.5198,90.4465
61272108000128,"DRYS SHELTER TOP 30 MASTER FIF RENDA FIXA CRÉDITO PRIVADO LONGO PRAZO - RESPONSABILIDADE LIMITADA","Drys",112.213,119.7451,133.0628,105.7269,103.9506
61290059000156,"XP CORPORATE LIGHT MASTER FIF RENDA FIXA CRÉDITO PRIVADO LONGO PRAZO IS - RESPONSABILIDADE LIMITADA","XPG",105.4824,111.7062,112.7652,103.8478,93.1073
61327132000117,"BRADESCO MÁSTER ULTRA II FIF - CLASSE DE INVESTIMENTO MULTIMERCADO CRED PRIV - RESP LIMITADA","BRAM",102.5918,110.4969,117.3737,106.3713,102.907
61351211000163,"MMROS FIF FI INCENTIVADO EM DEBÊNTURES DE INFRAESTRUTURA RENDA FIXA CRÉDITO PRIVADO RESP LIMITADA","IAM",107.1542,105.5814,110.061,,
61472550000106,"SPECIALE MULTI CREDIT PREV FUNDO DE INVESTIMENTO FINANCEIRO MULTIMERCADO CRED PRIV RESP LIMITADA","Portofino",101.6459,101.9586,106.8227,96.3681,
61520265000105,"G5 GRANDE PRAIRIE FUNDO DE INVESTIMENTO FINANCEIRO - CLASSE DE RENDA FIXA INFRA - RESP LIMITADA","G5",-2.4803,65.1143,23.0563,41.8099,
61572789000140,"VERDE AM HIGH YIELD II MASTER FIF MULTIMERCADO CRÉDITO PRIVADO RESP LIMITADA","Verde",192.5448,263.0926,107.586,64.0881,64.9705
61660997000109,"ABSOLUTE ATENAS PREVIDÊNCIA C1 FUNDO DE INVESTIMENTO FINANCEIRO RENDA FIXA","Absolute",101.3351,105.8658,122.6312,93.9779,95.3421
61690888000126,"LAVALLA 200 CLASSE DE INVESTIMENTO RENDA FIXA CRÉDITO PRIVADO - RESP LIMITADA","UBS",91.6292,98.9476,99.7306,99.2656,92.1087
61725196000176,"CAPITÂNIA PREVIDENCE XP SEG FI FINANCEIRO RENDA FIXA CRÉDITO PRIVADO - RESPONSABILIDADE LIMITADA","Capitânia",89.9342,89.6803,130.8967,119.3211,110.9848
61817868000173,"UBS EVOLUTION MAKTUB FUNDO DE INVESTIMENTO EM INFRAESTRUTURA RENDA FIXA CRED PRIV RESP LIMITADA","UBS",122.4267,115.5288,132.4438,112.9513,
61972672000153,"MMTH FUNDO DE INVESTIMENTO FINANCEIRO RENDA FIXA","BTG Asset",104.5479,104.0526,104.3104,103.7384,100.7517
62021805000179,"WISE CASH PREVIDÊNCIA FUNDO DE INVESTIMENTO FINANCEIRO MULTIMERCADO","Wise",101.3573,102.3506,105.366,97.9909,
62144203000109,"TRN CASH FUNDO DE INVESTIMENTO EM RENDA FIXA CRÉDITO PRIVADO LONGO PRAZO RESPONSABILIDADE LIMITADA","Troon",96.8595,104.7465,104.0965,103.4585,
62155864000130,"PORTO GUANABARA FUNDO DE INVESTIMENTO FINANCEIRO RENDA FIXA RESPONSABILIDADE LIMITADA","Porto Asset",109.2623,107.1801,,,
62203847000120,"SULAMÉRICA CRÉDITO ESG MASTER FIF RENDA FIXA CRÉDITO PRIVADO LONGO PRAZO IS DE RESP LIMITADA","Sulamérica",105.3237,108.5292,117.935,105.4995,
62232489000184,"TIVIO INSTITUCIONAL MASTER FIF - CI RF CRÉDITO PRIVADO LONGO PRAZO - RESPONSABILIDADE LIMITADA","Tivio",105.9522,118.3661,124.3143,106.8951,
62240763000167,"ONDA FIF FUNDO INCENTIVADO EM INVESTIMENTO EM DEBÊNTURES DE INFRA RENDA FIXA CRED PRIV RESP LIMITADA","IAM",121.0386,111.6425,101.2749,101.9475,
62300839000100,"BRASILPREV RIZA LOTUS PREVIDÊNCIA FUNDO DE INVESTIMENTO FINANCEIRO RENDA FIXA","Riza",111.6991,116.6651,112.6814,107.3965,
62317574000145,"GREEN 4 2026 FIF FUNDO INCENTIVADO EM INVESTIMENTO EM DEB DE INFRA RF CRÉD PRIV RESP LIMITADA","IAM",-42.3086,69.4723,2.1708,,
62333997000159,"TIVIO ALT LIGHT XP SEG MASTER PREV FUNDO DE INVESTIMENTO MULTIMERCADO CRÉDITO PRIVADO RESP LIMITADA","Tivio",105.0994,109.7941,116.4853,109.5315,
62363801000179,"FAN FIF FI INCENTIVADO EM DEBÊNTURES DE INFRA RENDA FIXA CRÉDITO PRIVADO RESP LIMITADA","IAM",98.5109,102.0491,106.6268,,
62392905000101,"ZSYS HELLIER FUNDO DE INVESTIMENTO RENDA FIXA REFERENCIADO DI CRÉDITO PRIVADO","ZSYS",87.5746,103.7559,108.833,95.1159,
62603317000170,"A1 II FUNDO DE INVESTIMENTO FINANCEIRO RENDA FIXA CRÉDITO PRIVADO LONGO PRAZO RESP LIMITADA","Asset 1",118.3835,119.3746,126.9962,119.3989,
62670474000106,"ROOT CAPITAL HG PREVIDENCIÁRIO PLUS XP FI FINANCEIRO MULTIMERCADO CRÉD PRIV - RESP LIMITADA","Root",105.3549,114.2682,125.8678,111.3789,
62736500000143,"DW I CRÉDITOS FUNDO DE INVESTIMENTO FINANCEIRO MULTIMERCADO","BTG Asset",132.8743,131.929,134.5902,135.3851,
62772990000133,"ATENA CRÉDITO ESTRUTURADO FUNDO DE INVESTIMENTO FINANCEIRO RENDA FIXA","BTG Asset",22.5806,49.2293,89.8209,100.1076,
62870208000119,"UNIMED COOP FUNDO DE INVESTIMENTO FINANCEIRO RENDA FIXA CRÉDITO PRIVADO RESPONSABILIDADE LIMITADA","BTG Asset",97.1511,102.9123,105.8891,,
62910859000195,"PRINCE FUNDO DE INVESTIMENTO FINANCEIRO MULTIMERCADO","BTG WM",98.936,103.1385,110.4027,98.8549,
62939100000135,"FCOPEL FUNDO DE INVESTIMENTO FINANCEIRO RENDA FIXA CRÉDITO PRIVADO IV - RESPONSABILIDADE LIMITADA","BRZ",132.2922,132.4593,97.0988,117.9336,
62970324000100,"PATRI 2 FIF FI INCENTIVADO EM DEBÊNTURES DE INFRAESTRUTURA RENDA FIXA CRÉDITO PRIVADO RESP LIMITADA","IAM",9.5859,76.6996,,,
63073919000125,"BRADESCO DANA FIF - CLASSE DE INVESTIMENTO MULTIMERCADO CRÉDITO PRIVADO - RESPONSABILIDADE LIMITADA","BRAM",105.9535,113.1573,120.4296,104.4162,
63105295000180,"UBS EVOLUTION MINERVA INFRA FUNDO DE INVESTIMENTO EM INFRAESTRUTURA RF CREDITO PRIVADO RESP LIMITADA","UBS",114.7403,105.2839,116.3421,99.4482,
63105532000103,"UBS EVOLUTION ESMERALDA INFRA FUNDO DE INVESTIMENTO EM INFRAESTRUTURA - RF CRED PRIV RESP LIMITADA","UBS",3.7383,87.5205,13.4006,58.1969,
63110995000163,"UBS EVOLUTION CATOLÉ FUNDO DE INVESTIMENTO EM INFRAESTRUTURA - RENDA FIXA CRED PRIV RESP LIMITADA","UBS",33.6617,101.0754,60.8361,81.8223,
63112599000175,"PORTO PITANGUEIRA IS FUNDO DE INVESTIMENTO FINANCEIRO RENDA FIXA CRÉDITO PRIVADO RESP LIMITADA","Porto Asset",116.6425,111.1325,111.096,103.7584,
63125524000129,"ARES CRÉDITO ESTRUTURADO FUNDO DE INVESTIMENTO FINANCEIRO RENDA FIXA","BTG Asset",108.7001,109.0128,110.1289,110.3946,
63174249000133,"LA REINA KINEA FIF FI INCENTIVADO EM DEBÊNTURES DE INFRA RENDA FIXA CRÉDITO PRIVADO RESP LIMITADA","Kinea",-0.9034,100.7155,13.3971,59.5836,
63278825000192,"GRIF LIQUIDEZ FUNDO DE INVESTIMENTO FINANCEIRO RENDA FIXA","Grif",101.4082,102.6598,102.8887,101.8673,
63285329000166,"DRYS SHELTER PREV XP FUNDO DE INVESTIMENTO FINANCEIRO RENDA FIXA CRÉDITO PRIVADO - RESP LIMITADA","Drys",99.4927,108.1703,113.9517,97.206,
63405106000195,"ASA NORTE FUNDO DE INVESTIMENTO FINANCEIRO RENDA FIXA CRÉDITO PRIVADO - RESPONSABILIDADE LIMITADA","AZ Quest",109.7168,123.5201,90.7721,93.1765,
63406337000113,"VALORA ITAU PREVIDENCIA FIFE FIF RF CRED PRIV LONGO PRAZO RESP LIMITADA","Valora",101.2638,111.3074,121.5392,121.7857,
63442435000106,"AZ QUEST B PREVIDÊNCIA ALTRO MASTER FIFE FIF - CI MULTIMERCADO CRED PRIV -  RESP LIMITADA","AZ Quest",117.202,116.7691,116.1657,93.3261,
63445061000182,"JARDIM BOTÂNICO FUNDO DE INVESTIMENTO FINANCEIRO RENDA FIXA CRÉDITO PRIVADO - RESP LIMITADA","JGP",88.4546,101.728,106.7685,104.9651,
63460253000168,"BRADESCO VITTA MÁSTER FIF - CLASSE DE INVESTIMENTO RENDA FIXA - CRED PRIV - RESP LIMITADA","BRAM",102.3351,109.461,113.4461,106.2588,
63530215000134,"UBS EVOLUTION ESTRUTURA FUND II INFRA FI EM INFRAESTRUTURA RENDA FIXA CREDITO PRIVADO RESP LIMITADA","UBS",104.3571,102.8319,104.4496,,
63532720000118,"UBS EVOLUTION SIENA INFRA FUNDO DE INVESTIMENTO EM INFRAESTRUTURA RENDA FIXA CRED PRIV RESP LIMITADA","UBS",97.1585,98.0862,100.0834,91.9658,
63533177000173,"UBS EVOLUTION STARLINK FUNDO DE INVESTIMENTO EM INFRAESTRUTURA - RENDA FIXA CRED PRIV RESP LIMITADA","UBS",23.0645,92.6895,15.1383,,
63534145000192,"UBS EVOLUTION ROKA FUJI FUNDO DE INVESTIMENTO EM INFRAESTRUTURA - RENDA FIXA CRED PRIV RESP LIMITADA","UBS",98.9737,101.808,106.5367,,
63556163000175,"A1 HIGH GRADE PREV FIF RENDA FIXA CRÉDITO PRIVADO RESPONSABILIDADE LIMITADA","Asset 1",115.9757,115.5349,120.8266,118.0922,
63608767000118,"ABSOLUTE DFP FIFE FUNDO DE INVESTIMENTO FINANCEIRO RENDA FIXA CRÉDITO PRIVADO RESP LIMITADA","Absolute",102.384,106.8793,124.2553,99.0968,
63727006000185,"ABSOLUTE HIDRA PRÉ 2 ANOS A MASTER FI DE INVESTIMENTO FINANCEIRO EM INFRAESTRUTURA RENDA FIXA","Absolute",113.3025,80.2024,74.8842,,
63806809000125,"HERITAGE RUBY MASTER II FUNDO DE INVESTIMENTO RENDA FIXA INFRA CRÉDITO PRIVADO - RESP LIMT","Heritage",66.783,89.6041,120.7871,99.9856,
63829969000190,"BTG PACTUAL YIELD 24 HORAS FUNDO DE INVESTIMENTO FINANCEIRO RENDA FIXA","BTG Asset",100.5024,102.3579,103.7318,102.9848,
63859087000177,"ABSOLUTE HIDRA CA MASTER FUNDO INCENTIVADO DE INVESTIMENTO FINANCEIRO EM INFRAESTRUTURA RENDA FIXA","Absolute",78.6156,87.6124,106.8521,94.9039,
63882570000172,"PIRACAIA CDI KINEA FIF FUNDO INCENTIVADO EM INVESTIMENTO EM DEB DE INFRA RF CRED PRIV RESP LIMITADA","Kinea",339.0871,170.2415,132.2892,109.6077,
63900490000100,"CAMPANIA KINEA FIF - FUNDO INCENTIVADO EM INVESTIMENTO EM DEB DE INFRA RF CRED PRIV - RESP LIMITADA","Kinea",-7.0378,96.9106,14.1116,62.0922,
63900709000163,"LIMA EVALDT KINEA FIF FI INCENTIVADO EM DEBÊNTURES DE INFRA RF CRED PRIV RESP LIMITADA","Kinea",-13.051,94.5929,22.6091,67.0345,
63901833000143,"SAIUALA KINEA FIF - FUNDO INCENTIVADO EM INVESTIMENTO EM DEB DE INFRA RF CRED PRIV - RESP LIMITADA","Kinea",6.0782,99.3131,10.3673,57.6333,
63953556000112,"POLO FI FINANCEIRO RENDA FIXA INVESTIMENTO EM INFRAESTRUTURA - RESPONSABILIDADE LIMITADA","Polo",93.1297,101.8279,108.2931,,
64008119000193,"SANTANDER DC RENDA FIXA CRÉDITO PRIVADO - FIF RESP LIMITADA","SAM",117.6406,118.1159,117.5526,117.4079,
64025077000107,"ICATU VANGUARDA IPORANGA PG FIF - CLASSE DE INVESTIMENTO MULTIMERCADO CRED PRIV - RESP LIMITADA","Icatu",112.6157,112.8353,132.8332,114.0784,
64138938000155,"CNTA FUNDO DE INVESTIMENTO FINANCEIRO RENDA FIXA INVESTIMENTO EM INFRAESTRUTURA","XPG",84.3847,99.7939,97.0623,93.7858,
64142774000130,"HNRQ CLASSE DE INVESTIMENTO RENDA FIXA INCENTIVADA EM INFRAESTRUTURA - RESPONSABILIDADE LIMITADA","ASA",-90.3896,74.8903,67.061,79.3577,
64310078000195,"ITAÚ DEB INCENTIVADAS PÓS FIXADO SF FIIF EM INFRA RF CRED PRIV RESP LIMITADA","IAM",118.2746,113.4066,109.7293,103.332,
64366238000118,"PREVCUMMINS FUNDO DE INVESTIMENTO FINANCEIRO RENDA FIXA - RESPONSABILIDADE LIMITADA","BTG Asset",96.3565,101.0828,102.8753,91.5513,
64429184000192,"DRIVE CDI D5 FUNDO INCENTIVADO DE INVESTIMENTO FINANCEIRO EM INFRAESTRUTURA RENDA FIXA","PNBY",108.2906,93.6856,98.8577,99.0106,
64436974000103,"BB MASTER III RENDA FIXA DEBÊNTURES INCENTIVADAS FIF INVESTIMENTO EM INFRAESTRUTURA RESP LIMITADA","BB Asset",95.4193,-349.7076,82.6552,,
64440839000123,"BB TOP RENDA FIXA DEBÊNTURES INCENTIVADAS CDI V FIF EM INFRAESTRUTURA  RESPONSABILIDADE LIMITADA","BB Asset",114.04,113.4987,,,
64487678000123,"AZ QUEST STRUTTURATO OPPORTUNA PREVIDENCIÁRIO FIF MULTIMERCADO CRÉDITO PRIVADO RL","AZ Quest",129.9172,128.7182,138.0406,,
64593756000174,"RB VITÓRIA 2 FUNDO INCENTIVADO DE INVEST FINANCEIRO RENDA FIXA INVESTIMENTO EM INFRA - RESP LIMITADA","RB Asset",49.5313,117.4105,144.3735,,
64626717000126,"IBIUNA RF ATIVO INFRA FIF - CI RENDA FIXA INCENTIVADO DE  INVESTIMENTO EM INFRA - RESP LIMITADA","Ibuina",121.7148,118.8247,116.9122,,
64717139000133,"ICATU VANGUARDA BP DINÂMICO CDI PREVIDÊNCIA FUNDO DE INVESTIMENTO FINANCEIRO MULTIMERCADO","Icatu",112.4849,111.4935,119.2687,,
64820042000151,"G5 PITAGORAS II FUNDO DE INVESTIMENTO FINANCEIRO MULTIMERCADO","G5",0.1958,72.8657,60.5053,,
64985472000123,"SANTANDER PB ALOCAÇÃO CORPORATIVOS RENDA FIXA CRÉDITO PRIVADO - FIF","San WM",100.3456,108.1456,110.0677,,
65028745000104,"XP DSA FUNDO DE INVESTIMENTO FINANCEIRO RENDA FIXA CRÉDITO PRIVADO - RESPONSABILIDADE LIMITADA","XPG",109.8817,110.5837,120.0643,,
65131307000177,"VALORA OPPORTUNA PREVIDENCIÁRIO FI FINANCEIRO MULTIMERCADO CRÉDITO PRIVADO - RESPONSABILIDADE LIMITA","Valora",83.9372,115.3387,128.0745,,
65448597000187,"TYTON CRÉDITO PREVIDÊNCIA IQ PREVIDÊNCIA FUNDO DE INVESTIMENTO MULTIMERCADO","Tyton",105.7129,116.4979,,,
65838693000131,"HERITAGE RUBY MASTER OFFSHORE FIF RF INVESTIMENTO EM INFRA CRÉDITO  PRIVADO RESP LIMITADA","Heritage",113.4016,115.3361,,,
65927318000168,"CAPITÂNIA CARTEIRA CRI II FUNDO DE INVESTIMENTO FINANCEIRO RENDA FIXA CRÉDITO PRIVADO RESP LIMITADA","Capitânia",102.6338,166.3513,,,
65927708000138,"CAPITÂNIA MULTI RECEBÍVEIS II FIF RENDA FIXA CRÉDITO PRIVADO RESP LIMITADA","Capitânia",73.7811,116.0916,,,
66148281000132,"SANTANDER PB MONTE BARBADO RENDA FIXA CRÉDITO PRIVADO - FIF RESP LIMITADA","San WM",97.4884,100.1624,,,
66275639000198,"BRAM WAREHOUSE 2 FIF - CLASSE DE INVESTIMENTO RENDA FIXA CRÉDITO PRIVADO - RESPONSABILIDADE LIMITADA","BRAM",111.4576,100.4338,,,
66572852000161,"VINLAND OPPORTUNA FUNDO DE INVESTIMENTO FINANCEIRO RENDA FIXA CRÉDITO PRIVADO LP RESP LIMITADA","Vinland",128.9432,153.6079,,,
66608223000144,"TRN FLOATING HIGH GRADE FIF - CLASSE DE INVESTIMENTO RF CRÉDITO PRIVADO - RESPONSABILIDADE LIMITADA","Troon",100.4679,108.3551,,,
67280664000122,"ITAÚ FUNDO INCENTIVADO DE INVESTIMENTO FINANCEIRO EM INFRAEST IFRI CDI II RF CRED PRIV RESP LIMITADA","IAM",97.9185,102.8714,,,
67288854000196,"BOA VISTA FIF - CLASSE DE INVESTIMENTO RENDA FIXA INCENTIVADO DE INVESTIMENTO EM INFRAESTRUTURA","Oriz",93.3203,104.5883,,,
