CNPJ_FUNDO_CLASSE,Lista,Forma_Condominio,Tipo_Classe,Situacao,Data_Registro,Data_Inicio,Patrimonio_Liquido
23781888000142,Trad,Fechado,Classes de Cotas de Fundos FIF,Em Funcionamento Normal,2025-05-15,2025-05-15,70301762.12
27974854000125,Trad,Aberto,Classes de Cotas de Fundos FIF,Em Funcionamento Normal,2025-03-18,2025-03-18,24054476.77
28581607000121,Trad,Aberto,Classes de Cotas de Fundos FIF,Em Funcionamento Normal,2025-06-25,2025-06-25,401364186.9
57815131000144,Trad,Aberto,Classes de Cotas de Fundos FIF,Em Funcionamento Normal,2024-10-23,2024-10-23,1308531301.55
60312851000100,Trad,Aberto,Classes de Cotas de Fundos FIF,Em Funcionamento Normal,2025-04-08,2025-04-08,1138414816.26
63556163000175,Trad,Aberto,Classes de Cotas de Fundos FIF,Em Funcionamento Normal,2025-11-06,2025-11-06,51141559.49
62603317000170,Trad,Aberto,Classes de Cotas de Fundos FIF,Em Funcionamento Normal,2025-09-08,2025-09-08,70888609.2
47628822000185,Trad,Aberto,Classes de Cotas de Fundos FIF,Em Funcionamento Normal,2025-04-02,2025-04-02,3698803335.73
49559434000115,Trad,Aberto,Classes de Cotas de Fundos FIF,Em Funcionamento Normal,2025-06-06,2025-06-06,2820699199.68
61660997000109,Trad,Aberto,Classes de Cotas de Fundos FIF,Em Funcionamento Normal,2025-07-09,2025-07-09,4432747967.8
47612777000170,Trad,Aberto,Classes de Cotas de Fundos FIF,Em Funcionamento Normal,2025-06-06,2025-06-06,1593018220.7
47628918000143,Trad,Aberto,Classes de Cotas de Fundos FIF,Em Funcionamento Normal,2024-11-08,2024-11-08,3039015244.81
52324362000131,Trad,Aberto,Classes de Cotas de Fundos FIF,Em Funcionamento Normal,2025-01-10,2025-01-10,227305551.47
49558667000101,Trad,Aberto,Classes de Cotas de Fundos FIF,Em Funcionamento Normal,2025-04-09,2025-04-09,978470965.2
63608767000118,Trad,Aberto,Classes de Cotas de Fundos FIF,Em Funcionamento Normal,2025-11-11,2025-11-10,762970956.79
63859087000177,Trad,Aberto,Classes de Cotas de Fundos FIF,Em Funcionamento Normal,2025-11-28,2025-11-26,52493753.73
63727006000185,Trad,Aberto,Classes de Cotas de Fundos FIF,Em Funcionamento Normal,2025-11-18,2025-11-06,18809034.09
48986296000198,Trad,Aberto,Classes de Cotas de Fundos FIF,Em Funcionamento Normal,2025-04-23,2025-04-23,231085516.85
43636102000100,Trad,Aberto,Classes de Cotas de Fundos FIF,Em Funcionamento Normal,2025-02-11,2025-02-11,19444827.73
41348781000197,Trad,Aberto,Classes de Cotas de Fundos FIF,Em Funcionamento Normal,2025-04-29,2025-04-29,30553861.63
34369940000174,Trad,Aberto,Classes de Cotas de Fundos FIF,Em Funcionamento Normal,2025-06-18,2025-06-18,7064988.09
44109989000141,Trad,Aberto,Classes de Cotas de Fundos FIF,Em Funcionamento Normal,2025-06-17,2025-06-17,52824395.93
27927529000101,Trad,Fechado,Classes de Cotas de Fundos FIF,Em Funcionamento Normal,2025-03-17,2025-03-17,21280312.86
44025131000107,Trad,Aberto,Classes de Cotas de Fundos FIF,Em Funcionamento Normal,2025-06-16,2025-06-16,235753703.64
29044189000104,Trad,Aberto,Classes de Cotas de Fundos FIF,Em Funcionamento Normal,2025-06-02,2025-06-02,291441609.47
09720734000110,Trad,Aberto,Classes de Cotas de Fundos FIF,Em Funcionamento Normal,2025-06-09,2025-06-09,529117681.08
04885403000116,Trad,Aberto,Classes de Cotas de Fundos FIF,Em Funcionamento Normal,2025-06-25,2025-06-25,482867003.77
04618345000164,Trad,Aberto,Classes de Cotas de Fundos FIF,Em Funcionamento Normal,2025-06-26,2025-06-26,130812639.23
60490407000176,Trad,Aberto,Classes de Cotas de Fundos FIF,Em Funcionamento Normal,2025-04-22,2025-04-16,24639024.91
40156669000191,Trad,Aberto,Classes de Cotas de Fundos FIF,Em Funcionamento Normal,2025-04-17,2025-04-17,41385517.38
44212092000149,Trad,Aberto,Classes de Cotas de Fundos FIF,Em Funcionamento Normal,2025-06-26,2025-06-26,952553078.14
53692814000109,Trad,Aberto,Classes de Cotas de Fundos FIF,Em Funcionamento Normal,2024-01-29,2024-01-29,145301124.52
43584575000101,Trad,Fechado,Classes de Cotas de Fundos FIF,Em Funcionamento Normal,2024-05-31,2024-05-31,53811994.96
17329785000143,Trad,Aberto,Classes de Cotas de Fundos FIF,Em Funcionamento Normal,2025-06-12,2025-06-12,113926973.41
43636043000170,Trad,Aberto,Classes de Cotas de Fundos FIF,Em Funcionamento Normal,2024-02-22,2024-02-22,43694304.03
41601781000157,Trad,Aberto,Classes de Cotas de Fundos FIF,Em Funcionamento Normal,2024-09-27,2024-09-27,484388303.09
43960245000173,Trad,Aberto,Classes de Cotas de Fundos FIF,Em Funcionamento Normal,2025-06-25,2025-06-25,90474652.39
43450518000130,Trad,Aberto,Classes de Cotas de Fundos FIF,Em Funcionamento Normal,2025-06-30,2025-06-30,516683840.31
42813742000186,Trad,Aberto,Classes de Cotas de Fundos FIF,Em Funcionamento Normal,2025-05-07,2025-05-07,44012093.84
17898668000109,Trad,Aberto,Classes de Cotas de Fundos FIF,Em Funcionamento Normal,2025-05-15,2025-05-15,153467233.78
42870959000128,Trad,Aberto,Classes de Cotas de Fundos FIF,Em Funcionamento Normal,2025-05-15,2025-05-15,44914538.3
03369970000157,Trad,Aberto,Classes de Cotas de Fundos FIF,Em Funcionamento Normal,2025-06-25,2025-06-25,64233108.51
63125524000129,Trad,Aberto,Classes de Cotas de Fundos FIF,Em Funcionamento Normal,2025-10-09,2025-10-09,301559637.55
41348917000169,Trad,Aberto,Classes de Cotas de Fundos FIF,Em Funcionamento Normal,2025-01-30,2025-01-30,40271865.72
40219186000199,Trad,Aberto,Classes de Cotas de Fundos FIF,Em Funcionamento Normal,2025-03-17,2025-03-17,23704655.88
28651424000135,Trad,Aberto,Classes de Cotas de Fundos FIF,Em Funcionamento Normal,2025-04-14,2025-04-14,56248320.27
36352346000104,Trad,Aberto,Classes de Cotas de Fundos FIF,Em Funcionamento Normal,2025-03-18,2025-03-18,102799412.85
31120022000119,Trad,Aberto,Classes de Cotas de Fundos FIF,Em Funcionamento Normal,2025-05-29,2025-05-29,373239546.96
34474989000197,Trad,Aberto,Classes de Cotas de Fundos FIF,Em Funcionamento Normal,2025-03-20,2025-03-20,2646318699.35
32312678000104,Trad,Aberto,Classes de Cotas de Fundos FIF,Em Funcionamento Normal,2025-05-19,2025-05-19,9594716418.54
34962302000162,Trad,Aberto,Classes de Cotas de Fundos FIF,Em Funcionamento Normal,2025-03-18,2025-03-18,632600752.85
32770526000147,Trad,Aberto,Classes de Cotas de Fundos FIF,Em Funcionamento Normal,2025-05-19,2025-05-19,497720327.37
46997370000146,Trad,Aberto,Classes de Cotas de Fundos FIF,Em Funcionamento Normal,2025-05-20,2025-05-20,95606505.48
41672376000120,Trad,,,,,,
41575809000129,Trad,Aberto,Classes de Cotas de Fundos FIF,Em Funcionamento Normal,2025-05-20,2025-05-20,1622168193.29
46099626000106,Trad,Aberto,Classes de Cotas de Fundos FIF,Em Funcionamento Normal,2025-05-21,2025-05-21,1268002632.73
34474470000109,Trad,Aberto,Classes de Cotas de Fundos FIF,Em Funcionamento Normal,2025-05-19,2025-05-19,2270295631.27
60808027000137,Trad,Aberto,Classes de Cotas de Fundos FIF,Em Funcionamento Normal,2025-05-13,2025-05-13,21280842.02
08708502000183,Trad,Aberto,Classes de Cotas de Fundos FIF,Em Funcionamento Normal,2025-04-14,2025-04-14,14356076.44
55502385000187,Trad,Aberto,Classes de Cotas de Fundos FIF,Em Funcionamento Normal,2024-06-12,2024-06-12,19075728.52
25682025000143,Trad,Aberto,Classes de Cotas de Fundos FIF,Em Funcionamento Normal,2025-06-12,2025-06-12,46368258.92
63405106000195,Trad,Aberto,Classes de Cotas de Fundos FIF,Em Funcionamento Normal,2025-10-28,2025-10-28,163328201.95
08252580000116,Trad,Aberto,Classes de Cotas de Fundos FIF,Em Funcionamento Normal,2025-06-13,2025-06-13,22894789.68
62772990000133,Trad,,,,,,
58561162000189,Trad,Aberto,Classes de Cotas de Fundos FIF,Em Funcionamento Normal,2024-12-26,2024-12-18,532882802.01
44212217000130,Trad,Aberto,Classes de Cotas de Fundos FIF,Em Funcionamento Normal,2025-01-07,2025-01-07,83831005.53
23225882000199,Trad,Aberto,Classes de Cotas de Fundos FIF,Em Funcionamento Normal,2025-05-09,2025-05-09,185387884.25
54233243000107,Trad,Aberto,Classes de Cotas de Fundos FIF,Em Funcionamento Normal,2024-03-07,2024-03-07,223631789.58
31908013000197,Trad,Aberto,Classes de Cotas de Fundos FIF,Em Funcionamento Normal,2025-06-04,2025-06-04,290427123.8
03099639000164,Trad,Aberto,Classes de Cotas de Fundos FIF,Em Funcionamento Normal,2025-04-07,2025-04-07,194690440.82
44672489000113,Trad,Aberto,Classes de Cotas de Fundos FIF,Em Funcionamento Normal,2025-05-20,2025-05-20,28863185.12
54599810000135,Trad,Aberto,Classes de Cotas de Fundos FIF,Em Funcionamento Normal,2024-04-04,2024-04-04,98445983.35
54776180000127,Trad,Aberto,Classes de Cotas de Fundos FIF,Em Funcionamento Normal,2024-04-17,2024-04-17,115254358.17
30568172000127,Trad,Aberto,Classes de Cotas de Fundos FIF,Em Funcionamento Normal,2025-06-13,2025-06-13,234889360.57
30568485000185,Trad,Fechado,Classes de Cotas de Fundos FIF,Em Funcionamento Normal,2025-06-13,2025-06-13,18524486.87
60696041000196,Trad,Aberto,Classes de Cotas de Fundos FIF,Em Funcionamento Normal,2025-05-06,2025-05-06,70028973.11
36017195000120,Trad,Aberto,Classes de Cotas de Fundos FIF,Em Funcionamento Normal,2025-06-17,2025-06-17,228509446.73
35820685000105,Trad,Aberto,Classes de Cotas de Fundos FIF,Em Funcionamento Normal,2025-06-17,2025-06-17,435001075.85
30353549000120,Trad,Aberto,Classes de Cotas de Fundos FIF,Em Funcionamento Normal,2025-03-12,2025-03-12,22079543.19
53819577000196,Trad,Aberto,Classes de Cotas de Fundos FIF,Em Funcionamento Normal,2024-02-06,2024-02-06,25722306.9
55140702000162,Trad,Aberto,Classes de Cotas de Fundos FIF,Em Funcionamento Normal,2024-05-15,2024-05-15,43977175.44
39354788000170,Trad,Aberto,Classes de Cotas de Fundos FIF,Em Funcionamento Normal,2025-03-10,2025-03-10,50216010.85
37440121000164,Trad,Aberto,Classes de Cotas de Fundos FIF,Em Funcionamento Normal,2025-03-10,2025-03-10,152506576.11
39502502000156,Trad,Aberto,Classes de Cotas de Fundos FIF,Em Funcionamento Normal,2025-03-10,2025-03-10,6085084.87
57809185000105,Trad,Aberto,Classes de Cotas de Fundos FIF,Em Funcionamento Normal,2024-10-23,2024-10-23,112540544.34
51075995000190,Trad,Fechado,Classes de Cotas de Fundos FIF,Em Funcionamento Normal,2025-06-17,2025-06-17,12637180.37
59055352000197,Trad,Aberto,Classes de Cotas de Fundos FIF,Em Funcionamento Normal,2025-01-23,2025-01-21,185081075.07
23556180000198,Trad,Aberto,Classes de Cotas de Fundos FIF,Em Funcionamento Normal,2025-03-26,2025-03-26,1988715836.32
46328602000173,Trad,Aberto,Classes de Cotas de Fundos FIF,Em Funcionamento Normal,2025-05-05,2025-05-05,1240162520.9
63442435000106,Trad,Aberto,Classes de Cotas de Fundos FIF,Em Funcionamento Normal,2025-10-30,2025-10-30,126574363.9
32158371000192,Trad,Aberto,Classes de Cotas de Fundos FIF,Em Funcionamento Normal,2025-06-26,2025-06-26,41322371.71
36521686000103,Trad,Aberto,Classes de Cotas de Fundos FIF,Em Funcionamento Normal,2025-06-26,2025-06-26,906982710.83
23738226000190,Trad,Aberto,Classes de Cotas de Fundos FIF,Em Funcionamento Normal,2025-05-05,2025-05-05,2333837013.47
23556204000109,Trad,Aberto,Classes de Cotas de Fundos FIF,Em Funcionamento Normal,2025-03-31,2025-03-31,3099917780.39
45494496000135,Trad,Aberto,Classes de Cotas de Fundos FIF,Em Funcionamento Normal,2025-04-24,2025-04-24,594720251.9
49438428000100,Trad,Aberto,Classes de Cotas de Fundos FIF,Em Funcionamento Normal,2025-03-31,2025-03-31,5158727851.51
37895276000195,Trad,Aberto,Classes de Cotas de Fundos FIF,Em Funcionamento Normal,2025-05-05,2025-05-05,138782922.68
64487678000123,Trad,Aberto,Classes de Cotas de Fundos FIF,Em Funcionamento Normal,2026-01-14,2026-01-14,296052598.1
36352509000140,Trad,Aberto,Classes de Cotas de Fundos FIF,Em Funcionamento Normal,2025-04-07,2025-04-07,546648558.19
19782311000188,Trad,Aberto,Classes de Cotas de Fundos FIF,Em Funcionamento Normal,2025-04-04,2025-04-04,3082330263.09
30506088000189,Trad,Aberto,Classes de Cotas de Fundos FIF,Em Funcionamento Normal,2024-10-30,2024-10-30,65566561.04
20519417000172,Trad,Aberto,Classes de Cotas de Fundos FIF,Em Funcionamento Normal,2025-06-06,2025-06-06,86737746.83
09087799000170,Trad,Aberto,Classes de Cotas de Fundos FIF,Em Funcionamento Normal,2025-06-13,2025-06-13,447013926.92
19531929000175,Trad,Aberto,Classes de Cotas de Fundos FIF,Em Funcionamento Normal,2024-08-29,2024-08-29,157256035.47
59907848000141,Trad,Aberto,Classes de Cotas de Fundos FIF,Em Funcionamento Normal,2025-03-14,2025-03-14,28476298.49
08960978000107,Trad,Aberto,Classes de Cotas de Fundos FIF,Em Funcionamento Normal,2024-12-02,2024-12-02,229816524.5
01822655000108,Trad,Aberto,Classes de Cotas de Fundos FIF,Em Funcionamento Normal,2025-06-12,2025-06-12,3013226878.09
08960971000195,Trad,Aberto,Classes de Cotas de Fundos FIF,Em Funcionamento Normal,2024-12-02,2024-12-02,1460870849.74
04573108000124,Trad,Aberto,Classes de Cotas de Fundos FIF,Em Funcionamento Normal,2025-06-18,2025-06-18,73886170.14
26773252000147,Trad,Aberto,Classes de Cotas de Fundos FIF,Em Funcionamento Normal,2025-02-19,2025-02-19,61806301.02
05832360000173,Trad,Aberto,Classes de Cotas de Fundos FIF,Em Funcionamento Normal,2025-06-03,2025-06-03,17841595564.65
17225793000140,Trad,Aberto,Classes de Cotas de Fundos FIF,Em Funcionamento Normal,2025-06-24,2025-06-24,2310370570.41
46467107000145,Trad,Fechado,Classes de Cotas de Fundos FIF,Em Funcionamento Normal,2025-03-26,2025-03-26,46093540.64
02296928000190,Trad,Aberto,Classes de Cotas de Fundos FIF,Em Funcionamento Normal,2025-06-02,2025-06-02,3341219895.03
41727038000148,Trad,Aberto,Classes de Cotas de Fundos FIF,Em Funcionamento Normal,2025-02-25,2025-02-25,54076475.48
64436974000103,Trad,,Classes de Cotas de Fundos FIF,Em Funcionamento Normal,2026-01-13,2026-01-07,209497786.59
15398622000197,Trad,Fechado,Classes de Cotas de Fundos FIF,Em Funcionamento Normal,2025-03-26,2025-03-26,103352786.38
34613727000166,Trad,Aberto,Classes de Cotas de Fundos FIF,Em Funcionamento Normal,2025-06-24,2025-06-24,119435580.51
11839215000117,Trad,Aberto,Classes de Cotas de Fundos FIF,Em Funcionamento Normal,2025-06-25,2025-06-25,1603514527.77
06015421000172,Trad,Aberto,Classes de Cotas de Fundos FIF,Em Funcionamento Normal,2025-06-02,2025-06-02,587836105.8
25234711000151,Trad,Aberto,Classes de Cotas de Fundos FIF,Em Funcionamento Normal,2024-12-27,2024-12-27,9240499619.4
00852311000189,Trad,Aberto,Classes de Cotas de Fundos FIF,Em Funcionamento Normal,2025-05-20,2025-05-20,32362395956.14
18428655000120,Trad,Aberto,Classes de Cotas de Fundos FIF,Em Funcionamento Normal,2025-06-02,2025-06-02,4636482803.34
64440839000123,Trad,Aberto,Classes de Cotas de Fundos FIF,Em Funcionamento Normal,2026-01-13,2026-01-07,1083223208.3
03389374000139,Trad,Aberto,Classes de Cotas de Fundos FIF,Em Funcionamento Normal,2025-06-25,2025-06-25,131045378564.12
39314609000170,Trad,Fechado,Classes de Cotas de Fundos FIF,Em Funcionamento Normal,2025-06-24,2025-06-24,11924938.02
41610520000101,Trad,Aberto,Classes de Cotas de Fundos FIF,Em Funcionamento Normal,2025-02-25,2025-02-25,126770632.92
08984821000111,Trad,Aberto,Classes de Cotas de Fundos FIF,Em Funcionamento Normal,2025-06-09,2025-06-09,49014219.55
48670714000133,Trad,Aberto,Classes de Cotas de Fundos FIF,Em Funcionamento Normal,2025-06-13,2025-06-13,27442043.93
38542842000148,Trad,Aberto,Classes de Cotas de Fundos FIF,Em Funcionamento Normal,2025-02-28,2025-02-28,65954463.17
17329754000192,Trad,Aberto,Classes de Cotas de Fundos FIF,Em Funcionamento Normal,2025-05-12,2025-05-12,242781319.17
11121992000121,Trad,Aberto,Classes de Cotas de Fundos FIF,Em Funcionamento Normal,2025-04-11,2025-04-11,200881311.47
55839003000105,Trad,Aberto,Classes de Cotas de Fundos FIF,Em Funcionamento Normal,2024-07-08,2024-07-08,140801920.8
44211989000158,Trad,Aberto,Classes de Cotas de Fundos FIF,Em Funcionamento Normal,2025-06-26,2025-06-26,804006491.36
00977449000104,Trad,Aberto,Classes de Cotas de Fundos FIF,Em Funcionamento Normal,2025-01-31,2025-01-31,734887385.41
17689994000106,Trad,Aberto,Classes de Cotas de Fundos FIF,Em Funcionamento Normal,2024-11-07,2024-11-07,123864077.18
67288854000196,Trad,Aberto,Classes de Cotas de Fundos FIF,Em Funcionamento Normal,2026-06-12,2026-06-12,57352666.83
47457832000103,Trad,Fechado,Classes de Cotas de Fundos FIF,Em Funcionamento Normal,2025-06-09,2025-06-09,58918623.26
47227609000161,Trad,Aberto,Classes de Cotas de Fundos FIF,Em Funcionamento Normal,2025-05-09,2025-05-09,20584357.85
50112294000111,Trad,Aberto,Classes de Cotas de Fundos FIF,Em Funcionamento Normal,2025-06-24,2025-06-24,73765897.73
34799162000153,Trad,Aberto,Classes de Cotas de Fundos FIF,Em Funcionamento Normal,2025-06-24,2025-06-24,314450608.52
34799393000167,Trad,Aberto,Classes de Cotas de Fundos FIF,Em Funcionamento Normal,2025-06-24,2025-06-24,559267121.33
59309776000130,Trad,Aberto,Classes de Cotas de Fundos FIF,Em Funcionamento Normal,2025-02-05,2025-02-05,54172632.09
50514867000133,Trad,Aberto,Classes de Cotas de Fundos FIF,Em Funcionamento Normal,2025-06-24,2025-06-24,43720379.31
60709408000169,Trad,Aberto,Classes de Cotas de Fundos FIF,Em Funcionamento Normal,2025-05-07,2025-05-07,109494239.54
00974902000129,Trad,Aberto,Classes de Cotas de Fundos FIF,Em Funcionamento Normal,2025-04-03,2025-04-03,369498220.26
56377520000172,Trad,Aberto,Classes de Cotas de Fundos FIF,Em Funcionamento Normal,2024-08-07,2024-08-07,761414099.1
51714018000196,Trad,Aberto,Classes de Cotas de Fundos FIF,Em Funcionamento Normal,2025-04-04,2025-04-04,53595541.11
19831152000164,Trad,Aberto,Classes de Cotas de Fundos FIF,Em Funcionamento Normal,2025-06-24,2025-06-24,110790022.84
04228545000100,Trad,Aberto,Classes de Cotas de Fundos FIF,Em Funcionamento Normal,2025-06-17,2025-06-17,612384999.61
63073919000125,Trad,,Classes de Cotas de Fundos FIF,Em Funcionamento Normal,2025-10-07,2025-10-07,21485613.42
11555338000126,Trad,Aberto,Classes de Cotas de Fundos FIF,Em Funcionamento Normal,2025-06-02,2025-06-02,766929271.87
52771267000186,Trad,Aberto,Classes de Cotas de Fundos FIF,Em Funcionamento Normal,2023-11-03,2023-11-03,77761183.66
06077638000107,Trad,Aberto,Classes de Cotas de Fundos FIF,Em Funcionamento Normal,2025-03-14,2025-03-14,555914715.32
04841576000132,Trad,Aberto,Classes de Cotas de Fundos FIF,Em Funcionamento Normal,2025-05-15,2025-05-15,7062313.9
34080987000113,Trad,Aberto,Classes de Cotas de Fundos FIF,Em Funcionamento Normal,2025-03-24,2025-03-24,186045429.38
53212784000188,Trad,Aberto,Classes de Cotas de Fundos FIF,Em Funcionamento Normal,2024-02-16,2024-02-16,87631139.58
34109940000135,Trad,Aberto,Classes de Cotas de Fundos FIF,Em Funcionamento Normal,2025-06-23,2025-06-23,1160597655.35
00322699000106,Trad,Aberto,Classes de Cotas de Fundos FIF,Em Funcionamento Normal,2025-05-15,2025-05-15,6227044799.36
09522705000143,Trad,Aberto,Classes de Cotas de Fundos FIF,Em Funcionamento Normal,2025-06-02,2025-06-02,1817212347.73
10813716000161,Trad,Aberto,Classes de Cotas de Fundos FIF,Em Funcionamento Normal,2025-06-23,2025-06-23,2671513543.2
51289474000136,Trad,Aberto,Classes de Cotas de Fundos FIF,Em Funcionamento Normal,2025-06-25,2025-06-25,1654508087.06
45302406000167,Trad,Aberto,Classes de Cotas de Fundos FIF,Em Funcionamento Normal,2025-06-27,2025-06-27,136553233.76
61327132000117,Trad,Aberto,Classes de Cotas de Fundos FIF,Em Funcionamento Normal,2025-06-16,2025-06-16,667798246.02
37235948000136,Trad,Aberto,Classes de Cotas de Fundos FIF,Em Funcionamento Normal,2025-06-27,2025-06-27,28492301024.24
02998164000185,Trad,Aberto,Classes de Cotas de Fundos FIF,Em Funcionamento Normal,2025-06-24,2025-06-24,1572642.22
09523207000115,Trad,Aberto,Classes de Cotas de Fundos FIF,Em Funcionamento Normal,2025-06-25,2025-06-25,71466221.21
40413612000120,Trad,Aberto,Classes de Cotas de Fundos FIF,Em Funcionamento Normal,2025-06-17,2025-06-17,610100029
63460253000168,Trad,Aberto,Classes de Cotas de Fundos FIF,Em Funcionamento Normal,2025-10-31,2025-10-31,101255571.13
54104510000138,Trad,Aberto,Classes de Cotas de Fundos FIF,Em Funcionamento Normal,2024-02-28,2024-02-28,66089971.69
51903744000157,Trad,Aberto,Classes de Cotas de Fundos FIF,Em Funcionamento Normal,2024-08-14,2024-08-14,100917517.81
13400194000164,Trad,Aberto,Classes de Cotas de Fundos FIF,Em Funcionamento Normal,2025-06-23,2025-06-23,256049207.06
32388077000177,Trad,Aberto,Classes de Cotas de Fundos FIF,Em Funcionamento Normal,2025-05-22,2025-05-22,36123319736.87
32312120000110,Trad,Aberto,Classes de Cotas de Fundos FIF,Em Funcionamento Normal,2025-06-24,2025-06-24,70067169214.11
40142060000163,Trad,Aberto,Classes de Cotas de Fundos FIF,Em Funcionamento Normal,2025-06-23,2025-06-23,159407956.2
15675437000100,Trad,Aberto,Classes de Cotas de Fundos FIF,Em Funcionamento Normal,2025-06-23,2025-06-23,12338860940.51
15675431000125,Trad,Aberto,Classes de Cotas de Fundos FIF,Em Funcionamento Normal,2025-05-22,2025-05-22,11048250124.96
38653941000105,Trad,Aberto,Classes de Cotas de Fundos FIF,Em Funcionamento Normal,2025-06-02,2025-06-02,2178714782.68
04875006000163,Trad,Aberto,Classes de Cotas de Fundos FIF,Em Funcionamento Normal,2025-04-08,2025-04-08,308901619.18
39152991000163,Trad,Aberto,Classes de Cotas de Fundos FIF,Em Funcionamento Normal,2025-06-13,2025-06-13,338418508.27
12412818000109,Trad,Aberto,Classes de Cotas de Fundos FIF,Em Funcionamento Normal,2025-06-23,2025-06-23,9710106453.16
30392659000100,Trad,Aberto,Classes de Cotas de Fundos FIF,Em Funcionamento Normal,2025-06-23,2025-06-23,1301410363.46
66275639000198,Trad,Aberto,Classes de Cotas de Fundos FIF,Em Funcionamento Normal,2026-04-15,2026-04-15,199640354.46
19436722000111,Trad,Aberto,Classes de Cotas de Fundos FIF,Em Funcionamento Normal,2024-10-16,2024-10-16,127562645.93
13049660000109,Trad,Aberto,Classes de Cotas de Fundos FIF,Em Funcionamento Normal,2024-10-18,2024-10-18,131799397.06
14466898000100,Trad,Aberto,Classes de Cotas de Fundos FIF,Em Funcionamento Normal,2025-03-19,2025-03-19,151054701.88
28648875000113,Trad,Aberto,Classes de Cotas de Fundos FIF,Em Funcionamento Normal,2025-03-19,2025-03-19,49938554.19
22041150000186,Trad,Aberto,Classes de Cotas de Fundos FIF,Em Funcionamento Normal,2025-03-17,2025-03-17,301421336.87
49633643000161,Trad,Aberto,Classes de Cotas de Fundos FIF,Em Funcionamento Normal,2024-06-20,2024-06-20,585597815.13
62300839000100,Trad,Aberto,Classes de Cotas de Fundos FIF,Em Funcionamento Normal,2025-08-19,2025-08-11,783263463.14
50803491000187,Trad,Aberto,Classes de Cotas de Fundos FIF,Em Funcionamento Normal,2024-03-07,2024-03-07,7582582364.29
07593967000173,Trad,Aberto,Classes de Cotas de Fundos FIF,Em Funcionamento Normal,2025-06-05,2025-06-05,25342956152.97
34488907000163,Trad,Aberto,Classes de Cotas de Fundos FIF,Em Funcionamento Normal,2025-06-05,2025-06-05,7559219869.62
45295606000130,Trad,Aberto,Classes de Cotas de Fundos FIF,Em Funcionamento Normal,2025-06-10,2025-06-10,1680887950.31
05018037000160,Trad,Aberto,Classes de Cotas de Fundos FIF,Em Funcionamento Normal,2024-11-01,2024-11-01,356736405.3
54485055000168,Trad,Aberto,Classes de Cotas de Fundos FIF,Em Funcionamento Normal,2024-03-26,2024-03-26,48250001.34
49933828000191,Trad,Aberto,Classes de Cotas de Fundos FIF,Em Funcionamento Normal,2025-05-26,2025-05-26,570497022.19
54463551000110,Trad,Aberto,Classes de Cotas de Fundos FIF,Em Funcionamento Normal,2024-03-25,2024-03-25,56879186.31
52268697000180,Trad,Aberto,Classes de Cotas de Fundos FIF,Em Funcionamento Normal,2023-12-15,2023-12-15,18656124.33
33342285000106,Trad,Aberto,Classes de Cotas de Fundos FIF,Em Funcionamento Normal,2025-05-14,2025-05-14,9410262.17
42865247000110,Trad,Aberto,Classes de Cotas de Fundos FIF,Em Funcionamento Normal,2025-06-18,2025-06-18,93319665.88
43140750000171,Trad,Aberto,Classes de Cotas de Fundos FIF,Em Funcionamento Normal,2025-04-10,2025-04-10,36454211.69
46700364000185,Trad,Aberto,Classes de Cotas de Fundos FIF,Em Funcionamento Normal,2025-06-11,2025-06-11,468627015.02
53088893000135,Trad,Aberto,Classes de Cotas de Fundos FIF,Em Funcionamento Normal,2023-12-04,2023-12-04,71697706.73
51623321000183,Trad,Aberto,Classes de Cotas de Fundos FIF,Em Funcionamento Normal,2025-05-08,2025-05-08,198808272.73
51800853000149,Trad,Aberto,Classes de Cotas de Fundos FIF,Em Funcionamento Normal,2025-06-06,2025-06-06,96408004.78
50820465000167,Trad,Aberto,Classes de Cotas de Fundos FIF,Em Funcionamento Normal,2025-06-18,2025-06-18,216088436.91
60291736000198,Trad,Aberto,Classes de Cotas de Fundos FIF,Em Funcionamento Normal,2025-04-07,2025-04-01,77536949.77
35765444000100,Trad,Aberto,Classes de Cotas de Fundos FIF,Em Funcionamento Normal,2025-05-19,2025-05-19,24125558.89
42848014000100,Trad,Aberto,Classes de Cotas de Fundos FIF,Em Funcionamento Normal,2025-05-13,2025-05-13,147244376.79
21040600000153,Trad,Aberto,Classes de Cotas de Fundos FIF,Em Funcionamento Normal,2025-06-02,2025-06-02,726843691.07
51863845000141,Trad,Aberto,Classes de Cotas de Fundos FIF,Em Funcionamento Normal,2025-06-24,2025-06-24,49099990.11
49124184000190,Trad,Aberto,Classes de Cotas de Fundos FIF,Em Funcionamento Normal,2025-04-25,2025-04-25,44542639.57
22232878000195,Trad,Aberto,Classes de Cotas de Fundos FIF,Em Funcionamento Normal,2025-06-16,2025-06-16,1673302397.09
57555092000193,Trad,Aberto,Classes de Cotas de Fundos FIF,Em Funcionamento Normal,2024-10-03,2024-10-02,3273498.67
57771660000193,Trad,Aberto,Classes de Cotas de Fundos FIF,Em Funcionamento Normal,2024-10-21,2024-10-21,277815395.61
04501865000192,Trad,Aberto,Classes de Cotas de Fundos FIF,Em Funcionamento Normal,2025-05-22,2025-05-22,337284046.84
49178674000170,Trad,Aberto,Classes de Cotas de Fundos FIF,Em Funcionamento Normal,2025-05-22,2025-05-22,683232205.6
41774687000108,Trad,Aberto,Classes de Cotas de Fundos FIF,Em Funcionamento Normal,2025-04-25,2025-04-25,814526954.63
51238218000110,Trad,Aberto,Classes de Cotas de Fundos FIF,Em Funcionamento Normal,2025-06-12,2025-06-12,882425037.7
42730970000192,Trad,Aberto,Classes de Cotas de Fundos FIF,Em Funcionamento Normal,2025-06-02,2025-06-02,82343330
14557317000138,Trad,Aberto,Classes de Cotas de Fundos FIF,Em Funcionamento Normal,2025-06-03,2025-06-03,3784037369.52
45646162000130,Trad,Aberto,Classes de Cotas de Fundos FIF,Em Funcionamento Normal,2025-04-25,2025-04-25,6732746045.05
44347394000124,Trad,Aberto,Classes de Cotas de Fundos FIF,Em Funcionamento Normal,2025-05-23,2025-05-23,120629892.91
50874219000198,Trad,Aberto,Classes de Cotas de Fundos FIF,Em Funcionamento Normal,2025-05-26,2025-05-26,885396520.37
33599991000120,Trad,Aberto,Classes de Cotas de Fundos FIF,Em Funcionamento Normal,2025-06-03,2025-06-03,454590975.09
43103846000160,Trad,Aberto,Classes de Cotas de Fundos FIF,Em Funcionamento Normal,2025-05-26,2025-05-26,111333436.71
21336440000194,Trad,Aberto,Classes de Cotas de Fundos FIF,Em Funcionamento Normal,2025-05-28,2025-05-28,1627595528.68
55515189000147,Trad,Fechado,Classes de Cotas de Fundos FIF,Em Funcionamento Normal,2024-06-13,2024-06-13,124038043.64
00888897000131,Trad,,Classes de Cotas de Fundos FIF,Em Funcionamento Normal,2025-05-12,2025-05-12,672030271.79
52319866000163,Trad,Aberto,Classes de Cotas de Fundos FIF,Em Funcionamento Normal,2025-05-19,2025-05-19,14030958.07
50875116000142,Trad,Aberto,Classes de Cotas de Fundos FIF,Em Funcionamento Normal,2025-06-03,2025-06-03,77918683.08
46246589000103,Trad,Aberto,Classes de Cotas de Fundos FIF,Em Funcionamento Normal,2025-04-29,2025-04-29,50365255
54952299000103,Trad,Aberto,Classes de Cotas de Fundos FIF,Em Funcionamento Normal,2024-04-30,2024-04-30,68065907.75
63829969000190,Trad,Aberto,Classes de Cotas de Fundos FIF,Em Funcionamento Normal,2025-11-26,2025-11-26,179344026.3
21336427000135,Trad,Aberto,Classes de Cotas de Fundos FIF,Em Funcionamento Normal,2025-05-09,2025-05-09,1358234269.31
40897658000162,Trad,Aberto,Classes de Cotas de Fundos FIF,Em Funcionamento Normal,2025-05-23,2025-05-23,26360020.72
23225888000166,Trad,Aberto,Classes de Cotas de Fundos FIF,Em Funcionamento Normal,2025-05-22,2025-05-22,352797912.17
33520988000179,Trad,Aberto,Classes de Cotas de Fundos FIF,Em Funcionamento Normal,2025-05-29,2025-05-29,178821706.82
38195881000116,Trad,Aberto,Classes de Cotas de Fundos FIF,Em Funcionamento Normal,2025-03-31,2025-03-31,59139407.44
49460236000108,Trad,Aberto,Classes de Cotas de Fundos FIF,Em Funcionamento Normal,2025-03-21,2025-03-21,121570232.42
58354005000100,Trad,Aberto,Classes de Cotas de Fundos FIF,Em Funcionamento Normal,2024-12-05,2024-12-05,183364517.49
52225340000114,Trad,Aberto,Classes de Cotas de Fundos FIF,Em Funcionamento Normal,2025-04-24,2025-04-24,42536879.43
29157520000194,Trad,Aberto,Classes de Cotas de Fundos FIF,Em Funcionamento Normal,2025-02-20,2025-02-20,16709806755.73
10322668000109,Trad,Aberto,Classes de Cotas de Fundos FIF,Em Funcionamento Normal,2025-03-13,2025-03-13,1493643100.33
10948577000183,Trad,Aberto,Classes de Cotas de Fundos FIF,Em Funcionamento Normal,2025-05-14,2025-05-14,23291548942.63
18007644000177,Trad,Aberto,Classes de Cotas de Fundos FIF,Em Funcionamento Normal,2025-04-30,2025-04-30,6794903430.26
40194279000106,Trad,Aberto,Classes de Cotas de Fundos FIF,Em Funcionamento Normal,2025-02-07,2025-02-07,89203429.35
40194274000183,Trad,Aberto,Classes de Cotas de Fundos FIF,Em Funcionamento Normal,2025-02-07,2025-02-07,166691363.55
13058736000162,Trad,Aberto,Classes de Cotas de Fundos FIF,Em Funcionamento Normal,2025-03-21,2025-03-21,15679368852.12
39682386000102,Trad,Aberto,Classes de Cotas de Fundos FIF,Em Funcionamento Normal,2025-04-22,2025-04-22,386351680.83
10551353000133,Trad,Aberto,Classes de Cotas de Fundos FIF,Em Funcionamento Normal,2025-02-20,2025-02-20,850166974.43
40832863000140,Trad,Aberto,Classes de Cotas de Fundos FIF,Em Funcionamento Normal,2025-04-03,2025-04-03,10585712499.83
21596021000191,Trad,Aberto,Classes de Cotas de Fundos FIF,Em Funcionamento Normal,2025-03-07,2025-03-07,102753604.05
63900490000100,Trad,Fechado,Classes de Cotas de Fundos FIF,Em Funcionamento Normal,2025-12-02,2025-12-02,20754702.83
44835820000179,Trad,Aberto,Classes de Cotas de Fundos FIF,Em Funcionamento Normal,2025-06-10,2025-06-10,25363793.39
15612416000138,Trad,Aberto,Classes de Cotas de Fundos FIF,Em Funcionamento Normal,2025-06-26,2025-06-26,70252197.74
42847342000191,Trad,Aberto,Classes de Cotas de Fundos FIF,Em Funcionamento Normal,2025-05-13,2025-05-13,87608397.4
65927318000168,Trad,Aberto,Classes de Cotas de Fundos FIF,Em Funcionamento Normal,2026-03-26,2026-03-26,210953820.67
30338838000150,Trad,Aberto,Classes de Cotas de Fundos FIF,Em Funcionamento Normal,2025-04-23,2025-04-23,572019019.44
13106998000155,Trad,Aberto,Classes de Cotas de Fundos FIF,Em Funcionamento Normal,2025-05-07,2025-05-07,169163019.77
42747172000173,Trad,Aberto,Classes de Cotas de Fundos FIF,Em Funcionamento Normal,2025-05-13,2025-05-13,76299800.33
65927708000138,Trad,Aberto,Classes de Cotas de Fundos FIF,Em Funcionamento Normal,2026-03-26,2026-03-26,210923584.45
20146318000192,Trad,Aberto,Classes de Cotas de Fundos FIF,Em Funcionamento Normal,2025-05-07,2025-05-07,247011440.14
41672242000109,Trad,Aberto,Classes de Cotas de Fundos FIF,Em Funcionamento Normal,2025-06-10,2025-06-10,585675884.12
34270943000156,Trad,Aberto,Classes de Cotas de Fundos FIF,Em Funcionamento Normal,2025-04-22,2025-04-22,98221277.88
41709727000120,Trad,Aberto,Classes de Cotas de Fundos FIF,Em Funcionamento Normal,2025-04-24,2025-04-24,420761443.1
26498249000162,Trad,Aberto,Classes de Cotas de Fundos FIF,Em Funcionamento Normal,2025-03-25,2025-03-25,56022652.16
42934049000161,Trad,Aberto,Classes de Cotas de Fundos FIF,Em Funcionamento Normal,2025-04-24,2025-04-24,588264232.73
61725196000176,Trad,Aberto,Classes de Cotas de Fundos FIF,Em Funcionamento Normal,2025-07-14,2025-07-14,103044616.75
23272391000107,Trad,Aberto,Classes de Cotas de Fundos FIF,Em Funcionamento Normal,2025-06-24,2025-06-24,85069315.21
36327365000172,Trad,Aberto,Classes de Cotas de Fundos FIF,Em Funcionamento Normal,2025-06-09,2025-06-09,18327030.03
42827176000161,Trad,Aberto,Classes de Cotas de Fundos FIF,Em Funcionamento Normal,2025-04-24,2025-04-24,111189126.78
52333139000150,Trad,Fechado,Classes de Cotas de Fundos FIF,Em Funcionamento Normal,2023-12-01,2023-12-01,90752865.42
44434922000182,Trad,Aberto,Classes de Cotas de Fundos FIF,Em Funcionamento Normal,2025-04-03,2025-04-03,901960258.83
52479263000129,Trad,Aberto,Classes de Cotas de Fundos FIF,Em Funcionamento Normal,2023-10-09,2023-10-09,6656185.08
16916048000184,Trad,Aberto,Classes de Cotas de Fundos FIF,Em Funcionamento Normal,2025-01-13,2025-01-13,828316883.23
59574097000199,Trad,Aberto,Classes de Cotas de Fundos FIF,Em Funcionamento Normal,2025-02-20,2025-02-20,74269613.19
51977823000102,Trad,Aberto,Classes de Cotas de Fundos FIF,Em Funcionamento Normal,2025-06-13,2025-06-13,38063926.35
04885571000101,Trad,Aberto,Classes de Cotas de Fundos FIF,Em Funcionamento Normal,2025-06-26,2025-06-26,83396135.19
05642617000124,Trad,Aberto,Classes de Cotas de Fundos FIF,Em Funcionamento Normal,2025-06-24,2025-06-24,1102461827.04
43584015000157,Trad,Aberto,Classes de Cotas de Fundos FIF,Em Funcionamento Normal,2025-03-11,2025-03-11,61786389.38
36532178000120,Trad,Aberto,Classes de Cotas de Fundos FIF,Em Funcionamento Normal,2025-02-17,2025-02-17,15930945.32
05108379000171,Trad,Aberto,Classes de Cotas de Fundos FIF,Em Funcionamento Normal,2024-12-04,2024-12-04,267347464.15
53726108000122,Trad,Aberto,Classes de Cotas de Fundos FIF,Em Funcionamento Normal,2024-01-30,2024-01-30,14866907.26
42682447000138,Trad,Aberto,Classes de Cotas de Fundos FIF,Em Funcionamento Normal,2025-02-10,2025-02-10,32072387.55
64138938000155,Trad,Aberto,Classes de Cotas de Fundos FIF,Em Funcionamento Normal,2025-12-22,2025-12-19,31002403.42
04113821000195,Trad,Aberto,Classes de Cotas de Fundos FIF,Em Funcionamento Normal,2025-06-23,2025-06-23,117899970.88
44409284000140,Trad,Aberto,Classes de Cotas de Fundos FIF,Em Funcionamento Normal,2024-10-21,2024-10-21,27968754.5
55161795000101,Trad,Aberto,Classes de Cotas de Fundos FIF,Em Funcionamento Normal,2024-05-16,2024-05-16,118874996.44
55064130000180,Trad,Aberto,Classes de Cotas de Fundos FIF,Em Funcionamento Normal,2024-05-09,2024-05-09,79210097.49
35399404000184,Trad,Aberto,Classes de Cotas de Fundos FIF,Em Funcionamento Normal,2025-05-09,2025-05-09,1429293082.03
51234049000140,Trad,,,,,,
36318479000156,Trad,Aberto,Classes de Cotas de Fundos FIF,Em Funcionamento Normal,2025-03-17,2025-03-17,1819686384.99
04588017000162,Trad,Aberto,Classes de Cotas de Fundos FIF,Em Funcionamento Normal,2025-06-24,2025-06-24,165986601.29
20468262000192,Trad,Aberto,Classes de Cotas de Fundos FIF,Em Funcionamento Normal,2025-06-24,2025-06-24,218006132.92
52155255000127,Trad,Aberto,Classes de Cotas de Fundos FIF,Em Funcionamento Normal,2024-06-24,2024-06-24,37301106.22
15207219000133,Trad,Aberto,Classes de Cotas de Fundos FIF,Em Funcionamento Normal,2025-05-29,2025-05-29,38218969.96
35916528000190,Trad,Aberto,Classes de Cotas de Fundos FIF,Em Funcionamento Normal,2025-05-09,2025-05-09,46998630.85
52273340000190,Trad,Aberto,Classes de Cotas de Fundos FIF,Em Funcionamento Normal,2024-04-19,2024-04-19,153421735.82
54660721000157,Trad,Aberto,Classes de Cotas de Fundos FIF,Em Funcionamento Normal,2024-04-09,2024-04-09,77605505.07
43790956000147,Trad,Aberto,Classes de Cotas de Fundos FIF,Em Funcionamento Normal,2025-06-17,2025-06-17,34480793.38
10355529000181,Trad,,,,,,
39488907000187,Trad,Aberto,Classes de Cotas de Fundos FIF,Em Funcionamento Normal,2024-04-23,2024-04-23,61003398.18
29106510000120,Trad,Fechado,Classes de Cotas de Fundos FIF,Em Funcionamento Normal,2024-01-30,2024-01-30,21898657.77
55893460000188,Trad,Aberto,Classes de Cotas de Fundos FIF,Em Funcionamento Normal,2024-07-11,2024-07-11,115896465.59
44196930000138,Trad,Aberto,Classes de Cotas de Fundos FIF,Em Funcionamento Normal,2024-01-23,2024-01-23,182842685.38
37842935000125,Trad,Aberto,Classes de Cotas de Fundos FIF,Em Funcionamento Normal,2025-03-31,2025-03-31,30165871.85
22118303000146,Trad,Aberto,Classes de Cotas de Fundos FIF,Em Funcionamento Normal,2024-09-12,2024-09-12,110138367.54
11039158000191,Trad,Fechado,Classes de Cotas de Fundos FIF,Em Funcionamento Normal,2025-05-08,2025-05-08,40475193.06
49851069000118,Trad,Aberto,Classes de Cotas de Fundos FIF,Em Funcionamento Normal,2025-05-19,2025-05-19,13053276.63
29250121000173,Trad,Aberto,Classes de Cotas de Fundos FIF,Em Funcionamento Normal,2025-03-14,2025-03-14,949744728.19
36671861000149,Trad,,Classes de Cotas de Fundos FIF,Em Funcionamento Normal,2025-05-14,2025-05-14,271331711.67
53802999000159,Trad,Aberto,Classes de Cotas de Fundos FIF,Em Funcionamento Normal,2024-02-05,2024-02-05,2206968777
13492738000165,Trad,Aberto,Classes de Cotas de Fundos FIF,Em Funcionamento Normal,2025-04-29,2025-04-29,86369579.46
42922268000120,Trad,Aberto,Classes de Cotas de Fundos FIF,Em Funcionamento Normal,2025-06-26,2025-06-26,125092147.34
21791224000139,Trad,Aberto,Classes de Cotas de Fundos FIF,Em Funcionamento Normal,2024-03-19,2024-03-19,93582866.55
26664935000166,Trad,Aberto,Classes de Cotas de Fundos FIF,Em Funcionamento Normal,2025-06-16,2025-06-16,6420616.37
31963396000104,Trad,Aberto,Classes de Cotas de Fundos FIF,Em Funcionamento Normal,2025-06-16,2025-06-16,5203069.85
19436808000144,Trad,Aberto,Classes de Cotas de Fundos FIF,Em Funcionamento Normal,2024-12-12,2024-12-12,52972044.81
27883656000156,Trad,Aberto,Classes de Cotas de Fundos FIF,Em Funcionamento Normal,2025-05-02,2025-05-02,537656763.48
12059831000118,Trad,Aberto,Classes de Cotas de Fundos FIF,Em Funcionamento Normal,2025-05-02,2025-05-02,188998466.32
60490963000142,Trad,Aberto,Classes de Cotas de Fundos FIF,Em Funcionamento Normal,2025-04-22,2025-04-16,26793402.1
42847253000145,Trad,Aberto,Classes de Cotas de Fundos FIF,Em Funcionamento Normal,2025-05-29,2025-05-29,36336314.4
44110011000108,Trad,Aberto,Classes de Cotas de Fundos FIF,Em Funcionamento Normal,2023-12-15,2023-12-15,18826946.02
64429184000192,Trad,Aberto,Classes de Cotas de Fundos FIF,Em Funcionamento Normal,2026-01-12,2026-01-05,39069277.63
52280783000108,Trad,Aberto,Classes de Cotas de Fundos FIF,Em Funcionamento Normal,2025-03-05,2025-03-05,455600484.85
63285329000166,Trad,Aberto,Classes de Cotas de Fundos FIF,Em Funcionamento Normal,2025-10-21,2025-10-21,13813916.28
61272108000128,Trad,Aberto,Classes de Cotas de Fundos FIF,Em Funcionamento Normal,2025-06-11,2025-06-11,20826350.22
04786966000157,Trad,Aberto,Classes de Cotas de Fundos FIF,Em Funcionamento Normal,2025-05-16,2025-05-16,17477341.74
62736500000143,Trad,Fechado,Classes de Cotas de Fundos FIF,Em Funcionamento Normal,2025-09-16,2025-09-15,578725133.27
57074069000187,Trad,Aberto,Classes de Cotas de Fundos FIF,Em Funcionamento Normal,2024-08-29,2024-08-29,18753922.34
09639927000140,Trad,Aberto,Classes de Cotas de Fundos FIF,Em Funcionamento Normal,2024-09-30,2024-09-30,25434152.07
41837660000109,Trad,Aberto,Classes de Cotas de Fundos FIF,Em Funcionamento Normal,2025-06-27,2025-06-27,119798246.36
41681780000160,Trad,Aberto,Classes de Cotas de Fundos FIF,Em Funcionamento Normal,2025-05-07,2025-05-07,268005043.3
05508422000196,Trad,Aberto,Classes de Cotas de Fundos FIF,Em Funcionamento Normal,2024-11-01,2024-11-01,160764853.67
49454180000170,Trad,Aberto,Classes de Cotas de Fundos FIF,Em Funcionamento Normal,2025-06-26,2025-06-26,18163952.2
50421373000104,Trad,Aberto,Classes de Cotas de Fundos FIF,Em Funcionamento Normal,2025-05-29,2025-05-29,24983996.61
43631871000116,Trad,Aberto,Classes de Cotas de Fundos FIF,Em Funcionamento Normal,2025-05-20,2025-05-20,36041620.73
26173300000166,Trad,Aberto,Classes de Cotas de Fundos FIF,Em Funcionamento Normal,2025-06-11,2025-06-11,2360299.42
55767954000116,Trad,Fechado,Classes de Cotas de Fundos FIF,Em Funcionamento Normal,2024-07-02,2024-07-02,55710062.83
19770499000144,Trad,Aberto,Classes de Cotas de Fundos FIF,Em Funcionamento Normal,2025-03-26,2025-03-26,16692113.16
18814287000159,Trad,Aberto,Classes de Cotas de Fundos FIF,Em Funcionamento Normal,2025-01-29,2025-01-29,811657048.91
37887955000112,Trad,Aberto,Classes de Cotas de Fundos FIF,Em Funcionamento Normal,2024-02-06,2024-02-06,40705734.47
62363801000179,Trad,Aberto,Classes de Cotas de Fundos FIF,Em Funcionamento Normal,2025-08-22,2025-08-22,21047247.03
42046759000155,Trad,Aberto,Classes de Cotas de Fundos FIF,Em Funcionamento Normal,2025-05-21,2025-05-21,45319134.57
30630324000174,Trad,Aberto,Classes de Cotas de Fundos FIF,Em Funcionamento Normal,2025-06-24,2025-06-24,105351412.69
62939100000135,Trad,Aberto,Classes de Cotas de Fundos FIF,Em Funcionamento Normal,2025-09-29,2025-09-29,79945287.77
30330495000188,Trad,Aberto,Classes de Cotas de Fundos FIF,Em Funcionamento Normal,2025-06-23,2025-06-23,152205847.85
11225793000163,Trad,Aberto,Classes de Cotas de Fundos FIF,Em Funcionamento Normal,2024-09-17,2024-09-17,19725716.39
55984087000170,Trad,Aberto,Classes de Cotas de Fundos FIF,Em Funcionamento Normal,2024-07-18,2024-07-18,53613616.74
42813751000177,Trad,Aberto,Classes de Cotas de Fundos FIF,Em Funcionamento Normal,2024-08-26,2024-08-26,59978255.88
18086741000100,Trad,Aberto,Classes de Cotas de Fundos FIF,Em Funcionamento Normal,2025-05-22,2025-05-22,225347082.1
19038997000105,Trad,Aberto,Classes de Cotas de Fundos FIF,Em Funcionamento Normal,2025-04-28,2025-04-28,58156295.57
51556889000129,Trad,Aberto,Classes de Cotas de Fundos FIF,Em Funcionamento Normal,2024-07-01,2024-07-01,18487391.34
21613158000107,Trad,Aberto,Classes de Cotas de Fundos FIF,Em Funcionamento Normal,2025-04-10,2025-04-10,181949949.07
36295878000149,Trad,Aberto,Classes de Cotas de Fundos FIF,Em Funcionamento Normal,2025-05-28,2025-05-28,331412812.37
50006439000108,Trad,Aberto,Classes de Cotas de Fundos FIF,Em Funcionamento Normal,2025-06-26,2025-06-26,227966219.4
50069605000107,Trad,Aberto,Classes de Cotas de Fundos FIF,Em Funcionamento Normal,2025-06-26,2025-06-26,228394084.97
58444240000165,Trad,Aberto,Classes de Cotas de Fundos FIF,Em Funcionamento Normal,2024-12-12,2024-12-12,11773902.16
55035529000132,Trad,Aberto,Classes de Cotas de Fundos FIF,Em Funcionamento Normal,2024-05-07,2024-05-07,121047219.51
37452819000108,Trad,Aberto,Classes de Cotas de Fundos FIF,Em Funcionamento Normal,2025-05-29,2025-05-29,227778747.99
41837736000104,Trad,Aberto,Classes de Cotas de Fundos FIF,Em Funcionamento Normal,2023-10-06,2023-10-06,51798361.03
11952676000100,Trad,Fechado,Classes de Cotas de Fundos FIF,Em Funcionamento Normal,2025-05-16,2025-05-16,214406262.21
17913386000125,Trad,Aberto,Classes de Cotas de Fundos FIF,Em Funcionamento Normal,2025-05-22,2025-05-22,27170426.44
51168708000197,Trad,Aberto,Classes de Cotas de Fundos FIF,Em Funcionamento Normal,2025-05-07,2025-05-07,1140986563.79
13935899000186,Trad,Aberto,Classes de Cotas de Fundos FIF,Em Funcionamento Normal,2025-04-10,2025-04-10,106454790
54441115000140,Trad,Aberto,Classes de Cotas de Fundos FIF,Em Funcionamento Normal,2024-03-22,2024-03-22,28919924.01
54440968000168,Trad,Aberto,Classes de Cotas de Fundos FIF,Em Funcionamento Normal,2024-03-22,2024-03-22,23175790.45
14158932000171,Trad,Aberto,Classes de Cotas de Fundos FIF,Em Funcionamento Normal,2024-03-28,2024-03-28,21464725.58
50799566000101,Trad,Aberto,Classes de Cotas de Fundos FIF,Em Funcionamento Normal,2025-06-17,2025-06-17,189759502.21
50765883000107,Trad,Aberto,Classes de Cotas de Fundos FIF,Em Funcionamento Normal,2025-06-10,2025-06-10,338347061.67
52195023000100,Trad,Aberto,Classes de Cotas de Fundos FIF,Em Funcionamento Normal,2023-11-06,2023-11-06,15878709
54217318000158,Trad,Fechado,Classes de Cotas de Fundos FIF,Em Funcionamento Normal,2024-03-06,2024-03-06,32775101.05
30453289000165,Trad,Aberto,Classes de Cotas de Fundos FIF,Em Funcionamento Normal,2024-12-02,2024-12-02,506191454.81
51511514000142,Trad,Aberto,Classes de Cotas de Fundos FIF,Em Funcionamento Normal,2025-06-24,2025-06-24,23611754.91
57030535000122,Trad,Fechado,Classes de Cotas de Fundos FIF,Em Funcionamento Normal,2024-08-27,2024-08-27,86917244.9
61520265000105,Trad,Aberto,Classes de Cotas de Fundos FIF,Em Funcionamento Normal,2025-06-30,2025-06-30,10420317.49
25036659000129,Trad,Fechado,Classes de Cotas de Fundos FIF,Em Funcionamento Normal,2025-04-01,2025-04-01,37574651.33
26725148000187,Trad,Fechado,Classes de Cotas de Fundos FIF,Em Funcionamento Normal,2025-06-02,2025-06-02,25342671.34
64820042000151,Trad,Aberto,Classes de Cotas de Fundos FIF,Em Funcionamento Normal,2026-01-30,2026-01-30,36344842.71
26143135000108,Trad,Aberto,Classes de Cotas de Fundos FIF,Em Funcionamento Normal,2025-03-21,2025-03-21,22441722.24
38150833000101,Trad,Fechado,Classes de Cotas de Fundos FIF,Em Funcionamento Normal,2025-05-06,2025-05-06,61675076.17
37008673000106,Trad,Aberto,Classes de Cotas de Fundos FIF,Em Funcionamento Normal,2025-02-21,2025-02-21,16882525.15
54366569000102,Trad,Aberto,Classes de Cotas de Fundos FIF,Em Funcionamento Normal,2024-03-18,2024-03-18,146074575.3
24572511000146,Trad,Aberto,Classes de Cotas de Fundos FIF,Em Funcionamento Normal,2025-04-24,2025-04-24,172983045.46
55196942000189,Trad,Aberto,Classes de Cotas de Fundos FIF,Em Funcionamento Normal,2024-05-20,2024-05-20,13811398.86
14399722000175,Trad,Aberto,Classes de Cotas de Fundos FIF,Em Funcionamento Normal,2024-07-08,2024-07-08,734194623.05
56608307000124,Trad,Aberto,Classes de Cotas de Fundos FIF,Em Funcionamento Normal,2024-08-13,2024-08-13,358927826.95
14399804000110,Trad,Aberto,Classes de Cotas de Fundos FIF,Em Funcionamento Normal,2025-04-03,2025-04-03,731086598.08
20887247000189,Trad,Aberto,Classes de Cotas de Fundos FIF,Em Funcionamento Normal,2025-03-14,2025-03-14,733419734.36
54410516000133,Trad,Aberto,Classes de Cotas de Fundos FIF,Em Funcionamento Normal,2024-03-20,2024-03-20,31595605.65
58942869000135,Trad,Aberto,Classes de Cotas de Fundos FIF,Em Funcionamento Normal,2025-01-17,2025-01-17,151672774.24
26861544000131,Trad,Aberto,Classes de Cotas de Fundos FIF,Em Funcionamento Normal,2024-04-04,2024-04-04,13055189.26
41710798000142,Trad,Aberto,Classes de Cotas de Fundos FIF,Em Funcionamento Normal,2024-09-09,2024-09-09,22304932.2
34447278000123,Trad,Aberto,Classes de Cotas de Fundos FIF,Em Funcionamento Normal,2024-02-16,2024-02-16,51868698.43
19675080000103,Trad,Fechado,Classes de Cotas de Fundos FIF,Em Funcionamento Normal,2024-07-30,2024-07-30,13485267.15
51885543000174,Trad,Aberto,Classes de Cotas de Fundos FIF,Em Funcionamento Normal,2025-02-20,2025-02-20,85939343.94
35927084000198,Trad,Aberto,Classes de Cotas de Fundos FIF,Em Funcionamento Normal,2024-02-28,2024-02-28,58763442.33
36620786000197,Trad,Aberto,Classes de Cotas de Fundos FIF,Em Funcionamento Normal,2025-06-26,2025-06-26,160543259.19
62317574000145,Trad,Aberto,Classes de Cotas de Fundos FIF,Em Funcionamento Normal,2025-08-20,2025-08-20,30822106.57
42682358000191,Trad,Aberto,Classes de Cotas de Fundos FIF,Em Funcionamento Normal,2025-05-30,2025-05-30,74389686.45
63278825000192,Trad,Aberto,Classes de Cotas de Fundos FIF,Em Funcionamento Normal,2025-10-20,2025-10-15,23651676.01
59997256000168,Trad,Aberto,Classes de Cotas de Fundos FIF,Em Funcionamento Normal,2025-03-20,2025-03-19,112366560.92
45386487000120,Trad,Aberto,Classes de Cotas de Fundos FIF,Em Funcionamento Normal,2025-06-26,2025-06-26,143065364.31
49227505000182,Trad,Aberto,Classes de Cotas de Fundos FIF,Em Funcionamento Normal,2023-11-10,2023-11-10,68665842.83
17041023000147,Trad,Aberto,Classes de Cotas de Fundos FIF,Em Funcionamento Normal,2025-06-24,2025-06-24,74648695.61
63806809000125,Trad,Aberto,Classes de Cotas de Fundos FIF,Em Funcionamento Normal,2025-11-25,2025-11-25,88669664.44
65838693000131,Trad,Aberto,Classes de Cotas de Fundos FIF,Em Funcionamento Normal,2026-03-23,2026-03-23,167044392.69
28840203000105,Trad,Aberto,Classes de Cotas de Fundos FIF,Em Funcionamento Normal,2024-09-26,2024-09-26,1440759791.1
64142774000130,Trad,Aberto,Classes de Cotas de Fundos FIF,Em Funcionamento Normal,2025-12-22,2025-12-22,9311981.55
37322048000126,Trad,Aberto,Classes de Cotas de Fundos FIF,Em Funcionamento Normal,2025-02-21,2025-02-21,1197710531.18
42119476000196,Trad,Aberto,Classes de Cotas de Fundos FIF,Em Funcionamento Normal,2025-07-02,2025-07-02,75116615.07
44703439000156,Trad,Aberto,Classes de Cotas de Fundos FIF,Em Funcionamento Normal,2025-07-02,2025-07-02,1351618651.5
45656777000147,Trad,Aberto,Classes de Cotas de Fundos FIF,Em Funcionamento Normal,2025-05-23,2025-05-23,72195610.66
64626717000126,Trad,,Classes de Cotas de Fundos FIF,Em Funcionamento Normal,2026-01-21,2026-01-21,8082162.68
41545043000130,Trad,,Classes de Cotas de Fundos FIF,Em Funcionamento Normal,2025-03-26,2025-03-26,35196148.01
59039877000139,Trad,Aberto,Classes de Cotas de Fundos FIF,Em Funcionamento Normal,2025-01-22,2025-01-22,10690044.67
26370161000160,Trad,Aberto,Classes de Cotas de Fundos FIF,Em Funcionamento Normal,2025-05-15,2025-05-15,19625941.61
59091384000148,Trad,Aberto,Classes de Cotas de Fundos FIF,Em Funcionamento Normal,2025-01-24,2025-01-24,6541632.34
46685489000183,Trad,Aberto,Classes de Cotas de Fundos FIF,Em Funcionamento Normal,2025-06-11,2025-06-11,1046451196.62
47540095000108,Trad,Aberto,Classes de Cotas de Fundos FIF,Em Funcionamento Normal,2025-06-11,2025-06-11,345830012.21
34081211000118,Trad,Aberto,Classes de Cotas de Fundos FIF,Em Funcionamento Normal,2025-06-26,2025-06-26,2374804169.07
46685502000102,Trad,Aberto,Classes de Cotas de Fundos FIF,Em Funcionamento Normal,2024-12-02,2024-12-02,1920157165.45
47212494000131,Trad,Aberto,Classes de Cotas de Fundos FIF,Em Funcionamento Normal,2025-05-14,2025-05-14,286702670.85
52986251000190,Trad,Aberto,Classes de Cotas de Fundos FIF,Em Funcionamento Normal,2023-11-23,2023-11-23,352384958.74
46762380000100,Trad,Aberto,Classes de Cotas de Fundos FIF,Em Funcionamento Normal,2024-12-02,2024-12-02,30602549.9
46762699000128,Trad,Aberto,Classes de Cotas de Fundos FIF,Em Funcionamento Normal,2025-01-03,2025-01-03,43206923.36
52986103000176,Trad,Aberto,Classes de Cotas de Fundos FIF,Em Funcionamento Normal,2023-11-23,2023-11-23,7850269.04
34781259000139,Trad,Aberto,Classes de Cotas de Fundos FIF,Em Funcionamento Normal,2025-05-14,2025-05-14,679521806.41
60512384000153,Trad,Aberto,Classes de Cotas de Fundos FIF,Em Funcionamento Normal,2025-04-23,2025-04-23,10129359.82
45444067000153,Trad,Aberto,Classes de Cotas de Fundos FIF,Em Funcionamento Normal,2025-06-11,2025-06-11,232788346.43
41776707000171,Trad,Aberto,Classes de Cotas de Fundos FIF,Em Funcionamento Normal,2025-05-14,2025-05-14,27240534.93
45444101000190,Trad,Aberto,Classes de Cotas de Fundos FIF,Em Funcionamento Normal,2024-12-02,2024-12-02,627471178.58
41776781000198,Trad,Aberto,Classes de Cotas de Fundos FIF,Em Funcionamento Normal,2025-05-14,2025-05-14,1077811959.7
53990350000109,Trad,Aberto,Classes de Cotas de Fundos FIF,Em Funcionamento Normal,2024-02-20,2024-02-20,95502060.03
64717139000133,Trad,Aberto,Classes de Cotas de Fundos FIF,Em Funcionamento Normal,2026-01-26,2026-01-23,30102510.22
56108411000150,Trad,Aberto,Classes de Cotas de Fundos FIF,Em Funcionamento Normal,2024-07-26,2024-07-26,1172340753.24
58088687000149,Trad,Aberto,Classes de Cotas de Fundos FIF,Em Funcionamento Normal,2024-11-13,2024-11-13,250768907.59
32760072000123,Trad,Aberto,Classes de Cotas de Fundos FIF,Em Funcionamento Normal,2025-06-02,2025-06-02,536899637.85
48953198000154,Trad,Aberto,Classes de Cotas de Fundos FIF,Em Funcionamento Normal,2025-06-27,2025-06-27,130211540.65
60818669000117,Trad,Aberto,Classes de Cotas de Fundos FIF,Em Funcionamento Normal,2025-05-14,2025-05-13,181972959.84
07900255000150,Trad,,Classes de Cotas de Fundos FIF,Em Funcionamento Normal,2025-04-24,2025-04-24,104223572.63
58327943000103,Trad,,Classes de Cotas de Fundos FIF,Em Funcionamento Normal,2024-12-03,2024-12-03,733078483.95
53444176000107,Trad,Aberto,Classes de Cotas de Fundos FIF,Em Funcionamento Normal,2024-01-10,2024-01-10,684878569.62
53990541000170,Trad,Aberto,Classes de Cotas de Fundos FIF,Em Funcionamento Normal,2024-02-20,2024-02-20,548211829.25
52163627000167,Trad,Aberto,Classes de Cotas de Fundos FIF,Em Funcionamento Normal,2024-11-13,2024-11-13,1074146073.71
47020699000115,Trad,Aberto,Classes de Cotas de Fundos FIF,Em Funcionamento Normal,2024-10-25,2024-10-25,33994055.76
19719727000151,Trad,Aberto,Classes de Cotas de Fundos FIF,Em Funcionamento Normal,2025-05-12,2025-05-12,255387638.22
36521750000156,Trad,Aberto,Classes de Cotas de Fundos FIF,Em Funcionamento Normal,2025-06-23,2025-06-23,436493070.51
52164607000100,Trad,Aberto,Classes de Cotas de Fundos FIF,Em Funcionamento Normal,2024-11-07,2024-11-07,114227896.72
35609382000130,Trad,,Classes de Cotas de Fundos FIF,Em Funcionamento Normal,2024-10-24,2024-10-24,792582108.14
44212301000154,Trad,Aberto,Classes de Cotas de Fundos FIF,Em Funcionamento Normal,2025-05-21,2025-05-21,81927462.78
64025077000107,Trad,Aberto,Classes de Cotas de Fundos FIF,Em Funcionamento Normal,2025-12-11,2025-12-11,163727017.08
44917374000141,Trad,,Classes de Cotas de Fundos FIF,Em Funcionamento Normal,2025-04-24,2025-04-24,197430938.45
36617679000100,Trad,Aberto,Classes de Cotas de Fundos FIF,Em Funcionamento Normal,2025-04-25,2025-04-25,318718783.83
05755769000133,Trad,Aberto,Classes de Cotas de Fundos FIF,Em Funcionamento Normal,2025-06-26,2025-06-26,730170788.4
17329683000128,Trad,Aberto,Classes de Cotas de Fundos FIF,Em Funcionamento Normal,2025-06-02,2025-06-02,944800443.65
53074033000142,Trad,Aberto,Classes de Cotas de Fundos FIF,Em Funcionamento Normal,2023-12-01,2023-12-01,29446222.83
58107448000199,Trad,Aberto,Classes de Cotas de Fundos FIF,Em Funcionamento Normal,2024-11-14,2024-11-14,1100141362.72
42295379000154,Trad,Aberto,Classes de Cotas de Fundos FIF,Em Funcionamento Normal,2025-04-04,2025-04-04,13940903.54
20468779000181,Trad,Aberto,Classes de Cotas de Fundos FIF,Em Funcionamento Normal,2025-03-24,2025-03-24,3922929.11
44967444000176,Trad,Aberto,Classes de Cotas de Fundos FIF,Em Funcionamento Normal,2025-05-14,2025-05-14,20907859.16
15174629000125,Trad,Aberto,Classes de Cotas de Fundos FIF,Em Funcionamento Normal,2025-03-12,2025-03-12,148607648
35435878000134,Trad,Aberto,Classes de Cotas de Fundos FIF,Em Funcionamento Normal,2025-06-05,2025-06-05,12895700.07
20879578000177,Trad,Aberto,Classes de Cotas de Fundos FIF,Em Funcionamento Normal,2025-06-02,2025-06-02,1192711956.04
09720710000160,Trad,Aberto,Classes de Cotas de Fundos FIF,Em Funcionamento Normal,2025-06-02,2025-06-02,822822012.59
36517858000175,Trad,Aberto,Classes de Cotas de Fundos FIF,Em Funcionamento Normal,2025-06-24,2025-06-24,442707614.62
27826059000190,Trad,Aberto,Classes de Cotas de Fundos FIF,Em Funcionamento Normal,2025-06-02,2025-06-02,236926490.3
26978438000132,Trad,Aberto,Classes de Cotas de Fundos FIF,Em Funcionamento Normal,2025-03-06,2025-03-06,1306170405.67
32312343000188,Trad,Aberto,Classes de Cotas de Fundos FIF,Em Funcionamento Normal,2025-02-20,2025-02-20,529871523.25
32225253000150,Trad,Aberto,Classes de Cotas de Fundos FIF,Em Funcionamento Normal,2024-07-29,2024-07-29,168218432.28
36499357000103,Trad,Aberto,Classes de Cotas de Fundos FIF,Em Funcionamento Normal,2025-05-08,2025-05-08,6693972.09
40022460000135,Trad,Aberto,Classes de Cotas de Fundos FIF,Em Funcionamento Normal,2025-06-24,2025-06-24,203903708.85
31217083000107,Trad,Aberto,Classes de Cotas de Fundos FIF,Em Funcionamento Normal,2024-09-26,2024-09-26,8981035234.48
35500650000180,Trad,Aberto,Classes de Cotas de Fundos FIF,Em Funcionamento Normal,2023-12-07,2023-12-07,2468678565.36
57566789000160,Trad,Aberto,Classes de Cotas de Fundos FIF,Em Funcionamento Normal,2024-10-04,2024-10-03,118581421.98
41734999000180,Trad,Aberto,Classes de Cotas de Fundos FIF,Em Funcionamento Normal,2025-04-25,2025-04-25,129343981.52
45722996000187,Trad,Aberto,Classes de Cotas de Fundos FIF,Em Funcionamento Normal,2025-04-25,2025-04-25,16081110.11
41736548000181,Trad,Aberto,Classes de Cotas de Fundos FIF,Em Funcionamento Normal,2025-02-10,2025-02-10,1335586093.54
41649957000140,Trad,Fechado,Classes de Cotas de Fundos FIF,Em Funcionamento Normal,2025-05-30,2025-05-30,44105572.34
41083033000120,Trad,Fechado,Classes de Cotas de Fundos FIF,Em Funcionamento Normal,2025-05-30,2025-05-30,39479092.93
64310078000195,Trad,Aberto,Classes de Cotas de Fundos FIF,Em Funcionamento Normal,2026-01-07,2026-01-07,74148975.04
42736995000101,Trad,,Classes de Cotas de Fundos FIF,Em Funcionamento Normal,2026-02-23,2026-02-23,100618962.45
30593140000181,Trad,Aberto,Classes de Cotas de Fundos FIF,Em Funcionamento Normal,2023-10-27,2023-10-27,15142579706.18
58013738000173,Trad,Aberto,Classes de Cotas de Fundos FIF,Em Funcionamento Normal,2024-11-07,2024-11-07,1022457824.75
49980566000116,Trad,Aberto,Classes de Cotas de Fundos FIF,Em Funcionamento Normal,2024-02-29,2024-02-29,10450819769.38
58219849000130,Trad,Aberto,Classes de Cotas de Fundos FIF,Em Funcionamento Normal,2024-11-25,2024-11-25,3015497197.9
29259723000191,Trad,Aberto,Classes de Cotas de Fundos FIF,Em Funcionamento Normal,2023-10-27,2023-10-27,14325819256.77
42814944000142,Trad,Aberto,Classes de Cotas de Fundos FIF,Em Funcionamento Normal,2024-02-29,2024-02-29,48468580031.7
46449621000158,Trad,Aberto,Classes de Cotas de Fundos FIF,Em Funcionamento Normal,2023-10-30,2023-10-30,6564597.73
13411914000197,Trad,Aberto,Classes de Cotas de Fundos FIF,Em Funcionamento Normal,2023-10-26,2023-10-26,7735274296.41
42814769000193,Trad,Aberto,Classes de Cotas de Fundos FIF,Em Funcionamento Normal,2023-11-09,2023-11-09,30639844295.9
54643280000185,Trad,Aberto,Classes de Cotas de Fundos FIF,Em Funcionamento Normal,2024-04-08,2024-04-08,559167161.85
42699050000159,Trad,Aberto,Classes de Cotas de Fundos FIF,Em Funcionamento Normal,2024-02-21,2024-02-21,12564818867.32
67280664000122,Trad,Aberto,Classes de Cotas de Fundos FIF,Em Funcionamento Normal,2026-06-11,2026-06-11,402870265.92
42264017000104,Trad,Aberto,Classes de Cotas de Fundos FIF,Em Funcionamento Normal,2024-11-28,2024-11-28,442715895.64
42282188000158,Trad,Aberto,Classes de Cotas de Fundos FIF,Em Funcionamento Normal,2024-01-08,2024-01-08,1742502912.91
42814813000165,Trad,Aberto,Classes de Cotas de Fundos FIF,Em Funcionamento Normal,2023-10-30,2023-10-30,1664822668.74
53823295000162,Trad,Aberto,Classes de Cotas de Fundos FIDC,Em Funcionamento Normal,2026-05-19,2026-05-19,316605115.85
41681275000115,Trad,Aberto,Classes de Cotas de Fundos FIF,Em Funcionamento Normal,2025-01-02,2025-01-02,15597198.87
17051205000107,Trad,Aberto,Classes de Cotas de Fundos FIF,Em Funcionamento Normal,2024-08-29,2024-08-29,2831331714.96
00832435000100,Trad,Aberto,Classes de Cotas de Fundos FIF,Em Funcionamento Normal,2025-02-21,2025-02-21,8961794529.43
32159534000151,Trad,Aberto,Classes de Cotas de Fundos FIF,Em Funcionamento Normal,2025-06-13,2025-06-13,2869419204.32
06066907000130,Trad,Aberto,Classes de Cotas de Fundos FIF,Em Funcionamento Normal,2024-06-20,2024-06-20,13820319778.82
10264255000115,Trad,Aberto,Classes de Cotas de Fundos FIF,Em Funcionamento Normal,2024-07-26,2024-07-26,40894739278.85
21888723000149,Trad,Aberto,Classes de Cotas de Fundos FIF,Em Funcionamento Normal,2024-12-23,2024-12-23,3249692485.67
28851713000188,Trad,Aberto,Classes de Cotas de Fundos FIF,Em Funcionamento Normal,2024-12-18,2024-12-18,1865272651.7
54227728000180,Trad,Aberto,Classes de Cotas de Fundos FIF,Em Funcionamento Normal,2024-03-07,2024-03-07,646911829.96
42717986000165,Trad,Aberto,Classes de Cotas de Fundos FIF,Em Funcionamento Normal,2025-02-21,2025-02-21,7462155221.22
40476059000175,Trad,Aberto,Classes de Cotas de Fundos FIF,Em Funcionamento Normal,2024-09-26,2024-09-26,43271723.16
29196718000187,Trad,Aberto,Classes de Cotas de Fundos FIF,Em Funcionamento Normal,2024-12-17,2024-12-17,7782942161.47
25341064000187,Trad,Aberto,Classes de Cotas de Fundos FIF,Em Funcionamento Normal,2024-09-09,2024-09-09,55503328612.46
04087328000148,Trad,Aberto,Classes de Cotas de Fundos FIF,Em Funcionamento Normal,2025-04-15,2025-04-15,170955253.26
04511306000163,Trad,Aberto,Classes de Cotas de Fundos FIF,Em Funcionamento Normal,2025-04-15,2025-04-15,6933984.18
58176513000138,Trad,Aberto,Classes de Cotas de Fundos FIF,Em Funcionamento Normal,2024-11-21,2024-11-21,76156162.33
19941689000187,Trad,Aberto,Classes de Cotas de Fundos FIF,Em Funcionamento Normal,2024-07-12,2024-07-12,27243522.24
42220374000162,Trad,Fechado,Classes de Cotas de Fundos FIF,Em Funcionamento Normal,2025-04-10,2025-04-10,18037860.71
04356413000164,Trad,Aberto,Classes de Cotas de Fundos FIF,Em Funcionamento Normal,2025-05-27,2025-05-27,74257843.18
63445061000182,Trad,Aberto,Classes de Cotas de Fundos FIF,Em Funcionamento Normal,2025-10-30,2025-10-30,165428712.49
58396943000165,Trad,Aberto,Classes de Cotas de Fundos FIF,Em Funcionamento Normal,2024-12-09,2024-12-09,194092111.92
20833920000106,Trad,Aberto,Classes de Cotas de Fundos FIF,Em Funcionamento Normal,2025-05-09,2025-05-09,834415540.69
18990334000115,Trad,Aberto,Classes de Cotas de Fundos FIF,Em Funcionamento Normal,2025-04-08,2025-04-08,855678540.96
28767162000179,Trad,Aberto,Classes de Cotas de Fundos FIF,Em Funcionamento Normal,2025-05-21,2025-05-21,545462097.02
46401052000170,Trad,Aberto,Classes de Cotas de Fundos FIF,Em Funcionamento Normal,2025-06-26,2025-06-26,2244459977.18
52840769000111,Trad,Aberto,Classes de Cotas de Fundos FIF,Em Funcionamento Normal,2023-11-09,2023-11-09,203662218.57
46385360000150,Trad,Aberto,Classes de Cotas de Fundos FIF,Em Funcionamento Normal,2025-06-18,2025-06-18,114079104.23
41867517000160,Trad,Aberto,Classes de Cotas de Fundos FIF,Em Funcionamento Normal,2025-06-25,2025-06-25,268812846.71
32319525000180,Trad,Aberto,Classes de Cotas de Fundos FIF,Em Funcionamento Normal,2025-05-21,2025-05-21,5513690126.36
45683322000110,Trad,Aberto,Classes de Cotas de Fundos FIF,Em Funcionamento Normal,2025-06-05,2025-06-05,350151217.42
36518029000107,Trad,Aberto,Classes de Cotas de Fundos FIF,Em Funcionamento Normal,2025-05-27,2025-05-27,335251492.75
24215239000147,Trad,Aberto,Classes de Cotas de Fundos FIF,Em Funcionamento Normal,2025-06-25,2025-06-25,1704586299.42
21762085000115,Trad,Aberto,Classes de Cotas de Fundos FIF,Em Funcionamento Normal,2025-04-11,2025-04-11,667390072.76
26525450000191,Trad,Aberto,Classes de Cotas de Fundos FIF,Em Funcionamento Normal,2025-05-09,2025-05-09,45934167.26
56953911000198,Trad,Aberto,Classes de Cotas de Fundos FIF,Em Funcionamento Normal,2024-08-21,2024-08-21,14261859.33
45103998000198,Trad,Aberto,Classes de Cotas de Fundos FIF,Em Funcionamento Normal,2025-03-25,2025-03-25,937945312.35
58490605000198,Trad,Fechado,Classes de Cotas de Fundos FIF,Em Funcionamento Normal,2024-12-17,2024-12-17,28753027.04
31247970000110,Trad,Aberto,Classes de Cotas de Fundos FIF,Em Funcionamento Normal,2024-11-22,2024-11-22,96790265.41
32711923000148,Trad,Aberto,Classes de Cotas de Fundos FIF,Em Funcionamento Normal,2025-05-28,2025-05-28,20783273.86
41348601000177,Trad,Aberto,Classes de Cotas de Fundos FIF,Em Funcionamento Normal,2025-04-30,2025-04-30,25824540.83
59357502000117,Trad,Aberto,Classes de Cotas de Fundos FIF,Em Funcionamento Normal,2025-02-07,2025-02-07,47407413.86
55946775000146,Trad,Aberto,Classes de Cotas de Fundos FIF,Em Funcionamento Normal,2024-07-16,2024-07-16,9010636.94
60442677000101,Trad,Aberto,Classes de Cotas de Fundos FIF,Em Funcionamento Normal,2025-04-16,2025-04-16,20436533.99
47086196000142,Trad,Aberto,Classes de Cotas de Fundos FIF,Em Funcionamento Normal,2024-07-15,2024-07-15,149512203.19
39375554000109,Trad,Aberto,Classes de Cotas de Fundos FIF,Em Funcionamento Normal,2025-02-26,2025-02-26,405086494.61
47728212000153,Trad,Aberto,Classes de Cotas de Fundos FIF,Em Funcionamento Normal,2023-11-03,2023-11-03,385585237.77
60008150000173,Trad,Aberto,Classes de Cotas de Fundos FIF,Em Funcionamento Normal,2025-03-20,2025-03-20,624650701.43
41756159000118,Trad,Aberto,Classes de Cotas de Fundos FIF,Em Funcionamento Normal,2025-06-20,2025-06-20,8898165748.39
42229399000127,Trad,Aberto,Classes de Cotas de Fundos FIF,Em Funcionamento Normal,2025-06-13,2025-06-13,11760928046.07
46332105000149,Trad,Aberto,Classes de Cotas de Fundos FIF,Em Funcionamento Normal,2025-06-25,2025-06-25,2359749585.24
55087532000108,Trad,Aberto,Classes de Cotas de Fundos FIF,Em Funcionamento Normal,2024-05-10,2024-05-10,7164462771.38
26491419000187,Trad,Aberto,Classes de Cotas de Fundos FIF,Em Funcionamento Normal,2025-06-13,2025-06-13,7087744942.58
41978506000157,Trad,Aberto,Classes de Cotas de Fundos FIF,Em Funcionamento Normal,2024-11-27,2024-11-27,9358695156.59
58733754000130,Trad,Aberto,Classes de Cotas de Fundos FIF,Em Funcionamento Normal,2025-01-09,2025-01-09,980915047.18
50326147000144,Trad,,Classes de Cotas de Fundos FIF,Em Funcionamento Normal,2024-08-08,2024-08-08,207932468.25
52241587000124,Trad,,Classes de Cotas de Fundos FIF,Em Funcionamento Normal,2023-11-23,2023-11-23,110843.64
32990051000102,Trad,,Classes de Cotas de Fundos FIF,Em Funcionamento Normal,2025-06-02,2025-06-02,125457615
56067582000188,Trad,Aberto,Classes de Cotas de Fundos FIF,Em Funcionamento Normal,2024-07-24,2024-07-24,534383704.9
61136998000140,Trad,Aberto,Classes de Cotas de Fundos FIF,Em Funcionamento Normal,2025-06-03,2025-06-03,109565644.5
46975474000150,Trad,Aberto,Classes de Cotas de Fundos FIF,Em Funcionamento Normal,2024-11-27,2024-11-27,4465353221.29
52204076000132,Trad,Aberto,Classes de Cotas de Fundos FIF,Em Funcionamento Normal,2024-11-27,2024-11-27,3106054690.64
52203642000191,Trad,Aberto,Classes de Cotas de Fundos FIF,Em Funcionamento Normal,2023-10-13,2023-10-13,249601124
41349248000140,Trad,Aberto,Classes de Cotas de Fundos FIF,Em Funcionamento Normal,2025-05-02,2025-05-02,91436566.29
44409359000192,Trad,Aberto,Classes de Cotas de Fundos FIF,Em Funcionamento Normal,2024-08-09,2024-08-09,31996313.58
63174249000133,Trad,Fechado,Classes de Cotas de Fundos FIF,Em Funcionamento Normal,2025-10-14,2025-10-14,31491929.2
36521640000194,Trad,Aberto,Classes de Cotas de Fundos FIF,Em Funcionamento Normal,2024-09-10,2024-09-10,97648452.59
61690888000126,Trad,Aberto,Classes de Cotas de Fundos FIF,Em Funcionamento Normal,2025-07-10,2025-07-10,145956815.52
39573262000180,Trad,Aberto,Classes de Cotas de Fundos FIF,Em Funcionamento Normal,2025-05-19,2025-05-19,21225854.21
39487617000119,Trad,,Classes de Cotas de Fundos FIF,Em Funcionamento Normal,2025-05-21,2025-05-21,104174925.75
42449381000130,Trad,Aberto,Classes de Cotas de Fundos FIF,Em Funcionamento Normal,2025-04-24,2025-04-24,25678029.99
54022134000132,Trad,Aberto,Classes de Cotas de Fundos FIF,Em Funcionamento Normal,2024-02-22,2024-02-22,657589507.49
41348664000123,Trad,Aberto,Classes de Cotas de Fundos FIF,Em Funcionamento Normal,2025-02-10,2025-02-10,45756924.97
11690117000160,Trad,Aberto,Classes de Cotas de Fundos FIF,Em Funcionamento Normal,2025-02-24,2025-02-24,4552471.2
37626651000100,Trad,Aberto,Classes de Cotas de Fundos FIF,Em Funcionamento Normal,2024-09-09,2024-09-09,227018336.76
56658377000197,Trad,Aberto,Classes de Cotas de Fundos FIF,Em Funcionamento Normal,2024-08-13,2024-08-13,218823621.29
44917492000150,Trad,Aberto,Classes de Cotas de Fundos FIF,Em Funcionamento Normal,2025-05-23,2025-05-23,198408414.91
44917472000189,Trad,Aberto,Classes de Cotas de Fundos FIF,Em Funcionamento Normal,2025-06-20,2025-06-20,62573805.96
46082347000121,Trad,Fechado,Classes de Cotas de Fundos FIF,Em Funcionamento Normal,2024-11-19,2024-11-19,14395243.26
50128371000121,Trad,Aberto,Classes de Cotas de Fundos FIF,Em Funcionamento Normal,2025-06-25,2025-06-25,39100365.66
49647912000149,Trad,Aberto,Classes de Cotas de Fundos FIF,Em Funcionamento Normal,2025-05-13,2025-05-13,40581521.37
63900709000163,Trad,Fechado,Classes de Cotas de Fundos FIF,Em Funcionamento Normal,2025-12-02,2025-12-02,26281452.38
11447056000105,Trad,Fechado,Classes de Cotas de Fundos FIF,Em Funcionamento Normal,2024-08-02,2024-08-02,28747610.95
45756554000151,Trad,Aberto,Classes de Cotas de Fundos FIF,Em Funcionamento Normal,2024-10-09,2024-10-09,47283275.85
44903727000154,Trad,Aberto,Classes de Cotas de Fundos FIF,Em Funcionamento Normal,2025-06-26,2025-06-26,22635802.59
52954432000135,Trad,Aberto,Classes de Cotas de Fundos FIF,Em Funcionamento Normal,2023-11-21,2023-11-21,14972470.82
42813715000103,Trad,Aberto,Classes de Cotas de Fundos FIF,Em Funcionamento Normal,2025-04-25,2025-04-25,106481024.88
52249657000190,Trad,Aberto,Classes de Cotas de Fundos FIF,Em Funcionamento Normal,2024-02-02,2024-02-02,33731388.41
65189035000166,Trad,Fechado,Classes de Cotas de Fundos FIF,Em Funcionamento Normal,2026-02-19,2026-01-27,427861140.4
40456283000103,Trad,Aberto,Classes de Cotas de Fundos FIF,Em Funcionamento Normal,2025-03-21,2025-03-21,130744156.25
39958460000162,Trad,Aberto,Classes de Cotas de Fundos FIF,Em Funcionamento Normal,2025-05-13,2025-05-13,573690078.17
54541970000123,Trad,Aberto,Classes de Cotas de Fundos FIF,Em Funcionamento Normal,2024-04-01,2024-04-01,1191449325.35
58481477000116,Trad,Aberto,Classes de Cotas de Fundos FIF,Em Funcionamento Normal,2024-12-16,2024-12-16,481502263.22
43636081000123,Trad,Aberto,Classes de Cotas de Fundos FIF,Em Funcionamento Normal,2024-02-22,2024-02-22,41342643.93
41544993000140,Trad,Aberto,Classes de Cotas de Fundos FIF,Em Funcionamento Normal,2025-06-23,2025-06-23,104825029.6
11435287000107,Trad,Aberto,Classes de Cotas de Fundos FIF,Em Funcionamento Normal,2025-06-23,2025-06-23,852748809.88
50223269000105,Trad,Aberto,Classes de Cotas de Fundos FIF,Em Funcionamento Normal,2025-02-03,2025-02-03,513279010.15
50697486000137,Trad,Aberto,Classes de Cotas de Fundos FIF,Em Funcionamento Normal,2025-05-27,2025-05-27,297176748.75
20833940000179,Trad,Aberto,Classes de Cotas de Fundos FIF,Em Funcionamento Normal,2024-02-19,2024-02-19,99326307
19718324000198,Trad,Aberto,Classes de Cotas de Fundos FIF,Em Funcionamento Normal,2025-06-23,2025-06-23,180944103.7
32385140000111,Trad,Aberto,Classes de Cotas de Fundos FIF,Em Funcionamento Normal,2025-01-02,2025-01-02,262021871.71
41579176000127,Trad,Aberto,Classes de Cotas de Fundos FIF,Em Funcionamento Normal,2025-04-16,2025-04-16,51017458.49
11961080000168,Trad,Aberto,Classes de Cotas de Fundos FIF,Em Funcionamento Normal,2025-06-23,2025-06-23,190028165.4
43790923000105,Trad,Aberto,Classes de Cotas de Fundos FIF,Em Funcionamento Normal,2025-06-27,2025-06-27,16058943.52
13425757000179,Trad,Aberto,Classes de Cotas de Fundos FIF,Em Funcionamento Normal,2025-06-25,2025-06-25,556708204.66
42682380000131,Trad,Aberto,Classes de Cotas de Fundos FIF,Em Funcionamento Normal,2025-05-05,2025-05-05,29443888.33
12698632000150,Trad,Aberto,Classes de Cotas de Fundos FIF,Em Funcionamento Normal,2024-03-14,2024-03-14,39020833.64
56545142000199,Trad,Aberto,Classes de Cotas de Fundos FIF,Em Funcionamento Normal,2024-08-12,2024-08-12,19587614.18
10643489000173,Trad,Aberto,Classes de Cotas de Fundos FIF,Em Funcionamento Normal,2025-03-28,2025-03-28,817034348.1
53109614000172,Trad,Aberto,Classes de Cotas de Fundos FIF,Em Funcionamento Normal,2023-12-05,2023-12-05,22613549.9
58238959000140,Trad,Aberto,Classes de Cotas de Fundos FIF,Em Funcionamento Normal,2024-11-26,2024-11-25,550340319.18
60937559000174,Trad,Aberto,Classes de Cotas de Fundos FIF,Em Funcionamento Normal,2025-05-21,2025-05-19,5655834.08
05615511000131,Trad,Aberto,Classes de Cotas de Fundos FIF,Em Funcionamento Normal,2025-06-17,2025-06-17,369329213.84
05615522000111,Trad,Aberto,Classes de Cotas de Fundos FIF,Em Funcionamento Normal,2025-06-17,2025-06-17,469604088.52
59963244000112,Trad,Fechado,Classes de Cotas de Fundos FIF,Em Funcionamento Normal,2025-03-18,2025-03-18,25451804.25
20155921000130,Trad,Aberto,Classes de Cotas de Fundos FIF,Em Funcionamento Normal,2025-06-26,2025-06-26,843588269.76
41349195000167,Trad,Aberto,Classes de Cotas de Fundos FIF,Em Funcionamento Normal,2025-05-27,2025-05-27,17392370.18
13454232000161,Trad,Aberto,Classes de Cotas de Fundos FIF,Em Funcionamento Normal,2025-05-07,2025-05-07,18922195.74
34172479000165,Trad,Aberto,Classes de Cotas de Fundos FIF,Em Funcionamento Normal,2025-04-03,2025-04-03,189416609.59
52301436000114,Trad,Aberto,Classes de Cotas de Fundos FIF,Em Funcionamento Normal,2023-10-31,2023-10-31,145675225.59
53076690000129,Trad,Aberto,Classes de Cotas de Fundos FIF,Em Funcionamento Normal,2023-12-01,2023-12-01,23304412.72
49977033000185,Trad,Aberto,Classes de Cotas de Fundos FIF,Em Funcionamento Normal,2025-06-11,2025-06-11,263596120.35
55582812000184,Trad,Aberto,Classes de Cotas de Fundos FIF,Em Funcionamento Normal,2024-06-18,2024-06-18,143038412.52
27566032000105,Trad,Fechado,Classes de Cotas de Fundos FIF,Em Funcionamento Normal,2025-04-22,2025-04-22,29658548.48
61351211000163,Trad,Aberto,Classes de Cotas de Fundos FIF,Em Funcionamento Normal,2025-06-17,2025-06-17,23898476.7
61972672000153,Trad,Aberto,Classes de Cotas de Fundos FIF,Em Funcionamento Normal,2025-07-29,2025-07-29,602590729.26
40963283000191,Trad,Aberto,Classes de Cotas de Fundos FIF,Em Funcionamento Normal,2025-03-25,2025-03-25,269651642.6
41545586000157,Trad,Aberto,Classes de Cotas de Fundos FIF,Em Funcionamento Normal,2024-07-08,2024-07-08,222867900.78
19366021000153,Trad,Aberto,Classes de Cotas de Fundos FIF,Em Funcionamento Normal,2025-01-02,2025-01-02,114773794.5
42535073000128,Trad,Aberto,Classes de Cotas de Fundos FIF,Em Funcionamento Normal,2025-06-20,2025-06-20,219679823.51
04764252000148,Trad,Aberto,Classes de Cotas de Fundos FIF,Em Funcionamento Normal,2025-06-17,2025-06-17,191907616.61
42774252000118,Trad,Aberto,Classes de Cotas de Fundos FIF,Em Funcionamento Normal,2025-02-26,2025-02-26,87455269.7
40815606000108,Trad,Aberto,Classes de Cotas de Fundos FIF,Em Funcionamento Normal,2025-06-04,2025-06-04,13410968.99
26324274000120,Trad,Aberto,Classes de Cotas de Fundos FIF,Em Funcionamento Normal,2025-06-11,2025-06-11,3302210250.26
46975834000113,Trad,Aberto,Classes de Cotas de Fundos FIF,Em Funcionamento Normal,2025-06-16,2025-06-16,116456960.21
21082099000198,Trad,Aberto,Classes de Cotas de Fundos FIF,Em Funcionamento Normal,2025-06-09,2025-06-09,259209874.8
40226109000166,Trad,Fechado,Classes de Cotas de Fundos FIF,Em Funcionamento Normal,2025-06-26,2025-06-26,24899677.08
48948661000170,Trad,Aberto,Classes de Cotas de Fundos FIF,Em Funcionamento Normal,2025-06-26,2025-06-26,10765117.23
11248452000103,Trad,Aberto,Classes de Cotas de Fundos FIF,Em Funcionamento Normal,2025-06-23,2025-06-23,224820923.15
42847484000159,Trad,Aberto,Classes de Cotas de Fundos FIF,Em Funcionamento Normal,2024-02-01,2024-02-01,53005329.28
37467474000158,Trad,Aberto,Classes de Cotas de Fundos FIF,Em Funcionamento Normal,2025-06-06,2025-06-06,190087409.94
49077283000169,Trad,Aberto,Classes de Cotas de Fundos FIF,Em Funcionamento Normal,2024-01-24,2024-01-24,6385649.75
45443993000104,Trad,Aberto,Classes de Cotas de Fundos FIF,Em Funcionamento Normal,2024-07-01,2024-07-01,115165812.08
60906569000142,Trad,Aberto,Classes de Cotas de Fundos FIF,Em Funcionamento Normal,2025-05-20,2025-05-20,29285969.15
56052260000165,Trad,Aberto,Classes de Cotas de Fundos FIF,Em Funcionamento Normal,2024-07-23,2024-07-23,118777618.33
42716764000128,Trad,Aberto,Classes de Cotas de Fundos FIF,Em Funcionamento Normal,2025-05-15,2025-05-15,2718501721.11
45688098000150,Trad,Aberto,Classes de Cotas de Fundos FIF,Em Funcionamento Normal,2025-04-14,2025-04-14,763232653.48
47586503000154,Trad,Aberto,Classes de Cotas de Fundos FIF,Em Funcionamento Normal,2024-10-18,2024-10-18,590728452.83
51538282000116,Trad,Aberto,Classes de Cotas de Fundos FIF,Em Funcionamento Normal,2024-10-18,2024-10-18,1076257694.67
47586388000118,Trad,Aberto,Classes de Cotas de Fundos FIF,Em Funcionamento Normal,2024-10-17,2024-10-17,965450887.39
52237532000140,Trad,Aberto,Classes de Cotas de Fundos FIF,Em Funcionamento Normal,2024-10-18,2024-10-18,56114607.03
46098916000127,Trad,Aberto,Classes de Cotas de Fundos FIF,Em Funcionamento Normal,2024-10-17,2024-10-17,3872825075.33
62240763000167,Trad,Aberto,Classes de Cotas de Fundos FIF,Em Funcionamento Normal,2025-08-15,2025-08-14,92276171.83
42682169000119,Trad,Aberto,Classes de Cotas de Fundos FIF,Em Funcionamento Normal,2025-03-31,2025-03-31,18287598.95
47543238000127,Trad,Aberto,Classes de Cotas de Fundos FIF,Em Funcionamento Normal,2025-06-24,2025-06-24,143102146.26
36181909000130,Trad,Aberto,Classes de Cotas de Fundos FIF,Em Funcionamento Normal,2025-06-13,2025-06-13,57177351.28
13596496000150,Trad,Aberto,Classes de Cotas de Fundos FIF,Em Funcionamento Normal,2024-09-19,2024-09-19,15154973.2
50622383000108,Trad,Aberto,Classes de Cotas de Fundos FIF,Em Funcionamento Normal,2025-03-05,2025-03-05,89590939.51
59410619000117,Trad,Aberto,Classes de Cotas de Fundos FIF,Em Funcionamento Normal,2025-02-11,2025-02-11,7117722.42
58804815000103,Trad,Aberto,Classes de Cotas de Fundos FIF,Em Funcionamento Normal,2025-01-13,2025-01-09,24047692.32
46415283000133,Trad,Aberto,Classes de Cotas de Fundos FIF,Em Funcionamento Normal,2025-04-15,2025-04-15,6738647.9
62970324000100,Trad,Aberto,Classes de Cotas de Fundos FIF,Em Funcionamento Normal,2025-09-30,2025-09-30,20405734.25
57711375000187,Trad,Aberto,Classes de Cotas de Fundos FIF,Em Funcionamento Normal,2024-10-16,2024-10-15,335769250.56
26703080000135,Trad,Fechado,Classes de Cotas de Fundos FIF,Em Funcionamento Normal,2025-05-22,2025-05-22,21309221.73
35844780000130,Trad,Aberto,Classes de Cotas de Fundos FIF,Em Funcionamento Normal,2025-05-08,2025-05-08,15626162.07
04587998000123,Trad,Aberto,Classes de Cotas de Fundos FIF,Em Funcionamento Normal,2025-06-12,2025-06-12,147333985.83
49931360000104,Trad,Aberto,Classes de Cotas de Fundos FIF,Em Funcionamento Normal,2025-06-09,2025-06-09,28513238.5
63882570000172,Trad,Fechado,Classes de Cotas de Fundos FIF,Em Funcionamento Normal,2025-12-01,2025-12-01,41518270.93
11435262000103,Trad,Aberto,Classes de Cotas de Fundos FIF,Em Funcionamento Normal,2025-06-06,2025-06-06,16672806.4
15487311000102,Trad,Aberto,Classes de Cotas de Fundos FIF,Em Funcionamento Normal,2025-05-09,2025-05-09,128635758.22
57884228000109,Trad,Aberto,Classes de Cotas de Fundos FIF,Em Funcionamento Normal,2024-10-29,2024-10-29,52941384.29
15350679000116,Trad,Aberto,Classes de Cotas de Fundos FIF,Em Funcionamento Normal,2025-03-17,2025-03-17,313313013.84
42294333000110,Trad,Aberto,Classes de Cotas de Fundos FIF,Em Funcionamento Normal,2025-03-21,2025-03-21,14624504.22
55689417000103,Trad,Aberto,Classes de Cotas de Fundos FIF,Em Funcionamento Normal,2024-06-26,2024-06-26,243503402.12
57070309000175,Trad,Aberto,Classes de Cotas de Fundos FIF,Em Funcionamento Normal,2024-08-29,2024-08-29,94538549
56974598000174,Trad,Aberto,Classes de Cotas de Fundos FIF,Em Funcionamento Normal,2024-08-22,2024-08-22,1081182210.23
43164438000118,Trad,Aberto,Classes de Cotas de Fundos FIF,Em Funcionamento Normal,2025-05-13,2025-05-13,133993375.72
58460574000122,Trad,Aberto,Classes de Cotas de Fundos FIF,Em Funcionamento Normal,2024-12-13,2024-12-12,188618870.54
63953556000112,Trad,Aberto,Classes de Cotas de Fundos FIF,Em Funcionamento Normal,2025-12-05,2025-12-05,107947506.33
23376623000169,Trad,Aberto,Classes de Cotas de Fundos FIF,Em Funcionamento Normal,2025-03-21,2025-03-21,73802711.05
24986620000100,Trad,Aberto,Classes de Cotas de Fundos FIF,Em Funcionamento Normal,2024-08-19,2024-08-19,10024987.34
52272566000176,Trad,Aberto,Classes de Cotas de Fundos FIF,Em Funcionamento Normal,2024-04-17,2024-04-17,54608183.19
52273351000170,Trad,Aberto,Classes de Cotas de Fundos FIF,Em Funcionamento Normal,2024-06-10,2024-06-10,10924656.39
54888270000100,Trad,Aberto,Classes de Cotas de Fundos FIF,Em Funcionamento Normal,2024-04-25,2024-04-25,8009984.25
62155864000130,Trad,Aberto,Classes de Cotas de Fundos FIF,Em Funcionamento Normal,2025-08-11,2025-08-08,69587297.46
63112599000175,Trad,,Classes de Cotas de Fundos FIF,Em Funcionamento Normal,2025-10-09,2025-10-08,89039093.02
58174985000151,Trad,Aberto,Classes de Cotas de Fundos FIF,Em Funcionamento Normal,2024-11-21,2024-11-21,283447599.27
42777239000112,Trad,Aberto,Classes de Cotas de Fundos FIF,Em Funcionamento Normal,2024-11-27,2024-11-27,413075928.91
45682244000130,Trad,Aberto,Classes de Cotas de Fundos FIF,Em Funcionamento Normal,2025-05-13,2025-05-13,391406782.49
18719154000101,Trad,Aberto,Classes de Cotas de Fundos FIF,Em Funcionamento Normal,2024-11-25,2024-11-25,6477253553.2
24011864000177,Trad,Aberto,Classes de Cotas de Fundos FIF,Em Funcionamento Normal,2025-02-21,2025-02-21,471948051.83
17072641000154,Trad,Aberto,Classes de Cotas de Fundos FIF,Em Funcionamento Normal,2024-08-01,2024-08-01,124909047.58
35377796000180,Trad,Aberto,Classes de Cotas de Fundos FIF,Em Funcionamento Normal,2024-11-26,2024-11-26,570166758.05
20889217000101,Trad,Aberto,Classes de Cotas de Fundos FIF,Em Funcionamento Normal,2024-08-01,2024-08-01,1254207781.02
54713571000100,Trad,Aberto,Classes de Cotas de Fundos FIF,Em Funcionamento Normal,2024-04-12,2024-04-12,29738677.76
64366238000118,Trad,Aberto,Classes de Cotas de Fundos FIF,Em Funcionamento Normal,2026-01-09,2026-01-09,107339681.1
49768506000134,Trad,Aberto,Classes de Cotas de Fundos FIF,Em Funcionamento Normal,2025-05-15,2025-05-15,678209104.61
19719719000105,Trad,Aberto,Classes de Cotas de Fundos FIF,Em Funcionamento Normal,2025-06-27,2025-06-27,223608860.76
62910859000195,Trad,Aberto,Classes de Cotas de Fundos FIF,Em Funcionamento Normal,2025-09-26,2025-09-24,22900320.81
29626006000150,Trad,Aberto,Classes de Cotas de Fundos FIF,Em Funcionamento Normal,2025-05-29,2025-05-29,39521184.06
32397641000118,Trad,Aberto,Classes de Cotas de Fundos FIF,Em Funcionamento Normal,2025-05-19,2025-05-19,20805565.31
11447136000160,Trad,Aberto,Classes de Cotas de Fundos FIF,Em Funcionamento Normal,2025-05-20,2025-05-20,192263775.59
41888721000167,Trad,Aberto,Classes de Cotas de Fundos FIF,Em Funcionamento Normal,2025-05-20,2025-05-20,88600023.83
32742673000103,Trad,Aberto,Classes de Cotas de Fundos FIF,Em Funcionamento Normal,2025-05-30,2025-05-30,54775717.6
26313371000117,Trad,Aberto,Classes de Cotas de Fundos FIF,Em Funcionamento Normal,2025-06-27,2025-06-27,77262076.38
26313391000198,Trad,Aberto,Classes de Cotas de Fundos FIF,Em Funcionamento Normal,2025-03-07,2025-03-07,49875596.31
24215307000178,Trad,Aberto,Classes de Cotas de Fundos FIF,Em Funcionamento Normal,2025-06-16,2025-06-16,1400151115.42
57154741000144,Trad,,Classes de Cotas de Fundos FIF,Em Funcionamento Normal,2024-09-04,2024-09-04,23880675.66
50765209000114,Trad,Fechado,Classes de Cotas de Fundos FIF,Em Funcionamento Normal,2025-06-12,2025-06-12,3910159.38
18816175000137,Trad,Aberto,Classes de Cotas de Fundos FIF,Em Funcionamento Normal,2025-06-24,2025-06-24,252454389.54
50553108000180,Trad,Aberto,Classes de Cotas de Fundos FIF,Em Funcionamento Normal,2025-06-25,2025-06-25,26111670.56
20231879000190,Trad,Aberto,Classes de Cotas de Fundos FIF,Em Funcionamento Normal,2025-06-09,2025-06-09,44366138.93
06086684000172,Trad,Aberto,Classes de Cotas de Fundos FIF,Em Funcionamento Normal,2025-06-09,2025-06-09,42419171.42
64593756000174,Trad,Aberto,Classes de Cotas de Fundos FIF,Em Funcionamento Normal,2026-01-20,2026-01-20,14170552.75
38439714000173,Trad,Aberto,Classes de Cotas de Fundos FIF,Em Funcionamento Normal,2025-04-29,2025-04-29,28210227.27
59755018000146,Trad,Aberto,Classes de Cotas de Fundos FIF,Em Funcionamento Normal,2025-03-05,2025-02-26,109207860
44459125000150,Trad,Fechado,Classes de Cotas de Fundos FIF,Em Funcionamento Normal,2025-03-11,2025-03-11,44176009.96
42066551000106,Trad,Aberto,Classes de Cotas de Fundos FIF,Em Funcionamento Normal,2025-04-16,2025-04-16,14427042.18
54875709000160,Trad,Aberto,Classes de Cotas de Fundos FIF,Em Funcionamento Normal,2024-04-24,2024-04-24,3429857290.9
38230040000100,Trad,Aberto,Classes de Cotas de Fundos FIF,Em Funcionamento Normal,2025-05-16,2025-05-16,295859246.37
55928061000105,Trad,Aberto,Classes de Cotas de Fundos FIF,Em Funcionamento Normal,2024-07-15,2024-07-15,6956892303.52
53828295000155,Trad,Aberto,Classes de Cotas de Fundos FIF,Em Funcionamento Normal,2024-02-06,2024-02-06,7175558410.26
40152515000121,Trad,Aberto,Classes de Cotas de Fundos FIF,Em Funcionamento Normal,2025-01-27,2025-01-27,62154402.78
36368438000174,Trad,Aberto,Classes de Cotas de Fundos FIF,Em Funcionamento Normal,2025-03-24,2025-03-24,179941027.91
29733674000187,Trad,Aberto,Classes de Cotas de Fundos FIF,Em Funcionamento Normal,2025-06-09,2025-06-09,87200754.67
08868449000188,Trad,Aberto,Classes de Cotas de Fundos FIF,Em Funcionamento Normal,2024-11-22,2024-11-22,49257634.22
11961206000102,Trad,Aberto,Classes de Cotas de Fundos FIF,Em Funcionamento Normal,2025-02-28,2025-02-28,350175317
60260680000104,Trad,Aberto,Classes de Cotas de Fundos FIF,Em Funcionamento Normal,2025-04-04,2025-04-04,46381318.87
09543255000175,Trad,Aberto,Classes de Cotas de Fundos FIF,Em Funcionamento Normal,2025-06-18,2025-06-18,127643117.98
47543107000140,Trad,Aberto,Classes de Cotas de Fundos FIF,Em Funcionamento Normal,2024-12-30,2024-12-30,2546344902.41
36247749000185,Trad,Aberto,Classes de Cotas de Fundos FIF,Em Funcionamento Normal,2025-05-12,2025-05-12,76272462.31
44574326000106,Trad,Aberto,Classes de Cotas de Fundos FIF,Em Funcionamento Normal,2025-05-12,2025-05-12,343031319.62
44870067000152,Trad,Aberto,Classes de Cotas de Fundos FIF,Em Funcionamento Normal,2024-12-19,2024-12-19,148511659.79
36498670000127,Trad,Aberto,Classes de Cotas de Fundos FIF,Em Funcionamento Normal,2025-05-14,2025-05-14,3649844580.62
43915486000109,Trad,Aberto,Classes de Cotas de Fundos FIF,Em Funcionamento Normal,2025-06-16,2025-06-16,587750302.83
45646230000160,Trad,Aberto,Classes de Cotas de Fundos FIF,Em Funcionamento Normal,2025-02-28,2025-02-28,1983296463.28
40153085000162,Trad,Aberto,Classes de Cotas de Fundos FIF,Em Funcionamento Normal,2025-04-11,2025-04-11,38375998.02
28788460000145,Trad,Aberto,Classes de Cotas de Fundos FIF,Em Funcionamento Normal,2025-01-20,2025-01-20,142941379.34
52203762000199,Trad,Fechado,Classes de Cotas de Fundos FIF,Em Funcionamento Normal,2025-06-27,2025-06-27,54950617.29
52272574000112,Trad,Aberto,Classes de Cotas de Fundos FIF,Em Funcionamento Normal,2025-06-30,2025-06-30,789583062.44
52115449000107,Trad,Aberto,Classes de Cotas de Fundos FIF,Em Funcionamento Normal,2025-06-05,2025-06-05,137161252.81
46373760000145,Trad,Aberto,Classes de Cotas de Fundos FIF,Em Funcionamento Normal,2025-06-05,2025-06-05,1005778504.93
46329357000119,Trad,Aberto,Classes de Cotas de Fundos FIF,Em Funcionamento Normal,2025-06-05,2025-06-05,661566672.77
62670474000106,Trad,Aberto,Classes de Cotas de Fundos FIF,Em Funcionamento Normal,2025-09-11,2025-09-11,133920428.63
34431868000168,Trad,Aberto,Classes de Cotas de Fundos FIF,Em Funcionamento Normal,2025-06-27,2025-06-27,1577309028.18
49366532000136,Trad,Aberto,Classes de Cotas de Fundos FIF,Em Funcionamento Normal,2025-06-30,2025-06-30,343249538.37
48411732000109,Trad,Aberto,Classes de Cotas de Fundos FIF,Em Funcionamento Normal,2025-06-27,2025-06-27,206921415.95
38111943000164,Trad,Aberto,Classes de Cotas de Fundos FIF,Em Funcionamento Normal,2024-05-06,2024-05-06,77133712.98
10264179000148,Trad,Aberto,Classes de Cotas de Fundos FIF,Em Funcionamento Normal,2024-06-06,2024-06-06,4317991275.31
44458613000142,Trad,Aberto,Classes de Cotas de Fundos FIF,Em Funcionamento Normal,2024-01-31,2024-01-31,31274422.4
57890176000183,Trad,Fechado,Classes de Cotas de Fundos FIF,Em Funcionamento Normal,2024-10-29,2024-10-29,74433989.64
51726488000170,Trad,Aberto,Classes de Cotas de Fundos FIF,Em Funcionamento Normal,2025-05-05,2025-05-05,20059098.02
08608370000118,Trad,Aberto,Classes de Cotas de Fundos FIF,Em Funcionamento Normal,2025-06-10,2025-06-10,141903680.36
17072894000128,Trad,Aberto,Classes de Cotas de Fundos FIF,Em Funcionamento Normal,2025-06-23,2025-06-23,88929624.29
58689667000123,Trad,Aberto,Classes de Cotas de Fundos FIF,Em Funcionamento Normal,2025-01-08,2024-01-08,10256390310.79
25079461000122,Trad,Aberto,Classes de Cotas de Fundos FIF,Em Funcionamento Normal,2025-03-13,2025-03-13,33133133.43
60185164000162,Trad,Aberto,Classes de Cotas de Fundos FIF,Em Funcionamento Normal,2025-04-01,2025-04-01,14366375.87
09136668000135,Trad,Aberto,Classes de Cotas de Fundos FIF,Em Funcionamento Normal,2025-02-20,2025-02-20,4427550531.17
58735449000188,Trad,,Classes de Cotas de Fundos FIF,Em Funcionamento Normal,2025-01-09,2024-01-09,2144879901.3
53450033000108,Trad,,Classes de Cotas de Fundos FIF,Em Funcionamento Normal,2024-01-10,2024-01-10,135377964.93
59884498000145,Trad,,Classes de Cotas de Fundos FIF,Em Funcionamento Normal,2025-03-13,2025-03-13,5217165.7
30056825000199,Trad,Aberto,Classes de Cotas de Fundos FIF,Em Funcionamento Normal,2025-03-28,2025-03-28,1971545794.87
19390898000180,Trad,Aberto,Classes de Cotas de Fundos FIF,Em Funcionamento Normal,2025-04-03,2025-04-03,9409967057.44
53636931000147,Trad,Aberto,Classes de Cotas de Fundos FIF,Em Funcionamento Normal,2024-01-24,2024-01-24,199286708.73
51200543000193,Trad,Aberto,Classes de Cotas de Fundos FIF,Em Funcionamento Normal,2023-10-23,2023-10-23,48699121.46
12796193000118,Trad,Aberto,Classes de Cotas de Fundos FIF,Em Funcionamento Normal,2025-02-26,2025-02-26,111376075.16
49328341000180,Trad,Aberto,Classes de Cotas de Fundos FIF,Em Funcionamento Normal,2025-04-15,2025-04-15,8762486488.86
57719249000179,Trad,,Classes de Cotas de Fundos FIF,Em Funcionamento Normal,2024-10-16,2024-10-16,1874504149.12
10347228000106,Trad,Aberto,Classes de Cotas de Fundos FIF,Em Funcionamento Normal,2025-02-18,2025-02-18,7264566593.52
33842492000111,Trad,Aberto,Classes de Cotas de Fundos FIF,Em Funcionamento Normal,2025-02-17,2025-02-17,5236243037.57
11447124000136,Trad,Aberto,Classes de Cotas de Fundos FIF,Em Funcionamento Normal,2025-04-07,2025-04-07,5610105391.22
63901833000143,Trad,Fechado,Classes de Cotas de Fundos FIF,Em Funcionamento Normal,2025-12-02,2025-12-02,20771033.71
02224382000162,Trad,Aberto,Classes de Cotas de Fundos FIF,Em Funcionamento Normal,2025-03-21,2025-03-21,13556539358.51
17138466000150,Trad,Aberto,Classes de Cotas de Fundos FIF,Em Funcionamento Normal,2024-10-28,2024-10-28,1176358385.63
13455189000159,Trad,Aberto,Classes de Cotas de Fundos FIF,Em Funcionamento Normal,2024-10-28,2024-10-28,1246555394.09
55193005000170,Trad,Aberto,Classes de Cotas de Fundos FIF,Em Funcionamento Normal,2024-05-20,2024-05-20,279099535.87
17138474000105,Trad,Aberto,Classes de Cotas de Fundos FIF,Em Funcionamento Normal,2024-10-28,2024-10-28,509686399.41
09577500000165,Trad,Aberto,Classes de Cotas de Fundos FIF,Em Funcionamento Normal,2025-03-13,2025-03-13,1683638978.75
64008119000193,Trad,Aberto,Classes de Cotas de Fundos FIF,Em Funcionamento Normal,2025-12-10,2025-12-10,110438910.35
34476006000151,Trad,Aberto,Classes de Cotas de Fundos FIF,Em Funcionamento Normal,2025-03-13,2025-03-13,525413515.41
19550100000110,Trad,Aberto,Classes de Cotas de Fundos FIF,Em Funcionamento Normal,2025-03-13,2025-03-13,216674719.8
41722175000190,Trad,Aberto,Classes de Cotas de Fundos FIF,Em Funcionamento Normal,2025-06-18,2025-06-18,299213627.95
43619743000157,Trad,Aberto,Classes de Cotas de Fundos FIF,Em Funcionamento Normal,2025-03-13,2025-03-13,1168740422.43
64985472000123,Trad,Aberto,Classes de Cotas de Fundos FIF,Em Funcionamento Normal,2026-02-06,2026-02-06,82172578.83
34657939000145,Trad,Aberto,Classes de Cotas de Fundos FIF,Em Funcionamento Normal,2025-01-30,2025-01-30,1054852.22
57035810000109,Trad,Aberto,Classes de Cotas de Fundos FIF,Em Funcionamento Normal,2024-08-27,2024-08-27,52823646.39
35120235000100,Trad,Aberto,Classes de Cotas de Fundos FIF,Em Funcionamento Normal,2025-01-29,2025-01-29,19162910.42
66148281000132,Trad,Fechado,Classes de Cotas de Fundos FIF,Em Funcionamento Normal,2026-04-08,2026-04-08,25967571.27
37267132000194,Trad,Aberto,Classes de Cotas de Fundos FIF,Em Funcionamento Normal,2025-01-08,2025-01-08,13806540.5
43165507000108,Trad,Fechado,Classes de Cotas de Fundos FIF,Em Funcionamento Normal,2024-12-27,2024-12-27,42510300.07
01380701000166,Trad,Aberto,Classes de Cotas de Fundos FIF,Em Funcionamento Normal,2025-01-14,2025-01-14,7959631
18599004000101,Trad,Aberto,Classes de Cotas de Fundos FIF,Em Funcionamento Normal,2025-05-02,2025-05-02,18880756708.76
36233973000118,Trad,Aberto,Classes de Cotas de Fundos FIF,Em Funcionamento Normal,2025-05-02,2025-05-02,2161041532.81
49269925000121,Trad,Aberto,Classes de Cotas de Fundos FIF,Em Funcionamento Normal,2025-05-02,2025-05-02,2685128942
42220446000171,Trad,Aberto,Classes de Cotas de Fundos FIF,Em Funcionamento Normal,2025-04-29,2025-04-29,466615325.31
37253989000155,Trad,Aberto,Classes de Cotas de Fundos FIF,Em Funcionamento Normal,2025-04-29,2025-04-29,30567896.64
37266789000137,Trad,Aberto,Classes de Cotas de Fundos FIF,Em Funcionamento Normal,2025-04-29,2025-04-29,18811187.59
55274875000173,Trad,Aberto,Classes de Cotas de Fundos FIF,Em Funcionamento Normal,2024-05-24,2024-05-24,20948222243.7
56185166000184,Trad,Aberto,Classes de Cotas de Fundos FIF,Em Funcionamento Normal,2024-07-31,2024-07-31,48265083.92
01630558000113,Trad,Aberto,Classes de Cotas de Fundos FIF,Em Funcionamento Normal,2025-03-21,2025-03-21,68076403893.44
29259957000139,Trad,Aberto,Classes de Cotas de Fundos FIF,Em Funcionamento Normal,2024-08-27,2024-08-27,344431303.24
14843629000108,Trad,Aberto,Classes de Cotas de Fundos FIF,Em Funcionamento Normal,2025-06-05,2025-06-05,7383376.03
56053893000198,Trad,Aberto,Classes de Cotas de Fundos FIF,Em Funcionamento Normal,2024-07-23,2024-07-23,133167918.29
49270021000116,Trad,Aberto,Classes de Cotas de Fundos FIF,Em Funcionamento Normal,2025-05-02,2025-05-02,1043401239.83
24018842000139,Trad,Aberto,Classes de Cotas de Fundos FIF,Em Funcionamento Normal,2025-03-18,2025-03-18,10420346748.36
56926582000196,Trad,Aberto,Classes de Cotas de Fundos FIF,Em Funcionamento Normal,2024-08-20,2024-08-20,35527256.54
53857092000197,Trad,Aberto,Classes de Cotas de Fundos FIF,Em Funcionamento Normal,2024-02-08,2024-02-08,52391055.44
50717653000164,Trad,Aberto,Classes de Cotas de Fundos FIF,Em Funcionamento Normal,2025-04-22,2025-04-22,40944753.54
18685779000191,Trad,Aberto,Classes de Cotas de Fundos FIF,Em Funcionamento Normal,2024-12-13,2024-12-13,14843341.52
42246480000115,Trad,Aberto,Classes de Cotas de Fundos FIF,Em Funcionamento Normal,2025-05-22,2025-05-22,635062858.36
11508507000177,Trad,Aberto,Classes de Cotas de Fundos FIF,Em Funcionamento Normal,2025-04-28,2025-04-28,38419815.62
27293743000153,Trad,Aberto,Classes de Cotas de Fundos FIF,Em Funcionamento Normal,2025-01-29,2025-01-29,227624736.28
45511206000114,Trad,Aberto,Classes de Cotas de Fundos FIF,Em Funcionamento Normal,2025-06-26,2025-06-26,121825901.73
46763213000176,Trad,Aberto,Classes de Cotas de Fundos FIF,Em Funcionamento Normal,2025-06-02,2025-06-02,139354370.77
28206220000195,Trad,Aberto,Classes de Cotas de Fundos FIF,Em Funcionamento Normal,2025-06-27,2025-06-27,577649652.81
53991112000118,Trad,Aberto,Classes de Cotas de Fundos FIF,Em Funcionamento Normal,2024-02-20,2024-02-20,12727901.61
09484942000167,Trad,Aberto,Classes de Cotas de Fundos FIF,Em Funcionamento Normal,2024-08-27,2024-08-27,43542295.52
47443943000152,Trad,Aberto,Classes de Cotas de Fundos FIF,Em Funcionamento Normal,2024-11-14,2024-11-14,643583337.84
32225995000185,Trad,Aberto,Classes de Cotas de Fundos FIF,Em Funcionamento Normal,2025-03-13,2025-03-13,43777003.52
51853123000106,Trad,Aberto,Classes de Cotas de Fundos FIF,Em Funcionamento Normal,2024-08-01,2024-08-01,99083323.49
24444154000130,Trad,Aberto,Classes de Cotas de Fundos FIF,Em Funcionamento Normal,2024-08-01,2024-08-01,514152432.07
52221407000142,Trad,Aberto,Classes de Cotas de Fundos FIF,Em Funcionamento Normal,2024-08-01,2024-08-01,44573763.33
49818870000161,Trad,Aberto,Classes de Cotas de Fundos FIF,Em Funcionamento Normal,2025-06-18,2025-06-18,1017990672.42
55911526000115,Trad,Aberto,Classes de Cotas de Fundos FIF,Em Funcionamento Normal,2024-07-12,2024-07-12,738019025.54
35927331000156,Trad,Aberto,Classes de Cotas de Fundos FIF,Em Funcionamento Normal,2025-04-10,2025-04-10,306026540.93
30869395000124,Trad,Aberto,Classes de Cotas de Fundos FIF,Em Funcionamento Normal,2025-04-04,2025-04-04,559591577.23
43760546000153,Trad,Aberto,Classes de Cotas de Fundos FIF,Em Funcionamento Normal,2025-03-21,2025-03-21,220120904.54
43737615000108,Trad,Aberto,Classes de Cotas de Fundos FIF,Em Funcionamento Normal,2025-04-23,2025-04-23,46679948.29
31962100000122,Trad,Aberto,Classes de Cotas de Fundos FIF,Em Funcionamento Normal,2025-04-04,2025-04-04,2549163045.52
46997395000140,Trad,Aberto,Classes de Cotas de Fundos FIF,Em Funcionamento Normal,2025-04-23,2025-04-23,470825221.77
38026869000188,Trad,Aberto,Classes de Cotas de Fundos FIF,Em Funcionamento Normal,2024-08-01,2024-08-01,462422212.7
14188164000107,Trad,Aberto,Classes de Cotas de Fundos FIF,Em Funcionamento Normal,2024-08-01,2024-08-01,2303367864.64
54973853000139,Trad,Aberto,Classes de Cotas de Fundos FIF,Em Funcionamento Normal,2024-05-02,2024-05-02,220147353.18
01597187000115,Trad,Aberto,Classes de Cotas de Fundos FIF,Em Funcionamento Normal,2024-08-29,2024-08-29,139168161492.85
41837419000180,Trad,Aberto,Classes de Cotas de Fundos FIF,Em Funcionamento Normal,2025-01-15,2025-01-15,1053344287.27
61472550000106,Trad,Aberto,Classes de Cotas de Fundos FIF,Em Funcionamento Normal,2025-06-26,2025-06-26,100682340.52
33953262000120,Trad,Aberto,Classes de Cotas de Fundos FIF,Em Funcionamento Normal,2025-06-27,2025-06-27,35219863
58976417000174,Trad,Aberto,Classes de Cotas de Fundos FIF,Em Funcionamento Normal,2025-01-20,2025-01-17,235563312.45
35491217000126,Trad,Aberto,Classes de Cotas de Fundos FIF,Em Funcionamento Normal,2025-04-11,2025-04-11,3442982519.93
35646238000173,Trad,Aberto,Classes de Cotas de Fundos FIF,Em Funcionamento Normal,2024-11-26,2024-11-26,259404834.2
42014178000131,Trad,Aberto,Classes de Cotas de Fundos FIF,Em Funcionamento Normal,2025-04-11,2025-04-11,1574532981
51942073000133,Trad,Aberto,Classes de Cotas de Fundos FIF,Em Funcionamento Normal,2024-07-30,2024-07-30,27881691.15
35600771000102,Trad,Aberto,Classes de Cotas de Fundos FIF,Em Funcionamento Normal,2025-02-17,2025-02-17,155077835.28
53076975000160,Trad,Aberto,Classes de Cotas de Fundos FIF,Em Funcionamento Normal,2023-12-01,2023-12-01,364832829.5
50677561000106,Trad,Fechado,Classes de Cotas de Fundos FIF,Em Funcionamento Normal,2025-05-05,2025-05-05,7873226.97
13823084000105,Trad,Aberto,Classes de Cotas de Fundos FIF,Em Funcionamento Normal,2025-05-12,2025-05-12,2705953728.93
23502713000159,Trad,Aberto,Classes de Cotas de Fundos FIF,Em Funcionamento Normal,2025-06-03,2025-06-03,229762608.05
45726917000106,Trad,Aberto,Classes de Cotas de Fundos FIF,Em Funcionamento Normal,2025-04-17,2025-04-17,389510391.96
13030850000184,Trad,Aberto,Classes de Cotas de Fundos FIF,Em Funcionamento Normal,2025-05-09,2025-05-09,111147320.31
51863123000197,Trad,Aberto,Classes de Cotas de Fundos FIF,Em Funcionamento Normal,2025-06-27,2025-06-27,87208556.43
52580782000189,Trad,Aberto,Classes de Cotas de Fundos FIF,Em Funcionamento Normal,2023-10-18,2023-10-18,2522360204.34
33701828000126,Trad,Aberto,Classes de Cotas de Fundos FIF,Em Funcionamento Normal,2025-05-08,2025-05-08,1000563613.66
62203847000120,Trad,Aberto,Classes de Cotas de Fundos FIF,Em Funcionamento Normal,2025-08-13,2025-08-12,6998184.01
54333831000104,Trad,Aberto,Classes de Cotas de Fundos FIF,Em Funcionamento Normal,2024-03-14,2024-03-14,1921261885.92
42865719000135,Trad,Aberto,Classes de Cotas de Fundos FIF,Em Funcionamento Normal,2025-06-27,2025-06-27,61304950.19
34525051000159,Trad,Aberto,Classes de Cotas de Fundos FIF,Em Funcionamento Normal,2024-12-27,2024-12-27,1376235500.35
04899128000190,Trad,Aberto,Classes de Cotas de Fundos FIF,Em Funcionamento Normal,2025-04-28,2025-04-28,3668336999.29
47715736000100,Trad,Aberto,Classes de Cotas de Fundos FIF,Em Funcionamento Normal,2025-05-15,2025-05-15,653056276.78
55763285000104,Trad,Aberto,Classes de Cotas de Fundos FIF,Em Funcionamento Normal,2024-07-02,2024-07-02,340122225.85
41610657000158,Trad,Aberto,Classes de Cotas de Fundos FIF,Em Funcionamento Normal,2025-06-24,2025-06-24,114129150.47
54367942000131,Trad,Aberto,Classes de Cotas de Fundos FIF,Em Funcionamento Normal,2024-03-18,2024-03-18,5924564550.59
20889471000100,Trad,Aberto,Classes de Cotas de Fundos FIF,Em Funcionamento Normal,2024-12-03,2024-12-03,382996793.17
23748539000129,Trad,Aberto,Classes de Cotas de Fundos FIF,Em Funcionamento Normal,2025-04-09,2025-04-09,126220152.77
58018929000128,Trad,Aberto,Classes de Cotas de Fundos FIF,Em Funcionamento Normal,2024-11-07,2024-11-06,71972360.59
57340633000166,Trad,Aberto,Classes de Cotas de Fundos FIF,Em Funcionamento Normal,2024-09-18,2024-09-18,43475689.64
19959517000130,Trad,Aberto,Classes de Cotas de Fundos FIF,Em Funcionamento Normal,2025-02-18,2025-02-18,1507076372.73
46334681000125,Trad,Aberto,Classes de Cotas de Fundos FIF,Em Funcionamento Normal,2025-06-18,2025-06-18,148300222.58
55994210000134,Trad,Aberto,Classes de Cotas de Fundos FIF,Em Funcionamento Normal,2024-07-18,2024-07-18,1328470242.25
45642714000131,Trad,Aberto,Classes de Cotas de Fundos FIF,Em Funcionamento Normal,2025-04-17,2025-04-17,2210077414.4
20889498000100,Trad,Aberto,Classes de Cotas de Fundos FIF,Em Funcionamento Normal,2025-02-28,2025-02-28,22744862.36
41348869000109,Trad,Aberto,Classes de Cotas de Fundos FIF,Em Funcionamento Normal,2025-01-20,2025-01-20,22049638.96
60715404000193,Trad,Aberto,Classes de Cotas de Fundos FIF,Em Funcionamento Normal,2025-05-07,2025-05-06,212129056.51
51825326000199,Trad,Aberto,Classes de Cotas de Fundos FIF,Em Funcionamento Normal,2024-10-28,2024-10-28,1443935169.55
52955321000143,Trad,Aberto,Classes de Cotas de Fundos FIF,Em Funcionamento Normal,2023-11-21,2023-11-21,720070893.21
50925001000115,Trad,Aberto,Classes de Cotas de Fundos FIF,Em Funcionamento Normal,2025-04-14,2025-04-14,66435988.3
58275549000179,Trad,Aberto,Classes de Cotas de Fundos FIF,Em Funcionamento Normal,2024-11-28,2024-11-25,11340503.65
16599959000125,Trad,Aberto,Classes de Cotas de Fundos FIF,Em Funcionamento Normal,2025-03-31,2025-03-31,66643749.94
24068085000108,Trad,Aberto,Classes de Cotas de Fundos FIF,Em Funcionamento Normal,2025-02-13,2025-02-13,99628507.17
30608416000158,Trad,,Classes de Cotas de Fundos FIF,Em Funcionamento Normal,2024-09-10,2024-09-10,130708932.84
55754091000142,Trad,Aberto,Classes de Cotas de Fundos FIF,Em Funcionamento Normal,2024-07-01,2024-07-01,12233362.55
26374791000103,Trad,Aberto,Classes de Cotas de Fundos FIF,Em Funcionamento Normal,2024-07-30,2024-07-30,10106106.4
02846259000183,Trad,Aberto,Classes de Cotas de Fundos FIF,Em Funcionamento Normal,2025-06-24,2025-06-24,214485566.49
43508859000119,Trad,Aberto,Classes de Cotas de Fundos FIF,Em Funcionamento Normal,2025-05-27,2025-05-27,18156782.5
62333997000159,Trad,Aberto,Classes de Cotas de Fundos FIF,Em Funcionamento Normal,2025-08-21,2025-08-21,26811710.77
55726312000179,Trad,Aberto,Classes de Cotas de Fundos FIF,Em Funcionamento Normal,2024-06-28,2024-06-28,731043533.9
14491665000150,Trad,Aberto,Classes de Cotas de Fundos FIF,Em Funcionamento Normal,2025-06-17,2025-06-17,39490991.81
59889169000197,Trad,Aberto,Classes de Cotas de Fundos FIF,Em Funcionamento Normal,2025-03-13,2025-03-13,3592417325.19
04240128000183,Trad,Aberto,Classes de Cotas de Fundos FIF,Em Funcionamento Normal,2025-01-20,2025-01-20,161593743.98
62232489000184,Trad,Aberto,Classes de Cotas de Fundos FIF,Em Funcionamento Normal,2025-08-14,2025-08-14,262555794.39
06866051000187,Trad,Aberto,Classes de Cotas de Fundos FIF,Em Funcionamento Normal,2024-06-24,2024-06-24,1983487947.49
09083848000104,Trad,Aberto,Classes de Cotas de Fundos FIF,Em Funcionamento Normal,2025-06-26,2025-06-26,156325233.53
42449373000194,Trad,Aberto,Classes de Cotas de Fundos FIF,Em Funcionamento Normal,2025-05-30,2025-05-30,25304988.45
01361074000116,Trad,Aberto,Classes de Cotas de Fundos FIF,Em Funcionamento Normal,2024-08-14,2024-08-14,4456860529.85
44917400000131,Trad,,,,,,
29734143000109,Trad,Aberto,Classes de Cotas de Fundos FIF,Em Funcionamento Normal,2025-06-18,2025-06-18,74832262.37
41881271000180,Trad,Fechado,Classes de Cotas de Fundos FIF,Em Funcionamento Normal,2025-02-20,2025-02-20,46598987.49
51041048000189,Trad,Aberto,Classes de Cotas de Fundos FIF,Em Funcionamento Normal,2025-04-29,2025-04-29,330772191.55
54026114000130,Trad,Aberto,Classes de Cotas de Fundos FIF,Em Funcionamento Normal,2024-02-22,2024-02-22,133087633.28
58354857000190,Trad,Aberto,Classes de Cotas de Fundos FIF,Em Funcionamento Normal,2024-12-05,2024-12-05,163860964.61
54277615000199,Trad,Aberto,Classes de Cotas de Fundos FIF,Em Funcionamento Normal,2024-03-11,2024-03-11,32265040.97
54072658000138,Trad,Aberto,Classes de Cotas de Fundos FIF,Em Funcionamento Normal,2024-02-26,2024-02-26,111122390.68
62144203000109,Trad,Aberto,Classes de Cotas de Fundos FIF,Em Funcionamento Normal,2025-08-08,2025-08-08,140253735.51
66608223000144,Trad,Aberto,Classes de Cotas de Fundos FIF,Em Funcionamento Normal,2026-05-05,2026-05-05,29676303.58
39511694000167,Trad,Aberto,Classes de Cotas de Fundos FIF,Em Funcionamento Normal,2024-07-01,2024-07-01,14013779.04
40152982000151,Trad,Aberto,Classes de Cotas de Fundos FIF,Em Funcionamento Normal,2025-03-31,2025-03-31,22454873.06
31964159000150,Trad,Aberto,Classes de Cotas de Fundos FIF,Em Funcionamento Normal,2025-02-25,2025-02-25,420271726.7
49924950000100,Trad,Aberto,Classes de Cotas de Fundos FIF,Em Funcionamento Normal,2025-03-10,2025-03-10,64700200.57
53847333000117,Trad,Aberto,Classes de Cotas de Fundos FIF,Em Funcionamento Normal,2024-02-07,2024-02-07,628346196.44
65448597000187,Trad,Aberto,Classes de Cotas de Fundos FIF,Em Funcionamento Normal,2026-03-03,2026-02-27,12614840.77
44900549000108,Trad,Aberto,Classes de Cotas de Fundos FIF,Em Funcionamento Normal,2025-06-09,2025-06-09,69146407.62
05922462000180,Trad,Aberto,Classes de Cotas de Fundos FIF,Em Funcionamento Normal,2025-04-22,2025-04-22,152992930.35
40764095000134,Trad,Aberto,Classes de Cotas de Fundos FIF,Em Funcionamento Normal,2024-12-27,2024-12-27,27514061.25
63110995000163,Trad,Aberto,Classes de Cotas de Fundos FIF,Em Funcionamento Normal,2025-10-09,2025-10-08,161241468.31
44371942000151,Trad,Aberto,Classes de Cotas de Fundos FIF,Em Funcionamento Normal,2025-01-07,2025-01-07,336812040.02
09329721000114,Trad,Aberto,Classes de Cotas de Fundos FIF,Em Funcionamento Normal,2024-12-27,2024-12-27,6037006111.5
63105532000103,Trad,Aberto,Classes de Cotas de Fundos FIF,Em Funcionamento Normal,2025-10-08,2025-10-08,26171162.26
63530215000134,Trad,Aberto,Classes de Cotas de Fundos FIF,Em Funcionamento Normal,2025-11-05,2025-10-30,86494503.76
42921777000139,Trad,Aberto,Classes de Cotas de Fundos FIF,Em Funcionamento Normal,2024-02-23,2024-02-23,559186799.48
61817868000173,Trad,Aberto,Classes de Cotas de Fundos FIF,Em Funcionamento Normal,2025-07-18,2025-06-16,52080657.92
63105295000180,Trad,Aberto,Classes de Cotas de Fundos FIF,Em Funcionamento Normal,2025-10-08,2025-10-08,32247369.45
63534145000192,Trad,Aberto,Classes de Cotas de Fundos FIF,Em Funcionamento Normal,2025-11-05,2025-10-30,203175102.43
63532720000118,Trad,Aberto,Classes de Cotas de Fundos FIF,Em Funcionamento Normal,2025-11-05,2025-10-30,32305260.5
63533177000173,Trad,Aberto,Classes de Cotas de Fundos FIF,Em Funcionamento Normal,2025-11-05,2025-10-30,33236095.89
23731475000153,Trad,Aberto,Classes de Cotas de Fundos FIF,Em Funcionamento Normal,2024-11-14,2024-11-14,28156436.69
25307339000166,Trad,Aberto,Classes de Cotas de Fundos FIF,Em Funcionamento Normal,2025-02-06,2025-02-06,957717475.88
31611340000182,Trad,Aberto,Classes de Cotas de Fundos FIF,Em Funcionamento Normal,2025-01-27,2025-01-27,552349000.43
09418454000151,Trad,Aberto,Classes de Cotas de Fundos FIF,Em Funcionamento Normal,2025-06-20,2025-06-20,206217683.2
36015218000167,Trad,Aberto,Classes de Cotas de Fundos FIF,Em Funcionamento Normal,2024-11-05,2024-11-05,13738499.75
43584990000165,Trad,Aberto,Classes de Cotas de Fundos FIF,Em Funcionamento Normal,2025-04-30,2025-04-30,31613615.26
14473842000175,Trad,Fechado,Classes de Cotas de Fundos FIF,Em Funcionamento Normal,2024-11-01,2024-11-01,47219083.37
58459343000107,Trad,Aberto,Classes de Cotas de Fundos FIF,Em Funcionamento Normal,2024-12-13,2024-12-13,1102227385.19
54347933000189,Trad,Aberto,Classes de Cotas de Fundos FIF,Em Funcionamento Normal,2024-03-15,2024-03-15,35593554.01
62870208000119,Trad,Aberto,Classes de Cotas de Fundos FIF,Em Funcionamento Normal,2025-09-24,2025-09-24,21544385.4
17138011000135,Trad,Aberto,Classes de Cotas de Fundos FIF,Em Funcionamento Normal,2025-06-20,2025-06-20,668514985.21
29109266000159,Trad,Aberto,Classes de Cotas de Fundos FIF,Em Funcionamento Normal,2025-05-22,2025-05-22,342075569.69
37331175000191,Trad,Aberto,Classes de Cotas de Fundos FIF,Em Funcionamento Normal,2025-05-16,2025-05-16,161276422.56
26845906000109,Trad,Aberto,Classes de Cotas de Fundos FIF,Em Funcionamento Normal,2025-06-26,2025-06-26,1309434540.65
35001422000166,Trad,Aberto,Classes de Cotas de Fundos FIF,Em Funcionamento Normal,2025-06-23,2025-06-23,1704584812.77
37319367000182,Trad,Aberto,Classes de Cotas de Fundos FIF,Em Funcionamento Normal,2025-06-13,2025-06-13,438175417.72
51378137000115,Trad,Aberto,Classes de Cotas de Fundos FIF,Em Funcionamento Normal,2024-11-27,2024-11-27,686386590.49
34143987000115,Trad,Aberto,Classes de Cotas de Fundos FIF,Em Funcionamento Normal,2025-06-20,2025-06-20,24789260.51
03960320000181,Trad,Aberto,Classes de Cotas de Fundos FIF,Em Funcionamento Normal,2025-05-23,2025-05-23,996771974.85
03960349000163,Trad,Aberto,Classes de Cotas de Fundos FIF,Em Funcionamento Normal,2025-06-18,2025-06-18,165876186.78
19413568000162,Trad,Aberto,Classes de Cotas de Fundos FIF,Em Funcionamento Normal,2025-06-23,2025-06-23,48840963.82
10326625000100,Trad,Aberto,Classes de Cotas de Fundos FIF,Em Funcionamento Normal,2025-01-06,2025-01-06,710887364.36
45295157000120,Trad,Aberto,Classes de Cotas de Fundos FIF,Em Funcionamento Normal,2025-03-13,2025-03-13,184587647.5
63406337000113,Trad,Aberto,Classes de Cotas de Fundos FIF,Em Funcionamento Normal,2025-10-28,2025-10-28,278210644.83
40456260000190,Trad,Aberto,Classes de Cotas de Fundos FIF,Em Funcionamento Normal,2025-01-03,2025-01-03,347635963.58
65131307000177,Trad,Aberto,Classes de Cotas de Fundos FIF,Em Funcionamento Normal,2026-02-13,2026-02-13,212110231.56
41128444000194,Trad,Aberto,Classes de Cotas de Fundos FIF,Em Funcionamento Normal,2025-01-28,2025-01-28,1632181860.51
35803277000137,Trad,Aberto,Classes de Cotas de Fundos FIF,Em Funcionamento Normal,2025-01-03,2025-01-03,161694321.05
35916343000185,Trad,Fechado,Classes de Cotas de Fundos FIF,Em Funcionamento Normal,2024-10-17,2024-10-17,108601487.21
43597393000175,Trad,Aberto,Classes de Cotas de Fundos FIF,Em Funcionamento Normal,2024-09-19,2024-09-19,73624170.34
61572789000140,Trad,Aberto,Classes de Cotas de Fundos FIF,Em Funcionamento Normal,2025-07-03,2025-07-03,156114415.49
37780270000172,Trad,Aberto,Classes de Cotas de Fundos FIF,Em Funcionamento Normal,2025-05-23,2025-05-23,67847456.45
53502091000120,Trad,Aberto,Classes de Cotas de Fundos FIF,Em Funcionamento Normal,2024-01-15,2024-01-15,83143612.75
45104170000154,Trad,Aberto,Classes de Cotas de Fundos FIF,Em Funcionamento Normal,2025-02-17,2025-02-17,152244757.2
34200585000105,Trad,Aberto,Classes de Cotas de Fundos FIF,Em Funcionamento Normal,2025-03-28,2025-03-28,112076969.53
44230868000153,Trad,Aberto,Classes de Cotas de Fundos FIF,Em Funcionamento Normal,2025-01-06,2025-01-06,278680460.63
37099037000129,Trad,Fechado,Classes de Cotas de Fundos FIF,Em Funcionamento Normal,2025-06-24,2025-06-24,291217890.82
55110376000140,Trad,Aberto,Classes de Cotas de Fundos FIF,Em Funcionamento Normal,2024-05-13,2024-05-13,11036942.13
48975466000139,Trad,Aberto,Classes de Cotas de Fundos FIF,Em Funcionamento Normal,2025-06-27,2025-06-27,1097445807.12
42044315000180,Trad,Aberto,Classes de Cotas de Fundos FIF,Em Funcionamento Normal,2025-06-27,2025-06-27,123021204.76
56431727000188,Trad,Aberto,Classes de Cotas de Fundos FIF,Em Funcionamento Normal,2024-08-09,2024-08-09,3566720992.55
53798986000153,Trad,Aberto,Classes de Cotas de Fundos FIF,Em Funcionamento Normal,2024-02-05,2024-02-05,150344990.82
66572852000161,Trad,Aberto,Classes de Cotas de Fundos FIF,Em Funcionamento Normal,2026-05-04,2026-04-30,103479069.29
38120661000123,Trad,Aberto,Classes de Cotas de Fundos FIF,Em Funcionamento Normal,2024-05-22,2024-05-22,16456737.53
44980461000143,Trad,Aberto,Classes de Cotas de Fundos FIF,Em Funcionamento Normal,2024-10-29,2024-10-29,47649955.67
47729760000106,Trad,Aberto,Classes de Cotas de Fundos FIF,Em Funcionamento Normal,2024-01-17,2024-01-17,234560427.91
45645190000132,Trad,Aberto,Classes de Cotas de Fundos FIF,Em Funcionamento Normal,2024-05-08,2024-05-08,28957144.93
20519416000128,Trad,Aberto,Classes de Cotas de Fundos FIF,Em Funcionamento Normal,2025-06-23,2025-06-23,327384680.14
44977584000125,Trad,,Classes de Cotas de Fundos FIF,Em Funcionamento Normal,2025-05-08,2025-05-08,69598413.26
37805950000101,Trad,Aberto,Classes de Cotas de Fundos FIF,Em Funcionamento Normal,2025-04-30,2025-04-30,23511685.01
44283966000159,Trad,Aberto,Classes de Cotas de Fundos FIF,Em Funcionamento Normal,2025-06-24,2025-06-24,84690915.75
15259169000138,Trad,Aberto,Classes de Cotas de Fundos FIF,Em Funcionamento Normal,2025-06-25,2025-06-25,139935320.5
07889704000106,Trad,Aberto,Classes de Cotas de Fundos FIF,Em Funcionamento Normal,2025-05-15,2025-05-15,20622658.38
29983496000142,Trad,Aberto,Classes de Cotas de Fundos FIF,Em Funcionamento Normal,2025-06-10,2025-06-10,313951100.82
09087708000104,Trad,Aberto,Classes de Cotas de Fundos FIF,Em Funcionamento Normal,2025-06-16,2025-06-16,99362084.08
28320857000108,Trad,Aberto,Classes de Cotas de Fundos FIF,Em Funcionamento Normal,2025-06-10,2025-06-10,2923769828.13
17339084000195,Trad,Aberto,Classes de Cotas de Fundos FIF,Em Funcionamento Normal,2025-06-26,2025-06-26,67914424.56
36521676000178,Trad,Aberto,Classes de Cotas de Fundos FIF,Em Funcionamento Normal,2025-06-26,2025-06-26,477326678.86
46539506000174,Trad,Aberto,Classes de Cotas de Fundos FIF,Em Funcionamento Normal,2025-03-19,2025-03-19,236062916.01
62021805000179,Trad,Aberto,Classes de Cotas de Fundos FIF,Em Funcionamento Normal,2025-08-01,2025-07-21,120660801.6
44672936000134,Trad,Aberto,Classes de Cotas de Fundos FIF,Em Funcionamento Normal,2025-02-25,2025-02-25,41285473.69
20833938000108,Trad,Aberto,Classes de Cotas de Fundos FIF,Em Funcionamento Normal,2025-06-02,2025-06-02,1141562391.53
09181291000136,Trad,Aberto,Classes de Cotas de Fundos FIF,Em Funcionamento Normal,2025-06-13,2025-06-13,30377262.17
34475149000149,Trad,Aberto,Classes de Cotas de Fundos FIF,Em Funcionamento Normal,2024-03-12,2024-03-12,3059661.48
43778949000120,Trad,Aberto,Classes de Cotas de Fundos FIF,Em Funcionamento Normal,2024-12-27,2024-12-27,3200522037.05
61290059000156,Trad,Aberto,Classes de Cotas de Fundos FIF,Em Funcionamento Normal,2025-06-12,2025-06-12,1708266629.14
32771072000129,Trad,Aberto,Classes de Cotas de Fundos FIF,Em Funcionamento Normal,2024-10-22,2024-10-22,387981387.84
04621721000170,Trad,Aberto,Classes de Cotas de Fundos FIF,Em Funcionamento Normal,2024-10-22,2024-10-22,1263270162.19
48658513000110,Trad,Aberto,Classes de Cotas de Fundos FIF,Em Funcionamento Normal,2024-12-27,2024-12-27,2490837159.53
42418908000160,Trad,Aberto,Classes de Cotas de Fundos FIF,Em Funcionamento Normal,2025-05-26,2025-05-26,1727381150.88
57375967000175,Trad,Aberto,Classes de Cotas de Fundos FIF,Em Funcionamento Normal,2024-09-20,2024-09-20,644433854.18
65028745000104,Trad,Aberto,Classes de Cotas de Fundos FIF,Em Funcionamento Normal,2026-02-09,2026-02-09,161221562.1
31961612000174,Trad,Aberto,Classes de Cotas de Fundos FIF,Em Funcionamento Normal,2024-09-13,2024-09-13,265287608.39
18814964000139,Trad,Aberto,Classes de Cotas de Fundos FIF,Em Funcionamento Normal,2024-10-22,2024-10-22,1050625097.19
14146491000198,Trad,Aberto,Classes de Cotas de Fundos FIF,Em Funcionamento Normal,2024-10-31,2024-10-31,58136636.12
37539419000126,Trad,Aberto,Classes de Cotas de Fundos FIF,Em Funcionamento Normal,2025-05-28,2025-05-28,74720535.01
37899720000140,Trad,Aberto,Classes de Cotas de Fundos FIF,Em Funcionamento Normal,2025-02-06,2025-02-06,75199226.5
10843445000197,Trad,Aberto,Classes de Cotas de Fundos FIF,Em Funcionamento Normal,2024-10-22,2024-10-22,5407242536.84
55402464000116,Trad,Aberto,Classes de Cotas de Fundos FIF,Em Funcionamento Normal,2024-06-05,2024-06-05,705346251.8
58729502000138,Trad,Aberto,Classes de Cotas de Fundos FIF,Em Funcionamento Normal,2025-01-09,2025-01-09,319939706.79
42417749000189,Trad,Aberto,Classes de Cotas de Fundos FIF,Em Funcionamento Normal,2025-03-11,2025-03-11,139979177.74
45147116000196,Trad,Aberto,Classes de Cotas de Fundos FIF,Em Funcionamento Normal,2024-02-05,2024-02-05,13949039.98
44748987000100,Trad,Aberto,Classes de Cotas de Fundos FIF,Em Funcionamento Normal,2024-02-05,2024-02-05,34580587.05
30338831000139,Trad,Aberto,Classes de Cotas de Fundos FIF,Em Funcionamento Normal,2024-08-16,2024-08-16,45014605.29
22985070000189,Trad,Aberto,Classes de Cotas de Fundos FIF,Em Funcionamento Normal,2025-06-24,2025-06-24,76928185.32
44764166000150,Trad,Aberto,Classes de Cotas de Fundos FIF,Em Funcionamento Normal,2025-06-18,2025-06-18,12116223.59
59262432000113,Trad,Fechado,Classes de Cotas de Fundos FIF,Em Funcionamento Normal,2025-02-03,2025-02-03,96260113.62
21015780000113,Trad,Aberto,Classes de Cotas de Fundos FIF,Em Funcionamento Normal,2025-06-09,2025-06-09,61305204.12
19941929000143,Trad,Aberto,Classes de Cotas de Fundos FIF,Em Funcionamento Normal,2025-06-13,2025-06-13,488686914.82
39488674000112,Trad,Aberto,Classes de Cotas de Fundos FIF,Em Funcionamento Normal,2025-06-24,2025-06-24,117648565.44
62392905000101,Trad,Aberto,Classes de Cotas de Fundos FIF,Em Funcionamento Normal,2025-08-25,2025-08-25,19092809.93
55315251000157,Trad,Aberto,Classes de Cotas de Fundos FIF,Em Funcionamento Normal,2024-05-28,2024-05-28,11184239.91
62672551000159,12431,Aberto,Classes de Cotas de Fundos FIF,Em Funcionamento Normal,2025-09-11,2025-09-11,15524001.21
50733585000127,12431,Aberto,Classes de Cotas de Fundos FIF,Em Funcionamento Normal,2024-07-18,2024-07-18,155647918.92
53177632000191,12431,Aberto,Classes de Cotas de Fundos FIF,Em Funcionamento Normal,2023-12-12,2023-12-12,25487814.29
62318422000167,12431,Aberto,Classes de Cotas de Fundos FIF,Em Funcionamento Normal,2025-08-20,2025-08-20,14934724.05
61543295000137,12431,Aberto,Classes de Cotas de Fundos FIF,Em Funcionamento Normal,2025-07-01,2025-07-01,48776094.6
61692294000154,12431,Aberto,Classes de Cotas de Fundos FIF,Em Funcionamento Normal,2025-07-10,2025-07-10,74956968.39
57158611000180,12431,Aberto,Classes de Cotas de Fundos FIF,Em Funcionamento Normal,2024-09-04,2024-09-04,0
57049210000191,12431,Aberto,Classes de Cotas de Fundos FIF,Em Funcionamento Normal,2024-08-28,2024-08-28,45927809.31
55323655000192,12431,Aberto,Classes de Cotas de Fundos FIF,Em Funcionamento Normal,2024-05-29,2024-05-29,15971138.22
55627121000150,12431,Aberto,Classes de Cotas de Fundos FIF,Em Funcionamento Normal,2024-06-21,2024-06-21,25475135.4
63319624000196,12431,,Classes de Cotas de Fundos FIF,Em Funcionamento Normal,2025-10-22,2025-10-22,3483487.36
59587336000145,12431,Aberto,Classes de Cotas de Fundos FIF,Em Funcionamento Normal,2025-02-21,2025-02-21,92298673.39
62234191000103,12431,Aberto,Classes de Cotas de Fundos FIF,Em Funcionamento Normal,2025-08-14,2025-08-14,27941432.3
62624041000106,12431,Aberto,Classes de Cotas de Fundos FIF,Em Funcionamento Normal,2025-09-09,2025-09-09,62006682.41
54334995000156,12431,Aberto,Classes de Cotas de Fundos FIF,Em Funcionamento Normal,2024-03-14,2024-03-14,4291615186.88
47628885000131,12431,Aberto,Classes de Cotas de Fundos FIF,Em Funcionamento Normal,2024-10-18,2024-10-18,1220810763.82
55956652000196,12431,Aberto,Classes de Cotas de Fundos FIF,Em Funcionamento Normal,2024-07-16,2024-07-16,539502155.61
57738351000111,12431,Aberto,Classes de Cotas de Fundos FIF,Em Funcionamento Normal,2024-10-17,2024-10-17,68395102.94
63124967000103,12431,Aberto,Classes de Cotas de Fundos FIF,Em Funcionamento Normal,2025-10-09,2025-10-06,3639364898.64
57046745000109,12431,Aberto,Classes de Cotas de Fundos FIF,Em Funcionamento Normal,2024-08-28,2024-08-28,189061218.91
60931618000105,12431,Aberto,Classes de Cotas de Fundos FIF,Em Funcionamento Normal,2025-05-21,2025-05-20,455677864.95
55940692000140,12431,Aberto,Classes de Cotas de Fundos FIF,Em Funcionamento Normal,2024-07-15,2024-07-15,178361212.01
51112915000120,12431,Aberto,Classes de Cotas de Fundos FIF,Em Funcionamento Normal,2024-10-18,2024-10-18,202557195.9
63858779000109,12431,Aberto,Classes de Cotas de Fundos FIF,Em Funcionamento Normal,2025-11-28,2025-11-26,42658555.65
50861003000198,12431,Aberto,Classes de Cotas de Fundos FIF,Em Funcionamento Normal,2023-12-08,2023-12-08,187341580.62
60606855000192,12431,Aberto,Classes de Cotas de Fundos FIF,Em Funcionamento Normal,2025-04-29,2025-04-29,3715143.22
62406671000104,12431,Aberto,Classes de Cotas de Fundos FIF,Em Funcionamento Normal,2025-08-26,2025-08-26,29941252.55
55485710000140,12431,Aberto,Classes de Cotas de Fundos FIF,Em Funcionamento Normal,2024-06-11,2024-06-11,87977800.47
55083993000102,12431,Aberto,Classes de Cotas de Fundos FIF,Em Funcionamento Normal,2024-05-10,2024-05-10,80161474.97
58580968000114,12431,Aberto,Classes de Cotas de Fundos FIF,Em Funcionamento Normal,2024-12-30,2024-12-30,22233011.91
52046394000112,12431,Fechado,Classes de Cotas de Fundos FIF,Em Funcionamento Normal,2024-07-25,2024-07-25,29570818.74
62234941000147,12431,Aberto,Classes de Cotas de Fundos FIF,Em Funcionamento Normal,2025-08-14,2025-08-14,22088503.66
54008802000177,12431,Aberto,Classes de Cotas de Fundos FIF,Em Funcionamento Normal,2024-02-21,2024-02-21,151905018.87
30521138000105,12431,Aberto,Classes de Cotas de Fundos FIF,Em Funcionamento Normal,2025-04-23,2025-04-23,95583069.61
30568861000131,12431,Aberto,Classes de Cotas de Fundos FIF,Em Funcionamento Normal,2025-05-13,2025-05-13,150156264.51
58140821000103,12431,Aberto,Classes de Cotas de Fundos FIF,Em Funcionamento Normal,2024-11-18,2024-11-18,21259848.11
42321520000146,12431,,Classes de Cotas de Fundos FIF,Em Funcionamento Normal,2024-05-29,2024-05-29,59043524.04
37037999000153,12431,Aberto,Classes de Cotas de Fundos FIF,Em Funcionamento Normal,2025-06-04,2025-06-04,144679339.42
60865770000129,12431,Aberto,Classes de Cotas de Fundos FIF,Em Funcionamento Normal,2025-05-16,2025-05-16,10733427.57
61562479000144,12431,Aberto,Classes de Cotas de Fundos FIF,Em Funcionamento Normal,2025-07-02,2025-06-30,9803306.58
23631350000151,12431,Aberto,Classes de Cotas de Fundos FIF,Em Funcionamento Normal,2025-05-28,2025-05-28,14950509.59
57535053000124,12431,Aberto,Classes de Cotas de Fundos FIF,Em Funcionamento Normal,2024-10-02,2024-10-02,20157852.98
61908557000110,12431,Aberto,Classes de Cotas de Fundos FIF,Em Funcionamento Normal,2025-07-24,2025-07-23,52613632.73
59602591000110,12431,Aberto,Classes de Cotas de Fundos FIF,Em Funcionamento Normal,2025-02-21,2025-02-21,46655146.78
61952434000186,12431,Aberto,Classes de Cotas de Fundos FIF,Em Funcionamento Normal,2025-07-28,2025-07-24,50997107.66
55110714000144,12431,Aberto,Classes de Cotas de Fundos FIF,Em Funcionamento Normal,2024-05-13,2024-05-13,56561368.45
45088665000137,12431,Aberto,Classes de Cotas de Fundos FIF,Em Funcionamento Normal,2024-08-28,2024-08-28,35058468.93
50817290000139,12431,Aberto,Classes de Cotas de Fundos FIF,Em Funcionamento Normal,2024-12-09,2024-12-09,44502542
61390482000128,12431,Aberto,Classes de Cotas de Fundos FIF,Em Funcionamento Normal,2025-06-20,2025-06-20,24881377.64
55161850000163,12431,,,,,,
16703345000141,12431,Aberto,Classes de Cotas de Fundos FIF,Em Funcionamento Normal,2024-03-22,2024-03-22,64056180.96
58736286000158,12431,Fechado,Classes de Cotas de Fundos FIF,Em Funcionamento Normal,2025-01-09,2025-01-09,38894457.16
34681760000123,12431,,Classes de Cotas de Fundos FIF,Em Funcionamento Normal,2024-05-06,2024-05-06,27926786.28
54405192000145,12431,Aberto,Classes de Cotas de Fundos FIF,Em Funcionamento Normal,2024-03-20,2024-03-20,29213774.09
62323295000194,12431,Aberto,Classes de Cotas de Fundos FIF,Em Funcionamento Normal,2025-08-20,2025-08-20,106867891.6
53503230000130,12431,Fechado,Classes de Cotas de Fundos FIF,Em Funcionamento Normal,2024-01-15,2024-01-15,23307190.6
51181910000159,12431,Fechado,Classes de Cotas de Fundos FIF,Em Funcionamento Normal,2024-07-25,2024-07-25,28633312.25
62408759000165,12431,Aberto,Classes de Cotas de Fundos FIF,Em Funcionamento Normal,2025-08-26,2025-08-26,19352119.33
57552335000130,12431,Aberto,Classes de Cotas de Fundos FIF,Em Funcionamento Normal,2024-10-03,2024-10-03,18169698.69
61803360000116,12431,Aberto,Classes de Cotas de Fundos FIF,Em Funcionamento Normal,2025-07-17,2025-07-14,90317430.39
52982533000110,12431,Fechado,Classes de Cotas de Fundos FIF,Em Funcionamento Normal,2023-11-23,2023-11-23,24007277.99
63784778000159,12431,Aberto,Classes de Cotas de Fundos FIF,Em Funcionamento Normal,2025-11-24,2025-11-21,36529684.72
52999105000108,12431,Aberto,Classes de Cotas de Fundos FIF,Em Funcionamento Normal,2023-11-24,2023-11-24,48378471.22
55250638000172,12431,Aberto,Classes de Cotas de Fundos FIF,Em Funcionamento Normal,2024-05-23,2024-05-23,45432908.17
43122017000124,12431,Fechado,Classes de Cotas de Fundos FIF,Em Funcionamento Normal,2024-07-24,2024-07-24,73277570.83
65847230000136,12431,,Classes de Cotas de Fundos FIF,Em Funcionamento Normal,2026-03-23,2026-03-23,45265370.21
62231879000130,12431,Aberto,Classes de Cotas de Fundos FIF,Em Funcionamento Normal,2025-08-14,2025-08-14,17343227.16
54644019000108,12431,Fechado,Classes de Cotas de Fundos FIF,Em Funcionamento Normal,2024-04-08,2024-04-08,28841842.36
56365479000114,12431,Fechado,Classes de Cotas de Fundos FIF,Em Funcionamento Normal,2024-08-07,2024-08-07,25264441.36
56778085000198,12431,Fechado,Classes de Cotas de Fundos FIF,Em Funcionamento Normal,2024-08-15,2024-08-15,22588781.57
62379427000108,12431,Aberto,Classes de Cotas de Fundos FIF,Em Funcionamento Normal,2025-08-25,2025-08-25,18474409.1
49115219000125,12431,Fechado,Classes de Cotas de Fundos FIF,Em Funcionamento Normal,2024-07-24,2024-07-24,20060515.5
58703709000133,12431,Aberto,Classes de Cotas de Fundos FIF,Em Funcionamento Normal,2025-01-08,2025-01-08,29706963.13
34626618000183,12431,Aberto,Classes de Cotas de Fundos FIF,Em Funcionamento Normal,2025-04-23,2025-04-23,23560015.66
57654090000151,12431,Aberto,Classes de Cotas de Fundos FIF,Em Funcionamento Normal,2024-10-11,2024-10-11,51323245.52
52279344000185,12431,Fechado,Classes de Cotas de Fundos FIF,Em Funcionamento Normal,2024-02-09,2024-02-09,9628645.7
55111228000140,12431,Aberto,Classes de Cotas de Fundos FIF,Em Funcionamento Normal,2024-05-13,2024-05-13,59463540.27
51507955000170,12431,Aberto,Classes de Cotas de Fundos FIF,Em Funcionamento Normal,2024-12-23,2024-12-23,73323673.43
55708971000182,12431,Fechado,Classes de Cotas de Fundos FIF,Em Funcionamento Normal,2024-06-27,2024-06-27,190583593.05
57527685000146,12431,Aberto,Classes de Cotas de Fundos FIF,Em Funcionamento Normal,2024-10-02,2024-10-01,37741008.77
57527967000143,12431,Aberto,Classes de Cotas de Fundos FIF,Em Funcionamento Normal,2024-10-02,2024-10-01,31122669.24
62662727000191,12431,Aberto,Classes de Cotas de Fundos FIF,Em Funcionamento Normal,2025-09-10,2025-09-04,29388611.82
55020138000144,12431,Aberto,Classes de Cotas de Fundos FIF,Em Funcionamento Normal,2024-05-06,2024-05-06,32323695.79
64739277000113,12431,Aberto,Classes de Cotas de Fundos FIF,Em Funcionamento Normal,2026-01-27,2026-01-26,62629276.89
61926290000193,12431,Fechado,Classes de Cotas de Fundos FIF,Em Funcionamento Normal,2025-07-25,2025-07-25,73067855.58
60344823000166,12431,Aberto,Classes de Cotas de Fundos FIF,Em Funcionamento Normal,2025-04-10,2025-04-10,214914173.13
51572183000150,12431,Aberto,Classes de Cotas de Fundos FIF,Em Funcionamento Normal,2025-03-19,2025-03-19,1064561799.61
49001109000132,12431,Aberto,Classes de Cotas de Fundos FIF,Em Funcionamento Normal,2025-05-05,2025-05-05,32531288.34
55392560000120,12431,Aberto,Classes de Cotas de Fundos FIF,Em Funcionamento Normal,2024-06-04,2024-06-04,23991503.95
58542057000100,12431,,Classes de Cotas de Fundos FIF,Em Funcionamento Normal,2024-12-23,2024-12-23,31916799.61
60532515000164,12431,Aberto,Classes de Cotas de Fundos FIF,Em Funcionamento Normal,2025-04-24,2025-04-24,56640256.35
57119209000196,12431,Fechado,Classes de Cotas de Fundos FIF,Em Funcionamento Normal,2024-09-02,2024-09-02,22391143.05
61885649000121,12431,Aberto,Classes de Cotas de Fundos FIF,Em Funcionamento Normal,2025-07-23,2025-07-21,54733854.31
58516289000186,12431,Aberto,Classes de Cotas de Fundos FIF,Em Funcionamento Normal,2024-12-19,2024-12-19,100926594.63
58586883000143,12431,Aberto,Classes de Cotas de Fundos FIF,Em Funcionamento Normal,2024-12-31,2024-12-31,216928328.68
32319373000116,12431,Aberto,Classes de Cotas de Fundos FIF,Em Funcionamento Normal,2025-03-20,2025-03-20,1887091962.36
62551626000143,12431,Aberto,Classes de Cotas de Fundos FIF,Em Funcionamento Normal,2025-09-03,2025-09-03,16444178.19
37368078000173,12431,Aberto,Classes de Cotas de Fundos FIF,Em Funcionamento Normal,2025-03-20,2025-03-20,268451875.61
56284312000129,12431,Aberto,Classes de Cotas de Fundos FIF,Em Funcionamento Normal,2024-08-05,2024-08-05,934663669.95
32075119000110,12431,Aberto,Classes de Cotas de Fundos FIF,Em Funcionamento Normal,2025-03-18,2025-03-18,1775221589.33
63920768000101,12431,Aberto,Classes de Cotas de Fundos FIF,Em Funcionamento Normal,2025-12-03,2025-12-03,1141313771.42
57134507000155,12431,Aberto,Classes de Cotas de Fundos FIF,Em Funcionamento Normal,2024-09-03,2024-09-03,270354846.01
60477852000104,12431,Aberto,Classes de Cotas de Fundos FIF,Em Funcionamento Normal,2025-04-22,2025-04-22,198325259.87
54600520000164,12431,Aberto,Classes de Cotas de Fundos FIF,Em Funcionamento Normal,2024-04-04,2024-04-04,80707005.8
57942829000120,12431,Aberto,Classes de Cotas de Fundos FIF,Em Funcionamento Normal,2024-11-01,2024-11-01,24590742.36
50320512000103,12431,,Classes de Cotas de Fundos FIF,Em Funcionamento Normal,2024-06-13,2024-06-13,25725552.83
55089131000189,12431,Aberto,Classes de Cotas de Fundos FIF,Em Funcionamento Normal,2024-05-10,2024-05-10,63015336.6
58251560000107,12431,Fechado,Classes de Cotas de Fundos FIF,Em Funcionamento Normal,2024-11-27,2024-11-27,54168485.62
57249756000196,12431,Fechado,Classes de Cotas de Fundos FIF,Em Funcionamento Normal,2024-09-11,2024-09-11,51290138.63
58770366000120,12431,Aberto,Classes de Cotas de Fundos FIF,Em Funcionamento Normal,2025-01-10,2025-01-09,31199841.89
51555270000108,12431,Aberto,Classes de Cotas de Fundos FIF,Em Funcionamento Normal,2025-01-24,2025-01-24,56872042.99
54900133000143,12431,Aberto,Classes de Cotas de Fundos FIF,Em Funcionamento Normal,2024-04-26,2024-04-26,40414088.39
65255255000140,12431,,Classes de Cotas de Fundos FIF,Em Funcionamento Normal,2026-02-23,2026-02-23,27520465.93
54350167000101,12431,Aberto,Classes de Cotas de Fundos FIF,Em Funcionamento Normal,2024-03-15,2024-03-15,61963495.75
55112367000199,12431,Aberto,Classes de Cotas de Fundos FIF,Em Funcionamento Normal,2024-05-13,2024-05-13,18673613.72
55054075000147,12431,Aberto,Classes de Cotas de Fundos FIF,Em Funcionamento Normal,2024-05-08,2024-05-08,49397684.59
59754353000120,12431,,,,,,
52285828000137,12431,Fechado,Classes de Cotas de Fundos FIF,Em Funcionamento Normal,2024-07-25,2024-07-25,27055089.3
58443366000115,12431,Aberto,Classes de Cotas de Fundos FIF,Em Funcionamento Normal,2024-12-12,2024-12-12,369060608.37
49598896000141,12431,Aberto,Classes de Cotas de Fundos FIF,Em Funcionamento Normal,2025-05-28,2025-05-28,82175303.29
63285255000168,12431,Aberto,Classes de Cotas de Fundos FIF,Em Funcionamento Normal,2025-10-21,2025-10-21,10254157.9
63880974000127,12431,Aberto,Classes de Cotas de Fundos FIF,Em Funcionamento Normal,2025-12-01,2025-12-01,19695249.61
56060474000183,12431,Fechado,Classes de Cotas de Fundos FIF,Em Funcionamento Normal,2024-07-24,2024-07-24,39592107.98
63174394000114,12431,Fechado,Classes de Cotas de Fundos FIF,Em Funcionamento Normal,2025-10-14,2025-10-14,15942818.74
62358710000145,12431,Aberto,Classes de Cotas de Fundos FIF,Em Funcionamento Normal,2025-08-22,2025-08-22,20646351.34
54976215000171,12431,Aberto,Classes de Cotas de Fundos FIF,Em Funcionamento Normal,2024-05-02,2024-05-02,11226274.02
62473925000107,12431,Fechado,Classes de Cotas de Fundos FIF,Em Funcionamento Normal,2025-08-29,2025-08-29,20874144.97
62234770000156,12431,Fechado,Classes de Cotas de Fundos FIF,Em Funcionamento Normal,2025-08-14,2025-08-14,39801623.84
63441123000188,12431,Aberto,Classes de Cotas de Fundos FIF,Em Funcionamento Normal,2025-10-30,2025-10-28,51398709.38
55342126000136,12431,Aberto,Classes de Cotas de Fundos FIF,Em Funcionamento Normal,2024-05-31,2024-05-31,44891568.31
46503160000154,12431,Aberto,Classes de Cotas de Fundos FIF,Em Funcionamento Normal,2025-04-23,2025-04-23,31248291.23
57173714000119,12431,Aberto,Classes de Cotas de Fundos FIF,Em Funcionamento Normal,2024-09-05,2024-09-05,50485872.26
54334534000183,12431,Fechado,Classes de Cotas de Fundos FIF,Em Funcionamento Normal,2024-03-14,2024-03-14,34920877.99
63939280000118,12431,Aberto,Classes de Cotas de Fundos FIF,Em Funcionamento Normal,2025-12-04,2025-12-04,59176544.7
64958783000101,12431,Fechado,Classes de Cotas de Fundos FIF,Em Funcionamento Normal,2026-02-05,2026-02-04,237164206.86
66632272000112,12431,Fechado,Classes de Cotas de Fundos FIF,Em Funcionamento Normal,2026-05-06,2026-05-06,234438576.05
65096801000148,12431,Aberto,Classes de Cotas de Fundos FIF,Em Funcionamento Normal,2026-02-12,2026-02-12,209226394.83
24658649000162,12431,Aberto,Classes de Cotas de Fundos FIF,Em Funcionamento Normal,2025-05-08,2025-05-08,398753810.93
51389786000111,12431,Aberto,Classes de Cotas de Fundos FIF,Em Funcionamento Normal,2025-05-28,2025-05-28,106009443.08
08814754000197,12431,Fechado,Classes de Cotas de Fundos FIF,Em Funcionamento Normal,2024-08-26,2024-08-26,6336366.76
61944498000135,12431,Aberto,Classes de Cotas de Fundos FIF,Em Funcionamento Normal,2025-07-28,2025-07-28,59255061.7
49489422000161,12431,Fechado,Classes de Cotas de Fundos FIF,Em Funcionamento Normal,2024-07-24,2024-07-24,51947769.54
53739077000144,12431,Aberto,Classes de Cotas de Fundos FIF,Em Funcionamento Normal,2024-01-31,2024-01-31,45228090.18
57416421000115,12431,Fechado,Classes de Cotas de Fundos FIF,Em Funcionamento Normal,2024-09-24,2024-09-24,32984243.55
62963313000100,12431,Fechado,Classes de Cotas de Fundos FIF,Em Funcionamento Normal,2025-09-30,2025-09-30,15590424.75
56886777000150,12431,Aberto,Classes de Cotas de Fundos FIF,Em Funcionamento Normal,2024-08-16,2024-08-16,47669672.82
55536855000123,12431,Fechado,Classes de Cotas de Fundos FIF,Em Funcionamento Normal,2024-06-14,2024-06-14,90881737.98
59092416000120,12431,Aberto,Classes de Cotas de Fundos FIF,Em Funcionamento Normal,2025-01-24,2025-01-24,58247169.96
54758649000103,12431,Aberto,Classes de Cotas de Fundos FIF,Em Funcionamento Normal,2024-04-16,2024-04-16,22381319.7
61063366000102,12431,Aberto,Classes de Cotas de Fundos FIF,Em Funcionamento Normal,2025-05-29,2025-05-29,31848872.95
57552109000159,12431,Aberto,Classes de Cotas de Fundos FIF,Em Funcionamento Normal,2024-10-03,2024-10-03,39850888.35
63190269000106,12431,Aberto,Classes de Cotas de Fundos FIF,Em Funcionamento Normal,2025-10-14,2025-10-13,19600321.5
59817983000104,12431,Aberto,Classes de Cotas de Fundos FIF,Em Funcionamento Normal,2025-03-10,2025-03-10,108450888.04
53180560000131,12431,Aberto,Classes de Cotas de Fundos FIF,Em Funcionamento Normal,2023-12-12,2023-12-12,106471076.05
61140801000147,12431,Aberto,Classes de Cotas de Fundos FIF,Em Funcionamento Normal,2025-06-03,2025-06-03,10819819.16
61141163000189,12431,Aberto,Classes de Cotas de Fundos FIF,Em Funcionamento Normal,2025-06-03,2025-06-03,25003500.92
65680121000177,12431,Aberto,Classes de Cotas de Fundos FIF,Em Funcionamento Normal,2026-03-13,2026-03-12,20215021.22
64435884000190,12431,Aberto,Classes de Cotas de Fundos FIF,Em Funcionamento Normal,2026-01-13,2026-01-07,21069175.37
62729351000195,12431,Aberto,Classes de Cotas de Fundos FIF,Em Funcionamento Normal,2025-09-15,2025-09-15,24325380.26
65835445000137,12431,Aberto,Classes de Cotas de Fundos FIF,Em Funcionamento Normal,2026-03-23,2026-03-16,8768577.42
63190103000181,12431,Aberto,Classes de Cotas de Fundos FIF,Em Funcionamento Normal,2025-10-14,2025-10-13,10447369.97
62361404000168,12431,Aberto,Classes de Cotas de Fundos FIF,Em Funcionamento Normal,2025-08-22,2025-08-22,15478189.45
62726496000132,12431,Aberto,Classes de Cotas de Fundos FIF,Em Funcionamento Normal,2025-09-15,2025-09-15,14020430.08
61140498000182,12431,Aberto,Classes de Cotas de Fundos FIF,Em Funcionamento Normal,2025-06-03,2025-06-03,66135799.64
61584731000116,12431,Aberto,Classes de Cotas de Fundos FIF,Em Funcionamento Normal,2025-07-03,2025-07-03,42336831.69
59817562000175,12431,Aberto,Classes de Cotas de Fundos FIF,Em Funcionamento Normal,2025-03-10,2025-03-10,36785781.11
42619279000136,12431,Aberto,Classes de Cotas de Fundos FIF,Em Funcionamento Normal,2025-06-17,2025-06-17,122999399.98
62361327000146,12431,Aberto,Classes de Cotas de Fundos FIF,Em Funcionamento Normal,2025-08-22,2025-08-22,14943493.02
64436536000137,12431,Aberto,Classes de Cotas de Fundos FIF,Em Funcionamento Normal,2026-01-13,2026-01-07,47239595.94
59818797000181,12431,Aberto,Classes de Cotas de Fundos FIF,Em Funcionamento Normal,2025-03-10,2025-03-10,36219764.78
63190767000140,12431,Aberto,Classes de Cotas de Fundos FIF,Em Funcionamento Normal,2025-10-14,2025-10-13,18355017.61
55746538000131,12431,Aberto,Classes de Cotas de Fundos FIF,Em Funcionamento Normal,2024-07-01,2024-07-01,35414506.77
62361545000180,12431,Aberto,Classes de Cotas de Fundos FIF,Em Funcionamento Normal,2025-08-22,2025-08-22,9720120.42
39255769000196,12431,Aberto,Classes de Cotas de Fundos FIF,Em Funcionamento Normal,2025-06-03,2025-06-03,103502814.86
57714518000104,12431,Aberto,Classes de Cotas de Fundos FIF,Em Funcionamento Normal,2024-10-16,2024-10-16,22338258.23
61140970000187,12431,Aberto,Classes de Cotas de Fundos FIF,Em Funcionamento Normal,2025-06-03,2025-06-03,10430720.65
62361637000160,12431,Aberto,Classes de Cotas de Fundos FIF,Em Funcionamento Normal,2025-08-22,2025-08-22,10953173.07
55052860000160,12431,Aberto,Classes de Cotas de Fundos FIF,Em Funcionamento Normal,2024-05-08,2024-05-08,33948976.73
59817226000122,12431,Aberto,Classes de Cotas de Fundos FIF,Em Funcionamento Normal,2025-03-10,2025-03-10,22392279.34
46655366000108,12431,Fechado,Classes de Cotas de Fundos FIF,Em Funcionamento Normal,2025-05-30,2025-05-30,28614782.45
61584915000186,12431,Aberto,Classes de Cotas de Fundos FIF,Em Funcionamento Normal,2025-07-03,2025-07-03,57945284.41
54601837000115,12431,Aberto,Classes de Cotas de Fundos FIF,Em Funcionamento Normal,2024-04-04,2024-04-04,65941593.51
61140383000198,12431,Aberto,Classes de Cotas de Fundos FIF,Em Funcionamento Normal,2025-06-03,2025-06-03,29621882.89
42592438000156,12431,Aberto,Classes de Cotas de Fundos FIF,Em Funcionamento Normal,2025-05-30,2025-05-30,31469041.58
59817810000188,12431,Aberto,Classes de Cotas de Fundos FIF,Em Funcionamento Normal,2025-03-10,2025-03-10,41210296.99
45081662000171,12431,Aberto,Classes de Cotas de Fundos FIF,Em Funcionamento Normal,2025-06-10,2025-06-10,29089634.17
55053084000113,12431,Aberto,Classes de Cotas de Fundos FIF,Em Funcionamento Normal,2024-05-08,2024-05-08,42235765.37
65680395000166,12431,Aberto,Classes de Cotas de Fundos FIF,Em Funcionamento Normal,2026-03-13,2026-03-12,34920076.3
63189410000142,12431,Aberto,Classes de Cotas de Fundos FIF,Em Funcionamento Normal,2025-10-14,2025-10-13,15961094.31
58340147000100,12431,Fechado,Classes de Cotas de Fundos FIF,Em Funcionamento Normal,2024-12-04,2024-12-04,980774124.1
61141201000101,12431,Aberto,Classes de Cotas de Fundos FIF,Em Funcionamento Normal,2025-06-03,2025-06-03,18745098.37
59818523000192,12431,Aberto,Classes de Cotas de Fundos FIF,Em Funcionamento Normal,2025-03-10,2025-03-10,12351796.87
62726818000143,12431,Aberto,Classes de Cotas de Fundos FIF,Em Funcionamento Normal,2025-09-15,2025-09-15,15130624.5
59814123000109,12431,Aberto,Classes de Cotas de Fundos FIF,Em Funcionamento Normal,2025-03-10,2025-03-10,73250594.69
61835843000100,12431,Aberto,Classes de Cotas de Fundos FIF,Em Funcionamento Normal,2025-07-21,2025-07-18,36702450.82
54602971000130,12431,Aberto,Classes de Cotas de Fundos FIF,Em Funcionamento Normal,2024-04-04,2024-04-04,34885682.77
65835458000106,12431,Aberto,Classes de Cotas de Fundos FIF,Em Funcionamento Normal,2026-03-23,2026-03-16,15318187.3
57713013000125,12431,Aberto,Classes de Cotas de Fundos FIF,Em Funcionamento Normal,2024-10-16,2024-10-16,16169149.5
58341471000143,12431,Aberto,Classes de Cotas de Fundos FIF,Em Funcionamento Normal,2024-12-04,2024-12-04,11702040.46
62360992000115,12431,,Classes de Cotas de Fundos FIF,Em Funcionamento Normal,2025-08-22,2025-08-22,343449009.75
61141536000111,12431,,Classes de Cotas de Fundos FIF,Em Funcionamento Normal,2025-06-03,2025-06-03,572746964.18
61836539000170,12431,Aberto,Classes de Cotas de Fundos FIF,Em Funcionamento Normal,2025-07-21,2025-07-18,89921213.31
59817381000149,12431,Aberto,Classes de Cotas de Fundos FIF,Em Funcionamento Normal,2025-03-10,2025-03-10,16114358.03
48393053000146,12431,Aberto,Classes de Cotas de Fundos FIF,Em Funcionamento Normal,2025-06-18,2025-06-18,52498655.3
59819194000102,12431,Aberto,Classes de Cotas de Fundos FIF,Em Funcionamento Normal,2025-03-10,2025-03-10,22135767.94
55053659000106,12431,Aberto,Classes de Cotas de Fundos FIF,Em Funcionamento Normal,2024-05-08,2024-05-08,28183306.06
61837478000165,12431,Aberto,Classes de Cotas de Fundos FIF,Em Funcionamento Normal,2025-07-21,2025-07-18,30456643.26
57033161000107,12431,Aberto,Classes de Cotas de Fundos FIF,Em Funcionamento Normal,2024-08-27,2024-08-27,30782686.92
53827910000109,12431,Fechado,Classes de Cotas de Fundos FIF,Em Funcionamento Normal,2024-02-06,2024-02-06,46333659.98
61141486000172,12431,Aberto,Classes de Cotas de Fundos FIF,Em Funcionamento Normal,2025-06-03,2025-06-03,54236221.27
63189681000106,12431,Aberto,Classes de Cotas de Fundos FIF,Em Funcionamento Normal,2025-10-14,2025-10-13,15678134.79
50099740000103,12431,Aberto,Classes de Cotas de Fundos FIF,Em Funcionamento Normal,2025-06-03,2025-06-03,52231381.13
61836753000126,12431,Aberto,Classes de Cotas de Fundos FIF,Em Funcionamento Normal,2025-07-21,2025-07-18,11446919.9
54602844000131,12431,Aberto,Classes de Cotas de Fundos FIF,Em Funcionamento Normal,2024-04-04,2024-04-04,206487584.53
62361467000114,12431,Aberto,Classes de Cotas de Fundos FIF,Em Funcionamento Normal,2025-08-22,2025-08-22,15001956.23
62727978000107,12431,Aberto,Classes de Cotas de Fundos FIF,Em Funcionamento Normal,2025-09-15,2025-09-15,63023601.33
59817462000149,12431,Aberto,Classes de Cotas de Fundos FIF,Em Funcionamento Normal,2025-03-10,2025-03-10,13096751.38
10220241000108,12431,Aberto,Classes de Cotas de Fundos FIF,Em Funcionamento Normal,2025-06-24,2025-06-24,303404461.41
31963315000168,12431,Aberto,Classes de Cotas de Fundos FIF,Em Funcionamento Normal,2025-02-17,2025-02-17,379306247.02
61837406000118,12431,Aberto,Classes de Cotas de Fundos FIF,Em Funcionamento Normal,2025-07-21,2025-07-18,15012012.66
61141069000120,12431,Aberto,Classes de Cotas de Fundos FIF,Em Funcionamento Normal,2025-06-03,2025-06-03,24835917.16
62727602000100,12431,Aberto,Classes de Cotas de Fundos FIF,Em Funcionamento Normal,2025-09-15,2025-09-15,11090381.21
59818212000123,12431,Aberto,Classes de Cotas de Fundos FIF,Em Funcionamento Normal,2025-03-10,2025-03-10,49931527.21
53827154000118,12431,Aberto,Classes de Cotas de Fundos FIF,Em Funcionamento Normal,2024-02-06,2024-02-06,87743627.4
52188815000140,12431,Aberto,Classes de Cotas de Fundos FIF,Em Funcionamento Normal,2024-12-10,2024-12-10,96131765.45
50840386000118,12431,Aberto,Classes de Cotas de Fundos FIF,Em Funcionamento Normal,2025-06-17,2025-06-17,43477980.39
57714726000103,12431,Aberto,Classes de Cotas de Fundos FIF,Em Funcionamento Normal,2024-10-16,2024-10-16,12207424.28
61835634000159,12431,Aberto,Classes de Cotas de Fundos FIF,Em Funcionamento Normal,2025-07-21,2025-07-18,11416663.14
59818904000171,12431,Aberto,Classes de Cotas de Fundos FIF,Em Funcionamento Normal,2025-03-10,2025-03-10,62215492.88
61584782000148,12431,Aberto,Classes de Cotas de Fundos FIF,Em Funcionamento Normal,2025-07-03,2025-07-03,18840903.75
63190006000199,12431,Aberto,Classes de Cotas de Fundos FIF,Em Funcionamento Normal,2025-10-14,2025-10-13,11620223.07
55751956000117,12431,Fechado,Classes de Cotas de Fundos FIF,Em Funcionamento Normal,2024-07-01,2024-07-01,70003972.6
55751489000125,12431,Aberto,Classes de Cotas de Fundos FIF,Em Funcionamento Normal,2024-07-01,2024-07-01,1359397373.18
58341091000109,12431,Aberto,Classes de Cotas de Fundos FIF,Em Funcionamento Normal,2024-12-04,2024-12-04,2158775825.7
61584502000100,12431,Aberto,Classes de Cotas de Fundos FIF,Em Funcionamento Normal,2025-07-03,2025-07-03,2321224090.38
59816551000170,12431,Aberto,Classes de Cotas de Fundos FIF,Em Funcionamento Normal,2025-03-10,2025-03-10,862503480.41
57032992000156,12431,Aberto,Classes de Cotas de Fundos FIF,Em Funcionamento Normal,2024-08-27,2024-08-27,118974881.66
32811397000198,12431,Aberto,Classes de Cotas de Fundos FIF,Em Funcionamento Normal,2025-06-27,2025-06-27,314193786.26
53828015000109,12431,Aberto,Classes de Cotas de Fundos FIF,Em Funcionamento Normal,2024-02-06,2024-02-06,1817355258.78
53180845000172,12431,Aberto,Classes de Cotas de Fundos FIF,Em Funcionamento Normal,2023-12-12,2023-12-12,24442376.7
63189574000170,12431,Aberto,Classes de Cotas de Fundos FIF,Em Funcionamento Normal,2025-10-14,2025-10-13,16919375.28
45081835000151,12431,Aberto,Classes de Cotas de Fundos FIF,Em Funcionamento Normal,2025-06-16,2025-06-16,79613855.63
62729474000126,12431,Aberto,Classes de Cotas de Fundos FIF,Em Funcionamento Normal,2025-09-15,2025-09-15,24270702.77
59818611000194,12431,Fechado,Classes de Cotas de Fundos FIF,Em Funcionamento Normal,2025-03-10,2025-03-10,123702981.75
61834984000109,12431,Fechado,Classes de Cotas de Fundos FIF,Em Funcionamento Normal,2025-07-21,2025-07-18,33388956.16
55052986000135,12431,Aberto,Classes de Cotas de Fundos FIF,Em Funcionamento Normal,2024-05-08,2024-05-08,56833526.07
62728127000189,12431,Aberto,Classes de Cotas de Fundos FIF,Em Funcionamento Normal,2025-09-15,2025-09-15,8972175.83
57713250000196,12431,Aberto,Classes de Cotas de Fundos FIF,Em Funcionamento Normal,2024-10-16,2024-10-16,28185782.35
58253070000131,12431,Aberto,Classes de Cotas de Fundos FIF,Em Funcionamento Normal,2024-11-27,2024-11-27,23217207.54
54047830000101,12431,Fechado,Classes de Cotas de Fundos FIF,Em Funcionamento Normal,2024-02-23,2024-02-23,23103612.87
65180245000193,12431,Aberto,Classes de Cotas de Fundos FIF,Em Funcionamento Normal,2026-02-18,2026-02-04,11176518.17
54779512000127,12431,Aberto,Classes de Cotas de Fundos FIF,Em Funcionamento Normal,2024-04-17,2024-04-17,166100290.66
53922164000132,12431,Aberto,Classes de Cotas de Fundos FIF,Em Funcionamento Normal,2024-02-15,2024-02-15,110466685.52
63023377000186,12431,Aberto,Classes de Cotas de Fundos FIF,Em Funcionamento Normal,2025-10-03,2025-10-02,26102007.19
51661677000101,12431,Fechado,Classes de Cotas de Fundos FIF,Em Funcionamento Normal,2024-07-25,2024-07-25,43993614.73
57537357000120,12431,Aberto,Classes de Cotas de Fundos FIF,Em Funcionamento Normal,2024-10-02,2024-10-02,65624594.47
58069072000175,12431,Aberto,Classes de Cotas de Fundos FIF,Em Funcionamento Normal,2024-11-12,2024-11-12,22978533.74
62145244000110,12431,Aberto,Classes de Cotas de Fundos FIF,Em Funcionamento Normal,2025-08-08,2025-08-08,30839485.28
56343321000143,12431,,Classes de Cotas de Fundos FIF,Em Funcionamento Normal,2024-08-07,2024-08-07,15981929.37
62625643000188,12431,Aberto,Classes de Cotas de Fundos FIF,Em Funcionamento Normal,2025-09-09,2025-09-09,21088658.92
54422882000102,12431,Aberto,Classes de Cotas de Fundos FIF,Em Funcionamento Normal,2024-03-21,2024-03-21,230248801.93
57378517000136,12431,Aberto,Classes de Cotas de Fundos FIF,Em Funcionamento Normal,2024-09-20,2024-09-20,39733895.07
55580077000170,12431,Aberto,Classes de Cotas de Fundos FIF,Em Funcionamento Normal,2024-06-18,2024-06-18,22182400.73
62317528000146,12431,Aberto,Classes de Cotas de Fundos FIF,Em Funcionamento Normal,2025-08-20,2025-08-20,81610488.38
52133916000113,12431,Aberto,Classes de Cotas de Fundos FIF,Em Funcionamento Normal,2024-07-26,2024-07-26,37712973.41
52459972000142,12431,Fechado,Classes de Cotas de Fundos FIF,Em Funcionamento Normal,2023-10-13,2023-10-13,96059606.53
53501945000153,12431,Aberto,Classes de Cotas de Fundos FIF,Em Funcionamento Normal,2024-01-15,2024-01-15,23158007.82
60965262000112,12431,Fechado,Classes de Cotas de Fundos FIF,Em Funcionamento Normal,2025-05-22,2025-05-22,176229129.07
57204032000126,12431,Aberto,Classes de Cotas de Fundos FIF,Em Funcionamento Normal,2024-09-09,2024-09-09,25350882.59
54384643000105,12431,Aberto,Classes de Cotas de Fundos FIF,Em Funcionamento Normal,2024-03-19,2024-03-19,18840827.45
49001440000152,12431,Aberto,Classes de Cotas de Fundos FIF,Em Funcionamento Normal,2025-05-05,2025-05-05,22487514.83
56862671000116,12431,Fechado,Classes de Cotas de Fundos FIF,Em Funcionamento Normal,2024-08-15,2024-08-15,22345459.99
59870227000130,12431,Aberto,Classes de Cotas de Fundos FIF,Em Funcionamento Normal,2025-03-12,2025-03-12,28039224.75
53670651000155,12431,Aberto,Classes de Cotas de Fundos FIF,Em Funcionamento Normal,2024-01-26,2024-01-26,33112190.64
62092022000186,12431,Aberto,Classes de Cotas de Fundos FIF,Em Funcionamento Normal,2025-08-06,2025-08-06,33294710.03
62491272000199,12431,Aberto,Classes de Cotas de Fundos FIF,Em Funcionamento Normal,2025-09-01,2025-09-01,10217551.01
54835274000120,12431,Fechado,Classes de Cotas de Fundos FIF,Em Funcionamento Normal,2024-04-22,2024-04-22,34735670.55
57952464000115,12431,Aberto,Classes de Cotas de Fundos FIF,Em Funcionamento Normal,2024-11-04,2024-11-01,76801625.57
55105106000141,12431,Aberto,Classes de Cotas de Fundos FIF,Em Funcionamento Normal,2024-05-13,2024-05-13,84134978
55101260000145,12431,Aberto,Classes de Cotas de Fundos FIF,Em Funcionamento Normal,2024-05-13,2024-05-13,10094215.99
55317990000188,12431,Aberto,Classes de Cotas de Fundos FIF,Em Funcionamento Normal,2024-05-28,2024-05-28,49710884.13
65041084000157,12431,Aberto,Classes de Cotas de Fundos FIF,Em Funcionamento Normal,2026-02-10,2026-02-06,277891588.76
43140638000130,12431,Aberto,Classes de Cotas de Fundos FIF,Em Funcionamento Normal,2025-05-19,2025-05-19,260116677.47
52879059000103,12431,Aberto,Classes de Cotas de Fundos FIF,Em Funcionamento Normal,2023-11-13,2023-11-13,41671788.31
55826207000101,12431,Aberto,Classes de Cotas de Fundos FIF,Em Funcionamento Normal,2024-07-05,2024-07-05,213424963.56
62250286000110,12431,Aberto,Classes de Cotas de Fundos FIF,Em Funcionamento Normal,2025-08-15,2025-08-14,73128078.55
56174994000117,12431,Aberto,Classes de Cotas de Fundos FIF,Em Funcionamento Normal,2024-07-31,2024-07-31,25280511.75
59904332000143,12431,Aberto,Classes de Cotas de Fundos FIF,Em Funcionamento Normal,2025-03-14,2025-03-14,74443686.21
54910665000161,12431,Aberto,Classes de Cotas de Fundos FIF,Em Funcionamento Normal,2024-04-26,2024-04-26,89684186.27
60396945000104,12431,Fechado,Classes de Cotas de Fundos FIF,Em Funcionamento Normal,2025-04-14,2025-04-14,22844177.91
54047532000103,12431,Aberto,Classes de Cotas de Fundos FIF,Em Funcionamento Normal,2024-02-23,2024-02-23,15411463.78
55382000000195,12431,Aberto,Classes de Cotas de Fundos FIF,Em Funcionamento Normal,2024-06-04,2024-06-04,57114839.52
55615052000164,12431,Aberto,Classes de Cotas de Fundos FIF,Em Funcionamento Normal,2024-06-20,2024-06-20,64116205.87
61761100000125,12431,Aberto,Classes de Cotas de Fundos FIF,Em Funcionamento Normal,2025-07-15,2025-07-14,75820999.43
55136457000110,12431,Aberto,Classes de Cotas de Fundos FIF,Em Funcionamento Normal,2024-05-15,2024-05-15,23564857.02
52810847000135,12431,Aberto,Classes de Cotas de Fundos FIF,Em Funcionamento Normal,2023-11-21,2023-11-21,23529798.48
18679900000172,12431,Aberto,Classes de Cotas de Fundos FIF,Em Funcionamento Normal,2025-03-18,2025-03-18,7535665.29
54384400000177,12431,Aberto,Classes de Cotas de Fundos FIF,Em Funcionamento Normal,2024-03-19,2024-03-19,30214956.55
54710401000164,12431,Aberto,Classes de Cotas de Fundos FIF,Em Funcionamento Normal,2024-04-12,2024-04-12,38561724.72
55030873000139,12431,Aberto,Classes de Cotas de Fundos FIF,Em Funcionamento Normal,2024-05-07,2024-05-07,137296460.54
54788959000162,12431,Fechado,Classes de Cotas de Fundos FIF,Em Funcionamento Normal,2024-04-18,2024-04-18,47272644.69
54272086000130,12431,Aberto,Classes de Cotas de Fundos FIF,Em Funcionamento Normal,2024-03-11,2024-03-11,68309599.36
54558737000153,12431,Aberto,Classes de Cotas de Fundos FIF,Em Funcionamento Normal,2024-04-02,2024-04-02,41343958.3
53858396000179,12431,Aberto,Classes de Cotas de Fundos FIF,Em Funcionamento Normal,2024-02-08,2024-02-08,33392872.95
53842646000182,12431,Aberto,Classes de Cotas de Fundos FIF,Em Funcionamento Normal,2024-02-07,2024-02-07,52506565.43
54125545000153,12431,Aberto,Classes de Cotas de Fundos FIF,Em Funcionamento Normal,2024-02-29,2024-02-29,73739443.22
61445398000164,12431,Aberto,Classes de Cotas de Fundos FIF,Em Funcionamento Normal,2025-06-25,2025-06-25,212353430.78
62125370000102,12431,Aberto,Classes de Cotas de Fundos FIF,Em Funcionamento Normal,2025-08-07,2025-08-07,63410319.61
60810873000191,12431,Aberto,Classes de Cotas de Fundos FIF,Em Funcionamento Normal,2025-05-13,2025-05-13,100061699.4
61798592000123,12431,Aberto,Classes de Cotas de Fundos FIF,Em Funcionamento Normal,2025-07-17,2025-07-17,223772338.49
58378060000122,12431,Aberto,Classes de Cotas de Fundos FIF,Em Funcionamento Normal,2024-12-06,2024-12-06,4443292777.61
44315864000178,12431,Aberto,Classes de Cotas de Fundos FIF,Em Funcionamento Normal,2025-06-23,2025-06-23,1542131159.78
62171470000175,12431,Aberto,Classes de Cotas de Fundos FIF,Em Funcionamento Normal,2025-08-11,2025-08-11,6101059652.17
54006238000153,12431,Aberto,Classes de Cotas de Fundos FIF,Em Funcionamento Normal,2024-02-21,2024-02-21,4163124684.54
32388028000134,12431,Aberto,Classes de Cotas de Fundos FIF,Em Funcionamento Normal,2025-06-23,2025-06-23,281813931.09
51959820000146,12431,Aberto,Classes de Cotas de Fundos FIF,Em Funcionamento Normal,2025-06-17,2025-06-17,2318148303.82
57449111000105,12431,Aberto,Classes de Cotas de Fundos FIF,Em Funcionamento Normal,2024-09-26,2024-09-26,482244957.95
26171840000100,12431,Aberto,Classes de Cotas de Fundos FIF,Em Funcionamento Normal,2025-04-23,2025-04-23,148902475.8
63463242000131,12431,Aberto,Classes de Cotas de Fundos FIF,Em Funcionamento Normal,2025-10-31,2025-10-28,45654807.96
54104763000101,12431,Aberto,Classes de Cotas de Fundos FIF,Em Funcionamento Normal,2024-02-28,2024-02-28,22268111.67
62790193000189,12431,Aberto,Classes de Cotas de Fundos FIF,Em Funcionamento Normal,2025-09-18,2025-09-18,22950726.4
60456656000145,12431,Aberto,Classes de Cotas de Fundos FIF,Em Funcionamento Normal,2025-04-17,2025-04-17,30362183.13
60456463000194,12431,Aberto,Classes de Cotas de Fundos FIF,Em Funcionamento Normal,2025-04-17,2025-04-17,40152914.56
55490066000107,12431,Aberto,Classes de Cotas de Fundos FIF,Em Funcionamento Normal,2024-06-11,2024-06-11,13136453.91
62899553000185,12431,Aberto,Classes de Cotas de Fundos FIF,Em Funcionamento Normal,2025-09-25,2025-09-25,10847883.68
58307597000100,12431,Aberto,Classes de Cotas de Fundos FIF,Em Funcionamento Normal,2024-12-02,2024-12-02,34153139.23
59766036000123,12431,Aberto,Classes de Cotas de Fundos FIF,Em Funcionamento Normal,2025-03-06,2025-03-06,11308823.13
56127042000142,12431,Aberto,Classes de Cotas de Fundos FIF,Em Funcionamento Normal,2024-07-29,2024-07-29,22462401.72
57512491000177,12431,Aberto,Classes de Cotas de Fundos FIF,Em Funcionamento Normal,2024-10-01,2024-10-01,16597562.79
47102746000170,12431,Fechado,Classes de Cotas de Fundos FIF,Em Funcionamento Normal,2024-10-01,2024-10-01,1075904237.47
54501503000170,12431,Fechado,Classes de Cotas de Fundos FIF,Em Funcionamento Normal,2024-03-27,2024-03-27,357866680.2
31094141000144,12431,Aberto,Classes de Cotas de Fundos FIF,Em Funcionamento Normal,2024-09-23,2024-09-23,1808657844.94
34172617000106,12431,Aberto,Classes de Cotas de Fundos FIF,Em Funcionamento Normal,2024-09-25,2024-09-25,236840162.73
54952575000133,12431,Aberto,Classes de Cotas de Fundos FIF,Em Funcionamento Normal,2024-04-30,2024-04-30,26501155.04
62438200000188,12431,,Classes de Cotas de Fundos FIF,Em Funcionamento Normal,2025-08-27,2025-08-27,261824519.01
58280010000108,12431,Aberto,Classes de Cotas de Fundos FIF,Em Funcionamento Normal,2024-11-29,2024-11-27,341493039.73
55701008000177,12431,Fechado,Classes de Cotas de Fundos FIF,Em Funcionamento Normal,2024-06-27,2024-06-27,65352374.54
55588398000110,12431,Aberto,Classes de Cotas de Fundos FIF,Em Funcionamento Normal,2024-06-19,2024-06-19,13125096.7
51697128000197,12431,Aberto,Classes de Cotas de Fundos FIF,Em Funcionamento Normal,2024-09-30,2024-09-30,398818837.44
54518783000129,12431,Aberto,Classes de Cotas de Fundos FIF,Em Funcionamento Normal,2024-03-28,2024-03-28,170520484.44
54517219000191,12431,Aberto,Classes de Cotas de Fundos FIF,Em Funcionamento Normal,2024-03-28,2024-03-28,2090825670.98
58674067000191,12431,Aberto,Classes de Cotas de Fundos FIF,Em Funcionamento Normal,2025-01-07,2025-01-06,27536138.85
57039057000111,12431,Aberto,Classes de Cotas de Fundos FIF,Em Funcionamento Normal,2024-08-27,2024-08-27,22970688.62
47610743000147,12431,Aberto,Classes de Cotas de Fundos FIF,Em Funcionamento Normal,2025-05-16,2025-05-16,26354722.58
50926512000151,12431,Aberto,Classes de Cotas de Fundos FIF,Em Funcionamento Normal,2025-02-03,2025-02-03,73786894.96
50198930000170,12431,Aberto,Classes de Cotas de Fundos FIF,Em Funcionamento Normal,2025-01-28,2025-01-28,273227365.41
23186354000178,12431,Aberto,Classes de Cotas de Fundos FIF,Em Funcionamento Normal,2024-10-24,2024-10-24,14380733.3
47586467000129,12431,Aberto,Classes de Cotas de Fundos FIF,Em Funcionamento Normal,2025-04-28,2025-04-28,23290921.12
53644037000119,12431,Aberto,Classes de Cotas de Fundos FIF,Em Funcionamento Normal,2024-01-24,2024-01-24,154333925.41
53422599000118,12431,Aberto,Classes de Cotas de Fundos FIF,Em Funcionamento Normal,2024-01-09,2024-01-09,31783733.22
41776635000162,12431,Fechado,Classes de Cotas de Fundos FIF,Em Funcionamento Normal,2024-07-23,2024-07-23,76132128.92
54893266000130,12431,Aberto,Classes de Cotas de Fundos FIF,Em Funcionamento Normal,2024-04-25,2024-04-25,29704490.89
48554260000135,12431,Aberto,Classes de Cotas de Fundos FIF,Em Funcionamento Normal,2024-12-19,2024-12-19,47543937.09
42774301000112,12431,Aberto,Classes de Cotas de Fundos FIF,Em Funcionamento Normal,2025-01-15,2025-01-15,56093342.46
50658258000158,12431,Fechado,Classes de Cotas de Fundos FIF,Em Funcionamento Normal,2024-07-24,2024-07-24,100731177.39
55144098000142,12431,Aberto,Classes de Cotas de Fundos FIF,Em Funcionamento Normal,2024-05-15,2024-05-15,26610571
53921236000127,12431,Aberto,Classes de Cotas de Fundos FIF,Em Funcionamento Normal,2024-02-15,2024-02-15,34242317.68
57400187000138,12431,Aberto,Classes de Cotas de Fundos FIF,Em Funcionamento Normal,2024-09-23,2024-09-23,22842666.92
57137857000175,12431,Aberto,Classes de Cotas de Fundos FIF,Em Funcionamento Normal,2024-09-03,2024-09-03,25132041.07
55914466000194,12431,Aberto,Classes de Cotas de Fundos FIF,Em Funcionamento Normal,2024-07-12,2024-07-12,23731060.79
55892816000169,12431,Aberto,Classes de Cotas de Fundos FIF,Em Funcionamento Normal,2024-07-11,2024-07-11,23795242.88
56544725000103,12431,Aberto,Classes de Cotas de Fundos FIF,Em Funcionamento Normal,2024-08-12,2024-08-12,23586759.01
42298805000103,12431,Aberto,Classes de Cotas de Fundos FIF,Em Funcionamento Normal,2024-12-06,2024-12-06,69302059.15
55772629000141,12431,Aberto,Classes de Cotas de Fundos FIF,Em Funcionamento Normal,2024-07-02,2024-07-02,34203386.59
54883919000108,12431,Aberto,Classes de Cotas de Fundos FIF,Em Funcionamento Normal,2024-04-25,2024-04-25,65130277.47
36947635000148,12431,Aberto,Classes de Cotas de Fundos FIF,Em Funcionamento Normal,2024-11-26,2024-11-26,163967069.39
65888766000108,12431,,Classes de Cotas de Fundos FIF,Em Funcionamento Normal,2026-03-25,2026-03-25,13538194.71
26605199000175,12431,Aberto,Classes de Cotas de Fundos FIF,Em Funcionamento Normal,2025-06-11,2025-06-11,87945718.05
63729525000182,12431,,Classes de Cotas de Fundos FIF,Em Funcionamento Normal,2025-11-18,2025-11-17,115505764.3
64071100000191,12431,Aberto,Classes de Cotas de Fundos FIF,Em Funcionamento Normal,2025-12-16,2025-12-15,54585561.68
52071627000137,12431,Aberto,Classes de Cotas de Fundos FIF,Em Funcionamento Normal,2025-06-20,2025-06-20,382232680.12
54546664000180,12431,Aberto,Classes de Cotas de Fundos FIF,Em Funcionamento Normal,2024-04-01,2024-04-01,729660620.84
52248139000152,12431,Aberto,Classes de Cotas de Fundos FIF,Em Funcionamento Normal,2025-04-15,2025-04-15,520929629.28
59714471000104,12431,Aberto,Classes de Cotas de Fundos FIF,Em Funcionamento Normal,2025-02-28,2025-02-27,187373529.71
47512582000159,12431,Aberto,Classes de Cotas de Fundos FIF,Em Funcionamento Normal,2025-06-12,2025-06-12,59335777.24
50290023000156,12431,Aberto,Classes de Cotas de Fundos FIF,Em Funcionamento Normal,2025-04-29,2025-04-29,47666183.22
55754239000149,12431,Aberto,Classes de Cotas de Fundos FIF,Em Funcionamento Normal,2024-07-01,2024-07-01,39077179.49
58331211000197,12431,Aberto,Classes de Cotas de Fundos FIF,Em Funcionamento Normal,2024-12-03,2024-11-29,23214926.15
48766978000195,12431,,Classes de Cotas de Fundos FIF,Em Funcionamento Normal,2024-07-03,2024-07-03,205893689.56
55550657000114,12431,Fechado,Classes de Cotas de Fundos FIF,Em Funcionamento Normal,2024-06-17,2024-06-17,158996272.37
54496626000160,12431,Aberto,Classes de Cotas de Fundos FIF,Em Funcionamento Normal,2024-03-27,2024-03-27,11877430.17
61643116000133,12431,Fechado,Classes de Cotas de Fundos FIF,Em Funcionamento Normal,2025-07-08,2025-07-08,27385306.23
54128184000107,12431,Aberto,Classes de Cotas de Fundos FIF,Em Funcionamento Normal,2024-02-29,2024-02-29,29695124.05
55112525000100,12431,Aberto,Classes de Cotas de Fundos FIF,Em Funcionamento Normal,2024-05-13,2024-05-13,27051530.05
53926542000156,12431,Aberto,Classes de Cotas de Fundos FIF,Em Funcionamento Normal,2024-02-15,2024-02-15,45538629.47
42298902000104,12431,,Classes de Cotas de Fundos FIF,Em Funcionamento Normal,2024-05-29,2024-05-29,44039311.14
52984620000106,12431,Aberto,Classes de Cotas de Fundos FIF,Em Funcionamento Normal,2023-11-23,2023-11-23,23530388.24
63950469000101,12431,Aberto,Classes de Cotas de Fundos FIF,Em Funcionamento Normal,2025-12-05,2025-12-05,167755166.68
54333407000160,12431,Fechado,Classes de Cotas de Fundos FIF,Em Funcionamento Normal,2024-03-14,2024-03-14,28684293.59
54713770000100,12431,Aberto,Classes de Cotas de Fundos FIF,Em Funcionamento Normal,2024-04-12,2024-04-12,25987453.66
65818203000135,12431,Aberto,Classes de Cotas de Fundos FIF,Em Funcionamento Normal,2026-03-20,2026-03-20,30210464.17
55160342000160,12431,Fechado,Classes de Cotas de Fundos FIF,Em Funcionamento Normal,2024-05-16,2024-05-16,396608553.07
63032258000190,12431,Aberto,Classes de Cotas de Fundos FIF,Em Funcionamento Normal,2025-10-03,2025-10-03,82020715.17
62318156000172,12431,Aberto,Classes de Cotas de Fundos FIF,Em Funcionamento Normal,2025-08-20,2025-08-20,21248083.37
60553394000137,12431,Aberto,Classes de Cotas de Fundos FIF,Em Funcionamento Normal,2025-04-25,2025-04-25,155043306.34
54235704000172,12431,Aberto,Classes de Cotas de Fundos FIF,Em Funcionamento Normal,2024-03-07,2024-03-07,121166618.94
56053092000122,12431,Fechado,Classes de Cotas de Fundos FIF,Em Funcionamento Normal,2024-07-23,2024-07-23,57661608.17
56285899000190,12431,Aberto,Classes de Cotas de Fundos FIF,Em Funcionamento Normal,2024-08-05,2024-08-05,72719137
51278597000171,12431,Aberto,Classes de Cotas de Fundos FIF,Em Funcionamento Normal,2025-05-07,2025-05-07,56728857.21
58808777000167,12431,Aberto,Classes de Cotas de Fundos FIF,Em Funcionamento Normal,2025-01-13,2025-01-13,25689657.11
53962771000126,12431,,Classes de Cotas de Fundos FIF,Em Funcionamento Normal,2024-02-19,2024-02-19,82004295.41
63548472000101,12431,Aberto,Classes de Cotas de Fundos FIF,Em Funcionamento Normal,2025-11-06,2025-11-06,60393456.89
63385783000199,12431,Aberto,Classes de Cotas de Fundos FIF,Em Funcionamento Normal,2025-10-27,2025-10-27,50944244.56
64502555000114,12431,Fechado,Classes de Cotas de Fundos FIF,Em Funcionamento Normal,2026-01-15,2026-01-15,44803566.37
55112451000102,12431,Aberto,Classes de Cotas de Fundos FIF,Em Funcionamento Normal,2024-05-13,2024-05-13,18826096.15
59452806000163,12431,Aberto,Classes de Cotas de Fundos FIF,Em Funcionamento Normal,2025-02-13,2025-02-13,29803854.83
64713709000117,12431,,Classes de Cotas de Fundos FIF,Em Funcionamento Normal,2026-01-26,2026-01-26,47704156.52
59349634000105,12431,Fechado,Classes de Cotas de Fundos FIF,Em Funcionamento Normal,2025-02-07,2025-02-07,23781894.85
54313147000160,12431,Aberto,Classes de Cotas de Fundos FIF,Em Funcionamento Normal,2024-03-13,2024-03-13,24380549.94
55435590000177,12431,Aberto,Classes de Cotas de Fundos FIF,Em Funcionamento Normal,2024-06-07,2024-06-07,34663255.47
42154270000105,12431,Aberto,Classes de Cotas de Fundos FIF,Em Funcionamento Normal,2024-07-23,2024-07-23,105182756.02
52272755000149,12431,Aberto,Classes de Cotas de Fundos FIF,Em Funcionamento Normal,2023-12-20,2023-12-20,18191008.98
60841575000169,12431,Aberto,Classes de Cotas de Fundos FIF,Em Funcionamento Normal,2025-05-15,2025-05-08,24901394.69
32893181000119,12431,Aberto,Classes de Cotas de Fundos FIF,Em Funcionamento Normal,2025-05-19,2025-05-19,90051683.45
34370754000155,12431,Fechado,Classes de Cotas de Fundos FIF,Em Funcionamento Normal,2024-10-01,2024-10-01,27228782.04
62406976000116,12431,Aberto,Classes de Cotas de Fundos FIF,Em Funcionamento Normal,2025-08-26,2025-08-26,59172861.59
54007648000119,12431,Aberto,Classes de Cotas de Fundos FIF,Em Funcionamento Normal,2024-02-21,2024-02-21,25652092.31
54025238000109,12431,Fechado,Classes de Cotas de Fundos FIF,Em Funcionamento Normal,2024-02-22,2024-02-22,22620041.15
54760280000165,12431,Aberto,Classes de Cotas de Fundos FIF,Em Funcionamento Normal,2024-04-16,2024-04-16,113574935.91
62235923000180,12431,Aberto,Classes de Cotas de Fundos FIF,Em Funcionamento Normal,2025-08-14,2025-08-14,22481669.48
62852498000178,12431,Aberto,Classes de Cotas de Fundos FIF,Em Funcionamento Normal,2025-09-23,2025-09-18,40204471.88
54150227000142,12431,Aberto,Classes de Cotas de Fundos FIF,Em Funcionamento Normal,2024-03-01,2024-03-01,43708469.55
61971270000134,12431,,Classes de Cotas de Fundos FIF,Em Funcionamento Normal,2025-07-29,2025-07-28,77773395.67
56935104000142,12431,Aberto,Classes de Cotas de Fundos FIF,Em Funcionamento Normal,2024-08-20,2024-08-20,23075341.78
65197885000106,12431,Aberto,Classes de Cotas de Fundos FIF,Em Funcionamento Normal,2026-02-19,2026-02-09,12818572.63
62214641000104,12431,Aberto,Classes de Cotas de Fundos FIF,Em Funcionamento Normal,2025-08-13,2025-08-13,31691266.56
27036368000166,12431,Aberto,Classes de Cotas de Fundos FIF,Em Funcionamento Normal,2025-04-14,2025-04-14,46283956.86
55467420000174,12431,Aberto,Classes de Cotas de Fundos FIF,Em Funcionamento Normal,2024-06-10,2024-06-10,32950073.92
53776595000138,12431,Aberto,Classes de Cotas de Fundos FIF,Em Funcionamento Normal,2024-02-02,2024-02-02,34620323.52
56046971000127,12431,Aberto,Classes de Cotas de Fundos FIF,Em Funcionamento Normal,2024-07-23,2024-07-23,62104358.1
54384916000111,12431,Aberto,Classes de Cotas de Fundos FIF,Em Funcionamento Normal,2024-03-19,2024-03-19,100038515.82
52963564000123,12431,Aberto,Classes de Cotas de Fundos FIF,Em Funcionamento Normal,2023-11-22,2023-11-22,25265576.11
53775592000180,12431,Aberto,Classes de Cotas de Fundos FIF,Em Funcionamento Normal,2024-02-02,2024-02-02,61191558.09
57280277000132,12431,Aberto,Classes de Cotas de Fundos FIF,Em Funcionamento Normal,2024-09-13,2024-09-13,160891208.51
54618187000110,12431,Aberto,Classes de Cotas de Fundos FIF,Em Funcionamento Normal,2024-04-05,2024-04-05,52146883.3
54643939000101,12431,Aberto,Classes de Cotas de Fundos FIF,Em Funcionamento Normal,2024-04-08,2024-04-08,123951266.81
55069073000121,12431,Aberto,Classes de Cotas de Fundos FIF,Em Funcionamento Normal,2024-05-09,2024-05-09,66596416.84
55467075000179,12431,Aberto,Classes de Cotas de Fundos FIF,Em Funcionamento Normal,2024-06-10,2024-06-10,28647644.42
55068953000183,12431,Aberto,Classes de Cotas de Fundos FIF,Em Funcionamento Normal,2024-05-09,2024-05-09,55475289.32
54384289000119,12431,Aberto,Classes de Cotas de Fundos FIF,Em Funcionamento Normal,2024-03-19,2024-03-19,39327406.81
55068755000110,12431,Aberto,Classes de Cotas de Fundos FIF,Em Funcionamento Normal,2024-05-09,2024-05-09,31025909.14
57279999000177,12431,Aberto,Classes de Cotas de Fundos FIF,Em Funcionamento Normal,2024-09-13,2024-09-13,30925962.17
54617897000126,12431,Aberto,Classes de Cotas de Fundos FIF,Em Funcionamento Normal,2024-04-05,2024-04-05,100588018.45
55068840000188,12431,Aberto,Classes de Cotas de Fundos FIF,Em Funcionamento Normal,2024-05-09,2024-05-09,63053448.1
53776531000137,12431,Aberto,Classes de Cotas de Fundos FIF,Em Funcionamento Normal,2024-02-02,2024-02-02,52642430.21
56047457000106,12431,Aberto,Classes de Cotas de Fundos FIF,Em Funcionamento Normal,2024-07-23,2024-07-23,45963120.99
55466751000190,12431,Aberto,Classes de Cotas de Fundos FIF,Em Funcionamento Normal,2024-06-10,2024-06-10,67737399.92
52984692000153,12431,Aberto,Classes de Cotas de Fundos FIF,Em Funcionamento Normal,2023-11-23,2023-11-23,81705312.89
52984741000158,12431,Aberto,Classes de Cotas de Fundos FIF,Em Funcionamento Normal,2023-11-23,2023-11-23,32524751.35
55068674000110,12431,Aberto,Classes de Cotas de Fundos FIF,Em Funcionamento Normal,2024-05-09,2024-05-09,53026814.29
54384365000196,12431,Aberto,Classes de Cotas de Fundos FIF,Em Funcionamento Normal,2024-03-19,2024-03-19,35241301.7
52962653000155,12431,Aberto,Classes de Cotas de Fundos FIF,Em Funcionamento Normal,2023-11-22,2023-11-22,168021534.09
54384609000130,12431,Aberto,Classes de Cotas de Fundos FIF,Em Funcionamento Normal,2024-03-19,2024-03-19,15737129.22
57777043000103,12431,Aberto,Classes de Cotas de Fundos FIF,Em Funcionamento Normal,2024-10-21,2024-10-16,101402668.24
55466958000164,12431,Aberto,Classes de Cotas de Fundos FIF,Em Funcionamento Normal,2024-06-10,2024-06-10,28859445.86
55068869000160,12431,Aberto,Classes de Cotas de Fundos FIF,Em Funcionamento Normal,2024-05-09,2024-05-09,27467448.25
53776486000110,12431,Aberto,Classes de Cotas de Fundos FIF,Em Funcionamento Normal,2024-02-02,2024-02-02,25062773.08
52984744000191,12431,Aberto,Classes de Cotas de Fundos FIF,Em Funcionamento Normal,2023-11-23,2023-11-23,130518127.84
55068591000120,12431,Aberto,Classes de Cotas de Fundos FIF,Em Funcionamento Normal,2024-05-09,2024-05-09,75521010.72
52963512000157,12431,Aberto,Classes de Cotas de Fundos FIF,Em Funcionamento Normal,2023-11-22,2023-11-22,51354749.09
54384337000179,12431,Aberto,Classes de Cotas de Fundos FIF,Em Funcionamento Normal,2024-03-19,2024-03-19,78785813.1
54385101000157,12431,Aberto,Classes de Cotas de Fundos FIF,Em Funcionamento Normal,2024-03-19,2024-03-19,35017585.16
52985141000104,12431,Aberto,Classes de Cotas de Fundos FIF,Em Funcionamento Normal,2023-11-23,2023-11-23,993995703.2
54617556000150,12431,Aberto,Classes de Cotas de Fundos FIF,Em Funcionamento Normal,2024-04-05,2024-04-05,29986757.45
52562077000159,12431,Aberto,Classes de Cotas de Fundos FIF,Em Funcionamento Normal,2023-10-17,2023-10-17,62971868.77
18679362000116,12431,Aberto,Classes de Cotas de Fundos FIF,Em Funcionamento Normal,2025-02-10,2025-02-10,100826392.7
57280468000102,12431,Aberto,Classes de Cotas de Fundos FIF,Em Funcionamento Normal,2024-09-13,2024-09-13,51670543.08
52837350000100,12431,Aberto,Classes de Cotas de Fundos FIF,Em Funcionamento Normal,2023-11-09,2023-11-09,570904042.83
55563322000130,12431,Aberto,Classes de Cotas de Fundos FIF,Em Funcionamento Normal,2024-06-17,2024-06-17,51020214.13
56955022000160,12431,Aberto,Classes de Cotas de Fundos FIF,Em Funcionamento Normal,2024-08-21,2024-08-21,52832229.18
60422070000160,12431,Aberto,Classes de Cotas de Fundos FIF,Em Funcionamento Normal,2025-04-15,2025-04-14,181429226.82
62468143000180,12431,Aberto,Classes de Cotas de Fundos FIF,Em Funcionamento Normal,2025-08-29,2025-08-29,23883212.2
55750852000198,12431,Fechado,Classes de Cotas de Fundos FIF,Em Funcionamento Normal,2024-07-01,2024-07-01,22562534.28
60867323000109,12431,Fechado,Classes de Cotas de Fundos FIF,Em Funcionamento Normal,2025-05-16,2025-05-16,13918364.58
56934311000182,12431,Aberto,Classes de Cotas de Fundos FIF,Em Funcionamento Normal,2024-08-20,2024-08-20,172016555.5
53452110000150,12431,Aberto,Classes de Cotas de Fundos FIF,Em Funcionamento Normal,2024-01-10,2024-01-10,199510037.44
35502503000140,12431,Fechado,Classes de Cotas de Fundos FIF,Em Funcionamento Normal,2024-07-23,2024-07-23,122614941.2
26142614000100,12431,Aberto,Classes de Cotas de Fundos FIF,Em Funcionamento Normal,2025-04-30,2025-04-30,32951657.27
53857130000101,12431,Aberto,Classes de Cotas de Fundos FIF,Em Funcionamento Normal,2024-02-08,2024-02-08,47856823.14
60276080000134,12431,,Classes de Cotas de Fundos FIF,Em Funcionamento Normal,2025-04-07,2025-04-07,81282099.6
57955368000120,12431,Aberto,Classes de Cotas de Fundos FIF,Em Funcionamento Normal,2024-11-04,2024-11-04,104946716.59
54124933000110,12431,Fechado,Classes de Cotas de Fundos FIF,Em Funcionamento Normal,2024-02-29,2024-02-29,21697900.55
58221726000134,12431,Aberto,Classes de Cotas de Fundos FIF,Em Funcionamento Normal,2024-11-25,2024-11-25,110921160.64
53359716000146,12431,Aberto,Classes de Cotas de Fundos FIF,Em Funcionamento Normal,2024-01-03,2024-01-03,614408904.2
64102991000104,12431,Fechado,Classes de Cotas de Fundos FIF,Em Funcionamento Normal,2025-12-18,2025-12-18,20450600.68
32044741000160,12431,Fechado,Classes de Cotas de Fundos FIF,Em Funcionamento Normal,2025-03-07,2025-03-07,68196287.83
57733994000172,12431,Aberto,Classes de Cotas de Fundos FIF,Em Funcionamento Normal,2024-10-17,2024-10-17,30978335.52
57341511000194,12431,Aberto,Classes de Cotas de Fundos FIF,Em Funcionamento Normal,2024-09-18,2024-09-18,50043623.77
54070196000110,12431,Fechado,Classes de Cotas de Fundos FIF,Em Funcionamento Normal,2024-02-26,2024-02-26,73394535.58
55488908000188,12431,Aberto,Classes de Cotas de Fundos FIF,Em Funcionamento Normal,2024-06-11,2024-06-11,116242580.62
31247680000176,12431,Aberto,Classes de Cotas de Fundos FIF,Em Funcionamento Normal,2025-04-23,2025-04-23,76620000.58
58707733000140,12431,Aberto,Classes de Cotas de Fundos FIF,Em Funcionamento Normal,2025-01-08,2025-01-08,79681029.18
58707218000160,12431,Aberto,Classes de Cotas de Fundos FIF,Em Funcionamento Normal,2025-01-08,2025-01-08,85076298.11
57466836000101,12431,Aberto,Classes de Cotas de Fundos FIF,Em Funcionamento Normal,2024-09-27,2024-09-27,20319500.96
64678185000170,12431,Aberto,Classes de Cotas de Fundos FIF,Em Funcionamento Normal,2026-01-23,2026-01-21,33729559.15
53670932000108,12431,Aberto,Classes de Cotas de Fundos FIF,Em Funcionamento Normal,2024-01-26,2024-01-26,39839864.03
61411777000133,12431,Aberto,Classes de Cotas de Fundos FIF,Em Funcionamento Normal,2025-06-23,2025-06-18,71487978.11
55069807000172,12431,Aberto,Classes de Cotas de Fundos FIF,Em Funcionamento Normal,2024-05-09,2024-05-09,20047501.1
54873893000109,12431,Aberto,Classes de Cotas de Fundos FIF,Em Funcionamento Normal,2024-04-24,2024-04-24,52462253.29
55618772000183,12431,Aberto,Classes de Cotas de Fundos FIF,Em Funcionamento Normal,2024-06-20,2024-06-20,18398541.74
57926049000197,12431,Aberto,Classes de Cotas de Fundos FIF,Em Funcionamento Normal,2024-10-31,2024-10-31,44100614.62
61803239000194,12431,Aberto,Classes de Cotas de Fundos FIF,Em Funcionamento Normal,2025-07-17,2025-07-14,60660247.54
48554073000151,12431,,Classes de Cotas de Fundos FIF,Em Funcionamento Normal,2024-06-12,2024-06-12,96418603.47
55253855000116,12431,Aberto,Classes de Cotas de Fundos FIF,Em Funcionamento Normal,2024-05-23,2024-05-23,9659592.32
41163523000136,12431,Aberto,Classes de Cotas de Fundos FIF,Em Funcionamento Normal,2025-04-02,2025-04-02,354971442.63
56174498000163,12431,Aberto,Classes de Cotas de Fundos FIF,Em Funcionamento Normal,2024-07-31,2024-07-31,45190335.84
53971385000109,12431,Fechado,Classes de Cotas de Fundos FIF,Em Funcionamento Normal,2024-02-19,2024-02-19,23002643.08
55275483000129,12431,Aberto,Classes de Cotas de Fundos FIF,Em Funcionamento Normal,2024-05-24,2024-05-24,21052857.4
62960671000151,12431,Aberto,Classes de Cotas de Fundos FIF,Em Funcionamento Normal,2025-09-30,2025-09-30,14501550.86
54334726000190,12431,Fechado,Classes de Cotas de Fundos FIF,Em Funcionamento Normal,2024-03-14,2024-03-14,28497095.11
53759902000172,12431,Aberto,Classes de Cotas de Fundos FIF,Em Funcionamento Normal,2024-02-01,2024-02-01,72917500.77
62411943000164,12431,Aberto,Classes de Cotas de Fundos FIF,Em Funcionamento Normal,2025-08-26,2025-05-26,21421175.71
55299792000139,12431,Aberto,Classes de Cotas de Fundos FIF,Em Funcionamento Normal,2024-05-27,2024-05-27,32846226.91
54200888000135,12431,Aberto,Classes de Cotas de Fundos FIF,Em Funcionamento Normal,2024-03-05,2024-03-05,43588030.86
57561942000166,12431,Aberto,Classes de Cotas de Fundos FIF,Em Funcionamento Normal,2024-10-04,2024-10-03,24067815.37
54410101000160,12431,Aberto,Classes de Cotas de Fundos FIF,Em Funcionamento Normal,2024-03-20,2024-03-20,36637409.06
63743483000134,12431,Aberto,Classes de Cotas de Fundos FIF,Em Funcionamento Normal,2025-11-19,2025-11-13,19192902.29
62136382000132,12431,Aberto,Classes de Cotas de Fundos FIF,Em Funcionamento Normal,2025-08-08,2025-08-08,21172320.56
59826291000114,12431,Fechado,Classes de Cotas de Fundos FIF,Em Funcionamento Normal,2025-03-10,2025-03-10,20843197.64
62317858000131,12431,Aberto,Classes de Cotas de Fundos FIF,Em Funcionamento Normal,2025-08-20,2025-08-20,20880711.65
56984639000103,12431,,Classes de Cotas de Fundos FIF,Em Funcionamento Normal,2024-08-23,2024-08-23,24868148.3
54715962000156,12431,Aberto,Classes de Cotas de Fundos FIF,Em Funcionamento Normal,2024-04-12,2024-04-12,90656506.05
64003281000119,12431,Aberto,Classes de Cotas de Fundos FIF,Em Funcionamento Normal,2025-12-10,2025-12-10,96117756.77
61390439000162,12431,Fechado,Classes de Cotas de Fundos FIF,Em Funcionamento Normal,2025-06-20,2025-06-20,119281352.06
62103583000133,12431,Aberto,Classes de Cotas de Fundos FIF,Em Funcionamento Normal,2025-08-06,2025-08-01,17961820.02
42217140000166,12431,,Classes de Cotas de Fundos FIF,Em Funcionamento Normal,2024-03-14,2024-03-14,30595203.23
20726178000121,12431,Aberto,Classes de Cotas de Fundos FIF,Em Funcionamento Normal,2025-06-16,2025-06-16,54023690.04
41687175000104,12431,Aberto,Classes de Cotas de Fundos FIF,Em Funcionamento Normal,2025-06-24,2025-06-24,47955148.16
58771687000149,12431,Aberto,Classes de Cotas de Fundos FIF,Em Funcionamento Normal,2025-01-10,2025-01-10,34807944.62
53371769000182,12431,Fechado,Classes de Cotas de Fundos FIF,Em Funcionamento Normal,2024-01-04,2024-01-04,112622905.63
30556686000162,12431,Fechado,Classes de Cotas de Fundos FIF,Em Funcionamento Normal,2025-05-07,2025-05-07,104011094.49
41853314000114,12431,Aberto,Classes de Cotas de Fundos FIF,Em Funcionamento Normal,2025-05-15,2025-05-15,131391369.32
62970471000180,12431,Fechado,Classes de Cotas de Fundos FIF,Em Funcionamento Normal,2025-09-30,2025-09-30,30141397.81
61579871000104,12431,Fechado,Classes de Cotas de Fundos FIF,Em Funcionamento Normal,2025-07-03,2025-07-03,48369846.99
49414058000170,12431,Aberto,Classes de Cotas de Fundos FIF,Em Funcionamento Normal,2025-04-29,2025-04-29,87256331.12
54133777000153,12431,Fechado,Classes de Cotas de Fundos FIF,Em Funcionamento Normal,2024-02-29,2024-02-29,21813017.21
55299651000116,12431,,,,,,
51476823000129,12431,Fechado,Classes de Cotas de Fundos FIF,Em Funcionamento Normal,2024-07-25,2024-07-25,24235088.38
55162785000190,12431,Aberto,Classes de Cotas de Fundos FIF,Em Funcionamento Normal,2024-05-16,2024-05-16,21389116.05
54518613000144,12431,Fechado,Classes de Cotas de Fundos FIF,Em Funcionamento Normal,2024-03-28,2024-03-28,22908820.01
62232457000189,12431,Aberto,Classes de Cotas de Fundos FIF,Em Funcionamento Normal,2025-08-14,2025-08-14,30191571.27
55898568000163,12431,Fechado,Classes de Cotas de Fundos FIF,Em Funcionamento Normal,2024-07-11,2024-07-11,57265010.18
44229743000103,12431,Aberto,Classes de Cotas de Fundos FIF,Em Funcionamento Normal,2024-03-21,2024-03-21,68859014.95
61080007000155,12431,Aberto,Classes de Cotas de Fundos FIF,Em Funcionamento Normal,2025-05-30,2025-05-30,7653819.75
52984696000131,12431,,,,,,
54643894000167,12431,Aberto,Classes de Cotas de Fundos FIF,Em Funcionamento Normal,2024-04-08,2024-04-08,79426500.4
57280201000107,12431,Aberto,Classes de Cotas de Fundos FIF,Em Funcionamento Normal,2024-09-13,2024-09-13,68469202.03
55237992000167,12431,Aberto,Classes de Cotas de Fundos FIF,Em Funcionamento Normal,2024-05-22,2024-05-22,69884668.15
54803982000189,12431,Aberto,Classes de Cotas de Fundos FIF,Em Funcionamento Normal,2024-04-19,2024-04-19,42948829.18
44271539000150,12431,,Classes de Cotas de Fundos FIF,Em Funcionamento Normal,2024-06-10,2024-06-10,19652841.86
52272792000157,12431,Aberto,Classes de Cotas de Fundos FIF,Em Funcionamento Normal,2024-10-01,2024-10-01,44753049.88
53270406000150,12431,,Classes de Cotas de Fundos FIF,Em Funcionamento Normal,2023-12-20,2023-12-20,7230520.51
53508773000140,12431,,Classes de Cotas de Fundos FIF,Em Funcionamento Normal,2024-01-15,2024-01-15,7687726.77
53509435000122,12431,,Classes de Cotas de Fundos FIF,Em Funcionamento Normal,2024-01-15,2024-01-15,9339637.26
62172231000130,12431,Fechado,Classes de Cotas de Fundos FIF,Em Funcionamento Normal,2025-08-11,2025-08-11,16959287.07
59091360000199,12431,Fechado,Classes de Cotas de Fundos FIF,Em Funcionamento Normal,2025-01-24,2025-01-24,23699245.99
62967494000135,12431,Aberto,Classes de Cotas de Fundos FIF,Em Funcionamento Normal,2025-09-30,2025-09-30,44535684.63
62789682000110,12431,Aberto,Classes de Cotas de Fundos FIF,Em Funcionamento Normal,2025-09-18,2025-09-17,45047758.04
32044932000122,12431,Fechado,Classes de Cotas de Fundos FIF,Em Funcionamento Normal,2024-07-23,2024-07-23,77308638.74
37893354000112,12431,Aberto,Classes de Cotas de Fundos FIF,Em Funcionamento Normal,2024-06-12,2024-06-12,57965658.38
55505792000148,12431,Aberto,Classes de Cotas de Fundos FIF,Em Funcionamento Normal,2024-06-12,2024-06-12,19192589.69
53294214000184,12431,Fechado,Classes de Cotas de Fundos FIF,Em Funcionamento Normal,2023-12-22,2023-12-22,23388223.08
53675759000130,12431,Fechado,Classes de Cotas de Fundos FIF,Em Funcionamento Normal,2024-01-26,2024-01-26,22978724.08
54779587000108,12431,Aberto,Classes de Cotas de Fundos FIF,Em Funcionamento Normal,2024-04-17,2024-04-17,62113624.92
20584638000124,12431,Aberto,Classes de Cotas de Fundos FIF,Em Funcionamento Normal,2025-01-15,2025-01-15,6415586.03
54170554000166,12431,Aberto,Classes de Cotas de Fundos FIF,Em Funcionamento Normal,2024-03-04,2024-03-04,41585316.55
54173311000181,12431,Aberto,Classes de Cotas de Fundos FIF,Em Funcionamento Normal,2024-03-04,2024-03-04,24488286.53
63464504000182,12431,Aberto,Classes de Cotas de Fundos FIF,Em Funcionamento Normal,2025-10-31,2025-10-23,42136033.32
62172396000101,12431,Aberto,Classes de Cotas de Fundos FIF,Em Funcionamento Normal,2025-08-11,2025-08-11,23081326.89
24270834000185,12431,Aberto,Classes de Cotas de Fundos FIF,Em Funcionamento Normal,2025-06-24,2025-06-24,117236567.2
53312814000128,12431,Fechado,Classes de Cotas de Fundos FIF,Em Funcionamento Normal,2023-12-27,2023-12-27,23396142.95
57747855000106,12431,Aberto,Classes de Cotas de Fundos FIF,Em Funcionamento Normal,2024-10-18,2024-10-18,29254557.43
54251235000185,12431,Aberto,Classes de Cotas de Fundos FIF,Em Funcionamento Normal,2024-03-08,2024-03-08,47586461.88
42195812000180,12431,Fechado,Classes de Cotas de Fundos FIF,Em Funcionamento Normal,2024-07-23,2024-07-23,37775963.85
55020228000135,12431,Aberto,Classes de Cotas de Fundos FIF,Em Funcionamento Normal,2024-05-06,2024-05-06,39786212.72
57681917000116,12431,Aberto,Classes de Cotas de Fundos FIF,Em Funcionamento Normal,2024-10-14,2024-10-11,28764351.77
62970039000199,12431,Fechado,Classes de Cotas de Fundos FIF,Em Funcionamento Normal,2025-09-30,2025-09-30,28447253.84
62214375000101,12431,Aberto,Classes de Cotas de Fundos FIF,Em Funcionamento Normal,2025-08-13,2025-08-11,17359361.12
11308040000111,12431,Aberto,Classes de Cotas de Fundos FIF,Em Funcionamento Normal,2025-06-20,2025-06-20,95198644.11
57136671000100,12431,Aberto,Classes de Cotas de Fundos FIF,Em Funcionamento Normal,2024-09-03,2024-09-03,130447544.44
57010267000187,12431,Aberto,Classes de Cotas de Fundos FIF,Em Funcionamento Normal,2024-08-26,2024-08-26,23473363.24
56504692000160,12431,Aberto,Classes de Cotas de Fundos FIF,Em Funcionamento Normal,2024-08-12,2024-08-12,149697895.14
55140544000140,12431,Fechado,Classes de Cotas de Fundos FIF,Em Funcionamento Normal,2024-05-15,2024-05-15,86821825.98
55196480000108,12431,Aberto,Classes de Cotas de Fundos FIF,Em Funcionamento Normal,2024-05-20,2024-05-20,14367256.92
57009772000101,12431,Aberto,Classes de Cotas de Fundos FIF,Em Funcionamento Normal,2024-08-26,2024-08-26,23537653.73
56951691000163,12431,Aberto,Classes de Cotas de Fundos FIF,Em Funcionamento Normal,2024-08-21,2024-08-21,12642618.5
57439066000108,12431,Aberto,Classes de Cotas de Fundos FIF,Em Funcionamento Normal,2024-09-25,2024-09-25,40383176.89
55912709000155,12431,Aberto,Classes de Cotas de Fundos FIF,Em Funcionamento Normal,2024-07-12,2024-07-12,203401092.99
40897052000127,12431,Aberto,Classes de Cotas de Fundos FIF,Em Funcionamento Normal,2025-04-23,2025-04-23,12609583.4
31248215000150,12431,Aberto,Classes de Cotas de Fundos FIF,Em Funcionamento Normal,2025-05-05,2025-05-05,15598747.52
54853793000110,12431,Aberto,Classes de Cotas de Fundos FIF,Em Funcionamento Normal,2024-04-23,2024-04-23,134828240.45
53074013000171,12431,Fechado,Classes de Cotas de Fundos FIF,Em Funcionamento Normal,2023-12-01,2023-12-01,61966532.59
57536946000194,12431,Aberto,Classes de Cotas de Fundos FIF,Em Funcionamento Normal,2024-10-02,2024-10-02,22919253.99
57499155000131,12431,Aberto,Classes de Cotas de Fundos FIF,Em Funcionamento Normal,2024-09-30,2024-09-30,23713286.15
60222497000114,12431,Aberto,Classes de Cotas de Fundos FIF,Em Funcionamento Normal,2025-04-02,2025-04-02,23005399.96
46098742000100,12431,Aberto,Classes de Cotas de Fundos FIF,Em Funcionamento Normal,2025-03-07,2025-03-07,69691769.26
54680816000132,12431,Fechado,Classes de Cotas de Fundos FIF,Em Funcionamento Normal,2024-04-10,2024-04-10,52583932.73
53413051000101,12431,Aberto,Classes de Cotas de Fundos FIF,Em Funcionamento Normal,2024-01-08,2024-01-08,22889568.86
54438539000156,12431,Fechado,Classes de Cotas de Fundos FIF,Em Funcionamento Normal,2024-03-22,2024-03-22,36607343.22
62159099000126,12431,Aberto,Classes de Cotas de Fundos FIF,Em Funcionamento Normal,2025-08-11,2025-08-11,16479196.34
57400717000148,12431,Aberto,Classes de Cotas de Fundos FIF,Em Funcionamento Normal,2024-09-23,2024-09-23,25008694.22
58213245000187,12431,Aberto,Classes de Cotas de Fundos FIF,Em Funcionamento Normal,2024-11-25,2024-11-13,146787243.29
53313437000141,12431,Fechado,Classes de Cotas de Fundos FIF,Em Funcionamento Normal,2023-12-27,2023-12-27,29088809.19
52234145000150,12431,Aberto,Classes de Cotas de Fundos FIF,Em Funcionamento Normal,2025-05-05,2025-05-05,85693913.98
60675392000110,12431,Aberto,Classes de Cotas de Fundos FIF,Em Funcionamento Normal,2025-05-05,2025-05-05,92264313.16
62270059000157,12431,Fechado,Classes de Cotas de Fundos FIF,Em Funcionamento Normal,2025-08-18,2025-08-18,87264893.19
60627132000170,12431,Aberto,Classes de Cotas de Fundos FIF,Em Funcionamento Normal,2025-04-30,2025-04-30,50546848.33
63138982000100,12431,Aberto,Classes de Cotas de Fundos FIF,Em Funcionamento Normal,2025-10-10,2025-10-10,28687957.65
54486726000105,12431,Fechado,Classes de Cotas de Fundos FIF,Em Funcionamento Normal,2024-03-26,2024-03-26,82779731.22
55753823000180,12431,Aberto,Classes de Cotas de Fundos FIF,Em Funcionamento Normal,2024-07-01,2024-07-01,29692899.9
41373706000186,12431,Aberto,Classes de Cotas de Fundos FIF,Em Funcionamento Normal,2025-04-14,2025-04-14,66242045.83
57061738000186,12431,Fechado,Classes de Cotas de Fundos FIF,Em Funcionamento Normal,2024-08-29,2024-08-29,95951797.84
57790619000164,12431,Aberto,Classes de Cotas de Fundos FIF,Em Funcionamento Normal,2024-10-22,2024-10-18,70622165.87
55459928000120,12431,Aberto,Classes de Cotas de Fundos FIF,Em Funcionamento Normal,2024-06-10,2024-06-10,58035843.69
47457540000162,12431,Fechado,Classes de Cotas de Fundos FIF,Em Funcionamento Normal,2025-05-07,2025-05-07,65541676.4
62808255000132,12431,Aberto,Classes de Cotas de Fundos FIF,Em Funcionamento Normal,2025-09-19,2025-09-18,21908300.04
56052884000182,12431,Fechado,Classes de Cotas de Fundos FIF,Em Funcionamento Normal,2024-07-23,2024-07-23,54298164.32
62920933000154,12431,Aberto,Classes de Cotas de Fundos FIF,Em Funcionamento Normal,2025-09-26,2025-09-26,15170635.16
55392723000175,12431,Aberto,Classes de Cotas de Fundos FIF,Em Funcionamento Normal,2024-06-04,2024-06-04,43906951.98
62467970000159,12431,Aberto,Classes de Cotas de Fundos FIF,Em Funcionamento Normal,2025-08-29,2025-08-29,19871639.28
54793790000139,12431,Aberto,Classes de Cotas de Fundos FIF,Em Funcionamento Normal,2024-04-18,2024-04-18,12185909.63
54391780000177,12431,Aberto,Classes de Cotas de Fundos FIF,Em Funcionamento Normal,2024-03-19,2024-03-19,13519936.27
56659416000170,12431,Fechado,Classes de Cotas de Fundos FIF,Em Funcionamento Normal,2024-08-13,2024-08-13,33023574.46
55538903000112,12431,Aberto,Classes de Cotas de Fundos FIF,Em Funcionamento Normal,2024-06-14,2024-06-14,19000643.59
54980234000171,12431,Aberto,Classes de Cotas de Fundos FIF,Em Funcionamento Normal,2024-05-02,2024-05-02,37039822.56
55538070000190,12431,Aberto,Classes de Cotas de Fundos FIF,Em Funcionamento Normal,2024-06-14,2024-06-14,30472777.1
54976144000107,12431,Aberto,Classes de Cotas de Fundos FIF,Em Funcionamento Normal,2024-05-02,2024-05-02,96991074.21
57662228000164,12431,Aberto,Classes de Cotas de Fundos FIF,Em Funcionamento Normal,2024-10-11,2024-10-11,24876963.04
57473503000100,12431,Aberto,Classes de Cotas de Fundos FIF,Em Funcionamento Normal,2024-09-27,2024-09-27,73756041.76
57627579000134,12431,Aberto,Classes de Cotas de Fundos FIF,Em Funcionamento Normal,2024-10-09,2024-10-09,41269744.76
55052221000103,12431,Aberto,Classes de Cotas de Fundos FIF,Em Funcionamento Normal,2024-05-08,2024-05-08,28891918.19
57555037000101,12431,Aberto,Classes de Cotas de Fundos FIF,Em Funcionamento Normal,2024-10-03,2024-10-03,18389028.01
50868823000101,12431,Fechado,Classes de Cotas de Fundos FIF,Em Funcionamento Normal,2024-12-20,2024-12-20,30474432.95
58688316000106,12431,Aberto,Classes de Cotas de Fundos FIF,Em Funcionamento Normal,2025-01-08,2025-01-08,112719450.8
57569203000110,12431,Aberto,Classes de Cotas de Fundos FIF,Em Funcionamento Normal,2024-10-04,2024-10-04,186947081.43
57473219000125,12431,Aberto,Classes de Cotas de Fundos FIF,Em Funcionamento Normal,2024-09-27,2024-09-27,34857075.3
55539367000170,12431,Aberto,Classes de Cotas de Fundos FIF,Em Funcionamento Normal,2024-06-14,2024-06-14,23981868.82
55898593000147,12431,Aberto,Classes de Cotas de Fundos FIF,Em Funcionamento Normal,2024-07-11,2024-07-11,44807804.65
55895324000127,12431,Aberto,Classes de Cotas de Fundos FIF,Em Funcionamento Normal,2024-07-11,2024-07-11,21042608.62
56154549000195,12431,Aberto,Classes de Cotas de Fundos FIF,Em Funcionamento Normal,2024-07-30,2024-07-30,12358301.94
56321253000111,12431,Fechado,Classes de Cotas de Fundos FIF,Em Funcionamento Normal,2024-08-06,2024-08-06,24650579.93
54904083000172,12431,Aberto,Classes de Cotas de Fundos FIF,Em Funcionamento Normal,2024-04-26,2024-04-26,68228233.57
54979157000130,12431,Aberto,Classes de Cotas de Fundos FIF,Em Funcionamento Normal,2024-05-02,2024-05-02,24467628.83
55539196000189,12431,Aberto,Classes de Cotas de Fundos FIF,Em Funcionamento Normal,2024-06-14,2024-06-14,25616789.41
55575472000164,12431,Aberto,Classes de Cotas de Fundos FIF,Em Funcionamento Normal,2024-06-18,2024-06-18,87079760.97
57473697000135,12431,Fechado,Classes de Cotas de Fundos FIF,Em Funcionamento Normal,2024-09-27,2024-09-27,38221125.15
56879657000125,12431,Aberto,Classes de Cotas de Fundos FIF,Em Funcionamento Normal,2024-08-16,2024-08-16,29904146.94
55574617000102,12431,Aberto,Classes de Cotas de Fundos FIF,Em Funcionamento Normal,2024-06-18,2024-06-18,14753109
54228000000172,12431,Fechado,Classes de Cotas de Fundos FIF,Em Funcionamento Normal,2024-03-07,2024-03-07,28773143.55
58174371000170,12431,Aberto,Classes de Cotas de Fundos FIF,Em Funcionamento Normal,2024-11-21,2024-11-21,51454805.02
59332047000103,12431,Aberto,Classes de Cotas de Fundos FIF,Em Funcionamento Normal,2025-02-06,2025-02-05,51694230.94
63406682000157,12431,Aberto,Classes de Cotas de Fundos FIF,Em Funcionamento Normal,2025-10-28,2025-10-24,73422853.33
61944886000116,12431,Aberto,Classes de Cotas de Fundos FIF,Em Funcionamento Normal,2025-07-28,2025-07-28,87989755.49
47730898000117,12431,Aberto,Classes de Cotas de Fundos FIF,Em Funcionamento Normal,2025-05-20,2025-05-20,97251620.84
54005088000163,12431,Aberto,Classes de Cotas de Fundos FIF,Em Funcionamento Normal,2024-02-21,2024-02-21,81309238.7
44212650000176,12431,Aberto,Classes de Cotas de Fundos FIF,Em Funcionamento Normal,2025-05-05,2025-05-05,79686177.61
64073126000179,12431,Aberto,Classes de Cotas de Fundos FIF,Em Funcionamento Normal,2025-12-16,2025-12-11,7073243.47
54381707000114,12431,Aberto,Classes de Cotas de Fundos FIF,Em Funcionamento Normal,2024-03-19,2024-03-19,37161096.58
32044389000163,12431,Fechado,Classes de Cotas de Fundos FIF,Em Funcionamento Normal,2025-03-24,2025-03-24,148907830.85
63918203000181,12431,Aberto,Classes de Cotas de Fundos FIF,Em Funcionamento Normal,2025-12-03,2025-11-27,164858452.52
60775750000167,12431,,Classes de Cotas de Fundos FIF,Em Funcionamento Normal,2025-05-12,2025-05-09,46539354.33
57474374000166,12431,Aberto,Classes de Cotas de Fundos FIF,Em Funcionamento Normal,2024-09-27,2024-09-27,26626050.22
54996960000182,12431,Fechado,Classes de Cotas de Fundos FIF,Em Funcionamento Normal,2024-05-03,2024-05-03,14645041.7
52342478000101,12431,Aberto,Classes de Cotas de Fundos FIF,Em Funcionamento Normal,2023-10-09,2023-10-09,10596284.85
55111474000100,12431,Aberto,Classes de Cotas de Fundos FIF,Em Funcionamento Normal,2024-05-13,2024-05-13,22266599.18
63211828000109,12431,Aberto,Classes de Cotas de Fundos FIF,Em Funcionamento Normal,2025-10-15,2025-10-15,20252443.11
54997138000136,12431,Fechado,Classes de Cotas de Fundos FIF,Em Funcionamento Normal,2024-05-03,2024-05-03,111142283.24
61843171000177,12431,Aberto,Classes de Cotas de Fundos FIF,Em Funcionamento Normal,2025-07-21,2025-07-21,25615456.53
53537566000113,12431,Fechado,Classes de Cotas de Fundos FIF,Em Funcionamento Normal,2024-01-17,2024-01-17,163202262.99
63933503000130,12431,Aberto,Classes de Cotas de Fundos FIF,Em Funcionamento Normal,2025-12-04,2025-12-01,281799283.01
57474275000184,12431,Aberto,Classes de Cotas de Fundos FIF,Em Funcionamento Normal,2024-09-27,2024-09-27,15845008.58
58290551000117,12431,Aberto,Classes de Cotas de Fundos FIF,Em Funcionamento Normal,2024-11-29,2024-11-29,27996559.67
58140887000101,12431,Fechado,Classes de Cotas de Fundos FIF,Em Funcionamento Normal,2024-11-18,2024-11-18,46704539.01
55437642000144,12431,Aberto,Classes de Cotas de Fundos FIF,Em Funcionamento Normal,2024-06-07,2024-06-07,16179054.01
58459098000120,12431,Fechado,Classes de Cotas de Fundos FIF,Em Funcionamento Normal,2024-12-13,2024-12-13,26972905.04
57699544000100,12431,Aberto,Classes de Cotas de Fundos FIF,Em Funcionamento Normal,2024-10-15,2024-10-14,60271848.7
37750682000160,12431,Fechado,Classes de Cotas de Fundos FIF,Em Funcionamento Normal,2025-04-04,2025-04-04,55077324.43
50067989000129,12431,Aberto,Classes de Cotas de Fundos FIF,Em Funcionamento Normal,2024-10-24,2024-10-24,33967871.06
55112047000139,12431,Aberto,Classes de Cotas de Fundos FIF,Em Funcionamento Normal,2024-05-13,2024-05-13,18157824.47
55563583000150,12431,Aberto,Classes de Cotas de Fundos FIF,Em Funcionamento Normal,2024-06-17,2024-06-17,83462342.18
55597503000188,12431,Aberto,Classes de Cotas de Fundos FIF,Em Funcionamento Normal,2024-06-19,2024-06-19,14517282.18
97525452000129,12431,Fechado,Classes de Cotas de Fundos FIF,Em Funcionamento Normal,2025-06-16,2025-06-16,20243914.98
31908005000140,12431,Aberto,Classes de Cotas de Fundos FIF,Em Funcionamento Normal,2025-04-08,2025-04-08,36762770.81
55761979000102,12431,Fechado,Classes de Cotas de Fundos FIF,Em Funcionamento Normal,2024-07-02,2024-07-02,12628203.36
57018425000145,12431,Aberto,Classes de Cotas de Fundos FIF,Em Funcionamento Normal,2024-08-26,2024-08-26,21842624.81
48969700000115,12431,Fechado,Classes de Cotas de Fundos FIF,Em Funcionamento Normal,2024-07-24,2024-07-24,45095455.31
56942408000137,12431,Fechado,Classes de Cotas de Fundos FIF,Em Funcionamento Normal,2024-08-21,2024-08-21,89221942.68
42447197000151,12431,,Classes de Cotas de Fundos FIF,Em Funcionamento Normal,2024-02-19,2024-02-19,69622726.29
56365169000108,12431,Aberto,Classes de Cotas de Fundos FIF,Em Funcionamento Normal,2024-08-07,2024-08-07,44357848.55
54048422000166,12431,Fechado,Classes de Cotas de Fundos FIF,Em Funcionamento Normal,2024-02-23,2024-02-23,54668672.02
55263153000113,12431,Aberto,Classes de Cotas de Fundos FIF,Em Funcionamento Normal,2024-05-24,2024-05-24,30569850.36
62571141000111,12431,Aberto,Classes de Cotas de Fundos FIF,Em Funcionamento Normal,2025-09-04,2025-09-04,39741167.83
60950242000178,12431,Aberto,Classes de Cotas de Fundos FIF,Em Funcionamento Normal,2025-05-22,2025-05-21,101754430.21
62078917000166,12431,Fechado,Classes de Cotas de Fundos FIF,Em Funcionamento Normal,2025-08-05,2025-08-04,10676504.03
54436219000167,12431,Aberto,Classes de Cotas de Fundos FIF,Em Funcionamento Normal,2024-03-22,2024-03-22,46572298.52
55894503000140,12431,Aberto,Classes de Cotas de Fundos FIF,Em Funcionamento Normal,2024-07-11,2024-07-11,42786189.19
40101519000180,12431,Fechado,Classes de Cotas de Fundos FIF,Em Funcionamento Normal,2024-07-18,2024-07-18,125897256
59150919000104,12431,Fechado,Classes de Cotas de Fundos FIF,Em Funcionamento Normal,2025-01-28,2025-01-28,44921058.92
42321494000156,12431,Aberto,Classes de Cotas de Fundos FIF,Em Funcionamento Normal,2025-04-07,2025-04-07,56851116.08
55751548000165,12431,Aberto,Classes de Cotas de Fundos FIF,Em Funcionamento Normal,2024-07-01,2024-07-01,53899149.74
41710510000130,12431,Aberto,Classes de Cotas de Fundos FIF,Em Funcionamento Normal,2024-08-02,2024-08-02,51357758.98
51982216000130,12431,,,,,,
54367802000163,12431,Aberto,Classes de Cotas de Fundos FIF,Em Funcionamento Normal,2024-03-18,2024-03-18,61261921.79
54130675000184,12431,Fechado,Classes de Cotas de Fundos FIF,Em Funcionamento Normal,2024-02-29,2024-02-29,39805348.88
55754033000119,12431,Aberto,Classes de Cotas de Fundos FIF,Em Funcionamento Normal,2024-07-01,2024-07-01,23137788.01
55240049000103,12431,Aberto,Classes de Cotas de Fundos FIF,Em Funcionamento Normal,2024-05-22,2024-05-22,23713226.89
42195916000194,12431,Fechado,Classes de Cotas de Fundos FIF,Em Funcionamento Normal,2024-07-18,2024-07-18,137360702.11
62474207000155,12431,Aberto,Classes de Cotas de Fundos FIF,Em Funcionamento Normal,2025-08-29,2025-08-29,20663478.83
41687130000121,12431,Aberto,Classes de Cotas de Fundos FIF,Em Funcionamento Normal,2025-03-27,2025-03-27,30792070.07
60868496000141,12431,Aberto,Classes de Cotas de Fundos FIF,Em Funcionamento Normal,2025-05-16,2025-05-16,92954115.76
55861122000164,12431,Aberto,Classes de Cotas de Fundos FIF,Em Funcionamento Normal,2024-07-09,2024-07-09,48911771.37
57744696000188,12431,Aberto,Classes de Cotas de Fundos FIF,Em Funcionamento Normal,2024-10-18,2024-10-18,11479400.32
52259535000185,12431,Aberto,Classes de Cotas de Fundos FIF,Em Funcionamento Normal,2024-02-29,2024-02-29,140364364.43
56033932000195,12431,Fechado,Classes de Cotas de Fundos FIF,Em Funcionamento Normal,2024-07-22,2024-07-22,22504911.23
58416021000172,12431,,Classes de Cotas de Fundos FIF,Em Funcionamento Normal,2024-12-10,2024-12-10,40963872.43
63610895000104,12431,Fechado,Classes de Cotas de Fundos FIF,Em Funcionamento Normal,2025-11-11,2025-11-11,22073924.42
54779679000198,12431,Aberto,Classes de Cotas de Fundos FIF,Em Funcionamento Normal,2024-04-17,2024-04-17,40045664.9
60691906000121,12431,Aberto,Classes de Cotas de Fundos FIF,Em Funcionamento Normal,2025-05-06,2025-05-06,199131752.29
54152157000161,12431,Aberto,Classes de Cotas de Fundos FIF,Em Funcionamento Normal,2024-03-01,2024-03-01,64699614.31
55761382000168,12431,Aberto,Classes de Cotas de Fundos FIF,Em Funcionamento Normal,2024-07-02,2024-07-02,47810532.11
57986005000152,12431,Aberto,Classes de Cotas de Fundos FIF,Em Funcionamento Normal,2024-11-05,2024-11-05,72492203.23
52962690000163,12431,Fechado,Classes de Cotas de Fundos FIF,Em Funcionamento Normal,2023-11-22,2023-11-22,79522969.06
57341120000170,12431,Aberto,Classes de Cotas de Fundos FIF,Em Funcionamento Normal,2024-09-18,2024-09-18,24293190.93
59061141000167,12431,Aberto,Classes de Cotas de Fundos FIF,Em Funcionamento Normal,2025-01-23,2025-01-23,30802194.17
53359596000187,12431,Aberto,Classes de Cotas de Fundos FIF,Em Funcionamento Normal,2024-01-03,2024-01-03,484606173.01
49827171000188,12431,,Classes de Cotas de Fundos FIF,Em Funcionamento Normal,2024-07-03,2024-07-03,26844988.93
66404420000141,12431,,Classes de Cotas de Fundos FIF,Em Funcionamento Normal,2026-04-23,2026-04-23,20579339.49
65344961000169,12431,Aberto,Classes de Cotas de Fundos FIF,Em Funcionamento Normal,2026-02-26,2026-02-26,93815455.98
58440238000118,12431,Aberto,Classes de Cotas de Fundos FIF,Em Funcionamento Normal,2024-12-12,2024-12-10,61244070.1
61972391000109,12431,Aberto,Classes de Cotas de Fundos FIF,Em Funcionamento Normal,2025-07-29,2025-07-28,64307115.29
55536261000112,12431,Aberto,Classes de Cotas de Fundos FIF,Em Funcionamento Normal,2024-06-14,2024-06-14,21068626.18
55939498000144,12431,Fechado,Classes de Cotas de Fundos FIF,Em Funcionamento Normal,2024-07-15,2024-07-15,14380670.18
44360319000101,12431,Aberto,Classes de Cotas de Fundos FIF,Em Funcionamento Normal,2025-04-30,2025-04-30,26465039.62
63912056000132,12431,Aberto,Classes de Cotas de Fundos FIF,Em Funcionamento Normal,2025-12-03,2025-12-01,120794111
32320609000134,12431,Fechado,Classes de Cotas de Fundos FIF,Em Funcionamento Normal,2024-07-23,2024-07-23,66628060.33
57499088000155,12431,Aberto,Classes de Cotas de Fundos FIF,Em Funcionamento Normal,2024-09-30,2024-09-30,25990264.99
62624330000105,12431,Aberto,Classes de Cotas de Fundos FIF,Em Funcionamento Normal,2025-09-09,2025-09-09,29551482.39
63611704000110,12431,,Classes de Cotas de Fundos FIF,Em Funcionamento Normal,2025-11-11,2025-11-11,3526176.55
54518925000158,12431,,Classes de Cotas de Fundos FIF,Em Funcionamento Normal,2024-03-28,2024-03-28,0
34792037000111,12431,Aberto,Classes de Cotas de Fundos FIF,Em Funcionamento Normal,2025-02-28,2025-02-28,559454356.17
63053090000107,12431,Aberto,Classes de Cotas de Fundos FIF,Em Funcionamento Normal,2025-10-06,2025-10-06,616505000.94
58111935000125,12431,Aberto,Classes de Cotas de Fundos FIF,Em Funcionamento Normal,2024-11-14,2024-11-14,239730514.93
63826355000154,12431,Aberto,Classes de Cotas de Fundos FIF,Em Funcionamento Normal,2025-11-26,2025-11-26,70369356.53
62571624000116,12431,Aberto,Classes de Cotas de Fundos FIF,Em Funcionamento Normal,2025-09-04,2025-09-04,32024131.85
63566142000130,12431,Aberto,Classes de Cotas de Fundos FIF,Em Funcionamento Normal,2025-11-07,2025-11-07,986601055.68
34793170000192,12431,,Classes de Cotas de Fundos FIF,Em Funcionamento Normal,2025-06-03,2025-06-03,29253713.81
54023112000197,12431,Fechado,Classes de Cotas de Fundos FIF,Em Funcionamento Normal,2024-02-22,2024-02-22,49949844.54
61881131000110,12431,Aberto,Classes de Cotas de Fundos FIF,Em Funcionamento Normal,2025-07-23,2025-07-23,142971024.94
57834063000160,12431,Aberto,Classes de Cotas de Fundos FIF,Em Funcionamento Normal,2024-10-24,2024-10-24,178103491.01
55348313000127,12431,Aberto,Classes de Cotas de Fundos FIF,Em Funcionamento Normal,2024-05-31,2024-05-31,187969324.72
55144371000139,12431,Aberto,Classes de Cotas de Fundos FIF,Em Funcionamento Normal,2024-05-15,2024-05-15,138393824.7
39703214000160,12431,Aberto,Classes de Cotas de Fundos FIF,Em Funcionamento Normal,2025-06-27,2025-06-27,253539124.39
53602540000101,12431,Aberto,Classes de Cotas de Fundos FIF,Em Funcionamento Normal,2024-01-22,2024-01-22,73475517.86
64192422000199,12431,Aberto,Classes de Cotas de Fundos FIF,Em Funcionamento Normal,2025-12-29,2025-12-29,1307136295.3
62318643000135,12431,Aberto,Classes de Cotas de Fundos FIF,Em Funcionamento Normal,2025-08-20,2025-08-20,44531282.42
27928267000108,12431,Aberto,Classes de Cotas de Fundos FIF,Em Funcionamento Normal,2025-05-07,2025-05-07,92412491.36
58264015000147,12431,Aberto,Classes de Cotas de Fundos FIF,Em Funcionamento Normal,2024-11-28,2024-11-27,350143232.75
62991350000114,12431,Fechado,Classes de Cotas de Fundos FIF,Em Funcionamento Normal,2025-10-01,2025-10-01,20816514.17
63024507000103,12431,Aberto,Classes de Cotas de Fundos FIF,Em Funcionamento Normal,2025-10-03,2025-10-02,21752751.99
55892310000150,12431,Aberto,Classes de Cotas de Fundos FIF,Em Funcionamento Normal,2024-07-11,2024-07-11,25817364.7
53991547000162,12431,Fechado,Classes de Cotas de Fundos FIF,Em Funcionamento Normal,2024-02-20,2024-02-20,22852740.62
50890486000159,12431,Fechado,Classes de Cotas de Fundos FIF,Em Funcionamento Normal,2024-07-24,2024-07-24,22497067.2
55018863000188,12431,Aberto,Classes de Cotas de Fundos FIF,Em Funcionamento Normal,2024-05-06,2024-05-06,43029692.7
62003655000170,12431,Aberto,Classes de Cotas de Fundos FIF,Em Funcionamento Normal,2025-07-31,2025-07-31,28497340.08
54106156000180,12431,Fechado,Classes de Cotas de Fundos FIF,Em Funcionamento Normal,2024-02-28,2024-02-28,17159562.38
61959244000190,12431,Fechado,Classes de Cotas de Fundos FIF,Em Funcionamento Normal,2025-07-29,2025-07-28,28906609.13
63248651000115,12431,Fechado,Classes de Cotas de Fundos FIF,Em Funcionamento Normal,2025-10-17,2025-10-17,40983950.96
63025606000100,12431,Aberto,Classes de Cotas de Fundos FIF,Em Funcionamento Normal,2025-10-03,2025-10-02,30751003.21
48884731000173,12431,Aberto,Classes de Cotas de Fundos FIF,Em Funcionamento Normal,2024-07-26,2024-07-26,204491786.05
39511976000164,12431,Aberto,Classes de Cotas de Fundos FIF,Em Funcionamento Normal,2025-01-15,2025-01-15,166848203.09
60784769000170,12431,Aberto,Classes de Cotas de Fundos FIF,Em Funcionamento Normal,2025-05-12,2025-05-12,76164687.55
60958418000138,12431,Aberto,Classes de Cotas de Fundos FIF,Em Funcionamento Normal,2025-05-22,2025-05-22,20523151.25
57535658000115,12431,Aberto,Classes de Cotas de Fundos FIF,Em Funcionamento Normal,2024-10-02,2024-10-02,21216475.44
55704392000161,12431,Aberto,Classes de Cotas de Fundos FIF,Em Funcionamento Normal,2024-06-27,2024-06-27,25956938.42
35491073000108,12431,Fechado,Classes de Cotas de Fundos FIF,Em Funcionamento Normal,2024-07-23,2024-07-23,89725038.2
30877528000104,12431,Aberto,Classes de Cotas de Fundos FIF,Em Funcionamento Normal,2025-01-13,2025-01-13,766827786.92
41953322000132,12431,Fechado,Classes de Cotas de Fundos FIF,Em Funcionamento Normal,2025-05-20,2025-05-20,156645580.98
57190762000115,12431,Fechado,Classes de Cotas de Fundos FIF,Em Funcionamento Normal,2024-09-06,2024-09-06,36458266.3
62363645000146,12431,Aberto,Classes de Cotas de Fundos FIF,Em Funcionamento Normal,2025-08-22,2025-08-22,484044422.3
62489908000168,12431,Fechado,Classes de Cotas de Fundos FIF,Em Funcionamento Normal,2025-09-01,2025-09-01,20565166.9
61560810000197,12431,Aberto,Classes de Cotas de Fundos FIF,Em Funcionamento Normal,2025-07-02,2025-06-30,9957473.78
60740615000186,12431,Fechado,Classes de Cotas de Fundos FIF,Em Funcionamento Normal,2025-05-08,2025-05-08,34442701.2
57151194000143,12431,Aberto,Classes de Cotas de Fundos FIF,Em Funcionamento Normal,2024-09-04,2024-09-04,45776242.93
28259415000101,12431,Aberto,Classes de Cotas de Fundos FIF,Em Funcionamento Normal,2025-02-20,2025-02-20,98231563.19
61866929000192,12431,Aberto,Classes de Cotas de Fundos FIF,Em Funcionamento Normal,2025-07-22,2025-07-21,13800100.56
52151437000120,12431,Aberto,Classes de Cotas de Fundos FIF,Em Funcionamento Normal,2024-07-26,2024-07-26,71046875.1
61541353000193,12431,Aberto,Classes de Cotas de Fundos FIF,Em Funcionamento Normal,2025-07-01,2025-07-01,47412642.04
43758715000110,12431,Aberto,Classes de Cotas de Fundos FIF,Em Funcionamento Normal,2024-12-27,2024-12-27,40492430.12
53962215000150,12431,Aberto,Classes de Cotas de Fundos FIF,Em Funcionamento Normal,2024-02-19,2024-02-19,18190704.14
61350794000108,12431,Aberto,Classes de Cotas de Fundos FIF,Em Funcionamento Normal,2025-06-17,2025-06-17,49794639.53
42378579000170,12431,Aberto,Classes de Cotas de Fundos FIF,Em Funcionamento Normal,2024-03-22,2024-03-22,699602231.81
52953507000163,12431,Aberto,Classes de Cotas de Fundos FIF,Em Funcionamento Normal,2023-11-21,2023-11-21,839343442.63
46438863000146,12431,Aberto,Classes de Cotas de Fundos FIF,Em Funcionamento Normal,2024-03-15,2024-03-15,173231908.83
46438835000129,12431,Aberto,Classes de Cotas de Fundos FIF,Em Funcionamento Normal,2024-03-15,2024-03-15,367833721.91
60450321000110,12431,Fechado,Classes de Cotas de Fundos FIF,Em Funcionamento Normal,2025-04-17,2025-04-17,69564474.93
63051354000185,12431,Aberto,Classes de Cotas de Fundos FIF,Em Funcionamento Normal,2025-10-06,2025-10-06,93542609.84
54856394000103,12431,Fechado,Classes de Cotas de Fundos FIF,Em Funcionamento Normal,2024-04-23,2024-04-23,250589455.02
63286762000116,12431,Aberto,Classes de Cotas de Fundos FIF,Em Funcionamento Normal,2025-10-21,2025-10-21,14572623.73
42411555000176,12431,Aberto,Classes de Cotas de Fundos FIF,Em Funcionamento Normal,2024-03-08,2024-03-08,719278345.93
53074532000130,12431,Aberto,Classes de Cotas de Fundos FIF,Em Funcionamento Normal,2023-12-01,2023-12-01,1030438965.37
55562304000134,12431,Aberto,Classes de Cotas de Fundos FIF,Em Funcionamento Normal,2024-06-17,2024-06-17,122185339.29
41994712000150,12431,Aberto,Classes de Cotas de Fundos FIF,Em Funcionamento Normal,2024-03-22,2024-03-22,130829703.13
54322173000155,12431,Aberto,Classes de Cotas de Fundos FIF,Em Funcionamento Normal,2024-03-14,2024-03-14,1054466712.77
42698876000101,12431,Aberto,Classes de Cotas de Fundos FIF,Em Funcionamento Normal,2024-03-15,2024-03-15,281415797.5
52909821000149,12431,Aberto,Classes de Cotas de Fundos FIF,Em Funcionamento Normal,2023-11-16,2023-11-16,309322054.35
46479870000196,12431,Fechado,Classes de Cotas de Fundos FIF,Em Funcionamento Normal,2024-07-16,2024-07-16,158639956.11
62283336000166,12431,Aberto,Classes de Cotas de Fundos FIF,Em Funcionamento Normal,2025-08-18,2025-08-18,249414422.11
61651255000109,12431,Aberto,Classes de Cotas de Fundos FIF,Em Funcionamento Normal,2025-07-08,2025-07-08,54731813.99
46449438000152,12431,Aberto,Classes de Cotas de Fundos FIF,Em Funcionamento Normal,2024-03-15,2024-03-15,384742278.87
50390553000176,12431,Aberto,Classes de Cotas de Fundos FIF,Em Funcionamento Normal,2024-03-15,2024-03-15,627205771.66
58191395000137,12431,Aberto,Classes de Cotas de Fundos FIF,Em Funcionamento Normal,2024-11-22,2024-11-22,328173043.12
58191678000189,12431,Aberto,Classes de Cotas de Fundos FIF,Em Funcionamento Normal,2024-11-22,2024-11-22,156670883.53
54020440000130,12431,Aberto,Classes de Cotas de Fundos FIF,Em Funcionamento Normal,2024-02-22,2024-02-22,3125629521.35
54407534000166,12431,Aberto,Classes de Cotas de Fundos FIF,Em Funcionamento Normal,2024-03-20,2024-03-20,7656228102.84
51604570000121,12431,Aberto,Classes de Cotas de Fundos FIF,Em Funcionamento Normal,2024-03-22,2024-03-22,266729363.94
58277022000183,12431,Aberto,Classes de Cotas de Fundos FIF,Em Funcionamento Normal,2024-11-28,2024-11-28,116643212.03
58193485000167,12431,Aberto,Classes de Cotas de Fundos FIF,Em Funcionamento Normal,2024-11-22,2024-11-22,54573005.08
61854664000102,12431,Aberto,Classes de Cotas de Fundos FIF,Em Funcionamento Normal,2025-07-22,2025-07-21,547828806.03
64582548000170,12431,Aberto,Classes de Cotas de Fundos FIF,Em Funcionamento Normal,2026-01-19,2026-01-16,17786893
61791538000156,12431,Aberto,Classes de Cotas de Fundos FIF,Em Funcionamento Normal,2025-07-17,2025-07-17,2910316565.33
52842303000155,12431,Aberto,Classes de Cotas de Fundos FIF,Em Funcionamento Normal,2023-11-17,2023-11-17,224055174.87
59591104000160,12431,Aberto,Classes de Cotas de Fundos FIF,Em Funcionamento Normal,2025-02-21,2025-02-21,221342429.92
60450312000129,12431,Aberto,Classes de Cotas de Fundos FIF,Em Funcionamento Normal,2025-04-17,2025-04-17,322074323.94
63051648000107,12431,Aberto,Classes de Cotas de Fundos FIF,Em Funcionamento Normal,2025-10-06,2025-10-06,358124091.58
56093218000192,12431,Fechado,Classes de Cotas de Fundos FIF,Em Funcionamento Normal,2024-07-25,2024-07-25,357519110.09
54954879000130,12431,Fechado,Classes de Cotas de Fundos FIF,Em Funcionamento Normal,2024-04-30,2024-04-30,127897507.15
55264830000118,12431,Aberto,Classes de Cotas de Fundos FIF,Em Funcionamento Normal,2024-05-24,2024-05-24,549695964.21
54884180000140,12431,Aberto,Classes de Cotas de Fundos FIF,Em Funcionamento Normal,2024-04-25,2024-04-25,1018312151.41
32864267000113,12431,Aberto,Classes de Cotas de Fundos FIF,Em Funcionamento Normal,2024-01-24,2024-01-24,948301077.36
55213551000125,12431,Aberto,Classes de Cotas de Fundos FIF,Em Funcionamento Normal,2024-05-21,2024-05-21,533936041.49
62834589000180,12431,Aberto,Classes de Cotas de Fundos FIF,Em Funcionamento Normal,2025-09-22,2025-09-22,67370860.75
58277322000162,12431,Aberto,Classes de Cotas de Fundos FIF,Em Funcionamento Normal,2024-11-28,2024-11-28,1527787710.28
60917687000156,12431,Aberto,Classes de Cotas de Fundos FIF,Em Funcionamento Normal,2025-05-20,2025-05-20,554934699.3
58287952000118,12431,Aberto,Classes de Cotas de Fundos FIF,Em Funcionamento Normal,2024-11-29,2024-11-28,353212827.43
60075657000140,12431,Aberto,Classes de Cotas de Fundos FIF,Em Funcionamento Normal,2025-03-25,2025-03-25,99312333.15
55652661000193,12431,Aberto,Classes de Cotas de Fundos FIF,Em Funcionamento Normal,2024-06-24,2024-06-24,1285647115.05
56912856000198,12431,Aberto,Classes de Cotas de Fundos FIF,Em Funcionamento Normal,2024-08-19,2024-08-19,178649099.07
51928186000184,12431,Aberto,Classes de Cotas de Fundos FIF,Em Funcionamento Normal,2024-03-22,2024-03-22,403486489.36
63789552000140,12431,Aberto,Classes de Cotas de Fundos FIF,Em Funcionamento Normal,2025-11-24,2025-11-24,178631839.93
54854995000187,12431,Aberto,Classes de Cotas de Fundos FIF,Em Funcionamento Normal,2024-04-23,2024-04-23,1982427112.61
46474477000100,12431,Aberto,Classes de Cotas de Fundos FIF,Em Funcionamento Normal,2024-03-08,2024-03-08,146267593.53
48133419000148,12431,Aberto,Classes de Cotas de Fundos FIF,Em Funcionamento Normal,2024-03-15,2024-03-15,92222999.75
52791573000184,12431,Aberto,Classes de Cotas de Fundos FIF,Em Funcionamento Normal,2023-11-21,2023-11-21,1479205842.99
52792067000100,12431,Aberto,Classes de Cotas de Fundos FIF,Em Funcionamento Normal,2023-11-17,2023-11-17,1164292516.44
61835389000180,12431,Aberto,Classes de Cotas de Fundos FIF,Em Funcionamento Normal,2025-07-21,2025-07-21,377705475.95
61791374000167,12431,Aberto,Classes de Cotas de Fundos FIF,Em Funcionamento Normal,2025-07-17,2025-07-17,765877107.87
54332024000177,12431,Aberto,Classes de Cotas de Fundos FIF,Em Funcionamento Normal,2024-03-14,2024-03-14,16044587.82
59245392000100,12431,Aberto,Classes de Cotas de Fundos FIF,Em Funcionamento Normal,2025-02-03,2025-02-03,906035751.51
60061182000132,12431,Aberto,Classes de Cotas de Fundos FIF,Em Funcionamento Normal,2025-03-24,2025-03-24,20703273.68
60491442000100,12431,,Classes de Cotas de Fundos FIF,Em Funcionamento Normal,2025-04-22,2025-04-22,7910230909.97
62319608000130,12431,Aberto,Classes de Cotas de Fundos FIF,Em Funcionamento Normal,2025-08-20,2025-08-20,26371264.3
53969799000195,12431,Aberto,Classes de Cotas de Fundos FIF,Em Funcionamento Normal,2024-02-19,2024-02-19,80140038.48
53991752000128,12431,Fechado,Classes de Cotas de Fundos FIF,Em Funcionamento Normal,2024-02-20,2024-02-20,28572771.19
57967401000132,12431,Aberto,Classes de Cotas de Fundos FIF,Em Funcionamento Normal,2024-11-04,2024-11-04,32530054.17
54566226000183,12431,Fechado,Classes de Cotas de Fundos FIF,Em Funcionamento Normal,2024-04-02,2024-04-02,145917492.32
63380552000192,12431,Aberto,Classes de Cotas de Fundos FIF,Em Funcionamento Normal,2025-10-27,2025-10-27,43320961.35
62911331000130,12431,Aberto,Classes de Cotas de Fundos FIF,Em Funcionamento Normal,2025-09-26,2025-09-25,20201615.46
52216276000105,12431,Aberto,Classes de Cotas de Fundos FIF,Em Funcionamento Normal,2025-04-23,2025-04-23,188775176.58
62324905000174,12431,Aberto,Classes de Cotas de Fundos FIF,Em Funcionamento Normal,2025-08-20,2025-08-20,20930668.29
54834372000142,12431,Aberto,Classes de Cotas de Fundos FIF,Em Funcionamento Normal,2024-04-22,2024-04-22,114738772.56
63031387000163,12431,Aberto,Classes de Cotas de Fundos FIF,Em Funcionamento Normal,2025-10-03,2025-10-03,22473662.49
55019321000120,12431,Fechado,Classes de Cotas de Fundos FIF,Em Funcionamento Normal,2024-05-06,2024-05-06,22351669.12
63867916000163,12431,Aberto,Classes de Cotas de Fundos FIF,Em Funcionamento Normal,2025-11-28,2025-11-21,28113288.22
39316768000104,12431,Aberto,Classes de Cotas de Fundos FIF,Em Funcionamento Normal,2025-06-20,2025-06-20,50109032.06
52272665000158,12431,Aberto,Classes de Cotas de Fundos FIF,Em Funcionamento Normal,2024-10-01,2024-10-01,31156886.03
57744364000101,12431,Fechado,Classes de Cotas de Fundos FIF,Em Funcionamento Normal,2024-10-18,2024-10-18,20619484.83
54062386000195,12431,Aberto,Classes de Cotas de Fundos FIF,Em Funcionamento Normal,2024-02-26,2024-02-26,33261210.28
62471228000117,12431,Aberto,Classes de Cotas de Fundos FIF,Em Funcionamento Normal,2025-08-29,2025-08-29,97240000.69
49289104000157,12431,Aberto,Classes de Cotas de Fundos FIF,Em Funcionamento Normal,2025-05-15,2025-05-15,363263823.6
55477809000109,12431,Aberto,Classes de Cotas de Fundos FIF,Em Funcionamento Normal,2024-06-11,2024-06-11,302392685.49
58578837000100,12431,Aberto,Classes de Cotas de Fundos FIF,Em Funcionamento Normal,2024-12-30,2024-12-30,74344242.79
52305889000119,12431,Aberto,Classes de Cotas de Fundos FIF,Em Funcionamento Normal,2024-12-23,2024-12-23,161832006.42
58600298000150,12431,Aberto,Classes de Cotas de Fundos FIF,Em Funcionamento Normal,2025-01-02,2025-01-02,2188152772.15
54237051000160,12431,Aberto,Classes de Cotas de Fundos FIF,Em Funcionamento Normal,2024-03-07,2024-03-07,311856508.71
41594289000100,12431,Aberto,Classes de Cotas de Fundos FIF,Em Funcionamento Normal,2025-02-14,2025-02-14,279551461.33
54584477000190,12431,Aberto,Classes de Cotas de Fundos FIF,Em Funcionamento Normal,2024-04-03,2024-04-03,109175494.1
62409302000175,12431,Fechado,Classes de Cotas de Fundos FIF,Em Funcionamento Normal,2025-08-26,2025-08-26,54780864.74
55911650000180,12431,Aberto,Classes de Cotas de Fundos FIF,Em Funcionamento Normal,2024-07-12,2024-07-12,35636477.16
64106556000140,12431,Aberto,Classes de Cotas de Fundos FIF,Em Funcionamento Normal,2025-12-18,2025-12-18,441963373.74
64203998000104,12431,Aberto,Classes de Cotas de Fundos FIF,Em Funcionamento Normal,2025-12-30,2025-12-29,69985322.99
51161157000130,12431,Fechado,Classes de Cotas de Fundos FIF,Em Funcionamento Normal,2024-07-25,2024-07-25,24626093.77
61561173000173,12431,Aberto,Classes de Cotas de Fundos FIF,Em Funcionamento Normal,2025-07-02,2025-06-30,39433856.69
62340543000105,12431,Aberto,Classes de Cotas de Fundos FIF,Em Funcionamento Normal,2025-08-21,2025-08-21,39179482.7
62414689000158,12431,Aberto,Classes de Cotas de Fundos FIF,Em Funcionamento Normal,2025-08-26,2025-08-26,110762492.69
61800269000147,12431,Aberto,Classes de Cotas de Fundos FIF,Em Funcionamento Normal,2025-07-17,2025-07-17,5157247.25
61800420000147,12431,Aberto,Classes de Cotas de Fundos FIF,Em Funcionamento Normal,2025-07-17,2025-07-14,5920904.49
47716553000109,12431,Aberto,Classes de Cotas de Fundos FIF,Em Funcionamento Normal,2024-10-11,2024-10-11,5190079.41
57681558000105,12431,Aberto,Classes de Cotas de Fundos FIF,Em Funcionamento Normal,2024-10-14,2024-10-11,5077800.99
58758334000109,12431,Aberto,Classes de Cotas de Fundos FIF,Em Funcionamento Normal,2025-01-10,2025-01-07,108811576.81
58903850000180,12431,Aberto,Classes de Cotas de Fundos FIF,Em Funcionamento Normal,2025-01-15,2025-01-15,59462523.09
58930938000190,12431,Aberto,Classes de Cotas de Fundos FIF,Em Funcionamento Normal,2025-01-16,2025-01-15,5418507.23
60096297000162,12431,Aberto,Classes de Cotas de Fundos FIF,Em Funcionamento Normal,2025-03-26,2025-03-26,4967573.11
31120420000135,12431,Aberto,Classes de Cotas de Fundos FIF,Em Funcionamento Normal,2024-10-01,2024-10-01,52644959.74
34706691000165,12431,Aberto,Classes de Cotas de Fundos FIF,Em Funcionamento Normal,2025-04-10,2025-04-10,28980626.8
57190500000150,12431,Fechado,Classes de Cotas de Fundos FIF,Em Funcionamento Normal,2024-09-06,2024-09-06,18212216.77
61558612000199,12431,Aberto,Classes de Cotas de Fundos FIF,Em Funcionamento Normal,2025-07-02,2025-07-02,14446379.49
50879270000192,12431,Aberto,Classes de Cotas de Fundos FIF,Em Funcionamento Normal,2025-02-03,2025-02-03,48089264.32
51334511000180,12431,Aberto,Classes de Cotas de Fundos FIF,Em Funcionamento Normal,2024-12-27,2024-12-27,27966240.81
14843780000146,12431,Aberto,Classes de Cotas de Fundos FIF,Em Funcionamento Normal,2025-06-03,2025-06-03,232733955.15
25097707000199,12431,Aberto,Classes de Cotas de Fundos FIF,Em Funcionamento Normal,2025-06-30,2025-06-30,1328198592.64
56174179000158,12431,Fechado,Classes de Cotas de Fundos FIF,Em Funcionamento Normal,2024-07-31,2024-07-31,17401132.76
34799490000150,12431,Aberto,Classes de Cotas de Fundos FIF,Em Funcionamento Normal,2025-01-27,2025-01-27,75820680.8
59176878000125,12431,Aberto,Classes de Cotas de Fundos FIF,Em Funcionamento Normal,2025-01-29,2025-01-28,54697693.76
62064607000192,12431,Aberto,Classes de Cotas de Fundos FIF,Em Funcionamento Normal,2025-08-04,2025-08-04,22660925.91
52968244000166,12431,Fechado,Classes de Cotas de Fundos FIF,Em Funcionamento Normal,2023-11-22,2023-11-22,26604685.76
62049166000150,12431,Aberto,Classes de Cotas de Fundos FIF,Em Funcionamento Normal,2025-08-04,2025-07-31,162361187.67
55927207000106,12431,Aberto,Classes de Cotas de Fundos FIF,Em Funcionamento Normal,2024-07-15,2024-07-15,55245453.67
63284019000127,12431,Aberto,Classes de Cotas de Fundos FIF,Em Funcionamento Normal,2025-10-21,2025-10-16,126064852.65
36178962000182,12431,,Classes de Cotas de Fundos FIF,Em Funcionamento Normal,2024-05-27,2024-05-27,26438105.83
62409522000107,12431,Aberto,Classes de Cotas de Fundos FIF,Em Funcionamento Normal,2025-08-26,2025-08-26,15672718.59
51304522000118,12431,Fechado,Classes de Cotas de Fundos FIF,Em Funcionamento Normal,2024-07-25,2024-07-25,12525824.03
55069151000198,12431,Aberto,Classes de Cotas de Fundos FIF,Em Funcionamento Normal,2024-05-09,2024-05-09,21208746.1
56067569000129,12431,Aberto,Classes de Cotas de Fundos FIF,Em Funcionamento Normal,2024-07-24,2024-07-24,337777971.61
54893611000135,12431,Aberto,Classes de Cotas de Fundos FIF,Em Funcionamento Normal,2024-04-25,2024-04-25,81717547.13
54008556000153,12431,Aberto,Classes de Cotas de Fundos FIF,Em Funcionamento Normal,2024-02-21,2024-02-21,21424559.86
53075427000115,12431,,Classes de Cotas de Fundos FIF,Em Funcionamento Normal,2023-12-01,2023-12-01,20245865.21
26324289000198,12431,Aberto,Classes de Cotas de Fundos FIF,Em Funcionamento Normal,2025-06-26,2025-06-26,2368766129.62
65079801000130,12431,Aberto,Classes de Cotas de Fundos FIF,Em Funcionamento Normal,2026-02-11,2026-02-11,393509420.09
52892279000169,12431,Aberto,Classes de Cotas de Fundos FIF,Em Funcionamento Normal,2023-11-14,2023-11-14,594156702.88
57629609000141,12431,Aberto,Classes de Cotas de Fundos FIF,Em Funcionamento Normal,2024-10-09,2024-10-09,218694417.05
49920429000196,12431,Aberto,Classes de Cotas de Fundos FIF,Em Funcionamento Normal,2024-07-26,2024-07-26,126303643.48
63174305000130,12431,Fechado,Classes de Cotas de Fundos FIF,Em Funcionamento Normal,2025-10-14,2025-10-14,28771432.09
54334448000170,12431,Fechado,Classes de Cotas de Fundos FIF,Em Funcionamento Normal,2024-03-14,2024-03-14,103897109.81
51010435000158,12431,Aberto,Classes de Cotas de Fundos FIF,Em Funcionamento Normal,2025-05-30,2025-05-30,23898895.85
57190346000117,12431,Aberto,Classes de Cotas de Fundos FIF,Em Funcionamento Normal,2024-09-06,2024-09-06,173105051.25
63023574000103,12431,Aberto,Classes de Cotas de Fundos FIF,Em Funcionamento Normal,2025-10-03,2025-10-02,54774285.48
62700486000128,12431,Aberto,Classes de Cotas de Fundos FIF,Em Funcionamento Normal,2025-09-12,2025-09-12,73292445.26
53324036000197,12431,,Classes de Cotas de Fundos FIF,Em Funcionamento Normal,2023-12-28,2023-12-28,25477678.06
55674822000140,12431,Aberto,Classes de Cotas de Fundos FIF,Em Funcionamento Normal,2024-06-25,2024-06-25,36276446.73
62428355000133,12431,Aberto,Classes de Cotas de Fundos FIF,Em Funcionamento Normal,2025-08-27,2025-08-27,81868914.66
54779308000106,12431,Aberto,Classes de Cotas de Fundos FIF,Em Funcionamento Normal,2024-04-17,2024-04-17,13725804.14
56224296000189,12431,Fechado,Classes de Cotas de Fundos FIF,Em Funcionamento Normal,2024-08-02,2024-08-02,24313885.94
56848758000139,12431,Aberto,Classes de Cotas de Fundos FIF,Em Funcionamento Normal,2024-08-15,2024-08-15,24808205.66
34738303000128,12431,Fechado,Classes de Cotas de Fundos FIF,Em Funcionamento Normal,2025-01-20,2025-01-20,6756953.77
58252364000149,12431,,Classes de Cotas de Fundos FIF,Em Funcionamento Normal,2024-11-27,2024-11-27,19995097.85
58529615000190,12431,,Classes de Cotas de Fundos FIF,Em Funcionamento Normal,2024-12-20,2024-12-20,34235628.09
64511682000180,12431,Aberto,Classes de Cotas de Fundos FIF,Em Funcionamento Normal,2026-01-15,2026-01-15,40398986.92
54350231000154,12431,Fechado,Classes de Cotas de Fundos FIF,Em Funcionamento Normal,2024-03-15,2024-03-15,23109010.89
62673056000164,12431,Fechado,Classes de Cotas de Fundos FIF,Em Funcionamento Normal,2025-09-11,2025-09-11,41719244.67
54909934000170,12431,Aberto,Classes de Cotas de Fundos FIF,Em Funcionamento Normal,2024-04-26,2024-04-26,26847734.18
63386988000199,12431,,Classes de Cotas de Fundos FIF,Em Funcionamento Normal,2025-10-27,2025-10-27,52440059.63
47698578000127,12431,Aberto,Classes de Cotas de Fundos FIF,Em Funcionamento Normal,2024-02-21,2024-02-21,313128701.58
50891130000130,12431,,Classes de Cotas de Fundos FIF,Em Funcionamento Normal,2024-02-16,2024-02-16,1150389494.49
63780238000105,12431,,Classes de Cotas de Fundos FIF,Em Funcionamento Normal,2025-11-24,2025-11-24,27736556.07
60776254000128,12431,,Classes de Cotas de Fundos FIF,Em Funcionamento Normal,2025-05-12,2025-05-08,411032337.33
62935493000109,12431,Aberto,Classes de Cotas de Fundos FIF,Em Funcionamento Normal,2025-09-29,2025-09-26,204639363.79
63704841000108,12431,Aberto,Classes de Cotas de Fundos FIF,Em Funcionamento Normal,2025-11-17,2025-11-17,72290013.03
54114987000102,12431,Aberto,Classes de Cotas de Fundos FIF,Em Funcionamento Normal,2024-02-28,2024-02-28,224301150.56
50652489000154,12431,,Classes de Cotas de Fundos FIF,Em Funcionamento Normal,2024-02-21,2024-02-21,338571995.25
55894683000160,12431,Aberto,Classes de Cotas de Fundos FIF,Em Funcionamento Normal,2024-07-11,2024-07-11,16119836.55
61845849000150,12431,Aberto,Classes de Cotas de Fundos FIF,Em Funcionamento Normal,2025-07-21,2025-07-21,33355760.33
50349168000185,12431,Fechado,Classes de Cotas de Fundos FIF,Em Funcionamento Normal,2024-07-18,2024-07-18,33691656.87
56033991000163,12431,Fechado,Classes de Cotas de Fundos FIF,Em Funcionamento Normal,2024-07-22,2024-07-22,260683328.33
32045085000110,12431,Fechado,Classes de Cotas de Fundos FIF,Em Funcionamento Normal,2024-07-23,2024-07-23,83141650.06
54931987000197,12431,Aberto,Classes de Cotas de Fundos FIF,Em Funcionamento Normal,2024-04-29,2024-04-29,11240542.94
63359113000106,12431,Aberto,Classes de Cotas de Fundos FIF,Em Funcionamento Normal,2025-10-24,2025-10-23,103099659.47
53179684000105,12431,Fechado,Classes de Cotas de Fundos FIF,Em Funcionamento Normal,2023-12-12,2023-12-12,23436778.17
52909503000188,12431,Fechado,Classes de Cotas de Fundos FIF,Em Funcionamento Normal,2023-11-16,2023-11-16,24027139.3
59888220000146,12431,Aberto,Classes de Cotas de Fundos FIF,Em Funcionamento Normal,2025-03-13,2025-03-13,32146029.66
57985995000104,12431,Aberto,Classes de Cotas de Fundos FIF,Em Funcionamento Normal,2024-11-05,2024-11-05,34416139.51
53372590000140,12431,Aberto,Classes de Cotas de Fundos FIF,Em Funcionamento Normal,2024-01-04,2024-01-04,25517271.96
42447172000158,12431,,Classes de Cotas de Fundos FIF,Em Funcionamento Normal,2024-04-22,2024-04-22,60110283.2
35535754000120,12431,,Classes de Cotas de Fundos FIF,Em Funcionamento Normal,2024-05-16,2024-05-16,30846933.98
58332774000108,12431,Aberto,Classes de Cotas de Fundos FIF,Em Funcionamento Normal,2024-12-03,2024-12-03,77232169.99
56953877000151,12431,Aberto,Classes de Cotas de Fundos FIF,Em Funcionamento Normal,2024-08-21,2024-08-21,70765077.41
41395293000130,12431,Fechado,Classes de Cotas de Fundos FIF,Em Funcionamento Normal,2024-07-23,2024-07-23,60948539.11
62091844000142,12431,Aberto,Classes de Cotas de Fundos FIF,Em Funcionamento Normal,2025-08-06,2025-08-06,31806947.37
41763312000134,12431,Fechado,Classes de Cotas de Fundos FIF,Em Funcionamento Normal,2024-07-18,2024-07-18,140473569.17
60276261000160,12431,Aberto,Classes de Cotas de Fundos FIF,Em Funcionamento Normal,2025-04-07,2025-04-07,29049542.93
37828591000108,12431,Fechado,Classes de Cotas de Fundos FIF,Em Funcionamento Normal,2024-07-23,2024-07-23,37535983.32
55521846000169,12431,Aberto,Classes de Cotas de Fundos FIF,Em Funcionamento Normal,2024-06-13,2024-06-13,25530452.26
57531860000179,12431,Aberto,Classes de Cotas de Fundos FIF,Em Funcionamento Normal,2024-10-02,2024-10-02,61844850.21
50435660000173,12431,Aberto,Classes de Cotas de Fundos FIF,Em Funcionamento Normal,2024-12-27,2024-12-27,13656579.42
59887628000101,12431,Aberto,Classes de Cotas de Fundos FIF,Em Funcionamento Normal,2025-03-13,2025-03-06,26463317.32
53980788000106,12431,Aberto,Classes de Cotas de Fundos FIF,Em Funcionamento Normal,2024-02-20,2024-02-20,68701947.41
57711303000130,12431,Fechado,Classes de Cotas de Fundos FIF,Em Funcionamento Normal,2024-10-16,2024-10-15,113700607.31
26173277000100,12431,Aberto,Classes de Cotas de Fundos FIF,Em Funcionamento Normal,2025-06-27,2025-06-27,22836909.77
37319460000197,12431,Fechado,Classes de Cotas de Fundos FIF,Em Funcionamento Normal,2024-08-02,2024-08-02,38504008.38
47540226000149,12431,Aberto,Classes de Cotas de Fundos FIF,Em Funcionamento Normal,2025-05-07,2025-05-07,0
55393064000191,12431,Aberto,Classes de Cotas de Fundos FIF,Em Funcionamento Normal,2024-06-04,2024-06-04,28316235.2
62408982000102,12431,Aberto,Classes de Cotas de Fundos FIF,Em Funcionamento Normal,2025-08-26,2025-08-26,23621921.8
63140516000151,12431,Fechado,Classes de Cotas de Fundos FIF,Em Funcionamento Normal,2025-10-10,2025-10-10,31331777.29
60806210000101,12431,Aberto,Classes de Cotas de Fundos FIF,Em Funcionamento Normal,2025-05-13,2025-05-13,27435675.04
54794710000160,12431,Aberto,Classes de Cotas de Fundos FIF,Em Funcionamento Normal,2024-04-18,2024-04-18,50099711.03
61240697000162,12431,Aberto,Classes de Cotas de Fundos FIF,Em Funcionamento Normal,2025-06-10,2025-06-10,24567056.52
53180706000149,12431,Aberto,Classes de Cotas de Fundos FIF,Em Funcionamento Normal,2023-12-12,2023-12-12,26822789.71
54754380000189,12431,Aberto,Classes de Cotas de Fundos FIF,Em Funcionamento Normal,2024-04-16,2024-04-16,36583787.13
62199705000137,12431,Aberto,Classes de Cotas de Fundos FIF,Em Funcionamento Normal,2025-08-13,2025-08-08,47556685.61
42420740000127,12431,,Classes de Cotas de Fundos FIF,Em Funcionamento Normal,2024-06-05,2024-06-05,85521782.86
54872331000140,12431,Aberto,Classes de Cotas de Fundos FIF,Em Funcionamento Normal,2024-04-24,2024-04-24,18186993.63
51868939000103,12431,Fechado,Classes de Cotas de Fundos FIF,Em Funcionamento Normal,2023-12-27,2023-12-27,35099894.06
60778434000149,12431,Aberto,Classes de Cotas de Fundos FIF,Em Funcionamento Normal,2025-05-12,2025-05-12,51465575.27
55945272000156,12431,Aberto,Classes de Cotas de Fundos FIF,Em Funcionamento Normal,2024-07-16,2024-07-16,19305018.58
60029151000102,12431,Fechado,Classes de Cotas de Fundos FIF,Em Funcionamento Normal,2025-03-21,2025-03-21,14497025.77
62849361000164,12431,Aberto,Classes de Cotas de Fundos FIF,Em Funcionamento Normal,2025-09-23,2025-09-22,23000453.72
62461101000117,12431,Aberto,Classes de Cotas de Fundos FIF,Em Funcionamento Normal,2025-08-29,2025-08-26,21610780.12
57536557000169,12431,Aberto,Classes de Cotas de Fundos FIF,Em Funcionamento Normal,2024-10-02,2024-10-02,21874880.64
54021672000102,12431,Fechado,Classes de Cotas de Fundos FIF,Em Funcionamento Normal,2024-02-22,2024-02-22,23227004.8
52699397000155,12431,Fechado,Classes de Cotas de Fundos FIF,Em Funcionamento Normal,2023-11-06,2023-11-06,24134959.28
53635550000143,12431,Aberto,Classes de Cotas de Fundos FIF,Em Funcionamento Normal,2024-01-24,2024-01-24,137735393.51
43122009000188,12431,Fechado,Classes de Cotas de Fundos FIF,Em Funcionamento Normal,2024-07-18,2024-07-18,246908021.62
53623608000139,12431,Aberto,Classes de Cotas de Fundos FIF,Em Funcionamento Normal,2024-01-23,2024-01-23,97791265.02
54644413000138,12431,Fechado,Classes de Cotas de Fundos FIF,Em Funcionamento Normal,2024-04-08,2024-04-08,57793697.61
44271594000140,12431,Aberto,Classes de Cotas de Fundos FIF,Em Funcionamento Normal,2025-05-27,2025-05-27,26951041.6
63848566000198,12431,Aberto,Classes de Cotas de Fundos FIF,Em Funcionamento Normal,2025-11-27,2025-11-21,153730230.18
62467472000106,12431,Aberto,Classes de Cotas de Fundos FIF,Em Funcionamento Normal,2025-08-29,2025-08-29,131950547.97
54008795000103,12431,Aberto,Classes de Cotas de Fundos FIF,Em Funcionamento Normal,2024-02-21,2024-02-21,77635638.44
55159406000103,12431,Aberto,Classes de Cotas de Fundos FIF,Em Funcionamento Normal,2024-05-16,2024-05-16,50271983.4
53989928000107,12431,Fechado,Classes de Cotas de Fundos FIF,Em Funcionamento Normal,2024-02-20,2024-02-20,35052095.4
57138708000120,12431,Aberto,Classes de Cotas de Fundos FIF,Em Funcionamento Normal,2024-09-03,2024-09-03,134507457.4
57340494000170,12431,Aberto,Classes de Cotas de Fundos FIF,Em Funcionamento Normal,2024-09-18,2024-09-18,49825116.71
62565902000122,12431,Aberto,Classes de Cotas de Fundos FIF,Em Funcionamento Normal,2025-09-04,2025-09-04,36847194.75
42420560000145,12431,,Classes de Cotas de Fundos FIF,Em Funcionamento Normal,2024-06-05,2024-06-05,69950540.11
52276849000196,12431,Aberto,Classes de Cotas de Fundos FIF,Em Funcionamento Normal,2025-04-23,2025-04-23,39613934.24
54007899000101,12431,Aberto,Classes de Cotas de Fundos FIF,Em Funcionamento Normal,2024-02-21,2024-02-21,60056778.74
60866355000190,12431,Aberto,Classes de Cotas de Fundos FIF,Em Funcionamento Normal,2025-05-16,2025-05-16,16808351.35
42066694000100,12431,Aberto,Classes de Cotas de Fundos FIF,Em Funcionamento Normal,2024-12-27,2024-12-27,89737243.19
50860797000175,12431,Fechado,Classes de Cotas de Fundos FIF,Em Funcionamento Normal,2024-07-26,2024-07-26,60866189.8
55217827000143,12431,,Classes de Cotas de Fundos FIF,Em Funcionamento Normal,2024-05-21,2024-05-21,23133951.74
54779598000198,12431,Aberto,Classes de Cotas de Fundos FIF,Em Funcionamento Normal,2024-04-17,2024-04-17,79946360.25
57492192000118,12431,Aberto,Classes de Cotas de Fundos FIF,Em Funcionamento Normal,2024-09-30,2024-09-30,24502709.84
55126476000165,12431,Aberto,Classes de Cotas de Fundos FIF,Em Funcionamento Normal,2024-05-14,2024-05-14,31028593.97
59108512000119,12431,Aberto,Classes de Cotas de Fundos FIF,Em Funcionamento Normal,2025-01-27,2025-01-24,50523144.16
59067509000102,12431,Aberto,Classes de Cotas de Fundos FIF,Em Funcionamento Normal,2025-01-23,2025-01-21,68282929.97
54179046000149,12431,Fechado,Classes de Cotas de Fundos FIF,Em Funcionamento Normal,2024-03-04,2024-03-04,34162000.36
61925300000176,12431,Fechado,Classes de Cotas de Fundos FIF,Em Funcionamento Normal,2025-07-25,2025-07-25,25315516.38
55177251000138,12431,Fechado,Classes de Cotas de Fundos FIF,Em Funcionamento Normal,2024-05-17,2024-05-17,37615902.83
42420671000151,12431,,Classes de Cotas de Fundos FIF,Em Funcionamento Normal,2024-06-28,2024-06-28,34800570.4
53018805000129,12431,Fechado,Classes de Cotas de Fundos FIF,Em Funcionamento Normal,2023-11-27,2023-11-27,48023509.74
60442622000100,12431,Fechado,Classes de Cotas de Fundos FIF,Em Funcionamento Normal,2025-04-16,2025-04-16,32531459.96
54070985000150,12431,Fechado,Classes de Cotas de Fundos FIF,Em Funcionamento Normal,2024-02-26,2024-02-26,46105648.21
57249502000178,12431,Aberto,Classes de Cotas de Fundos FIF,Em Funcionamento Normal,2024-09-11,2024-09-11,91098524.05
55176419000190,12431,Fechado,Classes de Cotas de Fundos FIF,Em Funcionamento Normal,2024-05-17,2024-05-17,45503766.64
61690166000171,12431,Aberto,Classes de Cotas de Fundos FIF,Em Funcionamento Normal,2025-07-10,2025-07-10,14654265.7
54252360000100,12431,Aberto,Classes de Cotas de Fundos FIF,Em Funcionamento Normal,2024-03-08,2024-03-08,121460968.4
60355769000154,12431,Aberto,Classes de Cotas de Fundos FIF,Em Funcionamento Normal,2025-04-10,2025-04-10,40674517.32
57613783000104,12431,Aberto,Classes de Cotas de Fundos FIF,Em Funcionamento Normal,2024-10-08,2024-10-07,114147230.59
54070861000175,12431,Fechado,Classes de Cotas de Fundos FIF,Em Funcionamento Normal,2024-02-26,2024-02-26,22766399.76
35700232000137,12431,Aberto,Classes de Cotas de Fundos FIF,Em Funcionamento Normal,2024-07-26,2024-07-26,158175346.4
53657535000104,12431,Aberto,Classes de Cotas de Fundos FIF,Em Funcionamento Normal,2024-01-25,2024-01-25,790455332.96
61583519000134,12431,Aberto,Classes de Cotas de Fundos FIF,Em Funcionamento Normal,2025-07-03,2025-07-03,265773306.46
52096571000175,12431,Aberto,Classes de Cotas de Fundos FIF,Em Funcionamento Normal,2025-03-19,2025-03-19,510862630.07
57378230000106,12431,Fechado,Classes de Cotas de Fundos FIF,Em Funcionamento Normal,2024-09-20,2024-09-20,43246325.56
58341982000165,12431,Aberto,Classes de Cotas de Fundos FIF,Em Funcionamento Normal,2024-12-04,2024-12-04,37944821.51
63953464000132,12431,Aberto,Classes de Cotas de Fundos FIF,Em Funcionamento Normal,2025-12-05,2025-12-05,206840651.74
54760175000126,12431,Aberto,Classes de Cotas de Fundos FIF,Em Funcionamento Normal,2024-04-16,2024-04-16,31678607.51
54547258000131,12431,Fechado,Classes de Cotas de Fundos FIF,Em Funcionamento Normal,2024-04-01,2024-04-01,29166270.7
57883567000170,12431,Fechado,Classes de Cotas de Fundos FIF,Em Funcionamento Normal,2024-10-29,2024-10-28,67776462.16
56175172000150,12431,Aberto,Classes de Cotas de Fundos FIF,Em Funcionamento Normal,2024-07-31,2024-07-31,49665795.11
53623218000169,12431,Aberto,Classes de Cotas de Fundos FIF,Em Funcionamento Normal,2024-01-23,2024-01-23,25261733.58
54292227000187,12431,Fechado,Classes de Cotas de Fundos FIF,Em Funcionamento Normal,2024-03-12,2024-03-12,22836909.96
27880363000115,12431,Aberto,Classes de Cotas de Fundos FIF,Em Funcionamento Normal,2025-04-23,2025-04-23,94347767.19
61989479000125,12431,Aberto,Classes de Cotas de Fundos FIF,Em Funcionamento Normal,2025-07-30,2025-07-30,65066466.91
62467068000132,12431,Aberto,Classes de Cotas de Fundos FIF,Em Funcionamento Normal,2025-08-29,2025-08-29,22029222.31
54582300000155,12431,Fechado,Classes de Cotas de Fundos FIF,Em Funcionamento Normal,2024-04-03,2024-04-03,28861395.07
54374180000109,12431,Aberto,Classes de Cotas de Fundos FIF,Em Funcionamento Normal,2024-03-18,2024-03-18,31192726.01
63064415000149,12431,Aberto,Classes de Cotas de Fundos FIF,Em Funcionamento Normal,2025-10-06,2025-10-03,35903898.19
63079026000197,12431,Aberto,Classes de Cotas de Fundos FIF,Em Funcionamento Normal,2025-10-07,2025-10-06,37425799.45
56281671000122,12431,Aberto,Classes de Cotas de Fundos FIF,Em Funcionamento Normal,2024-08-05,2024-08-05,18862913.45
54106504000110,12431,,Classes de Cotas de Fundos FIF,Em Funcionamento Normal,2024-02-28,2024-02-28,36786625.38
54170181000123,12431,Aberto,Classes de Cotas de Fundos FIF,Em Funcionamento Normal,2024-03-04,2024-03-04,26485177.33
54169385000144,12431,Aberto,Classes de Cotas de Fundos FIF,Em Funcionamento Normal,2024-03-04,2024-03-04,22897441
64091639000102,12431,Aberto,Classes de Cotas de Fundos FIF,Em Funcionamento Normal,2025-12-17,2025-12-16,22871666.84
50039659000120,12431,Aberto,Classes de Cotas de Fundos FIF,Em Funcionamento Normal,2024-07-26,2024-07-26,29936148.46
62356314000189,12431,Aberto,Classes de Cotas de Fundos FIF,Em Funcionamento Normal,2025-08-22,2025-08-20,38671243.71
62473606000100,12431,Aberto,Classes de Cotas de Fundos FIF,Em Funcionamento Normal,2025-08-29,2025-08-29,20465730.47
57323572000129,12431,Aberto,Classes de Cotas de Fundos FIF,Em Funcionamento Normal,2024-09-17,2024-09-17,135242595.73
63025366000135,12431,Aberto,Classes de Cotas de Fundos FIF,Em Funcionamento Normal,2025-10-03,2025-10-02,81398339.51
54910462000175,12431,Fechado,Classes de Cotas de Fundos FIF,Em Funcionamento Normal,2024-04-26,2024-04-26,24562178.52
36729801000130,12431,Aberto,Classes de Cotas de Fundos FIF,Em Funcionamento Normal,2025-05-13,2025-05-13,9891619.61
53552316000152,12431,Fechado,Classes de Cotas de Fundos FIF,Em Funcionamento Normal,2024-01-18,2024-01-18,21969236.18
31615327000100,12431,Aberto,Classes de Cotas de Fundos FIF,Em Funcionamento Normal,2025-05-15,2025-05-15,17566226.36
55360701000123,12431,Aberto,Classes de Cotas de Fundos FIF,Em Funcionamento Normal,2024-06-03,2024-06-03,63308148.22
56886239000165,12431,Fechado,Classes de Cotas de Fundos FIF,Em Funcionamento Normal,2024-08-16,2024-08-16,18550549.28
51383310000173,12431,Fechado,Classes de Cotas de Fundos FIF,Em Funcionamento Normal,2024-07-25,2024-07-25,24552364.52
62233496000109,12431,Aberto,Classes de Cotas de Fundos FIF,Em Funcionamento Normal,2025-08-14,2025-08-14,41340019.06
57512269000174,12431,Aberto,Classes de Cotas de Fundos FIF,Em Funcionamento Normal,2024-10-01,2024-09-26,29798863.88
24552346000160,12431,Aberto,Classes de Cotas de Fundos FIF,Em Funcionamento Normal,2024-05-15,2024-05-15,8311989.21
46423681000100,12431,Aberto,Classes de Cotas de Fundos FIF,Em Funcionamento Normal,2025-05-29,2025-05-29,45681434.86
57628211000190,12431,Aberto,Classes de Cotas de Fundos FIF,Em Funcionamento Normal,2024-10-09,2024-10-09,27355842.05
53520749000126,12431,,Classes de Cotas de Fundos FIF,Em Funcionamento Normal,2024-01-16,2024-01-16,13742651.19
41763320000180,12431,Fechado,Classes de Cotas de Fundos FIF,Em Funcionamento Normal,2025-03-06,2025-03-06,55626664.48
54644328000170,12431,Fechado,Classes de Cotas de Fundos FIF,Em Funcionamento Normal,2024-04-08,2024-04-08,45620070.51
52578153000114,12431,Aberto,Classes de Cotas de Fundos FIF,Em Funcionamento Normal,2023-11-07,2023-11-07,57878384.28
54465283000176,12431,Aberto,Classes de Cotas de Fundos FIF,Em Funcionamento Normal,2024-03-25,2024-03-25,167358754.04
59995885000159,12431,Aberto,Classes de Cotas de Fundos FIF,Em Funcionamento Normal,2025-03-20,2025-03-20,20523147.28
40963311000170,12431,Aberto,Classes de Cotas de Fundos FIF,Em Funcionamento Normal,2025-06-16,2025-06-16,104711240.4
55392885000103,12431,Aberto,Classes de Cotas de Fundos FIF,Em Funcionamento Normal,2024-06-04,2024-06-04,27802519.25
54345278000120,12431,Aberto,Classes de Cotas de Fundos FIF,Em Funcionamento Normal,2024-03-15,2024-03-15,135488244.55
63942021000146,12431,,Classes de Cotas de Fundos FIF,Em Funcionamento Normal,2025-12-05,2025-12-05,117670604.96
63377319000150,12431,Aberto,Classes de Cotas de Fundos FIF,Em Funcionamento Normal,2025-10-27,2025-10-27,476867326.86
57813684000168,12431,Aberto,Classes de Cotas de Fundos FIF,Em Funcionamento Normal,2024-10-23,2024-10-23,361786242.97
63727062000110,12431,Aberto,Classes de Cotas de Fundos FIF,Em Funcionamento Normal,2025-11-18,2025-11-18,23231160.26
59004460000130,12431,Aberto,Classes de Cotas de Fundos FIF,Em Funcionamento Normal,2025-01-21,2025-01-21,104607871.44
54248494000157,12431,Aberto,Classes de Cotas de Fundos FIF,Em Funcionamento Normal,2024-03-08,2024-03-08,56013585.19
58364988000158,12431,Fechado,Classes de Cotas de Fundos FIF,Em Funcionamento Normal,2024-12-05,2024-12-05,16426526.41
57400933000193,12431,Aberto,Classes de Cotas de Fundos FIF,Em Funcionamento Normal,2024-09-23,2024-09-23,82919043.19
55437858000100,12431,Aberto,Classes de Cotas de Fundos FIF,Em Funcionamento Normal,2024-06-07,2024-06-07,74740369.25
50642928000148,12431,Fechado,Classes de Cotas de Fundos FIF,Em Funcionamento Normal,2024-07-24,2024-07-24,25575650.49
60589814000135,12431,,Classes de Cotas de Fundos FIF,Em Funcionamento Normal,2025-04-29,2025-04-29,16461803.56
58653978000132,12431,Fechado,Classes de Cotas de Fundos FIF,Em Funcionamento Normal,2025-01-06,2025-01-03,44244670.46
20889637000198,12431,Aberto,Classes de Cotas de Fundos FIF,Em Funcionamento Normal,2025-04-29,2025-04-29,341164401.78
58653503000146,12431,Aberto,Classes de Cotas de Fundos FIF,Em Funcionamento Normal,2025-01-06,2025-01-06,225679222.52
57017755000116,12431,Fechado,Classes de Cotas de Fundos FIF,Em Funcionamento Normal,2024-08-26,2024-08-26,45341706.01
57226027000114,12431,Aberto,Classes de Cotas de Fundos FIF,Em Funcionamento Normal,2024-09-10,2024-09-10,32005311.99
61418417000163,12431,Aberto,Classes de Cotas de Fundos FIF,Em Funcionamento Normal,2025-06-23,2025-06-23,121268149.36
53604200000110,12431,,Classes de Cotas de Fundos FIF,Em Funcionamento Normal,2024-01-22,2024-01-22,30485559.58
62355956000163,12431,Aberto,Classes de Cotas de Fundos FIF,Em Funcionamento Normal,2025-08-22,2025-08-20,38756347.19
43122090000104,12431,Fechado,Classes de Cotas de Fundos FIF,Em Funcionamento Normal,2024-07-23,2024-07-23,44857652.81
53316565000149,12431,Aberto,Classes de Cotas de Fundos FIF,Em Funcionamento Normal,2023-12-27,2023-12-27,699667002.26
35650677000150,12431,Fechado,Classes de Cotas de Fundos FIF,Em Funcionamento Normal,2024-07-23,2024-07-23,111364243.57
57342019000133,12431,Aberto,Classes de Cotas de Fundos FIF,Em Funcionamento Normal,2024-09-18,2024-09-18,33812195.54
54813687000103,12431,Aberto,Classes de Cotas de Fundos FIF,Em Funcionamento Normal,2024-04-19,2024-04-19,36443980.29
60936771000117,12431,Aberto,Classes de Cotas de Fundos FIF,Em Funcionamento Normal,2025-05-21,2025-05-21,31395184.32
50191322000133,12431,Aberto,Classes de Cotas de Fundos FIF,Em Funcionamento Normal,2024-12-27,2024-12-27,104490546.12
61655249000120,12431,Aberto,Classes de Cotas de Fundos FIF,Em Funcionamento Normal,2025-07-08,2025-07-08,13272627.04
55176840000100,12431,Aberto,Classes de Cotas de Fundos FIF,Em Funcionamento Normal,2024-05-17,2024-05-17,49310033.86
51516067000114,12431,Aberto,Classes de Cotas de Fundos FIF,Em Funcionamento Normal,2024-08-07,2024-08-07,72165890.03
53448154000107,12431,Fechado,Classes de Cotas de Fundos FIF,Em Funcionamento Normal,2024-01-10,2024-01-10,22286657.09
54912056000141,12431,Aberto,Classes de Cotas de Fundos FIF,Em Funcionamento Normal,2024-04-26,2024-04-26,55267562.4
58692067000114,12431,Aberto,Classes de Cotas de Fundos FIF,Em Funcionamento Normal,2025-01-08,2025-01-08,25618988.08
59054402000111,12431,,Classes de Cotas de Fundos FIF,Em Funcionamento Normal,2025-01-23,2025-01-23,22792854.64
30998213000115,12431,Fechado,Classes de Cotas de Fundos FIF,Em Funcionamento Normal,2024-07-18,2024-07-18,111510047.34
54115218000110,12431,Aberto,Classes de Cotas de Fundos FIF,Em Funcionamento Normal,2024-02-28,2024-02-28,103362231.96
37893263000187,12431,Fechado,Classes de Cotas de Fundos FIF,Em Funcionamento Normal,2024-07-23,2024-07-23,122190764.02
66572564000107,12431,,Classes de Cotas de Fundos FIF,Em Funcionamento Normal,2026-05-04,2026-05-04,19493580.42
26725116000181,12431,Aberto,Classes de Cotas de Fundos FIF,Em Funcionamento Normal,2025-05-07,2025-05-07,24383600.34
58547919000180,12431,Aberto,Classes de Cotas de Fundos FIF,Em Funcionamento Normal,2024-12-23,2024-12-23,34328464.75
54893677000125,12431,Aberto,Classes de Cotas de Fundos FIF,Em Funcionamento Normal,2024-04-25,2024-04-25,48262186.01
51063538000186,12431,,Classes de Cotas de Fundos FIF,Em Funcionamento Normal,2024-06-21,2024-06-21,40323018
57639394000140,12431,Aberto,Classes de Cotas de Fundos FIF,Em Funcionamento Normal,2024-10-10,2024-10-07,34883875.53
55647058000113,12431,Aberto,Classes de Cotas de Fundos FIF,Em Funcionamento Normal,2024-06-24,2024-06-24,43967642.87
55381060000193,12431,Aberto,Classes de Cotas de Fundos FIF,Em Funcionamento Normal,2024-06-04,2024-06-04,24537667.1
41091044000151,12431,Aberto,Classes de Cotas de Fundos FIF,Em Funcionamento Normal,2024-12-19,2024-12-19,41654414.73
63023753000132,12431,Aberto,Classes de Cotas de Fundos FIF,Em Funcionamento Normal,2025-10-03,2025-10-02,35607207.36
30521681000102,12431,Aberto,Classes de Cotas de Fundos FIF,Em Funcionamento Normal,2025-04-23,2025-04-23,84674085.99
23034963000101,12431,Aberto,Classes de Cotas de Fundos FIF,Em Funcionamento Normal,2025-01-15,2025-01-15,728990126.51
50946766000131,12431,Aberto,Classes de Cotas de Fundos FIF,Em Funcionamento Normal,2024-07-26,2024-07-26,333392040.79
62198665000109,12431,Aberto,Classes de Cotas de Fundos FIF,Em Funcionamento Normal,2025-08-13,2025-08-12,44216736.02
55088856000152,12431,Aberto,Classes de Cotas de Fundos FIF,Em Funcionamento Normal,2024-05-10,2024-05-10,191905799.5
63898109000108,12431,Aberto,Classes de Cotas de Fundos FIF,Em Funcionamento Normal,2025-12-02,2025-11-27,29236480.74
61953079000160,12431,Aberto,Classes de Cotas de Fundos FIF,Em Funcionamento Normal,2025-07-28,2025-07-22,25834054.27
63358655000156,12431,Aberto,Classes de Cotas de Fundos FIF,Em Funcionamento Normal,2025-10-24,2025-10-23,19000838.18
52272425000153,12431,Aberto,Classes de Cotas de Fundos FIF,Em Funcionamento Normal,2024-04-16,2024-04-16,8942156.01
58530089000188,12431,,Classes de Cotas de Fundos FIF,Em Funcionamento Normal,2024-12-20,2024-12-20,21413916.17
62407174000120,12431,Aberto,Classes de Cotas de Fundos FIF,Em Funcionamento Normal,2025-08-26,2025-08-26,51391571.32
48554212000147,12431,,Classes de Cotas de Fundos FIF,Em Funcionamento Normal,2024-12-19,2024-12-19,147637685.78
61271154000102,12431,Aberto,Classes de Cotas de Fundos FIF,Em Funcionamento Normal,2025-06-11,2025-06-11,110544584.84
55240187000192,12431,Aberto,Classes de Cotas de Fundos FIF,Em Funcionamento Normal,2024-05-22,2024-05-22,58451069.96
56022951000116,12431,Aberto,Classes de Cotas de Fundos FIF,Em Funcionamento Normal,2024-07-22,2024-07-22,181107182.8
60740534000186,12431,Aberto,Classes de Cotas de Fundos FIF,Em Funcionamento Normal,2025-05-08,2025-05-08,26888149.68
41710563000150,12431,Fechado,Classes de Cotas de Fundos FIF,Em Funcionamento Normal,2024-07-23,2024-07-23,93835941.8
57897828000101,12431,Aberto,Classes de Cotas de Fundos FIF,Em Funcionamento Normal,2024-10-30,2024-10-29,29057645.5
51487766000183,12431,Fechado,Classes de Cotas de Fundos FIF,Em Funcionamento Normal,2024-07-26,2024-07-26,39044928.76
54547163000118,12431,Fechado,Classes de Cotas de Fundos FIF,Em Funcionamento Normal,2024-04-01,2024-04-01,51167020.24
63875387000140,12431,Aberto,Classes de Cotas de Fundos FIF,Em Funcionamento Normal,2025-12-01,2025-12-01,159426756.54
58052836000110,12431,Aberto,Classes de Cotas de Fundos FIF,Em Funcionamento Normal,2024-11-11,2024-11-11,637600869.45
30618457000125,12431,Aberto,Classes de Cotas de Fundos FIF,Em Funcionamento Normal,2024-12-27,2024-12-27,503440167.7
62351636000135,12431,Aberto,Classes de Cotas de Fundos FIF,Em Funcionamento Normal,2025-08-22,2025-08-22,97600931.21
24601713000179,12431,Aberto,Classes de Cotas de Fundos FIF,Em Funcionamento Normal,2025-01-06,2025-01-06,110956928.51
50074358000137,12431,Fechado,Classes de Cotas de Fundos FIF,Em Funcionamento Normal,2024-07-24,2024-07-24,78953737.17
61277977000145,12431,Aberto,Classes de Cotas de Fundos FIF,Em Funcionamento Normal,2025-06-12,2025-06-11,53138110.47
57565778000165,12431,Aberto,Classes de Cotas de Fundos FIF,Em Funcionamento Normal,2024-10-04,2024-10-02,15908907.86
52950174000119,12431,Aberto,Classes de Cotas de Fundos FIF,Em Funcionamento Normal,2023-11-21,2023-11-21,30939578.66
55444936000101,12431,Aberto,Classes de Cotas de Fundos FIF,Em Funcionamento Normal,2024-06-07,2024-06-07,29848701.77
32666434000111,12431,,Classes de Cotas de Fundos FIF,Em Funcionamento Normal,2024-04-15,2024-04-15,446444186.51
61597359000182,12431,Aberto,Classes de Cotas de Fundos FIF,Em Funcionamento Normal,2025-07-04,2025-07-04,15237354.46
62380424000186,12431,Aberto,Classes de Cotas de Fundos FIF,Em Funcionamento Normal,2025-08-25,2025-08-25,22347508.51
50019162000140,12431,Aberto,Classes de Cotas de Fundos FIF,Em Funcionamento Normal,2024-10-23,2024-10-23,45092809.27
55899469000104,12431,Fechado,Classes de Cotas de Fundos FIF,Em Funcionamento Normal,2024-07-11,2024-07-11,29944573.18
59123735000155,12431,,Classes de Cotas de Fundos FIF,Em Funcionamento Normal,2025-01-27,2025-01-27,23290585.13
55109529000130,12431,Aberto,Classes de Cotas de Fundos FIF,Em Funcionamento Normal,2024-05-13,2024-05-13,26119969.01
54092021000103,12431,Aberto,Classes de Cotas de Fundos FIF,Em Funcionamento Normal,2024-02-27,2024-02-27,20165100.27
60627152000140,12431,Aberto,Classes de Cotas de Fundos FIF,Em Funcionamento Normal,2025-04-30,2025-04-30,31519599.21
57706349000160,12431,Aberto,Classes de Cotas de Fundos FIF,Em Funcionamento Normal,2024-10-16,2024-10-16,21019270.4
32045039000111,12431,Fechado,Classes de Cotas de Fundos FIF,Em Funcionamento Normal,2024-07-23,2024-07-23,126198762.57
27565982000115,12431,Aberto,Classes de Cotas de Fundos FIF,Em Funcionamento Normal,2025-06-26,2025-06-26,31629412.27
54566051000104,12431,Fechado,Classes de Cotas de Fundos FIF,Em Funcionamento Normal,2024-04-02,2024-04-02,28650132.16
42287704000137,12431,Aberto,Classes de Cotas de Fundos FIF,Em Funcionamento Normal,2025-05-29,2025-05-29,41317311.56
42287499000100,12431,Aberto,Classes de Cotas de Fundos FIF,Em Funcionamento Normal,2025-01-21,2025-01-21,39433664.55
57682222000159,12431,Aberto,Classes de Cotas de Fundos FIF,Em Funcionamento Normal,2024-10-14,2024-10-14,426352615.04
54996800000133,12431,Aberto,Classes de Cotas de Fundos FIF,Em Funcionamento Normal,2024-05-03,2024-05-03,8703509.44
60742785000108,12431,Aberto,Classes de Cotas de Fundos FIF,Em Funcionamento Normal,2025-05-08,2025-05-08,3330894534.94
63230112000159,12431,Aberto,Classes de Cotas de Fundos FIF,Em Funcionamento Normal,2025-10-16,2025-10-13,33948620.14
55808078000129,12431,Aberto,Classes de Cotas de Fundos FIF,Em Funcionamento Normal,2024-07-04,2024-07-04,223226442.33
62381358000169,12431,Aberto,Classes de Cotas de Fundos FIF,Em Funcionamento Normal,2025-08-25,2025-08-25,18790233.12
55250846000171,12431,Aberto,Classes de Cotas de Fundos FIF,Em Funcionamento Normal,2024-05-23,2024-05-23,43873017.9
52770900000111,12431,Aberto,Classes de Cotas de Fundos FIF,Em Funcionamento Normal,2023-11-03,2023-11-03,159509285.54
45354855000159,12431,Aberto,Classes de Cotas de Fundos FIF,Em Funcionamento Normal,2024-07-24,2024-07-24,47065252.64
47562268000180,12431,Aberto,Classes de Cotas de Fundos FIF,Em Funcionamento Normal,2024-07-22,2024-07-22,2529210.08
49624023000166,12431,Aberto,Classes de Cotas de Fundos FIF,Em Funcionamento Normal,2025-05-19,2025-05-19,8600296.59
51766295000142,12431,Aberto,Classes de Cotas de Fundos FIF,Em Funcionamento Normal,2024-09-09,2024-09-09,23653867.84
61347630000121,12431,Aberto,Classes de Cotas de Fundos FIF,Em Funcionamento Normal,2025-06-17,2025-06-16,3747203.36
35377709000195,12431,Fechado,Classes de Cotas de Fundos FIF,Em Funcionamento Normal,2024-07-23,2024-07-23,138329761.97
53906581000191,12431,Aberto,Classes de Cotas de Fundos FIF,Em Funcionamento Normal,2024-02-14,2024-02-14,35378106.53
53906748000114,12431,Aberto,Classes de Cotas de Fundos FIF,Em Funcionamento Normal,2024-02-14,2024-02-14,148959042.6
53906981000105,12431,Aberto,Classes de Cotas de Fundos FIF,Em Funcionamento Normal,2024-02-14,2024-02-14,30798276.66
52854925000101,12431,Aberto,Classes de Cotas de Fundos FIF,Em Funcionamento Normal,2023-11-17,2023-11-17,47892880.83
53327343000121,12431,Fechado,Classes de Cotas de Fundos FIF,Em Funcionamento Normal,2023-12-29,2023-12-29,42344741.42
57300689000197,12431,Aberto,Classes de Cotas de Fundos FIF,Em Funcionamento Normal,2024-09-16,2024-09-16,317830009.15
56707981000166,12431,Aberto,Classes de Cotas de Fundos FIF,Em Funcionamento Normal,2024-08-14,2024-08-14,28761737.98
57591252000150,12431,Aberto,Classes de Cotas de Fundos FIF,Em Funcionamento Normal,2024-10-07,2024-10-07,61639691.73
57591671000191,12431,Aberto,Classes de Cotas de Fundos FIF,Em Funcionamento Normal,2024-10-07,2024-10-07,125049898.35
55981966000149,12431,Aberto,Classes de Cotas de Fundos FIF,Em Funcionamento Normal,2024-07-18,2024-07-18,43907708.53
51365675000175,12431,Fechado,Classes de Cotas de Fundos FIF,Em Funcionamento Normal,2024-07-25,2024-07-25,29738521.21
61182281000135,12431,Fechado,Classes de Cotas de Fundos FIF,Em Funcionamento Normal,2025-06-05,2025-06-05,35943437.94
55751815000102,12431,Aberto,Classes de Cotas de Fundos FIF,Em Funcionamento Normal,2024-07-01,2024-07-01,44318500.87
46573364000161,12431,Aberto,Classes de Cotas de Fundos FIF,Em Funcionamento Normal,2025-05-28,2025-05-28,178794480.01
52910190000188,12431,Aberto,Classes de Cotas de Fundos FIF,Em Funcionamento Normal,2023-11-24,2023-11-24,19443682.02
62361815000153,12431,Aberto,Classes de Cotas de Fundos FIF,Em Funcionamento Normal,2025-08-22,2025-08-22,58006976.34
59424781000194,12431,Aberto,Classes de Cotas de Fundos FIF,Em Funcionamento Normal,2025-02-12,2025-02-12,369487263.19
62847489000199,12431,Aberto,Classes de Cotas de Fundos FIF,Em Funcionamento Normal,2025-09-23,2025-09-23,296210439.21
26171796000139,12431,Aberto,Classes de Cotas de Fundos FIF,Em Funcionamento Normal,2025-03-26,2025-03-26,176271094.37
26751126000191,12431,Aberto,Classes de Cotas de Fundos FIF,Em Funcionamento Normal,2025-03-26,2025-03-26,130102599.09
62140128000108,12431,Aberto,Classes de Cotas de Fundos FIF,Em Funcionamento Normal,2025-08-08,2025-08-08,19179525.98
60859716000170,12431,Aberto,Classes de Cotas de Fundos FIF,Em Funcionamento Normal,2025-05-16,2025-05-13,25419930.19
45019458000120,12431,Fechado,Classes de Cotas de Fundos FIF,Em Funcionamento Normal,2025-04-08,2025-04-08,70229122.08
56431500000132,12431,Fechado,Classes de Cotas de Fundos FIF,Em Funcionamento Normal,2024-08-09,2024-08-09,178906544.69
41395322000164,12431,Fechado,Classes de Cotas de Fundos FIF,Em Funcionamento Normal,2024-07-24,2024-07-24,60513155.78
59432100000130,12431,Aberto,Classes de Cotas de Fundos FIF,Em Funcionamento Normal,2025-02-12,2025-02-12,7358590.86
54546863000198,12431,Aberto,Classes de Cotas de Fundos FIF,Em Funcionamento Normal,2024-04-01,2024-04-01,32294357.76
54409981000154,12431,Aberto,Classes de Cotas de Fundos FIF,Em Funcionamento Normal,2024-03-20,2024-03-20,27475421.69
50678270000124,12431,Aberto,Classes de Cotas de Fundos FIF,Em Funcionamento Normal,2024-11-05,2024-11-05,11871649.71
54745704000112,12431,Aberto,Classes de Cotas de Fundos FIF,Em Funcionamento Normal,2024-04-16,2024-04-16,33970816.74
62233915000102,12431,Aberto,Classes de Cotas de Fundos FIF,Em Funcionamento Normal,2025-08-14,2025-08-14,111873871.33
58054338000106,12431,Aberto,Classes de Cotas de Fundos FIF,Em Funcionamento Normal,2024-11-11,2024-11-11,94536277.66
41300683000180,12431,Aberto,Classes de Cotas de Fundos FIF,Em Funcionamento Normal,2025-06-24,2025-06-24,103345605.94
33768955000142,12431,Aberto,Classes de Cotas de Fundos FIF,Em Funcionamento Normal,2025-06-24,2025-06-24,151611014.23
56955481000143,12431,Aberto,Classes de Cotas de Fundos FIF,Em Funcionamento Normal,2024-08-21,2024-08-21,21655917.08
55477207000143,12431,Aberto,Classes de Cotas de Fundos FIF,Em Funcionamento Normal,2024-06-11,2024-06-11,136927168.11
53390524000100,12431,Fechado,Classes de Cotas de Fundos FIF,Em Funcionamento Normal,2024-01-05,2024-01-05,29230127.46
44960766000193,12431,Aberto,Classes de Cotas de Fundos FIF,Em Funcionamento Normal,2025-06-20,2025-06-20,16289910.44
55344166000117,12431,Fechado,Classes de Cotas de Fundos FIF,Em Funcionamento Normal,2024-05-31,2024-05-31,73057895.39
60261139000110,12431,Aberto,Classes de Cotas de Fundos FIF,Em Funcionamento Normal,2025-04-04,2025-04-04,30457163.03
37567174000140,12431,Fechado,Classes de Cotas de Fundos FIF,Em Funcionamento Normal,2024-07-23,2024-07-23,93236917.77
63760296000169,12431,Aberto,Classes de Cotas de Fundos FIF,Em Funcionamento Normal,2025-11-21,2025-11-21,844596721.88
30521661000123,12431,Aberto,Classes de Cotas de Fundos FIF,Em Funcionamento Normal,2025-03-20,2025-03-20,52492570.01
57435321000136,12431,Aberto,Classes de Cotas de Fundos FIF,Em Funcionamento Normal,2024-09-25,2024-09-25,22293510.63
54333128000104,12431,Aberto,Classes de Cotas de Fundos FIF,Em Funcionamento Normal,2024-03-14,2024-03-14,20682679.24
54008247000183,12431,Aberto,Classes de Cotas de Fundos FIF,Em Funcionamento Normal,2024-02-21,2024-02-21,16782744.39
58437495000109,12431,Aberto,Classes de Cotas de Fundos FIF,Em Funcionamento Normal,2024-12-12,2024-12-10,412449040.4
48969047000194,12431,Aberto,Classes de Cotas de Fundos FIF,Em Funcionamento Normal,2025-05-14,2025-05-14,92080982.04
61948797000148,12431,Aberto,Classes de Cotas de Fundos FIF,Em Funcionamento Normal,2025-07-28,2025-07-23,20601686.86
62267044000130,12431,Aberto,Classes de Cotas de Fundos FIF,Em Funcionamento Normal,2025-08-18,2025-08-18,13789833.69
56047653000180,12431,Aberto,Classes de Cotas de Fundos FIF,Em Funcionamento Normal,2024-07-23,2024-07-23,49190145.94
55600064000115,12431,Aberto,Classes de Cotas de Fundos FIF,Em Funcionamento Normal,2024-06-19,2024-06-19,74485280.86
56174734000141,12431,Aberto,Classes de Cotas de Fundos FIF,Em Funcionamento Normal,2024-07-31,2024-07-31,20422023.44
60510186000150,12431,Aberto,Classes de Cotas de Fundos FIF,Em Funcionamento Normal,2025-04-23,2025-04-23,39486754.56
57747620000106,12431,Aberto,Classes de Cotas de Fundos FIF,Em Funcionamento Normal,2024-10-18,2024-10-18,33375570.81
58095438000180,12431,Aberto,Classes de Cotas de Fundos FIF,Em Funcionamento Normal,2024-11-13,2024-11-13,28055786.65
58110964000172,12431,Aberto,Classes de Cotas de Fundos FIF,Em Funcionamento Normal,2024-11-14,2024-11-13,66713737.21
54936922000134,12431,Aberto,Classes de Cotas de Fundos FIF,Em Funcionamento Normal,2024-04-29,2024-04-29,49888137.22
54151845000107,12431,Aberto,Classes de Cotas de Fundos FIF,Em Funcionamento Normal,2024-03-01,2024-03-01,148108364.81
61875090000159,12431,Aberto,Classes de Cotas de Fundos FIF,Em Funcionamento Normal,2025-07-23,2025-07-22,21566725.49
38489240000174,12431,Fechado,Classes de Cotas de Fundos FIF,Em Funcionamento Normal,2024-07-23,2024-07-23,60418799.76
55019751000141,12431,Aberto,Classes de Cotas de Fundos FIF,Em Funcionamento Normal,2024-05-06,2024-05-06,58824178.6
55685435000109,12431,Aberto,Classes de Cotas de Fundos FIF,Em Funcionamento Normal,2024-06-26,2024-06-26,201871316.03
32045116000133,12431,Fechado,Classes de Cotas de Fundos FIF,Em Funcionamento Normal,2024-07-18,2024-07-18,45031604.49
62408523000129,12431,Aberto,Classes de Cotas de Fundos FIF,Em Funcionamento Normal,2025-08-26,2025-08-26,21265152.99
51058091000157,12431,Fechado,Classes de Cotas de Fundos FIF,Em Funcionamento Normal,2024-07-18,2024-07-18,33938688.12
59873582000163,12431,Aberto,Classes de Cotas de Fundos FIF,Em Funcionamento Normal,2025-03-12,2025-03-12,12759146.62
42066755000139,12431,,Classes de Cotas de Fundos FIF,Em Funcionamento Normal,2024-04-22,2024-04-22,62531037.46
35755062000198,12431,,Classes de Cotas de Fundos FIF,Em Funcionamento Normal,2024-04-19,2024-04-19,38667261.86
55632270000107,12431,Aberto,Classes de Cotas de Fundos FIF,Em Funcionamento Normal,2024-06-21,2024-06-21,21120435.31
54976744000175,12431,Aberto,Classes de Cotas de Fundos FIF,Em Funcionamento Normal,2024-05-02,2024-05-02,20128407.15
55112606000100,12431,Aberto,Classes de Cotas de Fundos FIF,Em Funcionamento Normal,2024-05-13,2024-05-13,48891115.46
58287774000125,12431,Aberto,Classes de Cotas de Fundos FIF,Em Funcionamento Normal,2024-11-29,2024-11-26,60710376.32
56199309000107,12431,Aberto,Classes de Cotas de Fundos FIF,Em Funcionamento Normal,2024-08-01,2024-08-01,34584722.09
50705390000173,12431,Aberto,Classes de Cotas de Fundos FIF,Em Funcionamento Normal,2025-06-06,2025-06-06,25812720.59
50076958000134,12431,Fechado,Classes de Cotas de Fundos FIF,Em Funcionamento Normal,2024-07-24,2024-07-24,55783169.08
50272216000184,12431,Aberto,Classes de Cotas de Fundos FIF,Em Funcionamento Normal,2025-05-29,2025-05-29,109484169.01
42221412000100,12431,Aberto,Classes de Cotas de Fundos FIF,Em Funcionamento Normal,2025-02-28,2025-02-28,2432457988.86
23714022000119,12431,Aberto,Classes de Cotas de Fundos FIF,Em Funcionamento Normal,2025-04-30,2025-04-30,830826963.25
50116962000189,12431,Aberto,Classes de Cotas de Fundos FIF,Em Funcionamento Normal,2025-02-20,2025-02-20,26951837.02
33422113000134,12431,Aberto,Classes de Cotas de Fundos FIF,Em Funcionamento Normal,2025-04-24,2025-04-24,39179099.15
55572497000104,12431,,Classes de Cotas de Fundos FIF,Em Funcionamento Normal,2024-06-18,2024-06-18,391847572.9
55384132000156,12431,,Classes de Cotas de Fundos FIF,Em Funcionamento Normal,2024-06-04,2024-06-04,1567903516.61
55176509000181,12431,,Classes de Cotas de Fundos FIF,Em Funcionamento Normal,2024-05-17,2024-05-17,1569721558.24
58258574000144,12431,Aberto,Classes de Cotas de Fundos FIF,Em Funcionamento Normal,2024-11-27,2024-11-27,2611470114.65
65612787000198,12431,,Classes de Cotas de Fundos FIF,Em Funcionamento Normal,2026-03-11,2026-03-11,550165809.94
55382748000198,12431,,Classes de Cotas de Fundos FIF,Em Funcionamento Normal,2024-06-04,2024-06-04,91639857.3
60124635000122,12431,,Classes de Cotas de Fundos FIF,Em Funcionamento Normal,2025-03-27,2025-03-27,8838885.52
59878473000139,12431,,Classes de Cotas de Fundos FIF,Em Funcionamento Normal,2025-03-13,2025-03-13,9160547.9
56149470000176,12431,,Classes de Cotas de Fundos FIF,Em Funcionamento Normal,2024-07-30,2024-07-30,1891993.02
60853232000114,12431,,Classes de Cotas de Fundos FIF,Em Funcionamento Normal,2025-05-15,2025-05-15,2404989.95
60127023000193,12431,,Classes de Cotas de Fundos FIF,Em Funcionamento Normal,2025-03-27,2025-03-27,18567850.89
60852475000138,12431,,Classes de Cotas de Fundos FIF,Em Funcionamento Normal,2025-05-15,2025-05-15,4693003.98
59772310000177,12431,,Classes de Cotas de Fundos FIF,Em Funcionamento Normal,2025-03-06,2025-03-06,10385282.13
55230301000101,12431,,Classes de Cotas de Fundos FIF,Em Funcionamento Normal,2024-05-22,2024-05-22,111250929.36
32999355000122,12431,Aberto,Classes de Cotas de Fundos FIF,Em Funcionamento Normal,2025-03-07,2025-03-07,153778477.21
58516864000140,12431,,Classes de Cotas de Fundos FIF,Em Funcionamento Normal,2024-12-19,2024-12-19,494522423.59
32999416000151,12431,Aberto,Classes de Cotas de Fundos FIF,Em Funcionamento Normal,2025-02-24,2025-02-24,87707198.79
57791787000174,12431,,Classes de Cotas de Fundos FIF,Em Funcionamento Normal,2024-10-22,2024-10-21,1251348760.55
49843141000165,12431,Aberto,Classes de Cotas de Fundos FIF,Em Funcionamento Normal,2025-04-16,2025-04-16,178395179.8
26362496000137,12431,Aberto,Classes de Cotas de Fundos FIF,Em Funcionamento Normal,2025-04-14,2025-04-14,260400020.33
27782888000118,12431,Aberto,Classes de Cotas de Fundos FIF,Em Funcionamento Normal,2025-04-14,2025-04-14,26326821.33
62672889000100,12431,Aberto,Classes de Cotas de Fundos FIF,Em Funcionamento Normal,2025-09-11,2025-09-11,26338916.76
61108069000128,12431,Aberto,Classes de Cotas de Fundos FIF,Em Funcionamento Normal,2025-06-02,2025-06-02,193365650.25
51381641000174,12431,Fechado,Classes de Cotas de Fundos FIF,Em Funcionamento Normal,2024-07-25,2024-07-25,24557889.86
62644763000122,12431,Aberto,Classes de Cotas de Fundos FIF,Em Funcionamento Normal,2025-09-10,2025-09-04,19994761.31
52878009000101,12431,Aberto,Classes de Cotas de Fundos FIF,Em Funcionamento Normal,2023-11-13,2023-11-13,340002414.08
55983101000111,12431,Fechado,Classes de Cotas de Fundos FIF,Em Funcionamento Normal,2024-07-18,2024-07-18,38383362.43
62852342000197,12431,Aberto,Classes de Cotas de Fundos FIF,Em Funcionamento Normal,2025-09-23,2025-09-18,24365874.99
64651483000177,12431,Aberto,Classes de Cotas de Fundos FIF,Em Funcionamento Normal,2026-01-22,2026-01-22,28069077.04
62572931000111,12431,Aberto,Classes de Cotas de Fundos FIF,Em Funcionamento Normal,2025-09-04,2025-08-29,83514769.73
51710645000159,12431,Aberto,Classes de Cotas de Fundos FIF,Em Funcionamento Normal,2025-03-24,2025-03-24,2990764333.96
63989000000186,12431,Aberto,Classes de Cotas de Fundos FIF,Em Funcionamento Normal,2025-12-09,2025-12-09,1347163181.82
59016228000112,12431,Aberto,Classes de Cotas de Fundos FIF,Em Funcionamento Normal,2025-01-21,2025-01-21,2521329625.1
61622820000100,12431,Aberto,Classes de Cotas de Fundos FIF,Em Funcionamento Normal,2025-07-07,2025-07-07,1062529474.13
63437368000131,12431,Aberto,Classes de Cotas de Fundos FIF,Em Funcionamento Normal,2025-10-30,2025-10-30,1224213988.93
59016052000107,12431,Aberto,Classes de Cotas de Fundos FIF,Em Funcionamento Normal,2025-01-21,2025-01-21,373247645.22
57009700000164,12431,Aberto,Classes de Cotas de Fundos FIF,Em Funcionamento Normal,2024-08-26,2024-08-26,788059553.17
63988597000144,12431,Aberto,Classes de Cotas de Fundos FIF,Em Funcionamento Normal,2025-12-09,2025-12-09,284813610.98
54487736000165,12431,Aberto,Classes de Cotas de Fundos FIF,Em Funcionamento Normal,2024-03-26,2024-03-26,19424355162.72
30102276000141,12431,Aberto,Classes de Cotas de Fundos FIF,Em Funcionamento Normal,2025-05-13,2025-05-13,1254511688.03
30493677000170,12431,Aberto,Classes de Cotas de Fundos FIF,Em Funcionamento Normal,2025-03-24,2025-03-24,455928103.47
55138841000151,12431,Aberto,Classes de Cotas de Fundos FIF,Em Funcionamento Normal,2024-05-15,2024-05-15,686153028.12
53553233000188,12431,Aberto,Classes de Cotas de Fundos FIF,Em Funcionamento Normal,2024-01-18,2024-01-18,462523740.25
53553068000164,12431,Aberto,Classes de Cotas de Fundos FIF,Em Funcionamento Normal,2024-01-18,2024-01-18,147394083.9
54277476000101,12431,Aberto,Classes de Cotas de Fundos FIF,Em Funcionamento Normal,2024-03-11,2024-03-11,42369756.47
57395516000108,12431,Aberto,Classes de Cotas de Fundos FIF,Em Funcionamento Normal,2024-09-23,2024-09-23,20391294.16
57745265000136,12431,Aberto,Classes de Cotas de Fundos FIF,Em Funcionamento Normal,2024-10-18,2024-10-18,13730685.24
59412583000100,12431,Aberto,Classes de Cotas de Fundos FIF,Em Funcionamento Normal,2025-02-11,2025-02-11,25210862.96
61844366000131,12431,Aberto,Classes de Cotas de Fundos FIF,Em Funcionamento Normal,2025-07-21,2025-07-21,17700217.18
61884366000165,12431,Aberto,Classes de Cotas de Fundos FIF,Em Funcionamento Normal,2025-07-23,2025-07-23,18975822.51
62876542000180,12431,Aberto,Classes de Cotas de Fundos FIF,Em Funcionamento Normal,2025-09-24,2025-09-24,11571903.81
62986829000162,12431,Aberto,Classes de Cotas de Fundos FIF,Em Funcionamento Normal,2025-10-01,2025-10-01,75935595.31
62983270000117,12431,Aberto,Classes de Cotas de Fundos FIF,Em Funcionamento Normal,2025-10-01,2025-10-01,10293789.73
63093259000144,12431,Aberto,Classes de Cotas de Fundos FIF,Em Funcionamento Normal,2025-10-08,2025-10-08,33811310.29
56388249000170,12431,Aberto,Classes de Cotas de Fundos FIF,Em Funcionamento Normal,2024-08-08,2024-08-08,31048953.88
54487667000190,12431,Aberto,Classes de Cotas de Fundos FIF,Em Funcionamento Normal,2024-03-26,2024-03-26,71827301.23
60920222000154,12431,Aberto,Classes de Cotas de Fundos FIF,Em Funcionamento Normal,2025-05-20,2025-05-20,30752745.31
52875912000100,12431,Aberto,Classes de Cotas de Fundos FIF,Em Funcionamento Normal,2023-11-13,2023-11-13,197934814.07
62588992000177,12431,Aberto,Classes de Cotas de Fundos FIF,Em Funcionamento Normal,2025-09-05,2025-09-05,76164783.84
55937998000147,12431,Aberto,Classes de Cotas de Fundos FIF,Em Funcionamento Normal,2024-07-15,2024-07-15,68531761.05
59412482000130,12431,Aberto,Classes de Cotas de Fundos FIF,Em Funcionamento Normal,2025-02-11,2025-02-11,11082130.42
61198681000139,12431,Aberto,Classes de Cotas de Fundos FIF,Em Funcionamento Normal,2025-06-06,2025-06-06,39166123.74
64059160000199,12431,Aberto,Classes de Cotas de Fundos FIF,Em Funcionamento Normal,2025-12-15,2025-12-15,20289112.88
53962293000154,12431,Aberto,Classes de Cotas de Fundos FIF,Em Funcionamento Normal,2024-02-19,2024-02-19,22747612.79
58651661000167,12431,Aberto,Classes de Cotas de Fundos FIF,Em Funcionamento Normal,2025-01-06,2025-01-06,23267624.85
55507577000186,12431,Aberto,Classes de Cotas de Fundos FIF,Em Funcionamento Normal,2024-06-12,2024-06-12,29602653.12
58286101000150,12431,Aberto,Classes de Cotas de Fundos FIF,Em Funcionamento Normal,2024-11-29,2024-11-28,11588773.84
63383872000104,12431,Aberto,Classes de Cotas de Fundos FIF,Em Funcionamento Normal,2025-10-27,2025-10-27,21880355.91
63917614000152,12431,Aberto,Classes de Cotas de Fundos FIF,Em Funcionamento Normal,2025-12-03,2025-12-03,104290832.94
56388082000148,12431,Aberto,Classes de Cotas de Fundos FIF,Em Funcionamento Normal,2024-08-08,2024-08-08,16885283.45
66302938000174,12431,Aberto,Classes de Cotas de Fundos FIF,Em Funcionamento Normal,2026-04-16,2026-04-16,26468465.07
63139150000109,12431,Fechado,Classes de Cotas de Fundos FIF,Em Funcionamento Normal,2025-10-10,2025-10-10,24499863.94
57395116000194,12431,Aberto,Classes de Cotas de Fundos FIF,Em Funcionamento Normal,2024-09-23,2024-09-23,22442011.41
55172353000160,12431,Aberto,Classes de Cotas de Fundos FIF,Em Funcionamento Normal,2024-05-17,2024-05-17,20805192.82
63159694000124,12431,Fechado,Classes de Cotas de Fundos FIF,Em Funcionamento Normal,2025-10-13,2025-10-13,15907463.85
60742779000142,12431,Aberto,Classes de Cotas de Fundos FIF,Em Funcionamento Normal,2025-05-08,2025-05-08,35515714.7
59911193000185,12431,Aberto,Classes de Cotas de Fundos FIF,Em Funcionamento Normal,2025-03-14,2025-03-14,10667212.46
66148609000110,12431,Aberto,Classes de Cotas de Fundos FIF,Em Funcionamento Normal,2026-04-08,2026-04-08,12394871.88
62771190000106,12431,Aberto,Classes de Cotas de Fundos FIF,Em Funcionamento Normal,2025-09-17,2025-09-17,23875810.93
56388159000180,12431,Aberto,Classes de Cotas de Fundos FIF,Em Funcionamento Normal,2024-08-08,2024-08-08,13407797.29
58108837000139,12431,Aberto,Classes de Cotas de Fundos FIF,Em Funcionamento Normal,2024-11-14,2024-11-14,11588212.92
65842530000122,12431,Aberto,Classes de Cotas de Fundos FIF,Em Funcionamento Normal,2026-03-23,2026-03-23,20700540.41
65529915000134,12431,Aberto,Classes de Cotas de Fundos FIF,Em Funcionamento Normal,2026-03-06,2026-03-06,15155202.86
63405360000193,12431,Aberto,Classes de Cotas de Fundos FIF,Em Funcionamento Normal,2025-10-28,2025-10-27,22600018.3
63405863000169,12431,Fechado,Classes de Cotas de Fundos FIF,Em Funcionamento Normal,2025-10-28,2025-10-28,14695326.17
60532320000114,12431,Aberto,Classes de Cotas de Fundos FIF,Em Funcionamento Normal,2025-04-24,2025-04-24,16097222.18
63383901000120,12431,Aberto,Classes de Cotas de Fundos FIF,Em Funcionamento Normal,2025-10-27,2025-10-27,14097854.76
59655567000149,12431,,,,,,
61199023000161,12431,Aberto,Classes de Cotas de Fundos FIF,Em Funcionamento Normal,2025-06-06,2025-06-06,15727957.01
64113390000199,12431,Aberto,Classes de Cotas de Fundos FIF,Em Funcionamento Normal,2025-12-18,2025-12-18,89927765.51
56171855000130,12431,Fechado,Classes de Cotas de Fundos FIF,Em Funcionamento Normal,2024-07-31,2024-07-31,37397940.57
53776163000127,12431,Aberto,Classes de Cotas de Fundos FIF,Em Funcionamento Normal,2024-02-02,2024-02-02,28152841.97
53775856000103,12431,Aberto,Classes de Cotas de Fundos FIF,Em Funcionamento Normal,2024-02-02,2024-02-02,82780922.25
58360837000121,12431,Aberto,Classes de Cotas de Fundos FIF,Em Funcionamento Normal,2024-12-05,2024-12-05,3106309.8
56388276000143,12431,Aberto,Classes de Cotas de Fundos FIF,Em Funcionamento Normal,2024-08-08,2024-08-08,19765122.85
59655691000104,12431,Aberto,Classes de Cotas de Fundos FIF,Em Funcionamento Normal,2025-02-25,2025-02-25,19798282.04
56089347000107,12431,Aberto,Classes de Cotas de Fundos FIF,Em Funcionamento Normal,2024-07-25,2024-07-25,43494996.75
62986314000162,12431,Aberto,Classes de Cotas de Fundos FIF,Em Funcionamento Normal,2025-10-01,2025-10-01,15472351.4
60503108000129,12431,Aberto,Classes de Cotas de Fundos FIF,Em Funcionamento Normal,2025-04-23,2025-04-23,16367647.57
59412238000177,12431,Aberto,Classes de Cotas de Fundos FIF,Em Funcionamento Normal,2025-02-11,2025-02-11,20691428.93
29722392000184,12431,Aberto,Classes de Cotas de Fundos FIF,Em Funcionamento Normal,2025-03-14,2025-03-14,160264973.82
58651702000115,12431,Aberto,Classes de Cotas de Fundos FIF,Em Funcionamento Normal,2025-01-06,2025-01-06,14124227.99
63022260000188,12431,Aberto,Classes de Cotas de Fundos FIF,Em Funcionamento Normal,2025-10-03,2025-10-03,11273422.98
54487714000103,12431,Aberto,Classes de Cotas de Fundos FIF,Em Funcionamento Normal,2024-03-26,2024-03-26,17234316.87
65835898000163,12431,Aberto,Classes de Cotas de Fundos FIF,Em Funcionamento Normal,2026-03-23,2026-03-23,10687361.41
61333263000107,12431,Aberto,Classes de Cotas de Fundos FIF,Em Funcionamento Normal,2025-06-16,2025-06-16,78316121.7
61794817000173,12431,Aberto,Classes de Cotas de Fundos FIF,Em Funcionamento Normal,2025-07-17,2025-07-17,10558071.91
57744596000151,12431,Aberto,Classes de Cotas de Fundos FIF,Em Funcionamento Normal,2024-10-18,2024-10-18,43465850.72
60867433000170,12431,Aberto,Classes de Cotas de Fundos FIF,Em Funcionamento Normal,2025-05-16,2025-05-16,7418196.19
59655459000176,12431,Aberto,Classes de Cotas de Fundos FIF,Em Funcionamento Normal,2025-02-25,2025-02-25,31754267.08
64540699000165,12431,Aberto,Classes de Cotas de Fundos FIF,Em Funcionamento Normal,2026-01-16,2026-01-16,27958153.46
62499127000154,12431,Aberto,Classes de Cotas de Fundos FIF,Em Funcionamento Normal,2025-09-01,2025-09-01,9814463.88
59910896000199,12431,Aberto,Classes de Cotas de Fundos FIF,Em Funcionamento Normal,2025-03-14,2025-03-14,19364600.74
62805928000109,12431,Aberto,Classes de Cotas de Fundos FIF,Em Funcionamento Normal,2025-09-19,2025-09-19,76871413.23
61199231000160,12431,Aberto,Classes de Cotas de Fundos FIF,Em Funcionamento Normal,2025-06-06,2025-06-06,16327047.9
63005076000120,12431,Aberto,Classes de Cotas de Fundos FIF,Em Funcionamento Normal,2025-10-02,2025-10-02,38147616.61
58360941000116,12431,Aberto,Classes de Cotas de Fundos FIF,Em Funcionamento Normal,2024-12-05,2024-12-05,22808133.61
58348771000154,12431,Aberto,Classes de Cotas de Fundos FIF,Em Funcionamento Normal,2024-12-04,2024-12-04,82749705.83
55274899000122,12431,Aberto,Classes de Cotas de Fundos FIF,Em Funcionamento Normal,2024-05-24,2024-05-24,26664594.7
55379681000132,12431,Aberto,Classes de Cotas de Fundos FIF,Em Funcionamento Normal,2024-06-04,2024-06-04,33007057.48
58108799000114,12431,Aberto,Classes de Cotas de Fundos FIF,Em Funcionamento Normal,2024-11-14,2024-11-14,29061565.75
60920297000135,12431,Aberto,Classes de Cotas de Fundos FIF,Em Funcionamento Normal,2025-05-20,2025-05-20,12019518.04
60500481000126,12431,Aberto,Classes de Cotas de Fundos FIF,Em Funcionamento Normal,2025-04-23,2025-04-23,461411888.37
55172307000161,12431,Aberto,Classes de Cotas de Fundos FIF,Em Funcionamento Normal,2024-05-17,2024-05-17,234220028.66
63914463000189,12431,Aberto,Classes de Cotas de Fundos FIF,Em Funcionamento Normal,2025-12-03,2025-12-03,38092573.77
58771694000140,12431,Aberto,Classes de Cotas de Fundos FIF,Em Funcionamento Normal,2025-01-10,2025-01-10,50266622.72
59941697000148,12431,Fechado,Classes de Cotas de Fundos FIF,Em Funcionamento Normal,2025-03-17,2025-03-17,15286159.8
62751113000186,12431,Aberto,Classes de Cotas de Fundos FIF,Em Funcionamento Normal,2025-09-16,2025-09-16,54351362.55
55172242000154,12431,Aberto,Classes de Cotas de Fundos FIF,Em Funcionamento Normal,2024-05-17,2024-05-17,82121308.26
62805867000171,12431,Aberto,Classes de Cotas de Fundos FIF,Em Funcionamento Normal,2025-09-19,2025-09-19,23187549.68
63740555000190,12431,Aberto,Classes de Cotas de Fundos FIF,Em Funcionamento Normal,2025-11-19,2025-11-19,34632819.12
54855450000195,12431,Aberto,Classes de Cotas de Fundos FIF,Em Funcionamento Normal,2024-04-23,2024-04-23,35816527.27
54794799000164,12431,,,,,,
57395648000121,12431,Aberto,Classes de Cotas de Fundos FIF,Em Funcionamento Normal,2024-09-23,2024-09-23,15645470.58
62120583000141,12431,Aberto,Classes de Cotas de Fundos FIF,Em Funcionamento Normal,2025-08-07,2025-08-07,18053637.43
63788524000109,12431,Aberto,Classes de Cotas de Fundos FIF,Em Funcionamento Normal,2025-11-24,2025-11-24,17441597
56088570000130,12431,Fechado,Classes de Cotas de Fundos FIF,Em Funcionamento Normal,2024-07-25,2024-07-25,11528186.19
58651958000122,12431,Aberto,Classes de Cotas de Fundos FIF,Em Funcionamento Normal,2025-01-06,2025-01-06,11276023.57
59743618000194,12431,Aberto,Classes de Cotas de Fundos FIF,Em Funcionamento Normal,2025-03-05,2025-02-27,23629886.45
60866948000156,12431,Aberto,Classes de Cotas de Fundos FIF,Em Funcionamento Normal,2025-05-16,2025-05-16,39372504.95
62849964000166,12431,Aberto,Classes de Cotas de Fundos FIF,Em Funcionamento Normal,2025-09-23,2025-09-23,10239183.48
63159716000156,12431,Fechado,Classes de Cotas de Fundos FIF,Em Funcionamento Normal,2025-10-13,2025-10-13,19799593.41
59941827000142,12431,Aberto,Classes de Cotas de Fundos FIF,Em Funcionamento Normal,2025-03-17,2025-03-17,12351784.68
59511772000130,12431,Aberto,Classes de Cotas de Fundos FIF,Em Funcionamento Normal,2025-02-17,2025-02-17,12615859.04
57035905000114,12431,Aberto,Classes de Cotas de Fundos FIF,Em Funcionamento Normal,2024-08-27,2024-08-27,113416793.03
62751026000129,12431,Aberto,Classes de Cotas de Fundos FIF,Em Funcionamento Normal,2025-09-16,2025-09-16,18002194.35
53109857000100,12431,Fechado,Classes de Cotas de Fundos FIF,Em Funcionamento Normal,2023-12-05,2023-12-05,31356106.31
63741446000197,12431,Aberto,Classes de Cotas de Fundos FIF,Em Funcionamento Normal,2025-11-19,2025-11-19,17018583.99
63405574000160,12431,Aberto,Classes de Cotas de Fundos FIF,Em Funcionamento Normal,2025-10-28,2025-10-28,10751629.24
61683502000159,12431,Aberto,Classes de Cotas de Fundos FIF,Em Funcionamento Normal,2025-07-10,2025-07-10,22388106.55
54065159000113,12431,Aberto,Classes de Cotas de Fundos FIF,Em Funcionamento Normal,2024-02-26,2024-02-26,42687307.31
62876658000119,12431,Aberto,Classes de Cotas de Fundos FIF,Em Funcionamento Normal,2025-09-24,2025-09-24,123253217.3
61844252000191,12431,Aberto,Classes de Cotas de Fundos FIF,Em Funcionamento Normal,2025-07-21,2025-07-21,12571268.41
62849941000151,12431,Aberto,Classes de Cotas de Fundos FIF,Em Funcionamento Normal,2025-09-23,2025-09-23,16935007.91
64582055000130,12431,Fechado,Classes de Cotas de Fundos FIF,Em Funcionamento Normal,2026-01-19,2026-01-19,37006868.54
61622654000141,12431,Aberto,Classes de Cotas de Fundos FIF,Em Funcionamento Normal,2025-07-07,2025-07-07,11263502.92
62806106000134,12431,Aberto,Classes de Cotas de Fundos FIF,Em Funcionamento Normal,2025-09-19,2025-09-19,69830654.23
62074561000192,12431,Aberto,Classes de Cotas de Fundos FIF,Em Funcionamento Normal,2025-08-05,2025-08-05,14162212.18
53962449000105,12431,Aberto,Classes de Cotas de Fundos FIF,Em Funcionamento Normal,2024-02-19,2024-02-19,31022560.38
63761168000130,12431,Aberto,Classes de Cotas de Fundos FIF,Em Funcionamento Normal,2025-11-21,2025-11-21,120054134.38
58361052000173,12431,Aberto,Classes de Cotas de Fundos FIF,Em Funcionamento Normal,2024-12-05,2024-12-05,115209981.81
63052049000108,12431,Aberto,Classes de Cotas de Fundos FIF,Em Funcionamento Normal,2025-10-06,2025-10-06,12530129.51
60233116000100,12431,Fechado,Classes de Cotas de Fundos FIF,Em Funcionamento Normal,2025-04-03,2025-04-03,49068722.92
60742631000108,12431,Aberto,Classes de Cotas de Fundos FIF,Em Funcionamento Normal,2025-05-08,2025-05-08,19228189.77
60742819000156,12431,Aberto,Classes de Cotas de Fundos FIF,Em Funcionamento Normal,2025-05-08,2025-05-08,303756773.68
66633063000193,12431,Aberto,Classes de Cotas de Fundos FIF,Em Funcionamento Normal,2026-05-06,2026-05-06,47711370.27
64094799000105,12431,Aberto,Classes de Cotas de Fundos FIF,Em Funcionamento Normal,2025-12-17,2025-12-17,61401746.14
59412648000118,12431,Aberto,Classes de Cotas de Fundos FIF,Em Funcionamento Normal,2025-02-11,2025-02-11,184419146.86
59511583000168,12431,Aberto,Classes de Cotas de Fundos FIF,Em Funcionamento Normal,2025-02-17,2025-02-17,172977491.28
58286171000109,12431,Aberto,Classes de Cotas de Fundos FIF,Em Funcionamento Normal,2024-11-29,2024-11-28,11585174.86
59511685000183,12431,Aberto,Classes de Cotas de Fundos FIF,Em Funcionamento Normal,2025-02-17,2025-02-17,82749086.49
56283509000143,12431,Aberto,Classes de Cotas de Fundos FIF,Em Funcionamento Normal,2024-08-05,2024-08-05,28210547.02
64597707000100,12431,Aberto,Classes de Cotas de Fundos FIF,Em Funcionamento Normal,2026-01-20,2026-01-20,75134795.27
58075902000177,12431,Aberto,Classes de Cotas de Fundos FIF,Em Funcionamento Normal,2024-11-12,2024-11-12,30136962.7
63159704000121,12431,Aberto,Classes de Cotas de Fundos FIF,Em Funcionamento Normal,2025-10-13,2025-10-13,25152179.59
62806621000114,12431,Aberto,Classes de Cotas de Fundos FIF,Em Funcionamento Normal,2025-09-19,2025-09-19,84230661.11
61809225000188,12431,Aberto,Classes de Cotas de Fundos FIF,Em Funcionamento Normal,2025-07-18,2025-07-18,165813153.73
55937743000184,12431,Aberto,Classes de Cotas de Fundos FIF,Em Funcionamento Normal,2024-07-15,2024-07-15,17620634.44
62781419000185,12431,Aberto,Classes de Cotas de Fundos FIF,Em Funcionamento Normal,2025-09-18,2025-09-18,20976007.08
55507561000173,12431,Aberto,Classes de Cotas de Fundos FIF,Em Funcionamento Normal,2024-06-12,2024-06-12,34488072.51
58348647000199,12431,Aberto,Classes de Cotas de Fundos FIF,Em Funcionamento Normal,2024-12-04,2024-12-04,22731252.08
54487778000104,12431,Aberto,Classes de Cotas de Fundos FIF,Em Funcionamento Normal,2024-03-26,2024-03-26,49011005.74
60502894000140,12431,Aberto,Classes de Cotas de Fundos FIF,Em Funcionamento Normal,2025-04-23,2025-04-23,80228458.13
63005030000100,12431,Aberto,Classes de Cotas de Fundos FIF,Em Funcionamento Normal,2025-10-02,2025-10-02,10445110.91
63740800000169,12431,Aberto,Classes de Cotas de Fundos FIF,Em Funcionamento Normal,2025-11-19,2025-11-19,72422764
62831874000148,12431,Aberto,Classes de Cotas de Fundos FIF,Em Funcionamento Normal,2025-09-22,2025-09-22,32267054.61
58651920000150,12431,Aberto,Classes de Cotas de Fundos FIF,Em Funcionamento Normal,2025-01-06,2025-01-06,138436872.6
63761174000197,12431,Aberto,Classes de Cotas de Fundos FIF,Em Funcionamento Normal,2025-11-21,2025-11-21,30301786
63893287000146,12431,Aberto,Classes de Cotas de Fundos FIF,Em Funcionamento Normal,2025-12-02,2025-12-02,49705546.4
63022242000104,12431,Fechado,Classes de Cotas de Fundos FIF,Em Funcionamento Normal,2025-10-03,2025-10-03,15544520.12
55507601000187,12431,Aberto,Classes de Cotas de Fundos FIF,Em Funcionamento Normal,2024-06-12,2024-06-12,43353995.29
53828427000149,12431,Aberto,Classes de Cotas de Fundos FIF,Em Funcionamento Normal,2024-02-06,2024-02-06,66990004.32
64986160000134,12431,Aberto,Classes de Cotas de Fundos FIF,Em Funcionamento Normal,2026-02-06,2026-02-06,8744164.35
54794954000142,12431,Aberto,Classes de Cotas de Fundos FIF,Em Funcionamento Normal,2024-04-18,2024-04-18,60872148.74
66148652000186,12431,Aberto,Classes de Cotas de Fundos FIF,Em Funcionamento Normal,2026-04-08,2026-04-08,13966609.8
61809401000181,12431,Aberto,Classes de Cotas de Fundos FIF,Em Funcionamento Normal,2025-07-18,2025-07-18,16496867.47
61324558000117,12431,Aberto,Classes de Cotas de Fundos FIF,Em Funcionamento Normal,2025-06-16,2025-06-16,52624543.81
62520921000132,12431,Aberto,Classes de Cotas de Fundos FIF,Em Funcionamento Normal,2025-09-02,2025-09-02,22243900.24
62781472000186,12431,Aberto,Classes de Cotas de Fundos FIF,Em Funcionamento Normal,2025-09-18,2025-09-18,18197163.45
54487556000183,12431,Aberto,Classes de Cotas de Fundos FIF,Em Funcionamento Normal,2024-03-26,2024-03-26,16171149.77
58651604000188,12431,Fechado,Classes de Cotas de Fundos FIF,Em Funcionamento Normal,2025-01-06,2025-01-06,29395468.93
55675472000136,12431,Aberto,Classes de Cotas de Fundos FIF,Em Funcionamento Normal,2024-06-25,2024-06-25,17042756.81
54212291000100,12431,Aberto,Classes de Cotas de Fundos FIF,Em Funcionamento Normal,2024-03-06,2024-03-06,80619003.57
59064446000122,12431,Aberto,Classes de Cotas de Fundos FIF,Em Funcionamento Normal,2025-01-23,2025-01-23,42257315.07
50979958000144,12431,Fechado,Classes de Cotas de Fundos FIF,Em Funcionamento Normal,2024-07-24,2024-07-24,21450407.08
37728016000125,12431,Fechado,Classes de Cotas de Fundos FIF,Em Funcionamento Normal,2024-07-23,2024-07-23,111287440.24
54603605000104,12431,Aberto,Classes de Cotas de Fundos FIF,Em Funcionamento Normal,2024-04-04,2024-04-04,109918814.15
61245368000104,12431,Aberto,Classes de Cotas de Fundos FIF,Em Funcionamento Normal,2025-06-10,2025-06-10,126345860.55
64680282000106,12431,Aberto,Classes de Cotas de Fundos FIF,Em Funcionamento Normal,2026-01-23,2026-01-23,26683514.09
37541412000149,12431,Fechado,Classes de Cotas de Fundos FIF,Em Funcionamento Normal,2024-07-23,2024-07-23,62891591.22
62623910000188,12431,Aberto,Classes de Cotas de Fundos FIF,Em Funcionamento Normal,2025-09-09,2025-09-09,16253174.43
55150666000118,12431,Fechado,Classes de Cotas de Fundos FIF,Em Funcionamento Normal,2024-05-16,2024-05-16,41775973.11
52910681000129,12431,Fechado,Classes de Cotas de Fundos FIF,Em Funcionamento Normal,2023-11-27,2023-11-27,23842844.61
58075015000107,12431,Aberto,Classes de Cotas de Fundos FIF,Em Funcionamento Normal,2024-11-12,2024-11-05,163003601.03
63048098000177,12431,Aberto,Classes de Cotas de Fundos FIF,Em Funcionamento Normal,2025-10-06,2025-10-06,41743327.1
55939214000110,12431,Fechado,Classes de Cotas de Fundos FIF,Em Funcionamento Normal,2024-07-15,2024-07-15,67962320.07
61268857000181,12431,Aberto,Classes de Cotas de Fundos FIF,Em Funcionamento Normal,2025-06-11,2025-06-10,21944247.46
54811496000102,12431,Aberto,Classes de Cotas de Fundos FIF,Em Funcionamento Normal,2024-04-19,2024-04-19,45825280.98
55665281000193,12431,Aberto,Classes de Cotas de Fundos FIF,Em Funcionamento Normal,2024-06-25,2024-06-25,16570347.67
53803655000164,12431,Aberto,Classes de Cotas de Fundos FIF,Em Funcionamento Normal,2024-02-05,2024-02-05,32421716.02
54008987000110,12431,Fechado,Classes de Cotas de Fundos FIF,Em Funcionamento Normal,2024-02-21,2024-02-21,28659831.06
62869550000107,12431,Aberto,Classes de Cotas de Fundos FIF,Em Funcionamento Normal,2025-09-24,2025-09-23,259700320.35
56706600000124,12431,Aberto,Classes de Cotas de Fundos FIF,Em Funcionamento Normal,2024-08-14,2024-08-14,50092072.63
59313291000110,12431,Aberto,Classes de Cotas de Fundos FIF,Em Funcionamento Normal,2025-02-05,2025-02-05,62990758.4
54174048000145,12431,,,,,,
54715191000105,12431,Aberto,Classes de Cotas de Fundos FIF,Em Funcionamento Normal,2024-04-12,2024-04-12,42568086.75
54029274000132,12431,Aberto,Classes de Cotas de Fundos FIF,Em Funcionamento Normal,2024-02-22,2024-02-22,57408466
51357586000187,12431,,,,,,
66298117000101,12431,,Classes de Cotas de Fundos FIF,Em Funcionamento Normal,2026-04-16,2026-04-16,59799624.7
23884659000153,12431,Aberto,Classes de Cotas de Fundos FIF,Em Funcionamento Normal,2024-01-15,2024-01-15,38831748.37
58399524000187,12431,Aberto,Classes de Cotas de Fundos FIF,Em Funcionamento Normal,2024-12-09,2024-12-04,66783977.74
55231454000165,12431,Aberto,Classes de Cotas de Fundos FIF,Em Funcionamento Normal,2024-05-22,2024-05-22,89035421.02
55215989000142,12431,Aberto,Classes de Cotas de Fundos FIF,Em Funcionamento Normal,2024-05-21,2024-05-21,24315794.87
59785096000193,12431,Aberto,Classes de Cotas de Fundos FIF,Em Funcionamento Normal,2025-03-07,2025-03-07,41632114.97
54200289000111,12431,Aberto,Classes de Cotas de Fundos FIF,Em Funcionamento Normal,2024-03-05,2024-03-05,17411322.7
55109850000114,12431,Aberto,Classes de Cotas de Fundos FIF,Em Funcionamento Normal,2024-05-13,2024-05-13,86610232.64
62423102000177,12431,Aberto,Classes de Cotas de Fundos FIF,Em Funcionamento Normal,2025-08-27,2025-08-27,27541088.37
57346416000183,12431,Aberto,Classes de Cotas de Fundos FIF,Em Funcionamento Normal,2024-09-18,2024-09-18,88045024.15
56706457000170,12431,Aberto,Classes de Cotas de Fundos FIF,Em Funcionamento Normal,2024-08-14,2024-08-14,127073719.93
54463768000120,12431,Aberto,Classes de Cotas de Fundos FIF,Em Funcionamento Normal,2024-03-25,2024-03-25,50352347.02
61391125000184,12431,Aberto,Classes de Cotas de Fundos FIF,Em Funcionamento Normal,2025-06-20,2025-06-20,10497491.95
55597133000189,12431,Aberto,Classes de Cotas de Fundos FIF,Em Funcionamento Normal,2024-06-19,2024-06-19,49881203.49
54542996000196,12431,Aberto,Classes de Cotas de Fundos FIF,Em Funcionamento Normal,2024-04-01,2024-04-01,14936810.54
64507265000163,12431,Fechado,Classes de Cotas de Fundos FIF,Em Funcionamento Normal,2026-01-15,2026-01-15,35077603.31
55162173000106,12431,Aberto,Classes de Cotas de Fundos FIF,Em Funcionamento Normal,2024-05-16,2024-05-16,23459865.47
43122073000169,12431,Fechado,Classes de Cotas de Fundos FIF,Em Funcionamento Normal,2024-07-23,2024-07-23,74650588.56
57138450000162,12431,Aberto,Classes de Cotas de Fundos FIF,Em Funcionamento Normal,2024-09-03,2024-09-03,48698126.31
57088620000141,12431,Aberto,Classes de Cotas de Fundos FIF,Em Funcionamento Normal,2024-08-30,2024-08-30,63871738.57
41392136000171,12431,Fechado,Classes de Cotas de Fundos FIF,Em Funcionamento Normal,2024-07-18,2024-07-18,80772388.33
58281724000130,12431,Aberto,Classes de Cotas de Fundos FIF,Em Funcionamento Normal,2024-11-29,2024-11-29,329652891.03
50038992000114,12431,Aberto,Classes de Cotas de Fundos FIF,Em Funcionamento Normal,2025-04-10,2025-04-10,441747309.66
62007683000166,12431,Aberto,Classes de Cotas de Fundos FIF,Em Funcionamento Normal,2025-07-31,2025-07-31,677656192.49
58002209000174,12431,Aberto,Classes de Cotas de Fundos FIF,Em Funcionamento Normal,2024-11-06,2024-11-06,35874869.73
39723106000159,12431,,Classes de Cotas de Fundos FIF,Em Funcionamento Normal,2025-03-13,2025-03-13,19998088.04
48970212000128,12431,Fechado,Classes de Cotas de Fundos FIF,Em Funcionamento Normal,2024-10-01,2024-10-01,389435009.75
53766005000196,12431,,,,,,
57110842000113,12431,Fechado,Classes de Cotas de Fundos FIF,Em Funcionamento Normal,2024-09-02,2024-09-02,953331715.42
63359425000101,12431,Fechado,Classes de Cotas de Fundos FIF,Em Funcionamento Normal,2025-10-24,2025-10-24,1429939463.08
58443398000110,12431,Fechado,Classes de Cotas de Fundos FIF,Em Funcionamento Normal,2024-12-12,2024-12-12,28081534.74
61643338000156,12431,Fechado,Classes de Cotas de Fundos FIF,Em Funcionamento Normal,2025-07-08,2025-07-08,234412310.1
43140450000192,12431,Fechado,Classes de Cotas de Fundos FIF,Em Funcionamento Normal,2024-01-30,2024-01-30,467208190.57
51924043000102,12431,Fechado,Classes de Cotas de Fundos FIF,Em Funcionamento Normal,2023-11-28,2023-11-28,617521146.45
54773359000120,12431,Fechado,Classes de Cotas de Fundos FIF,Em Funcionamento Normal,2024-04-17,2024-04-17,975540270.43
64723744000117,12431,Aberto,Classes de Cotas de Fundos FIF,Em Funcionamento Normal,2026-01-26,2026-01-26,109908815.71
30676315000114,12431,Aberto,Classes de Cotas de Fundos FIF,Em Funcionamento Normal,2025-04-10,2025-04-10,1658444879.37
61959407000135,12431,Aberto,Classes de Cotas de Fundos FIF,Em Funcionamento Normal,2025-07-29,2025-07-21,17499209.98
54426679000104,12431,,Classes de Cotas de Fundos FIF,Em Funcionamento Normal,2024-03-21,2024-03-21,203624224.51
62083874000107,12431,Aberto,Classes de Cotas de Fundos FIF,Em Funcionamento Normal,2025-08-05,2025-07-28,89393767.19
64185185000139,12431,Aberto,Classes de Cotas de Fundos FIF,Em Funcionamento Normal,2025-12-29,2025-12-29,57361382.26
57113258000111,12431,Aberto,Classes de Cotas de Fundos FIF,Em Funcionamento Normal,2024-09-02,2024-09-02,19888769.58
53077797000191,12431,Aberto,Classes de Cotas de Fundos FIF,Em Funcionamento Normal,2023-12-01,2023-12-01,435443145.38
57636187000131,12431,Aberto,Classes de Cotas de Fundos FIF,Em Funcionamento Normal,2024-10-10,2024-10-10,403346733.43
63924803000152,12431,Aberto,Classes de Cotas de Fundos FIF,Em Funcionamento Normal,2025-12-04,2025-12-03,38246338.61
61051152000108,12431,Aberto,Classes de Cotas de Fundos FIF,Em Funcionamento Normal,2025-05-28,2025-05-28,275542433.08
55347477000130,12431,Aberto,Classes de Cotas de Fundos FIF,Em Funcionamento Normal,2024-05-31,2024-05-31,28463019.66
62319210000102,12431,Aberto,Classes de Cotas de Fundos FIF,Em Funcionamento Normal,2025-08-20,2025-08-20,21524984.96
61954776000135,12431,,Classes de Cotas de Fundos FIF,Em Funcionamento Normal,2025-07-28,2025-07-23,158352764.41
54794777000102,12431,Aberto,Classes de Cotas de Fundos FIF,Em Funcionamento Normal,2024-04-18,2024-04-18,28615787.17
57536308000173,12431,Aberto,Classes de Cotas de Fundos FIF,Em Funcionamento Normal,2024-10-02,2024-10-02,12596236.1
51637886000110,12431,Fechado,Classes de Cotas de Fundos FIF,Em Funcionamento Normal,2024-07-18,2024-07-18,46103131.92
56973849000104,12431,Aberto,Classes de Cotas de Fundos FIF,Em Funcionamento Normal,2024-08-22,2024-08-22,197626892.05
58289474000185,12431,Aberto,Classes de Cotas de Fundos FIF,Em Funcionamento Normal,2024-11-29,2024-11-28,101505315.5
61444194000109,12431,Aberto,Classes de Cotas de Fundos FIF,Em Funcionamento Normal,2025-06-25,2025-06-24,224842821.14
58062679000123,12431,Aberto,Classes de Cotas de Fundos FIF,Em Funcionamento Normal,2024-11-11,2024-11-08,937890951.77
22759995000101,12431,Aberto,Classes de Cotas de Fundos FIF,Em Funcionamento Normal,2025-05-23,2025-05-23,54607558.46
54644512000110,12431,,,,,,
48969821000167,12431,Aberto,Classes de Cotas de Fundos FIF,Em Funcionamento Normal,2025-06-23,2025-06-23,31264397.68
54279549000196,12431,Aberto,Classes de Cotas de Fundos FIF,Em Funcionamento Normal,2024-03-11,2024-03-11,37842496.29
54115354000100,12431,Aberto,Classes de Cotas de Fundos FIF,Em Funcionamento Normal,2024-02-28,2024-02-28,53588050.22
32862167000158,12431,Aberto,Classes de Cotas de Fundos FIF,Em Funcionamento Normal,2025-05-05,2025-05-05,29657727.67
63351459000150,12431,,,,,,
57883031000155,12431,Fechado,Classes de Cotas de Fundos FIF,Em Funcionamento Normal,2024-10-29,2024-10-28,34006862.23
63513518000149,12431,Aberto,Classes de Cotas de Fundos FIF,Em Funcionamento Normal,2025-11-04,2025-11-04,56085709.59
58891176000160,12431,Aberto,Classes de Cotas de Fundos FIF,Em Funcionamento Normal,2025-01-15,2025-01-15,62188611.68
54278859000196,12431,Aberto,Classes de Cotas de Fundos FIF,Em Funcionamento Normal,2024-03-11,2024-03-11,21513123.96
27250788000140,12431,Aberto,Classes de Cotas de Fundos FIF,Em Funcionamento Normal,2025-04-23,2025-04-23,223305198.6
47776713000105,12431,Aberto,Classes de Cotas de Fundos FIF,Em Funcionamento Normal,2024-10-01,2024-10-01,14103108.87
38658114000104,12431,Aberto,Classes de Cotas de Fundos FIF,Em Funcionamento Normal,2025-05-08,2025-05-08,10492612029.49
57771924000109,12431,Aberto,Classes de Cotas de Fundos FIF,Em Funcionamento Normal,2024-10-21,2024-10-21,40730299.88
55267271000108,12431,,Classes de Cotas de Fundos FIF,Em Funcionamento Normal,2024-05-24,2024-05-24,41006238.22
61269144000132,12431,Aberto,Classes de Cotas de Fundos FIF,Em Funcionamento Normal,2025-06-11,2025-06-10,29177147.76
59246759000100,12431,Aberto,Classes de Cotas de Fundos FIF,Em Funcionamento Normal,2025-02-03,2025-01-31,73162917.64
60938351000170,12431,Fechado,Classes de Cotas de Fundos FIF,Em Funcionamento Normal,2025-05-21,2025-05-21,21848733
51024922000170,12431,Aberto,Classes de Cotas de Fundos FIF,Em Funcionamento Normal,2024-06-10,2024-06-10,36031734.19
55121153000189,12431,Aberto,Classes de Cotas de Fundos FIF,Em Funcionamento Normal,2024-05-14,2024-05-14,29758027.94
53293548000133,12431,Aberto,Classes de Cotas de Fundos FIF,Em Funcionamento Normal,2023-12-22,2023-12-22,312832242.72
57088293000128,12431,Aberto,Classes de Cotas de Fundos FIF,Em Funcionamento Normal,2024-08-30,2024-08-30,147962045.66
63023396000102,12431,Aberto,Classes de Cotas de Fundos FIF,Em Funcionamento Normal,2025-10-03,2025-10-02,21802235.13
55117996000101,12431,Aberto,Classes de Cotas de Fundos FIF,Em Funcionamento Normal,2024-05-14,2024-05-14,148432720.45
61898585000101,12431,Aberto,Classes de Cotas de Fundos FIF,Em Funcionamento Normal,2025-07-24,2025-07-24,30607923.06
55387239000158,12431,Aberto,Classes de Cotas de Fundos FIF,Em Funcionamento Normal,2024-06-04,2024-06-04,25662202.93
56004782000191,12431,Aberto,Classes de Cotas de Fundos FIF,Em Funcionamento Normal,2024-07-19,2024-07-19,23472495.85
60936335000148,12431,,,,,,
14491564000189,12431,Aberto,Classes de Cotas de Fundos FIF,Em Funcionamento Normal,2025-06-24,2025-06-24,98462318.74
14880030000144,12431,Aberto,Classes de Cotas de Fundos FIF,Em Funcionamento Normal,2024-11-25,2024-11-25,15187489.85
32485590000186,12431,Aberto,Classes de Cotas de Fundos FIF,Em Funcionamento Normal,2024-12-09,2024-12-09,42983282.75
62769923000160,12431,Aberto,Classes de Cotas de Fundos FIF,Em Funcionamento Normal,2025-09-17,2025-09-17,43187317.45
50926941000129,12431,Fechado,Classes de Cotas de Fundos FIF,Em Funcionamento Normal,2024-07-24,2024-07-24,23972707.89
64776777000125,12431,Aberto,Classes de Cotas de Fundos FIF,Em Funcionamento Normal,2026-01-29,2026-01-28,14825258.8
58691085000181,12431,Aberto,Classes de Cotas de Fundos FIF,Em Funcionamento Normal,2025-01-08,2025-01-08,48740054.33
57285625000164,12431,Fechado,Classes de Cotas de Fundos FIF,Em Funcionamento Normal,2024-09-13,2024-09-13,347344956.49
40054529000102,12431,Fechado,Classes de Cotas de Fundos FIF,Em Funcionamento Normal,2024-07-23,2024-07-23,28957508.66
42195828000192,12431,Fechado,Classes de Cotas de Fundos FIF,Em Funcionamento Normal,2024-07-23,2024-07-23,324869950.34
64089192000137,12431,,Classes de Cotas de Fundos FIF,Em Funcionamento Normal,2025-12-17,2025-12-16,11593051.36
51637707000144,12431,Fechado,Classes de Cotas de Fundos FIF,Em Funcionamento Normal,2024-07-25,2024-07-25,28177740.96
55768240000122,12431,Fechado,Classes de Cotas de Fundos FIF,Em Funcionamento Normal,2024-07-02,2024-07-02,40325481.7
51033302000105,12431,Fechado,Classes de Cotas de Fundos FIF,Em Funcionamento Normal,2024-07-25,2024-07-25,22488959.35
46172369000182,12431,Aberto,Classes de Cotas de Fundos FIF,Em Funcionamento Normal,2024-11-28,2024-11-28,47937976.97
57662061000131,12431,Aberto,Classes de Cotas de Fundos FIF,Em Funcionamento Normal,2024-10-11,2024-10-11,55102663.3
63338774000147,12431,Aberto,Classes de Cotas de Fundos FIF,Em Funcionamento Normal,2025-10-23,2025-10-23,32573519.65
54277489000172,12431,Aberto,Classes de Cotas de Fundos FIF,Em Funcionamento Normal,2024-03-11,2024-03-11,40711191.42
62625430000156,12431,Aberto,Classes de Cotas de Fundos FIF,Em Funcionamento Normal,2025-09-09,2025-09-09,43356929.64
50927112000160,12431,Fechado,Classes de Cotas de Fundos FIF,Em Funcionamento Normal,2024-07-18,2024-07-18,30694610.63
53203274000144,12431,,,,,,
31457222000161,12431,Fechado,Classes de Cotas de Fundos FIF,Em Funcionamento Normal,2024-07-18,2024-07-18,93630425.5
51096061000135,12431,,Classes de Cotas de Fundos FIF,Em Funcionamento Normal,2023-12-19,2023-12-19,120135370.92
57796012000191,12431,Aberto,Classes de Cotas de Fundos FIF,Em Funcionamento Normal,2024-10-22,2024-10-22,32725386.35
57966847000142,12431,Aberto,Classes de Cotas de Fundos FIF,Em Funcionamento Normal,2024-11-04,2024-11-04,57964943.67
22013612000151,12431,Aberto,Classes de Cotas de Fundos FIF,Em Funcionamento Normal,2025-06-20,2025-06-20,98822140.05
57746542000125,12431,Aberto,Classes de Cotas de Fundos FIF,Em Funcionamento Normal,2024-10-18,2024-10-18,41323519.12
58587071000112,12431,,,,,,
23884614000189,12431,Aberto,Classes de Cotas de Fundos FIF,Em Funcionamento Normal,2025-02-10,2025-02-10,39120228.2
59163531000148,12431,Aberto,Classes de Cotas de Fundos FIF,Em Funcionamento Normal,2025-01-29,2025-01-20,35986284.24
59163781000188,12431,Aberto,Classes de Cotas de Fundos FIF,Em Funcionamento Normal,2025-01-29,2025-01-20,47522015.94
54384723000160,12431,Aberto,Classes de Cotas de Fundos FIF,Em Funcionamento Normal,2024-03-19,2024-03-19,114158679.58
59163409000171,12431,Aberto,Classes de Cotas de Fundos FIF,Em Funcionamento Normal,2025-01-29,2025-01-20,84691673.42
54618143000190,12431,Aberto,Classes de Cotas de Fundos FIF,Em Funcionamento Normal,2024-04-05,2024-04-05,152534248.51
55465528000128,12431,Aberto,Classes de Cotas de Fundos FIF,Em Funcionamento Normal,2024-06-10,2024-06-10,33299656.8
59163342000175,12431,Aberto,Classes de Cotas de Fundos FIF,Em Funcionamento Normal,2025-01-29,2025-01-20,38618470.81
57279886000171,12431,Fechado,Classes de Cotas de Fundos FIF,Em Funcionamento Normal,2024-09-13,2024-09-13,24222143.46
52963364000170,12431,Aberto,Classes de Cotas de Fundos FIF,Em Funcionamento Normal,2023-11-22,2023-11-22,227044756.91
59194590000183,12431,Aberto,Classes de Cotas de Fundos FIF,Em Funcionamento Normal,2025-01-30,2025-01-20,44467372.12
59194839000150,12431,Aberto,Classes de Cotas de Fundos FIF,Em Funcionamento Normal,2025-01-30,2025-01-20,40914975.52
54384687000135,12431,Aberto,Classes de Cotas de Fundos FIF,Em Funcionamento Normal,2024-03-19,2024-03-19,57759308.32
44229915000149,12431,Fechado,Classes de Cotas de Fundos FIF,Em Funcionamento Normal,2023-10-23,2023-10-23,25516920.92
56049285000100,12431,Aberto,Classes de Cotas de Fundos FIF,Em Funcionamento Normal,2024-07-23,2024-07-23,700481257
44361134000103,12431,Aberto,Classes de Cotas de Fundos FIF,Em Funcionamento Normal,2025-01-27,2025-01-27,627284758.28
41394902000137,12431,Aberto,Classes de Cotas de Fundos FIF,Em Funcionamento Normal,2025-01-27,2025-01-27,335415384.48
52111528000131,12431,Aberto,Classes de Cotas de Fundos FIF,Em Funcionamento Normal,2025-05-15,2025-05-15,69860181.75
57641567000164,12431,Aberto,Classes de Cotas de Fundos FIF,Em Funcionamento Normal,2024-10-10,2024-10-07,6971815.11
50563729000144,12431,Aberto,Classes de Cotas de Fundos FIF,Em Funcionamento Normal,2025-05-05,2025-05-05,57531864.46
59193684000138,12431,Aberto,Classes de Cotas de Fundos FIF,Em Funcionamento Normal,2025-01-30,2025-01-20,36557781.34
61818719000129,12431,Fechado,Classes de Cotas de Fundos FIF,Em Funcionamento Normal,2025-07-18,2025-06-16,33570801.95
57776875000105,12431,Aberto,Classes de Cotas de Fundos FIF,Em Funcionamento Normal,2024-10-21,2024-10-16,37553164.48
61817952000197,12431,Aberto,Classes de Cotas de Fundos FIF,Em Funcionamento Normal,2025-07-18,2025-06-16,31591028.32
52962863000143,12431,Aberto,Classes de Cotas de Fundos FIF,Em Funcionamento Normal,2023-11-22,2023-11-22,92643266.13
53865931000119,12431,Fechado,Classes de Cotas de Fundos FIF,Em Funcionamento Normal,2024-02-08,2024-02-08,32279471.89
56544536000122,12431,Fechado,Classes de Cotas de Fundos FIF,Em Funcionamento Normal,2024-08-12,2024-08-12,127808764.68
62065173000145,12431,Aberto,Classes de Cotas de Fundos FIF,Em Funcionamento Normal,2025-08-04,2025-08-04,24393309.56
54365722000179,12431,Aberto,Classes de Cotas de Fundos FIF,Em Funcionamento Normal,2024-03-18,2024-03-18,28792331.63
52882840000129,12431,Fechado,Classes de Cotas de Fundos FIF,Em Funcionamento Normal,2023-11-21,2023-11-21,29669854.8
60096865000125,12431,Fechado,Classes de Cotas de Fundos FIF,Em Funcionamento Normal,2025-03-26,2025-03-26,51643641.94
52449950000100,12431,,Classes de Cotas de Fundos FIF,Em Funcionamento Normal,2023-10-06,2023-10-06,26944572.82
54341666000132,12431,Aberto,Classes de Cotas de Fundos FIF,Em Funcionamento Normal,2024-03-15,2024-03-15,114752640.96
59312403000119,12431,Aberto,Classes de Cotas de Fundos FIF,Em Funcionamento Normal,2025-02-05,2025-02-05,43816164.45
58806888000134,12431,Aberto,Classes de Cotas de Fundos FIF,Em Funcionamento Normal,2025-01-13,2025-01-13,420188620.68
55506450000142,12431,Aberto,Classes de Cotas de Fundos FIF,Em Funcionamento Normal,2024-06-12,2024-06-12,64496326.57
54149691000119,12431,Aberto,Classes de Cotas de Fundos FIF,Em Funcionamento Normal,2024-03-01,2024-03-01,27201701.02
52259352000160,12431,Aberto,Classes de Cotas de Fundos FIF,Em Funcionamento Normal,2024-02-27,2024-02-27,231290321.1
53980424000126,12431,Fechado,Classes de Cotas de Fundos FIF,Em Funcionamento Normal,2024-02-20,2024-02-20,234415305.79
55073649000124,12431,Aberto,Classes de Cotas de Fundos FIF,Em Funcionamento Normal,2024-05-09,2024-05-09,62745127.62
57626567000195,12431,Aberto,Classes de Cotas de Fundos FIF,Em Funcionamento Normal,2024-10-09,2024-10-09,24034382.34
55896144000160,12431,Aberto,Classes de Cotas de Fundos FIF,Em Funcionamento Normal,2024-07-11,2024-07-11,40999054.05
56690945000137,12431,Aberto,Classes de Cotas de Fundos FIF,Em Funcionamento Normal,2024-08-14,2024-08-14,11519233.85
53558163000150,12431,Aberto,Classes de Cotas de Fundos FIF,Em Funcionamento Normal,2024-01-18,2024-01-18,41306639.17
55898974000126,12431,Aberto,Classes de Cotas de Fundos FIF,Em Funcionamento Normal,2024-07-11,2024-07-11,33963916.45
62856283000125,12431,Aberto,Classes de Cotas de Fundos FIF,Em Funcionamento Normal,2025-09-23,2025-09-23,56671609.33
60978192000137,12431,Aberto,Classes de Cotas de Fundos FIF,Em Funcionamento Normal,2025-05-23,2025-05-21,53742668.35
60978472000145,12431,Aberto,Classes de Cotas de Fundos FIF,Em Funcionamento Normal,2025-05-23,2025-05-21,50661061.26
56105999000198,12431,Aberto,Classes de Cotas de Fundos FIF,Em Funcionamento Normal,2024-07-26,2024-07-26,337326554.65
45912178000147,12431,Fechado,Classes de Cotas de Fundos FIF,Em Funcionamento Normal,2025-06-02,2025-06-02,1165477761.81
45912093000169,12431,Aberto,Classes de Cotas de Fundos FIF,Em Funcionamento Normal,2024-07-26,2024-07-26,155813423.72
58311520000103,12431,Aberto,Classes de Cotas de Fundos FIF,Em Funcionamento Normal,2024-12-02,2024-12-02,398342510.85
61390937000105,12431,,Classes de Cotas de Fundos FIF,Em Funcionamento Normal,2025-06-20,2025-06-17,14813438.57
61543507000186,12431,,Classes de Cotas de Fundos FIF,Em Funcionamento Normal,2025-07-01,2025-07-01,3438623.12
63405764000187,12431,,Classes de Cotas de Fundos FIF,Em Funcionamento Normal,2025-10-28,2025-10-28,22305588.9
58674224000169,12431,Aberto,Classes de Cotas de Fundos FIF,Em Funcionamento Normal,2025-01-07,2025-01-07,617535780.99
63572496000198,12431,,Classes de Cotas de Fundos FIF,Em Funcionamento Normal,2025-11-07,2025-11-07,19276784.64
61973575000185,12431,,Classes de Cotas de Fundos FIF,Em Funcionamento Normal,2025-07-29,2025-07-29,98575266.67
57075698000121,12431,,Classes de Cotas de Fundos FIF,Em Funcionamento Normal,2024-08-29,2024-08-29,158581933.17
50862124000154,12431,,Classes de Cotas de Fundos FIF,Em Funcionamento Normal,2025-05-30,2025-05-30,1860614054.67
63706652000166,12431,,Classes de Cotas de Fundos FIF,Em Funcionamento Normal,2025-11-17,2025-11-17,283267046.7
63404930000120,12431,,Classes de Cotas de Fundos FIF,Em Funcionamento Normal,2025-10-28,2025-10-28,51393472.16
62253446000185,12431,Aberto,Classes de Cotas de Fundos FIF,Em Funcionamento Normal,2025-08-15,2025-08-14,194117898.63
55111599000122,12431,Aberto,Classes de Cotas de Fundos FIF,Em Funcionamento Normal,2024-05-13,2024-05-13,31013182.83
60176858000133,12431,,,,,,
54217470000130,12431,Aberto,Classes de Cotas de Fundos FIF,Em Funcionamento Normal,2024-03-06,2024-03-06,99240020.75
33768941000129,12431,Aberto,Classes de Cotas de Fundos FIF,Em Funcionamento Normal,2024-09-16,2024-09-16,81339244.14
63079371000120,12431,Aberto,Classes de Cotas de Fundos FIF,Em Funcionamento Normal,2025-10-07,2025-10-07,11170578.08
62751424000145,12431,Aberto,Classes de Cotas de Fundos FIF,Em Funcionamento Normal,2025-09-16,2025-09-16,16683658136.35
55036145000134,12431,Aberto,Classes de Cotas de Fundos FIF,Em Funcionamento Normal,2024-05-07,2024-05-07,20686542.55
56726092000146,12431,Fechado,Classes de Cotas de Fundos FIF,Em Funcionamento Normal,2024-08-14,2024-08-14,21708228.36
41714349000172,12431,Fechado,Classes de Cotas de Fundos FIF,Em Funcionamento Normal,2024-07-18,2024-07-18,44958786.28
57341650000118,12431,Aberto,Classes de Cotas de Fundos FIF,Em Funcionamento Normal,2024-09-18,2024-09-18,33546914.67
56224202000171,12431,,Classes de Cotas de Fundos FIF,Em Funcionamento Normal,2024-08-02,2024-08-02,20365143.62
62697173000168,12431,Aberto,Classes de Cotas de Fundos FIF,Em Funcionamento Normal,2025-09-12,2025-09-12,76062414.27
54564966000180,12431,Fechado,Classes de Cotas de Fundos FIF,Em Funcionamento Normal,2024-04-02,2024-04-02,34285705.73
57285759000185,12431,Aberto,Classes de Cotas de Fundos FIF,Em Funcionamento Normal,2024-09-13,2024-09-13,37745811.22
50190791000138,12431,Aberto,Classes de Cotas de Fundos FIF,Em Funcionamento Normal,2025-01-31,2025-01-31,261133133.01
61559509000163,12431,Aberto,Classes de Cotas de Fundos FIF,Em Funcionamento Normal,2025-07-02,2025-07-02,24784817.26
55897646000105,12431,Aberto,Classes de Cotas de Fundos FIF,Em Funcionamento Normal,2024-07-11,2024-07-11,36222477.41
44417248000128,12431,Aberto,Classes de Cotas de Fundos FIF,Em Funcionamento Normal,2025-04-29,2025-04-29,42074192.53
50910444000132,12431,Fechado,Classes de Cotas de Fundos FIF,Em Funcionamento Normal,2024-07-24,2024-07-24,67260033.74
55101415000143,12431,Aberto,Classes de Cotas de Fundos FIF,Em Funcionamento Normal,2024-05-13,2024-05-13,50759027.34
26803233000116,12431,Aberto,Classes de Cotas de Fundos FIF,Em Funcionamento Normal,2025-05-07,2025-05-07,2729574934.91
19657463000159,12431,Aberto,Classes de Cotas de Fundos FIF,Em Funcionamento Normal,2025-05-14,2025-05-14,441943449.82
55994151000102,12431,Aberto,Classes de Cotas de Fundos FIF,Em Funcionamento Normal,2024-07-18,2024-07-18,50681144.95
53095152000181,12431,Aberto,Classes de Cotas de Fundos FIF,Em Funcionamento Normal,2023-12-04,2023-12-04,219596499.92
60349942000101,12431,Aberto,Classes de Cotas de Fundos FIF,Em Funcionamento Normal,2025-04-10,2025-04-10,285926394.2
60531375000100,12431,Aberto,Classes de Cotas de Fundos FIF,Em Funcionamento Normal,2025-04-24,2025-04-24,13372951.71
30665679000107,12431,Fechado,Classes de Cotas de Fundos FIF,Em Funcionamento Normal,2024-09-06,2024-09-06,28717082.05
60865092000102,12431,Aberto,Classes de Cotas de Fundos FIF,Em Funcionamento Normal,2025-05-16,2025-05-16,175290682.34
53655857000106,12431,Fechado,Classes de Cotas de Fundos FIF,Em Funcionamento Normal,2024-01-25,2024-01-25,23055222.17
62031312000110,12431,Aberto,Classes de Cotas de Fundos FIF,Em Funcionamento Normal,2025-08-01,2025-08-01,16271418.3
53909049000128,12431,Aberto,Classes de Cotas de Fundos FIF,Em Funcionamento Normal,2024-02-14,2024-02-14,45654408.74
57264092000134,12431,Fechado,Classes de Cotas de Fundos FIF,Em Funcionamento Normal,2024-09-12,2024-09-12,178411238.49
54760539000178,12431,Aberto,Classes de Cotas de Fundos FIF,Em Funcionamento Normal,2024-04-16,2024-04-16,26398656.25
59672854000167,12431,Aberto,Classes de Cotas de Fundos FIF,Em Funcionamento Normal,2025-02-26,2025-02-26,190111867.33
37893242000161,12431,Fechado,Classes de Cotas de Fundos FIF,Em Funcionamento Normal,2024-07-23,2024-07-23,77792375.87
57324934000104,12431,Aberto,Classes de Cotas de Fundos FIF,Em Funcionamento Normal,2024-09-17,2024-09-17,22700079.24
28454176000132,12431,Aberto,Classes de Cotas de Fundos FIF,Em Funcionamento Normal,2025-02-11,2025-02-11,217585042.44
56159439000116,12431,Aberto,Classes de Cotas de Fundos FIF,Em Funcionamento Normal,2024-07-30,2024-07-30,38360502.24
48553311000104,12431,,Classes de Cotas de Fundos FIF,Em Funcionamento Normal,2024-06-10,2024-06-10,17368440.93
58365044000103,12431,Fechado,Classes de Cotas de Fundos FIF,Em Funcionamento Normal,2024-12-05,2024-12-05,29466525.42
42102181000107,12431,Fechado,Classes de Cotas de Fundos FIF,Em Funcionamento Normal,2025-05-05,2025-05-05,11778882.91
67702207000189,12431,,Classes de Cotas de Fundos FIF,Em Funcionamento Normal,2026-06-26,2026-06-26,118133200.77
67622863000171,12431,Aberto,Classes de Cotas de Fundos FIF,Em Funcionamento Normal,2026-06-22,2026-06-19,40462368.04
66984679000109,12431,Aberto,Classes de Cotas de Fundos FIF,Em Funcionamento Normal,2026-05-26,2026-05-26,35858534.48
67929549000136,12431,Aberto,Classes de Cotas de Fundos FIF,Em Funcionamento Normal,2026-07-09,2026-07-07,30350395.63
67909195000168,12431,Aberto,Classes de Cotas de Fundos FIF,Em Funcionamento Normal,2026-07-08,2026-07-08,30131904.43
65842810000130,12431,Aberto,Classes de Cotas de Fundos FIF,Em Funcionamento Normal,2026-03-23,2026-03-23,30123312
66584573000118,12431,Aberto,Classes de Cotas de Fundos FIF,Em Funcionamento Normal,2026-05-04,2026-04-27,25159101.29
67347770000186,12431,Aberto,Classes de Cotas de Fundos FIF,Em Funcionamento Normal,2026-06-15,2026-06-15,21959351.97
65837807000129,12431,Aberto,Classes de Cotas de Fundos FIF,Em Funcionamento Normal,2026-03-23,2026-03-16,22352771.21
67807671000130,12431,Aberto,Classes de Cotas de Fundos FIF,Em Funcionamento Normal,2026-07-02,2026-07-02,20121101.64
67940788000197,12431,Fechado,Classes de Cotas de Fundos FIF,Em Funcionamento Normal,2026-07-10,2026-07-08,19970391.26
67948087000102,12431,Fechado,Classes de Cotas de Fundos FIF,Em Funcionamento Normal,2026-07-10,2026-07-08,19970268.16
66413163000104,12431,Aberto,Classes de Cotas de Fundos FIF,Em Funcionamento Normal,2026-04-23,2026-04-23,15130610.02
67136723000193,12431,Aberto,Classes de Cotas de Fundos FIF,Em Funcionamento Normal,2026-06-03,2026-06-03,10737545.38
67570147000198,12431,Aberto,Classes de Cotas de Fundos FIF,Em Funcionamento Normal,2026-06-18,2026-06-18,10617718.69
65838342000120,12431,Aberto,Classes de Cotas de Fundos FIF,Em Funcionamento Normal,2026-03-23,2026-03-16,10071960.12
67086910000100,12431,Aberto,Classes de Cotas de Fundos FIF,Em Funcionamento Normal,2026-06-01,2026-06-01,9096138.3
