CNPJ,Ref,Media180,NDias
00322699000106,202512,6445724490,126
00322699000106,202601,6438015359,126
00322699000106,202602,6423634299,124
00322699000106,202603,6395252317,123
00322699000106,202604,6368775022,122
00322699000106,202605,6344582768,121
00322699000106,202606,6328768792,122
00322699000106,202607,6298850871,124
00322699000106,HOJE,6294862510,122
00832435000100,202512,8523934184,126
00832435000100,202601,8652012573,126
00832435000100,202602,8746406918,124
00832435000100,202603,8845379724,123
00832435000100,202604,8808611730,122
00832435000100,202605,8801807508,121
00832435000100,202606,8756458867,122
00832435000100,202607,8811597158,124
00832435000100,HOJE,8825500791,122
00852311000189,202512,36429208444,126
00852311000189,202601,36543374349,122
00852311000189,202602,36338625478,120
00852311000189,202603,35985322725,119
00852311000189,202604,35582106223,118
00852311000189,202605,34825749967,117
00852311000189,202606,34146781628,118
00852311000189,202607,33508265331,124
00852311000189,HOJE,33410097157,122
00888897000131,202512,800453985,126
00888897000131,202601,762450762,126
00888897000131,202602,732870454,124
00888897000131,202603,701517169,123
00888897000131,202604,680481687,122
00888897000131,202605,664664550,121
00888897000131,202606,658993961,122
00888897000131,202607,659538282,118
00888897000131,HOJE,659742022,115
00974902000129,202512,412704470,126
00974902000129,202601,417615677,126
00974902000129,202602,418894877,124
00974902000129,202603,416136749,123
00974902000129,202604,408971034,122
00974902000129,202605,401661889,121
00974902000129,202606,391446569,122
00974902000129,202607,380442337,124
00974902000129,HOJE,379022457,121
00975480000106,202512,682278274,126
00975480000106,202601,687532107,126
00975480000106,202602,693194305,124
00975480000106,202603,697736651,123
00975480000106,202604,702128761,122
00975480000106,202605,706160269,121
00975480000106,202606,706913425,122
00975480000106,202607,736238974,124
00975480000106,HOJE,736654716,122
00977449000104,202512,691016481,126
00977449000104,202601,696468690,126
00977449000104,202602,701298983,124
00977449000104,202603,707011818,123
00977449000104,202604,711575311,122
00977449000104,202605,715971140,121
00977449000104,202606,720144152,122
00977449000104,202607,724233902,124
00977449000104,HOJE,724806163,122
01361074000116,202512,5129480999,126
01361074000116,202601,5095954318,126
01361074000116,202602,5065425133,124
01361074000116,202603,5010320276,123
01361074000116,202604,4924549567,122
01361074000116,202605,4831548933,121
01361074000116,202606,4745421635,122
01361074000116,202607,4652579767,124
01361074000116,HOJE,4638190703,122
01380701000166,202512,8182573,126
01380701000166,202601,7942219,126
01380701000166,202602,7948400,124
01380701000166,202603,8043264,123
01380701000166,202604,8087786,122
01380701000166,202605,8109453,121
01380701000166,202606,8070026,122
01380701000166,202607,8002378,124
01380701000166,HOJE,7997773,122
01597187000115,202512,129840064094,126
01597187000115,202601,130378236051,126
01597187000115,202602,130781019518,124
01597187000115,202603,131117172595,123
01597187000115,202604,131378555398,122
01597187000115,202605,131633636684,121
01597187000115,202606,132753216916,122
01597187000115,202607,134271189909,124
01597187000115,HOJE,134494317332,122
01630558000113,202512,66620927592,126
01630558000113,202601,66189850363,126
01630558000113,202602,65818385523,124
01630558000113,202603,65534503261,123
01630558000113,202604,65305743042,122
01630558000113,202605,64992074089,121
01630558000113,202606,65276348368,122
01630558000113,202607,66013485658,124
01630558000113,HOJE,66124197181,122
01822655000108,202512,2930471012,126
01822655000108,202601,2919668439,126
01822655000108,202602,2910645613,124
01822655000108,202603,2900188016,123
01822655000108,202604,2898540378,122
01822655000108,202605,2909601598,121
01822655000108,202606,2925240799,122
01822655000108,202607,2944262752,124
01822655000108,HOJE,2947931590,122
02224382000162,202512,12676061430,126
02224382000162,202601,12869354673,126
02224382000162,202602,13018321096,124
02224382000162,202603,13141296849,123
02224382000162,202604,13180876043,122
02224382000162,202605,13186242074,121
02224382000162,202606,13220377428,122
02224382000162,202607,13270134194,124
02224382000162,HOJE,13275623529,122
02296928000190,202512,2887467359,126
02296928000190,202601,2975208542,126
02296928000190,202602,3058025471,124
02296928000190,202603,3129904563,123
02296928000190,202604,3185134386,122
02296928000190,202605,3225299749,121
02296928000190,202606,3267704257,122
02296928000190,202607,3308477401,124
02296928000190,HOJE,3311860258,122
02846259000183,202512,152944104,126
02846259000183,202601,153589005,126
02846259000183,202602,147563266,124
02846259000183,202603,139477032,123
02846259000183,202604,131721327,122
02846259000183,202605,125662922,121
02846259000183,202606,118738898,122
02846259000183,202607,129431760,124
02846259000183,HOJE,131427162,122
02998164000185,202512,34747538,126
02998164000185,202601,34843757,126
02998164000185,202602,35004635,124
02998164000185,202603,34745613,123
02998164000185,202604,34320358,122
02998164000185,202605,33820798,121
02998164000185,202606,33629980,122
02998164000185,202607,30509785,124
02998164000185,HOJE,29790280,122
03099639000164,202512,207846411,126
03099639000164,202601,209784164,126
03099639000164,202602,209457486,124
03099639000164,202603,208591679,123
03099639000164,202604,207864835,122
03099639000164,202605,205766297,121
03099639000164,202606,202238913,122
03099639000164,202607,198599107,124
03099639000164,HOJE,198233760,122
03369970000157,202512,61747594,126
03369970000157,202601,61001296,126
03369970000157,202602,60475094,124
03369970000157,202603,59924729,123
03369970000157,202604,59378968,122
03369970000157,202605,58743957,121
03369970000157,202606,58700203,122
03369970000157,202607,59399690,124
03369970000157,HOJE,59433048,121
03389374000139,202512,105733673362,126
03389374000139,202601,108165612345,126
03389374000139,202602,110528272235,124
03389374000139,202603,113682724344,123
03389374000139,202604,116537475984,122
03389374000139,202605,119073088947,121
03389374000139,202606,121503287046,122
03389374000139,202607,123988525287,124
03389374000139,HOJE,124348363083,122
03504023000121,202512,32206626135,126
03504023000121,202601,32885502918,122
03504023000121,202602,33744678360,120
03504023000121,202603,34906514257,119
03504023000121,202604,36128475849,118
03504023000121,202605,37461883821,117
03504023000121,202606,38943022826,118
03504023000121,202607,40128032331,124
03504023000121,HOJE,40282509416,122
03960320000181,202512,941594774,126
03960320000181,202601,947277587,126
03960320000181,202602,952903614,124
03960320000181,202603,959374206,123
03960320000181,202604,966314876,122
03960320000181,202605,971222865,121
03960320000181,202606,975619922,122
03960320000181,202607,980859260,124
03960320000181,HOJE,981557345,122
03960349000163,202512,165172275,126
03960349000163,202601,165211915,126
03960349000163,202602,165861820,124
03960349000163,202603,166712407,123
03960349000163,202604,167581711,122
03960349000163,202605,167552244,121
03960349000163,202606,167203058,122
03960349000163,202607,166842337,124
03960349000163,HOJE,166765139,122
04087328000148,202512,158535681,126
04087328000148,202601,159731648,126
04087328000148,202602,160859998,124
04087328000148,202603,162033984,123
04087328000148,202604,163042579,122
04087328000148,202605,164117924,121
04087328000148,202606,165266602,122
04087328000148,202607,166544194,124
04087328000148,HOJE,166711801,122
04113821000195,202512,124651220,126
04113821000195,202601,121081530,126
04113821000195,202602,117750460,124
04113821000195,202603,113629518,123
04113821000195,202604,110454574,122
04113821000195,202605,111669301,121
04113821000195,202606,112880105,122
04113821000195,202607,114187231,124
04113821000195,HOJE,114332611,121
04228545000100,202512,975211041,126
04228545000100,202601,979985060,126
04228545000100,202602,977775847,124
04228545000100,202603,987491362,123
04228545000100,202604,961358856,122
04228545000100,202605,915181361,121
04228545000100,202606,862838332,122
04228545000100,202607,773931072,124
04228545000100,HOJE,761124351,122
04240128000183,202512,101408654,126
04240128000183,202601,108908370,126
04240128000183,202602,118362531,124
04240128000183,202603,133561551,123
04240128000183,202604,146476175,122
04240128000183,202605,157577552,121
04240128000183,202606,167717977,122
04240128000183,202607,174499840,124
04240128000183,HOJE,175381433,122
04356413000164,202512,69082346,126
04356413000164,202601,69708457,126
04356413000164,202602,70320905,124
04356413000164,202603,70950569,123
04356413000164,202604,71597099,122
04356413000164,202605,72163853,121
04356413000164,202606,72637540,122
04356413000164,202607,73148739,124
04356413000164,HOJE,73204599,121
04501865000192,202512,435771478,126
04501865000192,202601,393035646,126
04501865000192,202602,377805848,124
04501865000192,202603,367315050,123
04501865000192,202604,362470728,122
04501865000192,202605,362874406,121
04501865000192,202606,364643717,122
04501865000192,202607,365929280,124
04501865000192,HOJE,365752755,122
04511306000163,202512,6377288,126
04511306000163,202601,6423125,126
04511306000163,202602,6468667,124
04511306000163,202603,6523433,123
04511306000163,202604,6575008,122
04511306000163,202605,6627521,121
04511306000163,202606,6688868,122
04511306000163,202607,6754438,124
04511306000163,HOJE,6763228,122
04573108000124,202512,259394735,126
04573108000124,202601,252285549,126
04573108000124,202602,245717948,124
04573108000124,202603,245430562,123
04573108000124,202604,246869817,122
04573108000124,202605,240132538,121
04573108000124,202606,220473029,122
04573108000124,202607,188622748,124
04573108000124,HOJE,184736449,122
04587998000123,202512,148646682,126
04587998000123,202601,148425646,126
04587998000123,202602,148150552,124
04587998000123,202603,148024077,123
04587998000123,202604,147918777,122
04587998000123,202605,147716408,121
04587998000123,202606,147572482,122
04587998000123,202607,147608647,124
04587998000123,HOJE,147633895,122
04588017000162,202512,157393417,126
04588017000162,202601,159065318,126
04588017000162,202602,161122161,124
04588017000162,202603,163789872,123
04588017000162,202604,166378967,122
04588017000162,202605,168387186,121
04588017000162,202606,169069793,122
04588017000162,202607,169426558,124
04588017000162,HOJE,169544726,122
04618345000164,202512,170899790,126
04618345000164,202601,170023307,126
04618345000164,202602,169168686,124
04618345000164,202603,168058658,123
04618345000164,202604,167011233,122
04618345000164,202605,160531276,121
04618345000164,202606,152518238,122
04618345000164,202607,146858230,124
04618345000164,HOJE,146112508,122
04621721000170,202512,1695396594,126
04621721000170,202601,1623474881,126
04621721000170,202602,1560054508,124
04621721000170,202603,1486736124,123
04621721000170,202604,1429198379,122
04621721000170,202605,1380768643,121
04621721000170,202606,1340266054,122
04621721000170,202607,1313412991,124
04621721000170,HOJE,1310218037,121
04764252000148,202512,206287945,126
04764252000148,202601,205846469,126
04764252000148,202602,205158981,124
04764252000148,202603,201096671,123
04764252000148,202604,197545807,122
04764252000148,202605,193868501,121
04764252000148,202606,190253942,122
04764252000148,202607,188644379,124
04764252000148,HOJE,188333927,122
04786966000157,202512,15904332,126
04786966000157,202601,16062632,126
04786966000157,202602,16208307,124
04786966000157,202603,16378453,123
04786966000157,202604,16531642,122
04786966000157,202605,16689793,121
04786966000157,202606,16846956,122
04786966000157,202607,17013956,124
04786966000157,HOJE,17036827,122
04841576000132,202512,25691400,126
04841576000132,202601,23993104,126
04841576000132,202602,22402396,124
04841576000132,202603,20418155,123
04841576000132,202604,18554098,122
04841576000132,202605,16644096,121
04841576000132,202606,14804196,122
04841576000132,202607,12898685,124
04841576000132,HOJE,12691191,121
04875006000163,202512,291809934,126
04875006000163,202601,294143880,126
04875006000163,202602,296355165,124
04875006000163,202603,298351063,123
04875006000163,202604,299461578,122
04875006000163,202605,300677430,121
04875006000163,202606,301906209,122
04875006000163,202607,303290875,124
04875006000163,HOJE,303445167,122
04885403000116,202512,431218986,126
04885403000116,202601,436241067,126
04885403000116,202602,440835432,124
04885403000116,202603,446354106,123
04885403000116,202604,451409001,122
04885403000116,202605,456518839,121
04885403000116,202606,461674824,122
04885403000116,202607,467231507,124
04885403000116,HOJE,467989913,122
04885571000101,202512,107584955,126
04885571000101,202601,102035566,126
04885571000101,202602,96962755,124
04885571000101,202603,91154445,123
04885571000101,202604,86555147,122
04885571000101,202605,82791100,121
04885571000101,202606,82293793,122
04885571000101,202607,82551594,124
04885571000101,HOJE,82578052,122
04899128000190,202512,4909865499,126
04899128000190,202601,4765150503,126
04899128000190,202602,4624640124,124
04899128000190,202603,4468599378,123
04899128000190,202604,4325795531,122
04899128000190,202605,4193549381,121
04899128000190,202606,4076615504,122
04899128000190,202607,3965140222,124
04899128000190,HOJE,3951111921,122
05018037000160,202512,819167116,126
05018037000160,202601,803135563,126
05018037000160,202602,761949033,124
05018037000160,202603,696606764,123
05018037000160,202604,644941733,122
05018037000160,202605,583869679,121
05018037000160,202606,511748880,122
05018037000160,202607,439073786,124
05018037000160,HOJE,431188743,121
05108379000171,202512,493562426,126
05108379000171,202601,482689004,126
05108379000171,202602,467795228,124
05108379000171,202603,445352954,123
05108379000171,202604,416468267,122
05108379000171,202605,376533933,121
05108379000171,202606,336206099,122
05108379000171,202607,305518561,124
05108379000171,HOJE,302286335,122
05508422000196,202512,137320612,126
05508422000196,202601,138935613,126
05508422000196,202602,140414096,124
05508422000196,202603,142151223,123
05508422000196,202604,143704168,122
05508422000196,202605,145315754,121
05508422000196,202606,146965566,122
05508422000196,202607,149740860,124
05508422000196,HOJE,150110681,122
05615511000131,202512,341418263,126
05615511000131,202601,342883659,126
05615511000131,202602,343750939,124
05615511000131,202603,344984868,123
05615511000131,202604,346669850,122
05615511000131,202605,348610887,121
05615511000131,202606,351738540,122
05615511000131,202607,355938047,124
05615511000131,HOJE,356583457,122
05615522000111,202512,375503990,126
05615522000111,202601,381665072,126
05615522000111,202602,387351862,124
05615522000111,202603,394138896,123
05615522000111,202604,400302834,122
05615522000111,202605,409673575,121
05615522000111,202606,420245662,122
05615522000111,202607,432797720,124
05615522000111,HOJE,434477395,122
05642617000124,202512,1082877799,126
05642617000124,202601,1082173179,126
05642617000124,202602,1081607720,124
05642617000124,202603,1083306774,123
05642617000124,202604,1087094928,122
05642617000124,202605,1090533991,121
05642617000124,202606,1093551314,122
05642617000124,202607,1098211997,124
05642617000124,HOJE,1098998947,121
05755769000133,202512,574399702,126
05755769000133,202601,584775706,126
05755769000133,202602,606949447,124
05755769000133,202603,635079344,123
05755769000133,202604,662968272,122
05755769000133,202605,690585326,121
05755769000133,202606,712312924,122
05755769000133,202607,729711453,124
05755769000133,HOJE,730676768,121
05832360000173,202512,17445828020,126
05832360000173,202601,17323161527,126
05832360000173,202602,17336789846,124
05832360000173,202603,17369707425,123
05832360000173,202604,17367947100,122
05832360000173,202605,17513003893,121
05832360000173,202606,17656991549,122
05832360000173,202607,17788001463,124
05832360000173,HOJE,17780735417,122
05922462000180,202512,180254934,126
05922462000180,202601,177214278,126
05922462000180,202602,173828736,124
05922462000180,202603,169973984,123
05922462000180,202604,167925890,122
05922462000180,202605,163201216,121
05922462000180,202606,157394101,122
05922462000180,202607,153502682,124
05922462000180,HOJE,153224708,122
06015421000172,202512,670202353,126
06015421000172,202601,656548577,126
06015421000172,202602,632045603,124
06015421000172,202603,596696090,123
06015421000172,202604,561653242,122
06015421000172,202605,526748821,121
06015421000172,202606,501753048,122
06015421000172,202607,500447579,124
06015421000172,HOJE,501514136,121
06066907000130,202512,14832943396,126
06066907000130,202601,14844894927,126
06066907000130,202602,14853062803,124
06066907000130,202603,14800809831,123
06066907000130,202604,14671120750,122
06066907000130,202605,14528762339,121
06066907000130,202606,14397096977,122
06066907000130,202607,14219823986,124
06066907000130,HOJE,14193038024,122
06077638000107,202512,596670736,126
06077638000107,202601,591098175,126
06077638000107,202602,585998271,124
06077638000107,202603,579383035,123
06077638000107,202604,573471518,122
06077638000107,202605,567726035,121
06077638000107,202606,564987255,122
06077638000107,202607,563048950,124
06077638000107,HOJE,562776279,122
06086684000172,202512,46246532,126
06086684000172,202601,45647849,126
06086684000172,202602,44945692,124
06086684000172,202603,43992942,123
06086684000172,202604,43142059,122
06086684000172,202605,42850226,121
06086684000172,202606,42734381,122
06086684000172,202607,42587969,124
06086684000172,HOJE,42588210,122
06175696000173,202512,45619566346,126
06175696000173,202601,46296782577,126
06175696000173,202602,46636856298,124
06175696000173,202603,46878281164,123
06175696000173,202604,47027553725,122
06175696000173,202605,47199007583,121
06175696000173,202606,47847737988,122
06175696000173,202607,48407273892,124
06175696000173,HOJE,48533894655,122
06866051000187,202512,2551023965,126
06866051000187,202601,2621646216,126
06866051000187,202602,2680398523,124
06866051000187,202603,2733131944,123
06866051000187,202604,2715505539,122
06866051000187,202605,2626869437,121
06866051000187,202606,2543051766,122
06866051000187,202607,2428540728,124
06866051000187,HOJE,2412638851,122
07593967000173,202512,39343484186,126
07593967000173,202601,40256822849,126
07593967000173,202602,40157102491,124
07593967000173,202603,39210723061,123
07593967000173,202604,37463705955,122
07593967000173,202605,35175105863,121
07593967000173,202606,32351887176,122
07593967000173,202607,29381540793,124
07593967000173,HOJE,28942480731,122
07889704000106,202512,19903091,126
07889704000106,202601,19866769,126
07889704000106,202602,19817141,124
07889704000106,202603,19754888,123
07889704000106,202604,19798321,122
07889704000106,202605,19904954,121
07889704000106,202606,20086811,122
07889704000106,202607,20227335,124
07889704000106,HOJE,20250154,122
07892335000100,202512,1049005205,126
07892335000100,202601,1091165545,126
07892335000100,202602,1136258187,124
07892335000100,202603,1161144292,123
07892335000100,202604,1172270508,122
07892335000100,202605,1194622073,121
07892335000100,202606,1213330043,122
07892335000100,202607,1198487037,124
07892335000100,HOJE,1194135633,122
07900255000150,202512,267880619,126
07900255000150,202601,267524336,126
07900255000150,202602,268343162,124
07900255000150,202603,265517111,123
07900255000150,202604,261360776,122
07900255000150,202605,257145203,121
07900255000150,202606,252645568,122
07900255000150,202607,243784109,124
07900255000150,HOJE,242585805,121
08252580000116,202512,21307765,126
08252580000116,202601,21361268,126
08252580000116,202602,21412377,124
08252580000116,202603,21473300,123
08252580000116,202604,21500699,122
08252580000116,202605,21546060,121
08252580000116,202606,21571939,122
08252580000116,202607,21640715,124
08252580000116,HOJE,21669265,122
08418151000176,202512,19343814616,126
08418151000176,202601,19713303684,126
08418151000176,202602,20191808281,124
08418151000176,202603,21010063180,123
08418151000176,202604,21881436002,122
08418151000176,202605,22701556975,121
08418151000176,202606,23180401497,122
08418151000176,202607,23560130404,124
08418151000176,HOJE,23615366840,122
08608370000118,202512,136392595,126
08608370000118,202601,135488288,126
08608370000118,202602,134965830,124
08608370000118,202603,134812157,123
08608370000118,202604,135254151,122
08608370000118,202605,136183465,121
08608370000118,202606,137608782,122
08608370000118,202607,139180125,124
08608370000118,HOJE,139339882,120
08708502000183,202512,20937719,126
08708502000183,202601,20247605,126
08708502000183,202602,19678769,124
08708502000183,202603,18743107,123
08708502000183,202604,17612609,122
08708502000183,202605,16876288,121
08708502000183,202606,16180368,122
08708502000183,202607,15445647,124
08708502000183,HOJE,15328938,122
08814754000197,202512,8228916,126
08814754000197,202601,8335951,126
08814754000197,202602,8437076,124
08814754000197,202603,8486390,123
08814754000197,202604,8109094,122
08814754000197,202605,7732978,121
08814754000197,202606,7357381,122
08814754000197,202607,6953344,124
08814754000197,HOJE,6885326,122
08868449000188,202512,53034425,126
08868449000188,202601,52698116,126
08868449000188,202602,51986183,124
08868449000188,202603,51026898,123
08868449000188,202604,50144496,122
08868449000188,202605,49198722,121
08868449000188,202606,48269720,122
08868449000188,202607,48186261,124
08868449000188,HOJE,48256175,122
08915927000163,202512,30210757270,126
08915927000163,202601,30073807880,126
08915927000163,202602,29964140842,124
08915927000163,202603,29603358546,123
08915927000163,202604,29540661683,122
08915927000163,202605,29594372856,121
08915927000163,202606,30417640123,122
08915927000163,202607,31143857862,124
08915927000163,HOJE,31315594514,122
08960971000195,202512,1271999339,126
08960971000195,202601,1305727462,126
08960971000195,202602,1341031394,124
08960971000195,202603,1381332805,123
08960971000195,202604,1402070362,122
08960971000195,202605,1444446780,121
08960971000195,202606,1488940432,122
08960971000195,202607,1493185094,124
08960971000195,HOJE,1494577865,122
08960978000107,202512,242910501,126
08960978000107,202601,242180047,126
08960978000107,202602,240774161,124
08960978000107,202603,238321075,123
08960978000107,202604,235793398,122
08960978000107,202605,234304436,121
08960978000107,202606,232447376,122
08960978000107,202607,230603670,124
08960978000107,HOJE,230269623,122
08984821000111,202512,69182851,126
08984821000111,202601,75832282,126
08984821000111,202602,79147934,124
08984821000111,202603,79693166,123
08984821000111,202604,77405243,122
08984821000111,202605,75166187,121
08984821000111,202606,75442595,122
08984821000111,202607,69387915,124
08984821000111,HOJE,68530209,122
09083848000104,202512,127307801,126
09083848000104,202601,126867858,126
09083848000104,202602,126393652,124
09083848000104,202603,126920608,123
09083848000104,202604,130648751,122
09083848000104,202605,135163929,121
09083848000104,202606,139886222,122
09083848000104,202607,144950615,124
09083848000104,HOJE,145655887,122
09087708000104,202512,288643671,126
09087708000104,202601,256288187,126
09087708000104,202602,216707881,124
09087708000104,202603,168583392,123
09087708000104,202604,141088502,122
09087708000104,202605,123102793,121
09087708000104,202606,105355158,122
09087708000104,202607,95520384,124
09087708000104,HOJE,95731758,122
09087799000170,202512,404964639,126
09087799000170,202601,408294534,126
09087799000170,202602,412180228,124
09087799000170,202603,417195921,123
09087799000170,202604,422447619,122
09087799000170,202605,427728171,121
09087799000170,202606,432385817,122
09087799000170,202607,437549508,124
09087799000170,HOJE,438321218,122
09136668000135,202512,4619941676,126
09136668000135,202601,4586960800,126
09136668000135,202602,4551445693,124
09136668000135,202603,4521392256,123
09136668000135,202604,4502678293,121
09136668000135,202605,4498569144,120
09136668000135,202606,4495763826,121
09136668000135,202607,4468498381,122
09136668000135,HOJE,4466395420,120
09181291000136,202512,29852824,126
09181291000136,202601,30129006,126
09181291000136,202602,30298516,124
09181291000136,202603,30207302,123
09181291000136,202604,30130599,122
09181291000136,202605,30045955,121
09181291000136,202606,29946688,122
09181291000136,202607,29857539,124
09181291000136,HOJE,29824092,121
09215250000113,202512,24107395394,126
09215250000113,202601,24969155083,126
09215250000113,202602,25474830405,124
09215250000113,202603,26386486097,123
09215250000113,202604,27204200119,122
09215250000113,202605,27836215185,121
09215250000113,202606,28250634028,122
09215250000113,202607,29068067992,124
09215250000113,HOJE,29190892101,122
09238487000110,202512,2195820650,126
09238487000110,202601,2233936398,126
09238487000110,202602,2277853492,124
09238487000110,202603,2353839499,123
09238487000110,202604,2424039549,122
09238487000110,202605,2447568911,121
09238487000110,202606,2387574244,122
09238487000110,202607,2344611318,124
09238487000110,HOJE,2330757218,122
09274058000106,202512,78990754,126
09274058000106,202601,78796119,126
09274058000106,202602,80794129,124
09274058000106,202603,83254222,123
09274058000106,202604,85125192,122
09274058000106,202605,86542499,121
09274058000106,202606,87217404,122
09274058000106,202607,87079197,124
09274058000106,HOJE,86932411,122
09329721000114,202512,5670369155,126
09329721000114,202601,5599337149,126
09329721000114,202602,5573127961,124
09329721000114,202603,5567076820,123
09329721000114,202604,5627715543,122
09329721000114,202605,5676367061,121
09329721000114,202606,5709431226,122
09329721000114,202607,5796930036,124
09329721000114,HOJE,5809044878,122
09418454000151,202512,190933980,126
09418454000151,202601,193478353,126
09418454000151,202602,195949744,124
09418454000151,202603,197561756,123
09418454000151,202604,199073616,122
09418454000151,202605,200966796,121
09418454000151,202606,202409368,122
09418454000151,202607,203418915,124
09418454000151,HOJE,203502403,121
09441708000152,202512,53616532,126
09441708000152,202601,54844269,126
09441708000152,202602,57096332,124
09441708000152,202603,58707921,123
09441708000152,202604,58056373,122
09441708000152,202605,60866615,121
09441708000152,202606,62210841,122
09441708000152,202607,60463677,124
09441708000152,HOJE,60161074,121
09484942000167,202512,41825882,126
09484942000167,202601,42197899,126
09484942000167,202602,42550648,124
09484942000167,202603,42898532,123
09484942000167,202604,43250775,122
09484942000167,202605,43522496,121
09484942000167,202606,43581593,122
09484942000167,202607,43629089,124
09484942000167,HOJE,43632960,121
09522705000143,202512,1665451542,126
09522705000143,202601,1679315118,126
09522705000143,202602,1691692326,124
09522705000143,202603,1706167388,123
09522705000143,202604,1719020174,122
09522705000143,202605,1735119906,121
09522705000143,202606,1751837741,122
09522705000143,202607,1769645852,124
09522705000143,HOJE,1772114568,122
09523207000115,202512,69925506,126
09523207000115,202601,69625845,126
09523207000115,202602,69186900,124
09523207000115,202603,67634792,123
09523207000115,202604,64349115,122
09523207000115,202605,66356847,121
09523207000115,202606,68519025,122
09523207000115,202607,69778994,124
09523207000115,HOJE,69958337,122
09543255000175,202512,117461877,126
09543255000175,202601,116269837,126
09543255000175,202602,115403075,124
09543255000175,202603,114747318,123
09543255000175,202604,114728984,122
09543255000175,202605,115587023,121
09543255000175,202606,117172771,122
09543255000175,202607,130514740,124
09543255000175,HOJE,131082321,121
09577500000165,202512,2134053456,126
09577500000165,202601,2094574615,126
09577500000165,202602,2046299422,124
09577500000165,202603,1990635447,123
09577500000165,202604,1941468027,122
09577500000165,202605,1892273660,121
09577500000165,202606,1844745785,122
09577500000165,202607,1795788713,124
09577500000165,HOJE,1789152763,122
09639927000140,202512,23234228,126
09639927000140,202601,23453910,126
09639927000140,202602,23654833,124
09639927000140,202603,23895536,123
09639927000140,202604,24116161,122
09639927000140,202605,24342711,121
09639927000140,202606,24566613,122
09639927000140,202607,24807530,124
09639927000140,HOJE,24841038,122
09720710000160,202512,284827299,126
09720710000160,202601,292063738,126
09720710000160,202602,307659906,124
09720710000160,202603,335043455,123
09720710000160,202604,371851583,122
09720710000160,202605,421721751,121
09720710000160,202606,492607107,122
09720710000160,202607,577536793,124
09720710000160,HOJE,589049180,122
09720734000110,202512,551647051,126
09720734000110,202601,566320978,126
09720734000110,202602,577265662,124
09720734000110,202603,590220470,123
09720734000110,202604,593990126,122
09720734000110,202605,588564183,121
09720734000110,202606,575596564,122
09720734000110,202607,558981236,124
09720734000110,HOJE,556449604,122
10220241000108,202512,349938446,126
10220241000108,202601,341649336,126
10220241000108,202602,339123308,124
10220241000108,202603,336961007,123
10220241000108,202604,335498448,122
10220241000108,202605,335029447,121
10220241000108,202606,335444062,122
10220241000108,202607,332229600,124
10220241000108,HOJE,331770572,121
10237439000196,202512,35171593,125
10237439000196,202601,34858438,125
10237439000196,202602,34726889,123
10237439000196,202603,34493532,122
10237439000196,202604,34479386,122
10237439000196,202605,34961378,121
10237439000196,202606,36005083,122
10237439000196,202607,37047079,124
10237439000196,HOJE,37182863,122
10237450000156,202512,989244000,126
10237450000156,202601,1040232404,126
10237450000156,202602,1084992093,124
10237450000156,202603,1118610402,123
10237450000156,202604,1102880779,122
10237450000156,202605,1070135462,121
10237450000156,202606,1032288762,122
10237450000156,202607,1042627815,124
10237450000156,HOJE,1044493120,121
10264179000148,202512,3959998698,126
10264179000148,202601,3988645664,126
10264179000148,202602,4014543729,124
10264179000148,202603,4042144892,123
10264179000148,202604,4066177425,122
10264179000148,202605,4103978876,121
10264179000148,202606,4144528734,122
10264179000148,202607,4188354806,124
10264179000148,HOJE,4194169504,122
10264255000115,202512,41050961011,126
10264255000115,202601,41452971563,126
10264255000115,202602,41721434768,124
10264255000115,202603,41824312975,123
10264255000115,202604,41708527000,122
10264255000115,202605,41473257207,121
10264255000115,202606,41328141967,122
10264255000115,202607,41162454924,124
10264255000115,HOJE,41132182225,122
10322668000109,202512,1283389687,126
10322668000109,202601,1293157502,126
10322668000109,202602,1303320472,124
10322668000109,202603,1315843117,123
10322668000109,202604,1329414179,122
10322668000109,202605,1344210805,121
10322668000109,202606,1367925954,122
10322668000109,202607,1397688320,124
10322668000109,HOJE,1400521849,121
10326625000100,202512,891618649,126
10326625000100,202601,902986891,126
10326625000100,202602,907807765,124
10326625000100,202603,899719304,123
10326625000100,202604,879307380,122
10326625000100,202605,855445131,121
10326625000100,202606,831117058,122
10326625000100,202607,800342451,124
10326625000100,HOJE,796536441,121
10347184000114,202512,7441205908,126
10347184000114,202601,7625673381,126
10347184000114,202602,7743820825,124
10347184000114,202603,7730537590,123
10347184000114,202604,7765465521,122
10347184000114,202605,7811975181,121
10347184000114,202606,7954984636,122
10347184000114,202607,8134613868,124
10347184000114,HOJE,8151277628,122
10347228000106,202512,7684470761,126
10347228000106,202601,7737844604,126
10347228000106,202602,7765115257,124
10347228000106,202603,7773364338,123
10347228000106,202604,7687080981,122
10347228000106,202605,7609839479,121
10347228000106,202606,7534341227,122
10347228000106,202607,7447832079,124
10347228000106,HOJE,7440509279,122
10355529000181,202512,50250472,126
10355529000181,202601,50776488,126
10355529000181,202602,51258405,124
10355529000181,202603,51822647,123
10355529000181,202604,52340688,122
10355529000181,202605,52854235,121
10355529000181,202606,50956178,118
10355529000181,202607,45135350,109
10355529000181,HOJE,44857364,105
10551353000133,202512,871567808,126
10551353000133,202601,869172013,126
10551353000133,202602,866666581,124
10551353000133,202603,863150880,123
10551353000133,202604,858987885,122
10551353000133,202605,857605243,121
10551353000133,202606,856944157,122
10551353000133,202607,856133600,124
10551353000133,HOJE,856054297,121
10565506000100,202512,5570112872,126
10565506000100,202601,5441940709,126
10565506000100,202602,5414185483,124
10565506000100,202603,5416263966,123
10565506000100,202604,5453375302,122
10565506000100,202605,5488631807,121
10565506000100,202606,5547661351,122
10565506000100,202607,5605577547,124
10565506000100,HOJE,5601776407,122
10583916000175,202512,33064870130,126
10583916000175,202601,32811471449,126
10583916000175,202602,32579596397,124
10583916000175,202603,32449079222,123
10583916000175,202604,32564590545,122
10583916000175,202605,32860711067,121
10583916000175,202606,33308897984,122
10583916000175,202607,34085062983,124
10583916000175,HOJE,34201202707,122
10601349000132,202512,2086407187,126
10601349000132,202601,2163705208,126
10601349000132,202602,2161768644,124
10601349000132,202603,2162187746,123
10601349000132,202604,2125368181,122
10601349000132,202605,2073331545,121
10601349000132,202606,1953436144,122
10601349000132,202607,1905542736,124
10601349000132,HOJE,1909471994,122
10643489000173,202512,622512064,126
10643489000173,202601,622852308,126
10643489000173,202602,606601300,124
10643489000173,202603,599161018,123
10643489000173,202604,587009671,122
10643489000173,202605,592884406,121
10643489000173,202606,629973378,122
10643489000173,202607,687694401,124
10643489000173,HOJE,692529625,122
10813716000161,202512,3036254270,126
10813716000161,202601,3081521761,126
10813716000161,202602,3097935816,124
10813716000161,202603,3088371975,123
10813716000161,202604,3042558403,122
10813716000161,202605,2998761437,121
10813716000161,202606,2957211618,122
10813716000161,202607,2916856063,124
10813716000161,HOJE,2912269914,122
10843445000197,202512,5177103371,126
10843445000197,202601,5177733180,126
10843445000197,202602,5201917883,124
10843445000197,202603,5243326940,123
10843445000197,202604,5279304743,122
10843445000197,202605,5332647656,121
10843445000197,202606,5384280000,122
10843445000197,202607,5407187737,124
10843445000197,HOJE,5409651948,121
10948577000183,202512,19951890854,126
10948577000183,202601,20250462627,126
10948577000183,202602,20481986970,124
10948577000183,202603,20742900319,123
10948577000183,202604,21024557836,122
10948577000183,202605,21324656870,121
10948577000183,202606,21650939722,122
10948577000183,202607,22046193032,124
10948577000183,HOJE,22093800695,121
11039158000191,202512,24014087,126
11039158000191,202601,26675874,126
11039158000191,202602,29079190,124
11039158000191,202603,31991580,123
11039158000191,202604,34701193,122
11039158000191,202605,37516142,121
11039158000191,202606,38944680,122
11039158000191,202607,39338859,124
11039158000191,HOJE,39382266,121
11046645000181,202512,38417687315,126
11046645000181,202601,39173737418,126
11046645000181,202602,41353980023,124
11046645000181,202603,43533198876,123
11046645000181,202604,44983956055,122
11046645000181,202605,45865326161,121
11046645000181,202606,46523426489,122
11046645000181,202607,46657928650,124
11046645000181,HOJE,46439927992,122
11121992000121,202512,408620461,126
11121992000121,202601,413500327,126
11121992000121,202602,408919185,124
11121992000121,202603,391571902,123
11121992000121,202604,368193857,122
11121992000121,202605,344180640,121
11121992000121,202606,311496774,122
11121992000121,202607,271404350,124
11121992000121,HOJE,266510890,121
11225793000163,202512,23008965,126
11225793000163,202601,22800219,126
11225793000163,202602,22521056,124
11225793000163,202603,22165628,123
11225793000163,202604,21921328,122
11225793000163,202605,21932000,121
11225793000163,202606,21803812,122
11225793000163,202607,21498149,124
11225793000163,HOJE,21468506,122
11248452000103,202512,189517868,126
11248452000103,202601,192534235,126
11248452000103,202602,195359170,124
11248452000103,202603,198743946,123
11248452000103,202604,202346216,122
11248452000103,202605,206091825,121
11248452000103,202606,209997112,122
11248452000103,202607,214174204,124
11248452000103,HOJE,214678742,121
11308040000111,202512,91767712,126
11308040000111,202601,92338996,126
11308040000111,202602,92911099,124
11308040000111,202603,93469608,123
11308040000111,202604,94070116,122
11308040000111,202605,94512561,121
11308040000111,202606,94707673,122
11308040000111,202607,94918253,124
11308040000111,HOJE,94920259,121
11419792000150,202512,489863971,126
11419792000150,202601,614214897,126
11419792000150,202602,828682323,124
11419792000150,202603,1205654504,123
11419792000150,202604,1244606343,122
11419792000150,202605,1235308260,121
11419792000150,202606,1146844053,122
11419792000150,202607,1026643170,124
11419792000150,HOJE,999652443,122
11419818000160,202512,66678328270,126
11419818000160,202601,63012444686,126
11419818000160,202602,61023140180,124
11419818000160,202603,61092746668,123
11419818000160,202604,61210506418,122
11419818000160,202605,61455856940,121
11419818000160,202606,61579952352,122
11419818000160,202607,62234852692,124
11419818000160,HOJE,62306808440,122
11435262000103,202512,14421345,126
11435262000103,202601,14654591,126
11435262000103,202602,14868897,124
11435262000103,202603,15170065,123
11435262000103,202604,15446380,122
11435262000103,202605,15708851,121
11435262000103,202606,15937866,122
11435262000103,202607,16180780,124
11435262000103,HOJE,16219134,122
11435287000107,202512,718257924,126
11435287000107,202601,755186319,126
11435287000107,202602,787927741,124
11435287000107,202603,824469950,123
11435287000107,202604,854702774,122
11435287000107,202605,887292864,121
11435287000107,202606,907080089,122
11435287000107,202607,902454816,124
11435287000107,HOJE,900926742,122
11447056000105,202512,25559824,125
11447056000105,202601,25842958,125
11447056000105,202602,26099400,123
11447056000105,202603,26386258,122
11447056000105,202604,26739936,121
11447056000105,202605,27099953,120
11447056000105,202606,27457830,122
11447056000105,202607,27838510,124
11447056000105,HOJE,27891649,122
11447124000136,202512,6432434215,126
11447124000136,202601,6258364132,126
11447124000136,202602,6108077490,124
11447124000136,202603,5951050860,123
11447124000136,202604,5830032641,122
11447124000136,202605,5739469250,121
11447124000136,202606,5681865661,122
11447124000136,202607,5652108527,124
11447124000136,HOJE,5646787239,122
11447136000160,202512,223399887,125
11447136000160,202601,226393041,125
11447136000160,202602,229017755,123
11447136000160,202603,231311803,122
11447136000160,202604,228122461,122
11447136000160,202605,222879932,121
11447136000160,202606,215169381,122
11447136000160,202607,207661357,124
11447136000160,HOJE,206415495,122
11508507000177,202512,35032032,126
11508507000177,202601,35009474,126
11508507000177,202602,35200611,124
11508507000177,202603,35469372,123
11508507000177,202604,35777964,122
11508507000177,202605,36094966,121
11508507000177,202606,36450064,122
11508507000177,202607,36878126,124
11508507000177,HOJE,36940707,122
11555338000126,202512,731213211,126
11555338000126,202601,738497877,126
11555338000126,202602,746185348,124
11555338000126,202603,754355883,123
11555338000126,202604,758290583,122
11555338000126,202605,758786829,121
11555338000126,202606,761325582,122
11555338000126,202607,763928337,124
11555338000126,HOJE,764222961,122
11690117000160,202512,5551903,126
11690117000160,202601,5595483,126
11690117000160,202602,5618896,124
11690117000160,202603,5682436,123
11690117000160,202604,5671088,122
11690117000160,202605,5594099,121
11690117000160,202606,5487574,122
11690117000160,202607,5288943,124
11690117000160,HOJE,5270745,121
11839215000117,202512,2716153211,126
11839215000117,202601,2664558451,126
11839215000117,202602,2583403055,124
11839215000117,202603,2414366490,123
11839215000117,202604,2251004904,122
11839215000117,202605,2084777253,121
11839215000117,202606,1927880860,122
11839215000117,202607,1796481856,124
11839215000117,HOJE,1779858919,122
11952676000100,202512,285039938,126
11952676000100,202601,279796419,126
11952676000100,202602,273042708,124
11952676000100,202603,263631500,123
11952676000100,202604,254969152,122
11952676000100,202605,246765271,121
11952676000100,202606,236881671,122
11952676000100,202607,230832322,124
11952676000100,HOJE,230069833,122
11961080000168,202512,173240058,126
11961080000168,202601,175105061,126
11961080000168,202602,176883303,124
11961080000168,202603,179195844,123
11961080000168,202604,181216491,122
11961080000168,202605,183152384,121
11961080000168,202606,184951898,122
11961080000168,202607,186543128,124
11961080000168,HOJE,186746496,122
11961206000102,202512,398657250,126
11961206000102,202601,401809424,126
11961206000102,202602,403420764,124
11961206000102,202603,404605162,123
11961206000102,202604,405017931,122
11961206000102,202605,394197730,121
11961206000102,202606,376625607,122
11961206000102,202607,365093307,124
11961206000102,HOJE,363462940,122
12059831000118,202512,206145194,126
12059831000118,202601,208868570,126
12059831000118,202602,211612465,124
12059831000118,202603,215797699,123
12059831000118,202604,215924040,122
12059831000118,202605,213631832,121
12059831000118,202606,210533733,122
12059831000118,202607,206706801,124
12059831000118,HOJE,206358755,121
12105940000124,202512,181731816,126
12105940000124,202601,177948357,126
12105940000124,202602,175172552,124
12105940000124,202603,172114975,123
12105940000124,202604,169868227,122
12105940000124,202605,170007459,121
12105940000124,202606,174267119,122
12105940000124,202607,177990997,124
12105940000124,HOJE,178410903,122
12412818000109,202512,7792329593,126
12412818000109,202601,8042632747,126
12412818000109,202602,8243992560,124
12412818000109,202603,8468617759,123
12412818000109,202604,8645628887,122
12412818000109,202605,8775493805,121
12412818000109,202606,8910988763,122
12412818000109,202607,9075014483,124
12412818000109,HOJE,9097597437,122
12698632000150,202512,37374156,126
12698632000150,202601,37609136,126
12698632000150,202602,37810879,124
12698632000150,202603,37950956,123
12698632000150,202604,38127578,122
12698632000150,202605,38313808,121
12698632000150,202606,38449826,122
12698632000150,202607,38618540,124
12698632000150,HOJE,38632460,121
12796193000118,202512,188391113,126
12796193000118,202601,157687651,126
12796193000118,202602,133658729,124
12796193000118,202603,115610423,123
12796193000118,202604,109581707,122
12796193000118,202605,107890482,121
12796193000118,202606,108821214,122
12796193000118,202607,109498969,124
12796193000118,HOJE,109606883,122
13030850000184,202512,100197428,126
13030850000184,202601,101371427,126
13030850000184,202602,102437905,124
13030850000184,202603,103658823,123
13030850000184,202604,104751797,122
13030850000184,202605,105841055,121
13030850000184,202606,106863195,122
13030850000184,202607,107965500,124
13030850000184,HOJE,108114433,122
13049660000109,202512,119801280,126
13049660000109,202601,120988707,126
13049660000109,202602,122080367,124
13049660000109,202603,123382761,123
13049660000109,202604,124576507,122
13049660000109,202605,125800688,121
13049660000109,202606,127000188,122
13049660000109,202607,128302737,124
13049660000109,HOJE,128482939,122
13058736000162,202512,14533662922,126
13058736000162,202601,14665836803,126
13058736000162,202602,14780550433,124
13058736000162,202603,14910044124,123
13058736000162,202604,15015479056,122
13058736000162,202605,15122009915,121
13058736000162,202606,15228951043,122
13058736000162,202607,15338163708,124
13058736000162,HOJE,15349681826,121
13106995000111,202512,989244038,126
13106995000111,202601,1040232452,126
13106995000111,202602,1084992121,124
13106995000111,202603,1118610402,123
13106995000111,202604,1102880776,122
13106995000111,202605,1070135458,121
13106995000111,202606,1032289169,122
13106995000111,202607,1042633796,124
13106995000111,HOJE,1044499686,121
13106998000155,202512,266550543,126
13106998000155,202601,256458494,126
13106998000155,202602,247871190,124
13106998000155,202603,237505524,123
13106998000155,202604,227934141,122
13106998000155,202605,218890346,121
13106998000155,202606,210409056,122
13106998000155,202607,200349071,124
13106998000155,HOJE,199199460,121
13400194000164,202512,261128529,126
13400194000164,202601,263363648,126
13400194000164,202602,265264633,124
13400194000164,202603,266095994,123
13400194000164,202604,265865804,122
13400194000164,202605,263918335,121
13400194000164,202606,261062891,122
13400194000164,202607,258747861,124
13400194000164,HOJE,258518984,122
13411914000197,202512,6211238860,126
13411914000197,202601,6383868208,126
13411914000197,202602,6540996663,124
13411914000197,202603,6714721283,123
13411914000197,202604,6863804919,122
13411914000197,202605,7009793045,121
13411914000197,202606,7150878543,122
13411914000197,202607,7299463602,124
13411914000197,HOJE,7317592588,122
13425757000179,202512,489667870,126
13425757000179,202601,495819895,126
13425757000179,202602,502435687,124
13425757000179,202603,511214625,123
13425757000179,202604,519179051,122
13425757000179,202605,525664204,121
13425757000179,202606,531113180,122
13425757000179,202607,537405005,124
13425757000179,HOJE,538254208,122
13454232000161,202512,19162677,126
13454232000161,202601,19374113,126
13454232000161,202602,19577848,124
13454232000161,202603,19783616,123
13454232000161,202604,19990784,122
13454232000161,202605,20152860,121
13454232000161,202606,19974971,122
13454232000161,202607,19785475,124
13454232000161,HOJE,19762977,122
13455189000159,202512,1203946353,126
13455189000159,202601,1216735145,126
13455189000159,202602,1226007851,124
13455189000159,202603,1233315153,123
13455189000159,202604,1234136069,122
13455189000159,202605,1234374619,121
13455189000159,202606,1235806777,122
13455189000159,202607,1235814245,124
13455189000159,HOJE,1235875019,122
13492738000165,202512,56180984,126
13492738000165,202601,57860251,126
13492738000165,202602,59443776,124
13492738000165,202603,61560983,123
13492738000165,202604,63620619,122
13492738000165,202605,65853169,121
13492738000165,202606,68844630,122
13492738000165,202607,72009621,124
13492738000165,HOJE,72495830,122
13596496000150,202512,19715419,126
13596496000150,202601,18425387,126
13596496000150,202602,17904169,124
13596496000150,202603,17320293,123
13596496000150,202604,16800839,122
13596496000150,202605,16260910,121
13596496000150,202606,15733508,122
13596496000150,202607,15700377,124
13596496000150,HOJE,15698671,122
13823084000105,202512,2267349010,126
13823084000105,202601,2380990604,126
13823084000105,202602,2486648807,124
13823084000105,202603,2600196811,123
13823084000105,202604,2688556894,122
13823084000105,202605,2747638840,121
13823084000105,202606,2773232192,122
13823084000105,202607,2773819684,124
13823084000105,HOJE,2772637947,122
13935899000186,202512,152846273,125
13935899000186,202601,135319798,125
13935899000186,202602,126222665,123
13935899000186,202603,123948108,122
13935899000186,202604,119260814,122
13935899000186,202605,124861611,121
13935899000186,202606,129220324,122
13935899000186,202607,135146691,124
13935899000186,HOJE,136926398,122
14017351000110,202512,5081713,126
14017351000110,202601,5135434,126
14017351000110,202602,5184470,124
14017351000110,202603,5243113,123
14017351000110,202604,5296708,122
14017351000110,202605,5350379,121
14017351000110,202606,5404104,122
14017351000110,202607,5462051,124
14017351000110,HOJE,5468704,121
14146491000198,202512,105460899,126
14146491000198,202601,95140020,126
14146491000198,202602,85248720,124
14146491000198,202603,73253800,123
14146491000198,202604,66728798,122
14146491000198,202605,62561610,121
14146491000198,202606,60709515,122
14146491000198,202607,58941549,124
14146491000198,HOJE,58649241,122
14158932000171,202512,7161302,126
14158932000171,202601,13099703,126
14158932000171,202602,16739033,124
14158932000171,202603,21027965,123
14158932000171,202604,24703015,122
14158932000171,202605,27409594,121
14158932000171,202606,25571760,122
14158932000171,202607,22981712,123
14158932000171,HOJE,22988154,121
14188164000107,202512,2578185256,126
14188164000107,202601,2539468612,126
14188164000107,202602,2509116483,124
14188164000107,202603,2474046846,123
14188164000107,202604,2444393450,122
14188164000107,202605,2408607691,121
14188164000107,202606,2380197972,122
14188164000107,202607,2358157801,124
14188164000107,HOJE,2355541736,121
14399722000175,202512,690812086,126
14399722000175,202601,696157873,126
14399722000175,202602,700898447,124
14399722000175,202603,706469638,123
14399722000175,202604,710827756,122
14399722000175,202605,715157330,121
14399722000175,202606,719265558,122
14399722000175,202607,723326185,124
14399722000175,HOJE,723889252,122
14399804000110,202512,691059598,126
14399804000110,202601,696331478,126
14399804000110,202602,700949461,124
14399804000110,202603,705982543,123
14399804000110,202604,709851562,122
14399804000110,202605,713671304,121
14399804000110,202606,717321340,122
14399804000110,202607,720867640,124
14399804000110,HOJE,721345544,122
14466898000100,202512,200614285,126
14466898000100,202601,195847389,126
14466898000100,202602,191114077,124
14466898000100,202603,184812795,123
14466898000100,202604,179179659,122
14466898000100,202605,174836398,121
14466898000100,202606,171170287,122
14466898000100,202607,166116727,124
14466898000100,HOJE,165502430,121
14473842000175,202512,23643431,126
14473842000175,202601,27362927,126
14473842000175,202602,30849300,124
14473842000175,202603,34303642,123
14473842000175,202604,34887016,122
14473842000175,202605,36857636,121
14473842000175,202606,38886627,122
14473842000175,202607,41128531,124
14473842000175,HOJE,41388908,121
14491564000189,202512,89761824,126
14491564000189,202601,90656740,126
14491564000189,202602,91552281,124
14491564000189,202603,92542552,123
14491564000189,202604,93566169,122
14491564000189,202605,94536863,121
14491564000189,202606,95385542,122
14491564000189,202607,96297720,124
14491564000189,HOJE,96408567,122
14491665000150,202512,42944297,126
14491665000150,202601,41785266,126
14491665000150,202602,41629006,124
14491665000150,202603,41683062,123
14491665000150,202604,41866515,122
14491665000150,202605,41605992,121
14491665000150,202606,41171830,122
14491665000150,202607,40736053,124
14491665000150,HOJE,40673870,122
14504578000190,202512,304340788,126
14504578000190,202601,300327029,126
14504578000190,202602,298188952,124
14504578000190,202603,296161952,123
14504578000190,202604,295405313,122
14504578000190,202605,294828174,121
14504578000190,202606,294328877,122
14504578000190,202607,294896401,124
14504578000190,HOJE,295024720,122
14557317000138,202512,3792958773,126
14557317000138,202601,3804213936,126
14557317000138,202602,3805523299,124
14557317000138,202603,3789857861,123
14557317000138,202604,3762036302,122
14557317000138,202605,3762212648,121
14557317000138,202606,3765494816,122
14557317000138,202607,3772372451,124
14557317000138,HOJE,3773397937,122
14843629000108,202512,7819228,126
14843629000108,202601,7761506,126
14843629000108,202602,7710676,124
14843629000108,202603,7655045,123
14843629000108,202604,7617251,122
14843629000108,202605,7577788,121
14843629000108,202606,7530269,122
14843629000108,202607,7480569,124
14843629000108,HOJE,7475411,121
14843780000146,202512,305471240,126
14843780000146,202601,293855990,126
14843780000146,202602,283371557,124
14843780000146,202603,273088500,123
14843780000146,202604,265993175,122
14843780000146,202605,258372830,121
14843780000146,202606,250766317,122
14843780000146,202607,245804759,124
14843780000146,HOJE,245195778,122
14880030000144,202512,24385960,126
14880030000144,202601,22998504,126
14880030000144,202602,23246908,124
14880030000144,202603,23475695,123
14880030000144,202604,22672135,122
14880030000144,202605,21290713,121
14880030000144,202606,19845916,122
14880030000144,202607,18319912,124
14880030000144,HOJE,18088236,122
15174629000125,202512,168585429,126
15174629000125,202601,172756108,126
15174629000125,202602,177716373,124
15174629000125,202603,184611405,123
15174629000125,202604,190406822,122
15174629000125,202605,188083523,121
15174629000125,202606,182548443,122
15174629000125,202607,175880676,124
15174629000125,HOJE,174931056,122
15207219000133,202512,34643228,126
15207219000133,202601,35011655,126
15207219000133,202602,35351677,124
15207219000133,202603,35744749,123
15207219000133,202604,36094074,122
15207219000133,202605,36452175,121
15207219000133,202606,36823347,122
15207219000133,202607,37213610,124
15207219000133,HOJE,37255538,121
15259169000138,202512,125154457,126
15259169000138,202601,126600546,126
15259169000138,202602,127911132,124
15259169000138,202603,129449123,123
15259169000138,202604,130834550,122
15259169000138,202605,132247586,121
15259169000138,202606,133728353,122
15259169000138,202607,135337723,124
15259169000138,HOJE,135555709,122
15348108000147,202512,1372041061,126
15348108000147,202601,1490203164,126
15348108000147,202602,1579905556,124
15348108000147,202603,1667776986,123
15348108000147,202604,1689421189,122
15348108000147,202605,1715020967,121
15348108000147,202606,1726197592,122
15348108000147,202607,1701790527,124
15348108000147,HOJE,1704903757,122
15350679000116,202512,424497258,126
15350679000116,202601,420437038,126
15350679000116,202602,417936590,124
15350679000116,202603,429636762,123
15350679000116,202604,428256965,122
15350679000116,202605,425270308,121
15350679000116,202606,423624308,122
15350679000116,202607,407740256,124
15350679000116,HOJE,406773523,121
15398622000197,202512,95767623,126
15398622000197,202601,96788311,126
15398622000197,202602,97795046,124
15398622000197,202603,98797899,123
15398622000197,202604,99754387,122
15398622000197,202605,100564724,121
15398622000197,202606,101220969,122
15398622000197,202607,101849963,124
15398622000197,HOJE,101911406,121
15477891000149,202512,3346792355,126
15477891000149,202601,3511823286,126
15477891000149,202602,3647785903,124
15477891000149,202603,3749782649,123
15477891000149,202604,3824413622,122
15477891000149,202605,3902337295,121
15477891000149,202606,3960703827,122
15477891000149,202607,4029734071,124
15477891000149,HOJE,4038424593,122
15487311000102,202512,203168655,126
15487311000102,202601,191208114,126
15487311000102,202602,179308244,124
15487311000102,202603,165581089,123
15487311000102,202604,154519523,122
15487311000102,202605,147872532,121
15487311000102,202606,142401509,122
15487311000102,202607,138183852,124
15487311000102,HOJE,137646252,121
15612416000138,202512,75378740,126
15612416000138,202601,76241865,126
15612416000138,202602,76540057,124
15612416000138,202603,75199862,123
15612416000138,202604,73897691,122
15612416000138,202605,72451400,121
15612416000138,202606,71010238,122
15612416000138,202607,69551508,124
15612416000138,HOJE,69256312,122
15675431000125,202512,15597863595,126
15675431000125,202601,15349405815,126
15675431000125,202602,14623964190,124
15675431000125,202603,13842937937,123
15675431000125,202604,13091608365,122
15675431000125,202605,12362512588,121
15675431000125,202606,11663409405,122
15675431000125,202607,10984479780,124
15675431000125,HOJE,10988307050,122
15675437000100,202512,13640779037,126
15675437000100,202601,13389692013,126
15675437000100,202602,13195149981,124
15675437000100,202603,12938766315,123
15675437000100,202604,12629536862,122
15675437000100,202605,12369744175,121
15675437000100,202606,12279329320,122
15675437000100,202607,12296343023,124
15675437000100,HOJE,12293568151,122
16599959000125,202512,137612677,126
16599959000125,202601,124326019,126
16599959000125,202602,112209576,124
16599959000125,202603,99708183,123
16599959000125,202604,90596681,122
16599959000125,202605,84846921,121
16599959000125,202606,79952549,122
16599959000125,202607,75985802,124
16599959000125,HOJE,75442470,122
16703345000141,202512,58586775,126
16703345000141,202601,59333690,126
16703345000141,202602,60040204,124
16703345000141,202603,60679681,123
16703345000141,202604,61002293,122
16703345000141,202605,61370304,121
16703345000141,202606,61839882,122
16703345000141,202607,62317622,124
16703345000141,HOJE,62355861,122
16916048000184,202512,818661353,126
16916048000184,202601,821601430,126
16916048000184,202602,825213440,124
16916048000184,202603,826615018,123
16916048000184,202604,825932651,122
16916048000184,202605,825499832,121
16916048000184,202606,824938308,122
16916048000184,202607,824880390,124
16916048000184,HOJE,824644071,121
17041023000147,202512,67008035,126
17041023000147,202601,67756800,126
17041023000147,202602,68460439,124
17041023000147,202603,69326719,123
17041023000147,202604,70094015,122
17041023000147,202605,70788573,121
17041023000147,202606,71522937,122
17041023000147,202607,72357638,124
17041023000147,HOJE,72452107,121
17051205000107,202512,3346790894,126
17051205000107,202601,3394593623,126
17051205000107,202602,3429832804,124
17051205000107,202603,3391923434,123
17051205000107,202604,3284696249,122
17051205000107,202605,3169414457,121
17051205000107,202606,3054182201,122
17051205000107,202607,2936073089,124
17051205000107,HOJE,2915012796,122
17072641000154,202512,115553018,126
17072641000154,202601,115490671,126
17072641000154,202602,116131914,124
17072641000154,202603,117587435,123
17072641000154,202604,119657755,122
17072641000154,202605,121502351,121
17072641000154,202606,122968494,122
17072641000154,202607,124297500,124
17072641000154,HOJE,124447260,122
17072894000128,202512,86760298,126
17072894000128,202601,86201287,126
17072894000128,202602,85858129,124
17072894000128,202603,85797061,123
17072894000128,202604,85993027,122
17072894000128,202605,86435027,121
17072894000128,202606,87087062,122
17072894000128,202607,87784711,124
17072894000128,HOJE,87872250,122
17138011000135,202512,550475109,126
17138011000135,202601,558759351,126
17138011000135,202602,566969708,124
17138011000135,202603,576569077,123
17138011000135,202604,584969675,122
17138011000135,202605,594998867,121
17138011000135,202606,605540256,122
17138011000135,202607,618393516,124
17138011000135,HOJE,620198432,122
17138466000150,202512,1166387111,126
17138466000150,202601,1161202388,126
17138466000150,202602,1156405223,124
17138466000150,202603,1153517145,123
17138466000150,202604,1155077257,122
17138466000150,202605,1159443468,121
17138466000150,202606,1168469617,122
17138466000150,202607,1173465448,124
17138466000150,HOJE,1174544082,122
17138474000105,202512,600923632,126
17138474000105,202601,585458884,126
17138474000105,202602,570782970,124
17138474000105,202603,555491607,123
17138474000105,202604,543631733,122
17138474000105,202605,533065208,121
17138474000105,202606,525666098,122
17138474000105,202607,520167258,124
17138474000105,HOJE,519371724,122
17158462000134,202512,197996155,126
17158462000134,202601,187060076,126
17158462000134,202602,179196005,124
17158462000134,202603,169166385,123
17158462000134,202604,160375439,122
17158462000134,202605,151693534,121
17158462000134,202606,144654859,122
17158462000134,202607,139828706,124
17158462000134,HOJE,139190049,121
17225793000140,202512,2281580742,126
17225793000140,202601,2302049518,126
17225793000140,202602,2320566813,124
17225793000140,202603,2342535402,123
17225793000140,202604,2363956362,122
17225793000140,202605,2377312291,121
17225793000140,202606,2379853464,122
17225793000140,202607,2379575892,124
17225793000140,HOJE,2380027205,122
17329683000128,202512,895111275,126
17329683000128,202601,906651298,126
17329683000128,202602,916447619,124
17329683000128,202603,928841848,123
17329683000128,202604,937550004,122
17329683000128,202605,943465915,121
17329683000128,202606,946595232,122
17329683000128,202607,942986468,124
17329683000128,HOJE,942749832,122
17329754000192,202512,214880016,126
17329754000192,202601,217480051,126
17329754000192,202602,219837083,124
17329754000192,202603,222632284,123
17329754000192,202604,225038463,122
17329754000192,202605,227541556,121
17329754000192,202606,230381807,122
17329754000192,202607,233504887,124
17329754000192,HOJE,233846022,121
17329785000143,202512,104030425,126
17329785000143,202601,104998328,126
17329785000143,202602,105945441,124
17329785000143,202603,107110016,123
17329785000143,202604,108312926,122
17329785000143,202605,109386660,121
17329785000143,202606,110311458,122
17329785000143,202607,111361329,124
17329785000143,HOJE,111506610,122
17339084000195,202512,93220834,126
17339084000195,202601,84822160,126
17339084000195,202602,77175032,124
17339084000195,202603,69306933,123
17339084000195,202604,64864912,122
17339084000195,202605,66036549,121
17339084000195,202606,67190236,122
17339084000195,202607,68604767,124
17339084000195,HOJE,68883740,122
17417026000132,202512,496963200,126
17417026000132,202601,481936832,126
17417026000132,202602,471120356,124
17417026000132,202603,456356206,123
17417026000132,202604,443072044,122
17417026000132,202605,433100594,121
17417026000132,202606,417794070,122
17417026000132,202607,405905603,124
17417026000132,HOJE,404053642,122
17689994000106,202512,101421140,126
17689994000106,202601,103650838,126
17689994000106,202602,105762655,124
17689994000106,202603,106371340,123
17689994000106,202604,106182112,122
17689994000106,202605,105202432,121
17689994000106,202606,103694061,122
17689994000106,202607,106280182,124
17689994000106,HOJE,106402141,122
17898543000170,202512,1946145877,126
17898543000170,202601,2002070252,126
17898543000170,202602,2093041213,124
17898543000170,202603,2169868623,123
17898543000170,202604,2224590095,122
17898543000170,202605,2251703331,121
17898543000170,202606,2300106547,122
17898543000170,202607,2313789404,124
17898543000170,HOJE,2312836779,121
17898668000109,202512,165425728,126
17898668000109,202601,167351851,126
17898668000109,202602,169069007,124
17898668000109,202603,171066933,123
17898668000109,202604,172824241,122
17898668000109,202605,174459494,121
17898668000109,202606,176177739,122
17898668000109,202607,175982911,124
17898668000109,HOJE,175896800,121
17906107000104,202512,171007775,126
17906107000104,202601,178823356,126
17906107000104,202602,192065946,124
17906107000104,202603,215490466,123
17906107000104,202604,235152441,122
17906107000104,202605,251769317,121
17906107000104,202606,264155628,122
17906107000104,202607,275876590,124
17906107000104,HOJE,277127280,121
17913386000125,202512,16814523,126
17913386000125,202601,17112618,126
17913386000125,202602,17453048,124
17913386000125,202603,17982493,123
17913386000125,202604,19361105,122
17913386000125,202605,20794414,121
17913386000125,202606,22258745,122
17913386000125,202607,23914595,124
17913386000125,HOJE,24124805,121
18007644000177,202512,6782761685,126
18007644000177,202601,6755026211,126
18007644000177,202602,6730214003,124
18007644000177,202603,6703481173,123
18007644000177,202604,6683405604,122
18007644000177,202605,6672591021,121
18007644000177,202606,6685057496,122
18007644000177,202607,6714804146,124
18007644000177,HOJE,6718409343,121
18069672000119,202512,989244969,126
18069672000119,202601,1040233364,126
18069672000119,202602,1084992130,124
18069672000119,202603,1118610369,123
18069672000119,202604,1102880756,122
18069672000119,202605,1070135427,121
18069672000119,202606,1032288738,122
18069672000119,202607,1042633454,124
18069672000119,HOJE,1044499338,121
18086741000100,202512,381481945,126
18086741000100,202601,361100467,126
18086741000100,202602,338882904,124
18086741000100,202603,310571855,123
18086741000100,202604,284587102,122
18086741000100,202605,258550757,121
18086741000100,202606,234544229,122
18086741000100,202607,228822666,124
18086741000100,HOJE,228726166,121
18416553000195,202512,832042431,126
18416553000195,202601,856225815,126
18416553000195,202602,879531607,124
18416553000195,202603,896027212,123
18416553000195,202604,895425769,122
18416553000195,202605,872110500,121
18416553000195,202606,842776161,122
18416553000195,202607,824745609,124
18416553000195,HOJE,821519758,121
18416618000100,202512,885320640,126
18416618000100,202601,909741780,126
18416618000100,202602,933478323,124
18416618000100,202603,947342686,123
18416618000100,202604,944112988,122
18416618000100,202605,916566532,121
18416618000100,202606,882280811,122
18416618000100,202607,860587375,124
18416618000100,HOJE,857098837,121
18418812000117,202512,831932834,126
18418812000117,202601,856118094,126
18418812000117,202602,879398409,124
18418812000117,202603,895928174,123
18418812000117,202604,895421475,122
18418812000117,202605,872096071,121
18418812000117,202606,842630334,122
18418812000117,202607,824606768,124
18418812000117,HOJE,821377485,121
18418825000196,202512,831995762,126
18418825000196,202601,856179065,126
18418825000196,202602,879468334,124
18418825000196,202603,895958944,123
18418825000196,202604,895389911,122
18418825000196,202605,872063470,121
18418825000196,202606,842609442,122
18418825000196,202607,824581639,124
18418825000196,HOJE,821351706,121
18418851000114,202512,831704701,126
18418851000114,202601,855875379,126
18418851000114,202602,879153434,124
18418851000114,202603,896093759,123
18418851000114,202604,895409220,122
18418851000114,202605,872078498,121
18418851000114,202606,842617644,122
18418851000114,202607,824588915,124
18418851000114,HOJE,821359159,121
18418874000129,202512,832126239,126
18418874000129,202601,856553647,126
18418874000129,202602,879940339,124
18418874000129,202603,896560335,123
18418874000129,202604,896108387,122
18418874000129,202605,872876888,121
18418874000129,202606,843339952,122
18418874000129,202607,825135826,124
18418874000129,HOJE,821901059,121
18418894000108,202512,831971291,126
18418894000108,202601,856162178,126
18418894000108,202602,879448194,124
18418894000108,202603,895946369,123
18418894000108,202604,895371959,122
18418894000108,202605,872041033,121
18418894000108,202606,842584029,122
18418894000108,202607,824553967,124
18418894000108,HOJE,821324074,121
18418915000187,202512,831731391,126
18418915000187,202601,855914613,126
18418915000187,202602,879198065,124
18418915000187,202603,895979540,123
18418915000187,202604,895391390,122
18418915000187,202605,872071176,121
18418915000187,202606,842611621,122
18418915000187,202607,824591119,124
18418915000187,HOJE,821361425,121
18422272000145,202512,1009223202,126
18422272000145,202601,981461943,126
18422272000145,202602,956313291,124
18422272000145,202603,927534268,123
18422272000145,202604,908144865,122
18422272000145,202605,891764185,121
18422272000145,202606,878542823,122
18422272000145,202607,869929746,124
18422272000145,HOJE,868996230,122
18428603000154,202512,831892441,126
18428603000154,202601,856072253,126
18428603000154,202602,879362343,124
18428603000154,202603,895886314,123
18428603000154,202604,895412250,122
18428603000154,202605,872099588,121
18428603000154,202606,842644332,122
18428603000154,202607,824611208,124
18428603000154,HOJE,821381998,121
18428655000120,202512,6005678943,126
18428655000120,202601,5903200197,126
18428655000120,202602,5804827678,124
18428655000120,202603,5600112824,123
18428655000120,202604,5390608485,122
18428655000120,202605,5218129601,121
18428655000120,202606,5068362162,122
18428655000120,202607,4928768062,124
18428655000120,HOJE,4907015381,122
18599004000101,202512,15767868793,126
18599004000101,202601,16194855933,126
18599004000101,202602,16566929328,124
18599004000101,202603,16961019631,123
18599004000101,202604,17268282587,122
18599004000101,202605,17555221365,121
18599004000101,202606,17823370233,122
18599004000101,202607,18107212544,124
18599004000101,HOJE,18145657406,122
18679362000116,202512,93598842,126
18679362000116,202601,94765723,126
18679362000116,202602,95929908,124
18679362000116,202603,97014460,123
18679362000116,202604,97921922,122
18679362000116,202605,98608353,121
18679362000116,202606,99078706,122
18679362000116,202607,99644095,124
18679362000116,HOJE,99697674,122
18679900000172,202512,12347604,126
18679900000172,202601,12055223,126
18679900000172,202602,11815963,124
18679900000172,202603,11288983,123
18679900000172,202604,10909027,122
18679900000172,202605,10713829,121
18679900000172,202606,10432937,122
18679900000172,202607,9785536,124
18679900000172,HOJE,9680300,122
18685779000191,202512,13876867,126
18685779000191,202601,14032213,126
18685779000191,202602,14183840,124
18685779000191,202603,14318838,123
18685779000191,202604,14438049,122
18685779000191,202605,14539198,121
18685779000191,202606,14617925,122
18685779000191,202607,14687147,124
18685779000191,HOJE,14695520,122
18719154000101,202512,7880522232,126
18719154000101,202601,7885895249,126
18719154000101,202602,7897487938,124
18719154000101,202603,7868124406,123
18719154000101,202604,7741451682,122
18719154000101,202605,7565313732,121
18719154000101,202606,7400891056,122
18719154000101,202607,7165892707,124
18719154000101,HOJE,7129625646,122
18814287000159,202512,700357504,126
18814287000159,202601,709822921,126
18814287000159,202602,718725389,124
18814287000159,202603,729337902,123
18814287000159,202604,736186968,122
18814287000159,202605,744037345,121
18814287000159,202606,757859435,122
18814287000159,202607,772724549,124
18814287000159,HOJE,774473903,121
18814964000139,202512,1448325329,126
18814964000139,202601,1312817962,126
18814964000139,202602,1212441283,124
18814964000139,202603,1129456474,123
18814964000139,202604,1084663828,122
18814964000139,202605,1067060367,121
18814964000139,202606,1060321755,122
18814964000139,202607,1056339048,124
18814964000139,HOJE,1055824244,121
18816175000137,202512,185069596,126
18816175000137,202601,184397526,126
18816175000137,202602,191041250,124
18816175000137,202603,200586813,123
18816175000137,202604,211918270,122
18816175000137,202605,224312788,121
18816175000137,202606,238662641,122
18816175000137,202607,251383212,124
18816175000137,HOJE,251900868,121
18990334000115,202512,1015511845,126
18990334000115,202601,995868311,126
18990334000115,202602,978502096,124
18990334000115,202603,956878553,123
18990334000115,202604,936361614,122
18990334000115,202605,914821256,121
18990334000115,202606,898540991,122
18990334000115,202607,884228022,124
18990334000115,HOJE,882610866,121
19038997000105,202512,57352646,126
19038997000105,202601,57227186,126
19038997000105,202602,57785820,124
19038997000105,202603,58254626,123
19038997000105,202604,58751803,122
19038997000105,202605,59015349,121
19038997000105,202606,59094904,122
19038997000105,202607,59067485,124
19038997000105,HOJE,59048944,122
19366021000153,202512,105367757,126
19366021000153,202601,106524270,126
19366021000153,202602,107645916,124
19366021000153,202603,108901111,123
19366021000153,202604,110047575,122
19366021000153,202605,111060242,121
19366021000153,202606,111894387,122
19366021000153,202607,112681909,124
19366021000153,HOJE,112766263,121
19390898000180,202512,8865849553,126
19390898000180,202601,8748680422,126
19390898000180,202602,8644846771,124
19390898000180,202603,8555349622,123
19390898000180,202604,8572736911,121
19390898000180,202605,8682059683,120
19390898000180,202606,8828638343,121
19390898000180,202607,8968218295,120
19390898000180,HOJE,8987646048,117
19413568000162,202512,46045530,126
19413568000162,202601,45390231,126
19413568000162,202602,44750377,124
19413568000162,202603,44947093,123
19413568000162,202604,45445702,122
19413568000162,202605,45894604,121
19413568000162,202606,46416916,122
19413568000162,202607,47019361,124
19413568000162,HOJE,47084382,121
19436722000111,202512,115976395,126
19436722000111,202601,117134320,126
19436722000111,202602,118198933,124
19436722000111,202603,119457660,123
19436722000111,202604,120565503,122
19436722000111,202605,121726331,121
19436722000111,202606,122891485,122
19436722000111,202607,124154553,124
19436722000111,HOJE,124299608,121
19436808000144,202512,128662502,126
19436808000144,202601,105551868,126
19436808000144,202602,83842259,124
19436808000144,202603,61780690,123
19436808000144,202604,59639870,122
19436808000144,202605,53895378,121
19436808000144,202606,51056740,122
19436808000144,202607,51579943,124
19436808000144,HOJE,51652257,122
19531929000175,202512,139696294,126
19531929000175,202601,141307007,126
19531929000175,202602,142842125,124
19531929000175,202603,144700380,123
19531929000175,202604,146609316,122
19531929000175,202605,148540998,121
19531929000175,202606,150378794,122
19531929000175,202607,152346116,124
19531929000175,HOJE,152614798,122
19550100000110,202512,228233357,126
19550100000110,202601,225605650,126
19550100000110,202602,222370926,124
19550100000110,202603,218884160,123
19550100000110,202604,216323654,122
19550100000110,202605,214138977,121
19550100000110,202606,214819844,122
19550100000110,202607,215506377,124
19550100000110,HOJE,215589461,122
19657463000159,202512,492452202,126
19657463000159,202601,489786594,126
19657463000159,202602,490450022,124
19657463000159,202603,491369616,123
19657463000159,202604,492621620,122
19657463000159,202605,492027707,121
19657463000159,202606,489159338,122
19657463000159,202607,482899894,124
19657463000159,HOJE,481994645,121
19675080000103,202512,15735805,126
19675080000103,202601,15157231,126
19675080000103,202602,14633884,124
19675080000103,202603,13942023,123
19675080000103,202604,13310196,122
19675080000103,202605,13152681,121
19675080000103,202606,13231148,122
19675080000103,202607,13301581,124
19675080000103,HOJE,13309486,122
19718324000198,202512,164681614,126
19718324000198,202601,166529648,126
19718324000198,202602,168272269,124
19718324000198,202603,170263296,123
19718324000198,202604,172102861,122
19718324000198,202605,173806088,121
19718324000198,202606,175347578,122
19718324000198,202607,176916473,124
19718324000198,HOJE,177124124,122
19719719000105,202512,183607344,126
19719719000105,202601,185190120,126
19719719000105,202602,188955109,124
19719719000105,202603,193924210,123
19719719000105,202604,199144428,122
19719719000105,202605,204726786,121
19719719000105,202606,210543697,122
19719719000105,202607,215782360,124
19719719000105,HOJE,216153134,121
19719727000151,202512,235584069,126
19719727000151,202601,236107220,126
19719727000151,202602,237190393,124
19719727000151,202603,240827802,123
19719727000151,202604,245755799,122
19719727000151,202605,249805441,121
19719727000151,202606,253374898,122
19719727000151,202607,256439751,124
19719727000151,HOJE,256762585,121
19770499000144,202512,52124757,126
19770499000144,202601,48900736,126
19770499000144,202602,45460801,124
19770499000144,202603,40499338,123
19770499000144,202604,36500381,122
19770499000144,202605,32432310,120
19770499000144,202606,27693375,121
19770499000144,202607,23523592,121
19770499000144,HOJE,22967159,118
19782311000188,202512,4404518933,126
19782311000188,202601,4378710702,126
19782311000188,202602,4365143541,124
19782311000188,202603,4322967976,123
19782311000188,202604,4202768012,122
19782311000188,202605,4031264783,121
19782311000188,202606,3847197476,122
19782311000188,202607,3643199789,124
19782311000188,HOJE,3617920204,121
19831152000164,202512,99356639,126
19831152000164,202601,100493417,126
19831152000164,202602,101542635,124
19831152000164,202603,102741051,123
19831152000164,202604,103847832,122
19831152000164,202605,104955836,121
19831152000164,202606,106066432,122
19831152000164,202607,107280865,124
19831152000164,HOJE,107442301,122
19941689000187,202512,32809797,126
19941689000187,202601,32348737,126
19941689000187,202602,32111408,124
19941689000187,202603,31825145,123
19941689000187,202604,31675593,122
19941689000187,202605,31378317,121
19941689000187,202606,31057201,122
19941689000187,202607,30536188,124
19941689000187,HOJE,30446795,122
19941929000143,202512,425051748,126
19941929000143,202601,431830741,126
19941929000143,202602,438042079,124
19941929000143,202603,444893145,123
19941929000143,202604,451378387,122
19941929000143,202605,457994905,121
19941929000143,202606,464698953,122
19941929000143,202607,471122671,124
19941929000143,HOJE,472009525,122
19959517000130,202512,1671173389,126
19959517000130,202601,1602553039,126
19959517000130,202602,1557487032,124
19959517000130,202603,1518053455,123
19959517000130,202604,1497958455,122
19959517000130,202605,1492453540,121
19959517000130,202606,1492810217,122
19959517000130,202607,1494146545,124
19959517000130,HOJE,1494140742,122
20146318000192,202512,487151473,126
20146318000192,202601,479286489,126
20146318000192,202602,472005719,124
20146318000192,202603,461349597,123
20146318000192,202604,438039194,122
20146318000192,202605,410615944,121
20146318000192,202606,382620311,122
20146318000192,202607,347789773,124
20146318000192,HOJE,343483202,121
20155921000130,202512,726209621,126
20155921000130,202601,737035164,126
20155921000130,202602,746864376,124
20155921000130,202603,759496501,123
20155921000130,202604,770987491,122
20155921000130,202605,783055883,121
20155921000130,202606,795787085,122
20155921000130,202607,808937285,124
20155921000130,HOJE,810762248,122
20231879000190,202512,52449836,126
20231879000190,202601,50974391,126
20231879000190,202602,49680859,124
20231879000190,202603,47983945,123
20231879000190,202604,46315258,122
20231879000190,202605,44754029,121
20231879000190,202606,44054895,122
20231879000190,202607,44045223,124
20231879000190,HOJE,44047403,122
20468262000192,202512,194204325,126
20468262000192,202601,196452720,126
20468262000192,202602,198490626,124
20468262000192,202603,200933258,123
20468262000192,202604,203164097,122
20468262000192,202605,205581842,121
20468262000192,202606,207967976,122
20468262000192,202607,210518874,124
20468262000192,HOJE,210833754,122
20468456000198,202512,512534318,126
20468456000198,202601,518778714,126
20468456000198,202602,523362421,124
20468456000198,202603,514637505,123
20468456000198,202604,517488994,122
20468456000198,202605,533335673,121
20468456000198,202606,542301245,122
20468456000198,202607,551178240,124
20468456000198,HOJE,552561948,122
20468779000181,202512,10860236,126
20468779000181,202601,9798922,126
20468779000181,202602,9055626,124
20468779000181,202603,8572707,123
20468779000181,202604,8036053,122
20468779000181,202605,7415941,121
20468779000181,202606,6837682,122
20468779000181,202607,6177057,124
20468779000181,HOJE,6063733,122
20485412000176,202512,253287107,126
20485412000176,202601,256710104,124
20485412000176,202602,259387357,122
20485412000176,202603,260360063,121
20485412000176,202604,260262347,120
20485412000176,202605,258298097,119
20485412000176,202606,248849923,120
20485412000176,202607,228721625,124
20485412000176,HOJE,226257197,122
20519416000128,202512,284271542,126
20519416000128,202601,287892678,126
20519416000128,202602,288334117,124
20519416000128,202603,288511303,123
20519416000128,202604,288533819,122
20519416000128,202605,288638854,121
20519416000128,202606,293679775,122
20519416000128,202607,300694958,124
20519416000128,HOJE,302182153,122
20519417000172,202512,91885461,126
20519417000172,202601,92896590,126
20519417000172,202602,93819913,124
20519417000172,202603,94875683,123
20519417000172,202604,94441618,122
20519417000172,202605,92921861,121
20519417000172,202606,91338599,122
20519417000172,202607,89674481,124
20519417000172,HOJE,89413397,122
20584638000124,202512,9353905,126
20584638000124,202601,9155503,126
20584638000124,202602,9072014,124
20584638000124,202603,8957513,123
20584638000124,202604,8745378,122
20584638000124,202605,8411349,121
20584638000124,202606,8108105,122
20584638000124,202607,7645996,124
20584638000124,HOJE,7579114,122
20726178000121,202512,65167131,126
20726178000121,202601,64300166,126
20726178000121,202602,63497242,124
20726178000121,202603,61965982,123
20726178000121,202604,60243819,122
20726178000121,202605,58754312,121
20726178000121,202606,57278031,122
20726178000121,202607,55746714,124
20726178000121,HOJE,55497963,121
20833920000106,202512,1160396568,126
20833920000106,202601,1156705847,126
20833920000106,202602,1154048676,124
20833920000106,202603,1123066228,123
20833920000106,202604,1093373840,122
20833920000106,202605,1043670727,121
20833920000106,202606,992330682,122
20833920000106,202607,940839586,124
20833920000106,HOJE,935311421,121
20833938000108,202512,1004851864,126
20833938000108,202601,1016971076,126
20833938000108,202602,1027784363,124
20833938000108,202603,1042046827,123
20833938000108,202604,1055998479,122
20833938000108,202605,1070022800,121
20833938000108,202606,1083095916,122
20833938000108,202607,1096603725,124
20833938000108,HOJE,1098531100,122
20833940000179,202512,89430452,126
20833940000179,202601,90463974,126
20833940000179,202602,91431487,124
20833940000179,202603,92528171,123
20833940000179,202604,93553537,122
20833940000179,202605,94536003,121
20833940000179,202606,95440644,122
20833940000179,202607,96439491,124
20833940000179,HOJE,96548726,121
20879578000177,202512,1469808437,126
20879578000177,202601,1487071530,126
20879578000177,202602,1499811969,124
20879578000177,202603,1496288246,123
20879578000177,202604,1477794144,122
20879578000177,202605,1426852895,121
20879578000177,202606,1387598971,122
20879578000177,202607,1340870921,124
20879578000177,HOJE,1334156538,122
20887247000189,202512,690773562,126
20887247000189,202601,696144459,126
20887247000189,202602,700902957,124
20887247000189,202603,706542372,123
20887247000189,202604,710915632,122
20887247000189,202605,715184753,121
20887247000189,202606,719177897,122
20887247000189,202607,723104190,124
20887247000189,HOJE,723651933,122
20889217000101,202512,1115540295,126
20889217000101,202601,1124061438,126
20889217000101,202602,1131605402,124
20889217000101,202603,1142906321,123
20889217000101,202604,1153790170,122
20889217000101,202605,1170248719,121
20889217000101,202606,1185484874,122
20889217000101,202607,1200801273,124
20889217000101,HOJE,1203056208,122
20889471000100,202512,415307995,126
20889471000100,202601,403105013,126
20889471000100,202602,393680600,124
20889471000100,202603,385231974,123
20889471000100,202604,381634052,122
20889471000100,202605,382040824,121
20889471000100,202606,382662211,122
20889471000100,202607,382366355,124
20889471000100,HOJE,382324263,122
20889498000100,202512,20410206,126
20889498000100,202601,20642256,126
20889498000100,202602,20853167,124
20889498000100,202603,21103487,123
20889498000100,202604,21331085,122
20889498000100,202605,21562650,121
20889498000100,202606,21792162,122
20889498000100,202607,22040979,124
20889498000100,HOJE,22075056,122
20889637000198,202512,321039007,126
20889637000198,202601,325919899,126
20889637000198,202602,330798674,124
20889637000198,202603,335294285,123
20889637000198,202604,337400922,122
20889637000198,202605,338478997,121
20889637000198,202606,339015961,122
20889637000198,202607,339583454,124
20889637000198,HOJE,339503968,122
20969330000105,202512,80608965,126
20969330000105,202601,78089981,126
20969330000105,202602,74277844,124
20969330000105,202603,68919971,123
20969330000105,202604,64117367,122
20969330000105,202605,60451193,121
20969330000105,202606,56662421,122
20969330000105,202607,49528026,124
20969330000105,HOJE,48669733,122
21015780000113,202512,57440834,126
21015780000113,202601,57639794,126
21015780000113,202602,57337434,124
21015780000113,202603,56418526,123
21015780000113,202604,55335952,122
21015780000113,202605,56009854,121
21015780000113,202606,57640752,122
21015780000113,202607,60535806,124
21015780000113,HOJE,60789056,122
21040600000153,202512,963586076,126
21040600000153,202601,935434754,126
21040600000153,202602,912602217,124
21040600000153,202603,886455261,123
21040600000153,202604,860823052,122
21040600000153,202605,839206952,121
21040600000153,202606,823738753,122
21040600000153,202607,805940469,124
21040600000153,HOJE,803680928,121
21082099000198,202512,246194870,126
21082099000198,202601,241978522,126
21082099000198,202602,238003484,124
21082099000198,202603,232914892,123
21082099000198,202604,233953724,122
21082099000198,202605,239140577,121
21082099000198,202606,243731210,122
21082099000198,202607,248611843,124
21082099000198,HOJE,249331198,122
21336427000135,202512,1392279448,126
21336427000135,202601,1376346683,126
21336427000135,202602,1366785367,124
21336427000135,202603,1356184326,123
21336427000135,202604,1346909224,122
21336427000135,202605,1341461466,121
21336427000135,202606,1339069891,122
21336427000135,202607,1339421833,124
21336427000135,HOJE,1339366758,122
21336440000194,202512,1784819712,125
21336440000194,202601,1777386478,125
21336440000194,202602,1770128177,123
21336440000194,202603,1757331519,122
21336440000194,202604,1738314045,122
21336440000194,202605,1719525403,121
21336440000194,202606,1697995269,122
21336440000194,202607,1674021045,124
21336440000194,HOJE,1670342129,122
21596021000191,202512,160007871,126
21596021000191,202601,147366627,126
21596021000191,202602,137224969,124
21596021000191,202603,127147398,123
21596021000191,202604,118563092,122
21596021000191,202605,110941678,121
21596021000191,202606,108795952,122
21596021000191,202607,107479297,124
21596021000191,HOJE,107241353,122
21613158000107,202512,160712731,125
21613158000107,202601,162607632,125
21613158000107,202602,164281257,123
21613158000107,202603,166242677,122
21613158000107,202604,167906747,122
21613158000107,202605,169829678,121
21613158000107,202606,171936635,122
21613158000107,202607,174216420,124
21613158000107,HOJE,174566832,122
21762085000115,202512,517460121,126
21762085000115,202601,531440726,126
21762085000115,202602,547774729,124
21762085000115,202603,567552343,123
21762085000115,202604,584766394,122
21762085000115,202605,602946104,121
21762085000115,202606,617796427,122
21762085000115,202607,634037290,124
21762085000115,HOJE,635444108,121
21791224000139,202512,94578731,126
21791224000139,202601,95708490,126
21791224000139,202602,95190914,124
21791224000139,202603,94239181,123
21791224000139,202604,93349478,122
21791224000139,202605,92382300,121
21791224000139,202606,91391112,122
21791224000139,202607,90452303,124
21791224000139,HOJE,90409479,122
21888723000149,202512,3124570023,126
21888723000149,202601,3135415853,126
21888723000149,202602,3148342100,124
21888723000149,202603,3170800468,123
21888723000149,202604,3191238140,122
21888723000149,202605,3214770949,121
21888723000149,202606,3231264190,122
21888723000149,202607,3235887365,124
21888723000149,HOJE,3236245472,122
22013612000151,202512,78701977,126
22013612000151,202601,79682906,126
22013612000151,202602,80705052,124
22013612000151,202603,81728129,123
22013612000151,202604,82674097,122
22013612000151,202605,83507967,121
22013612000151,202606,84222271,122
22013612000151,202607,87022268,124
22013612000151,HOJE,87246466,121
22041150000186,202512,382949224,126
22041150000186,202601,360843241,126
22041150000186,202602,343601359,124
22041150000186,202603,328034458,123
22041150000186,202604,319328095,122
22041150000186,202605,314844964,121
22041150000186,202606,312242563,122
22041150000186,202607,310635505,124
22041150000186,HOJE,310307134,121
22118303000146,202512,128827358,126
22118303000146,202601,128907169,126
22118303000146,202602,128959325,124
22118303000146,202603,130423337,123
22118303000146,202604,131142123,122
22118303000146,202605,127893885,121
22118303000146,202606,124480122,122
22118303000146,202607,120578791,124
22118303000146,HOJE,120082195,121
22232878000195,202512,1596754829,126
22232878000195,202601,1604697796,126
22232878000195,202602,1604658500,124
22232878000195,202603,1601645990,123
22232878000195,202604,1594261090,122
22232878000195,202605,1602347712,121
22232878000195,202606,1616414706,122
22232878000195,202607,1633728680,124
22232878000195,HOJE,1636041877,122
22232929000189,202512,27953416,126
22232929000189,202601,27187683,126
22232929000189,202602,26570302,124
22232929000189,202603,26242887,123
22232929000189,202604,26373386,122
22232929000189,202605,26948266,121
22232929000189,202606,28058385,122
22232929000189,202607,29468509,124
22232929000189,HOJE,29666113,122
22759995000101,202512,51238666,126
22759995000101,202601,55519772,126
22759995000101,202602,60029018,124
22759995000101,202603,65777057,123
22759995000101,202604,68295143,122
22759995000101,202605,68601313,121
22759995000101,202606,67648795,122
22759995000101,202607,65405630,124
22759995000101,HOJE,65013255,122
22985070000189,202512,266156725,126
22985070000189,202601,251986749,126
22985070000189,202602,244539052,124
22985070000189,202603,239373361,123
22985070000189,202604,236162153,122
22985070000189,202605,233578756,121
22985070000189,202606,233372538,122
22985070000189,202607,223868032,124
22985070000189,HOJE,222437935,121
23034963000101,202512,788363994,126
23034963000101,202601,787814108,126
23034963000101,202602,785009531,124
23034963000101,202603,776542241,123
23034963000101,202604,770665938,122
23034963000101,202605,764233649,121
23034963000101,202606,755438115,122
23034963000101,202607,746422850,124
23034963000101,HOJE,745101549,122
23186354000178,202512,15481286,126
23186354000178,202601,15369070,126
23186354000178,202602,15278733,124
23186354000178,202603,15149201,123
23186354000178,202604,15037090,122
23186354000178,202605,14931438,121
23186354000178,202606,14813876,122
23186354000178,202607,14688833,124
23186354000178,HOJE,14664737,122
23225882000199,202512,113573169,126
23225882000199,202601,111755837,126
23225882000199,202602,110943997,124
23225882000199,202603,110745866,123
23225882000199,202604,112291950,122
23225882000199,202605,116910510,121
23225882000199,202606,125396042,122
23225882000199,202607,138137339,124
23225882000199,HOJE,139841330,122
23225888000166,202512,378909265,126
23225888000166,202601,380659120,126
23225888000166,202602,381231129,124
23225888000166,202603,381894390,123
23225888000166,202604,381720971,122
23225888000166,202605,378981841,121
23225888000166,202606,374779561,122
23225888000166,202607,368651107,124
23225888000166,HOJE,367819191,122
23272391000107,202512,198708093,126
23272391000107,202601,188368891,126
23272391000107,202602,178540788,124
23272391000107,202603,166800307,123
23272391000107,202604,157796418,122
23272391000107,202605,146475157,121
23272391000107,202606,134069826,122
23272391000107,202607,120929777,124
23272391000107,HOJE,119489745,121
23376623000169,202512,73407358,126
23376623000169,202601,72985620,126
23376623000169,202602,73281223,124
23376623000169,202603,73880386,123
23376623000169,202604,74118011,122
23376623000169,202605,74626080,121
23376623000169,202606,75365784,122
23376623000169,202607,75377882,124
23376623000169,HOJE,75358601,121
23502713000159,202512,238886370,126
23502713000159,202601,231737867,126
23502713000159,202602,229217616,124
23502713000159,202603,228466450,123
23502713000159,202604,229800512,122
23502713000159,202605,230661364,121
23502713000159,202606,231818280,122
23502713000159,202607,232139519,124
23502713000159,HOJE,232158049,122
23556180000198,202512,2286024272,126
23556180000198,202601,2312237156,126
23556180000198,202602,2334714251,124
23556180000198,202603,2352591304,123
23556180000198,202604,2353180006,122
23556180000198,202605,2325095525,121
23556180000198,202606,2280820274,122
23556180000198,202607,2225818135,124
23556180000198,HOJE,2219971710,121
23556204000109,202512,4586164839,126
23556204000109,202601,4494722899,126
23556204000109,202602,4411215339,124
23556204000109,202603,4287788710,123
23556204000109,202604,4119715570,122
23556204000109,202605,3930587292,121
23556204000109,202606,3745221882,122
23556204000109,202607,3548902536,124
23556204000109,HOJE,3523586787,121
23631350000151,202512,13786135,126
23631350000151,202601,13901061,126
23631350000151,202602,14026385,124
23631350000151,202603,14167868,122
23631350000151,202604,14322224,121
23631350000151,202605,14458046,120
23631350000151,202606,14577757,121
23631350000151,202607,14705081,123
23631350000151,HOJE,14720318,121
23668524000150,202512,1240792763,126
23668524000150,202601,1244145861,126
23668524000150,202602,1243893622,124
23668524000150,202603,1227148123,123
23668524000150,202604,1239466052,122
23668524000150,202605,1246167907,121
23668524000150,202606,1316092703,122
23668524000150,202607,1405872325,124
23668524000150,HOJE,1417390933,122
23714022000119,202512,797039168,126
23714022000119,202601,808727600,126
23714022000119,202602,822066289,124
23714022000119,202603,836284451,123
23714022000119,202604,847192512,122
23714022000119,202605,855659386,121
23714022000119,202606,859903562,122
23714022000119,202607,859038851,124
23714022000119,HOJE,858488609,122
23731475000153,202512,27860053,126
23731475000153,202601,28013733,126
23731475000153,202602,28193683,124
23731475000153,202603,28384797,123
23731475000153,202604,28513800,122
23731475000153,202605,28596690,121
23731475000153,202606,28633602,122
23731475000153,202607,28582841,119
23731475000153,HOJE,28583458,115
23731558000142,202512,8382331254,126
23731558000142,202601,4290431392,126
23731558000142,202602,1827541027,124
23731558000142,202603,1879428319,123
23731558000142,202604,2032387700,122
23731558000142,202605,2138129977,121
23731558000142,202606,1371794176,122
23731558000142,202607,1106066526,124
23731558000142,HOJE,1073877643,122
23738226000190,202512,3849463925,126
23738226000190,202601,3721980033,126
23738226000190,202602,3618043590,124
23738226000190,202603,3509067267,123
23738226000190,202604,3364618818,122
23738226000190,202605,3204800238,121
23738226000190,202606,3033489618,122
23738226000190,202607,2833783865,124
23738226000190,HOJE,2808283452,121
23748539000129,202512,200069588,126
23748539000129,202601,197523136,126
23748539000129,202602,193309619,124
23748539000129,202603,187976968,123
23748539000129,202604,181718794,122
23748539000129,202605,168165405,121
23748539000129,202606,155504107,122
23748539000129,202607,145702513,124
23748539000129,HOJE,144642067,122
23781888000142,202512,64342706,126
23781888000142,202601,64946670,126
23781888000142,202602,65493044,124
23781888000142,202603,66130752,123
23781888000142,202604,66717926,122
23781888000142,202605,67308671,121
23781888000142,202606,67883140,122
23781888000142,202607,68518916,124
23781888000142,HOJE,68606415,122
23884614000189,202512,35444784,126
23884614000189,202601,35895380,126
23884614000189,202602,36318003,124
23884614000189,202603,36668967,123
23884614000189,202604,36844018,122
23884614000189,202605,37065655,121
23884614000189,202606,37356608,122
23884614000189,202607,37720601,124
23884614000189,HOJE,37749356,122
23884659000153,202512,31961250,126
23884659000153,202601,32963470,126
23884659000153,202602,33886714,124
23884659000153,202603,34895640,123
23884659000153,202604,35684597,122
23884659000153,202605,36523971,121
23884659000153,202606,37355925,122
23884659000153,202607,37681837,124
23884659000153,HOJE,37710398,122
24011864000177,202512,457019163,126
24011864000177,202601,459096531,126
24011864000177,202602,460103752,124
24011864000177,202603,460952270,123
24011864000177,202604,462334084,122
24011864000177,202605,461869570,121
24011864000177,202606,461169383,122
24011864000177,202607,462928468,124
24011864000177,HOJE,463328176,122
24068085000108,202512,80089929,126
24068085000108,202601,80254353,126
24068085000108,202602,80873184,124
24068085000108,202603,81749650,123
24068085000108,202604,82783964,122
24068085000108,202605,85407950,121
24068085000108,202606,88277928,122
24068085000108,202607,91367128,123
24068085000108,HOJE,91735200,120
24215239000147,202512,1982965084,126
24215239000147,202601,1998800236,126
24215239000147,202602,1993045730,124
24215239000147,202603,1980932625,123
24215239000147,202604,1969398448,122
24215239000147,202605,1956399329,121
24215239000147,202606,1943859474,122
24215239000147,202607,1905153666,124
24215239000147,HOJE,1902232099,122
24215307000178,202512,1567555638,126
24215307000178,202601,1561421318,126
24215307000178,202602,1559114905,124
24215307000178,202603,1556927183,123
24215307000178,202604,1549597942,122
24215307000178,202605,1539140146,121
24215307000178,202606,1547365788,122
24215307000178,202607,1529266979,124
24215307000178,HOJE,1526803812,122
24248223000130,202512,49629133,126
24248223000130,202601,45789854,126
24248223000130,202602,43733508,124
24248223000130,202603,41226593,123
24248223000130,202604,39124973,122
24248223000130,202605,36467245,121
24248223000130,202606,33187131,120
24248223000130,202607,32261149,99
24248223000130,HOJE,32028345,95
24270834000185,202512,200603146,126
24270834000185,202601,192786948,126
24270834000185,202602,182970124,124
24270834000185,202603,167487089,123
24270834000185,202604,153433495,122
24270834000185,202605,143186918,121
24270834000185,202606,135541266,122
24270834000185,202607,127158097,124
24270834000185,HOJE,125703332,122
24444154000130,202512,633234279,126
24444154000130,202601,623102695,126
24444154000130,202602,613284228,124
24444154000130,202603,601458622,123
24444154000130,202604,590869398,122
24444154000130,202605,577717762,121
24444154000130,202606,562860695,122
24444154000130,202607,548996362,124
24444154000130,HOJE,547530841,121
24552346000160,202512,10473782,126
24552346000160,202601,10251450,126
24552346000160,202602,10073225,124
24552346000160,202603,9892807,123
24552346000160,202604,9733251,122
24552346000160,202605,9571369,121
24552346000160,202606,9369397,122
24552346000160,202607,9138396,124
24552346000160,HOJE,9103577,122
24552905000132,202512,1325115354,126
24552905000132,202601,1387247777,126
24552905000132,202602,1394468490,124
24552905000132,202603,1362177103,123
24552905000132,202604,1314757942,122
24552905000132,202605,1276397905,121
24552905000132,202606,1247046860,122
24552905000132,202607,1227111377,124
24552905000132,HOJE,1226635429,122
24572511000146,202512,147929360,126
24572511000146,202601,149927437,126
24572511000146,202602,152087666,124
24572511000146,202603,155081785,123
24572511000146,202604,159321118,122
24572511000146,202605,163231772,121
24572511000146,202606,165044228,122
24572511000146,202607,167797538,124
24572511000146,HOJE,168128258,121
24601713000179,202512,184079860,126
24601713000179,202601,197567869,126
24601713000179,202602,201350424,124
24601713000179,202603,193018825,123
24601713000179,202604,181070631,122
24601713000179,202605,166610183,121
24601713000179,202606,146993952,122
24601713000179,202607,126084551,124
24601713000179,HOJE,122666693,121
24658649000162,202512,454961567,121
24658649000162,202601,456957669,121
24658649000162,202602,461357680,119
24658649000162,202603,465216086,118
24658649000162,202604,466707482,117
24658649000162,202605,463233571,121
24658649000162,202606,456904714,122
24658649000162,202607,446713533,124
24658649000162,HOJE,444965223,122
24986620000100,202512,89694254,126
24986620000100,202601,73820200,126
24986620000100,202602,65324648,124
24986620000100,202603,65891062,123
24986620000100,202604,66400756,122
24986620000100,202605,66450084,121
24986620000100,202606,64368629,122
24986620000100,202607,57456097,124
24986620000100,HOJE,56378850,122
25036659000129,202512,35231953,126
25036659000129,202601,35520239,126
25036659000129,202602,35784854,124
25036659000129,202603,36061185,123
25036659000129,202604,36262450,122
25036659000129,202605,36462738,121
25036659000129,202606,36657334,122
25036659000129,202607,36883580,124
25036659000129,HOJE,36905993,121
25079461000122,202512,41143789,126
25079461000122,202601,40778458,126
25079461000122,202602,40554673,124
25079461000122,202603,40387080,123
25079461000122,202604,40861169,121
25079461000122,202605,39015917,120
25079461000122,202606,39033441,121
25079461000122,202607,38290832,120
25079461000122,HOJE,38256797,117
25097707000199,202512,1791139298,126
25097707000199,202601,1730495659,126
25097707000199,202602,1677919813,124
25097707000199,202603,1609408445,123
25097707000199,202604,1553308846,122
25097707000199,202605,1500180986,121
25097707000199,202606,1458487578,122
25097707000199,202607,1422210496,124
25097707000199,HOJE,1416680763,122
25234711000151,202512,8855692836,126
25234711000151,202601,8804876961,126
25234711000151,202602,8755332191,124
25234711000151,202603,8738366554,123
25234711000151,202604,8786873545,122
25234711000151,202605,8830036444,121
25234711000151,202606,8911050942,122
25234711000151,202607,8985178948,124
25234711000151,HOJE,8992707119,122
25307339000166,202512,958243431,126
25307339000166,202601,959414980,126
25307339000166,202602,958044605,124
25307339000166,202603,954184176,123
25307339000166,202604,953763410,122
25307339000166,202605,954279679,121
25307339000166,202606,953209630,122
25307339000166,202607,952557391,124
25307339000166,HOJE,952465895,122
25341064000187,202512,44490159034,126
25341064000187,202601,45672448717,126
25341064000187,202602,46645231612,124
25341064000187,202603,48054893382,123
25341064000187,202604,49442181829,122
25341064000187,202605,50967058792,121
25341064000187,202606,52018573344,122
25341064000187,202607,52820515920,124
25341064000187,HOJE,52951471282,122
25682025000143,202512,33099618,126
25682025000143,202601,32458075,126
25682025000143,202602,32019553,124
25682025000143,202603,31630804,123
25682025000143,202604,31782734,122
25682025000143,202605,33498303,121
25682025000143,202606,36029594,122
25682025000143,202607,38789604,124
25682025000143,HOJE,39168070,122
26142614000100,202512,37756925,126
26142614000100,202601,37534868,126
26142614000100,202602,37112136,124
26142614000100,202603,36688671,123
26142614000100,202604,36275705,122
26142614000100,202605,35916793,121
26142614000100,202606,35464287,122
26142614000100,202607,34819541,124
26142614000100,HOJE,34723234,122
26143135000108,202512,20031712,126
26143135000108,202601,20280432,126
26143135000108,202602,20511303,124
26143135000108,202603,20784440,123
26143135000108,202604,21037121,122
26143135000108,202605,21262624,121
26143135000108,202606,21467483,122
26143135000108,202607,21691280,124
26143135000108,HOJE,21722582,122
26171796000139,202512,662575159,126
26171796000139,202601,634372659,126
26171796000139,202602,605578608,124
26171796000139,202603,565833269,123
26171796000139,202604,519944891,122
26171796000139,202605,466199746,121
26171796000139,202606,409533533,122
26171796000139,202607,348127835,124
26171796000139,HOJE,341169542,121
26171840000100,202512,128004587,126
26171840000100,202601,129998723,126
26171840000100,202602,131382708,124
26171840000100,202603,133652202,123
26171840000100,202604,135706358,122
26171840000100,202605,138290170,121
26171840000100,202606,142008363,122
26171840000100,202607,145153249,124
26171840000100,HOJE,145475621,121
26173277000100,202512,22627907,126
26173277000100,202601,22649228,126
26173277000100,202602,22738296,124
26173277000100,202603,22863281,123
26173277000100,202604,22999645,122
26173277000100,202605,23017881,121
26173277000100,202606,22989743,122
26173277000100,202607,22988947,124
26173277000100,HOJE,22990605,122
26173300000166,202512,15131274,126
26173300000166,202601,15162830,126
26173300000166,202602,14676671,124
26173300000166,202603,35507313,123
26173300000166,202604,36394297,122
26173300000166,202605,33281417,121
26173300000166,202606,28771160,122
26173300000166,202607,23978188,124
26173300000166,HOJE,24400665,122
26313371000117,202512,70129697,125
26313371000117,202601,70827879,125
26313371000117,202602,71461733,123
26313371000117,202603,72204612,122
26313371000117,202604,72855543,122
26313371000117,202605,73567766,121
26313371000117,202606,74301076,122
26313371000117,202607,75091333,124
26313371000117,HOJE,75199456,122
26313391000198,202512,134580125,126
26313391000198,202601,130788494,126
26313391000198,202602,126127528,124
26313391000198,202603,125702979,123
26313391000198,202604,125171162,122
26313391000198,202605,124639839,121
26313391000198,202606,115306033,122
26313391000198,202607,100951231,124
26313391000198,HOJE,99858892,121
26324274000120,202512,2806401313,126
26324274000120,202601,2837374324,126
26324274000120,202602,2872731883,124
26324274000120,202603,2943057179,123
26324274000120,202604,3007111453,122
26324274000120,202605,3071275262,121
26324274000120,202606,3135624866,122
26324274000120,202607,3200351434,124
26324274000120,HOJE,3208943154,122
26324289000198,202512,2518982087,126
26324289000198,202601,2515914247,126
26324289000198,202602,2517680102,124
26324289000198,202603,2515143060,123
26324289000198,202604,2505447183,122
26324289000198,202605,2487290197,121
26324289000198,202606,2461425169,122
26324289000198,202607,2438914734,124
26324289000198,HOJE,2435305683,122
26362496000137,202512,195460950,109
26362496000137,202601,206708112,109
26362496000137,202602,216072259,107
26362496000137,202603,229913098,106
26362496000137,202604,238646520,90
26362496000137,202605,241217469,88
26362496000137,202606,249004931,71
26362496000137,202607,256474944,58
26362496000137,HOJE,257496041,54
26370161000160,202512,17331356,126
26370161000160,202601,17593230,126
26370161000160,202602,17923447,124
26370161000160,202603,18334145,123
26370161000160,202604,18536316,122
26370161000160,202605,18698830,121
26370161000160,202606,18859449,122
26370161000160,202607,19060830,124
26370161000160,HOJE,19096822,122
26374791000103,202512,10102354,126
26374791000103,202601,10096618,126
26374791000103,202602,10095948,124
26374791000103,202603,10093155,123
26374791000103,202604,10092805,122
26374791000103,202605,10091932,121
26374791000103,202606,10086012,122
26374791000103,202607,10084443,124
26374791000103,HOJE,10084899,122
26405893000149,202512,20167213,124
26405893000149,202601,20388813,124
26405893000149,202602,20593268,122
26405893000149,202603,20827883,121
26405893000149,202604,21053996,120
26405893000149,202605,21282331,119
26405893000149,202606,21502434,120
26405893000149,202607,21745914,121
26405893000149,HOJE,21768524,117
26491419000187,202512,5187503612,126
26491419000187,202601,5419166908,126
26491419000187,202602,5650638108,124
26491419000187,202603,5954916236,123
26491419000187,202604,6222958693,122
26491419000187,202605,6436468324,121
26491419000187,202606,6614223376,122
26491419000187,202607,6778572069,124
26491419000187,HOJE,6801157729,122
26498249000162,202512,348890529,126
26498249000162,202601,250360936,126
26498249000162,202602,178286515,124
26498249000162,202603,120064704,123
26498249000162,202604,91981407,122
26498249000162,202605,78597141,121
26498249000162,202606,72353116,122
26498249000162,202607,67041828,124
26498249000162,HOJE,66419750,121
26525450000191,202512,102160068,126
26525450000191,202601,93647102,126
26525450000191,202602,81810958,124
26525450000191,202603,67674114,123
26525450000191,202604,58283454,122
26525450000191,202605,50471128,121
26525450000191,202606,47183383,122
26525450000191,202607,43974168,124
26525450000191,HOJE,44023182,121
26541175000108,202512,58113944,126
26541175000108,202601,55727907,126
26541175000108,202602,53581765,124
26541175000108,202603,51013835,123
26541175000108,202604,48814874,122
26541175000108,202605,46293925,121
26541175000108,202606,41087773,116
26541175000108,202607,39510723,95
26541175000108,HOJE,39173484,91
26605199000175,202512,108815000,126
26605199000175,202601,107344838,126
26605199000175,202602,105079142,124
26605199000175,202603,100585495,123
26605199000175,202604,97823745,122
26605199000175,202605,94572204,121
26605199000175,202606,92012583,122
26605199000175,202607,88968760,124
26605199000175,HOJE,88345512,122
26664935000166,202512,10020598,126
26664935000166,202601,9515170,126
26664935000166,202602,9141163,124
26664935000166,202603,8662089,123
26664935000166,202604,8230316,122
26664935000166,202605,7853756,121
26664935000166,202606,7593877,122
26664935000166,202607,7303912,124
26664935000166,HOJE,7268370,122
26703080000135,202512,26221043,126
26703080000135,202601,26454484,126
26703080000135,202602,26831569,124
26703080000135,202603,26645349,123
26703080000135,202604,26777890,122
26703080000135,202605,26690156,120
26703080000135,202606,26499982,121
26703080000135,202607,26287174,123
26703080000135,HOJE,26179400,121
26725116000181,202512,23595149,126
26725116000181,202601,23548826,126
26725116000181,202602,23781141,124
26725116000181,202603,23994964,123
26725116000181,202604,24182581,122
26725116000181,202605,24285633,121
26725116000181,202606,24318889,122
26725116000181,202607,24363655,124
26725116000181,HOJE,24360348,121
26725148000187,202512,23457696,126
26725148000187,202601,23676043,126
26725148000187,202602,23878450,124
26725148000187,202603,24111837,123
26725148000187,202604,24281845,122
26725148000187,202605,24449627,121
26725148000187,202606,24616884,122
26725148000187,202607,24795440,124
26725148000187,HOJE,24814201,121
26751126000191,202512,307554410,126
26751126000191,202601,309824230,126
26751126000191,202602,312076008,124
26751126000191,202603,305431540,123
26751126000191,202604,288706018,122
26751126000191,202605,263288473,121
26751126000191,202606,234793205,122
26751126000191,202607,205100764,124
26751126000191,HOJE,201232978,121
26773252000147,202512,58125869,126
26773252000147,202601,58742096,126
26773252000147,202602,59461826,124
26773252000147,202603,60021305,123
26773252000147,202604,60563139,122
26773252000147,202605,60948325,121
26773252000147,202606,60594931,122
26773252000147,202607,58191667,124
26773252000147,HOJE,58151083,122
26803233000116,202512,2695995136,126
26803233000116,202601,2884484495,126
26803233000116,202602,3053842572,124
26803233000116,202603,3210358092,123
26803233000116,202604,3263663128,122
26803233000116,202605,3248297643,121
26803233000116,202606,3198227984,122
26803233000116,202607,3119090644,124
26803233000116,HOJE,3109320769,121
26845906000109,202512,1256949570,126
26845906000109,202601,1262128889,126
26845906000109,202602,1263848831,124
26845906000109,202603,1265295632,123
26845906000109,202604,1265141555,122
26845906000109,202605,1264626720,121
26845906000109,202606,1264891183,122
26845906000109,202607,1273020630,124
26845906000109,HOJE,1274688142,122
26861544000131,202512,12481957,126
26861544000131,202601,12590477,126
26861544000131,202602,12692901,124
26861544000131,202603,12813177,123
26861544000131,202604,12926205,122
26861544000131,202605,13017160,121
26861544000131,202606,13035049,122
26861544000131,202607,13058710,124
26861544000131,HOJE,13063266,122
26978438000132,202512,1572337725,126
26978438000132,202601,1577817325,126
26978438000132,202602,1575314368,124
26978438000132,202603,1557481116,123
26978438000132,202604,1523381781,122
26978438000132,202605,1482431643,121
26978438000132,202606,1440047813,122
26978438000132,202607,1397239661,124
26978438000132,HOJE,1392252054,121
27036368000166,202512,83394336,126
27036368000166,202601,80012639,126
27036368000166,202602,78496603,124
27036368000166,202603,77322259,123
27036368000166,202604,76202584,122
27036368000166,202605,72794245,121
27036368000166,202606,68948257,122
27036368000166,202607,63741340,124
27036368000166,HOJE,63053672,122
27250788000140,202512,215586107,126
27250788000140,202601,217750659,126
27250788000140,202602,219896415,124
27250788000140,202603,221599666,123
27250788000140,202604,222806121,122
27250788000140,202605,223093178,121
27250788000140,202606,222926594,122
27250788000140,202607,222821327,124
27250788000140,HOJE,222736012,122
27293743000153,202512,205784737,126
27293743000153,202601,207034324,126
27293743000153,202602,208334394,124
27293743000153,202603,210989169,123
27293743000153,202604,214450530,122
27293743000153,202605,217327147,121
27293743000153,202606,219371032,122
27293743000153,202607,221474656,124
27293743000153,HOJE,221764494,122
27565982000115,202512,30096611,126
27565982000115,202601,30348204,126
27565982000115,202602,30630320,124
27565982000115,202603,30865365,123
27565982000115,202604,31086306,122
27565982000115,202605,31228997,121
27565982000115,202606,31309769,122
27565982000115,202607,31406066,124
27565982000115,HOJE,31408176,122
27566032000105,202512,23579111,126
27566032000105,202601,24345033,126
27566032000105,202602,25152697,124
27566032000105,202603,26108845,123
27566032000105,202604,27024608,122
27566032000105,202605,27942767,121
27566032000105,202606,28811823,122
27566032000105,202607,29154852,124
27566032000105,HOJE,29184336,122
27782888000118,202512,28058236,126
27782888000118,202601,28142964,126
27782888000118,202602,28251960,124
27782888000118,202603,28273598,123
27782888000118,202604,28270994,121
27782888000118,202605,28252747,120
27782888000118,202606,28147660,121
27782888000118,202607,27963517,120
27782888000118,HOJE,27917330,118
27826059000190,202512,247494095,126
27826059000190,202601,258472595,126
27826059000190,202602,265389003,124
27826059000190,202603,267884650,123
27826059000190,202604,269210125,122
27826059000190,202605,265789797,121
27826059000190,202606,260771417,122
27826059000190,202607,255108284,124
27826059000190,HOJE,254266972,122
27880363000115,202512,109940053,126
27880363000115,202601,109137907,126
27880363000115,202602,107175241,124
27880363000115,202603,104353912,123
27880363000115,202604,101729127,122
27880363000115,202605,98673743,121
27880363000115,202606,95474826,122
27880363000115,202607,94024200,124
27880363000115,HOJE,94013077,121
27883656000156,202512,464065283,126
27883656000156,202601,470112797,126
27883656000156,202602,476591458,124
27883656000156,202603,484776314,123
27883656000156,202604,495375920,122
27883656000156,202605,506174674,121
27883656000156,202606,516185379,122
27883656000156,202607,525385866,124
27883656000156,HOJE,526166523,120
27927529000101,202512,27877918,126
27927529000101,202601,26668268,126
27927529000101,202602,25229912,124
27927529000101,202603,23485126,123
27927529000101,202604,21856731,122
27927529000101,202605,20706316,121
27927529000101,202606,20845225,122
27927529000101,202607,20997500,124
27927529000101,HOJE,21013833,122
27928267000108,202512,142764713,126
27928267000108,202601,138659137,126
27928267000108,202602,136386509,124
27928267000108,202603,133483543,123
27928267000108,202604,129990061,122
27928267000108,202605,125360851,121
27928267000108,202606,120281587,122
27928267000108,202607,114252197,124
27928267000108,HOJE,113255489,122
27974854000125,202512,22165388,126
27974854000125,202601,22364510,126
27974854000125,202602,22560973,124
27974854000125,202603,22787344,123
27974854000125,202604,23025346,122
27974854000125,202605,23233736,121
27974854000125,202606,23408239,122
27974854000125,202607,23602117,124
27974854000125,HOJE,23628803,122
28206220000195,202512,415930128,126
28206220000195,202601,429291987,126
28206220000195,202602,440197062,124
28206220000195,202603,449104690,123
28206220000195,202604,454534651,122
28206220000195,202605,467474623,121
28206220000195,202606,482981154,122
28206220000195,202607,502258348,124
28206220000195,HOJE,505224815,122
28259415000101,202512,107934268,126
28259415000101,202601,106625875,126
28259415000101,202602,105901893,124
28259415000101,202603,105233210,123
28259415000101,202604,104480818,122
28259415000101,202605,104067472,121
28259415000101,202606,103636934,122
28259415000101,202607,102797045,124
28259415000101,HOJE,102657607,121
28320857000108,202512,2846588621,126
28320857000108,202601,2889563180,126
28320857000108,202602,2957211565,124
28320857000108,202603,3071487975,123
28320857000108,202604,3166633977,122
28320857000108,202605,3219572045,121
28320857000108,202606,3234577336,122
28320857000108,202607,3215673644,124
28320857000108,HOJE,3212144387,122
28454176000132,202512,205330737,126
28454176000132,202601,207360784,126
28454176000132,202602,209641253,124
28454176000132,202603,211481785,123
28454176000132,202604,212913558,122
28454176000132,202605,213955881,121
28454176000132,202606,214652070,122
28454176000132,202607,215550130,124
28454176000132,HOJE,215552303,122
28581607000121,202512,313090930,126
28581607000121,202601,326798940,126
28581607000121,202602,340118130,124
28581607000121,202603,357418497,123
28581607000121,202604,370839925,122
28581607000121,202605,379533273,121
28581607000121,202606,385186565,122
28581607000121,202607,390654584,124
28581607000121,HOJE,390920619,121
28648875000113,202512,49415047,126
28648875000113,202601,48815529,126
28648875000113,202602,48628313,124
28648875000113,202603,48656108,123
28648875000113,202604,48988417,122
28648875000113,202605,49298833,121
28648875000113,202606,49417159,122
28648875000113,202607,49556444,124
28648875000113,HOJE,49584148,121
28651424000135,202512,84966606,126
28651424000135,202601,85567618,126
28651424000135,202602,85583308,124
28651424000135,202603,84804418,123
28651424000135,202604,82173770,122
28651424000135,202605,78856068,121
28651424000135,202606,75068788,122
28651424000135,202607,70547116,124
28651424000135,HOJE,69822695,122
28767162000179,202512,463228606,126
28767162000179,202601,468201172,126
28767162000179,202602,473298896,124
28767162000179,202603,482172366,123
28767162000179,202604,491909453,122
28767162000179,202605,501236058,121
28767162000179,202606,512020955,122
28767162000179,202607,523141778,124
28767162000179,HOJE,524639189,121
28788460000145,202512,195801442,126
28788460000145,202601,179823071,126
28788460000145,202602,169858187,124
28788460000145,202603,157600701,123
28788460000145,202604,150073686,122
28788460000145,202605,146133947,121
28788460000145,202606,143326504,122
28788460000145,202607,142125514,124
28788460000145,HOJE,142010296,122
28840203000105,202512,1505861361,126
28840203000105,202601,1499910149,126
28840203000105,202602,1494778142,124
28840203000105,202603,1486236093,123
28840203000105,202604,1474212571,122
28840203000105,202605,1463307444,121
28840203000105,202606,1455438709,122
28840203000105,202607,1448230021,124
28840203000105,HOJE,1446639132,122
28851713000188,202512,3073079953,126
28851713000188,202601,2919454258,126
28851713000188,202602,2795604644,124
28851713000188,202603,2674093003,123
28851713000188,202604,2494344297,122
28851713000188,202605,2387932575,121
28851713000188,202606,2307489371,122
28851713000188,202607,2162765950,124
28851713000188,HOJE,2140047939,122
28951154000188,202512,1278983813,126
28951154000188,202601,1256689501,126
28951154000188,202602,1227722419,124
28951154000188,202603,1197214555,123
28951154000188,202604,1185110984,122
28951154000188,202605,1180984813,121
28951154000188,202606,1169182429,122
28951154000188,202607,1149699553,124
28951154000188,HOJE,1146860022,122
29044189000104,202512,336617734,126
29044189000104,202601,346716955,126
29044189000104,202602,354772021,124
29044189000104,202603,354540481,123
29044189000104,202604,353167058,122
29044189000104,202605,346467467,121
29044189000104,202606,334450628,122
29044189000104,202607,320415617,124
29044189000104,HOJE,317843930,122
29106510000120,202512,24937876,126
29106510000120,202601,25203569,126
29106510000120,202602,25464016,124
29106510000120,202603,25724848,123
29106510000120,202604,26004453,122
29106510000120,202605,26264404,121
29106510000120,202606,25750421,122
29106510000120,202607,25007097,124
29106510000120,HOJE,24921501,122
29109266000159,202512,310148596,126
29109266000159,202601,313226671,126
29109266000159,202602,316018341,124
29109266000159,202603,319285757,123
29109266000159,202604,322248943,122
29109266000159,202605,325433052,121
29109266000159,202606,328719151,122
29109266000159,202607,332276865,124
29109266000159,HOJE,332763097,122
29157520000194,202512,14190217729,126
29157520000194,202601,14658863875,126
29157520000194,202602,14963687351,124
29157520000194,202603,15176915205,123
29157520000194,202604,15211922474,122
29157520000194,202605,15227337278,121
29157520000194,202606,15472975743,122
29157520000194,202607,15732752118,124
29157520000194,HOJE,15738317732,121
29177012000178,202512,597434832,125
29177012000178,202601,585812576,125
29177012000178,202602,576006505,123
29177012000178,202603,563071710,122
29177012000178,202604,553937151,122
29177012000178,202605,544066877,121
29177012000178,202606,530408882,122
29177012000178,202607,512870046,124
29177012000178,HOJE,510209086,122
29196718000187,202512,6942717463,126
29196718000187,202601,7024395178,126
29196718000187,202602,7099093688,124
29196718000187,202603,7188582346,123
29196718000187,202604,7270564328,122
29196718000187,202605,7353605523,121
29196718000187,202606,7437351727,122
29196718000187,202607,7527757943,124
29196718000187,HOJE,7540054293,122
29236579000178,202512,178636783,126
29236579000178,202601,171127384,126
29236579000178,202602,167614841,124
29236579000178,202603,164057791,123
29236579000178,202604,161706678,122
29236579000178,202605,159907014,121
29236579000178,202606,158260249,122
29236579000178,202607,156603594,124
29236579000178,HOJE,156486611,122
29250121000173,202512,854068819,126
29250121000173,202601,849134476,126
29250121000173,202602,844900313,124
29250121000173,202603,844595298,123
29250121000173,202604,845908082,122
29250121000173,202605,849818373,121
29250121000173,202606,860048191,122
29250121000173,202607,881015471,124
29250121000173,HOJE,884024828,122
29259723000191,202512,16503460214,126
29259723000191,202601,16239423365,126
29259723000191,202602,16014410067,124
29259723000191,202603,15742078578,123
29259723000191,202604,15485039908,122
29259723000191,202605,15232182179,121
29259723000191,202606,14998120037,122
29259723000191,202607,14755878737,124
29259723000191,HOJE,14719697428,122
29259957000139,202512,620178277,126
29259957000139,202601,578065713,126
29259957000139,202602,541921390,124
29259957000139,202603,499276478,123
29259957000139,202604,455518586,122
29259957000139,202605,409892976,121
29259957000139,202606,382966917,122
29259957000139,202607,368028843,124
29259957000139,HOJE,365623609,122
29626006000150,202512,88757079,126
29626006000150,202601,70068030,126
29626006000150,202602,56581688,124
29626006000150,202603,45941556,123
29626006000150,202604,41390516,122
29626006000150,202605,40345979,121
29626006000150,202606,40210782,122
29626006000150,202607,40113100,124
29626006000150,HOJE,40094794,121
29722392000184,202512,161275671,126
29722392000184,202601,163003896,126
29722392000184,202602,164786693,124
29722392000184,202603,166017624,123
29722392000184,202604,166583913,122
29722392000184,202605,165895641,121
29722392000184,202606,164595171,122
29722392000184,202607,163300957,124
29722392000184,HOJE,162976287,122
29733674000187,202512,95739187,126
29733674000187,202601,96340135,126
29733674000187,202602,95404253,124
29733674000187,202603,93380497,123
29733674000187,202604,92030538,122
29733674000187,202605,90696883,121
29733674000187,202606,88969938,122
29733674000187,202607,86957273,124
29733674000187,HOJE,86514043,121
29734143000109,202512,66847010,126
29734143000109,202601,67589873,126
29734143000109,202602,68464053,124
29734143000109,202603,69534380,123
29734143000109,202604,70610267,122
29734143000109,202605,71597369,121
29734143000109,202606,72393758,122
29734143000109,202607,73244421,124
29734143000109,HOJE,73336468,122
29983496000142,202512,509270300,126
29983496000142,202601,480747012,126
29983496000142,202602,447754643,124
29983496000142,202603,406810663,123
29983496000142,202604,369543109,122
29983496000142,202605,332246887,121
29983496000142,202606,316110231,122
29983496000142,202607,309931631,124
29983496000142,HOJE,310231604,122
30056825000199,202512,1287274335,126
30056825000199,202601,1388234739,126
30056825000199,202602,1465342802,124
30056825000199,202603,1562419208,122
30056825000199,202604,1654885825,121
30056825000199,202605,1736930565,120
30056825000199,202606,1805055745,121
30056825000199,202607,1856899459,123
30056825000199,HOJE,1863914170,121
30057274000188,202512,145290881,126
30057274000188,202601,131329776,126
30057274000188,202602,121990892,124
30057274000188,202603,111786635,123
30057274000188,202604,104188688,122
30057274000188,202605,97071629,121
30057274000188,202606,90390847,122
30057274000188,202607,82867436,124
30057274000188,HOJE,82014154,121
30102264000117,202512,1637448552,126
30102264000117,202601,1671333554,126
30102264000117,202602,1698123197,124
30102264000117,202603,1731874137,123
30102264000117,202604,1747007835,122
30102264000117,202605,1726673939,121
30102264000117,202606,1690283430,122
30102264000117,202607,1666523533,124
30102264000117,HOJE,1666432323,122
30330495000188,202512,137972499,126
30330495000188,202601,136519773,126
30330495000188,202602,136781131,124
30330495000188,202603,138613409,123
30330495000188,202604,140922984,122
30330495000188,202605,143144244,121
30330495000188,202606,145176307,122
30330495000188,202607,148123009,124
30330495000188,HOJE,148417526,122
30338679000194,202512,372976724,126
30338679000194,202601,355896168,126
30338679000194,202602,341820385,124
30338679000194,202603,324113289,123
30338679000194,202604,317927238,122
30338679000194,202605,312059798,121
30338679000194,202606,307340676,122
30338679000194,202607,301591522,124
30338679000194,HOJE,300462166,122
30338831000139,202512,45054440,126
30338831000139,202601,45236089,126
30338831000139,202602,45348560,124
30338831000139,202603,45839612,123
30338831000139,202604,47420523,122
30338831000139,202605,48204423,121
30338831000139,202606,47738110,122
30338831000139,202607,47223732,124
30338831000139,HOJE,47104312,122
30338838000150,202512,840536575,126
30338838000150,202601,800178233,126
30338838000150,202602,767855519,124
30338838000150,202603,737119215,123
30338838000150,202604,713073270,122
30338838000150,202605,690988786,121
30338838000150,202606,667902942,122
30338838000150,202607,641135071,124
30338838000150,HOJE,637912061,121
30353549000120,202512,23969704,126
30353549000120,202601,24276171,126
30353549000120,202602,24493034,124
30353549000120,202603,24743864,123
30353549000120,202604,24790884,122
30353549000120,202605,24848992,120
30353549000120,202606,24864759,121
30353549000120,202607,24329009,122
30353549000120,HOJE,24301796,118
30392659000100,202512,929767499,126
30392659000100,202601,940186572,126
30392659000100,202602,960723646,124
30392659000100,202603,1003484844,123
30392659000100,202604,1051315190,122
30392659000100,202605,1108405265,121
30392659000100,202606,1169266654,122
30392659000100,202607,1232551702,124
30392659000100,HOJE,1240855217,122
30453289000165,202512,569226723,126
30453289000165,202601,583630538,126
30453289000165,202602,588269835,124
30453289000165,202603,586787803,123
30453289000165,202604,583448113,122
30453289000165,202605,573378327,121
30453289000165,202606,557052475,122
30453289000165,202607,539151866,124
30453289000165,HOJE,537036731,121
30493677000170,202512,899226122,126
30493677000170,202601,860724278,126
30493677000170,202602,804669595,124
30493677000170,202603,734316654,123
30493677000170,202604,669703212,122
30493677000170,202605,602980464,121
30493677000170,202606,539774992,122
30493677000170,202607,500752108,124
30493677000170,HOJE,498797376,122
30506088000189,202512,40868912,126
30506088000189,202601,36145531,126
30506088000189,202602,35125445,124
30506088000189,202603,37407944,123
30506088000189,202604,42135751,122
30506088000189,202605,48009542,121
30506088000189,202606,54542427,122
30506088000189,202607,61529757,123
30506088000189,HOJE,62625689,119
30521138000105,202512,91856949,126
30521138000105,202601,92319803,126
30521138000105,202602,92929110,124
30521138000105,202603,93477179,123
30521138000105,202604,94078097,122
30521138000105,202605,94502003,121
30521138000105,202606,94754918,122
30521138000105,202607,95063306,124
30521138000105,HOJE,95067180,121
30521661000123,202512,57576037,126
30521661000123,202601,57734976,126
30521661000123,202602,58121060,124
30521661000123,202603,58620728,123
30521661000123,202604,58501675,122
30521661000123,202605,57708138,121
30521661000123,202606,56705450,122
30521661000123,202607,55622621,124
30521661000123,HOJE,55459651,121
30521681000102,202512,77024830,126
30521681000102,202601,78888455,126
30521681000102,202602,80704899,124
30521681000102,202603,82647516,123
30521681000102,202604,84416556,122
30521681000102,202605,84991904,121
30521681000102,202606,84943043,122
30521681000102,202607,84928076,124
30521681000102,HOJE,84895867,121
30556686000162,202512,100303795,126
30556686000162,202601,101318558,126
30556686000162,202602,102394565,124
30556686000162,202603,103454904,123
30556686000162,202604,104178836,122
30556686000162,202605,104423937,121
30556686000162,202606,104328027,122
30556686000162,202607,104392657,124
30556686000162,HOJE,104368744,121
30568172000127,202512,697600107,123
30568172000127,202601,665012048,123
30568172000127,202602,648541509,121
30568172000127,202603,645140326,120
30568172000127,202604,645099486,119
30568172000127,202605,641824377,121
30568172000127,202606,609370298,122
30568172000127,202607,537288908,124
30568172000127,HOJE,526925489,122
30568485000185,202512,132801050,126
30568485000185,202601,125200944,126
30568485000185,202602,110207680,124
30568485000185,202603,90051366,123
30568485000185,202604,70831155,122
30568485000185,202605,51433459,121
30568485000185,202606,33296550,122
30568485000185,202607,21756014,124
30568485000185,HOJE,21364834,122
30568861000131,202512,152023435,126
30568861000131,202601,152498016,126
30568861000131,202602,153044534,124
30568861000131,202603,153219072,123
30568861000131,202604,153416965,122
30568861000131,202605,153413267,121
30568861000131,202606,153431940,122
30568861000131,202607,152991446,124
30568861000131,HOJE,152896849,122
30593140000181,202512,15156596326,126
30593140000181,202601,15221138450,126
30593140000181,202602,15273248777,124
30593140000181,202603,15314557699,123
30593140000181,202604,15286209504,122
30593140000181,202605,15240510197,121
30593140000181,202606,15210502412,122
30593140000181,202607,15163291098,124
30593140000181,HOJE,15153145758,122
30608416000158,202512,178413869,126
30608416000158,202601,174873995,126
30608416000158,202602,171698347,124
30608416000158,202603,167117232,123
30608416000158,202604,162519837,122
30608416000158,202605,158484175,121
30608416000158,202606,155563630,122
30608416000158,202607,150665718,123
30608416000158,HOJE,150091983,120
30618457000125,202512,473099193,126
30618457000125,202601,489373997,126
30618457000125,202602,515669981,124
30618457000125,202603,546339475,123
30618457000125,202604,567126937,122
30618457000125,202605,578032686,121
30618457000125,202606,577510506,122
30618457000125,202607,566669375,124
30618457000125,HOJE,565480866,121
30630324000174,202512,156893816,126
30630324000174,202601,150242922,126
30630324000174,202602,143151585,124
30630324000174,202603,137684686,123
30630324000174,202604,131202401,122
30630324000174,202605,125252777,121
30630324000174,202606,119297733,122
30630324000174,202607,112554539,124
30630324000174,HOJE,111386889,122
30665679000107,202512,25952100,126
30665679000107,202601,26323332,126
30665679000107,202602,26679082,124
30665679000107,202603,27022219,123
30665679000107,202604,27218349,122
30665679000107,202605,27421367,121
30665679000107,202606,27661572,122
30665679000107,202607,27902124,124
30665679000107,HOJE,27924030,122
30676315000114,202512,1613754098,126
30676315000114,202601,1804730342,126
30676315000114,202602,1953033986,124
30676315000114,202603,2061703961,123
30676315000114,202604,2070587422,122
30676315000114,202605,2039713130,121
30676315000114,202606,1979230256,122
30676315000114,202607,1903905072,124
30676315000114,HOJE,1895246612,121
30869395000124,202512,759061189,126
30869395000124,202601,681198171,126
30869395000124,202602,624348563,124
30869395000124,202603,581991285,123
30869395000124,202604,565142614,122
30869395000124,202605,563379527,121
30869395000124,202606,565388531,122
30869395000124,202607,566504865,124
30869395000124,HOJE,566604436,121
30877528000104,202512,759071156,126
30877528000104,202601,805107534,126
30877528000104,202602,848990737,124
30877528000104,202603,892123604,123
30877528000104,202604,913242487,122
30877528000104,202605,915869263,121
30877528000104,202606,904963074,122
30877528000104,202607,882875252,124
30877528000104,HOJE,879245110,122
30998213000115,202512,106744193,126
30998213000115,202601,107830542,126
30998213000115,202602,108976242,124
30998213000115,202603,110117973,123
30998213000115,202604,110946754,122
30998213000115,202605,111314139,121
30998213000115,202606,111339329,122
30998213000115,202607,111551785,124
30998213000115,HOJE,111551433,122
31094141000144,202512,1456498567,126
31094141000144,202601,1559540183,126
31094141000144,202602,1684555467,124
31094141000144,202603,1842583898,123
31094141000144,202604,1945589556,122
31094141000144,202605,1995702865,120
31094141000144,202606,2010892039,121
31094141000144,202607,1996704337,123
31094141000144,HOJE,1991123148,121
31120022000119,202512,505972947,126
31120022000119,202601,460517386,126
31120022000119,202602,428112205,124
31120022000119,202603,400357494,123
31120022000119,202604,385185607,122
31120022000119,202605,377886311,121
31120022000119,202606,375140671,122
31120022000119,202607,372216291,124
31120022000119,HOJE,371736555,121
31120420000135,202512,52200241,126
31120420000135,202601,53035525,126
31120420000135,202602,53854696,124
31120420000135,202603,54884156,123
31120420000135,202604,55318029,122
31120420000135,202605,54940357,121
31120420000135,202606,54320768,122
31120420000135,202607,53737808,124
31120420000135,HOJE,53638950,122
31145933000109,202512,2434838,126
31145933000109,202601,2466923,126
31145933000109,202602,2494105,124
31145933000109,202603,2545951,123
31145933000109,202604,2601283,122
31145933000109,202605,2659533,121
31145933000109,202606,2713813,122
31145933000109,202607,2762630,124
31145933000109,HOJE,2768801,122
31217083000107,202512,7242758502,126
31217083000107,202601,7444963308,126
31217083000107,202602,7693907026,124
31217083000107,202603,8004432030,123
31217083000107,202604,8269139806,122
31217083000107,202605,8541464635,121
31217083000107,202606,8780908390,122
31217083000107,202607,8983896740,124
31217083000107,HOJE,8995946338,122
31247680000176,202512,71868392,126
31247680000176,202601,73224260,126
31247680000176,202602,74524582,124
31247680000176,202603,75223630,123
31247680000176,202604,75873980,122
31247680000176,202605,76219460,121
31247680000176,202606,76389440,122
31247680000176,202607,76657491,124
31247680000176,HOJE,76668402,121
31247970000110,202512,140183832,126
31247970000110,202601,137488964,126
31247970000110,202602,132210608,124
31247970000110,202603,125235569,123
31247970000110,202604,119114670,122
31247970000110,202605,113773503,121
31247970000110,202606,109486360,122
31247970000110,202607,104995366,124
31247970000110,HOJE,104513436,121
31248215000150,202512,25701993,126
31248215000150,202601,25955854,126
31248215000150,202602,26225858,124
31248215000150,202603,26479176,123
31248215000150,202604,26548413,122
31248215000150,202605,25339080,121
31248215000150,202606,23488453,122
31248215000150,202607,21485524,124
31248215000150,HOJE,21208057,122
31457222000161,202512,73505418,126
31457222000161,202601,74248933,126
31457222000161,202602,75069742,124
31457222000161,202603,75928094,123
31457222000161,202604,76792036,122
31457222000161,202605,77405102,121
31457222000161,202606,77696136,122
31457222000161,202607,80583625,124
31457222000161,HOJE,81077826,122
31611340000182,202512,581562155,126
31611340000182,202601,578249350,126
31611340000182,202602,577885112,124
31611340000182,202603,582846554,123
31611340000182,202604,582398898,122
31611340000182,202605,580535008,121
31611340000182,202606,580125429,122
31611340000182,202607,578925964,124
31611340000182,HOJE,579056963,122
31611503000127,202512,469493723,126
31611503000127,202601,473554529,126
31611503000127,202602,477456689,124
31611503000127,202603,486453951,123
31611503000127,202604,504618288,122
31611503000127,202605,490135046,121
31611503000127,202606,461212683,122
31611503000127,202607,430343210,124
31611503000127,HOJE,426403523,122
31615327000100,202512,13924747,126
31615327000100,202601,13907094,126
31615327000100,202602,13784042,124
31615327000100,202603,13629377,123
31615327000100,202604,13896124,122
31615327000100,202605,14175759,121
31615327000100,202606,14484244,122
31615327000100,202607,15093070,124
31615327000100,HOJE,15189237,122
31908005000140,202512,35069880,126
31908005000140,202601,35414770,126
31908005000140,202602,35726155,124
31908005000140,202603,35958351,123
31908005000140,202604,36136118,122
31908005000140,202605,36233563,121
31908005000140,202606,36323310,122
31908005000140,202607,36411788,124
31908005000140,HOJE,36412707,122
31908013000197,202512,232279897,126
31908013000197,202601,232092842,126
31908013000197,202602,231896513,124
31908013000197,202603,231680581,123
31908013000197,202604,231001575,122
31908013000197,202605,233643741,121
31908013000197,202606,240802094,122
31908013000197,202607,250754740,124
31908013000197,HOJE,252111196,122
31961612000174,202512,565983524,126
31961612000174,202601,495967121,126
31961612000174,202602,444244711,124
31961612000174,202603,394966101,123
31961612000174,202604,363747604,122
31961612000174,202605,341980232,121
31961612000174,202606,324760237,122
31961612000174,202607,307388866,124
31961612000174,HOJE,305045408,122
31962100000122,202512,2412287246,126
31962100000122,202601,2480864646,126
31962100000122,202602,2525658957,124
31962100000122,202603,2555688396,123
31962100000122,202604,2564961688,122
31962100000122,202605,2564810819,121
31962100000122,202606,2563365886,122
31962100000122,202607,2556450514,124
31962100000122,HOJE,2555201543,121
31963315000168,202512,355420051,126
31963315000168,202601,358929867,126
31963315000168,202602,362203827,124
31963315000168,202603,364710075,123
31963315000168,202604,366976579,122
31963315000168,202605,369158080,121
31963315000168,202606,370799318,122
31963315000168,202607,372895658,124
31963315000168,HOJE,372971449,121
31963396000104,202512,6546280,126
31963396000104,202601,6260197,126
31963396000104,202602,6015952,124
31963396000104,202603,5854412,123
31963396000104,202604,5769911,122
31963396000104,202605,5724232,121
31963396000104,202606,5663875,122
31963396000104,202607,5576272,124
31963396000104,HOJE,5564148,122
31964159000150,202512,207257510,125
31964159000150,202601,229389313,125
31964159000150,202602,256335074,123
31964159000150,202603,286392858,122
31964159000150,202604,310962239,122
31964159000150,202605,336035957,121
31964159000150,202606,358623303,122
31964159000150,202607,380251469,124
31964159000150,HOJE,382500283,122
32044389000163,202512,142729371,126
32044389000163,202601,143811497,126
32044389000163,202602,145335679,124
32044389000163,202603,146855803,123
32044389000163,202604,147952484,122
32044389000163,202605,148414399,121
32044389000163,202606,148432567,122
32044389000163,202607,148712323,124
32044389000163,HOJE,148714021,122
32044741000160,202512,65199628,126
32044741000160,202601,65854617,126
32044741000160,202602,66547617,124
32044741000160,202603,67237019,123
32044741000160,202604,67734549,122
32044741000160,202605,67945740,121
32044741000160,202606,67956872,122
32044741000160,202607,68089313,124
32044741000160,HOJE,68090782,122
32044932000122,202512,73900320,126
32044932000122,202601,74650227,126
32044932000122,202602,75444223,124
32044932000122,202603,76238247,123
32044932000122,202604,76826098,122
32044932000122,202605,77096167,121
32044932000122,202606,77127173,122
32044932000122,202607,77290934,124
32044932000122,HOJE,77293432,122
32045039000111,202512,120728185,126
32045039000111,202601,121953005,126
32045039000111,202602,123246023,124
32045039000111,202603,124533240,123
32045039000111,202604,125471940,122
32045039000111,202605,125894534,121
32045039000111,202606,125935051,122
32045039000111,202607,126190463,124
32045039000111,HOJE,126191827,122
32045085000110,202512,108518947,126
32045085000110,202601,109627574,126
32045085000110,202602,110800124,124
32045085000110,202603,111972386,123
32045085000110,202604,112821471,122
32045085000110,202605,113196289,121
32045085000110,202606,112490480,122
32045085000110,202607,107119748,124
32045085000110,HOJE,106517938,122
32045116000133,202512,58908754,126
32045116000133,202601,56217671,126
32045116000133,202602,53821696,124
32045116000133,202603,50762498,123
32045116000133,202604,47799793,122
32045116000133,202605,44878177,121
32045116000133,202606,44896085,122
32045116000133,202607,44994233,124
32045116000133,HOJE,44995871,122
32075119000110,202512,2103684445,126
32075119000110,202601,2152769295,126
32075119000110,202602,2185129784,124
32075119000110,202603,2165284079,123
32075119000110,202604,2128853144,122
32075119000110,202605,2081076004,121
32075119000110,202606,2023833993,122
32075119000110,202607,1960440732,124
32075119000110,HOJE,1952552290,121
32158371000192,202512,124223476,126
32158371000192,202601,106223649,126
32158371000192,202602,90094658,124
32158371000192,202603,83512091,123
32158371000192,202604,76592680,122
32158371000192,202605,69673055,121
32158371000192,202606,62791784,122
32158371000192,202607,54449394,124
32158371000192,HOJE,53465493,122
32159534000151,202512,1675952328,119
32159534000151,202601,1705042915,120
32159534000151,202602,1698388861,124
32159534000151,202603,1699034087,123
32159534000151,202604,1712365576,122
32159534000151,202605,1732033874,121
32159534000151,202606,1868330043,122
32159534000151,202607,2081276627,124
32159534000151,HOJE,2102938555,121
32225253000150,202512,234582631,126
32225253000150,202601,234231640,126
32225253000150,202602,232575662,124
32225253000150,202603,229844864,123
32225253000150,202604,224535292,122
32225253000150,202605,216805171,121
32225253000150,202606,209292006,122
32225253000150,202607,198313129,124
32225253000150,HOJE,196930686,121
32225995000185,202512,65444674,121
32225995000185,202601,64397097,121
32225995000185,202602,65157467,119
32225995000185,202603,66070897,118
32225995000185,202604,66844869,122
32225995000185,202605,67848776,121
32225995000185,202606,68081451,122
32225995000185,202607,63767468,124
32225995000185,HOJE,63330052,122
32312120000110,202512,67187669462,126
32312120000110,202601,68516639009,126
32312120000110,202602,68963108044,124
32312120000110,202603,69259032238,123
32312120000110,202604,69363323338,122
32312120000110,202605,69546120157,121
32312120000110,202606,69804566407,122
32312120000110,202607,69722345901,124
32312120000110,HOJE,69797837078,122
32312343000188,202512,553920415,126
32312343000188,202601,559702988,126
32312343000188,202602,563876710,124
32312343000188,202603,566081315,123
32312343000188,202604,564712185,122
32312343000188,202605,559510571,121
32312343000188,202606,551985851,122
32312343000188,202607,544289031,124
32312343000188,HOJE,543287697,121
32312678000104,202512,8792612827,126
32312678000104,202601,9130645642,126
32312678000104,202602,9397747073,124
32312678000104,202603,9626206668,123
32312678000104,202604,9739844352,122
32312678000104,202605,9774398202,121
32312678000104,202606,9762631988,122
32312678000104,202607,9715743999,124
32312678000104,HOJE,9708247449,121
32319373000116,202512,1726231386,126
32319373000116,202601,1765346174,126
32319373000116,202602,1812082438,124
32319373000116,202603,1867048478,123
32319373000116,202604,1910118491,122
32319373000116,202605,1945041513,121
32319373000116,202606,1967143522,122
32319373000116,202607,1973582890,124
32319373000116,HOJE,1973849593,121
32319500000187,202512,137273399,126
32319500000187,202601,138242126,126
32319500000187,202602,136916932,124
32319500000187,202603,140984042,123
32319500000187,202604,141068912,122
32319500000187,202605,138972353,121
32319500000187,202606,137940405,122
32319500000187,202607,139531190,124
32319500000187,HOJE,140259330,121
32319525000180,202512,3948877174,126
32319525000180,202601,4214058367,126
32319525000180,202602,4409855146,124
32319525000180,202603,4567799256,123
32319525000180,202604,4653616181,122
32319525000180,202605,4705694287,121
32319525000180,202606,4779951261,122
32319525000180,202607,4907112822,124
32319525000180,HOJE,4921318424,121
32320609000134,202512,63700713,126
32320609000134,202601,64342359,126
32320609000134,202602,65023168,124
32320609000134,202603,65701311,123
32320609000134,202604,66189537,122
32320609000134,202605,66395231,121
32320609000134,202606,66404618,122
32320609000134,202607,66532792,124
32320609000134,HOJE,66534047,122
32385140000111,202512,206764491,126
32385140000111,202601,210402710,126
32385140000111,202602,214120849,124
32385140000111,202603,217550555,123
32385140000111,202604,221736887,122
32385140000111,202605,227442366,121
32385140000111,202606,234113892,122
32385140000111,202607,241430611,124
32385140000111,HOJE,242167805,121
32385410000194,202512,1091620495,126
32385410000194,202601,1023393594,126
32385410000194,202602,940315033,124
32385410000194,202603,829530446,123
32385410000194,202604,715625050,122
32385410000194,202605,618568031,121
32385410000194,202606,557868122,122
32385410000194,202607,529133825,124
32385410000194,HOJE,527140518,121
32388028000134,202512,1695305724,126
32388028000134,202601,1595900550,126
32388028000134,202602,1505125999,124
32388028000134,202603,1387143310,123
32388028000134,202604,1273505008,122
32388028000134,202605,1135244448,121
32388028000134,202606,980369632,122
32388028000134,202607,803725259,124
32388028000134,HOJE,780323244,122
32388077000177,202512,32185191655,126
32388077000177,202601,32668730359,126
32388077000177,202602,33041905608,124
32388077000177,202603,33381902408,123
32388077000177,202604,33634211864,122
32388077000177,202605,33870225624,121
32388077000177,202606,34241210052,122
32388077000177,202607,34686213137,124
32388077000177,HOJE,34745183059,122
32397641000118,202512,26727168,125
32397641000118,202601,24563597,125
32397641000118,202602,22659162,123
32397641000118,202603,21173792,122
32397641000118,202604,20623262,122
32397641000118,202605,20506515,121
32397641000118,202606,20498992,122
32397641000118,202607,20539699,124
32397641000118,HOJE,20550453,122
32485590000186,202512,63587463,126
32485590000186,202601,58948566,126
32485590000186,202602,54214214,124
32485590000186,202603,49418334,123
32485590000186,202604,46412993,122
32485590000186,202605,45209907,121
32485590000186,202606,44713024,122
32485590000186,202607,44789832,124
32485590000186,HOJE,44792732,122
32666434000111,202512,370790125,126
32666434000111,202601,389626049,126
32666434000111,202602,406351243,124
32666434000111,202603,423544286,123
32666434000111,202604,436216549,122
32666434000111,202605,438779634,121
32666434000111,202606,440251120,122
32666434000111,202607,442066077,124
32666434000111,HOJE,442106711,122
32711923000148,202512,34888499,126
32711923000148,202601,32526756,126
32711923000148,202602,30188704,124
32711923000148,202603,27201976,123
32711923000148,202604,24393511,122
32711923000148,202605,21593015,121
32711923000148,202606,20451447,122
32711923000148,202607,20357111,124
32711923000148,HOJE,20325318,121
32742673000103,202512,68668909,126
32742673000103,202601,66325354,126
32742673000103,202602,64471641,124
32742673000103,202603,62763969,123
32742673000103,202604,61494035,122
32742673000103,202605,60268617,121
32742673000103,202606,59111309,122
32742673000103,202607,57924664,124
32742673000103,HOJE,57803346,121
32760072000123,202512,588614725,126
32760072000123,202601,591535239,126
32760072000123,202602,597444290,124
32760072000123,202603,603230022,123
32760072000123,202604,612765021,122
32760072000123,202605,623195899,121
32760072000123,202606,634946138,122
32760072000123,202607,630556299,124
32760072000123,HOJE,630714744,121
32770526000147,202512,596188211,126
32770526000147,202601,576791353,126
32770526000147,202602,562057404,124
32770526000147,202603,547284707,123
32770526000147,202604,537677883,122
32770526000147,202605,530508266,121
32770526000147,202606,524820995,122
32770526000147,202607,517983555,124
32770526000147,HOJE,517101086,121
32771072000129,202512,563951525,126
32771072000129,202601,532349395,126
32771072000129,202602,507983734,124
32771072000129,202603,483350372,123
32771072000129,202604,464595455,122
32771072000129,202605,449269998,121
32771072000129,202606,437691965,122
32771072000129,202607,426220854,124
32771072000129,HOJE,425111762,121
32811397000198,202512,322750644,126
32811397000198,202601,322230735,126
32811397000198,202602,323304230,124
32811397000198,202603,324954016,123
32811397000198,202604,326953501,122
32811397000198,202605,327808281,121
32811397000198,202606,327062700,122
32811397000198,202607,324484479,124
32811397000198,HOJE,324158044,121
32862167000158,202512,28889815,126
32862167000158,202601,29115305,126
32862167000158,202602,29370182,124
32862167000158,202603,29553018,123
32862167000158,202604,29710039,122
32862167000158,202605,29782143,121
32862167000158,202606,29796476,122
32862167000158,202607,29815774,124
32862167000158,HOJE,29805389,121
32864267000113,202512,988462837,126
32864267000113,202601,992760079,126
32864267000113,202602,1001131490,124
32864267000113,202603,1005325429,123
32864267000113,202604,1004548694,122
32864267000113,202605,995917005,121
32864267000113,202606,984420779,122
32864267000113,202607,971685499,124
32864267000113,HOJE,969573626,122
32893181000119,202512,83822336,126
32893181000119,202601,84684476,126
32893181000119,202602,85568727,124
32893181000119,202603,86400001,123
32893181000119,202604,87142811,122
32893181000119,202605,87753894,121
32893181000119,202606,88251712,122
32893181000119,202607,88818769,124
32893181000119,HOJE,88855570,121
32990051000102,202512,1100173987,126
32990051000102,202601,1145158076,126
32990051000102,202602,1197858607,124
32990051000102,202603,1258913624,123
32990051000102,202604,1303512329,122
32990051000102,202605,1337102919,121
32990051000102,202606,1367113447,122
32990051000102,202607,1383689822,124
32990051000102,HOJE,1383524257,122
32999355000122,202512,164514538,122
32999355000122,202601,164142407,122
32999355000122,202602,164185168,120
32999355000122,202603,164039744,119
32999355000122,202604,163772985,103
32999355000122,202605,163326578,99
32999355000122,202606,163064059,93
32999355000122,202607,160712783,90
32999355000122,HOJE,160362933,86
32999416000151,202512,90194740,110
32999416000151,202601,90037807,110
32999416000151,202602,90089344,108
32999416000151,202603,89721956,107
32999416000151,202604,89547645,90
32999416000151,202605,89424097,91
32999416000151,202606,89443791,77
32999416000151,202607,89322816,66
32999416000151,HOJE,89250645,62
33342285000106,202512,10293824,126
33342285000106,202601,10501133,126
33342285000106,202602,10544094,124
33342285000106,202603,10107700,123
33342285000106,202604,9742621,122
33342285000106,202605,9428788,121
33342285000106,202606,9345477,122
33342285000106,202607,9248708,124
33342285000106,HOJE,9225387,121
33422113000134,202512,43663176,126
33422113000134,202601,43550959,126
33422113000134,202602,43695362,124
33422113000134,202603,43959001,122
33422113000134,202604,44221975,121
33422113000134,202605,44417061,120
33422113000134,202606,44303046,121
33422113000134,202607,43623657,123
33422113000134,HOJE,43506050,121
33520988000179,202512,175614837,126
33520988000179,202601,176884642,126
33520988000179,202602,178416119,124
33520988000179,202603,179242440,123
33520988000179,202604,179159555,122
33520988000179,202605,178977299,121
33520988000179,202606,178856136,122
33520988000179,202607,178207084,124
33520988000179,HOJE,178075428,122
33599991000120,202512,431105228,125
33599991000120,202601,420091823,125
33599991000120,202602,410733861,123
33599991000120,202603,404104930,122
33599991000120,202604,399778342,122
33599991000120,202605,395742070,121
33599991000120,202606,395257602,122
33599991000120,202607,402677401,124
33599991000120,HOJE,403749449,122
33701828000126,202512,986497962,126
33701828000126,202601,999913614,126
33701828000126,202602,1013765784,124
33701828000126,202603,1025350095,123
33701828000126,202604,1033610430,122
33701828000126,202605,1040149193,121
33701828000126,202606,1041364933,122
33701828000126,202607,1038655816,124
33701828000126,HOJE,1037526526,122
33755721000160,202512,86741231,126
33755721000160,202601,87548486,126
33755721000160,202602,87904159,124
33755721000160,202603,88577289,123
33755721000160,202604,88205168,122
33755721000160,202605,88042704,121
33755721000160,202606,88011506,122
33755721000160,202607,88191450,124
33755721000160,HOJE,88379230,122
33768941000129,202512,44485158,126
33768941000129,202601,44864312,126
33768941000129,202602,49562776,124
33768941000129,202603,55930412,123
33768941000129,202604,61872067,122
33768941000129,202605,67833719,121
33768941000129,202606,73671755,122
33768941000129,202607,79786576,124
33768941000129,HOJE,80356284,121
33768955000142,202512,152746437,126
33768955000142,202601,153984492,126
33768955000142,202602,154029110,124
33768955000142,202603,152828790,123
33768955000142,202604,150539761,122
33768955000142,202605,148485782,121
33768955000142,202606,147341419,122
33768955000142,202607,147169509,124
33768955000142,HOJE,147201321,122
33842492000111,202512,6219879352,126
33842492000111,202601,6185465649,126
33842492000111,202602,6147355155,124
33842492000111,202603,6064348810,123
33842492000111,202604,5958485994,122
33842492000111,202605,5845969739,121
33842492000111,202606,5748590642,122
33842492000111,202607,5640739076,124
33842492000111,HOJE,5625144340,122
33953056000110,202512,371998146,126
33953056000110,202601,403401881,126
33953056000110,202602,417116067,124
33953056000110,202603,393506159,123
33953056000110,202604,348119774,122
33953056000110,202605,295733518,121
33953056000110,202606,240320213,122
33953056000110,202607,163930055,124
33953056000110,HOJE,154542775,122
33953262000120,202512,31589740,126
33953262000120,202601,31990982,126
33953262000120,202602,32386990,124
33953262000120,202603,32822015,123
33953262000120,202604,33257111,122
33953262000120,202605,33628286,121
33953262000120,202606,33965445,122
33953262000120,202607,34311982,124
33953262000120,HOJE,34355886,122
34080987000113,202512,167264870,126
34080987000113,202601,170014217,126
34080987000113,202602,172497677,124
34080987000113,202603,175313851,123
34080987000113,202604,177051606,122
34080987000113,202605,180826508,121
34080987000113,202606,185184326,122
34080987000113,202607,186916506,124
34080987000113,HOJE,187233574,122
34081211000118,202512,2434528457,126
34081211000118,202601,2404172682,126
34081211000118,202602,2384712924,124
34081211000118,202603,2372501883,123
34081211000118,202604,2367545559,122
34081211000118,202605,2372471356,121
34081211000118,202606,2379720127,122
34081211000118,202607,2377256545,124
34081211000118,HOJE,2376604666,121
34109940000135,202512,980633388,126
34109940000135,202601,1033020036,126
34109940000135,202602,1074469924,124
34109940000135,202603,1110450642,123
34109940000135,202604,1125322767,122
34109940000135,202605,1134967957,121
34109940000135,202606,1136446562,122
34109940000135,202607,1133781793,124
34109940000135,HOJE,1133131295,122
34143987000115,202512,21704086,126
34143987000115,202601,22131490,126
34143987000115,202602,22468478,124
34143987000115,202603,22895138,123
34143987000115,202604,23224446,122
34143987000115,202605,23443743,121
34143987000115,202606,23690963,122
34143987000115,202607,23954048,124
34143987000115,HOJE,23989604,122
34172479000165,202512,215209854,126
34172479000165,202601,222567141,126
34172479000165,202602,230430279,124
34172479000165,202603,236416749,123
34172479000165,202604,243411503,122
34172479000165,202605,245243288,121
34172479000165,202606,241440499,122
34172479000165,202607,233675164,124
34172479000165,HOJE,232496091,121
34172617000106,202512,213844936,126
34172617000106,202601,222595554,126
34172617000106,202602,233528221,124
34172617000106,202603,247483968,123
34172617000106,202604,256693960,122
34172617000106,202605,262369019,121
34172617000106,202606,263984048,122
34172617000106,202607,262890560,124
34172617000106,HOJE,262355003,122
34200585000105,202512,116609011,126
34200585000105,202601,116956181,126
34200585000105,202602,117168397,124
34200585000105,202603,117352962,123
34200585000105,202604,117106132,122
34200585000105,202605,116550431,121
34200585000105,202606,116221052,122
34200585000105,202607,115776898,123
34200585000105,HOJE,115728484,121
34246448000101,202512,3680139679,126
34246448000101,202601,4005475389,126
34246448000101,202602,4285286212,124
34246448000101,202603,4578268884,123
34246448000101,202604,4763959051,122
34246448000101,202605,4874459195,121
34246448000101,202606,4946007619,122
34246448000101,202607,5008535534,124
34246448000101,HOJE,5013293664,122
34270943000156,202512,106176608,126
34270943000156,202601,106708435,126
34270943000156,202602,108063461,124
34270943000156,202603,109283117,123
34270943000156,202604,110282991,122
34270943000156,202605,110584519,121
34270943000156,202606,109690735,122
34270943000156,202607,107379542,124
34270943000156,HOJE,106982745,122
34369940000174,202512,2647225,126
34369940000174,202601,2855288,126
34369940000174,202602,3154469,124
34369940000174,202603,3689330,123
34369940000174,202604,4356260,122
34369940000174,202605,5108434,121
34369940000174,202606,5776196,122
34369940000174,202607,6247359,124
34369940000174,HOJE,6321176,122
34370754000155,202512,25581902,126
34370754000155,202601,25842940,126
34370754000155,202602,26120237,124
34370754000155,202603,26364265,123
34370754000155,202604,26556486,122
34370754000155,202605,26706916,121
34370754000155,202606,26816917,122
34370754000155,202607,26934081,124
34370754000155,HOJE,26938638,122
34431868000168,202512,1092064034,126
34431868000168,202601,1162926265,126
34431868000168,202602,1228866282,124
34431868000168,202603,1300096294,123
34431868000168,202604,1356253386,122
34431868000168,202605,1406984950,121
34431868000168,202606,1447043598,122
34431868000168,202607,1486325337,124
34431868000168,HOJE,1490219193,121
34447278000123,202512,46662465,126
34447278000123,202601,47195292,126
34447278000123,202602,47690052,124
34447278000123,202603,48225599,123
34447278000123,202604,48730578,122
34447278000123,202605,49160664,115
34447278000123,202606,49551773,104
34447278000123,202607,50115274,98
34447278000123,HOJE,50189035,95
34474470000109,202512,2666482050,126
34474470000109,202601,2696560966,126
34474470000109,202602,2722002006,124
34474470000109,202603,2735973643,123
34474470000109,202604,2732086667,122
34474470000109,202605,2679414954,121
34474470000109,202606,2599241591,122
34474470000109,202607,2512619072,124
34474470000109,HOJE,2502074466,121
34474989000197,202512,2859443873,126
34474989000197,202601,2900254571,126
34474989000197,202602,2924074483,124
34474989000197,202603,2920240654,123
34474989000197,202604,2879893534,122
34474989000197,202605,2815373218,121
34474989000197,202606,2760092024,122
34474989000197,202607,2707475314,124
34474989000197,HOJE,2700138463,121
34475149000149,202512,5564201,126
34475149000149,202601,5620235,126
34475149000149,202602,5672806,124
34475149000149,202603,5734089,123
34475149000149,202604,5781489,122
34475149000149,202605,5798957,121
34475149000149,202606,5670007,118
34475149000149,202607,5167874,119
34475149000149,HOJE,5110120,117
34476006000151,202512,642814405,126
34476006000151,202601,639660347,126
34476006000151,202602,634213815,124
34476006000151,202603,623307773,123
34476006000151,202604,611324447,122
34476006000151,202605,598198831,121
34476006000151,202606,582525644,122
34476006000151,202607,566643387,124
34476006000151,HOJE,564645517,122
34488907000163,202512,14151359721,126
34488907000163,202601,14202026555,126
34488907000163,202602,14180213805,124
34488907000163,202603,14021186998,123
34488907000163,202604,13560467998,122
34488907000163,202605,12617392443,121
34488907000163,202606,11536942757,122
34488907000163,202607,10434785497,124
34488907000163,HOJE,10282601103,122
34525051000159,202512,1032220920,126
34525051000159,202601,1098625816,126
34525051000159,202602,1169598059,124
34525051000159,202603,1259020234,123
34525051000159,202604,1316200188,122
34525051000159,202605,1340864591,121
34525051000159,202606,1355486127,122
34525051000159,202607,1369274819,124
34525051000159,HOJE,1370114502,122
34613727000166,202512,218523753,126
34613727000166,202601,201634228,126
34613727000166,202602,186907104,124
34613727000166,202603,168743853,123
34613727000166,202604,151813468,122
34613727000166,202605,134441274,121
34613727000166,202606,128574403,122
34613727000166,202607,128511230,124
34613727000166,HOJE,128511894,121
34617263000166,202512,140143643,126
34617263000166,202601,141768465,126
34617263000166,202602,147745060,124
34617263000166,202603,153491373,123
34617263000166,202604,155750399,122
34617263000166,202605,156664815,121
34617263000166,202606,157716705,122
34617263000166,202607,157957319,124
34617263000166,HOJE,157954804,121
34626618000183,202512,22367121,126
34626618000183,202601,22560312,126
34626618000183,202602,22765512,124
34626618000183,202603,22943749,123
34626618000183,202604,23107922,122
34626618000183,202605,23236892,121
34626618000183,202606,23324539,122
34626618000183,202607,23426470,124
34626618000183,HOJE,23429388,121
34657939000145,202512,20870180,126
34657939000145,202601,21146872,126
34657939000145,202602,21286429,124
34657939000145,202603,21248555,123
34657939000145,202604,21436538,122
34657939000145,202605,21646095,121
34657939000145,202606,21726933,122
34657939000145,202607,21348481,124
34657939000145,HOJE,21009472,122
34658789000194,202512,2600509776,126
34658789000194,202601,2606507068,126
34658789000194,202602,2561451333,124
34658789000194,202603,2605876351,123
34658789000194,202604,2716718766,122
34658789000194,202605,2868727838,121
34658789000194,202606,3004855054,122
34658789000194,202607,3276204903,124
34658789000194,HOJE,3315389062,122
34658859000104,202512,1153568345,126
34658859000104,202601,1124703424,126
34658859000104,202602,1113527271,124
34658859000104,202603,1154959132,123
34658859000104,202604,1210935262,122
34658859000104,202605,1288646902,121
34658859000104,202606,1432901388,122
34658859000104,202607,1621843772,124
34658859000104,HOJE,1647758789,122
34681760000123,202512,26147880,126
34681760000123,202601,26413823,126
34681760000123,202602,26708866,124
34681760000123,202603,26954347,122
34681760000123,202604,27161750,121
34681760000123,202605,27324476,120
34681760000123,202606,27446513,121
34681760000123,202607,27588935,123
34681760000123,HOJE,27594345,121
34706691000165,202512,34598932,126
34706691000165,202601,33862624,126
34706691000165,202602,33244398,124
34706691000165,202603,32447915,123
34706691000165,202604,31763321,122
34706691000165,202605,31129842,121
34706691000165,202606,30634748,122
34706691000165,202607,30094883,124
34706691000165,HOJE,30017179,122
34738303000128,202512,7892655,119
34738303000128,202601,7962265,119
34738303000128,202602,8043233,117
34738303000128,202603,8112216,116
34738303000128,202604,8115239,115
34738303000128,202605,8135533,121
34738303000128,202606,8171265,122
34738303000128,202607,8126581,124
34738303000128,HOJE,8124479,120
34780641000128,202512,41722760,126
34780641000128,202601,40387542,126
34780641000128,202602,38857014,124
34780641000128,202603,36880945,123
34780641000128,202604,35644395,122
34780641000128,202605,34418877,121
34780641000128,202606,33244203,122
34780641000128,202607,31868226,124
34780641000128,HOJE,31607217,122
34781259000139,202512,699953072,126
34781259000139,202601,702279746,126
34781259000139,202602,704557732,124
34781259000139,202603,706893750,123
34781259000139,202604,706140121,122
34781259000139,202605,702592748,121
34781259000139,202606,697671135,122
34781259000139,202607,691937785,124
34781259000139,HOJE,691011455,122
34792037000111,202512,518851749,126
34792037000111,202601,525269810,126
34792037000111,202602,531362201,124
34792037000111,202603,536769695,123
34792037000111,202604,540614100,122
34792037000111,202605,543418947,121
34792037000111,202606,546520804,122
34792037000111,202607,549762973,124
34792037000111,HOJE,550046354,122
34793170000192,202512,138673050,126
34793170000192,202601,138677058,126
34793170000192,202602,139586289,124
34793170000192,202603,140323156,123
34793170000192,202604,141997455,122
34793170000192,202605,143965539,121
34793170000192,202606,146490661,122
34793170000192,202607,148250287,124
34793170000192,HOJE,148450384,121
34799162000153,202512,185140722,126
34799162000153,202601,188956940,126
34799162000153,202602,196853368,124
34799162000153,202603,206529044,123
34799162000153,202604,217371899,122
34799162000153,202605,233380857,121
34799162000153,202606,252427397,122
34799162000153,202607,271492469,124
34799162000153,HOJE,273878153,122
34799393000167,202512,873641871,126
34799393000167,202601,848897057,126
34799393000167,202602,815571317,124
34799393000167,202603,776343031,123
34799393000167,202604,729095008,122
34799393000167,202605,677292787,121
34799393000167,202606,624228925,122
34799393000167,202607,593159745,124
34799393000167,HOJE,588286316,122
34799490000150,202512,49105346,126
34799490000150,202601,49572165,126
34799490000150,202602,50055019,124
34799490000150,202603,50463378,123
34799490000150,202604,50822579,122
34799490000150,202605,51079115,121
34799490000150,202606,51252581,122
34799490000150,202607,52405320,124
34799490000150,HOJE,52820274,122
34962302000162,202512,755760721,126
34962302000162,202601,756215943,126
34962302000162,202602,754250464,124
34962302000162,202603,749074802,123
34962302000162,202604,740144211,122
34962302000162,202605,727502087,121
34962302000162,202606,711299891,122
34962302000162,202607,690394817,124
34962302000162,HOJE,687955834,121
35001422000166,202512,1706106346,126
35001422000166,202601,1715523540,126
35001422000166,202602,1723723216,124
35001422000166,202603,1734635773,123
35001422000166,202604,1739251467,122
35001422000166,202605,1736344739,121
35001422000166,202606,1729834175,122
35001422000166,202607,1723224570,124
35001422000166,HOJE,1722291469,122
35002571000140,202512,323877681,126
35002571000140,202601,298069264,126
35002571000140,202602,273000539,124
35002571000140,202603,244784858,123
35002571000140,202604,218309591,122
35002571000140,202605,217833742,121
35002571000140,202606,215840298,122
35002571000140,202607,210856543,124
35002571000140,HOJE,210238440,122
35020190000193,202512,45325313,126
35020190000193,202601,45566738,126
35020190000193,202602,45971577,124
35020190000193,202603,46116903,123
35020190000193,202604,46169821,122
35020190000193,202605,45867146,121
35020190000193,202606,45257871,122
35020190000193,202607,44654805,124
35020190000193,HOJE,44551637,122
35120235000100,202512,71958112,126
35120235000100,202601,62338844,126
35120235000100,202602,54082336,124
35120235000100,202603,42995025,123
35120235000100,202604,32938443,122
35120235000100,202605,24081007,121
35120235000100,202606,18258343,122
35120235000100,202607,15777145,124
35120235000100,HOJE,15517474,122
35377709000195,202512,108310610,126
35377709000195,202601,113564994,126
35377709000195,202602,118496854,124
35377709000195,202603,124271271,123
35377709000195,202604,129428905,122
35377709000195,202605,134139605,121
35377709000195,202606,137885207,122
35377709000195,202607,138171557,124
35377709000195,HOJE,138177633,122
35377796000180,202512,535399864,126
35377796000180,202601,543336719,126
35377796000180,202602,551199518,124
35377796000180,202603,558992029,123
35377796000180,202604,562991115,122
35377796000180,202605,565137051,121
35377796000180,202606,567991273,122
35377796000180,202607,572116099,124
35377796000180,HOJE,571961871,122
35399404000184,202512,904494605,126
35399404000184,202601,952424629,126
35399404000184,202602,1012527505,124
35399404000184,202603,1081544622,123
35399404000184,202604,1154286841,122
35399404000184,202605,1226831859,121
35399404000184,202606,1300118741,122
35399404000184,202607,1360564303,124
35399404000184,HOJE,1368057985,122
35435878000134,202512,11768369,126
35435878000134,202601,11883268,126
35435878000134,202602,11988550,124
35435878000134,202603,12113957,123
35435878000134,202604,12226755,122
35435878000134,202605,12342386,121
35435878000134,202606,12455555,122
35435878000134,202607,12576830,124
35435878000134,HOJE,12593536,122
35491073000108,202512,81942969,126
35491073000108,202601,82775398,126
35491073000108,202602,83656664,124
35491073000108,202603,84827736,123
35491073000108,202604,86122585,122
35491073000108,202605,87058583,121
35491073000108,202606,87737971,122
35491073000108,202607,88606905,124
35491073000108,HOJE,88723010,122
35491217000126,202512,4184180640,126
35491217000126,202601,4213011782,126
35491217000126,202602,4215964720,124
35491217000126,202603,4164908517,123
35491217000126,202604,4091893603,122
35491217000126,202605,3979497982,121
35491217000126,202606,3873063811,122
35491217000126,202607,3764656859,124
35491217000126,HOJE,3748774519,122
35500650000180,202512,2913039349,126
35500650000180,202601,2889938214,126
35500650000180,202602,2866329291,124
35500650000180,202603,2833679803,123
35500650000180,202604,2789019068,122
35500650000180,202605,2729424740,121
35500650000180,202606,2672819941,122
35500650000180,202607,2610003267,124
35500650000180,HOJE,2601116392,122
35502503000140,202512,117185195,126
35502503000140,202601,118371970,126
35502503000140,202602,119629146,124
35502503000140,202603,120889009,123
35502503000140,202604,121829431,122
35502503000140,202605,122261215,121
35502503000140,202606,122308395,122
35502503000140,202607,122564940,124
35502503000140,HOJE,122569280,122
35535754000120,202512,28621186,125
35535754000120,202601,28861471,125
35535754000120,202602,29094281,123
35535754000120,202603,29274560,122
35535754000120,202604,29292734,112
35535754000120,202605,29432394,112
35535754000120,202606,29726598,113
35535754000120,202607,29987698,108
35535754000120,HOJE,30016681,106
35600771000102,202512,186190222,126
35600771000102,202601,193740263,126
35600771000102,202602,198490820,124
35600771000102,202603,203221843,123
35600771000102,202604,202756230,122
35600771000102,202605,196495546,121
35600771000102,202606,185843266,122
35600771000102,202607,174645918,124
35600771000102,HOJE,173244257,122
35609382000130,202512,1104631928,126
35609382000130,202601,1108529048,126
35609382000130,202602,1108021080,124
35609382000130,202603,1109013963,123
35609382000130,202604,1108333916,122
35609382000130,202605,1105264799,121
35609382000130,202606,1097337480,122
35609382000130,202607,1096546609,124
35609382000130,HOJE,1097155449,121
35646238000173,202512,165587532,126
35646238000173,202601,168349673,126
35646238000173,202602,172608558,124
35646238000173,202603,178245311,123
35646238000173,202604,184688241,122
35646238000173,202605,193992805,121
35646238000173,202606,205414542,122
35646238000173,202607,218961883,124
35646238000173,HOJE,220878916,122
35650677000150,202512,106534345,126
35650677000150,202601,107626647,126
35650677000150,202602,108781344,124
35650677000150,202603,109932278,123
35650677000150,202604,110766437,122
35650677000150,202605,111134507,121
35650677000150,202606,111163592,122
35650677000150,202607,111382161,124
35650677000150,HOJE,111382664,122
35690218000108,202512,2325355779,126
35690218000108,202601,2741055675,126
35690218000108,202602,3206055318,124
35690218000108,202603,3665448671,123
35690218000108,202604,3829562033,122
35690218000108,202605,3941200978,121
35690218000108,202606,3874806928,122
35690218000108,202607,3580980154,124
35690218000108,HOJE,3533551288,122
35700232000137,202512,151253496,126
35700232000137,202601,152784021,126
35700232000137,202602,154403427,124
35700232000137,202603,156022094,123
35700232000137,202604,157225587,122
35700232000137,202605,157774395,121
35700232000137,202606,157826331,122
35700232000137,202607,158147197,124
35700232000137,HOJE,158151092,122
35755062000198,202512,30751954,126
35755062000198,202601,32273571,126
35755062000198,202602,33727318,124
35755062000198,202603,35382428,123
35755062000198,202604,36883802,121
35755062000198,202605,38011000,120
35755062000198,202606,38182504,121
35755062000198,202607,38400313,122
35755062000198,HOJE,38406616,120
35765444000100,202512,36153895,125
35765444000100,202601,37816764,125
35765444000100,202602,39536464,123
35765444000100,202603,39418000,122
35765444000100,202604,38270631,122
35765444000100,202605,37252097,121
35765444000100,202606,36244299,122
35765444000100,202607,34314971,124
35765444000100,HOJE,34006260,121
35803277000137,202512,206947100,126
35803277000137,202601,196786104,126
35803277000137,202602,187943851,124
35803277000137,202603,182677927,123
35803277000137,202604,180136860,122
35803277000137,202605,177651984,121
35803277000137,202606,174881945,122
35803277000137,202607,171185453,124
35803277000137,HOJE,170698827,122
35820685000105,202512,251691440,126
35820685000105,202601,277754472,126
35820685000105,202602,301478537,124
35820685000105,202603,328041207,123
35820685000105,202604,349998416,122
35820685000105,202605,367761714,121
35820685000105,202606,381587156,122
35820685000105,202607,395554327,124
35820685000105,HOJE,397513565,122
35823433000121,202512,13154408395,126
35823433000121,202601,13472020853,126
35823433000121,202602,13851231796,124
35823433000121,202603,14280533452,123
35823433000121,202604,14497711711,122
35823433000121,202605,14616342802,121
35823433000121,202606,14771503429,122
35823433000121,202607,14940003255,124
35823433000121,HOJE,14957266425,122
35844780000130,202512,24045524,126
35844780000130,202601,24088430,126
35844780000130,202602,24648690,124
35844780000130,202603,25339533,123
35844780000130,202604,25976751,122
35844780000130,202605,26500057,121
35844780000130,202606,26681265,122
35844780000130,202607,25263083,124
35844780000130,HOJE,25035590,122
35916343000185,202512,103426680,126
35916343000185,202601,103656157,126
35916343000185,202602,103980163,124
35916343000185,202603,104581592,123
35916343000185,202604,105202778,122
35916343000185,202605,105674452,121
35916343000185,202606,106137041,122
35916343000185,202607,106828179,124
35916343000185,HOJE,106938256,122
35916528000190,202512,42421779,126
35916528000190,202601,42842758,126
35916528000190,202602,43215088,124
35916528000190,202603,43720943,123
35916528000190,202604,44177801,122
35916528000190,202605,44646794,121
35916528000190,202606,45104531,122
35916528000190,202607,45624661,124
35916528000190,HOJE,45697542,122
35927084000198,202512,52301328,126
35927084000198,202601,52960454,126
35927084000198,202602,53567008,124
35927084000198,202603,54261623,123
35927084000198,202604,54857820,122
35927084000198,202605,55465940,121
35927084000198,202606,56080458,122
35927084000198,202607,56753816,123
35927084000198,HOJE,56846661,121
35927302000194,202512,73218839,126
35927302000194,202601,81974063,126
35927302000194,202602,90419499,124
35927302000194,202603,101539315,123
35927302000194,202604,110745699,122
35927302000194,202605,111297081,121
35927302000194,202606,111846075,122
35927302000194,202607,112483089,124
35927302000194,HOJE,112558933,121
35927331000156,202512,251305842,126
35927331000156,202601,258830005,126
35927331000156,202602,264591065,124
35927331000156,202603,270231379,123
35927331000156,202604,273935298,122
35927331000156,202605,275772783,121
35927331000156,202606,278596029,122
35927331000156,202607,282423460,124
35927331000156,HOJE,282859867,121
36015218000167,202512,13300215,126
36015218000167,202601,13169863,126
36015218000167,202602,13172630,124
36015218000167,202603,13238709,123
36015218000167,202604,13373446,122
36015218000167,202605,13495149,121
36015218000167,202606,13580002,122
36015218000167,202607,13649970,124
36015218000167,HOJE,13661056,122
36017195000120,202512,228057136,126
36017195000120,202601,230399025,126
36017195000120,202602,232335203,124
36017195000120,202603,233729877,123
36017195000120,202604,234683300,122
36017195000120,202605,236505602,121
36017195000120,202606,237546014,122
36017195000120,202607,236385084,124
36017195000120,HOJE,236200973,122
36017273000196,202512,64585754,126
36017273000196,202601,60528305,126
36017273000196,202602,54760027,124
36017273000196,202603,51465563,123
36017273000196,202604,50886416,122
36017273000196,202605,50973804,121
36017273000196,202606,51807389,122
36017273000196,202607,52294232,124
36017273000196,HOJE,52786706,122
36178962000182,202512,28661300,125
36178962000182,202601,28432731,125
36178962000182,202602,28261543,123
36178962000182,202603,27972027,122
36178962000182,202604,27643662,109
36178962000182,202605,27071517,107
36178962000182,202606,26742540,108
36178962000182,202607,26668310,105
36178962000182,HOJE,26641776,102
36181909000130,202512,52884842,126
36181909000130,202601,53454076,126
36181909000130,202602,53685801,124
36181909000130,202603,53947729,123
36181909000130,202604,54182201,122
36181909000130,202605,54431214,121
36181909000130,202606,54628487,122
36181909000130,202607,55061972,124
36181909000130,HOJE,55145586,122
36233973000118,202512,2114205281,126
36233973000118,202601,2178855277,126
36233973000118,202602,2209766781,124
36233973000118,202603,2212072772,123
36233973000118,202604,2203396770,122
36233973000118,202605,2192928446,121
36233973000118,202606,2181976055,122
36233973000118,202607,2172454549,124
36233973000118,HOJE,2170950600,122
36247749000185,202512,126908149,126
36247749000185,202601,120036912,126
36247749000185,202602,114168602,124
36247749000185,202603,107901399,123
36247749000185,202604,102416089,122
36247749000185,202605,97129867,121
36247749000185,202606,92149300,122
36247749000185,202607,87551975,124
36247749000185,HOJE,86924812,122
36295878000149,202512,303986132,126
36295878000149,202601,306805607,126
36295878000149,202602,309464664,124
36295878000149,202603,312613982,123
36295878000149,202604,315564482,122
36295878000149,202605,318451901,121
36295878000149,202606,321113470,122
36295878000149,202607,324002282,124
36295878000149,HOJE,324399629,122
36318479000156,202512,2060046549,126
36318479000156,202601,2028141878,126
36318479000156,202602,1999581595,124
36318479000156,202603,1962323028,123
36318479000156,202604,1930959379,122
36318479000156,202605,1910510368,121
36318479000156,202606,1890197045,122
36318479000156,202607,1875895670,124
36318479000156,HOJE,1873641144,122
36327365000172,202512,27180657,126
36327365000172,202601,25552177,126
36327365000172,202602,24398119,124
36327365000172,202603,23230241,123
36327365000172,202604,22295395,122
36327365000172,202605,21601651,121
36327365000172,202606,20907259,122
36327365000172,202607,20286722,124
36327365000172,HOJE,20214599,121
36352346000104,202512,67917340,126
36352346000104,202601,66958948,126
36352346000104,202602,65995848,124
36352346000104,202603,64452856,123
36352346000104,202604,60166680,122
36352346000104,202605,64758171,121
36352346000104,202606,70661133,122
36352346000104,202607,77904654,124
36352346000104,HOJE,78653723,121
36352509000140,202512,486463891,126
36352509000140,202601,517053474,126
36352509000140,202602,544680728,124
36352509000140,202603,576161685,123
36352509000140,202604,599006821,122
36352509000140,202605,609901370,121
36352509000140,202606,609519289,122
36352509000140,202607,602755732,124
36352509000140,HOJE,602001822,121
36368438000174,202512,212045337,126
36368438000174,202601,213977432,126
36368438000174,202602,215772420,123
36368438000174,202603,217852231,121
36368438000174,202604,220011426,120
36368438000174,202605,222069796,119
36368438000174,202606,223878195,120
36368438000174,202607,218029523,122
36368438000174,HOJE,217327232,120
36498670000127,202512,4544619431,126
36498670000127,202601,4437712000,126
36498670000127,202602,4311473780,124
36498670000127,202603,4157774539,123
36498670000127,202604,4055154882,122
36498670000127,202605,3967724094,121
36498670000127,202606,3897272087,122
36498670000127,202607,3833609433,124
36498670000127,HOJE,3824634044,122
36499357000103,202512,4737216,126
36499357000103,202601,5000956,126
36499357000103,202602,5287494,124
36499357000103,202603,5582585,123
36499357000103,202604,5952421,122
36499357000103,202605,6201333,121
36499357000103,202606,6384789,122
36499357000103,202607,6532052,124
36499357000103,HOJE,6545780,122
36517858000175,202512,374246917,126
36517858000175,202601,381828630,126
36517858000175,202602,388513916,124
36517858000175,202603,396922251,123
36517858000175,202604,404297602,122
36517858000175,202605,411966810,121
36517858000175,202606,419235242,122
36517858000175,202607,424655939,124
36517858000175,HOJE,425399458,122
36518029000107,202512,360002786,126
36518029000107,202601,360157705,126
36518029000107,202602,358768865,124
36518029000107,202603,354289332,123
36518029000107,202604,349781881,122
36518029000107,202605,344855580,121
36518029000107,202606,337757099,122
36518029000107,202607,334722746,124
36518029000107,HOJE,334127946,121
36521640000194,202512,75905690,126
36521640000194,202601,77277227,126
36521640000194,202602,79931973,124
36521640000194,202603,83057448,123
36521640000194,202604,85758183,122
36521640000194,202605,88527710,121
36521640000194,202606,91369146,122
36521640000194,202607,94206574,124
36521640000194,HOJE,94470557,122
36521676000178,202512,629244110,126
36521676000178,202601,622133513,126
36521676000178,202602,615276463,124
36521676000178,202603,605091084,123
36521676000178,202604,588222283,122
36521676000178,202605,572567692,121
36521676000178,202606,557822028,122
36521676000178,202607,538091776,124
36521676000178,HOJE,535746929,121
36521686000103,202512,1251513576,126
36521686000103,202601,1248429215,126
36521686000103,202602,1245017125,124
36521686000103,202603,1235050281,123
36521686000103,202604,1205717842,122
36521686000103,202605,1182071193,121
36521686000103,202606,1152082531,122
36521686000103,202607,1098416102,124
36521686000103,HOJE,1090354931,122
36521750000156,202512,352394216,126
36521750000156,202601,359201913,126
36521750000156,202602,371664682,124
36521750000156,202603,383232331,123
36521750000156,202604,391723042,122
36521750000156,202605,400648561,121
36521750000156,202606,410860117,122
36521750000156,202607,422747479,124
36521750000156,HOJE,422725528,121
36532178000120,202512,14714198,126
36532178000120,202601,15469717,126
36532178000120,202602,16158868,124
36532178000120,202603,16921013,123
36532178000120,202604,17386072,122
36532178000120,202605,25780253,121
36532178000120,202606,25742106,122
36532178000120,202607,25459390,124
36532178000120,HOJE,25584838,122
36617679000100,202512,356551888,126
36617679000100,202601,354363956,126
36617679000100,202602,350842251,124
36617679000100,202603,346082514,123
36617679000100,202604,340295982,122
36617679000100,202605,330425776,121
36617679000100,202606,324704807,122
36617679000100,202607,321195814,124
36617679000100,HOJE,320926407,122
36620786000197,202512,145505789,126
36620786000197,202601,147067348,126
36620786000197,202602,148739288,124
36620786000197,202603,150537883,123
36620786000197,202604,152277454,122
36620786000197,202605,153887518,121
36620786000197,202606,155362769,122
36620786000197,202607,156964563,124
36620786000197,HOJE,157140411,122
36671861000149,202512,263666294,126
36671861000149,202601,270377729,126
36671861000149,202602,273637780,124
36671861000149,202603,274394926,123
36671861000149,202604,274193571,122
36671861000149,202605,271848978,121
36671861000149,202606,271262684,122
36671861000149,202607,268250647,124
36671861000149,HOJE,267820578,121
36729801000130,202512,9915176,126
36729801000130,202601,10030857,126
36729801000130,202602,10138285,124
36729801000130,202603,10216830,123
36729801000130,202604,10242488,122
36729801000130,202605,10181142,121
36729801000130,202606,10103110,122
36729801000130,202607,10034386,124
36729801000130,HOJE,10020998,122
36771728000164,202512,651911624,126
36771728000164,202601,718565997,126
36771728000164,202602,784425194,124
36771728000164,202603,855345994,123
36771728000164,202604,929342165,122
36771728000164,202605,1016632412,121
36771728000164,202606,1079212939,122
36771728000164,202607,1136079927,124
36771728000164,HOJE,1142165489,122
36874628000163,202512,405878464,126
36874628000163,202601,399117337,126
36874628000163,202602,393790873,124
36874628000163,202603,381487855,123
36874628000163,202604,371455582,122
36874628000163,202605,360685332,121
36874628000163,202606,348894289,122
36874628000163,202607,337777074,124
36874628000163,HOJE,336258731,122
36947635000148,202512,289065146,126
36947635000148,202601,292443908,126
36947635000148,202602,295736419,124
36947635000148,202603,299127583,123
36947635000148,202604,302249280,122
36947635000148,202605,304783741,121
36947635000148,202606,304571983,122
36947635000148,202607,279092024,124
36947635000148,HOJE,276387274,122
37008673000106,202512,35083868,126
37008673000106,202601,23647936,126
37008673000106,202602,16223366,124
37008673000106,202603,16479526,123
37008673000106,202604,17022158,122
37008673000106,202605,17013458,121
37008673000106,202606,16776072,122
37008673000106,202607,16764627,124
37008673000106,HOJE,16764949,122
37037999000153,202512,136047367,126
37037999000153,202601,137467966,126
37037999000153,202602,138971162,124
37037999000153,202603,140551832,123
37037999000153,202604,141905745,122
37037999000153,202605,142689230,121
37037999000153,202606,143115504,122
37037999000153,202607,143765137,124
37037999000153,HOJE,143831134,122
37099037000129,202512,307481563,126
37099037000129,202601,303500711,126
37099037000129,202602,300641313,124
37099037000129,202603,297189295,123
37099037000129,202604,294931719,122
37099037000129,202605,293661238,121
37099037000129,202606,293310069,122
37099037000129,202607,292933918,124
37099037000129,HOJE,292904530,122
37235948000136,202512,23341561332,126
37235948000136,202601,25144091146,126
37235948000136,202602,26310281866,124
37235948000136,202603,26979611413,123
37235948000136,202604,27233810627,122
37235948000136,202605,27404763125,121
37235948000136,202606,27536983743,122
37235948000136,202607,27648207654,124
37235948000136,HOJE,27667470445,122
37253989000155,202512,27238930,126
37253989000155,202601,27560559,126
37253989000155,202602,27854940,124
37253989000155,202603,28195778,123
37253989000155,202604,28500941,122
37253989000155,202605,28814992,121
37253989000155,202606,29141499,122
37253989000155,202607,29500012,124
37253989000155,HOJE,29547866,122
37266789000137,202512,17202252,126
37266789000137,202601,17435327,126
37266789000137,202602,17659608,124
37266789000137,202603,17884424,123
37266789000137,202604,18079199,122
37266789000137,202605,18256350,121
37266789000137,202606,18396996,122
37266789000137,202607,18525785,124
37266789000137,HOJE,18542335,122
37267132000194,202512,20616065,126
37267132000194,202601,19361869,126
37267132000194,202602,18149235,124
37267132000194,202603,17468760,123
37267132000194,202604,16832563,122
37267132000194,202605,16166429,121
37267132000194,202606,15485220,122
37267132000194,202607,14766994,124
37267132000194,HOJE,14647915,122
37319367000182,202512,413653408,126
37319367000182,202601,415780620,126
37319367000182,202602,418459926,124
37319367000182,202603,421464669,123
37319367000182,202604,419877944,122
37319367000182,202605,416248452,121
37319367000182,202606,420736645,122
37319367000182,202607,425810263,124
37319367000182,HOJE,426408582,122
37319460000197,202512,36866475,126
37319460000197,202601,37239029,126
37319460000197,202602,37635677,124
37319460000197,202603,37915711,123
37319460000197,202604,38199303,122
37319460000197,202605,38315405,121
37319460000197,202606,38317788,122
37319460000197,202607,38383856,124
37319460000197,HOJE,38381444,122
37322048000126,202512,1113005243,126
37322048000126,202601,1124887569,126
37322048000126,202602,1149855668,124
37322048000126,202603,1181380555,123
37322048000126,202604,1212277549,122
37322048000126,202605,1236381143,121
37322048000126,202606,1246576785,122
37322048000126,202607,1239302335,124
37322048000126,HOJE,1237737714,122
37331175000191,202512,81298331,126
37331175000191,202601,84850596,126
37331175000191,202602,88134980,124
37331175000191,202603,93562743,123
37331175000191,202604,100957450,122
37331175000191,202605,108563475,121
37331175000191,202606,116790096,122
37331175000191,202607,126472451,124
37331175000191,HOJE,128048305,122
37333999000109,202512,24472436,126
37333999000109,202601,26244079,126
37333999000109,202602,28557257,124
37333999000109,202603,31606552,123
37333999000109,202604,33477515,122
37333999000109,202605,35112203,121
37333999000109,202606,36713291,122
37333999000109,202607,38397232,124
37333999000109,HOJE,38654222,122
37334028000175,202512,96719421,126
37334028000175,202601,94619875,126
37334028000175,202602,91280719,124
37334028000175,202603,88411230,123
37334028000175,202604,86677247,122
37334028000175,202605,82628983,121
37334028000175,202606,78326934,122
37334028000175,202607,73890394,124
37334028000175,HOJE,73224061,122
37368078000173,202512,136666568,126
37368078000173,202601,149293601,126
37368078000173,202602,164284982,124
37368078000173,202603,185587741,123
37368078000173,202604,208288925,122
37368078000173,202605,230859147,121
37368078000173,202606,249911658,122
37368078000173,202607,265166072,124
37368078000173,HOJE,267148800,121
37440121000164,202512,144873061,126
37440121000164,202601,144116548,126
37440121000164,202602,143502381,124
37440121000164,202603,143400735,123
37440121000164,202604,145403174,122
37440121000164,202605,147148207,120
37440121000164,202606,148948552,121
37440121000164,202607,150301755,123
37440121000164,HOJE,150481359,121
37452819000108,202512,205206098,126
37452819000108,202601,207721835,126
37452819000108,202602,210062680,124
37452819000108,202603,212439402,123
37452819000108,202604,214200587,122
37452819000108,202605,215880422,121
37452819000108,202606,217766325,122
37452819000108,202607,220381900,124
37452819000108,HOJE,220738416,122
37467474000158,202512,167731395,126
37467474000158,202601,172877517,126
37467474000158,202602,180574522,124
37467474000158,202603,186305951,123
37467474000158,202604,192303336,122
37467474000158,202605,196546117,121
37467474000158,202606,199539193,122
37467474000158,202607,199795676,124
37467474000158,HOJE,199539707,122
37525998000158,202512,4953194580,126
37525998000158,202601,5013354392,126
37525998000158,202602,5083921452,124
37525998000158,202603,5107647456,123
37525998000158,202604,5086891257,122
37525998000158,202605,4959030983,121
37525998000158,202606,4704059551,122
37525998000158,202607,4261437912,124
37525998000158,HOJE,4190397853,122
37539419000126,202512,156720548,126
37539419000126,202601,142191444,126
37539419000126,202602,130010048,124
37539419000126,202603,115252729,123
37539419000126,202604,104380958,122
37539419000126,202605,96628216,121
37539419000126,202606,90289785,122
37539419000126,202607,83900945,124
37539419000126,HOJE,82877246,122
37541412000149,202512,64571764,126
37541412000149,202601,64243522,126
37541412000149,202602,64021380,124
37541412000149,202603,63598088,123
37541412000149,202604,63030363,122
37541412000149,202605,62754559,121
37541412000149,202606,62736144,122
37541412000149,202607,62831654,124
37541412000149,HOJE,62828754,122
37567174000140,202512,81929919,126
37567174000140,202601,84081005,126
37567174000140,202602,86174635,124
37567174000140,202603,88531656,123
37567174000140,202604,90582530,122
37567174000140,202605,92304481,121
37567174000140,202606,92896821,122
37567174000140,202607,93135908,124
37567174000140,HOJE,93144113,122
37626651000100,202512,285002779,126
37626651000100,202601,274555495,126
37626651000100,202602,268328960,124
37626651000100,202603,258520465,123
37626651000100,202604,250285919,122
37626651000100,202605,250986547,121
37626651000100,202606,251353796,122
37626651000100,202607,245957692,124
37626651000100,HOJE,244432050,122
37728016000125,202512,105419658,126
37728016000125,202601,106485373,126
37728016000125,202602,107617378,124
37728016000125,202603,108771770,123
37728016000125,202604,109720581,122
37728016000125,202605,110253871,121
37728016000125,202606,110421271,122
37728016000125,202607,110814293,124
37728016000125,HOJE,110841529,122
37750682000160,202512,51441952,126
37750682000160,202601,52008595,126
37750682000160,202602,52590455,124
37750682000160,202603,53093535,123
37750682000160,202604,53504244,122
37750682000160,202605,53837668,121
37750682000160,202606,54111177,122
37750682000160,202607,54370611,124
37750682000160,HOJE,54379780,121
37780270000172,202512,52750763,126
37780270000172,202601,54475616,126
37780270000172,202602,56039217,124
37780270000172,202603,58411688,123
37780270000172,202604,60820489,122
37780270000172,202605,63184620,121
37780270000172,202606,64518400,122
37780270000172,202607,65689310,124
37780270000172,HOJE,65859412,122
37805950000101,202512,21368302,126
37805950000101,202601,21577125,126
37805950000101,202602,21776217,124
37805950000101,202603,22005599,123
37805950000101,202604,22227202,122
37805950000101,202605,22446244,121
37805950000101,202606,22666987,122
37805950000101,202607,22903392,124
37805950000101,HOJE,22929450,121
37828591000108,202512,39033591,126
37828591000108,202601,39245977,126
37828591000108,202602,39182557,124
37828591000108,202603,39004610,123
37828591000108,202604,38753590,122
37828591000108,202605,38326144,121
37828591000108,202606,37796397,122
37828591000108,202607,37497914,124
37828591000108,HOJE,37497984,122
37842935000125,202512,28275526,126
37842935000125,202601,28661365,126
37842935000125,202602,29086987,124
37842935000125,202603,29481920,123
37842935000125,202604,29950188,122
37842935000125,202605,30216050,121
37842935000125,202606,30330755,122
37842935000125,202607,30414313,124
37842935000125,HOJE,30421031,122
37887955000112,202512,36626656,126
37887955000112,202601,37018722,126
37887955000112,202602,37379213,124
37887955000112,202603,37811394,123
37887955000112,202604,38221212,122
37887955000112,202605,38613043,120
37887955000112,202606,38989848,118
37887955000112,202607,39387768,112
37887955000112,HOJE,39440779,109
37893242000161,202512,74552190,126
37893242000161,202601,75331850,126
37893242000161,202602,76138597,124
37893242000161,202603,76941678,123
37893242000161,202604,77453036,122
37893242000161,202605,77625682,121
37893242000161,202606,77571641,122
37893242000161,202607,77696647,124
37893242000161,HOJE,77697841,122
37893263000187,202512,116886106,126
37893263000187,202601,118076958,126
37893263000187,202602,119335658,124
37893263000187,202603,120587342,123
37893263000187,202604,121486817,122
37893263000187,202605,121871960,121
37893263000187,202606,121891711,122
37893263000187,202607,122129654,124
37893263000187,HOJE,122130431,122
37893354000112,202512,215605749,126
37893354000112,202601,184963033,126
37893354000112,202602,157102254,124
37893354000112,202603,122689870,123
37893354000112,202604,90436692,122
37893354000112,202605,56936676,121
37893354000112,202606,57246464,122
37893354000112,202607,57644766,124
37893354000112,HOJE,57688169,122
37895276000195,202512,194789822,126
37895276000195,202601,192204058,126
37895276000195,202602,189879824,124
37895276000195,202603,186455342,123
37895276000195,202604,182882274,122
37895276000195,202605,179222803,121
37895276000195,202606,177514690,122
37895276000195,202607,171365057,124
37895276000195,HOJE,170932686,121
37899720000140,202512,259468470,126
37899720000140,202601,253893395,126
37899720000140,202602,244437899,124
37899720000140,202603,223383845,123
37899720000140,202604,203588760,122
37899720000140,202605,175093436,121
37899720000140,202606,142961107,122
37899720000140,202607,117430684,124
37899720000140,HOJE,114050968,121
38026869000188,202512,456647916,126
38026869000188,202601,450653389,126
38026869000188,202602,445722933,124
38026869000188,202603,441968622,123
38026869000188,202604,443999297,122
38026869000188,202605,447973209,121
38026869000188,202606,452403564,122
38026869000188,202607,457375052,124
38026869000188,HOJE,457977628,121
38111943000164,202512,72886866,126
38111943000164,202601,73367918,126
38111943000164,202602,73842340,124
38111943000164,202603,74404378,123
38111943000164,202604,75081908,122
38111943000164,202605,75561519,121
38111943000164,202606,75921942,122
38111943000164,202607,76330173,124
38111943000164,HOJE,76385503,122
38120661000123,202512,24964326,126
38120661000123,202601,24162351,126
38120661000123,202602,23436587,124
38120661000123,202603,22550368,123
38120661000123,202604,21772874,122
38120661000123,202605,21330570,121
38120661000123,202606,20993328,122
38120661000123,202607,20759624,124
38120661000123,HOJE,20729379,121
38150833000101,202512,55171908,126
38150833000101,202601,55780084,126
38150833000101,202602,56291126,124
38150833000101,202603,56943160,123
38150833000101,202604,57844485,122
38150833000101,202605,58662889,121
38150833000101,202606,59424811,122
38150833000101,202607,60175522,124
38150833000101,HOJE,60265896,121
38195881000116,202512,52803967,126
38195881000116,202601,53496101,126
38195881000116,202602,54295430,124
38195881000116,202603,55187464,123
38195881000116,202604,56113917,122
38195881000116,202605,56866003,121
38195881000116,202606,57508706,122
38195881000116,202607,58115443,124
38195881000116,HOJE,58174417,121
38230040000100,202512,269249395,126
38230040000100,202601,276815690,126
38230040000100,202602,281833130,124
38230040000100,202603,284869833,123
38230040000100,202604,287391704,122
38230040000100,202605,289793312,121
38230040000100,202606,292268298,122
38230040000100,202607,293795245,124
38230040000100,HOJE,293985046,121
38439714000173,202512,24681053,126
38439714000173,202601,25091459,126
38439714000173,202602,25480003,124
38439714000173,202603,25949346,123
38439714000173,202604,26393234,122
38439714000173,202605,26783268,121
38439714000173,202606,27150799,122
38439714000173,202607,27450896,124
38439714000173,HOJE,27490907,122
38489240000174,202512,57788901,126
38489240000174,202601,58386700,126
38489240000174,202602,59018424,124
38489240000174,202603,59646292,123
38489240000174,202604,60091100,122
38489240000174,202605,60283295,121
38489240000174,202606,60296532,122
38489240000174,202607,60417011,124
38489240000174,HOJE,60416808,122
38542842000148,202512,60042344,126
38542842000148,202601,60633222,126
38542842000148,202602,61174751,124
38542842000148,202603,61814986,123
38542842000148,202604,62348148,122
38542842000148,202605,62918067,121
38542842000148,202606,63495138,122
38542842000148,202607,64131132,124
38542842000148,HOJE,64202521,121
38653941000105,202512,1699256984,126
38653941000105,202601,1750666826,126
38653941000105,202602,1807586867,124
38653941000105,202603,1868660211,123
38653941000105,202604,1909969321,122
38653941000105,202605,1950247153,121
38653941000105,202606,1987238188,122
38653941000105,202607,2035968911,124
38653941000105,HOJE,2042619208,122
39152991000163,202512,265752138,126
39152991000163,202601,277757533,126
39152991000163,202602,289676020,124
39152991000163,202603,303069065,123
39152991000163,202604,314415251,122
39152991000163,202605,325278928,121
39152991000163,202606,334670861,122
39152991000163,202607,337645532,124
39152991000163,HOJE,337667091,122
39255769000196,202512,100876209,126
39255769000196,202601,102543067,126
39255769000196,202602,104029767,124
39255769000196,202603,105308796,123
39255769000196,202604,105553977,122
39255769000196,202605,105606668,121
39255769000196,202606,105438624,122
39255769000196,202607,105313856,124
39255769000196,HOJE,105210976,121
39314609000170,202512,10922671,125
39314609000170,202601,11026431,125
39314609000170,202602,11124402,123
39314609000170,202603,11233106,122
39314609000170,202604,11337600,121
39314609000170,202605,11434752,120
39314609000170,202606,11532847,122
39314609000170,202607,11634764,121
39314609000170,HOJE,11643227,117
39316768000104,202512,66328287,126
39316768000104,202601,63358462,126
39316768000104,202602,61528227,124
39316768000104,202603,58692145,123
39316768000104,202604,55785936,122
39316768000104,202605,52597326,121
39316768000104,202606,51715188,122
39316768000104,202607,50928012,124
39316768000104,HOJE,50777384,122
39354788000170,202512,53629459,126
39354788000170,202601,54610290,126
39354788000170,202602,55223855,124
39354788000170,202603,54331065,123
39354788000170,202604,53296149,122
39354788000170,202605,52264262,120
39354788000170,202606,51204968,121
39354788000170,202607,50091180,123
39354788000170,HOJE,49872673,121
39375554000109,202512,425532743,126
39375554000109,202601,429092671,126
39375554000109,202602,435173221,124
39375554000109,202603,442824572,123
39375554000109,202604,444114282,122
39375554000109,202605,443324166,121
39375554000109,202606,440344936,122
39375554000109,202607,435380643,124
39375554000109,HOJE,434024170,122
39487617000119,202512,924228451,126
39487617000119,202601,910627626,126
39487617000119,202602,897258723,124
39487617000119,202603,878714397,123
39487617000119,202604,859839192,122
39487617000119,202605,837732834,121
39487617000119,202606,816283335,122
39487617000119,202607,794794003,124
39487617000119,HOJE,791758529,122
39488674000112,202512,105053730,126
39488674000112,202601,106322390,126
39488674000112,202602,107512972,124
39488674000112,202603,108876085,123
39488674000112,202604,110166081,122
39488674000112,202605,111423448,121
39488674000112,202606,112648706,122
39488674000112,202607,113963119,124
39488674000112,HOJE,114136842,122
39488907000187,202512,69848679,126
39488907000187,202601,69927643,126
39488907000187,202602,69806463,124
39488907000187,202603,69619360,123
39488907000187,202604,69435532,122
39488907000187,202605,68659439,121
39488907000187,202606,66734962,122
39488907000187,202607,65311764,124
39488907000187,HOJE,65169163,122
39502502000156,202512,35605468,126
39502502000156,202601,26199483,126
39502502000156,202602,17775500,124
39502502000156,202603,10860798,123
39502502000156,202604,8797252,122
39502502000156,202605,7803140,121
39502502000156,202606,6835000,122
39502502000156,202607,6340639,124
39502502000156,HOJE,6290109,122
39511694000167,202512,12950633,126
39511694000167,202601,13079746,126
39511694000167,202602,13199399,124
39511694000167,202603,13440904,123
39511694000167,202604,13666035,122
39511694000167,202605,13890212,121
39511694000167,202606,14053828,122
39511694000167,202607,14190663,124
39511694000167,HOJE,14209266,122
39511976000164,202512,158903095,126
39511976000164,202601,159969516,126
39511976000164,202602,160960353,124
39511976000164,202603,161612408,123
39511976000164,202604,162763256,122
39511976000164,202605,163814210,121
39511976000164,202606,164517410,122
39511976000164,202607,165282935,124
39511976000164,HOJE,165323442,122
39573262000180,202512,31269364,126
39573262000180,202601,28168197,126
39573262000180,202602,25256455,124
39573262000180,202603,23534215,123
39573262000180,202604,22489529,122
39573262000180,202605,21511147,121
39573262000180,202606,21652124,122
39573262000180,202607,21639558,124
39573262000180,HOJE,21644088,121
39682386000102,202512,328741274,126
39682386000102,202601,340345152,126
39682386000102,202602,350914308,124
39682386000102,202603,363456519,123
39682386000102,202604,372513559,122
39682386000102,202605,378095164,121
39682386000102,202606,380060942,122
39682386000102,202607,381275888,124
39682386000102,HOJE,381414533,121
39703214000160,202512,209679428,126
39703214000160,202601,213109233,126
39703214000160,202602,215585679,124
39703214000160,202603,218485329,123
39703214000160,202604,220081543,122
39703214000160,202605,221501501,121
39703214000160,202606,225853387,122
39703214000160,202607,231771889,124
39703214000160,HOJE,232252368,121
39723106000159,202512,1386501440,126
39723106000159,202601,1418507267,126
39723106000159,202602,1452865308,124
39723106000159,202603,1491320393,123
39723106000159,202604,1523154747,122
39723106000159,202605,1548436059,121
39723106000159,202606,1566865918,122
39723106000159,202607,1575936152,122
39723106000159,HOJE,1576512203,119
39958460000162,202512,350547054,126
39958460000162,202601,358238401,126
39958460000162,202602,364958522,124
39958460000162,202603,374156992,123
39958460000162,202604,383238623,122
39958460000162,202605,397915460,121
39958460000162,202606,419560624,122
39958460000162,202607,448422895,124
39958460000162,HOJE,452736597,122
40022460000135,202512,363304345,126
40022460000135,202601,338514775,126
40022460000135,202602,318669195,124
40022460000135,202603,297996670,123
40022460000135,202604,280478268,122
40022460000135,202605,263991078,121
40022460000135,202606,248533525,122
40022460000135,202607,233545516,124
40022460000135,HOJE,231410164,122
40054529000102,202512,27681142,126
40054529000102,202601,27963492,126
40054529000102,202602,28261930,124
40054529000102,202603,28560807,123
40054529000102,202604,28782653,122
40054529000102,202605,28883184,121
40054529000102,202606,28893126,122
40054529000102,202607,28952842,124
40054529000102,HOJE,28953669,122
40101519000180,202512,118662545,126
40101519000180,202601,120285268,126
40101519000180,202602,121658377,124
40101519000180,202603,123235227,123
40101519000180,202604,124376530,122
40101519000180,202605,124970790,121
40101519000180,202606,125201243,122
40101519000180,202607,125636614,124
40101519000180,HOJE,125675212,122
40142060000163,202512,433801066,126
40142060000163,202601,391714094,126
40142060000163,202602,351209132,124
40142060000163,202603,300393147,123
40142060000163,202604,253792066,122
40142060000163,202605,205825020,121
40142060000163,202606,158766951,122
40142060000163,202607,156307153,124
40142060000163,HOJE,156316521,122
40152515000121,202512,56189894,126
40152515000121,202601,56786917,126
40152515000121,202602,57358667,124
40152515000121,202603,58034716,123
40152515000121,202604,58689854,122
40152515000121,202605,59299436,120
40152515000121,202606,59887259,121
40152515000121,202607,60522231,123
40152515000121,HOJE,60609525,121
40152982000151,202512,20271605,126
40152982000151,202601,20485378,126
40152982000151,202602,20686485,124
40152982000151,202603,20925126,123
40152982000151,202604,21151024,122
40152982000151,202605,21373916,121
40152982000151,202606,21590246,122
40152982000151,202607,21826314,124
40152982000151,HOJE,21858110,122
40153085000162,202512,34832011,126
40153085000162,202601,35147268,126
40153085000162,202602,35439554,124
40153085000162,202603,35794554,123
40153085000162,202604,36123275,122
40153085000162,202605,36480468,121
40153085000162,202606,36858012,122
40153085000162,202607,37265045,124
40153085000162,HOJE,37319814,122
40156669000191,202512,58488430,126
40156669000191,202601,53704608,126
40156669000191,202602,50480140,124
40156669000191,202603,47357062,122
40156669000191,202604,44784888,121
40156669000191,202605,43739701,120
40156669000191,202606,43178927,121
40156669000191,202607,42600533,123
40156669000191,HOJE,42519987,121
40194274000183,202512,151157405,126
40194274000183,202601,153447671,126
40194274000183,202602,155291473,124
40194274000183,202603,156275753,123
40194274000183,202604,157536923,122
40194274000183,202605,158893581,121
40194274000183,202606,160360692,122
40194274000183,202607,161801831,124
40194274000183,HOJE,161943215,121
40194279000106,202512,97381081,126
40194279000106,202601,95782047,126
40194279000106,202602,94268741,124
40194279000106,202603,92221349,123
40194279000106,202604,90412075,122
40194279000106,202605,89124784,121
40194279000106,202606,88378175,122
40194279000106,202607,88794220,124
40194279000106,HOJE,88852881,121
40219186000199,202512,21552195,125
40219186000199,202601,21782522,125
40219186000199,202602,22001175,123
40219186000199,202603,22242799,122
40219186000199,202604,22455970,122
40219186000199,202605,22668157,121
40219186000199,202606,22874834,122
40219186000199,202607,23090599,123
40219186000199,HOJE,23119882,121
40226109000166,202512,23200718,126
40226109000166,202601,23426193,126
40226109000166,202602,23641255,124
40226109000166,202603,23848144,123
40226109000166,202604,24056767,122
40226109000166,202605,24220222,121
40226109000166,202606,24375321,122
40226109000166,202607,24530216,124
40226109000166,HOJE,24545991,121
40413612000120,202512,549865675,126
40413612000120,202601,555652198,126
40413612000120,202602,561197445,124
40413612000120,202603,567870508,123
40413612000120,202604,574294211,122
40413612000120,202605,580535633,121
40413612000120,202606,586539295,122
40413612000120,202607,593058380,124
40413612000120,HOJE,593920898,122
40456260000190,202512,467097430,126
40456260000190,202601,456172147,126
40456260000190,202602,448032279,124
40456260000190,202603,440659139,123
40456260000190,202604,428622045,122
40456260000190,202605,417249362,121
40456260000190,202606,406570209,122
40456260000190,202607,393957255,124
40456260000190,HOJE,391878636,122
40456283000103,202512,117528995,126
40456283000103,202601,118870586,126
40456283000103,202602,120115511,124
40456283000103,202603,121560391,123
40456283000103,202604,122922316,122
40456283000103,202605,124263373,121
40456283000103,202606,125545271,122
40456283000103,202607,126926478,124
40456283000103,HOJE,127114027,122
40456434000115,202512,1443101,126
40456434000115,202601,1458434,126
40456434000115,202602,1472421,124
40456434000115,202603,1489223,123
40456434000115,202604,1504688,122
40456434000115,202605,1520265,121
40456434000115,202606,1535941,122
40456434000115,202607,1552805,124
40456434000115,HOJE,1555105,122
40476059000175,202512,48602524,126
40476059000175,202601,47967455,126
40476059000175,202602,47233151,124
40476059000175,202603,45660763,123
40476059000175,202604,44350188,122
40476059000175,202605,43112497,121
40476059000175,202606,42463304,122
40476059000175,202607,42077297,124
40476059000175,HOJE,42040632,122
40764095000134,202512,24543098,126
40764095000134,202601,24828058,126
40764095000134,202602,25090659,124
40764095000134,202603,25406341,123
40764095000134,202604,25692577,122
40764095000134,202605,25985854,121
40764095000134,202606,26283579,122
40764095000134,202607,26604777,124
40764095000134,HOJE,26648403,122
40815606000108,202512,17574180,126
40815606000108,202601,17429318,126
40815606000108,202602,17185686,124
40815606000108,202603,16858617,123
40815606000108,202604,17298459,122
40815606000108,202605,18459697,121
40815606000108,202606,17991620,122
40815606000108,202607,17345564,124
40815606000108,HOJE,17358201,121
40832863000140,202512,9588494537,126
40832863000140,202601,9686185875,126
40832863000140,202602,9769879140,124
40832863000140,202603,9869742079,123
40832863000140,202604,9959899555,122
40832863000140,202605,10050636277,121
40832863000140,202606,10146569793,122
40832863000140,202607,10253038981,124
40832863000140,HOJE,10264172914,121
40897052000127,202512,11992537,126
40897052000127,202601,12110839,126
40897052000127,202602,12241021,124
40897052000127,202603,12353550,123
40897052000127,202604,12435786,122
40897052000127,202605,12487294,121
40897052000127,202606,12514047,122
40897052000127,202607,12543319,124
40897052000127,HOJE,12542714,122
40897658000162,202512,29807745,126
40897658000162,202601,29510941,126
40897658000162,202602,29133960,124
40897658000162,202603,28687858,123
40897658000162,202604,28356462,122
40897658000162,202605,28315774,121
40897658000162,202606,28266341,122
40897658000162,202607,27970565,124
40897658000162,HOJE,27943681,122
40963283000191,202512,242093016,123
40963283000191,202601,244930718,123
40963283000191,202602,247517933,121
40963283000191,202603,250462910,121
40963283000191,202604,253096932,118
40963283000191,202605,255736205,119
40963283000191,202606,258234643,116
40963283000191,202607,260965095,111
40963283000191,HOJE,261312080,108
40963311000170,202512,64521022,126
40963311000170,202601,64069589,126
40963311000170,202602,63785129,124
40963311000170,202603,63176720,123
40963311000170,202604,69526607,122
40963311000170,202605,76612407,121
40963311000170,202606,83808774,122
40963311000170,202607,91219901,124
40963311000170,HOJE,92345175,122
41083033000120,202512,60713526,126
41083033000120,202601,58444301,126
41083033000120,202602,56527148,124
41083033000120,202603,54230579,123
41083033000120,202604,52233117,122
41083033000120,202605,50198885,121
41083033000120,202606,48263331,122
41083033000120,202607,46132933,124
41083033000120,HOJE,45835561,122
41091044000151,202512,37912891,126
41091044000151,202601,38401082,126
41091044000151,202602,38890354,124
41091044000151,202603,39340941,123
41091044000151,202604,39627139,122
41091044000151,202605,39941411,121
41091044000151,202606,40264574,122
41091044000151,202607,40610404,124
41091044000151,HOJE,40641018,122
41124614000162,202512,32380071,126
41124614000162,202601,32756504,126
41124614000162,202602,33100859,124
41124614000162,202603,33514159,123
41124614000162,202604,33893999,122
41124614000162,202605,34276535,121
41124614000162,202606,34661041,122
41124614000162,202607,35074711,124
41124614000162,HOJE,35131176,122
41128444000194,202512,2108033279,126
41128444000194,202601,2141682463,126
41128444000194,202602,2162316957,124
41128444000194,202603,2158824112,123
41128444000194,202604,2124696039,122
41128444000194,202605,2060156838,121
41128444000194,202606,1984137210,122
41128444000194,202607,1898049357,124
41128444000194,HOJE,1888121151,121
41163523000136,202512,341025350,126
41163523000136,202601,344156490,126
41163523000136,202602,347497806,124
41163523000136,202603,350031217,123
41163523000136,202604,351786867,122
41163523000136,202605,352746092,121
41163523000136,202606,353223913,122
41163523000136,202607,353687470,124
41163523000136,HOJE,353589459,122
41300683000180,202512,90544851,126
41300683000180,202601,92869104,126
41300683000180,202602,94770122,124
41300683000180,202603,96752225,123
41300683000180,202604,98707920,122
41300683000180,202605,100420608,121
41300683000180,202606,101830179,122
41300683000180,202607,102165939,124
41300683000180,HOJE,102177272,121
41348601000177,202512,24099784,126
41348601000177,202601,24341511,126
41348601000177,202602,24578009,124
41348601000177,202603,24846134,123
41348601000177,202604,25138188,122
41348601000177,202605,25370555,121
41348601000177,202606,25516959,122
41348601000177,202607,25658834,124
41348601000177,HOJE,25679678,122
41348664000123,202512,41448831,126
41348664000123,202601,41931045,126
41348664000123,202602,42404840,124
41348664000123,202603,42910479,123
41348664000123,202604,43417003,122
41348664000123,202605,43857180,121
41348664000123,202606,44251658,122
41348664000123,202607,44682177,124
41348664000123,HOJE,44737753,122
41348781000197,202512,27333073,126
41348781000197,202601,27648666,126
41348781000197,202602,27938667,124
41348781000197,202603,28279580,123
41348781000197,202604,28584235,122
41348781000197,202605,28901264,121
41348781000197,202606,29224668,122
41348781000197,202607,29572412,124
41348781000197,HOJE,29619072,122
41348869000109,202512,19630660,126
41348869000109,202601,19866579,126
41348869000109,202602,20083465,124
41348869000109,202603,20341778,123
41348869000109,202604,20575045,122
41348869000109,202605,20813531,121
41348869000109,202606,21054199,122
41348869000109,202607,21314228,124
41348869000109,HOJE,21349390,122
41348917000169,202512,36152257,125
41348917000169,202601,36570901,125
41348917000169,202602,36970921,123
41348917000169,202603,37417682,122
41348917000169,202604,37821106,122
41348917000169,202605,38229000,121
41348917000169,202606,38635548,122
41348917000169,202607,39068552,124
41348917000169,HOJE,39125311,122
41349195000167,202512,31591623,125
41349195000167,202601,31960538,125
41349195000167,202602,32315853,123
41349195000167,202603,32692419,122
41349195000167,202604,33039939,122
41349195000167,202605,33357950,121
41349195000167,202606,33662218,122
41349195000167,202607,30767280,124
41349195000167,HOJE,30468981,122
41349248000140,202512,79903891,126
41349248000140,202601,81067007,126
41349248000140,202602,82190939,124
41349248000140,202603,83540389,123
41349248000140,202604,84765370,122
41349248000140,202605,86033794,121
41349248000140,202606,87308217,122
41349248000140,202607,88441241,124
41349248000140,HOJE,88585435,122
41373706000186,202512,62916346,125
41373706000186,202601,63100728,125
41373706000186,202602,63582594,123
41373706000186,202603,64164482,122
41373706000186,202604,64645546,122
41373706000186,202605,65000095,121
41373706000186,202606,65256732,122
41373706000186,202607,65525009,124
41373706000186,HOJE,65535663,122
41392136000171,202512,66349777,126
41392136000171,202601,70212967,126
41392136000171,202602,72456336,124
41392136000171,202603,75035705,123
41392136000171,202604,77287467,122
41392136000171,202605,79250712,121
41392136000171,202606,80669090,122
41392136000171,202607,80821033,124
41392136000171,HOJE,80820433,122
41394902000137,202512,336477312,126
41394902000137,202601,341652012,126
41394902000137,202602,347089713,124
41394902000137,202603,349788016,123
41394902000137,202604,351473290,122
41394902000137,202605,351062595,121
41394902000137,202606,349783730,122
41394902000137,202607,346806207,124
41394902000137,HOJE,346239800,122
41395293000130,202512,58311273,126
41395293000130,202601,58900451,126
41395293000130,202602,59525083,124
41395293000130,202603,60148769,123
41395293000130,202604,60608647,122
41395293000130,202605,60813881,121
41395293000130,202606,60829993,122
41395293000130,202607,60949573,124
41395293000130,HOJE,60950374,122
41395322000164,202512,57933195,126
41395322000164,202601,58516727,126
41395322000164,202602,59134005,124
41395322000164,202603,59747507,123
41395322000164,202604,60196106,122
41395322000164,202605,60396616,121
41395322000164,202606,60410835,122
41395322000164,202607,60528098,124
41395322000164,HOJE,60528229,122
41544993000140,202512,93529432,126
41544993000140,202601,94626067,126
41544993000140,202602,95632997,124
41544993000140,202603,96839796,123
41544993000140,202604,97949535,122
41544993000140,202605,99071166,121
41544993000140,202606,100191524,122
41544993000140,202607,101406023,124
41544993000140,HOJE,101571349,122
41545043000130,202512,80876157,126
41545043000130,202601,71762253,126
41545043000130,202602,62456484,124
41545043000130,202603,55083312,123
41545043000130,202604,48486538,122
41545043000130,202605,41814684,121
41545043000130,202606,39287732,122
41545043000130,202607,36624003,124
41545043000130,HOJE,36142623,121
41545586000157,202512,189994363,126
41545586000157,202601,193261896,126
41545586000157,202602,196223789,124
41545586000157,202603,199425942,123
41545586000157,202604,202553810,122
41545586000157,202605,205828220,121
41545586000157,202606,209276999,122
41545586000157,202607,212993957,124
41545586000157,HOJE,213513616,122
41575707000103,202512,5586179912,126
41575707000103,202601,5986072402,126
41575707000103,202602,6409829229,124
41575707000103,202603,6899772149,123
41575707000103,202604,7343171052,122
41575707000103,202605,7720435984,121
41575707000103,202606,7996071934,122
41575707000103,202607,8124549585,124
41575707000103,HOJE,8138736523,122
41575809000129,202512,1473756227,126
41575809000129,202601,1507316911,126
41575809000129,202602,1535474075,124
41575809000129,202603,1561365973,123
41575809000129,202604,1578978805,122
41575809000129,202605,1587715092,121
41575809000129,202606,1592198601,122
41575809000129,202607,1595969593,124
41575809000129,HOJE,1596159781,122
41579176000127,202512,37928930,126
41579176000127,202601,38305246,126
41579176000127,202602,38571350,124
41579176000127,202603,38877190,123
41579176000127,202604,39457380,122
41579176000127,202605,40668728,121
41579176000127,202606,42356364,122
41579176000127,202607,44336513,124
41579176000127,HOJE,44553454,121
41594289000100,202512,257644314,126
41594289000100,202601,250166120,126
41594289000100,202602,246452111,124
41594289000100,202603,245617819,123
41594289000100,202604,249144294,122
41594289000100,202605,256955061,121
41594289000100,202606,266701782,122
41594289000100,202607,275833377,124
41594289000100,HOJE,276917069,121
41601781000157,202512,524038167,126
41601781000157,202601,526926048,126
41601781000157,202602,528795223,124
41601781000157,202603,530179190,123
41601781000157,202604,531401143,122
41601781000157,202605,529818639,121
41601781000157,202606,526049253,122
41601781000157,202607,519829751,124
41601781000157,HOJE,518832169,122
41610520000101,202512,113984080,126
41610520000101,202601,115232653,126
41610520000101,202602,116388243,124
41610520000101,202603,117757960,123
41610520000101,202604,119019907,122
41610520000101,202605,120175769,118
41610520000101,202606,121370345,115
41610520000101,202607,122825194,117
41610520000101,HOJE,123018665,115
41610657000158,202512,102878926,126
41610657000158,202601,103872766,126
41610657000158,202602,104827535,124
41610657000158,202603,105982825,123
41610657000158,202604,107143106,122
41610657000158,202605,108346888,121
41610657000158,202606,109552300,122
41610657000158,202607,110837543,124
41610657000158,HOJE,111010449,122
41649957000140,202512,156721448,126
41649957000140,202601,138589827,126
41649957000140,202602,119333726,124
41649957000140,202603,98379753,123
41649957000140,202604,82640603,122
41649957000140,202605,66275002,121
41649957000140,202606,57618058,122
41649957000140,202607,53486165,124
41649957000140,HOJE,53397298,121
41672242000109,202512,1043031271,126
41672242000109,202601,1007174017,126
41672242000109,202602,977097524,124
41672242000109,202603,935029155,123
41672242000109,202604,893477499,122
41672242000109,202605,849589526,121
41672242000109,202606,802816710,122
41672242000109,202607,745124152,124
41672242000109,HOJE,737742240,121
41672376000120,202512,84121762,126
41672376000120,202601,84860613,126
41672376000120,202602,85570112,124
41672376000120,202603,86341492,123
41672376000120,202604,80363108,122
41672376000120,202605,67044737,121
41672376000120,202606,53301297,122
41672376000120,202607,41945435,113
41672376000120,HOJE,40270507,109
41681275000115,202512,81091693,126
41681275000115,202601,82503147,126
41681275000115,202602,83763608,124
41681275000115,202603,82409196,123
41681275000115,202604,79916030,122
41681275000115,202605,77294469,121
41681275000115,202606,74562496,122
41681275000115,202607,67836608,124
41681275000115,HOJE,66353539,122
41681780000160,202512,289142750,126
41681780000160,202601,285712703,126
41681780000160,202602,281752967,124
41681780000160,202603,277524840,123
41681780000160,202604,274895743,122
41681780000160,202605,272696356,121
41681780000160,202606,270561918,122
41681780000160,202607,268669246,124
41681780000160,HOJE,268402477,122
41687130000121,202512,28508282,126
41687130000121,202601,28793941,126
41687130000121,202602,29077478,124
41687130000121,202603,29262863,123
41687130000121,202604,29372609,122
41687130000121,202605,29418593,121
41687130000121,202606,29610798,122
41687130000121,202607,29860917,124
41687130000121,HOJE,29857564,121
41687175000104,202512,86447888,126
41687175000104,202601,84838300,126
41687175000104,202602,83584156,124
41687175000104,202603,80688334,123
41687175000104,202604,77132551,122
41687175000104,202605,73664097,121
41687175000104,202606,67893593,122
41687175000104,202607,61795110,124
41687175000104,HOJE,60873851,122
41709727000120,202512,83743391,126
41709727000120,202601,95612772,126
41709727000120,202602,109666008,124
41709727000120,202603,132047548,123
41709727000120,202604,159671331,122
41709727000120,202605,199275005,121
41709727000120,202606,248434620,122
41709727000120,202607,299387468,124
41709727000120,HOJE,306072917,122
41710510000130,202512,50354581,126
41710510000130,202601,50130776,126
41710510000130,202602,50134839,124
41710510000130,202603,50655393,123
41710510000130,202604,51044975,122
41710510000130,202605,51222410,121
41710510000130,202606,51237944,122
41710510000130,202607,51340992,124
41710510000130,HOJE,51342392,122
41710563000150,202512,89487144,126
41710563000150,202601,90380010,126
41710563000150,202602,91330202,124
41710563000150,202603,92278076,123
41710563000150,202604,92985420,122
41710563000150,202605,93306775,121
41710563000150,202606,93350409,122
41710563000150,202607,93578367,124
41710563000150,HOJE,93587481,122
41710798000142,202512,20532040,126
41710798000142,202601,20732330,126
41710798000142,202602,20926084,124
41710798000142,202603,21119141,123
41710798000142,202604,21305130,122
41710798000142,202605,21477795,121
41710798000142,202606,21643514,122
41710798000142,202607,21819098,124
41710798000142,HOJE,21841849,122
41714349000172,202512,41874771,126
41714349000172,202601,42275749,126
41714349000172,202602,42729919,124
41714349000172,202603,43230110,123
41714349000172,202604,43741539,122
41714349000172,202605,44099103,121
41714349000172,202606,44262966,122
41714349000172,202607,44534824,124
41714349000172,HOJE,44563781,122
41722175000190,202512,369263020,125
41722175000190,202601,372912166,125
41722175000190,202602,376464508,123
41722175000190,202603,380359911,123
41722175000190,202604,384880637,122
41722175000190,202605,389219604,121
41722175000190,202606,391719879,122
41722175000190,202607,384143765,124
41722175000190,HOJE,382671488,122
41727038000148,202512,63904531,126
41727038000148,202601,61538547,126
41727038000148,202602,59907204,124
41727038000148,202603,57689100,123
41727038000148,202604,55672011,122
41727038000148,202605,53455558,121
41727038000148,202606,53123415,122
41727038000148,202607,53420821,124
41727038000148,HOJE,53454233,122
41734999000180,202512,167780715,126
41734999000180,202601,162610484,126
41734999000180,202602,156301781,124
41734999000180,202603,148421887,123
41734999000180,202604,139484746,122
41734999000180,202605,129061615,121
41734999000180,202606,120278500,122
41734999000180,202607,116489571,124
41734999000180,HOJE,116257735,122
41736548000181,202512,1401445614,126
41736548000181,202601,1380094283,126
41736548000181,202602,1357637473,124
41736548000181,202603,1326954685,123
41736548000181,202604,1301266579,122
41736548000181,202605,1280593018,121
41736548000181,202606,1268469324,122
41736548000181,202607,1267265229,124
41736548000181,HOJE,1267316847,122
41756159000118,202512,9341598351,126
41756159000118,202601,9649771601,126
41756159000118,202602,9891527177,124
41756159000118,202603,10075685703,123
41756159000118,202604,10096693025,122
41756159000118,202605,9981068238,121
41756159000118,202606,9816708932,122
41756159000118,202607,9616219082,124
41756159000118,HOJE,9585834450,122
41763312000134,202512,134399474,126
41763312000134,202601,135755870,126
41763312000134,202602,137190073,124
41763312000134,202603,138616103,123
41763312000134,202604,139630899,122
41763312000134,202605,140047746,121
41763312000134,202606,140055446,122
41763312000134,202607,140310690,124
41763312000134,HOJE,140310276,122
41763320000180,202512,53426214,126
41763320000180,202601,53969477,126
41763320000180,202602,54544397,124
41763320000180,202603,55117987,123
41763320000180,202604,55536931,122
41763320000180,202605,55722701,121
41763320000180,202606,55736166,122
41763320000180,202607,55844169,124
41763320000180,HOJE,55844352,122
41774687000108,202512,407725499,126
41774687000108,202601,400457726,126
41774687000108,202602,393317096,124
41774687000108,202603,386033986,123
41774687000108,202604,382930749,122
41774687000108,202605,380503412,121
41774687000108,202606,380002243,122
41774687000108,202607,418889982,124
41774687000108,HOJE,427052795,122
41776635000162,202512,72878838,126
41776635000162,202601,73628942,126
41776635000162,202602,74419875,124
41776635000162,202603,75207363,123
41776635000162,202604,75771127,122
41776635000162,202605,76015892,121
41776635000162,202606,76031604,122
41776635000162,202607,76174429,124
41776635000162,HOJE,76173270,122
41776707000171,202512,26302946,126
41776707000171,202601,26729191,126
41776707000171,202602,27186089,124
41776707000171,202603,27953082,123
41776707000171,202604,28616171,122
41776707000171,202605,28867570,121
41776707000171,202606,28999972,122
41776707000171,202607,29055003,124
41776707000171,HOJE,29057172,122
41776781000198,202512,561854999,126
41776781000198,202601,632901264,126
41776781000198,202602,707776664,124
41776781000198,202603,815328940,123
41776781000198,202604,920814239,122
41776781000198,202605,1001625479,121
41776781000198,202606,1051797897,122
41776781000198,202607,1086002510,124
41776781000198,HOJE,1090795200,122
41837419000180,202512,919076201,126
41837419000180,202601,939628246,126
41837419000180,202602,957511022,124
41837419000180,202603,978546962,123
41837419000180,202604,995869413,122
41837419000180,202605,1012003148,120
41837419000180,202606,1024909080,121
41837419000180,202607,1035152803,123
41837419000180,HOJE,1036550276,121
41837660000109,202512,169873061,126
41837660000109,202601,167800299,126
41837660000109,202602,166304681,124
41837660000109,202603,163114078,123
41837660000109,202604,160217724,122
41837660000109,202605,157558463,121
41837660000109,202606,149848980,122
41837660000109,202607,141665072,124
41837660000109,HOJE,140498141,122
41837736000104,202512,46984835,126
41837736000104,202601,47443250,126
41837736000104,202602,47888364,124
41837736000104,202603,48422955,123
41837736000104,202604,48966000,122
41837736000104,202605,49479129,121
41837736000104,202606,49942323,122
41837736000104,202607,50464672,124
41837736000104,HOJE,50522528,121
41853314000114,202512,147680349,126
41853314000114,202601,149067222,126
41853314000114,202602,150563833,124
41853314000114,202603,151137644,123
41853314000114,202604,150606252,122
41853314000114,202605,148710666,121
41853314000114,202606,146044712,122
41853314000114,202607,142466449,124
41853314000114,HOJE,141965671,121
41867517000160,202512,143183913,126
41867517000160,202601,148379557,126
41867517000160,202602,153075256,124
41867517000160,202603,160826507,123
41867517000160,202604,169686937,122
41867517000160,202605,179322547,121
41867517000160,202606,190759895,122
41867517000160,202607,206851119,124
41867517000160,HOJE,209260937,122
41881271000180,202512,54454885,126
41881271000180,202601,53410165,126
41881271000180,202602,52380802,124
41881271000180,202603,51136588,123
41881271000180,202604,50236859,122
41881271000180,202605,49326260,120
41881271000180,202606,48361797,121
41881271000180,202607,47378382,123
41881271000180,HOJE,47204321,121
41888721000167,202512,100116698,126
41888721000167,202601,102118706,126
41888721000167,202602,104091758,124
41888721000167,202603,104802873,123
41888721000167,202604,102603435,122
41888721000167,202605,100601118,121
41888721000167,202606,98356543,122
41888721000167,202607,95615264,124
41888721000167,HOJE,95258840,122
41953322000132,202512,173357160,126
41953322000132,202601,172978748,126
41953322000132,202602,172842029,124
41953322000132,202603,171966725,123
41953322000132,202604,170913182,122
41953322000132,202605,169242042,121
41953322000132,202606,165811513,122
41953322000132,202607,163777537,124
41953322000132,HOJE,163441181,122
41978506000157,202512,7344617242,126
41978506000157,202601,7940434589,126
41978506000157,202602,8478266660,124
41978506000157,202603,9001296357,123
41978506000157,202604,9252028613,122
41978506000157,202605,9373810655,121
41978506000157,202606,9473512641,122
41978506000157,202607,9499097937,124
41978506000157,HOJE,9491901241,122
41994712000150,202512,102019288,126
41994712000150,202601,100874477,126
41994712000150,202602,101384795,124
41994712000150,202603,104614059,123
41994712000150,202604,109748826,122
41994712000150,202605,115119147,121
41994712000150,202606,121296372,122
41994712000150,202607,128183232,124
41994712000150,HOJE,129115678,122
42014178000131,202512,1585034315,126
42014178000131,202601,1619338432,126
42014178000131,202602,1650527982,124
42014178000131,202603,1672935794,123
42014178000131,202604,1664992821,122
42014178000131,202605,1650036306,121
42014178000131,202606,1634425258,122
42014178000131,202607,1617334399,124
42014178000131,HOJE,1614508339,122
42044315000180,202512,151121806,126
42044315000180,202601,144579567,126
42044315000180,202602,138628002,124
42044315000180,202603,131185713,123
42044315000180,202604,124092435,122
42044315000180,202605,116840516,121
42044315000180,202606,117225759,122
42044315000180,202607,118681900,124
42044315000180,HOJE,118840693,121
42046759000155,202512,29070717,126
42046759000155,202601,29813186,126
42046759000155,202602,30313712,124
42046759000155,202603,30835473,123
42046759000155,202604,31309041,122
42046759000155,202605,32007787,121
42046759000155,202606,33442584,122
42046759000155,202607,35785206,124
42046759000155,HOJE,36073586,122
42066551000106,202512,13412235,126
42066551000106,202601,13508023,126
42066551000106,202602,13598691,124
42066551000106,202603,13702884,123
42066551000106,202604,13803664,122
42066551000106,202605,13906850,121
42066551000106,202606,14010102,122
42066551000106,202607,14127998,124
42066551000106,HOJE,14144177,122
42066694000100,202512,82276693,126
42066694000100,202601,83090188,126
42066694000100,202602,83990657,124
42066694000100,202603,84791386,123
42066694000100,202604,85457393,122
42066694000100,202605,86234161,121
42066694000100,202606,86979230,122
42066694000100,202607,87809409,124
42066694000100,HOJE,87885121,122
42066755000139,202512,53599323,126
42066755000139,202601,55470877,126
42066755000139,202602,57097023,124
42066755000139,202603,58150294,123
42066755000139,202604,58864549,121
42066755000139,202605,59540723,120
42066755000139,202606,60258659,121
42066755000139,202607,60848314,122
42066755000139,HOJE,60903720,120
42102181000107,202512,11227694,126
42102181000107,202601,11321775,126
42102181000107,202602,11424567,124
42102181000107,202603,11509146,123
42102181000107,202604,11585668,122
42102181000107,202605,11635867,121
42102181000107,202606,11663517,122
42102181000107,202607,11696678,124
42102181000107,HOJE,11696765,122
42119476000196,202512,80124474,126
42119476000196,202601,69008530,126
42119476000196,202602,62750020,124
42119476000196,202603,59264017,123
42119476000196,202604,59656134,122
42119476000196,202605,60664977,121
42119476000196,202606,62215151,122
42119476000196,202607,64305154,124
42119476000196,HOJE,64638494,122
42154270000105,202512,105442886,126
42154270000105,202601,106511189,126
42154270000105,202602,107638394,124
42154270000105,202603,108756477,123
42154270000105,202604,109545948,122
42154270000105,202605,109867646,121
42154270000105,202606,109872621,122
42154270000105,202607,109749711,124
42154270000105,HOJE,109660884,122
42195812000180,202512,35287553,126
42195812000180,202601,35630260,126
42195812000180,202602,36011522,124
42195812000180,202603,36420187,123
42195812000180,202604,36825513,122
42195812000180,202605,37112463,121
42195812000180,202606,37250286,122
42195812000180,202607,37465985,124
42195812000180,HOJE,37489318,122
42195828000192,202512,310327234,126
42195828000192,202601,313491912,126
42195828000192,202602,316838810,124
42195828000192,202603,320190003,123
42195828000192,202604,322698047,122
42195828000192,202605,323851446,121
42195828000192,202606,323984783,122
42195828000192,202607,324678699,124
42195828000192,HOJE,324691265,122
42195916000194,202512,129908657,126
42195916000194,202601,132754186,126
42195916000194,202602,134171445,124
42195916000194,202603,135585550,123
42195916000194,202604,136618115,122
42195916000194,202605,137072068,121
42195916000194,202606,137105576,122
42195916000194,202607,137369884,124
42195916000194,HOJE,137370358,122
42217140000166,202512,28831183,126
42217140000166,202601,29169748,126
42217140000166,202602,29522568,124
42217140000166,202603,29827862,123
42217140000166,202604,30047210,122
42217140000166,202605,30240099,121
42217140000166,202606,30394908,122
42217140000166,202607,30515401,124
42217140000166,HOJE,30515753,122
42220374000162,202512,16720475,126
42220374000162,202601,16867424,126
42220374000162,202602,17003762,124
42220374000162,202603,17144413,123
42220374000162,202604,17280763,122
42220374000162,202605,17408063,121
42220374000162,202606,17535431,122
42220374000162,202607,17676534,124
42220374000162,HOJE,17695579,122
42220446000171,202512,416639644,126
42220446000171,202601,427416150,126
42220446000171,202602,433250434,124
42220446000171,202603,439612897,123
42220446000171,202604,445199808,122
42220446000171,202605,449463793,121
42220446000171,202606,453435604,122
42220446000171,202607,457075928,124
42220446000171,HOJE,457521010,122
42221412000100,202512,3072727162,126
42221412000100,202601,3065019425,126
42221412000100,202602,3062988941,124
42221412000100,202603,3047010988,123
42221412000100,202604,3022046505,121
42221412000100,202605,2996736497,120
42221412000100,202606,2956087079,121
42221412000100,202607,2860406747,122
42221412000100,HOJE,2844801135,120
42229399000127,202512,11134548773,126
42229399000127,202601,11380527584,126
42229399000127,202602,11536540654,124
42229399000127,202603,11599522043,123
42229399000127,202604,11555831214,122
42229399000127,202605,11506213687,121
42229399000127,202606,11477974610,122
42229399000127,202607,11482168754,124
42229399000127,HOJE,11481992801,122
42246480000115,202512,812127587,126
42246480000115,202601,804640154,126
42246480000115,202602,790073367,124
42246480000115,202603,763467692,123
42246480000115,202604,733076843,122
42246480000115,202605,700387439,121
42246480000115,202606,673613596,122
42246480000115,202607,661308693,123
42246480000115,HOJE,659489874,121
42264017000104,202512,477322483,126
42264017000104,202601,478114622,126
42264017000104,202602,478034423,124
42264017000104,202603,474841690,123
42264017000104,202604,468131786,122
42264017000104,202605,459549850,121
42264017000104,202606,452249614,122
42264017000104,202607,445883637,124
42264017000104,HOJE,444873166,122
42282188000158,202512,1153197285,126
42282188000158,202601,1314889923,126
42282188000158,202602,1455805011,124
42282188000158,202603,1593865569,123
42282188000158,202604,1675652418,122
42282188000158,202605,1718886601,121
42282188000158,202606,1737065548,122
42282188000158,202607,1741485256,124
42282188000158,HOJE,1741337254,122
42287499000100,202512,82500988,126
42287499000100,202601,83450088,126
42287499000100,202602,84378771,124
42287499000100,202603,85347310,123
42287499000100,202604,83082087,122
42287499000100,202605,77437169,121
42287499000100,202606,69605644,122
42287499000100,202607,61270081,124
42287499000100,HOJE,60243332,121
42287704000137,202512,82858154,126
42287704000137,202601,83763846,126
42287704000137,202602,84682568,124
42287704000137,202603,84094143,123
42287704000137,202604,81287852,122
42287704000137,202605,73855564,121
42287704000137,202606,66253090,122
42287704000137,202607,58233119,124
42287704000137,HOJE,57141316,121
42294333000110,202512,81146843,126
42294333000110,202601,75877140,126
42294333000110,202602,70261904,124
42294333000110,202603,62645674,123
42294333000110,202604,53089702,122
42294333000110,202605,44739817,121
42294333000110,202606,39079727,122
42294333000110,202607,32475694,124
42294333000110,HOJE,31603848,122
42295379000154,202512,152422823,126
42295379000154,202601,129120603,126
42295379000154,202602,108861347,124
42295379000154,202603,83543260,123
42295379000154,202604,60195326,122
42295379000154,202605,34190343,121
42295379000154,202606,18901810,122
42295379000154,202607,15479249,124
42295379000154,HOJE,15292250,122
42298805000103,202512,64895755,126
42298805000103,202601,65518051,126
42298805000103,202602,66205729,124
42298805000103,202603,66843865,123
42298805000103,202604,67403745,122
42298805000103,202605,67844651,121
42298805000103,202606,68171351,122
42298805000103,202607,68530916,124
42298805000103,HOJE,68554822,122
42298902000104,202512,41407643,126
42298902000104,202601,41966524,126
42298902000104,202602,42406536,124
42298902000104,202603,42759026,123
42298902000104,202604,43030697,122
42298902000104,202605,43232413,121
42298902000104,202606,43381300,122
42298902000104,202607,43560222,124
42298902000104,HOJE,43561452,122
42321494000156,202512,54292083,126
42321494000156,202601,55760687,126
42321494000156,202602,57072811,124
42321494000156,202603,58393551,123
42321494000156,202604,58950195,122
42321494000156,202605,59280856,121
42321494000156,202606,58642774,122
42321494000156,202607,57874815,124
42321494000156,HOJE,57697859,122
42321520000146,202512,24309141,126
42321520000146,202601,27207700,126
42321520000146,202602,31498757,124
42321520000146,202603,36565994,122
42321520000146,202604,41792800,121
42321520000146,202605,47499940,120
42321520000146,202606,53086744,121
42321520000146,202607,56211385,123
42321520000146,HOJE,56367186,121
42378579000170,202512,521892896,126
42378579000170,202601,560889456,126
42378579000170,202602,604169964,124
42378579000170,202603,659202344,123
42378579000170,202604,707341280,122
42378579000170,202605,747313441,121
42378579000170,202606,772228624,122
42378579000170,202607,778980763,124
42378579000170,HOJE,779105955,122
42411555000176,202512,681888706,126
42411555000176,202601,689096960,126
42411555000176,202602,695862392,124
42411555000176,202603,701288186,123
42411555000176,202604,703378250,122
42411555000176,202605,705635531,121
42411555000176,202606,708898441,122
42411555000176,202607,712095357,124
42411555000176,HOJE,712175774,122
42417749000189,202512,225844859,126
42417749000189,202601,209907384,126
42417749000189,202602,195832032,124
42417749000189,202603,180276243,123
42417749000189,202604,170205943,122
42417749000189,202605,163639957,121
42417749000189,202606,158171192,122
42417749000189,202607,152802540,124
42417749000189,HOJE,152200494,121
42418908000160,202512,1834353162,126
42418908000160,202601,1799024254,126
42418908000160,202602,1764943420,124
42418908000160,202603,1727270820,123
42418908000160,202604,1701289656,122
42418908000160,202605,1688394339,121
42418908000160,202606,1689444005,122
42418908000160,202607,1694866596,124
42418908000160,HOJE,1695895751,121
42420560000145,202512,66314958,126
42420560000145,202601,66851181,126
42420560000145,202602,67481533,124
42420560000145,202603,68088594,123
42420560000145,202604,68577891,122
42420560000145,202605,68932276,121
42420560000145,202606,69182400,122
42420560000145,202607,69504312,124
42420560000145,HOJE,69511577,122
42420671000151,202512,32627818,126
42420671000151,202601,32950514,126
42420671000151,202602,33305318,124
42420671000151,202603,33610950,123
42420671000151,202604,33867628,122
42420671000151,202605,34059790,121
42420671000151,202606,34196192,122
42420671000151,202607,34372996,124
42420671000151,HOJE,34380523,122
42420740000127,202512,78568057,126
42420740000127,202601,79641327,126
42420740000127,202602,80696408,124
42420740000127,202603,81574433,123
42420740000127,202604,82045472,122
42420740000127,202605,82572058,121
42420740000127,202606,83114111,122
42420740000127,202607,83690958,124
42420740000127,HOJE,83724637,122
42447172000158,202512,66536183,125
42447172000158,202601,64578488,125
42447172000158,202602,62790100,123
42447172000158,202603,60328347,122
42447172000158,202604,57741029,112
42447172000158,202605,57397943,112
42447172000158,202606,57945654,113
42447172000158,202607,58425150,108
42447172000158,HOJE,58470040,106
42447197000151,202512,88695447,126
42447197000151,202601,88137611,126
42447197000151,202602,87710583,124
42447197000151,202603,88108808,123
42447197000151,202604,88758067,122
42447197000151,202605,89265600,121
42447197000151,202606,89620391,122
42447197000151,202607,88970171,122
42447197000151,HOJE,88767462,119
42449373000194,202512,34378717,126
42449373000194,202601,32873484,126
42449373000194,202602,31271527,124
42449373000194,202603,29418295,123
42449373000194,202604,28027979,122
42449373000194,202605,26850915,121
42449373000194,202606,26050511,122
42449373000194,202607,25629748,124
42449373000194,HOJE,25608352,122
42449381000130,202512,32961804,126
42449381000130,202601,32889154,126
42449381000130,202602,32745579,124
42449381000130,202603,32666644,123
42449381000130,202604,32099610,122
42449381000130,202605,30760943,121
42449381000130,202606,29673471,122
42449381000130,202607,28532070,124
42449381000130,HOJE,28371287,122
42535073000128,202512,197071908,126
42535073000128,202601,199086501,126
42535073000128,202602,201183379,124
42535073000128,202603,203592053,123
42535073000128,202604,205878675,122
42535073000128,202605,208174219,121
42535073000128,202606,210449905,122
42535073000128,202607,212927152,124
42535073000128,HOJE,213257411,122
42536254000179,202512,3755498742,126
42536254000179,202601,2962433381,126
42536254000179,202602,2226372216,124
42536254000179,202603,1328981742,123
42536254000179,202604,485724734,122
42536254000179,202605,443418980,121
42536254000179,202606,403517987,122
42536254000179,202607,360709965,124
42536254000179,HOJE,355454949,122
42592438000156,202512,29953849,126
42592438000156,202601,30238528,126
42592438000156,202602,30510480,124
42592438000156,202603,30699449,123
42592438000156,202604,30851889,122
42592438000156,202605,30975363,121
42592438000156,202606,31055094,122
42592438000156,202607,31156623,124
42592438000156,HOJE,31150457,121
42619279000136,202512,112798059,126
42619279000136,202601,115077346,126
42619279000136,202602,117050319,124
42619279000136,202603,118057909,123
42619279000136,202604,118963282,122
42619279000136,202605,119748398,121
42619279000136,202606,120329218,122
42619279000136,202607,121014089,124
42619279000136,HOJE,121046354,121
42682169000119,202512,16765150,126
42682169000119,202601,16993407,126
42682169000119,202602,17217823,124
42682169000119,202603,17410503,123
42682169000119,202604,17609272,122
42682169000119,202605,17762855,121
42682169000119,202606,17891101,122
42682169000119,202607,18015351,124
42682169000119,HOJE,18028834,122
42682358000191,202512,66502081,126
42682358000191,202601,67258664,126
42682358000191,202602,67965836,124
42682358000191,202603,68802623,123
42682358000191,202604,69558358,122
42682358000191,202605,70338866,121
42682358000191,202606,71133211,122
42682358000191,202607,71987217,124
42682358000191,HOJE,72102787,122
42682380000131,202512,26593459,126
42682380000131,202601,26869432,126
42682380000131,202602,27131829,124
42682380000131,202603,27444241,123
42682380000131,202604,27742233,122
42682380000131,202605,28031001,121
42682380000131,202606,28311516,122
42682380000131,202607,28618346,124
42682380000131,HOJE,28659885,122
42682447000138,202512,29176349,125
42682447000138,202601,29491139,125
42682447000138,202602,29794301,123
42682447000138,202603,30111017,122
42682447000138,202604,30398483,122
42682447000138,202605,30684196,121
42682447000138,202606,30965396,122
42682447000138,202607,31256544,123
42682447000138,HOJE,31294761,121
42698876000101,202512,258761282,126
42698876000101,202601,262289594,126
42698876000101,202602,265544055,124
42698876000101,202603,268197280,123
42698876000101,202604,269483492,122
42698876000101,202605,270822159,121
42698876000101,202606,272603155,122
42698876000101,202607,274416600,124
42698876000101,HOJE,274531860,122
42699050000159,202512,14747814029,126
42699050000159,202601,14844866873,126
42699050000159,202602,14875017079,124
42699050000159,202603,14714434963,123
42699050000159,202604,14385757657,122
42699050000159,202605,13978348752,121
42699050000159,202606,13589534576,122
42699050000159,202607,13194943991,124
42699050000159,HOJE,13131776880,122
42716764000128,202512,3085790334,126
42716764000128,202601,3054772588,126
42716764000128,202602,3019688451,124
42716764000128,202603,2977462984,123
42716764000128,202604,2936130139,122
42716764000128,202605,2898970656,121
42716764000128,202606,2864096695,122
42716764000128,202607,2823603588,124
42716764000128,HOJE,2818675884,122
42717986000165,202512,8787814176,126
42717986000165,202601,8811236890,126
42717986000165,202602,8809364867,124
42717986000165,202603,8724721483,123
42717986000165,202604,8552807048,122
42717986000165,202605,8324929064,121
42717986000165,202606,8113154488,122
42717986000165,202607,7886147680,124
42717986000165,HOJE,7850328867,122
42730970000192,202512,73318142,126
42730970000192,202601,74608846,126
42730970000192,202602,75800060,124
42730970000192,202603,77219605,123
42730970000192,202604,78568876,122
42730970000192,202605,80005036,121
42730970000192,202606,81310214,122
42730970000192,202607,82045738,124
42730970000192,HOJE,82114872,122
42747172000173,202512,70467293,126
42747172000173,202601,71376372,126
42747172000173,202602,72194314,124
42747172000173,202603,73019055,123
42747172000173,202604,73615809,122
42747172000173,202605,74111250,121
42747172000173,202606,74557012,122
42747172000173,202607,74941606,124
42747172000173,HOJE,74982139,122
42774252000118,202512,149539805,126
42774252000118,202601,146338591,126
42774252000118,202602,142158206,124
42774252000118,202603,136703729,123
42774252000118,202604,130062473,122
42774252000118,202605,122506601,121
42774252000118,202606,114495522,122
42774252000118,202607,106537984,123
42774252000118,HOJE,105381516,121
42774301000112,202512,59290936,126
42774301000112,202601,59185327,126
42774301000112,202602,59129322,124
42774301000112,202603,58991246,123
42774301000112,202604,58914317,122
42774301000112,202605,58758337,121
42774301000112,202606,58677579,122
42774301000112,202607,58211212,124
42774301000112,HOJE,58182787,122
42777239000112,202512,503048039,126
42777239000112,202601,497668387,126
42777239000112,202602,492754257,124
42777239000112,202603,485470956,123
42777239000112,202604,476877696,122
42777239000112,202605,465488094,121
42777239000112,202606,454256049,122
42777239000112,202607,442165778,124
42777239000112,HOJE,440382145,122
42813715000103,202512,95935760,125
42813715000103,202601,97104717,125
42813715000103,202602,98345798,123
42813715000103,202603,99562478,122
42813715000103,202604,100786010,122
42813715000103,202605,101881826,121
42813715000103,202606,102884154,122
42813715000103,202607,103941259,123
42813715000103,HOJE,104065897,121
42813742000186,202512,40160146,125
42813742000186,202601,40672557,125
42813742000186,202602,41192371,123
42813742000186,202603,41676303,122
42813742000186,202604,42184089,122
42813742000186,202605,42586765,121
42813742000186,202606,42913643,122
42813742000186,202607,43254062,124
42813742000186,HOJE,43295180,122
42813751000177,202512,54944562,126
42813751000177,202601,55618954,126
42813751000177,202602,56265959,124
42813751000177,202603,56842399,123
42813751000177,202604,57426540,122
42813751000177,202605,57927445,121
42813751000177,202606,58374759,122
42813751000177,202607,58833484,124
42813751000177,HOJE,58877708,121
42814769000193,202512,20556680865,126
42814769000193,202601,20850209593,126
42814769000193,202602,21136017953,124
42814769000193,202603,21601080783,123
42814769000193,202604,22475770798,122
42814769000193,202605,23669652017,121
42814769000193,202606,25016374111,122
42814769000193,202607,26519696136,124
42814769000193,HOJE,26734578399,122
42814813000165,202512,1682759327,126
42814813000165,202601,1704052490,126
42814813000165,202602,1722711624,124
42814813000165,202603,1736977159,123
42814813000165,202604,1738184921,122
42814813000165,202605,1733304067,121
42814813000165,202606,1724934318,122
42814813000165,202607,1709366022,124
42814813000165,HOJE,1706613070,122
42814944000142,202512,54334134583,126
42814944000142,202601,54453621718,126
42814944000142,202602,54357998746,124
42814944000142,202603,53742291018,123
42814944000142,202604,52780018250,122
42814944000142,202605,51739652940,121
42814944000142,202606,50795622432,122
42814944000142,202607,49802889568,124
42814944000142,HOJE,49645414603,122
42827176000161,202512,16804790,126
42827176000161,202601,18165782,126
42827176000161,202602,20082063,124
42827176000161,202603,24230544,123
42827176000161,202604,30012199,122
42827176000161,202605,39318066,121
42827176000161,202606,51540583,122
42827176000161,202607,66213466,124
42827176000161,HOJE,68258561,122
42831231000197,202512,1735439778,126
42831231000197,202601,1885659185,126
42831231000197,202602,2020183486,124
42831231000197,202603,2139040715,123
42831231000197,202604,2248958823,122
42831231000197,202605,2355255337,121
42831231000197,202606,2420854955,122
42831231000197,202607,2428772308,124
42831231000197,HOJE,2430561722,122
42847253000145,202512,36284147,126
42847253000145,202601,36668640,126
42847253000145,202602,37037389,124
42847253000145,202603,37472319,123
42847253000145,202604,37477885,122
42847253000145,202605,37250817,121
42847253000145,202606,36988095,122
42847253000145,202607,36722174,124
42847253000145,HOJE,36677186,122
42847342000191,202512,122264331,126
42847342000191,202601,119152849,126
42847342000191,202602,116921098,124
42847342000191,202603,114534973,123
42847342000191,202604,111485629,122
42847342000191,202605,107834459,121
42847342000191,202606,104307456,122
42847342000191,202607,100716853,124
42847342000191,HOJE,100219215,122
42847484000159,202512,47011527,126
42847484000159,202601,47548340,126
42847484000159,202602,48039824,124
42847484000159,202603,48594150,123
42847484000159,202604,49110575,122
42847484000159,202605,49553311,116
42847484000159,202606,50236405,117
42847484000159,202607,50936812,119
42847484000159,HOJE,51012948,116
42848014000100,202512,128946028,126
42848014000100,202601,130236510,126
42848014000100,202602,132469411,124
42848014000100,202603,134972877,123
42848014000100,202604,137240002,122
42848014000100,202605,139235980,121
42848014000100,202606,141000742,122
42848014000100,202607,142851536,124
42848014000100,HOJE,143045755,121
42865247000110,202512,82659190,126
42865247000110,202601,83715217,126
42865247000110,202602,84680108,124
42865247000110,202603,85828000,123
42865247000110,202604,86841427,122
42865247000110,202605,87857229,121
42865247000110,202606,88889790,122
42865247000110,202607,90018749,124
42865247000110,HOJE,90142662,121
42865719000135,202512,55010351,126
42865719000135,202601,55534166,126
42865719000135,202602,56034627,124
42865719000135,202603,56654370,123
42865719000135,202604,57348120,122
42865719000135,202605,58043724,121
42865719000135,202606,58735699,122
42865719000135,202607,59473364,124
42865719000135,HOJE,59573836,122
42870959000128,202512,45079921,126
42870959000128,202601,45636759,126
42870959000128,202602,46145867,124
42870959000128,202603,46716061,123
42870959000128,202604,47191386,122
42870959000128,202605,47637873,121
42870959000128,202606,48086867,122
42870959000128,202607,47760290,124
42870959000128,HOJE,47748293,121
42921777000139,202512,731308786,126
42921777000139,202601,695920224,126
42921777000139,202602,669959195,124
42921777000139,202603,632717337,123
42921777000139,202604,606256744,122
42921777000139,202605,586538609,121
42921777000139,202606,569794441,122
42921777000139,202607,559461519,124
42921777000139,HOJE,558671799,122
42922268000120,202512,150851935,125
42922268000120,202601,152486132,126
42922268000120,202602,154026187,124
42922268000120,202603,155812812,123
42922268000120,202604,157462688,122
42922268000120,202605,159194266,121
42922268000120,202606,160498002,122
42922268000120,202607,157761256,124
42922268000120,HOJE,157220237,122
42934049000161,202512,81850869,126
42934049000161,202601,84196719,126
42934049000161,202602,86738221,124
42934049000161,202603,89641945,123
42934049000161,202604,98154288,122
42934049000161,202605,120668298,121
42934049000161,202606,158747361,122
42934049000161,202607,228378641,124
42934049000161,HOJE,238977242,122
43103846000160,202512,79185395,126
43103846000160,202601,83208961,126
43103846000160,202602,87050886,124
43103846000160,202603,91374736,123
43103846000160,202604,95503644,122
43103846000160,202605,99327109,121
43103846000160,202606,101986185,122
43103846000160,202607,104769395,124
43103846000160,HOJE,105219356,122
43122009000188,202512,236151636,126
43122009000188,202601,238561372,126
43122009000188,202602,241114648,124
43122009000188,202603,243651634,123
43122009000188,202604,245455749,122
43122009000188,202605,246188706,121
43122009000188,202606,246194010,122
43122009000188,202607,246632945,124
43122009000188,HOJE,246630724,122
43122017000124,202512,87880635,126
43122017000124,202601,88769696,126
43122017000124,202602,89708748,124
43122017000124,202603,90648004,123
43122017000124,202604,91341242,122
43122017000124,202605,91652160,121
43122017000124,202606,88572801,122
43122017000124,202607,85416133,124
43122017000124,HOJE,85010402,122
43122073000169,202512,97293158,126
43122073000169,202601,98278699,126
43122073000169,202602,99321357,124
43122073000169,202603,100363555,123
43122073000169,202604,101137490,122
43122073000169,202605,99476930,121
43122073000169,202606,94934506,122
43122073000169,202607,90233450,124
43122073000169,HOJE,89601509,122
43122090000104,202512,42896315,126
43122090000104,202601,43328991,126
43122090000104,202602,43788377,124
43122090000104,202603,44245882,123
43122090000104,202604,44576051,122
43122090000104,202605,44715409,121
43122090000104,202606,44717718,122
43122090000104,202607,44800152,124
43122090000104,HOJE,44800492,122
43140450000192,202512,86675486,126
43140450000192,202601,86772644,126
43140450000192,202602,96426766,124
43140450000192,202603,166042810,123
43140450000192,202604,229739027,122
43140450000192,202605,293535881,121
43140450000192,202606,356496422,122
43140450000192,202607,422915012,124
43140450000192,HOJE,434657881,122
43140638000130,202512,133290082,126
43140638000130,202601,132114612,126
43140638000130,202602,131381945,124
43140638000130,202603,154665476,123
43140638000130,202604,179885773,122
43140638000130,202605,203462697,121
43140638000130,202606,225927703,122
43140638000130,202607,248773024,124
43140638000130,HOJE,252924783,122
43140750000171,202512,62927895,126
43140750000171,202601,56662762,126
43140750000171,202602,50895020,124
43140750000171,202603,45039776,123
43140750000171,202604,40334221,122
43140750000171,202605,35623197,121
43140750000171,202606,35200897,122
43140750000171,202607,35544175,124
43140750000171,HOJE,35591925,122
43164438000118,202512,131339743,126
43164438000118,202601,139160818,126
43164438000118,202602,147208020,124
43164438000118,202603,155222911,123
43164438000118,202604,161333964,122
43164438000118,202605,167196077,121
43164438000118,202606,171000137,122
43164438000118,202607,167131835,124
43164438000118,HOJE,166245770,122
43165507000108,202512,98635252,126
43165507000108,202601,100826350,126
43165507000108,202602,101691121,124
43165507000108,202603,102689960,123
43165507000108,202604,94244173,122
43165507000108,202605,84329451,121
43165507000108,202606,74142039,122
43165507000108,202607,63369449,124
43165507000108,HOJE,61706197,122
43450518000130,202512,619399382,117
43450518000130,202601,617115386,117
43450518000130,202602,614181317,115
43450518000130,202603,600979861,115
43450518000130,202604,586430547,122
43450518000130,202605,568403596,121
43450518000130,202606,553012787,122
43450518000130,202607,538143185,124
43450518000130,HOJE,535596082,122
43508859000119,202512,22593754,126
43508859000119,202601,21719535,126
43508859000119,202602,21113102,124
43508859000119,202603,20355685,123
43508859000119,202604,19678989,122
43508859000119,202605,19063653,121
43508859000119,202606,18697551,122
43508859000119,202607,18593793,124
43508859000119,HOJE,18584511,122
43584015000157,202512,91635583,125
43584015000157,202601,85960655,125
43584015000157,202602,80945545,123
43584015000157,202603,74381208,122
43584015000157,202604,69761639,122
43584015000157,202605,65219339,121
43584015000157,202606,62610548,122
43584015000157,202607,63433765,124
43584015000157,HOJE,63390505,122
43584575000101,202512,47182128,125
43584575000101,202601,48660645,125
43584575000101,202602,50067802,123
43584575000101,202603,50995191,122
43584575000101,202604,51473495,122
43584575000101,202605,51931525,121
43584575000101,202606,52327285,122
43584575000101,202607,52733756,124
43584575000101,HOJE,52789829,122
43584990000165,202512,24671531,126
43584990000165,202601,27033376,126
43584990000165,202602,29301769,124
43584990000165,202603,29770315,123
43584990000165,202604,30113264,122
43584990000165,202605,30421149,121
43584990000165,202606,30703717,122
43584990000165,202607,30992894,124
43584990000165,HOJE,31032319,122
43597393000175,202512,261781531,126
43597393000175,202601,261935539,126
43597393000175,202602,259808138,124
43597393000175,202603,251615365,123
43597393000175,202604,244130528,122
43597393000175,202605,236834472,121
43597393000175,202606,228578617,122
43597393000175,202607,205222992,124
43597393000175,HOJE,201087745,122
43619743000157,202512,1517482852,126
43619743000157,202601,1525799326,126
43619743000157,202602,1527870786,124
43619743000157,202603,1490931398,123
43619743000157,202604,1425929881,122
43619743000157,202605,1359435471,121
43619743000157,202606,1292253447,122
43619743000157,202607,1227803499,124
43619743000157,HOJE,1217886471,122
43631871000116,202512,37573040,126
43631871000116,202601,37379302,126
43631871000116,202602,37116556,124
43631871000116,202603,36834629,123
43631871000116,202604,36558110,122
43631871000116,202605,36288358,119
43631871000116,202606,35989734,116
43631871000116,202607,35675895,118
43631871000116,HOJE,35607474,116
43636043000170,202512,41305880,126
43636043000170,202601,41847090,126
43636043000170,202602,42458284,124
43636043000170,202603,42933692,123
43636043000170,202604,43497433,122
43636043000170,202605,43799519,121
43636043000170,202606,43929516,122
43636043000170,202607,44032011,124
43636043000170,HOJE,44026646,122
43636081000123,202512,39710825,126
43636081000123,202601,40150834,126
43636081000123,202602,40715517,124
43636081000123,202603,41157636,123
43636081000123,202604,41766084,122
43636081000123,202605,42004707,121
43636081000123,202606,42029964,122
43636081000123,202607,42095249,124
43636081000123,HOJE,42082974,122
43636102000100,202512,22844133,126
43636102000100,202601,23027178,126
43636102000100,202602,23129546,124
43636102000100,202603,23231690,123
43636102000100,202604,23252691,122
43636102000100,202605,23335705,121
43636102000100,202606,22701498,122
43636102000100,202607,21944225,124
43636102000100,HOJE,21856861,122
43690520000186,202512,1008524503,126
43690520000186,202601,1014286480,126
43690520000186,202602,1067146694,124
43690520000186,202603,1136371259,123
43690520000186,202604,1209108880,122
43690520000186,202605,1168235502,121
43690520000186,202606,1153197490,122
43690520000186,202607,1239230569,124
43690520000186,HOJE,1255886481,122
43737615000108,202512,41299769,126
43737615000108,202601,41765424,126
43737615000108,202602,42292422,124
43737615000108,202603,43068087,123
43737615000108,202604,43516526,122
43737615000108,202605,44261546,121
43737615000108,202606,45152887,122
43737615000108,202607,45862187,124
43737615000108,HOJE,45964334,122
43758715000110,202512,36629139,123
43758715000110,202601,37009241,123
43758715000110,202602,37411181,121
43758715000110,202603,37783163,120
43758715000110,202604,38041651,104
43758715000110,202605,38455932,101
43758715000110,202606,38913841,101
43758715000110,202607,39403864,99
43758715000110,HOJE,39437560,95
43760546000153,202512,182544015,126
43760546000153,202601,188256809,126
43760546000153,202602,192915835,124
43760546000153,202603,197739113,123
43760546000153,202604,202003554,122
43760546000153,202605,205936174,121
43760546000153,202606,209680192,122
43760546000153,202607,213108928,124
43760546000153,HOJE,213482196,121
43778949000120,202512,3234903360,126
43778949000120,202601,3267343307,126
43778949000120,202602,3297118424,124
43778949000120,202603,3319607668,123
43778949000120,202604,3308403972,122
43778949000120,202605,3288900830,121
43778949000120,202606,3267771802,122
43778949000120,202607,3245096874,124
43778949000120,HOJE,3241327291,121
43790923000105,202512,14567222,126
43790923000105,202601,14712641,126
43790923000105,202602,14847898,124
43790923000105,202603,15005883,123
43790923000105,202604,15154192,122
43790923000105,202605,15299043,121
43790923000105,202606,15436635,122
43790923000105,202607,15593826,124
43790923000105,HOJE,15614482,122
43790956000147,202512,30400250,126
43790956000147,202601,30833715,126
43790956000147,202602,31306606,124
43790956000147,202603,31863072,123
43790956000147,202604,32429425,122
43790956000147,202605,32953698,121
43790956000147,202606,33341207,122
43790956000147,202607,33702118,124
43790956000147,HOJE,33733544,121
43915486000109,202512,823506629,126
43915486000109,202601,806263245,126
43915486000109,202602,784193883,124
43915486000109,202603,754532302,123
43915486000109,202604,726067600,122
43915486000109,202605,701232169,121
43915486000109,202606,678533385,122
43915486000109,202607,654038825,124
43915486000109,HOJE,650570557,122
43960245000173,202512,89683250,122
43960245000173,202601,89145392,122
43960245000173,202602,89071876,120
43960245000173,202603,89426715,120
43960245000173,202604,90103400,119
43960245000173,202605,90523955,118
43960245000173,202606,91430465,122
43960245000173,202607,92293517,124
43960245000173,HOJE,92363007,122
44025131000107,202512,273955377,126
44025131000107,202601,267146765,126
44025131000107,202602,258995384,124
44025131000107,202603,239452365,123
44025131000107,202604,226467776,122
44025131000107,202605,227818313,121
44025131000107,202606,229291880,122
44025131000107,202607,230913891,124
44025131000107,HOJE,231114393,122
44109989000141,202512,47334188,126
44109989000141,202601,47954805,126
44109989000141,202602,48534956,124
44109989000141,202603,49188550,123
44109989000141,202604,49830458,122
44109989000141,202605,50435830,121
44109989000141,202606,50921935,122
44109989000141,202607,51391407,124
44109989000141,HOJE,51442301,121
44110011000108,202512,17040051,126
44110011000108,202601,17222724,126
44110011000108,202602,17391845,124
44110011000108,202603,17584333,123
44110011000108,202604,17764010,122
44110011000108,202605,17938763,121
44110011000108,202606,18103011,122
44110011000108,202607,18285972,124
44110011000108,HOJE,18309664,122
44162109000109,202512,137297469,126
44162109000109,202601,138234723,126
44162109000109,202602,136909410,124
44162109000109,202603,140981266,123
44162109000109,202604,144006888,122
44162109000109,202605,148795853,121
44162109000109,202606,153804292,122
44162109000109,202607,200764973,124
44162109000109,HOJE,204967308,121
44196930000138,202512,148485206,126
44196930000138,202601,150832618,126
44196930000138,202602,154643170,124
44196930000138,202603,159308610,123
44196930000138,202604,163595763,122
44196930000138,202605,168021925,121
44196930000138,202606,172477015,122
44196930000138,202607,176602864,124
44196930000138,HOJE,176896174,122
44211989000158,202512,840727591,126
44211989000158,202601,843933320,126
44211989000158,202602,846924749,124
44211989000158,202603,849857059,123
44211989000158,202604,849839934,122
44211989000158,202605,844485109,121
44211989000158,202606,836399448,122
44211989000158,202607,829617725,124
44211989000158,HOJE,828996097,121
44212092000149,202512,964617853,126
44212092000149,202601,976241379,126
44212092000149,202602,986787393,124
44212092000149,202603,998556421,123
44212092000149,202604,1006486006,122
44212092000149,202605,1003950144,121
44212092000149,202606,997026996,122
44212092000149,202607,986228597,124
44212092000149,HOJE,985077278,121
44212217000130,202512,81400092,126
44212217000130,202601,79434809,126
44212217000130,202602,78523333,124
44212217000130,202603,78467836,123
44212217000130,202604,79716280,122
44212217000130,202605,80273414,121
44212217000130,202606,80960796,122
44212217000130,202607,81939963,124
44212217000130,HOJE,82045696,122
44212301000154,202512,74862912,126
44212301000154,202601,75599438,126
44212301000154,202602,76293071,124
44212301000154,202603,76980014,123
44212301000154,202604,77677891,122
44212301000154,202605,78347141,121
44212301000154,202606,79000523,122
44212301000154,202607,79737413,124
44212301000154,HOJE,79808442,121
44212650000176,202512,77603109,126
44212650000176,202601,78441914,126
44212650000176,202602,79325933,124
44212650000176,202603,80156025,123
44212650000176,202604,80863996,122
44212650000176,202605,80867417,121
44212650000176,202606,80687224,122
44212650000176,202607,80511209,124
44212650000176,HOJE,80457565,121
44229743000103,202512,57278779,126
44229743000103,202601,57940960,126
44229743000103,202602,58079791,124
44229743000103,202603,58678240,123
44229743000103,202604,59187958,122
44229743000103,202605,60462703,121
44229743000103,202606,61990312,122
44229743000103,202607,63636645,124
44229743000103,HOJE,63791662,121
44229915000149,202512,24181473,126
44229915000149,202601,24409764,126
44229915000149,202602,24655342,124
44229915000149,202603,24863062,123
44229915000149,202604,25025325,122
44229915000149,202605,25145459,121
44229915000149,202606,25224769,122
44229915000149,202607,25314900,124
44229915000149,HOJE,25316530,122
44230868000153,202512,168432390,126
44230868000153,202601,184197202,126
44230868000153,202602,198603184,124
44230868000153,202603,215054669,123
44230868000153,202604,230023120,122
44230868000153,202605,242053809,121
44230868000153,202606,250293663,122
44230868000153,202607,258600316,124
44230868000153,HOJE,259595611,121
44271539000150,202512,27423486,126
44271539000150,202601,27744652,126
44271539000150,202602,28064332,124
44271539000150,202603,28363662,123
44271539000150,202604,28584962,122
44271539000150,202605,28788043,121
44271539000150,202606,28975132,122
44271539000150,202607,28078224,124
44271539000150,HOJE,27910246,122
44271594000140,202512,21052262,126
44271594000140,202601,22343997,126
44271594000140,202602,23346526,124
44271594000140,202603,24505629,123
44271594000140,202604,25369256,122
44271594000140,202605,25537611,121
44271594000140,202606,25547428,121
44271594000140,202607,25740682,116
44271594000140,HOJE,25765392,114
44283966000159,202512,90968912,125
44283966000159,202601,92124886,125
44283966000159,202602,93132950,123
44283966000159,202603,93736514,123
44283966000159,202604,94154273,122
44283966000159,202605,94327730,121
44283966000159,202606,93576438,122
44283966000159,202607,92232494,120
44283966000159,HOJE,92109608,116
44315864000178,202512,1404051580,126
44315864000178,202601,1437841712,126
44315864000178,202602,1467907361,124
44315864000178,202603,1499760689,123
44315864000178,202604,1515983296,122
44315864000178,202605,1525305157,121
44315864000178,202606,1539033930,122
44315864000178,202607,1550768536,124
44315864000178,HOJE,1552583343,122
44347394000124,202512,109237691,126
44347394000124,202601,109720502,126
44347394000124,202602,110316070,124
44347394000124,202603,111509541,123
44347394000124,202604,113188160,122
44347394000124,202605,114881822,121
44347394000124,202606,116210969,122
44347394000124,202607,117573171,124
44347394000124,HOJE,117758186,122
44360319000101,202512,34719543,126
44360319000101,202601,33240958,126
44360319000101,202602,31829549,124
44360319000101,202603,29880160,123
44360319000101,202604,28567953,122
44360319000101,202605,27896999,121
44360319000101,202606,27395567,122
44360319000101,202607,26985373,124
44360319000101,HOJE,26917968,122
44361134000103,202512,848391830,126
44361134000103,202601,833948636,126
44361134000103,202602,821917752,124
44361134000103,202603,799795175,123
44361134000103,202604,774500665,122
44361134000103,202605,748746327,121
44361134000103,202606,727045013,122
44361134000103,202607,700871701,124
44361134000103,HOJE,696930590,122
44371942000151,202512,208193088,126
44371942000151,202601,189600812,126
44371942000151,202602,177924385,124
44371942000151,202603,199576867,123
44371942000151,202604,224161452,122
44371942000151,202605,246600958,121
44371942000151,202606,272889881,122
44371942000151,202607,303729232,124
44371942000151,HOJE,309789034,122
44409284000140,202512,27907418,126
44409284000140,202601,28215068,126
44409284000140,202602,28504771,124
44409284000140,202603,28845870,123
44409284000140,202604,29149720,122
44409284000140,202605,29286090,121
44409284000140,202606,29074949,122
44409284000140,202607,28850985,124
44409284000140,HOJE,28824753,122
44409359000192,202512,28961605,126
44409359000192,202601,29302637,126
44409359000192,202602,29631363,124
44409359000192,202603,29982044,123
44409359000192,202604,30304664,122
44409359000192,202605,30610833,121
44409359000192,202606,30895062,122
44409359000192,202607,31187834,124
44409359000192,HOJE,31225090,122
44417248000128,202512,38232116,126
44417248000128,202601,39045921,126
44417248000128,202602,39848617,124
44417248000128,202603,40522893,123
44417248000128,202604,40974586,122
44417248000128,202605,41272380,121
44417248000128,202606,41458712,122
44417248000128,202607,41658046,124
44417248000128,HOJE,41668000,122
44434922000182,202512,726858586,126
44434922000182,202601,734339335,126
44434922000182,202602,740827185,124
44434922000182,202603,749258037,123
44434922000182,202604,761324902,122
44434922000182,202605,775171966,121
44434922000182,202606,798015411,122
44434922000182,202607,822940785,124
44434922000182,HOJE,826441980,122
44458613000142,202512,28304060,126
44458613000142,202601,28631181,126
44458613000142,202602,28943389,124
44458613000142,202603,29285664,123
44458613000142,202604,29613054,122
44458613000142,202605,29905131,121
44458613000142,202606,30177655,122
44458613000142,202607,30470789,124
44458613000142,HOJE,30508701,122
44459125000150,202512,40425621,126
44459125000150,202601,40868767,126
44459125000150,202602,41283397,124
44459125000150,202603,41716065,123
44459125000150,202604,42093731,122
44459125000150,202605,42454038,121
44459125000150,202606,42808880,122
44459125000150,202607,43171610,124
44459125000150,HOJE,43208329,121
44574326000106,202512,491424676,125
44574326000106,202601,474128194,125
44574326000106,202602,457797137,123
44574326000106,202603,438708867,122
44574326000106,202604,422982890,122
44574326000106,202605,409669845,121
44574326000106,202606,397572624,122
44574326000106,202607,384279310,124
44574326000106,HOJE,382347319,122
44672489000113,202512,27087009,126
44672489000113,202601,27406345,126
44672489000113,202602,27856607,124
44672489000113,202603,28556903,123
44672489000113,202604,29112540,122
44672489000113,202605,29417859,121
44672489000113,202606,29550138,122
44672489000113,202607,29550685,124
44672489000113,HOJE,29557486,122
44672936000134,202512,44375717,126
44672936000134,202601,44448983,126
44672936000134,202602,44518196,124
44672936000134,202603,44391807,123
44672936000134,202604,44106596,122
44672936000134,202605,43868051,121
44672936000134,202606,43454964,122
44672936000134,202607,42858667,124
44672936000134,HOJE,42771639,122
44703439000156,202512,636510620,126
44703439000156,202601,675933195,126
44703439000156,202602,728355824,124
44703439000156,202603,802535987,123
44703439000156,202604,882734913,122
44703439000156,202605,955300655,121
44703439000156,202606,1024136614,122
44703439000156,202607,1105173506,124
44703439000156,HOJE,1116616172,122
44748987000100,202512,42655228,126
44748987000100,202601,40542709,126
44748987000100,202602,38053691,124
44748987000100,202603,36371868,123
44748987000100,202604,35485311,122
44748987000100,202605,34813335,119
44748987000100,202606,34126830,113
44748987000100,202607,33585779,113
44748987000100,HOJE,33636577,111
44764166000150,202512,16256727,126
44764166000150,202601,15701028,126
44764166000150,202602,15175611,124
44764166000150,202603,14550324,123
44764166000150,202604,13958340,122
44764166000150,202605,13544355,121
44764166000150,202606,13182878,122
44764166000150,202607,12907174,117
44764166000150,HOJE,12870796,113
44835820000179,202512,20430652,126
44835820000179,202601,21647742,126
44835820000179,202602,22668586,124
44835820000179,202603,23709197,123
44835820000179,202604,24216599,122
44835820000179,202605,24410780,121
44835820000179,202606,24582792,122
44835820000179,202607,24737587,124
44835820000179,HOJE,24757237,121
44839845000140,202512,27757672,126
44839845000140,202601,27631098,126
44839845000140,202602,27678908,124
44839845000140,202603,28150233,123
44839845000140,202604,28223193,122
44839845000140,202605,27482404,121
44839845000140,202606,26153888,122
44839845000140,202607,25232420,124
44839845000140,HOJE,25100529,122
44870067000152,202512,231440960,126
44870067000152,202601,215322885,126
44870067000152,202602,200266226,124
44870067000152,202603,183859250,123
44870067000152,202604,173957316,122
44870067000152,202605,167376392,121
44870067000152,202606,162194177,122
44870067000152,202607,157375397,124
44870067000152,HOJE,156849123,121
44900549000108,202512,71766221,126
44900549000108,202601,71129982,126
44900549000108,202602,71224494,124
44900549000108,202603,71779203,123
44900549000108,202604,71248104,122
44900549000108,202605,70722570,121
44900549000108,202606,70101693,122
44900549000108,202607,69375408,124
44900549000108,HOJE,69238664,121
44903727000154,202512,37752957,126
44903727000154,202601,37704987,126
44903727000154,202602,36970714,124
44903727000154,202603,35922101,123
44903727000154,202604,34930414,122
44903727000154,202605,33522464,121
44903727000154,202606,31471482,122
44903727000154,202607,29485550,120
44903727000154,HOJE,29333247,116
44917374000141,202512,443058001,126
44917374000141,202601,461266939,126
44917374000141,202602,481643471,124
44917374000141,202603,507255151,123
44917374000141,202604,522667548,122
44917374000141,202605,529063352,121
44917374000141,202606,528843360,122
44917374000141,202607,522155942,124
44917374000141,HOJE,521372988,121
44917400000131,202512,21264658,126
44917400000131,202601,21493952,126
44917400000131,202602,21704835,124
44917400000131,202603,21950593,123
44917400000131,202604,22175840,122
44917400000131,202605,22393435,121
44917400000131,202606,22603173,122
44917400000131,202607,21233473,119
44917400000131,HOJE,21198640,115
44917472000189,202512,83160054,126
44917472000189,202601,82447636,126
44917472000189,202602,80486527,124
44917472000189,202603,77979442,123
44917472000189,202604,75698195,122
44917472000189,202605,72873985,121
44917472000189,202606,68909377,122
44917472000189,202607,66282075,124
44917472000189,HOJE,66164049,122
44917492000150,202512,218481494,126
44917492000150,202601,221115902,126
44917492000150,202602,221670936,124
44917492000150,202603,216559668,123
44917492000150,202604,211587017,122
44917492000150,202605,206486281,121
44917492000150,202606,201412056,122
44917492000150,202607,196155231,124
44917492000150,HOJE,195102465,122
44933162000158,202512,105716181,126
44933162000158,202601,106012498,126
44933162000158,202602,99575410,124
44933162000158,202603,93835416,123
44933162000158,202604,86523310,122
44933162000158,202605,90599114,121
44933162000158,202606,104275713,122
44933162000158,202607,111776252,124
44933162000158,HOJE,114258603,121
44960766000193,202512,15629034,126
44960766000193,202601,15528370,126
44960766000193,202602,15442509,124
44960766000193,202603,15570330,123
44960766000193,202604,15752612,122
44960766000193,202605,15906657,121
44960766000193,202606,16016901,122
44960766000193,202607,16119145,124
44960766000193,HOJE,16129504,121
44967444000176,202512,19035144,126
44967444000176,202601,21589111,126
44967444000176,202602,23048694,124
44967444000176,202603,23422173,123
44967444000176,202604,23460778,122
44967444000176,202605,23001699,121
44967444000176,202606,22405666,122
44967444000176,202607,21773642,124
44967444000176,HOJE,21669903,122
44977584000125,202512,75257590,125
44977584000125,202601,77906224,125
44977584000125,202602,79700103,123
44977584000125,202603,82357222,122
44977584000125,202604,84932723,121
44977584000125,202605,88578150,120
44977584000125,202606,93757988,120
44977584000125,202607,96239557,117
44977584000125,HOJE,96634003,114
44980461000143,202512,46000058,126
44980461000143,202601,44723011,126
44980461000143,202602,43567566,124
44980461000143,202603,44079188,123
44980461000143,202604,44532393,122
44980461000143,202605,45015200,121
44980461000143,202606,45513991,122
44980461000143,202607,46055685,124
44980461000143,HOJE,46131492,122
45019458000120,202512,72313204,126
45019458000120,202601,72461127,126
45019458000120,202602,72777609,124
45019458000120,202603,73116701,123
45019458000120,202604,73447352,122
45019458000120,202605,73657928,121
45019458000120,202606,73439445,122
45019458000120,202607,72882778,124
45019458000120,HOJE,72825846,122
45063855000108,202512,462103360,126
45063855000108,202601,417336492,126
45063855000108,202602,411578490,124
45063855000108,202603,394930313,123
45063855000108,202604,375546405,121
45063855000108,202605,354812820,120
45063855000108,202606,334342947,121
45063855000108,202607,319270095,120
45063855000108,HOJE,316651457,117
45081662000171,202512,26993568,126
45081662000171,202601,27357070,126
45081662000171,202602,27677359,124
45081662000171,202603,27931710,123
45081662000171,202604,28158258,122
45081662000171,202605,28382120,121
45081662000171,202606,28567264,122
45081662000171,202607,28643404,124
45081662000171,HOJE,28635008,121
45081835000151,202512,76694485,126
45081835000151,202601,77424799,126
45081835000151,202602,78127354,124
45081835000151,202603,78648877,123
45081835000151,202604,79113212,122
45081835000151,202605,79356400,121
45081835000151,202606,79414523,122
45081835000151,202607,79459903,124
45081835000151,HOJE,79434672,122
45088665000137,202512,36887491,126
45088665000137,202601,36897208,126
45088665000137,202602,36873965,124
45088665000137,202603,36404992,123
45088665000137,202604,35890822,122
45088665000137,202605,35286527,121
45088665000137,202606,34909929,122
45088665000137,202607,34693723,124
45088665000137,HOJE,34625862,122
45103998000198,202512,672460374,126
45103998000198,202601,698092544,126
45103998000198,202602,726231170,124
45103998000198,202603,752223741,123
45103998000198,202604,774523069,122
45103998000198,202605,799634240,121
45103998000198,202606,826986132,122
45103998000198,202607,855611145,124
45103998000198,HOJE,859381372,122
45104170000154,202512,160508518,126
45104170000154,202601,160273772,126
45104170000154,202602,159163322,124
45104170000154,202603,157211529,123
45104170000154,202604,155395389,122
45104170000154,202605,153581638,121
45104170000154,202606,151898545,122
45104170000154,202607,149914168,124
45104170000154,HOJE,149469821,122
45147116000196,202512,20458599,126
45147116000196,202601,20676155,126
45147116000196,202602,20879277,124
45147116000196,202603,20168878,123
45147116000196,202604,19003400,122
45147116000196,202605,17800102,121
45147116000196,202606,16618441,120
45147116000196,202607,15333711,120
45147116000196,HOJE,15105614,118
45295157000120,202512,182098669,125
45295157000120,202601,183876037,125
45295157000120,202602,181071178,123
45295157000120,202603,177038314,122
45295157000120,202604,172404072,122
45295157000120,202605,168083688,121
45295157000120,202606,165381251,122
45295157000120,202607,168158774,124
45295157000120,HOJE,168562792,122
45295606000130,202512,2149429800,126
45295606000130,202601,2165888374,126
45295606000130,202602,2177913144,124
45295606000130,202603,2181948993,123
45295606000130,202604,2142763718,122
45295606000130,202605,2071673292,121
45295606000130,202606,1995466699,122
45295606000130,202607,1906394871,124
45295606000130,HOJE,1891983169,122
45302406000167,202512,133485037,126
45302406000167,202601,132964335,126
45302406000167,202602,132225883,124
45302406000167,202603,133181271,123
45302406000167,202604,134846028,122
45302406000167,202605,136838583,121
45302406000167,202606,138381621,122
45302406000167,202607,139153481,124
45302406000167,HOJE,139303581,122
45354855000159,202512,6157883,126
45354855000159,202601,6168300,126
45354855000159,202602,6164921,124
45354855000159,202603,6143996,123
45354855000159,202604,6163456,122
45354855000159,202605,6204914,121
45354855000159,202606,6231855,122
45354855000159,202607,9201148,124
45354855000159,HOJE,9918254,122
45386487000120,202512,59538221,126
45386487000120,202601,64730722,126
45386487000120,202602,69722088,124
45386487000120,202603,75648229,123
45386487000120,202604,81138937,122
45386487000120,202605,87737733,121
45386487000120,202606,95445087,122
45386487000120,202607,105127745,124
45386487000120,HOJE,106459932,122
45443993000104,202512,118018917,126
45443993000104,202601,118898761,126
45443993000104,202602,119614901,124
45443993000104,202603,119846789,123
45443993000104,202604,119133364,122
45443993000104,202605,119351369,121
45443993000104,202606,119355200,122
45443993000104,202607,119550378,124
45443993000104,HOJE,119438457,122
45444067000153,202512,227319745,126
45444067000153,202601,230902456,126
45444067000153,202602,232719692,124
45444067000153,202603,233226013,123
45444067000153,202604,232781622,122
45444067000153,202605,230690854,121
45444067000153,202606,229778752,122
45444067000153,202607,229574416,124
45444067000153,HOJE,229519375,121
45444101000190,202512,434654605,126
45444101000190,202601,459382960,126
45444101000190,202602,487466661,124
45444101000190,202603,530302359,123
45444101000190,202604,572166041,122
45444101000190,202605,602110832,121
45444101000190,202606,621950037,122
45444101000190,202607,632475591,124
45444101000190,HOJE,634116558,122
45494496000135,202512,712093112,126
45494496000135,202601,713648054,126
45494496000135,202602,713969180,124
45494496000135,202603,710319517,123
45494496000135,202604,700333988,122
45494496000135,202605,684855389,121
45494496000135,202606,667195841,122
45494496000135,202607,646087668,124
45494496000135,HOJE,642866401,122
45511206000114,202512,103792219,126
45511206000114,202601,103746710,126
45511206000114,202602,104375991,124
45511206000114,202603,104363102,123
45511206000114,202604,104663577,122
45511206000114,202605,106229619,121
45511206000114,202606,109482571,122
45511206000114,202607,112982913,124
45511206000114,HOJE,113354721,122
45642714000131,202512,1960416770,126
45642714000131,202601,1996090027,126
45642714000131,202602,2023423737,124
45642714000131,202603,2053924653,123
45642714000131,202604,2080954037,122
45642714000131,202605,2100148025,121
45642714000131,202606,2121533082,122
45642714000131,202607,2143157757,124
45642714000131,HOJE,2146281028,122
45646162000130,202512,6596803504,126
45646162000130,202601,6666721548,126
45646162000130,202602,6715272565,124
45646162000130,202603,6742351791,123
45646162000130,202604,6741359155,122
45646162000130,202605,6728402006,121
45646162000130,202606,6716775840,122
45646162000130,202607,6701786918,124
45646162000130,HOJE,6698305718,122
45646230000160,202512,2094615503,125
45646230000160,202601,2118008092,125
45646230000160,202602,2117033083,123
45646230000160,202603,2088366158,122
45646230000160,202604,2053675078,122
45646230000160,202605,2027058174,121
45646230000160,202606,2003989695,122
45646230000160,202607,1985862380,124
45646230000160,HOJE,1983566354,122
45656777000147,202512,27126585,126
45656777000147,202601,28404041,126
45656777000147,202602,29160373,124
45656777000147,202603,30194462,123
45656777000147,202604,32192480,122
45656777000147,202605,35215363,121
45656777000147,202606,39924249,122
45656777000147,202607,46474077,124
45656777000147,HOJE,47440774,122
45682244000130,202512,347739400,126
45682244000130,202601,353459801,126
45682244000130,202602,358548078,124
45682244000130,202603,364066068,123
45682244000130,202604,369098332,122
45682244000130,202605,373991853,121
45682244000130,202606,377409735,122
45682244000130,202607,380396018,124
45682244000130,HOJE,380814965,122
45683322000110,202512,324181280,126
45683322000110,202601,328747592,126
45683322000110,202602,334185706,124
45683322000110,202603,339696879,123
45683322000110,202604,342402573,122
45683322000110,202605,344319051,121
45683322000110,202606,345320919,122
45683322000110,202607,346642296,124
45683322000110,HOJE,346737679,121
45683352000127,202512,137281529,126
45683352000127,202601,138234605,126
45683352000127,202602,136909289,124
45683352000127,202603,140988721,123
45683352000127,202604,141074327,122
45683352000127,202605,138977944,121
45683352000127,202606,137945950,122
45683352000127,202607,139544288,124
45683352000127,HOJE,140272753,121
45688098000150,202512,742107646,126
45688098000150,202601,762698565,126
45688098000150,202602,777099043,124
45688098000150,202603,786192894,123
45688098000150,202604,790651037,122
45688098000150,202605,792723958,121
45688098000150,202606,792957583,122
45688098000150,202607,788313975,124
45688098000150,HOJE,787540235,122
45688636000106,202512,137273399,126
45688636000106,202601,138234605,126
45688636000106,202602,136909290,124
45688636000106,202603,140976621,123
45688636000106,202604,141061430,122
45688636000106,202605,138969627,121
45688636000106,202606,137936458,122
45688636000106,202607,139534949,124
45688636000106,HOJE,140263183,121
45688718000150,202512,137273399,126
45688718000150,202601,138234605,126
45688718000150,202602,136909290,124
45688718000150,202603,140976305,123
45688718000150,202604,141061111,122
45688718000150,202605,138964507,121
45688718000150,202606,137932623,122
45688718000150,202607,139531176,124
45688718000150,HOJE,140259316,121
45722996000187,202512,18375978,126
45722996000187,202601,17904953,126
45722996000187,202602,17402864,124
45722996000187,202603,16989489,123
45722996000187,202604,16790935,122
45722996000187,202605,16855261,121
45722996000187,202606,16904939,122
45722996000187,202607,16751179,124
45722996000187,HOJE,16744017,122
45726917000106,202512,333276539,126
45726917000106,202601,326924488,126
45726917000106,202602,321515254,124
45726917000106,202603,316078525,123
45726917000106,202604,317737163,122
45726917000106,202605,326075403,121
45726917000106,202606,337154008,122
45726917000106,202607,350162296,124
45726917000106,HOJE,352119949,122
45756554000151,202512,42417107,126
45756554000151,202601,43098298,126
45756554000151,202602,43540158,124
45756554000151,202603,44013243,123
45756554000151,202604,44446993,122
45756554000151,202605,44919235,121
45756554000151,202606,45386631,122
45756554000151,202607,45868090,124
45756554000151,HOJE,45931048,122
45912093000169,202512,166873664,126
45912093000169,202601,164757234,126
45912093000169,202602,163744328,124
45912093000169,202603,162177733,123
45912093000169,202604,161279228,122
45912093000169,202605,159985617,121
45912093000169,202606,158848731,122
45912093000169,202607,157972059,124
45912093000169,HOJE,157793978,122
45912178000147,202512,912774668,126
45912178000147,202601,938766851,126
45912178000147,202602,966325890,124
45912178000147,202603,1006428580,123
45912178000147,202604,1049201247,122
45912178000147,202605,1089503741,121
45912178000147,202606,1121426536,122
45912178000147,202607,1143602374,124
45912178000147,HOJE,1146944717,122
46082347000121,202512,15597079,126
46082347000121,202601,15701643,126
46082347000121,202602,15797104,124
46082347000121,202603,15910954,123
46082347000121,202604,16017613,122
46082347000121,202605,15963394,121
46082347000121,202606,15689609,122
46082347000121,202607,15395061,124
46082347000121,HOJE,15358076,122
46098698000120,202512,137148560,126
46098698000120,202601,138108757,126
46098698000120,202602,136781412,124
46098698000120,202603,140978221,123
46098698000120,202604,141063043,122
46098698000120,202605,138966386,121
46098698000120,202606,137934486,122
46098698000120,202607,139534034,124
46098698000120,HOJE,140262245,121
46098742000100,202512,64638398,126
46098742000100,202601,65524643,126
46098742000100,202602,66394207,124
46098742000100,202603,67174395,123
46098742000100,202604,67746799,122
46098742000100,202605,68141919,121
46098742000100,202606,68447251,122
46098742000100,202607,68782773,124
46098742000100,HOJE,68791246,121
46098916000127,202512,3472934796,126
46098916000127,202601,3488612828,126
46098916000127,202602,3497217906,124
46098916000127,202603,3497637614,123
46098916000127,202604,3481816223,122
46098916000127,202605,3494211943,121
46098916000127,202606,3570031230,122
46098916000127,202607,3639166543,124
46098916000127,HOJE,3642133819,121
46099626000106,202512,1351756947,126
46099626000106,202601,1372827383,126
46099626000106,202602,1387265093,124
46099626000106,202603,1403019757,123
46099626000106,202604,1403431228,122
46099626000106,202605,1389345821,121
46099626000106,202606,1372649161,122
46099626000106,202607,1348366222,124
46099626000106,HOJE,1345611200,121
46172369000182,202512,63733880,126
46172369000182,202601,61382210,126
46172369000182,202602,60132083,124
46172369000182,202603,59478306,123
46172369000182,202604,58751071,122
46172369000182,202605,59126708,121
46172369000182,202606,59415100,122
46172369000182,202607,57959288,124
46172369000182,HOJE,57743018,122
46246589000103,202512,45237596,126
46246589000103,202601,45739939,126
46246589000103,202602,46207939,124
46246589000103,202603,46764004,123
46246589000103,202604,47276262,122
46246589000103,202605,47787486,121
46246589000103,202606,48294990,122
46246589000103,202607,48844835,124
46246589000103,HOJE,48919482,122
46328602000173,202512,1339684494,126
46328602000173,202601,1384008866,126
46328602000173,202602,1424668247,124
46328602000173,202603,1466465023,123
46328602000173,202604,1488625550,122
46328602000173,202605,1484268622,121
46328602000173,202606,1458042073,122
46328602000173,202607,1415314582,124
46328602000173,HOJE,1410669333,121
46328680000178,202512,137148559,126
46328680000178,202601,138109764,126
46328680000178,202602,136727998,124
46328680000178,202603,140934067,123
46328680000178,202604,141018528,122
46328680000178,202605,138926301,121
46328680000178,202606,137894729,122
46328680000178,202607,139493894,124
46328680000178,HOJE,140276897,121
46328752000187,202512,137194470,126
46328752000187,202601,138155167,126
46328752000187,202602,136828571,124
46328752000187,202603,140987951,123
46328752000187,202604,141072853,122
46328752000187,202605,138976251,121
46328752000187,202606,137944271,122
46328752000187,202607,139543153,124
46328752000187,HOJE,140271590,121
46328929000145,202512,137273399,126
46328929000145,202601,138234605,126
46328929000145,202602,136909289,124
46328929000145,202603,140976304,123
46328929000145,202604,141061111,122
46328929000145,202605,138964507,121
46328929000145,202606,137932623,122
46328929000145,202607,139531176,124
46328929000145,HOJE,140259316,121
46328987000179,202512,137273399,126
46328987000179,202601,138248614,126
46328987000179,202602,136923524,124
46328987000179,202603,140990880,123
46328987000179,202604,141075807,122
46328987000179,202605,138985945,121
46328987000179,202606,137953885,122
46328987000179,202607,139537861,124
46328987000179,HOJE,140266166,121
46329357000119,202512,452307562,126
46329357000119,202601,480513719,126
46329357000119,202602,504230092,124
46329357000119,202603,527441896,123
46329357000119,202604,544343092,122
46329357000119,202605,566630365,121
46329357000119,202606,590419586,122
46329357000119,202607,610786370,124
46329357000119,HOJE,612780409,121
46332105000149,202512,1857222249,126
46332105000149,202601,1940616288,126
46332105000149,202602,2035821942,124
46332105000149,202603,2120134495,123
46332105000149,202604,2181405327,122
46332105000149,202605,2241143933,121
46332105000149,202606,2296916268,122
46332105000149,202607,2333692469,124
46332105000149,HOJE,2335349079,122
46373760000145,202512,1143130765,126
46373760000145,202601,1135909258,126
46373760000145,202602,1129258474,124
46373760000145,202603,1120656449,123
46373760000145,202604,1113761672,122
46373760000145,202605,1103107484,121
46373760000145,202606,1090289456,122
46373760000145,202607,1070995896,124
46373760000145,HOJE,1068834584,121
46385360000150,202512,87397362,126
46385360000150,202601,89691613,126
46385360000150,202602,92885623,124
46385360000150,202603,96856684,123
46385360000150,202604,100550100,122
46385360000150,202605,104223243,121
46385360000150,202606,106137285,122
46385360000150,202607,108251668,124
46385360000150,HOJE,108504814,121
46401052000170,202512,1988725535,126
46401052000170,202601,2047285894,126
46401052000170,202602,2104551131,124
46401052000170,202603,2134497505,123
46401052000170,202604,2143257231,122
46401052000170,202605,2161452614,121
46401052000170,202606,2181571161,122
46401052000170,202607,2200320566,124
46401052000170,HOJE,2201522367,121
46415283000133,202512,14205363,126
46415283000133,202601,13401125,126
46415283000133,202602,12556949,124
46415283000133,202603,11592990,123
46415283000133,202604,10897808,122
46415283000133,202605,10214998,121
46415283000133,202606,9350668,122
46415283000133,202607,8728819,124
46415283000133,HOJE,8656970,121
46423681000100,202512,46287567,125
46423681000100,202601,46393464,125
46423681000100,202602,46489865,123
46423681000100,202603,46346866,122
46423681000100,202604,45977991,121
46423681000100,202605,45698550,120
46423681000100,202606,45567121,122
46423681000100,202607,45409998,124
46423681000100,HOJE,45364249,122
46438835000129,202512,302029020,126
46438835000129,202601,311409977,126
46438835000129,202602,319953825,124
46438835000129,202603,327786536,123
46438835000129,202604,331091978,122
46438835000129,202605,338021190,121
46438835000129,202606,345002590,122
46438835000129,202607,350634974,124
46438835000129,HOJE,351209737,122
46438863000146,202512,178709611,126
46438863000146,202601,183519178,126
46438863000146,202602,186704918,124
46438863000146,202603,188888220,123
46438863000146,202604,188469788,122
46438863000146,202605,187540032,121
46438863000146,202606,186401589,122
46438863000146,202607,183538123,124
46438863000146,HOJE,183149468,122
46449438000152,202512,349460004,126
46449438000152,202601,354263920,126
46449438000152,202602,358811929,124
46449438000152,202603,362899457,123
46449438000152,202604,365217523,122
46449438000152,202605,367849579,121
46449438000152,202606,371052649,122
46449438000152,202607,374191349,124
46449438000152,HOJE,374467167,122
46449621000158,202512,7584840,126
46449621000158,202601,7184299,126
46449621000158,202602,7033742,124
46449621000158,202603,6966882,123
46449621000158,202604,6991526,122
46449621000158,202605,7064025,121
46449621000158,202606,7085733,122
46449621000158,202607,7016498,124
46449621000158,HOJE,6997873,122
46467107000145,202512,41759463,126
46467107000145,202601,42163268,126
46467107000145,202602,42538492,124
46467107000145,202603,42997976,123
46467107000145,202604,43430900,122
46467107000145,202605,43877744,121
46467107000145,202606,44321141,122
46467107000145,202607,44811444,124
46467107000145,HOJE,44868627,121
46474477000100,202512,134543192,126
46474477000100,202601,136381651,126
46474477000100,202602,138074659,124
46474477000100,202603,139436848,123
46474477000100,202604,140076184,122
46474477000100,202605,140764179,121
46474477000100,202606,141690226,122
46474477000100,202607,142627524,124
46474477000100,HOJE,142685374,122
46479870000196,202512,148148297,126
46479870000196,202601,150139603,126
46479870000196,202602,151947514,124
46479870000196,202603,153268421,123
46479870000196,202604,153856716,122
46479870000196,202605,154209574,121
46479870000196,202606,154670418,122
46479870000196,202607,155245958,124
46479870000196,HOJE,155247625,122
46503160000154,202512,29765073,126
46503160000154,202601,30016857,126
46503160000154,202602,30295830,124
46503160000154,202603,30518655,123
46503160000154,202604,30711647,122
46503160000154,202605,30843904,121
46503160000154,202606,30919968,122
46503160000154,202607,31015857,124
46503160000154,HOJE,31016387,122
46539506000174,202512,207441114,126
46539506000174,202601,222840438,126
46539506000174,202602,235315850,124
46539506000174,202603,246896261,123
46539506000174,202604,251023405,122
46539506000174,202605,251212915,121
46539506000174,202606,244857495,122
46539506000174,202607,240416260,124
46539506000174,HOJE,239706954,122
46573364000161,202512,170486889,126
46573364000161,202601,172051531,126
46573364000161,202602,173820005,124
46573364000161,202603,175295514,123
46573364000161,202604,176431548,122
46573364000161,202605,177084095,121
46573364000161,202606,177446129,122
46573364000161,202607,177887329,124
46573364000161,HOJE,177862327,122
46655366000108,202512,26345660,126
46655366000108,202601,26598140,126
46655366000108,202602,26842447,124
46655366000108,202603,27080782,123
46655366000108,202604,27300091,122
46655366000108,202605,27524696,121
46655366000108,202606,27729611,122
46655366000108,202607,27961628,124
46655366000108,HOJE,27981371,121
46685489000183,202512,794076872,126
46685489000183,202601,830302585,126
46685489000183,202602,865511549,124
46685489000183,202603,903020014,123
46685489000183,202604,931530359,122
46685489000183,202605,961789364,121
46685489000183,202606,990241868,122
46685489000183,202607,1012880686,124
46685489000183,HOJE,1015441214,122
46685502000102,202512,1464445999,126
46685502000102,202601,1498504585,126
46685502000102,202602,1534620539,124
46685502000102,202603,1586554545,123
46685502000102,202604,1642598229,122
46685502000102,202605,1695458309,121
46685502000102,202606,1742485530,122
46685502000102,202607,1790392258,124
46685502000102,HOJE,1796732969,122
46700364000185,202512,199241382,126
46700364000185,202601,229239631,126
46700364000185,202602,258453842,124
46700364000185,202603,296037564,123
46700364000185,202604,332665343,122
46700364000185,202605,365051482,121
46700364000185,202606,392817720,122
46700364000185,202607,419057600,124
46700364000185,HOJE,422686101,122
46762380000100,202512,31825340,126
46762380000100,202601,31215370,126
46762380000100,202602,30941782,124
46762380000100,202603,30801987,123
46762380000100,202604,30791102,122
46762380000100,202605,30767013,121
46762380000100,202606,30790141,122
46762380000100,202607,30695095,124
46762380000100,HOJE,30678492,122
46762699000128,202512,39146188,126
46762699000128,202601,39490220,126
46762699000128,202602,39886833,124
46762699000128,202603,40593852,123
46762699000128,202604,41712005,122
46762699000128,202605,42602520,121
46762699000128,202606,43043808,122
46762699000128,202607,43282202,124
46762699000128,HOJE,43310031,121
46763213000176,202512,123625741,126
46763213000176,202601,125124860,126
46763213000176,202602,126506679,124
46763213000176,202603,128144066,123
46763213000176,202604,129606459,122
46763213000176,202605,131124970,121
46763213000176,202606,132709433,122
46763213000176,202607,134423045,124
46763213000176,HOJE,134653552,122
46975474000150,202512,3433407216,126
46975474000150,202601,3750721890,126
46975474000150,202602,4054918736,124
46975474000150,202603,4449363825,123
46975474000150,202604,4844621556,122
46975474000150,202605,4942622380,121
46975474000150,202606,4888770914,122
46975474000150,202607,4834224756,124
46975474000150,HOJE,4827121835,122
46975834000113,202512,101264693,126
46975834000113,202601,102722855,126
46975834000113,202602,104411471,124
46975834000113,202603,106742868,123
46975834000113,202604,109016739,122
46975834000113,202605,111236373,121
46975834000113,202606,113296900,122
46975834000113,202607,115320325,124
46975834000113,HOJE,115559057,122
46997370000146,202512,25113138,126
46997370000146,202601,30380676,126
46997370000146,202602,36520589,124
46997370000146,202603,45020151,123
46997370000146,202604,53176033,122
46997370000146,202605,62430650,121
46997370000146,202606,71870033,122
46997370000146,202607,80863446,124
46997370000146,HOJE,81946673,122
46997395000140,202512,517320161,126
46997395000140,202601,507079418,126
46997395000140,202602,497491580,124
46997395000140,202603,486962822,123
46997395000140,202604,478439883,122
46997395000140,202605,473334711,121
46997395000140,202606,470725830,122
46997395000140,202607,468146969,124
46997395000140,HOJE,467682442,122
47020699000115,202512,4452009,112
47020699000115,202601,5384336,126
47020699000115,202602,6768128,124
47020699000115,202603,8675943,123
47020699000115,202604,11279151,122
47020699000115,202605,14380179,121
47020699000115,202606,18029767,122
47020699000115,202607,22244740,124
47020699000115,HOJE,22840258,122
47086196000142,202512,191456518,126
47086196000142,202601,194406490,126
47086196000142,202602,194291703,124
47086196000142,202603,191860776,123
47086196000142,202604,188573121,122
47086196000142,202605,184863698,121
47086196000142,202606,180233247,122
47086196000142,202607,173287430,124
47086196000142,HOJE,172346363,122
47102746000170,202512,766626375,126
47102746000170,202601,793659502,126
47102746000170,202602,854161112,124
47102746000170,202603,922763504,123
47102746000170,202604,984521465,122
47102746000170,202605,1042370456,121
47102746000170,202606,1092678614,122
47102746000170,202607,1124122572,124
47102746000170,HOJE,1121938507,122
47212160000168,202512,186962838,126
47212160000168,202601,182881346,126
47212160000168,202602,179000858,124
47212160000168,202603,174201638,123
47212160000168,202604,170751158,122
47212160000168,202605,167264160,121
47212160000168,202606,163669312,122
47212160000168,202607,159303904,124
47212160000168,HOJE,158497222,122
47212494000131,202512,63692153,126
47212494000131,202601,75264160,126
47212494000131,202602,89335175,124
47212494000131,202603,113736352,123
47212494000131,202604,141083181,122
47212494000131,202605,167387745,121
47212494000131,202606,194517049,122
47212494000131,202607,224384828,124
47212494000131,HOJE,228774660,122
47227609000161,202512,20547700,126
47227609000161,202601,20573030,126
47227609000161,202602,20573970,124
47227609000161,202603,20574038,123
47227609000161,202604,20573999,122
47227609000161,202605,20574131,121
47227609000161,202606,20574455,122
47227609000161,202607,20575967,124
47227609000161,HOJE,20575411,122
47443943000152,202512,617622667,125
47443943000152,202601,667794873,125
47443943000152,202602,682991258,123
47443943000152,202603,687312885,122
47443943000152,202604,688116154,122
47443943000152,202605,686104743,121
47443943000152,202606,681900881,122
47443943000152,202607,675341028,124
47443943000152,HOJE,674306454,122
47457540000162,202512,62944764,126
47457540000162,202601,63514935,126
47457540000162,202602,64074010,124
47457540000162,202603,64472861,123
47457540000162,202604,64755669,122
47457540000162,202605,64921558,121
47457540000162,202606,65012058,122
47457540000162,202607,65103531,124
47457540000162,HOJE,65082681,122
47457832000103,202512,53583138,126
47457832000103,202601,54118962,126
47457832000103,202602,54615466,124
47457832000103,202603,55214569,123
47457832000103,202604,55768082,122
47457832000103,202605,56318917,121
47457832000103,202606,56863033,122
47457832000103,202607,57452892,124
47457832000103,HOJE,57530366,122
47512582000159,202512,169288098,126
47512582000159,202601,168191620,126
47512582000159,202602,164833409,124
47512582000159,202603,156504512,123
47512582000159,202604,146877769,122
47512582000159,202605,133773565,121
47512582000159,202606,118323320,122
47512582000159,202607,101701395,124
47512582000159,HOJE,99649416,122
47540095000108,202512,434444139,126
47540095000108,202601,439746715,126
47540095000108,202602,444533447,124
47540095000108,202603,449239134,123
47540095000108,202604,450063763,122
47540095000108,202605,446055389,121
47540095000108,202606,433621681,122
47540095000108,202607,416814197,124
47540095000108,HOJE,414366721,122
47540226000149,202512,44772751,126
47540226000149,202601,44561336,126
47540226000149,202602,45199007,124
47540226000149,202603,45409072,123
47540226000149,202604,42689105,122
47540226000149,202605,35580673,121
47540226000149,202606,28364576,122
47540226000149,202607,23069809,111
47540226000149,HOJE,21749496,109
47543107000140,202512,2228867369,126
47543107000140,202601,2264149071,126
47543107000140,202602,2298647998,124
47543107000140,202603,2338442474,123
47543107000140,202604,2370144774,122
47543107000140,202605,2405994725,121
47543107000140,202606,2440485090,122
47543107000140,202607,2474602792,124
47543107000140,HOJE,2479133106,122
47543238000127,202512,93593524,126
47543238000127,202601,103065430,126
47543238000127,202602,108642687,124
47543238000127,202603,113838102,123
47543238000127,202604,118630965,122
47543238000127,202605,122917326,121
47543238000127,202606,127419849,122
47543238000127,202607,132017994,124
47543238000127,HOJE,132602261,122
47562268000180,202512,10842094,126
47562268000180,202601,10553499,126
47562268000180,202602,10297726,124
47562268000180,202603,10001546,123
47562268000180,202604,9772532,122
47562268000180,202605,9517200,121
47562268000180,202606,9423699,122
47562268000180,202607,8955570,124
47562268000180,HOJE,8834204,122
47586388000118,202512,683585231,126
47586388000118,202601,734828778,126
47586388000118,202602,782873338,124
47586388000118,202603,843409118,123
47586388000118,202604,892125819,122
47586388000118,202605,924653894,121
47586388000118,202606,945219456,122
47586388000118,202607,965506227,124
47586388000118,HOJE,967563398,121
47586467000129,202512,33702510,126
47586467000129,202601,32631141,126
47586467000129,202602,31585732,124
47586467000129,202603,29569647,123
47586467000129,202604,27377734,122
47586467000129,202605,25091638,121
47586467000129,202606,22993319,122
47586467000129,202607,22136881,124
47586467000129,HOJE,21934335,122
47586503000154,202512,311385700,126
47586503000154,202601,329438512,126
47586503000154,202602,346019588,124
47586503000154,202603,372001853,123
47586503000154,202604,401789280,122
47586503000154,202605,432455033,121
47586503000154,202606,466151087,122
47586503000154,202607,503137906,124
47586503000154,HOJE,507833633,121
47610743000147,202512,28283276,126
47610743000147,202601,27804181,126
47610743000147,202602,27320732,124
47610743000147,202603,26841263,123
47610743000147,202604,26500278,122
47610743000147,202605,26252349,121
47610743000147,202606,26036355,122
47610743000147,202607,26053301,124
47610743000147,HOJE,26063348,122
47612777000170,202512,1360721815,126
47612777000170,202601,1184913650,126
47612777000170,202602,1297780422,124
47612777000170,202603,1426250025,123
47612777000170,202604,1528265675,122
47612777000170,202605,1567349331,121
47612777000170,202606,1587925266,122
47612777000170,202607,1593624915,124
47612777000170,HOJE,1593971752,122
47628822000185,202512,5800843478,126
47628822000185,202601,5605898263,126
47628822000185,202602,5353037383,124
47628822000185,202603,5017100371,123
47628822000185,202604,4730024187,122
47628822000185,202605,4458372004,121
47628822000185,202606,4241662009,122
47628822000185,202607,4049929159,124
47628822000185,HOJE,4022768163,122
47628885000131,202512,3374350007,126
47628885000131,202601,3465755281,126
47628885000131,202602,3455277293,124
47628885000131,202603,3277665847,123
47628885000131,202604,3028799137,122
47628885000131,202605,2724181670,120
47628885000131,202606,2412329997,121
47628885000131,202607,2068024209,121
47628885000131,HOJE,2019033177,118
47628918000143,202512,3718340180,126
47628918000143,202601,3868428262,126
47628918000143,202602,3968309639,124
47628918000143,202603,4026523518,123
47628918000143,202604,3988566000,122
47628918000143,202605,3846570920,121
47628918000143,202606,3668381138,122
47628918000143,202607,3482239062,124
47628918000143,HOJE,3454948135,122
47698578000127,202512,274261537,126
47698578000127,202601,291327341,126
47698578000127,202602,307434595,124
47698578000127,202603,324661137,123
47698578000127,202604,335908331,122
47698578000127,202605,343543277,121
47698578000127,202606,344021813,122
47698578000127,202607,340655617,124
47698578000127,HOJE,340009236,122
47715736000100,202512,1020865683,126
47715736000100,202601,959391021,126
47715736000100,202602,904420345,124
47715736000100,202603,842296125,123
47715736000100,202604,788333119,122
47715736000100,202605,738386372,121
47715736000100,202606,705047273,122
47715736000100,202607,684155630,124
47715736000100,HOJE,681660611,122
47716553000109,202512,9515534,126
47716553000109,202601,9000728,126
47716553000109,202602,8529560,124
47716553000109,202603,7936716,123
47716553000109,202604,7409340,122
47716553000109,202605,7006540,121
47716553000109,202606,6563002,122
47716553000109,202607,6093399,124
47716553000109,HOJE,6017964,122
47728212000153,202512,361196289,126
47728212000153,202601,372669160,126
47728212000153,202602,382547366,124
47728212000153,202603,389773161,123
47728212000153,202604,391822266,122
47728212000153,202605,393397240,121
47728212000153,202606,393737991,122
47728212000153,202607,392268810,124
47728212000153,HOJE,392053402,122
47729760000106,202512,188321538,126
47729760000106,202601,189626369,126
47729760000106,202602,194998918,124
47729760000106,202603,202611733,123
47729760000106,202604,212070040,122
47729760000106,202605,222436008,121
47729760000106,202606,230698699,122
47729760000106,202607,235785665,124
47729760000106,HOJE,236151084,122
47730898000117,202512,104918600,126
47730898000117,202601,105498530,126
47730898000117,202602,106109292,124
47730898000117,202603,106478227,123
47730898000117,202604,106751155,122
47730898000117,202605,106999872,121
47730898000117,202606,106944188,122
47730898000117,202607,105025079,124
47730898000117,HOJE,104844970,122
47776713000105,202512,16657497,126
47776713000105,202601,16643848,126
47776713000105,202602,16681912,124
47776713000105,202603,16673309,123
47776713000105,202604,16508635,122
47776713000105,202605,16269081,121
47776713000105,202606,15915310,122
47776713000105,202607,15527726,124
47776713000105,HOJE,15457092,122
48133419000148,202512,84829050,126
48133419000148,202601,85996111,126
48133419000148,202602,87068584,124
48133419000148,202603,87937129,123
48133419000148,202604,88355698,122
48133419000148,202605,88800978,121
48133419000148,202606,89390557,122
48133419000148,202607,89979339,124
48133419000148,HOJE,90015065,122
48373485000195,202512,215371866,126
48373485000195,202601,217612189,126
48373485000195,202602,223368879,124
48373485000195,202603,230176254,123
48373485000195,202604,238116193,122
48373485000195,202605,248334991,121
48373485000195,202606,254745748,122
48373485000195,202607,255895658,124
48373485000195,HOJE,255922848,122
48393053000146,202512,49483484,126
48393053000146,202601,49984105,126
48393053000146,202602,50407292,124
48393053000146,202603,50749204,123
48393053000146,202604,51069340,122
48393053000146,202605,51364968,121
48393053000146,202606,51582003,122
48393053000146,202607,51806746,124
48393053000146,HOJE,51816191,122
48411732000109,202512,164572377,126
48411732000109,202601,169393094,126
48411732000109,202602,173865908,124
48411732000109,202603,179164366,123
48411732000109,202604,183684286,122
48411732000109,202605,187792035,121
48411732000109,202606,192068993,122
48411732000109,202607,195871815,124
48411732000109,HOJE,196265522,121
48553311000104,202512,16372231,126
48553311000104,202601,16528705,126
48553311000104,202602,16704086,124
48553311000104,202603,16853727,123
48553311000104,202604,16974433,122
48553311000104,202605,17064139,121
48553311000104,202606,17240008,122
48553311000104,202607,17502465,124
48553311000104,HOJE,17509128,122
48554073000151,202512,86936177,126
48554073000151,202601,88888853,126
48554073000151,202602,90440918,124
48554073000151,202603,92001055,123
48554073000151,202604,93369911,122
48554073000151,202605,94060738,121
48554073000151,202606,94506492,122
48554073000151,202607,95036721,124
48554073000151,HOJE,95068836,122
48554212000147,202512,137297057,126
48554212000147,202601,138722554,126
48554212000147,202602,140271035,124
48554212000147,202603,141668908,123
48554212000147,202604,142826260,122
48554212000147,202605,143818471,121
48554212000147,202606,144801590,122
48554212000147,202607,145744261,124
48554212000147,HOJE,145801801,122
48554260000135,202512,40082515,126
48554260000135,202601,41635880,126
48554260000135,202602,43151164,124
48554260000135,202603,44848092,123
48554260000135,202604,46386735,122
48554260000135,202605,47365405,121
48554260000135,202606,47616353,122
48554260000135,202607,47856243,124
48554260000135,HOJE,47855838,122
48658513000110,202512,2151647014,126
48658513000110,202601,2334055259,126
48658513000110,202602,2462087938,124
48658513000110,202603,2547765257,123
48658513000110,202604,2577546889,122
48658513000110,202605,2575795848,121
48658513000110,202606,2559788990,122
48658513000110,202607,2539688213,124
48658513000110,HOJE,2536698159,121
48670714000133,202512,35820327,126
48670714000133,202601,33180208,126
48670714000133,202602,30807970,124
48670714000133,202603,28217899,123
48670714000133,202604,25920819,122
48670714000133,202605,23884606,121
48670714000133,202606,23713536,122
48670714000133,202607,24947420,124
48670714000133,HOJE,25128292,122
48766978000195,202512,188119457,126
48766978000195,202601,190573780,126
48766978000195,202602,192910039,124
48766978000195,202603,195085325,123
48766978000195,202604,196530764,122
48766978000195,202605,198044570,121
48766978000195,202606,199510955,122
48766978000195,202607,201051264,124
48766978000195,HOJE,201197163,122
48884731000173,202512,178336404,126
48884731000173,202601,178280575,126
48884731000173,202602,178109307,124
48884731000173,202603,180319908,123
48884731000173,202604,185155705,122
48884731000173,202605,189556732,121
48884731000173,202606,193346070,122
48884731000173,202607,198101855,124
48884731000173,HOJE,198964123,122
48948661000170,202512,13206247,126
48948661000170,202601,12515398,126
48948661000170,202602,11880027,124
48948661000170,202603,11101457,123
48948661000170,202604,10372946,122
48948661000170,202605,10036195,121
48948661000170,202606,10143629,122
48948661000170,202607,10288464,124
48948661000170,HOJE,10307960,122
48953198000154,202512,114298717,126
48953198000154,202601,116191136,126
48953198000154,202602,118002382,124
48953198000154,202603,120012954,123
48953198000154,202604,121500988,122
48953198000154,202605,122746438,121
48953198000154,202606,124203295,122
48953198000154,202607,125735010,124
48953198000154,HOJE,125914133,121
48969047000194,202512,122115777,126
48969047000194,202601,119335854,126
48969047000194,202602,117265315,124
48969047000194,202603,114873198,123
48969047000194,202604,113007181,122
48969047000194,202605,111066948,121
48969047000194,202606,108686700,122
48969047000194,202607,105301806,124
48969047000194,HOJE,104789585,122
48969700000115,202512,43184385,126
48969700000115,202601,43623574,126
48969700000115,202602,44087811,124
48969700000115,202603,44548528,123
48969700000115,202604,44881040,122
48969700000115,202605,45023341,121
48969700000115,202606,45027202,122
48969700000115,202607,45107595,124
48969700000115,HOJE,45106666,122
48969821000167,202512,33927571,126
48969821000167,202601,33918718,126
48969821000167,202602,33932720,124
48969821000167,202603,33763954,123
48969821000167,202604,33564283,122
48969821000167,202605,33381640,121
48969821000167,202606,33220556,122
48969821000167,202607,32916446,124
48969821000167,HOJE,32866768,122
48970212000128,202512,157286728,126
48970212000128,202601,157036746,126
48970212000128,202602,156816787,124
48970212000128,202603,156149892,123
48970212000128,202604,155288998,122
48970212000128,202605,154449764,121
48970212000128,202606,153590281,122
48970212000128,202607,177940144,124
48970212000128,HOJE,182119908,122
48975466000139,202512,771657739,126
48975466000139,202601,834974088,126
48975466000139,202602,894026992,124
48975466000139,202603,943319738,123
48975466000139,202604,976158713,122
48975466000139,202605,1009453073,121
48975466000139,202606,1035793426,122
48975466000139,202607,1057337899,124
48975466000139,HOJE,1058798068,121
48986296000198,202512,324531225,125
48986296000198,202601,326834772,125
48986296000198,202602,327569373,123
48986296000198,202603,325785685,122
48986296000198,202604,319511938,122
48986296000198,202605,307732073,121
48986296000198,202606,296479906,122
48986296000198,202607,280802536,124
48986296000198,HOJE,278236157,122
49001109000132,202512,30393177,126
49001109000132,202601,30780458,126
49001109000132,202602,31169501,124
49001109000132,202603,31523108,123
49001109000132,202604,31732658,122
49001109000132,202605,31881239,121
49001109000132,202606,31994396,122
49001109000132,202607,32127331,124
49001109000132,HOJE,32130923,122
49001440000152,202512,21028953,126
49001440000152,202601,21389973,126
49001440000152,202602,21633933,124
49001440000152,202603,21854122,123
49001440000152,202604,22037426,122
49001440000152,202605,22156741,121
49001440000152,202606,22228881,122
49001440000152,202607,22309452,124
49001440000152,HOJE,22311812,122
49077283000169,202512,7989829,126
49077283000169,202601,7825375,126
49077283000169,202602,7635007,124
49077283000169,202603,7391828,123
49077283000169,202604,7127281,122
49077283000169,202605,6870355,121
49077283000169,202606,6691038,122
49077283000169,202607,6551602,124
49077283000169,HOJE,6538071,122
49115219000125,202512,40483407,126
49115219000125,202601,40894167,126
49115219000125,202602,41328782,124
49115219000125,202603,41761083,123
49115219000125,202604,42072508,122
49115219000125,202605,42205137,121
49115219000125,202606,42214314,122
49115219000125,202607,38527475,124
49115219000125,HOJE,38099914,122
49124184000190,202512,68734017,126
49124184000190,202601,70014733,126
49124184000190,202602,67328635,124
49124184000190,202603,63224836,123
49124184000190,202604,59157760,122
49124184000190,202605,55507826,121
49124184000190,202606,48067584,122
49124184000190,202607,43056408,124
49124184000190,HOJE,42575942,122
49178674000170,202512,644800775,126
49178674000170,202601,646242124,126
49178674000170,202602,647611299,124
49178674000170,202603,647898613,123
49178674000170,202604,646205820,122
49178674000170,202605,647461613,121
49178674000170,202606,653326229,122
49178674000170,202607,659991552,124
49178674000170,HOJE,660806572,122
49183606000107,202512,27612840,126
49183606000107,202601,27929346,126
49183606000107,202602,28220385,124
49183606000107,202603,28551803,123
49183606000107,202604,28882049,122
49183606000107,202605,29204553,121
49183606000107,202606,29519666,122
49183606000107,202607,29860788,124
49183606000107,HOJE,29907798,122
49227505000182,202512,61659510,126
49227505000182,202601,62340827,126
49227505000182,202602,62965160,124
49227505000182,202603,63697020,123
49227505000182,202604,64356056,122
49227505000182,202605,65020196,121
49227505000182,202606,65677558,121
49227505000182,202607,66333033,115
49227505000182,HOJE,66419022,112
49269925000121,202512,2848693019,126
49269925000121,202601,2840435622,126
49269925000121,202602,2836145764,124
49269925000121,202603,2834536453,123
49269925000121,202604,2832692560,122
49269925000121,202605,2827417666,121
49269925000121,202606,2814343502,122
49269925000121,202607,2790404728,124
49269925000121,HOJE,2787107480,122
49270021000116,202512,894624615,126
49270021000116,202601,903677704,126
49270021000116,202602,912479510,124
49270021000116,202603,923129334,123
49270021000116,202604,944443134,122
49270021000116,202605,966487703,121
49270021000116,202606,991475065,122
49270021000116,202607,1011698014,124
49270021000116,HOJE,1014824339,122
49289104000157,202512,376414147,126
49289104000157,202601,377452631,126
49289104000157,202602,378350426,124
49289104000157,202603,378196154,123
49289104000157,202604,377048768,122
49289104000157,202605,374962037,121
49289104000157,202606,372792213,122
49289104000157,202607,370420643,124
49289104000157,HOJE,370035832,121
49328341000180,202512,7971272089,126
49328341000180,202601,7868044409,126
49328341000180,202602,7798762177,124
49328341000180,202603,7780777344,123
49328341000180,202604,7862077086,122
49328341000180,202605,8002720348,121
49328341000180,202606,8161212705,122
49328341000180,202607,8326796446,124
49328341000180,HOJE,8349791786,122
49366532000136,202512,166646888,126
49366532000136,202601,189727991,126
49366532000136,202602,210119517,124
49366532000136,202603,233778921,123
49366532000136,202604,252930532,122
49366532000136,202605,270946453,121
49366532000136,202606,287254944,122
49366532000136,202607,303273602,124
49366532000136,HOJE,305150629,121
49414058000170,202512,91257482,126
49414058000170,202601,90197271,126
49414058000170,202602,89285396,124
49414058000170,202603,89119664,123
49414058000170,202604,89482236,122
49414058000170,202605,89342878,121
49414058000170,202606,88900003,122
49414058000170,202607,88435932,124
49414058000170,HOJE,88328142,122
49438428000100,202512,5671821938,126
49438428000100,202601,5766199199,126
49438428000100,202602,5835271968,124
49438428000100,202603,5876557517,123
49438428000100,202604,5850106049,122
49438428000100,202605,5766904707,121
49438428000100,202606,5657273211,122
49438428000100,202607,5522233890,124
49438428000100,HOJE,5505134479,121
49454180000170,202512,15413982,126
49454180000170,202601,15577683,126
49454180000170,202602,15754642,124
49454180000170,202603,15996890,123
49454180000170,202604,16235966,122
49454180000170,202605,16504590,121
49454180000170,202606,16979725,122
49454180000170,202607,17317920,124
49454180000170,HOJE,17358484,121
49460236000108,202512,157095849,126
49460236000108,202601,154881668,126
49460236000108,202602,152490070,124
49460236000108,202603,148586435,123
49460236000108,202604,144633838,122
49460236000108,202605,139789902,121
49460236000108,202606,134798187,122
49460236000108,202607,131135641,124
49460236000108,HOJE,130670535,122
49489422000161,202512,49670035,126
49489422000161,202601,50167552,126
49489422000161,202602,50695795,124
49489422000161,202603,51225037,123
49489422000161,202604,51605675,122
49489422000161,202605,51766648,121
49489422000161,202606,51773921,122
49489422000161,202607,51873084,124
49489422000161,HOJE,51873780,122
49558667000101,202512,659633158,126
49558667000101,202601,776420958,126
49558667000101,202602,883016047,124
49558667000101,202603,995552368,123
49558667000101,202604,1064725198,122
49558667000101,202605,1088070354,121
49558667000101,202606,1079032000,122
49558667000101,202607,1059005942,124
49558667000101,HOJE,1055813547,122
49559434000115,202512,3021490619,126
49559434000115,202601,3116183476,126
49559434000115,202602,3190219640,124
49559434000115,202603,3233302111,123
49559434000115,202604,3229469882,122
49559434000115,202605,3175301488,121
49559434000115,202606,3102609303,122
49559434000115,202607,3013308561,124
49559434000115,HOJE,2999017248,122
49598896000141,202512,68469153,126
49598896000141,202601,69842993,126
49598896000141,202602,72078375,124
49598896000141,202603,76020093,123
49598896000141,202604,80683128,122
49598896000141,202605,84926198,121
49598896000141,202606,87228444,122
49598896000141,202607,88598693,124
49598896000141,HOJE,88821379,122
49624023000166,202512,25607012,126
49624023000166,202601,25100157,126
49624023000166,202602,24638041,124
49624023000166,202603,24789536,123
49624023000166,202604,24592618,122
49624023000166,202605,24342378,121
49624023000166,202606,24045433,122
49624023000166,202607,22559377,124
49624023000166,HOJE,22238953,122
49633643000161,202512,631361488,126
49633643000161,202601,634232235,126
49633643000161,202602,636337200,124
49633643000161,202603,640166604,123
49633643000161,202604,640692366,122
49633643000161,202605,630352742,121
49633643000161,202606,619646296,122
49633643000161,202607,608408250,124
49633643000161,HOJE,606685683,122
49647912000149,202512,38451137,126
49647912000149,202601,38567964,126
49647912000149,202602,38686922,124
49647912000149,202603,38787153,123
49647912000149,202604,38891681,122
49647912000149,202605,38964711,121
49647912000149,202606,39018568,122
49647912000149,202607,39432988,124
49647912000149,HOJE,39488978,122
49722651000184,202512,704641825,126
49722651000184,202601,698885901,126
49722651000184,202602,692880750,124
49722651000184,202603,680441203,123
49722651000184,202604,670348565,122
49722651000184,202605,663050785,121
49722651000184,202606,650343651,122
49722651000184,202607,632893176,124
49722651000184,HOJE,630672117,122
49768506000134,202512,700322043,126
49768506000134,202601,700660210,126
49768506000134,202602,701161050,124
49768506000134,202603,700861372,123
49768506000134,202604,700895216,122
49768506000134,202605,696775390,121
49768506000134,202606,691788829,122
49768506000134,202607,688839014,124
49768506000134,HOJE,688470685,121
49818870000161,202512,1023812842,126
49818870000161,202601,1022808566,126
49818870000161,202602,1020421126,124
49818870000161,202603,1017371823,123
49818870000161,202604,1016649285,122
49818870000161,202605,1015577642,121
49818870000161,202606,1016600337,122
49818870000161,202607,1016882516,124
49818870000161,HOJE,1016783253,122
49827171000188,202512,25117525,112
49827171000188,202601,25449757,112
49827171000188,202602,25754939,110
49827171000188,202603,25990114,108
49827171000188,202604,26093499,108
49827171000188,202605,26138722,120
49827171000188,202606,26247647,121
49827171000188,202607,26324803,112
49827171000188,HOJE,26323294,109
49843141000165,202512,229666058,121
49843141000165,202601,230703535,121
49843141000165,202602,228274737,119
49843141000165,202603,224245994,118
49843141000165,202604,221161395,102
49843141000165,202605,214418991,97
49843141000165,202606,207000347,82
49843141000165,202607,199182406,61
49843141000165,HOJE,198096892,57
49851069000118,202512,12798337,126
49851069000118,202601,12924161,126
49851069000118,202602,13040270,124
49851069000118,202603,13176224,123
49851069000118,202604,13182714,122
49851069000118,202605,13144440,121
49851069000118,202606,13103054,122
49851069000118,202607,13061100,124
49851069000118,HOJE,13052998,122
49920429000196,202512,120796867,126
49920429000196,202601,122024350,126
49920429000196,202602,123319471,124
49920429000196,202603,124610614,123
49920429000196,202604,125569487,122
49920429000196,202605,126004240,121
49920429000196,202606,126047346,122
49920429000196,202607,126301623,124
49920429000196,HOJE,126303913,122
49924950000100,202512,45862355,125
49924950000100,202601,46705517,125
49924950000100,202602,47620722,123
49924950000100,202603,48986757,122
49924950000100,202604,50472045,122
49924950000100,202605,52298763,121
49924950000100,202606,54578239,122
49924950000100,202607,57252499,124
49924950000100,HOJE,57618340,122
49931360000104,202512,26307400,126
49931360000104,202601,26529372,126
49931360000104,202602,26752783,124
49931360000104,202603,27030440,123
49931360000104,202604,27330393,122
49931360000104,202605,27584401,121
49931360000104,202606,27784140,122
49931360000104,202607,28015443,124
49931360000104,HOJE,28048127,122
49933828000191,202512,366629557,126
49933828000191,202601,386027930,126
49933828000191,202602,404092773,124
49933828000191,202603,425942909,123
49933828000191,202604,446167549,122
49933828000191,202605,465549012,121
49933828000191,202606,482978414,122
49933828000191,202607,503545051,124
49933828000191,HOJE,506414643,122
49977033000185,202512,223377202,126
49977033000185,202601,230669197,126
49977033000185,202602,236585573,124
49977033000185,202603,242403692,123
49977033000185,202604,246770506,122
49977033000185,202605,250002602,121
49977033000185,202606,253576525,122
49977033000185,202607,255008985,124
49977033000185,HOJE,255135879,122
49980566000116,202512,9196589602,126
49980566000116,202601,9542699010,126
49980566000116,202602,9818111867,124
49980566000116,202603,10074942990,123
49980566000116,202604,10242413956,122
49980566000116,202605,10358034954,121
49980566000116,202606,10408632521,122
49980566000116,202607,10427561841,124
49980566000116,HOJE,10430092102,122
50006439000108,202512,203576847,126
50006439000108,202601,205741345,126
50006439000108,202602,207774040,124
50006439000108,202603,210211990,123
50006439000108,202604,212456842,122
50006439000108,202605,214820648,121
50006439000108,202606,217300558,122
50006439000108,202607,219993723,124
50006439000108,HOJE,220286600,121
50019162000140,202512,40151193,126
50019162000140,202601,40542437,126
50019162000140,202602,40960357,124
50019162000140,202603,41352563,123
50019162000140,202604,41773660,122
50019162000140,202605,42236923,121
50019162000140,202606,42742375,122
50019162000140,202607,43343246,124
50019162000140,HOJE,43405206,122
50038992000114,202512,295058540,126
50038992000114,202601,330984760,126
50038992000114,202602,370340945,124
50038992000114,202603,419717527,123
50038992000114,202604,457494308,122
50038992000114,202605,486023823,121
50038992000114,202606,501051822,122
50038992000114,202607,502827011,124
50038992000114,HOJE,503126017,121
50039659000120,202512,28658775,126
50039659000120,202601,28948234,126
50039659000120,202602,29254452,124
50039659000120,202603,29559575,123
50039659000120,202604,29784030,122
50039659000120,202605,29883832,121
50039659000120,202606,29890228,122
50039659000120,202607,29946700,124
50039659000120,HOJE,29946599,122
50067989000129,202512,31515043,125
50067989000129,202601,31799890,125
50067989000129,202602,32104845,123
50067989000129,202603,32375439,122
50067989000129,202604,32596324,122
50067989000129,202605,32808580,121
50067989000129,202606,33037579,122
50067989000129,202607,33299783,123
50067989000129,HOJE,33322489,121
50069605000107,202512,204840867,126
50069605000107,202601,207076843,126
50069605000107,202602,209121559,124
50069605000107,202603,211537481,123
50069605000107,202604,213811890,122
50069605000107,202605,216144852,121
50069605000107,202606,218497664,122
50069605000107,202607,221024894,124
50069605000107,HOJE,221303506,121
50074358000137,202512,75426674,126
50074358000137,202601,76200669,126
50074358000137,202602,77016692,124
50074358000137,202603,77831629,123
50074358000137,202604,78434315,122
50074358000137,202605,78708787,121
50074358000137,202606,78741655,122
50074358000137,202607,78908840,124
50074358000137,HOJE,78911418,122
50076958000134,202512,53450453,126
50076958000134,202601,53994751,126
50076958000134,202602,54569825,124
50076958000134,202603,55141840,123
50076958000134,202604,55549524,122
50076958000134,202605,55721368,121
50076958000134,202606,55726876,122
50076958000134,202607,55826111,124
50076958000134,HOJE,55824522,122
50099740000103,202512,51052402,126
50099740000103,202601,51551278,126
50099740000103,202602,52162307,124
50099740000103,202603,52658677,123
50099740000103,202604,53071668,122
50099740000103,202605,53526679,121
50099740000103,202606,53765565,122
50099740000103,202607,53738524,124
50099740000103,HOJE,53685294,122
50112294000111,202512,106056615,126
50112294000111,202601,105875061,126
50112294000111,202602,105236662,124
50112294000111,202603,102408247,123
50112294000111,202604,98511895,122
50112294000111,202605,94059087,121
50112294000111,202606,88463209,122
50112294000111,202607,82040016,124
50112294000111,HOJE,80966291,122
50116962000189,202512,28220244,126
50116962000189,202601,28305670,126
50116962000189,202602,28575418,124
50116962000189,202603,29318869,123
50116962000189,202604,29339131,122
50116962000189,202605,29051126,121
50116962000189,202606,28487046,122
50116962000189,202607,28596608,124
50116962000189,HOJE,28599685,122
50128371000121,202512,37590909,126
50128371000121,202601,37604558,126
50128371000121,202602,37642635,124
50128371000121,202603,37687313,123
50128371000121,202604,37769790,122
50128371000121,202605,37799144,121
50128371000121,202606,37810248,122
50128371000121,202607,38195934,124
50128371000121,HOJE,38240827,121
50190791000138,202512,281150788,126
50190791000138,202601,272736469,126
50190791000138,202602,264846544,124
50190791000138,202603,258131109,123
50190791000138,202604,255473926,122
50190791000138,202605,253611302,121
50190791000138,202606,254373781,122
50190791000138,202607,255488310,124
50190791000138,HOJE,255559249,121
50191322000133,202512,91753363,126
50191322000133,202601,92715230,126
50191322000133,202602,93742873,124
50191322000133,202603,94687868,123
50191322000133,202604,95497447,122
50191322000133,202605,95741636,121
50191322000133,202606,96628128,122
50191322000133,202607,98465222,124
50191322000133,HOJE,98637795,122
50198930000170,202512,278605136,126
50198930000170,202601,276216022,126
50198930000170,202602,274001556,124
50198930000170,202603,271182004,123
50198930000170,202604,270089363,122
50198930000170,202605,269277750,121
50198930000170,202606,269312608,122
50198930000170,202607,269690331,124
50198930000170,HOJE,269627055,121
50223269000105,202512,618315455,126
50223269000105,202601,615194144,126
50223269000105,202602,609714596,124
50223269000105,202603,604144029,123
50223269000105,202604,598321846,122
50223269000105,202605,589226622,121
50223269000105,202606,582957053,122
50223269000105,202607,572404268,124
50223269000105,HOJE,569969492,122
50272216000184,202512,99337771,126
50272216000184,202601,104705646,126
50272216000184,202602,107937948,124
50272216000184,202603,109324776,123
50272216000184,202604,109674178,122
50272216000184,202605,109779084,121
50272216000184,202606,109726273,122
50272216000184,202607,109634584,124
50272216000184,HOJE,109565305,122
50290023000156,202512,125935271,126
50290023000156,202601,105858296,126
50290023000156,202602,85956560,124
50290023000156,202603,61436238,123
50290023000156,202604,40445528,122
50290023000156,202605,33666892,121
50290023000156,202606,33299422,122
50290023000156,202607,36045896,124
50290023000156,HOJE,36323938,122
50320512000103,202512,23999538,126
50320512000103,202601,24333011,126
50320512000103,202602,24589471,124
50320512000103,202603,24805846,122
50320512000103,202604,24989374,121
50320512000103,202605,25134545,120
50320512000103,202606,25255232,121
50320512000103,202607,25395023,123
50320512000103,HOJE,25402502,121
50326147000144,202512,213392045,126
50326147000144,202601,192392434,126
50326147000144,202602,181614477,124
50326147000144,202603,181290316,123
50326147000144,202604,162115791,122
50326147000144,202605,157427300,121
50326147000144,202606,167111238,122
50326147000144,202607,170480945,124
50326147000144,HOJE,169506362,122
50349168000185,202512,32262951,126
50349168000185,202601,32588843,126
50349168000185,202602,32933121,124
50349168000185,202603,33275137,123
50349168000185,202604,33524494,122
50349168000185,202605,33633065,121
50349168000185,202606,33638835,122
50349168000185,202607,33701109,124
50349168000185,HOJE,33700787,122
50390553000176,202512,1235805788,126
50390553000176,202601,1251967665,126
50390553000176,202602,1266133274,124
50390553000176,202603,1274549709,123
50390553000176,202604,1276912348,122
50390553000176,202605,1250264459,121
50390553000176,202606,1144703071,122
50390553000176,202607,1024783447,124
50390553000176,HOJE,1009138254,122
50421373000104,202512,52655738,126
50421373000104,202601,48995252,126
50421373000104,202602,45587147,124
50421373000104,202603,41630248,123
50421373000104,202604,39194306,122
50421373000104,202605,35943901,121
50421373000104,202606,32827446,122
50421373000104,202607,30054064,123
50421373000104,HOJE,29882137,119
50435660000173,202512,12205214,126
50435660000173,202601,12334777,126
50435660000173,202602,12469781,124
50435660000173,202603,12593811,123
50435660000173,202604,12680859,113
50435660000173,202605,12834529,112
50435660000173,202606,13003801,112
50435660000173,202607,13171464,107
50435660000173,HOJE,13193145,105
50514867000133,202512,34702412,126
50514867000133,202601,35370265,126
50514867000133,202602,36334683,124
50514867000133,202603,37931490,123
50514867000133,202604,39643692,122
50514867000133,202605,41780438,121
50514867000133,202606,43949837,122
50514867000133,202607,45548200,124
50514867000133,HOJE,45686983,122
50553108000180,202512,23122927,126
50553108000180,202601,23380750,126
50553108000180,202602,23645700,124
50553108000180,202603,23974298,123
50553108000180,202604,24332102,122
50553108000180,202605,24621491,121
50553108000180,202606,24820120,122
50553108000180,202607,25108027,124
50553108000180,HOJE,25149707,122
50563729000144,202512,54095942,126
50563729000144,202601,54635768,126
50563729000144,202602,55246491,124
50563729000144,202603,55763171,123
50563729000144,202604,56175611,122
50563729000144,202605,56493486,121
50563729000144,202606,56710721,122
50563729000144,202607,56958983,124
50563729000144,HOJE,56967400,122
50622383000108,202512,259485714,126
50622383000108,202601,230096645,126
50622383000108,202602,201627194,124
50622383000108,202603,169280811,123
50622383000108,202604,149706692,122
50622383000108,202605,133851506,121
50622383000108,202606,120715524,122
50622383000108,202607,108962860,124
50622383000108,HOJE,107415708,122
50642928000148,202512,24496427,126
50642928000148,202601,24744289,126
50642928000148,202602,25005641,124
50642928000148,202603,25265536,123
50642928000148,202604,25456066,122
50642928000148,202605,25538389,121
50642928000148,202606,25540386,122
50642928000148,202607,25585610,124
50642928000148,HOJE,25585188,122
50652489000154,202512,232827499,125
50652489000154,202601,239198974,125
50652489000154,202602,244917765,123
50652489000154,202603,251024400,122
50652489000154,202604,255286660,111
50652489000154,202605,257319636,111
50652489000154,202606,253659420,112
50652489000154,202607,265955322,108
50652489000154,HOJE,267626516,106
50658258000158,202512,96216860,126
50658258000158,202601,97207261,126
50658258000158,202602,98249606,124
50658258000158,202603,99290801,123
50658258000158,202604,100064674,122
50658258000158,202605,100420484,121
50658258000158,202606,100463622,122
50658258000158,202607,100677371,124
50658258000158,HOJE,100680954,122
50677561000106,202512,13064954,126
50677561000106,202601,11492213,126
50677561000106,202602,10056045,124
50677561000106,202603,8314923,123
50677561000106,202604,7694241,122
50677561000106,202605,7786288,120
50677561000106,202606,7843568,121
50677561000106,202607,7897923,123
50677561000106,HOJE,7899788,121
50678270000124,202512,43607077,126
50678270000124,202601,40252086,126
50678270000124,202602,36645043,124
50678270000124,202603,31352444,123
50678270000124,202604,26424759,122
50678270000124,202605,21161719,121
50678270000124,202606,16362896,122
50678270000124,202607,14456702,124
50678270000124,HOJE,14164272,122
50697486000137,202512,210533675,126
50697486000137,202601,232039892,126
50697486000137,202602,247280980,124
50697486000137,202603,263579691,123
50697486000137,202604,278332587,122
50697486000137,202605,288016974,121
50697486000137,202606,289878354,122
50697486000137,202607,291585561,124
50697486000137,HOJE,291803923,121
50705390000173,202512,29958491,126
50705390000173,202601,30254726,126
50705390000173,202602,30565160,124
50705390000173,202603,29986214,123
50705390000173,202604,29239539,122
50705390000173,202605,28420679,121
50705390000173,202606,27551527,122
50705390000173,202607,26638498,124
50705390000173,HOJE,26465503,122
50717653000164,202512,37260963,126
50717653000164,202601,37713989,126
50717653000164,202602,38164916,124
50717653000164,202603,38599104,123
50717653000164,202604,39052813,122
50717653000164,202605,39438111,121
50717653000164,202606,39772570,122
50717653000164,202607,40128152,124
50717653000164,HOJE,40171727,122
50733585000127,202512,148976731,126
50733585000127,202601,150487468,126
50733585000127,202602,152091376,124
50733585000127,202603,153693116,123
50733585000127,202604,154860038,122
50733585000127,202605,155370656,121
50733585000127,202606,155397783,122
50733585000127,202607,155682832,124
50733585000127,HOJE,155680760,122
50765209000114,202512,16058309,126
50765209000114,202601,12372853,126
50765209000114,202602,10073436,124
50765209000114,202603,8420866,123
50765209000114,202604,8421961,122
50765209000114,202605,8421579,121
50765209000114,202606,8421400,122
50765209000114,202607,8184741,124
50765209000114,HOJE,8106813,122
50765883000107,202512,305904456,126
50765883000107,202601,309338282,126
50765883000107,202602,312349330,124
50765883000107,202603,315686772,123
50765883000107,202604,318473383,122
50765883000107,202605,321451236,121
50765883000107,202606,324471147,122
50765883000107,202607,327809803,124
50765883000107,HOJE,328266835,122
50799566000101,202512,169895233,126
50799566000101,202601,171904768,126
50799566000101,202602,173769252,124
50799566000101,202603,175941109,123
50799566000101,202604,177888508,122
50799566000101,202605,179917550,121
50799566000101,202606,181888510,122
50799566000101,202607,183953645,124
50799566000101,HOJE,184233613,122
50803491000187,202512,7488006862,126
50803491000187,202601,7702586228,126
50803491000187,202602,7897250455,124
50803491000187,202603,8121760682,123
50803491000187,202604,8256134768,122
50803491000187,202605,8224581887,121
50803491000187,202606,8128552632,122
50803491000187,202607,7997032203,124
50803491000187,HOJE,7976285095,122
50817290000139,202512,41570869,126
50817290000139,202601,41992808,126
50817290000139,202602,42442642,124
50817290000139,202603,42835218,123
50817290000139,202604,43166823,122
50817290000139,202605,43439925,121
50817290000139,202606,43643559,122
50817290000139,202607,43881026,124
50817290000139,HOJE,43893297,122
50820465000167,202512,193254879,126
50820465000167,202601,195684694,126
50820465000167,202602,198324503,124
50820465000167,202603,201174524,123
50820465000167,202604,203700053,122
50820465000167,202605,205554304,121
50820465000167,202606,207653733,122
50820465000167,202607,210002911,124
50820465000167,HOJE,210280151,122
50821045000103,202512,671480873,126
50821045000103,202601,650251251,126
50821045000103,202602,642874470,124
50821045000103,202603,623550322,123
50821045000103,202604,619228218,122
50821045000103,202605,615705583,121
50821045000103,202606,605003128,122
50821045000103,202607,598716525,124
50821045000103,HOJE,597721892,122
50840386000118,202512,41755550,126
50840386000118,202601,42086936,126
50840386000118,202602,42472388,124
50840386000118,202603,42660827,123
50840386000118,202604,42821743,122
50840386000118,202605,43003580,121
50840386000118,202606,43123187,122
50840386000118,202607,43267838,124
50840386000118,HOJE,43261507,121
50860797000175,202512,58290533,126
50860797000175,202601,58874953,126
50860797000175,202602,59494511,124
50860797000175,202603,60108810,123
50860797000175,202604,60543362,122
50860797000175,202605,60717831,121
50860797000175,202606,60710794,122
50860797000175,202607,60812640,124
50860797000175,HOJE,60810763,122
50861003000198,202512,239111774,126
50861003000198,202601,247291561,126
50861003000198,202602,253953503,124
50861003000198,202603,259166288,123
50861003000198,202604,259035277,122
50861003000198,202605,253256878,121
50861003000198,202606,242542535,122
50861003000198,202607,229257089,124
50861003000198,HOJE,227279329,122
50862124000154,202512,4375640755,126
50862124000154,202601,4312737079,126
50862124000154,202602,4246908732,124
50862124000154,202603,4143132982,123
50862124000154,202604,4009512531,122
50862124000154,202605,3807847623,121
50862124000154,202606,3550302636,122
50862124000154,202607,3272138284,124
50862124000154,HOJE,3234164285,122
50868823000101,202512,28722306,126
50868823000101,202601,29006440,126
50868823000101,202602,29288483,124
50868823000101,202603,29510267,123
50868823000101,202604,29694772,122
50868823000101,202605,29846456,121
50868823000101,202606,29962572,122
50868823000101,202607,30087731,124
50868823000101,HOJE,30090609,122
50874219000198,202512,657955600,126
50874219000198,202601,664964617,126
50874219000198,202602,673480946,124
50874219000198,202603,683036769,123
50874219000198,202604,693801321,122
50874219000198,202605,703761471,121
50874219000198,202606,718895485,122
50874219000198,202607,746737396,124
50874219000198,HOJE,750091324,122
50875116000142,202512,71051996,126
50875116000142,202601,68556771,126
50875116000142,202602,67662069,124
50875116000142,202603,66762198,123
50875116000142,202604,67016280,122
50875116000142,202605,67791606,121
50875116000142,202606,69053997,122
50875116000142,202607,70853367,124
50875116000142,HOJE,71088804,122
50879270000192,202512,45446312,126
50879270000192,202601,45865154,126
50879270000192,202602,46341882,124
50879270000192,202603,46759540,123
50879270000192,202604,47110491,122
50879270000192,202605,47361151,121
50879270000192,202606,47525271,122
50879270000192,202607,47702745,124
50879270000192,HOJE,47708071,122
50890486000159,202512,21533946,126
50890486000159,202601,21752309,126
50890486000159,202602,21982991,124
50890486000159,202603,22212347,123
50890486000159,202604,22381669,122
50890486000159,202605,22456359,121
50890486000159,202606,22460847,122
50890486000159,202607,22503000,124
50890486000159,HOJE,22502914,122
50891130000130,202512,2636874821,126
50891130000130,202601,2947615647,126
50891130000130,202602,3151483315,124
50891130000130,202603,3210597584,123
50891130000130,202604,3047542445,122
50891130000130,202605,2825233133,121
50891130000130,202606,2592822715,122
50891130000130,202607,2356864653,124
50891130000130,HOJE,2325110747,122
50910444000132,202512,64341740,126
50910444000132,202601,64993063,126
50910444000132,202602,65682017,124
50910444000132,202603,66369152,123
50910444000132,202604,66879148,122
50910444000132,202605,67108502,121
50910444000132,202606,67128670,122
50910444000132,202607,67261884,124
50910444000132,HOJE,67262747,122
50925001000115,202512,190787184,126
50925001000115,202601,162227605,126
50925001000115,202602,135624282,124
50925001000115,202603,106697317,123
50925001000115,202604,89138038,122
50925001000115,202605,82060971,121
50925001000115,202606,77959345,122
50925001000115,202607,74372328,124
50925001000115,HOJE,73852951,122
50926512000151,202512,69964480,126
50926512000151,202601,70633488,126
50926512000151,202602,71367399,124
50926512000151,202603,71969536,123
50926512000151,202604,72463046,122
50926512000151,202605,72777403,121
50926512000151,202606,72954170,122
50926512000151,202607,73164333,124
50926512000151,HOJE,73159368,122
50926941000129,202512,22941444,126
50926941000129,202601,23174148,126
50926941000129,202602,23419934,124
50926941000129,202603,23664721,123
50926941000129,202604,23846320,122
50926941000129,202605,23927075,121
50926941000129,202606,23932544,122
50926941000129,202607,23978251,124
50926941000129,HOJE,23978305,122
50927112000160,202512,29412137,126
50927112000160,202601,29710058,126
50927112000160,202602,30025424,124
50927112000160,202603,30337086,123
50927112000160,202604,30561881,122
50927112000160,202605,30658738,121
50927112000160,202606,30661216,122
50927112000160,202607,30716578,124
50927112000160,HOJE,30715655,122
50946766000131,202512,295734268,126
50946766000131,202601,298785249,126
50946766000131,202602,302004638,124
50946766000131,202603,305216346,123
50946766000131,202604,309004284,122
50946766000131,202605,312315382,121
50946766000131,202606,315243759,122
50946766000131,202607,319327109,124
50946766000131,HOJE,319889640,122
50979958000144,202512,21244707,126
50979958000144,202601,20958209,126
50979958000144,202602,20961030,124
50979958000144,202603,21177048,123
50979958000144,202604,21339387,122
50979958000144,202605,21412215,121
50979958000144,202606,21415895,122
50979958000144,202607,21456130,124
50979958000144,HOJE,21456203,122
51010435000158,202512,23667332,126
51010435000158,202601,24303680,126
51010435000158,202602,25051216,124
51010435000158,202603,25799905,123
51010435000158,202604,26335533,122
51010435000158,202605,26292579,121
51010435000158,202606,26135205,122
51010435000158,202607,25739897,124
51010435000158,HOJE,25641724,122
51024922000170,202512,51448236,126
51024922000170,202601,51965865,126
51024922000170,202602,52523784,124
51024922000170,202603,53036660,123
51024922000170,202604,53621116,122
51024922000170,202605,51630277,121
51024922000170,202606,48613290,122
51024922000170,202607,45484402,124
51024922000170,HOJE,45043475,122
51033302000105,202512,21528814,126
51033302000105,202601,21745303,126
51033302000105,202602,21974648,124
51033302000105,202603,22203649,123
51033302000105,202604,22373360,122
51033302000105,202605,22448821,121
51033302000105,202606,22453033,122
51033302000105,202607,22495238,124
51033302000105,HOJE,22495158,122
51041048000189,202512,263100394,126
51041048000189,202601,274075285,126
51041048000189,202602,282512450,124
51041048000189,202603,290879328,123
51041048000189,202604,301435610,122
51041048000189,202605,312825152,121
51041048000189,202606,320633742,122
51041048000189,202607,328420479,124
51041048000189,HOJE,329484854,122
51058091000157,202512,29563902,126
51058091000157,202601,30307160,126
51058091000157,202602,30875854,124
51058091000157,202603,31582786,123
51058091000157,202604,32232855,122
51058091000157,202605,32762162,121
51058091000157,202606,32964132,122
51058091000157,202607,33256041,124
51058091000157,HOJE,33296880,122
51063538000186,202512,30375018,126
51063538000186,202601,32643487,126
51063538000186,202602,34798093,124
51063538000186,202603,37067271,123
51063538000186,202604,37762593,122
51063538000186,202605,38412437,121
51063538000186,202606,38949352,122
51063538000186,202607,39366998,124
51063538000186,HOJE,39405767,122
51075995000190,202512,20389822,126
51075995000190,202601,19125854,126
51075995000190,202602,18060032,124
51075995000190,202603,16935232,123
51075995000190,202604,16160436,122
51075995000190,202605,15294446,121
51075995000190,202606,14566335,122
51075995000190,202607,13936738,124
51075995000190,HOJE,13852047,122
51096061000135,202512,84688998,126
51096061000135,202601,96864335,126
51096061000135,202602,106349702,124
51096061000135,202603,110377995,123
51096061000135,202604,113016978,122
51096061000135,202605,114734117,121
51096061000135,202606,116142843,122
51096061000135,202607,117133978,124
51096061000135,HOJE,117240037,122
51112915000120,202512,238050632,126
51112915000120,202601,245160624,126
51112915000120,202602,252787775,124
51112915000120,202603,257557076,123
51112915000120,202604,253981485,122
51112915000120,202605,249014828,121
51112915000120,202606,242367581,122
51112915000120,202607,233229874,124
51112915000120,HOJE,231604531,122
51161157000130,202512,23579015,126
51161157000130,202601,23818093,126
51161157000130,202602,24070829,124
51161157000130,202603,24321544,123
51161157000130,202604,24506755,122
51161157000130,202605,24588398,121
51161157000130,202606,24591653,122
51161157000130,202607,24636426,124
51161157000130,HOJE,24636077,122
51168708000197,202512,1324168964,126
51168708000197,202601,1317595436,126
51168708000197,202602,1311383581,124
51168708000197,202603,1320318747,123
51168708000197,202604,1286999444,122
51168708000197,202605,1270535109,120
51168708000197,202606,1248896548,121
51168708000197,202607,1223612593,121
51168708000197,HOJE,1220451235,118
51181910000159,202512,24606700,126
51181910000159,202601,22972480,126
51181910000159,202602,23950788,124
51181910000159,202603,25101986,123
51181910000159,202604,26131180,122
51181910000159,202605,27068186,121
51181910000159,202606,27901036,122
51181910000159,202607,28648113,124
51181910000159,HOJE,28648681,122
51196992000105,202512,92374894,126
51196992000105,202601,92574651,126
51196992000105,202602,91806103,124
51196992000105,202603,90851935,123
51196992000105,202604,90479880,122
51196992000105,202605,91199163,121
51196992000105,202606,92025695,121
51196992000105,202607,90771609,123
51196992000105,HOJE,90612926,121
51200543000193,202512,32926082,126
51200543000193,202601,34673695,126
51200543000193,202602,36594442,124
51200543000193,202603,38674454,123
51200543000193,202604,39560925,122
51200543000193,202605,40971562,121
51200543000193,202606,42521050,122
51200543000193,202607,44416665,124
51200543000193,HOJE,44630946,122
51225664000190,202512,622450461,126
51225664000190,202601,692701288,126
51225664000190,202602,765292323,124
51225664000190,202603,843052886,123
51225664000190,202604,909832123,122
51225664000190,202605,1034719183,121
51225664000190,202606,1198320276,122
51225664000190,202607,1346684158,124
51225664000190,HOJE,1364248680,122
51234049000140,202512,24354861,126
51234049000140,202601,25214771,126
51234049000140,202602,25884754,124
51234049000140,202603,26007974,123
51234049000140,202604,26082004,122
51234049000140,202605,26319996,121
51234049000140,202606,26489595,122
51234049000140,202607,24687777,115
51234049000140,HOJE,24622703,111
51238218000110,202512,675000460,126
51238218000110,202601,705362225,126
51238218000110,202602,732064509,124
51238218000110,202603,755919884,123
51238218000110,202604,774100883,122
51238218000110,202605,795658914,121
51238218000110,202606,817795891,122
51238218000110,202607,839617794,124
51238218000110,HOJE,841841196,122
51278597000171,202512,55452984,126
51278597000171,202601,55928939,126
51278597000171,202602,56399688,124
51278597000171,202603,56722939,123
51278597000171,202604,56888214,122
51278597000171,202605,56906135,121
51278597000171,202606,56846813,122
51278597000171,202607,56777920,124
51278597000171,HOJE,56741304,122
51289474000136,202512,1087171758,126
51289474000136,202601,1159422539,126
51289474000136,202602,1214427397,124
51289474000136,202603,1268787446,123
51289474000136,202604,1314457790,122
51289474000136,202605,1360530687,121
51289474000136,202606,1408193016,122
51289474000136,202607,1465108163,124
51289474000136,HOJE,1472742397,122
51304522000118,202512,12000120,126
51304522000118,202601,12120316,126
51304522000118,202602,12247793,124
51304522000118,202603,12373892,123
51304522000118,202604,12467215,122
51304522000118,202605,12507990,121
51304522000118,202606,12509822,122
51304522000118,202607,12532522,124
51304522000118,HOJE,12532300,122
51334511000180,202512,26087946,125
51334511000180,202601,26357283,125
51334511000180,202602,26645008,123
51334511000180,202603,26910384,122
51334511000180,202604,27077640,109
51334511000180,202605,27287291,107
51334511000180,202606,27549570,108
51334511000180,202607,27771084,103
51334511000180,HOJE,27782729,99
51357586000187,202512,23446691,126
51357586000187,202601,23682126,126
51357586000187,202602,23940737,124
51357586000187,202603,24166259,123
51357586000187,202604,24347116,122
51357586000187,202605,24500517,121
51357586000187,202606,24822930,122
51357586000187,202607,24735472,114
51357586000187,HOJE,24735812,110
51365675000175,202512,28467544,126
51365675000175,202601,28754640,126
51365675000175,202602,29057185,124
51365675000175,202603,29359286,123
51365675000175,202604,29583708,122
51365675000175,202605,29683460,121
51365675000175,202606,29689742,122
51365675000175,202607,29746419,124
51365675000175,HOJE,29746411,122
51378137000115,202512,659609064,126
51378137000115,202601,658507911,126
51378137000115,202602,657405221,124
51378137000115,202603,655618847,123
51378137000115,202604,655564376,122
51378137000115,202605,655615400,121
51378137000115,202606,658565946,122
51378137000115,202607,665855435,124
51378137000115,HOJE,666666052,121
51381641000174,202512,23504033,126
51381641000174,202601,23741249,126
51381641000174,202602,23992367,124
51381641000174,202603,24242037,123
51381641000174,202604,24427667,122
51381641000174,202605,24510465,121
51381641000174,202606,24515832,122
51381641000174,202607,24562989,124
51381641000174,HOJE,24563022,122
51383310000173,202512,23507730,126
51383310000173,202601,23745393,126
51383310000173,202602,23996660,124
51383310000173,202603,24245394,123
51383310000173,202604,24429430,122
51383310000173,202605,24510026,121
51383310000173,202606,24512945,122
51383310000173,202607,24558200,124
51383310000173,HOJE,24557925,122
51389786000111,202512,97120071,126
51389786000111,202601,98390754,126
51389786000111,202602,99645092,124
51389786000111,202603,100899982,123
51389786000111,202604,102323797,122
51389786000111,202605,103366640,121
51389786000111,202606,104042931,122
51389786000111,202607,104725279,124
51389786000111,HOJE,104779032,122
51476823000129,202512,23193148,126
51476823000129,202601,23425583,126
51476823000129,202602,23671885,124
51476823000129,202603,23916946,123
51476823000129,202604,24099440,122
51476823000129,202605,24180381,121
51476823000129,202606,24185731,122
51476823000129,202607,24232795,124
51476823000129,HOJE,24232943,122
51487766000183,202512,37388266,126
51487766000183,202601,37767871,126
51487766000183,202602,38168363,124
51487766000183,202603,38565430,123
51487766000183,202604,38847416,122
51487766000183,202605,38961715,121
51487766000183,202606,38956652,122
51487766000183,202607,39020413,124
51487766000183,HOJE,39019186,122
51507955000170,202512,73082327,126
51507955000170,202601,69423237,126
51507955000170,202602,69809658,124
51507955000170,202603,69657982,123
51507955000170,202604,69302708,122
51507955000170,202605,69607504,121
51507955000170,202606,69879749,122
51507955000170,202607,70877582,124
51507955000170,HOJE,70912043,122
51511514000142,202512,22701945,126
51511514000142,202601,22749615,126
51511514000142,202602,22816654,124
51511514000142,202603,22879608,123
51511514000142,202604,22969216,122
51511514000142,202605,23052064,121
51511514000142,202606,23242778,122
51511514000142,202607,23428684,124
51511514000142,HOJE,23449582,121
51516067000114,202512,57838982,126
51516067000114,202601,60698984,126
51516067000114,202602,63411978,124
51516067000114,202603,66581873,123
51516067000114,202604,69439311,122
51516067000114,202605,71819193,121
51516067000114,202606,71985318,122
51516067000114,202607,72158376,124
51516067000114,HOJE,72163354,122
51533573000111,202512,744367403,126
51533573000111,202601,773431113,126
51533573000111,202602,810358750,124
51533573000111,202603,868081122,123
51533573000111,202604,929083251,122
51533573000111,202605,992906289,121
51533573000111,202606,1028492979,122
51533573000111,202607,1026668109,124
51533573000111,HOJE,1028496524,122
51538282000116,202512,771905094,126
51538282000116,202601,833382956,126
51538282000116,202602,889876370,124
51538282000116,202603,937719758,123
51538282000116,202604,965534400,122
51538282000116,202605,992083829,121
51538282000116,202606,1017831426,122
51538282000116,202607,1038758372,124
51538282000116,HOJE,1040130555,121
51555270000108,202512,50325443,126
51555270000108,202601,51770000,126
51555270000108,202602,53184610,124
51555270000108,202603,54434166,123
51555270000108,202604,55402128,122
51555270000108,202605,56233785,121
51555270000108,202606,56517658,122
51555270000108,202607,56654646,124
51555270000108,HOJE,56649352,122
51556889000129,202512,19122895,126
51556889000129,202601,19088199,126
51556889000129,202602,19052664,124
51556889000129,202603,19011238,123
51556889000129,202604,18978614,122
51556889000129,202605,18882912,121
51556889000129,202606,18824865,122
51556889000129,202607,18758224,124
51556889000129,HOJE,18752844,122
51572183000150,202512,1009918268,126
51572183000150,202601,1019702304,126
51572183000150,202602,1030484978,124
51572183000150,202603,1040230142,123
51572183000150,202604,1048481759,122
51572183000150,202605,1053576109,121
51572183000150,202606,1056556983,122
51572183000150,202607,1059962909,124
51572183000150,HOJE,1059997172,122
51604570000121,202512,445203543,126
51604570000121,202601,433966565,126
51604570000121,202602,424253520,124
51604570000121,202603,410767066,123
51604570000121,202604,397636302,122
51604570000121,202605,382690791,121
51604570000121,202606,366264941,122
51604570000121,202607,344373220,124
51604570000121,HOJE,341323538,122
51623321000183,202512,136033441,126
51623321000183,202601,143080553,126
51623321000183,202602,148574142,124
51623321000183,202603,154486405,123
51623321000183,202604,159540877,122
51623321000183,202605,167124504,121
51623321000183,202606,174703383,122
51623321000183,202607,182817575,124
51623321000183,HOJE,184031604,122
51637707000144,202512,23057590,126
51637707000144,202601,23515068,126
51637707000144,202602,24359839,124
51637707000144,202603,25344883,123
51637707000144,202604,26218999,122
51637707000144,202605,26995629,121
51637707000144,202606,27670322,122
51637707000144,202607,28187690,124
51637707000144,HOJE,28188418,122
51637886000110,202512,44246945,126
51637886000110,202601,44695643,126
51637886000110,202602,45172152,124
51637886000110,202603,45644884,123
51637886000110,202604,45971945,122
51637886000110,202605,46101121,121
51637886000110,202606,46092317,122
51637886000110,202607,46161269,124
51637886000110,HOJE,46157522,122
51661677000101,202512,42106449,126
51661677000101,202601,42534680,126
51661677000101,202602,42986237,124
51661677000101,202603,43436528,123
51661677000101,202604,43769655,122
51661677000101,202605,43916022,121
51661677000101,202606,43924832,122
51661677000101,202607,44007075,124
51661677000101,HOJE,44006759,122
51697128000197,202512,414336537,126
51697128000197,202601,400819747,126
51697128000197,202602,396734484,124
51697128000197,202603,412000460,123
51697128000197,202604,425608198,122
51697128000197,202605,436563316,121
51697128000197,202606,445239426,122
51697128000197,202607,452349198,124
51697128000197,HOJE,454475346,122
51710645000159,202512,3175906668,126
51710645000159,202601,3668763099,126
51710645000159,202602,4024343573,124
51710645000159,202603,4108299618,123
51710645000159,202604,4159352605,122
51710645000159,202605,4172397561,121
51710645000159,202606,4024465612,122
51710645000159,202607,3805411510,124
51710645000159,HOJE,3777466899,122
51714018000196,202512,64845945,126
51714018000196,202601,77910319,126
51714018000196,202602,87484716,124
51714018000196,202603,96925140,123
51714018000196,202604,95076483,122
51714018000196,202605,87722332,121
51714018000196,202606,79911882,122
51714018000196,202607,69508891,124
51714018000196,HOJE,68087608,122
51726488000170,202512,18079235,126
51726488000170,202601,18445065,126
51726488000170,202602,18711680,124
51726488000170,202603,18863536,123
51726488000170,202604,18991206,122
51726488000170,202605,19155838,120
51726488000170,202606,19358711,121
51726488000170,202607,19559774,123
51726488000170,HOJE,19586692,121
51766295000142,202512,166371430,126
51766295000142,202601,103216699,126
51766295000142,202602,101768092,124
51766295000142,202603,100092450,123
51766295000142,202604,97768290,122
51766295000142,202605,91898555,121
51766295000142,202606,81536875,122
51766295000142,202607,68937705,124
51766295000142,HOJE,66990085,122
51800853000149,202512,117963852,126
51800853000149,202601,112789734,126
51800853000149,202602,108094987,124
51800853000149,202603,102241288,123
51800853000149,202604,96780796,122
51800853000149,202605,91199484,121
51800853000149,202606,91440344,122
51800853000149,202607,92776901,124
51800853000149,HOJE,92956237,122
51825326000199,202512,1995881539,126
51825326000199,202601,1975440813,126
51825326000199,202602,1951534440,124
51825326000199,202603,1902518763,123
51825326000199,202604,1838907914,122
51825326000199,202605,1775959436,121
51825326000199,202606,1706055238,122
51825326000199,202607,1633724088,124
51825326000199,HOJE,1625022819,121
51853123000106,202512,122034988,126
51853123000106,202601,118473327,126
51853123000106,202602,115765334,124
51853123000106,202603,113005299,123
51853123000106,202604,109959390,122
51853123000106,202605,106575331,121
51853123000106,202606,103712522,122
51853123000106,202607,101880986,124
51853123000106,HOJE,101660689,121
51863123000197,202512,73586022,126
51863123000197,202601,71106869,126
51863123000197,202602,68809845,124
51863123000197,202603,65970741,123
51863123000197,202604,63262364,122
51863123000197,202605,64807621,121
51863123000197,202606,68993815,122
51863123000197,202607,73488275,124
51863123000197,HOJE,73972993,121
51863845000141,202512,77923630,126
51863845000141,202601,75468466,126
51863845000141,202602,73223238,124
51863845000141,202603,70424248,123
51863845000141,202604,67794853,122
51863845000141,202605,62290749,121
51863845000141,202606,59614192,122
51863845000141,202607,56770084,124
51863845000141,HOJE,56372949,122
51868939000103,202512,33605206,126
51868939000103,202601,33930049,126
51868939000103,202602,34277239,124
51868939000103,202603,34631423,123
51868939000103,202604,34898228,122
51868939000103,202605,35019179,121
51868939000103,202606,35031136,122
51868939000103,202607,35104541,124
51868939000103,HOJE,35105215,122
51885543000174,202512,82248991,126
51885543000174,202601,83001884,126
51885543000174,202602,83744918,124
51885543000174,202603,84653632,123
51885543000174,202604,85182474,122
51885543000174,202605,85215946,121
51885543000174,202606,85243678,122
51885543000174,202607,85299667,124
51885543000174,HOJE,85285241,121
51903744000157,202512,54231174,126
51903744000157,202601,62232591,126
51903744000157,202602,69562964,124
51903744000157,202603,77529510,123
51903744000157,202604,84844961,122
51903744000157,202605,90276624,121
51903744000157,202606,94613975,122
51903744000157,202607,98100415,124
51903744000157,HOJE,98469485,122
51924043000102,202512,621947315,126
51924043000102,202601,622965837,126
51924043000102,202602,624213253,124
51924043000102,202603,623480979,123
51924043000102,202604,622965112,122
51924043000102,202605,622032196,121
51924043000102,202606,620415231,122
51924043000102,202607,619724219,124
51924043000102,HOJE,619433393,122
51928186000184,202512,224569964,126
51928186000184,202601,269720645,126
51928186000184,202602,323719620,124
51928186000184,202603,393565893,123
51928186000184,202604,445818001,122
51928186000184,202605,482263883,121
51928186000184,202606,501497766,122
51928186000184,202607,498034995,124
51928186000184,HOJE,496442327,122
51942073000133,202512,29832454,126
51942073000133,202601,29861349,126
51942073000133,202602,30014529,124
51942073000133,202603,30091961,123
51942073000133,202604,30201578,122
51942073000133,202605,30252302,121
51942073000133,202606,30241666,122
51942073000133,202607,29947718,124
51942073000133,HOJE,29904814,122
51959820000146,202512,2125839425,126
51959820000146,202601,2156485420,126
51959820000146,202602,2183181286,124
51959820000146,202603,2204321982,123
51959820000146,202604,2213049242,122
51959820000146,202605,2226399002,121
51959820000146,202606,2242003684,122
51959820000146,202607,2258383369,124
51959820000146,HOJE,2259438022,122
51977823000102,202512,43823033,126
51977823000102,202601,43625142,126
51977823000102,202602,43315118,124
51977823000102,202603,43174471,123
51977823000102,202604,43543988,122
51977823000102,202605,42631834,121
51977823000102,202606,41597854,122
51977823000102,202607,40700627,124
51977823000102,HOJE,40553951,122
51982216000130,202512,44270939,115
51982216000130,202601,44774580,115
51982216000130,202602,45332974,113
51982216000130,202603,45813103,112
51982216000130,202604,46208026,111
51982216000130,202605,46359982,121
51982216000130,202606,46558623,122
51982216000130,202607,46317486,111
51982216000130,HOJE,46293693,107
52046394000112,202512,25867110,126
52046394000112,202601,26960941,126
52046394000112,202602,28029375,124
52046394000112,202603,29253865,123
52046394000112,202604,29472869,122
52046394000112,202605,29564481,121
52046394000112,202606,29563896,122
52046394000112,202607,29610977,124
52046394000112,HOJE,29609026,122
52071627000137,202512,353270410,126
52071627000137,202601,357543952,126
52071627000137,202602,361772494,124
52071627000137,202603,366123298,123
52071627000137,202604,370247704,122
52071627000137,202605,373021485,120
52071627000137,202606,374797233,121
52071627000137,202607,377046706,123
52071627000137,HOJE,377267931,121
52096571000175,202512,471221436,126
52096571000175,202601,478239826,126
52096571000175,202602,484650359,124
52096571000175,202603,490333648,123
52096571000175,202604,492542243,122
52096571000175,202605,494835819,121
52096571000175,202606,497336717,122
52096571000175,202607,500079092,124
52096571000175,HOJE,500268087,122
52111528000131,202512,87820280,126
52111528000131,202601,86379422,126
52111528000131,202602,85231724,124
52111528000131,202603,83727406,123
52111528000131,202604,82260927,122
52111528000131,202605,80850066,121
52111528000131,202606,78913368,122
52111528000131,202607,77447638,124
52111528000131,HOJE,77222866,122
52115449000107,202512,142175733,126
52115449000107,202601,147812369,126
52115449000107,202602,150152819,124
52115449000107,202603,149492101,123
52115449000107,202604,147053145,122
52115449000107,202605,143832486,121
52115449000107,202606,141372201,122
52115449000107,202607,139931279,124
52115449000107,HOJE,139718164,121
52133916000113,202512,36085212,126
52133916000113,202601,36440104,126
52133916000113,202602,36816909,124
52133916000113,202603,37199779,123
52133916000113,202604,37486916,122
52133916000113,202605,37615797,121
52133916000113,202606,37628960,122
52133916000113,202607,37706463,124
52133916000113,HOJE,37707526,122
52151437000120,202512,68460053,126
52151437000120,202601,69009991,126
52151437000120,202602,69711065,124
52151437000120,202603,70404076,123
52151437000120,202604,70880949,122
52151437000120,202605,71049066,121
52151437000120,202606,71008604,122
52151437000120,202607,71091503,124
52151437000120,HOJE,71084580,122
52155255000127,202512,52331515,126
52155255000127,202601,48147331,126
52155255000127,202602,44406561,124
52155255000127,202603,39733967,123
52155255000127,202604,35359626,122
52155255000127,202605,30663369,121
52155255000127,202606,28859130,122
52155255000127,202607,30499421,124
52155255000127,HOJE,30744343,122
52163627000167,202512,665012899,126
52163627000167,202601,673787106,126
52163627000167,202602,701402483,124
52163627000167,202603,753992094,123
52163627000167,202604,810260290,122
52163627000167,202605,854708407,121
52163627000167,202606,890346035,122
52163627000167,202607,941930012,124
52163627000167,HOJE,948093968,121
52164607000100,202512,72060276,126
52164607000100,202601,75902663,126
52164607000100,202602,80373457,124
52164607000100,202603,86450223,123
52164607000100,202604,93449081,122
52164607000100,202605,99044747,121
52164607000100,202606,102282326,122
52164607000100,202607,107027207,124
52164607000100,HOJE,107706084,121
52188815000140,202512,64693270,126
52188815000140,202601,68116160,126
52188815000140,202602,71356647,124
52188815000140,202603,74682604,123
52188815000140,202604,77150962,122
52188815000140,202605,79529670,121
52188815000140,202606,81054122,122
52188815000140,202607,83791398,124
52188815000140,HOJE,83972530,121
52195023000100,202512,14282045,126
52195023000100,202601,14440687,126
52195023000100,202602,14590236,124
52195023000100,202603,14759441,123
52195023000100,202604,14914071,122
52195023000100,202605,15068610,121
52195023000100,202606,15221380,122
52195023000100,202607,15389851,124
52195023000100,HOJE,15408611,121
52203642000191,202512,343906006,126
52203642000191,202601,324063341,126
52203642000191,202602,307293056,124
52203642000191,202603,293402036,123
52203642000191,202604,285479513,122
52203642000191,202605,278245346,121
52203642000191,202606,271776197,122
52203642000191,202607,265255303,124
52203642000191,HOJE,264335480,122
52203762000199,202512,46535366,126
52203762000199,202601,47348585,126
52203762000199,202602,48101824,124
52203762000199,202603,49011649,123
52203762000199,202604,49853411,122
52203762000199,202605,50721039,121
52203762000199,202606,51588445,122
52203762000199,202607,52498037,124
52203762000199,HOJE,52600083,121
52204076000132,202512,1380944601,126
52204076000132,202601,1608614220,126
52204076000132,202602,1818650887,124
52204076000132,202603,2074679236,123
52204076000132,202604,2312414120,122
52204076000132,202605,2450625072,121
52204076000132,202606,2586565331,122
52204076000132,202607,2710400819,124
52204076000132,HOJE,2726342231,122
52216276000105,202512,163019437,126
52216276000105,202601,157267386,126
52216276000105,202602,153549214,124
52216276000105,202603,149071975,123
52216276000105,202604,158862735,122
52216276000105,202605,166680878,121
52216276000105,202606,172139680,122
52216276000105,202607,179162531,124
52216276000105,HOJE,180175361,122
52221407000142,202512,35125996,126
52221407000142,202601,35787105,126
52221407000142,202602,36747741,124
52221407000142,202603,38338611,123
52221407000142,202604,40056879,122
52221407000142,202605,42199444,121
52221407000142,202606,44370580,122
52221407000142,202607,46018256,124
52221407000142,HOJE,46177467,121
52225340000114,202512,37991010,126
52225340000114,202601,38430789,126
52225340000114,202602,38833781,124
52225340000114,202603,39311715,123
52225340000114,202604,39727225,122
52225340000114,202605,40161887,121
52225340000114,202606,40611110,122
52225340000114,202607,41101547,124
52225340000114,HOJE,41156276,121
52234145000150,202512,81989525,126
52234145000150,202601,82719702,126
52234145000150,202602,83490596,124
52234145000150,202603,84094077,123
52234145000150,202604,84580318,122
52234145000150,202605,84877314,121
52234145000150,202606,85021604,122
52234145000150,202607,85198943,124
52234145000150,HOJE,85187266,122
52237532000140,202512,9900915,126
52237532000140,202601,9094676,126
52237532000140,202602,8323972,124
52237532000140,202603,7767373,123
52237532000140,202604,7816117,122
52237532000140,202605,7860558,121
52237532000140,202606,7775949,122
52237532000140,202607,8261892,124
52237532000140,HOJE,8671001,121
52241587000124,202512,21193891,126
52241587000124,202601,21423311,126
52241587000124,202602,21707031,124
52241587000124,202603,22319804,123
52241587000124,202604,22934834,122
52241587000124,202605,23443901,121
52241587000124,202606,23816395,122
52241587000124,202607,24424080,124
52241587000124,HOJE,24531460,122
52248139000152,202512,486364936,126
52248139000152,202601,496438699,126
52248139000152,202602,508466461,124
52248139000152,202603,522677494,123
52248139000152,202604,532248079,122
52248139000152,202605,538925162,121
52248139000152,202606,542351822,122
52248139000152,202607,540953733,123
52248139000152,HOJE,540512429,120
52249657000190,202512,30591489,126
52249657000190,202601,30965765,126
52249657000190,202602,31330393,124
52249657000190,202603,31692021,123
52249657000190,202604,32051740,122
52249657000190,202605,32356599,121
52249657000190,202606,32636251,122
52249657000190,202607,32937759,124
52249657000190,HOJE,32974951,122
52259352000160,202512,206545882,126
52259352000160,202601,210823053,126
52259352000160,202602,214871115,124
52259352000160,202603,218212198,123
52259352000160,202604,221120127,122
52259352000160,202605,223878758,121
52259352000160,202606,225958972,122
52259352000160,202607,227421441,124
52259352000160,HOJE,227542835,122
52259535000185,202512,141605834,126
52259535000185,202601,143102872,126
52259535000185,202602,144692952,124
52259535000185,202603,144603866,123
52259535000185,202604,143961069,122
52259535000185,202605,142950252,121
52259535000185,202606,141782145,122
52259535000185,202607,140602964,124
52259535000185,HOJE,140304911,121
52268697000180,202512,17458006,125
52268697000180,202601,17609695,125
52268697000180,202602,17771872,123
52268697000180,202603,17952173,122
52268697000180,202604,18169299,122
52268697000180,202605,18325547,121
52268697000180,202606,18426559,122
52268697000180,202607,18549660,124
52268697000180,HOJE,18566220,122
52272425000153,202512,23627604,126
52272425000153,202601,19801866,126
52272425000153,202602,17934650,124
52272425000153,202603,15808760,123
52272425000153,202604,13843720,122
52272425000153,202605,12746690,121
52272425000153,202606,12052995,122
52272425000153,202607,11306038,124
52272425000153,HOJE,11205513,122
52272574000112,202512,599318417,126
52272574000112,202601,643951153,126
52272574000112,202602,682194853,124
52272574000112,202603,701400131,123
52272574000112,202604,712041629,122
52272574000112,202605,727003438,121
52272574000112,202606,741193612,122
52272574000112,202607,751877734,124
52272574000112,HOJE,752697908,121
52272665000158,202512,28402280,126
52272665000158,202601,28752206,126
52272665000158,202602,29087806,124
52272665000158,202603,29413391,123
52272665000158,202604,29608546,122
52272665000158,202605,29821969,121
52272665000158,202606,30072140,122
52272665000158,202607,30331205,124
52272665000158,HOJE,30356139,122
52272755000149,202512,22585073,126
52272755000149,202601,22483169,126
52272755000149,202602,22420399,124
52272755000149,202603,22251058,123
52272755000149,202604,21996026,122
52272755000149,202605,21330044,121
52272755000149,202606,20709719,122
52272755000149,202607,20050388,124
52272755000149,HOJE,19962766,121
52272792000157,202512,25233495,126
52272792000157,202601,30849089,126
52272792000157,202602,35723728,124
52272792000157,202603,41557990,123
52272792000157,202604,46962171,122
52272792000157,202605,51100131,121
52272792000157,202606,52594370,122
52272792000157,202607,52697289,124
52272792000157,HOJE,52565333,122
52273340000190,202512,211068663,126
52273340000190,202601,214222963,126
52273340000190,202602,216051055,124
52273340000190,202603,211629066,123
52273340000190,202604,204473955,122
52273340000190,202605,197859258,121
52273340000190,202606,187265620,122
52273340000190,202607,176212131,124
52273340000190,HOJE,174619808,122
52273351000170,202512,15662146,126
52273351000170,202601,14997504,126
52273351000170,202602,13990535,124
52273351000170,202603,12730224,123
52273351000170,202604,11610299,122
52273351000170,202605,10575251,121
52273351000170,202606,9929651,122
52273351000170,202607,9782897,124
52273351000170,HOJE,9812134,121
52276849000196,202512,37995173,120
52276849000196,202601,38306434,120
52276849000196,202602,38596653,124
52276849000196,202603,38880280,123
52276849000196,202604,39110818,122
52276849000196,202605,39250419,121
52276849000196,202606,39319106,122
52276849000196,202607,39403925,124
52276849000196,HOJE,39398294,122
52279344000185,202512,10145535,126
52279344000185,202601,10233844,126
52279344000185,202602,10325531,124
52279344000185,202603,10390146,123
52279344000185,202604,10368811,122
52279344000185,202605,10277198,121
52279344000185,202606,10149312,122
52279344000185,202607,10001428,124
52279344000185,HOJE,9976116,122
52280783000108,202512,456367165,126
52280783000108,202601,481206200,126
52280783000108,202602,496054481,124
52280783000108,202603,508767444,123
52280783000108,202604,510806060,122
52280783000108,202605,511012730,121
52280783000108,202606,509233561,122
52280783000108,202607,499416012,124
52280783000108,HOJE,497838009,121
52285727000166,202512,1140230942,126
52285727000166,202601,1219032306,126
52285727000166,202602,1274321021,124
52285727000166,202603,1327598122,123
52285727000166,202604,1352797201,122
52285727000166,202605,1374107003,121
52285727000166,202606,1406955425,122
52285727000166,202607,1430213975,124
52285727000166,HOJE,1435501723,122
52285828000137,202512,43117542,126
52285828000137,202601,43542010,126
52285828000137,202602,43992259,124
52285828000137,202603,44449288,123
52285828000137,202604,41966648,122
52285828000137,202605,39120604,121
52285828000137,202606,36129930,122
52285828000137,202607,33029734,124
52285828000137,HOJE,32537505,122
52301436000114,202512,123143702,126
52301436000114,202601,127168689,126
52301436000114,202602,130550044,124
52301436000114,202603,132674456,123
52301436000114,202604,134100990,122
52301436000114,202605,135574759,121
52301436000114,202606,137295817,122
52301436000114,202607,139429203,124
52301436000114,HOJE,139715249,122
52305889000119,202512,108728093,126
52305889000119,202601,120740727,126
52305889000119,202602,131206097,124
52305889000119,202603,145656856,123
52305889000119,202604,159818643,122
52305889000119,202605,169201387,121
52305889000119,202606,174849214,122
52305889000119,202607,176247308,124
52305889000119,HOJE,176456269,121
52319866000163,202512,12568715,126
52319866000163,202601,12709275,126
52319866000163,202602,12837851,124
52319866000163,202603,12990991,123
52319866000163,202604,13148481,122
52319866000163,202605,13301671,121
52319866000163,202606,13455274,122
52319866000163,202607,13623617,124
52319866000163,HOJE,13645960,122
52324362000131,202512,114710492,125
52324362000131,202601,136309050,125
52324362000131,202602,156862343,123
52324362000131,202603,182002028,122
52324362000131,202604,198166218,122
52324362000131,202605,208087247,121
52324362000131,202606,215812515,122
52324362000131,202607,220723824,124
52324362000131,HOJE,221045286,122
52333139000150,202512,64587152,126
52333139000150,202601,69823732,126
52333139000150,202602,73237566,124
52333139000150,202603,76224641,123
52333139000150,202604,79096258,122
52333139000150,202605,81504567,120
52333139000150,202606,83558742,121
52333139000150,202607,85582169,123
52333139000150,HOJE,85857267,121
52342478000101,202512,8166063,126
52342478000101,202601,8377712,126
52342478000101,202602,8577270,124
52342478000101,202603,8731206,123
52342478000101,202604,8867226,122
52342478000101,202605,8999409,121
52342478000101,202606,9195579,122
52342478000101,202607,9398860,124
52342478000101,HOJE,9426839,122
52449950000100,202512,24845282,126
52449950000100,202601,25147484,126
52449950000100,202602,25427977,124
52449950000100,202603,25683239,123
52449950000100,202604,25835879,122
52449950000100,202605,25985127,121
52449950000100,202606,26159939,122
52449950000100,202607,26339906,124
52449950000100,HOJE,26125873,121
52459972000142,202512,86928463,126
52459972000142,202601,91938469,126
52459972000142,202602,93896273,124
52459972000142,202603,94880311,123
52459972000142,202604,95609777,122
52459972000142,202605,95924466,121
52459972000142,202606,95944988,122
52459972000142,202607,96124218,124
52459972000142,HOJE,96122690,122
52479263000129,202512,4486841,126
52479263000129,202601,6427387,126
52479263000129,202602,8097416,124
52479263000129,202603,9799890,123
52479263000129,202604,10423664,122
52479263000129,202605,10645496,121
52479263000129,202606,9996723,122
52479263000129,202607,8989364,124
52479263000129,HOJE,8839145,122
52562077000159,202512,58930408,126
52562077000159,202601,59534348,126
52562077000159,202602,60170952,124
52562077000159,202603,60790434,123
52562077000159,202604,61322523,122
52562077000159,202605,61724799,121
52562077000159,202606,62041290,122
52562077000159,202607,62355862,124
52562077000159,HOJE,62385951,122
52578153000114,202512,58010182,126
52578153000114,202601,57885754,126
52578153000114,202602,57824195,124
52578153000114,202603,57592172,123
52578153000114,202604,57339244,122
52578153000114,202605,57439239,121
52578153000114,202606,57546696,122
52578153000114,202607,57687008,124
52578153000114,HOJE,57685745,122
52580782000189,202512,983170460,126
52580782000189,202601,1170340466,126
52580782000189,202602,1348023874,124
52580782000189,202603,1562185038,123
52580782000189,202604,1748874151,122
52580782000189,202605,1893059606,121
52580782000189,202606,2008804824,122
52580782000189,202607,2123245586,124
52580782000189,HOJE,2135102794,122
52699397000155,202512,23137569,126
52699397000155,202601,23362737,126
52699397000155,202602,23603288,124
52699397000155,202603,23847308,123
52699397000155,202604,24027964,122
52699397000155,202605,24106615,121
52699397000155,202606,24108043,122
52699397000155,202607,24150533,124
52699397000155,HOJE,24149993,122
52770900000111,202512,167618886,126
52770900000111,202601,171293045,126
52770900000111,202602,174924060,124
52770900000111,202603,176472274,123
52770900000111,202604,176719234,122
52770900000111,202605,177991457,121
52770900000111,202606,179141151,122
52770900000111,202607,178330673,124
52770900000111,HOJE,177984601,122
52771267000186,202512,69113067,126
52771267000186,202601,69938277,126
52771267000186,202602,70692400,124
52771267000186,202603,71608732,123
52771267000186,202604,72437937,122
52771267000186,202605,73293381,121
52771267000186,202606,74165798,122
52771267000186,202607,75107849,124
52771267000186,HOJE,75236543,122
52791573000184,202512,1970529909,126
52791573000184,202601,1921087477,126
52791573000184,202602,1872460637,124
52791573000184,202603,1803880597,123
52791573000184,202604,1730012152,122
52791573000184,202605,1661837521,121
52791573000184,202606,1623438662,122
52791573000184,202607,1590376274,124
52791573000184,HOJE,1584766993,122
52792067000100,202512,1329035000,126
52792067000100,202601,1321793076,126
52792067000100,202602,1312101627,124
52792067000100,202603,1295267121,123
52792067000100,202604,1278707149,122
52792067000100,202605,1257463230,121
52792067000100,202606,1243406253,122
52792067000100,202607,1227173154,124
52792067000100,HOJE,1224090195,122
52810847000135,202512,21549829,126
52810847000135,202601,21912161,126
52810847000135,202602,22214375,124
52810847000135,202603,22508994,123
52810847000135,202604,22730267,122
52810847000135,202605,22912426,121
52810847000135,202606,23062828,122
52810847000135,202607,23181511,124
52810847000135,HOJE,23189050,122
52837350000100,202512,541698753,126
52837350000100,202601,546733609,126
52837350000100,202602,552201014,124
52837350000100,202603,557125313,123
52837350000100,202604,561445209,122
52837350000100,202605,564296730,121
52837350000100,202606,566025279,122
52837350000100,202607,568028384,124
52837350000100,HOJE,568111227,122
52842303000155,202512,209411004,126
52842303000155,202601,212291461,126
52842303000155,202602,215000566,124
52842303000155,202603,216823929,123
52842303000155,202604,217530941,122
52842303000155,202605,217991910,121
52842303000155,202606,218612919,122
52842303000155,202607,219356401,124
52842303000155,HOJE,219325323,122
52854925000101,202512,45629259,126
52854925000101,202601,46028376,126
52854925000101,202602,46468647,124
52854925000101,202603,46879103,123
52854925000101,202604,47235145,122
52854925000101,202605,47434798,121
52854925000101,202606,47539494,122
52854925000101,202607,47677591,124
52854925000101,HOJE,47679572,122
52875912000100,202512,184732974,126
52875912000100,202601,186674287,126
52875912000100,202602,188749442,124
52875912000100,202603,190587330,123
52875912000100,202604,192157507,122
52875912000100,202605,193462306,121
52875912000100,202606,194443144,122
52875912000100,202607,195491601,124
52875912000100,HOJE,195550226,122
52878009000101,202512,203198753,126
52878009000101,202601,207470197,126
52878009000101,202602,217951721,124
52878009000101,202603,235011641,123
52878009000101,202604,254195184,122
52878009000101,202605,274325103,121
52878009000101,202606,295202921,122
52878009000101,202607,318062010,124
52878009000101,HOJE,322110121,122
52879059000103,202512,47210885,126
52879059000103,202601,46628690,126
52879059000103,202602,46232211,124
52879059000103,202603,46196514,123
52879059000103,202604,46607815,122
52879059000103,202605,46861645,121
52879059000103,202606,46724274,122
52879059000103,202607,45912910,124
52879059000103,HOJE,45798210,122
52882840000129,202512,28449036,126
52882840000129,202601,28723221,126
52882840000129,202602,29015793,124
52882840000129,202603,29313166,123
52882840000129,202604,29533242,122
52882840000129,202605,29627877,121
52882840000129,202606,29630761,122
52882840000129,202607,29683670,124
52882840000129,HOJE,29683028,122
52892279000169,202512,618049882,126
52892279000169,202601,620069959,126
52892279000169,202602,622144442,124
52892279000169,202603,623289004,123
52892279000169,202604,623402964,122
52892279000169,202605,621495796,121
52892279000169,202606,618772147,122
52892279000169,202607,614890604,124
52892279000169,HOJE,614261606,122
52909503000188,202512,23026843,126
52909503000188,202601,23246636,126
52909503000188,202602,23482459,124
52909503000188,202603,23722662,123
52909503000188,202604,23904253,122
52909503000188,202605,23985992,121
52909503000188,202606,23992249,122
52909503000188,202607,24038942,124
52909503000188,HOJE,24039002,122
52909821000149,202512,288957423,126
52909821000149,202601,292876353,126
52909821000149,202602,296552650,124
52909821000149,202603,299063883,123
52909821000149,202604,300044285,122
52909821000149,202605,300678859,121
52909821000149,202606,301583829,122
52909821000149,202607,302640526,124
52909821000149,HOJE,302604717,122
52910190000188,202512,18648013,126
52910190000188,202601,18830488,126
52910190000188,202602,19024880,124
52910190000188,202603,19219892,123
52910190000188,202604,19362840,122
52910190000188,202605,19423380,121
52910190000188,202606,19422753,122
52910190000188,202607,19454761,124
52910190000188,HOJE,19454007,122
52910681000129,202512,22870384,126
52910681000129,202601,23091723,126
52910681000129,202602,23327748,124
52910681000129,202603,23566928,123
52910681000129,202604,23743759,122
52910681000129,202605,23820208,121
52910681000129,202606,23820459,122
52910681000129,202607,23861019,124
52910681000129,HOJE,23860276,122
52950174000119,202512,29521964,126
52950174000119,202601,29802590,126
52950174000119,202602,30105570,124
52950174000119,202603,30363641,123
52950174000119,202604,30575174,122
52950174000119,202605,30699714,121
52950174000119,202606,30759841,122
52950174000119,202607,30836979,124
52950174000119,HOJE,30834939,122
52953507000163,202512,515981270,126
52953507000163,202601,671902280,126
52953507000163,202602,803116174,124
52953507000163,202603,935073765,123
52953507000163,202604,1013663742,122
52953507000163,202605,1049768519,121
52953507000163,202606,1032575750,122
52953507000163,202607,988508608,124
52953507000163,HOJE,982570435,122
52954432000135,202512,13449139,125
52954432000135,202601,13603954,125
52954432000135,202602,13745279,123
52954432000135,202603,13903626,122
52954432000135,202604,14039277,122
52954432000135,202605,14182250,120
52954432000135,202606,14333544,121
52954432000135,202607,14496242,123
52954432000135,HOJE,14517699,121
52955321000143,202512,722971783,126
52955321000143,202601,739567775,126
52955321000143,202602,748521285,124
52955321000143,202603,754264222,123
52955321000143,202604,752905282,122
52955321000143,202605,747273870,121
52955321000143,202606,740309038,122
52955321000143,202607,733523171,124
52955321000143,HOJE,732437709,121
52962653000155,202512,175821430,126
52962653000155,202601,178174052,126
52962653000155,202602,179383339,124
52962653000155,202603,176958192,123
52962653000155,202604,174052645,122
52962653000155,202605,171260105,121
52962653000155,202606,168667376,122
52962653000155,202607,165877549,124
52962653000155,HOJE,165248048,122
52962690000163,202512,72742507,126
52962690000163,202601,72649958,126
52962690000163,202602,72593740,124
52962690000163,202603,72239508,123
52962690000163,202604,72163897,122
52962690000163,202605,72559501,121
52962690000163,202606,73603543,122
52962690000163,202607,75320122,124
52962690000163,HOJE,75529944,122
52962863000143,202512,85728607,126
52962863000143,202601,87125914,126
52962863000143,202602,88516304,124
52962863000143,202603,89817100,123
52962863000143,202604,90824275,122
52962863000143,202605,91245164,121
52962863000143,202606,91552707,122
52962863000143,202607,91898636,124
52962863000143,HOJE,91907964,122
52963364000170,202512,206828753,126
52963364000170,202601,209159772,126
52963364000170,202602,211462103,124
52963364000170,202603,213674919,123
52963364000170,202604,215044678,122
52963364000170,202605,216713493,121
52963364000170,202606,218733414,122
52963364000170,202607,220728184,124
52963364000170,HOJE,220922789,122
52963512000157,202512,53013130,126
52963512000157,202601,53506451,126
52963512000157,202602,54044556,124
52963512000157,202603,54536620,123
52963512000157,202604,54981934,122
52963512000157,202605,55348625,121
52963512000157,202606,54914005,122
52963512000157,202607,54275202,124
52963512000157,HOJE,54186274,122
52963564000123,202512,27382568,126
52963564000123,202601,27630773,126
52963564000123,202602,27894581,124
52963564000123,202603,28125840,123
52963564000123,202604,28329878,122
52963564000123,202605,28344667,121
52963564000123,202606,27843524,122
52963564000123,202607,27310871,124
52963564000123,HOJE,27235640,122
52968244000166,202512,24525931,126
52968244000166,202601,24837854,126
52968244000166,202602,25126354,124
52968244000166,202603,25394531,123
52968244000166,202604,25539928,122
52968244000166,202605,25687203,121
52968244000166,202606,25855978,122
52968244000166,202607,26024380,124
52968244000166,HOJE,26038404,122
52982533000110,202512,23005242,126
52982533000110,202601,23224491,126
52982533000110,202602,23459790,124
52982533000110,202603,23699218,123
52982533000110,202604,23880254,122
52982533000110,202605,23962021,121
52982533000110,202606,23968806,122
52982533000110,202607,24016007,124
52982533000110,HOJE,24016163,122
52984620000106,202512,21852729,126
52984620000106,202601,21919938,126
52984620000106,202602,22086309,124
52984620000106,202603,22303631,123
52984620000106,202604,22446331,122
52984620000106,202605,22590149,121
52984620000106,202606,22773315,122
52984620000106,202607,22947783,124
52984620000106,HOJE,22964450,122
52984692000153,202512,93138246,126
52984692000153,202601,89997621,126
52984692000153,202602,87255846,124
52984692000153,202603,86825878,123
52984692000153,202604,86531657,122
52984692000153,202605,86016245,121
52984692000153,202606,85211864,122
52984692000153,202607,84359890,124
52984692000153,HOJE,84190036,122
52984696000131,202512,31508038,126
52984696000131,202601,31763309,126
52984696000131,202602,32058022,124
52984696000131,202603,32302749,123
52984696000131,202604,32565585,122
52984696000131,202605,32438593,121
52984696000131,202606,27900626,121
52984696000131,202607,22526752,120
52984696000131,HOJE,22166204,116
52984741000158,202512,35578618,126
52984741000158,202601,34874353,126
52984741000158,202602,34281741,124
52984741000158,202603,33473512,123
52984741000158,202604,32709427,122
52984741000158,202605,31947863,121
52984741000158,202606,32059390,122
52984741000158,202607,32208610,124
52984741000158,HOJE,32219743,122
52984744000191,202512,121264317,126
52984744000191,202601,122788900,126
52984744000191,202602,124210508,124
52984744000191,202603,125432991,123
52984744000191,202604,126266592,122
52984744000191,202605,127109046,121
52984744000191,202606,127802333,122
52984744000191,202607,128477572,124
52984744000191,HOJE,128531683,122
52985141000104,202512,924697802,126
52985141000104,202601,935569449,126
52985141000104,202602,946007961,124
52985141000104,202603,955334046,123
52985141000104,202604,961078992,122
52985141000104,202605,966286430,121
52985141000104,202606,971218037,122
52985141000104,202607,976498489,124
52985141000104,HOJE,976890581,122
52986251000190,202512,208171640,126
52986251000190,202601,257867727,126
52986251000190,202602,293474311,124
52986251000190,202603,325358387,123
52986251000190,202604,338536921,122
52986251000190,202605,343934492,121
52986251000190,202606,345668958,122
52986251000190,202607,346617003,124
52986251000190,HOJE,346829797,122
52999105000108,202512,39110152,126
52999105000108,202601,42569050,126
52999105000108,202602,45730087,124
52999105000108,202603,49202414,123
52999105000108,202604,51956391,122
52999105000108,202605,53752503,121
52999105000108,202606,54600469,122
52999105000108,202607,53779765,124
52999105000108,HOJE,53676042,122
53018805000129,202512,45968983,126
53018805000129,202601,46414167,126
53018805000129,202602,46888238,124
53018805000129,202603,47369543,123
53018805000129,202604,47734833,122
53018805000129,202605,47901282,121
53018805000129,202606,47919317,122
53018805000129,202607,48018538,124
53018805000129,HOJE,48019824,122
53074013000171,202512,36414116,126
53074013000171,202601,40961926,126
53074013000171,202602,45164439,124
53074013000171,202603,50225644,123
53074013000171,202604,54907983,122
53074013000171,202605,59493647,121
53074013000171,202606,61669107,122
53074013000171,202607,61864735,124
53074013000171,HOJE,61876710,122
53074033000142,202512,19205331,114
53074033000142,202601,20726737,126
53074033000142,202602,22310399,124
53074033000142,202603,23817274,123
53074033000142,202604,24818264,122
53074033000142,202605,25602486,121
53074033000142,202606,26311326,122
53074033000142,202607,27272781,124
53074033000142,HOJE,27411388,122
53074532000130,202512,2223612922,126
53074532000130,202601,2139718677,126
53074532000130,202602,2054773150,124
53074532000130,202603,1936887200,123
53074532000130,202604,1806561915,122
53074532000130,202605,1666192466,121
53074532000130,202606,1560947435,122
53074532000130,202607,1430587468,124
53074532000130,HOJE,1412954397,122
53075427000115,202512,295740705,126
53075427000115,202601,318454022,126
53075427000115,202602,346891418,124
53075427000115,202603,377243973,123
53075427000115,202604,394696359,122
53075427000115,202605,400584535,121
53075427000115,202606,397550282,122
53075427000115,202607,389653651,124
53075427000115,HOJE,388122544,122
53076690000129,202512,18241387,126
53076690000129,202601,19279159,126
53076690000129,202602,20133063,124
53076690000129,202603,21012899,123
53076690000129,202604,21605692,122
53076690000129,202605,21984658,121
53076690000129,202606,22267326,122
53076690000129,202607,22539543,124
53076690000129,HOJE,22576417,122
53076975000160,202512,365187796,126
53076975000160,202601,363134301,126
53076975000160,202602,361379884,124
53076975000160,202603,362174689,123
53076975000160,202604,363715351,122
53076975000160,202605,365114632,121
53076975000160,202606,365735254,122
53076975000160,202607,366334101,124
53076975000160,HOJE,366350697,122
53077797000191,202512,587474886,126
53077797000191,202601,564127888,126
53077797000191,202602,545422624,124
53077797000191,202603,527957643,123
53077797000191,202604,511475699,122
53077797000191,202605,492962801,121
53077797000191,202606,473775139,122
53077797000191,202607,471061328,124
53077797000191,HOJE,471292973,122
53088893000135,202512,118975504,126
53088893000135,202601,118724220,126
53088893000135,202602,118968862,124
53088893000135,202603,119445817,123
53088893000135,202604,119350179,122
53088893000135,202605,110751010,121
53088893000135,202606,102924109,122
53088893000135,202607,94549115,124
53088893000135,HOJE,93382142,122
53095152000181,202512,209940472,126
53095152000181,202601,248131449,126
53095152000181,202602,281762492,124
53095152000181,202603,311777045,123
53095152000181,202604,322425614,122
53095152000181,202605,320290008,121
53095152000181,202606,312075425,122
53095152000181,202607,298891573,123
53095152000181,HOJE,297278552,120
53109614000172,202512,20832975,126
53109614000172,202601,21037335,126
53109614000172,202602,21226301,124
53109614000172,202603,21418788,123
53109614000172,202604,21604030,122
53109614000172,202605,21781576,121
53109614000172,202606,21953193,122
53109614000172,202607,22142447,124
53109614000172,HOJE,22168124,122
53109857000100,202512,32824506,126
53109857000100,202601,33117129,126
53109857000100,202602,33441682,124
53109857000100,202603,33363492,123
53109857000100,202604,33160963,122
53109857000100,202605,32699896,121
53109857000100,202606,32235351,122
53109857000100,202607,31725759,124
53109857000100,HOJE,31623664,122
53177632000191,202512,23528720,126
53177632000191,202601,23777523,126
53177632000191,202602,24019994,124
53177632000191,202603,24246906,123
53177632000191,202604,24423896,122
53177632000191,202605,24594555,121
53177632000191,202606,24775030,122
53177632000191,202607,24960631,124
53177632000191,HOJE,24976617,122
53179684000105,202512,22448886,126
53179684000105,202601,22666025,126
53179684000105,202602,22898568,124
53179684000105,202603,23134670,123
53179684000105,202604,23312819,122
53179684000105,202605,23393775,121
53179684000105,202606,23399965,122
53179684000105,202607,23447172,124
53179684000105,HOJE,23447331,122
53180560000131,202512,101095075,126
53180560000131,202601,102103425,126
53180560000131,202602,103148857,124
53180560000131,202603,103962242,123
53180560000131,202604,104602861,122
53180560000131,202605,105067929,121
53180560000131,202606,105338334,122
53180560000131,202607,105650686,124
53180560000131,HOJE,105635508,121
53180706000149,202512,25973549,126
53180706000149,202601,25936012,126
53180706000149,202602,26818607,124
53180706000149,202603,27327346,123
53180706000149,202604,27109943,122
53180706000149,202605,26870605,121
53180706000149,202606,26604951,122
53180706000149,202607,26527519,124
53180706000149,HOJE,26510948,122
53180845000172,202512,21815797,126
53180845000172,202601,22176163,126
53180845000172,202602,22517336,124
53180845000172,202603,22840537,123
53180845000172,202604,23129274,122
53180845000172,202605,23388716,121
53180845000172,202606,23621687,122
53180845000172,202607,23886503,124
53180845000172,HOJE,23913287,121
53203274000144,202512,43522738,126
53203274000144,202601,43238680,126
53203274000144,202602,43065401,124
53203274000144,202603,42766127,123
53203274000144,202604,42659615,122
53203274000144,202605,42454606,120
53203274000144,202606,41196499,121
53203274000144,202607,36965092,113
53203274000144,HOJE,36745197,109
53212784000188,202512,78271155,126
53212784000188,202601,79181550,126
53212784000188,202602,80011993,124
53212784000188,202603,80994059,123
53212784000188,202604,81877733,122
53212784000188,202605,82794491,121
53212784000188,202606,83723135,122
53212784000188,202607,84729121,124
53212784000188,HOJE,84865545,122
53270406000150,202512,6967641,126
53270406000150,202601,6916809,126
53270406000150,202602,6892930,124
53270406000150,202603,6959123,123
53270406000150,202604,7013033,122
53270406000150,202605,7058444,121
53270406000150,202606,7093227,122
53270406000150,202607,7133131,124
53270406000150,HOJE,7135279,122
53293548000133,202512,248288398,126
53293548000133,202601,267824575,126
53293548000133,202602,290003822,124
53293548000133,202603,315488146,123
53293548000133,202604,333424637,122
53293548000133,202605,345901154,121
53293548000133,202606,352964855,122
53293548000133,202607,351724315,124
53293548000133,HOJE,351310788,122
53294214000184,202512,20774845,126
53294214000184,202601,21711213,126
53294214000184,202602,22484267,124
53294214000184,202603,23111545,123
53294214000184,202604,23289387,122
53294214000184,202605,23366266,121
53294214000184,202606,23370022,122
53294214000184,202607,23412040,124
53294214000184,HOJE,23411360,122
53312814000128,202512,22406046,126
53312814000128,202601,22622732,126
53312814000128,202602,22854718,124
53312814000128,202603,23091700,123
53312814000128,202604,23271901,122
53312814000128,202605,23352865,121
53312814000128,202606,23360070,122
53312814000128,202607,23406291,124
53312814000128,HOJE,23406469,122
53313437000141,202512,27852352,126
53313437000141,202601,28122296,126
53313437000141,202602,28410997,124
53313437000141,202603,28705729,123
53313437000141,202604,28929449,122
53313437000141,202605,29030037,121
53313437000141,202606,29038596,122
53313437000141,202607,29096437,124
53313437000141,HOJE,29096666,122
53316565000149,202512,822740081,126
53316565000149,202601,796936109,126
53316565000149,202602,774706009,124
53316565000149,202603,745685624,123
53316565000149,202604,723133553,122
53316565000149,202605,712664583,121
53316565000149,202606,708457290,122
53316565000149,202607,707956172,124
53316565000149,HOJE,707630492,122
53324036000197,202512,23137692,125
53324036000197,202601,23433084,125
53324036000197,202602,23712699,123
53324036000197,202603,23981175,122
53324036000197,202604,24113866,109
53324036000197,202605,24303760,107
53324036000197,202606,24631712,108
53324036000197,202607,24958786,104
53324036000197,HOJE,24990230,102
53327343000121,202512,40549599,126
53327343000121,202601,40942749,126
53327343000121,202602,41363951,124
53327343000121,202603,41792631,123
53327343000121,202604,42116803,122
53327343000121,202605,42260684,121
53327343000121,202606,42272346,122
53327343000121,202607,42355729,124
53327343000121,HOJE,42355822,122
53359596000187,202512,593187723,126
53359596000187,202601,574684188,126
53359596000187,202602,557796958,124
53359596000187,202603,538295379,123
53359596000187,202604,519427067,122
53359596000187,202605,504103627,121
53359596000187,202606,494614628,122
53359596000187,202607,491977192,124
53359596000187,HOJE,491365802,122
53359716000146,202512,710998022,125
53359716000146,202601,689537051,125
53359716000146,202602,670535674,123
53359716000146,202603,647166026,122
53359716000146,202604,628774891,121
53359716000146,202605,619792371,120
53359716000146,202606,616314599,122
53359716000146,202607,616434704,124
53359716000146,HOJE,616133971,122
53371769000182,202512,106714617,126
53371769000182,202601,107644054,126
53371769000182,202602,108641960,124
53371769000182,202603,109691690,123
53371769000182,202604,110719868,122
53371769000182,202605,111320217,121
53371769000182,202606,111636271,122
53371769000182,202607,112073701,124
53371769000182,HOJE,112121391,122
53372590000140,202512,43270777,126
53372590000140,202601,40279750,126
53372590000140,202602,37630734,124
53372590000140,202603,34287971,123
53372590000140,202604,31156889,122
53372590000140,202605,27834267,121
53372590000140,202606,25389113,122
53372590000140,202607,25443777,124
53372590000140,HOJE,25442499,122
53390524000100,202512,27993107,126
53390524000100,202601,28261707,126
53390524000100,202602,28550643,124
53390524000100,202603,28844410,123
53390524000100,202604,29069007,122
53390524000100,202605,29172588,121
53390524000100,202606,29184687,122
53390524000100,202607,29245999,124
53390524000100,HOJE,29246559,122
53413051000101,202512,46667619,126
53413051000101,202601,42277434,126
53413051000101,202602,38285248,124
53413051000101,202603,33234285,123
53413051000101,202604,28390961,122
53413051000101,202605,23461023,121
53413051000101,202606,22148461,122
53413051000101,202607,22303917,124
53413051000101,HOJE,22316778,122
53422599000118,202512,55214614,126
53422599000118,202601,53421809,126
53422599000118,202602,51705453,124
53422599000118,202603,49636403,123
53422599000118,202604,48309429,122
53422599000118,202605,46300651,121
53422599000118,202606,43228503,122
53422599000118,202607,39924885,124
53422599000118,HOJE,39437717,122
53444176000107,202512,200945080,126
53444176000107,202601,231035840,126
53444176000107,202602,258644376,124
53444176000107,202603,291050143,123
53444176000107,202604,321487616,122
53444176000107,202605,361630717,121
53444176000107,202606,412867634,122
53444176000107,202607,472503423,124
53444176000107,HOJE,480200659,122
53448154000107,202512,21340701,126
53448154000107,202601,21546691,126
53448154000107,202602,21767306,124
53448154000107,202603,21992762,123
53448154000107,202604,22163841,122
53448154000107,202605,22240216,121
53448154000107,202606,22246677,122
53448154000107,202607,22290875,124
53448154000107,HOJE,22291174,122
53450033000108,202512,180336278,111
53450033000108,202601,171176947,111
53450033000108,202602,161474842,109
53450033000108,202603,148868545,107
53450033000108,202604,139075091,107
53450033000108,202605,137587692,120
53450033000108,202606,135631549,119
53450033000108,202607,135313849,109
53450033000108,HOJE,135196079,106
53452110000150,202512,163555272,126
53452110000150,202601,165056500,126
53452110000150,202602,166599262,124
53452110000150,202603,172632117,123
53452110000150,202604,178222785,122
53452110000150,202605,183479594,121
53452110000150,202606,188532247,122
53452110000150,202607,193856401,124
53452110000150,HOJE,194682627,122
53501945000153,202512,25330740,126
53501945000153,202601,25671344,126
53501945000153,202602,25986431,124
53501945000153,202603,26277870,123
53501945000153,202604,25950783,122
53501945000153,202605,25384938,121
53501945000153,202606,24818534,122
53501945000153,202607,24212470,124
53501945000153,HOJE,24110973,122
53502091000120,202512,73540288,126
53502091000120,202601,74471459,126
53502091000120,202602,75332287,124
53502091000120,202603,76332739,123
53502091000120,202604,77302016,122
53502091000120,202605,78291020,121
53502091000120,202606,79268608,122
53502091000120,202607,80280129,123
53502091000120,HOJE,80390465,120
53503230000130,202512,22320849,126
53503230000130,202601,22536550,126
53503230000130,202602,22767766,124
53503230000130,202603,23003592,123
53503230000130,202604,23181685,122
53503230000130,202605,23260100,121
53503230000130,202606,23265762,122
53503230000130,202607,23310701,124
53503230000130,HOJE,23310807,122
53508773000140,202512,7406010,126
53508773000140,202601,7394666,126
53508773000140,202602,7406774,124
53508773000140,202603,7471742,123
53508773000140,202604,7524378,122
53508773000140,202605,7563464,121
53508773000140,202606,7590099,122
53508773000140,202607,7621677,124
53508773000140,HOJE,7621815,122
53509435000122,202512,8966292,126
53509435000122,202601,8963369,126
53509435000122,202602,8987165,124
53509435000122,202603,9068164,123
53509435000122,202604,9138324,122
53509435000122,202605,9188149,121
53509435000122,202606,9221440,122
53509435000122,202607,9261583,124
53509435000122,HOJE,9262416,122
53520749000126,202512,12956065,126
53520749000126,202601,13079945,126
53520749000126,202602,13220152,124
53520749000126,202603,13339887,123
53520749000126,202604,13433824,122
53520749000126,202605,13501919,121
53520749000126,202606,13664293,122
53520749000126,202607,13891807,124
53520749000126,HOJE,13897189,122
53537566000113,202512,145805277,126
53537566000113,202601,147163008,126
53537566000113,202602,148429954,124
53537566000113,202603,150121469,123
53537566000113,202604,151816662,122
53537566000113,202605,153687320,121
53537566000113,202606,155678840,122
53537566000113,202607,157804785,124
53537566000113,HOJE,158096602,122
53552316000152,202512,21037007,126
53552316000152,202601,21242775,126
53552316000152,202602,21462744,124
53552316000152,202603,21687111,123
53552316000152,202604,21855440,122
53552316000152,202605,21929539,121
53552316000152,202606,21934831,122
53552316000152,202607,21976617,124
53552316000152,HOJE,21976564,122
53553068000164,202512,141439021,126
53553068000164,202601,142748208,126
53553068000164,202602,144221430,124
53553068000164,202603,145356561,123
53553068000164,202604,146489018,122
53553068000164,202605,147303720,121
53553068000164,202606,147589414,122
53553068000164,202607,147895387,124
53553068000164,HOJE,147853814,122
53553233000188,202512,420462731,126
53553233000188,202601,426726948,126
53553233000188,202602,432971947,124
53553233000188,202603,438083525,123
53553233000188,202604,441273107,122
53553233000188,202605,444402454,121
53553233000188,202606,448139183,122
53553233000188,202607,451286734,124
53553233000188,HOJE,451395403,122
53558163000150,202512,37076292,126
53558163000150,202601,37605298,126
53558163000150,202602,38388236,124
53558163000150,202603,39119682,123
53558163000150,202604,39767469,122
53558163000150,202605,40285055,121
53558163000150,202606,40715897,122
53558163000150,202607,41156985,124
53558163000150,HOJE,41154965,122
53602540000101,202512,69297439,126
53602540000101,202601,70271991,126
53602540000101,202602,71018082,124
53602540000101,202603,71722734,123
53602540000101,202604,72225747,122
53602540000101,202605,72407581,121
53602540000101,202606,72572919,122
53602540000101,202607,72745327,124
53602540000101,HOJE,72738459,121
53604200000110,202512,30198322,126
53604200000110,202601,29444948,126
53604200000110,202602,29360618,124
53604200000110,202603,29363592,123
53604200000110,202604,29269410,122
53604200000110,202605,29170956,121
53604200000110,202606,29460475,122
53604200000110,202607,29893101,124
53604200000110,HOJE,29925741,122
53623218000169,202512,23254181,126
53623218000169,202601,23869358,126
53623218000169,202602,24483940,124
53623218000169,202603,24832318,123
53623218000169,202604,25011987,122
53623218000169,202605,25098711,121
53623218000169,202606,25131768,122
53623218000169,202607,25184971,124
53623218000169,HOJE,25184325,122
53623608000139,202512,90002531,126
53623608000139,202601,91172570,126
53623608000139,202602,92238694,124
53623608000139,202603,93166743,123
53623608000139,202604,93646306,122
53623608000139,202605,94075992,121
53623608000139,202606,94663119,122
53623608000139,202607,95296066,124
53623608000139,HOJE,95343506,122
53635550000143,202512,134844884,126
53635550000143,202601,140046331,126
53635550000143,202602,146154147,124
53635550000143,202603,152931064,123
53635550000143,202604,156244128,122
53635550000143,202605,154908599,121
53635550000143,202606,153598222,122
53635550000143,202607,149975371,124
53635550000143,HOJE,149261796,121
53636931000147,202512,215730341,126
53636931000147,202601,216327545,126
53636931000147,202602,215380508,124
53636931000147,202603,214208708,123
53636931000147,202604,213403308,122
53636931000147,202605,211950554,121
53636931000147,202606,210057112,122
53636931000147,202607,207589950,124
53636931000147,HOJE,207288406,122
53644037000119,202512,127401928,126
53644037000119,202601,127837977,126
53644037000119,202602,128976050,124
53644037000119,202603,137562046,123
53644037000119,202604,143131784,122
53644037000119,202605,149299787,121
53644037000119,202606,154481819,122
53644037000119,202607,158615972,124
53644037000119,HOJE,159419820,122
53655857000106,202512,22062266,126
53655857000106,202601,22276744,126
53655857000106,202602,22506787,124
53655857000106,202603,22740798,123
53655857000106,202604,22919209,122
53655857000106,202605,22999772,121
53655857000106,202606,23008107,122
53655857000106,202607,23055385,124
53655857000106,HOJE,23055885,122
53657535000104,202512,605696956,126
53657535000104,202601,653000287,126
53657535000104,202602,684376110,124
53657535000104,202603,720818771,123
53657535000104,202604,748575471,122
53657535000104,202605,755871398,121
53657535000104,202606,763760042,122
53657535000104,202607,769788574,124
53657535000104,HOJE,770260900,122
53670651000155,202512,30793859,126
53670651000155,202601,31147507,126
53670651000155,202602,31486227,124
53670651000155,202603,31787397,123
53670651000155,202604,31971818,122
53670651000155,202605,32131983,121
53670651000155,202606,32313950,122
53670651000155,202607,32504206,124
53670651000155,HOJE,32517508,122
53670932000108,202512,37408974,126
53670932000108,202601,37796251,126
53670932000108,202602,38183867,124
53670932000108,202603,38539704,123
53670932000108,202604,38784683,122
53670932000108,202605,38954490,121
53670932000108,202606,39103991,122
53670932000108,202607,39284530,124
53670932000108,HOJE,39296917,122
53675759000130,202512,21947591,126
53675759000130,202601,22168136,126
53675759000130,202602,22400661,124
53675759000130,202603,22637078,123
53675759000130,202604,22818999,122
53675759000130,202605,22905117,121
53675759000130,202606,22920047,122
53675759000130,202607,22972408,124
53675759000130,HOJE,22973781,122
53692814000109,202512,103905214,126
53692814000109,202601,108942476,126
53692814000109,202602,114088608,124
53692814000109,202603,120614314,123
53692814000109,202604,125431912,122
53692814000109,202605,129914602,121
53692814000109,202606,134265101,122
53692814000109,202607,138479531,124
53692814000109,HOJE,139098900,121
53726108000122,202512,6049039,126
53726108000122,202601,7953648,126
53726108000122,202602,9700281,124
53726108000122,202603,11880053,123
53726108000122,202604,13455764,122
53726108000122,202605,15047829,121
53726108000122,202606,16366929,122
53726108000122,202607,16560805,124
53726108000122,HOJE,16559826,122
53739077000144,202512,33411294,126
53739077000144,202601,33716519,126
53739077000144,202602,34023001,124
53739077000144,202603,34239749,123
53739077000144,202604,34392172,122
53739077000144,202605,36047958,121
53739077000144,202606,37861843,122
53739077000144,202607,39785885,124
53739077000144,HOJE,40032420,122
53759902000172,202512,53859912,126
53759902000172,202601,56935890,126
53759902000172,202602,59761970,124
53759902000172,202603,63076127,123
53759902000172,202604,66030877,122
53759902000172,202605,68937793,121
53759902000172,202606,71277011,122
53759902000172,202607,71695221,124
53759902000172,HOJE,71731495,122
53766005000196,202512,252998252,126
53766005000196,202601,252549743,126
53766005000196,202602,252107923,124
53766005000196,202603,250857580,123
53766005000196,202604,249276482,122
53766005000196,202605,247370012,121
53766005000196,202606,245590022,122
53766005000196,202607,227660647,119
53766005000196,HOJE,226841793,115
53775592000180,202512,67608954,126
53775592000180,202601,68695689,126
53775592000180,202602,69760742,124
53775592000180,202603,70814498,123
53775592000180,202604,71393792,122
53775592000180,202605,71575931,121
53775592000180,202606,69842271,122
53775592000180,202607,67961877,124
53775592000180,HOJE,67709359,122
53775856000103,202512,80647244,126
53775856000103,202601,81360309,126
53775856000103,202602,82181168,124
53775856000103,202603,82686122,123
53775856000103,202604,82629124,122
53775856000103,202605,82387562,121
53775856000103,202606,81988641,122
53775856000103,202607,82287946,124
53775856000103,HOJE,82304787,122
53776163000127,202512,34195555,126
53776163000127,202601,34091424,126
53776163000127,202602,33871044,124
53776163000127,202603,33463683,123
53776163000127,202604,33003044,122
53776163000127,202605,32191829,121
53776163000127,202606,31251756,122
53776163000127,202607,30385883,124
53776163000127,HOJE,30289655,122
53776486000110,202512,23203352,126
53776486000110,202601,23468414,126
53776486000110,202602,23725061,124
53776486000110,202603,23953872,123
53776486000110,202604,24101871,122
53776486000110,202605,24256857,121
53776486000110,202606,24412571,122
53776486000110,202607,24574958,124
53776486000110,HOJE,24588382,122
53776531000137,202512,56695706,126
53776531000137,202601,57548817,126
53776531000137,202602,58392527,124
53776531000137,202603,59055171,123
53776531000137,202604,59158086,122
53776531000137,202605,59248385,121
53776531000137,202606,58470444,122
53776531000137,202607,57212836,124
53776531000137,HOJE,57039665,122
53776595000138,202512,32726910,126
53776595000138,202601,33012732,126
53776595000138,202602,33320606,124
53776595000138,202603,33593961,123
53776595000138,202604,33850500,122
53776595000138,202605,34062289,121
53776595000138,202606,34215798,122
53776595000138,202607,34388833,124
53776595000138,HOJE,34400769,122
53798986000153,202512,120170485,126
53798986000153,202601,121033618,126
53798986000153,202602,121589179,124
53798986000153,202603,124316047,123
53798986000153,202604,127067021,122
53798986000153,202605,129102386,121
53798986000153,202606,132039816,122
53798986000153,202607,137728164,124
53798986000153,HOJE,138660994,122
53802999000159,202512,2799230358,126
53802999000159,202601,2796728748,126
53802999000159,202602,2803203628,124
53802999000159,202603,2799551021,123
53802999000159,202604,2775300353,122
53802999000159,202605,2694484809,121
53802999000159,202606,2614983741,122
53802999000159,202607,2526678578,124
53802999000159,HOJE,2511920712,122
53803266000139,202512,4716071,126
53803266000139,202601,4745912,126
53803266000139,202602,4769259,124
53803266000139,202603,4792167,123
53803266000139,202604,4812630,122
53803266000139,202605,4830991,121
53803266000139,202606,4868544,122
53803266000139,202607,4859399,116
53803266000139,HOJE,4861496,112
53803655000164,202512,20145655,126
53803655000164,202601,21282123,126
53803655000164,202602,21478485,124
53803655000164,202603,21643371,123
53803655000164,202604,21783260,122
53803655000164,202605,21969641,121
53803655000164,202606,23773831,122
53803655000164,202607,25707729,124
53803655000164,HOJE,25938119,122
53819577000196,202512,21808417,126
53819577000196,202601,21220247,126
53819577000196,202602,20475164,124
53819577000196,202603,19775203,123
53819577000196,202604,20016603,122
53819577000196,202605,20397417,120
53819577000196,202606,20975601,121
53819577000196,202607,21821177,121
53819577000196,HOJE,21944888,119
53823295000162,202512,202513425,126
53823295000162,202601,208286641,126
53823295000162,202602,215133723,124
53823295000162,202603,227442171,123
53823295000162,202604,241986181,122
53823295000162,202605,252400450,113
53823295000162,202606,260038746,93
53823295000162,202607,269213308,72
53823295000162,HOJE,271200101,68
53827154000118,202512,102745853,126
53827154000118,202601,104924041,126
53827154000118,202602,106985964,124
53827154000118,202603,106963503,123
53827154000118,202604,105044976,122
53827154000118,202605,101782828,121
53827154000118,202606,97855167,122
53827154000118,202607,93774563,124
53827154000118,HOJE,93068099,122
53827910000109,202512,44308287,126
53827910000109,202601,44750004,126
53827910000109,202602,45174828,124
53827910000109,202603,45471642,123
53827910000109,202604,45706990,122
53827910000109,202605,45880158,121
53827910000109,202606,45965754,122
53827910000109,202607,46059099,124
53827910000109,HOJE,46044037,121
53828015000109,202512,4581161416,126
53828015000109,202601,4610429086,126
53828015000109,202602,4588673652,124
53828015000109,202603,4514779404,123
53828015000109,202604,4347975367,122
53828015000109,202605,4030818497,121
53828015000109,202606,3597768950,122
53828015000109,202607,3117794608,124
53828015000109,HOJE,3053004444,122
53828295000155,202512,3018867160,126
53828295000155,202601,3030797936,126
53828295000155,202602,2988151265,124
53828295000155,202603,2915562037,123
53828295000155,202604,2870769685,122
53828295000155,202605,2993185573,121
53828295000155,202606,3467303030,122
53828295000155,202607,4205790095,124
53828295000155,HOJE,4275691638,121
53828427000149,202512,73025511,126
53828427000149,202601,74377650,126
53828427000149,202602,75015413,124
53828427000149,202603,73707144,123
53828427000149,202604,72355417,122
53828427000149,202605,70949251,121
53828427000149,202606,69406818,122
53828427000149,202607,67781701,124
53828427000149,HOJE,67446890,122
53842646000182,202512,62464939,126
53842646000182,202601,62595323,126
53842646000182,202602,62832113,124
53842646000182,202603,62479718,123
53842646000182,202604,61509611,122
53842646000182,202605,60317446,121
53842646000182,202606,58828912,122
53842646000182,202607,57096437,124
53842646000182,HOJE,56842343,121
53847333000117,202512,107144999,126
53847333000117,202601,134959343,126
53847333000117,202602,162287517,124
53847333000117,202603,200879051,123
53847333000117,202604,238666334,122
53847333000117,202605,283802434,121
53847333000117,202606,335739238,122
53847333000117,202607,399996652,124
53847333000117,HOJE,409237437,122
53857092000197,202512,27628664,126
53857092000197,202601,29669473,126
53857092000197,202602,32063685,124
53857092000197,202603,34793747,123
53857092000197,202604,37445028,122
53857092000197,202605,40790532,121
53857092000197,202606,44288156,122
53857092000197,202607,46700142,124
53857092000197,HOJE,46924324,122
53857130000101,202512,25529532,126
53857130000101,202601,30920002,126
53857130000101,202602,35209117,124
53857130000101,202603,39824153,123
53857130000101,202604,44284524,122
53857130000101,202605,47954921,121
53857130000101,202606,50183181,122
53857130000101,202607,50621243,124
53857130000101,HOJE,50716502,122
53858396000179,202512,31759336,126
53858396000179,202601,32104606,126
53858396000179,202602,32477636,124
53858396000179,202603,32770955,123
53858396000179,202604,32972061,122
53858396000179,202605,33104152,121
53858396000179,202606,33188642,122
53858396000179,202607,33280508,124
53858396000179,HOJE,33272077,121
53865931000119,202512,30916751,126
53865931000119,202601,31219370,126
53865931000119,202602,31542928,124
53865931000119,202603,31871015,123
53865931000119,202604,32117073,122
53865931000119,202605,32225036,121
53865931000119,202606,32233593,122
53865931000119,202607,32296186,124
53865931000119,HOJE,32296069,122
53906581000191,202512,179733070,126
53906581000191,202601,185651371,126
53906581000191,202602,170705205,124
53906581000191,202603,144533030,123
53906581000191,202604,120617499,122
53906581000191,202605,96033383,121
53906581000191,202606,69579511,122
53906581000191,202607,40550007,124
53906581000191,HOJE,34909435,122
53906748000114,202512,20668785,126
53906748000114,202601,18818703,126
53906748000114,202602,17369832,124
53906748000114,202603,15729244,123
53906748000114,202604,13830676,122
53906748000114,202605,11866164,121
53906748000114,202606,17549947,122
53906748000114,202607,42603174,124
53906748000114,HOJE,45321674,122
53906981000105,202512,20726747,126
53906981000105,202601,18556950,126
53906981000105,202602,37280019,124
53906981000105,202603,65977382,123
53906981000105,202604,93068041,122
53906981000105,202605,118873075,120
53906981000105,202606,136175959,121
53906981000105,202607,138177153,123
53906981000105,HOJE,140667331,121
53909049000128,202512,46232257,126
53909049000128,202601,46428835,126
53909049000128,202602,46662873,124
53909049000128,202603,46729386,123
53909049000128,202604,46644498,122
53909049000128,202605,46480837,121
53909049000128,202606,46287684,122
53909049000128,202607,46098153,124
53909049000128,HOJE,46048640,122
53921236000127,202512,40215780,126
53921236000127,202601,40811523,126
53921236000127,202602,41170635,124
53921236000127,202603,40561621,123
53921236000127,202604,39488195,122
53921236000127,202605,38286254,121
53921236000127,202606,37012186,122
53921236000127,202607,35702162,124
53921236000127,HOJE,35462208,122
53922164000132,202512,100866307,126
53922164000132,202601,103650056,126
53922164000132,202602,105459194,124
53922164000132,202603,107334145,123
53922164000132,202604,108592213,122
53922164000132,202605,109396718,121
53922164000132,202606,110418503,122
53922164000132,202607,111370398,124
53922164000132,HOJE,111370865,122
53926542000156,202512,38196260,126
53926542000156,202601,38585725,126
53926542000156,202602,38996801,124
53926542000156,202603,39416687,123
53926542000156,202604,39737498,122
53926542000156,202605,39884207,121
53926542000156,202606,39908528,122
53926542000156,202607,40976220,124
53926542000156,HOJE,41085347,122
53962215000150,202512,18408792,126
53962215000150,202601,18566391,126
53962215000150,202602,18739768,124
53962215000150,202603,18746190,123
53962215000150,202604,18703084,122
53962215000150,202605,18599752,121
53962215000150,202606,18462692,122
53962215000150,202607,18327573,124
53962215000150,HOJE,18296173,122
53962293000154,202512,10941323,126
53962293000154,202601,11253696,126
53962293000154,202602,12010743,124
53962293000154,202603,13065329,123
53962293000154,202604,14234224,122
53962293000154,202605,15950782,121
53962293000154,202606,17362861,122
53962293000154,202607,18873906,124
53962293000154,HOJE,19049930,122
53962449000105,202512,28424635,126
53962449000105,202601,28793921,126
53962449000105,202602,29147416,124
53962449000105,202603,29449284,123
53962449000105,202604,29596898,122
53962449000105,202605,29772032,121
53962449000105,202606,30005193,122
53962449000105,202607,30231932,124
53962449000105,HOJE,30249220,122
53962771000126,202512,70769226,126
53962771000126,202601,72182728,126
53962771000126,202602,73666972,124
53962771000126,202603,75842318,123
53962771000126,202604,77468643,122
53962771000126,202605,79121144,121
53962771000126,202606,80711407,122
53962771000126,202607,82254731,124
53962771000126,HOJE,82407248,122
53969799000195,202512,83229925,126
53969799000195,202601,83798645,126
53969799000195,202602,83851339,124
53969799000195,202603,83112912,123
53969799000195,202604,81734022,122
53969799000195,202605,80304268,121
53969799000195,202606,79564019,122
53969799000195,202607,79230713,124
53969799000195,HOJE,79129386,122
53971385000109,202512,22021026,126
53971385000109,202601,22236853,126
53971385000109,202602,22465946,124
53971385000109,202603,22698597,123
53971385000109,202604,22876975,122
53971385000109,202605,22957025,121
53971385000109,202606,22963615,122
53971385000109,202607,23008689,124
53971385000109,HOJE,23008854,122
53980424000126,202512,219239908,126
53980424000126,202601,221448320,126
53980424000126,202602,223827059,124
53980424000126,202603,226067064,123
53980424000126,202604,228137204,122
53980424000126,202605,229829511,121
53980424000126,202606,231061379,122
53980424000126,202607,232220540,124
53980424000126,HOJE,232289968,122
53980788000106,202512,50003813,126
53980788000106,202601,53039611,126
53980788000106,202602,55825892,124
53980788000106,202603,59103634,123
53980788000106,202604,62026157,122
53980788000106,202605,64899247,121
53980788000106,202606,67206329,122
53980788000106,202607,67586527,124
53980788000106,HOJE,67618471,122
53989928000107,202512,30067194,126
53989928000107,202601,31716340,126
53989928000107,202602,32950372,124
53989928000107,202603,34143329,123
53989928000107,202604,34939406,122
53989928000107,202605,35051420,121
53989928000107,202606,35059390,122
53989928000107,202607,35122274,124
53989928000107,HOJE,35121112,122
53990350000109,202512,39623676,126
53990350000109,202601,55267450,126
53990350000109,202602,68628138,124
53990350000109,202603,82240632,123
53990350000109,202604,89625110,122
53990350000109,202605,94160993,121
53990350000109,202606,96358143,122
53990350000109,202607,95523165,124
53990350000109,HOJE,95364817,122
53990541000170,202512,205830148,109
53990541000170,202601,237022971,126
53990541000170,202602,289737617,124
53990541000170,202603,329590739,123
53990541000170,202604,350960057,122
53990541000170,202605,363801044,121
53990541000170,202606,377530401,122
53990541000170,202607,407231087,124
53990541000170,HOJE,411195589,122
53991547000162,202512,21869742,126
53991547000162,202601,22083872,126
53991547000162,202602,22313010,124
53991547000162,202603,22546015,123
53991547000162,202604,22722961,122
53991547000162,202605,22802713,121
53991547000162,202606,22811012,122
53991547000162,202607,22857092,124
53991547000162,HOJE,22857506,122
53991752000128,202512,27312452,126
53991752000128,202601,27585406,126
53991752000128,202602,27875984,124
53991752000128,202603,28170660,123
53991752000128,202604,28396830,122
53991752000128,202605,28502573,121
53991752000128,202606,28518325,122
53991752000128,202607,28581007,124
53991752000128,HOJE,28582019,122
54005088000163,202512,83720188,126
54005088000163,202601,83899629,126
54005088000163,202602,84327384,124
54005088000163,202603,84506284,123
54005088000163,202604,84757150,122
54005088000163,202605,84652398,121
54005088000163,202606,84353188,122
54005088000163,202607,84006831,124
54005088000163,HOJE,83921114,122
54006238000153,202512,3611953404,126
54006238000153,202601,3668038426,126
54006238000153,202602,3726780431,124
54006238000153,202603,3786194268,123
54006238000153,202604,3834676360,122
54006238000153,202605,3889307757,121
54006238000153,202606,3953445635,122
54006238000153,202607,4022042187,124
54006238000153,HOJE,4028244554,122
54007648000119,202512,24790891,126
54007648000119,202601,24769119,126
54007648000119,202602,24998874,124
54007648000119,202603,25209235,123
54007648000119,202604,25388028,122
54007648000119,202605,25478624,121
54007648000119,202606,25517099,122
54007648000119,202607,25574641,124
54007648000119,HOJE,25573558,122
54007899000101,202512,58644653,126
54007899000101,202601,59303518,126
54007899000101,202602,59943023,124
54007899000101,202603,60550340,123
54007899000101,202604,60595771,122
54007899000101,202605,60416698,121
54007899000101,202606,60243978,122
54007899000101,202607,60070978,124
54007899000101,HOJE,60019167,122
54008247000183,202512,15870114,126
54008247000183,202601,16023932,126
54008247000183,202602,16198535,124
54008247000183,202603,16371052,123
54008247000183,202604,16522577,122
54008247000183,202605,16614700,121
54008247000183,202606,16672638,122
54008247000183,202607,16726592,124
54008247000183,HOJE,16726795,122
54008556000153,202512,19540453,126
54008556000153,202601,19540755,126
54008556000153,202602,19636252,124
54008556000153,202603,19731788,123
54008556000153,202604,19778182,122
54008556000153,202605,19801625,121
54008556000153,202606,19999287,122
54008556000153,202607,20306230,124
54008556000153,HOJE,20335763,122
54008795000103,202512,58745351,126
54008795000103,202601,62429421,126
54008795000103,202602,64958187,124
54008795000103,202603,67784762,123
54008795000103,202604,70255711,122
54008795000103,202605,72901326,121
54008795000103,202606,74030030,122
54008795000103,202607,74891128,124
54008795000103,HOJE,74982419,122
54008802000177,202512,133063021,126
54008802000177,202601,137249234,126
54008802000177,202602,141280322,124
54008802000177,202603,145755270,123
54008802000177,202604,146902731,122
54008802000177,202605,147715530,121
54008802000177,202606,148524337,122
54008802000177,202607,149402650,124
54008802000177,HOJE,149468560,122
54008987000110,202512,27449236,126
54008987000110,202601,27717779,126
54008987000110,202602,28003918,124
54008987000110,202603,28296763,123
54008987000110,202604,28517123,122
54008987000110,202605,28614915,121
54008987000110,202606,28625115,122
54008987000110,202607,28682064,124
54008987000110,HOJE,28682137,122
54020440000130,202512,2893065355,126
54020440000130,202601,2936845418,126
54020440000130,202602,2976853213,124
54020440000130,202603,3014692490,123
54020440000130,202604,3028922647,122
54020440000130,202605,3042652683,121
54020440000130,202606,3060560096,122
54020440000130,202607,3076750041,124
54020440000130,HOJE,3078004887,122
54021672000102,202512,21890807,126
54021672000102,202601,22164907,126
54021672000102,202602,22446019,124
54021672000102,202603,22742783,123
54021672000102,202604,22981995,122
54021672000102,202605,23128881,121
54021672000102,202606,23175339,122
54021672000102,202607,23227242,124
54021672000102,HOJE,23228745,122
54022134000132,202512,752984975,126
54022134000132,202601,757633221,126
54022134000132,202602,764540473,124
54022134000132,202603,765505776,123
54022134000132,202604,764572947,122
54022134000132,202605,755475233,121
54022134000132,202606,747976257,122
54022134000132,202607,733314134,124
54022134000132,HOJE,731021746,122
54023112000197,202512,50964826,126
54023112000197,202601,51100945,126
54023112000197,202602,51240741,124
54023112000197,202603,51163561,123
54023112000197,202604,51000352,122
54023112000197,202605,50738066,121
54023112000197,202606,50532026,122
54023112000197,202607,50310796,124
54023112000197,HOJE,50262608,121
54025238000109,202512,21637068,126
54025238000109,202601,21852308,126
54025238000109,202602,22081105,124
54025238000109,202603,22313793,123
54025238000109,202604,22492005,122
54025238000109,202605,22573194,121
54025238000109,202606,22582494,122
54025238000109,202607,22628783,124
54025238000109,HOJE,22629279,122
54026114000130,202512,171658080,122
54026114000130,202601,172153392,122
54026114000130,202602,171980418,120
54026114000130,202603,169720958,119
54026114000130,202604,166247376,118
54026114000130,202605,162267155,121
54026114000130,202606,156694966,122
54026114000130,202607,150208219,124
54026114000130,HOJE,149208574,122
54029274000132,202512,54791647,126
54029274000132,202601,55346097,126
54029274000132,202602,55933925,124
54029274000132,202603,56534076,123
54029274000132,202604,56994428,122
54029274000132,202605,57210966,121
54029274000132,202606,57250957,122
54029274000132,202607,57386430,124
54029274000132,HOJE,57390175,122
54047532000103,202512,23427570,126
54047532000103,202601,21910848,126
54047532000103,202602,20531077,124
54047532000103,202603,18761146,123
54047532000103,202604,17032916,122
54047532000103,202605,15270324,121
54047532000103,202606,14927413,122
54047532000103,202607,15030424,124
54047532000103,HOJE,15038817,122
54047830000101,202512,22079210,126
54047830000101,202601,22300715,126
54047830000101,202602,22534452,124
54047830000101,202603,22773170,123
54047830000101,202604,22957612,122
54047830000101,202605,23044693,121
54047830000101,202606,23059157,122
54047830000101,202607,23110438,124
54047830000101,HOJE,23111673,122
54048422000166,202512,52315914,126
54048422000166,202601,52848210,126
54048422000166,202602,53412700,124
54048422000166,202603,53982042,123
54048422000166,202604,54388803,122
54048422000166,202605,54549623,121
54048422000166,202606,54553564,122
54048422000166,202607,54649145,124
54048422000166,HOJE,54648059,122
54062386000195,202512,33959983,126
54062386000195,202601,34146183,126
54062386000195,202602,34357972,124
54062386000195,202603,34435483,123
54062386000195,202604,34445242,122
54062386000195,202605,34340160,121
54062386000195,202606,34170197,122
54062386000195,202607,33953714,124
54062386000195,HOJE,33909504,122
54065159000113,202512,40968683,126
54065159000113,202601,41278778,126
54065159000113,202602,41619582,124
54065159000113,202603,41867621,123
54065159000113,202604,42135952,122
54065159000113,202605,42307666,121
54065159000113,202606,42370028,122
54065159000113,202607,42486218,124
54065159000113,HOJE,42484530,122
54070196000110,202512,70144341,126
54070196000110,202601,70855800,126
54070196000110,202602,71606015,124
54070196000110,202603,72369032,123
54070196000110,202604,72948401,122
54070196000110,202605,73208471,121
54070196000110,202606,73244164,122
54070196000110,202607,73398309,124
54070196000110,HOJE,73400781,122
54070861000175,202512,21786735,126
54070861000175,202601,22005698,126
54070861000175,202602,22237905,124
54070861000175,202603,22473304,123
54070861000175,202604,22649862,122
54070861000175,202605,22728567,121
54070861000175,202606,22736310,122
54070861000175,202607,22780854,124
54070861000175,HOJE,22780985,122
54070985000150,202512,44004620,126
54070985000150,202601,44462557,126
54070985000150,202602,44933588,124
54070985000150,202603,45415754,123
54070985000150,202604,45787554,122
54070985000150,202605,45965079,121
54070985000150,202606,45997304,122
54070985000150,202607,46104917,124
54070985000150,HOJE,46107972,122
54072658000138,202512,88462317,126
54072658000138,202601,92415291,126
54072658000138,202602,96143939,124
54072658000138,202603,100733477,123
54072658000138,202604,103426342,122
54072658000138,202605,104703552,121
54072658000138,202606,106000218,122
54072658000138,202607,107386112,124
54072658000138,HOJE,107567163,122
54092021000103,202512,21115150,126
54092021000103,202601,21247829,126
54092021000103,202602,21367403,124
54092021000103,202603,21436685,123
54092021000103,202604,21456906,122
54092021000103,202605,21381373,121
54092021000103,202606,21194432,122
54092021000103,202607,20919660,124
54092021000103,HOJE,20876553,122
54104510000138,202512,55493236,126
54104510000138,202601,58583197,126
54104510000138,202602,61082763,124
54104510000138,202603,63296581,123
54104510000138,202604,63990130,122
54104510000138,202605,65469353,121
54104510000138,202606,67372951,122
54104510000138,202607,68445532,123
54104510000138,HOJE,68583656,120
54104763000101,202512,44009917,126
54104763000101,202601,40332325,126
54104763000101,202602,37045339,124
54104763000101,202603,32853084,123
54104763000101,202604,28901185,122
54104763000101,202605,24796552,121
54104763000101,202606,22199229,122
54104763000101,202607,22228933,124
54104763000101,HOJE,22222371,122
54106156000180,202512,16426074,126
54106156000180,202601,16590314,126
54106156000180,202602,16764976,124
54106156000180,202603,16941652,123
54106156000180,202604,17074757,122
54106156000180,202605,17134108,121
54106156000180,202606,17139002,122
54106156000180,202607,17171831,124
54106156000180,HOJE,17171796,122
54106504000110,202512,34007560,126
54106504000110,202601,34402766,126
54106504000110,202602,34816039,124
54106504000110,202603,35181564,123
54106504000110,202604,35439705,122
54106504000110,202605,35691765,121
54106504000110,202606,35926966,122
54106504000110,202607,36191437,124
54106504000110,HOJE,36205964,122
54114987000102,202512,173774174,126
54114987000102,202601,177177209,126
54114987000102,202602,179860775,124
54114987000102,202603,183899940,123
54114987000102,202604,187885095,122
54114987000102,202605,191600800,121
54114987000102,202606,197228782,122
54114987000102,202607,204584125,124
54114987000102,HOJE,205515588,122
54115218000110,202512,85199994,126
54115218000110,202601,86277965,126
54115218000110,202602,87265493,124
54115218000110,202603,88202346,123
54115218000110,202604,88748136,122
54115218000110,202605,89302833,121
54115218000110,202606,90006911,122
54115218000110,202607,91631754,124
54115218000110,HOJE,91882984,122
54115354000100,202512,74011201,126
54115354000100,202601,74116462,126
54115354000100,202602,69142404,124
54115354000100,202603,62488856,123
54115354000100,202604,56041485,122
54115354000100,202605,51438002,121
54115354000100,202606,51815199,122
54115354000100,202607,52197116,124
54115354000100,HOJE,52231760,122
54124933000110,202512,20766486,126
54124933000110,202601,20974005,126
54124933000110,202602,21194285,124
54124933000110,202603,21416771,123
54124933000110,202604,21586212,122
54124933000110,202605,21662929,121
54124933000110,202606,21668921,122
54124933000110,202607,21710364,124
54124933000110,HOJE,21710444,122
54125545000153,202512,59236984,126
54125545000153,202601,63019204,126
54125545000153,202602,66604541,124
54125545000153,202603,68859976,123
54125545000153,202604,70879845,122
54125545000153,202605,72800425,121
54125545000153,202606,73129398,122
54125545000153,202607,73407396,124
54125545000153,HOJE,73402635,121
54128184000107,202512,29238893,126
54128184000107,202601,29624713,126
54128184000107,202602,29890495,124
54128184000107,202603,30068742,123
54128184000107,202604,30093128,122
54128184000107,202605,30039389,121
54128184000107,202606,29923279,122
54128184000107,202607,29819273,124
54128184000107,HOJE,29790515,122
54130675000184,202512,28504498,126
54130675000184,202601,28790978,126
54130675000184,202602,29093364,124
54130675000184,202603,29482792,123
54130675000184,202604,31373258,122
54130675000184,202605,33151547,121
54130675000184,202606,34832934,122
54130675000184,202607,36664353,124
54130675000184,HOJE,36941993,122
54133777000153,202512,20878055,126
54133777000153,202601,21087151,126
54133777000153,202602,21308848,124
54133777000153,202603,21532533,123
54133777000153,202604,21701199,122
54133777000153,202605,21776447,121
54133777000153,202606,21782436,122
54133777000153,202607,21823902,124
54133777000153,HOJE,21823895,122
54149691000119,202512,25689493,126
54149691000119,202601,25907281,126
54149691000119,202602,26133329,124
54149691000119,202603,26525925,123
54149691000119,202604,26703253,122
54149691000119,202605,26827110,121
54149691000119,202606,26898786,122
54149691000119,202607,26989929,124
54149691000119,HOJE,26991781,122
54150227000142,202512,41983825,126
54150227000142,202601,42352872,126
54150227000142,202602,42745368,124
54150227000142,202603,43038121,123
54150227000142,202604,43287021,122
54150227000142,202605,43416743,121
54150227000142,202606,43456658,122
54150227000142,202607,43531741,124
54150227000142,HOJE,43524510,122
54151845000107,202512,139660287,126
54151845000107,202601,141785315,126
54151845000107,202602,143873936,124
54151845000107,202603,145633808,123
54151845000107,202604,146888407,122
54151845000107,202605,147384151,121
54151845000107,202606,147562180,122
54151845000107,202607,147728653,124
54151845000107,HOJE,147689893,122
54152157000161,202512,62596088,126
54152157000161,202601,63129392,126
54152157000161,202602,63681108,124
54152157000161,202603,64069251,123
54152157000161,202604,64346076,122
54152157000161,202605,64464963,121
54152157000161,202606,64471378,122
54152157000161,202607,64497573,124
54152157000161,HOJE,64471786,122
54169385000144,202512,21869120,126
54169385000144,202601,22059556,126
54169385000144,202602,22263920,124
54169385000144,202603,22455786,123
54169385000144,202604,22621831,122
54169385000144,202605,22708186,121
54169385000144,202606,22748551,122
54169385000144,202607,22807871,124
54169385000144,HOJE,22808592,122
54170181000123,202512,24186146,126
54170181000123,202601,24491892,126
54170181000123,202602,24771565,124
54170181000123,202603,25037613,123
54170181000123,202604,25195201,122
54170181000123,202605,25358214,121
54170181000123,202606,25560863,122
54170181000123,202607,25770805,124
54170181000123,HOJE,25791531,122
54170554000166,202512,36557569,126
54170554000166,202601,38064478,126
54170554000166,202602,38680894,124
54170554000166,202603,39208225,123
54170554000166,202604,39471268,122
54170554000166,202605,39740302,121
54170554000166,202606,40073202,122
54170554000166,202607,40419322,124
54170554000166,HOJE,40454379,122
54173311000181,202512,22382718,126
54173311000181,202601,22828791,126
54173311000181,202602,23274513,124
54173311000181,202603,23758297,123
54173311000181,202604,24155281,122
54173311000181,202605,24255955,121
54173311000181,202606,24305787,122
54173311000181,202607,24377839,124
54173311000181,HOJE,24380171,122
54174048000145,202512,21679484,126
54174048000145,202601,16055120,126
54174048000145,202602,11303566,124
54174048000145,202603,9489511,123
54174048000145,202604,9543342,122
54174048000145,202605,9591213,121
54174048000145,202606,9639923,122
54174048000145,202607,8990461,114
54174048000145,HOJE,8965203,110
54179046000149,202512,32777579,126
54179046000149,202601,33110458,126
54179046000149,202602,33460614,124
54179046000149,202603,33810391,123
54179046000149,202604,34053329,122
54179046000149,202605,34139625,121
54179046000149,202606,34126908,122
54179046000149,202607,34170830,124
54179046000149,HOJE,34168013,122
54200289000111,202512,16214561,126
54200289000111,202601,16343216,126
54200289000111,202602,16469151,124
54200289000111,202603,16513393,123
54200289000111,202604,16674227,122
54200289000111,202605,16812365,121
54200289000111,202606,16937077,122
54200289000111,202607,17067989,124
54200289000111,HOJE,17077549,121
54200888000135,202512,39442754,126
54200888000135,202601,39907697,126
54200888000135,202602,40402853,124
54200888000135,202603,41218430,123
54200888000135,202604,41492986,122
54200888000135,202605,41646608,121
54200888000135,202606,41990752,122
54200888000135,202607,42630979,124
54200888000135,HOJE,42718366,122
54212291000100,202512,111486120,126
54212291000100,202601,110384053,126
54212291000100,202602,107749467,124
54212291000100,202603,101717922,123
54212291000100,202604,95778440,122
54212291000100,202605,89755443,121
54212291000100,202606,83885363,122
54212291000100,202607,80314819,124
54212291000100,HOJE,79752371,121
54217318000158,202512,23840389,126
54217318000158,202601,24569459,126
54217318000158,202602,25196029,124
54217318000158,202603,25943442,123
54217318000158,202604,26613849,122
54217318000158,202605,27419160,121
54217318000158,202606,28144224,122
54217318000158,202607,29192392,124
54217318000158,HOJE,29302508,121
54217470000130,202512,200906040,126
54217470000130,202601,213487329,126
54217470000130,202602,218646700,124
54217470000130,202603,208927625,123
54217470000130,202604,191974140,122
54217470000130,202605,173520714,121
54217470000130,202606,156652885,122
54217470000130,202607,140425836,124
54217470000130,HOJE,138096313,122
54227728000180,202512,837226357,126
54227728000180,202601,830543380,126
54227728000180,202602,822089159,124
54227728000180,202603,801685133,123
54227728000180,202604,772612288,122
54227728000180,202605,746106429,121
54227728000180,202606,721741903,122
54227728000180,202607,698371961,124
54227728000180,HOJE,694680862,122
54228000000172,202512,27115789,126
54228000000172,202601,27413196,126
54228000000172,202602,27726927,124
54228000000172,202603,27992896,123
54228000000172,202604,28196782,122
54228000000172,202605,28338550,121
54228000000172,202606,28434922,122
54228000000172,202607,28536463,124
54228000000172,HOJE,28535087,121
54233243000107,202512,214146969,126
54233243000107,202601,216176240,126
54233243000107,202602,218362212,124
54233243000107,202603,221225219,123
54233243000107,202604,223837687,122
54233243000107,202605,226090047,121
54233243000107,202606,226132446,122
54233243000107,202607,226003097,124
54233243000107,HOJE,226024531,122
54235704000172,202512,134966929,126
54235704000172,202601,135577517,126
54235704000172,202602,136391918,124
54235704000172,202603,136437457,123
54235704000172,202604,134311346,122
54235704000172,202605,131649692,121
54235704000172,202606,129071063,122
54235704000172,202607,126439630,124
54235704000172,HOJE,125975727,122
54237051000160,202512,190218842,126
54237051000160,202601,205810608,126
54237051000160,202602,222949720,124
54237051000160,202603,246094899,123
54237051000160,202604,266860730,122
54237051000160,202605,285562002,121
54237051000160,202606,300556064,122
54237051000160,202607,310972837,124
54237051000160,HOJE,312152098,121
54248494000157,202512,57387704,126
54248494000157,202601,57955552,126
54248494000157,202602,58519872,124
54248494000157,202603,58419341,123
54248494000157,202604,57790605,122
54248494000157,202605,57167965,121
54248494000157,202606,56623485,122
54248494000157,202607,56136170,124
54248494000157,HOJE,56004340,122
54251235000185,202512,51586804,126
54251235000185,202601,51320444,126
54251235000185,202602,51075159,124
54251235000185,202603,50539516,123
54251235000185,202604,49876874,122
54251235000185,202605,49175928,121
54251235000185,202606,48570736,122
54251235000185,202607,48067789,124
54251235000185,HOJE,47963298,122
54252360000100,202512,285781580,126
54252360000100,202601,297477307,126
54252360000100,202602,300600223,124
54252360000100,202603,290019292,123
54252360000100,202604,261863483,122
54252360000100,202605,229257737,121
54252360000100,202606,209751718,122
54252360000100,202607,190260769,124
54252360000100,HOJE,187655595,122
54272086000130,202512,64526494,126
54272086000130,202601,65227911,126
54272086000130,202602,65977300,124
54272086000130,202603,66578791,123
54272086000130,202604,67004891,122
54272086000130,202605,67304825,121
54272086000130,202606,67504471,122
54272086000130,202607,67727933,124
54272086000130,HOJE,67719130,121
54277489000172,202512,37673919,126
54277489000172,202601,38097422,126
54277489000172,202602,38640906,124
54277489000172,202603,39144207,123
54277489000172,202604,39561136,122
54277489000172,202605,39883347,121
54277489000172,202606,40141931,122
54277489000172,202607,40386005,124
54277489000172,HOJE,40385123,122
54277615000199,202512,143797432,126
54277615000199,202601,145506487,126
54277615000199,202602,147157651,124
54277615000199,202603,148856316,123
54277615000199,202604,148390907,122
54277615000199,202605,144648717,120
54277615000199,202606,128849992,121
54277615000199,202607,108040638,123
54277615000199,HOJE,105337363,121
54278859000196,202512,20585583,126
54278859000196,202601,20760699,126
54278859000196,202602,20951538,124
54278859000196,202603,21130962,123
54278859000196,202604,21286504,122
54278859000196,202605,21365000,121
54278859000196,202606,21398815,122
54278859000196,202607,21448982,124
54278859000196,HOJE,21448844,122
54279549000196,202512,40617613,126
54279549000196,202601,40795539,126
54279549000196,202602,40929035,124
54279549000196,202603,40653658,123
54279549000196,202604,40230271,122
54279549000196,202605,39643672,121
54279549000196,202606,38938991,122
54279549000196,202607,38266082,124
54279549000196,HOJE,38159444,122
54292227000187,202512,21834179,126
54292227000187,202601,22052221,126
54292227000187,202602,22280849,124
54292227000187,202603,22511229,123
54292227000187,202604,22687636,122
54292227000187,202605,22769803,121
54292227000187,202606,22781580,122
54292227000187,202607,22829597,124
54292227000187,HOJE,22830554,122
54313147000160,202512,23254850,126
54313147000160,202601,23454061,126
54313147000160,202602,23669829,124
54313147000160,202603,23876571,123
54313147000160,202604,24061960,122
54313147000160,202605,24163961,121
54313147000160,202606,24212403,122
54313147000160,202607,24280898,124
54313147000160,HOJE,24282677,122
54322173000155,202512,992686654,126
54322173000155,202601,1011575642,126
54322173000155,202602,1023454448,124
54322173000155,202603,1032203534,123
54322173000155,202604,1039430951,122
54322173000155,202605,1043871287,121
54322173000155,202606,1046476307,122
54322173000155,202607,1049526270,124
54322173000155,HOJE,1049479271,122
54332024000177,202512,15071749,126
54332024000177,202601,16407084,126
54332024000177,202602,17368772,124
54332024000177,202603,18256476,123
54332024000177,202604,18788345,122
54332024000177,202605,19236394,121
54332024000177,202606,19387157,122
54332024000177,202607,18748969,124
54332024000177,HOJE,18657648,121
54333128000104,202512,27820295,126
54333128000104,202601,27605802,126
54333128000104,202602,27378377,124
54333128000104,202603,26722747,123
54333128000104,202604,25979938,122
54333128000104,202605,25138807,121
54333128000104,202606,24400432,122
54333128000104,202607,23691773,124
54333128000104,HOJE,23603106,122
54333407000160,202512,27446835,126
54333407000160,202601,27722188,126
54333407000160,202602,28014028,124
54333407000160,202603,28309537,123
54333407000160,202604,28532278,122
54333407000160,202605,28632673,121
54333407000160,202606,28643512,122
54333407000160,202607,28700110,124
54333407000160,HOJE,28700409,122
54333831000104,202512,1521631543,126
54333831000104,202601,1548213565,126
54333831000104,202602,1592349256,124
54333831000104,202603,1656447681,123
54333831000104,202604,1722915522,122
54333831000104,202605,1793641937,121
54333831000104,202606,1864943623,122
54333831000104,202607,1914439410,124
54333831000104,HOJE,1918509558,122
54334448000170,202512,99255434,126
54334448000170,202601,100251202,126
54334448000170,202602,101299373,124
54334448000170,202603,102369459,123
54334448000170,202604,103192372,122
54334448000170,202605,103574685,121
54334448000170,202606,103637585,122
54334448000170,202607,103871220,124
54334448000170,HOJE,103877240,122
54334534000183,202512,33397997,126
54334534000183,202601,33732325,126
54334534000183,202602,34086201,124
54334534000183,202603,34444758,123
54334534000183,202604,34716789,122
54334534000183,202605,34841863,121
54334534000183,202606,34858373,122
54334534000183,202607,34931020,124
54334534000183,HOJE,34931892,122
54334726000190,202512,27268053,126
54334726000190,202601,27541281,126
54334726000190,202602,27831168,124
54334726000190,202603,28124152,123
54334726000190,202604,28345456,122
54334726000190,202605,28446613,121
54334726000190,202606,28459112,122
54334726000190,202607,28516630,124
54334726000190,HOJE,28517030,122
54334995000156,202512,4958607266,126
54334995000156,202601,5218971107,126
54334995000156,202602,5381414640,124
54334995000156,202603,5425018394,123
54334995000156,202604,5426252212,122
54334995000156,202605,5360134870,121
54334995000156,202606,5211179595,122
54334995000156,202607,5024034877,124
54334995000156,HOJE,4997083364,122
54341666000132,202512,92991603,126
54341666000132,202601,98127265,126
54341666000132,202602,102616251,124
54341666000132,202603,107059125,123
54341666000132,202604,111066627,122
54341666000132,202605,113768503,121
54341666000132,202606,118153190,122
54341666000132,202607,121270014,124
54341666000132,HOJE,121457114,122
54345278000120,202512,117324607,126
54345278000120,202601,140691381,126
54345278000120,202602,161289557,124
54345278000120,202603,178955510,123
54345278000120,202604,181938747,122
54345278000120,202605,178441161,121
54345278000120,202606,172962930,122
54345278000120,202607,165119818,124
54345278000120,HOJE,164208449,121
54347933000189,202512,35225582,126
54347933000189,202601,35581110,126
54347933000189,202602,35909061,124
54347933000189,202603,36294313,123
54347933000189,202604,36247301,122
54347933000189,202605,36082384,121
54347933000189,202606,35907141,122
54347933000189,202607,35727088,124
54347933000189,HOJE,35694702,122
54350048000159,202512,653595932,126
54350048000159,202601,649766790,126
54350048000159,202602,651101176,124
54350048000159,202603,631945184,123
54350048000159,202604,613781018,122
54350048000159,202605,598669589,121
54350048000159,202606,584697302,122
54350048000159,202607,567476203,124
54350048000159,HOJE,564165883,121
54350167000101,202512,83019603,126
54350167000101,202601,78194342,126
54350167000101,202602,74678642,124
54350167000101,202603,70400982,123
54350167000101,202604,66523609,122
54350167000101,202605,62733323,121
54350167000101,202606,61757269,122
54350167000101,202607,62562811,124
54350167000101,HOJE,62653083,122
54350231000154,202512,22064270,126
54350231000154,202601,22295230,126
54350231000154,202602,22537980,124
54350231000154,202603,22785354,123
54350231000154,202604,22975385,122
54350231000154,202605,23058891,121
54350231000154,202606,23068852,122
54350231000154,202607,23114895,124
54350231000154,HOJE,23115407,122
54365722000179,202512,27114939,126
54365722000179,202601,27379131,126
54365722000179,202602,27647546,124
54365722000179,202603,27902821,123
54365722000179,202604,28096629,122
54365722000179,202605,28225339,121
54365722000179,202606,28334431,122
54365722000179,202607,28461802,124
54365722000179,HOJE,28470014,122
54366569000102,202512,116096450,126
54366569000102,202601,117822830,126
54366569000102,202602,121027389,124
54366569000102,202603,125115119,123
54366569000102,202604,128855929,122
54366569000102,202605,132706230,121
54366569000102,202606,136596170,122
54366569000102,202607,140522039,124
54366569000102,HOJE,140905077,122
54367802000163,202512,52817177,126
54367802000163,202601,55224485,126
54367802000163,202602,57564773,124
54367802000163,202603,59583633,123
54367802000163,202604,60023950,122
54367802000163,202605,60289570,121
54367802000163,202606,60483067,122
54367802000163,202607,60711169,124
54367802000163,HOJE,60719530,122
54367942000131,202512,5059018500,126
54367942000131,202601,5339288726,126
54367942000131,202602,5569669346,124
54367942000131,202603,5773170449,123
54367942000131,202604,5885482951,122
54367942000131,202605,5942255190,121
54367942000131,202606,5958830341,122
54367942000131,202607,5957794227,124
54367942000131,HOJE,5957039248,122
54374180000109,202512,24755066,126
54374180000109,202601,25021680,126
54374180000109,202602,25295040,124
54374180000109,202603,25556088,123
54374180000109,202604,25897661,122
54374180000109,202605,26475298,121
54374180000109,202606,27223586,122
54374180000109,202607,28144712,124
54374180000109,HOJE,28263018,122
54381707000114,202512,39790987,126
54381707000114,202601,40242448,126
54381707000114,202602,40708629,124
54381707000114,202603,41111344,123
54381707000114,202604,41436971,122
54381707000114,202605,41026588,121
54381707000114,202606,40303714,122
54381707000114,202607,39528429,124
54381707000114,HOJE,39409537,122
54384289000119,202512,34791337,126
54384289000119,202601,35360764,126
54384289000119,202602,36022736,124
54384289000119,202603,36812663,123
54384289000119,202604,37561697,122
54384289000119,202605,38249374,121
54384289000119,202606,38594945,122
54384289000119,202607,38970180,124
54384289000119,HOJE,39018932,122
54384337000179,202512,68233167,126
54384337000179,202601,71194868,126
54384337000179,202602,73928975,124
54384337000179,202603,75660477,123
54384337000179,202604,76269511,122
54384337000179,202605,76786380,121
54384337000179,202606,77208353,122
54384337000179,202607,77672405,124
54384337000179,HOJE,77713191,122
54384365000196,202512,32232492,126
54384365000196,202601,32582793,126
54384365000196,202602,32926189,124
54384365000196,202603,33259941,123
54384365000196,202604,33453894,122
54384365000196,202605,33690070,121
54384365000196,202606,33975576,122
54384365000196,202607,34267058,124
54384365000196,HOJE,34294093,122
54384400000177,202512,33115189,126
54384400000177,202601,32392291,126
54384400000177,202602,31539905,124
54384400000177,202603,30364875,123
54384400000177,202604,30184990,122
54384400000177,202605,29987113,121
54384400000177,202606,30064901,122
54384400000177,202607,30156028,124
54384400000177,HOJE,30150745,121
54384609000130,202512,15756706,126
54384609000130,202601,15842640,126
54384609000130,202602,15964102,124
54384609000130,202603,16076023,123
54384609000130,202604,16237545,122
54384609000130,202605,16294048,121
54384609000130,202606,16253241,122
54384609000130,202607,16226045,124
54384609000130,HOJE,16219071,122
54384643000105,202512,25421191,126
54384643000105,202601,25579984,126
54384643000105,202602,25753174,124
54384643000105,202603,24857560,123
54384643000105,202604,23778194,122
54384643000105,202605,22751185,121
54384643000105,202606,21626818,122
54384643000105,202607,20448623,124
54384643000105,HOJE,20243357,122
54384687000135,202512,54595308,126
54384687000135,202601,55074995,126
54384687000135,202602,55592755,124
54384687000135,202603,56091742,123
54384687000135,202604,56541419,122
54384687000135,202605,56864208,121
54384687000135,202606,57087297,122
54384687000135,202607,57361344,124
54384687000135,HOJE,57383573,122
54384723000160,202512,99869254,126
54384723000160,202601,100830569,126
54384723000160,202602,101815093,124
54384723000160,202603,102671760,123
54384723000160,202604,103388798,122
54384723000160,202605,103950452,121
54384723000160,202606,104356475,122
54384723000160,202607,105645372,124
54384723000160,HOJE,105831162,122
54384916000111,202512,92135655,126
54384916000111,202601,94510687,126
54384916000111,202602,95880894,124
54384916000111,202603,96710421,123
54384916000111,202604,97465433,122
54384916000111,202605,98068241,121
54384916000111,202606,98481767,122
54384916000111,202607,98969975,124
54384916000111,HOJE,99002023,122
54385101000157,202512,32026548,126
54385101000157,202601,32443514,126
54385101000157,202602,32839527,124
54385101000157,202603,33187009,123
54385101000157,202604,33369109,122
54385101000157,202605,33589160,121
54385101000157,202606,33859136,122
54385101000157,202607,34123422,124
54385101000157,HOJE,34144631,122
54391780000177,202512,12419031,126
54391780000177,202601,12571993,126
54391780000177,202602,12714302,124
54391780000177,202603,12847396,123
54391780000177,202604,12938759,122
54391780000177,202605,13027636,121
54391780000177,202606,13118228,122
54391780000177,202607,13214095,124
54391780000177,HOJE,13220329,121
54405192000145,202512,32248582,126
54405192000145,202601,32447757,126
54405192000145,202602,32677324,124
54405192000145,202603,32878038,123
54405192000145,202604,33033444,122
54405192000145,202605,33081313,121
54405192000145,202606,33071013,122
54405192000145,202607,32908447,124
54405192000145,HOJE,32835216,122
54407534000166,202512,10202581082,126
54407534000166,202601,10366658425,126
54407534000166,202602,10334647270,124
54407534000166,202603,10206184972,123
54407534000166,202604,10011461521,122
54407534000166,202605,9728974938,121
54407534000166,202606,9369579310,122
54407534000166,202607,8955569964,124
54407534000166,HOJE,8898885264,122
54409981000154,202512,24689401,126
54409981000154,202601,25283411,126
54409981000154,202602,25848098,124
54409981000154,202603,26337799,123
54409981000154,202604,26435962,122
54409981000154,202605,26538864,121
54409981000154,202606,26703038,122
54409981000154,202607,26859874,124
54409981000154,HOJE,26869919,122
54410101000160,202512,37966683,126
54410101000160,202601,38226096,126
54410101000160,202602,38317311,124
54410101000160,202603,38149115,123
54410101000160,202604,37939318,122
54410101000160,202605,37598564,121
54410101000160,202606,37179304,122
54410101000160,202607,36821502,124
54410101000160,HOJE,36766057,122
54410516000133,202512,72565712,126
54410516000133,202601,73111418,126
54410516000133,202602,70490721,124
54410516000133,202603,63475540,123
54410516000133,202604,56894739,122
54410516000133,202605,50979900,121
54410516000133,202606,44795924,122
54410516000133,202607,37375984,124
54410516000133,HOJE,36017271,122
54422882000102,202512,197134384,125
54422882000102,202601,212451862,125
54422882000102,202602,216710053,123
54422882000102,202603,218968858,122
54422882000102,202604,220614126,122
54422882000102,202605,222140066,121
54422882000102,202606,223647888,122
54422882000102,202607,225310965,124
54422882000102,HOJE,225472312,122
54426679000104,202512,64424059,126
54426679000104,202601,82586670,126
54426679000104,202602,104351267,124
54426679000104,202603,130787942,123
54426679000104,202604,152504136,122
54426679000104,202605,172671249,121
54426679000104,202606,188808754,120
54426679000104,202607,201554992,122
54426679000104,HOJE,203138898,119
54436219000167,202512,77013901,126
54436219000167,202601,73285876,126
54436219000167,202602,69209640,124
54436219000167,202603,63454473,123
54436219000167,202604,57044267,122
54436219000167,202605,49961472,121
54436219000167,202606,46138464,122
54436219000167,202607,46192677,124
54436219000167,HOJE,46162919,121
54438539000156,202512,34995281,126
54438539000156,202601,35346054,126
54438539000156,202602,35719251,124
54438539000156,202603,36099106,123
54438539000156,202604,36387552,122
54438539000156,202605,36519994,121
54438539000156,202606,36539206,122
54438539000156,202607,36618516,124
54438539000156,HOJE,36619664,122
54440968000168,202512,9864417,126
54440968000168,202601,15664803,126
54440968000168,202602,19116196,124
54440968000168,202603,22882710,123
54440968000168,202604,26296050,122
54440968000168,202605,28940093,121
54440968000168,202606,27167001,122
54440968000168,202607,24378596,123
54440968000168,HOJE,24341033,121
54441115000140,202512,16481288,126
54441115000140,202601,25666999,126
54441115000140,202602,30930709,124
54441115000140,202603,37029183,123
54441115000140,202604,41171367,122
54441115000140,202605,43415291,121
54441115000140,202606,40324845,122
54441115000140,202607,34191584,123
54441115000140,HOJE,33697759,121
54463551000110,202512,56180920,126
54463551000110,202601,55963786,126
54463551000110,202602,55764946,124
54463551000110,202603,55467688,123
54463551000110,202604,55173183,122
54463551000110,202605,54867836,121
54463551000110,202606,54651548,122
54463551000110,202607,55232366,124
54463551000110,HOJE,55310264,122
54463768000120,202512,47221445,126
54463768000120,202601,47653423,126
54463768000120,202602,48099145,124
54463768000120,202603,48448677,123
54463768000120,202604,48714031,122
54463768000120,202605,48971281,121
54463768000120,202606,49222407,122
54463768000120,202607,49497535,124
54463768000120,HOJE,49514833,122
54465283000176,202512,86996184,126
54465283000176,202601,102507864,126
54465283000176,202602,120864872,124
54465283000176,202603,144416114,123
54465283000176,202604,162593461,122
54465283000176,202605,177742641,121
54465283000176,202606,187817510,122
54465283000176,202607,192244887,124
54465283000176,HOJE,192607673,122
54485055000168,202512,40204589,125
54485055000168,202601,43108735,125
54485055000168,202602,46238035,123
54485055000168,202603,49109574,122
54485055000168,202604,49900565,122
54485055000168,202605,50118076,121
54485055000168,202606,50627147,122
54485055000168,202607,49909510,124
54485055000168,HOJE,49732101,122
54486726000105,202512,40436785,126
54486726000105,202601,47793296,126
54486726000105,202602,54543330,124
54486726000105,202603,62722259,123
54486726000105,202604,70255287,122
54486726000105,202605,77667434,121
54486726000105,202606,82547497,122
54486726000105,202607,82748153,124
54486726000105,HOJE,82755032,122
54487556000183,202512,18551154,126
54487556000183,202601,18410848,126
54487556000183,202602,18492896,124
54487556000183,202603,18511680,123
54487556000183,202604,18282276,122
54487556000183,202605,18098330,121
54487556000183,202606,17825108,122
54487556000183,202607,17489389,124
54487556000183,HOJE,17418290,122
54487667000190,202512,68234080,126
54487667000190,202601,68835908,126
54487667000190,202602,69551098,124
54487667000190,202603,70147368,123
54487667000190,202604,70700831,122
54487667000190,202605,71107945,121
54487667000190,202606,71322495,122
54487667000190,202607,71521843,124
54487667000190,HOJE,71521656,122
54487714000103,202512,16746822,126
54487714000103,202601,16830018,126
54487714000103,202602,16938065,124
54487714000103,202603,17015731,123
54487714000103,202604,17111575,122
54487714000103,202605,17176013,121
54487714000103,202606,17201119,122
54487714000103,202607,17239981,124
54487714000103,HOJE,17236637,122
54487778000104,202512,47475983,126
54487778000104,202601,47828998,126
54487778000104,202602,48231386,124
54487778000104,202603,48524867,123
54487778000104,202604,48839501,122
54487778000104,202605,49031339,121
54487778000104,202606,49065966,122
54487778000104,202607,49150162,124
54487778000104,HOJE,49135769,122
54496626000160,202512,11359228,126
54496626000160,202601,11482675,126
54496626000160,202602,11609319,124
54496626000160,202603,11729694,123
54496626000160,202604,11831396,122
54496626000160,202605,11897089,121
54496626000160,202606,11910352,122
54496626000160,202607,11920618,124
54496626000160,HOJE,11918601,122
54501503000170,202512,343617277,126
54501503000170,202601,346687682,126
54501503000170,202602,350243761,124
54501503000170,202603,353956202,123
54501503000170,202604,357469399,122
54501503000170,202605,358927585,121
54501503000170,202606,359584951,122
54501503000170,202607,360302744,124
54501503000170,HOJE,360361211,122
54517219000191,202512,1863142105,126
54517219000191,202601,2174167503,126
54517219000191,202602,2483125803,124
54517219000191,202603,2790799979,123
54517219000191,202604,2930700203,122
54517219000191,202605,2958155804,120
54517219000191,202606,2882247951,121
54517219000191,202607,2724691097,123
54517219000191,HOJE,2697843548,121
54518613000144,202512,21907138,126
54518613000144,202601,22128668,126
54518613000144,202602,22362171,124
54518613000144,202603,22598107,123
54518613000144,202604,22777076,122
54518613000144,202605,22856514,121
54518613000144,202606,22865016,122
54518613000144,202607,22910248,124
54518613000144,HOJE,22910673,122
54518783000129,202512,89804250,126
54518783000129,202601,102032888,126
54518783000129,202602,118119289,124
54518783000129,202603,138872481,123
54518783000129,202604,155218919,122
54518783000129,202605,169455427,121
54518783000129,202606,177990167,122
54518783000129,202607,181671367,124
54518783000129,HOJE,181853382,122
54518925000158,202512,1021777455,126
54518925000158,202601,1249310952,126
54518925000158,202602,1490500518,124
54518925000158,202603,1759034244,123
54518925000158,202604,1851290127,122
54518925000158,202605,1785794882,121
54518925000158,202606,1631240408,122
54518925000158,202607,1422244764,122
54518925000158,HOJE,1397650648,118
54541970000123,202512,571942324,126
54541970000123,202601,613825060,126
54541970000123,202602,649952132,124
54541970000123,202603,695776117,123
54541970000123,202604,751655343,122
54541970000123,202605,818280116,121
54541970000123,202606,890281370,122
54541970000123,202607,971297692,124
54541970000123,HOJE,982843280,122
54542996000196,202512,16384932,126
54542996000196,202601,16991195,126
54542996000196,202602,17479065,124
54542996000196,202603,17684142,123
54542996000196,202604,17347120,122
54542996000196,202605,16764399,121
54542996000196,202606,16130293,122
54542996000196,202607,15825791,124
54542996000196,HOJE,15784622,122
54546664000180,202512,721940531,126
54546664000180,202601,731935461,126
54546664000180,202602,741679810,124
54546664000180,202603,749787278,123
54546664000180,202604,753748570,122
54546664000180,202605,751242911,120
54546664000180,202606,745853073,121
54546664000180,202607,740727093,121
54546664000180,HOJE,739774311,118
54546863000198,202512,30950646,126
54546863000198,202601,31261472,126
54546863000198,202602,31556656,124
54546863000198,202603,31785512,123
54546863000198,202604,31954086,122
54546863000198,202605,32053810,121
54546863000198,202606,32096892,122
54546863000198,202607,32148727,124
54546863000198,HOJE,32142964,122
54547163000118,202512,30361800,126
54547163000118,202601,30668212,126
54547163000118,202602,30989797,124
54547163000118,202603,31315905,123
54547163000118,202604,31563487,122
54547163000118,202605,32640837,121
54547163000118,202606,35943746,122
54547163000118,202607,39538088,124
54547163000118,HOJE,39986155,122
54547258000131,202512,27844757,126
54547258000131,202601,28126428,126
54547258000131,202602,28424058,124
54547258000131,202603,28727762,123
54547258000131,202604,28962396,122
54547258000131,202605,29074569,121
54547258000131,202606,29094331,122
54547258000131,202607,29162522,124
54547258000131,HOJE,29164492,122
54558737000153,202512,46603465,126
54558737000153,202601,47104235,126
54558737000153,202602,47628236,124
54558737000153,202603,48079943,123
54558737000153,202604,47087875,122
54558737000153,202605,46009529,121
54558737000153,202606,44835839,122
54558737000153,202607,43581177,124
54558737000153,HOJE,43360608,122
54564966000180,202512,32784161,126
54564966000180,202601,33112613,126
54564966000180,202602,33460749,124
54564966000180,202603,33814504,123
54564966000180,202604,34084026,122
54564966000180,202605,34208301,121
54564966000180,202606,34224723,122
54564966000180,202607,34296465,124
54564966000180,HOJE,34297551,122
54566051000104,202512,27397106,126
54566051000104,202601,27671957,126
54566051000104,202602,27963221,124
54566051000104,202603,28258316,123
54566051000104,202604,28482639,122
54566051000104,202605,28585631,121
54566051000104,202606,28599018,122
54566051000104,202607,28658652,124
54566051000104,HOJE,28659467,122
54566226000183,202512,120690957,126
54566226000183,202601,126131244,126
54566226000183,202602,131431742,124
54566226000183,202603,137558387,123
54566226000183,202604,138807406,122
54566226000183,202605,139433104,121
54566226000183,202606,139711854,122
54566226000183,202607,140597068,124
54566226000183,HOJE,140719887,122
54582300000155,202512,27589525,126
54582300000155,202601,27865974,126
54582300000155,202602,28157587,124
54582300000155,202603,28454334,123
54582300000155,202604,28682475,122
54582300000155,202605,28788537,121
54582300000155,202606,28805054,122
54582300000155,202607,28867382,124
54582300000155,HOJE,28868753,122
54584477000190,202512,95505336,126
54584477000190,202601,97995616,126
54584477000190,202602,100334200,124
54584477000190,202603,102914829,123
54584477000190,202604,105218617,122
54584477000190,202605,105982568,121
54584477000190,202606,106631138,122
54584477000190,202607,107354095,124
54584477000190,HOJE,107412012,121
54599810000135,202512,106843407,126
54599810000135,202601,108842310,126
54599810000135,202602,110295430,124
54599810000135,202603,109979298,123
54599810000135,202604,108777276,122
54599810000135,202605,106712918,121
54599810000135,202606,104128087,122
54599810000135,202607,101674306,124
54599810000135,HOJE,101324683,122
54600520000164,202512,66024727,126
54600520000164,202601,67902393,126
54600520000164,202602,69713213,124
54600520000164,202603,71949074,123
54600520000164,202604,73745013,122
54600520000164,202605,75445630,121
54600520000164,202606,76832844,122
54600520000164,202607,78294022,124
54600520000164,HOJE,78484253,122
54601837000115,202512,49007031,126
54601837000115,202601,49511784,126
54601837000115,202602,50038796,124
54601837000115,202603,50529505,123
54601837000115,202604,50955559,122
54601837000115,202605,51470422,121
54601837000115,202606,53559439,122
54601837000115,202607,56293015,124
54601837000115,HOJE,56609716,122
54602092000109,202512,4315105303,126
54602092000109,202601,4335928813,126
54602092000109,202602,4359234995,124
54602092000109,202603,4387326611,123
54602092000109,202604,4421043489,122
54602092000109,202605,4456209787,121
54602092000109,202606,4494685399,122
54602092000109,202607,4535979084,124
54602092000109,HOJE,4540740062,122
54602844000131,202512,180152083,126
54602844000131,202601,188639073,126
54602844000131,202602,194908388,124
54602844000131,202603,198956728,123
54602844000131,202604,200997392,122
54602844000131,202605,202056183,121
54602844000131,202606,202791221,122
54602844000131,202607,203662051,124
54602844000131,HOJE,203681722,121
54602971000130,202512,33646480,126
54602971000130,202601,34229114,126
54602971000130,202602,34581546,124
54602971000130,202603,34699314,123
54602971000130,202604,34808073,122
54602971000130,202605,34869749,121
54602971000130,202606,34872728,122
54602971000130,202607,34867476,124
54602971000130,HOJE,34842984,121
54603605000104,202512,109631960,125
54603605000104,202601,109532165,125
54603605000104,202602,109307516,123
54603605000104,202603,108609636,122
54603605000104,202604,107713373,122
54603605000104,202605,107087190,121
54603605000104,202606,106979058,122
54603605000104,202607,107569389,124
54603605000104,HOJE,107626821,122
54617556000150,202512,28425441,126
54617556000150,202601,28684024,126
54617556000150,202602,28959396,124
54617556000150,202603,29202299,123
54617556000150,202604,29413871,122
54617556000150,202605,29570193,121
54617556000150,202606,29673980,122
54617556000150,202607,29800946,124
54617556000150,HOJE,29807923,122
54617897000126,202512,92121477,126
54617897000126,202601,93252162,126
54617897000126,202602,94329585,124
54617897000126,202603,95356090,123
54617897000126,202604,96045950,122
54617897000126,202605,96775420,121
54617897000126,202606,97543184,122
54617897000126,202607,98314321,124
54617897000126,HOJE,98387859,122
54618143000190,202512,107762329,126
54618143000190,202601,108773424,126
54618143000190,202602,109845260,124
54618143000190,202603,110792217,123
54618143000190,202604,115394497,122
54618143000190,202605,122421155,121
54618143000190,202606,129342175,122
54618143000190,202607,136724946,124
54618143000190,HOJE,137778315,122
54618187000110,202512,49003841,126
54618187000110,202601,49445162,126
54618187000110,202602,49918241,124
54618187000110,202603,50369662,123
54618187000110,202604,50784998,122
54618187000110,202605,51100552,121
54618187000110,202606,51323426,122
54618187000110,202607,51586926,124
54618187000110,HOJE,51608509,122
54643280000185,202512,502416497,126
54643280000185,202601,542121597,126
54643280000185,202602,572570533,124
54643280000185,202603,599332183,123
54643280000185,202604,613530167,122
54643280000185,202605,618454515,121
54643280000185,202606,613044724,122
54643280000185,202607,601314058,124
54643280000185,HOJE,599242495,122
54643894000167,202512,74191276,126
54643894000167,202601,74982651,126
54643894000167,202602,75773132,124
54643894000167,202603,76517355,123
54643894000167,202604,77055519,122
54643894000167,202605,77481522,121
54643894000167,202606,77870630,122
54643894000167,202607,78295894,124
54643894000167,HOJE,78318926,121
54643939000101,202512,117019750,126
54643939000101,202601,118052573,126
54643939000101,202602,119163220,124
54643939000101,202603,120188878,123
54643939000101,202604,121187156,122
54643939000101,202605,121979246,121
54643939000101,202606,122516972,122
54643939000101,202607,123116504,124
54643939000101,HOJE,123159954,122
54644019000108,202512,27539532,126
54644019000108,202601,27815794,126
54644019000108,202602,28107387,124
54644019000108,202603,28404388,123
54644019000108,202604,28633730,122
54644019000108,202605,28742266,121
54644019000108,202606,28762202,122
54644019000108,202607,28830345,124
54644019000108,HOJE,28832388,122
54644328000170,202512,43539340,126
54644328000170,202601,43975393,126
54644328000170,202602,44435415,124
54644328000170,202603,44904990,123
54644328000170,202604,45265142,122
54644328000170,202605,45435238,121
54644328000170,202606,45469068,122
54644328000170,202607,45578323,124
54644328000170,HOJE,45582174,122
54644413000138,202512,55185147,126
54644413000138,202601,55741797,126
54644413000138,202602,56329776,124
54644413000138,202603,56929929,123
54644413000138,202604,57394502,122
54644413000138,202605,57612371,121
54644413000138,202606,57652637,122
54644413000138,202607,57785415,124
54644413000138,HOJE,57789099,122
54644512000110,202512,33105452,126
54644512000110,202601,33442438,126
54644512000110,202602,33797879,124
54644512000110,202603,34161522,123
54644512000110,202604,34443551,122
54644512000110,202605,34580638,121
54644512000110,202606,34610845,122
54644512000110,202607,33838075,121
54644512000110,HOJE,33809733,117
54660721000157,202512,324595721,126
54660721000157,202601,272869316,126
54660721000157,202602,231767721,124
54660721000157,202603,212843422,123
54660721000157,202604,207561092,122
54660721000157,202605,197248434,121
54660721000157,202606,175925437,122
54660721000157,202607,150801747,124
54660721000157,HOJE,147137959,122
54680816000132,202512,50279695,126
54680816000132,202601,50781284,126
54680816000132,202602,51310072,124
54680816000132,202603,51851477,123
54680816000132,202604,52268048,122
54680816000132,202605,52454846,121
54680816000132,202606,52479801,122
54680816000132,202607,52589622,124
54680816000132,HOJE,52591860,122
54710401000164,202512,30853911,126
54710401000164,202601,32208048,126
54710401000164,202602,33472768,124
54710401000164,202603,34871053,123
54710401000164,202604,36118867,122
54710401000164,202605,37315670,121
54710401000164,202606,38234140,122
54710401000164,202607,38369793,124
54710401000164,HOJE,38367758,121
54713571000100,202512,30323736,126
54713571000100,202601,31023941,126
54713571000100,202602,31618114,124
54713571000100,202603,32267506,123
54713571000100,202604,32767626,122
54713571000100,202605,32897830,121
54713571000100,202606,32802688,122
54713571000100,202607,32376668,124
54713571000100,HOJE,32306629,122
54713770000100,202512,24852471,126
54713770000100,202601,25063320,126
54713770000100,202602,25293664,124
54713770000100,202603,25511998,123
54713770000100,202604,25699740,122
54713770000100,202605,25796010,121
54713770000100,202606,25839504,122
54713770000100,202607,25902567,124
54713770000100,HOJE,25902677,122
54715191000105,202512,39788515,126
54715191000105,202601,40213337,126
54715191000105,202602,40633080,124
54715191000105,202603,41032438,123
54715191000105,202604,41308785,122
54715191000105,202605,41509290,121
54715191000105,202606,41706408,122
54715191000105,202607,41924942,124
54715191000105,HOJE,41940695,122
54715962000156,202512,76981825,126
54715962000156,202601,79653265,126
54715962000156,202602,82170146,124
54715962000156,202603,84339742,123
54715962000156,202604,85680694,122
54715962000156,202605,86955590,121
54715962000156,202606,88087742,122
54715962000156,202607,88710277,124
54715962000156,HOJE,88767995,122
54745704000112,202512,48102341,126
54745704000112,202601,46941120,126
54745704000112,202602,45099122,124
54745704000112,202603,42568066,123
54745704000112,202604,40305510,122
54745704000112,202605,37975728,121
54745704000112,202606,36027733,122
54745704000112,202607,34998178,124
54745704000112,HOJE,34947534,122
54754380000189,202512,35519590,126
54754380000189,202601,35841552,126
54754380000189,202602,36191395,124
54754380000189,202603,36479649,123
54754380000189,202604,36712389,122
54754380000189,202605,36937018,121
54754380000189,202606,36985522,122
54754380000189,202607,36952967,124
54754380000189,HOJE,36942151,122
54758649000103,202512,20715743,126
54758649000103,202601,20952212,126
54758649000103,202602,21179202,124
54758649000103,202603,21394948,123
54758649000103,202604,21536021,122
54758649000103,202605,21656823,121
54758649000103,202606,21789517,122
54758649000103,202607,21932125,124
54758649000103,HOJE,21944387,122
54760175000126,202512,46317778,126
54760175000126,202601,47224058,126
54760175000126,202602,48141461,124
54760175000126,202603,47874119,123
54760175000126,202604,46268571,122
54760175000126,202605,43740181,121
54760175000126,202606,40830233,122
54760175000126,202607,37787913,124
54760175000126,HOJE,37306057,122
54760280000165,202512,97018083,126
54760280000165,202601,100844618,126
54760280000165,202602,104151711,124
54760280000165,202603,107259073,123
54760280000165,202604,108581862,122
54760280000165,202605,109270853,121
54760280000165,202606,110059558,122
54760280000165,202607,110900908,124
54760280000165,HOJE,110982035,122
54760539000178,202512,24495144,126
54760539000178,202601,24816996,126
54760539000178,202602,25133048,124
54760539000178,202603,25443669,123
54760539000178,202604,25693049,122
54760539000178,202605,25891654,121
54760539000178,202606,26016266,122
54760539000178,202607,26129089,124
54760539000178,HOJE,26136726,122
54773359000120,202512,993798659,126
54773359000120,202601,993671576,126
54773359000120,202602,993587199,124
54773359000120,202603,990717852,123
54773359000120,202604,988636651,122
54773359000120,202605,985427769,121
54773359000120,202606,981915715,122
54773359000120,202607,979951232,124
54773359000120,HOJE,979391733,122
54776180000127,202512,160581648,126
54776180000127,202601,172003784,126
54776180000127,202602,175702323,124
54776180000127,202603,170029183,123
54776180000127,202604,159717675,122
54776180000127,202605,148314492,121
54776180000127,202606,136443380,122
54776180000127,202607,124197704,124
54776180000127,HOJE,122005349,122
54779308000106,202512,13115012,126
54779308000106,202601,13226904,126
54779308000106,202602,13347812,124
54779308000106,202603,13462256,123
54779308000106,202604,13561603,122
54779308000106,202605,13612989,121
54779308000106,202606,13637005,122
54779308000106,202607,13672458,124
54779308000106,HOJE,13673076,122
54779512000127,202512,151670743,126
54779512000127,202601,153596463,126
54779512000127,202602,155362516,124
54779512000127,202603,157041444,123
54779512000127,202604,158022679,122
54779512000127,202605,159017186,121
54779512000127,202606,160282375,122
54779512000127,202607,161591528,124
54779512000127,HOJE,161718325,122
54779587000108,202512,55806314,126
54779587000108,202601,57426217,126
54779587000108,202602,58943445,124
54779587000108,202603,59533354,123
54779587000108,202604,59946773,122
54779587000108,202605,60281796,121
54779587000108,202606,60621232,122
54779587000108,202607,60990959,124
54779587000108,HOJE,61022193,122
54779598000198,202512,83546414,126
54779598000198,202601,84264861,126
54779598000198,202602,85041366,124
54779598000198,202603,85781055,123
54779598000198,202604,86422087,122
54779598000198,202605,85537559,121
54779598000198,202606,84427311,122
54779598000198,202607,83309313,124
54779598000198,HOJE,83127264,122
54779679000198,202512,39947253,126
54779679000198,202601,40225862,126
54779679000198,202602,40414842,124
54779679000198,202603,40508313,123
54779679000198,202604,40548800,122
54779679000198,202605,40489976,121
54779679000198,202606,40445764,122
54779679000198,202607,40395431,124
54779679000198,HOJE,40374462,122
54788959000162,202512,44447796,126
54788959000162,202601,44872027,126
54788959000162,202602,45339936,124
54788959000162,202603,45768396,123
54788959000162,202604,46142636,122
54788959000162,202605,46424303,121
54788959000162,202606,46618109,122
54788959000162,202607,46839223,124
54788959000162,HOJE,46850705,122
54793790000139,202512,47230785,126
54793790000139,202601,42931452,126
54793790000139,202602,37839619,124
54793790000139,202603,31373127,123
54793790000139,202604,25529046,122
54793790000139,202605,19934646,121
54793790000139,202606,16262295,122
54793790000139,202607,13143513,124
54793790000139,HOJE,12752411,121
54794710000160,202512,40788002,126
54794710000160,202601,42094374,126
54794710000160,202602,43293371,124
54794710000160,202603,44625530,123
54794710000160,202604,45898482,122
54794710000160,202605,48635265,121
54794710000160,202606,49017840,122
54794710000160,202607,49325876,124
54794710000160,HOJE,49344087,121
54794777000102,202512,27350191,126
54794777000102,202601,27623507,126
54794777000102,202602,27912367,124
54794777000102,202603,28207423,123
54794777000102,202604,28433196,122
54794777000102,202605,28538018,121
54794777000102,202606,28554682,122
54794777000102,202607,28616735,124
54794777000102,HOJE,28618210,122
54794799000164,202512,11337371,126
54794799000164,202601,11430150,126
54794799000164,202602,11536874,124
54794799000164,202603,11623486,123
54794799000164,202604,11707542,122
54794799000164,202605,11759941,121
54794799000164,202606,11777738,122
54794799000164,202607,11202032,116
54794799000164,HOJE,11179784,112
54794954000142,202512,59790150,126
54794954000142,202601,59369117,126
54794954000142,202602,59167421,124
54794954000142,202603,58912650,123
54794954000142,202604,58761729,122
54794954000142,202605,59947622,121
54794954000142,202606,60479445,122
54794954000142,202607,60807712,124
54794954000142,HOJE,60829050,122
54803982000189,202512,42730175,126
54803982000189,202601,42631811,126
54803982000189,202602,42537719,124
54803982000189,202603,42463088,123
54803982000189,202604,42578276,122
54803982000189,202605,42626758,121
54803982000189,202606,42575447,122
54803982000189,202607,42765573,124
54803982000189,HOJE,42797913,121
54811496000102,202512,42943539,126
54811496000102,202601,43376179,126
54811496000102,202602,43815873,124
54811496000102,202603,44237000,123
54811496000102,202604,44559706,122
54811496000102,202605,44785653,121
54811496000102,202606,44979339,122
54811496000102,202607,45207529,124
54811496000102,HOJE,45224348,122
54813687000103,202512,33685010,126
54813687000103,202601,34042600,126
54813687000103,202602,34410045,124
54813687000103,202603,35035167,123
54813687000103,202604,35195821,122
54813687000103,202605,35346392,121
54813687000103,202606,35605415,122
54813687000103,202607,35855215,124
54813687000103,HOJE,35881766,122
54834372000142,202512,109579138,126
54834372000142,202601,110516049,126
54834372000142,202602,111536677,124
54834372000142,202603,112508173,123
54834372000142,202604,113351607,122
54834372000142,202605,113782551,121
54834372000142,202606,113991258,122
54834372000142,202607,114291641,124
54834372000142,HOJE,114295585,122
54835274000120,202512,23823611,126
54835274000120,202601,24040474,126
54835274000120,202602,24260505,124
54835274000120,202603,25749689,123
54835274000120,202604,27575879,122
54835274000120,202605,29328265,121
54835274000120,202606,30990718,122
54835274000120,202607,32784203,124
54835274000120,HOJE,33064115,121
54853793000110,202512,102051221,126
54853793000110,202601,108832588,126
54853793000110,202602,114451845,124
54853793000110,202603,119908109,123
54853793000110,202604,124947115,122
54853793000110,202605,129110758,121
54853793000110,202606,131599339,122
54853793000110,202607,132914976,124
54853793000110,HOJE,132983422,122
54854995000187,202512,3066673423,126
54854995000187,202601,3108809926,126
54854995000187,202602,3094524907,124
54854995000187,202603,2991786682,123
54854995000187,202604,2860606891,122
54854995000187,202605,2660529292,121
54854995000187,202606,2498214309,122
54854995000187,202607,2348171108,124
54854995000187,HOJE,2326691717,122
54855450000195,202512,32936347,126
54855450000195,202601,33802180,126
54855450000195,202602,34678578,124
54855450000195,202603,35188191,123
54855450000195,202604,35461628,122
54855450000195,202605,35644512,121
54855450000195,202606,35721198,122
54855450000195,202607,35784508,124
54855450000195,HOJE,35781203,122
54856394000103,202512,234462973,126
54856394000103,202601,237621197,126
54856394000103,202602,240547433,124
54856394000103,202603,242573696,123
54856394000103,202604,243348054,122
54856394000103,202605,243836172,121
54856394000103,202606,244549789,122
54856394000103,202607,245365282,124
54856394000103,HOJE,245340304,122
54872331000140,202512,39921328,126
54872331000140,202601,39590717,126
54872331000140,202602,39356553,124
54872331000140,202603,38976439,123
54872331000140,202604,38570875,122
54872331000140,202605,37881219,121
54872331000140,202606,36214459,122
54872331000140,202607,33124129,124
54872331000140,HOJE,32679903,122
54873893000109,202512,67508353,126
54873893000109,202601,68280285,126
54873893000109,202602,69023856,124
54873893000109,202603,69733724,123
54873893000109,202604,69890829,122
54873893000109,202605,68126102,121
54873893000109,202606,66296335,122
54873893000109,202607,63841410,124
54873893000109,HOJE,63418973,122
54875709000160,202512,2745385974,126
54875709000160,202601,2880816115,126
54875709000160,202602,2968588886,124
54875709000160,202603,3064576316,123
54875709000160,202604,3141658391,122
54875709000160,202605,3199676898,121
54875709000160,202606,3251824609,122
54875709000160,202607,3298785622,124
54875709000160,HOJE,3302413623,121
54883919000108,202512,59347414,126
54883919000108,202601,60070080,126
54883919000108,202602,60765728,124
54883919000108,202603,61454353,123
54883919000108,202604,61993215,122
54883919000108,202605,62416174,121
54883919000108,202606,62892279,122
54883919000108,202607,63450614,124
54883919000108,HOJE,63510387,122
54884180000140,202512,1055039243,126
54884180000140,202601,1058183129,126
54884180000140,202602,1061108258,124
54884180000140,202603,1058965814,123
54884180000140,202604,1049529407,122
54884180000140,202605,1038761000,121
54884180000140,202606,1029849676,122
54884180000140,202607,1021241985,124
54884180000140,HOJE,1019902686,122
54888270000100,202512,6538874,126
54888270000100,202601,6879342,126
54888270000100,202602,7280072,124
54888270000100,202603,7788379,123
54888270000100,202604,8099068,122
54888270000100,202605,8302321,121
54888270000100,202606,8389442,122
54888270000100,202607,8455082,124
54888270000100,HOJE,8446482,121
54893266000130,202512,25779335,126
54893266000130,202601,26212017,126
54893266000130,202602,26676885,124
54893266000130,202603,27254621,123
54893266000130,202604,27740827,122
54893266000130,202605,28203910,121
54893266000130,202606,28569271,122
54893266000130,202607,28951667,124
54893266000130,HOJE,28997380,122
54893611000135,202512,74648605,125
54893611000135,202601,76128725,125
54893611000135,202602,77549111,123
54893611000135,202603,78560610,123
54893611000135,202604,79174608,122
54893611000135,202605,79611712,121
54893611000135,202606,80022046,122
54893611000135,202607,80448972,124
54893611000135,HOJE,80482674,122
54893677000125,202512,41837784,126
54893677000125,202601,42994216,126
54893677000125,202602,44101254,124
54893677000125,202603,45320695,123
54893677000125,202604,45740124,122
54893677000125,202605,46182004,121
54893677000125,202606,46607744,122
54893677000125,202607,47048823,124
54893677000125,HOJE,47095118,122
54900133000143,202512,33840400,126
54900133000143,202601,34717123,126
54900133000143,202602,35553034,124
54900133000143,202603,36452719,123
54900133000143,202604,37224695,122
54900133000143,202605,37899436,121
54900133000143,202606,38426983,122
54900133000143,202607,38956174,124
54900133000143,HOJE,39019528,122
54904083000172,202512,64877318,126
54904083000172,202601,65482623,126
54904083000172,202602,66155918,124
54904083000172,202603,66749589,123
54904083000172,202604,67259776,122
54904083000172,202605,67591826,121
54904083000172,202606,67793401,122
54904083000172,202607,68039302,124
54904083000172,HOJE,68037375,121
54909934000170,202512,25378212,126
54909934000170,202601,31526373,126
54909934000170,202602,36180500,124
54909934000170,202603,38311593,123
54909934000170,202604,40084995,122
54909934000170,202605,42460403,121
54909934000170,202606,39896571,122
54909934000170,202607,35235998,124
54909934000170,HOJE,34412165,122
54910462000175,202512,22950176,126
54910462000175,202601,23194234,126
54910462000175,202602,23435976,124
54910462000175,202603,23666369,123
54910462000175,202604,23826869,122
54910462000175,202605,23944374,121
54910462000175,202606,24059775,122
54910462000175,202607,24187427,124
54910462000175,HOJE,24196699,122
54910665000161,202512,117684319,126
54910665000161,202601,118450103,126
54910665000161,202602,119045130,124
54910665000161,202603,118832124,123
54910665000161,202604,115956772,122
54910665000161,202605,113560166,121
54910665000161,202606,110379151,122
54910665000161,202607,105216170,124
54910665000161,HOJE,104524295,122
54912056000141,202512,53079991,126
54912056000141,202601,53569816,126
54912056000141,202602,54058387,124
54912056000141,202603,54425976,123
54912056000141,202604,54707888,122
54912056000141,202605,54866756,121
54912056000141,202606,54920120,122
54912056000141,202607,54988992,124
54912056000141,HOJE,54974325,122
54931987000197,202512,28787085,126
54931987000197,202601,29159739,126
54931987000197,202602,28722956,124
54931987000197,202603,27000115,123
54931987000197,202604,24037220,122
54931987000197,202605,21031600,121
54931987000197,202606,18010941,122
54931987000197,202607,14770167,124
54931987000197,HOJE,14298424,122
54936922000134,202512,46356615,126
54936922000134,202601,46902064,126
54936922000134,202602,47445791,124
54936922000134,202603,47983543,123
54936922000134,202604,48470721,122
54936922000134,202605,48844053,121
54936922000134,202606,49088941,122
54936922000134,202607,49345063,123
54936922000134,HOJE,49366459,120
54952299000103,202512,70660511,126
54952299000103,202601,69902138,126
54952299000103,202602,68821882,124
54952299000103,202603,67402645,123
54952299000103,202604,66605242,122
54952299000103,202605,66336448,121
54952299000103,202606,65960210,122
54952299000103,202607,65656571,124
54952299000103,HOJE,65603852,122
54952575000133,202512,13775333,126
54952575000133,202601,16450494,126
54952575000133,202602,20288857,124
54952575000133,202603,25508395,123
54952575000133,202604,29316548,122
54952575000133,202605,32485067,121
54952575000133,202606,34567900,122
54952575000133,202607,34621689,124
54952575000133,HOJE,34486675,122
54954879000130,202512,120266095,110
54954879000130,202601,123388195,126
54954879000130,202602,124888614,124
54954879000130,202603,125888597,123
54954879000130,202604,126487603,122
54954879000130,202605,126545000,121
54954879000130,202606,126554226,122
54954879000130,202607,126493862,124
54954879000130,HOJE,126409272,121
54973853000139,202512,212453458,126
54973853000139,202601,214311611,126
54973853000139,202602,216287830,124
54973853000139,202603,218915817,123
54973853000139,202604,221356196,122
54973853000139,202605,223459306,121
54973853000139,202606,223463432,122
54973853000139,202607,223142770,124
54973853000139,HOJE,223134253,122
54976144000107,202512,90690205,126
54976144000107,202601,91715434,126
54976144000107,202602,92732226,124
54976144000107,202603,93604833,123
54976144000107,202604,94259626,122
54976144000107,202605,94739326,121
54976144000107,202606,95221517,122
54976144000107,202607,95638504,124
54976144000107,HOJE,95654503,121
54976215000171,202512,22638781,126
54976215000171,202601,22840742,126
54976215000171,202602,23059359,124
54976215000171,202603,23260119,123
54976215000171,202604,22805256,122
54976215000171,202605,21463252,121
54976215000171,202606,19841496,122
54976215000171,202607,17923977,124
54976215000171,HOJE,17625482,122
54976744000175,202512,18860858,125
54976744000175,202601,19070726,125
54976744000175,202602,19284536,123
54976744000175,202603,19485960,122
54976744000175,202604,19645725,122
54976744000175,202605,19763883,121
54976744000175,202606,19843096,122
54976744000175,202607,19930072,124
54976744000175,HOJE,19935716,122
54979157000130,202512,22502748,126
54979157000130,202601,22735690,126
54979157000130,202602,22967485,124
54979157000130,202603,23201666,123
54979157000130,202604,23414399,122
54979157000130,202605,23618283,121
54979157000130,202606,23787695,122
54979157000130,202607,23975483,124
54979157000130,HOJE,23990914,121
54980234000171,202512,37358896,126
54980234000171,202601,37792627,126
54980234000171,202602,38199823,124
54980234000171,202603,38538270,123
54980234000171,202604,38811060,122
54980234000171,202605,39045547,121
54980234000171,202606,39319390,122
54980234000171,202607,39237936,124
54980234000171,HOJE,39217785,121
54996800000133,202512,14983347,126
54996800000133,202601,13952373,126
54996800000133,202602,13041921,124
54996800000133,202603,11882342,123
54996800000133,202604,10772741,122
54996800000133,202605,9614253,121
54996800000133,202606,8693808,122
54996800000133,202607,8707022,124
54996800000133,HOJE,8705702,122
54996960000182,202512,15518863,126
54996960000182,202601,15690768,126
54996960000182,202602,15863720,124
54996960000182,202603,16035470,123
54996960000182,202604,16132532,122
54996960000182,202605,15919760,121
54996960000182,202606,15671571,122
54996960000182,202607,15410864,124
54996960000182,HOJE,15369617,122
54997138000136,202512,103057309,126
54997138000136,202601,104177415,126
54997138000136,202602,105347816,124
54997138000136,202603,106370724,123
54997138000136,202604,107150181,122
54997138000136,202605,107865804,121
54997138000136,202606,108517392,122
54997138000136,202607,109205367,124
54997138000136,HOJE,109259734,122
55018863000188,202512,38290259,126
55018863000188,202601,39603959,126
55018863000188,202602,40914136,124
55018863000188,202603,41744947,123
55018863000188,202604,42108714,122
55018863000188,202605,42324484,121
55018863000188,202606,42471860,122
55018863000188,202607,42640348,124
55018863000188,HOJE,42647142,122
55019321000120,202512,21340055,126
55019321000120,202601,21520910,126
55019321000120,202602,21717356,124
55019321000120,202603,21902668,123
55019321000120,202604,22068205,122
55019321000120,202605,22159490,121
55019321000120,202606,22203439,122
55019321000120,202607,22264663,124
55019321000120,HOJE,22266096,122
55019751000141,202512,57562395,126
55019751000141,202601,57916378,126
55019751000141,202602,58305378,124
55019751000141,202603,58531470,123
55019751000141,202604,58678059,122
55019751000141,202605,58685694,121
55019751000141,202606,58626248,122
55019751000141,202607,58669106,124
55019751000141,HOJE,58647960,122
55020138000144,202512,29810176,126
55020138000144,202601,30300909,126
55020138000144,202602,30750599,124
55020138000144,202603,31145797,123
55020138000144,202604,31492000,122
55020138000144,202605,31780690,121
55020138000144,202606,31925693,122
55020138000144,202607,32034870,124
55020138000144,HOJE,32038770,122
55020228000135,202512,42061802,126
55020228000135,202601,42122059,126
55020228000135,202602,41727741,124
55020228000135,202603,41006320,123
55020228000135,202604,40254006,122
55020228000135,202605,39425730,121
55020228000135,202606,39407531,122
55020228000135,202607,39553980,124
55020228000135,HOJE,39562063,122
55030873000139,202512,129811114,126
55030873000139,202601,131230497,126
55030873000139,202602,132729596,124
55030873000139,202603,133987906,123
55030873000139,202604,134935977,122
55030873000139,202605,135627396,121
55030873000139,202606,136132602,122
55030873000139,202607,136668834,124
55030873000139,HOJE,136667884,121
55035529000132,202512,109788758,126
55035529000132,202601,110309951,126
55035529000132,202602,110756998,124
55035529000132,202603,111528771,123
55035529000132,202604,112755546,122
55035529000132,202605,114056816,121
55035529000132,202606,115387222,122
55035529000132,202607,116832013,124
55035529000132,HOJE,116992486,121
55036145000134,202512,21146222,126
55036145000134,202601,22569978,126
55036145000134,202602,23539509,124
55036145000134,202603,24351209,123
55036145000134,202604,24762445,122
55036145000134,202605,24934984,121
55036145000134,202606,24610210,122
55036145000134,202607,23914368,124
55036145000134,HOJE,23814959,122
55052221000103,202512,27455935,126
55052221000103,202601,27748318,126
55052221000103,202602,28060755,124
55052221000103,202603,28317733,123
55052221000103,202604,28517164,122
55052221000103,202605,28663506,121
55052221000103,202606,28762809,122
55052221000103,202607,28870648,124
55052221000103,HOJE,28869702,121
55052860000160,202512,27561329,126
55052860000160,202601,29910544,126
55052860000160,202602,32162171,124
55052860000160,202603,34341582,123
55052860000160,202604,34356460,122
55052860000160,202605,34318671,121
55052860000160,202606,34242334,122
55052860000160,202607,34164832,124
55052860000160,HOJE,34130268,121
55052986000135,202512,52518582,126
55052986000135,202601,53994107,126
55052986000135,202602,55378430,124
55052986000135,202603,55959000,123
55052986000135,202604,56206305,122
55052986000135,202605,56359796,121
55052986000135,202606,56378219,122
55052986000135,202607,56429559,124
55052986000135,HOJE,56409191,122
55053084000113,202512,40128615,126
55053084000113,202601,40531320,126
55053084000113,202602,40939476,124
55053084000113,202603,41286072,123
55053084000113,202604,41583407,122
55053084000113,202605,41793190,121
55053084000113,202606,41909176,122
55053084000113,202607,42054042,124
55053084000113,HOJE,42054814,121
55053659000106,202512,32328254,126
55053659000106,202601,32597889,126
55053659000106,202602,32852270,124
55053659000106,202603,32728645,123
55053659000106,202604,31904513,122
55053659000106,202605,31058538,121
55053659000106,202606,30190050,122
55053659000106,202607,29275620,124
55053659000106,HOJE,29126559,121
55054075000147,202512,45759164,126
55054075000147,202601,46415975,126
55054075000147,202602,47008518,124
55054075000147,202603,47625699,123
55054075000147,202604,48102256,122
55054075000147,202605,48474995,121
55054075000147,202606,48732414,122
55054075000147,202607,49017697,124
55054075000147,HOJE,49043085,122
55064130000180,202512,75852447,126
55064130000180,202601,79926985,126
55064130000180,202602,83889608,124
55064130000180,202603,85260497,123
55064130000180,202604,80840925,122
55064130000180,202605,80429411,121
55064130000180,202606,80290026,122
55064130000180,202607,80145492,124
55064130000180,HOJE,80134772,122
55068591000120,202512,62932502,126
55068591000120,202601,64931892,126
55068591000120,202602,66770386,124
55068591000120,202603,68765996,123
55068591000120,202604,70382408,122
55068591000120,202605,72107417,121
55068591000120,202606,72652946,122
55068591000120,202607,73297554,124
55068591000120,HOJE,73359056,122
55068674000110,202512,50023911,126
55068674000110,202601,50486501,126
55068674000110,202602,50975561,124
55068674000110,202603,51419638,123
55068674000110,202604,51831357,122
55068674000110,202605,52155341,121
55068674000110,202606,52381456,122
55068674000110,202607,52636712,124
55068674000110,HOJE,52654843,122
55068755000110,202512,32034997,126
55068755000110,202601,32421599,126
55068755000110,202602,32814811,124
55068755000110,202603,33171209,123
55068755000110,202604,33254500,122
55068755000110,202605,33154110,121
55068755000110,202606,32928998,122
55068755000110,202607,32500752,124
55068755000110,HOJE,32433178,122
55068840000188,202512,57156175,126
55068840000188,202601,57969433,126
55068840000188,202602,58702755,124
55068840000188,202603,59341241,123
55068840000188,202604,59751755,122
55068840000188,202605,60205966,121
55068840000188,202606,60738083,122
55068840000188,202607,61288613,124
55068840000188,HOJE,61345461,122
55068869000160,202512,29746289,126
55068869000160,202601,30210058,126
55068869000160,202602,30662724,124
55068869000160,202603,31082142,123
55068869000160,202604,31324406,122
55068869000160,202605,31567005,121
55068869000160,202606,31206678,122
55068869000160,202607,30419467,124
55068869000160,HOJE,30313698,122
55068953000183,202512,48277244,126
55068953000183,202601,49127539,126
55068953000183,202602,49940671,124
55068953000183,202603,50917834,123
55068953000183,202604,51636564,122
55068953000183,202605,52341994,121
55068953000183,202606,53028888,122
55068953000183,202607,53766487,124
55068953000183,HOJE,53856809,122
55069073000121,202512,60746152,126
55069073000121,202601,61486306,126
55069073000121,202602,62191483,124
55069073000121,202603,62827861,123
55069073000121,202604,63190396,122
55069073000121,202605,63639247,121
55069073000121,202606,64187811,122
55069073000121,202607,64738099,124
55069073000121,HOJE,64788486,122
55069151000198,202512,31575419,126
55069151000198,202601,30995119,126
55069151000198,202602,30681573,124
55069151000198,202603,30263597,123
55069151000198,202604,29436933,122
55069151000198,202605,28388325,121
55069151000198,202606,26915569,122
55069151000198,202607,25489058,124
55069151000198,HOJE,25289030,122
55069807000172,202512,21222732,126
55069807000172,202601,20990775,126
55069807000172,202602,20848554,124
55069807000172,202603,20702291,123
55069807000172,202604,20518387,122
55069807000172,202605,20280962,121
55069807000172,202606,20030217,122
55069807000172,202607,19948551,124
55069807000172,HOJE,19928123,122
55073649000124,202512,77490105,126
55073649000124,202601,78193184,126
55073649000124,202602,78915173,124
55073649000124,202603,79519830,123
55073649000124,202604,80073148,122
55073649000124,202605,80246298,121
55073649000124,202606,78654836,122
55073649000124,202607,75478200,124
55073649000124,HOJE,75186942,121
55083993000102,202512,73573850,126
55083993000102,202601,74513652,126
55083993000102,202602,75446741,124
55083993000102,202603,76318837,123
55083993000102,202604,77003201,122
55083993000102,202605,77602735,121
55083993000102,202606,78120278,122
55083993000102,202607,78669938,124
55083993000102,HOJE,78716272,122
55087532000108,202512,3689735516,126
55087532000108,202601,5067554487,126
55087532000108,202602,6282015809,124
55087532000108,202603,7490296055,123
55087532000108,202604,8537978007,122
55087532000108,202605,8439868549,121
55087532000108,202606,8062816892,122
55087532000108,202607,7667505874,124
55087532000108,HOJE,7601428890,122
55088856000152,202512,228081044,126
55088856000152,202601,227421372,126
55088856000152,202602,227038757,124
55088856000152,202603,225651515,123
55088856000152,202604,224081679,122
55088856000152,202605,221917848,121
55088856000152,202606,221298912,122
55088856000152,202607,219250590,124
55088856000152,HOJE,218650687,122
55089131000189,202512,60193084,126
55089131000189,202601,60678505,126
55089131000189,202602,61203136,124
55089131000189,202603,61629743,123
55089131000189,202604,62025068,122
55089131000189,202605,62312532,121
55089131000189,202606,62468133,122
55089131000189,202607,62660110,124
55089131000189,HOJE,62663410,122
55101260000145,202512,5993539,126
55101260000145,202601,6684822,126
55101260000145,202602,7341291,124
55101260000145,202603,8141738,123
55101260000145,202604,8889393,122
55101260000145,202605,9631914,121
55101260000145,202606,10113694,122
55101260000145,202607,10145738,124
55101260000145,HOJE,10148228,122
55101415000143,202512,47129850,126
55101415000143,202601,47708341,126
55101415000143,202602,48217830,124
55101415000143,202603,48629797,123
55101415000143,202604,48775377,122
55101415000143,202605,48953651,121
55101415000143,202606,49244979,122
55101415000143,202607,49529995,124
55101415000143,HOJE,49547247,122
55105106000141,202512,24030273,126
55105106000141,202601,31431555,126
55105106000141,202602,39319138,124
55105106000141,202603,47911933,123
55105106000141,202604,54724137,122
55105106000141,202605,61091170,121
55105106000141,202606,66271206,122
55105106000141,202607,71389402,124
55105106000141,HOJE,72108915,122
55109529000130,202512,24674005,126
55109529000130,202601,24900223,126
55109529000130,202602,25149852,124
55109529000130,202603,25370692,123
55109529000130,202604,25571889,122
55109529000130,202605,25721208,121
55109529000130,202606,25809721,122
55109529000130,202607,25921862,124
55109529000130,HOJE,25927285,122
55109850000114,202512,42813093,126
55109850000114,202601,48282861,126
55109850000114,202602,52409936,124
55109850000114,202603,52973518,123
55109850000114,202604,53423601,122
55109850000114,202605,57941793,121
55109850000114,202606,63554316,122
55109850000114,202607,69517043,124
55109850000114,HOJE,70174141,121
55110376000140,202512,8976122,126
55110376000140,202601,8950391,126
55110376000140,202602,9125516,124
55110376000140,202603,9365129,123
55110376000140,202604,9586895,122
55110376000140,202605,9858716,121
55110376000140,202606,10237344,122
55110376000140,202607,10644397,124
55110376000140,HOJE,10690090,121
55110714000144,202512,54198756,126
55110714000144,202601,54654913,126
55110714000144,202602,55139588,124
55110714000144,202603,55525500,123
55110714000144,202604,55861149,122
55110714000144,202605,56071665,121
55110714000144,202606,56167408,122
55110714000144,202607,56289472,124
55110714000144,HOJE,56282640,122
55111228000140,202512,52469923,126
55111228000140,202601,53418557,126
55111228000140,202602,54565576,124
55111228000140,202603,55771854,123
55111228000140,202604,56890019,122
55111228000140,202605,57896355,121
55111228000140,202606,58760937,122
55111228000140,202607,59169945,124
55111228000140,HOJE,59168260,122
55111474000100,202512,21295557,126
55111474000100,202601,21544158,126
55111474000100,202602,21792165,124
55111474000100,202603,22025478,123
55111474000100,202604,22054394,122
55111474000100,202605,22077464,121
55111474000100,202606,22105666,122
55111474000100,202607,22109005,124
55111474000100,HOJE,22097427,121
55111599000122,202512,34586861,126
55111599000122,202601,34860120,126
55111599000122,202602,35149826,124
55111599000122,202603,35374251,123
55111599000122,202604,35571693,122
55111599000122,202605,35702819,121
55111599000122,202606,35777571,122
55111599000122,202607,35754033,124
55111599000122,HOJE,35707179,121
55112047000139,202512,24992578,126
55112047000139,202601,23663858,126
55112047000139,202602,22462074,124
55112047000139,202603,20908928,123
55112047000139,202604,19440642,122
55112047000139,202605,17913985,121
55112047000139,202606,17891086,122
55112047000139,202607,17951330,124
55112047000139,HOJE,17951075,122
55112367000199,202512,30204102,126
55112367000199,202601,30447651,126
55112367000199,202602,30653690,124
55112367000199,202603,29848625,123
55112367000199,202604,29094167,122
55112367000199,202605,28260778,121
55112367000199,202606,27327608,122
55112367000199,202607,25438423,124
55112367000199,HOJE,25183075,121
55112451000102,202512,28025083,126
55112451000102,202601,28332427,126
55112451000102,202602,28102793,124
55112451000102,202603,27113216,123
55112451000102,202604,25956599,122
55112451000102,202605,24722974,121
55112451000102,202606,23449674,122
55112451000102,202607,22042103,124
55112451000102,HOJE,21843960,122
55112525000100,202512,25915022,126
55112525000100,202601,26113800,126
55112525000100,202602,26323088,124
55112525000100,202603,26489230,123
55112525000100,202604,26637268,122
55112525000100,202605,26736127,121
55112525000100,202606,26806593,122
55112525000100,202607,26892131,124
55112525000100,HOJE,26892733,121
55112606000100,202512,45774978,126
55112606000100,202601,46253774,126
55112606000100,202602,46795728,124
55112606000100,202603,47302660,123
55112606000100,202604,47789026,122
55112606000100,202605,48167494,121
55112606000100,202606,48444436,122
55112606000100,202607,48638835,124
55112606000100,HOJE,48639401,122
55117996000101,202512,122891957,126
55117996000101,202601,120680907,126
55117996000101,202602,118084664,124
55117996000101,202603,114663586,123
55117996000101,202604,113801949,122
55117996000101,202605,117013629,121
55117996000101,202606,121727778,122
55117996000101,202607,127852400,124
55117996000101,HOJE,128600504,122
55121153000189,202512,28626026,126
55121153000189,202601,28857245,126
55121153000189,202602,29114796,124
55121153000189,202603,29321517,123
55121153000189,202604,29508682,122
55121153000189,202605,29594616,121
55121153000189,202606,29618925,122
55121153000189,202607,29670518,124
55121153000189,HOJE,29666068,122
55126476000165,202512,30385291,126
55126476000165,202601,30138817,126
55126476000165,202602,30149366,124
55126476000165,202603,30409516,123
55126476000165,202604,30636505,122
55126476000165,202605,30757715,121
55126476000165,202606,30816720,122
55126476000165,202607,30901087,124
55126476000165,HOJE,30902798,122
55136457000110,202512,22994170,126
55136457000110,202601,23175316,126
55136457000110,202602,23371286,124
55136457000110,202603,23487664,123
55136457000110,202604,23582786,122
55136457000110,202605,23599309,121
55136457000110,202606,23577876,122
55136457000110,202607,23563732,124
55136457000110,HOJE,23549882,122
55138841000151,202512,601306185,126
55138841000151,202601,633567558,126
55138841000151,202602,697911780,124
55138841000151,202603,770685056,123
55138841000151,202604,805325862,122
55138841000151,202605,832366640,121
55138841000151,202606,847906425,122
55138841000151,202607,847480534,124
55138841000151,HOJE,844981264,122
55140544000140,202512,75440712,126
55140544000140,202601,80015953,126
55140544000140,202602,82819632,124
55140544000140,202603,83733165,123
55140544000140,202604,84637818,122
55140544000140,202605,85417929,121
55140544000140,202606,85948023,122
55140544000140,202607,86015155,124
55140544000140,HOJE,85972912,122
55140702000162,202512,51386564,126
55140702000162,202601,50666812,126
55140702000162,202602,49965343,124
55140702000162,202603,47865927,123
55140702000162,202604,45883229,122
55140702000162,202605,44663205,120
55140702000162,202606,44038800,121
55140702000162,202607,43369470,122
55140702000162,HOJE,43218897,119
55144098000142,202512,24970249,126
55144098000142,202601,25223137,126
55144098000142,202602,25475138,124
55144098000142,202603,25717001,123
55144098000142,202604,25897477,122
55144098000142,202605,26024024,121
55144098000142,202606,26133998,122
55144098000142,202607,26261144,124
55144098000142,HOJE,26270451,122
55144371000139,202512,97039268,126
55144371000139,202601,99688565,126
55144371000139,202602,101134349,124
55144371000139,202603,102548238,123
55144371000139,202604,103727756,122
55144371000139,202605,106735718,121
55144371000139,202606,111398685,122
55144371000139,202607,117530288,124
55144371000139,HOJE,118127955,121
55150666000118,202512,37108093,126
55150666000118,202601,38006050,126
55150666000118,202602,38797120,124
55150666000118,202603,39603959,123
55150666000118,202604,40291664,122
55150666000118,202605,40841576,121
55150666000118,202606,41144252,122
55150666000118,202607,41304790,124
55150666000118,HOJE,41304912,121
55159406000103,202512,45456245,126
55159406000103,202601,46057056,126
55159406000103,202602,46631159,124
55159406000103,202603,47190079,123
55159406000103,202604,47570092,122
55159406000103,202605,47957923,121
55159406000103,202606,48394036,122
55159406000103,202607,48850567,124
55159406000103,HOJE,48899611,122
55160342000160,202512,270014124,126
55160342000160,202601,306068930,126
55160342000160,202602,340480303,124
55160342000160,202603,372764481,123
55160342000160,202604,385563655,122
55160342000160,202605,388070734,121
55160342000160,202606,389923952,122
55160342000160,202607,391910662,124
55160342000160,HOJE,392053052,122
55161795000101,202512,66989915,126
55161795000101,202601,82173022,126
55161795000101,202602,94492907,124
55161795000101,202603,102222846,123
55161795000101,202604,105115242,122
55161795000101,202605,107572944,121
55161795000101,202606,110057477,122
55161795000101,202607,112743495,124
55161795000101,HOJE,113069852,121
55161850000163,202512,116601729,126
55161850000163,202601,117763268,126
55161850000163,202602,118988824,124
55161850000163,202603,120246606,123
55161850000163,202604,121217760,122
55161850000163,202605,121680723,121
55161850000163,202606,111931832,122
55161850000163,202607,100345767,117
55161850000163,HOJE,99579486,113
55162173000106,202512,22395704,126
55162173000106,202601,22590756,126
55162173000106,202602,22801440,124
55162173000106,202603,23001387,123
55162173000106,202604,23177300,122
55162173000106,202605,23270324,121
55162173000106,202606,23315053,122
55162173000106,202607,23376808,124
55162173000106,HOJE,23378154,122
55162785000190,202512,20806211,126
55162785000190,202601,20965901,126
55162785000190,202602,21129092,124
55162785000190,202603,21219753,123
55162785000190,202604,21282630,122
55162785000190,202605,21309267,121
55162785000190,202606,21304646,122
55162785000190,202607,21313075,124
55162785000190,HOJE,21303528,122
55172242000154,202512,76373345,126
55172242000154,202601,77318112,126
55172242000154,202602,78372772,124
55172242000154,202603,79345193,123
55172242000154,202604,80871234,122
55172242000154,202605,81944309,121
55172242000154,202606,82496125,122
55172242000154,202607,82839275,124
55172242000154,HOJE,82856696,122
55172307000161,202512,235883545,126
55172307000161,202601,238815934,126
55172307000161,202602,244498181,124
55172307000161,202603,251380285,123
55172307000161,202604,258354890,122
55172307000161,202605,262272546,121
55172307000161,202606,262997485,122
55172307000161,202607,258883775,124
55172307000161,HOJE,258473434,122
55172353000160,202512,19846122,126
55172353000160,202601,20019574,126
55172353000160,202602,20220106,124
55172353000160,202603,20392153,123
55172353000160,202604,20570485,122
55172353000160,202605,20686999,121
55172353000160,202606,20736725,122
55172353000160,202607,20809676,124
55172353000160,HOJE,20811171,122
55176419000190,202512,43420840,126
55176419000190,202601,43796752,126
55176419000190,202602,44202468,124
55176419000190,202603,44588603,123
55176419000190,202604,44925577,122
55176419000190,202605,45107719,121
55176419000190,202606,45196197,122
55176419000190,202607,45322042,124
55176419000190,HOJE,45325128,122
55176509000181,202512,1919283853,109
55176509000181,202601,1981590140,109
55176509000181,202602,1887974227,107
55176509000181,202603,1691727601,103
55176509000181,202604,1571064253,89
55176509000181,202605,1567623863,88
55176509000181,202606,1576271282,74
55176509000181,202607,1571053392,60
55176509000181,HOJE,1568794764,57
55176840000100,202512,43489428,126
55176840000100,202601,44404329,126
55176840000100,202602,45283844,124
55176840000100,202603,45998969,123
55176840000100,202604,46404327,122
55176840000100,202605,46823945,121
55176840000100,202606,47294980,122
55176840000100,202607,47755964,124
55176840000100,HOJE,47786876,121
55177251000138,202512,34041982,126
55177251000138,202601,34508871,126
55177251000138,202602,34962418,124
55177251000138,202603,35403126,123
55177251000138,202604,35703282,122
55177251000138,202605,36010930,121
55177251000138,202606,36315467,122
55177251000138,202607,36640002,124
55177251000138,HOJE,36671673,122
55193005000170,202512,244384288,126
55193005000170,202601,251015072,126
55193005000170,202602,256712482,124
55193005000170,202603,259425784,123
55193005000170,202604,261710495,122
55193005000170,202605,264657610,121
55193005000170,202606,267545768,122
55193005000170,202607,270573367,124
55193005000170,HOJE,270974723,122
55196480000108,202512,20292316,126
55196480000108,202601,20393983,126
55196480000108,202602,20650718,124
55196480000108,202603,20887176,123
55196480000108,202604,20281224,122
55196480000108,202605,19187524,121
55196480000108,202606,18087231,122
55196480000108,202607,16894533,124
55196480000108,HOJE,16725653,121
55196942000189,202512,24518308,126
55196942000189,202601,23677410,126
55196942000189,202602,22984641,124
55196942000189,202603,22088539,123
55196942000189,202604,21575667,122
55196942000189,202605,21025363,121
55196942000189,202606,20205944,122
55196942000189,202607,19244151,124
55196942000189,HOJE,19091554,122
55213551000125,202512,576400247,126
55213551000125,202601,576485809,126
55213551000125,202602,576860488,124
55213551000125,202603,574747371,123
55213551000125,202604,569373658,122
55213551000125,202605,564262129,121
55213551000125,202606,558363992,122
55213551000125,202607,552679187,124
55213551000125,HOJE,551750853,122
55215989000142,202512,22601216,126
55215989000142,202601,22831241,126
55215989000142,202602,23082803,124
55215989000142,202603,23331165,123
55215989000142,202604,23550310,122
55215989000142,202605,23723936,120
55215989000142,202606,23856289,121
55215989000142,202607,23998319,123
55215989000142,HOJE,24010534,121
55231454000165,202512,106405002,126
55231454000165,202601,107407793,126
55231454000165,202602,108459941,124
55231454000165,202603,109264774,123
55231454000165,202604,109919857,122
55231454000165,202605,110313218,121
55231454000165,202606,109571633,122
55231454000165,202607,106490680,124
55231454000165,HOJE,106046525,122
55237992000167,202512,52133838,126
55237992000167,202601,53059982,126
55237992000167,202602,54618316,124
55237992000167,202603,56671102,123
55237992000167,202604,59406913,122
55237992000167,202605,62051332,121
55237992000167,202606,64555954,122
55237992000167,202607,67207953,124
55237992000167,HOJE,67640139,122
55240049000103,202512,22069671,125
55240049000103,202601,22311862,125
55240049000103,202602,22568472,123
55240049000103,202603,22811970,122
55240049000103,202604,23008214,122
55240049000103,202605,23163416,120
55240049000103,202606,23283563,121
55240049000103,202607,23413268,123
55240049000103,HOJE,23423489,121
55240187000192,202512,54979306,126
55240187000192,202601,55349881,126
55240187000192,202602,55682213,124
55240187000192,202603,56046078,123
55240187000192,202604,56341868,122
55240187000192,202605,56665672,121
55240187000192,202606,57110929,122
55240187000192,202607,57544882,124
55240187000192,HOJE,57573221,122
55250638000172,202512,38010799,126
55250638000172,202601,38341847,126
55250638000172,202602,38701370,124
55250638000172,202603,39098906,123
55250638000172,202604,40304710,122
55250638000172,202605,41399314,121
55250638000172,202606,42414990,122
55250638000172,202607,43513347,124
55250638000172,HOJE,43669981,122
55250846000171,202512,11352970,126
55250846000171,202601,12814405,126
55250846000171,202602,14858725,124
55250846000171,202603,20153805,123
55250846000171,202604,24977059,122
55250846000171,202605,29883791,121
55250846000171,202606,34832214,122
55250846000171,202607,39398252,124
55250846000171,HOJE,40046087,122
55253855000116,202512,27939077,126
55253855000116,202601,28202854,126
55253855000116,202602,28517707,124
55253855000116,202603,28298199,123
55253855000116,202604,27895637,122
55253855000116,202605,27067347,121
55253855000116,202606,24853354,122
55253855000116,202607,21361191,124
55253855000116,HOJE,20904730,122
55263153000113,202512,28595617,126
55263153000113,202601,28899450,126
55263153000113,202602,29197848,124
55263153000113,202603,29481370,123
55263153000113,202604,29679489,122
55263153000113,202605,29825645,121
55263153000113,202606,29966396,122
55263153000113,202607,30121443,124
55263153000113,HOJE,30132853,122
55264830000118,202512,320275614,126
55264830000118,202601,371964662,126
55264830000118,202602,436359587,124
55264830000118,202603,519387010,123
55264830000118,202604,592517086,122
55264830000118,202605,628354218,121
55264830000118,202606,637028544,122
55264830000118,202607,644161704,124
55264830000118,HOJE,644164081,121
55274875000173,202512,18935274544,126
55274875000173,202601,19076404861,126
55274875000173,202602,19199410702,124
55274875000173,202603,19349577331,123
55274875000173,202604,19491510261,122
55274875000173,202605,19647220559,121
55274875000173,202606,19851789930,122
55274875000173,202607,20105744875,124
55274875000173,HOJE,20142197583,122
55274899000122,202512,23700740,126
55274899000122,202601,24942697,126
55274899000122,202602,26018264,124
55274899000122,202603,26279445,123
55274899000122,202604,26511527,122
55274899000122,202605,26719428,121
55274899000122,202606,26918435,122
55274899000122,202607,27082659,124
55274899000122,HOJE,27083089,122
55275483000129,202512,24932551,126
55275483000129,202601,25011587,126
55275483000129,202602,25114701,124
55275483000129,202603,25156665,123
55275483000129,202604,25185238,122
55275483000129,202605,25135352,121
55275483000129,202606,24939373,122
55275483000129,202607,24352236,124
55275483000129,HOJE,24292150,121
55299651000116,202512,72322337,126
55299651000116,202601,74595011,126
55299651000116,202602,76824403,124
55299651000116,202603,78878807,123
55299651000116,202604,79570354,122
55299651000116,202605,79910039,121
55299651000116,202606,78789040,122
55299651000116,202607,71502713,118
55299651000116,HOJE,71177769,114
55299792000139,202512,30038609,126
55299792000139,202601,30288909,126
55299792000139,202602,30568052,124
55299792000139,202603,30816188,123
55299792000139,202604,31023032,122
55299792000139,202605,31189577,121
55299792000139,202606,31308438,122
55299792000139,202607,31589916,124
55299792000139,HOJE,31605090,121
55315251000157,202512,12370623,126
55315251000157,202601,12397204,126
55315251000157,202602,12343079,124
55315251000157,202603,12253823,123
55315251000157,202604,12179740,122
55315251000157,202605,12164371,121
55315251000157,202606,12140637,122
55315251000157,202607,12061002,124
55315251000157,HOJE,12045099,121
55317990000188,202512,14354159,126
55317990000188,202601,16899615,126
55317990000188,202602,19575694,124
55317990000188,202603,22438406,123
55317990000188,202604,25630624,122
55317990000188,202605,29341056,121
55317990000188,202606,33680396,122
55317990000188,202607,38602407,124
55317990000188,HOJE,39325807,122
55323655000192,202512,13472883,126
55323655000192,202601,13672173,126
55323655000192,202602,13961336,124
55323655000192,202603,14280030,123
55323655000192,202604,14546355,122
55323655000192,202605,14845746,121
55323655000192,202606,15171293,122
55323655000192,202607,15460218,124
55323655000192,HOJE,15479009,122
55342126000136,202512,41511028,126
55342126000136,202601,41943115,126
55342126000136,202602,42357483,124
55342126000136,202603,42745992,123
55342126000136,202604,43043141,122
55342126000136,202605,43357470,121
55342126000136,202606,43672345,122
55342126000136,202607,43991758,124
55342126000136,HOJE,44020963,122
55344166000117,202512,20207175,126
55344166000117,202601,20271415,126
55344166000117,202602,21794432,124
55344166000117,202603,31550716,123
55344166000117,202604,40947115,122
55344166000117,202605,50219294,121
55344166000117,202606,59261333,122
55344166000117,202607,68527913,124
55344166000117,HOJE,70129127,120
55347477000130,202512,25552917,126
55347477000130,202601,27878394,126
55347477000130,202602,29643446,124
55347477000130,202603,32024173,123
55347477000130,202604,33231198,122
55347477000130,202605,33568045,121
55347477000130,202606,33281782,122
55347477000130,202607,31861511,124
55347477000130,HOJE,31649162,122
55348313000127,202512,156066819,126
55348313000127,202601,165240008,126
55348313000127,202602,172461445,124
55348313000127,202603,188341967,123
55348313000127,202604,203639666,122
55348313000127,202605,214621492,121
55348313000127,202606,217974289,122
55348313000127,202607,215485702,124
55348313000127,HOJE,215358863,121
55360701000123,202512,56956550,126
55360701000123,202601,59410844,126
55360701000123,202602,61265962,124
55360701000123,202603,62651241,123
55360701000123,202604,63764413,122
55360701000123,202605,63286717,121
55360701000123,202606,62801459,122
55360701000123,202607,63188779,124
55360701000123,HOJE,63218238,122
55368221000109,202512,11691380,126
55368221000109,202601,11823607,126
55368221000109,202602,11945314,124
55368221000109,202603,12084806,123
55368221000109,202604,12225145,122
55368221000109,202605,12366499,121
55368221000109,202606,12502145,122
55368221000109,202607,12643781,124
55368221000109,HOJE,12663109,122
55379681000132,202512,30154688,126
55379681000132,202601,30500026,126
55379681000132,202602,30806214,124
55379681000132,202603,31073322,123
55379681000132,202604,31240771,122
55379681000132,202605,31453069,121
55379681000132,202606,31731974,122
55379681000132,202607,32012171,124
55379681000132,HOJE,32036051,122
55381060000193,202512,22953591,126
55381060000193,202601,23199205,126
55381060000193,202602,23441003,124
55381060000193,202603,23671070,123
55381060000193,202604,23830018,122
55381060000193,202605,23946404,121
55381060000193,202606,24057472,122
55381060000193,202607,24179737,124
55381060000193,HOJE,24188460,122
55382000000195,202512,51726413,126
55382000000195,202601,52435005,126
55382000000195,202602,53108952,124
55382000000195,202603,53746025,123
55382000000195,202604,54163135,122
55382000000195,202605,54599160,121
55382000000195,202606,55076817,122
55382000000195,202607,55570819,124
55382000000195,HOJE,55622759,122
55382748000198,202512,496253050,112
55382748000198,202601,491511301,117
55382748000198,202602,487319131,115
55382748000198,202603,483957432,112
55382748000198,202604,482277544,100
55382748000198,202605,481604469,91
55382748000198,202606,481992402,77
55382748000198,202607,482891255,64
55382748000198,HOJE,482998356,60
55384132000156,202512,3068744358,126
55384132000156,202601,2895067121,126
55384132000156,202602,2788677509,124
55384132000156,202603,2681986216,123
55384132000156,202604,2439459418,122
55384132000156,202605,2075829282,121
55384132000156,202606,1889264934,122
55384132000156,202607,1733364877,123
55384132000156,HOJE,1697378344,120
55387239000158,202512,55639212,126
55387239000158,202601,55139594,126
55387239000158,202602,54338288,124
55387239000158,202603,52021426,123
55387239000158,202604,49215951,122
55387239000158,202605,45281674,121
55387239000158,202606,40125893,122
55387239000158,202607,35545054,124
55387239000158,HOJE,34870755,122
55392560000120,202512,22659980,126
55392560000120,202601,22883456,126
55392560000120,202602,23110387,124
55392560000120,202603,23323559,123
55392560000120,202604,23489690,122
55392560000120,202605,23598355,121
55392560000120,202606,23676516,122
55392560000120,202607,23768714,124
55392560000120,HOJE,23774075,122
55392723000175,202512,49669342,126
55392723000175,202601,50541328,126
55392723000175,202602,50758053,124
55392723000175,202603,49472086,123
55392723000175,202604,48155634,122
55392723000175,202605,46759891,121
55392723000175,202606,45396885,122
55392723000175,202607,43972585,124
55392723000175,HOJE,43685519,122
55392885000103,202512,26525140,126
55392885000103,202601,26751552,126
55392885000103,202602,26996596,124
55392885000103,202603,27229497,123
55392885000103,202604,27436665,122
55392885000103,202605,27551824,121
55392885000103,202606,27608513,122
55392885000103,202607,27687167,124
55392885000103,HOJE,27689477,122
55393064000191,202512,24080479,126
55393064000191,202601,24652785,126
55393064000191,202602,25180475,124
55393064000191,202603,25757012,123
55393064000191,202604,26220236,122
55393064000191,202605,26725825,121
55393064000191,202606,27221161,122
55393064000191,202607,27487735,124
55393064000191,HOJE,27515842,122
55402464000116,202512,467682333,126
55402464000116,202601,566772747,126
55402464000116,202602,653109511,124
55402464000116,202603,729284393,123
55402464000116,202604,768946444,122
55402464000116,202605,784595567,121
55402464000116,202606,781316534,122
55402464000116,202607,768905151,124
55402464000116,HOJE,766317519,122
55435590000177,202512,34695475,126
55435590000177,202601,35209705,126
55435590000177,202602,35470098,124
55435590000177,202603,35561166,123
55435590000177,202604,35123038,122
55435590000177,202605,34681956,121
55435590000177,202606,34616048,122
55435590000177,202607,34537104,124
55435590000177,HOJE,34492048,121
55437642000144,202512,14730069,126
55437642000144,202601,14911023,126
55437642000144,202602,15081146,124
55437642000144,202603,15241235,123
55437642000144,202604,15357522,122
55437642000144,202605,15486810,121
55437642000144,202606,15624421,122
55437642000144,202607,15762201,124
55437642000144,HOJE,15773043,121
55437858000100,202512,74252834,126
55437858000100,202601,74803647,126
55437858000100,202602,75402226,124
55437858000100,202603,75797033,123
55437858000100,202604,76065226,122
55437858000100,202605,76084068,121
55437858000100,202606,75790928,122
55437858000100,202607,75543449,124
55437858000100,HOJE,75481875,122
55444936000101,202512,28965065,126
55444936000101,202601,29137267,126
55444936000101,202602,29318611,124
55444936000101,202603,29448974,123
55444936000101,202604,29586047,122
55444936000101,202605,29676626,121
55444936000101,202606,29706497,122
55444936000101,202607,29752452,124
55444936000101,HOJE,29747465,122
55459928000120,202512,42417245,126
55459928000120,202601,46641993,126
55459928000120,202602,49915453,124
55459928000120,202603,52303684,123
55459928000120,202604,53817212,122
55459928000120,202605,55352376,121
55459928000120,202606,56390506,122
55459928000120,202607,56757687,124
55459928000120,HOJE,56768047,120
55465528000128,202512,33482467,126
55465528000128,202601,33843764,126
55465528000128,202602,34204380,124
55465528000128,202603,34477499,123
55465528000128,202604,34550627,122
55465528000128,202605,34232640,121
55465528000128,202606,33850375,122
55465528000128,202607,33580296,124
55465528000128,HOJE,33524027,122
55466751000190,202512,64474082,126
55466751000190,202601,63377114,126
55466751000190,202602,64684079,124
55466751000190,202603,65235853,123
55466751000190,202604,65285414,122
55466751000190,202605,65378797,121
55466751000190,202606,65587929,122
55466751000190,202607,66017726,124
55466751000190,HOJE,66054347,122
55466958000164,202512,34094831,126
55466958000164,202601,32872657,126
55466958000164,202602,31760747,124
55466958000164,202603,30272051,123
55466958000164,202604,28763411,122
55466958000164,202605,27590014,121
55466958000164,202606,27835488,122
55466958000164,202607,28083875,124
55466958000164,HOJE,28107938,122
55467075000179,202512,29302583,126
55467075000179,202601,29597458,126
55467075000179,202602,29896907,124
55467075000179,202603,30117376,123
55467075000179,202604,30201287,122
55467075000179,202605,30283719,121
55467075000179,202606,30154350,122
55467075000179,202607,29844755,124
55467075000179,HOJE,29795769,122
55467420000174,202512,32422495,126
55467420000174,202601,32779040,126
55467420000174,202602,33137802,124
55467420000174,202603,33464893,123
55467420000174,202604,33711464,122
55467420000174,202605,33950322,121
55467420000174,202606,33876971,122
55467420000174,202607,33737087,124
55467420000174,HOJE,33712289,122
55477207000143,202512,141674074,126
55477207000143,202601,141697600,126
55477207000143,202602,141738896,124
55477207000143,202603,141235355,123
55477207000143,202604,140648412,122
55477207000143,202605,139997193,121
55477207000143,202606,139371064,122
55477207000143,202607,138575060,124
55477207000143,HOJE,138396048,122
55477809000109,202512,304782252,126
55477809000109,202601,306190940,126
55477809000109,202602,307178327,124
55477809000109,202603,307448998,123
55477809000109,202604,306429398,122
55477809000109,202605,305170325,121
55477809000109,202606,304432206,122
55477809000109,202607,303573321,124
55477809000109,HOJE,303396524,121
55485710000140,202512,68448123,126
55485710000140,202601,66812163,126
55485710000140,202602,66613019,124
55485710000140,202603,66018150,123
55485710000140,202604,70193289,122
55485710000140,202605,74221381,121
55485710000140,202606,78503752,122
55485710000140,202607,82511790,124
55485710000140,HOJE,83149742,122
55488908000188,202512,106255247,126
55488908000188,202601,107619919,126
55488908000188,202602,108865885,124
55488908000188,202603,110024842,123
55488908000188,202604,110688552,122
55488908000188,202605,111417365,121
55488908000188,202606,112296701,122
55488908000188,202607,113186710,124
55488908000188,HOJE,113271403,122
55490066000107,202512,25303880,126
55490066000107,202601,19738181,126
55490066000107,202602,14432863,124
55490066000107,202603,12755223,123
55490066000107,202604,12532470,122
55490066000107,202605,12662435,121
55490066000107,202606,12791409,122
55490066000107,202607,12931047,124
55490066000107,HOJE,12944358,121
55502385000187,202512,43931684,126
55502385000187,202601,46264681,126
55502385000187,202602,47093300,124
55502385000187,202603,45240486,123
55502385000187,202604,43050490,122
55502385000187,202605,39995276,121
55502385000187,202606,35539664,122
55502385000187,202607,30208799,124
55502385000187,HOJE,29464202,122
55505792000148,202512,17559932,126
55505792000148,202601,17782080,126
55505792000148,202602,17985145,124
55505792000148,202603,18178955,123
55505792000148,202604,18295070,122
55505792000148,202605,18414675,121
55505792000148,202606,18556191,122
55505792000148,202607,18700929,124
55505792000148,HOJE,18715081,122
55506450000142,202512,62553843,126
55506450000142,202601,63520553,126
55506450000142,202602,64516831,124
55506450000142,202603,65257105,123
55506450000142,202604,65450148,122
55506450000142,202605,65432527,121
55506450000142,202606,65269024,122
55506450000142,202607,65132159,124
55506450000142,HOJE,65090857,122
55507561000173,202512,33196576,126
55507561000173,202601,33445355,126
55507561000173,202602,33735712,124
55507561000173,202603,33969825,123
55507561000173,202604,34230538,122
55507561000173,202605,34405921,121
55507561000173,202606,34470200,122
55507561000173,202607,34567913,124
55507561000173,HOJE,34565432,122
55507577000186,202512,28586753,126
55507577000186,202601,28794050,126
55507577000186,202602,29028067,124
55507577000186,202603,29209047,123
55507577000186,202604,29414620,122
55507577000186,202605,29549476,121
55507577000186,202606,29589753,122
55507577000186,202607,29661273,124
55507577000186,HOJE,29658216,122
55507601000187,202512,39968220,126
55507601000187,202601,40730574,126
55507601000187,202602,41405703,124
55507601000187,202603,42028260,123
55507601000187,202604,42621811,122
55507601000187,202605,43109127,121
55507601000187,202606,43343894,122
55507601000187,202607,43446139,124
55507601000187,HOJE,43440548,122
55521846000169,202512,27467321,126
55521846000169,202601,26051403,126
55521846000169,202602,24774523,124
55521846000169,202603,23136009,123
55521846000169,202604,21862897,122
55521846000169,202605,22059257,121
55521846000169,202606,22808264,122
55521846000169,202607,23611299,124
55521846000169,HOJE,23718365,122
55536261000112,202512,19717752,126
55536261000112,202601,19987571,126
55536261000112,202602,20188934,124
55536261000112,202603,20380447,123
55536261000112,202604,20521065,122
55536261000112,202605,20620892,121
55536261000112,202606,20706716,122
55536261000112,202607,20803737,124
55536261000112,HOJE,20810385,122
55536855000123,202512,82202994,126
55536855000123,202601,83713009,126
55536855000123,202602,85106051,124
55536855000123,202603,86508214,123
55536855000123,202604,87620450,122
55536855000123,202605,88442588,121
55536855000123,202606,88833439,122
55536855000123,202607,89286042,124
55536855000123,HOJE,89312450,122
55538070000190,202512,28409413,126
55538070000190,202601,28720756,126
55538070000190,202602,29043476,124
55538070000190,202603,29331343,123
55538070000190,202604,29561132,122
55538070000190,202605,29757509,121
55538070000190,202606,29915581,122
55538070000190,202607,30079874,124
55538070000190,HOJE,30086656,121
55538903000112,202512,19683145,126
55538903000112,202601,19882388,126
55538903000112,202602,20086700,124
55538903000112,202603,20265431,123
55538903000112,202604,20401787,122
55538903000112,202605,20371529,121
55538903000112,202606,20129525,122
55538903000112,202607,19872994,124
55538903000112,HOJE,19840605,121
55539196000189,202512,26620829,126
55539196000189,202601,27430915,126
55539196000189,202602,28045470,124
55539196000189,202603,28273853,123
55539196000189,202604,28432125,122
55539196000189,202605,28572176,121
55539196000189,202606,28868707,122
55539196000189,202607,28915703,124
55539196000189,HOJE,28898663,121
55539367000170,202512,24004431,126
55539367000170,202601,24158988,126
55539367000170,202602,24435194,124
55539367000170,202603,24629881,123
55539367000170,202604,24673489,122
55539367000170,202605,24697009,121
55539367000170,202606,24710097,122
55539367000170,202607,24635746,124
55539367000170,HOJE,24612522,121
55550657000114,202512,152146326,126
55550657000114,202601,153675811,126
55550657000114,202602,155273129,124
55550657000114,202603,156862526,123
55550657000114,202604,157997127,122
55550657000114,202605,158469498,121
55550657000114,202606,158477118,122
55550657000114,202607,158739590,124
55550657000114,HOJE,158739397,122
55562304000134,202512,114272070,126
55562304000134,202601,115100127,126
55562304000134,202602,115903117,124
55562304000134,202603,116525798,123
55562304000134,202604,116975579,122
55562304000134,202605,117724329,121
55562304000134,202606,118633392,122
55562304000134,202607,119575774,124
55562304000134,HOJE,119642213,121
55563322000130,202512,45710906,126
55563322000130,202601,46296838,126
55563322000130,202602,46955415,124
55563322000130,202603,47666097,123
55563322000130,202604,48222484,122
55563322000130,202605,48824574,121
55563322000130,202606,49431625,122
55563322000130,202607,49926611,124
55563322000130,HOJE,49975127,122
55563583000150,202512,37793498,116
55563583000150,202601,41653403,126
55563583000150,202602,46230947,124
55563583000150,202603,52405706,123
55563583000150,202604,59171501,122
55563583000150,202605,66369228,121
55563583000150,202606,73424897,122
55563583000150,202607,77982279,124
55563583000150,HOJE,78687090,121
55572497000104,202512,230433611,107
55572497000104,202601,225021352,108
55572497000104,202602,215406683,106
55572497000104,202603,204012145,102
55572497000104,202604,202150391,88
55572497000104,202605,212848959,88
55572497000104,202606,240423195,69
55572497000104,202607,248690906,48
55572497000104,HOJE,253091435,44
55574617000102,202512,13775576,126
55574617000102,202601,13915974,126
55574617000102,202602,14065357,124
55574617000102,202603,14195402,123
55574617000102,202604,14312783,122
55574617000102,202605,14406083,121
55574617000102,202606,14483263,122
55574617000102,202607,14566961,124
55574617000102,HOJE,14572630,122
55575472000164,202512,61990947,126
55575472000164,202601,64175824,126
55575472000164,202602,66221738,124
55575472000164,202603,69147450,123
55575472000164,202604,72896290,122
55575472000164,202605,75486391,121
55575472000164,202606,78143462,122
55575472000164,202607,81075576,124
55575472000164,HOJE,81454106,121
55580077000170,202512,20548205,126
55580077000170,202601,20836420,126
55580077000170,202602,21129496,124
55580077000170,202603,21441676,123
55580077000170,202604,21732777,122
55580077000170,202605,21951228,121
55580077000170,202606,22004833,122
55580077000170,202607,22078071,124
55580077000170,HOJE,22080547,121
55582812000184,202512,312671555,126
55582812000184,202601,298612579,126
55582812000184,202602,287332962,124
55582812000184,202603,267385485,123
55582812000184,202604,238658234,122
55582812000184,202605,216355673,121
55582812000184,202606,196079500,122
55582812000184,202607,173894628,124
55582812000184,HOJE,169424690,122
55597133000189,202512,42193900,126
55597133000189,202601,44131263,126
55597133000189,202602,46314749,124
55597133000189,202603,48319358,123
55597133000189,202604,49565237,122
55597133000189,202605,50576098,121
55597133000189,202606,51498476,122
55597133000189,202607,51755620,124
55597133000189,HOJE,51748550,122
55597503000188,202512,13203101,126
55597503000188,202601,13421294,126
55597503000188,202602,13579985,124
55597503000188,202603,13747959,123
55597503000188,202604,13882263,122
55597503000188,202605,13995907,121
55597503000188,202606,14105719,122
55597503000188,202607,14218125,124
55597503000188,HOJE,14228384,122
55600064000115,202512,78868387,126
55600064000115,202601,77793375,126
55600064000115,202602,76840508,124
55600064000115,202603,75404799,123
55600064000115,202604,73841681,122
55600064000115,202605,72225634,121
55600064000115,202606,72468616,122
55600064000115,202607,72956931,124
55600064000115,HOJE,72987824,121
55615052000164,202512,48860081,126
55615052000164,202601,51523662,126
55615052000164,202602,53968342,124
55615052000164,202603,56765796,123
55615052000164,202604,59303291,122
55615052000164,202605,61767858,121
55615052000164,202606,63664736,122
55615052000164,202607,63783996,124
55615052000164,HOJE,63777814,122
55618772000183,202512,17522779,126
55618772000183,202601,17691858,126
55618772000183,202602,17870150,124
55618772000183,202603,18019151,123
55618772000183,202604,18133843,122
55618772000183,202605,18210080,121
55618772000183,202606,18253025,122
55618772000183,202607,18298425,124
55618772000183,HOJE,18296846,122
55627121000150,202512,29489879,126
55627121000150,202601,29413934,126
55627121000150,202602,29367220,124
55627121000150,202603,29135442,123
55627121000150,202604,28890630,122
55627121000150,202605,28589067,121
55627121000150,202606,27971943,122
55627121000150,202607,27333725,124
55627121000150,HOJE,27234673,122
55632270000107,202512,50312110,126
55632270000107,202601,50949164,126
55632270000107,202602,51562694,124
55632270000107,202603,52042136,123
55632270000107,202604,52316742,122
55632270000107,202605,52505919,121
55632270000107,202606,52645544,122
55632270000107,202607,50127883,124
55632270000107,HOJE,49555489,122
55647058000113,202512,42370925,126
55647058000113,202601,44115890,126
55647058000113,202602,45799162,124
55647058000113,202603,47644336,123
55647058000113,202604,48199976,122
55647058000113,202605,48448396,121
55647058000113,202606,48333162,122
55647058000113,202607,47557503,124
55647058000113,HOJE,47481596,121
55652661000193,202512,1500104465,126
55652661000193,202601,1548434909,126
55652661000193,202602,1555782644,124
55652661000193,202603,1554942580,123
55652661000193,202604,1543529496,122
55652661000193,202605,1522293364,121
55652661000193,202606,1487562065,122
55652661000193,202607,1440596969,124
55652661000193,HOJE,1434104870,122
55665281000193,202512,15834918,126
55665281000193,202601,16516543,126
55665281000193,202602,16625171,124
55665281000193,202603,16693110,123
55665281000193,202604,16769665,122
55665281000193,202605,16804166,121
55665281000193,202606,16818193,122
55665281000193,202607,16844698,124
55665281000193,HOJE,16836519,122
55674822000140,202512,34022010,126
55674822000140,202601,34383179,126
55674822000140,202602,34740972,124
55674822000140,202603,35079756,123
55674822000140,202604,35325985,122
55674822000140,202605,35500331,121
55674822000140,202606,35649078,122
55674822000140,202607,35819009,124
55674822000140,HOJE,35831039,122
55675472000136,202512,27062049,126
55675472000136,202601,26219847,126
55675472000136,202602,25426113,124
55675472000136,202603,24517404,123
55675472000136,202604,23672503,122
55675472000136,202605,22624839,121
55675472000136,202606,21484129,122
55675472000136,202607,20227483,124
55675472000136,HOJE,20042758,122
55685435000109,202512,171914579,126
55685435000109,202601,174647592,126
55685435000109,202602,177382094,124
55685435000109,202603,180099950,123
55685435000109,202604,182937348,122
55685435000109,202605,186665450,121
55685435000109,202606,190119406,122
55685435000109,202607,193792597,124
55685435000109,HOJE,194278181,122
55689417000103,202512,44077983,126
55689417000103,202601,52786794,126
55689417000103,202602,63503329,124
55689417000103,202603,77902174,123
55689417000103,202604,96826426,122
55689417000103,202605,119556234,120
55689417000103,202606,148091924,121
55689417000103,202607,176723201,123
55689417000103,HOJE,180284387,121
55701008000177,202512,68164733,126
55701008000177,202601,68356437,126
55701008000177,202602,68560318,124
55701008000177,202603,68571120,123
55701008000177,202604,68395974,122
55701008000177,202605,68143657,121
55701008000177,202606,67852243,122
55701008000177,202607,67359461,124
55701008000177,HOJE,67276562,122
55704392000161,202512,27748947,126
55704392000161,202601,27532923,126
55704392000161,202602,27309271,124
55704392000161,202603,26931186,123
55704392000161,202604,26578423,122
55704392000161,202605,26166977,121
55704392000161,202606,25750575,122
55704392000161,202607,25768150,124
55704392000161,HOJE,25767769,121
55708971000182,202512,177021314,126
55708971000182,202601,178986966,126
55708971000182,202602,180897037,124
55708971000182,202603,182698137,123
55708971000182,202604,183958440,122
55708971000182,202605,185010980,121
55708971000182,202606,186069591,122
55708971000182,202607,187202808,124
55708971000182,HOJE,187295155,122
55726312000179,202512,739577338,126
55726312000179,202601,749186515,126
55726312000179,202602,758753250,124
55726312000179,202603,769841551,123
55726312000179,202604,774582004,122
55726312000179,202605,781020075,121
55726312000179,202606,783925007,122
55726312000179,202607,774052244,124
55726312000179,HOJE,772260716,122
55746538000131,202512,33690741,126
55746538000131,202601,34012495,126
55746538000131,202602,34349384,124
55746538000131,202603,34613240,123
55746538000131,202604,34812243,122
55746538000131,202605,34937574,121
55746538000131,202606,35025401,122
55746538000131,202607,35166062,124
55746538000131,HOJE,35165657,121
55750852000198,202512,21205031,126
55750852000198,202601,21427265,126
55750852000198,202602,21651218,124
55750852000198,202603,21859019,123
55750852000198,202604,22013992,122
55750852000198,202605,22126707,121
55750852000198,202606,22215643,122
55750852000198,202607,22315701,124
55750852000198,HOJE,22319728,121
55751489000125,202512,1285529733,126
55751489000125,202601,1297756031,126
55751489000125,202602,1308976390,124
55751489000125,202603,1316844907,123
55751489000125,202604,1319356336,122
55751489000125,202605,1323778669,121
55751489000125,202606,1330479631,122
55751489000125,202607,1336329584,124
55751489000125,HOJE,1336495148,122
55751548000165,202512,54303200,126
55751548000165,202601,53584025,126
55751548000165,202602,52556605,124
55751548000165,202603,52282462,123
55751548000165,202604,52373322,122
55751548000165,202605,52374007,121
55751548000165,202606,52355152,122
55751548000165,202607,52834453,124
55751548000165,HOJE,52907005,122
55751815000102,202512,42215245,126
55751815000102,202601,42619583,126
55751815000102,202602,43042304,124
55751815000102,202603,43420199,123
55751815000102,202604,43729303,122
55751815000102,202605,43930008,121
55751815000102,202606,44024618,122
55751815000102,202607,44148042,124
55751815000102,HOJE,44151506,122
55751956000117,202512,67206506,126
55751956000117,202601,67816146,126
55751956000117,202602,68393907,124
55751956000117,202603,68750554,123
55751956000117,202604,69014815,122
55751956000117,202605,69209039,121
55751956000117,202606,69276739,122
55751956000117,202607,69387020,124
55751956000117,HOJE,69362851,122
55753823000180,202512,31278564,126
55753823000180,202601,31558164,126
55753823000180,202602,31853670,124
55753823000180,202603,32096706,123
55753823000180,202604,32295412,122
55753823000180,202605,32415365,121
55753823000180,202606,32474126,122
55753823000180,202607,32463016,124
55753823000180,HOJE,32408921,122
55754033000119,202512,22347791,126
55754033000119,202601,22541287,126
55754033000119,202602,22740648,124
55754033000119,202603,22886704,123
55754033000119,202604,22997892,122
55754033000119,202605,23058289,121
55754033000119,202606,23073479,122
55754033000119,202607,23088791,124
55754033000119,HOJE,23081226,122
55754091000142,202512,11501788,126
55754091000142,202601,11572412,126
55754091000142,202602,11698504,124
55754091000142,202603,11840643,123
55754091000142,202604,11971230,122
55754091000142,202605,12082742,121
55754091000142,202606,12121698,122
55754091000142,202607,12159646,124
55754091000142,HOJE,12165582,122
55754239000149,202512,37033356,126
55754239000149,202601,38372899,126
55754239000149,202602,38716456,124
55754239000149,202603,38882272,123
55754239000149,202604,38649381,122
55754239000149,202605,38428078,121
55754239000149,202606,38528463,122
55754239000149,202607,38636831,124
55754239000149,HOJE,38636985,122
55761382000168,202512,45783469,126
55761382000168,202601,46216914,126
55761382000168,202602,46674961,124
55761382000168,202603,47040249,123
55761382000168,202604,47302832,122
55761382000168,202605,47446705,121
55761382000168,202606,47520891,122
55761382000168,202607,47605338,124
55761382000168,HOJE,47597473,122
55761979000102,202512,11541223,126
55761979000102,202601,11677881,126
55761979000102,202602,11815149,124
55761979000102,202603,11950566,123
55761979000102,202604,12062087,122
55761979000102,202605,12169979,121
55761979000102,202606,12270623,122
55761979000102,202607,12374671,124
55761979000102,HOJE,12385494,122
55763285000104,202512,474099079,126
55763285000104,202601,469405182,126
55763285000104,202602,460017764,124
55763285000104,202603,444629940,123
55763285000104,202604,431072303,122
55763285000104,202605,415461269,121
55763285000104,202606,398322848,122
55763285000104,202607,383286356,124
55763285000104,HOJE,381421696,122
55767954000116,202512,53869072,125
55767954000116,202601,54047710,125
55767954000116,202602,54214275,123
55767954000116,202603,54326423,122
55767954000116,202604,54595731,122
55767954000116,202605,54849077,121
55767954000116,202606,54971366,122
55767954000116,202607,55176791,123
55767954000116,HOJE,55206756,121
55768240000122,202512,36546619,126
55768240000122,202601,37041065,126
55768240000122,202602,37510921,124
55768240000122,202603,37964480,123
55768240000122,202604,38255731,122
55768240000122,202605,38553165,121
55768240000122,202606,38885662,122
55768240000122,202607,39229768,124
55768240000122,HOJE,39265292,122
55772629000141,202512,56307452,126
55772629000141,202601,56921748,126
55772629000141,202602,57568474,124
55772629000141,202603,56483967,123
55772629000141,202604,54565675,122
55772629000141,202605,52554256,121
55772629000141,202606,49608889,122
55772629000141,202607,45271156,124
55772629000141,HOJE,44627954,122
55808078000129,202512,994937652,126
55808078000129,202601,1049453105,126
55808078000129,202602,1096328408,124
55808078000129,202603,1130662574,123
55808078000129,202604,1138369954,122
55808078000129,202605,1077423727,121
55808078000129,202606,960628229,122
55808078000129,202607,800309254,124
55808078000129,HOJE,778995418,122
55826207000101,202512,222332432,126
55826207000101,202601,222088791,126
55826207000101,202602,222300613,124
55826207000101,202603,222366788,123
55826207000101,202604,222185259,122
55826207000101,202605,221273102,121
55826207000101,202606,220138305,122
55826207000101,202607,218494305,124
55826207000101,HOJE,218219695,122
55839003000105,202512,113531839,126
55839003000105,202601,115675302,126
55839003000105,202602,117747204,124
55839003000105,202603,120220899,123
55839003000105,202604,122534150,122
55839003000105,202605,125172055,121
55839003000105,202606,128048150,122
55839003000105,202607,131274082,124
55839003000105,HOJE,131639760,121
55861122000164,202512,46009975,126
55861122000164,202601,46445722,126
55861122000164,202602,46919394,124
55861122000164,202603,47341829,123
55861122000164,202604,47701251,122
55861122000164,202605,47997271,121
55861122000164,202606,48217195,122
55861122000164,202607,48472663,124
55861122000164,HOJE,48486557,121
55892310000150,202512,25637328,126
55892310000150,202601,25518795,126
55892310000150,202602,25592740,124
55892310000150,202603,25577510,123
55892310000150,202604,25596720,122
55892310000150,202605,25673223,121
55892310000150,202606,25705613,122
55892310000150,202607,25744311,124
55892310000150,HOJE,25738311,122
55892816000169,202512,18344101,126
55892816000169,202601,19956617,126
55892816000169,202602,21076547,124
55892816000169,202603,21916120,123
55892816000169,202604,22360656,122
55892816000169,202605,22493058,121
55892816000169,202606,22588375,122
55892816000169,202607,22787651,124
55892816000169,HOJE,22812948,122
55893460000188,202512,173990339,126
55893460000188,202601,175529036,126
55893460000188,202602,172609593,124
55893460000188,202603,162279049,123
55893460000188,202604,151427836,122
55893460000188,202605,139794767,121
55893460000188,202606,127873220,122
55893460000188,202607,118978170,124
55893460000188,HOJE,118177571,121
55894503000140,202512,44177270,126
55894503000140,202601,44576349,126
55894503000140,202602,44992907,124
55894503000140,202603,45311129,123
55894503000140,202604,45525182,122
55894503000140,202605,45635762,121
55894503000140,202606,45590841,122
55894503000140,202607,45064117,124
55894503000140,HOJE,44988380,122
55894683000160,202512,20041765,126
55894683000160,202601,19288984,126
55894683000160,202602,18762994,124
55894683000160,202603,18041247,123
55894683000160,202604,17337780,122
55894683000160,202605,16575281,121
55894683000160,202606,15906921,122
55894683000160,202607,16067994,124
55894683000160,HOJE,16062397,122
55895324000127,202512,19162123,126
55895324000127,202601,19401521,126
55895324000127,202602,19628581,124
55895324000127,202603,19836852,123
55895324000127,202604,19995552,122
55895324000127,202605,20153785,121
55895324000127,202606,20332083,122
55895324000127,202607,20495410,124
55895324000127,HOJE,20508438,121
55896144000160,202512,40714657,126
55896144000160,202601,40817093,126
55896144000160,202602,40876516,124
55896144000160,202603,40876012,123
55896144000160,202604,40805384,122
55896144000160,202605,40743005,121
55896144000160,202606,40713091,122
55896144000160,202607,40696293,124
55896144000160,HOJE,40672180,121
55897646000105,202512,34019693,126
55897646000105,202601,34465930,126
55897646000105,202602,34636630,124
55897646000105,202603,34686798,123
55897646000105,202604,34839675,122
55897646000105,202605,35079184,121
55897646000105,202606,35272446,122
55897646000105,202607,35457351,124
55897646000105,HOJE,35487729,122
55898568000163,202512,54703795,126
55898568000163,202601,55240451,126
55898568000163,202602,55809313,124
55898568000163,202603,56400582,123
55898568000163,202604,56856991,122
55898568000163,202605,57071071,121
55898568000163,202606,57112326,122
55898568000163,202607,57247333,124
55898568000163,HOJE,57252384,122
55898593000147,202512,42002977,126
55898593000147,202601,42402149,126
55898593000147,202602,42828237,124
55898593000147,202603,43228830,123
55898593000147,202604,43617050,122
55898593000147,202605,43915930,121
55898593000147,202606,44111769,122
55898593000147,202607,44340515,124
55898593000147,HOJE,44360264,122
55898974000126,202512,43167980,126
55898974000126,202601,43604746,126
55898974000126,202602,44061223,124
55898974000126,202603,42969158,123
55898974000126,202604,41453261,122
55898974000126,202605,39737357,121
55898974000126,202606,37902002,122
55898974000126,202607,36036689,124
55898974000126,HOJE,35705011,122
55899469000104,202512,23328948,126
55899469000104,202601,24698363,126
55899469000104,202602,25995621,124
55899469000104,202603,27534123,123
55899469000104,202604,28929286,122
55899469000104,202605,29725357,121
55899469000104,202606,29763636,122
55899469000104,202607,29849456,124
55899469000104,HOJE,29855081,122
55911526000115,202512,487640330,126
55911526000115,202601,509512786,126
55911526000115,202602,533223133,124
55911526000115,202603,563031428,123
55911526000115,202604,588192162,122
55911526000115,202605,614130183,121
55911526000115,202606,642455101,122
55911526000115,202607,671447606,124
55911526000115,HOJE,673568695,121
55911650000180,202512,24671702,126
55911650000180,202601,25516799,126
55911650000180,202602,25568547,124
55911650000180,202603,25416543,123
55911650000180,202604,26387570,122
55911650000180,202605,28121677,121
55911650000180,202606,29887980,122
55911650000180,202607,31745142,124
55911650000180,HOJE,31981156,121
55912709000155,202512,177435424,126
55912709000155,202601,185833414,126
55912709000155,202602,194112698,124
55912709000155,202603,199375498,123
55912709000155,202604,200797399,122
55912709000155,202605,201735619,121
55912709000155,202606,202350213,122
55912709000155,202607,203026906,124
55912709000155,HOJE,203012130,121
55914466000194,202512,22678520,126
55914466000194,202601,22898177,126
55914466000194,202602,23122161,124
55914466000194,202603,23217352,123
55914466000194,202604,23292630,122
55914466000194,202605,23379899,121
55914466000194,202606,23462839,122
55914466000194,202607,23509851,124
55914466000194,HOJE,23502412,121
55927207000106,202512,52957466,126
55927207000106,202601,53427287,126
55927207000106,202602,53929658,124
55927207000106,202603,54365936,123
55927207000106,202604,54742829,122
55927207000106,202605,54955278,121
55927207000106,202606,55052381,122
55927207000106,202607,55176287,124
55927207000106,HOJE,55169710,121
55928061000105,202512,4112878530,126
55928061000105,202601,4380121650,126
55928061000105,202602,4636932465,124
55928061000105,202603,4963902777,123
55928061000105,202604,5264020612,122
55928061000105,202605,5574050460,121
55928061000105,202606,5905709169,122
55928061000105,202607,6266002275,124
55928061000105,HOJE,6301773524,121
55937743000184,202512,17187469,126
55937743000184,202601,17306929,126
55937743000184,202602,17416665,124
55937743000184,202603,17448685,123
55937743000184,202604,17481347,122
55937743000184,202605,17500895,121
55937743000184,202606,17490731,122
55937743000184,202607,17502608,124
55937743000184,HOJE,17493516,122
55937998000147,202512,64491769,126
55937998000147,202601,65341444,126
55937998000147,202602,66164473,124
55937998000147,202603,66806596,123
55937998000147,202604,67301512,122
55937998000147,202605,67575178,121
55937998000147,202606,67761208,122
55937998000147,202607,67966945,124
55937998000147,HOJE,67965912,122
55939214000110,202512,64971228,126
55939214000110,202601,65597841,126
55939214000110,202602,66265352,124
55939214000110,202603,66962340,123
55939214000110,202604,67502316,122
55939214000110,202605,67755720,121
55939214000110,202606,67798914,122
55939214000110,202607,67952051,124
55939214000110,HOJE,67957421,122
55939498000144,202512,13785840,126
55939498000144,202601,13925753,126
55939498000144,202602,14072037,124
55939498000144,202603,14220199,123
55939498000144,202604,14328620,122
55939498000144,202605,14375715,121
55939498000144,202606,14377654,122
55939498000144,202607,14400483,124
55939498000144,HOJE,14400059,122
55940692000140,202512,172668101,126
55940692000140,202601,178605400,126
55940692000140,202602,184117131,124
55940692000140,202603,190136942,123
55940692000140,202604,192487696,122
55940692000140,202605,193752002,121
55940692000140,202606,193829663,122
55940692000140,202607,192265034,124
55940692000140,HOJE,191938877,122
55945272000156,202512,17179024,126
55945272000156,202601,17382839,126
55945272000156,202602,17588081,124
55945272000156,202603,17805955,123
55945272000156,202604,18010087,122
55945272000156,202605,18220870,121
55945272000156,202606,18498639,122
55945272000156,202607,18759903,124
55945272000156,HOJE,18784393,121
55946775000146,202512,7835547,126
55946775000146,202601,8203141,126
55946775000146,202602,8546067,124
55946775000146,202603,8885050,123
55946775000146,202604,8953325,122
55946775000146,202605,9021309,121
55946775000146,202606,9114381,122
55946775000146,202607,9179042,124
55946775000146,HOJE,9183147,121
55956652000196,202512,512741447,125
55956652000196,202601,613959113,125
55956652000196,202602,696802336,123
55956652000196,202603,767968695,122
55956652000196,202604,787444085,122
55956652000196,202605,771160788,121
55956652000196,202606,733030193,122
55956652000196,202607,686942610,124
55956652000196,HOJE,681170059,122
55981966000149,202512,42264318,126
55981966000149,202601,43030911,126
55981966000149,202602,43775302,124
55981966000149,202603,44565563,123
55981966000149,202604,45181511,122
55981966000149,202605,45760827,121
55981966000149,202606,46137048,122
55981966000149,202607,46182615,124
55981966000149,HOJE,46146863,122
55983101000111,202512,36572478,126
55983101000111,202601,36884258,126
55983101000111,202602,37220892,124
55983101000111,202603,37547775,123
55983101000111,202604,37845695,122
55983101000111,202605,38015108,121
55983101000111,202606,38101523,122
55983101000111,202607,38217588,124
55983101000111,HOJE,38220059,121
55984087000170,202512,43440346,126
55984087000170,202601,45382947,126
55984087000170,202602,47032043,124
55984087000170,202603,48022780,123
55984087000170,202604,49111772,122
55984087000170,202605,50241107,121
55984087000170,202606,51040575,122
55984087000170,202607,51775997,123
55984087000170,HOJE,51869564,120
55994151000102,202512,34236938,126
55994151000102,202601,35559127,126
55994151000102,202602,37228422,124
55994151000102,202603,39600668,123
55994151000102,202604,42041837,122
55994151000102,202605,44461106,121
55994151000102,202606,46510620,122
55994151000102,202607,48223668,124
55994151000102,HOJE,48443222,121
55994210000134,202512,982943424,126
55994210000134,202601,1066779331,126
55994210000134,202602,1130281804,124
55994210000134,202603,1188143031,123
55994210000134,202604,1225704059,122
55994210000134,202605,1257033450,121
55994210000134,202606,1279561254,122
55994210000134,202607,1294597683,124
55994210000134,HOJE,1296681503,122
56004782000191,202512,23339057,126
56004782000191,202601,23633077,126
56004782000191,202602,23902349,124
56004782000191,202603,24160882,123
56004782000191,202604,24070499,122
56004782000191,202605,23897475,121
56004782000191,202606,23744496,122
56004782000191,202607,23576489,124
56004782000191,HOJE,23541455,121
56022951000116,202512,155637598,126
56022951000116,202601,162919381,126
56022951000116,202602,169703747,124
56022951000116,202603,175837686,123
56022951000116,202604,176787309,122
56022951000116,202605,177438108,121
56022951000116,202606,177931945,122
56022951000116,202607,178554358,124
56022951000116,HOJE,178541668,121
56033932000195,202512,21550227,126
56033932000195,202601,21767151,126
56033932000195,202602,21993136,124
56033932000195,202603,22220894,123
56033932000195,202604,22389146,122
56033932000195,202605,22463169,121
56033932000195,202606,22468656,122
56033932000195,202607,22508241,124
56033932000195,HOJE,22508208,122
56033991000163,202512,249198882,126
56033991000163,202601,251685727,126
56033991000163,202602,254297692,124
56033991000163,202603,256947643,123
56033991000163,202604,258953870,122
56033991000163,202605,259867649,121
56033991000163,202606,259996175,122
56033991000163,202607,260539152,124
56033991000163,HOJE,260551442,122
56046971000127,202512,58024253,126
56046971000127,202601,58869195,126
56046971000127,202602,59604132,124
56046971000127,202603,60290326,123
56046971000127,202604,60709571,122
56046971000127,202605,61198310,121
56046971000127,202606,61767335,122
56046971000127,202607,62271655,124
56046971000127,HOJE,62293692,122
56047457000106,202512,37980405,126
56047457000106,202601,38310576,126
56047457000106,202602,38651368,124
56047457000106,202603,39109416,123
56047457000106,202604,39420051,122
56047457000106,202605,39859736,121
56047457000106,202606,40550272,122
56047457000106,202607,41741054,124
56047457000106,HOJE,41859350,122
56047653000180,202512,45984536,125
56047653000180,202601,46426657,125
56047653000180,202602,46896046,123
56047653000180,202603,47320757,122
56047653000180,202604,47676550,122
56047653000180,202605,47975833,120
56047653000180,202606,48218160,121
56047653000180,202607,48484175,123
56047653000180,HOJE,48502154,121
56049285000100,202512,875823740,126
56049285000100,202601,917822748,126
56049285000100,202602,952069091,124
56049285000100,202603,960280247,123
56049285000100,202604,948775703,122
56049285000100,202605,913719767,121
56049285000100,202606,869406396,122
56049285000100,202607,819857023,124
56049285000100,HOJE,811998841,122
56052260000165,202512,120638389,126
56052260000165,202601,124424838,126
56052260000165,202602,127214023,124
56052260000165,202603,129304173,123
56052260000165,202604,129137872,122
56052260000165,202605,128221408,121
56052260000165,202606,126536617,122
56052260000165,202607,124190943,124
56052260000165,HOJE,123769217,122
56052884000182,202512,51898366,126
56052884000182,202601,52414304,126
56052884000182,202602,52958678,124
56052884000182,202603,53519786,123
56052884000182,202604,53938139,122
56052884000182,202605,54122066,121
56052884000182,202606,54156235,122
56052884000182,202607,54269425,124
56052884000182,HOJE,54270816,121
56053092000122,202512,55347454,126
56053092000122,202601,55902441,126
56053092000122,202602,56481240,124
56053092000122,202603,57057590,123
56053092000122,202604,57446245,122
56053092000122,202605,57583860,121
56053092000122,202606,57563202,122
56053092000122,202607,57631394,124
56053092000122,HOJE,57625146,121
56053893000198,202512,120673901,126
56053893000198,202601,122111176,126
56053893000198,202602,123490849,124
56053893000198,202603,125086058,123
56053893000198,202604,126705287,122
56053893000198,202605,128142416,121
56053893000198,202606,129318883,122
56053893000198,202607,130426357,124
56053893000198,HOJE,130577809,122
56060474000183,202512,37213398,126
56060474000183,202601,37522287,126
56060474000183,202602,37881591,124
56060474000183,202603,38235844,123
56060474000183,202604,38565161,122
56060474000183,202605,38827315,121
56060474000183,202606,39009598,122
56060474000183,202607,39209220,124
56060474000183,HOJE,39223383,122
56067569000129,202512,318970522,126
56067569000129,202601,324068818,126
56067569000129,202602,328143616,124
56067569000129,202603,331746856,123
56067569000129,202604,334499457,122
56067569000129,202605,335984695,121
56067569000129,202606,336594109,122
56067569000129,202607,336856612,124
56067569000129,HOJE,336765229,122
56067582000188,202512,162169351,125
56067582000188,202601,205750366,125
56067582000188,202602,250222971,123
56067582000188,202603,293811724,123
56067582000188,202604,330570973,122
56067582000188,202605,370817963,121
56067582000188,202606,403058679,122
56067582000188,202607,437794568,124
56067582000188,HOJE,441538522,121
56088570000130,202512,11120662,126
56088570000130,202601,11203001,126
56088570000130,202602,11298369,124
56088570000130,202603,11371286,123
56088570000130,202604,11451742,122
56088570000130,202605,11505705,121
56088570000130,202606,11523492,122
56088570000130,202607,11553262,124
56088570000130,HOJE,11552091,122
56089347000107,202512,41953263,126
56089347000107,202601,42287242,126
56089347000107,202602,42650757,124
56089347000107,202603,42923571,123
56089347000107,202604,43218775,122
56089347000107,202605,43399927,121
56089347000107,202606,43453383,122
56089347000107,202607,43545096,124
56089347000107,HOJE,43536300,122
56093218000192,202512,331315619,125
56093218000192,202601,343754509,126
56093218000192,202602,347975432,124
56093218000192,202603,350805855,123
56093218000192,202604,352565348,122
56093218000192,202605,352954711,121
56093218000192,202606,353202107,122
56093218000192,202607,353273795,124
56093218000192,HOJE,353070752,121
56105999000198,202512,328459892,126
56105999000198,202601,330372448,126
56105999000198,202602,332103991,124
56105999000198,202603,332945294,123
56105999000198,202604,333167627,122
56105999000198,202605,333201579,121
56105999000198,202606,333144673,122
56105999000198,202607,333477788,124
56105999000198,HOJE,333489122,122
56108411000150,202512,668151525,126
56108411000150,202601,743541906,126
56108411000150,202602,818534518,124
56108411000150,202603,888058048,123
56108411000150,202604,937410932,122
56108411000150,202605,987737551,121
56108411000150,202606,1036007847,122
56108411000150,202607,1074506788,124
56108411000150,HOJE,1079093591,122
56127042000142,202512,21573451,126
56127042000142,202601,21702437,126
56127042000142,202602,21852585,124
56127042000142,202603,21966402,123
56127042000142,202604,22080703,122
56127042000142,202605,22176949,121
56127042000142,202606,22228322,122
56127042000142,202607,22302942,124
56127042000142,HOJE,22306833,122
56149470000176,202512,9195855,99
56149470000176,202601,8749789,100
56149470000176,202602,8510732,98
56149470000176,202603,8364190,94
56149470000176,202604,8291182,81
56149470000176,202605,8289451,83
56149470000176,202606,8293370,69
56149470000176,202607,8285084,56
56149470000176,HOJE,8289414,52
56154549000195,202512,12001716,126
56154549000195,202601,12152047,126
56154549000195,202602,12288010,124
56154549000195,202603,12398187,123
56154549000195,202604,12487024,122
56154549000195,202605,12565127,121
56154549000195,202606,12674213,122
56154549000195,202607,12750008,124
56154549000195,HOJE,12757194,121
56159439000116,202512,25023124,126
56159439000116,202601,26931019,126
56159439000116,202602,28682634,124
56159439000116,202603,30964140,123
56159439000116,202604,33243412,122
56159439000116,202605,35506513,121
56159439000116,202606,37009931,122
56159439000116,202607,37539544,124
56159439000116,HOJE,37613200,122
56171855000130,202512,23527393,126
56171855000130,202601,25960101,126
56171855000130,202602,28192045,124
56171855000130,202603,30816813,123
56171855000130,202604,33176558,122
56171855000130,202605,35596731,121
56171855000130,202606,36287434,122
56171855000130,202607,36552940,124
56171855000130,HOJE,36575609,122
56174179000158,202512,16675845,125
56174179000158,202601,16836792,125
56174179000158,202602,17001468,124
56174179000158,202603,17166159,123
56174179000158,202604,17295843,122
56174179000158,202605,17355170,121
56174179000158,202606,17363112,122
56174179000158,202607,17396852,124
56174179000158,HOJE,17396514,121
56174498000163,202512,39470027,126
56174498000163,202601,40978323,126
56174498000163,202602,42152699,124
56174498000163,202603,43151977,123
56174498000163,202604,43884530,122
56174498000163,202605,44296804,121
56174498000163,202606,44592397,122
56174498000163,202607,44880334,124
56174498000163,HOJE,44894390,121
56174734000141,202512,16400635,126
56174734000141,202601,17197764,126
56174734000141,202602,17921907,124
56174734000141,202603,18609868,123
56174734000141,202604,19212681,122
56174734000141,202605,19761913,121
56174734000141,202606,20078987,122
56174734000141,202607,20198393,124
56174734000141,HOJE,20207298,121
56174994000117,202512,23613791,126
56174994000117,202601,23862173,126
56174994000117,202602,24108302,124
56174994000117,202603,24346452,123
56174994000117,202604,24520243,122
56174994000117,202605,24651287,121
56174994000117,202606,24772057,122
56174994000117,202607,24905924,124
56174994000117,HOJE,24913103,121
56175172000150,202512,48382444,126
56175172000150,202601,49135290,126
56175172000150,202602,49792183,124
56175172000150,202603,50304149,123
56175172000150,202604,50651110,122
56175172000150,202605,50955552,121
56175172000150,202606,51276905,122
56175172000150,202607,51425612,124
56175172000150,HOJE,51417095,121
56185166000184,202512,43189081,126
56185166000184,202601,43722326,126
56185166000184,202602,44204598,124
56185166000184,202603,44672298,123
56185166000184,202604,45126324,122
56185166000184,202605,45606020,121
56185166000184,202606,46098925,122
56185166000184,202607,46638472,124
56185166000184,HOJE,46710283,122
56199309000107,202512,29727480,126
56199309000107,202601,30424072,126
56199309000107,202602,31057780,124
56199309000107,202603,31756903,123
56199309000107,202604,32313827,122
56199309000107,202605,32883376,121
56199309000107,202606,33315324,122
56199309000107,202607,33615016,124
56199309000107,HOJE,33639039,121
56224202000171,202512,19194246,126
56224202000171,202601,19379747,126
56224202000171,202602,19585597,124
56224202000171,202603,19758789,123
56224202000171,202604,19891656,122
56224202000171,202605,19990102,121
56224202000171,202606,20064368,122
56224202000171,202607,20151660,124
56224202000171,HOJE,20153198,122
56224296000189,202512,22535029,126
56224296000189,202601,22782365,126
56224296000189,202602,23022495,124
56224296000189,202603,23256156,123
56224296000189,202604,23419980,122
56224296000189,202605,23555989,121
56224296000189,202606,23702186,122
56224296000189,202607,23858800,124
56224296000189,HOJE,23869224,121
56281671000122,202512,15306034,126
56281671000122,202601,16439088,126
56281671000122,202602,17535658,124
56281671000122,202603,18471599,123
56281671000122,202604,18623667,122
56281671000122,202605,18703725,121
56281671000122,202606,18739670,122
56281671000122,202607,18790324,124
56281671000122,HOJE,18790496,121
56283509000143,202512,37453097,126
56283509000143,202601,35925759,126
56283509000143,202602,34683916,124
56283509000143,202603,33046759,123
56283509000143,202604,31523272,122
56283509000143,202605,30383781,121
56283509000143,202606,29263912,122
56283509000143,202607,28924740,124
56283509000143,HOJE,28891473,122
56284312000129,202512,2539830072,126
56284312000129,202601,2723508170,126
56284312000129,202602,2845767119,124
56284312000129,202603,2732955170,123
56284312000129,202604,2471729748,122
56284312000129,202605,2155108671,121
56284312000129,202606,1828271179,122
56284312000129,202607,1479252911,124
56284312000129,HOJE,1426935912,121
56285899000190,202512,68994119,126
56285899000190,202601,69617103,126
56285899000190,202602,70343573,124
56285899000190,202603,70944603,123
56285899000190,202604,71437984,122
56285899000190,202605,71781652,121
56285899000190,202606,71999138,122
56285899000190,202607,72247080,124
56285899000190,HOJE,72249264,122
56321253000111,202512,22877072,126
56321253000111,202601,23119613,126
56321253000111,202602,23371964,124
56321253000111,202603,23616887,123
56321253000111,202604,23831441,122
56321253000111,202605,24015113,121
56321253000111,202606,24158557,122
56321253000111,202607,24304755,124
56321253000111,HOJE,24313851,121
56343321000143,202512,15122170,126
56343321000143,202601,15263444,126
56343321000143,202602,15423083,124
56343321000143,202603,15554146,123
56343321000143,202604,15651811,122
56343321000143,202605,15719525,121
56343321000143,202606,15766386,122
56343321000143,202607,15830418,124
56343321000143,HOJE,15830445,122
56365169000108,202512,57220937,126
56365169000108,202601,56670136,126
56365169000108,202602,56478418,124
56365169000108,202603,56113955,123
56365169000108,202604,55671722,122
56365169000108,202605,55055605,121
56365169000108,202606,53915751,122
56365169000108,202607,52314687,124
56365169000108,HOJE,52073660,122
56365479000114,202512,23087456,126
56365479000114,202601,23379759,126
56365479000114,202602,23646887,124
56365479000114,202603,23901280,123
56365479000114,202604,24054841,122
56365479000114,202605,24215584,121
56365479000114,202606,24404964,122
56365479000114,202607,24600420,124
56365479000114,HOJE,24614127,121
56377520000172,202512,338863087,126
56377520000172,202601,360019634,126
56377520000172,202602,376623461,124
56377520000172,202603,394938431,123
56377520000172,202604,413067033,122
56377520000172,202605,438374251,121
56377520000172,202606,474265104,122
56377520000172,202607,539540168,124
56377520000172,HOJE,547419581,122
56388082000148,202512,21525124,126
56388082000148,202601,22367459,126
56388082000148,202602,23124870,124
56388082000148,202603,23245931,123
56388082000148,202604,22538107,122
56388082000148,202605,21595724,121
56388082000148,202606,20672361,122
56388082000148,202607,19543349,124
56388082000148,HOJE,19363267,122
56388159000180,202512,11543989,126
56388159000180,202601,11821073,126
56388159000180,202602,12074789,124
56388159000180,202603,12344621,123
56388159000180,202604,12560232,122
56388159000180,202605,12784388,121
56388159000180,202606,12901756,122
56388159000180,202607,13020152,124
56388159000180,HOJE,13031343,122
56388249000170,202512,30497386,126
56388249000170,202601,30743350,126
56388249000170,202602,30975554,124
56388249000170,202603,31152127,123
56388249000170,202604,31325079,122
56388249000170,202605,31317922,121
56388249000170,202606,31229872,122
56388249000170,202607,31169503,124
56388249000170,HOJE,31152660,122
56388276000143,202512,16488568,126
56388276000143,202601,16619129,126
56388276000143,202602,16767336,124
56388276000143,202603,16881886,123
56388276000143,202604,17007743,122
56388276000143,202605,17086059,121
56388276000143,202606,17387580,122
56388276000143,202607,17913944,124
56388276000143,HOJE,17968053,122
56431500000132,202512,131736434,126
56431500000132,202601,139761933,126
56431500000132,202602,147268938,124
56431500000132,202603,156079135,123
56431500000132,202604,164217625,122
56431500000132,202605,172024664,121
56431500000132,202606,176968140,122
56431500000132,202607,177706715,124
56431500000132,HOJE,177742441,121
56431727000188,202512,3300597251,126
56431727000188,202601,3381205590,126
56431727000188,202602,3418523296,124
56431727000188,202603,3400521693,123
56431727000188,202604,3409584659,122
56431727000188,202605,3457808134,121
56431727000188,202606,3467908359,122
56431727000188,202607,3439836291,124
56431727000188,HOJE,3432349665,121
56504692000160,202512,151951525,126
56504692000160,202601,155621245,126
56504692000160,202602,157286762,124
56504692000160,202603,158641613,123
56504692000160,202604,159648884,122
56504692000160,202605,160304845,121
56504692000160,202606,159169877,122
56504692000160,202607,157477744,124
56504692000160,HOJE,157260591,121
56544536000122,202512,111272902,126
56544536000122,202601,114843993,126
56544536000122,202602,118205201,124
56544536000122,202603,121933718,123
56544536000122,202604,123191630,122
56544536000122,202605,123992192,121
56544536000122,202606,124659434,122
56544536000122,202607,125412190,124
56544536000122,HOJE,125450852,121
56544725000103,202512,21975097,126
56544725000103,202601,22212106,126
56544725000103,202602,22445303,124
56544725000103,202603,22671498,123
56544725000103,202604,22833186,122
56544725000103,202605,22957623,121
56544725000103,202606,23083354,122
56544725000103,202607,23218162,124
56544725000103,HOJE,23225949,121
56545142000199,202512,17940974,126
56545142000199,202601,18114895,126
56545142000199,202602,18272423,124
56545142000199,202603,18461102,123
56545142000199,202604,18627537,122
56545142000199,202605,18799245,121
56545142000199,202606,18959118,122
56545142000199,202607,19134214,124
56545142000199,HOJE,19154292,121
56608307000124,202512,320157912,126
56608307000124,202601,323914580,126
56608307000124,202602,327347756,124
56608307000124,202603,331404089,123
56608307000124,202604,335060065,122
56608307000124,202605,338827545,121
56608307000124,202606,342676603,122
56608307000124,202607,346858512,124
56608307000124,HOJE,347426001,122
56658377000197,202512,278225245,126
56658377000197,202601,266976426,126
56658377000197,202602,260024409,124
56658377000197,202603,248466213,123
56658377000197,202604,238809469,122
56658377000197,202605,239052801,121
56658377000197,202606,239063784,122
56658377000197,202607,234160387,124
56658377000197,HOJE,232764779,121
56659416000170,202512,30444307,126
56659416000170,202601,30800869,126
56659416000170,202602,31160188,124
56659416000170,202603,31491896,123
56659416000170,202604,31738558,122
56659416000170,202605,31978670,121
56659416000170,202606,32200471,122
56659416000170,202607,32420788,124
56659416000170,HOJE,32434144,121
56690945000137,202512,9550528,126
56690945000137,202601,9638919,126
56690945000137,202602,9741403,124
56690945000137,202603,9867394,123
56690945000137,202604,10140331,122
56690945000137,202605,10426126,121
56690945000137,202606,10695101,122
56690945000137,202607,10980186,124
56690945000137,HOJE,11019848,122
56706457000170,202512,87560661,126
56706457000170,202601,88713567,126
56706457000170,202602,89794610,124
56706457000170,202603,93007535,123
56706457000170,202604,99406644,122
56706457000170,202605,105154599,121
56706457000170,202606,111027801,122
56706457000170,202607,117211463,124
56706457000170,HOJE,118099042,121
56706600000124,202512,37203396,123
56706600000124,202601,44233874,123
56706600000124,202602,45765884,121
56706600000124,202603,45848669,120
56706600000124,202604,45974812,119
56706600000124,202605,45952598,121
56706600000124,202606,45870106,122
56706600000124,202607,45679981,124
56706600000124,HOJE,45678422,121
56707981000166,202512,26656198,126
56707981000166,202601,26954973,126
56707981000166,202602,27255703,124
56707981000166,202603,27544684,123
56707981000166,202604,27797878,122
56707981000166,202605,28010983,121
56707981000166,202606,28167152,122
56707981000166,202607,28339485,124
56707981000166,HOJE,28353334,122
56726092000146,202512,13694797,126
56726092000146,202601,14656544,126
56726092000146,202602,15727734,124
56726092000146,202603,17340071,123
56726092000146,202604,18825594,122
56726092000146,202605,20202868,121
56726092000146,202606,20827783,122
56726092000146,202607,21406319,124
56726092000146,HOJE,21501972,121
56778085000198,202512,21607878,126
56778085000198,202601,21816153,126
56778085000198,202602,22037232,124
56778085000198,202603,22265597,123
56778085000198,202604,22441586,122
56778085000198,202605,22522018,121
56778085000198,202606,22537241,122
56778085000198,202607,22587314,124
56778085000198,HOJE,22588424,121
56848758000139,202512,22119296,126
56848758000139,202601,22341536,126
56848758000139,202602,22558706,124
56848758000139,202603,22850378,123
56848758000139,202604,23203458,122
56848758000139,202605,23528433,121
56848758000139,202606,23845119,122
56848758000139,202607,24176690,124
56848758000139,HOJE,24219072,122
56862671000116,202512,21381627,126
56862671000116,202601,21588082,126
56862671000116,202602,21807452,124
56862671000116,202603,22032914,123
56862671000116,202604,22206435,122
56862671000116,202605,22285683,121
56862671000116,202606,22299412,122
56862671000116,202607,22347746,124
56862671000116,HOJE,22348572,121
56876275000148,202512,1755888324,126
56876275000148,202601,1364933564,126
56876275000148,202602,1195024191,124
56876275000148,202603,1064078515,123
56876275000148,202604,975347249,122
56876275000148,202605,917853853,121
56876275000148,202606,870082696,122
56876275000148,202607,889498395,124
56876275000148,HOJE,889679516,122
56879657000125,202512,32974584,126
56879657000125,202601,30754203,126
56879657000125,202602,29310444,124
56879657000125,202603,29429649,123
56879657000125,202604,29569235,122
56879657000125,202605,29656226,121
56879657000125,202606,29715542,122
56879657000125,202607,29784290,124
56879657000125,HOJE,29784634,122
56886239000165,202512,22175029,126
56886239000165,202601,22400647,126
56886239000165,202602,22626561,124
56886239000165,202603,22837584,123
56886239000165,202604,22995254,122
56886239000165,202605,22777400,121
56886239000165,202606,22017039,122
56886239000165,202607,21210339,124
56886239000165,HOJE,21120670,121
56886777000150,202512,44713082,126
56886777000150,202601,45178803,126
56886777000150,202602,45671065,124
56886777000150,202603,46115143,123
56886777000150,202604,46494009,122
56886777000150,202605,46770271,121
56886777000150,202606,46955756,122
56886777000150,202607,47161890,124
56886777000150,HOJE,47172072,122
56912856000198,202512,143433473,126
56912856000198,202601,185183146,126
56912856000198,202602,221977362,124
56912856000198,202603,261021126,123
56912856000198,202604,279780130,122
56912856000198,202605,284206667,121
56912856000198,202606,274989745,122
56912856000198,202607,256767269,124
56912856000198,HOJE,254828279,121
56926582000196,202512,68419766,126
56926582000196,202601,63172570,126
56926582000196,202602,58371511,124
56926582000196,202603,53301653,123
56926582000196,202604,50778300,122
56926582000196,202605,48260577,120
56926582000196,202606,45365313,121
56926582000196,202607,42248494,123
56926582000196,HOJE,41778297,121
56934311000182,202512,279318039,126
56934311000182,202601,282714059,126
56934311000182,202602,282406977,124
56934311000182,202603,278750210,123
56934311000182,202604,268365876,122
56934311000182,202605,252622803,121
56934311000182,202606,234899609,122
56934311000182,202607,213767990,124
56934311000182,HOJE,210444836,122
56935104000142,202512,21168511,126
56935104000142,202601,21360899,126
56935104000142,202602,21563862,124
56935104000142,202603,21896148,123
56935104000142,202604,22175358,122
56935104000142,202605,22406223,121
56935104000142,202606,22603219,122
56935104000142,202607,22812166,124
56935104000142,HOJE,22838822,122
56942408000137,202512,47750922,126
56942408000137,202601,55397477,126
56942408000137,202602,62470367,124
56942408000137,202603,71019547,123
56942408000137,202604,78973521,122
56942408000137,202605,86843039,121
56942408000137,202606,88506825,122
56942408000137,202607,88877479,124
56942408000137,HOJE,88904686,121
56951691000163,202512,16015823,126
56951691000163,202601,14428792,126
56951691000163,202602,12797054,124
56951691000163,202603,12577204,123
56951691000163,202604,12595247,122
56951691000163,202605,12590044,121
56951691000163,202606,12565772,122
56951691000163,202607,12571011,124
56951691000163,HOJE,12567547,121
56953877000151,202512,84410699,126
56953877000151,202601,85160468,126
56953877000151,202602,85887919,124
56953877000151,202603,86393317,123
56953877000151,202604,86786391,122
56953877000151,202605,86976532,121
56953877000151,202606,86571320,122
56953877000151,202607,84416439,124
56953877000151,HOJE,84062741,122
56953911000198,202512,12726113,126
56953911000198,202601,12862173,126
56953911000198,202602,12990357,124
56953911000198,202603,13144736,123
56953911000198,202604,13290479,122
56953911000198,202605,13441282,121
56953911000198,202606,13597762,122
56953911000198,202607,13768444,124
56953911000198,HOJE,13787142,121
56955022000160,202512,33447372,126
56955022000160,202601,37179865,126
56955022000160,202602,40619804,124
56955022000160,202603,45399395,123
56955022000160,202604,48159513,122
56955022000160,202605,50554700,121
56955022000160,202606,52010204,122
56955022000160,202607,52812486,124
56955022000160,HOJE,52950307,121
56974598000174,202512,1292866498,126
56974598000174,202601,1291467841,126
56974598000174,202602,1286746506,124
56974598000174,202603,1281924660,123
56974598000174,202604,1274932625,122
56974598000174,202605,1257392479,121
56974598000174,202606,1230046100,122
56974598000174,202607,1192972108,124
56974598000174,HOJE,1188555898,121
56984639000103,202512,22764989,126
56984639000103,202601,23052431,126
56984639000103,202602,23331027,124
56984639000103,202603,23578040,123
56984639000103,202604,23730973,122
56984639000103,202605,23901787,121
56984639000103,202606,24204928,122
56984639000103,202607,24448336,124
56984639000103,HOJE,24466625,122
57009700000164,202512,998227945,126
57009700000164,202601,994547792,126
57009700000164,202602,990822514,124
57009700000164,202603,982034613,123
57009700000164,202604,968439739,122
57009700000164,202605,952653605,121
57009700000164,202606,928787380,122
57009700000164,202607,896287178,124
57009700000164,HOJE,891676655,122
57009772000101,202512,22173660,126
57009772000101,202601,22487276,126
57009772000101,202602,22766720,124
57009772000101,202603,22983513,123
57009772000101,202604,23157537,122
57009772000101,202605,23282674,121
57009772000101,202606,23372752,122
57009772000101,202607,23474243,124
57009772000101,HOJE,23477188,121
57010267000187,202512,22337953,126
57010267000187,202601,22574419,126
57010267000187,202602,22825250,124
57010267000187,202603,23034989,123
57010267000187,202604,23189884,122
57010267000187,202605,23287834,121
57010267000187,202606,23348648,122
57010267000187,202607,23415890,124
57010267000187,HOJE,23413016,121
57017755000116,202512,23848457,126
57017755000116,202601,24237285,126
57017755000116,202602,27403989,124
57017755000116,202603,31290941,123
57017755000116,202604,34897532,122
57017755000116,202605,38436612,121
57017755000116,202606,41808307,122
57017755000116,202607,45205619,124
57017755000116,HOJE,45217497,121
57018425000145,202512,20285313,126
57018425000145,202601,20494029,126
57018425000145,202602,20718721,124
57018425000145,202603,20927715,123
57018425000145,202604,21119026,122
57018425000145,202605,21287317,121
57018425000145,202606,21414019,122
57018425000145,202607,21546256,124
57018425000145,HOJE,21555837,122
57030535000122,202512,82265352,126
57030535000122,202601,82745217,126
57030535000122,202602,83148842,124
57030535000122,202603,83865749,123
57030535000122,202604,84664524,122
57030535000122,202605,85595227,121
57030535000122,202606,86443002,122
57030535000122,202607,87082149,124
57030535000122,HOJE,87160359,122
57032992000156,202512,114370870,126
57032992000156,202601,112082754,126
57032992000156,202602,112297001,124
57032992000156,202603,114342905,123
57032992000156,202604,114842703,122
57032992000156,202605,115473823,121
57032992000156,202606,116213140,122
57032992000156,202607,116810855,124
57032992000156,HOJE,116824379,121
57033161000107,202512,21199074,126
57033161000107,202601,21412789,126
57033161000107,202602,21628813,124
57033161000107,202603,21943264,123
57033161000107,202604,22473717,122
57033161000107,202605,23183981,121
57033161000107,202606,24163930,122
57033161000107,202607,25532827,124
57033161000107,HOJE,25684525,121
57035810000109,202512,93835837,126
57035810000109,202601,90336091,126
57035810000109,202602,87184943,124
57035810000109,202603,82063422,123
57035810000109,202604,76784040,122
57035810000109,202605,71461847,121
57035810000109,202606,66314642,122
57035810000109,202607,60767556,124
57035810000109,HOJE,59785808,122
57035905000114,202512,117717031,126
57035905000114,202601,118737241,126
57035905000114,202602,119821119,124
57035905000114,202603,120762042,123
57035905000114,202604,121172075,122
57035905000114,202605,121014560,121
57035905000114,202606,120582764,122
57035905000114,202607,119471055,124
57035905000114,HOJE,119250094,122
57039057000111,202512,21949838,126
57039057000111,202601,22131149,126
57039057000111,202602,22329676,124
57039057000111,202603,22497077,123
57039057000111,202604,22651481,122
57039057000111,202605,22751326,121
57039057000111,202606,22800563,122
57039057000111,202607,22862698,124
57039057000111,HOJE,22862891,122
57046745000109,202512,2214086695,125
57046745000109,202601,2241536480,125
57046745000109,202602,2208204599,123
57046745000109,202603,2065118165,122
57046745000109,202604,1795572198,122
57046745000109,202605,1438750361,121
57046745000109,202606,1127668313,122
57046745000109,202607,857130557,124
57046745000109,HOJE,819693117,122
57049210000191,202512,36746524,126
57049210000191,202601,37684287,126
57049210000191,202602,38678843,124
57049210000191,202603,39429145,123
57049210000191,202604,40755366,122
57049210000191,202605,42072005,121
57049210000191,202606,43152598,122
57049210000191,202607,44200186,124
57049210000191,HOJE,44320237,122
57061738000186,202512,91394492,126
57061738000186,202601,92275282,126
57061738000186,202602,93209796,124
57061738000186,202603,94183825,123
57061738000186,202604,94927874,122
57061738000186,202605,95276506,121
57061738000186,202606,95391360,122
57061738000186,202607,95651465,124
57061738000186,HOJE,95662315,121
57070309000175,202512,23105230,126
57070309000175,202601,27696148,126
57070309000175,202602,36156661,124
57070309000175,202603,48184088,123
57070309000175,202604,59335458,122
57070309000175,202605,70837512,121
57070309000175,202606,82304848,122
57070309000175,202607,89942414,124
57070309000175,HOJE,90690812,122
57075698000121,202512,77955783,126
57075698000121,202601,99780721,126
57075698000121,202602,121252434,124
57075698000121,202603,143672947,123
57075698000121,202604,158505702,122
57075698000121,202605,169286888,121
57075698000121,202606,175542970,122
57075698000121,202607,177328171,124
57075698000121,HOJE,177635334,122
57088293000128,202512,161063785,126
57088293000128,202601,159672788,126
57088293000128,202602,158379790,124
57088293000128,202603,156279663,123
57088293000128,202604,153731563,122
57088293000128,202605,151509532,121
57088293000128,202606,152734240,122
57088293000128,202607,153814558,124
57088293000128,HOJE,153811259,121
57088620000141,202512,42548778,126
57088620000141,202601,47130764,126
57088620000141,202602,49922966,124
57088620000141,202603,53235023,123
57088620000141,202604,56142637,122
57088620000141,202605,59109446,121
57088620000141,202606,61598785,122
57088620000141,202607,62126698,124
57088620000141,HOJE,62165911,121
57110842000113,202512,996685850,126
57110842000113,202601,994348710,126
57110842000113,202602,992173610,124
57110842000113,202603,987417906,123
57110842000113,202604,982170995,122
57110842000113,202605,977241052,121
57110842000113,202606,972381554,122
57110842000113,202607,967505620,124
57110842000113,HOJE,966712135,122
57113258000111,202512,17967086,126
57113258000111,202601,18416888,126
57113258000111,202602,18816078,124
57113258000111,202603,19113740,123
57113258000111,202604,19304437,122
57113258000111,202605,19457723,121
57113258000111,202606,19563482,122
57113258000111,202607,19692415,124
57113258000111,HOJE,19704072,121
57119209000196,202512,21441200,126
57119209000196,202601,21653988,126
57119209000196,202602,21877161,124
57119209000196,202603,22103125,123
57119209000196,202604,22270233,122
57119209000196,202605,22341655,121
57119209000196,202606,22346614,122
57119209000196,202607,22385943,124
57119209000196,HOJE,22385554,121
57134507000155,202512,180026817,126
57134507000155,202601,203243635,126
57134507000155,202602,228145212,124
57134507000155,202603,258103851,123
57134507000155,202604,279995378,122
57134507000155,202605,293931746,121
57134507000155,202606,301439506,122
57134507000155,202607,302242054,123
57134507000155,HOJE,302227167,120
57136671000100,202512,120311150,126
57136671000100,202601,122022320,126
57136671000100,202602,123829582,124
57136671000100,202603,125612428,123
57136671000100,202604,127227791,122
57136671000100,202605,128577527,121
57136671000100,202606,129070898,122
57136671000100,202607,129611614,124
57136671000100,HOJE,129423004,122
57137857000175,202512,22983237,126
57137857000175,202601,23278687,126
57137857000175,202602,23546628,124
57137857000175,202603,23801390,123
57137857000175,202604,23956341,122
57137857000175,202605,24115106,121
57137857000175,202606,24300902,122
57137857000175,202607,24490724,124
57137857000175,HOJE,24503838,121
57138450000162,202512,46261484,126
57138450000162,202601,46729052,126
57138450000162,202602,47194181,124
57138450000162,202603,47572237,123
57138450000162,202604,47840956,122
57138450000162,202605,48047947,121
57138450000162,202606,48205908,122
57138450000162,202607,48394096,124
57138450000162,HOJE,48401693,121
57138708000120,202512,126452782,126
57138708000120,202601,128432800,126
57138708000120,202602,130267357,124
57138708000120,202603,131434440,123
57138708000120,202604,132516108,122
57138708000120,202605,133187021,121
57138708000120,202606,133527485,122
57138708000120,202607,133952478,124
57138708000120,HOJE,133959022,121
57151194000143,202512,46564404,126
57151194000143,202601,46688388,126
57151194000143,202602,46803606,124
57151194000143,202603,46784773,123
57151194000143,202604,46726405,122
57151194000143,202605,46583717,121
57151194000143,202606,46384767,122
57151194000143,202607,46214761,124
57151194000143,HOJE,46182386,122
57154741000144,202512,28528316,126
57154741000144,202601,29477088,126
57154741000144,202602,30334811,124
57154741000144,202603,30975045,123
57154741000144,202604,31292051,122
57154741000144,202605,31314206,121
57154741000144,202606,31247820,122
57154741000144,202607,31353034,124
57154741000144,HOJE,31394191,122
57158611000180,202512,23992852,126
57158611000180,202601,23860391,126
57158611000180,202602,23771389,124
57158611000180,202603,23574356,123
57158611000180,202604,23520511,122
57158611000180,202605,23612720,121
57158611000180,202606,23658878,122
57158611000180,202607,23519715,120
57158611000180,HOJE,23507182,116
57173714000119,202512,66352574,126
57173714000119,202601,67007678,126
57173714000119,202602,67717809,124
57173714000119,202603,68319838,123
57173714000119,202604,68822687,122
57173714000119,202605,69187061,121
57173714000119,202606,67707686,122
57173714000119,202607,64356223,124
57173714000119,HOJE,63950811,122
57190346000117,202512,179951844,126
57190346000117,202601,181444553,126
57190346000117,202602,182613774,124
57190346000117,202603,181272908,123
57190346000117,202604,179273718,122
57190346000117,202605,177263070,121
57190346000117,202606,178571276,122
57190346000117,202607,179881135,124
57190346000117,HOJE,179881313,121
57190500000150,202512,16665989,126
57190500000150,202601,16865342,126
57190500000150,202602,17057257,124
57190500000150,202603,17249038,123
57190500000150,202604,17361316,122
57190500000150,202605,17480509,121
57190500000150,202606,17622601,122
57190500000150,202607,17762518,124
57190500000150,HOJE,17771280,121
57190762000115,202512,36678758,126
57190762000115,202601,36908909,126
57190762000115,202602,37191885,124
57190762000115,202603,37381893,123
57190762000115,202604,37435523,122
57190762000115,202605,37380771,121
57190762000115,202606,37241251,122
57190762000115,202607,37021775,124
57190762000115,HOJE,36982398,122
57204032000126,202512,29558439,126
57204032000126,202601,28821780,126
57204032000126,202602,28147911,124
57204032000126,202603,27299484,123
57204032000126,202604,26673670,122
57204032000126,202605,26378504,121
57204032000126,202606,26168573,122
57204032000126,202607,26047097,124
57204032000126,HOJE,26025571,121
57226027000114,202512,24616266,126
57226027000114,202601,24861569,126
57226027000114,202602,25133281,124
57226027000114,202603,25353590,123
57226027000114,202604,25544147,122
57226027000114,202605,26070530,121
57226027000114,202606,27191570,122
57226027000114,202607,28397311,124
57226027000114,HOJE,28509237,121
57242432000126,202512,76026452,126
57242432000126,202601,75265906,126
57242432000126,202602,74015484,124
57242432000126,202603,71870917,123
57242432000126,202604,69217616,122
57242432000126,202605,62610581,121
57242432000126,202606,54498188,122
57242432000126,202607,46144745,124
57242432000126,HOJE,44941374,122
57249502000178,202512,143648245,126
57249502000178,202601,150399641,126
57249502000178,202602,154191627,124
57249502000178,202603,156940545,123
57249502000178,202604,155257134,122
57249502000178,202605,144879784,121
57249502000178,202606,133700961,122
57249502000178,202607,121575726,124
57249502000178,HOJE,120044566,121
57249756000196,202512,46151186,126
57249756000196,202601,47019500,126
57249756000196,202602,47835238,124
57249756000196,202603,48683748,123
57249756000196,202604,49329366,122
57249756000196,202605,49615295,121
57249756000196,202606,49926971,122
57249756000196,202607,50260239,124
57249756000196,HOJE,50281047,121
57264092000134,202512,157639904,126
57264092000134,202601,162040744,126
57264092000134,202602,164812462,124
57264092000134,202603,167367108,123
57264092000134,202604,169588515,122
57264092000134,202605,171494190,121
57264092000134,202606,173199335,122
57264092000134,202607,174936547,124
57264092000134,HOJE,175134148,122
57279886000171,202512,26928874,126
57279886000171,202601,27057825,126
57279886000171,202602,27344868,124
57279886000171,202603,27639673,123
57279886000171,202604,27814428,122
57279886000171,202605,28030972,121
57279886000171,202606,27668188,122
57279886000171,202607,26983089,124
57279886000171,HOJE,26896923,122
57279999000177,202512,27993179,126
57279999000177,202601,28378167,126
57279999000177,202602,28747201,124
57279999000177,202603,29079915,123
57279999000177,202604,29270770,122
57279999000177,202605,29507785,121
57279999000177,202606,29787892,122
57279999000177,202607,30062253,124
57279999000177,HOJE,30088053,122
57280201000107,202512,62388864,126
57280201000107,202601,63107077,126
57280201000107,202602,63792998,124
57280201000107,202603,64442446,123
57280201000107,202604,64802532,122
57280201000107,202605,65212197,121
57280201000107,202606,65830351,122
57280201000107,202607,66460987,124
57280201000107,HOJE,66507027,121
57280277000132,202512,147773785,126
57280277000132,202601,149472407,126
57280277000132,202602,151088074,124
57280277000132,202603,152486904,123
57280277000132,202604,153203302,122
57280277000132,202605,154048337,121
57280277000132,202606,155091868,122
57280277000132,202607,156479178,124
57280277000132,HOJE,156612528,122
57280468000102,202512,92002125,126
57280468000102,202601,84661649,126
57280468000102,202602,78075822,124
57280468000102,202603,69756404,123
57280468000102,202604,61772367,122
57280468000102,202605,53755150,121
57280468000102,202606,49733613,122
57280468000102,202607,50203821,124
57280468000102,HOJE,50250184,122
57285625000164,202512,329023190,126
57285625000164,202601,332018083,126
57285625000164,202602,335218154,124
57285625000164,202603,338272336,123
57285625000164,202604,341107049,122
57285625000164,202605,342879237,121
57285625000164,202606,343991317,122
57285625000164,202607,345317373,124
57285625000164,HOJE,345368425,121
57285759000185,202512,34475393,126
57285759000185,202601,34920671,126
57285759000185,202602,35325149,124
57285759000185,202603,35710413,123
57285759000185,202604,35942125,122
57285759000185,202605,36178876,121
57285759000185,202606,36461378,122
57285759000185,202607,36752938,124
57285759000185,HOJE,36773522,121
57300689000197,202512,280877148,126
57300689000197,202601,288587156,126
57300689000197,202602,295425739,124
57300689000197,202603,299209558,123
57300689000197,202604,302942178,122
57300689000197,202605,307783352,121
57300689000197,202606,311767984,122
57300689000197,202607,314114029,124
57300689000197,HOJE,314227768,121
57323572000129,202512,144182409,126
57323572000129,202601,143622457,126
57323572000129,202602,143121275,124
57323572000129,202603,141912233,123
57323572000129,202604,140106605,122
57323572000129,202605,138567776,121
57323572000129,202606,139763332,122
57323572000129,202607,140828102,124
57323572000129,HOJE,140830925,121
57324934000104,202512,21653325,126
57324934000104,202601,21847378,126
57324934000104,202602,22054520,124
57324934000104,202603,22245933,123
57324934000104,202604,22417258,122
57324934000104,202605,22514679,121
57324934000104,202606,22561022,122
57324934000104,202607,22622050,124
57324934000104,HOJE,22621561,121
57340494000170,202512,27952013,126
57340494000170,202601,28251952,126
57340494000170,202602,28539054,124
57340494000170,202603,28814535,123
57340494000170,202604,30262357,122
57340494000170,202605,34601308,121
57340494000170,202606,39138927,122
57340494000170,202607,43749678,124
57340494000170,HOJE,44275209,121
57340633000166,202512,33719734,126
57340633000166,202601,34364560,126
57340633000166,202602,35310688,124
57340633000166,202603,37023306,123
57340633000166,202604,38884389,122
57340633000166,202605,41169174,121
57340633000166,202606,43481757,122
57340633000166,202607,45277542,124
57340633000166,HOJE,45442715,122
57341120000170,202512,36914839,126
57341120000170,202601,34804490,126
57341120000170,202602,32904384,124
57341120000170,202603,29935134,123
57341120000170,202604,26746298,122
57341120000170,202605,23576349,121
57341120000170,202606,23506125,122
57341120000170,202607,23682476,124
57341120000170,HOJE,23693652,121
57341511000194,202512,27910756,126
57341511000194,202601,28212859,126
57341511000194,202602,28501950,124
57341511000194,202603,28779863,123
57341511000194,202604,30237666,122
57341511000194,202605,34588933,121
57341511000194,202606,39153026,122
57341511000194,202607,43809101,124
57341511000194,HOJE,44338924,121
57341650000118,202512,95796129,126
57341650000118,202601,92001456,126
57341650000118,202602,88565349,124
57341650000118,202603,84046768,123
57341650000118,202604,77188316,122
57341650000118,202605,65804708,121
57341650000118,202606,57080109,122
57341650000118,202607,50118830,124
57341650000118,HOJE,49220251,121
57341983000147,202512,292523315,126
57341983000147,202601,343921003,126
57341983000147,202602,395953407,124
57341983000147,202603,460976568,123
57341983000147,202604,525462645,122
57341983000147,202605,598549290,121
57341983000147,202606,657653383,122
57341983000147,202607,707169145,124
57341983000147,HOJE,712752144,121
57342019000133,202512,95794754,126
57342019000133,202601,92005999,126
57342019000133,202602,88574946,124
57342019000133,202603,84057539,123
57342019000133,202604,77207595,122
57342019000133,202605,65871903,121
57342019000133,202606,57190263,122
57342019000133,202607,50271971,124
57342019000133,HOJE,49378027,121
57346416000183,202512,73302336,126
57346416000183,202601,73606494,126
57346416000183,202602,75689378,124
57346416000183,202603,78192562,123
57346416000183,202604,81269892,122
57346416000183,202605,84279421,121
57346416000183,202606,86824791,122
57346416000183,202607,89531305,124
57346416000183,HOJE,89660099,122
57375967000175,202512,480705659,126
57375967000175,202601,506390339,126
57375967000175,202602,531308796,124
57375967000175,202603,557504014,123
57375967000175,202604,576821875,122
57375967000175,202605,594948966,121
57375967000175,202606,610064473,122
57375967000175,202607,622619539,124
57375967000175,HOJE,623914238,121
57378230000106,202512,24166347,126
57378230000106,202601,27722748,126
57378230000106,202602,31014979,124
57378230000106,202603,34992308,123
57378230000106,202604,38674804,122
57378230000106,202605,41964769,121
57378230000106,202606,43034955,122
57378230000106,202607,43177827,124
57378230000106,HOJE,43186138,121
57378517000136,202512,37998239,126
57378517000136,202601,38606348,126
57378517000136,202602,38948341,124
57378517000136,202603,39197128,123
57378517000136,202604,39382234,122
57378517000136,202605,39479239,121
57378517000136,202606,39511027,122
57378517000136,202607,39551641,124
57378517000136,HOJE,39539824,122
57395116000194,202512,21522408,126
57395116000194,202601,21696071,126
57395116000194,202602,21896419,124
57395116000194,202603,22074893,123
57395116000194,202604,22270920,122
57395116000194,202605,22396833,121
57395116000194,202606,22435764,122
57395116000194,202607,22504066,124
57395116000194,HOJE,22505318,122
57395516000108,202512,16476052,126
57395516000108,202601,17429313,126
57395516000108,202602,18243920,124
57395516000108,202603,19174228,123
57395516000108,202604,19980309,122
57395516000108,202605,20460538,121
57395516000108,202606,20441605,122
57395516000108,202607,20409442,124
57395516000108,HOJE,20398500,122
57395648000121,202512,12517179,126
57395648000121,202601,13203698,126
57395648000121,202602,13783139,124
57395648000121,202603,14393932,123
57395648000121,202604,14978562,122
57395648000121,202605,15408152,121
57395648000121,202606,15609648,122
57395648000121,202607,15698755,124
57395648000121,HOJE,15697135,122
57400187000138,202512,21709960,126
57400187000138,202601,21903403,126
57400187000138,202602,22110855,124
57400187000138,202603,22311511,123
57400187000138,202604,22488134,122
57400187000138,202605,22588685,121
57400187000138,202606,22647948,122
57400187000138,202607,22722494,124
57400187000138,HOJE,22724743,121
57400717000148,202512,23737451,126
57400717000148,202601,23949738,126
57400717000148,202602,24174863,124
57400717000148,202603,24390781,123
57400717000148,202604,24588958,122
57400717000148,202605,24705895,121
57400717000148,202606,24776671,122
57400717000148,202607,24868238,124
57400717000148,HOJE,24871535,121
57400933000193,202512,71344610,126
57400933000193,202601,73001066,126
57400933000193,202602,74534504,124
57400933000193,202603,75928426,123
57400933000193,202604,76581043,122
57400933000193,202605,77299115,121
57400933000193,202606,78312601,122
57400933000193,202607,79380436,124
57400933000193,HOJE,79472380,121
57416421000115,202512,24052915,126
57416421000115,202601,25949504,126
57416421000115,202602,27737441,124
57416421000115,202603,29863388,123
57416421000115,202604,31805381,122
57416421000115,202605,32832797,121
57416421000115,202606,32866703,122
57416421000115,202607,32951670,124
57416421000115,HOJE,32954614,121
57435321000136,202512,21189299,126
57435321000136,202601,21380525,126
57435321000136,202602,21583103,124
57435321000136,202603,21778914,123
57435321000136,202604,21952074,122
57435321000136,202605,22052513,121
57435321000136,202606,22112259,122
57435321000136,202607,22185487,124
57435321000136,HOJE,22187661,121
57439066000108,202512,35380705,126
57439066000108,202601,35720607,126
57439066000108,202602,36095349,124
57439066000108,202603,36948169,123
57439066000108,202604,37711311,122
57439066000108,202605,38398955,121
57439066000108,202606,39016468,122
57439066000108,202607,39676721,124
57439066000108,HOJE,39770285,122
57449111000105,202512,495126785,126
57449111000105,202601,497086102,126
57449111000105,202602,498452227,124
57449111000105,202603,497958017,123
57449111000105,202604,495629683,122
57449111000105,202605,493216145,121
57449111000105,202606,490953453,122
57449111000105,202607,487998685,124
57449111000105,HOJE,487491696,122
57466836000101,202512,19015255,126
57466836000101,202601,19226119,126
57466836000101,202602,19449145,124
57466836000101,202603,19651129,123
57466836000101,202604,19803369,122
57466836000101,202605,19912071,121
57466836000101,202606,19995578,122
57466836000101,202607,20084210,124
57466836000101,HOJE,20084697,121
57473219000125,202512,33293200,126
57473219000125,202601,33643769,126
57473219000125,202602,34018264,124
57473219000125,202603,34320708,123
57473219000125,202604,34536518,122
57473219000125,202605,34679686,121
57473219000125,202606,34769713,122
57473219000125,202607,34878103,124
57473219000125,HOJE,34873628,121
57473503000100,202512,69658541,126
57473503000100,202601,70406009,126
57473503000100,202602,71196518,124
57473503000100,202603,71841424,123
57473503000100,202604,72320231,122
57473503000100,202605,72683934,121
57473503000100,202606,72941067,122
57473503000100,202607,73211658,124
57473503000100,HOJE,73217661,122
57473697000135,202512,35497104,126
57473697000135,202601,35827158,126
57473697000135,202602,36173603,124
57473697000135,202603,36522611,123
57473697000135,202604,36865589,122
57473697000135,202605,37152040,121
57473697000135,202606,37391858,122
57473697000135,202607,37656200,124
57473697000135,HOJE,37677273,121
57474275000184,202512,14429420,126
57474275000184,202601,14872089,126
57474275000184,202602,15318938,124
57474275000184,202603,15831981,123
57474275000184,202604,16318134,122
57474275000184,202605,16540367,121
57474275000184,202606,16451503,122
57474275000184,202607,16348072,124
57474275000184,HOJE,16332852,121
57474374000166,202512,24419943,126
57474374000166,202601,25303698,126
57474374000166,202602,25652568,124
57474374000166,202603,25880933,123
57474374000166,202604,26060274,122
57474374000166,202605,26202800,121
57474374000166,202606,26307640,122
57474374000166,202607,26409626,124
57474374000166,HOJE,26410687,121
57492192000118,202512,26806940,126
57492192000118,202601,26289079,126
57492192000118,202602,25821867,124
57492192000118,202603,25162820,123
57492192000118,202604,24474910,122
57492192000118,202605,23756669,121
57492192000118,202606,23907744,122
57492192000118,202607,24068236,124
57492192000118,HOJE,24079032,121
57499088000155,202512,20671548,126
57499088000155,202601,20983227,126
57499088000155,202602,21565654,124
57499088000155,202603,22423031,123
57499088000155,202604,23228917,122
57499088000155,202605,24063484,121
57499088000155,202606,24854952,122
57499088000155,202607,25496845,124
57499088000155,HOJE,25567429,122
57499155000131,202512,32219132,126
57499155000131,202601,31485082,126
57499155000131,202602,31573174,124
57499155000131,202603,31173334,123
57499155000131,202604,29612897,122
57499155000131,202605,28271371,121
57499155000131,202606,26890524,122
57499155000131,202607,25436935,124
57499155000131,HOJE,25208859,122
57512269000174,202512,27544261,126
57512269000174,202601,27879148,126
57512269000174,202602,28183069,124
57512269000174,202603,28440581,123
57512269000174,202604,28558276,122
57512269000174,202605,28697368,121
57512269000174,202606,28895040,122
57512269000174,202607,29085687,124
57512269000174,HOJE,29099609,122
57512491000177,202512,13176203,126
57512491000177,202601,14447074,126
57512491000177,202602,15477041,124
57512491000177,202603,15917516,123
57512491000177,202604,16043153,122
57512491000177,202605,16156332,121
57512491000177,202606,16248150,122
57512491000177,202607,16346611,124
57512491000177,HOJE,16355011,122
57527685000146,202512,40847285,126
57527685000146,202601,41375574,126
57527685000146,202602,41552905,124
57527685000146,202603,40926411,123
57527685000146,202604,40848556,122
57527685000146,202605,40835476,121
57527685000146,202606,40486786,122
57527685000146,202607,39834953,124
57527685000146,HOJE,39735328,122
57527967000143,202512,25642342,126
57527967000143,202601,28230105,126
57527967000143,202602,30650954,124
57527967000143,202603,31401666,123
57527967000143,202604,31539083,122
57527967000143,202605,31593322,121
57527967000143,202606,31422419,122
57527967000143,202607,31238552,124
57527967000143,HOJE,31192099,121
57531860000179,202512,75650039,126
57531860000179,202601,77259525,126
57531860000179,202602,78532922,124
57531860000179,202603,78594195,123
57531860000179,202604,78377988,122
57531860000179,202605,77913690,121
57531860000179,202606,74906693,122
57531860000179,202607,71076274,124
57531860000179,HOJE,70496182,122
57535053000124,202512,25824681,126
57535053000124,202601,26035858,126
57535053000124,202602,26267964,124
57535053000124,202603,26474227,123
57535053000124,202604,26389630,122
57535053000124,202605,25963775,121
57535053000124,202606,25372773,122
57535053000124,202607,24201883,124
57535053000124,HOJE,24045786,122
57535658000115,202512,19141581,123
57535658000115,202601,20443040,126
57535658000115,202602,20599378,124
57535658000115,202603,20756487,123
57535658000115,202604,20920916,122
57535658000115,202605,21023944,121
57535658000115,202606,21072969,122
57535658000115,202607,21129807,124
57535658000115,HOJE,21130093,121
57536308000173,202512,11955175,126
57536308000173,202601,12072040,126
57536308000173,202602,12195586,124
57536308000173,202603,12296544,123
57536308000173,202604,12371620,122
57536308000173,202605,12431677,121
57536308000173,202606,12469388,122
57536308000173,202607,12511647,124
57536308000173,HOJE,12511756,122
57536557000169,202512,20978123,126
57536557000169,202601,21149766,126
57536557000169,202602,21339284,124
57536557000169,202603,21489787,123
57536557000169,202604,21614827,122
57536557000169,202605,21695059,121
57536557000169,202606,21731631,122
57536557000169,202607,21779349,124
57536557000169,HOJE,21776907,122
57536946000194,202512,22112042,126
57536946000194,202601,22268245,126
57536946000194,202602,22434235,124
57536946000194,202603,22554404,123
57536946000194,202604,22672492,122
57536946000194,202605,22745259,121
57536946000194,202606,22774794,122
57536946000194,202607,22821158,124
57536946000194,HOJE,22817635,122
57537357000120,202512,61710131,126
57537357000120,202601,63184788,126
57537357000120,202602,63965843,124
57537357000120,202603,64420557,123
57537357000120,202604,64858801,122
57537357000120,202605,65148268,121
57537357000120,202606,65287080,122
57537357000120,202607,65438221,124
57537357000120,HOJE,65434805,122
57552109000159,202512,33596307,126
57552109000159,202601,37375401,126
57552109000159,202602,40951575,124
57552109000159,202603,44346437,123
57552109000159,202604,44676162,122
57552109000159,202605,44786640,121
57552109000159,202606,44026883,122
57552109000159,202607,43109349,124
57552109000159,HOJE,43013061,121
57552335000130,202512,22711148,126
57552335000130,202601,22921966,126
57552335000130,202602,23095951,124
57552335000130,202603,22895976,123
57552335000130,202604,22300918,122
57552335000130,202605,21365822,121
57552335000130,202606,20500273,122
57552335000130,202607,19587928,124
57552335000130,HOJE,19445929,121
57555037000101,202512,20599046,126
57555037000101,202601,20889543,126
57555037000101,202602,21163296,124
57555037000101,202603,21397577,123
57555037000101,202604,21166444,122
57555037000101,202605,20633052,121
57555037000101,202606,20117165,122
57555037000101,202607,19543800,124
57555037000101,HOJE,19456053,121
57555092000193,202512,107375556,126
57555092000193,202601,107601346,126
57555092000193,202602,107669930,124
57555092000193,202603,108134496,123
57555092000193,202604,109413043,122
57555092000193,202605,103201132,121
57555092000193,202606,96406142,122
57555092000193,202607,85275648,124
57555092000193,HOJE,83113500,122
57561942000166,202512,27839293,126
57561942000166,202601,27808555,126
57561942000166,202602,27785100,124
57561942000166,202603,27573098,123
57561942000166,202604,27171943,122
57561942000166,202605,26951266,121
57561942000166,202606,26582517,122
57561942000166,202607,26025186,124
57561942000166,HOJE,25933387,122
57565778000165,202512,13734721,126
57565778000165,202601,13830521,126
57565778000165,202602,13950289,124
57565778000165,202603,14207994,123
57565778000165,202604,14535392,122
57565778000165,202605,14855557,121
57565778000165,202606,15163897,122
57565778000165,202607,15488970,124
57565778000165,HOJE,15540822,122
57566789000160,202512,66485067,126
57566789000160,202601,76367628,126
57566789000160,202602,85764361,124
57566789000160,202603,96740625,123
57566789000160,202604,104509651,122
57566789000160,202605,110734883,121
57566789000160,202606,115758313,122
57566789000160,202607,120156851,124
57566789000160,HOJE,120583341,121
57569203000110,202512,169835502,126
57569203000110,202601,172139851,126
57569203000110,202602,174391147,124
57569203000110,202603,176391144,123
57569203000110,202604,177401464,122
57569203000110,202605,178640380,121
57569203000110,202606,180243771,122
57569203000110,202607,181772799,124
57569203000110,HOJE,181858526,121
57591252000150,202512,63063376,126
57591252000150,202601,63705045,126
57591252000150,202602,64396877,124
57591252000150,202603,64696179,123
57591252000150,202604,64147386,122
57591252000150,202605,63433169,121
57591252000150,202606,62843857,122
57591252000150,202607,62346317,124
57591252000150,HOJE,62195554,122
57591671000191,202512,141940328,126
57591671000191,202601,146192909,126
57591671000191,202602,149720713,124
57591671000191,202603,152438457,123
57591671000191,202604,151584402,122
57591671000191,202605,150134717,121
57591671000191,202606,148212295,122
57591671000191,202607,146113944,124
57591671000191,HOJE,145445868,122
57613783000104,202512,110039251,126
57613783000104,202601,110525639,126
57613783000104,202602,111111730,124
57613783000104,202603,111606866,123
57613783000104,202604,112142713,122
57613783000104,202605,112375640,121
57613783000104,202606,112460179,122
57613783000104,202607,112792321,124
57613783000104,HOJE,112797575,121
57626567000195,202512,18990609,126
57626567000195,202601,19641697,126
57626567000195,202602,20231264,124
57626567000195,202603,20509839,123
57626567000195,202604,20733359,122
57626567000195,202605,20895958,121
57626567000195,202606,21060162,122
57626567000195,202607,21608537,124
57626567000195,HOJE,21666190,122
57627579000134,202512,38345527,126
57627579000134,202601,39001329,126
57627579000134,202602,39616716,124
57627579000134,202603,40194747,123
57627579000134,202604,40659390,122
57627579000134,202605,40901895,121
57627579000134,202606,41016391,122
57627579000134,202607,41143213,124
57627579000134,HOJE,41139062,121
57628211000190,202512,26891407,126
57628211000190,202601,26355728,126
57628211000190,202602,26574523,124
57628211000190,202603,26761478,123
57628211000190,202604,26946598,122
57628211000190,202605,27052759,121
57628211000190,202606,27113094,122
57628211000190,202607,27193355,124
57628211000190,HOJE,27193485,121
57629609000141,202512,127975427,126
57629609000141,202601,137462136,126
57629609000141,202602,146526791,124
57629609000141,202603,157176248,123
57629609000141,202604,171067615,122
57629609000141,202605,180537428,121
57629609000141,202606,189547348,122
57629609000141,202607,199349982,124
57629609000141,HOJE,200633466,121
57636187000131,202512,552789106,126
57636187000131,202601,572154816,126
57636187000131,202602,588288468,124
57636187000131,202603,603703410,123
57636187000131,202604,593564961,122
57636187000131,202605,569777447,121
57636187000131,202606,543365898,122
57636187000131,202607,514443811,124
57636187000131,HOJE,511250855,121
57639394000140,202512,22703304,126
57639394000140,202601,22996428,126
57639394000140,202602,23262391,124
57639394000140,202603,23514603,123
57639394000140,202604,23664807,122
57639394000140,202605,23821144,121
57639394000140,202606,24007498,122
57639394000140,202607,24684996,124
57639394000140,HOJE,24793408,121
57641567000164,202512,21458952,126
57641567000164,202601,21689135,126
57641567000164,202602,21915194,124
57641567000164,202603,22121046,123
57641567000164,202604,22305492,122
57641567000164,202605,21826453,121
57641567000164,202606,19552571,122
57641567000164,202607,16767232,124
57641567000164,HOJE,16416107,122
57654090000151,202512,56312051,126
57654090000151,202601,56806932,126
57654090000151,202602,57322549,124
57654090000151,202603,57704953,123
57654090000151,202604,58017794,122
57654090000151,202605,58233806,121
57654090000151,202606,58349495,122
57654090000151,202607,58115491,124
57654090000151,HOJE,57978313,122
57662061000131,202512,61488032,126
57662061000131,202601,62101446,126
57662061000131,202602,62670164,124
57662061000131,202603,63124071,123
57662061000131,202604,63458814,122
57662061000131,202605,62790711,121
57662061000131,202606,61351355,122
57662061000131,202607,59828768,124
57662061000131,HOJE,59602852,122
57662228000164,202512,23602924,126
57662228000164,202601,23850333,126
57662228000164,202602,24113245,124
57662228000164,202603,24324449,123
57662228000164,202604,24477830,122
57662228000164,202605,24587994,121
57662228000164,202606,24665895,122
57662228000164,202607,24752799,124
57662228000164,HOJE,24749971,121
57681558000105,202512,9303430,126
57681558000105,202601,8165677,126
57681558000105,202602,7101587,124
57681558000105,202603,5794809,123
57681558000105,202604,5241237,122
57681558000105,202605,5215640,121
57681558000105,202606,5185262,122
57681558000105,202607,5152617,124
57681558000105,HOJE,5147022,122
57681917000116,202512,30962885,126
57681917000116,202601,31242409,126
57681917000116,202602,31529706,124
57681917000116,202603,31742543,123
57681917000116,202604,31905572,122
57681917000116,202605,32003032,121
57681917000116,202606,32024670,122
57681917000116,202607,31703248,124
57681917000116,HOJE,31631858,122
57682222000159,202512,245718279,126
57682222000159,202601,257704045,126
57682222000159,202602,267982105,124
57682222000159,202603,297760060,123
57682222000159,202604,325323664,122
57682222000159,202605,352871085,121
57682222000159,202606,379794529,122
57682222000159,202607,407397759,124
57682222000159,HOJE,411546709,122
57699544000100,202512,56105763,126
57699544000100,202601,56692437,126
57699544000100,202602,57303956,124
57699544000100,202603,57861598,123
57699544000100,202604,58342282,122
57699544000100,202605,58758633,121
57699544000100,202606,59109504,122
57699544000100,202607,59491255,123
57699544000100,HOJE,59521238,121
57706349000160,202512,33158256,126
57706349000160,202601,33520515,126
57706349000160,202602,33640492,124
57706349000160,202603,32558421,123
57706349000160,202604,30578195,122
57706349000160,202605,28374439,121
57706349000160,202606,26138570,122
57706349000160,202607,23788648,124
57706349000160,HOJE,23381660,122
57711303000130,202512,108877434,126
57711303000130,202601,109967346,126
57711303000130,202602,111108233,124
57711303000130,202603,112260609,123
57711303000130,202604,113108424,122
57711303000130,202605,113472018,121
57711303000130,202606,113497938,122
57711303000130,202607,113696187,124
57711303000130,HOJE,113693624,121
57711375000187,202512,41444321,126
57711375000187,202601,52608975,126
57711375000187,202602,63368297,124
57711375000187,202603,76371664,123
57711375000187,202604,88691964,122
57711375000187,202605,107317071,121
57711375000187,202606,132174419,122
57711375000187,202607,171402690,124
57711375000187,HOJE,175376965,121
57713013000125,202512,15222084,126
57713013000125,202601,15363057,126
57713013000125,202602,15508371,124
57713013000125,202603,15635768,123
57713013000125,202604,15743039,122
57713013000125,202605,15821968,121
57713013000125,202606,15880894,122
57713013000125,202607,15953176,124
57713013000125,HOJE,15955230,121
57713250000196,202512,21812076,126
57713250000196,202601,22022875,126
57713250000196,202602,22497694,124
57713250000196,202603,24399250,123
57713250000196,202604,26219670,122
57713250000196,202605,28017809,121
57713250000196,202606,29775774,122
57713250000196,202607,31017177,124
57713250000196,HOJE,31263795,121
57714518000104,202512,20289389,126
57714518000104,202601,20463724,126
57714518000104,202602,20628592,124
57714518000104,202603,20842856,123
57714518000104,202604,21061053,122
57714518000104,202605,21286398,121
57714518000104,202606,21510433,122
57714518000104,202607,21749434,124
57714518000104,HOJE,21777471,121
57714726000103,202512,11537398,126
57714726000103,202601,11647662,126
57714726000103,202602,11758294,124
57714726000103,202603,11854652,123
57714726000103,202604,11933192,122
57714726000103,202605,11990142,121
57714726000103,202606,12032757,122
57714726000103,202607,12085043,124
57714726000103,HOJE,12087630,122
57719249000179,202512,654421254,126
57719249000179,202601,808490885,126
57719249000179,202602,960342879,124
57719249000179,202603,1144278592,123
57719249000179,202604,1299558121,122
57719249000179,202605,1440371266,121
57719249000179,202606,1554868274,122
57719249000179,202607,1655343646,124
57719249000179,HOJE,1668391996,122
57738351000111,202512,57850971,125
57738351000111,202601,59117117,125
57738351000111,202602,60512145,123
57738351000111,202603,62230194,122
57738351000111,202604,63874350,122
57738351000111,202605,65803666,121
57738351000111,202606,67435357,122
57738351000111,202607,68710340,124
57738351000111,HOJE,68869876,122
57744364000101,202512,19385944,126
57744364000101,202601,19554155,126
57744364000101,202602,19745551,124
57744364000101,202603,19911789,123
57744364000101,202604,20072781,122
57744364000101,202605,20191089,121
57744364000101,202606,20271779,122
57744364000101,202607,20389197,124
57744364000101,HOJE,20398158,122
57744596000151,202512,43979659,126
57744596000151,202601,44803602,126
57744596000151,202602,45587887,124
57744596000151,202603,46333791,123
57744596000151,202604,46237718,122
57744596000151,202605,45726860,121
57744596000151,202606,45186847,122
57744596000151,202607,44574080,124
57744596000151,HOJE,44462897,122
57744696000188,202512,9206931,126
57744696000188,202601,9212425,126
57744696000188,202602,9730020,124
57744696000188,202603,10530678,123
57744696000188,202604,10923917,122
57744696000188,202605,11301391,121
57744696000188,202606,11646739,122
57744696000188,202607,12002284,124
57744696000188,HOJE,12013277,122
57745265000136,202512,12731370,126
57745265000136,202601,13041334,126
57745265000136,202602,13356358,124
57745265000136,202603,13541788,123
57745265000136,202604,13633197,122
57745265000136,202605,13691902,121
57745265000136,202606,13708811,122
57745265000136,202607,13726649,124
57745265000136,HOJE,13724600,122
57746542000125,202512,38934868,126
57746542000125,202601,39261607,126
57746542000125,202602,39614580,124
57746542000125,202603,39938505,123
57746542000125,202604,40240007,122
57746542000125,202605,40484632,121
57746542000125,202606,40660709,122
57746542000125,202607,40861449,124
57746542000125,HOJE,40876005,122
57747620000106,202512,29997458,126
57747620000106,202601,30724352,126
57747620000106,202602,31196898,124
57747620000106,202603,31531747,123
57747620000106,202604,31727411,122
57747620000106,202605,31938161,121
57747620000106,202606,32196112,122
57747620000106,202607,32459957,124
57747620000106,HOJE,32477066,121
57747855000106,202512,24438050,126
57747855000106,202601,25508428,126
57747855000106,202602,26511663,124
57747855000106,202603,27644775,123
57747855000106,202604,27827291,122
57747855000106,202605,28013736,121
57747855000106,202606,28238390,122
57747855000106,202607,28470076,124
57747855000106,HOJE,28486085,121
57771660000193,202512,272483430,126
57771660000193,202601,277453536,126
57771660000193,202602,282379836,124
57771660000193,202603,287552203,123
57771660000193,202604,290002373,122
57771660000193,202605,293274725,121
57771660000193,202606,296243888,122
57771660000193,202607,292400805,124
57771660000193,HOJE,291782472,121
57771924000109,202512,91352026,126
57771924000109,202601,74383603,126
57771924000109,202602,57952831,124
57771924000109,202603,46788043,123
57771924000109,202604,45224050,122
57771924000109,202605,43394341,121
57771924000109,202606,41750566,122
57771924000109,202607,41134300,124
57771924000109,HOJE,41001615,122
57776875000105,202512,34209938,126
57776875000105,202601,34603580,126
57776875000105,202602,34990967,124
57776875000105,202603,35370513,123
57776875000105,202604,35596863,122
57776875000105,202605,35875006,121
57776875000105,202606,36204380,122
57776875000105,202607,36525846,124
57776875000105,HOJE,36555729,122
57777043000103,202512,93678587,126
57777043000103,202601,94881677,126
57777043000103,202602,96044155,124
57777043000103,202603,97040089,123
57777043000103,202604,97694540,122
57777043000103,202605,98348621,121
57777043000103,202606,98985729,122
57777043000103,202607,99655283,124
57777043000103,HOJE,99712311,122
57790619000164,202512,59041666,126
57790619000164,202601,59640260,126
57790619000164,202602,60658832,124
57790619000164,202603,62628274,123
57790619000164,202604,64335995,122
57790619000164,202605,65970600,121
57790619000164,202606,67516715,122
57790619000164,202607,69162743,124
57790619000164,HOJE,69423740,122
57791787000174,202512,251538213,111
57791787000174,202601,473905856,111
57791787000174,202602,707318403,109
57791787000174,202603,1024354026,108
57791787000174,202604,1247584903,92
57791787000174,202605,1312951574,96
57791787000174,202606,1408972244,90
57791787000174,202607,1428351854,86
57791787000174,HOJE,1431740373,82
57796012000191,202512,30628632,126
57796012000191,202601,30954936,126
57796012000191,202602,31289107,124
57796012000191,202603,31604118,123
57796012000191,202604,31873276,122
57796012000191,202605,32094433,121
57796012000191,202606,32266127,122
57796012000191,202607,32438599,124
57796012000191,HOJE,32450597,122
57809185000105,202512,105085298,126
57809185000105,202601,114773019,126
57809185000105,202602,122305589,124
57809185000105,202603,138684040,123
57809185000105,202604,175231593,122
57809185000105,202605,210533746,121
57809185000105,202606,234829896,122
57809185000105,202607,227747097,124
57809185000105,HOJE,228201359,122
57813684000168,202512,204873358,126
57813684000168,202601,278893277,126
57813684000168,202602,356307219,124
57813684000168,202603,441731035,123
57813684000168,202604,503582844,122
57813684000168,202605,541602078,121
57813684000168,202606,543539493,122
57813684000168,202607,513403260,124
57813684000168,HOJE,508511275,121
57815131000144,202512,215834216,126
57815131000144,202601,277742355,126
57815131000144,202602,352266574,124
57815131000144,202603,467938997,123
57815131000144,202604,608560009,122
57815131000144,202605,755125234,121
57815131000144,202606,900858403,122
57815131000144,202607,1044080657,124
57815131000144,HOJE,1061030400,121
57834063000160,202512,1128434624,126
57834063000160,202601,1024679055,126
57834063000160,202602,915001784,124
57834063000160,202603,740623771,123
57834063000160,202604,545181566,122
57834063000160,202605,330074513,121
57834063000160,202606,221411503,122
57834063000160,202607,211131408,124
57834063000160,HOJE,210076408,121
57883031000155,202512,32478431,126
57883031000155,202601,32812828,126
57883031000155,202602,33166296,124
57883031000155,202603,33533263,123
57883031000155,202604,33797460,122
57883031000155,202605,33899226,121
57883031000155,202606,33919428,122
57883031000155,202607,33984678,124
57883031000155,HOJE,33984030,121
57883567000170,202512,64694069,126
57883567000170,202601,65320366,126
57883567000170,202602,65987242,124
57883567000170,202603,66679011,123
57883567000170,202604,67217838,122
57883567000170,202605,67474760,121
57883567000170,202606,67533656,122
57883567000170,202607,67698685,124
57883567000170,HOJE,67704245,121
57884228000109,202512,51229751,126
57884228000109,202601,56645214,126
57884228000109,202602,60444689,124
57884228000109,202603,62742115,123
57884228000109,202604,62078034,122
57884228000109,202605,61044012,121
57884228000109,202606,58817929,122
57884228000109,202607,56287165,124
57884228000109,HOJE,55880482,121
57890176000183,202512,80670274,126
57890176000183,202601,77810608,126
57890176000183,202602,75558133,124
57890176000183,202603,72694238,123
57890176000183,202604,70571171,122
57890176000183,202605,71141184,121
57890176000183,202606,71745765,122
57890176000183,202607,72395851,124
57890176000183,HOJE,72479964,122
57897828000101,202512,21753257,126
57897828000101,202601,22066123,126
57897828000101,202602,23105697,124
57897828000101,202603,24099400,123
57897828000101,202604,25207149,122
57897828000101,202605,26303582,121
57897828000101,202606,27363683,122
57897828000101,202607,28388619,124
57897828000101,HOJE,28399710,122
57926049000197,202512,51438894,126
57926049000197,202601,51934299,126
57926049000197,202602,52400711,124
57926049000197,202603,52782988,123
57926049000197,202604,53121207,122
57926049000197,202605,52511806,121
57926049000197,202606,50951841,122
57926049000197,202607,49273605,124
57926049000197,HOJE,49032568,122
57942829000120,202512,16596442,126
57942829000120,202601,18170189,126
57942829000120,202602,19432925,124
57942829000120,202603,20955587,123
57942829000120,202604,22279447,122
57942829000120,202605,23298052,121
57942829000120,202606,24000322,122
57942829000120,202607,24478008,124
57942829000120,HOJE,24449790,122
57952464000115,202512,78462299,126
57952464000115,202601,78571433,126
57952464000115,202602,78721027,124
57952464000115,202603,78718245,123
57952464000115,202604,78714188,122
57952464000115,202605,78542170,121
57952464000115,202606,78159156,122
57952464000115,202607,77809205,124
57952464000115,HOJE,77760857,122
57955368000120,202512,81157956,126
57955368000120,202601,105415860,126
57955368000120,202602,107277321,124
57955368000120,202603,113484047,123
57955368000120,202604,121194973,122
57955368000120,202605,127001256,121
57955368000120,202606,118479851,122
57955368000120,202607,102554913,124
57955368000120,HOJE,102644815,121
57966847000142,202512,57598951,126
57966847000142,202601,57411357,126
57966847000142,202602,57248450,124
57966847000142,202603,56865841,123
57966847000142,202604,56315882,122
57966847000142,202605,55753628,121
57966847000142,202606,55976561,122
57966847000142,202607,56433212,124
57966847000142,HOJE,56466042,121
57967401000132,202512,30212824,126
57967401000132,202601,30630064,126
57967401000132,202602,31013803,124
57967401000132,202603,31286807,123
57967401000132,202604,31418548,122
57967401000132,202605,31513861,121
57967401000132,202606,31629221,122
57967401000132,202607,31768321,124
57967401000132,HOJE,31764577,121
57985995000104,202512,31154275,126
57985995000104,202601,31650011,126
57985995000104,202602,32105119,124
57985995000104,202603,32544564,123
57985995000104,202604,32753997,122
57985995000104,202605,32968695,121
57985995000104,202606,33227545,122
57985995000104,202607,33495910,124
57985995000104,HOJE,33514799,121
57986005000152,202512,66174512,126
57986005000152,202601,67028927,126
57986005000152,202602,67805712,124
57986005000152,202603,68545035,123
57986005000152,202604,68986345,122
57986005000152,202605,69442942,121
57986005000152,202606,69988979,122
57986005000152,202607,70554793,124
57986005000152,HOJE,70594683,121
58002209000174,202512,35694099,126
58002209000174,202601,35497063,126
58002209000174,202602,35799944,124
58002209000174,202603,36159360,123
58002209000174,202604,36439720,122
58002209000174,202605,36676824,121
58002209000174,202606,37016346,122
58002209000174,202607,37273041,124
58002209000174,HOJE,37286433,122
58013738000173,202512,547348905,126
58013738000173,202601,608710538,126
58013738000173,202602,667875956,124
58013738000173,202603,714967830,123
58013738000173,202604,759770825,122
58013738000173,202605,817871647,121
58013738000173,202606,867734876,122
58013738000173,202607,908408257,124
58013738000173,HOJE,912562643,121
58018929000128,202512,66436732,126
58018929000128,202601,68358640,126
58018929000128,202602,69856579,124
58018929000128,202603,71439529,123
58018929000128,202604,71644626,122
58018929000128,202605,71790341,121
58018929000128,202606,72108224,122
58018929000128,202607,72059661,124
58018929000128,HOJE,72057419,122
58052836000110,202512,540518896,126
58052836000110,202601,620268454,126
58052836000110,202602,678324891,124
58052836000110,202603,739226558,123
58052836000110,202604,770037127,122
58052836000110,202605,768373396,121
58052836000110,202606,754012426,122
58052836000110,202607,728760354,124
58052836000110,HOJE,726337128,121
58054338000106,202512,91883144,126
58054338000106,202601,95776616,126
58054338000106,202602,99008960,124
58054338000106,202603,101083612,123
58054338000106,202604,102419147,122
58054338000106,202605,103529747,121
58054338000106,202606,104114235,122
58054338000106,202607,102938662,124
58054338000106,HOJE,102787995,122
58062679000123,202512,856366741,126
58062679000123,202601,868191144,126
58062679000123,202602,879217765,124
58062679000123,202603,888480553,123
58062679000123,202604,892788123,122
58062679000123,202605,898339692,121
58062679000123,202606,905476269,122
58062679000123,202607,912462617,124
58062679000123,HOJE,913007711,122
58069072000175,202512,22718584,126
58069072000175,202601,22952526,126
58069072000175,202602,23209743,124
58069072000175,202603,23426186,123
58069072000175,202604,23601055,122
58069072000175,202605,23731912,121
58069072000175,202606,23628712,122
58069072000175,202607,23519895,124
58069072000175,HOJE,23495261,122
58075015000107,202512,116851732,126
58075015000107,202601,128398716,126
58075015000107,202602,136755759,124
58075015000107,202603,146570440,123
58075015000107,202604,154416348,122
58075015000107,202605,157884690,121
58075015000107,202606,158805738,122
58075015000107,202607,159202258,124
58075015000107,HOJE,159284999,121
58075902000177,202512,29042841,126
58075902000177,202601,29252015,126
58075902000177,202602,29498304,124
58075902000177,202603,29696314,123
58075902000177,202604,29908853,122
58075902000177,202605,30053864,121
58075902000177,202606,30106628,122
58075902000177,202607,30180472,124
58075902000177,HOJE,30177357,122
58088687000149,202512,224141125,126
58088687000149,202601,227007866,126
58088687000149,202602,229545711,124
58088687000149,202603,232241804,123
58088687000149,202604,234362731,122
58088687000149,202605,236651925,121
58088687000149,202606,239128355,122
58088687000149,202607,241833791,124
58088687000149,HOJE,242109455,121
58095438000180,202512,26806928,126
58095438000180,202601,27073018,126
58095438000180,202602,27356727,124
58095438000180,202603,27656724,123
58095438000180,202604,27891331,122
58095438000180,202605,27994004,121
58095438000180,202606,28018998,122
58095438000180,202607,28083247,124
58095438000180,HOJE,28084049,121
58107448000199,202512,815026273,126
58107448000199,202601,858830154,126
58107448000199,202602,942031715,124
58107448000199,202603,1037782536,123
58107448000199,202604,1107038785,122
58107448000199,202605,1176485957,121
58107448000199,202606,1262626010,122
58107448000199,202607,1283852739,124
58107448000199,HOJE,1281865421,121
58108799000114,202512,26221641,126
58108799000114,202601,26687359,126
58108799000114,202602,27010112,124
58108799000114,202603,27306907,123
58108799000114,202604,27489615,122
58108799000114,202605,27708304,121
58108799000114,202606,27974837,122
58108799000114,202607,28237487,124
58108799000114,HOJE,28262325,122
58108837000139,202512,11133256,126
58108837000139,202601,11224455,126
58108837000139,202602,11328693,124
58108837000139,202603,11412324,123
58108837000139,202604,11499578,122
58108837000139,202605,11559053,121
58108837000139,202606,11582489,122
58108837000139,202607,11614274,124
58108837000139,HOJE,11613472,122
58110964000172,202512,71448963,126
58110964000172,202601,72065846,126
58110964000172,202602,72726212,124
58110964000172,202603,72892250,123
58110964000172,202604,72754938,122
58110964000172,202605,72010988,121
58110964000172,202606,70849425,122
58110964000172,202607,69635890,124
58110964000172,HOJE,69423869,122
58111935000125,202512,222310113,126
58111935000125,202601,224886020,126
58111935000125,202602,227378738,124
58111935000125,202603,229570615,123
58111935000125,202604,231158401,122
58111935000125,202605,232414148,121
58111935000125,202606,233801258,122
58111935000125,202607,235291118,124
58111935000125,HOJE,235430605,122
58140821000103,202512,21653486,126
58140821000103,202601,21569745,126
58140821000103,202602,21505643,124
58140821000103,202603,21355661,123
58140821000103,202604,21149414,122
58140821000103,202605,20933468,121
58140821000103,202606,20916589,122
58140821000103,202607,21017128,124
58140821000103,HOJE,21023882,121
58140887000101,202512,43604445,126
58140887000101,202601,44097422,126
58140887000101,202602,44616866,124
58140887000101,202603,45075269,123
58140887000101,202604,45431942,122
58140887000101,202605,45745279,121
58140887000101,202606,45975883,122
58140887000101,202607,46195440,124
58140887000101,HOJE,46198808,121
58174371000170,202512,46119876,126
58174371000170,202601,47373119,126
58174371000170,202602,48621399,124
58174371000170,202603,48929999,123
58174371000170,202604,49307199,122
58174371000170,202605,49668073,121
58174371000170,202606,50059776,122
58174371000170,202607,50423714,124
58174371000170,HOJE,50438917,121
58174985000151,202512,275693720,126
58174985000151,202601,279150877,126
58174985000151,202602,282664662,124
58174985000151,202603,286860303,123
58174985000151,202604,287655142,122
58174985000151,202605,290730443,121
58174985000151,202606,294519848,122
58174985000151,202607,292928380,124
58174985000151,HOJE,292399896,122
58176513000138,202512,68104990,126
58176513000138,202601,68939001,126
58176513000138,202602,69698737,124
58176513000138,202603,70548601,123
58176513000138,202604,71250476,122
58176513000138,202605,72000186,121
58176513000138,202606,72776915,122
58176513000138,202607,73611305,124
58176513000138,HOJE,73720943,122
58191395000137,202512,239122536,126
58191395000137,202601,280918804,126
58191395000137,202602,319131831,124
58191395000137,202603,354648180,123
58191395000137,202604,368595448,122
58191395000137,202605,372677935,121
58191395000137,202606,371308854,122
58191395000137,202607,365989276,124
58191395000137,HOJE,365408200,121
58191678000189,202512,125569855,126
58191678000189,202601,130687437,126
58191678000189,202602,135456362,124
58191678000189,202603,141099060,123
58191678000189,202604,143885720,122
58191678000189,202605,144820431,121
58191678000189,202606,146760735,122
58191678000189,202607,150024432,124
58191678000189,HOJE,150479656,121
58193485000167,202512,5172826,126
58193485000167,202601,5718334,126
58193485000167,202602,6246474,124
58193485000167,202603,6688891,123
58193485000167,202604,8266510,122
58193485000167,202605,16077853,121
58193485000167,202606,24174666,122
58193485000167,202607,32792351,124
58193485000167,HOJE,33843007,121
58213245000187,202512,26345436,125
58213245000187,202601,23924224,125
58213245000187,202602,21575424,123
58213245000187,202603,18683087,122
58213245000187,202604,21163825,122
58213245000187,202605,57360943,120
58213245000187,202606,80347707,121
58213245000187,202607,103674803,123
58213245000187,HOJE,107207037,121
58221726000134,202512,102685425,126
58221726000134,202601,103794044,126
58221726000134,202602,104906307,124
58221726000134,202603,105978992,123
58221726000134,202604,106946734,122
58221726000134,202605,107776712,121
58221726000134,202606,108443633,122
58221726000134,202607,109156941,124
58221726000134,HOJE,109208849,121
58251560000107,202512,52855578,126
58251560000107,202601,52997128,126
58251560000107,202602,53224634,124
58251560000107,202603,53265148,123
58251560000107,202604,53173714,122
58251560000107,202605,53278600,121
58251560000107,202606,53385793,122
58251560000107,202607,53550388,124
58251560000107,HOJE,53550103,122
58264015000147,202512,159643473,126
58264015000147,202601,220641758,126
58264015000147,202602,291414716,124
58264015000147,202603,368647617,123
58264015000147,202604,420596545,122
58264015000147,202605,458426534,121
58264015000147,202606,471973399,122
58264015000147,202607,457845558,124
58264015000147,HOJE,454627224,121
58275549000179,202512,12971190,126
58275549000179,202601,12422740,126
58275549000179,202602,11909001,124
58275549000179,202603,11302963,123
58275549000179,202604,10862147,122
58275549000179,202605,10706522,121
58275549000179,202606,10815458,122
58275549000179,202607,10953570,124
58275549000179,HOJE,10970944,122
58277022000183,202512,57704477,126
58277022000183,202601,66074407,126
58277022000183,202602,74717292,124
58277022000183,202603,86051066,123
58277022000183,202604,95201983,122
58277022000183,202605,103342529,121
58277022000183,202606,109607613,122
58277022000183,202607,114464714,124
58277022000183,HOJE,115033545,121
58277322000162,202512,639000189,126
58277322000162,202601,724116053,126
58277322000162,202602,806826067,124
58277322000162,202603,913001622,123
58277322000162,202604,979963158,122
58277322000162,202605,1040819631,121
58277322000162,202606,1131475879,122
58277322000162,202607,1239197644,124
58277322000162,HOJE,1251714775,121
58280010000108,202512,179431821,126
58280010000108,202601,249540272,126
58280010000108,202602,324386340,124
58280010000108,202603,410466369,123
58280010000108,202604,476215033,122
58280010000108,202605,518576219,121
58280010000108,202606,522699967,122
58280010000108,202607,494539104,124
58280010000108,HOJE,488767322,122
58281724000130,202512,148323573,126
58281724000130,202601,208973341,126
58281724000130,202602,274789965,124
58281724000130,202603,351504926,123
58281724000130,202604,411232568,122
58281724000130,202605,450354402,121
58281724000130,202606,459792213,122
58281724000130,202607,442608840,124
58281724000130,HOJE,439179380,121
58286101000150,202512,11135255,126
58286101000150,202601,11225503,126
58286101000150,202602,11329232,124
58286101000150,202603,11412857,123
58286101000150,202604,11500119,122
58286101000150,202605,11559603,121
58286101000150,202606,11583039,122
58286101000150,202607,11614828,124
58286101000150,HOJE,11614026,122
58286171000109,202512,11138098,126
58286171000109,202601,11228951,126
58286171000109,202602,11333008,124
58286171000109,202603,11415909,123
58286171000109,202604,11502608,122
58286171000109,202605,11561747,121
58286171000109,202606,11584251,122
58286171000109,202607,11615406,124
58286171000109,HOJE,11614446,122
58287774000125,202512,59523030,126
58287774000125,202601,58774139,126
58287774000125,202602,58936172,124
58287774000125,202603,59412636,123
58287774000125,202604,59783220,122
58287774000125,202605,60029495,121
58287774000125,202606,60171317,122
58287774000125,202607,60328583,124
58287774000125,HOJE,60326939,122
58287952000118,202512,133747155,126
58287952000118,202601,156418328,126
58287952000118,202602,178714217,124
58287952000118,202603,203867263,123
58287952000118,202604,224261200,122
58287952000118,202605,244131864,121
58287952000118,202606,264853181,122
58287952000118,202607,288771331,124
58287952000118,HOJE,291431569,121
58290551000117,202512,15675306,122
58290551000117,202601,18562761,126
58290551000117,202602,21361649,124
58290551000117,202603,24696898,123
58290551000117,202604,27269664,122
58290551000117,202605,27459686,121
58290551000117,202606,27605154,122
58290551000117,202607,27741055,124
58290551000117,HOJE,27746800,121
58307597000100,202512,31912364,126
58307597000100,202601,32211620,126
58307597000100,202602,32541844,124
58307597000100,202603,32849621,123
58307597000100,202604,33152049,122
58307597000100,202605,33397676,121
58307597000100,202606,33576748,122
58307597000100,202607,33764342,124
58307597000100,HOJE,33778274,122
58311520000103,202512,209918127,126
58311520000103,202601,282475156,126
58311520000103,202602,359248370,124
58311520000103,202603,442983102,123
58311520000103,202604,498130230,122
58311520000103,202605,527267842,121
58311520000103,202606,531849303,122
58311520000103,202607,510531966,124
58311520000103,HOJE,506350345,121
58327943000103,202512,162152224,126
58327943000103,202601,183830301,126
58327943000103,202602,204831247,124
58327943000103,202603,230722976,123
58327943000103,202604,263999876,122
58327943000103,202605,302940506,121
58327943000103,202606,355825911,122
58327943000103,202607,433699730,124
58327943000103,HOJE,441825738,121
58331211000197,202512,23129528,126
58331211000197,202601,23372143,126
58331211000197,202602,23628493,124
58331211000197,202603,23891461,123
58331211000197,202604,24082798,122
58331211000197,202605,24162381,121
58331211000197,202606,24179909,122
58331211000197,202607,24196336,124
58331211000197,HOJE,24186999,121
58340147000100,202512,875970244,126
58340147000100,202601,883992858,126
58340147000100,202602,891467873,124
58340147000100,202603,901139069,123
58340147000100,202604,910621484,122
58340147000100,202605,920875977,121
58340147000100,202606,931648646,122
58340147000100,202607,944109437,124
58340147000100,HOJE,945813373,122
58341091000109,202512,2198621304,126
58341091000109,202601,2115566550,126
58341091000109,202602,2059816285,124
58341091000109,202603,2041859037,123
58341091000109,202604,2051091734,122
58341091000109,202605,2064774854,121
58341091000109,202606,2082435987,122
58341091000109,202607,2099109333,124
58341091000109,HOJE,2100390204,122
58341471000143,202512,10632598,126
58341471000143,202601,10730029,126
58341471000143,202602,10820341,124
58341471000143,202603,10937013,123
58341471000143,202604,11062899,122
58341471000143,202605,11215645,121
58341471000143,202606,11328468,122
58341471000143,202607,11452939,124
58341471000143,HOJE,11471368,122
58341982000165,202512,29674154,126
58341982000165,202601,31254350,126
58341982000165,202602,32630679,124
58341982000165,202603,33996075,123
58341982000165,202604,35075980,122
58341982000165,202605,36028044,121
58341982000165,202606,36726775,122
58341982000165,202607,37225469,124
58341982000165,HOJE,37276893,122
58348647000199,202512,20658542,126
58348647000199,202601,20927279,126
58348647000199,202602,21181610,124
58348647000199,202603,21412851,123
58348647000199,202604,21553490,122
58348647000199,202605,21720775,121
58348647000199,202606,21922569,122
58348647000199,202607,22118451,124
58348647000199,HOJE,22136162,122
58348771000154,202512,55051583,126
58348771000154,202601,58915903,126
58348771000154,202602,62075172,124
58348771000154,202603,66219111,123
58348771000154,202604,70206299,122
58348771000154,202605,74331453,121
58348771000154,202606,76358511,122
58348771000154,202607,78013327,124
58348771000154,HOJE,78213548,122
58354005000100,202512,177736564,126
58354005000100,202601,184861388,126
58354005000100,202602,190311893,124
58354005000100,202603,194634324,123
58354005000100,202604,196935435,122
58354005000100,202605,197149709,121
58354005000100,202606,195333823,122
58354005000100,202607,192415804,124
58354005000100,HOJE,192032328,122
58354857000190,202512,138220143,126
58354857000190,202601,149157500,126
58354857000190,202602,156580034,124
58354857000190,202603,162889705,123
58354857000190,202604,166486853,122
58354857000190,202605,167002678,121
58354857000190,202606,166351791,122
58354857000190,202607,165080462,124
58354857000190,HOJE,164870837,122
58360837000121,202512,202728115,126
58360837000121,202601,197516398,126
58360837000121,202602,180126404,124
58360837000121,202603,148761093,123
58360837000121,202604,115551679,122
58360837000121,202605,88366616,121
58360837000121,202606,62968280,122
58360837000121,202607,34261173,124
58360837000121,HOJE,30078961,122
58360941000116,202512,21929007,126
58360941000116,202601,22101060,126
58360941000116,202602,22304504,124
58360941000116,202603,22480886,123
58360941000116,202604,22676366,122
58360941000116,202605,22807682,121
58360941000116,202606,22855852,122
58360941000116,202607,22926385,124
58360941000116,HOJE,22926349,122
58361052000173,202512,63087288,126
58361052000173,202601,68185585,126
58361052000173,202602,76948810,124
58361052000173,202603,88028266,123
58361052000173,202604,98651124,122
58361052000173,202605,109594683,121
58361052000173,202606,119023456,122
58361052000173,202607,124257592,124
58361052000173,HOJE,124264521,122
58364988000158,202512,10896161,126
58364988000158,202601,11006081,126
58364988000158,202602,11120028,124
58364988000158,202603,11601968,123
58364988000158,202604,12521184,122
58364988000158,202605,13398754,121
58364988000158,202606,14240321,122
58364988000158,202607,15146233,124
58364988000158,HOJE,15281109,121
58365044000103,202512,28212801,126
58365044000103,202601,28504248,126
58365044000103,202602,28812049,124
58365044000103,202603,29128353,123
58365044000103,202604,29354504,122
58365044000103,202605,29442362,121
58365044000103,202606,29454072,122
58365044000103,202607,29502234,124
58365044000103,HOJE,29500899,121
58378060000122,202512,5840519686,126
58378060000122,202601,6248881802,126
58378060000122,202602,6449593435,124
58378060000122,202603,6589352009,123
58378060000122,202604,6676743694,122
58378060000122,202605,6642566472,121
58378060000122,202606,6388349495,122
58378060000122,202607,5988544496,124
58378060000122,HOJE,5934491722,122
58396943000165,202512,310595970,126
58396943000165,202601,314018018,126
58396943000165,202602,317143589,124
58396943000165,202603,315681074,123
58396943000165,202604,304555534,122
58396943000165,202605,284980053,121
58396943000165,202606,263063716,122
58396943000165,202607,239826897,124
58396943000165,HOJE,236614628,121
58399524000187,202512,63962002,126
58399524000187,202601,64453645,126
58399524000187,202602,65015029,124
58399524000187,202603,65460932,123
58399524000187,202604,65852656,122
58399524000187,202605,66096361,121
58399524000187,202606,66243465,122
58399524000187,202607,66434778,124
58399524000187,HOJE,66433960,122
58416021000172,202512,33306416,126
58416021000172,202601,33899036,126
58416021000172,202602,34498444,124
58416021000172,202603,35121110,123
58416021000172,202604,35695089,122
58416021000172,202605,36376112,121
58416021000172,202606,37157552,121
58416021000172,202607,38065276,123
58416021000172,HOJE,38187229,121
58437495000109,202512,193897102,126
58437495000109,202601,265198923,126
58437495000109,202602,340903751,124
58437495000109,202603,423315348,123
58437495000109,202604,477676740,122
58437495000109,202605,512454510,121
58437495000109,202606,524056142,122
58437495000109,202607,509447995,124
58437495000109,HOJE,505174815,122
58440238000118,202512,118794469,126
58440238000118,202601,124210239,126
58440238000118,202602,124563445,124
58440238000118,202603,120822258,123
58440238000118,202604,108856465,122
58440238000118,202605,90523782,121
58440238000118,202606,77650001,122
58440238000118,202607,70054273,124
58440238000118,HOJE,69215829,122
58443366000115,202512,134575494,126
58443366000115,202601,199659975,126
58443366000115,202602,273530983,124
58443366000115,202603,360223245,123
58443366000115,202604,428765481,122
58443366000115,202605,472569669,120
58443366000115,202606,486144064,121
58443366000115,202607,472198836,123
58443366000115,HOJE,468243060,121
58443398000110,202512,30024261,126
58443398000110,202601,29945054,126
58443398000110,202602,29883844,124
58443398000110,202603,29696061,123
58443398000110,202604,29567733,122
58443398000110,202605,29367833,121
58443398000110,202606,29094637,122
58443398000110,202607,28822662,124
58443398000110,HOJE,28778545,121
58444240000165,202512,37229737,126
58444240000165,202601,37909997,126
58444240000165,202602,36301271,124
58444240000165,202603,32348470,123
58444240000165,202604,25851773,122
58444240000165,202605,18627819,121
58444240000165,202606,14421980,122
58444240000165,202607,12013445,124
58444240000165,HOJE,11833258,122
58459343000107,202512,790173602,126
58459343000107,202601,819372882,126
58459343000107,202602,818721245,124
58459343000107,202603,810964032,123
58459343000107,202604,795012131,122
58459343000107,202605,761638251,121
58459343000107,202606,834133709,122
58459343000107,202607,919472266,124
58459343000107,HOJE,922094928,122
58460574000122,202512,50275129,126
58460574000122,202601,73780715,126
58460574000122,202602,98438779,124
58460574000122,202603,127608922,123
58460574000122,202604,151286487,122
58460574000122,202605,168185880,121
58460574000122,202606,179935860,122
58460574000122,202607,187190626,124
58460574000122,HOJE,188071313,122
58481477000116,202512,294930443,126
58481477000116,202601,308872311,126
58481477000116,202602,320019199,124
58481477000116,202603,340102963,123
58481477000116,202604,361152515,122
58481477000116,202605,384183706,121
58481477000116,202606,403974097,122
58481477000116,202607,424554954,124
58481477000116,HOJE,427816730,122
58490605000198,202512,37908399,126
58490605000198,202601,36939471,126
58490605000198,202602,36069966,124
58490605000198,202603,34978934,123
58490605000198,202604,33945485,122
58490605000198,202605,32222341,121
58490605000198,202606,30860955,122
58490605000198,202607,30329594,124
58490605000198,HOJE,30258485,122
58516289000186,202512,49913153,126
58516289000186,202601,62049326,126
58516289000186,202602,70025339,124
58516289000186,202603,72931307,123
58516289000186,202604,73895605,122
58516289000186,202605,74593177,121
58516289000186,202606,78408303,122
58516289000186,202607,79804966,124
58516289000186,HOJE,80019566,121
58547919000180,202512,35448028,126
58547919000180,202601,35629948,126
58547919000180,202602,35802188,124
58547919000180,202603,35873225,123
58547919000180,202604,35874428,122
58547919000180,202605,35694065,121
58547919000180,202606,35424280,122
58547919000180,202607,35143705,124
58547919000180,HOJE,35101618,122
58561162000189,202512,252063707,126
58561162000189,202601,260478016,126
58561162000189,202602,268834517,124
58561162000189,202603,281252260,123
58561162000189,202604,297959601,122
58561162000189,202605,324244763,121
58561162000189,202606,358037216,122
58561162000189,202607,400230921,124
58561162000189,HOJE,406062777,122
58578837000100,202512,74047290,126
58578837000100,202601,74474031,126
58578837000100,202602,74818389,124
58578837000100,202603,74996077,123
58578837000100,202604,74858702,122
58578837000100,202605,74664212,121
58578837000100,202606,74571713,122
58578837000100,202607,74437950,124
58578837000100,HOJE,74402163,121
58580968000114,202512,7278569,126
58580968000114,202601,11231919,126
58580968000114,202602,16742216,124
58580968000114,202603,23108907,123
58580968000114,202604,27418087,122
58580968000114,202605,30815797,121
58580968000114,202606,31255157,122
58580968000114,202607,30131231,124
58580968000114,HOJE,29686237,122
58586883000143,202512,145135566,126
58586883000143,202601,158506145,126
58586883000143,202602,170959389,124
58586883000143,202603,189457796,123
58586883000143,202604,205331525,122
58586883000143,202605,217181820,121
58586883000143,202606,224956717,122
58586883000143,202607,228497164,124
58586883000143,HOJE,228996476,121
58587071000112,202512,27595963,126
58587071000112,202601,27313812,126
58587071000112,202602,26880276,124
58587071000112,202603,26228175,123
58587071000112,202604,25580259,122
58587071000112,202605,24905778,121
58587071000112,202606,24236087,122
58587071000112,202607,21994872,119
58587071000112,HOJE,21913199,115
58600298000150,202512,1383280736,126
58600298000150,202601,1583583299,126
58600298000150,202602,1771280874,124
58600298000150,202603,1965454534,123
58600298000150,202604,2118637996,122
58600298000150,202605,2202348573,121
58600298000150,202606,2212176768,122
58600298000150,202607,2202854543,124
58600298000150,HOJE,2201179687,121
58651604000188,202512,26663649,126
58651604000188,202601,26955514,126
58651604000188,202602,27333844,124
58651604000188,202603,27690211,123
58651604000188,202604,27972194,122
58651604000188,202605,28226245,121
58651604000188,202606,28464698,122
58651604000188,202607,28705499,124
58651604000188,HOJE,28729212,122
58651661000167,202512,21254731,126
58651661000167,202601,21514895,126
58651661000167,202602,21744164,124
58651661000167,202603,21948115,123
58651661000167,202604,22076779,122
58651661000167,202605,22226748,121
58651661000167,202606,22415550,122
58651661000167,202607,22600372,124
58651661000167,HOJE,22615659,122
58651702000115,202512,14833813,126
58651702000115,202601,14855415,126
58651702000115,202602,14878637,124
58651702000115,202603,14817373,123
58651702000115,202604,14778549,122
58651702000115,202605,14765014,121
58651702000115,202606,14741793,122
58651702000115,202607,14691671,124
58651702000115,HOJE,14668889,122
58651920000150,202512,124496180,126
58651920000150,202601,126744004,126
58651920000150,202602,128834350,124
58651920000150,202603,130436528,123
58651920000150,202604,131217721,122
58651920000150,202605,132144762,121
58651920000150,202606,133324724,122
58651920000150,202607,134473287,124
58651920000150,HOJE,134570622,122
58651958000122,202512,10227777,110
58651958000122,202601,10488092,126
58651958000122,202602,10765250,124
58651958000122,202603,10901462,123
58651958000122,202604,11015188,122
58651958000122,202605,11087138,121
58651958000122,202606,11130218,122
58651958000122,202607,11174279,124
58651958000122,HOJE,11176607,122
58653503000146,202512,205190470,126
58653503000146,202601,207178621,126
58653503000146,202602,209648921,124
58653503000146,202603,211917387,123
58653503000146,202604,212930358,122
58653503000146,202605,214971553,121
58653503000146,202606,217212994,122
58653503000146,202607,219323536,124
58653503000146,HOJE,219559969,122
58653978000132,202512,43453067,126
58653978000132,202601,43836042,126
58653978000132,202602,44218473,124
58653978000132,202603,44465197,123
58653978000132,202604,44608476,122
58653978000132,202605,44642999,121
58653978000132,202606,44593214,122
58653978000132,202607,44505230,124
58653978000132,HOJE,44470471,122
58674067000191,202512,20629418,126
58674067000191,202601,22499060,126
58674067000191,202602,24324863,124
58674067000191,202603,25888459,123
58674067000191,202604,26115664,122
58674067000191,202605,26355806,121
58674067000191,202606,26598933,122
58674067000191,202607,26859868,124
58674067000191,HOJE,26887413,122
58674224000169,202512,650186156,126
58674224000169,202601,676178837,126
58674224000169,202602,700236662,124
58674224000169,202603,718055564,123
58674224000169,202604,725902443,122
58674224000169,202605,718692850,121
58674224000169,202606,704919758,122
58674224000169,202607,685231376,124
58674224000169,HOJE,682994487,121
58688316000106,202512,52432584,126
58688316000106,202601,52341940,126
58688316000106,202602,53126562,124
58688316000106,202603,61190113,123
58688316000106,202604,70134562,122
58688316000106,202605,79194221,121
58688316000106,202606,88839839,122
58688316000106,202607,99083908,124
58688316000106,HOJE,100674555,121
58691085000181,202512,37405377,114
58691085000181,202601,39013849,126
58691085000181,202602,40422313,124
58691085000181,202603,41569072,123
58691085000181,202604,42185577,122
58691085000181,202605,42472820,121
58691085000181,202606,43587557,122
58691085000181,202607,44751931,123
58691085000181,HOJE,44848060,120
58692067000114,202512,14042352,120
58692067000114,202601,17533113,126
58692067000114,202602,19713107,124
58692067000114,202603,21375819,123
58692067000114,202604,22905077,122
58692067000114,202605,24401445,121
58692067000114,202606,25353639,122
58692067000114,202607,25455111,124
58692067000114,HOJE,25455722,122
58703709000133,202512,24464244,126
58703709000133,202601,25925974,126
58703709000133,202602,27307333,124
58703709000133,202603,28279073,123
58703709000133,202604,28710291,122
58703709000133,202605,28896471,121
58703709000133,202606,29056173,122
58703709000133,202607,29224625,124
58703709000133,HOJE,29234252,121
58707218000160,202512,81215328,126
58707218000160,202601,81553453,126
58707218000160,202602,81888432,124
58707218000160,202603,82065729,123
58707218000160,202604,81933699,122
58707218000160,202605,81804198,121
58707218000160,202606,82100551,122
58707218000160,202607,82781371,124
58707218000160,HOJE,82830111,121
58707733000140,202512,71825814,126
58707733000140,202601,73095595,126
58707733000140,202602,74376356,124
58707733000140,202603,75798086,123
58707733000140,202604,77096393,122
58707733000140,202605,78161745,121
58707733000140,202606,78829858,122
58707733000140,202607,79156909,124
58707733000140,HOJE,79174016,121
58729502000138,202512,5884288,108
58729502000138,202601,6640976,126
58729502000138,202602,8405093,124
58729502000138,202603,10417678,123
58729502000138,202604,12103929,122
58729502000138,202605,28224870,121
58729502000138,202606,86909121,122
58729502000138,202607,144212163,124
58729502000138,HOJE,149996344,121
58733754000130,202512,598900999,126
58733754000130,202601,641757505,126
58733754000130,202602,680360441,124
58733754000130,202603,716391716,123
58733754000130,202604,749502807,122
58733754000130,202605,787806060,121
58733754000130,202606,833095911,122
58733754000130,202607,879508201,124
58733754000130,HOJE,884510841,121
58735449000188,202512,2160977196,116
58735449000188,202601,2120777552,116
58735449000188,202602,2064407803,114
58735449000188,202603,2016830955,113
58735449000188,202604,2006890318,112
58735449000188,202605,2024510601,121
58735449000188,202606,2047312725,122
58735449000188,202607,2076626675,122
58735449000188,HOJE,2081405695,119
58736286000158,202512,30102965,126
58736286000158,202601,32118581,126
58736286000158,202602,34037019,124
58736286000158,202603,36240534,123
58736286000158,202604,38217591,122
58736286000158,202605,38394615,121
58736286000158,202606,38489358,122
58736286000158,202607,38613143,124
58736286000158,HOJE,38618238,122
58758334000109,202512,21922604,126
58758334000109,202601,7592417,126
58758334000109,202602,6761825,124
58758334000109,202603,5736697,123
58758334000109,202604,5280190,122
58758334000109,202605,5175854,121
58758334000109,202606,5064075,122
58758334000109,202607,15802083,124
58758334000109,HOJE,17693975,122
58770366000120,202512,23422322,126
58770366000120,202601,24795730,126
58770366000120,202602,26048278,124
58770366000120,202603,27541157,123
58770366000120,202604,28758346,122
58770366000120,202605,29694140,121
58770366000120,202606,30207154,122
58770366000120,202607,30718640,124
58770366000120,HOJE,30789282,122
58771665000189,202512,16313837,126
58771665000189,202601,16494113,126
58771665000189,202602,16663519,124
58771665000189,202603,16836696,123
58771665000189,202604,17003858,122
58771665000189,202605,17146173,121
58771665000189,202606,17271314,122
58771665000189,202607,17413633,124
58771665000189,HOJE,17432092,122
58771687000149,202512,33499170,126
58771687000149,202601,33731063,126
58771687000149,202602,34009073,124
58771687000149,202603,34221797,123
58771687000149,202604,34451286,122
58771687000149,202605,34626222,121
58771687000149,202606,34711588,122
58771687000149,202607,34827608,124
58771687000149,HOJE,34829478,122
58771694000140,202512,21832064,126
58771694000140,202601,23843779,126
58771694000140,202602,25927922,124
58771694000140,202603,29693182,123
58771694000140,202604,33163741,122
58771694000140,202605,36246537,121
58771694000140,202606,38658986,122
58771694000140,202607,41859478,124
58771694000140,HOJE,42349786,122
58804815000103,202512,52262008,126
58804815000103,202601,49120681,126
58804815000103,202602,44506173,124
58804815000103,202603,37758254,123
58804815000103,202604,32445079,122
58804815000103,202605,28521903,121
58804815000103,202606,26371711,122
58804815000103,202607,24925120,124
58804815000103,HOJE,24730892,122
58806888000134,202512,224070258,126
58806888000134,202601,296344619,126
58806888000134,202602,375622679,124
58806888000134,202603,463497423,123
58806888000134,202604,521791989,122
58806888000134,202605,559918377,121
58806888000134,202606,567677239,122
58806888000134,202607,547574551,124
58806888000134,HOJE,543783713,121
58808777000167,202512,60691338,126
58808777000167,202601,52864085,126
58808777000167,202602,44916654,124
58808777000167,202603,34815322,123
58808777000167,202604,28902261,122
58808777000167,202605,25338502,121
58808777000167,202606,24566268,122
58808777000167,202607,24968644,124
58808777000167,HOJE,25013327,122
58891176000160,202512,38662221,126
58891176000160,202601,40558595,126
58891176000160,202602,42165422,124
58891176000160,202603,43711297,123
58891176000160,202604,47119923,122
58891176000160,202605,50237919,121
58891176000160,202606,53232669,122
58891176000160,202607,56325466,124
58891176000160,HOJE,56784358,122
58903850000180,202512,13774112,126
58903850000180,202601,9268353,126
58903850000180,202602,8308946,124
58903850000180,202603,7114868,123
58903850000180,202604,6489449,122
58903850000180,202605,6040414,121
58903850000180,202606,5592499,122
58903850000180,202607,11138328,124
58903850000180,HOJE,12158332,122
58930938000190,202512,46028844,126
58930938000190,202601,34341926,126
58930938000190,202602,22963882,124
58930938000190,202603,8882282,123
58930938000190,202604,6921440,122
58930938000190,202605,6645526,121
58930938000190,202606,6345522,122
58930938000190,202607,6030349,124
58930938000190,HOJE,5980045,122
58942869000135,202512,59047241,126
58942869000135,202601,76493074,126
58942869000135,202602,92499732,124
58942869000135,202603,112078478,123
58942869000135,202604,130321736,122
58942869000135,202605,143304964,121
58942869000135,202606,144913759,122
58942869000135,202607,146669219,124
58942869000135,HOJE,146903828,122
58976417000174,202512,99108407,126
58976417000174,202601,111002161,126
58976417000174,202602,118914126,124
58976417000174,202603,134642132,123
58976417000174,202604,149782206,122
58976417000174,202605,165822040,121
58976417000174,202606,182811663,122
58976417000174,202607,201728685,124
58976417000174,HOJE,204469518,121
59004460000130,202512,96177264,126
59004460000130,202601,98039469,126
59004460000130,202602,99445848,124
59004460000130,202603,100560967,123
59004460000130,202604,101633154,122
59004460000130,202605,102378522,121
59004460000130,202606,102976020,122
59004460000130,202607,103604386,124
59004460000130,HOJE,103639295,121
59016052000107,202512,332403521,126
59016052000107,202601,343813678,126
59016052000107,202602,356895324,124
59016052000107,202603,373822914,123
59016052000107,202604,382999383,122
59016052000107,202605,389761469,121
59016052000107,202606,395441068,122
59016052000107,202607,397356253,124
59016052000107,HOJE,397563935,122
59016228000112,202512,2577112594,126
59016228000112,202601,2783084875,126
59016228000112,202602,2939609013,124
59016228000112,202603,3021108158,123
59016228000112,202604,3020711382,122
59016228000112,202605,2991341581,121
59016228000112,202606,2934654280,122
59016228000112,202607,2847886597,124
59016228000112,HOJE,2835090490,122
59054402000111,202512,21476580,126
59054402000111,202601,21650991,126
59054402000111,202602,21856226,124
59054402000111,202603,22040654,123
59054402000111,202604,22199993,122
59054402000111,202605,22313918,121
59054402000111,202606,22407929,122
59054402000111,202607,22517625,124
59054402000111,HOJE,22523250,122
59055352000197,202512,181729717,126
59055352000197,202601,183317829,126
59055352000197,202602,184723737,124
59055352000197,202603,186964388,123
59055352000197,202604,188883992,122
59055352000197,202605,190600660,120
59055352000197,202606,190867056,121
59055352000197,202607,190025508,123
59055352000197,HOJE,189960348,121
59061141000167,202512,30978293,126
59061141000167,202601,32867250,126
59061141000167,202602,33421840,123
59061141000167,202603,33571462,122
59061141000167,202604,33150693,121
59061141000167,202605,32639387,120
59061141000167,202606,32057596,121
59061141000167,202607,31444731,123
59061141000167,HOJE,31355582,122
59064446000122,202512,49652645,126
59064446000122,202601,47597615,126
59064446000122,202602,45739357,124
59064446000122,202603,43361205,123
59064446000122,202604,41613111,122
59064446000122,202605,41804624,121
59064446000122,202606,41909864,122
59064446000122,202607,42046668,124
59064446000122,HOJE,42049723,121
59067509000102,202512,49973296,126
59067509000102,202601,52640934,126
59067509000102,202602,55617520,124
59067509000102,202603,58952001,123
59067509000102,202604,61775991,122
59067509000102,202605,64544948,121
59067509000102,202606,66523552,122
59067509000102,202607,67899454,123
59067509000102,HOJE,67998660,121
59079948000127,202512,125636918,126
59079948000127,202601,148529074,126
59079948000127,202602,170843669,124
59079948000127,202603,196830064,123
59079948000127,202604,210315210,122
59079948000127,202605,218002935,121
59079948000127,202606,217871518,122
59079948000127,202607,214357571,123
59079948000127,HOJE,214091059,120
59091360000199,202512,23584633,126
59091360000199,202601,24797029,126
59091360000199,202602,24554860,124
59091360000199,202603,23986414,123
59091360000199,202604,23582391,122
59091360000199,202605,23220914,121
59091360000199,202606,23284917,122
59091360000199,202607,23358057,124
59091360000199,HOJE,23358349,122
59092416000120,202512,54018578,126
59092416000120,202601,54656825,126
59092416000120,202602,55229773,124
59092416000120,202603,55703048,123
59092416000120,202604,55884714,122
59092416000120,202605,56115321,121
59092416000120,202606,56473265,122
59092416000120,202607,56826194,124
59092416000120,HOJE,56848528,122
59108512000119,202512,46299152,126
59108512000119,202601,46939790,126
59108512000119,202602,47506750,124
59108512000119,202603,48103302,123
59108512000119,202604,48392579,122
59108512000119,202605,48673111,121
59108512000119,202606,49073372,122
59108512000119,202607,49441108,124
59108512000119,HOJE,49471099,122
59123735000155,202512,39961480,126
59123735000155,202601,45026583,126
59123735000155,202602,49268996,124
59123735000155,202603,51275143,123
59123735000155,202604,51663443,122
59123735000155,202605,51170708,121
59123735000155,202606,50453327,122
59123735000155,202607,49276979,124
59123735000155,HOJE,49115318,122
59150919000104,202512,42901013,126
59150919000104,202601,43320378,126
59150919000104,202602,43792315,124
59150919000104,202603,44277688,123
59150919000104,202604,44640337,122
59150919000104,202605,44792617,121
59150919000104,202606,44829600,122
59150919000104,202607,44926651,124
59150919000104,HOJE,44927534,121
59163342000175,202512,36413296,126
59163342000175,202601,36681446,126
59163342000175,202602,37011652,124
59163342000175,202603,37373113,123
59163342000175,202604,37704608,122
59163342000175,202605,37940100,121
59163342000175,202606,38102953,122
59163342000175,202607,38276304,124
59163342000175,HOJE,38286410,122
59163409000171,202512,78065120,126
59163409000171,202601,83577607,126
59163409000171,202602,84598793,124
59163409000171,202603,85435601,123
59163409000171,202604,85539300,122
59163409000171,202605,85460600,121
59163409000171,202606,85259092,122
59163409000171,202607,85041343,124
59163409000171,HOJE,84971218,122
59163531000148,202512,33362935,126
59163531000148,202601,34033993,126
59163531000148,202602,34461895,124
59163531000148,202603,34784295,123
59163531000148,202604,35071016,122
59163531000148,202605,35287667,121
59163531000148,202606,35444273,122
59163531000148,202607,35619690,124
59163531000148,HOJE,35631831,122
59163781000188,202512,31157172,126
59163781000188,202601,31538881,126
59163781000188,202602,31918531,124
59163781000188,202603,32302319,123
59163781000188,202604,32549920,122
59163781000188,202605,32822226,121
59163781000188,202606,33138527,122
59163781000188,202607,34649272,124
59163781000188,HOJE,34912920,122
59176878000125,202512,45362166,126
59176878000125,202601,49473131,126
59176878000125,202602,50570313,124
59176878000125,202603,51432687,123
59176878000125,202604,52102391,122
59176878000125,202605,52637433,121
59176878000125,202606,53099723,122
59176878000125,202607,53522992,124
59176878000125,HOJE,53562199,122
59193684000138,202512,33059450,126
59193684000138,202601,33601765,126
59193684000138,202602,33997554,124
59193684000138,202603,34392542,123
59193684000138,202604,34642599,122
59193684000138,202605,34916359,121
59193684000138,202606,35236967,122
59193684000138,202607,35550296,124
59193684000138,HOJE,35579191,122
59194590000183,202512,41119989,118
59194590000183,202601,41466007,126
59194590000183,202602,41910610,124
59194590000183,202603,42372401,123
59194590000183,202604,42733369,122
59194590000183,202605,43049821,121
59194590000183,202606,43352865,122
59194590000183,202607,43653843,124
59194590000183,HOJE,43678214,122
59245392000100,202512,939997518,126
59245392000100,202601,989369596,126
59245392000100,202602,1022954976,124
59245392000100,202603,1038124057,123
59245392000100,202604,1025346502,122
59245392000100,202605,993653267,121
59245392000100,202606,972352178,122
59245392000100,202607,959461913,124
59245392000100,HOJE,957805950,121
59246759000100,202512,50199846,126
59246759000100,202601,56985265,126
59246759000100,202602,60591548,124
59246759000100,202603,61937010,123
59246759000100,202604,63471085,122
59246759000100,202605,65282897,121
59246759000100,202606,67214415,122
59246759000100,202607,69301726,124
59246759000100,HOJE,69569275,121
59262432000113,202512,87884039,126
59262432000113,202601,88751912,126
59262432000113,202602,89536495,124
59262432000113,202603,90357767,123
59262432000113,202604,91047623,122
59262432000113,202605,91830690,121
59262432000113,202606,92657751,122
59262432000113,202607,93553731,124
59262432000113,HOJE,93669972,122
59309776000130,202512,48354508,126
59309776000130,202601,48916637,126
59309776000130,202602,49428094,124
59309776000130,202603,50037058,123
59309776000130,202604,50585228,122
59309776000130,202605,51154309,121
59309776000130,202606,51736954,122
59309776000130,202607,52369282,124
59309776000130,HOJE,52455285,122
59312403000119,202512,45868871,126
59312403000119,202601,45747001,126
59312403000119,202602,45808208,124
59312403000119,202603,45720106,123
59312403000119,202604,45562055,122
59312403000119,202605,45334644,121
59312403000119,202606,45049747,122
59312403000119,202607,44669908,124
59312403000119,HOJE,44595163,122
59313291000110,202512,30391224,126
59313291000110,202601,32329630,126
59313291000110,202602,34124621,124
59313291000110,202603,37888922,123
59313291000110,202604,41320428,122
59313291000110,202605,45735307,121
59313291000110,202606,49019435,122
59313291000110,202607,53079121,124
59313291000110,HOJE,53654020,122
59332047000103,202512,48584836,126
59332047000103,202601,48465400,126
59332047000103,202602,47883680,124
59332047000103,202603,47266793,123
59332047000103,202604,47429034,122
59332047000103,202605,47752794,121
59332047000103,202606,48305099,122
59332047000103,202607,49116928,124
59332047000103,HOJE,49195641,122
59349634000105,202512,23503608,126
59349634000105,202601,23773734,126
59349634000105,202602,24017366,124
59349634000105,202603,24230210,123
59349634000105,202604,24258626,122
59349634000105,202605,24257642,121
59349634000105,202606,24227177,122
59349634000105,202607,24161944,124
59349634000105,HOJE,24137423,122
59357502000117,202512,51918965,126
59357502000117,202601,52090671,126
59357502000117,202602,51958793,124
59357502000117,202603,51637445,123
59357502000117,202604,51286850,122
59357502000117,202605,50923397,121
59357502000117,202606,49982022,122
59357502000117,202607,49222871,124
59357502000117,HOJE,49132328,121
59410619000117,202512,5921885,126
59410619000117,202601,6334368,126
59410619000117,202602,6658717,124
59410619000117,202603,6876763,123
59410619000117,202604,7003126,122
59410619000117,202605,6986913,121
59410619000117,202606,6968634,122
59410619000117,202607,6952699,124
59410619000117,HOJE,6946369,122
59412238000177,202512,19959485,126
59412238000177,202601,20117185,126
59412238000177,202602,20302194,124
59412238000177,202603,20441193,123
59412238000177,202604,20583285,122
59412238000177,202605,20682282,121
59412238000177,202606,20718534,122
59412238000177,202607,20768353,124
59412238000177,HOJE,20765155,122
59412482000130,202512,10854756,126
59412482000130,202601,10990894,126
59412482000130,202602,11118593,124
59412482000130,202603,11217115,123
59412482000130,202604,11232892,122
59412482000130,202605,11215327,121
59412482000130,202606,11187136,122
59412482000130,202607,11139179,124
59412482000130,HOJE,11127150,122
59412648000118,202512,176399771,126
59412648000118,202601,177960778,126
59412648000118,202602,179454845,124
59412648000118,202603,181274711,123
59412648000118,202604,181780194,122
59412648000118,202605,181852696,121
59412648000118,202606,182199382,122
59412648000118,202607,182422481,124
59412648000118,HOJE,182356867,122
59424781000194,202512,269880008,126
59424781000194,202601,289175358,126
59424781000194,202602,300978780,124
59424781000194,202603,310903155,123
59424781000194,202604,317727635,122
59424781000194,202605,325966844,121
59424781000194,202606,334364176,122
59424781000194,202607,343592450,124
59424781000194,HOJE,344508442,121
59432100000130,202512,86245050,126
59432100000130,202601,77706921,126
59432100000130,202602,66051527,124
59432100000130,202603,49891267,123
59432100000130,202604,37320721,122
59432100000130,202605,25561457,121
59432100000130,202606,15742900,122
59432100000130,202607,9288033,124
59432100000130,HOJE,8815359,122
59452806000163,202512,27230752,126
59452806000163,202601,27567527,126
59452806000163,202602,27881152,124
59452806000163,202603,28185194,123
59452806000163,202604,28367757,122
59452806000163,202605,28554583,121
59452806000163,202606,28779475,122
59452806000163,202607,29012802,124
59452806000163,HOJE,29029566,121
59511583000168,202512,167042631,126
59511583000168,202601,168473433,126
59511583000168,202602,169843885,124
59511583000168,202603,171549108,123
59511583000168,202604,171895438,122
59511583000168,202605,171717615,121
59511583000168,202606,171788155,122
59511583000168,202607,171724936,124
59511583000168,HOJE,171622397,122
59511685000183,202512,86075941,126
59511685000183,202601,87234424,126
59511685000183,202602,88342969,124
59511685000183,202603,87993411,123
59511685000183,202604,87265613,122
59511685000183,202605,86390064,121
59511685000183,202606,85211810,122
59511685000183,202607,83894339,124
59511685000183,HOJE,83631414,122
59511772000130,202512,13127067,126
59511772000130,202601,13174447,126
59511772000130,202602,13213877,124
59511772000130,202603,13218515,123
59511772000130,202604,13257547,122
59511772000130,202605,13255198,121
59511772000130,202606,13193908,122
59511772000130,202607,13088842,124
59511772000130,HOJE,13069354,122
59574097000199,202512,44109058,126
59574097000199,202601,44104777,126
59574097000199,202602,43715377,124
59574097000199,202603,43186928,123
59574097000199,202604,42663318,122
59574097000199,202605,43669551,121
59574097000199,202606,48442619,122
59574097000199,202607,54101833,124
59574097000199,HOJE,54721173,121
59587336000145,202512,58728589,126
59587336000145,202601,68681489,126
59587336000145,202602,80382194,124
59587336000145,202603,94506600,123
59587336000145,202604,105075323,122
59587336000145,202605,111275490,121
59587336000145,202606,112976729,122
59587336000145,202607,111323102,124
59587336000145,HOJE,111103747,121
59591104000160,202512,207961167,126
59591104000160,202601,210918371,126
59591104000160,202602,213715650,124
59591104000160,202603,215427815,123
59591104000160,202604,216294886,122
59591104000160,202605,216684658,121
59591104000160,202606,217126298,122
59591104000160,202607,217545710,124
59591104000160,HOJE,217445669,121
59602591000110,202512,54006566,126
59602591000110,202601,55459249,126
59602591000110,202602,56063424,124
59602591000110,202603,56570147,123
59602591000110,202604,56971119,122
59602591000110,202605,57239116,121
59602591000110,202606,57224033,122
59602591000110,202607,56857858,124
59602591000110,HOJE,56658522,122
59655459000176,202512,34548594,126
59655459000176,202601,35560416,126
59655459000176,202602,36347838,124
59655459000176,202603,36814096,123
59655459000176,202604,36849889,122
59655459000176,202605,35935051,121
59655459000176,202606,35045294,122
59655459000176,202607,34066578,124
59655459000176,HOJE,33911039,122
59655567000149,202512,11256145,126
59655567000149,202601,11499893,126
59655567000149,202602,11872042,124
59655567000149,202603,12470658,123
59655567000149,202604,13099147,122
59655567000149,202605,13705345,121
59655567000149,202606,14271460,122
59655567000149,202607,14424584,116
59655567000149,HOJE,14461524,112
59655691000104,202512,19341230,126
59655691000104,202601,19495482,126
59655691000104,202602,19675649,124
59655691000104,202603,19832350,123
59655691000104,202604,20000666,122
59655691000104,202605,20094738,121
59655691000104,202606,20080213,122
59655691000104,202607,20082482,124
59655691000104,HOJE,20074190,122
59672854000167,202512,188264684,126
59672854000167,202601,189249481,126
59672854000167,202602,189903659,124
59672854000167,202603,190031134,123
59672854000167,202604,189268869,122
59672854000167,202605,188473345,121
59672854000167,202606,188051835,122
59672854000167,202607,187886080,124
59672854000167,HOJE,187844093,122
59714471000104,202512,197275359,126
59714471000104,202601,196425148,126
59714471000104,202602,195329875,124
59714471000104,202603,194220419,123
59714471000104,202604,192883173,122
59714471000104,202605,191229950,121
59714471000104,202606,189864796,122
59714471000104,202607,188959246,124
59714471000104,HOJE,188835089,122
59743618000194,202512,22777477,126
59743618000194,202601,22959796,126
59743618000194,202602,23170565,124
59743618000194,202603,23342715,123
59743618000194,202604,23521105,122
59743618000194,202605,23637547,121
59743618000194,202606,23674238,122
59743618000194,202607,23738124,124
59743618000194,HOJE,23736730,122
59754353000120,202512,78844635,126
59754353000120,202601,68044910,126
59754353000120,202602,60044727,124
59754353000120,202603,50079559,123
59754353000120,202604,41294413,122
59754353000120,202605,31068419,121
59754353000120,202606,21343061,120
59754353000120,202607,15322676,111
59754353000120,HOJE,14559714,107
59755018000146,202512,71884837,111
59755018000146,202601,73873538,126
59755018000146,202602,78426171,124
59755018000146,202603,83854230,123
59755018000146,202604,88533082,122
59755018000146,202605,93378959,121
59755018000146,202606,98250080,122
59755018000146,202607,102910508,123
59755018000146,HOJE,103388639,121
59766036000123,202512,10639707,126
59766036000123,202601,10735051,126
59766036000123,202602,10838808,124
59766036000123,202603,10929018,123
59766036000123,202604,11006704,122
59766036000123,202605,11072703,121
59766036000123,202606,11123392,122
59766036000123,202607,11177885,124
59766036000123,HOJE,11181117,122
59772310000177,202512,79225848,103
59772310000177,202601,80377423,103
59772310000177,202602,81457508,101
59772310000177,202603,82493890,97
59772310000177,202604,83188123,81
59772310000177,202605,83336249,81
59772310000177,202606,83770245,67
59772310000177,202607,84680609,54
59772310000177,HOJE,84753018,50
59785096000193,202512,43355979,126
59785096000193,202601,28172188,126
59785096000193,202602,14923723,124
59785096000193,202603,16831698,123
59785096000193,202604,21406837,122
59785096000193,202605,25988407,121
59785096000193,202606,30514541,122
59785096000193,202607,35795777,124
59785096000193,HOJE,36678957,122
59814123000109,202512,58994784,126
59814123000109,202601,62387291,126
59814123000109,202602,65613525,124
59814123000109,202603,69273072,123
59814123000109,202604,71880202,122
59814123000109,202605,72338473,121
59814123000109,202606,72452756,122
59814123000109,202607,72634946,124
59814123000109,HOJE,72629195,122
59817226000122,202512,19046622,126
59817226000122,202601,19722555,126
59817226000122,202602,20201887,124
59817226000122,202603,20509334,123
59817226000122,202604,20796944,122
59817226000122,202605,21077546,121
59817226000122,202606,21346138,122
59817226000122,202607,21646827,124
59817226000122,HOJE,21676328,121
59817381000149,202512,15407354,126
59817381000149,202601,15648562,126
59817381000149,202602,15783198,124
59817381000149,202603,15886794,123
59817381000149,202604,15982636,122
59817381000149,202605,16045398,121
59817381000149,202606,16056443,122
59817381000149,202607,16073009,124
59817381000149,HOJE,16069051,121
59817462000149,202512,11161468,126
59817462000149,202601,11784712,126
59817462000149,202602,12232607,124
59817462000149,202603,12523749,123
59817462000149,202604,12662236,122
59817462000149,202605,12749251,121
59817462000149,202606,12800144,122
59817462000149,202607,12869300,124
59817462000149,HOJE,12873645,122
59817562000175,202512,26941395,126
59817562000175,202601,29352047,126
59817562000175,202602,31698345,124
59817562000175,202603,32097651,123
59817562000175,202604,32332041,122
59817562000175,202605,32497700,121
59817562000175,202606,32676489,122
59817562000175,202607,33509725,124
59817562000175,HOJE,33563125,121
59817810000188,202512,34054791,126
59817810000188,202601,35672714,126
59817810000188,202602,36899266,124
59817810000188,202603,38016929,123
59817810000188,202604,38622319,122
59817810000188,202605,39052713,121
59817810000188,202606,39502978,122
59817810000188,202607,39982451,124
59817810000188,HOJE,40038135,121
59817983000104,202512,94188924,126
59817983000104,202601,96865694,126
59817983000104,202602,99501994,124
59817983000104,202603,102334083,123
59817983000104,202604,104892106,122
59817983000104,202605,106757145,121
59817983000104,202606,107054805,122
59817983000104,202607,107432807,124
59817983000104,HOJE,107426130,121
59818212000123,202512,35015415,126
59818212000123,202601,39448428,126
59818212000123,202602,42888874,124
59818212000123,202603,45081730,123
59818212000123,202604,46261055,122
59818212000123,202605,47561115,121
59818212000123,202606,48030620,122
59818212000123,202607,48543242,124
59818212000123,HOJE,48597820,122
59818523000192,202512,11243971,126
59818523000192,202601,11543045,126
59818523000192,202602,11832407,124
59818523000192,202603,11947728,123
59818523000192,202604,12022002,122
59818523000192,202605,12082288,121
59818523000192,202606,12135409,122
59818523000192,202607,12197431,124
59818523000192,HOJE,12200692,122
59818611000194,202512,93533801,126
59818611000194,202601,102313633,126
59818611000194,202602,110721503,124
59818611000194,202603,119013428,123
59818611000194,202604,120699695,122
59818611000194,202605,121285214,121
59818611000194,202606,121725594,122
59818611000194,202607,122230180,124
59818611000194,HOJE,122233293,121
59818797000181,202512,32837742,126
59818797000181,202601,33752166,126
59818797000181,202602,34644147,124
59818797000181,202603,35121595,123
59818797000181,202604,35338881,122
59818797000181,202605,35490550,121
59818797000181,202606,35606286,122
59818797000181,202607,35768538,124
59818797000181,HOJE,35772113,121
59818904000171,202512,37399799,126
59818904000171,202601,41686014,126
59818904000171,202602,46416095,124
59818904000171,202603,51397397,123
59818904000171,202604,54834017,122
59818904000171,202605,57259429,121
59818904000171,202606,59294706,122
59818904000171,202607,60555430,124
59818904000171,HOJE,60583481,122
59819194000102,202512,20136946,126
59819194000102,202601,21035705,126
59819194000102,202602,21417795,124
59819194000102,202603,21631054,123
59819194000102,202604,21759239,122
59819194000102,202605,21838247,121
59819194000102,202606,21887904,122
59819194000102,202607,21947371,124
59819194000102,HOJE,21945027,121
59826291000114,202512,19913774,126
59826291000114,202601,20132023,126
59826291000114,202602,20330590,124
59826291000114,202603,20552331,123
59826291000114,202604,20718587,122
59826291000114,202605,20786846,121
59826291000114,202606,20805210,122
59826291000114,202607,20856539,124
59826291000114,HOJE,20857729,121
59870227000130,202512,23924613,126
59870227000130,202601,24177491,126
59870227000130,202602,24450794,124
59870227000130,202603,24706764,123
59870227000130,202604,24872566,122
59870227000130,202605,25373635,121
59870227000130,202606,25906301,122
59870227000130,202607,26474621,124
59870227000130,HOJE,26541338,122
59873582000163,202512,14553339,126
59873582000163,202601,14653416,126
59873582000163,202602,14766708,124
59873582000163,202603,14841959,123
59873582000163,202604,14920103,122
59873582000163,202605,14971365,121
59873582000163,202606,14985476,122
59873582000163,202607,14916967,124
59873582000163,HOJE,14874135,122
59878473000139,202512,62642902,118
59878473000139,202601,63879771,118
59878473000139,202602,64618582,116
59878473000139,202603,65328286,113
59878473000139,202604,65837985,101
59878473000139,202605,66215094,91
59878473000139,202606,66526781,77
59878473000139,202607,67138201,64
59878473000139,HOJE,67181428,60
59884498000145,202512,5329013,126
59884498000145,202601,5379030,126
59884498000145,202602,5433276,124
59884498000145,202603,5524006,123
59884498000145,202604,5527837,121
59884498000145,202605,5464650,120
59884498000145,202606,5408262,121
59884498000145,202607,5355039,120
59884498000145,HOJE,5348035,117
59888220000146,202512,25323269,126
59888220000146,202601,26591214,126
59888220000146,202602,27829685,124
59888220000146,202603,29204941,123
59888220000146,202604,29756644,122
59888220000146,202605,30264108,121
59888220000146,202606,30773839,122
59888220000146,202607,31314831,124
59888220000146,HOJE,31386258,121
59889169000197,202512,1479631687,126
59889169000197,202601,1937874936,126
59889169000197,202602,2348276993,124
59889169000197,202603,2786133088,123
59889169000197,202604,3090268076,122
59889169000197,202605,3262628465,121
59889169000197,202606,3362231483,122
59889169000197,202607,3450300792,124
59889169000197,HOJE,3461505662,122
59904332000143,202512,56887815,126
59904332000143,202601,65675986,126
59904332000143,202602,73320185,124
59904332000143,202603,78270379,123
59904332000143,202604,78068348,122
59904332000143,202605,77105724,121
59904332000143,202606,75929105,122
59904332000143,202607,74899376,124
59904332000143,HOJE,74717594,122
59907848000141,202512,10878928,126
59907848000141,202601,13648471,126
59907848000141,202602,16327176,124
59907848000141,202603,19062953,123
59907848000141,202604,21149838,122
59907848000141,202605,22871069,121
59907848000141,202606,24104793,122
59907848000141,202607,25401733,124
59907848000141,HOJE,25572787,122
59910896000199,202512,15157945,126
59910896000199,202601,16328186,126
59910896000199,202602,17322532,124
59910896000199,202603,18488084,123
59910896000199,202604,18690491,122
59910896000199,202605,18845049,121
59910896000199,202606,18958320,122
59910896000199,202607,19083044,124
59910896000199,HOJE,19094798,122
59911193000185,202512,10497926,126
59911193000185,202601,10530938,126
59911193000185,202602,10533461,124
59911193000185,202603,10494680,123
59911193000185,202604,10437490,122
59911193000185,202605,10463177,121
59911193000185,202606,10499964,122
59911193000185,202607,10523275,124
59911193000185,HOJE,10521456,122
59941697000148,202512,14876753,126
59941697000148,202601,14985677,126
59941697000148,202602,15116979,124
59941697000148,202603,15211118,123
59941697000148,202604,15308747,122
59941697000148,202605,15370461,121
59941697000148,202606,15383315,122
59941697000148,202607,15405199,124
59941697000148,HOJE,15400213,122
59941827000142,202512,8335336,126
59941827000142,202601,8393405,126
59941827000142,202602,8806034,124
59941827000142,202603,9466373,123
59941827000142,202604,10078262,122
59941827000142,202605,10692570,121
59941827000142,202606,11309107,122
59941827000142,202607,11969389,124
59941827000142,HOJE,12084089,122
59995885000159,202512,21096617,126
59995885000159,202601,21329440,126
59995885000159,202602,21579090,124
59995885000159,202603,21519000,123
59995885000159,202604,21363050,122
59995885000159,202605,21140745,121
59995885000159,202606,20896534,122
59995885000159,202607,20640181,124
59995885000159,HOJE,20583168,122
59997256000168,202512,19002512,126
59997256000168,202601,24609026,126
59997256000168,202602,30292450,124
59997256000168,202603,36765814,123
59997256000168,202604,42046861,122
59997256000168,202605,47740719,121
59997256000168,202606,55176365,122
59997256000168,202607,65982084,124
59997256000168,HOJE,67533917,122
60008150000173,202512,484180502,126
60008150000173,202601,507139759,126
60008150000173,202602,528534410,124
60008150000173,202603,549665661,123
60008150000173,202604,564943205,122
60008150000173,202605,580075511,121
60008150000173,202606,593275922,122
60008150000173,202607,603603932,124
60008150000173,HOJE,604569439,121
60029151000102,202512,7662589,124
60029151000102,202601,8211091,126
60029151000102,202602,8535709,124
60029151000102,202603,8651632,123
60029151000102,202604,9146336,122
60029151000102,202605,9986707,121
60029151000102,202606,10857871,122
60029151000102,202607,11886811,124
60029151000102,HOJE,12008905,121
60061182000132,202512,19712635,126
60061182000132,202601,19925385,126
60061182000132,202602,20100509,124
60061182000132,202603,20270609,123
60061182000132,202604,20420262,122
60061182000132,202605,20502197,121
60061182000132,202606,20550983,122
60061182000132,202607,20610284,124
60061182000132,HOJE,20609804,121
60075657000140,202512,72438041,108
60075657000140,202601,84408948,126
60075657000140,202602,102278439,124
60075657000140,202603,120360497,123
60075657000140,202604,128718820,122
60075657000140,202605,131665680,121
60075657000140,202606,128933715,122
60075657000140,202607,122366711,124
60075657000140,HOJE,121673860,121
60096297000162,202512,146601945,126
60096297000162,202601,112921767,126
60096297000162,202602,79343120,124
60096297000162,202603,36796801,123
60096297000162,202604,5148035,122
60096297000162,202605,5121108,121
60096297000162,202606,5090762,121
60096297000162,202607,5055196,123
60096297000162,HOJE,5049270,121
60096865000125,202512,50185315,126
60096865000125,202601,51152653,126
60096865000125,202602,51724280,124
60096865000125,202603,51654332,123
60096865000125,202604,51571624,122
60096865000125,202605,51435593,121
60096865000125,202606,51236664,122
60096865000125,202607,51023621,124
60096865000125,HOJE,50942931,121
60124635000122,202512,65895033,121
60124635000122,202601,66688759,122
60124635000122,202602,67450864,120
60124635000122,202603,68171633,118
60124635000122,202604,68790600,116
60124635000122,202605,69196558,109
60124635000122,202606,69552821,92
60124635000122,202607,70043397,78
60124635000122,HOJE,70109493,75
60127023000193,202512,130610825,116
60127023000193,202601,132355889,116
60127023000193,202602,134005002,114
60127023000193,202603,135619824,111
60127023000193,202604,136958861,108
60127023000193,202605,137709516,99
60127023000193,202606,138331601,87
60127023000193,202607,139375280,73
60127023000193,HOJE,139509834,70
60176858000133,202512,31519363,125
60176858000133,202601,28490413,125
60176858000133,202602,24697951,123
60176858000133,202603,18444348,122
60176858000133,202604,17061880,122
60176858000133,202605,16462787,121
60176858000133,202606,15450847,119
60176858000133,202607,13456291,111
60176858000133,HOJE,13327424,107
60185164000162,202512,68494047,126
60185164000162,202601,69220546,126
60185164000162,202602,69914409,124
60185164000162,202603,70746572,123
60185164000162,202604,66148002,122
60185164000162,202605,56954831,121
60185164000162,202606,47402101,122
60185164000162,202607,37250314,124
60185164000162,HOJE,35921857,121
60222497000114,202512,21451267,126
60222497000114,202601,21666900,126
60222497000114,202602,21879688,124
60222497000114,202603,22076853,123
60222497000114,202604,22205458,122
60222497000114,202605,22325863,121
60222497000114,202606,22467068,122
60222497000114,202607,22614628,124
60222497000114,HOJE,22623911,121
60233116000100,202512,45490494,126
60233116000100,202601,45983142,126
60233116000100,202602,46480338,124
60233116000100,202603,46912310,123
60233116000100,202604,47208375,122
60233116000100,202605,47548133,121
60233116000100,202606,47876159,122
60233116000100,202607,48174878,124
60233116000100,HOJE,48194901,122
60260680000104,202512,30704380,126
60260680000104,202601,36375157,126
60260680000104,202602,39470671,124
60260680000104,202603,41775286,123
60260680000104,202604,41734045,122
60260680000104,202605,41572360,121
60260680000104,202606,41626723,122
60260680000104,202607,42482154,124
60260680000104,HOJE,42631896,121
60261139000110,202512,39864238,126
60261139000110,202601,43470347,126
60261139000110,202602,46682794,124
60261139000110,202603,49124403,123
60261139000110,202604,49355136,122
60261139000110,202605,47871854,121
60261139000110,202606,45509587,122
60261139000110,202607,42423835,124
60261139000110,HOJE,42039200,121
60276261000160,202512,27169677,126
60276261000160,202601,27429142,126
60276261000160,202602,27694994,124
60276261000160,202603,27957602,123
60276261000160,202604,28150427,122
60276261000160,202605,28298843,121
60276261000160,202606,28448231,122
60276261000160,202607,28606592,124
60276261000160,HOJE,28614654,121
60291736000198,202512,93501338,126
60291736000198,202601,97339878,126
60291736000198,202602,98977604,124
60291736000198,202603,100529040,123
60291736000198,202604,101831007,122
60291736000198,202605,101879311,121
60291736000198,202606,97788030,122
60291736000198,202607,93375519,124
60291736000198,HOJE,92832287,122
60344823000166,202512,185993463,126
60344823000166,202601,191952103,126
60344823000166,202602,197456107,124
60344823000166,202603,202329722,123
60344823000166,202604,204373876,122
60344823000166,202605,205848416,121
60344823000166,202606,207599422,122
60344823000166,202607,209296894,124
60344823000166,HOJE,209396159,121
60355769000154,202512,37165040,126
60355769000154,202601,37601752,126
60355769000154,202602,38007724,124
60355769000154,202603,38410033,123
60355769000154,202604,38668243,122
60355769000154,202605,38933970,121
60355769000154,202606,39255736,122
60355769000154,202607,39579951,124
60355769000154,HOJE,39602211,121
60396945000104,202512,21509638,126
60396945000104,202601,21795374,126
60396945000104,202602,22064185,124
60396945000104,202603,22250256,123
60396945000104,202604,22354012,122
60396945000104,202605,22388591,121
60396945000104,202606,22420290,122
60396945000104,202607,22458475,124
60396945000104,HOJE,22448264,121
60422070000160,202512,85692442,126
60422070000160,202601,106515897,126
60422070000160,202602,127008670,124
60422070000160,202603,151497951,123
60422070000160,202604,172316387,122
60422070000160,202605,178664099,121
60422070000160,202606,180017867,122
60422070000160,202607,180466441,124
60422070000160,HOJE,180472189,122
60442622000100,202512,29488916,126
60442622000100,202601,31120624,126
60442622000100,202602,31418125,124
60442622000100,202603,31735094,123
60442622000100,202604,32021969,122
60442622000100,202605,32175167,121
60442622000100,202606,32265176,122
60442622000100,202607,32371644,124
60442622000100,HOJE,32373677,121
60442677000101,202512,38017735,126
60442677000101,202601,37405236,126
60442677000101,202602,36567767,124
60442677000101,202603,34614428,123
60442677000101,202604,31958956,122
60442677000101,202605,28434269,121
60442677000101,202606,23928971,122
60442677000101,202607,21422029,123
60442677000101,HOJE,21017526,121
60450312000129,202512,302937267,126
60450312000129,202601,306950425,126
60450312000129,202602,310774178,124
60450312000129,202603,313178435,123
60450312000129,202604,314446715,122
60450312000129,202605,315010763,121
60450312000129,202606,315704559,122
60450312000129,202607,316369526,124
60450312000129,HOJE,316225053,121
60450321000110,202512,67511958,126
60450321000110,202601,67963110,126
60450321000110,202602,68519836,124
60450321000110,202603,69079556,123
60450321000110,202604,69661143,122
60450321000110,202605,69919595,121
60450321000110,202606,69906158,122
60450321000110,202607,69945290,124
60450321000110,HOJE,69931976,121
60456463000194,202512,29552991,126
60456463000194,202601,31252965,126
60456463000194,202602,32848917,124
60456463000194,202603,34714038,123
60456463000194,202604,36442707,122
60456463000194,202605,38090105,121
60456463000194,202606,39430029,122
60456463000194,202607,39635528,124
60456463000194,HOJE,39642210,121
60456656000145,202512,23690037,126
60456656000145,202601,23896852,126
60456656000145,202602,24126367,124
60456656000145,202603,24331653,123
60456656000145,202604,24519348,122
60456656000145,202605,25047663,121
60456656000145,202606,26029324,122
60456656000145,202607,27082006,124
60456656000145,HOJE,27182269,121
60477852000104,202512,117820467,126
60477852000104,202601,146588439,126
60477852000104,202602,173103221,124
60477852000104,202603,193713948,123
60477852000104,202604,199492740,122
60477852000104,202605,201714984,121
60477852000104,202606,206360406,122
60477852000104,202607,208645414,124
60477852000104,HOJE,209054198,121
60490407000176,202512,21826832,125
60490407000176,202601,22036718,125
60490407000176,202602,22227050,123
60490407000176,202603,22444179,122
60490407000176,202604,22631125,122
60490407000176,202605,22825133,121
60490407000176,202606,23019623,122
60490407000176,202607,23385034,124
60490407000176,HOJE,23429052,122
60490963000142,202512,22017992,125
60490963000142,202601,22259251,125
60490963000142,202602,22728305,123
60490963000142,202603,23310704,122
60490963000142,202604,23836115,122
60490963000142,202605,24377288,120
60490963000142,202606,24949275,121
60490963000142,202607,25640923,122
60490963000142,HOJE,25702430,120
60500481000126,202512,530243832,126
60500481000126,202601,538517973,126
60500481000126,202602,531614693,124
60500481000126,202603,518403443,123
60500481000126,202604,501738385,122
60500481000126,202605,484930798,121
60500481000126,202606,475035274,122
60500481000126,202607,468818405,124
60500481000126,HOJE,467408702,122
60502894000140,202512,41459570,126
60502894000140,202601,49818072,126
60502894000140,202602,57689714,124
60502894000140,202603,65391750,123
60502894000140,202604,70665422,122
60502894000140,202605,74395421,121
60502894000140,202606,77124025,122
60502894000140,202607,77931457,124
60502894000140,HOJE,77995056,122
60503108000129,202512,14972492,126
60503108000129,202601,15143939,126
60503108000129,202602,15309086,124
60503108000129,202603,15456076,123
60503108000129,202604,15541651,122
60503108000129,202605,15650883,121
60503108000129,202606,15788601,122
60503108000129,202607,15922456,124
60503108000129,HOJE,15933823,122
60510186000150,202512,35582347,126
60510186000150,202601,36473279,126
60510186000150,202602,37082045,124
60510186000150,202603,37610641,123
60510186000150,202604,38025414,122
60510186000150,202605,38376849,121
60510186000150,202606,38658484,122
60510186000150,202607,38881428,124
60510186000150,HOJE,38893632,121
60512384000153,202512,7466973,126
60512384000153,202601,7968654,126
60512384000153,202602,8260201,124
60512384000153,202603,8614209,123
60512384000153,202604,8911488,122
60512384000153,202605,9234711,121
60512384000153,202606,9528781,122
60512384000153,202607,9736945,124
60512384000153,HOJE,9755488,122
60531375000100,202512,14896190,126
60531375000100,202601,14519113,126
60531375000100,202602,14188609,124
60531375000100,202603,13791122,123
60531375000100,202604,13408394,122
60531375000100,202605,13171308,121
60531375000100,202606,13204487,122
60531375000100,202607,13249555,124
60531375000100,HOJE,13248744,121
60532515000164,202512,51580305,126
60532515000164,202601,55456478,126
60532515000164,202602,55157804,124
60532515000164,202603,54661401,123
60532515000164,202604,55265174,122
60532515000164,202605,55803008,121
60532515000164,202606,56042923,122
60532515000164,202607,56299428,124
60532515000164,HOJE,56310091,121
60553394000137,202512,140689765,126
60553394000137,202601,142520092,126
60553394000137,202602,144235745,124
60553394000137,202603,146010488,123
60553394000137,202604,147085026,122
60553394000137,202605,148690859,121
60553394000137,202606,149855253,122
60553394000137,202607,150985099,124
60553394000137,HOJE,151048518,121
60589814000135,202512,15315550,126
60589814000135,202601,15673872,126
60589814000135,202602,16025706,124
60589814000135,202603,16385976,123
60589814000135,202604,16629041,122
60589814000135,202605,16695068,121
60589814000135,202606,16663282,122
60589814000135,202607,16637192,124
60589814000135,HOJE,16627705,122
60606855000192,202512,6268352,126
60606855000192,202601,6170178,126
60606855000192,202602,6060939,124
60606855000192,202603,5837626,123
60606855000192,202604,5605045,122
60606855000192,202605,5314351,121
60606855000192,202606,4999076,122
60606855000192,202607,4600638,122
60606855000192,HOJE,4548635,120
60627132000170,202512,31642724,126
60627132000170,202601,32045071,126
60627132000170,202602,32402847,124
60627132000170,202603,32791627,123
60627132000170,202604,33115168,122
60627132000170,202605,33437505,121
60627132000170,202606,35501635,122
60627132000170,202607,38665743,124
60627132000170,HOJE,39040568,122
60627152000140,202512,26264458,126
60627152000140,202601,27277298,126
60627152000140,202602,28021436,124
60627152000140,202603,28565769,123
60627152000140,202604,28898228,122
60627152000140,202605,29290767,121
60627152000140,202606,29729468,122
60627152000140,202607,30182068,124
60627152000140,HOJE,30224603,121
60675392000110,202512,76536045,126
60675392000110,202601,83948033,126
60675392000110,202602,88719877,124
60675392000110,202603,92393043,123
60675392000110,202604,95652410,122
60675392000110,202605,98045788,121
60675392000110,202606,98947263,122
60675392000110,202607,97504493,124
60675392000110,HOJE,97291246,121
60691906000121,202512,544572229,126
60691906000121,202601,438053350,126
60691906000121,202602,343365430,124
60691906000121,202603,231976545,123
60691906000121,202604,157269285,122
60691906000121,202605,155228644,121
60691906000121,202606,159868402,122
60691906000121,202607,167852361,124
60691906000121,HOJE,168671113,122
60696041000196,202512,34427824,126
60696041000196,202601,38721635,126
60696041000196,202602,42576981,124
60696041000196,202603,47493665,123
60696041000196,202604,51675588,122
60696041000196,202605,55687595,121
60696041000196,202606,59411010,122
60696041000196,202607,62830653,124
60696041000196,HOJE,63306569,122
60709408000169,202512,51607345,111
60709408000169,202601,57221458,126
60709408000169,202602,64916539,124
60709408000169,202603,74466517,123
60709408000169,202604,83377038,122
60709408000169,202605,92544172,121
60709408000169,202606,101613614,122
60709408000169,202607,105790135,124
60709408000169,HOJE,105965513,122
60740534000186,202512,24259564,126
60740534000186,202601,24829453,126
60740534000186,202602,25363114,124
60740534000186,202603,25939456,123
60740534000186,202604,26485235,122
60740534000186,202605,26639942,121
60740534000186,202606,26664993,122
60740534000186,202607,26712208,124
60740534000186,HOJE,26704309,121
60740615000186,202512,32138990,126
60740615000186,202601,32799720,126
60740615000186,202602,33492504,124
60740615000186,202603,33856999,123
60740615000186,202604,34161901,122
60740615000186,202605,34289692,121
60740615000186,202606,34327942,122
60740615000186,202607,34418082,124
60740615000186,HOJE,34419712,121
60742631000108,202512,12598308,126
60742631000108,202601,13414143,126
60742631000108,202602,14224913,124
60742631000108,202603,15305953,123
60742631000108,202604,16456700,122
60742631000108,202605,17498633,121
60742631000108,202606,18100859,122
60742631000108,202607,18678704,124
60742631000108,HOJE,18761169,122
60742779000142,202512,30194909,126
60742779000142,202601,32450394,126
60742779000142,202602,33187464,124
60742779000142,202603,33634459,123
60742779000142,202604,33893979,122
60742779000142,202605,34075012,121
60742779000142,202606,34297932,122
60742779000142,202607,34595881,124
60742779000142,HOJE,34622450,122
60742785000108,202512,112025335,126
60742785000108,202601,109169798,126
60742785000108,202602,160248817,124
60742785000108,202603,456815584,123
60742785000108,202604,928938853,122
60742785000108,202605,1441062497,121
60742785000108,202606,1964917231,122
60742785000108,202607,2527256413,124
60742785000108,HOJE,2619642770,122
60742819000156,202512,164042093,126
60742819000156,202601,186046761,126
60742819000156,202602,206560712,124
60742819000156,202603,231045310,123
60742819000156,202604,251397239,122
60742819000156,202605,272431239,121
60742819000156,202606,291505973,122
60742819000156,202607,295044454,124
60742819000156,HOJE,295435885,122
60775750000167,202512,161204839,126
60775750000167,202601,179935508,126
60775750000167,202602,192479352,124
60775750000167,202603,202620375,123
60775750000167,202604,215210023,122
60775750000167,202605,229348487,121
60775750000167,202606,242613267,121
60775750000167,202607,257041186,119
60775750000167,HOJE,258713584,116
60776254000128,202512,508269442,126
60776254000128,202601,504155375,126
60776254000128,202602,501724584,124
60776254000128,202603,496953996,123
60776254000128,202604,491926695,122
60776254000128,202605,487366191,121
60776254000128,202606,483337741,122
60776254000128,202607,478619083,124
60776254000128,HOJE,477721611,122
60778434000149,202512,52002741,126
60778434000149,202601,52504715,126
60778434000149,202602,53071391,124
60778434000149,202603,53478142,123
60778434000149,202604,53555053,122
60778434000149,202605,53486063,121
60778434000149,202606,53143968,122
60778434000149,202607,52779640,124
60778434000149,HOJE,52703550,121
60784769000170,202512,72256168,126
60784769000170,202601,72860076,126
60784769000170,202602,73574134,124
60784769000170,202603,74291918,123
60784769000170,202604,74856974,122
60784769000170,202605,75214952,121
60784769000170,202606,75492988,122
60784769000170,202607,75762320,124
60784769000170,HOJE,75762981,121
60806210000101,202512,23565263,126
60806210000101,202601,24536430,126
60806210000101,202602,25298642,124
60806210000101,202603,25940959,123
60806210000101,202604,26128790,122
60806210000101,202605,26299983,121
60806210000101,202606,26506452,122
60806210000101,202607,26714461,124
60806210000101,HOJE,26727627,121
60808027000137,202512,24146607,126
60808027000137,202601,24188385,126
60808027000137,202602,24494148,124
60808027000137,202603,24653553,123
60808027000137,202604,24406405,122
60808027000137,202605,24028815,121
60808027000137,202606,23351692,122
60808027000137,202607,22937595,124
60808027000137,HOJE,22940526,121
60810873000191,202512,51051587,126
60810873000191,202601,54934970,126
60810873000191,202602,57529191,124
60810873000191,202603,61159221,123
60810873000191,202604,66751394,122
60810873000191,202605,71899559,121
60810873000191,202606,77670854,122
60810873000191,202607,84512022,124
60810873000191,HOJE,85428192,122
60818669000117,202512,161773976,126
60818669000117,202601,165169781,126
60818669000117,202602,166958169,124
60818669000117,202603,168874697,123
60818669000117,202604,170373349,122
60818669000117,202605,171947245,121
60818669000117,202606,173663317,122
60818669000117,202607,175548793,123
60818669000117,HOJE,175795951,121
60841575000169,202512,22843925,126
60841575000169,202601,23083455,126
60841575000169,202602,23329004,124
60841575000169,202603,23572464,123
60841575000169,202604,23790524,122
60841575000169,202605,24007965,121
60841575000169,202606,24204752,122
60841575000169,202607,24406917,124
60841575000169,HOJE,24424406,121
60852475000138,202512,39791993,116
60852475000138,202601,40341022,116
60852475000138,202602,40862562,114
60852475000138,202603,41359561,112
60852475000138,202604,41778288,110
60852475000138,202605,41944872,100
60852475000138,202606,42124001,88
60852475000138,202607,42428149,74
60852475000138,HOJE,42466489,71
60853232000114,202512,21354353,116
60853232000114,202601,21751819,116
60853232000114,202602,22059135,114
60853232000114,202603,22367358,111
60853232000114,202604,22625840,108
60853232000114,202605,22746713,99
60853232000114,202606,22878084,87
60853232000114,202607,23083711,73
60853232000114,HOJE,23115854,70
60859716000170,202512,23776127,126
60859716000170,202601,23932149,126
60859716000170,202602,24110564,124
60859716000170,202603,24288720,123
60859716000170,202604,24416518,122
60859716000170,202605,24508008,121
60859716000170,202606,24653515,122
60859716000170,202607,24811679,124
60859716000170,HOJE,24825337,122
60865092000102,202512,240125504,126
60865092000102,202601,231451498,126
60865092000102,202602,224892907,124
60865092000102,202603,216849553,123
60865092000102,202604,207111323,122
60865092000102,202605,198114363,121
60865092000102,202606,191959591,122
60865092000102,202607,186984461,124
60865092000102,HOJE,185998651,122
60865770000129,202512,3512661,126
60865770000129,202601,5095565,126
60865770000129,202602,6517646,124
60865770000129,202603,8235658,123
60865770000129,202604,9826283,122
60865770000129,202605,10328808,121
60865770000129,202606,10403105,122
60865770000129,202607,10486290,124
60865770000129,HOJE,10492939,121
60866355000190,202512,8151214,126
60866355000190,202601,10848762,126
60866355000190,202602,13275617,124
60866355000190,202603,16160654,123
60866355000190,202604,16927305,122
60866355000190,202605,16888672,121
60866355000190,202606,16828331,122
60866355000190,202607,16792673,124
60866355000190,HOJE,16786484,121
60866948000156,202512,43006389,126
60866948000156,202601,43317055,126
60866948000156,202602,43098067,124
60866948000156,202603,42140355,123
60866948000156,202604,41181510,122
60866948000156,202605,39990255,121
60866948000156,202606,39210560,122
60866948000156,202607,39176452,124
60866948000156,HOJE,39157727,122
60867433000170,202512,5062233,126
60867433000170,202601,5308094,126
60867433000170,202602,5505912,124
60867433000170,202603,5726445,123
60867433000170,202604,5935991,122
60867433000170,202605,6135994,121
60867433000170,202606,6215454,122
60867433000170,202607,6456234,124
60867433000170,HOJE,6479699,122
60917687000156,202512,103818286,126
60917687000156,202601,137545481,126
60917687000156,202602,174169539,124
60917687000156,202603,226288572,123
60917687000156,202604,275719377,122
60917687000156,202605,336025320,121
60917687000156,202606,389277046,122
60917687000156,202607,441968880,124
60917687000156,HOJE,448744050,121
60920222000154,202512,28728384,126
60920222000154,202601,29962054,126
60920222000154,202602,30452010,124
60920222000154,202603,30598724,123
60920222000154,202604,30763880,122
60920222000154,202605,30861667,121
60920222000154,202606,30875681,122
60920222000154,202607,30912290,124
60920222000154,HOJE,30901417,122
60920297000135,202512,9123939,126
60920297000135,202601,10608925,126
60920297000135,202602,12008587,124
60920297000135,202603,13399015,123
60920297000135,202604,13837905,122
60920297000135,202605,14240772,121
60920297000135,202606,14418265,122
60920297000135,202607,13914966,124
60920297000135,HOJE,13845686,122
60931618000105,202512,524070757,125
60931618000105,202601,572844023,125
60931618000105,202602,610207014,123
60931618000105,202603,637752969,122
60931618000105,202604,628752078,122
60931618000105,202605,597837854,121
60931618000105,202606,566425683,122
60931618000105,202607,533743792,124
60931618000105,HOJE,528774654,122
60936335000148,202512,21013832,126
60936335000148,202601,21280288,126
60936335000148,202602,21529066,124
60936335000148,202603,21781838,123
60936335000148,202604,21934108,122
60936335000148,202605,22073382,121
60936335000148,202606,19717485,122
60936335000148,202607,16399297,120
60936335000148,HOJE,16197476,116
60936771000117,202512,27507222,126
60936771000117,202601,28607874,126
60936771000117,202602,29589883,124
60936771000117,202603,30424519,123
60936771000117,202604,30761240,122
60936771000117,202605,30839757,121
60936771000117,202606,30905217,122
60936771000117,202607,30952623,124
60936771000117,HOJE,30939035,121
60937559000174,202512,24764105,126
60937559000174,202601,25488524,126
60937559000174,202602,25767623,124
60937559000174,202603,25999799,123
60937559000174,202604,26269623,122
60937559000174,202605,26568922,121
60937559000174,202606,25456308,122
60937559000174,202607,21844580,124
60937559000174,HOJE,21698572,120
60938351000170,202512,19980116,117
60938351000170,202601,20519072,126
60938351000170,202602,20840931,124
60938351000170,202603,21042809,123
60938351000170,202604,21219697,122
60938351000170,202605,21347882,121
60938351000170,202606,21454952,122
60938351000170,202607,21577538,124
60938351000170,HOJE,21584810,121
60950242000178,202512,71026216,126
60950242000178,202601,77742961,126
60950242000178,202602,83739549,124
60950242000178,202603,90581878,123
60950242000178,202604,95528871,122
60950242000178,202605,98205086,121
60950242000178,202606,99218176,122
60950242000178,202607,99592919,123
60950242000178,HOJE,99582156,120
60958418000138,202512,13367025,126
60958418000138,202601,16213273,126
60958418000138,202602,17567036,124
60958418000138,202603,18672795,123
60958418000138,202604,19692027,122
60958418000138,202605,20383269,121
60958418000138,202606,20468439,122
60958418000138,202607,20523702,124
60958418000138,HOJE,20519691,121
60965262000112,202512,126711340,126
60965262000112,202601,144420850,126
60965262000112,202602,161833894,124
60965262000112,202603,180027494,123
60965262000112,202604,181193533,122
60965262000112,202605,180351666,121
60965262000112,202606,178267102,122
60965262000112,202607,175165748,124
60965262000112,HOJE,174262760,122
60978192000137,202512,53772353,126
60978192000137,202601,50458571,126
60978192000137,202602,50757599,124
60978192000137,202603,51249918,123
60978192000137,202604,51496091,122
60978192000137,202605,51778987,121
60978192000137,202606,52160582,122
60978192000137,202607,52513867,124
60978192000137,HOJE,52521124,120
60978472000145,202512,53281447,126
60978472000145,202601,49829024,126
60978472000145,202602,50049650,124
60978472000145,202603,50417598,123
60978472000145,202604,50683085,122
60978472000145,202605,50821377,121
60978472000145,202606,50852511,122
60978472000145,202607,50869914,124
60978472000145,HOJE,50848958,120
61051152000108,202512,553864640,126
61051152000108,202601,585691626,126
61051152000108,202602,593215008,124
61051152000108,202603,568716021,123
61051152000108,202604,536731014,122
61051152000108,202605,499915046,121
61051152000108,202606,462502220,122
61051152000108,202607,415759203,124
61051152000108,HOJE,410451422,121
61080007000155,202512,124160232,126
61080007000155,202601,115468898,126
61080007000155,202602,105173758,124
61080007000155,202603,88472308,123
61080007000155,202604,66827238,122
61080007000155,202605,46079239,121
61080007000155,202606,38629109,122
61080007000155,202607,30767928,124
61080007000155,HOJE,29705761,122
61108069000128,202512,191536346,126
61108069000128,202601,193467796,126
61108069000128,202602,195435681,124
61108069000128,202603,197361170,123
61108069000128,202604,199025394,122
61108069000128,202605,199417602,121
61108069000128,202606,198528970,122
61108069000128,202607,197560766,124
61108069000128,HOJE,197409069,121
61140383000198,202512,26181159,126
61140383000198,202601,26915838,126
61140383000198,202602,27641792,124
61140383000198,202603,28428576,123
61140383000198,202604,29072018,122
61140383000198,202605,29191068,121
61140383000198,202606,29268154,122
61140383000198,202607,29366124,124
61140383000198,HOJE,29363873,121
61140498000182,202512,36627271,126
61140498000182,202601,39492545,126
61140498000182,202602,41342181,124
61140498000182,202603,42741480,123
61140498000182,202604,43898755,122
61140498000182,202605,45031548,121
61140498000182,202606,47843596,122
61140498000182,202607,51583431,124
61140498000182,HOJE,52013582,122
61140801000147,202512,10494254,126
61140801000147,202601,10584853,126
61140801000147,202602,10679712,124
61140801000147,202603,10750018,123
61140801000147,202604,10800339,122
61140801000147,202605,10818763,121
61140801000147,202606,10821759,122
61140801000147,202607,10826512,124
61140801000147,HOJE,10822442,122
61140970000187,202512,10158352,126
61140970000187,202601,10239620,126
61140970000187,202602,10324476,124
61140970000187,202603,10383137,123
61140970000187,202604,10429969,122
61140970000187,202605,10446612,121
61140970000187,202606,10447424,122
61140970000187,202607,10448343,124
61140970000187,HOJE,10443657,122
61141069000120,202512,21724297,126
61141069000120,202601,22051148,126
61141069000120,202602,22280647,124
61141069000120,202603,22423347,123
61141069000120,202604,22531780,122
61141069000120,202605,22588892,121
61141069000120,202606,22776022,122
61141069000120,202607,23189269,124
61141069000120,HOJE,23212331,121
61141163000189,202512,23760045,126
61141163000189,202601,24016090,126
61141163000189,202602,24270758,124
61141163000189,202603,24484537,123
61141163000189,202604,24635964,122
61141163000189,202605,24704732,121
61141163000189,202606,24738214,122
61141163000189,202607,24803501,124
61141163000189,HOJE,24798617,121
61141201000101,202512,18205926,126
61141201000101,202601,18360987,126
61141201000101,202602,18524661,124
61141201000101,202603,18639208,123
61141201000101,202604,18727368,122
61141201000101,202605,18762554,121
61141201000101,202606,18757726,122
61141201000101,202607,18750863,124
61141201000101,HOJE,18741129,121
61141486000172,202512,36332458,126
61141486000172,202601,39655577,126
61141486000172,202602,42794002,124
61141486000172,202603,45768611,123
61141486000172,202604,46320061,122
61141486000172,202605,47625156,121
61141486000172,202606,48958115,122
61141486000172,202607,50408604,124
61141486000172,HOJE,50596805,122
61141536000111,202512,3005035946,119
61141536000111,202601,3454277239,126
61141536000111,202602,3874301193,124
61141536000111,202603,3902002560,123
61141536000111,202604,3857603820,122
61141536000111,202605,3824914079,121
61141536000111,202606,3810587556,122
61141536000111,202607,3802906576,124
61141536000111,HOJE,3799517152,121
61162047000146,202512,513274959,126
61162047000146,202601,500237908,126
61162047000146,202602,483623319,124
61162047000146,202603,456352493,123
61162047000146,202604,436406382,122
61162047000146,202605,419275119,121
61162047000146,202606,403966185,122
61162047000146,202607,401694583,124
61162047000146,HOJE,400874032,121
61182281000135,202512,32759670,126
61182281000135,202601,34041977,126
61182281000135,202602,34346944,124
61182281000135,202603,34631421,123
61182281000135,202604,34907303,122
61182281000135,202605,35127161,121
61182281000135,202606,35292327,122
61182281000135,202607,35489310,124
61182281000135,HOJE,35502520,122
61198681000139,202512,36040308,126
61198681000139,202601,36385963,126
61198681000139,202602,36711869,124
61198681000139,202603,37005594,123
61198681000139,202604,37187105,122
61198681000139,202605,37423625,121
61198681000139,202606,37742032,122
61198681000139,202607,38044243,124
61198681000139,HOJE,38068119,122
61199023000161,202512,27036975,126
61199023000161,202601,27116717,126
61199023000161,202602,26667374,124
61199023000161,202603,25078956,123
61199023000161,202604,22740398,122
61199023000161,202605,20424608,121
61199023000161,202606,18701370,122
61199023000161,202607,17235430,124
61199023000161,HOJE,16975869,122
61199231000160,202512,18883519,126
61199231000160,202601,19622604,126
61199231000160,202602,19775455,124
61199231000160,202603,19879355,123
61199231000160,202604,19991278,122
61199231000160,202605,20067697,121
61199231000160,202606,19500259,122
61199231000160,202607,18841304,124
61199231000160,HOJE,18753011,122
61240697000162,202512,18279463,126
61240697000162,202601,19191216,126
61240697000162,202602,19972269,124
61240697000162,202603,20868058,123
61240697000162,202604,21438080,122
61240697000162,202605,21981773,121
61240697000162,202606,22529957,122
61240697000162,202607,23143984,124
61240697000162,HOJE,23229001,121
61245368000104,202512,33568894,126
61245368000104,202601,35176414,126
61245368000104,202602,41379581,124
61245368000104,202603,41984989,123
61245368000104,202604,34948437,122
61245368000104,202605,45674344,121
61245368000104,202606,63474824,122
61245368000104,202607,83964443,124
61245368000104,HOJE,84968188,122
61268857000181,202512,20156456,126
61268857000181,202601,20752928,126
61268857000181,202602,21272262,124
61268857000181,202603,21456788,123
61268857000181,202604,21583872,122
61268857000181,202605,21658256,121
61268857000181,202606,21692228,122
61268857000181,202607,21737500,124
61268857000181,HOJE,21736305,122
61269144000132,202512,42184846,117
61269144000132,202601,40492441,126
61269144000132,202602,36723499,124
61269144000132,202603,33715789,123
61269144000132,202604,30949975,122
61269144000132,202605,30193727,121
61269144000132,202606,30141074,122
61269144000132,202607,30024464,124
61269144000132,HOJE,30014258,122
61271154000102,202512,45042778,126
61271154000102,202601,59413681,126
61271154000102,202602,72064898,124
61271154000102,202603,84145353,123
61271154000102,202604,93728734,122
61271154000102,202605,102762942,121
61271154000102,202606,109694017,122
61271154000102,202607,110066685,124
61271154000102,HOJE,110062868,122
61272108000128,202512,16018697,126
61272108000128,202601,17856727,126
61272108000128,202602,19206032,124
61272108000128,202603,21171383,123
61272108000128,202604,22678401,122
61272108000128,202605,23176020,121
61272108000128,202606,23048997,122
61272108000128,202607,22749325,124
61272108000128,HOJE,22710312,121
61277977000145,202512,43185351,126
61277977000145,202601,45970694,126
61277977000145,202602,46686585,124
61277977000145,202603,46595164,123
61277977000145,202604,46635022,122
61277977000145,202605,48235667,121
61277977000145,202606,48639264,122
61277977000145,202607,49744858,124
61277977000145,HOJE,49892191,122
61324558000117,202512,28261799,125
61324558000117,202601,35471867,126
61324558000117,202602,41368021,124
61324558000117,202603,48370755,123
61324558000117,202604,50469157,122
61324558000117,202605,50800762,121
61324558000117,202606,51167323,122
61324558000117,202607,51512106,124
61324558000117,HOJE,51539818,122
61327132000117,202512,116036574,123
61327132000117,202601,171288135,126
61327132000117,202602,230273947,124
61327132000117,202603,301640279,123
61327132000117,202604,363530856,122
61327132000117,202605,422427102,121
61327132000117,202606,472812784,122
61327132000117,202607,521600317,124
61327132000117,HOJE,527276054,121
61347630000121,202512,1016908469,126
61347630000121,202601,891337994,126
61347630000121,202602,733253496,124
61347630000121,202603,510046536,123
61347630000121,202604,297045882,122
61347630000121,202605,112053648,121
61347630000121,202606,13207657,122
61347630000121,202607,12386104,124
61347630000121,HOJE,12198650,122
61350794000108,202512,55389497,126
61350794000108,202601,55751248,126
61350794000108,202602,55756700,124
61350794000108,202603,55448846,123
61350794000108,202604,54862638,122
61350794000108,202605,53802418,121
61350794000108,202606,52624020,122
61350794000108,202607,51351145,124
61350794000108,HOJE,51117177,121
61390937000105,202512,11957606,113
61390937000105,202601,12415268,126
61390937000105,202602,13032437,124
61390937000105,202603,13396284,123
61390937000105,202604,13717914,122
61390937000105,202605,14016002,121
61390937000105,202606,14286207,122
61390937000105,202607,14561817,124
61390937000105,HOJE,14602492,122
61391125000184,202512,7527052,125
61391125000184,202601,8002809,126
61391125000184,202602,8501374,124
61391125000184,202603,8988785,123
61391125000184,202604,9396218,122
61391125000184,202605,9717436,121
61391125000184,202606,10010712,122
61391125000184,202607,10256124,124
61391125000184,HOJE,10290323,122
61411777000133,202512,43631201,126
61411777000133,202601,50738426,126
61411777000133,202602,56964474,124
61411777000133,202603,63325746,123
61411777000133,202604,66014906,122
61411777000133,202605,68530461,121
61411777000133,202606,69142455,122
61411777000133,202607,69661074,124
61411777000133,HOJE,69710224,122
61444194000109,202512,206393417,116
61444194000109,202601,208309413,126
61444194000109,202602,210674879,124
61444194000109,202603,212987439,123
61444194000109,202604,214303846,122
61444194000109,202605,215380055,121
61444194000109,202606,216866415,122
61444194000109,202607,218497167,124
61444194000109,HOJE,218628696,122
61543295000137,202512,33416294,122
61543295000137,202601,33619415,126
61543295000137,202602,33901643,124
61543295000137,202603,34170726,123
61543295000137,202604,34967118,122
61543295000137,202605,37492958,121
61543295000137,202606,39934738,122
61543295000137,202607,42549308,124
61543295000137,HOJE,42910636,122
61572789000140,202512,120300372,123
61572789000140,202601,119912138,126
61572789000140,202602,120835056,124
61572789000140,202603,125735103,123
61572789000140,202604,130098369,122
61572789000140,202605,134527023,121
61572789000140,202606,138375293,122
61572789000140,202607,143618083,124
61572789000140,HOJE,144501527,121
61583519000134,202512,206242831,126
61583519000134,202601,228137705,126
61583519000134,202602,232867933,124
61583519000134,202603,237025702,123
61583519000134,202604,241165025,122
61583519000134,202605,245367088,121
61583519000134,202606,250239848,122
61583519000134,202607,255308020,124
61583519000134,HOJE,255849385,121
61584502000100,202512,2441647242,114
61584502000100,202601,2619723789,126
61584502000100,202602,2900951015,124
61584502000100,202603,2896227813,123
61584502000100,202604,2629879205,122
61584502000100,202605,2512329384,121
61584502000100,202606,2502126743,122
61584502000100,202607,2468940331,124
61584502000100,HOJE,2463092896,122
61584731000116,202512,33223155,114
61584731000116,202601,34565853,126
61584731000116,202602,36554368,124
61584731000116,202603,38422589,123
61584731000116,202604,39905493,122
61584731000116,202605,41011006,121
61584731000116,202606,41918238,122
61584731000116,202607,42504173,124
61584731000116,HOJE,42507285,121
61584782000148,202512,14241237,109
61584782000148,202601,14731219,126
61584782000148,202602,15573955,124
61584782000148,202603,16553848,123
61584782000148,202604,16720311,122
61584782000148,202605,16901422,121
61584782000148,202606,17240264,122
61584782000148,202607,17629990,124
61584782000148,HOJE,17670406,121
61622654000141,202512,9423310,114
61622654000141,202601,10052959,126
61622654000141,202602,10395365,124
61622654000141,202603,10682411,123
61622654000141,202604,10875296,122
61622654000141,202605,11077514,121
61622654000141,202606,11172968,122
61622654000141,202607,11112230,124
61622654000141,HOJE,11094033,122
61622820000100,202512,1514689088,111
61622820000100,202601,1535421881,126
61622820000100,202602,1518318483,124
61622820000100,202603,1488732805,123
61622820000100,202604,1453845392,122
61622820000100,202605,1408394647,121
61622820000100,202606,1349920498,122
61622820000100,202607,1280115801,124
61622820000100,HOJE,1270487934,122
61643116000133,202512,26329659,116
61643116000133,202601,26528732,126
61643116000133,202602,26810245,124
61643116000133,202603,27088701,123
61643116000133,202604,27287695,122
61643116000133,202605,27369350,121
61643116000133,202606,27365044,122
61643116000133,202607,27406447,124
61643116000133,HOJE,27404338,121
61655249000120,202512,12383159,119
61655249000120,202601,12509133,126
61655249000120,202602,12663898,124
61655249000120,202603,12810096,123
61655249000120,202604,12925498,122
61655249000120,202605,13014606,121
61655249000120,202606,13077251,122
61655249000120,202607,13131055,124
61655249000120,HOJE,13132016,121
61660997000109,202512,4907905529,117
61660997000109,202601,5027176045,126
61660997000109,202602,5142729948,124
61660997000109,202603,5198083924,123
61660997000109,202604,5178238071,122
61660997000109,202605,5087885959,121
61660997000109,202606,4968944878,122
61660997000109,202607,4820010640,124
61660997000109,HOJE,4796860087,122
61692294000154,202512,46292959,99
61692294000154,202601,51832239,117
61692294000154,202602,60545019,116
61692294000154,202603,65712427,122
61692294000154,202604,71393669,121
61692294000154,202605,74052364,119
61692294000154,202606,74644116,119
61692294000154,202607,74995298,117
61692294000154,HOJE,75031751,113
61761100000125,202512,334006644,112
61761100000125,202601,313797534,126
61761100000125,202602,259887903,124
61761100000125,202603,199381669,123
61761100000125,202604,159196539,122
61761100000125,202605,117816028,121
61761100000125,202606,87088342,122
61761100000125,202607,75451907,124
61761100000125,HOJE,75458793,122
61800269000147,202512,130377230,112
61800269000147,202601,120790066,126
61800269000147,202602,102372395,124
61800269000147,202603,79556302,123
61800269000147,202604,58046029,122
61800269000147,202605,36785895,121
61800269000147,202606,16535485,122
61800269000147,202607,5479299,124
61800269000147,HOJE,5459752,122
61800420000147,202512,43997388,112
61800420000147,202601,41656763,126
61800420000147,202602,36091356,124
61800420000147,202603,29575805,123
61800420000147,202604,23239138,122
61800420000147,202605,16416699,121
61800420000147,202606,9616319,122
61800420000147,202607,5802473,124
61800420000147,HOJE,5808017,122
61803239000194,202512,42034913,108
61803239000194,202601,45775883,126
61803239000194,202602,51800719,124
61803239000194,202603,58072596,123
61803239000194,202604,61285423,122
61803239000194,202605,61380282,121
61803239000194,202606,61210413,122
61803239000194,202607,61037778,124
61803239000194,HOJE,60989967,122
61803360000116,202512,332650122,112
61803360000116,202601,312388628,126
61803360000116,202602,260568153,124
61803360000116,202603,202696683,123
61803360000116,202604,164432920,122
61803360000116,202605,125574196,121
61803360000116,202606,98863284,122
61803360000116,202607,89919639,124
61803360000116,HOJE,89924583,122
61843171000177,202512,39874234,110
61843171000177,202601,41293848,126
61843171000177,202602,41875474,124
61843171000177,202603,41462035,123
61843171000177,202604,40152790,122
61843171000177,202605,38335122,121
61843171000177,202606,32882516,122
61843171000177,202607,29766685,124
61843171000177,HOJE,29538921,121
61885649000121,202512,44287006,113
61885649000121,202601,47635716,126
61885649000121,202602,50796426,124
61885649000121,202603,51427420,123
61885649000121,202604,52472528,122
61885649000121,202605,53724827,121
61885649000121,202606,53290546,122
61885649000121,202607,52590562,124
61885649000121,HOJE,52558775,122
97525452000129,202512,21107683,126
97525452000129,202601,21026123,126
97525452000129,202602,20935000,124
97525452000129,202603,20749782,123
97525452000129,202604,20567588,122
97525452000129,202605,20344856,121
97525452000129,202606,20093327,122
97525452000129,202607,20087354,124
97525452000129,HOJE,20084170,121
45645190000132,202512,20007010,106
45645190000132,202601,22000509,126
45645190000132,202602,26305093,124
45645190000132,202603,30439240,123
45645190000132,202604,31059742,122
45645190000132,202605,31086116,121
45645190000132,202606,30810689,122
45645190000132,202607,30472546,124
45645190000132,HOJE,30407895,122
46334681000125,202512,84681467,105
46334681000125,202601,93008823,126
46334681000125,202602,112917166,124
46334681000125,202603,128106065,123
46334681000125,202604,136565084,122
46334681000125,202605,142071191,121
46334681000125,202606,145304516,122
46334681000125,202607,147692269,124
46334681000125,HOJE,147655562,122
58219849000130,202512,38044016,97
58219849000130,202601,62014671,118
58219849000130,202602,105378634,124
58219849000130,202603,233087601,123
58219849000130,202604,587722477,122
58219849000130,202605,1061688877,121
58219849000130,202606,1544503749,122
58219849000130,202607,2041874380,124
58219849000130,HOJE,2109002725,121
58516864000140,202512,159270001,86
58516864000140,202601,232773640,107
58516864000140,202602,325550664,110
58516864000140,202603,451088875,109
58516864000140,202604,536134893,92
58516864000140,202605,564719391,95
58516864000140,202606,600105159,87
58516864000140,202607,602671748,78
58516864000140,HOJE,602892070,74
58529615000190,202512,31379240,96
58529615000190,202601,33191146,117
58529615000190,202602,34816356,123
58529615000190,202603,36906998,122
58529615000190,202604,38461853,109
58529615000190,202605,40369209,107
58529615000190,202606,41291357,108
58529615000190,202607,39980737,106
58529615000190,HOJE,39788114,104
59887628000101,202512,7884666,88
59887628000101,202601,8347754,109
59887628000101,202602,8741390,124
59887628000101,202603,9746307,123
59887628000101,202604,10365093,122
59887628000101,202605,10392500,121
59887628000101,202606,10382080,122
59887628000101,202607,12589489,124
59887628000101,HOJE,12888950,122
61063366000102,202512,30563127,90
61063366000102,202601,30682477,111
61063366000102,202602,30849091,124
61063366000102,202603,31112060,123
61063366000102,202604,31358623,122
61063366000102,202605,31470943,121
61063366000102,202606,31532219,122
61063366000102,202607,31631498,124
61063366000102,HOJE,31635946,121
61136998000140,202512,41177289,92
61136998000140,202601,51169825,113
61136998000140,202602,61751617,124
61136998000140,202603,79516748,123
61136998000140,202604,92129635,122
61136998000140,202605,99886592,121
61136998000140,202606,104267435,122
61136998000140,202607,106575615,124
61136998000140,HOJE,106744214,121
61290059000156,202512,2300106707,89
61290059000156,202601,2268409861,110
61290059000156,202602,2243858384,124
61290059000156,202603,2212488827,123
61290059000156,202604,2170881652,122
61290059000156,202605,2158152315,121
61290059000156,202606,2191788894,122
61290059000156,202607,2122080497,124
61290059000156,HOJE,2118239713,121
61333263000107,202512,73570439,104
61333263000107,202601,73996831,125
61333263000107,202602,74897279,124
61333263000107,202603,75616380,123
61333263000107,202604,75723053,122
61333263000107,202605,75902051,121
61333263000107,202606,76211935,122
61333263000107,202607,76544242,124
61333263000107,HOJE,76549182,122
61390439000162,202512,100340342,97
61390439000162,202601,102864748,118
61390439000162,202602,107602868,124
61390439000162,202603,112099708,123
61390439000162,202604,114554406,122
61390439000162,202605,115164659,121
61390439000162,202606,115838373,122
61390439000162,202607,116606746,124
61390439000162,HOJE,116660979,121
61390482000128,202512,21892672,104
61390482000128,202601,22256563,125
61390482000128,202602,23554978,124
61390482000128,202603,23904188,123
61390482000128,202604,24050961,122
61390482000128,202605,24148316,121
61390482000128,202606,24256882,122
61390482000128,202607,24387807,124
61390482000128,HOJE,24394621,121
61418417000163,202512,115012280,99
61418417000163,202601,115588783,120
61418417000163,202602,116689504,124
61418417000163,202603,117901925,123
61418417000163,202604,118959539,122
61418417000163,202605,119717437,121
61418417000163,202606,120227533,122
61418417000163,202607,120729837,124
61418417000163,HOJE,120737054,121
61445398000164,202512,172176247,98
61445398000164,202601,175097813,119
61445398000164,202602,181572408,124
61445398000164,202603,188712512,123
61445398000164,202604,191859747,122
61445398000164,202605,194558253,121
61445398000164,202606,197347385,122
61445398000164,202607,201596166,124
61445398000164,HOJE,201992188,121
61541353000193,202512,42438427,107
61541353000193,202601,43103151,126
61541353000193,202602,44142337,124
61541353000193,202603,45351509,123
61541353000193,202604,46454486,122
61541353000193,202605,46688002,121
61541353000193,202606,46850645,122
61541353000193,202607,47039978,124
61541353000193,HOJE,47047587,121
61543507000186,202512,225748412,101
61543507000186,202601,264226191,122
61543507000186,202602,329547715,124
61543507000186,202603,405174104,123
61543507000186,202604,435688961,122
61543507000186,202605,433011357,121
61543507000186,202606,412331793,122
61543507000186,202607,379797668,124
61543507000186,HOJE,374557660,122
61558612000199,202512,13561454,103
61558612000199,202601,13662631,124
61558612000199,202602,13990029,124
61558612000199,202603,14125476,123
61558612000199,202604,14237086,122
61558612000199,202605,14319444,121
61558612000199,202606,14372258,122
61558612000199,202607,14421977,124
61558612000199,HOJE,14420636,121
61559509000163,202512,18517734,101
61559509000163,202601,19359494,122
61559509000163,202602,20681918,124
61559509000163,202603,21985149,123
61559509000163,202604,23184738,122
61559509000163,202605,24191432,121
61559509000163,202606,24488375,122
61559509000163,202607,24725054,124
61559509000163,HOJE,24722793,121
61584915000186,202512,56175860,105
61584915000186,202601,56423732,126
61584915000186,202602,57084971,124
61584915000186,202603,57579276,123
61584915000186,202604,57927673,122
61584915000186,202605,58116332,121
61584915000186,202606,58106111,122
61584915000186,202607,58106283,124
61584915000186,HOJE,58075408,122
61651255000109,202512,40788254,103
61651255000109,202601,42487952,124
61651255000109,202602,46467342,124
61651255000109,202603,50491975,123
61651255000109,202604,51372832,122
61651255000109,202605,51735213,121
61651255000109,202606,52259239,122
61651255000109,202607,52908201,124
61651255000109,HOJE,52973689,121
61683502000159,202512,17407540,107
61683502000159,202601,17506787,126
61683502000159,202602,17671679,124
61683502000159,202603,17824319,123
61683502000159,202604,18109912,122
61683502000159,202605,18786287,121
61683502000159,202606,19529711,122
61683502000159,202607,20303086,124
61683502000159,HOJE,20404790,122
61690888000126,202512,65237546,96
61690888000126,202601,77287465,117
61690888000126,202602,92027497,124
61690888000126,202603,114157595,123
61690888000126,202604,130501329,122
61690888000126,202605,136063015,121
61690888000126,202606,139019585,122
61690888000126,202607,141274075,124
61690888000126,HOJE,141501372,122
61725196000176,202512,21892752,103
61725196000176,202601,24475020,124
61725196000176,202602,29636863,124
61725196000176,202603,34339174,123
61725196000176,202604,36950605,122
61725196000176,202605,40404135,121
61725196000176,202606,46461710,122
61725196000176,202607,56433338,124
61725196000176,HOJE,57458095,121
61791374000167,202512,559278752,93
61791374000167,202601,583994549,114
61791374000167,202602,642716829,124
61791374000167,202603,719797645,123
61791374000167,202604,725700882,122
61791374000167,202605,723062658,121
61791374000167,202606,726180229,122
61791374000167,202607,737299312,124
61791374000167,HOJE,737289273,121
61791538000156,202512,2156107697,94
61791538000156,202601,2346327092,115
61791538000156,202602,2673392953,124
61791538000156,202603,3152347921,123
61791538000156,202604,3326698652,122
61791538000156,202605,3357701302,121
61791538000156,202606,3334669501,122
61791538000156,202607,3277324765,124
61791538000156,HOJE,3269596733,121
61794817000173,202512,10867158,95
61794817000173,202601,11189235,116
61794817000173,202602,11698681,124
61794817000173,202603,12574802,123
61794817000173,202604,12775099,122
61794817000173,202605,12825612,121
61794817000173,202606,12713218,122
61794817000173,202607,12553603,124
61794817000173,HOJE,12509082,122
61798592000123,202512,112570642,87
61798592000123,202601,130348369,108
61798592000123,202602,145786219,124
61798592000123,202603,182365012,123
61798592000123,202604,204733772,122
61798592000123,202605,216375592,121
61798592000123,202606,223678406,122
61798592000123,202607,227604773,124
61798592000123,HOJE,227862545,122
61834984000109,202512,29384095,94
61834984000109,202601,29891779,115
61834984000109,202602,30730478,124
61834984000109,202603,31995981,123
61834984000109,202604,32339931,122
61834984000109,202605,32574596,121
61834984000109,202606,32756684,122
61834984000109,202607,32966241,124
61834984000109,HOJE,32980725,121
61835389000180,202512,131986088,92
61835389000180,202601,158051274,113
61835389000180,202602,188159177,124
61835389000180,202603,238207499,123
61835389000180,202604,277838485,122
61835389000180,202605,313177999,121
61835389000180,202606,340698708,122
61835389000180,202607,359268322,124
61835389000180,HOJE,361219025,121
61835634000159,202512,10744633,95
61835634000159,202601,10792520,116
61835634000159,202602,10872955,124
61835634000159,202603,10965674,123
61835634000159,202604,11050040,122
61835634000159,202605,11120830,121
61835634000159,202606,11179308,122
61835634000159,202607,11247631,124
61835634000159,HOJE,11253119,122
61835843000100,202512,34934104,93
61835843000100,202601,35113145,114
61835843000100,202602,35376403,124
61835843000100,202603,35716836,123
61835843000100,202604,36001525,122
61835843000100,202605,36198378,121
61835843000100,202606,36325344,122
61835843000100,202607,36466498,124
61835843000100,HOJE,36473190,121
61854664000102,202512,140482241,94
61854664000102,202601,173224244,115
61854664000102,202602,220214897,124
61854664000102,202603,297492861,123
61854664000102,202604,363548459,122
61854664000102,202605,423122561,121
61854664000102,202606,473027706,122
61854664000102,202607,512538448,124
61854664000102,HOJE,517110569,121
61875090000159,202512,19509154,105
61875090000159,202601,19780034,126
61875090000159,202602,20911376,124
61875090000159,202603,21089073,123
61875090000159,202604,21232883,122
61875090000159,202605,21286982,121
61875090000159,202606,21323827,122
61875090000159,202607,21381768,124
61875090000159,HOJE,21382322,122
61881131000110,202512,66829531,87
61881131000110,202601,72455796,108
61881131000110,202602,79589022,124
61881131000110,202603,97682596,123
61881131000110,202604,112825277,122
61881131000110,202605,129079928,121
61881131000110,202606,143843509,122
61881131000110,202607,155086180,124
61881131000110,HOJE,156605076,121
61925300000176,202512,16616542,96
61925300000176,202601,18105555,117
61925300000176,202602,19869441,124
61925300000176,202603,21896048,123
61925300000176,202604,23753860,122
61925300000176,202605,25208838,121
61925300000176,202606,25233292,122
61925300000176,202607,25295495,124
61925300000176,HOJE,25297845,121
61926290000193,202512,69898048,101
61926290000193,202601,69719898,122
61926290000193,202602,71368259,124
61926290000193,202603,70867629,123
61926290000193,202604,70156189,122
61926290000193,202605,69361851,121
61926290000193,202606,70345469,122
61926290000193,202607,71029948,124
61926290000193,HOJE,71065970,121
61944498000135,202512,34669540,99
61944498000135,202601,38440011,120
61944498000135,202602,42642010,124
61944498000135,202603,48055261,123
61944498000135,202604,52517084,122
61944498000135,202605,56679031,121
61944498000135,202606,58139310,122
61944498000135,202607,58651279,124
61944498000135,HOJE,58702509,121
61944886000116,202512,70587844,94
61944886000116,202601,73305199,115
61944886000116,202602,78068972,124
61944886000116,202603,84884972,123
61944886000116,202604,85639385,122
61944886000116,202605,86017323,121
61944886000116,202606,86411203,122
61944886000116,202607,86826567,124
61944886000116,HOJE,86833655,121
61948797000148,202512,11808763,88
61948797000148,202601,12092241,109
61948797000148,202602,12519057,124
61948797000148,202603,13579981,123
61948797000148,202604,14452151,122
61948797000148,202605,15222631,121
61948797000148,202606,15978223,122
61948797000148,202607,17113535,124
61948797000148,HOJE,17260743,122
61953079000160,202512,25447497,93
61953079000160,202601,25512956,114
61953079000160,202602,25650721,124
61953079000160,202603,25766386,123
61953079000160,202604,25853340,122
61953079000160,202605,25861741,121
61953079000160,202606,25819081,122
61953079000160,202607,25807558,124
61953079000160,HOJE,25796834,122
61959244000190,202512,23546706,94
61959244000190,202601,24453064,115
61959244000190,202602,26531404,124
61959244000190,202603,28353823,123
61959244000190,202604,28544143,122
61959244000190,202605,28641439,121
61959244000190,202606,28687756,122
61959244000190,202607,28734065,124
61959244000190,HOJE,28733156,122
61959407000135,202512,15266609,97
61959407000135,202601,15339233,118
61959407000135,202602,15461379,124
61959407000135,202603,15613892,123
61959407000135,202604,15932388,122
61959407000135,202605,16236717,121
61959407000135,202606,16520600,122
61959407000135,202607,16829089,124
61959407000135,HOJE,16870980,122
61971270000134,202512,74344067,98
61971270000134,202601,74770828,119
61971270000134,202602,75517004,124
61971270000134,202603,76317810,123
61971270000134,202604,76851381,122
61971270000134,202605,77139868,121
61971270000134,202606,77304391,122
61971270000134,202607,77461627,124
61971270000134,HOJE,77459026,122
61972672000153,202512,440793475,106
61972672000153,202601,522718422,126
61972672000153,202602,618965373,124
61972672000153,202603,709188520,123
61972672000153,202604,785460328,122
61972672000153,202605,758298380,121
61972672000153,202606,713569849,122
61972672000153,202607,670362085,124
61972672000153,HOJE,663334894,122
61973575000185,202512,23406455,87
61973575000185,202601,27549789,108
61973575000185,202602,32620752,124
61973575000185,202603,44864544,123
61973575000185,202604,58081308,122
61973575000185,202605,71542515,121
61973575000185,202606,83427924,122
61973575000185,202607,93039953,124
61973575000185,HOJE,94378595,122
61989479000125,202512,63793128,99
61989479000125,202601,64295990,120
61989479000125,202602,65398656,124
61989479000125,202603,66497859,123
61989479000125,202604,67091668,122
61989479000125,202605,67418902,121
61989479000125,202606,67593315,122
61989479000125,202607,67529214,124
61989479000125,HOJE,67478200,122
62007683000166,202512,555081941,106
62007683000166,202601,587666630,126
62007683000166,202602,652989842,124
62007683000166,202603,711581280,123
62007683000166,202604,739663249,122
62007683000166,202605,742766341,121
62007683000166,202606,738628434,122
62007683000166,202607,729354526,124
62007683000166,HOJE,728315526,121
62031312000110,202512,15326033,91
62031312000110,202601,15400691,112
62031312000110,202602,15494680,124
62031312000110,202603,15648840,123
62031312000110,202604,15760598,122
62031312000110,202605,15832092,121
62031312000110,202606,15906258,122
62031312000110,202607,15994200,124
62031312000110,HOJE,16000311,121
62125370000102,202512,22838697,90
62125370000102,202601,25325491,111
62125370000102,202602,28889411,124
62125370000102,202603,36220899,123
62125370000102,202604,42257345,122
62125370000102,202605,47634233,121
62125370000102,202606,52511249,122
62125370000102,202607,57197459,124
62125370000102,HOJE,57796879,122
62171470000175,202512,3693855388,93
62171470000175,202601,3994730798,114
62171470000175,202602,4455560605,124
62171470000175,202603,5176027615,123
62171470000175,202604,5430223345,122
62171470000175,202605,5562091593,121
62171470000175,202606,5693306349,122
62171470000175,202607,5817099762,124
62171470000175,HOJE,5832471183,122
62172396000101,202512,20641146,89
62172396000101,202601,20952745,110
62172396000101,202602,21286655,124
62172396000101,202603,22144545,123
62172396000101,202604,22293754,122
62172396000101,202605,22391607,121
62172396000101,202606,22501481,122
62172396000101,202607,22632407,124
62172396000101,HOJE,22641271,121
62199705000137,202512,37905807,92
62199705000137,202601,39316500,113
62199705000137,202602,41360900,124
62199705000137,202603,44402767,123
62199705000137,202604,46400767,122
62199705000137,202605,48146426,121
62199705000137,202606,49529770,122
62199705000137,202607,49857982,124
62199705000137,HOJE,49897452,122
62214375000101,202512,21669932,88
62214375000101,202601,20428046,109
62214375000101,202602,19591097,124
62214375000101,202603,17743775,123
62214375000101,202604,16138344,122
62214375000101,202605,15450055,121
62214375000101,202606,15394035,122
62214375000101,202607,15767587,124
62214375000101,HOJE,15805600,122
62267044000130,202512,10471264,91
62267044000130,202601,10614468,112
62267044000130,202602,10778002,124
62267044000130,202603,11182417,123
62267044000130,202604,11753677,122
62267044000130,202605,12223804,121
62267044000130,202606,12668672,122
62267044000130,202607,13104195,124
62267044000130,HOJE,13168871,122
62354876000193,202512,21052968,87
62354876000193,202601,28735643,108
62354876000193,202602,35811361,124
62354876000193,202603,53669380,123
62354876000193,202604,69004626,122
62354876000193,202605,83095593,121
62354876000193,202606,93944767,122
62354876000193,202607,95143655,124
62354876000193,HOJE,95905481,121
62438200000188,202512,66862333,87
62438200000188,202601,94859245,108
62438200000188,202602,117782959,124
62438200000188,202603,162607165,123
62438200000188,202604,201931139,122
62438200000188,202605,227301779,121
62438200000188,202606,240928688,122
62438200000188,202607,248569146,120
62438200000188,HOJE,249129677,117
58253070000131,202512,16469063,84
58253070000131,202601,17650152,105
58253070000131,202602,18409177,123
58253070000131,202603,20683238,123
58253070000131,202604,22345343,122
58253070000131,202605,22706658,121
58253070000131,202606,22796282,122
58253070000131,202607,22924393,124
58253070000131,HOJE,22935673,122
58258574000144,202512,2318036880,61
58258574000144,202601,2496144720,82
58258574000144,202602,2594190769,100
58258574000144,202603,2897341596,103
58258574000144,202604,2955146461,89
58258574000144,202605,2941968645,88
58258574000144,202606,2926577914,69
58258574000144,202607,2888547057,48
58258574000144,HOJE,2875095646,44
58530089000188,202512,19644032,85
58530089000188,202601,19865581,106
58530089000188,202602,20038922,124
58530089000188,202603,20624094,123
58530089000188,202604,20843541,122
58530089000188,202605,20944945,121
58530089000188,202606,21112449,122
58530089000188,202607,21376194,124
58530089000188,HOJE,21389426,122
59194839000150,202512,40772969,86
59194839000150,202601,40966929,107
59194839000150,202602,41182560,124
59194839000150,202603,41581156,123
59194839000150,202604,41587385,122
59194839000150,202605,41424061,121
59194839000150,202606,41236750,122
59194839000150,202607,41053819,124
59194839000150,HOJE,41013348,122
59412583000100,202512,13331301,71
59412583000100,202601,13413545,92
59412583000100,202602,14258002,110
59412583000100,202603,16152588,123
59412583000100,202604,17994128,122
59412583000100,202605,19853093,121
59412583000100,202606,21749887,122
59412583000100,202607,23735107,124
59412583000100,HOJE,24063615,122
60276080000134,202512,91430067,77
60276080000134,202601,94264426,98
60276080000134,202602,96052653,116
60276080000134,202603,103819855,123
60276080000134,202604,104708917,122
60276080000134,202605,114104639,121
60276080000134,202606,131405673,122
60276080000134,202607,150598450,124
60276080000134,HOJE,152591138,121
60867323000109,202512,9566219,67
60867323000109,202601,10289150,88
60867323000109,202602,10704003,106
60867323000109,202603,11135800,123
60867323000109,202604,11908662,122
60867323000109,202605,12624806,121
60867323000109,202606,13121384,122
60867323000109,202607,13345823,124
60867323000109,HOJE,13377220,122
60906569000142,202512,18532108,78
60906569000142,202601,20535690,99
60906569000142,202602,21816061,117
60906569000142,202603,25948963,123
60906569000142,202604,27794160,122
60906569000142,202605,28451656,121
60906569000142,202606,28864046,122
60906569000142,202607,29058552,124
60906569000142,HOJE,29091460,122
61560810000197,202512,12171470,73
61560810000197,202601,12294111,94
61560810000197,202602,12007591,112
61560810000197,202603,11465047,123
61560810000197,202604,10999738,122
61560810000197,202605,10604717,121
61560810000197,202606,10195904,122
61560810000197,202607,9729983,124
61560810000197,HOJE,9630894,122
61561173000173,202512,24695489,67
61561173000173,202601,27844965,88
61561173000173,202602,29629087,106
61561173000173,202603,31790114,123
61561173000173,202604,35728426,122
61561173000173,202605,38069877,121
61561173000173,202606,38277410,122
61561173000173,202607,38515267,124
61561173000173,HOJE,38541992,122
61579871000104,202512,40754858,79
61579871000104,202601,42146751,100
61579871000104,202602,43126309,118
61579871000104,202603,45452553,123
61579871000104,202604,46646533,122
61579871000104,202605,47569980,121
61579871000104,202606,48008744,122
61579871000104,202607,48150316,124
61579871000104,HOJE,48146399,122
61643338000156,202512,249460419,83
61643338000156,202601,249102518,104
61643338000156,202602,249075808,122
61643338000156,202603,248189555,123
61643338000156,202604,247491185,122
61643338000156,202605,245788102,121
61643338000156,202606,243361943,122
61643338000156,202607,240983079,124
61643338000156,HOJE,240632808,121
61690166000171,202512,9555835,73
61690166000171,202601,10558376,94
61690166000171,202602,11141192,112
61690166000171,202603,12508232,123
61690166000171,202604,13668306,122
61690166000171,202605,14075529,121
61690166000171,202606,14172869,122
61690166000171,202607,14273254,124
61690166000171,HOJE,14279435,121
61809401000181,202512,15276765,75
61809401000181,202601,15375771,96
61809401000181,202602,15466812,114
61809401000181,202603,15602873,123
61809401000181,202604,15720683,122
61809401000181,202605,15819976,121
61809401000181,202606,15944676,122
61809401000181,202607,16068893,124
61809401000181,HOJE,16080731,122
61836539000170,202512,70433101,85
61836539000170,202601,73836523,106
61836539000170,202602,76031753,124
61836539000170,202603,80979278,123
61836539000170,202604,84098487,122
61836539000170,202605,87126951,121
61836539000170,202606,88570230,122
61836539000170,202607,88929237,124
61836539000170,HOJE,88953765,122
61836753000126,202512,10845447,83
61836753000126,202601,10893273,104
61836753000126,202602,10951541,122
61836753000126,202603,11041128,123
61836753000126,202604,11125162,122
61836753000126,202605,11194851,121
61836753000126,202606,11245989,122
61836753000126,202607,11305502,124
61836753000126,HOJE,11309457,122
61837406000118,202512,9918475,81
61837406000118,202601,10600551,102
61837406000118,202602,11079745,120
61837406000118,202603,12189707,123
61837406000118,202604,12850387,122
61837406000118,202605,13450463,121
61837406000118,202606,13905228,122
61837406000118,202607,14168666,124
61837406000118,HOJE,14188140,121
61837478000165,202512,28799313,76
61837478000165,202601,28989632,97
61837478000165,202602,29160379,115
61837478000165,202603,29449610,123
61837478000165,202604,29687756,122
61837478000165,202605,29830996,121
61837478000165,202606,29943389,122
61837478000165,202607,30067277,124
61837478000165,HOJE,30065890,121
61844252000191,202512,15178804,66
61844252000191,202601,15199484,87
61844252000191,202602,15279033,105
61844252000191,202603,15337309,123
61844252000191,202604,15438599,122
61844252000191,202605,15493625,121
61844252000191,202606,15049518,122
61844252000191,202607,14542724,124
61844252000191,HOJE,14475795,122
61844366000131,202512,9596670,79
61844366000131,202601,10626236,100
61844366000131,202602,11710656,118
61844366000131,202603,13150314,123
61844366000131,202604,14630975,122
61844366000131,202605,16104932,121
61844366000131,202606,17131337,122
61844366000131,202607,17670795,124
61844366000131,HOJE,17672684,122
61845849000150,202512,15791463,82
61845849000150,202601,16760091,103
61845849000150,202602,19134017,121
61845849000150,202603,22990082,123
61845849000150,202604,25783824,122
61845849000150,202605,28263387,121
61845849000150,202606,30663929,122
61845849000150,202607,32851620,124
61845849000150,HOJE,32858023,121
61952434000186,202512,283812954,65
61952434000186,202601,285651885,86
61952434000186,202602,286721939,104
61952434000186,202603,280387856,123
61952434000186,202604,244432349,122
61952434000186,202605,203655043,121
61952434000186,202606,163204348,122
61952434000186,202607,120648312,124
61952434000186,HOJE,113893920,122
61954776000135,202512,142342793,80
61954776000135,202601,154868366,101
61954776000135,202602,162431306,119
61954776000135,202603,166115091,123
61954776000135,202604,154988087,122
61954776000135,202605,142885798,121
61954776000135,202606,135479778,122
61954776000135,202607,127587741,124
61954776000135,HOJE,125287040,121
62021805000179,202512,52501084,71
62021805000179,202601,61730684,92
62021805000179,202602,67394003,110
62021805000179,202603,78361391,123
62021805000179,202604,93292195,122
62021805000179,202605,101964761,121
62021805000179,202606,106840145,122
62021805000179,202607,111547910,124
62021805000179,HOJE,112264029,122
62074561000192,202512,13118448,66
62074561000192,202601,13207955,87
62074561000192,202602,13290148,105
62074561000192,202603,13391229,123
62074561000192,202604,13485786,122
62074561000192,202605,13574245,121
62074561000192,202606,13685758,122
62074561000192,202607,13794668,124
62074561000192,HOJE,13805090,122
62078917000166,202512,9941750,85
62078917000166,202601,10046562,106
62078917000166,202602,10126711,124
62078917000166,202603,10387500,123
62078917000166,202604,10465842,122
62078917000166,202605,10520801,121
62078917000166,202606,10556284,122
62078917000166,202607,10591670,124
62078917000166,HOJE,10595156,122
62083874000107,202512,37781012,73
62083874000107,202601,44932837,94
62083874000107,202602,50034508,112
62083874000107,202603,57541732,123
62083874000107,202604,66405546,122
62083874000107,202605,74628313,121
62083874000107,202606,80025255,122
62083874000107,202607,83516028,124
62083874000107,HOJE,83849211,122
62091844000142,202512,29372956,77
62091844000142,202601,29581989,98
62091844000142,202602,29780081,116
62091844000142,202603,30208860,123
62091844000142,202604,30487726,122
62091844000142,202605,30749604,121
62091844000142,202606,30955936,122
62091844000142,202607,31182966,124
62091844000142,HOJE,31201205,121
62103583000133,202512,16156099,77
62103583000133,202601,16931406,98
62103583000133,202602,17411000,116
62103583000133,202603,18892716,123
62103583000133,202604,19784555,122
62103583000133,202605,19561667,121
62103583000133,202606,19262709,122
62103583000133,202607,18941945,124
62103583000133,HOJE,18896331,122
62120583000141,202512,13537157,78
62120583000141,202601,14048237,99
62120583000141,202602,14491992,117
62120583000141,202603,15342279,123
62120583000141,202604,16025956,122
62120583000141,202605,16662386,121
62120583000141,202606,17064400,122
62120583000141,202607,17420438,124
62120583000141,HOJE,17456269,122
62140128000108,202512,16578449,77
62140128000108,202601,16951535,98
62140128000108,202602,17197771,116
62140128000108,202603,17738749,123
62140128000108,202604,18338803,122
62140128000108,202605,18446435,121
62140128000108,202606,18575988,122
62140128000108,202607,18714502,124
62140128000108,HOJE,18724296,121
62144203000109,202512,21104590,80
62144203000109,202601,25003651,101
62144203000109,202602,27380145,119
62144203000109,202603,34007456,123
62144203000109,202604,44534062,122
62144203000109,202605,56031876,121
62144203000109,202606,67823457,122
62144203000109,202607,80852945,124
62144203000109,HOJE,83148285,122
62198665000109,202512,31726372,85
62198665000109,202601,33000583,106
62198665000109,202602,33834330,124
62198665000109,202603,36440568,123
62198665000109,202604,38404437,122
62198665000109,202605,40317674,121
62198665000109,202606,41266210,122
62198665000109,202607,42325844,124
62198665000109,HOJE,42468600,121
62203847000120,202512,1879243,75
62203847000120,202601,2443797,96
62203847000120,202602,2777247,114
62203847000120,202603,3352798,123
62203847000120,202604,4039845,122
62203847000120,202605,4583663,121
62203847000120,202606,5140311,122
62203847000120,202607,5560537,124
62203847000120,HOJE,5618732,122
62214641000104,202512,29589321,83
62214641000104,202601,29882375,104
62214641000104,202602,30147427,122
62214641000104,202603,30977806,123
62214641000104,202604,31211130,122
62214641000104,202605,31347380,121
62214641000104,202606,31421040,122
62214641000104,202607,31511735,124
62214641000104,HOJE,31509323,121
62231879000130,202512,7782737,67
62231879000130,202601,10179776,88
62231879000130,202602,11478342,106
62231879000130,202603,12952466,123
62231879000130,202604,15426328,122
62231879000130,202605,16877597,121
62231879000130,202606,17657841,122
62231879000130,202607,17576764,124
62231879000130,HOJE,17566855,122
62232489000184,202512,121387556,70
62232489000184,202601,138152951,91
62232489000184,202602,152755162,109
62232489000184,202603,170233978,123
62232489000184,202604,194976554,122
62232489000184,202605,228848968,121
62232489000184,202606,249287057,122
62232489000184,202607,263461960,124
62232489000184,HOJE,264743487,122
62283336000166,202512,234612585,81
62283336000166,202601,237472662,102
62283336000166,202602,239825771,120
62283336000166,202603,245950737,123
62283336000166,202604,247043887,122
62283336000166,202605,246947774,121
62283336000166,202606,246816481,122
62283336000166,202607,246605737,124
62283336000166,HOJE,246435437,121
62300839000100,202512,426611248,66
62300839000100,202601,468945338,87
62300839000100,202602,496757836,105
62300839000100,202603,541704137,122
62300839000100,202604,617228169,122
62300839000100,202605,649402812,121
62300839000100,202606,679275723,122
62300839000100,202607,705893960,124
62300839000100,HOJE,709706229,122
62323295000194,202512,100664691,86
62323295000194,202601,101511824,107
62323295000194,202602,102787669,124
62323295000194,202603,104504069,123
62323295000194,202604,105387770,122
62323295000194,202605,105905899,121
62323295000194,202606,106163156,122
62323295000194,202607,106410330,124
62323295000194,HOJE,106399928,121
62355956000163,202512,34847242,85
62355956000163,202601,36559497,106
62355956000163,202602,37687723,124
62355956000163,202603,41425172,123
62355956000163,202604,43192966,122
62355956000163,202605,44832215,121
62355956000163,202606,45986583,122
62355956000163,202607,46663441,124
62355956000163,HOJE,46614519,122
62356314000189,202512,34671568,85
62356314000189,202601,36402717,106
62356314000189,202602,37541642,124
62356314000189,202603,41346378,123
62356314000189,202604,43111863,122
62356314000189,202605,44750212,121
62356314000189,202606,45903579,122
62356314000189,202607,46579643,124
62356314000189,HOJE,46530634,122
62358710000145,202512,13641122,76
62358710000145,202601,13256699,97
62358710000145,202602,13060656,115
62358710000145,202603,13052397,123
62358710000145,202604,12834996,122
62358710000145,202605,13009434,121
62358710000145,202606,14468437,122
62358710000145,202607,16033169,124
62358710000145,HOJE,16242209,122
62361327000146,202512,9832552,72
62361327000146,202601,9954814,93
62361327000146,202602,10170676,111
62361327000146,202603,10674644,123
62361327000146,202604,11378750,122
62361327000146,202605,12132755,121
62361327000146,202606,12887431,122
62361327000146,202607,13683065,124
62361327000146,HOJE,13796957,121
62361404000168,202512,10709594,72
62361404000168,202601,10746969,93
62361404000168,202602,10970512,111
62361404000168,202603,11376179,123
62361404000168,202604,11828507,122
62361404000168,202605,12271877,121
62361404000168,202606,12693826,122
62361404000168,202607,13221627,124
62361404000168,HOJE,13300671,121
62361467000114,202512,11589886,71
62361467000114,202601,12290074,92
62361467000114,202602,12727289,110
62361467000114,202603,13245378,123
62361467000114,202604,13924761,122
62361467000114,202605,14603575,121
62361467000114,202606,14832582,122
62361467000114,202607,14884242,124
62361467000114,HOJE,14883347,121
62361637000160,202512,10510188,66
62361637000160,202601,10554002,87
62361637000160,202602,10620363,105
62361637000160,202603,10666195,123
62361637000160,202604,10730391,122
62361637000160,202605,10782808,121
62361637000160,202606,10822328,122
62361637000160,202607,10866964,124
62361637000160,HOJE,10865841,122
62379427000108,202512,8400408,80
62379427000108,202601,8430789,101
62379427000108,202602,9567567,119
62379427000108,202603,11260509,123
62379427000108,202604,12891528,122
62379427000108,202605,14543580,121
62379427000108,202606,16165806,122
62379427000108,202607,17867025,124
62379427000108,HOJE,18174525,121
62380424000186,202512,12325146,80
62380424000186,202601,12370925,101
62380424000186,202602,13501532,119
62380424000186,202603,15180509,123
62380424000186,202604,16801123,122
62380424000186,202605,18437347,121
62380424000186,202606,20035179,122
62380424000186,202607,21711799,124
62380424000186,HOJE,22011772,121
62381358000169,202512,8626061,80
62381358000169,202601,8657747,101
62381358000169,202602,9804996,119
62381358000169,202603,11513750,123
62381358000169,202604,13160321,122
62381358000169,202605,14827552,121
62381358000169,202606,16463468,122
62381358000169,202607,18178917,124
62381358000169,HOJE,18488920,121
62392905000101,202512,7936494,67
62392905000101,202601,9300026,88
62392905000101,202602,10285659,106
62392905000101,202603,11590552,123
62392905000101,202604,13358063,122
62392905000101,202605,14637769,121
62392905000101,202606,15889998,122
62392905000101,202607,16879552,124
62392905000101,HOJE,16968678,121
62471228000117,202512,24901422,80
62471228000117,202601,29443462,101
62471228000117,202602,34465310,119
62471228000117,202603,46508906,123
62471228000117,202604,59861412,122
62471228000117,202605,73345790,121
62471228000117,202606,85281902,122
62471228000117,202607,94605410,124
62471228000117,HOJE,95867316,121
62489908000168,202512,17022601,72
62489908000168,202601,17696958,93
62489908000168,202602,18124765,111
62489908000168,202603,18983145,123
62489908000168,202604,19893551,122
62489908000168,202605,20275886,121
62489908000168,202606,20362573,122
62489908000168,202607,20454741,124
62489908000168,HOJE,20463917,121
62520921000132,202512,20166540,66
62520921000132,202601,20194498,87
62520921000132,202602,20320511,105
62520921000132,202603,20562916,123
62520921000132,202604,20960653,122
62520921000132,202605,21346866,121
62520921000132,202606,21660699,122
62520921000132,202607,22003271,124
62520921000132,HOJE,22046104,122
62551626000143,202512,11698536,77
62551626000143,202601,12269484,98
62551626000143,202602,12638521,116
62551626000143,202603,13548559,123
62551626000143,202604,14558020,122
62551626000143,202605,15067572,121
62551626000143,202606,15557231,122
62551626000143,202607,15910209,124
62551626000143,HOJE,15961427,122
62603317000170,202512,48917212,71
62603317000170,202601,51991286,92
62603317000170,202602,54329203,110
62603317000170,202603,60500321,123
62603317000170,202604,65740618,122
62603317000170,202605,67638113,121
62603317000170,202606,69345100,122
62603317000170,202607,70982543,124
62603317000170,HOJE,71238915,121
62644763000122,202512,20767376,74
62644763000122,202601,20840014,95
62644763000122,202602,20935228,113
62644763000122,202603,21029452,123
62644763000122,202604,21188555,122
62644763000122,202605,21214778,121
62644763000122,202606,21001149,122
62644763000122,202607,20786451,124
62644763000122,HOJE,20755274,122
62662727000191,202512,23392521,70
62662727000191,202601,24680620,91
62662727000191,202602,25479311,109
62662727000191,202603,26864233,123
62662727000191,202604,28674388,122
62662727000191,202605,29279438,121
62662727000191,202606,29325385,122
62662727000191,202607,29381021,124
62662727000191,HOJE,29382444,122
62697173000168,202512,46495883,66
62697173000168,202601,52850665,87
62697173000168,202602,56415231,105
62697173000168,202603,60598251,123
62697173000168,202604,68149280,122
62697173000168,202605,73052488,121
62697173000168,202606,73697993,122
62697173000168,202607,74211163,124
62697173000168,HOJE,74272044,122
62736500000143,202512,507631148,68
62736500000143,202601,511607270,89
62736500000143,202602,515048736,107
62736500000143,202603,520426497,123
62736500000143,202604,528323677,122
62736500000143,202605,536434941,121
62736500000143,202606,544692967,122
62736500000143,202607,553605003,124
62736500000143,HOJE,554822774,122
62751113000186,202512,50575123,65
62751113000186,202601,50881993,86
62751113000186,202602,51196798,104
62751113000186,202603,51511930,123
62751113000186,202604,51908692,122
62751113000186,202605,52270392,121
62751113000186,202606,52682695,122
62751113000186,202607,53088670,124
62751113000186,HOJE,53126325,122
62772990000133,202512,655790420,73
62772990000133,202601,622774463,94
62772990000133,202602,555791830,112
62772990000133,202603,503329765,123
62772990000133,202604,394260414,122
62772990000133,202605,271931393,121
62772990000133,202606,147518041,122
62772990000133,202607,61196552,120
62772990000133,HOJE,51410482,116
62869550000107,202512,113341977,65
62869550000107,202601,146862720,86
62869550000107,202602,173609943,104
62869550000107,202603,204323447,123
62869550000107,202604,253876994,122
62869550000107,202605,288113532,121
62869550000107,202606,304021839,122
62869550000107,202607,307048843,124
62869550000107,HOJE,307268409,121
54277476000101,202512,34523746,57
54277476000101,202601,34791767,78
54277476000101,202602,35053695,96
54277476000101,202603,35939251,118
54277476000101,202604,37162859,122
54277476000101,202605,38336062,121
54277476000101,202606,39513269,122
54277476000101,202607,40694018,124
54277476000101,HOJE,40874809,122
56973849000104,202512,54319785,42
56973849000104,202601,98366814,63
56973849000104,202602,127569355,81
56973849000104,202603,154749762,103
56973849000104,202604,172231265,122
56973849000104,202605,206363015,121
56973849000104,202606,221480926,122
56973849000104,202607,222630841,124
56973849000104,HOJE,222472449,122
58289474000185,202512,99772641,42
58289474000185,202601,99805079,63
58289474000185,202602,99797144,81
58289474000185,202603,99729165,103
58289474000185,202604,99519559,122
58289474000185,202605,99385579,121
58289474000185,202606,99508583,122
58289474000185,202607,99784889,124
58289474000185,HOJE,99788303,121
58332774000108,202512,69402323,58
58332774000108,202601,70284392,79
58332774000108,202602,70927414,97
58332774000108,202603,71509331,119
58332774000108,202604,72762523,112
58332774000108,202605,73470841,112
58332774000108,202606,74222014,112
58332774000108,202607,74927078,107
58332774000108,HOJE,75020515,105
58459098000120,202512,17653495,47
58459098000120,202601,19980053,68
58459098000120,202602,21193427,86
58459098000120,202603,22226567,108
58459098000120,202604,23385701,122
58459098000120,202605,25576746,121
58459098000120,202606,26112746,122
58459098000120,202607,26400306,124
58459098000120,HOJE,26438242,121
58542057000100,202512,29984812,57
58542057000100,202601,30132476,78
58542057000100,202602,30268272,96
58542057000100,202603,30410779,117
58542057000100,202604,30568208,121
58542057000100,202605,30738886,120
58542057000100,202606,30935603,121
58542057000100,202607,31153489,123
58542057000100,HOJE,31180624,121
58689667000123,202512,9984001978,62
58689667000123,202601,9924089527,83
58689667000123,202602,9904082826,101
58689667000123,202603,9890041736,122
58689667000123,202604,9851760884,121
58689667000123,202605,9859756742,120
58689667000123,202606,9929319917,121
58689667000123,202607,10021178375,123
58689667000123,HOJE,10032608157,121
59039877000139,202512,6479760,62
59039877000139,202601,7251717,83
59039877000139,202602,7718463,101
59039877000139,202603,8144132,123
59039877000139,202604,9243181,122
59039877000139,202605,9875295,121
59039877000139,202606,10095622,122
59039877000139,202607,10288973,124
59039877000139,HOJE,10314918,122
59091384000148,202512,3240528,64
59091384000148,202601,4118649,85
59091384000148,202602,4597482,103
59091384000148,202603,5052050,123
59091384000148,202604,5859731,122
59091384000148,202605,6481311,121
59091384000148,202606,6581209,122
59091384000148,202607,6530281,124
59091384000148,HOJE,6520350,122
59816551000170,202512,1894021996,61
59816551000170,202601,1711592842,82
59816551000170,202602,1647216744,100
59816551000170,202603,1597111510,122
59816551000170,202604,1545393163,122
59816551000170,202605,1287491013,121
59816551000170,202606,1121063688,122
59816551000170,202607,1058194901,124
59816551000170,HOJE,1047011760,122
60715404000193,202512,96312974,60
60715404000193,202601,102915943,81
60715404000193,202602,120643366,99
60715404000193,202603,135549817,121
60715404000193,202604,155507931,122
60715404000193,202605,174496723,121
60715404000193,202606,190496820,122
60715404000193,202607,205903182,124
60715404000193,HOJE,206212791,122
61472550000106,202512,53582518,60
61472550000106,202601,58641148,81
61472550000106,202602,62083325,99
61472550000106,202603,65369071,121
61472550000106,202604,70877169,122
61472550000106,202605,75741131,121
61472550000106,202606,79880765,122
61472550000106,202607,83001601,124
61472550000106,HOJE,83442556,121
61520265000105,202512,7282407,48
61520265000105,202601,8069564,69
61520265000105,202602,8498574,87
61520265000105,202603,8846547,109
61520265000105,202604,9230116,122
61520265000105,202605,9790348,121
61520265000105,202606,10172274,122
61520265000105,202607,10261121,124
61520265000105,HOJE,10267888,121
61562479000144,202512,4131249,63
61562479000144,202601,4728802,84
61562479000144,202602,5110897,102
61562479000144,202603,5705992,123
61562479000144,202604,6541875,122
61562479000144,202605,7428322,121
61562479000144,202606,7850975,122
61562479000144,202607,8317071,124
61562479000144,HOJE,8402207,122
61818719000129,202512,22072701,43
61818719000129,202601,25027196,64
61818719000129,202602,26505181,82
61818719000129,202603,27686548,104
61818719000129,202604,28769545,122
61818719000129,202605,31276609,121
61818719000129,202606,32084380,122
61818719000129,202607,32500194,124
61818719000129,HOJE,32546692,122
61866929000192,202512,13276855,63
61866929000192,202601,13319797,84
61866929000192,202602,13389551,102
61866929000192,202603,13443153,123
61866929000192,202604,13561966,122
61866929000192,202605,13626970,121
61866929000192,202606,13656034,122
61866929000192,202607,13707786,124
61866929000192,HOJE,13711526,122
61898585000101,202512,47671799,58
61898585000101,202601,55804982,79
61898585000101,202602,60183937,97
61898585000101,202603,63811656,119
61898585000101,202604,62933717,122
61898585000101,202605,60540216,121
61898585000101,202606,54667595,122
61898585000101,202607,46183966,124
61898585000101,HOJE,44853928,122
61908557000110,202512,26699806,63
61908557000110,202601,31969915,84
61908557000110,202602,35435409,102
61908557000110,202603,38503504,123
61908557000110,202604,43442558,122
61908557000110,202605,47466707,121
61908557000110,202606,51145309,122
61908557000110,202607,51950466,124
61908557000110,HOJE,51977151,121
61972391000109,202512,60839258,50
61972391000109,202601,61595888,71
61972391000109,202602,62161590,89
61972391000109,202603,62620354,111
61972391000109,202604,63493019,122
61972391000109,202605,63814690,121
61972391000109,202606,63939408,122
61972391000109,202607,64055114,124
61972391000109,HOJE,64059233,122
62003655000170,202512,26348636,61
62003655000170,202601,26506242,82
62003655000170,202602,26644754,100
62003655000170,202603,26804605,122
62003655000170,202604,27026439,122
62003655000170,202605,27217186,121
62003655000170,202606,27442674,122
62003655000170,202607,27693768,124
62003655000170,HOJE,27717628,121
62049166000150,202512,97467133,54
62049166000150,202601,134331719,75
62049166000150,202602,153420618,93
62049166000150,202603,167675614,115
62049166000150,202604,180947220,122
62049166000150,202605,197609042,121
62049166000150,202606,196702526,122
62049166000150,202607,184734018,124
62049166000150,HOJE,182827553,122
62065173000145,202512,20148762,54
62065173000145,202601,21094847,75
62065173000145,202602,21647358,93
62065173000145,202603,22107326,115
62065173000145,202604,22896698,122
62065173000145,202605,23656348,121
62065173000145,202606,24026683,122
62065173000145,202607,24165407,124
62065173000145,HOJE,24179435,121
62092022000186,202512,30462891,55
62092022000186,202601,30652625,76
62092022000186,202602,30818499,94
62092022000186,202603,31010251,116
62092022000186,202604,31263972,122
62092022000186,202605,31541586,121
62092022000186,202606,31863162,122
62092022000186,202607,32217478,124
62092022000186,HOJE,32253584,121
62233915000102,202512,90046590,50
62233915000102,202601,94452591,71
62233915000102,202602,96839540,89
62233915000102,202603,98902568,111
62233915000102,202604,102147929,122
62233915000102,202605,105246786,121
62233915000102,202606,107279710,122
62233915000102,202607,108419868,124
62233915000102,HOJE,108533649,121
62253446000185,202512,197531338,60
62253446000185,202601,197727154,81
62253446000185,202602,197757672,99
62253446000185,202603,197478743,121
62253446000185,202604,196854947,122
62253446000185,202605,195783069,121
62253446000185,202606,194930285,122
62253446000185,202607,194125156,124
62253446000185,HOJE,193962149,121
62317528000146,202512,66414403,53
62317528000146,202601,68002960,74
62317528000146,202602,68948076,92
62317528000146,202603,69785376,114
62317528000146,202604,71203040,122
62317528000146,202605,72966563,121
62317528000146,202606,74658046,122
62317528000146,202607,76312626,124
62317528000146,HOJE,76474919,121
62318156000172,202512,17363529,53
62318156000172,202601,18256817,74
62318156000172,202602,18769651,92
62318156000172,202603,19193614,114
62318156000172,202604,20164048,122
62318156000172,202605,20858670,121
62318156000172,202606,20946934,122
62318156000172,202607,21066506,124
62318156000172,HOJE,21078537,121
62319210000102,202512,18798793,62
62319210000102,202601,19265196,83
62319210000102,202602,19577887,101
62319210000102,202603,19859118,123
62319210000102,202604,20618267,122
62319210000102,202605,20858956,121
62319210000102,202606,21065297,122
62319210000102,202607,21208281,124
62319210000102,HOJE,21220903,121
62319608000130,202512,18189858,47
62319608000130,202601,18572145,68
62319608000130,202602,19424898,86
62319608000130,202603,20414072,108
62319608000130,202604,21332213,122
62319608000130,202605,22442498,121
62319608000130,202606,23328450,122
62319608000130,202607,24315292,124
62319608000130,HOJE,24463338,121
62340543000105,202512,32513342,53
62340543000105,202601,33884339,74
62340543000105,202602,34644000,92
62340543000105,202603,35272776,114
62340543000105,202604,36069770,122
62340543000105,202605,37042598,121
62340543000105,202606,37797416,122
62340543000105,202607,38098287,124
62340543000105,HOJE,38120205,121
62351636000135,202512,23889053,52
62351636000135,202601,30382620,73
62351636000135,202602,36729245,91
62351636000135,202603,46771772,113
62351636000135,202604,59683937,122
62351636000135,202605,73086370,121
62351636000135,202606,83764936,122
62351636000135,202607,92428611,124
62351636000135,HOJE,93654763,121
62361815000153,202512,44765316,55
62361815000153,202601,51586085,76
62361815000153,202602,55949509,94
62361815000153,202603,58126365,116
62361815000153,202604,61893410,122
62361815000153,202605,64601797,121
62361815000153,202606,65678567,122
62361815000153,202607,63801603,124
62361815000153,HOJE,63482502,121
62406976000116,202512,15507845,52
62406976000116,202601,20848412,73
62406976000116,202602,23612887,91
62406976000116,202603,25958076,113
62406976000116,202604,29888399,122
62406976000116,202605,35241689,121
62406976000116,202606,38731627,122
62406976000116,202607,41124636,124
62406976000116,HOJE,41496715,121
62411943000164,202512,29543781,51
62411943000164,202601,30582331,72
62411943000164,202602,31178201,90
62411943000164,202603,31676512,112
62411943000164,202604,30469389,122
62411943000164,202605,28938169,121
62411943000164,202606,27219834,122
62411943000164,202607,25131112,124
62411943000164,HOJE,24799743,122
62414689000158,202512,101769975,60
62414689000158,202601,102441061,81
62414689000158,202602,103023827,99
62414689000158,202603,103687958,121
62414689000158,202604,104621800,122
62414689000158,202605,105469590,121
62414689000158,202606,106423867,122
62414689000158,202607,107473010,124
62414689000158,HOJE,107574252,121
62473606000100,202512,14403809,46
62473606000100,202601,15112690,67
62473606000100,202602,15770460,85
62473606000100,202603,16304580,107
62473606000100,202604,16919389,122
62473606000100,202605,17909441,121
62473606000100,202606,18812300,122
62473606000100,202607,19470298,124
62473606000100,HOJE,19523204,121
62499127000154,202512,9640959,58
62499127000154,202601,9667374,79
62499127000154,202602,9714265,97
62499127000154,202603,9740656,119
62499127000154,202604,9823466,122
62499127000154,202605,9859943,121
62499127000154,202606,9864070,122
62499127000154,202607,9878743,124
62499127000154,HOJE,9875874,122
62565902000122,202512,32303492,61
62565902000122,202601,32439343,82
62565902000122,202602,32733565,100
62565902000122,202603,33320803,122
62565902000122,202604,34012679,122
62565902000122,202605,34666566,121
62565902000122,202606,35252827,122
62565902000122,202607,35908861,124
62565902000122,HOJE,36006901,122
62571141000111,202512,37770984,63
62571141000111,202601,38126794,84
62571141000111,202602,38445319,102
62571141000111,202603,38879675,123
62571141000111,202604,39379957,122
62571141000111,202605,39532488,121
62571141000111,202606,39604916,122
62571141000111,202607,39702975,124
62571141000111,HOJE,39700360,121
62673056000164,202512,38055990,64
62673056000164,202601,38406931,85
62673056000164,202602,38690285,103
62673056000164,202603,39114255,123
62673056000164,202604,39665998,122
62673056000164,202605,39984067,121
62673056000164,202606,40316269,122
62673056000164,202607,40689512,124
62673056000164,HOJE,40724820,121
62700486000128,202512,53467108,46
62700486000128,202601,58788330,67
62700486000128,202602,61473241,85
62700486000128,202603,63586139,107
62700486000128,202604,66276355,122
62700486000128,202605,71107426,121
62700486000128,202606,71521272,122
62700486000128,202607,71968905,124
62700486000128,HOJE,72005488,121
62726496000132,202512,10425879,64
62726496000132,202601,10483431,85
62726496000132,202602,10537526,103
62726496000132,202603,10583663,123
62726496000132,202604,11025033,122
62726496000132,202605,11481400,121
62726496000132,202606,11923268,122
62726496000132,202607,12457340,124
62726496000132,HOJE,12526746,121
62726818000143,202512,14650038,62
62726818000143,202601,14794320,83
62726818000143,202602,14858030,101
62726818000143,202603,14869353,123
62726818000143,202604,15040532,122
62726818000143,202605,15039688,121
62726818000143,202606,15016451,122
62726818000143,202607,14991692,124
62726818000143,HOJE,14976634,121
62727602000100,202512,8565440,61
62727602000100,202601,8690824,82
62727602000100,202602,8799623,100
62727602000100,202603,8979690,122
62727602000100,202604,9216151,122
62727602000100,202605,9461298,121
62727602000100,202606,9655278,122
62727602000100,202607,9981883,124
62727602000100,HOJE,10025497,122
62727978000107,202512,54040192,59
62727978000107,202601,54704681,80
62727978000107,202602,55339584,98
62727978000107,202603,56365751,120
62727978000107,202604,58124928,122
62727978000107,202605,59308581,121
62727978000107,202606,60316425,122
62727978000107,202607,61389693,124
62727978000107,HOJE,61549173,122
62728127000189,202512,15123290,59
62728127000189,202601,15199281,80
62728127000189,202602,15156683,98
62728127000189,202603,14933464,120
62728127000189,202604,14761915,122
62728127000189,202605,14557190,121
62728127000189,202606,14208136,122
62728127000189,202607,13035033,124
62728127000189,HOJE,12882144,122
62729351000195,202512,22435347,45
62729351000195,202601,22824601,66
62729351000195,202602,23116808,84
62729351000195,202603,23304303,106
62729351000195,202604,23465768,122
62729351000195,202605,23789878,121
62729351000195,202606,23951126,122
62729351000195,202607,24053036,124
62729351000195,HOJE,24052789,121
62729474000126,202512,17699370,44
62729474000126,202601,19669611,65
62729474000126,202602,20610418,83
62729474000126,202603,21326253,105
62729474000126,202604,22061380,122
62729474000126,202605,23567203,121
62729474000126,202606,24078643,122
62729474000126,202607,24156957,124
62729474000126,HOJE,24162130,121
62751026000129,202512,14507070,59
62751026000129,202601,15273307,80
62751026000129,202602,15749034,98
62751026000129,202603,16113288,120
62751026000129,202604,17175054,122
62751026000129,202605,17683371,121
62751026000129,202606,17805521,122
62751026000129,202607,17907241,124
62751026000129,HOJE,17912981,122
62769923000160,202512,22525595,51
62769923000160,202601,27752726,72
62769923000160,202602,30366996,90
62769923000160,202603,32516179,112
62769923000160,202604,35447791,122
62769923000160,202605,40010227,121
62769923000160,202606,41369264,122
62769923000160,202607,41813409,124
62769923000160,HOJE,41874614,122
62771190000106,202512,21226885,44
62771190000106,202601,21952608,65
62771190000106,202602,22390281,83
62771190000106,202603,22703144,105
62771190000106,202604,23004137,122
62771190000106,202605,23602596,121
62771190000106,202606,23844411,122
62771190000106,202607,23903435,124
62771190000106,HOJE,23906252,122
62781419000185,202512,15737779,56
62781419000185,202601,15809332,77
62781419000185,202602,15911735,95
62781419000185,202603,15963784,117
62781419000185,202604,16063898,122
62781419000185,202605,16151227,121
62781419000185,202606,16633155,122
62781419000185,202607,17516978,124
62781419000185,HOJE,17613399,122
62790193000189,202512,20198310,44
62790193000189,202601,20339185,65
62790193000189,202602,20458210,83
62790193000189,202603,20801646,105
62790193000189,202604,21086414,122
62790193000189,202605,21462777,121
62790193000189,202606,21838076,122
62790193000189,202607,22230869,124
62790193000189,HOJE,22289494,122
62805867000171,202512,131115073,57
62805867000171,202601,138583957,78
62805867000171,202602,141711433,96
62805867000171,202603,137993380,118
62805867000171,202604,138405346,122
62805867000171,202605,126805468,121
62805867000171,202606,111428742,122
62805867000171,202607,87008384,124
62805867000171,HOJE,83535319,122
62806621000114,202512,23835134,53
62806621000114,202601,26613132,74
62806621000114,202602,29075115,92
62806621000114,202603,32231797,114
62806621000114,202604,40072504,122
62806621000114,202605,49071703,121
62806621000114,202606,57875877,122
62806621000114,202607,66801936,124
62806621000114,HOJE,68095847,122
62808255000132,202512,22541908,61
62808255000132,202601,22424938,82
62808255000132,202602,22287633,100
62808255000132,202603,22134727,122
62808255000132,202604,21895094,122
62808255000132,202605,21605559,121
62808255000132,202606,21499829,122
62808255000132,202607,21461071,124
62808255000132,HOJE,21461832,122
62834589000180,202512,22320261,49
62834589000180,202601,24037155,70
62834589000180,202602,25794092,88
62834589000180,202603,28396670,110
62834589000180,202604,32170903,122
62834589000180,202605,38061296,121
62834589000180,202606,44101343,122
62834589000180,202607,51156245,124
62834589000180,HOJE,51995008,121
62847489000199,202512,101194868,54
62847489000199,202601,136312615,75
62847489000199,202602,168873202,93
62847489000199,202603,207543350,115
62847489000199,202604,254271469,122
62847489000199,202605,296206064,121
62847489000199,202606,319508204,122
62847489000199,202607,332715188,124
62847489000199,HOJE,334827469,121
62849361000164,202512,18825069,50
62849361000164,202601,19797168,71
62849361000164,202602,20332008,89
62849361000164,202603,20747636,111
62849361000164,202604,21661561,122
62849361000164,202605,22299216,121
62849361000164,202606,22419807,122
62849361000164,202607,22562594,124
62849361000164,HOJE,22572981,122
62849941000151,202512,16920487,48
62849941000151,202601,18956520,69
62849941000151,202602,19968733,87
62849941000151,202603,20196252,109
62849941000151,202604,20841534,122
62849941000151,202605,21032699,121
62849941000151,202606,19910486,122
62849941000151,202607,18718908,124
62849941000151,HOJE,18520722,122
62856283000125,202512,43562165,57
62856283000125,202601,44731399,78
62856283000125,202602,45881376,96
62856283000125,202603,47416616,118
62856283000125,202604,49861215,122
62856283000125,202605,51571237,121
62856283000125,202606,53040882,122
62856283000125,202607,54472014,124
62856283000125,HOJE,54656064,122
62910859000195,202512,18489709,62
62910859000195,202601,19256415,83
62910859000195,202602,19699868,101
62910859000195,202603,20102051,123
62910859000195,202604,21617991,122
62910859000195,202605,21844825,121
62910859000195,202606,22050458,122
62910859000195,202607,22269990,123
62910859000195,HOJE,22300377,121
62911331000130,202512,109389265,63
62911331000130,202601,109829475,84
62911331000130,202602,109890153,102
62911331000130,202603,108305606,123
62911331000130,202604,95774946,122
62911331000130,202605,78358570,121
62911331000130,202606,62704857,122
62911331000130,202607,46597123,124
62911331000130,HOJE,44094161,122
62935493000109,202512,195434385,49
62935493000109,202601,196614628,70
62935493000109,202602,197871988,88
62935493000109,202603,198280951,110
62935493000109,202604,199027925,122
62935493000109,202605,199746709,121
62935493000109,202606,200237317,122
62935493000109,202607,200872079,124
62935493000109,HOJE,200872620,121
62939100000135,202512,34517326,46
62939100000135,202601,38132761,67
62939100000135,202602,41064890,85
62939100000135,202603,45711433,107
62939100000135,202604,50956518,122
62939100000135,202605,58945345,121
62939100000135,202606,63964207,122
62939100000135,202607,69742104,124
62939100000135,HOJE,70913122,122
62960671000151,202512,12740776,50
62960671000151,202601,12790862,71
62960671000151,202602,12908255,89
62960671000151,202603,13203910,111
62960671000151,202604,13630748,122
62960671000151,202605,13792472,121
62960671000151,202606,13973082,122
62960671000151,202607,14241120,124
62960671000151,HOJE,14283327,122
63005076000120,202512,20748858,53
63005076000120,202601,23794188,74
63005076000120,202602,25746912,92
63005076000120,202603,27374227,114
63005076000120,202604,30119506,122
63005076000120,202605,32282224,121
63005076000120,202606,34096784,122
63005076000120,202607,35165104,124
63005076000120,HOJE,35271611,122
63022260000188,202512,10124970,50
63022260000188,202601,10139405,71
63022260000188,202602,10196848,89
63022260000188,202603,10328556,111
63022260000188,202604,10434480,122
63022260000188,202605,10564761,121
63022260000188,202606,10714575,122
63022260000188,202607,10899705,124
63022260000188,HOJE,10927258,122
63023753000132,202512,32830919,46
63023753000132,202601,33207877,67
63023753000132,202602,33512180,85
63023753000132,202603,33744491,107
63023753000132,202604,34202938,122
63023753000132,202605,34491697,121
63023753000132,202606,34730774,122
63023753000132,202607,34984010,124
63023753000132,HOJE,35003324,121
63031387000163,202512,20300965,58
63031387000163,202601,24683009,79
63031387000163,202602,28519110,97
63031387000163,202603,31352698,119
63031387000163,202604,31503735,122
63031387000163,202605,31941648,121
63031387000163,202606,32145728,122
63031387000163,202607,29555919,124
63031387000163,HOJE,28928754,122
63032258000190,202512,74919083,50
63032258000190,202601,77232527,71
63032258000190,202602,78375447,89
63032258000190,202603,79393061,111
63032258000190,202604,81136211,122
63032258000190,202605,82345844,121
63032258000190,202606,82612453,122
63032258000190,202607,82503047,124
63032258000190,HOJE,82493281,122
63048098000177,202512,38484641,45
63048098000177,202601,38691036,66
63048098000177,202602,38896401,84
63048098000177,202603,39126362,106
63048098000177,202604,39353017,122
63048098000177,202605,39708344,121
63048098000177,202606,40098593,122
63048098000177,202607,40536035,124
63048098000177,HOJE,40581560,121
63051354000185,202512,86748622,57
63051354000185,202601,88069651,78
63051354000185,202602,89105935,96
63051354000185,202603,89632960,118
63051354000185,202604,91497661,122
63051354000185,202605,91723631,121
63051354000185,202606,91914474,122
63051354000185,202607,92109216,124
63051354000185,HOJE,92089718,121
63051648000107,202512,300268569,46
63051648000107,202601,315121196,67
63051648000107,202602,323475619,85
63051648000107,202603,328814656,107
63051648000107,202604,343338362,122
63051648000107,202605,348272011,121
63051648000107,202606,349387659,122
63051648000107,202607,350741914,124
63051648000107,HOJE,350732922,121
63053090000107,202512,415337875,50
63053090000107,202601,514115992,71
63053090000107,202602,587754247,89
63053090000107,202603,649247167,111
63053090000107,202604,716149651,122
63053090000107,202605,791823567,121
63053090000107,202606,815026673,122
63053090000107,202607,790189492,124
63053090000107,HOJE,786640070,121
63064415000149,202512,94589137,57
63064415000149,202601,102288568,78
63064415000149,202602,107610020,96
63064415000149,202603,111133431,118
63064415000149,202604,106140679,122
63064415000149,202605,96133770,121
63064415000149,202606,82775900,122
63064415000149,202607,67245851,124
63064415000149,HOJE,64682472,122
63079026000197,202512,20019872,53
63079026000197,202601,22342189,74
63079026000197,202602,24295768,92
63079026000197,202603,26270696,114
63079026000197,202604,29800749,122
63079026000197,202605,32543338,121
63079026000197,202606,34260865,122
63079026000197,202607,35848205,124
63079026000197,HOJE,36039560,122
63079371000120,202512,11270185,50
63079371000120,202601,11681846,71
63079371000120,202602,11971139,89
63079371000120,202603,12578338,111
63079371000120,202604,13175409,122
63079371000120,202605,13883853,121
63079371000120,202606,14078380,122
63079371000120,202607,13944975,124
63079371000120,HOJE,13961367,122
63112599000175,202512,81977669,52
63112599000175,202601,87821575,73
63112599000175,202602,95406211,91
63112599000175,202603,99029387,113
63112599000175,202604,104432960,122
63112599000175,202605,106080100,121
63112599000175,202606,103904672,122
63112599000175,202607,101315425,124
63112599000175,HOJE,100316730,122
63125524000129,202512,368492320,56
63125524000129,202601,371249894,77
63125524000129,202602,373725710,95
63125524000129,202603,376349105,117
63125524000129,202604,371917663,122
63125524000129,202605,359035721,121
63125524000129,202606,345529540,122
63125524000129,202607,331422823,124
63125524000129,HOJE,329256698,122
63138982000100,202512,26838020,49
63138982000100,202601,27118495,70
63138982000100,202602,27373896,88
63138982000100,202603,27555145,110
63138982000100,202604,27939397,122
63138982000100,202605,28097448,121
63138982000100,202606,28216057,122
63138982000100,202607,28354694,124
63138982000100,HOJE,28359599,121
63284019000127,202512,97590752,45
63284019000127,202601,99236928,66
63284019000127,202602,100398763,84
63284019000127,202603,101216257,106
63284019000127,202604,106172785,122
63284019000127,202605,110344576,121
63284019000127,202606,114156777,122
63284019000127,202607,118196748,124
63284019000127,HOJE,118786870,122
63286762000116,202512,12612152,46
63286762000116,202601,13141541,67
63286762000116,202602,13449247,85
63286762000116,202603,13629696,107
63286762000116,202604,14164763,122
63286762000116,202605,14310710,121
63286762000116,202606,14337441,122
63286762000116,202607,14364950,124
63286762000116,HOJE,14361859,121
63319624000196,202512,5067685,42
63319624000196,202601,5097902,63
63319624000196,202602,5367893,81
63319624000196,202603,6541360,103
63319624000196,202604,8341192,122
63319624000196,202605,10333437,121
63319624000196,202606,12258718,122
63319624000196,202607,14140377,124
63319624000196,HOJE,14428408,122
63338774000147,202512,30339245,44
63338774000147,202601,30531615,65
63338774000147,202602,30700001,83
63338774000147,202603,30865683,105
63338774000147,202604,30969394,122
63338774000147,202605,31178585,121
63338774000147,202606,31437573,122
63338774000147,202607,31711363,124
63338774000147,HOJE,31742087,122
63351459000150,202512,25809254,43
63351459000150,202601,26113550,64
63351459000150,202602,26363122,82
63351459000150,202603,26382010,104
63351459000150,202604,26456642,122
63351459000150,202605,26463062,121
63351459000150,202606,25138810,121
63351459000150,202607,22145774,112
63351459000150,HOJE,21953272,108
52840769000111,202512,157106255,38
52840769000111,202601,167922530,59
52840769000111,202602,173125798,77
52840769000111,202603,177305917,99
52840769000111,202604,179868548,119
52840769000111,202605,190291057,121
52840769000111,202606,192931274,122
52840769000111,202607,195611786,124
52840769000111,HOJE,195892362,121
55267271000108,202512,33683024,33
55267271000108,202601,36043387,54
55267271000108,202602,37079454,72
55267271000108,202603,37864019,94
55267271000108,202604,38370148,114
55267271000108,202605,39949953,121
55267271000108,202606,40290155,122
55267271000108,202607,40481199,123
55267271000108,HOJE,40497200,120
58252364000149,202512,18844675,23
58252364000149,202601,18979633,44
58252364000149,202602,19106892,62
58252364000149,202603,19215742,84
58252364000149,202604,19254435,92
58252364000149,202605,19346689,107
58252364000149,202606,19499705,108
58252364000149,202607,19657855,106
58252364000149,HOJE,19676738,104
60312851000100,202512,1044105,23
60312851000100,202601,4805138,44
60312851000100,202602,10766732,62
60312851000100,202603,43553877,84
60312851000100,202604,186278704,104
60312851000100,202605,342859884,121
60312851000100,202606,535041558,122
60312851000100,202607,736052893,124
60312851000100,HOJE,763067932,121
60532320000114,202512,5490011,24
60532320000114,202601,5521962,45
60532320000114,202602,5559788,63
60532320000114,202603,5585385,85
60532320000114,202604,5607042,105
60532320000114,202605,6132599,121
60532320000114,202606,7905814,122
60532320000114,202607,9809702,124
60532320000114,HOJE,10049723,122
60868496000141,202512,99999496,28
60868496000141,202601,108702307,49
60868496000141,202602,112164193,67
60868496000141,202603,111312707,89
60868496000141,202604,107734541,109
60868496000141,202605,106015399,121
60868496000141,202606,104058742,122
60868496000141,202607,99175426,124
60868496000141,HOJE,98357630,122
61817952000197,202512,28445847,35
61817952000197,202601,29082473,56
61817952000197,202602,29459549,74
61817952000197,202603,29750347,96
61817952000197,202604,30002556,116
61817952000197,202605,30667532,121
61817952000197,202606,30849600,122
61817952000197,202607,31085388,124
61817952000197,HOJE,31114637,122
62145244000110,202512,18255251,40
62145244000110,202601,22125817,61
62145244000110,202602,23925193,79
62145244000110,202603,25286276,101
62145244000110,202604,26178033,121
62145244000110,202605,29063725,121
62145244000110,202606,30238278,122
62145244000110,202607,30458425,124
62145244000110,HOJE,30482639,121
62159099000126,202512,15689158,39
62159099000126,202601,15713422,60
62159099000126,202602,15789401,78
62159099000126,202603,15863196,100
62159099000126,202604,15950952,120
62159099000126,202605,16063417,121
62159099000126,202606,16157664,122
62159099000126,202607,16277284,124
62159099000126,HOJE,16290258,121
62234191000103,202512,18464796,25
62234191000103,202601,19210767,46
62234191000103,202602,20138252,64
62234191000103,202603,21091864,86
62234191000103,202604,21778539,106
62234191000103,202605,22481743,121
62234191000103,202606,23870649,122
62234191000103,202607,25198263,124
62234191000103,HOJE,25337860,121
62234941000147,202512,20218140,41
62234941000147,202601,20339523,62
62234941000147,202602,20447436,80
62234941000147,202603,20569977,102
62234941000147,202604,20665083,122
62234941000147,202605,20868470,121
62234941000147,202606,21095652,122
62234941000147,202607,21347648,124
62234941000147,HOJE,21374066,121
62250286000110,202512,23410692,37
62250286000110,202601,26220794,58
62250286000110,202602,30984693,76
62250286000110,202603,36801261,98
62250286000110,202604,40925091,118
62250286000110,202605,47579570,121
62250286000110,202606,53450550,122
62250286000110,202607,60190511,124
62250286000110,HOJE,60951863,122
62333997000159,202512,3958021,35
62333997000159,202601,6193463,56
62333997000159,202602,7460776,74
62333997000159,202603,9603380,96
62333997000159,202604,12266074,116
62333997000159,202605,15916492,121
62333997000159,202606,19339332,122
62333997000159,202607,22257415,123
62333997000159,HOJE,22678357,120
62409302000175,202512,50325860,25
62409302000175,202601,50621250,46
62409302000175,202602,50886128,64
62409302000175,202603,51191264,86
62409302000175,202604,51428722,106
62409302000175,202605,51720264,121
62409302000175,202606,52289947,122
62409302000175,202607,52922469,124
62409302000175,HOJE,52989843,121
62428355000133,202512,75551713,41
62428355000133,202601,76549964,62
62428355000133,202602,77299661,80
62428355000133,202603,77871052,102
62428355000133,202604,78318926,122
62428355000133,202605,79525668,121
62428355000133,202606,80062325,122
62428355000133,202607,80608688,124
62428355000133,HOJE,80650376,121
62468143000180,202512,19563566,27
62468143000180,202601,21010900,48
62468143000180,202602,21629475,66
62468143000180,202603,22069344,88
62468143000180,202604,22387310,108
62468143000180,202605,22884363,121
62468143000180,202606,23440085,122
62468143000180,202607,23606620,124
62468143000180,HOJE,23624833,121
62571624000116,202512,2390939,33
62571624000116,202601,4954509,54
62571624000116,202602,7271874,72
62571624000116,202603,10358185,94
62571624000116,202604,12798942,114
62571624000116,202605,15825118,121
62571624000116,202606,19539707,122
62571624000116,202607,23113419,124
62571624000116,HOJE,23580566,121
62572931000111,202512,80422072,26
62572931000111,202601,80810747,47
62572931000111,202602,81253015,65
62572931000111,202603,81533855,87
62572931000111,202604,81850429,107
62572931000111,202605,82093113,121
62572931000111,202606,82414287,122
62572931000111,202607,82756016,124
62572931000111,HOJE,82796192,122
62588992000177,202512,70807571,23
62588992000177,202601,71255293,44
62588992000177,202602,71630911,62
62588992000177,202603,71992764,84
62588992000177,202604,72192880,104
62588992000177,202605,72420438,121
62588992000177,202606,73099505,122
62588992000177,202607,73828326,124
62588992000177,HOJE,73912776,122
62624330000105,202512,26734191,32
62624330000105,202601,26890039,53
62624330000105,202602,27029556,71
62624330000105,202603,27190815,93
62624330000105,202604,27316503,113
62624330000105,202605,27520528,121
62624330000105,202606,27864001,122
62624330000105,202607,28273303,124
62624330000105,HOJE,28315157,121
62625430000156,202512,28545365,32
62625430000156,202601,33334082,53
62625430000156,202602,35481537,71
62625430000156,202603,37024574,93
62625430000156,202604,38057380,113
62625430000156,202605,41116752,121
62625430000156,202606,42189285,122
62625430000156,202607,42645609,124
62625430000156,HOJE,42688529,121
62670474000106,202512,6653561,29
62670474000106,202601,13175483,50
62670474000106,202602,20550367,68
62670474000106,202603,29955812,90
62670474000106,202604,38129184,110
62670474000106,202605,49180217,121
62670474000106,202606,64617360,122
62670474000106,202607,82525655,124
62670474000106,HOJE,84601525,121
62672889000100,202512,18542143,40
62672889000100,202601,20552749,61
62672889000100,202602,21513083,79
62672889000100,202603,22297085,101
62672889000100,202604,22799764,121
62672889000100,202605,24185539,121
62672889000100,202606,25141600,122
62672889000100,202607,25448462,124
62672889000100,HOJE,25484113,121
62781472000186,202512,16429026,25
62781472000186,202601,16740577,46
62781472000186,202602,16924372,64
62781472000186,202603,17027333,86
62781472000186,202604,17276931,106
62781472000186,202605,17600102,121
62781472000186,202606,17779943,122
62781472000186,202607,17972065,124
62781472000186,HOJE,17997081,122
62805928000109,202512,74996976,34
62805928000109,202601,75193636,55
62805928000109,202602,75602176,73
62805928000109,202603,75850902,95
62805928000109,202604,76170945,115
62805928000109,202605,76524241,121
62805928000109,202606,76620689,122
62805928000109,202607,76822161,124
62805928000109,HOJE,76840415,122
62806106000134,202512,67664185,34
62806106000134,202601,67937806,55
62806106000134,202602,68347847,73
62806106000134,202603,68619046,95
62806106000134,202604,68913933,115
62806106000134,202605,69325721,121
62806106000134,202606,69438324,122
62806106000134,202607,69656346,124
62806106000134,HOJE,69679591,122
62849964000166,202512,9998325,27
62849964000166,202601,9990757,48
62849964000166,202602,10037684,66
62849964000166,202603,10071242,88
62849964000166,202604,10112495,108
62849964000166,202605,10134451,121
62849964000166,202606,10157157,122
62849964000166,202607,10197294,124
62849964000166,HOJE,10202244,122
62852342000197,202512,13984603,38
62852342000197,202601,15023305,59
62852342000197,202602,15526041,77
62852342000197,202603,16519737,99
62852342000197,202604,17845962,119
62852342000197,202605,19963353,121
62852342000197,202606,21175666,122
62852342000197,202607,22479309,124
62852342000197,HOJE,22688177,122
62852498000178,202512,24513944,33
62852498000178,202601,29319092,54
62852498000178,202602,31416749,72
62852498000178,202603,32912988,94
62852498000178,202604,33869872,114
62852498000178,202605,36606812,121
62852498000178,202606,37959148,122
62852498000178,202607,38539909,124
62852498000178,HOJE,38602499,122
62899553000185,202512,7868823,38
62899553000185,202601,8507099,59
62899553000185,202602,8931004,77
62899553000185,202603,9248213,99
62899553000185,202604,9483503,119
62899553000185,202605,10188827,121
62899553000185,202606,10405409,122
62899553000185,202607,10610746,124
62899553000185,HOJE,10624529,121
62920933000154,202512,4372312,36
62920933000154,202601,5123842,57
62920933000154,202602,6001600,75
62920933000154,202603,7971429,97
62920933000154,202604,9127955,117
62920933000154,202605,10854284,121
62920933000154,202606,12463419,122
62920933000154,202607,13977632,124
62920933000154,HOJE,14244156,122
62970471000180,202512,27499280,37
62970471000180,202601,27845750,58
62970471000180,202602,28089843,76
62970471000180,202603,28317860,98
62970471000180,202604,28500753,118
62970471000180,202605,28922261,121
62970471000180,202606,29165440,122
62970471000180,202607,29446527,124
62970471000180,HOJE,29476303,121
62986314000162,202512,15035567,24
62986314000162,202601,15033368,45
62986314000162,202602,15109220,63
62986314000162,202603,15157767,85
62986314000162,202604,15226126,105
62986314000162,202605,15263290,121
62986314000162,202606,15306412,122
62986314000162,202607,15374668,124
62986314000162,HOJE,15382991,122
62986829000162,202512,66201424,37
62986829000162,202601,68412263,58
62986829000162,202602,69562424,76
62986829000162,202603,70386559,98
62986829000162,202604,70881929,118
62986829000162,202605,72788577,121
62986829000162,202606,73316099,122
62986829000162,202607,73888174,124
62986829000162,HOJE,73952992,122
63023377000186,202512,18967120,27
63023377000186,202601,19445694,48
63023377000186,202602,19711156,66
63023377000186,202603,20821636,88
63023377000186,202604,21778885,108
63023377000186,202605,22803114,121
63023377000186,202606,23772544,122
63023377000186,202607,24818895,124
63023377000186,HOJE,24979528,121
63110995000163,202512,150383091,23
63110995000163,202601,151062460,44
63110995000163,202602,151880550,62
63110995000163,202603,152689708,84
63110995000163,202604,153593427,104
63110995000163,202605,154488381,121
63110995000163,202606,155875829,122
63110995000163,202607,157446148,124
63110995000163,HOJE,157656854,122
63124967000103,202512,600014379,38
63124967000103,202601,911650665,59
63124967000103,202602,1145427910,77
63124967000103,202603,1434191097,99
63124967000103,202604,1691409832,119
63124967000103,202605,2173689860,121
63124967000103,202606,2601835576,122
63124967000103,202607,2983375478,124
63124967000103,HOJE,3038933223,122
63140516000151,202512,22295004,38
63140516000151,202601,25267594,59
63140516000151,202602,26656795,77
63140516000151,202603,27643396,99
63140516000151,202604,28262464,119
63140516000151,202605,30775920,121
63140516000151,202606,31071128,122
63140516000151,202607,31188620,124
63140516000151,HOJE,31191489,121
63159694000124,202512,12330231,30
63159694000124,202601,13459188,51
63159694000124,202602,14157576,69
63159694000124,202603,14615602,91
63159694000124,202604,14940778,111
63159694000124,202605,15559440,121
63159694000124,202606,15925578,122
63159694000124,202607,16059432,124
63159694000124,HOJE,16059059,122
63159704000121,202512,17129060,36
63159704000121,202601,18987911,57
63159704000121,202602,19820322,75
63159704000121,202603,20416576,97
63159704000121,202604,20789289,117
63159704000121,202605,22208282,121
63159704000121,202606,22494902,122
63159704000121,202607,23005932,124
63159704000121,HOJE,23062035,122
63174305000130,202512,21448062,25
63174305000130,202601,22539346,46
63174305000130,202602,24060467,64
63174305000130,202603,25083985,86
63174305000130,202604,25759754,106
63174305000130,202605,26419409,121
63174305000130,202606,27572664,122
63174305000130,202607,28413730,124
63174305000130,HOJE,28438775,121
63174394000114,202512,11967835,25
63174394000114,202601,12441933,46
63174394000114,202602,13059058,64
63174394000114,202603,13699981,86
63174394000114,202604,14113416,106
63174394000114,202605,14495154,121
63174394000114,202606,15122854,122
63174394000114,202607,15627044,124
63174394000114,HOJE,15669455,121
63189410000142,202512,10378493,23
63189410000142,202601,10436677,44
63189410000142,202602,10923824,62
63189410000142,202603,11598830,84
63189410000142,202604,12236168,104
63189410000142,202605,12855463,121
63189410000142,202606,13756244,122
63189410000142,202607,14705112,124
63189410000142,HOJE,14849092,121
63189574000170,202512,14563730,31
63189574000170,202601,14625632,52
63189574000170,202602,14752368,70
63189574000170,202603,14806958,92
63189574000170,202604,15130291,112
63189574000170,202605,15448144,121
63189574000170,202606,15811619,122
63189574000170,202607,16195694,124
63189574000170,HOJE,16239095,121
63189681000106,202512,7332891,29
63189681000106,202601,10733069,50
63189681000106,202602,12030359,68
63189681000106,202603,12886678,90
63189681000106,202604,13387320,110
63189681000106,202605,14210280,121
63189681000106,202606,15569407,122
63189681000106,202607,15605483,124
63189681000106,HOJE,15605700,121
63211828000109,202512,17213008,39
63211828000109,202601,18267891,60
63211828000109,202602,18784873,78
63211828000109,202603,19092993,100
63211828000109,202604,19265892,120
63211828000109,202605,20178084,121
63211828000109,202606,20157954,122
63211828000109,202607,20143034,124
63211828000109,HOJE,20131950,121
63230112000159,202512,32662223,39
63230112000159,202601,32850905,60
63230112000159,202602,33023715,78
63230112000159,202603,33154549,100
63230112000159,202604,33248905,120
63230112000159,202605,33435128,121
63230112000159,202606,33582862,122
63230112000159,202607,33733276,124
63230112000159,HOJE,33745925,121
63278825000192,202512,19653188,38
63278825000192,202601,20529074,59
63278825000192,202602,21342659,77
63278825000192,202603,21178302,99
63278825000192,202604,20899649,119
63278825000192,202605,21602075,121
63278825000192,202606,21994331,122
63278825000192,202607,22509618,124
63278825000192,HOJE,22493734,122
63359113000106,202512,73707355,33
63359113000106,202601,77551222,54
63359113000106,202602,82610736,72
63359113000106,202603,87998414,94
63359113000106,202604,91217137,114
63359113000106,202605,96052400,121
63359113000106,202606,100931498,122
63359113000106,202607,104175104,124
63359113000106,HOJE,104559891,122
63359425000101,202512,1467066285,23
63359425000101,202601,1465788886,44
63359425000101,202602,1464159791,62
63359425000101,202603,1461828038,84
63359425000101,202604,1457103377,104
63359425000101,202605,1451921062,121
63359425000101,202606,1445530204,122
63359425000101,202607,1440638006,124
63359425000101,HOJE,1440000957,122
63380552000192,202512,40315207,32
63380552000192,202601,40567936,53
63380552000192,202602,40780164,71
63380552000192,202603,40984737,93
63380552000192,202604,41078224,113
63380552000192,202605,41265355,121
63380552000192,202606,41634136,122
63380552000192,202607,42025817,124
63380552000192,HOJE,42059930,121
63383901000120,202512,12990364,35
63383901000120,202601,13198513,56
63383901000120,202602,13321973,74
63383901000120,202603,13420911,96
63383901000120,202604,13469055,116
63383901000120,202605,13629657,121
63383901000120,202606,13719473,122
63383901000120,202607,13808334,124
63383901000120,HOJE,13817253,122
63385783000199,202512,30458297,30
63385783000199,202601,41203153,51
63385783000199,202602,45492619,69
63385783000199,202603,48579616,91
63385783000199,202604,50253160,111
63385783000199,202605,53651416,121
63385783000199,202606,56364609,122
63385783000199,202607,55383903,124
63385783000199,HOJE,55260149,122
63404930000120,202512,5157506,23
63404930000120,202601,5838954,44
63404930000120,202602,7868053,62
63404930000120,202603,12389854,84
63404930000120,202604,16868324,104
63404930000120,202605,21310172,121
63404930000120,202606,27970251,122
63404930000120,202607,35501149,124
63404930000120,HOJE,36698879,122
63405106000195,202512,118012929,36
63405106000195,202601,130727241,57
63405106000195,202602,136421616,75
63405106000195,202603,140725559,97
63405106000195,202604,143668742,117
63405106000195,202605,155146235,121
63405106000195,202606,156743787,122
63405106000195,202607,158499847,124
63405106000195,HOJE,158690784,121
63405574000160,202512,7002462,28
63405574000160,202601,8357869,49
63405574000160,202602,8873342,67
63405574000160,202603,9235048,89
63405574000160,202604,9437152,109
63405574000160,202605,9884205,121
63405574000160,202606,10344927,122
63405574000160,202607,10441409,124
63405574000160,HOJE,10452938,122
63406682000157,202512,24675198,38
63406682000157,202601,24748087,59
63406682000157,202602,29093291,77
63406682000157,202603,33758059,99
63406682000157,202604,37904628,119
63406682000157,202605,45713447,121
63406682000157,202606,53789052,122
63406682000157,202607,62280243,124
63406682000157,HOJE,63683614,122
63437368000131,202512,1067457160,31
63437368000131,202601,1272497064,52
63437368000131,202602,1350569958,70
63437368000131,202603,1404661208,92
63437368000131,202604,1426011335,112
63437368000131,202605,1496826751,121
63437368000131,202606,1499927115,122
63437368000131,202607,1438317888,124
63437368000131,HOJE,1430105987,122
63441123000188,202512,27764526,38
63441123000188,202601,32274928,59
63441123000188,202602,34426706,77
63441123000188,202603,36516646,99
63441123000188,202604,38328217,119
63441123000188,202605,43227945,121
63441123000188,202606,45742040,122
63441123000188,202607,47651861,124
63441123000188,HOJE,47939138,122
63442435000106,202512,19811899,29
63442435000106,202601,38607935,50
63442435000106,202602,54517963,68
63442435000106,202603,73587982,90
63442435000106,202604,86241406,110
63442435000106,202605,101602334,121
63442435000106,202606,119741824,122
63442435000106,202607,130904799,124
63442435000106,HOJE,132388842,122
63445061000182,202512,125694775,36
63445061000182,202601,135901402,57
63445061000182,202602,140520738,75
63445061000182,202603,144227477,97
63445061000182,202604,146679017,117
63445061000182,202605,156042865,121
63445061000182,202606,157886891,122
63445061000182,202607,159874223,124
63445061000182,HOJE,160098681,121
63463242000131,202512,30216009,30
63463242000131,202601,34794626,51
63463242000131,202602,37090689,69
63463242000131,202603,38740378,91
63463242000131,202604,39684705,111
63463242000131,202605,41226852,121
63463242000131,202606,43654816,122
63463242000131,202607,44384896,124
63463242000131,HOJE,44437123,122
63464504000182,202512,40456417,35
63464504000182,202601,40666691,56
63464504000182,202602,40901059,74
63464504000182,202603,41071838,96
63464504000182,202604,41209345,116
63464504000182,202605,41401458,121
63464504000182,202606,41564651,122
63464504000182,202607,41735084,124
63464504000182,HOJE,41752099,122
63513518000149,202512,29506731,24
63513518000149,202601,40570745,45
63513518000149,202602,44393025,63
63513518000149,202603,46912414,85
63513518000149,202604,48284277,105
63513518000149,202605,50287735,121
63513518000149,202606,54141181,122
63513518000149,202607,54609699,124
63513518000149,HOJE,54660192,122
63611704000110,202512,101911336,32
63611704000110,202601,122442755,53
63611704000110,202602,134639358,71
63611704000110,202603,146725145,93
63611704000110,202604,154342278,113
63611704000110,202605,167367632,121
63611704000110,202606,174687774,122
63611704000110,202607,176265963,124
63611704000110,HOJE,176557070,121
63637997000105,202512,6035861,23
63637997000105,202601,174239871,44
63637997000105,202602,505529308,62
63637997000105,202603,749527130,84
63637997000105,202604,888860013,104
63637997000105,202605,1057422323,121
63637997000105,202606,1393627345,122
63637997000105,202607,1687257740,124
63637997000105,HOJE,1710739776,121
63706652000166,202512,174962295,26
63706652000166,202601,246883881,47
63706652000166,202602,270948999,65
63706652000166,202603,285838439,87
63706652000166,202604,292784151,107
63706652000166,202605,308095228,121
63706652000166,202606,327016423,122
63706652000166,202607,324321175,124
63706652000166,HOJE,323887541,122
63829969000190,202512,10063544,23
63829969000190,202601,10124729,44
63829969000190,202602,10177061,62
63829969000190,202603,10245765,84
63829969000190,202604,10307317,104
63829969000190,202605,10376641,121
63829969000190,202606,11395819,122
63829969000190,202607,29996855,124
63829969000190,HOJE,33188755,122
52272566000176,202512,11934944,2
52272566000176,202601,21483952,23
52272566000176,202602,27713066,41
52272566000176,202603,33791622,63
52272566000176,202604,37558050,83
52272566000176,202605,40265555,103
52272566000176,202606,42834147,122
52272566000176,202607,48339842,121
52272566000176,HOJE,49089662,118
55217827000143,202512,22055423,20
55217827000143,202601,22196146,41
55217827000143,202602,22354714,59
55217827000143,202603,22466114,81
55217827000143,202604,22518635,101
55217827000143,202605,22544045,121
55217827000143,202606,22656174,122
55217827000143,202607,22786583,124
55217827000143,HOJE,22797521,122
61597359000182,202512,9229245,16
61597359000182,202601,10267424,37
61597359000182,202602,11279620,55
61597359000182,202603,11942693,77
61597359000182,202604,12474036,97
61597359000182,202605,12905076,117
61597359000182,202606,13753293,122
61597359000182,202607,14474190,124
61597359000182,HOJE,14525514,122
61817868000173,202512,27744449,17
61817868000173,202601,28187325,38
61817868000173,202602,28406004,56
61817868000173,202603,31190256,78
61817868000173,202604,34951754,98
61817868000173,202605,37538176,118
61817868000173,202606,41231467,122
61817868000173,202607,45342256,124
61817868000173,HOJE,45997328,122
62240763000167,202512,79290251,6
62240763000167,202601,84341619,27
62240763000167,202602,85304919,45
62240763000167,202603,86074898,67
62240763000167,202604,86688723,87
62240763000167,202605,87267158,107
62240763000167,202606,88264916,122
62240763000167,202607,89334567,124
62240763000167,HOJE,89456507,121
62270059000157,202512,74216740,15
62270059000157,202601,78859286,36
62270059000157,202602,80368303,54
62270059000157,202603,81445236,76
62270059000157,202604,82177440,96
62270059000157,202605,82707191,116
62270059000157,202606,84314637,122
62270059000157,202607,85163469,124
62270059000157,HOJE,85254893,121
62318422000167,202512,13646333,13
62318422000167,202601,13990420,34
62318422000167,202602,14110947,52
62318422000167,202603,14197564,74
62318422000167,202604,14247805,94
62318422000167,202605,14290607,114
62318422000167,202606,14425937,122
62318422000167,202607,14545148,124
62318422000167,HOJE,14555904,121
62324905000174,202512,19990568,14
62324905000174,202601,20009090,35
62324905000174,202602,20133984,53
62324905000174,202603,20235657,75
62324905000174,202604,20360544,95
62324905000174,202605,20436303,115
62324905000174,202606,20533518,122
62324905000174,202607,20684292,124
62324905000174,HOJE,20701003,121
62360992000115,202512,680806977,18
62360992000115,202601,1238595954,39
62360992000115,202602,1426987594,57
62360992000115,202603,1656850810,79
62360992000115,202604,1762736513,99
62360992000115,202605,1824865668,119
62360992000115,202606,2040480177,122
62360992000115,202607,2100856744,124
62360992000115,HOJE,2112307523,121
62363645000146,202512,244444079,14
62363645000146,202601,252380392,35
62363645000146,202602,255210938,53
62363645000146,202603,257576230,75
62363645000146,202604,259113128,95
62363645000146,202605,293742037,115
62363645000146,202606,330627027,122
62363645000146,202607,370951503,124
62363645000146,HOJE,375567139,121
62407174000120,202512,67850463,18
62407174000120,202601,68601712,39
62407174000120,202602,69160730,57
62407174000120,202603,69874907,79
62407174000120,202604,70493179,99
62407174000120,202605,71089238,119
62407174000120,202606,71710628,122
62407174000120,202607,68273965,124
62407174000120,HOJE,68079988,121
62408982000102,202512,14453057,18
62408982000102,202601,15087030,39
62408982000102,202602,16943024,57
62408982000102,202603,18504942,79
62408982000102,202604,19361681,99
62408982000102,202605,19958422,119
62408982000102,202606,21330241,122
62408982000102,202607,22700150,124
62408982000102,HOJE,22895933,121
62409522000107,202512,6213264,19
62409522000107,202601,7421989,40
62409522000107,202602,8618570,58
62409522000107,202603,10252318,80
62409522000107,202604,11196950,100
62409522000107,202605,11854851,120
62409522000107,202606,13340727,122
62409522000107,202607,14575294,124
62409522000107,HOJE,14735205,121
62423102000177,202512,23300509,15
62423102000177,202601,25260094,36
62423102000177,202602,25916853,54
62423102000177,202603,26301461,76
62423102000177,202604,26520194,96
62423102000177,202605,26658539,116
62423102000177,202606,27190259,122
62423102000177,202607,27355076,124
62423102000177,HOJE,27364575,121
62461101000117,202512,13449744,11
62461101000117,202601,18260599,32
62461101000117,202602,19292230,50
62461101000117,202603,19880685,72
62461101000117,202604,20256286,92
62461101000117,202605,20487262,112
62461101000117,202606,21276736,122
62461101000117,202607,21415077,124
62461101000117,HOJE,21433879,122
62467472000106,202512,79653077,19
62467472000106,202601,82112105,40
62467472000106,202602,87486400,58
62467472000106,202603,98828691,80
62467472000106,202604,105298567,100
62467472000106,202605,109597831,120
62467472000106,202606,117823185,122
62467472000106,202607,126028205,124
62467472000106,HOJE,127322983,121
62467970000159,202512,18295309,19
62467970000159,202601,18524030,40
62467970000159,202602,18672813,58
62467970000159,202603,18807798,80
62467970000159,202604,18918355,100
62467970000159,202605,19002039,120
62467970000159,202606,19211692,122
62467970000159,202607,19402027,124
62467970000159,HOJE,19422553,121
62473925000107,202512,15325679,18
62473925000107,202601,15690183,39
62473925000107,202602,16586191,57
62473925000107,202603,17646389,79
62473925000107,202604,18276076,99
62473925000107,202605,18689880,119
62473925000107,202606,19517568,122
62473925000107,202607,20350547,124
62473925000107,HOJE,20492881,121
62623910000188,202512,15048673,21
62623910000188,202601,15122784,42
62623910000188,202602,15204089,60
62623910000188,202603,15292550,82
62623910000188,202604,15363865,102
62623910000188,202605,15433108,121
62623910000188,202606,15589001,122
62623910000188,202607,15764983,124
62623910000188,HOJE,15783687,121
62672551000159,202512,8680242,17
62672551000159,202601,11879620,38
62672551000159,202602,12812842,56
62672551000159,202603,13459853,78
62672551000159,202604,13828892,98
62672551000159,202605,14078401,118
62672551000159,202606,15052326,122
62672551000159,202607,15225460,124
62672551000159,HOJE,15266102,121
62831874000148,202512,30130760,18
62831874000148,202601,30311704,39
62831874000148,202602,30473106,57
62831874000148,202603,30620849,79
62831874000148,202604,30717562,99
62831874000148,202605,30798868,119
62831874000148,202606,31060170,122
62831874000148,202607,31356641,124
62831874000148,HOJE,31392762,122
62876658000119,202512,123785920,22
62876658000119,202601,132411965,43
62876658000119,202602,139001446,61
62876658000119,202603,143111623,83
62876658000119,202604,144869885,103
62876658000119,202605,144243628,121
62876658000119,202606,145498022,122
62876658000119,202607,141998743,124
62876658000119,HOJE,141291398,122
62983270000117,202512,10007933,20
62983270000117,202601,10010648,41
62983270000117,202602,10065641,59
62983270000117,202603,10103021,81
62983270000117,202604,10156764,101
62983270000117,202605,10179440,121
62983270000117,202606,10209660,122
62983270000117,202607,10253274,124
62983270000117,HOJE,10259007,122
63005030000100,202512,3619929,15
63005030000100,202601,7449186,36
63005030000100,202602,8504523,54
63005030000100,202603,9103479,76
63005030000100,202604,9457068,96
63005030000100,202605,9665140,116
63005030000100,202606,10532113,122
63005030000100,202607,10573863,124
63005030000100,HOJE,10569822,122
63023396000102,202512,20803197,21
63023396000102,202601,20812495,42
63023396000102,202602,20927661,60
63023396000102,202603,21029299,82
63023396000102,202604,21154865,102
63023396000102,202605,21236748,121
63023396000102,202606,21362345,122
63023396000102,202607,21523344,124
63023396000102,HOJE,21625952,121
63023574000103,202512,21067174,18
63023574000103,202601,21539294,39
63023574000103,202602,23869363,57
63023574000103,202603,25929195,79
63023574000103,202604,28333905,99
63023574000103,202605,30474015,119
63023574000103,202606,35184490,122
63023574000103,202607,41021125,124
63023574000103,HOJE,41697643,121
63024507000103,202512,17461359,16
63024507000103,202601,19293670,37
63024507000103,202602,19858932,55
63024507000103,202603,20228475,77
63024507000103,202604,20485459,97
63024507000103,202605,20656913,117
63024507000103,202606,21217134,122
63024507000103,202607,21392507,124
63024507000103,HOJE,21412050,121
63025366000135,202512,16223345,21
63025366000135,202601,21510741,42
63025366000135,202602,29003472,60
63025366000135,202603,36543222,82
63025366000135,202604,42450844,102
63025366000135,202605,46663942,121
63025366000135,202606,56064119,122
63025366000135,202607,65661221,124
63025366000135,HOJE,66663339,121
63025606000100,202512,28086202,22
63025606000100,202601,28788233,43
63025606000100,202602,29188077,61
63025606000100,202603,29426543,83
63025606000100,202604,29617164,103
63025606000100,202605,29946071,121
63025606000100,202606,30123565,122
63025606000100,202607,30313076,124
63025606000100,HOJE,30325121,121
63159716000156,202512,20324774,10
63159716000156,202601,20449526,31
63159716000156,202602,20553230,49
63159716000156,202603,20655025,71
63159716000156,202604,20715779,91
63159716000156,202605,20737362,111
63159716000156,202606,20610395,122
63159716000156,202607,20459917,124
63159716000156,HOJE,20442456,122
63174249000133,202512,9999443,18
63174249000133,202601,20290117,39
63174249000133,202602,23512005,57
63174249000133,202603,25491193,79
63174249000133,202604,26665813,99
63174249000133,202605,27457401,119
63174249000133,202606,30651406,122
63174249000133,202607,31052746,124
63174249000133,HOJE,31082409,121
63190006000199,202512,11411860,16
63190006000199,202601,11467436,37
63190006000199,202602,11551998,55
63190006000199,202603,11563463,77
63190006000199,202604,11580312,97
63190006000199,202605,11581438,117
63190006000199,202606,11594817,122
63190006000199,202607,11616166,124
63190006000199,HOJE,11614171,122
63190103000181,202512,9595968,7
63190103000181,202601,9668780,28
63190103000181,202602,9719642,46
63190103000181,202603,9779266,68
63190103000181,202604,9942027,88
63190103000181,202605,10028318,108
63190103000181,202606,10103845,122
63190103000181,202607,10235414,124
63190103000181,HOJE,10250347,122
63190269000106,202512,16766224,9
63190269000106,202601,17637725,30
63190269000106,202602,18581486,48
63190269000106,202603,19155496,70
63190269000106,202604,19440363,90
63190269000106,202605,19610970,110
63190269000106,202606,19952956,122
63190269000106,202607,20218380,124
63190269000106,HOJE,20257584,121
63285255000168,202512,8656176,18
63285255000168,202601,9040937,39
63285255000168,202602,9432203,57
63285255000168,202603,9683943,79
63285255000168,202604,9831010,99
63285255000168,202605,9989012,119
63285255000168,202606,10368457,122
63285255000168,202607,10531489,124
63285255000168,HOJE,10536524,122
63285329000166,202512,130348,17
63285329000166,202601,994774,38
63285329000166,202602,3097580,56
63285329000166,202603,5810977,78
63285329000166,202604,7398918,98
63285329000166,202605,8442512,118
63285329000166,202606,10490122,122
63285329000166,202607,12581498,124
63285329000166,HOJE,12879043,121
63358655000156,202512,8393327,11
63358655000156,202601,8389441,32
63358655000156,202602,8434497,50
63358655000156,202603,8454955,72
63358655000156,202604,8481334,92
63358655000156,202605,8997645,112
63358655000156,202606,9938476,122
63358655000156,202607,11231686,124
63358655000156,HOJE,11450550,122
63386988000199,202512,5262296,20
63386988000199,202601,5965123,41
63386988000199,202602,43967775,59
63386988000199,202603,175099980,81
63386988000199,202604,256098771,101
63386988000199,202605,316485222,121
63386988000199,202606,415019302,122
63386988000199,202607,519267419,124
63386988000199,HOJE,537302882,122
63405360000193,202512,21011001,3
63405360000193,202601,21127634,24
63405360000193,202602,21222693,42
63405360000193,202603,21330574,64
63405360000193,202604,21406819,84
63405360000193,202605,21480155,104
63405360000193,202606,21619867,122
63405360000193,202607,21861412,124
63405360000193,HOJE,21892783,122
63405863000169,202512,10079699,6
63405863000169,202601,10161642,27
63405863000169,202602,10212221,45
63405863000169,202603,10264083,67
63405863000169,202604,10739614,87
63405863000169,202605,11491572,107
63405863000169,202606,12108960,122
63405863000169,202607,12901498,124
63405863000169,HOJE,13017875,122
63406337000113,202512,1006029,7
63406337000113,202601,1567676,28
63406337000113,202602,2075201,46
63406337000113,202603,4737926,68
63406337000113,202604,11260949,88
63406337000113,202605,21688948,108
63406337000113,202606,41458147,122
63406337000113,202607,81407752,124
63406337000113,HOJE,85689785,121
63460253000168,202512,20650460,15
63460253000168,202601,24023676,36
63460253000168,202602,27176194,54
63460253000168,202603,31348345,76
63460253000168,202604,36202237,96
63460253000168,202605,41754373,116
63460253000168,202606,50126343,122
63460253000168,202607,61595294,124
63460253000168,HOJE,63311874,122
63566142000130,202512,657016886,16
63566142000130,202601,951603905,37
63566142000130,202602,1045014653,55
63566142000130,202603,1123180468,77
63566142000130,202604,1163433271,97
63566142000130,202605,1177427920,117
63566142000130,202606,1229956950,122
63566142000130,202607,1194829180,124
63566142000130,HOJE,1191984544,121
63572496000198,202512,12316820,21
63572496000198,202601,14204813,42
63572496000198,202602,15179012,60
63572496000198,202603,16150566,82
63572496000198,202604,16950609,102
63572496000198,202605,18658723,121
63572496000198,202606,21957768,122
63572496000198,202607,25529464,124
63572496000198,HOJE,26018069,122
63610895000104,202512,10393092,9
63610895000104,202601,10562789,30
63610895000104,202602,10647700,48
63610895000104,202603,13603663,70
63610895000104,202604,15444378,90
63610895000104,202605,16626072,110
63610895000104,202606,17972679,122
63610895000104,202607,19966767,124
63610895000104,HOJE,20290642,121
63704841000108,202512,68873344,17
63704841000108,202601,69483118,38
63704841000108,202602,70019783,56
63704841000108,202603,70063862,78
63704841000108,202604,70164946,98
63704841000108,202605,70225112,118
63704841000108,202606,70449891,122
63704841000108,202607,70755678,124
63704841000108,HOJE,70766345,121
63729525000182,202512,77037361,15
63729525000182,202601,99841588,36
63729525000182,202602,107820913,54
63729525000182,202603,112865945,76
63729525000182,202604,115653809,96
63729525000182,202605,117751050,116
63729525000182,202606,124475100,121
63729525000182,202607,126511794,118
63729525000182,HOJE,126653504,115
63740800000169,202512,65050969,4
63740800000169,202601,65579798,25
63740800000169,202602,66670477,43
63740800000169,202603,67423285,65
63740800000169,202604,67915152,85
63740800000169,202605,68295166,105
63740800000169,202606,68902150,122
63740800000169,202607,70033958,124
63740800000169,HOJE,70143361,122
63741446000197,202512,11855361,7
63741446000197,202601,14489816,28
63741446000197,202602,15567937,46
63741446000197,202603,16105986,68
63741446000197,202604,16450144,88
63741446000197,202605,16627144,108
63741446000197,202606,16949482,122
63741446000197,202607,17228938,124
63741446000197,HOJE,17227695,122
63760296000169,202512,567838143,19
63760296000169,202601,651230067,40
63760296000169,202602,690353079,58
63760296000169,202603,727452253,80
63760296000169,202604,749257933,100
63760296000169,202605,763300345,120
63760296000169,202606,805654371,122
63760296000169,202607,825518979,124
63760296000169,HOJE,827370732,121
63780238000105,202512,11722014,18
63780238000105,202601,16627111,39
63780238000105,202602,19583589,57
63780238000105,202603,21653876,79
63780238000105,202604,22757960,99
63780238000105,202605,23486910,119
63780238000105,202606,25902621,122
63780238000105,202607,27101112,124
63780238000105,HOJE,27165739,122
63784778000159,202512,22739495,12
63784778000159,202601,26122924,33
63784778000159,202602,27525515,51
63784778000159,202603,29368561,73
63784778000159,202604,30814603,93
63784778000159,202605,31914784,113
63784778000159,202606,33757592,122
63784778000159,202607,35287105,124
63784778000159,HOJE,35512745,122
63788524000109,202512,10560413,9
63788524000109,202601,16571468,30
63788524000109,202602,18467787,48
63788524000109,202603,19493696,70
63788524000109,202604,20085110,90
63788524000109,202605,20269013,110
63788524000109,202606,20564753,122
63788524000109,202607,20316629,124
63788524000109,HOJE,20246697,122
63789552000140,202512,51199468,18
63789552000140,202601,62880203,39
63789552000140,202602,69024852,57
63789552000140,202603,80351094,79
63789552000140,202604,91735797,99
63789552000140,202605,101695138,119
63789552000140,202606,119391239,122
63789552000140,202607,136908095,124
63789552000140,HOJE,139122083,121
63806809000125,202512,70489105,14
63806809000125,202601,92298105,35
63806809000125,202602,114184000,53
63806809000125,202603,138280164,75
63806809000125,202604,156457092,95
63806809000125,202605,169243936,115
63806809000125,202606,170918441,122
63806809000125,202607,166423487,124
63806809000125,HOJE,166021118,122
63826355000154,202512,4278705,11
63826355000154,202601,44509559,32
63826355000154,202602,54722281,50
63826355000154,202603,59813917,72
63826355000154,202604,61466339,92
63826355000154,202605,64275494,112
63826355000154,202606,72195231,122
63826355000154,202607,72738805,124
63826355000154,HOJE,72722677,121
63848566000198,202512,50026601,3
63848566000198,202601,108894603,24
63848566000198,202602,127575778,42
63848566000198,202603,136100457,64
63848566000198,202604,140446537,84
63848566000198,202605,142973338,104
63848566000198,202606,146874167,122
63848566000198,202607,153086537,124
63848566000198,HOJE,153149308,122
63858779000109,202512,2009627,3
63858779000109,202601,9757562,24
63858779000109,202602,17740119,42
63858779000109,202603,25287248,64
63858779000109,202604,29578147,84
63858779000109,202605,32480566,104
63858779000109,202606,35189764,122
63858779000109,202607,40676749,124
63858779000109,HOJE,41376660,122
63882570000172,202512,33647124,13
63882570000172,202601,34493069,34
63882570000172,202602,36007323,52
63882570000172,202603,36992454,74
63882570000172,202604,37563275,94
63882570000172,202605,37982360,114
63882570000172,202606,38870445,122
63882570000172,202607,39945337,124
63882570000172,HOJE,39999512,121
63898109000108,202512,17885288,14
63898109000108,202601,21414321,35
63898109000108,202602,23903649,53
63898109000108,202603,25680667,75
63898109000108,202604,26365043,95
63898109000108,202605,26800006,115
63898109000108,202606,28173559,122
63898109000108,202607,29096628,124
63898109000108,HOJE,29249113,122
63900490000100,202512,10040994,7
63900490000100,202601,12760706,28
63900490000100,202602,15068538,46
63900490000100,202603,16712997,68
63900490000100,202604,17602729,88
63900490000100,202605,18174814,108
63900490000100,202606,19039173,122
63900490000100,202607,20258882,124
63900490000100,HOJE,20430340,121
63901833000143,202512,9987372,14
63901833000143,202601,10014663,35
63901833000143,202602,10068911,53
63901833000143,202603,12378809,75
63901833000143,202604,14126577,95
63901833000143,202605,15274151,115
63901833000143,202606,16778952,122
63901833000143,202607,18653024,124
63901833000143,HOJE,18953603,121
63912056000132,202512,39496446,13
63912056000132,202601,48341299,34
63912056000132,202602,54314806,52
63912056000132,202603,65438700,74
63912056000132,202604,74615873,94
63912056000132,202605,80960169,114
63912056000132,202606,91363385,122
63912056000132,202607,102978145,124
63912056000132,HOJE,104566041,122
63917614000152,202512,51040142,4
63917614000152,202601,52482919,25
63917614000152,202602,54446798,43
63917614000152,202603,58904462,65
63917614000152,202604,72341417,85
63917614000152,202605,78189141,105
63917614000152,202606,83355677,122
63917614000152,202607,92254291,124
63917614000152,HOJE,93668475,122
63924803000152,202512,9211115,7
63924803000152,202601,13069168,28
63924803000152,202602,16826398,46
63924803000152,202603,22305842,68
63924803000152,202604,26318273,88
63924803000152,202605,29019134,108
63924803000152,202606,32045857,122
63924803000152,202607,36220425,124
63924803000152,HOJE,36776053,121
63939280000118,202512,69230066,15
63939280000118,202601,73404586,36
63939280000118,202602,74542864,54
63939280000118,202603,75023195,76
63939280000118,202604,75360173,96
63939280000118,202605,75567729,116
63939280000118,202606,74241145,122
63939280000118,202607,71105655,124
63939280000118,HOJE,70716325,122
63953464000132,202512,130286872,9
63953464000132,202601,170899484,30
63953464000132,202602,183295085,48
63953464000132,202603,190446762,70
63953464000132,202604,194272451,90
63953464000132,202605,197066663,110
63953464000132,202606,204709616,122
63953464000132,202607,209439479,124
63953464000132,HOJE,209627911,121
64008119000193,202512,113707896,4
64008119000193,202601,115208898,25
64008119000193,202602,115999025,43
64008119000193,202603,116883569,65
64008119000193,202604,116627819,85
64008119000193,202605,116059709,105
64008119000193,202606,115174392,122
64008119000193,202607,114102871,124
64008119000193,HOJE,113963644,122
64025077000107,202512,11290756,8
64025077000107,202601,39629441,29
64025077000107,202602,72502407,47
64025077000107,202603,87900121,69
64025077000107,202604,97234913,89
64025077000107,202605,103751472,109
64025077000107,202606,117465554,122
64025077000107,202607,137283048,124
64025077000107,HOJE,137911507,121
64106556000140,202512,180979178,6
64106556000140,202601,376340268,27
64106556000140,202602,404715134,45
64106556000140,202603,417515207,67
64106556000140,202604,421157811,87
64106556000140,202605,423667733,107
64106556000140,202606,438275060,122
64106556000140,202607,439769106,124
64106556000140,HOJE,439477966,122
62136382000132,202601,20103909,6
62136382000132,202602,20225138,24
62136382000132,202603,20328177,46
62136382000132,202604,20455984,66
62136382000132,202605,20540202,86
62136382000132,202606,20609332,107
62136382000132,202607,20724485,124
62136382000132,HOJE,20747041,121
62172231000130,202601,14557891,18
62172231000130,202602,15595016,36
62172231000130,202603,16047352,58
62172231000130,202604,16289602,78
62172231000130,202605,16457827,98
62172231000130,202606,16599543,119
62172231000130,202607,17018224,124
62172231000130,HOJE,17033036,121
62235923000180,202601,20385422,20
62235923000180,202602,20517897,38
62235923000180,202603,20751829,60
62235923000180,202604,20954356,80
62235923000180,202605,21118577,100
62235923000180,202606,21286173,121
62235923000180,202607,21631404,124
62235923000180,HOJE,21661514,121
62408523000129,202601,20016885,20
62408523000129,202602,20148601,38
62408523000129,202603,20272139,60
62408523000129,202604,20389215,80
62408523000129,202605,20476968,100
62408523000129,202606,20561950,121
62408523000129,202607,20765176,124
62408523000129,HOJE,20788713,121
62408759000165,202601,17845648,14
62408759000165,202602,18054159,32
62408759000165,202603,18195480,54
62408759000165,202604,18295068,74
62408759000165,202605,18390967,94
62408759000165,202606,18504133,115
62408759000165,202607,18717036,124
62408759000165,HOJE,18741205,121
62467068000132,202601,20092784,13
62467068000132,202602,20284333,31
62467068000132,202603,20391861,53
62467068000132,202604,20642138,73
62467068000132,202605,20920433,93
62467068000132,202606,21080467,114
62467068000132,202607,21347733,124
62467068000132,HOJE,21388300,121
62491272000199,202601,6701621,2
62491272000199,202602,9938531,20
62491272000199,202603,10089441,42
62491272000199,202604,10154627,62
62491272000199,202605,10163142,82
62491272000199,202606,10155834,103
62491272000199,202607,10222203,124
62491272000199,HOJE,10219682,121
62789682000110,202601,38195544,13
62789682000110,202602,41746776,31
62789682000110,202603,42929762,53
62789682000110,202604,43521984,73
62789682000110,202605,43819041,93
62789682000110,202606,43966975,114
62789682000110,202607,44751002,124
62789682000110,HOJE,44816962,122
62876542000180,202601,10094545,1
62876542000180,202602,10874192,19
62876542000180,202603,10956665,41
62876542000180,202604,11012389,61
62876542000180,202605,11058282,81
62876542000180,202606,11126607,102
62876542000180,202607,11207027,124
62876542000180,HOJE,11223967,122
62967494000135,202601,41329127,20
62967494000135,202602,41588765,38
62967494000135,202603,41849601,60
62967494000135,202604,42054797,80
62967494000135,202605,42265097,100
62967494000135,202606,42518942,121
62967494000135,202607,43039632,124
62967494000135,HOJE,43095494,121
62991350000114,202601,7018407,10
62991350000114,202602,12369511,28
62991350000114,202603,15853828,50
62991350000114,202604,17204268,70
62991350000114,202605,17963942,90
62991350000114,202606,18454479,111
62991350000114,202607,19803120,124
62991350000114,HOJE,20157546,122
63022242000104,202601,14578059,17
63022242000104,202602,14650201,35
63022242000104,202603,14729328,57
63022242000104,202604,14790440,77
63022242000104,202605,14845694,97
63022242000104,202606,14925260,118
63022242000104,202607,15074458,124
63022242000104,HOJE,15096031,122
63052049000108,202601,12046739,15
63052049000108,202602,12105490,33
63052049000108,202603,12155705,55
63052049000108,202604,12204827,75
63052049000108,202605,12233140,95
63052049000108,202606,12255330,116
63052049000108,202607,12322760,124
63052049000108,HOJE,12333559,122
63073919000125,202601,20000000,1
63073919000125,202602,20081713,19
63073919000125,202603,20207313,41
63073919000125,202604,20304333,61
63073919000125,202605,20425677,81
63073919000125,202606,20557985,102
63073919000125,202607,20707876,124
63073919000125,HOJE,20737458,121
63105295000180,202601,30106777,14
63105295000180,202602,30254657,32
63105295000180,202603,30422263,54
63105295000180,202604,30548250,74
63105295000180,202605,30706351,94
63105295000180,202606,30887392,115
63105295000180,202607,31197941,124
63105295000180,HOJE,31246515,122
63105532000103,202601,9635542,3
63105532000103,202602,18697600,21
63105532000103,202603,21990849,43
63105532000103,202604,23249463,63
63105532000103,202605,23934313,83
63105532000103,202606,24327936,104
63105532000103,202607,25008494,124
63105532000103,HOJE,25271146,122
63139150000109,202601,24076054,9
63139150000109,202602,24256217,27
63139150000109,202603,24314538,49
63139150000109,202604,24507750,69
63139150000109,202605,24567867,89
63139150000109,202606,24520965,110
63139150000109,202607,24549149,124
63139150000109,HOJE,24561191,122
63190767000140,202601,18414284,10
63190767000140,202602,18535228,28
63190767000140,202603,18464931,50
63190767000140,202604,18440327,70
63190767000140,202605,18393402,90
63190767000140,202606,18338953,111
63190767000140,202607,18323788,124
63190767000140,HOJE,18313449,121
63248651000115,202601,37711306,3
63248651000115,202602,37807010,21
63248651000115,202603,37783871,43
63248651000115,202604,38690955,63
63248651000115,202605,39116154,83
63248651000115,202606,39364463,104
63248651000115,202607,39675742,124
63248651000115,HOJE,39762225,122
63377319000150,202601,67956732,10
63377319000150,202602,109881022,28
63377319000150,202603,157788987,50
63377319000150,202604,204199716,70
63377319000150,202605,242946311,90
63377319000150,202606,278378222,111
63377319000150,202607,331410224,124
63377319000150,HOJE,339824646,121
63383872000104,202601,20527576,18
63383872000104,202602,20623498,36
63383872000104,202603,20724471,58
63383872000104,202604,20788401,78
63383872000104,202605,20849243,98
63383872000104,202606,20966228,119
63383872000104,202607,21179634,124
63383872000104,HOJE,21208619,122
63548472000101,202601,7544050,8
63548472000101,202602,29835581,26
63548472000101,202603,43724662,48
63548472000101,202604,48928935,68
63548472000101,202605,51654265,88
63548472000101,202606,53250366,109
63548472000101,202607,57497135,124
63548472000101,HOJE,59184229,122
63556163000175,202601,6407942,4
63556163000175,202602,6842086,22
63556163000175,202603,8381386,44
63556163000175,202604,11284649,64
63556163000175,202605,14718163,84
63556163000175,202606,18347901,105
63556163000175,202607,23347248,124
63556163000175,HOJE,24138678,121
63608767000118,202601,30000000,1
63608767000118,202602,290342343,19
63608767000118,202603,502171900,41
63608767000118,202604,575239171,61
63608767000118,202605,615485164,81
63608767000118,202606,642918218,102
63608767000118,202607,669261506,124
63608767000118,HOJE,689064092,121
63727062000110,202601,13370216,12
63727062000110,202602,18345045,30
63727062000110,202603,20130750,52
63727062000110,202604,20762145,72
63727062000110,202605,21124160,92
63727062000110,202606,21442045,113
63727062000110,202607,22537161,124
63727062000110,HOJE,22623503,121
63743483000134,202601,12920730,19
63743483000134,202602,15020112,37
63743483000134,202603,16139919,59
63743483000134,202604,16854009,79
63743483000134,202605,17258953,99
63743483000134,202606,17560176,120
63743483000134,202607,18569308,124
63743483000134,HOJE,18660573,122
63859087000177,202601,6572760,16
63859087000177,202602,10256831,34
63859087000177,202603,16290887,56
63859087000177,202604,21474970,76
63859087000177,202605,25725045,96
63859087000177,202606,29128932,117
63859087000177,202607,35757501,124
63859087000177,HOJE,36959308,122
63867916000163,202601,10774456,12
63867916000163,202602,17107600,30
63867916000163,202603,20946214,52
63867916000163,202604,22436809,72
63867916000163,202605,23264815,92
63867916000163,202606,23796305,113
63867916000163,202607,25696102,124
63867916000163,HOJE,26088331,122
63875387000140,202601,33460573,9
63875387000140,202602,65028970,27
63875387000140,202603,112333003,49
63875387000140,202604,134381801,69
63875387000140,202605,145127150,89
63875387000140,202606,147819779,110
63875387000140,202607,157355653,124
63875387000140,HOJE,161221698,121
63893287000146,202601,13020546,7
63893287000146,202602,13082031,25
63893287000146,202603,13152623,47
63893287000146,202604,15210064,67
63893287000146,202605,23049762,87
63893287000146,202606,28100029,108
63893287000146,202607,32950911,124
63893287000146,HOJE,33880540,122
63900709000163,202601,24978560,21
63900709000163,202602,25142671,39
63900709000163,202603,25250255,61
63900709000163,202604,25444764,81
63900709000163,202605,25578764,101
63900709000163,202606,25641935,122
63900709000163,202607,25861804,124
63900709000163,HOJE,25888885,121
63918203000181,202601,166090153,4
63918203000181,202602,172182042,22
63918203000181,202603,172958037,44
63918203000181,202604,172363836,64
63918203000181,202605,170799332,84
63918203000181,202606,168948880,105
63918203000181,202607,167912055,124
63918203000181,HOJE,167715642,122
63920768000101,202601,30000000,1
63920768000101,202602,101291291,19
63920768000101,202603,603492994,41
63920768000101,202604,869799912,61
63920768000101,202605,991580584,81
63920768000101,202606,1029654200,102
63920768000101,202607,1059354343,124
63920768000101,HOJE,1093612528,121
63933503000130,202601,235128831,3
63933503000130,202602,250450540,21
63933503000130,202603,261939010,43
63933503000130,202604,266140070,63
63933503000130,202605,267249107,83
63933503000130,202606,268623428,104
63933503000130,202607,271089906,124
63933503000130,HOJE,272369239,121
63942021000146,202601,305972895,16
63942021000146,202602,569316598,34
63942021000146,202603,677346292,56
63942021000146,202604,704557832,76
63942021000146,202605,711399647,96
63942021000146,202606,765654771,117
63942021000146,202607,887910384,124
63942021000146,HOJE,896970521,121
63988597000144,202601,322320535,11
63988597000144,202602,323126172,29
63988597000144,202603,321778255,51
63988597000144,202604,320255772,71
63988597000144,202605,317494389,91
63988597000144,202606,313496337,112
63988597000144,202607,307842753,124
63988597000144,HOJE,306884017,122
64003281000119,202601,21553922,21
64003281000119,202602,35086041,39
64003281000119,202603,44035410,61
64003281000119,202604,49289390,81
64003281000119,202605,54168417,101
64003281000119,202606,60457477,122
64003281000119,202607,73599518,124
64003281000119,HOJE,74878396,122
64059160000199,202601,19051039,11
64059160000199,202602,19137828,29
64059160000199,202603,19234012,51
64059160000199,202604,19300478,71
64059160000199,202605,19364512,91
64059160000199,202606,19476196,112
64059160000199,202607,19646109,124
64059160000199,HOJE,19673944,122
64071100000191,202601,50675859,15
64071100000191,202602,50942403,33
64071100000191,202603,51280155,55
64071100000191,202604,51587341,75
64071100000191,202605,51912002,95
64071100000191,202606,52265791,116
64071100000191,202607,52883705,124
64071100000191,HOJE,52975782,122
64073126000179,202601,6736316,21
64073126000179,202602,6767139,39
64073126000179,202603,6813618,61
64073126000179,202604,6851684,81
64073126000179,202605,6877499,101
64073126000179,202606,6897519,122
64073126000179,202607,6953718,124
64073126000179,HOJE,6961706,122
64089192000137,202601,88015184,16
64089192000137,202602,95099936,34
64089192000137,202603,97992153,56
64089192000137,202604,99413003,76
64089192000137,202605,100470634,96
64089192000137,202606,101456695,117
64089192000137,202607,104272438,124
64089192000137,HOJE,104440550,122
64091639000102,202601,22057932,11
64091639000102,202602,22166907,29
64091639000102,202603,22244223,51
64091639000102,202604,22320720,71
64091639000102,202605,22371104,91
64091639000102,202606,22419221,112
64091639000102,202607,22524594,124
64091639000102,HOJE,22543922,122
64138938000155,202601,23796276,20
64138938000155,202602,26412043,38
64138938000155,202603,27589750,60
64138938000155,202604,28166256,80
64138938000155,202605,28578190,100
64138938000155,202606,28917773,121
64138938000155,202607,30108273,124
64138938000155,HOJE,30145689,121
64142774000130,202601,5550086,16
64142774000130,202602,6633578,34
64142774000130,202603,7162841,56
64142774000130,202604,7517900,76
64142774000130,202605,7854493,96
64142774000130,202606,8094062,117
64142774000130,202607,8642661,124
64142774000130,HOJE,8722462,122
64185185000139,202601,30232301,17
64185185000139,202602,34704161,35
64185185000139,202603,38326968,57
64185185000139,202604,40887485,77
64185185000139,202605,43044437,97
64185185000139,202606,44927574,118
64185185000139,202607,48894706,124
64185185000139,HOJE,49409348,122
64192422000199,202601,737643803,17
64192422000199,202602,985094352,35
64192422000199,202603,1078525960,57
64192422000199,202604,1115551296,77
64192422000199,202605,1138455519,97
64192422000199,202606,1159897230,118
64192422000199,202607,1242227101,124
64192422000199,HOJE,1243639417,121
64203998000104,202601,70922769,15
64203998000104,202602,71317462,33
64203998000104,202603,70089676,55
64203998000104,202604,69754591,75
64203998000104,202605,69572924,95
64203998000104,202606,69487718,116
64203998000104,202607,69360277,124
64203998000104,HOJE,69307724,122
64310078000195,202601,10007990,11
64310078000195,202602,16071851,29
64310078000195,202603,32261527,51
64310078000195,202604,40492667,71
64310078000195,202605,43537489,91
64310078000195,202606,49440499,112
64310078000195,202607,57433365,124
64310078000195,HOJE,59137992,121
64429184000192,202601,9762174,5
64429184000192,202602,12607523,23
64429184000192,202603,14758259,45
64429184000192,202604,16904608,65
64429184000192,202605,19455941,85
64429184000192,202606,22285423,106
64429184000192,202607,25881785,124
64429184000192,HOJE,26542207,122
64502555000114,202601,6220590,6
64502555000114,202602,22003320,24
64502555000114,202603,32427723,46
64502555000114,202604,36075335,66
64502555000114,202605,38038859,86
64502555000114,202606,39257886,107
64502555000114,202607,41863790,124
64502555000114,HOJE,43067833,121
64511682000180,202601,15011790,3
64511682000180,202602,15867687,21
64511682000180,202603,19061275,43
64511682000180,202604,21468718,63
64511682000180,202605,23383353,83
64511682000180,202606,25799442,104
64511682000180,202607,28578144,124
64511682000180,HOJE,29123508,121
42736995000101,202602,1122016591,5
42736995000101,202603,1100853834,27
42736995000101,202604,1090506428,47
42736995000101,202605,1083568337,67
42736995000101,202606,1077572802,86
42736995000101,202607,1074169100,101
42736995000101,HOJE,1073770939,103
52986103000176,202602,6782064,16
52986103000176,202603,6888463,38
52986103000176,202604,6989345,58
52986103000176,202605,7062183,78
52986103000176,202606,7166859,99
52986103000176,202607,7280238,122
52986103000176,HOJE,7298760,122
57733994000172,202602,30190777,9
57733994000172,202603,30189785,31
57733994000172,202604,30443963,51
57733994000172,202605,30559034,71
57733994000172,202606,30572487,92
57733994000172,202607,30632185,115
57733994000172,HOJE,30635994,116
61809225000188,202602,154999998,1
61809225000188,202603,156282551,23
61809225000188,202604,159026742,43
61809225000188,202605,160136721,63
61809225000188,202606,160888634,84
61809225000188,202607,161778519,107
61809225000188,HOJE,161858302,109
62233496000109,202602,37834962,12
62233496000109,202603,37894416,34
62233496000109,202604,38198264,54
62233496000109,202605,38339027,74
62233496000109,202606,38601937,95
62233496000109,202607,39106458,118
62233496000109,HOJE,39126295,119
62234770000156,202602,35704911,5
62234770000156,202603,42770540,27
62234770000156,202604,43592161,47
62234770000156,202605,43851045,67
62234770000156,202606,43926772,88
62234770000156,202607,43753945,111
62234770000156,HOJE,43719705,112
62625643000188,202602,20109544,15
62625643000188,202603,20179486,37
62625643000188,202604,20297469,57
62625643000188,202605,20381444,77
62625643000188,202606,20447228,98
62625643000188,202607,20543572,121
62625643000188,HOJE,20552892,121
62963313000100,202602,3909223,17
62963313000100,202603,10328231,39
62963313000100,202604,12075015,59
62963313000100,202605,12920532,79
62963313000100,202606,13432853,100
62963313000100,202607,13824044,123
62963313000100,HOJE,14165025,122
62970039000199,202602,16723792,16
62970039000199,202603,20913339,38
62970039000199,202604,23306536,58
62970039000199,202605,24491525,78
62970039000199,202606,25235197,99
62970039000199,202607,25815899,122
62970039000199,HOJE,26063943,121
63532720000118,202602,21730974,12
63532720000118,202603,22601895,34
63532720000118,202604,24824932,54
63532720000118,202605,26101062,74
63532720000118,202606,27351416,95
63532720000118,202607,28281561,118
63532720000118,HOJE,28349148,120
63727006000185,202602,2103671,9
63727006000185,202603,4218209,31
63727006000185,202604,6028578,51
63727006000185,202605,8269636,71
63727006000185,202606,10263896,92
63727006000185,202607,11889842,115
63727006000185,HOJE,12008954,117
63740555000190,202602,25096049,15
63740555000190,202603,26572371,37
63740555000190,202604,28017521,57
63740555000190,202605,28721522,77
63740555000190,202606,29589271,98
63740555000190,202607,30515487,121
63740555000190,HOJE,30629820,122
63880974000127,202602,12477996,14
63880974000127,202603,13557227,36
63880974000127,202604,15071828,56
63880974000127,202605,16142211,76
63880974000127,202606,16848074,97
63880974000127,202607,17378675,120
63880974000127,HOJE,17397817,121
63950469000101,202602,282466850,16
63950469000101,202603,270048158,38
63950469000101,202604,263341692,58
63950469000101,202605,253916144,78
63950469000101,202606,249365935,99
63950469000101,202607,233811217,122
63950469000101,HOJE,231782184,122
64094799000105,202602,60255794,17
64094799000105,202603,60600944,39
64094799000105,202604,60866028,59
64094799000105,202605,61089668,79
64094799000105,202606,61420513,100
64094799000105,202607,61592150,123
64094799000105,HOJE,61628409,122
64102991000104,202602,18382153,13
64102991000104,202603,19404818,35
64102991000104,202604,19745730,55
64102991000104,202605,19909276,75
64102991000104,202606,19978388,96
64102991000104,202607,20060115,119
64102991000104,HOJE,20064010,120
64113390000199,202602,87926438,18
64113390000199,202603,87899144,40
64113390000199,202604,88148041,60
64113390000199,202605,88259001,80
64113390000199,202606,88335737,101
64113390000199,202607,88563619,124
64113390000199,HOJE,88622563,122
64366238000118,202602,46433181,14
64366238000118,202603,49006891,36
64366238000118,202604,49790085,56
64366238000118,202605,50314477,76
64366238000118,202606,54411275,97
64366238000118,202607,60812825,120
64366238000118,HOJE,61198373,121
64507265000163,202602,34173298,17
64507265000163,202603,34267475,39
64507265000163,202604,34441121,59
64507265000163,202605,34550039,79
64507265000163,202606,34615113,100
64507265000163,202607,34706345,123
64507265000163,HOJE,34727872,121
64582055000130,202602,21504337,5
64582055000130,202603,23360494,27
64582055000130,202604,25657620,47
64582055000130,202605,27355345,67
64582055000130,202606,28552711,88
64582055000130,202607,29750087,111
64582055000130,HOJE,29879392,113
64597707000100,202602,65771751,9
64597707000100,202603,65966713,31
64597707000100,202604,69359158,51
64597707000100,202605,70784326,71
64597707000100,202606,71563145,92
64597707000100,202607,72226213,115
64597707000100,HOJE,72279887,117
64626717000126,202602,11600000,1
64626717000126,202603,11974358,23
64626717000126,202604,13964641,43
64626717000126,202605,15455265,63
64626717000126,202606,16812621,84
64626717000126,202607,17949636,107
64626717000126,HOJE,17990129,108
64678185000170,202602,21740997,18
64678185000170,202603,25444419,40
64678185000170,202604,28265062,60
64678185000170,202605,29652322,80
64678185000170,202606,30438221,101
64678185000170,202607,31031338,124
64678185000170,HOJE,31386168,122
64713709000117,202602,17967557,12
64713709000117,202603,37523137,34
64713709000117,202604,41586509,54
64713709000117,202605,43378941,74
64713709000117,202606,44192496,95
64713709000117,202607,44858730,118
64713709000117,HOJE,44910154,120
64717139000133,202602,1304774,4
64717139000133,202603,3639220,26
64717139000133,202604,7012207,46
64717139000133,202605,9449713,66
64717139000133,202606,11952198,87
64717139000133,202607,14841590,110
64717139000133,HOJE,15161103,112
64739277000113,202602,56150204,1
64739277000113,202603,58606946,23
64739277000113,202604,59683811,43
64739277000113,202605,60200231,63
64739277000113,202606,60567440,84
64739277000113,202607,60944891,107
64739277000113,HOJE,60978279,109
64820042000151,202602,35341476,15
64820042000151,202603,35390673,37
64820042000151,202604,35623410,57
64820042000151,202605,35777099,77
64820042000151,202606,35924179,98
64820042000151,202607,35710436,114
64820042000151,HOJE,35722748,114
64958783000101,202602,220484529,8
64958783000101,202603,222148761,23
64958783000101,202604,223429804,43
64958783000101,202605,225134373,63
64958783000101,202606,226916364,84
64958783000101,202607,228781529,107
64958783000101,HOJE,228940542,109
65028745000104,202602,101304560,5
65028745000104,202603,110946007,27
65028745000104,202604,115987603,47
65028745000104,202605,121692256,67
65028745000104,202606,126698510,88
65028745000104,202607,132849796,111
65028745000104,HOJE,133104786,112
65041084000157,202602,278253672,5
65041084000157,202603,279526984,27
65041084000157,202604,278637846,47
65041084000157,202605,277742825,67
65041084000157,202606,277505840,88
65041084000157,202607,277405455,111
65041084000157,HOJE,277419209,113
53991112000118,202603,7886277,15
53991112000118,202604,9505606,35
53991112000118,202605,10264474,55
53991112000118,202606,10744689,76
53991112000118,202607,11101995,99
53991112000118,HOJE,11118333,100
56955481000143,202603,18915258,19
56955481000143,202604,19414984,39
56955481000143,202605,19599106,59
56955481000143,202606,19719851,80
56955481000143,202607,19981583,103
56955481000143,HOJE,19998051,104
59963244000112,202603,15976729,21
59963244000112,202604,18318369,41
59963244000112,202605,19935737,61
59963244000112,202606,21231467,82
59963244000112,202607,22126131,105
59963244000112,HOJE,22157603,106
61351211000163,202603,20100323,22
61351211000163,202604,20436400,42
61351211000163,202605,20823849,62
61351211000163,202606,21132135,83
61351211000163,202607,21497133,106
61351211000163,HOJE,21519671,107
61884366000165,202603,26618563,17
61884366000165,202604,26761976,37
61884366000165,202605,26872940,57
61884366000165,202606,27050029,78
61884366000165,202607,26699100,101
61884366000165,HOJE,26549509,103
62064607000192,202603,19978636,22
62064607000192,202604,20121761,42
62064607000192,202605,20267088,62
62064607000192,202606,20443191,83
62064607000192,202607,20715309,106
62064607000192,HOJE,20733852,107
62317574000145,202603,29993236,10
62317574000145,202604,30390975,30
62317574000145,202605,30495505,50
62317574000145,202606,30469253,71
62317574000145,202607,30521467,94
62317574000145,HOJE,30525529,95
62318643000135,202603,34756534,9
62318643000135,202604,39624497,29
62318643000135,202605,41672469,49
62318643000135,202606,42368949,70
62318643000135,202607,42857888,93
62318643000135,HOJE,42877104,94
62361545000180,202603,2396347,13
62361545000180,202604,6850275,33
62361545000180,202605,7909408,53
62361545000180,202606,8387446,74
62361545000180,202607,8701069,97
62361545000180,HOJE,8722963,99
62363801000179,202603,20030977,7
62363801000179,202604,20132218,27
62363801000179,202605,20231822,47
62363801000179,202606,20363123,68
62363801000179,202607,20508079,91
62363801000179,HOJE,20514030,92
63530215000134,202603,72724521,17
63530215000134,202604,78320548,37
63530215000134,202605,80323662,57
63530215000134,202606,81578518,78
63530215000134,202607,82584732,101
63530215000134,HOJE,82661972,103
63533177000173,202603,30731368,19
63533177000173,202604,31032033,39
63533177000173,202605,31310942,59
63533177000173,202606,31600397,80
63533177000173,202607,31932247,103
63533177000173,HOJE,31958569,105
63534145000192,202603,170391050,10
63534145000192,202604,171228624,30
63534145000192,202605,181646064,50
63534145000192,202606,186951396,71
63534145000192,202607,190627979,94
63534145000192,HOJE,190892638,96
63761168000130,202603,114329719,11
63761168000130,202604,114924661,31
63761168000130,202605,115334490,51
63761168000130,202606,116136344,72
63761168000130,202607,116942555,95
63761168000130,HOJE,117009258,97
63953556000112,202603,19311144,20
63953556000112,202604,30541968,40
63953556000112,202605,40323895,60
63953556000112,202606,51353593,81
63953556000112,202607,62553059,104
63953556000112,HOJE,62996068,105
64435884000190,202603,19595421,17
64435884000190,202604,19681549,37
64435884000190,202605,19713343,57
64435884000190,202606,19950645,78
64435884000190,202607,20185448,101
64435884000190,HOJE,20194667,102
64436536000137,202603,40034598,17
64436536000137,202604,43327246,37
64436536000137,202605,44406833,57
64436536000137,202606,45005516,78
64436536000137,202607,45493030,101
64436536000137,HOJE,45512228,102
64436974000103,202603,355374636,15
64436974000103,202604,825322377,35
64436974000103,202605,982121490,55
64436974000103,202606,1058870502,76
64436974000103,202607,1105685163,99
64436974000103,HOJE,1107180958,100
64487678000123,202603,187472828,20
64487678000123,202604,234148153,40
64487678000123,202605,251659777,60
64487678000123,202606,261715224,81
64487678000123,202607,268877243,104
64487678000123,HOJE,269139879,105
64593756000174,202603,5923644,13
64593756000174,202604,7981734,33
64593756000174,202605,9315171,53
64593756000174,202606,10192907,74
64593756000174,202607,11028355,97
64593756000174,HOJE,11060539,98
64651483000177,202603,26577972,22
64651483000177,202604,27264857,42
64651483000177,202605,27522806,62
64651483000177,202606,27620827,83
64651483000177,202607,27720580,106
64651483000177,HOJE,27724896,107
64680282000106,202603,19498105,13
64680282000106,202604,23531112,33
64680282000106,202605,24564398,53
64680282000106,202606,25051462,74
64680282000106,202607,25409125,97
64680282000106,HOJE,25436310,99
64723744000117,202603,70918613,20
64723744000117,202604,86362452,40
64723744000117,202605,93857097,60
64723744000117,202606,97495670,81
64723744000117,202607,100109387,104
64723744000117,HOJE,100300282,106
64776777000125,202603,8271835,13
64776777000125,202604,10771427,33
64776777000125,202605,12183425,53
64776777000125,202606,12869967,74
64776777000125,202607,13316939,97
64776777000125,HOJE,13348352,99
64985472000123,202603,82884734,19
64985472000123,202604,83300819,39
64985472000123,202605,83780636,59
64985472000123,202606,82361043,80
64985472000123,202607,81973760,103
64985472000123,HOJE,82055051,105
65079801000130,202603,350090633,10
65079801000130,202604,381474201,30
65079801000130,202605,386434547,50
65079801000130,202606,387899393,71
65079801000130,202607,389149351,94
65079801000130,HOJE,389211050,95
65096801000148,202603,60830065,19
65096801000148,202604,77169914,39
65096801000148,202605,103387013,59
65096801000148,202606,127876813,80
65096801000148,202607,145722088,103
65096801000148,HOJE,146333824,104
65180245000193,202603,8845037,22
65180245000193,202604,9881226,42
65180245000193,202605,10247739,62
65180245000193,202606,10435933,83
65180245000193,202607,10583805,106
65180245000193,HOJE,10595293,108
65189035000166,202603,15399241,3
65189035000166,202604,21878742,23
65189035000166,202605,89749902,43
65189035000166,202606,159909033,64
65189035000166,202607,229772797,87
65189035000166,HOJE,232025939,88
65197885000106,202603,12512321,20
65197885000106,202604,12558048,40
65197885000106,202605,12570645,60
65197885000106,202606,12566889,81
65197885000106,202607,12610560,104
65197885000106,HOJE,12614946,106
65255255000140,202603,23818046,21
65255255000140,202604,24997603,41
65255255000140,202605,25423216,61
65255255000140,202606,25767969,82
65255255000140,202607,26128100,105
65255255000140,HOJE,26154737,107
65612787000198,202603,203047060,6
65612787000198,202604,584792864,12
65612787000198,202605,661434526,17
65612787000198,202606,583727743,25
65612787000198,202607,572499285,33
65612787000198,HOJE,571976329,34
65818203000135,202603,20532091,1
65818203000135,202604,24466995,21
65818203000135,202605,29379622,41
65818203000135,202606,31265375,62
65818203000135,202607,31938217,85
65818203000135,HOJE,31899632,87
55515189000147,202604,118315639,1
55515189000147,202605,119171619,21
55515189000147,202606,120270346,42
55515189000147,202607,121254463,65
55515189000147,HOJE,121340759,67
55588398000110,202604,10005758,3
55588398000110,202605,10361346,23
55588398000110,202606,10929186,44
55588398000110,202607,11483349,67
55588398000110,HOJE,11507667,68
62232457000189,202604,29597971,16
62232457000189,202605,29900803,36
62232457000189,202606,29875497,57
62232457000189,202607,29932163,80
62232457000189,HOJE,29936498,81
62317858000131,202604,20083607,17
62317858000131,202605,20177605,37
62317858000131,202606,20301257,58
62317858000131,202607,20434837,81
62317858000131,HOJE,20440379,82
62406671000104,202604,29861873,20
62406671000104,202605,29868759,40
62406671000104,202606,29778881,61
62406671000104,202607,29795435,84
62406671000104,HOJE,29798177,85
62870208000119,202604,12264796,8
62870208000119,202605,15640111,28
62870208000119,202606,17567563,49
62870208000119,202607,18652292,72
62870208000119,HOJE,18692018,73
63093259000144,202604,25110986,18
63093259000144,202605,26045648,38
63093259000144,202606,28655687,59
63093259000144,202607,30055231,82
63093259000144,HOJE,30145403,84
63405764000187,202604,4905462,2
63405764000187,202605,5131106,22
63405764000187,202606,8287351,43
63405764000187,202607,12216591,66
63405764000187,HOJE,12514534,68
63761174000197,202604,28330946,9
63761174000197,202605,29392249,29
63761174000197,202606,29698703,50
63761174000197,202607,29846602,73
63761174000197,HOJE,29857031,75
63914463000189,202604,30007784,2
63914463000189,202605,31766903,22
63914463000189,202606,34593914,43
63914463000189,202607,35747960,66
63914463000189,HOJE,35818206,68
64582548000170,202604,17069507,17
64582548000170,202605,17151056,37
64582548000170,202606,17269661,58
64582548000170,202607,17391606,81
64582548000170,HOJE,17396520,82
64868773000177,202604,5894502,16
64868773000177,202605,16916275,36
64868773000177,202606,23841552,57
64868773000177,202607,31728922,80
64868773000177,HOJE,32043978,81
65131307000177,202604,133421764,17
65131307000177,202605,170098915,37
65131307000177,202606,183741436,58
65131307000177,202607,191421553,81
65131307000177,HOJE,191677920,82
65344961000169,202604,75559671,11
65344961000169,202605,82307567,31
65344961000169,202606,86184823,52
65344961000169,202607,88481812,75
65344961000169,HOJE,88631642,77
65529915000134,202604,6436372,17
65529915000134,202605,10463267,37
65529915000134,202606,12072731,58
65529915000134,202607,12927958,81
65529915000134,HOJE,12982027,83
65680121000177,202604,10196173,6
65680121000177,202605,16122928,26
65680121000177,202606,17804457,47
65680121000177,202607,18567250,70
65680121000177,HOJE,18591033,71
65680395000166,202604,12540457,10
65680395000166,202605,25773405,30
65680395000166,202606,29353282,51
65680395000166,202607,31083758,74
65680395000166,HOJE,31137782,75
65842530000122,202604,20036674,8
65842530000122,202605,20136812,28
65842530000122,202606,20246175,49
65842530000122,202607,20358416,72
65842530000122,HOJE,20368230,74
65847230000136,202604,35029250,18
65847230000136,202605,39998825,38
65847230000136,202606,41642469,59
65847230000136,202607,42609547,82
65847230000136,HOJE,42674522,84
65888766000108,202604,12091653,18
65888766000108,202605,12169262,38
65888766000108,202606,12257389,59
65888766000108,202607,12431093,82
65888766000108,HOJE,12445997,83
66198273000109,202604,77000000,1
66198273000109,202605,91515719,21
66198273000109,202606,102056031,42
66198273000109,202607,106418034,65
66198273000109,HOJE,106491669,66
66404420000141,202604,6702549,2
66404420000141,202605,13534775,22
66404420000141,202606,16411304,43
66404420000141,202607,17174584,54
66404420000141,HOJE,17237080,55
58238959000140,202605,472629834,9
58238959000140,202606,481133288,30
58238959000140,202607,490296177,53
58238959000140,HOJE,492489817,55
62474207000155,202605,15785265,20
62474207000155,202606,18098540,41
62474207000155,202607,18979452,64
62474207000155,HOJE,19005469,65
62624041000106,202605,60220271,16
62624041000106,202606,60616184,37
62624041000106,202607,61019522,60
62624041000106,HOJE,61036199,61
64440839000123,202605,97133897,16
64440839000123,202606,405360446,37
64440839000123,202607,632636922,60
64440839000123,HOJE,647298552,62
65448597000187,202605,4850000,1
65448597000187,202606,5491755,22
65448597000187,202607,7653989,45
65448597000187,HOJE,7902087,47
65589171000143,202605,3762233,16
65589171000143,202606,3763430,37
65589171000143,202607,4534634,60
65589171000143,HOJE,4572527,61
65835445000137,202605,2522653,5
65835445000137,202606,7468016,26
65835445000137,202607,8072456,49
65835445000137,HOJE,8101541,51
65835458000106,202605,5604392,6
65835458000106,202606,12979787,27
65835458000106,202607,14027919,50
65835458000106,HOJE,14054058,51
65927318000168,202605,48248151,11
65927318000168,202606,116630280,32
65927318000168,202607,149505811,55
65927318000168,HOJE,150612030,56
65927708000138,202605,81223758,11
65927708000138,202606,124733385,32
65927708000138,202607,151404619,55
65927708000138,HOJE,152471152,56
66148281000132,202605,54272684,13
66148281000132,202606,43561945,34
66148281000132,202607,36402650,57
66148281000132,HOJE,36049591,59
66148609000110,202605,11949532,15
66148609000110,202606,12080392,36
66148609000110,202607,12179219,59
66148609000110,HOJE,12186723,61
66148652000186,202605,7471173,15
66148652000186,202606,9844529,36
66148652000186,202607,11408538,59
66148652000186,HOJE,11493078,61
66572564000107,202605,15181113,3
66572564000107,202606,18442716,15
66572564000107,202607,19030143,38
66572564000107,HOJE,19054578,40
66632272000112,202605,226132589,16
66632272000112,202606,228092050,37
66632272000112,202607,229903947,60
66632272000112,HOJE,230058143,62
66659340000137,202605,126397575,1
66659340000137,202606,137982766,4
66659340000137,202607,142136762,11
66659340000137,HOJE,142357277,12
55230301000101,202606,1001574851,11
55230301000101,202607,1027899827,27
55230301000101,HOJE,1029483659,29
57074069000187,202606,15024230,8
57074069000187,202607,17037926,31
57074069000187,HOJE,17091846,32
61562029000151,202606,3342151,14
61562029000151,202607,29199839,37
61562029000151,HOJE,31038629,39
62155864000130,202606,68529341,9
62155864000130,202607,68967750,32
62155864000130,HOJE,68987767,33
62970324000100,202606,19478318,16
62970324000100,202607,19971728,39
62970324000100,HOJE,19983481,40
63989000000186,202606,1399784563,18
63989000000186,202607,1374384335,41
63989000000186,HOJE,1372947018,43
64540699000165,202606,18529074,10
64540699000165,202607,25044631,33
64540699000165,HOJE,25214358,35
64986160000134,202606,8600489,9
64986160000134,202607,8685366,32
64986160000134,HOJE,8690096,34
65835898000163,202606,10081500,21
65835898000163,202607,10367934,44
65835898000163,HOJE,10382239,46
65838693000131,202606,142075805,17
65838693000131,202607,154541977,40
65838693000131,HOJE,154541977,40
66125397000156,202606,140286301,2
66125397000156,202607,142344632,9
66125397000156,HOJE,142527011,10
66275639000198,202606,140699330,11
66275639000198,202607,178074084,34
66275639000198,HOJE,179281669,36
66298117000101,202606,46446703,12
66298117000101,202607,54924384,34
66298117000101,HOJE,55067769,35
66302938000174,202606,26128834,20
66302938000174,202607,26251413,43
66302938000174,HOJE,26263767,45
66572852000161,202606,77251063,7
66572852000161,202607,94851116,30
66572852000161,HOJE,95151655,31
66573837000138,202606,450509082,2
66573837000138,202607,455826499,9
66573837000138,HOJE,456059810,10
66608223000144,202606,8874166,15
66608223000144,202607,17077867,38
66608223000144,HOJE,17845697,40
66633063000193,202606,47098486,10
66633063000193,202607,47355910,33
66633063000193,HOJE,47379089,35
66831505000106,202606,83069237,5
66831505000106,202607,86254566,28
66831505000106,HOJE,86360636,30
67280664000122,202606,66670602,9
67280664000122,202607,184189190,32
67280664000122,HOJE,191068374,33
67288854000196,202606,14461858,2
67288854000196,202607,45482228,25
67288854000196,HOJE,46416253,27
67318392000102,202606,2020530,3
67318392000102,202607,2229090,25
67318392000102,HOJE,2248026,27
