"ticker","taxaAnbimaOriginal","tipoTaxaAnbima","txAnbimaFormatada","indexadorAnbima","dataReferenciaAnbima","dataVencimento","durationAnbimaDiasUteis","durationAnbimaAnos","percentualCdiOriginal","spreadCdiEquivalente","metodologiaConversaoCdi","ntnbReferencia","codigoNtnbExibicao","taxaNtnbReferencia","spreadNtnbBps","statusCalculoAnbima","motivoAusenciaAnbima","fonteAnbima"
"AALM12","0,7075","DI_SPREAD","CDI + 0,71%","DI + 1.6000%","2026-07-28","2030-10-02","540,00","2,14","","","","","","","","ok","","ANBIMA Data API (web-bff)"
"ABSP12","1,4770","DI_SPREAD","CDI + 1,48%","DI + 1.9500%","2026-07-28","2026-10-15","55,00","0,22","","","","","","","","ok","","ANBIMA Data API (web-bff)"
"ACOV15","1,5989","DI_SPREAD","CDI + 1,60%","DI + 1.1000%","2026-07-28","2032-06-10","649,00","2,58","","","","","","","","ok","","ANBIMA Data API (web-bff)"
"ACRC21","9,1295","IPCA_SPREAD","B35 + 86 bps","IPCA + 7.4150%","2026-07-28","2044-07-15","1707,00","6,77","","","","2035-05-15","B35","8,2039","86","ok","","ANBIMA Data API (web-bff)"
"ADPA21","2,3216","DI_SPREAD","CDI + 2,32%","DI + 2.8500%","2026-07-28","2027-11-27","317,00","1,26","","","","","","","","ok","","ANBIMA Data API (web-bff)"
"AEAB11","8,5004","IPCA_SPREAD","B37 + 42 bps","IPCA + 7.0718%","2026-07-28","2044-06-15","1871,00","7,42","","","","2037-05-15","B37","8,0491","42","ok","","ANBIMA Data API (web-bff)"
"AEGE16","5,0928","DI_SPREAD","CDI + 5,09%","DI + 3.9000%","2026-07-28","2034-03-11","824,00","3,27","","","","","","","","ok","","ANBIMA Data API (web-bff)"
"AEGE17","5,1939","DI_SPREAD","CDI + 5,19%","DI + 3.4000%","2026-07-28","2035-06-15","1007,00","4,00","","","","","","","","ok","","ANBIMA Data API (web-bff)"
"AEGP17","1,7998","DI_SPREAD","CDI + 1,80%","DI + 2.1500%","2026-07-28","2027-04-12","165,00","0,65","","","","","","","","ok","","ANBIMA Data API (web-bff)"
"AEGP19","2,6936","DI_SPREAD","CDI + 2,69%","DI + 1.9000%","2026-07-28","2028-10-04","259,00","1,03","","","","","","","","ok","","ANBIMA Data API (web-bff)"
"AEGPA4","2,8576","DI_SPREAD","CDI + 2,86%","DI + 3.4700%","2026-07-28","2028-10-25","278,00","1,10","","","","","","","","ok","","ANBIMA Data API (web-bff)"
"AEGPA8","17,2800","PREFIXADO","17,28%","Pré-Fixado 16.3433%","2026-07-28","2031-01-15","836,00","3,32","","2,2859","spread = (1 + Y)/(1 + L) - 1; Y = pre 17,28%; L = TaxaLTN_252 venc ref 2032-01-01 = 14,66%","","","","","ok","","ANBIMA Data API (web-bff)"
"AEGPA9","3,0931","DI_SPREAD","CDI + 3,09%","DI + 2.7500%","2026-07-28","2029-06-25","510,00","2,02","","","","","","","","ok","","ANBIMA Data API (web-bff)"
"AEGPB3","3,2636","DI_SPREAD","CDI + 3,26%","DI + 1.8000%","2026-07-28","2032-08-22","845,00","3,35","","","","","","","","ok","","ANBIMA Data API (web-bff)"
"AEGPB5","3,3183","DI_SPREAD","CDI + 3,32%","DI + 1.8000%","2026-07-28","2030-12-15","812,00","3,22","","","","","","","","ok","","ANBIMA Data API (web-bff)"
"AEGPB7","2,3568","DI_SPREAD","CDI + 2,36%","DI + 2.9500%","2026-07-28","2028-09-15","351,00","1,39","","","","","","","","ok","","ANBIMA Data API (web-bff)"
"AERI12","","DI_SPREAD","—","DI + 3.0000%","2026-07-28","2030-03-30","","","","","","","","","","sem_taxa","Taxa indicativa vazia","ANBIMA Data API (web-bff)"
"AESLA5","7,8582","IPCA_SPREAD","B32 - 39 bps","IPCA + 6.1774%","2026-07-28","2033-10-15","1281,00","5,08","","","","2032-08-15","B32","8,2807","-39","ok","","ANBIMA Data API (web-bff)"
"AESLA7","7,8862","IPCA_SPREAD","B33 - 36 bps","IPCA + 6.1409%","2026-07-28","2034-04-15","1364,00","5,41","","","","2033-05-15","B33","8,2731","-36","ok","","ANBIMA Data API (web-bff)"
"AESLA8","0,4719","DI_SPREAD","CDI + 0,47%","DI + 0.4900%","2026-07-28","2029-09-10","549,00","2,18","","","","","","","","ok","","ANBIMA Data API (web-bff)"
"AESLA9","7,9019","IPCA_SPREAD","B33 - 34 bps","IPCA + 6.9249%","2026-07-28","2035-05-15","1511,00","6,00","","","","2033-05-15","B33","8,2731","-34","ok","","ANBIMA Data API (web-bff)"
"AESLB0","7,8753","IPCA_SPREAD","B35 - 30 bps","IPCA + 6.8967%","2026-07-28","2035-09-15","1543,00","6,12","","","","2035-05-15","B35","8,2039","-30","ok","","ANBIMA Data API (web-bff)"
"AESLB7","7,7905","IPCA_SPREAD","B37 - 24 bps","IPCA + 6.2031%","2026-07-28","2039-04-15","2039,00","8,09","","","","2037-05-15","B37","8,0491","-24","ok","","ANBIMA Data API (web-bff)"
"AESLC2","7,9191","IPCA_SPREAD","B33 - 33 bps","IPCA + 6.5243%","2026-07-28","2033-03-15","1334,00","5,29","","","","2033-05-15","B33","8,2731","-33","ok","","ANBIMA Data API (web-bff)"
"AESLD2","7,9706","IPCA_SPREAD","B35 - 22 bps","IPCA + 6.4580%","2026-07-28","2036-03-15","1628,00","6,46","","","","2035-05-15","B35","8,2039","-22","ok","","ANBIMA Data API (web-bff)"
"AESOA1","8,2656","IPCA_SPREAD","B33 - 1 bps","IPCA + 6.4966%","2026-07-28","2038-03-15","1336,00","5,30","","","","2033-05-15","B33","8,2731","-1","ok","","ANBIMA Data API (web-bff)"
"AGAU13","4,6833","DI_SPREAD","CDI + 4,68%","DI + 4.5000%","2026-07-28","2027-03-15","145,00","0,58","","","","","","","","ok","","ANBIMA Data API (web-bff)"
"AGEO15","7,8915","IPCA_SPREAD","B35 - 29 bps","IPCA + 7.6056%","2026-07-28","2037-06-15","1769,00","7,02","","","","2035-05-15","B35","8,2039","-29","ok","","ANBIMA Data API (web-bff)"
"AGIZ11","8,5608","IPCA_SPREAD","B37 + 47 bps","IPCA + 7.7322%","2026-07-28","2047-03-15","2006,00","7,96","","","","2037-05-15","B37","8,0491","47","ok","","ANBIMA Data API (web-bff)"
"AGPI11","","DI_SPREAD","—","DI + 1.9000%","2026-07-28","2027-06-27","","","","","","","","","","sem_taxa","Taxa indicativa vazia","ANBIMA Data API (web-bff)"
"AHGD13","9,0135","IPCA_SPREAD","B33 + 68 bps","IPCA + 7.3293%","2026-07-28","2041-09-15","1385,00","5,50","","","","2033-05-15","B33","8,2731","68","ok","","ANBIMA Data API (web-bff)"
"ALGAA2","1,0659","DI_SPREAD","CDI + 1,07%","DI + 1.5500%","2026-07-28","2029-01-15","439,00","1,74","","","","","","","","ok","","ANBIMA Data API (web-bff)"
"ALGAB1","9,1007","IPCA_SPREAD","B30 + 72 bps","IPCA + 4.9999%","2026-07-28","2031-07-15","894,00","3,55","","","","2030-08-15","B30","8,3200","72","ok","","ANBIMA Data API (web-bff)"
"ALGAC2","9,0545","IPCA_SPREAD","B31 + 71 bps","IPCA + 5.8806%","2026-07-28","2032-01-15","982,00","3,90","","","","2031-05-15","B31","8,2825","71","ok","","ANBIMA Data API (web-bff)"
"ALGE16","7,9405","IPCA_SPREAD","B33 - 31 bps","IPCA + 6.1451%","2026-07-28","2037-11-15","1342,00","5,33","","","","2033-05-15","B33","8,2731","-31","ok","","ANBIMA Data API (web-bff)"
"ALGTA4","9,1017","IPCA_SPREAD","B32 + 76 bps","IPCA + 6.3243%","2026-07-28","2033-11-15","1198,00","4,75","","","","2032-08-15","B32","8,2807","76","ok","","ANBIMA Data API (web-bff)"
"ALGTA5","1,0393","DI_SPREAD","CDI + 1,04%","DI + 1.3000%","2026-07-28","2032-01-28","921,00","3,65","","","","","","","","ok","","ANBIMA Data API (web-bff)"
"ALGTA6","1,1266","DI_SPREAD","CDI + 1,13%","DI + 1.2500%","2026-07-28","2033-02-22","983,00","3,90","","","","","","","","ok","","ANBIMA Data API (web-bff)"
"ALIG12","7,9584","IPCA_SPREAD","B28 - 49 bps","IPCA + 3.6500%","2026-07-28","2029-12-15","409,00","1,62","","","","2028-08-15","B28","8,4900","-49","ok","","ANBIMA Data API (web-bff)"
"ALIG13","7,8454","IPCA_SPREAD","B30 - 44 bps","IPCA + 4.0000%","2026-07-28","2035-02-15","954,00","3,79","","","","2030-08-15","B30","8,3200","-44","ok","","ANBIMA Data API (web-bff)"
"ALIG15","7,8703","IPCA_SPREAD","B32 - 38 bps","IPCA + 6.1305%","2026-07-28","2036-04-15","1168,00","4,63","","","","2032-08-15","B32","8,2807","-38","ok","","ANBIMA Data API (web-bff)"
"ALPA22","0,8573","DI_SPREAD","CDI + 0,86%","DI + 1.5000%","2026-07-28","2029-12-12","596,00","2,37","","","","","","","","ok","","ANBIMA Data API (web-bff)"
"ALUP18","7,6383","IPCA_SPREAD","B33 - 59 bps","IPCA + 6.4986%","2026-07-28","2034-10-15","1434,00","5,69","","","","2033-05-15","B33","8,2731","-59","ok","","ANBIMA Data API (web-bff)"
"AMBP16","","DI_SPREAD","—","DI + 2.7500%","2026-07-28","2029-04-25","","","","","","","","","","sem_taxa","Taxa indicativa vazia","ANBIMA Data API (web-bff)"
"ANET11","","IPCA_SPREAD","—","IPCA + 5.6006%","2026-07-28","2029-03-15","","","","","","","","","","sem_taxa","Taxa indicativa vazia","ANBIMA Data API (web-bff)"
"ANET12","","IPCA_SPREAD","—","IPCA + 8.9619%","2026-07-28","2030-11-15","","","","","","","","","","sem_taxa","Taxa indicativa vazia","ANBIMA Data API (web-bff)"
"ANHBA5","0,5276","DI_SPREAD","CDI + 0,53%","DI + 0.4400%","2026-07-28","2030-11-05","737,00","2,92","","","","","","","","ok","","ANBIMA Data API (web-bff)"
"ANHBA6","0,5727","DI_SPREAD","CDI + 0,57%","DI + 0.5000%","2026-07-28","2032-07-15","986,00","3,91","","","","","","","","ok","","ANBIMA Data API (web-bff)"
"ANHBB6","7,9500","IPCA_SPREAD","B35 - 23 bps","IPCA + 7.0457%","2026-07-28","2037-07-15","1679,00","6,66","","","","2035-05-15","B35","8,2039","-23","ok","","ANBIMA Data API (web-bff)"
"ANIM15","1,9620","DI_SPREAD","CDI + 1,96%","DI + 1.9200%","2026-07-28","2029-05-15","387,00","1,54","","","","","","","","ok","","ANBIMA Data API (web-bff)"
"ANIM17","2,1335","DI_SPREAD","CDI + 2,13%","DI + 1.6000%","2026-07-28","2029-05-15","487,00","1,93","","","","","","","","ok","","ANBIMA Data API (web-bff)"
"ANIM18","2,3577","DI_SPREAD","CDI + 2,36%","DI + 1.5000%","2026-07-28","2029-10-15","582,00","2,31","","","","","","","","ok","","ANBIMA Data API (web-bff)"
"APFD19","8,0647","IPCA_SPREAD","B29 - 18 bps","IPCA + 6.3854%","2026-07-28","2031-09-15","661,00","2,62","","","","2029-05-15","B29","8,2619","-18","ok","","ANBIMA Data API (web-bff)"
"APFL18","1,4055","DI_SPREAD","CDI + 1,41%","DI + 1.3800%","2026-07-28","2029-01-15","535,00","2,12","","","","","","","","ok","","ANBIMA Data API (web-bff)"
"APPSA2","9,1296","IPCA_SPREAD","B30 + 75 bps","IPCA + 6.7800%","2026-07-28","2031-09-15","797,00","3,16","","","","2030-08-15","B30","8,3200","75","ok","","ANBIMA Data API (web-bff)"
"APPSB2","1,3893","DI_SPREAD","CDI + 1,39%","DI + 2.1500%","2026-07-28","2028-09-15","249,00","0,99","","","","","","","","ok","","ANBIMA Data API (web-bff)"
"APRB18","9,3469","IPCA_SPREAD","B30 + 95 bps","IPCA + 4.5000%","2026-07-28","2031-06-15","766,00","3,04","","","","2030-08-15","B30","8,3200","95","ok","","ANBIMA Data API (web-bff)"
"APRB28","0,6320","DI_SPREAD","CDI + 0,63%","DI + 0.8600%","2026-07-28","2027-06-15","172,00","0,68","","","","","","","","ok","","ANBIMA Data API (web-bff)"
"ARML13","2,1587","DI_SPREAD","CDI + 2,16%","DI + 2.2500%","2026-07-28","2029-11-04","564,00","2,24","","","","","","","","ok","","ANBIMA Data API (web-bff)"
"ARML14","2,7273","DI_SPREAD","CDI + 2,73%","DI + 1.9000%","2026-07-28","2032-03-15","806,00","3,20","","","","","","","","ok","","ANBIMA Data API (web-bff)"
"ARML15","2,7702","DI_SPREAD","CDI + 2,77%","DI + 1.3500%","2026-07-28","2032-09-25","878,00","3,48","","","","","","","","ok","","ANBIMA Data API (web-bff)"
"ARML25","3,0343","DI_SPREAD","CDI + 3,03%","DI + 1.6000%","2026-07-28","2034-09-25","1059,00","4,20","","","","","","","","ok","","ANBIMA Data API (web-bff)"
"ARML26","3,0661","DI_SPREAD","CDI + 3,07%","DI + 1.5500%","2026-07-28","2030-11-05","788,00","3,13","","","","","","","","ok","","ANBIMA Data API (web-bff)"
"ARTR19","11,0393","IPCA_SPREAD","B27 + 268 bps","IPCA + 4.8392%","2026-07-28","2027-09-15","151,00","0,60","","","","2027-05-15","B27","8,1391","268","ok","","ANBIMA Data API (web-bff)"
"ARTRA1","1,5813","DI_SPREAD","CDI + 1,58%","DI + 1.6500%","2026-07-28","2027-03-11","145,00","0,58","","","","","","","","ok","","ANBIMA Data API (web-bff)"
"ARTRA4","2,1000","DI_SPREAD","CDI + 2,10%","DI + 2.7000%","2026-07-28","2028-08-24","231,00","0,92","","","","","","","","ok","","ANBIMA Data API (web-bff)"
"ARTRA5","2,2443","DI_SPREAD","CDI + 2,24%","DI + 2.4000%","2026-07-28","2029-04-12","364,00","1,44","","","","","","","","ok","","ANBIMA Data API (web-bff)"
"ARTRA7","10,2699","IPCA_SPREAD","B33 + 184 bps","IPCA + 7.7000%","2026-07-28","2035-05-15","1445,00","5,73","","","","2033-05-15","B33","8,2731","184","ok","","ANBIMA Data API (web-bff)"
"ARTRA8","10,1711","IPCA_SPREAD","B31 + 174 bps","IPCA + 8.2857%","2026-07-28","2032-10-15","1133,00","4,50","","","","2031-05-15","B31","8,2825","174","ok","","ANBIMA Data API (web-bff)"
"ASAB11","11,7529","IPCA_SPREAD","B30 + 317 bps","IPCA + 6.2500%","2026-07-28","2033-06-15","816,00","3,24","","","","2030-08-15","B30","8,3200","317","ok","","ANBIMA Data API (web-bff)"
"ASAI18","1,4263","DI_SPREAD","CDI + 1,43%","DI + 1.8500%","2026-07-28","2027-12-22","324,00","1,29","","","","","","","","ok","","ANBIMA Data API (web-bff)"
"ASAI19","1,7635","DI_SPREAD","CDI + 1,76%","DI + 1.2500%","2026-07-28","2029-03-25","455,00","1,81","","","","","","","","ok","","ANBIMA Data API (web-bff)"
"ASAI22","1,6242","DI_SPREAD","CDI + 1,62%","DI + 1.9500%","2026-07-28","2028-05-20","297,00","1,18","","","","","","","","ok","","ANBIMA Data API (web-bff)"
"ASAI28","1,7971","DI_SPREAD","CDI + 1,80%","DI + 1.9500%","2026-07-28","2028-12-22","517,00","2,05","","","","","","","","ok","","ANBIMA Data API (web-bff)"
"ASAIA0","1,8330","DI_SPREAD","CDI + 1,83%","DI + 1.2500%","2026-07-28","2029-06-20","514,00","2,04","","","","","","","","ok","","ANBIMA Data API (web-bff)"
"ASAIA1","1,8755","DI_SPREAD","CDI + 1,88%","DI + 1.2500%","2026-07-28","2029-09-25","543,00","2,15","","","","","","","","ok","","ANBIMA Data API (web-bff)"
"ASAIA2","1,9092","DI_SPREAD","CDI + 1,91%","DI + 1.2500%","2026-07-28","2029-12-09","676,00","2,68","","","","","","","","ok","","ANBIMA Data API (web-bff)"
"ASAIA3","1,8779","DI_SPREAD","CDI + 1,88%","DI + 1.2000%","2026-07-28","2029-06-05","593,00","2,35","","","","","","","","ok","","ANBIMA Data API (web-bff)"
"ASCP13","8,5665","IPCA_SPREAD","B28 + 7 bps","IPCA + 7.5500%","2026-07-28","2030-03-15","502,00","1,99","","","","2028-08-15","B28","8,4900","7","ok","","ANBIMA Data API (web-bff)"
"ASCP23","8,4677","IPCA_SPREAD","B32 + 17 bps","IPCA + 8.1500%","2026-07-28","2035-03-15","1303,00","5,17","","","","2032-08-15","B32","8,2807","17","ok","","ANBIMA Data API (web-bff)"
"ASER12","12,0253","IPCA_SPREAD","B35 + 353 bps","IPCA + 8.4051%","2026-07-28","2043-12-15","1763,00","7,00","","","","2035-05-15","B35","8,2039","353","ok","","ANBIMA Data API (web-bff)"
"ASSR21","9,3073","IPCA_SPREAD","B35 + 102 bps","IPCA + 7.1071%","2026-07-28","2041-06-15","1606,00","6,37","","","","2035-05-15","B35","8,2039","102","ok","","ANBIMA Data API (web-bff)"
"ATHT11","9,0222","IPCA_SPREAD","B33 + 69 bps","IPCA + 7.3293%","2026-07-28","2041-09-15","1384,00","5,49","","","","2033-05-15","B33","8,2731","69","ok","","ANBIMA Data API (web-bff)"
"ATII12","9,0222","IPCA_SPREAD","B33 + 69 bps","IPCA + 7.3293%","2026-07-28","2041-09-15","1384,00","5,49","","","","2033-05-15","B33","8,2731","69","ok","","ANBIMA Data API (web-bff)"
"AURE12","8,2458","IPCA_SPREAD","B33 - 3 bps","IPCA + 6.2980%","2026-07-28","2034-04-15","1355,00","5,38","","","","2033-05-15","B33","8,2731","-3","ok","","ANBIMA Data API (web-bff)"
"AURE13","0,8114","DI_SPREAD","CDI + 0,81%","DI + 0.5500%","2026-07-28","2031-10-10","786,00","3,12","","","","","","","","ok","","ANBIMA Data API (web-bff)"
"AURP12","8,2250","IPCA_SPREAD","B33 - 4 bps","IPCA + 7.4515%","2026-07-28","2035-04-15","1467,00","5,82","","","","2033-05-15","B33","8,2731","-4","ok","","ANBIMA Data API (web-bff)"
"AURP13","8,2795","IPCA_SPREAD","B35 + 7 bps","IPCA + 6.9164%","2026-07-28","2037-07-15","1811,00","7,19","","","","2035-05-15","B35","8,2039","7","ok","","ANBIMA Data API (web-bff)"
"AXIA18","7,9102","IPCA_SPREAD","B32 - 34 bps","IPCA + 6.8000%","2026-07-28","2033-02-15","1310,00","5,20","","","","2032-08-15","B32","8,2807","-34","ok","","ANBIMA Data API (web-bff)"
"AXIA19","8,0089","IPCA_SPREAD","B35 - 18 bps","IPCA + 8.0036%","2026-07-28","2036-06-15","1633,00","6,48","","","","2035-05-15","B35","8,2039","-18","ok","","ANBIMA Data API (web-bff)"
"AXIA28","7,8183","IPCA_SPREAD","B35 - 36 bps","IPCA + 6.7116%","2026-07-28","2036-02-15","1738,00","6,90","","","","2035-05-15","B35","8,2039","-36","ok","","ANBIMA Data API (web-bff)"
"AXIA38","7,7724","IPCA_SPREAD","B40 - 12 bps","IPCA + 6.6752%","2026-07-28","2041-02-15","2178,00","8,64","","","","2040-08-15","B40","7,9071","-12","ok","","ANBIMA Data API (web-bff)"
"AZZA11","1,4159","DI_SPREAD","CDI + 1,42%","DI + 1.2500%","2026-07-28","2030-03-28","625,00","2,48","","","","","","","","ok","","ANBIMA Data API (web-bff)"
"AZZA12","1,5839","DI_SPREAD","CDI + 1,58%","DI + 1.2500%","2026-07-28","2030-08-15","671,00","2,66","","","","","","","","ok","","ANBIMA Data API (web-bff)"
"AZZA13","2,0694","DI_SPREAD","CDI + 2,07%","DI + 1.0000%","2026-07-28","2028-01-28","352,00","1,40","","","","","","","","ok","","ANBIMA Data API (web-bff)"
"BARU11","8,3484","IPCA_SPREAD","B37 + 28 bps","IPCA + 7.7959%","2026-07-28","2043-03-15","1866,00","7,40","","","","2037-05-15","B37","8,0491","28","ok","","ANBIMA Data API (web-bff)"
"BCBF16","4,6400","DI_SPREAD","CDI + 4,64%","DI + 1.4500%","2026-07-28","2027-10-07","160,00","0,63","","","","","","","","ok","","ANBIMA Data API (web-bff)"
"BCPSA4","0,3859","DI_SPREAD","CDI + 0,39%","DI + 1.2000%","2026-07-28","2027-02-20","132,00","0,52","","","","","","","","ok","","ANBIMA Data API (web-bff)"
"BCPSA5","7,6565","IPCA_SPREAD","B29 - 56 bps","IPCA + 5.7687%","2026-07-28","2029-03-15","606,00","2,40","","","","2029-05-15","B29","8,2619","-56","ok","","ANBIMA Data API (web-bff)"
"BCPSA6","0,4219","DI_SPREAD","CDI + 0,42%","DI + 0.5500%","2026-07-28","2028-10-10","475,00","1,88","","","","","","","","ok","","ANBIMA Data API (web-bff)"
"BCPSA7","7,7626","IPCA_SPREAD","B35 - 41 bps","IPCA + 7.0225%","2026-07-28","2036-01-15","1622,00","6,44","","","","2035-05-15","B35","8,2039","-41","ok","","ANBIMA Data API (web-bff)"
"BHIAA0","","DI_PERCENTUAL","—","100.0000% DI","2026-07-28","2050-11-28","","","","","","","","","","sem_taxa","Taxa indicativa vazia","ANBIMA Data API (web-bff)"
"BHIAC0","","DI_PERCENTUAL","—","100.0000% DI","2026-07-28","2050-11-28","","","","","","","","","","sem_taxa","Taxa indicativa vazia","ANBIMA Data API (web-bff)"
"BHSA11","8,4222","IPCA_SPREAD","B35 + 20 bps","IPCA + 6.8413%","2026-07-28","2044-03-15","1801,00","7,15","","","","2035-05-15","B35","8,2039","20","ok","","ANBIMA Data API (web-bff)"
"BION17","10,9568","IPCA_SPREAD","B30 + 243 bps","IPCA + 10.1044%","2026-07-28","2032-10-15","891,00","3,54","","","","2030-08-15","B30","8,3200","243","ok","","ANBIMA Data API (web-bff)"
"BKBR19","1,4847","DI_SPREAD","CDI + 1,48%","DI + 1.9000%","2026-07-28","2027-04-24","175,00","0,69","","","","","","","","ok","","ANBIMA Data API (web-bff)"
"BLMN12","7,6850","IPCA_SPREAD","B29 - 53 bps","IPCA + 7.1358%","2026-07-28","2031-12-15","584,00","2,32","","","","2029-05-15","B29","8,2619","-53","ok","","ANBIMA Data API (web-bff)"
"BRIT11","0,9384","DI_SPREAD","CDI + 0,94%","DI + 2.0000%","2026-07-28","2027-08-25","132,00","0,52","","","","","","","","ok","","ANBIMA Data API (web-bff)"
"BRIT12","1,2839","DI_SPREAD","CDI + 1,28%","DI + 1.6000%","2026-07-28","2030-07-10","609,00","2,42","","","","","","","","ok","","ANBIMA Data API (web-bff)"
"BRKMA6","","DI_SPREAD","—","DI + 1.7500%","2026-07-28","2029-05-12","","","","","","","","","","sem_taxa","Taxa indicativa vazia","ANBIMA Data API (web-bff)"
"BRKMA8","","DI_SPREAD","—","DI + 1.7000%","2026-07-28","2029-11-09","","","","","","","","","","sem_taxa","Taxa indicativa vazia","ANBIMA Data API (web-bff)"
"BRKMB6","","DI_SPREAD","—","DI + 2.0000%","2026-07-28","2032-05-12","","","","","","","","","","sem_taxa","Taxa indicativa vazia","ANBIMA Data API (web-bff)"
"BRKMB8","","DI_SPREAD","—","DI + 1.9500%","2026-07-28","2032-11-09","","","","","","","","","","sem_taxa","Taxa indicativa vazia","ANBIMA Data API (web-bff)"
"BRKP28","9,8081","IPCA_SPREAD","B32 + 141 bps","IPCA + 5.5365%","2026-07-28","2034-09-15","1295,00","5,14","","","","2032-08-15","B32","8,2807","141","ok","","ANBIMA Data API (web-bff)"
"BRKPA0","2,4007","DI_SPREAD","CDI + 2,40%","DI + 2.4000%","2026-07-28","2027-04-15","168,00","0,67","","","","","","","","ok","","ANBIMA Data API (web-bff)"
"BRKPA2","2,5596","DI_SPREAD","CDI + 2,56%","DI + 3.2500%","2026-07-28","2029-02-21","510,00","2,02","","","","","","","","ok","","ANBIMA Data API (web-bff)"
"BRKPA3","2,5700","DI_SPREAD","CDI + 2,57%","DI + 2.9300%","2026-07-28","2029-08-23","591,00","2,35","","","","","","","","ok","","ANBIMA Data API (web-bff)"
"BRKPA4","2,7503","DI_SPREAD","CDI + 2,75%","DI + 1.9000%","2026-07-28","2030-10-15","773,00","3,07","","","","","","","","ok","","ANBIMA Data API (web-bff)"
"BRKPA5","2,2059","DI_SPREAD","CDI + 2,21%","DI + 1.9000%","2026-07-28","2028-03-15","358,00","1,42","","","","","","","","ok","","ANBIMA Data API (web-bff)"
"BRMLA1","0,4386","DI_SPREAD","CDI + 0,44%","DI + 0.6300%","2026-07-28","2031-08-20","823,00","3,27","","","","","","","","ok","","ANBIMA Data API (web-bff)"
"BRMLB1","0,5718","DI_SPREAD","CDI + 0,57%","DI + 0.9500%","2026-07-28","2034-08-20","1087,00","4,31","","","","","","","","ok","","ANBIMA Data API (web-bff)"
"BRST11","8,3875","IPCA_SPREAD","B27 + 23 bps","IPCA + 5.7694%","2026-07-28","2028-03-15","210,00","0,83","","","","2027-05-15","B27","8,1391","23","ok","","ANBIMA Data API (web-bff)"
"BRST14","1,5500","DI_SPREAD","CDI + 1,55%","DI + 1.4000%","2026-07-28","2031-05-15","726,00","2,88","","","","","","","","ok","","ANBIMA Data API (web-bff)"
"BRST15","8,7110","IPCA_SPREAD","B31 + 40 bps","IPCA + 8.0355%","2026-07-28","2032-12-15","1106,00","4,39","","","","2031-05-15","B31","8,2825","40","ok","","ANBIMA Data API (web-bff)"
"BSA312","0,4370","DI_SPREAD","CDI + 0,44%","DI + 0.5800%","2026-07-28","2049-05-03","661,00","2,62","","","","","","","","ok","","ANBIMA Data API (web-bff)"
"BSA318","0,3375","DI_SPREAD","CDI + 0,34%","DI + 0.6200%","2026-07-28","2029-05-28","401,00","1,59","","","","","","","","ok","","ANBIMA Data API (web-bff)"
"BSA319","0,5013","DI_SPREAD","CDI + 0,50%","DI + 0.5900%","2026-07-28","2031-01-08","779,00","3,09","","","","","","","","ok","","ANBIMA Data API (web-bff)"
"BSA3A0","0,3510","DI_SPREAD","CDI + 0,35%","DI + 0.4500%","2026-07-28","2030-09-18","705,00","2,80","","","","","","","","ok","","ANBIMA Data API (web-bff)"
"BTCL12","10,8372","IPCA_SPREAD","B33 + 237 bps","IPCA + 10.7609%","2026-07-28","2039-02-15","1332,00","5,29","","","","2033-05-15","B33","8,2731","237","ok","","ANBIMA Data API (web-bff)"
"BTEL13","15,7680","PREFIXADO","15,77%","Pré-Fixado 15.0500%","2026-07-28","2032-04-15","916,00","3,63","","0,9672","spread = (1 + Y)/(1 + L) - 1; Y = pre 15,77%; L = TaxaLTN_252 venc ref 2032-01-01 = 14,66%","","","","","ok","","ANBIMA Data API (web-bff)"
"BTEL23","10,2583","IPCA_SPREAD","B31 + 182 bps","IPCA + 8.2700%","2026-07-28","2032-04-15","1053,00","4,18","","","","2031-05-15","B31","8,2825","182","ok","","ANBIMA Data API (web-bff)"
"BTEL33","10,9736","IPCA_SPREAD","B33 + 249 bps","IPCA + 8.4500%","2026-07-28","2035-04-15","1390,00","5,52","","","","2033-05-15","B33","8,2731","249","ok","","ANBIMA Data API (web-bff)"
"BTGH18","1,0943","DI_SPREAD","CDI + 1,09%","DI + 1.5000%","2026-07-28","2029-12-10","502,00","1,99","","","","","","","","ok","","ANBIMA Data API (web-bff)"
"CAEC12","8,3007","IPCA_SPREAD","B35 + 9 bps","IPCA + 8.1891%","2026-07-28","2036-06-15","1614,00","6,40","","","","2035-05-15","B35","8,2039","9","ok","","ANBIMA Data API (web-bff)"
"CAEC13","1,3605","DI_SPREAD","CDI + 1,36%","DI + 1.3700%","2026-07-28","2032-08-07","889,00","3,53","","","","","","","","ok","","ANBIMA Data API (web-bff)"
"CAEC22","1,2409","DI_SPREAD","CDI + 1,24%","DI + 2.2000%","2026-07-28","2029-06-15","462,00","1,83","","","","","","","","ok","","ANBIMA Data API (web-bff)"
"CAEC32","1,4304","DI_SPREAD","CDI + 1,43%","DI + 2.5000%","2026-07-28","2031-06-15","778,00","3,09","","","","","","","","ok","","ANBIMA Data API (web-bff)"
"CAJS11","8,7708","IPCA_SPREAD","B33 + 46 bps","IPCA + 5.4000%","2026-07-28","2040-11-15","1488,00","5,90","","","","2033-05-15","B33","8,2731","46","ok","","ANBIMA Data API (web-bff)"
"CAJS12","8,8408","IPCA_SPREAD","B31 + 52 bps","IPCA + 6.8500%","2026-07-28","2037-09-15","1061,00","4,21","","","","2031-05-15","B31","8,2825","52","ok","","ANBIMA Data API (web-bff)"
"CAMLA1","1,7190","DI_SPREAD","CDI + 1,72%","DI + 1.5500%","2026-07-28","2028-10-30","386,00","1,53","","","","","","","","ok","","ANBIMA Data API (web-bff)"
"CAMLB1","1,7077","DI_SPREAD","CDI + 1,71%","DI + 1.5500%","2026-07-28","2028-10-30","386,00","1,53","","","","","","","","ok","","ANBIMA Data API (web-bff)"
"CART13","8,7031","IPCA_SPREAD","B31 + 39 bps","IPCA + 6.8138%","2026-07-28","2035-12-15","1013,00","4,02","","","","2031-05-15","B31","8,2825","39","ok","","ANBIMA Data API (web-bff)"
"CASN13","2,5220","DI_SPREAD","CDI + 2,52%","DI + 5.5000%","2026-07-28","2028-11-16","260,00","1,03","","","","","","","","ok","","ANBIMA Data API (web-bff)"
"CASN14","1,7851","DI_SPREAD","CDI + 1,79%","DI + 2.3000%","2026-07-28","2030-04-15","460,00","1,83","","","","","","","","ok","","ANBIMA Data API (web-bff)"
"CASN23","8,8445","IPCA_SPREAD","B30 + 48 bps","IPCA + 10.3294%","2026-07-28","2033-11-16","773,00","3,07","","","","2030-08-15","B30","8,3200","48","ok","","ANBIMA Data API (web-bff)"
"CASN24","8,9439","IPCA_SPREAD","B30 + 58 bps","IPCA + 9.9878%","2026-07-28","2032-04-15","773,00","3,07","","","","2030-08-15","B30","8,3200","58","ok","","ANBIMA Data API (web-bff)"
"CASN34","8,8720","IPCA_SPREAD","B31 + 54 bps","IPCA + 10.6573%","2026-07-28","2037-04-15","1135,00","4,50","","","","2031-05-15","B31","8,2825","54","ok","","ANBIMA Data API (web-bff)"
"CBAN12","8,1361","IPCA_SPREAD","B31 - 14 bps","IPCA + 5.0000%","2026-07-28","2034-07-15","1051,00","4,17","","","","2031-05-15","B31","8,2825","-14","ok","","ANBIMA Data API (web-bff)"
"CBAN22","0,8067","DI_SPREAD","CDI + 0,81%","DI + 2.0000%","2026-07-28","2032-07-15","818,00","3,25","","","","","","","","ok","","ANBIMA Data API (web-bff)"
"CBAN32","8,1232","IPCA_SPREAD","B31 - 15 bps","IPCA + 5.2000%","2026-07-28","2034-07-15","1048,00","4,16","","","","2031-05-15","B31","8,2825","-15","ok","","ANBIMA Data API (web-bff)"
"CBAN52","8,1231","IPCA_SPREAD","B31 - 15 bps","IPCA + 5.2000%","2026-07-28","2034-07-15","1048,00","4,16","","","","2031-05-15","B31","8,2825","-15","ok","","ANBIMA Data API (web-bff)"
"CBAN72","8,1188","IPCA_SPREAD","B31 - 15 bps","IPCA + 5.2000%","2026-07-28","2034-07-15","1048,00","4,16","","","","2031-05-15","B31","8,2825","-15","ok","","ANBIMA Data API (web-bff)"
"CBOH11","1,5083","DI_SPREAD","CDI + 1,51%","DI + 1.9000%","2026-07-28","2029-08-28","379,00","1,50","","","","","","","","ok","","ANBIMA Data API (web-bff)"
"CBRDB8","","DI_SPREAD","—","DI + 1.9500%","2026-07-28","2028-05-10","","","","","","","","","","sem_taxa","Taxa indicativa vazia","ANBIMA Data API (web-bff)"
"CCLS11","11,9529","IPCA_SPREAD","B31 + 339 bps","IPCA + 6.6739%","2026-07-28","2031-01-15","968,00","3,84","","","","2031-05-15","B31","8,2825","339","ok","","ANBIMA Data API (web-bff)"
"CCPV11","8,0609","IPCA_SPREAD","B30 - 24 bps","IPCA + 7.6000%","2026-07-28","2030-02-15","844,00","3,35","","","","2030-08-15","B30","8,3200","-24","ok","","ANBIMA Data API (web-bff)"
"CCROA5","7,9653","IPCA_SPREAD","B32 - 29 bps","IPCA + 4.8791%","2026-07-28","2033-11-15","1266,00","5,02","","","","2032-08-15","B32","8,2807","-29","ok","","ANBIMA Data API (web-bff)"
"CCROA7","0,3589","DI_SPREAD","CDI + 0,36%","DI + 0.7500%","2026-07-28","2029-07-12","432,00","1,71","","","","","","","","ok","","ANBIMA Data API (web-bff)"
"CCROB4","7,7105","IPCA_SPREAD","B27 - 40 bps","IPCA + 4.2500%","2026-07-28","2028-12-15","330,00","1,31","","","","2027-05-15","B27","8,1391","-40","ok","","ANBIMA Data API (web-bff)"
"CCROB6","7,9669","IPCA_SPREAD","B33 - 28 bps","IPCA + 6.4370%","2026-07-28","2036-01-15","1378,00","5,47","","","","2033-05-15","B33","8,2731","-28","ok","","ANBIMA Data API (web-bff)"
"CDAR11","1,5646","DI_SPREAD","CDI + 1,56%","DI + 2.0000%","2026-07-28","2027-09-27","154,00","0,61","","","","","","","","ok","","ANBIMA Data API (web-bff)"
"CDES11","8,1541","IPCA_SPREAD","B35 - 5 bps","IPCA + 8.0361%","2026-07-28","2038-12-15","1625,00","6,45","","","","2035-05-15","B35","8,2039","-5","ok","","ANBIMA Data API (web-bff)"
"CDES12","1,4000","DI_SPREAD","CDI + 1,40%","DI + 1.4000%","2026-07-28","2031-02-03","804,00","3,19","","","","","","","","ok","","ANBIMA Data API (web-bff)"
"CDGS26","0,7853","DI_SPREAD","CDI + 0,79%","DI + 1.0000%","2026-07-28","2032-01-03","876,00","3,48","","","","","","","","ok","","ANBIMA Data API (web-bff)"
"CEAB13","1,1636","DI_SPREAD","CDI + 1,16%","DI + 1.8000%","2026-07-28","2027-07-15","232,00","0,92","","","","","","","","ok","","ANBIMA Data API (web-bff)"
"CEAB14","0,8500","DI_SPREAD","CDI + 0,85%","DI + 0.8000%","2026-07-28","2028-09-15","456,00","1,81","","","","","","","","ok","","ANBIMA Data API (web-bff)"
"CEAB22","0,6907","DI_SPREAD","CDI + 0,69%","DI + 2.4000%","2026-07-28","2028-05-13","293,00","1,16","","","","","","","","ok","","ANBIMA Data API (web-bff)"
"CEAD11","8,6766","IPCA_SPREAD","B28 + 17 bps","IPCA + 6.6605%","2026-07-28","2030-06-15","489,00","1,94","","","","2028-08-15","B28","8,4900","17","ok","","ANBIMA Data API (web-bff)"
"CEAL12","8,3573","IPCA_SPREAD","B35 + 14 bps","IPCA + 7.3239%","2026-07-28","2037-08-15","1686,00","6,69","","","","2035-05-15","B35","8,2039","14","ok","","ANBIMA Data API (web-bff)"
"CEAL21","8,3223","IPCA_SPREAD","B32 + 4 bps","IPCA + 6.3618%","2026-07-28","2034-10-15","1260,00","5,00","","","","2032-08-15","B32","8,2807","4","ok","","ANBIMA Data API (web-bff)"
"CEAM11","11,1826","IPCA_SPREAD","B37 + 290 bps","IPCA + 7.5232%","2026-07-28","2045-12-15","1915,00","7,60","","","","2037-05-15","B37","8,0491","290","ok","","ANBIMA Data API (web-bff)"
"CEAP12","8,2380","IPCA_SPREAD","B30 - 8 bps","IPCA + 6.5000%","2026-07-28","2030-07-15","783,00","3,11","","","","2030-08-15","B30","8,3200","-8","ok","","ANBIMA Data API (web-bff)"
"CEAP14","8,3086","IPCA_SPREAD","B32 + 3 bps","IPCA + 6.7500%","2026-07-28","2033-12-15","1302,00","5,17","","","","2032-08-15","B32","8,2807","3","ok","","ANBIMA Data API (web-bff)"
"CEAP15","0,8095","DI_SPREAD","CDI + 0,81%","DI + 1.2000%","2026-07-28","2029-05-14","490,00","1,94","","","","","","","","ok","","ANBIMA Data API (web-bff)"
"CEAP16","0,7759","DI_SPREAD","CDI + 0,78%","DI + 1.2000%","2026-07-28","2029-09-09","534,00","2,12","","","","","","","","ok","","ANBIMA Data API (web-bff)"
"CEAP17","8,2706","IPCA_SPREAD","B35 + 6 bps","IPCA + 7.9091%","2026-07-28","2036-12-15","1622,00","6,44","","","","2035-05-15","B35","8,2039","6","ok","","ANBIMA Data API (web-bff)"
"CEAP19","8,3678","IPCA_SPREAD","B35 + 15 bps","IPCA + 7.0606%","2026-07-28","2037-06-15","1716,00","6,81","","","","2035-05-15","B35","8,2039","15","ok","","ANBIMA Data API (web-bff)"
"CEBD14","1,1542","DI_SPREAD","CDI + 1,15%","DI + 1.6000%","2026-07-28","2028-08-25","341,00","1,35","","","","","","","","ok","","ANBIMA Data API (web-bff)"
"CEBD25","1,0369","DI_SPREAD","CDI + 1,04%","DI + 1.7200%","2026-07-28","2029-06-20","513,00","2,04","","","","","","","","ok","","ANBIMA Data API (web-bff)"
"CEEBA3","0,8820","DI_SPREAD","CDI + 0,88%","DI + 1.3400%","2026-07-28","2026-10-15","55,00","0,22","","","","","","","","ok","","ANBIMA Data API (web-bff)"
"CEEBA6","1,4553","DI_SPREAD","CDI + 1,46%","DI + 1.9500%","2026-07-28","2028-08-15","430,00","1,71","","","","","","","","ok","","ANBIMA Data API (web-bff)"
"CEEBA7","0,7348","DI_SPREAD","CDI + 0,73%","DI + 1.1800%","2026-07-28","2028-11-15","496,00","1,97","","","","","","","","ok","","ANBIMA Data API (web-bff)"
"CEEBA8","0,6518","DI_SPREAD","CDI + 0,65%","DI + 0.9500%","2026-07-28","2029-06-10","600,00","2,38","","","","","","","","ok","","ANBIMA Data API (web-bff)"
"CEEBB3","1,0517","DI_SPREAD","CDI + 1,05%","DI + 1.4900%","2026-07-28","2028-10-15","376,00","1,49","","","","","","","","ok","","ANBIMA Data API (web-bff)"
"CEEBB6","8,1450","IPCA_SPREAD","B30 - 16 bps","IPCA + 6.2500%","2026-07-28","2030-08-15","784,00","3,11","","","","2030-08-15","B30","8,3200","-16","ok","","ANBIMA Data API (web-bff)"
"CEEBB7","8,1853","IPCA_SPREAD","B32 - 9 bps","IPCA + 6.1000%","2026-07-28","2033-11-15","1301,00","5,16","","","","2032-08-15","B32","8,2807","-9","ok","","ANBIMA Data API (web-bff)"
"CEEBB8","0,7356","DI_SPREAD","CDI + 0,74%","DI + 1.1000%","2026-07-28","2031-06-10","825,00","3,27","","","","","","","","ok","","ANBIMA Data API (web-bff)"
"CEEBC3","8,1317","IPCA_SPREAD","B30 - 17 bps","IPCA + 5.8224%","2026-07-28","2031-10-15","925,00","3,67","","","","2030-08-15","B30","8,3200","-17","ok","","ANBIMA Data API (web-bff)"
"CEEBC4","8,1621","IPCA_SPREAD","B31 - 11 bps","IPCA + 6.2792%","2026-07-28","2032-04-15","1010,00","4,01","","","","2031-05-15","B31","8,2825","-11","ok","","ANBIMA Data API (web-bff)"
"CEEBD1","14,4422","PREFIXADO","14,44%","Pré-Fixado 11.6692%","2026-07-28","2032-11-15","1117,00","4,43","","-0,1891","spread = (1 + Y)/(1 + L) - 1; Y = pre 14,44%; L = TaxaLTN_252 venc ref 2032-01-01 = 14,66%","","","","","ok","","ANBIMA Data API (web-bff)"
"CEEBD2","8,2067","IPCA_SPREAD","B35 + 0 bps","IPCA + 6.3000%","2026-07-28","2035-11-15","1743,00","6,92","","","","2035-05-15","B35","8,2039","0","ok","","ANBIMA Data API (web-bff)"
"CEEBE3","8,0985","IPCA_SPREAD","B31 - 17 bps","IPCA + 7.0099%","2026-07-28","2031-03-15","1003,00","3,98","","","","2031-05-15","B31","8,2825","-17","ok","","ANBIMA Data API (web-bff)"
"CEED12","8,1305","IPCA_SPREAD","B29 - 12 bps","IPCA + 7.1498%","2026-07-28","2029-12-15","760,00","3,02","","","","2029-05-15","B29","8,2619","-12","ok","","ANBIMA Data API (web-bff)"
"CEED13","8,3059","IPCA_SPREAD","B30 - 1 bps","IPCA + 6.5000%","2026-07-28","2030-07-15","783,00","3,11","","","","2030-08-15","B30","8,3200","-1","ok","","ANBIMA Data API (web-bff)"
"CEED15","8,3885","IPCA_SPREAD","B35 + 17 bps","IPCA + 6.5596%","2026-07-28","2036-05-15","1582,00","6,28","","","","2035-05-15","B35","8,2039","17","ok","","ANBIMA Data API (web-bff)"
"CEED16","0,6327","DI_SPREAD","CDI + 0,63%","DI + 1.0500%","2026-07-28","2030-08-05","589,00","2,34","","","","","","","","ok","","ANBIMA Data API (web-bff)"
"CEED17","8,2900","IPCA_SPREAD","B35 + 8 bps","IPCA + 6.6493%","2026-07-28","2036-09-15","1610,00","6,39","","","","2035-05-15","B35","8,2039","8","ok","","ANBIMA Data API (web-bff)"
"CEED18","0,6060","DI_SPREAD","CDI + 0,61%","DI + 0.8000%","2026-07-28","2030-03-25","707,00","2,81","","","","","","","","ok","","ANBIMA Data API (web-bff)"
"CEED19","8,3320","IPCA_SPREAD","B35 + 12 bps","IPCA + 7.0606%","2026-07-28","2037-06-15","1716,00","6,81","","","","2035-05-15","B35","8,2039","12","ok","","ANBIMA Data API (web-bff)"
"CEED21","8,1095","IPCA_SPREAD","B29 - 14 bps","IPCA + 5.4409%","2026-07-28","2029-08-15","587,00","2,33","","","","2029-05-15","B29","8,2619","-14","ok","","ANBIMA Data API (web-bff)"
"CEEDA0","0,7627","DI_SPREAD","CDI + 0,76%","DI + 0.6500%","2026-07-28","2032-10-15","902,00","3,58","","","","","","","","ok","","ANBIMA Data API (web-bff)"
"CEEDA1","0,7757","DI_SPREAD","CDI + 0,78%","DI + 0.7500%","2026-07-28","2033-04-15","979,00","3,88","","","","","","","","ok","","ANBIMA Data API (web-bff)"
"CEMTE2","0,7185","DI_SPREAD","CDI + 0,72%","DI + 1.0500%","2026-07-28","2029-06-10","409,00","1,62","","","","","","","","ok","","ANBIMA Data API (web-bff)"
"CEPEA1","0,9016","DI_SPREAD","CDI + 0,90%","DI + 1.3900%","2026-07-28","2026-10-15","55,00","0,22","","","","","","","","ok","","ANBIMA Data API (web-bff)"
"CEPEA3","0,7378","DI_SPREAD","CDI + 0,74%","DI + 1.1800%","2026-07-28","2028-11-15","496,00","1,97","","","","","","","","ok","","ANBIMA Data API (web-bff)"
"CEPEA4","0,8854","DI_SPREAD","CDI + 0,89%","DI + 1.1800%","2026-07-28","2029-03-18","541,00","2,15","","","","","","","","ok","","ANBIMA Data API (web-bff)"
"CEPEA6","14,4259","PREFIXADO","14,43%","Pré-Fixado 13.5966%","2026-07-28","2032-04-25","1014,00","4,02","","-0,2033","spread = (1 + Y)/(1 + L) - 1; Y = pre 14,43%; L = TaxaLTN_252 venc ref 2032-01-01 = 14,66%","","","","","ok","","ANBIMA Data API (web-bff)"
"CEPEA7","7,9979","IPCA_SPREAD","B40 + 8 bps","IPCA + 6.7929%","2026-07-28","2035-08-15","2267,00","9,00","","","","2040-08-15","B40","7,9071","8","ok","","ANBIMA Data API (web-bff)"
"CEPEA8","8,1379","IPCA_SPREAD","B31 - 13 bps","IPCA + 7.0099%","2026-07-28","2031-03-15","1002,00","3,98","","","","2031-05-15","B31","8,2825","-13","ok","","ANBIMA Data API (web-bff)"
"CEPEB1","0,9751","DI_SPREAD","CDI + 0,98%","DI + 1.5400%","2026-07-28","2028-10-15","376,00","1,49","","","","","","","","ok","","ANBIMA Data API (web-bff)"
"CEPEB2","1,0818","DI_SPREAD","CDI + 1,08%","DI + 1.6800%","2026-07-28","2029-04-15","469,00","1,86","","","","","","","","ok","","ANBIMA Data API (web-bff)"
"CEPEB3","8,1903","IPCA_SPREAD","B32 - 8 bps","IPCA + 6.1000%","2026-07-28","2033-11-15","1301,00","5,16","","","","2032-08-15","B32","8,2807","-8","ok","","ANBIMA Data API (web-bff)"
"CEPEB7","8,0944","IPCA_SPREAD","B37 + 4 bps","IPCA + 6.7392%","2026-07-28","2040-08-15","2105,00","8,35","","","","2037-05-15","B37","8,0491","4","ok","","ANBIMA Data API (web-bff)"
"CEPEC1","8,1356","IPCA_SPREAD","B30 - 17 bps","IPCA + 5.8750%","2026-07-28","2031-10-15","924,00","3,67","","","","2030-08-15","B30","8,3200","-17","ok","","ANBIMA Data API (web-bff)"
"CEPEC2","8,1294","IPCA_SPREAD","B31 - 14 bps","IPCA + 6.2792%","2026-07-28","2032-04-15","1011,00","4,01","","","","2031-05-15","B31","8,2825","-14","ok","","ANBIMA Data API (web-bff)"
"CERO19","0,6433","DI_SPREAD","CDI + 0,64%","DI + 0.8500%","2026-07-28","2029-04-15","563,00","2,23","","","","","","","","ok","","ANBIMA Data API (web-bff)"
"CEROA2","0,6241","DI_SPREAD","CDI + 0,62%","DI + 0.9500%","2026-07-28","2029-12-15","686,00","2,72","","","","","","","","ok","","ANBIMA Data API (web-bff)"
"CEROA3","14,4773","PREFIXADO","14,48%","Pré-Fixado 13.7000%","2026-07-28","2032-05-15","1026,00","4,07","","-0,1585","spread = (1 + Y)/(1 + L) - 1; Y = pre 14,48%; L = TaxaLTN_252 venc ref 2032-01-01 = 14,66%","","","","","ok","","ANBIMA Data API (web-bff)"
"CEROA4","8,3650","IPCA_SPREAD","B35 + 15 bps","IPCA + 7.2856%","2026-07-28","2035-10-15","1673,00","6,64","","","","2035-05-15","B35","8,2039","15","ok","","ANBIMA Data API (web-bff)"
"CEROB2","0,7113","DI_SPREAD","CDI + 0,71%","DI + 1.1000%","2026-07-28","2031-12-15","896,00","3,56","","","","","","","","ok","","ANBIMA Data API (web-bff)"
"CEROB4","8,1396","IPCA_SPREAD","B40 + 22 bps","IPCA + 7.1683%","2026-07-28","2040-10-15","2116,00","8,40","","","","2040-08-15","B40","7,9071","22","ok","","ANBIMA Data API (web-bff)"
"CERR18","9,7666","IPCA_SPREAD","B33 + 138 bps","IPCA + 8.3082%","2026-07-28","2034-12-15","1390,00","5,52","","","","2033-05-15","B33","8,2731","138","ok","","ANBIMA Data API (web-bff)"
"CERT11","8,5046","IPCA_SPREAD","B29 + 22 bps","IPCA + 8.1773%","2026-07-28","2029-03-15","657,00","2,61","","","","2029-05-15","B29","8,2619","22","ok","","ANBIMA Data API (web-bff)"
"CESE22","0,7368","DI_SPREAD","CDI + 0,74%","DI + 2.5000%","2026-07-28","2028-09-15","249,00","0,99","","","","","","","","ok","","ANBIMA Data API (web-bff)"
"CESE32","8,0739","IPCA_SPREAD","B30 - 23 bps","IPCA + 7.4941%","2026-07-28","2030-09-15","791,00","3,14","","","","2030-08-15","B30","8,3200","-23","ok","","ANBIMA Data API (web-bff)"
"CESPA2","8,0748","IPCA_SPREAD","B29 - 17 bps","IPCA + 4.3000%","2026-07-28","2030-08-15","699,00","2,77","","","","2029-05-15","B29","8,2619","-17","ok","","ANBIMA Data API (web-bff)"
"CESPA3","8,2230","IPCA_SPREAD","B33 - 5 bps","IPCA + 6.1661%","2026-07-28","2034-04-15","1359,00","5,39","","","","2033-05-15","B33","8,2731","-5","ok","","ANBIMA Data API (web-bff)"
"CESPA4","0,8140","DI_SPREAD","CDI + 0,81%","DI + 0.6200%","2026-07-28","2032-08-14","949,00","3,77","","","","","","","","ok","","ANBIMA Data API (web-bff)"
"CGASA1","8,2181","IPCA_SPREAD","B35 + 1 bps","IPCA + 6.3763%","2026-07-28","2034-07-15","1573,00","6,24","","","","2035-05-15","B35","8,2039","1","ok","","ANBIMA Data API (web-bff)"
"CGASA2","7,9883","IPCA_SPREAD","B37 - 6 bps","IPCA + 7.1728%","2026-07-28","2036-12-15","1850,00","7,34","","","","2037-05-15","B37","8,0491","-6","ok","","ANBIMA Data API (web-bff)"
"CGASA3","0,4651","DI_SPREAD","CDI + 0,47%","DI + 0.4500%","2026-07-28","2028-05-15","402,00","1,60","","","","","","","","ok","","ANBIMA Data API (web-bff)"
"CGASA4","8,0121","IPCA_SPREAD","B37 - 3 bps","IPCA + 6.7998%","2026-07-28","2037-09-15","1922,00","7,63","","","","2037-05-15","B37","8,0491","-3","ok","","ANBIMA Data API (web-bff)"
"CGASA5","0,6628","DI_SPREAD","CDI + 0,66%","DI + 0.7500%","2026-07-28","2029-03-15","544,00","2,16","","","","","","","","ok","","ANBIMA Data API (web-bff)"
"CGASB1","8,0962","IPCA_SPREAD","B37 + 4 bps","IPCA + 6.4504%","2026-07-28","2039-07-15","2074,00","8,23","","","","2037-05-15","B37","8,0491","4","ok","","ANBIMA Data API (web-bff)"
"CGASB4","8,0013","IPCA_SPREAD","B40 + 9 bps","IPCA + 6.5846%","2026-07-28","2040-09-15","2140,00","8,49","","","","2040-08-15","B40","7,9071","9","ok","","ANBIMA Data API (web-bff)"
"CGBP14","0,8696","DI_SPREAD","CDI + 0,87%","DI + 1.0000%","2026-07-28","2032-03-25","724,00","2,87","","","","","","","","ok","","ANBIMA Data API (web-bff)"
"CGEE13","14,3676","IPCA_SPREAD","B33 + 563 bps","IPCA + 8.7219%","2026-07-28","2041-12-14","1380,00","5,48","","","","2033-05-15","B33","8,2731","563","ok","","ANBIMA Data API (web-bff)"
"CGEE23","14,3443","IPCA_SPREAD","B33 + 561 bps","IPCA + 8.7219%","2026-07-28","2041-12-15","1381,00","5,48","","","","2033-05-15","B33","8,2731","561","ok","","ANBIMA Data API (web-bff)"
"CGMG18","7,9325","IPCA_SPREAD","B29 - 30 bps","IPCA + 5.2700%","2026-07-28","2031-08-15","581,00","2,31","","","","2029-05-15","B29","8,2619","-30","ok","","ANBIMA Data API (web-bff)"
"CGOS13","8,2619","IPCA_SPREAD","B30 - 5 bps","IPCA + 7.1000%","2026-07-28","2031-04-15","810,00","3,21","","","","2030-08-15","B30","8,3200","-5","ok","","ANBIMA Data API (web-bff)"
"CGOS15","0,6699","DI_SPREAD","CDI + 0,67%","DI + 1.0500%","2026-07-28","2030-03-20","536,00","2,13","","","","","","","","ok","","ANBIMA Data API (web-bff)"
"CGOS16","8,3596","IPCA_SPREAD","B35 + 14 bps","IPCA + 6.4895%","2026-07-28","2036-05-15","1586,00","6,29","","","","2035-05-15","B35","8,2039","14","ok","","ANBIMA Data API (web-bff)"
"CGOS17","0,6426","DI_SPREAD","CDI + 0,64%","DI + 1.0000%","2026-07-28","2030-08-05","589,00","2,34","","","","","","","","ok","","ANBIMA Data API (web-bff)"
"CGOS18","0,6512","DI_SPREAD","CDI + 0,65%","DI + 1.0000%","2026-07-28","2030-09-15","617,00","2,45","","","","","","","","ok","","ANBIMA Data API (web-bff)"
"CGOS19","0,6915","DI_SPREAD","CDI + 0,69%","DI + 0.9200%","2026-07-28","2031-11-25","948,00","3,76","","","","","","","","ok","","ANBIMA Data API (web-bff)"
"CGOS24","8,2213","IPCA_SPREAD","B30 - 9 bps","IPCA + 6.4407%","2026-07-28","2031-10-15","915,00","3,63","","","","2030-08-15","B30","8,3200","-9","ok","","ANBIMA Data API (web-bff)"
"CGOS28","8,2938","IPCA_SPREAD","B35 + 8 bps","IPCA + 6.6493%","2026-07-28","2036-09-15","1609,00","6,38","","","","2035-05-15","B35","8,2039","8","ok","","ANBIMA Data API (web-bff)"
"CGOS34","8,3555","IPCA_SPREAD","B33 + 8 bps","IPCA + 6.6789%","2026-07-28","2035-10-15","1488,00","5,90","","","","2033-05-15","B33","8,2731","8","ok","","ANBIMA Data API (web-bff)"
"CGOSA0","8,2734","IPCA_SPREAD","B35 + 6 bps","IPCA + 7.3239%","2026-07-28","2037-08-15","1688,00","6,70","","","","2035-05-15","B35","8,2039","6","ok","","ANBIMA Data API (web-bff)"
"CGOSA1","0,7758","DI_SPREAD","CDI + 0,78%","DI + 0.6500%","2026-07-28","2032-10-15","902,00","3,58","","","","","","","","ok","","ANBIMA Data API (web-bff)"
"CGOSA2","8,2841","IPCA_SPREAD","B37 + 22 bps","IPCA + 6.5700%","2026-07-28","2038-01-15","1825,00","7,24","","","","2037-05-15","B37","8,0491","22","ok","","ANBIMA Data API (web-bff)"
"CGOSB0","8,3220","IPCA_SPREAD","B35 + 11 bps","IPCA + 7.3239%","2026-07-28","2037-08-15","1687,00","6,69","","","","2035-05-15","B35","8,2039","11","ok","","ANBIMA Data API (web-bff)"
"CHSF12","0,4853","DI_SPREAD","CDI + 0,49%","DI + 0.8500%","2026-07-28","2029-04-15","563,00","2,23","","","","","","","","ok","","ANBIMA Data API (web-bff)"
"CHSF13","7,8577","IPCA_SPREAD","B31 - 39 bps","IPCA + 6.7670%","2026-07-28","2031-06-15","1049,00","4,16","","","","2031-05-15","B31","8,2825","-39","ok","","ANBIMA Data API (web-bff)"
"CHSF14","0,6321","DI_SPREAD","CDI + 0,63%","DI + 0.8500%","2026-07-28","2031-09-15","900,00","3,57","","","","","","","","ok","","ANBIMA Data API (web-bff)"
"CHSF24","0,7003","DI_SPREAD","CDI + 0,70%","DI + 1.0500%","2026-07-28","2034-09-15","1100,00","4,37","","","","","","","","ok","","ANBIMA Data API (web-bff)"
"CHTH11","0,5139","DI_SPREAD","CDI + 0,51%","DI + 0.4300%","2026-07-28","2029-12-15","605,00","2,40","","","","","","","","ok","","ANBIMA Data API (web-bff)"
"CIEL17","0,3074","DI_SPREAD","CDI + 0,31%","DI + 0.5400%","2026-07-28","2027-12-17","323,00","1,28","","","","","","","","ok","","ANBIMA Data API (web-bff)"
"CIEL18","0,4327","DI_SPREAD","CDI + 0,43%","DI + 0.5400%","2026-07-28","2029-05-08","580,00","2,30","","","","","","","","ok","","ANBIMA Data API (web-bff)"
"CIEL19","0,3871","DI_SPREAD","CDI + 0,39%","DI + 0.3900%","2026-07-28","2028-10-20","483,00","1,92","","","","","","","","ok","","ANBIMA Data API (web-bff)"
"CJEN13","8,0645","IPCA_SPREAD","B31 - 20 bps","IPCA + 8.1693%","2026-07-28","2035-12-15","1038,00","4,12","","","","2031-05-15","B31","8,2825","-20","ok","","ANBIMA Data API (web-bff)"
"CLAG13","9,5327","IPCA_SPREAD","B28 + 96 bps","IPCA + 5.4806%","2026-07-28","2028-07-15","353,00","1,40","","","","2028-08-15","B28","8,4900","96","ok","","ANBIMA Data API (web-bff)"
"CLAG15","9,1956","IPCA_SPREAD","B32 + 84 bps","IPCA + 7.7700%","2026-07-28","2032-12-15","1192,00","4,73","","","","2032-08-15","B32","8,2807","84","ok","","ANBIMA Data API (web-bff)"
"CLCD16","0,8144","DI_SPREAD","CDI + 0,81%","DI + 1.6500%","2026-07-28","2028-11-15","292,00","1,16","","","","","","","","ok","","ANBIMA Data API (web-bff)"
"CLCD17","0,9191","DI_SPREAD","CDI + 0,92%","DI + 0.9500%","2026-07-28","2031-07-15","814,00","3,23","","","","","","","","ok","","ANBIMA Data API (web-bff)"
"CLCD18","0,8059","DI_SPREAD","CDI + 0,81%","DI + 0.6700%","2026-07-28","2031-07-30","757,00","3,00","","","","","","","","ok","","ANBIMA Data API (web-bff)"
"CLCD19","0,3941","DI_SPREAD","CDI + 0,39%","DI + 0.3000%","2026-07-28","2027-02-28","146,00","0,58","","","","","","","","ok","","ANBIMA Data API (web-bff)"
"CLCD26","7,7629","IPCA_SPREAD","B29 - 46 bps","IPCA + 6.5279%","2026-07-28","2030-11-15","741,00","2,94","","","","2029-05-15","B29","8,2619","-46","ok","","ANBIMA Data API (web-bff)"
"CLCD27","7,8866","IPCA_SPREAD","B33 - 36 bps","IPCA + 6.9534%","2026-07-28","2034-07-15","1362,00","5,40","","","","2033-05-15","B33","8,2731","-36","ok","","ANBIMA Data API (web-bff)"
"CLII12","1,8578","DI_SPREAD","CDI + 1,86%","DI + 3.5000%","2026-07-28","2031-10-10","618,00","2,45","","","","","","","","ok","","ANBIMA Data API (web-bff)"
"CLIS11","1,7998","DI_SPREAD","CDI + 1,80%","DI + 3.2000%","2026-07-28","2031-10-10","587,00","2,33","","","","","","","","ok","","ANBIMA Data API (web-bff)"
"CLIS13","8,2862","IPCA_SPREAD","B32 + 1 bps","IPCA + 8.5536%","2026-07-28","2035-08-15","1229,00","4,88","","","","2032-08-15","B32","8,2807","1","ok","","ANBIMA Data API (web-bff)"
"CLMOA4","0,7055","DI_SPREAD","CDI + 0,71%","DI + 0.9500%","2026-07-28","2032-11-27","944,00","3,75","","","","","","","","ok","","ANBIMA Data API (web-bff)"
"CLNG11","","IPCA_SPREAD","—","IPCA + 8.7345%","2026-07-28","2028-06-27","","","","","","","","","","sem_taxa","Taxa indicativa vazia","ANBIMA Data API (web-bff)"
"CLTM14","9,1996","IPCA_SPREAD","B33 + 86 bps","IPCA + 7.2500%","2026-07-28","2042-01-15","1423,00","5,65","","","","2033-05-15","B33","8,2731","86","ok","","ANBIMA Data API (web-bff)"
"CMED13","0,7331","DI_SPREAD","CDI + 0,73%","DI + 0.7500%","2026-07-28","2029-05-02","483,00","1,92","","","","","","","","ok","","ANBIMA Data API (web-bff)"
"CMGD18","0,7687","DI_SPREAD","CDI + 0,77%","DI + 1.3500%","2026-07-28","2027-06-15","210,00","0,83","","","","","","","","ok","","ANBIMA Data API (web-bff)"
"CMGD28","8,0800","IPCA_SPREAD","B28 - 38 bps","IPCA + 6.1052%","2026-07-28","2029-06-15","557,00","2,21","","","","2028-08-15","B28","8,4900","-38","ok","","ANBIMA Data API (web-bff)"
"CMGDA0","0,4623","DI_SPREAD","CDI + 0,46%","DI + 0.8000%","2026-07-28","2029-02-15","432,00","1,71","","","","","","","","ok","","ANBIMA Data API (web-bff)"
"CMGDA1","0,6337","DI_SPREAD","CDI + 0,63%","DI + 0.5500%","2026-07-28","2031-09-15","840,00","3,33","","","","","","","","ok","","ANBIMA Data API (web-bff)"
"CMGDA2","0,6656","DI_SPREAD","CDI + 0,67%","DI + 0.8600%","2026-07-28","2032-03-15","898,00","3,56","","","","","","","","ok","","ANBIMA Data API (web-bff)"
"CMGDA3","0,5773","DI_SPREAD","CDI + 0,58%","DI + 0.6400%","2026-07-28","2030-04-15","643,00","2,55","","","","","","","","ok","","ANBIMA Data API (web-bff)"
"CMGDA4","7,9408","IPCA_SPREAD","B37 - 10 bps","IPCA + 6.7878%","2026-07-28","2037-10-15","1826,00","7,25","","","","2037-05-15","B37","8,0491","-10","ok","","ANBIMA Data API (web-bff)"
"CMGDB0","7,9775","IPCA_SPREAD","B33 - 27 bps","IPCA + 6.1469%","2026-07-28","2034-02-15","1322,00","5,25","","","","2033-05-15","B33","8,2731","-27","ok","","ANBIMA Data API (web-bff)"
"CMGDB1","7,9452","IPCA_SPREAD","B35 - 24 bps","IPCA + 6.5769%","2026-07-28","2036-09-15","1757,00","6,97","","","","2035-05-15","B35","8,2039","-24","ok","","ANBIMA Data API (web-bff)"
"CMGDB2","7,9168","IPCA_SPREAD","B37 - 12 bps","IPCA + 7.5467%","2026-07-28","2040-03-15","2036,00","8,08","","","","2037-05-15","B37","8,0491","-12","ok","","ANBIMA Data API (web-bff)"
"CMGDB3","0,6810","DI_SPREAD","CDI + 0,68%","DI + 0.8000%","2026-07-28","2032-04-15","919,00","3,65","","","","","","","","ok","","ANBIMA Data API (web-bff)"
"CMGDB4","7,8470","IPCA_SPREAD","B40 - 6 bps","IPCA + 6.6504%","2026-07-28","2040-10-15","2164,00","8,59","","","","2040-08-15","B40","7,9071","-6","ok","","ANBIMA Data API (web-bff)"
"CMGTA0","0,5463","DI_SPREAD","CDI + 0,55%","DI + 0.6400%","2026-07-28","2030-03-15","622,00","2,47","","","","","","","","ok","","ANBIMA Data API (web-bff)"
"CMGTA1","7,9305","IPCA_SPREAD","B37 - 11 bps","IPCA + 6.7878%","2026-07-28","2037-10-15","1827,00","7,25","","","","2037-05-15","B37","8,0491","-11","ok","","ANBIMA Data API (web-bff)"
"CMGTA2","0,6778","DI_SPREAD","CDI + 0,68%","DI + 0.7000%","2026-07-28","2031-06-10","829,00","3,29","","","","","","","","ok","","ANBIMA Data API (web-bff)"
"CMGTB1","7,8748","IPCA_SPREAD","B40 - 3 bps","IPCA + 6.6504%","2026-07-28","2040-10-15","2163,00","8,58","","","","2040-08-15","B40","7,9071","-3","ok","","ANBIMA Data API (web-bff)"
"CMIN11","15,6523","IPCA_SPREAD","B31 + 681 bps","IPCA + 4.8790%","2026-07-28","2031-07-15","1079,00","4,28","","","","2031-05-15","B31","8,2825","681","ok","","ANBIMA Data API (web-bff)"
"CMIN12","15,6014","IPCA_SPREAD","B32 + 676 bps","IPCA + 6.8798%","2026-07-28","2032-07-15","1190,00","4,72","","","","2032-08-15","B32","8,2807","676","ok","","ANBIMA Data API (web-bff)"
"CMIN21","14,9495","IPCA_SPREAD","B35 + 623 bps","IPCA + 5.0210%","2026-07-28","2036-07-15","1577,00","6,26","","","","2035-05-15","B35","8,2039","623","ok","","ANBIMA Data API (web-bff)"
"CMIN22","15,2482","IPCA_SPREAD","B35 + 651 bps","IPCA + 7.0673%","2026-07-28","2037-07-15","1613,00","6,40","","","","2035-05-15","B35","8,2039","651","ok","","ANBIMA Data API (web-bff)"
"CMPH14","","DI_SPREAD","—","DI + 1.7000%","2026-07-28","2034-01-30","","","","","","","","","","sem_taxa","Taxa indicativa vazia","ANBIMA Data API (web-bff)"
"CMTR19","0,7011","DI_SPREAD","CDI + 0,70%","DI + 1.3300%","2026-07-28","2027-12-15","208,00","0,83","","","","","","","","ok","","ANBIMA Data API (web-bff)"
"CMTR29","7,8522","IPCA_SPREAD","B29 - 38 bps","IPCA + 7.6245%","2026-07-28","2029-12-15","756,00","3,00","","","","2029-05-15","B29","8,2619","-38","ok","","ANBIMA Data API (web-bff)"
"CNLM17","0,7754","DI_SPREAD","CDI + 0,78%","DI + 0.9600%","2026-07-28","2033-04-15","1029,00","4,08","","","","","","","","ok","","ANBIMA Data API (web-bff)"
"CNRD12","9,0207","IPCA_SPREAD","B35 + 75 bps","IPCA + 7.6891%","2026-07-28","2043-05-15","1752,00","6,95","","","","2035-05-15","B35","8,2039","75","ok","","ANBIMA Data API (web-bff)"
"COCE18","9,1054","IPCA_SPREAD","B31 + 76 bps","IPCA + 6.2137%","2026-07-28","2032-05-15","1027,00","4,08","","","","2031-05-15","B31","8,2825","76","ok","","ANBIMA Data API (web-bff)"
"COCEA2","1,0499","DI_SPREAD","CDI + 1,05%","DI + 1.1000%","2026-07-28","2029-05-15","581,00","2,31","","","","","","","","ok","","ANBIMA Data API (web-bff)"
"COCEB2","9,2563","IPCA_SPREAD","B30 + 86 bps","IPCA + 7.9000%","2026-07-28","2030-05-15","823,00","3,27","","","","2030-08-15","B30","8,3200","86","ok","","ANBIMA Data API (web-bff)"
"COGNA4","1,2039","DI_SPREAD","CDI + 1,20%","DI + 1.6000%","2026-07-28","2029-11-19","579,00","2,30","","","","","","","","ok","","ANBIMA Data API (web-bff)"
"COGNA5","0,9964","DI_SPREAD","CDI + 1,00%","DI + 0.6400%","2026-07-28","2028-11-17","510,00","2,02","","","","","","","","ok","","ANBIMA Data API (web-bff)"
"COGNB2","1,1503","DI_SPREAD","CDI + 1,15%","DI + 1.6000%","2026-07-28","2029-05-15","488,00","1,94","","","","","","","","ok","","ANBIMA Data API (web-bff)"
"COLNA3","0,8162","DI_SPREAD","CDI + 0,82%","DI + 0.8000%","2026-07-28","2032-01-15","800,00","3,17","","","","","","","","ok","","ANBIMA Data API (web-bff)"
"COMR14","9,5418","IPCA_SPREAD","B32 + 116 bps","IPCA + 7.9171%","2026-07-28","2038-11-15","1309,00","5,19","","","","2032-08-15","B32","8,2807","116","ok","","ANBIMA Data API (web-bff)"
"COMR15","9,5519","IPCA_SPREAD","B33 + 118 bps","IPCA + 7.2209%","2026-07-28","2040-04-15","1392,00","5,52","","","","2033-05-15","B33","8,2731","118","ok","","ANBIMA Data API (web-bff)"
"COMT11","7,9607","IPCA_SPREAD","B30 - 33 bps","IPCA + 7.3161%","2026-07-28","2030-12-15","951,00","3,77","","","","2030-08-15","B30","8,3200","-33","ok","","ANBIMA Data API (web-bff)"
"CONF11","8,6264","IPCA_SPREAD","B35 + 39 bps","IPCA + 6.6018%","2026-07-28","2041-11-15","1555,00","6,17","","","","2035-05-15","B35","8,2039","39","ok","","ANBIMA Data API (web-bff)"
"CONX12","12,4265","IPCA_SPREAD","B28 + 363 bps","IPCA + 7.6840%","2026-07-28","2029-08-15","339,00","1,35","","","","2028-08-15","B28","8,4900","363","ok","","ANBIMA Data API (web-bff)"
"CPFGA2","7,8379","IPCA_SPREAD","B30 - 45 bps","IPCA + 6.0265%","2026-07-28","2031-05-15","843,00","3,35","","","","2030-08-15","B30","8,3200","-45","ok","","ANBIMA Data API (web-bff)"
"CPFGA3","0,6228","DI_SPREAD","CDI + 0,62%","DI + 0.5900%","2026-07-28","2031-09-10","851,00","3,38","","","","","","","","ok","","ANBIMA Data API (web-bff)"
"CPFPA2","7,8629","IPCA_SPREAD","B30 - 42 bps","IPCA + 4.3000%","2026-07-28","2031-05-15","865,00","3,43","","","","2030-08-15","B30","8,3200","-42","ok","","ANBIMA Data API (web-bff)"
"CPFPA5","7,8928","IPCA_SPREAD","B32 - 36 bps","IPCA + 6.1774%","2026-07-28","2033-10-15","1280,00","5,08","","","","2032-08-15","B32","8,2807","-36","ok","","ANBIMA Data API (web-bff)"
"CPFPA6","0,4758","DI_SPREAD","CDI + 0,48%","DI + 0.5700%","2026-07-28","2028-06-05","224,00","0,89","","","","","","","","ok","","ANBIMA Data API (web-bff)"
"CPFPA7","7,9143","IPCA_SPREAD","B33 - 33 bps","IPCA + 6.2350%","2026-07-28","2034-04-15","1360,00","5,40","","","","2033-05-15","B33","8,2731","-33","ok","","ANBIMA Data API (web-bff)"
"CPFPA8","0,5174","DI_SPREAD","CDI + 0,52%","DI + 0.4900%","2026-07-28","2029-09-10","549,00","2,18","","","","","","","","ok","","ANBIMA Data API (web-bff)"
"CPFPA9","7,9043","IPCA_SPREAD","B33 - 34 bps","IPCA + 7.7082%","2026-07-28","2035-02-15","1425,00","5,65","","","","2033-05-15","B33","8,2731","-34","ok","","ANBIMA Data API (web-bff)"
"CPFPB0","7,9425","IPCA_SPREAD","B33 - 31 bps","IPCA + 6.9249%","2026-07-28","2035-05-15","1511,00","6,00","","","","2033-05-15","B33","8,2731","-31","ok","","ANBIMA Data API (web-bff)"
"CPFPB1","7,9534","IPCA_SPREAD","B35 - 23 bps","IPCA + 6.8967%","2026-07-28","2035-09-15","1542,00","6,12","","","","2035-05-15","B35","8,2039","-23","ok","","ANBIMA Data API (web-bff)"
"CPFPB7","7,8425","IPCA_SPREAD","B37 - 19 bps","IPCA + 6.3018%","2026-07-28","2039-04-15","2031,00","8,06","","","","2037-05-15","B37","8,0491","-19","ok","","ANBIMA Data API (web-bff)"
"CPFPB8","0,5708","DI_SPREAD","CDI + 0,57%","DI + 0.5900%","2026-07-28","2031-09-10","851,00","3,38","","","","","","","","ok","","ANBIMA Data API (web-bff)"
"CPGT17","0,8217","DI_SPREAD","CDI + 0,82%","DI + 1.3800%","2026-07-28","2026-10-15","55,00","0,22","","","","","","","","ok","","ANBIMA Data API (web-bff)"
"CPGT18","0,6724","DI_SPREAD","CDI + 0,67%","DI + 1.4000%","2026-07-28","2030-01-15","619,00","2,46","","","","","","","","ok","","ANBIMA Data API (web-bff)"
"CPGT19","0,5108","DI_SPREAD","CDI + 0,51%","DI + 0.5200%","2026-07-28","2029-10-10","466,00","1,85","","","","","","","","ok","","ANBIMA Data API (web-bff)"
"CPGT27","7,8847","IPCA_SPREAD","B30 - 40 bps","IPCA + 5.7138%","2026-07-28","2031-10-15","927,00","3,68","","","","2030-08-15","B30","8,3200","-40","ok","","ANBIMA Data API (web-bff)"
"CPGT28","7,9624","IPCA_SPREAD","B33 - 29 bps","IPCA + 6.8226%","2026-07-28","2035-01-15","1482,00","5,88","","","","2033-05-15","B33","8,2731","-29","ok","","ANBIMA Data API (web-bff)"
"CPGT29","0,7098","DI_SPREAD","CDI + 0,71%","DI + 0.6900%","2026-07-28","2031-10-10","856,00","3,40","","","","","","","","ok","","ANBIMA Data API (web-bff)"
"CPGT39","0,7996","DI_SPREAD","CDI + 0,80%","DI + 0.9500%","2026-07-28","2034-10-10","1118,00","4,44","","","","","","","","ok","","ANBIMA Data API (web-bff)"
"CPGTA0","0,4649","DI_SPREAD","CDI + 0,46%","DI + 0.5900%","2026-07-28","2029-02-15","433,00","1,72","","","","","","","","ok","","ANBIMA Data API (web-bff)"
"CPGTA1","7,9069","IPCA_SPREAD","B35 - 27 bps","IPCA + 7.1841%","2026-07-28","2038-01-15","1715,00","6,81","","","","2035-05-15","B35","8,2039","-27","ok","","ANBIMA Data API (web-bff)"
"CPGTB0","0,7548","DI_SPREAD","CDI + 0,75%","DI + 0.7900%","2026-07-28","2032-02-15","879,00","3,49","","","","","","","","ok","","ANBIMA Data API (web-bff)"
"CPGTC0","7,9219","IPCA_SPREAD","B33 - 32 bps","IPCA + 7.4820%","2026-07-28","2037-02-15","1535,00","6,09","","","","2033-05-15","B33","8,2731","-32","ok","","ANBIMA Data API (web-bff)"
"CPIS13","8,3813","IPCA_SPREAD","B35 + 16 bps","IPCA + 6.8091%","2026-07-28","2036-09-15","1601,00","6,35","","","","2035-05-15","B35","8,2039","16","ok","","ANBIMA Data API (web-bff)"
"CPIS14","8,2862","IPCA_SPREAD","B35 + 8 bps","IPCA + 7.3239%","2026-07-28","2037-08-15","1688,00","6,70","","","","2035-05-15","B35","8,2039","8","ok","","ANBIMA Data API (web-bff)"
"CPIS15","8,3563","IPCA_SPREAD","B35 + 14 bps","IPCA + 7.1962%","2026-07-28","2037-09-15","1711,00","6,79","","","","2035-05-15","B35","8,2039","14","ok","","ANBIMA Data API (web-bff)"
"CPIS16","8,2844","IPCA_SPREAD","B37 + 22 bps","IPCA + 6.5700%","2026-07-28","2038-01-15","1825,00","7,24","","","","2037-05-15","B37","8,0491","22","ok","","ANBIMA Data API (web-bff)"
"CPLD15","7,7589","IPCA_SPREAD","B27 - 35 bps","IPCA + 4.2000%","2026-07-28","2027-11-15","194,00","0,77","","","","2027-05-15","B27","8,1391","-35","ok","","ANBIMA Data API (web-bff)"
"CPLD19","0,5999","DI_SPREAD","CDI + 0,60%","DI + 0.6000%","2026-07-28","2031-05-15","737,00","2,92","","","","","","","","ok","","ANBIMA Data API (web-bff)"
"CPLD26","7,8483","IPCA_SPREAD","B30 - 44 bps","IPCA + 4.7742%","2026-07-28","2031-06-15","880,00","3,49","","","","2030-08-15","B30","8,3200","-44","ok","","ANBIMA Data API (web-bff)"
"CPLD27","0,8882","DI_SPREAD","CDI + 0,89%","DI + 1.3600%","2026-07-28","2027-05-15","190,00","0,75","","","","","","","","ok","","ANBIMA Data API (web-bff)"
"CPLD29","7,9295","IPCA_SPREAD","B33 - 32 bps","IPCA + 6.2831%","2026-07-28","2036-05-15","1448,00","5,75","","","","2033-05-15","B33","8,2731","-32","ok","","ANBIMA Data API (web-bff)"
"CPLD37","7,9034","IPCA_SPREAD","B31 - 35 bps","IPCA + 6.1732%","2026-07-28","2032-05-15","1034,00","4,10","","","","2031-05-15","B31","8,2825","-35","ok","","ANBIMA Data API (web-bff)"
"CPLD38","1,5210","DI_SPREAD","CDI + 1,52%","DI + 2.2500%","2026-07-28","2028-06-15","419,00","1,66","","","","","","","","ok","","ANBIMA Data API (web-bff)"
"CPLDA0","0,5663","DI_SPREAD","CDI + 0,57%","DI + 0.4300%","2026-07-28","2030-07-15","630,00","2,50","","","","","","","","ok","","ANBIMA Data API (web-bff)"
"CPLDA1","7,9104","IPCA_SPREAD","B35 - 27 bps","IPCA + 7.1841%","2026-07-28","2038-01-15","1715,00","6,81","","","","2035-05-15","B35","8,2039","-27","ok","","ANBIMA Data API (web-bff)"
"CPLDB0","0,6891","DI_SPREAD","CDI + 0,69%","DI + 0.5800%","2026-07-28","2032-07-15","1008,00","4,00","","","","","","","","ok","","ANBIMA Data API (web-bff)"
"CPLDC0","7,9084","IPCA_SPREAD","B35 - 27 bps","IPCA + 6.9543%","2026-07-28","2037-07-15","1656,00","6,57","","","","2035-05-15","B35","8,2039","-27","ok","","ANBIMA Data API (web-bff)"
"CPREA0","0,6921","DI_SPREAD","CDI + 0,69%","DI + 1.1200%","2026-07-28","2028-12-12","514,00","2,04","","","","","","","","ok","","ANBIMA Data API (web-bff)"
"CPTE12","0,8999","DI_SPREAD","CDI + 0,90%","DI + 1.7000%","2026-07-28","2031-07-15","593,00","2,35","","","","","","","","ok","","ANBIMA Data API (web-bff)"
"CRCF12","9,1656","IPCA_SPREAD","B37 + 103 bps","IPCA + 8.4668%","2026-07-28","2041-03-15","1919,00","7,62","","","","2037-05-15","B37","8,0491","103","ok","","ANBIMA Data API (web-bff)"
"CRMG15","8,2709","IPCA_SPREAD","B29 + 1 bps","IPCA + 5.9668%","2026-07-28","2030-12-15","665,00","2,64","","","","2029-05-15","B29","8,2619","1","ok","","ANBIMA Data API (web-bff)"
"CRNP13","8,8756","IPCA_SPREAD","B40 + 90 bps","IPCA + 8.3702%","2026-07-28","2047-12-15","2168,00","8,60","","","","2040-08-15","B40","7,9071","90","ok","","ANBIMA Data API (web-bff)"
"CRNP23","8,8462","IPCA_SPREAD","B40 + 87 bps","IPCA + 8.3702%","2026-07-28","2047-12-15","2170,00","8,61","","","","2040-08-15","B40","7,9071","87","ok","","ANBIMA Data API (web-bff)"
"CRTA12","9,0607","IPCA_SPREAD","B37 + 94 bps","IPCA + 7.7178%","2026-07-28","2043-12-15","2006,00","7,96","","","","2037-05-15","B37","8,0491","94","ok","","ANBIMA Data API (web-bff)"
"CRTR12","9,1987","IPCA_SPREAD","B35 + 92 bps","IPCA + 7.3201%","2026-07-28","2041-08-15","1619,00","6,42","","","","2035-05-15","B35","8,2039","92","ok","","ANBIMA Data API (web-bff)"
"CSAN15","2,1681","DI_SPREAD","CDI + 2,17%","DI + 2.4000%","2026-07-28","2028-04-20","380,00","1,51","","","","","","","","ok","","ANBIMA Data API (web-bff)"
"CSAN18","1,4990","DI_SPREAD","CDI + 1,50%","DI + 1.8000%","2026-07-28","2031-01-21","774,00","3,07","","","","","","","","ok","","ANBIMA Data API (web-bff)"
"CSAN23","1,5753","DI_SPREAD","CDI + 1,58%","DI + 2.0000%","2026-07-28","2031-08-15","730,00","2,90","","","","","","","","ok","","ANBIMA Data API (web-bff)"
"CSAN24","1,8316","DI_SPREAD","CDI + 1,83%","DI + 1.9000%","2026-07-28","2032-05-05","846,00","3,36","","","","","","","","ok","","ANBIMA Data API (web-bff)"
"CSAN33","10,8215","IPCA_SPREAD","B30 + 231 bps","IPCA + 5.7531%","2026-07-28","2031-08-15","874,00","3,47","","","","2030-08-15","B30","8,3200","231","ok","","ANBIMA Data API (web-bff)"
"CSANA0","1,5467","DI_SPREAD","CDI + 1,55%","DI + 1.0000%","2026-07-28","2029-06-28","521,00","2,07","","","","","","","","ok","","ANBIMA Data API (web-bff)"
"CSANA2","1,7017","DI_SPREAD","CDI + 1,70%","DI + 0.6000%","2026-07-28","2029-01-27","626,00","2,48","","","","","","","","ok","","ANBIMA Data API (web-bff)"
"CSANB0","1,6822","DI_SPREAD","CDI + 1,68%","DI + 1.5000%","2026-07-28","2034-06-28","1103,00","4,38","","","","","","","","ok","","ANBIMA Data API (web-bff)"
"CSANB1","1,5762","DI_SPREAD","CDI + 1,58%","DI + 0.7200%","2026-07-28","2030-01-08","701,00","2,78","","","","","","","","ok","","ANBIMA Data API (web-bff)"
"CSANB2","1,4368","DI_SPREAD","CDI + 1,44%","DI + 0.7000%","2026-07-28","2030-03-27","640,00","2,54","","","","","","","","ok","","ANBIMA Data API (web-bff)"
"CSANC1","2,0919","DI_SPREAD","CDI + 2,09%","DI + 1.3000%","2026-07-28","2035-01-08","1230,00","4,88","","","","","","","","ok","","ANBIMA Data API (web-bff)"
"CSANC2","1,7768","DI_SPREAD","CDI + 1,78%","DI + 1.0000%","2026-07-28","2032-03-27","850,00","3,37","","","","","","","","ok","","ANBIMA Data API (web-bff)"
"CSED12","0,9750","DI_SPREAD","CDI + 0,98%","DI + 1.3500%","2026-07-28","2030-02-05","507,00","2,01","","","","","","","","ok","","ANBIMA Data API (web-bff)"
"CSMGA6","7,7560","IPCA_SPREAD","B29 - 47 bps","IPCA + 5.2306%","2026-07-28","2031-09-15","574,00","2,28","","","","2029-05-15","B29","8,2619","-47","ok","","ANBIMA Data API (web-bff)"
"CSMGA7","0,7847","DI_SPREAD","CDI + 0,78%","DI + 1.3000%","2026-07-28","2029-12-16","376,00","1,49","","","","","","","","ok","","ANBIMA Data API (web-bff)"
"CSMGA8","0,8845","DI_SPREAD","CDI + 0,88%","DI + 1.2000%","2026-07-28","2030-09-15","441,00","1,75","","","","","","","","ok","","ANBIMA Data API (web-bff)"
"CSMGA9","0,7038","DI_SPREAD","CDI + 0,70%","DI + 0.9000%","2026-07-28","2034-07-15","798,00","3,17","","","","","","","","ok","","ANBIMA Data API (web-bff)"
"CSMGB0","0,6716","DI_SPREAD","CDI + 0,67%","DI + 0.6000%","2026-07-28","2035-05-15","891,00","3,54","","","","","","","","ok","","ANBIMA Data API (web-bff)"
"CSMGB6","0,7151","DI_SPREAD","CDI + 0,72%","DI + 1.3000%","2026-07-28","2026-09-15","34,00","0,13","","","","","","","","ok","","ANBIMA Data API (web-bff)"
"CSMGB8","8,9619","IPCA_SPREAD","B28 + 43 bps","IPCA + 7.1000%","2026-07-28","2030-09-15","479,00","1,90","","","","2028-08-15","B28","8,4900","43","ok","","ANBIMA Data API (web-bff)"
"CSMGB9","9,3600","IPCA_SPREAD","B30 + 96 bps","IPCA + 7.2735%","2026-07-28","2034-07-15","916,00","3,63","","","","2030-08-15","B30","8,3200","96","ok","","ANBIMA Data API (web-bff)"
"CSMGC0","9,0509","IPCA_SPREAD","B31 + 71 bps","IPCA + 8.2100%","2026-07-28","2035-05-15","1040,00","4,13","","","","2031-05-15","B31","8,2825","71","ok","","ANBIMA Data API (web-bff)"
"CSMGD1","0,7647","DI_SPREAD","CDI + 0,76%","DI + 0.5200%","2026-07-28","2035-10-15","962,00","3,82","","","","","","","","ok","","ANBIMA Data API (web-bff)"
"CSMGD2","0,7631","DI_SPREAD","CDI + 0,76%","DI + 0.6500%","2026-07-28","2036-03-15","996,00","3,95","","","","","","","","ok","","ANBIMA Data API (web-bff)"
"CSMGE1","9,1330","IPCA_SPREAD","B31 + 79 bps","IPCA + 8.3342%","2026-07-28","2035-10-15","1119,00","4,44","","","","2031-05-15","B31","8,2825","79","ok","","ANBIMA Data API (web-bff)"
"CSMGE2","9,3998","IPCA_SPREAD","B32 + 103 bps","IPCA + 8.5670%","2026-07-28","2036-03-15","1168,00","4,63","","","","2032-08-15","B32","8,2807","103","ok","","ANBIMA Data API (web-bff)"
"CSNAA1","17,4080","DI_SPREAD","CDI + 17,41%","DI + 1.6500%","2026-07-28","2028-11-10","379,00","1,50","","","","","","","","ok","","ANBIMA Data API (web-bff)"
"CSNAA2","15,7907","DI_SPREAD","CDI + 15,79%","DI + 2.5000%","2026-07-28","2027-12-20","203,00","0,81","","","","","","","","ok","","ANBIMA Data API (web-bff)"
"CSNAA4","29,3745","IPCA_SPREAD","B30 + 1944 bps","IPCA + 6.5000%","2026-07-28","2030-07-15","837,00","3,32","","","","2030-08-15","B30","8,3200","1944","ok","","ANBIMA Data API (web-bff)"
"CSNAA5","20,6887","IPCA_SPREAD","B32 + 1146 bps","IPCA + 6.8300%","2026-07-28","2034-04-15","1192,00","4,73","","","","2032-08-15","B32","8,2807","1146","ok","","ANBIMA Data API (web-bff)"
"CSNAA6","21,8095","IPCA_SPREAD","B32 + 1249 bps","IPCA + 7.5888%","2026-07-28","2034-11-15","1299,00","5,15","","","","2032-08-15","B32","8,2807","1249","ok","","ANBIMA Data API (web-bff)"
"CSNAB4","20,8398","IPCA_SPREAD","B31 + 1160 bps","IPCA + 6.8000%","2026-07-28","2033-07-15","1137,00","4,51","","","","2031-05-15","B31","8,2825","1160","ok","","ANBIMA Data API (web-bff)"
"CSNAB5","17,6410","IPCA_SPREAD","B35 + 872 bps","IPCA + 6.9924%","2026-07-28","2039-04-15","1588,00","6,30","","","","2035-05-15","B35","8,2039","872","ok","","ANBIMA Data API (web-bff)"
"CSNAB6","17,8684","IPCA_SPREAD","B33 + 886 bps","IPCA + 7.6952%","2026-07-28","2039-11-15","1580,00","6,27","","","","2033-05-15","B33","8,2731","886","ok","","ANBIMA Data API (web-bff)"
"CSNAC4","17,5793","IPCA_SPREAD","B35 + 866 bps","IPCA + 7.0000%","2026-07-28","2038-07-15","1608,00","6,38","","","","2035-05-15","B35","8,2039","866","ok","","ANBIMA Data API (web-bff)"
"CSNP12","8,5130","IPCA_SPREAD","B29 + 23 bps","IPCA + 7.9461%","2026-07-28","2032-06-15","736,00","2,92","","","","2029-05-15","B29","8,2619","23","ok","","ANBIMA Data API (web-bff)"
"CSRN29","8,2211","IPCA_SPREAD","B28 - 25 bps","IPCA + 4.4986%","2026-07-28","2029-04-15","403,00","1,60","","","","2028-08-15","B28","8,4900","-25","ok","","ANBIMA Data API (web-bff)"
"CSRNA1","8,2106","IPCA_SPREAD","B28 - 26 bps","IPCA + 6.4482%","2026-07-28","2028-06-15","448,00","1,78","","","","2028-08-15","B28","8,4900","-26","ok","","ANBIMA Data API (web-bff)"
"CSRNA2","0,7444","DI_SPREAD","CDI + 0,74%","DI + 0.9600%","2026-07-28","2031-03-15","767,00","3,04","","","","","","","","ok","","ANBIMA Data API (web-bff)"
"CSRNA4","8,1736","IPCA_SPREAD","B31 - 10 bps","IPCA + 7.0099%","2026-07-28","2031-03-15","1002,00","3,98","","","","2031-05-15","B31","8,2825","-10","ok","","ANBIMA Data API (web-bff)"
"CSRNB2","8,2027","IPCA_SPREAD","B33 - 7 bps","IPCA + 6.0691%","2026-07-28","2034-03-15","1341,00","5,32","","","","2033-05-15","B33","8,2731","-7","ok","","ANBIMA Data API (web-bff)"
"CSRNB3","8,1751","IPCA_SPREAD","B35 - 3 bps","IPCA + 6.3000%","2026-07-28","2035-11-15","1744,00","6,92","","","","2035-05-15","B35","8,2039","-3","ok","","ANBIMA Data API (web-bff)"
"CSRNC0","8,0561","IPCA_SPREAD","B29 - 19 bps","IPCA + 6.6230%","2026-07-28","2029-07-15","575,00","2,28","","","","2029-05-15","B29","8,2619","-19","ok","","ANBIMA Data API (web-bff)"
"CTEE18","7,7206","IPCA_SPREAD","B29 - 50 bps","IPCA + 3.5000%","2026-07-28","2029-12-15","565,00","2,24","","","","2029-05-15","B29","8,2619","-50","ok","","ANBIMA Data API (web-bff)"
"CTEE19","0,4001","DI_SPREAD","CDI + 0,40%","DI + 2.8300%","2026-07-28","2028-11-15","290,00","1,15","","","","","","","","ok","","ANBIMA Data API (web-bff)"
"CTEE1B","7,7767","IPCA_SPREAD","B31 - 47 bps","IPCA + 5.7710%","2026-07-28","2031-10-15","1121,00","4,45","","","","2031-05-15","B31","8,2825","-47","ok","","ANBIMA Data API (web-bff)"
"CTEE29","7,8613","IPCA_SPREAD","B35 - 32 bps","IPCA + 5.3000%","2026-07-28","2044-05-15","1676,00","6,65","","","","2035-05-15","B35","8,2039","-32","ok","","ANBIMA Data API (web-bff)"
"CTEE2B","7,6525","IPCA_SPREAD","B40 - 24 bps","IPCA + 5.8640%","2026-07-28","2039-10-15","2125,00","8,43","","","","2040-08-15","B40","7,9071","-24","ok","","ANBIMA Data API (web-bff)"
"CTGE11","7,7182","IPCA_SPREAD","B27 - 39 bps","IPCA + 3.7500%","2026-07-28","2028-11-15","285,00","1,13","","","","2027-05-15","B27","8,1391","-39","ok","","ANBIMA Data API (web-bff)"
"CTGE13","7,7476","IPCA_SPREAD","B29 - 48 bps","IPCA + 5.3455%","2026-07-28","2029-09-15","717,00","2,85","","","","2029-05-15","B29","8,2619","-48","ok","","ANBIMA Data API (web-bff)"
"CTGE15","7,8745","IPCA_SPREAD","B31 - 38 bps","IPCA + 6.3423%","2026-07-28","2031-04-15","1016,00","4,03","","","","2031-05-15","B31","8,2825","-38","ok","","ANBIMA Data API (web-bff)"
"CTNSA2","0,6601","DI_SPREAD","CDI + 0,66%","DI + 1.0000%","2026-07-28","2030-02-25","686,00","2,72","","","","","","","","ok","","ANBIMA Data API (web-bff)"
"CTNSA3","8,3253","IPCA_SPREAD","B33 + 5 bps","IPCA + 7.3000%","2026-07-28","2035-05-15","1490,00","5,91","","","","2033-05-15","B33","8,2731","5","ok","","ANBIMA Data API (web-bff)"
"CTNSA5","8,3405","IPCA_SPREAD","B35 + 13 bps","IPCA + 6.6675%","2026-07-28","2036-02-15","1731,00","6,87","","","","2035-05-15","B35","8,2039","13","ok","","ANBIMA Data API (web-bff)"
"CTRR11","7,7974","IPCA_SPREAD","B29 - 43 bps","IPCA + 6.9094%","2026-07-28","2032-08-15","652,00","2,59","","","","2029-05-15","B29","8,2619","-43","ok","","ANBIMA Data API (web-bff)"
"CUTI11","8,0694","IPCA_SPREAD","B29 - 18 bps","IPCA + 5.8813%","2026-07-28","2031-12-15","674,00","2,67","","","","2029-05-15","B29","8,2619","-18","ok","","ANBIMA Data API (web-bff)"
"CVCB14","4,1775","DI_SPREAD","CDI + 4,18%","DI + 4.5000%","2026-07-28","2028-10-30","228,00","0,90","","","","","","","","ok","","ANBIMA Data API (web-bff)"
"CVRDA6","","IGP-M","—","IGPM + 0.0000%","2026-07-28","2100-01-01","","","","","","","","","","sem_taxa","Taxa indicativa vazia (comum em IGP-M)","ANBIMA Data API (web-bff)"
"CYAR11","11,1814","IPCA_SPREAD","B37 + 290 bps","IPCA + 7.5232%","2026-07-28","2045-12-15","1924,00","7,63","","","","2037-05-15","B37","8,0491","290","ok","","ANBIMA Data API (web-bff)"
"DASAA6","1,5741","DI_SPREAD","CDI + 1,57%","DI + 1.6000%","2026-07-28","2026-07-23","1,00","0,00","","","","","","","","ok","","ANBIMA Data API (web-bff)"
"DASAB2","2,5786","DI_SPREAD","CDI + 2,58%","DI + 3.4000%","2026-07-28","2030-11-20","640,00","2,54","","","","","","","","ok","","ANBIMA Data API (web-bff)"
"DASAB4","1,4838","DI_SPREAD","CDI + 1,48%","DI + 2.4000%","2026-07-28","2027-10-20","169,00","0,67","","","","","","","","ok","","ANBIMA Data API (web-bff)"
"DASAB5","2,2202","DI_SPREAD","CDI + 2,22%","DI + 1.7000%","2026-07-28","2028-10-30","482,00","1,91","","","","","","","","ok","","ANBIMA Data API (web-bff)"
"DASAC2","2,8631","DI_SPREAD","CDI + 2,86%","DI + 3.4000%","2026-07-28","2030-11-20","639,00","2,54","","","","","","","","ok","","ANBIMA Data API (web-bff)"
"DASAC5","2,9032","DI_SPREAD","CDI + 2,90%","DI + 2.0500%","2026-07-28","2031-10-30","899,00","3,57","","","","","","","","ok","","ANBIMA Data API (web-bff)"
"DESK17","8,1572","IPCA_SPREAD","B30 - 15 bps","IPCA + 7.4408%","2026-07-28","2031-06-15","848,00","3,37","","","","2030-08-15","B30","8,3200","-15","ok","","ANBIMA Data API (web-bff)"
"DESK18","8,1150","IPCA_SPREAD","B31 - 15 bps","IPCA + 7.9356%","2026-07-28","2032-06-15","1113,00","4,42","","","","2031-05-15","B31","8,2825","-15","ok","","ANBIMA Data API (web-bff)"
"DESK19","8,1041","IPCA_SPREAD","B31 - 16 bps","IPCA + 8.1215%","2026-07-28","2032-09-15","1131,00","4,49","","","","2031-05-15","B31","8,2825","-16","ok","","ANBIMA Data API (web-bff)"
"DXCO13","0,7477","DI_SPREAD","CDI + 0,75%","DI + 0.5300%","2026-07-28","2031-10-15","861,00","3,42","","","","","","","","ok","","ANBIMA Data API (web-bff)"
"EBAS13","8,8597","IPCA_SPREAD","B30 + 50 bps","IPCA + 8.6000%","2026-07-28","2035-11-15","941,00","3,73","","","","2030-08-15","B30","8,3200","50","ok","","ANBIMA Data API (web-bff)"
"EBENA6","0,5917","DI_SPREAD","CDI + 0,59%","DI + 0.8900%","2026-07-28","2028-03-04","247,00","0,98","","","","","","","","ok","","ANBIMA Data API (web-bff)"
"EBENA7","0,8893","DI_SPREAD","CDI + 0,89%","DI + 0.6800%","2026-07-28","2028-06-20","320,00","1,27","","","","","","","","ok","","ANBIMA Data API (web-bff)"
"EBENA8","8,0919","IPCA_SPREAD","B35 - 10 bps","IPCA + 7.2843%","2026-07-28","2036-12-15","1717,00","6,81","","","","2035-05-15","B35","8,2039","-10","ok","","ANBIMA Data API (web-bff)"
"EBENB1","0,6267","DI_SPREAD","CDI + 0,63%","DI + 0.6300%","2026-07-28","2030-12-19","766,00","3,04","","","","","","","","ok","","ANBIMA Data API (web-bff)"
"EBENC1","0,6942","DI_SPREAD","CDI + 0,69%","DI + 0.7300%","2026-07-28","2032-12-19","1023,00","4,06","","","","","","","","ok","","ANBIMA Data API (web-bff)"
"ECER12","8,1588","IPCA_SPREAD","B27 + 2 bps","IPCA + 6.3500%","2026-07-28","2027-09-15","284,00","1,13","","","","2027-05-15","B27","8,1391","2","ok","","ANBIMA Data API (web-bff)"
"ECHP11","8,4205","IPCA_SPREAD","B28 - 6 bps","IPCA + 6.9000%","2026-07-28","2030-06-15","534,00","2,12","","","","2028-08-15","B28","8,4900","-6","ok","","ANBIMA Data API (web-bff)"
"ECHP12","8,4360","IPCA_SPREAD","B28 - 5 bps","IPCA + 4.7500%","2026-07-28","2030-12-15","476,00","1,89","","","","2028-08-15","B28","8,4900","-5","ok","","ANBIMA Data API (web-bff)"
"ECHP22","8,4210","IPCA_SPREAD","B28 - 6 bps","IPCA + 4.7500%","2026-07-28","2031-01-15","478,00","1,90","","","","2028-08-15","B28","8,4900","-6","ok","","ANBIMA Data API (web-bff)"
"ECOV16","8,8220","IPCA_SPREAD","B31 + 50 bps","IPCA + 6.0950%","2026-07-28","2033-02-15","1059,00","4,20","","","","2031-05-15","B31","8,2825","50","ok","","ANBIMA Data API (web-bff)"
"ECOV17","0,8132","DI_SPREAD","CDI + 0,81%","DI + 1.2500%","2026-07-28","2032-02-25","813,00","3,23","","","","","","","","ok","","ANBIMA Data API (web-bff)"
"ECPN11","9,9762","IPCA_SPREAD","B31 + 156 bps","IPCA + 4.4000%","2026-07-28","2034-10-15","1089,00","4,32","","","","2031-05-15","B31","8,2825","156","ok","","ANBIMA Data API (web-bff)"
"ECRD14","8,8917","IPCA_SPREAD","B40 + 91 bps","IPCA + 8.3939%","2026-07-28","2047-09-15","2145,00","8,51","","","","2040-08-15","B40","7,9071","91","ok","","ANBIMA Data API (web-bff)"
"EDFT11","8,7261","IPCA_SPREAD","B35 + 48 bps","IPCA + 6.8209%","2026-07-28","2049-05-15","1629,00","6,46","","","","2035-05-15","B35","8,2039","48","ok","","ANBIMA Data API (web-bff)"
"EDPA11","8,0427","IPCA_SPREAD","B35 - 15 bps","IPCA + 8.3431%","2026-07-28","2044-10-15","1634,00","6,48","","","","2035-05-15","B35","8,2039","-15","ok","","ANBIMA Data API (web-bff)"
"EDPR13","0,6338","DI_SPREAD","CDI + 0,63%","DI + 0.5200%","2026-07-28","2030-12-10","588,00","2,33","","","","","","","","ok","","ANBIMA Data API (web-bff)"
"EDPR23","0,7512","DI_SPREAD","CDI + 0,75%","DI + 0.6000%","2026-07-28","2032-12-10","1018,00","4,04","","","","","","","","ok","","ANBIMA Data API (web-bff)"
"EDPT11","8,1628","IPCA_SPREAD","B30 - 15 bps","IPCA + 7.0267%","2026-07-28","2033-05-15","837,00","3,32","","","","2030-08-15","B30","8,3200","-15","ok","","ANBIMA Data API (web-bff)"
"EDTE12","7,8728","IPCA_SPREAD","B28 - 57 bps","IPCA + 5.2939%","2026-07-28","2028-12-15","426,00","1,69","","","","2028-08-15","B28","8,4900","-57","ok","","ANBIMA Data API (web-bff)"
"EDVP17","8,1608","IPCA_SPREAD","B31 - 11 bps","IPCA + 6.0996%","2026-07-28","2032-01-15","982,00","3,90","","","","2031-05-15","B31","8,2825","-11","ok","","ANBIMA Data API (web-bff)"
"EDVP18","0,2817","DI_SPREAD","CDI + 0,28%","DI + 1.6000%","2026-07-28","2027-08-22","131,00","0,52","","","","","","","","ok","","ANBIMA Data API (web-bff)"
"EEELA0","7,9270","IPCA_SPREAD","B32 - 33 bps","IPCA + 6.1774%","2026-07-28","2033-10-15","1280,00","5,08","","","","2032-08-15","B32","8,2807","-33","ok","","ANBIMA Data API (web-bff)"
"EEELA1","7,9642","IPCA_SPREAD","B33 - 29 bps","IPCA + 6.0994%","2026-07-28","2034-04-15","1364,00","5,41","","","","2033-05-15","B33","8,2731","-29","ok","","ANBIMA Data API (web-bff)"
"EEELA3","0,4685","DI_SPREAD","CDI + 0,47%","DI + 0.4900%","2026-07-28","2029-09-10","549,00","2,18","","","","","","","","ok","","ANBIMA Data API (web-bff)"
"EEELA4","7,9483","IPCA_SPREAD","B33 - 30 bps","IPCA + 7.7082%","2026-07-28","2035-02-15","1424,00","5,65","","","","2033-05-15","B33","8,2731","-30","ok","","ANBIMA Data API (web-bff)"
"EEELA5","0,5325","DI_SPREAD","CDI + 0,53%","DI + 0.4500%","2026-07-28","2030-05-15","731,00","2,90","","","","","","","","ok","","ANBIMA Data API (web-bff)"
"EEELB1","7,8668","IPCA_SPREAD","B37 - 17 bps","IPCA + 6.1572%","2026-07-28","2039-04-15","2039,00","8,09","","","","2037-05-15","B37","8,0491","-17","ok","","ANBIMA Data API (web-bff)"
"EEELB5","7,8947","IPCA_SPREAD","B33 - 35 bps","IPCA + 6.9249%","2026-07-28","2035-05-15","1512,00","6,00","","","","2033-05-15","B33","8,2731","-35","ok","","ANBIMA Data API (web-bff)"
"EGIE27","7,5642","IPCA_SPREAD","B27 - 53 bps","IPCA + 5.9033%","2026-07-28","2028-07-15","319,00","1,27","","","","2027-05-15","B27","8,1391","-53","ok","","ANBIMA Data API (web-bff)"
"EGIE29","7,9451","IPCA_SPREAD","B28 - 50 bps","IPCA + 3.9000%","2026-07-28","2029-07-15","473,00","1,88","","","","2028-08-15","B28","8,4900","-50","ok","","ANBIMA Data API (web-bff)"
"EGIE49","7,9781","IPCA_SPREAD","B28 - 47 bps","IPCA + 3.7000%","2026-07-28","2029-07-15","468,00","1,86","","","","2028-08-15","B28","8,4900","-47","ok","","ANBIMA Data API (web-bff)"
"EGIEA0","7,7309","IPCA_SPREAD","B40 - 16 bps","IPCA + 5.7158%","2026-07-28","2046-09-15","2120,00","8,41","","","","2040-08-15","B40","7,9071","-16","ok","","ANBIMA Data API (web-bff)"
"EGIEA1","7,7395","IPCA_SPREAD","B32 - 50 bps","IPCA + 5.9325%","2026-07-28","2033-11-15","1291,00","5,12","","","","2032-08-15","B32","8,2807","-50","ok","","ANBIMA Data API (web-bff)"
"EGIEA2","13,9323","PREFIXADO","13,93%","Pré-Fixado 12.4974%","2026-07-28","2029-08-15","649,00","2,58","","-0,4136","spread = (1 + Y)/(1 + L) - 1; Y = pre 13,93%; L = TaxaLTN_252 venc ref 2029-07-01 = 14,41%","","","","","ok","","ANBIMA Data API (web-bff)"
"EGIEA4","13,9539","PREFIXADO","13,95%","Pré-Fixado 14.3509%","2026-07-28","2032-01-15","826,00","3,28","","-0,6150","spread = (1 + Y)/(1 + L) - 1; Y = pre 13,95%; L = TaxaLTN_252 venc ref 2032-01-01 = 14,66%","","","","","ok","","ANBIMA Data API (web-bff)"
"EGIEA5","14,0606","PREFIXADO","14,06%","Pré-Fixado 12.8775%","2026-07-28","2035-06-15","1192,00","4,73","","-0,5219","spread = (1 + Y)/(1 + L) - 1; Y = pre 14,06%; L = TaxaLTN_252 venc ref 2032-01-01 = 14,66%","","","","","ok","","ANBIMA Data API (web-bff)"
"EGIEA6","7,7639","IPCA_SPREAD","B37 - 26 bps","IPCA + 6.2474%","2026-07-28","2038-02-15","1940,00","7,70","","","","2037-05-15","B37","8,0491","-26","ok","","ANBIMA Data API (web-bff)"
"EGIEB1","7,7305","IPCA_SPREAD","B37 - 29 bps","IPCA + 6.0691%","2026-07-28","2038-11-15","1984,00","7,87","","","","2037-05-15","B37","8,0491","-29","ok","","ANBIMA Data API (web-bff)"
"EGIEB2","7,7816","IPCA_SPREAD","B33 - 45 bps","IPCA + 6.7766%","2026-07-28","2034-06-15","1410,00","5,60","","","","2033-05-15","B33","8,2731","-45","ok","","ANBIMA Data API (web-bff)"
"EGIEB4","7,7399","IPCA_SPREAD","B31 - 50 bps","IPCA + 7.5568%","2026-07-28","2032-01-15","986,00","3,91","","","","2031-05-15","B31","8,2825","-50","ok","","ANBIMA Data API (web-bff)"
"EGIEB5","7,7742","IPCA_SPREAD","B35 - 40 bps","IPCA + 6.8555%","2026-07-28","2035-06-15","1550,00","6,15","","","","2035-05-15","B35","8,2039","-40","ok","","ANBIMA Data API (web-bff)"
"EGIEC1","13,7789","PREFIXADO","13,78%","Pré-Fixado 10.9000%","2026-07-28","2028-11-15","577,00","2,29","","-0,3722","spread = (1 + Y)/(1 + L) - 1; Y = pre 13,78%; L = TaxaLTN_252 venc ref 2028-10-01 = 14,20%","","","","","ok","","ANBIMA Data API (web-bff)"
"EGIED1","0,5201","DI_SPREAD","CDI + 0,52%","DI + 1.0000%","2026-07-28","2028-11-15","399,00","1,58","","","","","","","","ok","","ANBIMA Data API (web-bff)"
"EGIEE1","0,7830","DI_SPREAD","CDI + 0,78%","DI + 1.1000%","2026-07-28","2030-11-15","739,00","2,93","","","","","","","","ok","","ANBIMA Data API (web-bff)"
"EGVG11","8,0962","IPCA_SPREAD","B28 - 36 bps","IPCA + 3.7000%","2026-07-28","2029-10-15","398,00","1,58","","","","2028-08-15","B28","8,4900","-36","ok","","ANBIMA Data API (web-bff)"
"EGVG21","8,1462","IPCA_SPREAD","B28 - 32 bps","IPCA + 3.7000%","2026-07-28","2029-10-15","395,00","1,57","","","","2028-08-15","B28","8,4900","-32","ok","","ANBIMA Data API (web-bff)"
"EKTRA0","0,7303","DI_SPREAD","CDI + 0,73%","DI + 1.2900%","2026-07-28","2026-10-15","55,00","0,22","","","","","","","","ok","","ANBIMA Data API (web-bff)"
"EKTRA1","1,0040","DI_SPREAD","CDI + 1,00%","DI + 1.2800%","2026-07-28","2027-07-15","232,00","0,92","","","","","","","","ok","","ANBIMA Data API (web-bff)"
"EKTRA3","0,7388","DI_SPREAD","CDI + 0,74%","DI + 0.9800%","2026-07-28","2031-04-15","788,00","3,13","","","","","","","","ok","","ANBIMA Data API (web-bff)"
"EKTRA4","0,7361","DI_SPREAD","CDI + 0,74%","DI + 0.8000%","2026-07-28","2032-02-08","934,00","3,71","","","","","","","","ok","","ANBIMA Data API (web-bff)"
"EKTRA5","14,4375","PREFIXADO","14,44%","Pré-Fixado 13.5966%","2026-07-28","2032-04-25","1013,00","4,02","","-0,1932","spread = (1 + Y)/(1 + L) - 1; Y = pre 14,44%; L = TaxaLTN_252 venc ref 2032-01-01 = 14,66%","","","","","ok","","ANBIMA Data API (web-bff)"
"EKTRA6","7,9962","IPCA_SPREAD","B40 + 8 bps","IPCA + 6.8172%","2026-07-28","2035-08-15","2267,00","9,00","","","","2040-08-15","B40","7,9071","8","ok","","ANBIMA Data API (web-bff)"
"EKTRA8","8,1364","IPCA_SPREAD","B31 - 13 bps","IPCA + 7.0099%","2026-07-28","2031-03-15","1002,00","3,98","","","","2031-05-15","B31","8,2825","-13","ok","","ANBIMA Data API (web-bff)"
"EKTRB0","0,8939","DI_SPREAD","CDI + 0,89%","DI + 1.4400%","2026-07-28","2028-10-15","377,00","1,50","","","","","","","","ok","","ANBIMA Data API (web-bff)"
"EKTRB3","8,2061","IPCA_SPREAD","B33 - 6 bps","IPCA + 6.2587%","2026-07-28","2034-04-15","1356,00","5,38","","","","2033-05-15","B33","8,2731","-6","ok","","ANBIMA Data API (web-bff)"
"EKTRB6","8,1221","IPCA_SPREAD","B37 + 7 bps","IPCA + 6.7636%","2026-07-28","2040-08-15","2102,00","8,34","","","","2037-05-15","B37","8,0491","7","ok","","ANBIMA Data API (web-bff)"
"EKTRC0","8,1346","IPCA_SPREAD","B30 - 17 bps","IPCA + 5.7697%","2026-07-28","2031-10-15","926,00","3,67","","","","2030-08-15","B30","8,3200","-17","ok","","ANBIMA Data API (web-bff)"
"EKTRC1","8,0207","IPCA_SPREAD","B29 - 22 bps","IPCA + 6.6230%","2026-07-28","2029-07-15","575,00","2,28","","","","2029-05-15","B29","8,2619","-22","ok","","ANBIMA Data API (web-bff)"
"EKTT11","8,2205","IPCA_SPREAD","B32 - 6 bps","IPCA + 6.4217%","2026-07-28","2038-05-15","1312,00","5,21","","","","2032-08-15","B32","8,2807","-6","ok","","ANBIMA Data API (web-bff)"
"ELDC15","9,2947","IPCA_SPREAD","B33 + 94 bps","IPCA + 7.7950%","2026-07-28","2035-10-15","1504,00","5,97","","","","2033-05-15","B33","8,2731","94","ok","","ANBIMA Data API (web-bff)"
"ELET14","7,8581","IPCA_SPREAD","B30 - 43 bps","IPCA + 6.3170%","2026-07-28","2031-09-15","898,00","3,56","","","","2030-08-15","B30","8,3200","-43","ok","","ANBIMA Data API (web-bff)"
"ELET15","0,5354","DI_SPREAD","CDI + 0,54%","DI + 0.8500%","2026-07-28","2029-04-15","563,00","2,23","","","","","","","","ok","","ANBIMA Data API (web-bff)"
"ELET16","7,9003","IPCA_SPREAD","B35 - 28 bps","IPCA + 6.8770%","2026-07-28","2034-09-15","1548,00","6,14","","","","2035-05-15","B35","8,2039","-28","ok","","ANBIMA Data API (web-bff)"
"ELET17","0,7467","DI_SPREAD","CDI + 0,75%","DI + 0.8500%","2026-07-28","2035-11-15","1227,00","4,87","","","","","","","","ok","","ANBIMA Data API (web-bff)"
"ELET23","7,8251","IPCA_SPREAD","B31 - 42 bps","IPCA + 4.9126%","2026-07-28","2031-04-15","1044,00","4,14","","","","2031-05-15","B31","8,2825","-42","ok","","ANBIMA Data API (web-bff)"
"ELET24","0,9793","DI_SPREAD","CDI + 0,98%","DI + 1.5500%","2026-07-28","2028-09-15","356,00","1,41","","","","","","","","ok","","ANBIMA Data API (web-bff)"
"ELET25","0,6411","DI_SPREAD","CDI + 0,64%","DI + 1.0000%","2026-07-28","2031-04-15","857,00","3,40","","","","","","","","ok","","ANBIMA Data API (web-bff)"
"ELET42","8,0429","IPCA_SPREAD","B28 - 41 bps","IPCA + 5.1814%","2026-07-28","2029-05-15","422,00","1,67","","","","2028-08-15","B28","8,4900","-41","ok","","ANBIMA Data API (web-bff)"
"ELFA12","","DI_SPREAD","—","DI + 3.4000%","2026-07-28","2031-12-13","","","","","","","","","","sem_taxa","Taxa indicativa vazia","ANBIMA Data API (web-bff)"
"ELPLA5","12,0210","IPCA_SPREAD","B30 + 342 bps","IPCA + 4.2600%","2026-07-28","2031-04-15","834,00","3,31","","","","2030-08-15","B30","8,3200","342","ok","","ANBIMA Data API (web-bff)"
"ELPLA6","2,5373","DI_SPREAD","CDI + 2,54%","DI + 1.6400%","2026-07-28","2028-10-04","367,00","1,46","","","","","","","","ok","","ANBIMA Data API (web-bff)"
"ELPLA7","11,9437","IPCA_SPREAD","B31 + 338 bps","IPCA + 6.1385%","2026-07-28","2032-04-15","994,00","3,94","","","","2031-05-15","B31","8,2825","338","ok","","ANBIMA Data API (web-bff)"
"ELPLB8","2,5000","DI_SPREAD","CDI + 2,50%","DI + 1.1000%","2026-07-28","2028-05-15","399,00","1,58","","","","","","","","ok","","ANBIMA Data API (web-bff)"
"ELPLC8","10,2244","IPCA_SPREAD","B29 + 181 bps","IPCA + 8.3000%","2026-07-28","2029-06-15","720,00","2,86","","","","2029-05-15","B29","8,2619","181","ok","","ANBIMA Data API (web-bff)"
"ELTE12","7,7680","IPCA_SPREAD","B33 - 47 bps","IPCA + 6.4232%","2026-07-28","2039-07-15","1414,00","5,61","","","","2033-05-15","B33","8,2731","-47","ok","","ANBIMA Data API (web-bff)"
"ELTN15","7,8672","IPCA_SPREAD","B31 - 38 bps","IPCA + 6.3423%","2026-07-28","2031-04-15","1016,00","4,03","","","","2031-05-15","B31","8,2825","-38","ok","","ANBIMA Data API (web-bff)"
"ELTN16","0,6892","DI_SPREAD","CDI + 0,69%","DI + 0.8500%","2026-07-28","2031-09-15","900,00","3,57","","","","","","","","ok","","ANBIMA Data API (web-bff)"
"ELTN17","13,9448","PREFIXADO","13,94%","Pré-Fixado 13.2474%","2026-07-28","2032-07-15","1079,00","4,28","","-0,6229","spread = (1 + Y)/(1 + L) - 1; Y = pre 13,94%; L = TaxaLTN_252 venc ref 2032-01-01 = 14,66%","","","","","ok","","ANBIMA Data API (web-bff)"
"ELTN19","0,7127","DI_SPREAD","CDI + 0,71%","DI + 0.6500%","2026-07-28","2032-11-15","1056,00","4,19","","","","","","","","ok","","ANBIMA Data API (web-bff)"
"ELTN26","0,7043","DI_SPREAD","CDI + 0,70%","DI + 1.0500%","2026-07-28","2034-09-15","1100,00","4,37","","","","","","","","ok","","ANBIMA Data API (web-bff)"
"ELTN27","7,9400","IPCA_SPREAD","B32 - 31 bps","IPCA + 7.3146%","2026-07-28","2032-07-15","1234,00","4,90","","","","2032-08-15","B32","8,2807","-31","ok","","ANBIMA Data API (web-bff)"
"ELTN37","7,9077","IPCA_SPREAD","B35 - 27 bps","IPCA + 7.2083%","2026-07-28","2035-07-15","1684,00","6,68","","","","2035-05-15","B35","8,2039","-27","ok","","ANBIMA Data API (web-bff)"
"ENAT11","9,2802","IPCA_SPREAD","B28 + 73 bps","IPCA + 9.8297%","2026-07-28","2029-12-15","428,00","1,70","","","","2028-08-15","B28","8,4900","73","ok","","ANBIMA Data API (web-bff)"
"ENAT12","9,3666","IPCA_SPREAD","B28 + 81 bps","IPCA + 7.1149%","2026-07-28","2029-09-17","486,00","1,93","","","","2028-08-15","B28","8,4900","81","ok","","ANBIMA Data API (web-bff)"
"ENAT13","9,2054","IPCA_SPREAD","B30 + 82 bps","IPCA + 8.0618%","2026-07-28","2030-06-15","844,00","3,35","","","","2030-08-15","B30","8,3200","82","ok","","ANBIMA Data API (web-bff)"
"ENAT14","9,1534","IPCA_SPREAD","B30 + 77 bps","IPCA + 8.0560%","2026-07-28","2030-06-15","844,00","3,35","","","","2030-08-15","B30","8,3200","77","ok","","ANBIMA Data API (web-bff)"
"ENAT23","15,2973","PREFIXADO","15,30%","Pré-Fixado 13.5733%","2026-07-28","2030-06-15","774,00","3,07","","0,7234","spread = (1 + Y)/(1 + L) - 1; Y = pre 15,30%; L = TaxaLTN_252 venc ref 2030-01-01 = 14,47%","","","","","ok","","ANBIMA Data API (web-bff)"
"ENAT24","9,2283","IPCA_SPREAD","B33 + 88 bps","IPCA + 8.2674%","2026-07-28","2034-06-15","1328,00","5,27","","","","2033-05-15","B33","8,2731","88","ok","","ANBIMA Data API (web-bff)"
"ENAT32","15,5739","PREFIXADO","15,57%","Pré-Fixado 13.9662%","2026-07-28","2029-09-17","632,00","2,51","","1,0213","spread = (1 + Y)/(1 + L) - 1; Y = pre 15,57%; L = TaxaLTN_252 venc ref 2029-07-01 = 14,41%","","","","","ok","","ANBIMA Data API (web-bff)"
"ENAT33","9,1873","IPCA_SPREAD","B33 + 84 bps","IPCA + 8.2620%","2026-07-28","2034-06-15","1329,00","5,27","","","","2033-05-15","B33","8,2731","84","ok","","ANBIMA Data API (web-bff)"
"ENERA1","8,1965","IPCA_SPREAD","B30 - 11 bps","IPCA + 6.1076%","2026-07-28","2031-02-15","884,00","3,51","","","","2030-08-15","B30","8,3200","-11","ok","","ANBIMA Data API (web-bff)"
"ENERB4","8,2894","IPCA_SPREAD","B35 + 8 bps","IPCA + 6.4364%","2026-07-28","2034-09-15","1559,00","6,19","","","","2035-05-15","B35","8,2039","8","ok","","ANBIMA Data API (web-bff)"
"ENERB5","0,6716","DI_SPREAD","CDI + 0,67%","DI + 0.8000%","2026-07-28","2029-12-15","687,00","2,73","","","","","","","","ok","","ANBIMA Data API (web-bff)"
"ENERB6","14,5044","PREFIXADO","14,50%","Pré-Fixado 13.7000%","2026-07-28","2032-05-15","1025,00","4,07","","-0,1348","spread = (1 + Y)/(1 + L) - 1; Y = pre 14,50%; L = TaxaLTN_252 venc ref 2032-01-01 = 14,66%","","","","","ok","","ANBIMA Data API (web-bff)"
"ENERB7","8,2991","IPCA_SPREAD","B35 + 9 bps","IPCA + 7.0461%","2026-07-28","2035-09-15","1665,00","6,61","","","","2035-05-15","B35","8,2039","9","ok","","ANBIMA Data API (web-bff)"
"ENERC3","0,6350","DI_SPREAD","CDI + 0,64%","DI + 0.8000%","2026-07-28","2029-09-04","618,00","2,45","","","","","","","","ok","","ANBIMA Data API (web-bff)"
"ENERC7","8,1343","IPCA_SPREAD","B40 + 21 bps","IPCA + 6.9467%","2026-07-28","2040-09-15","2109,00","8,37","","","","2040-08-15","B40","7,9071","21","ok","","ANBIMA Data API (web-bff)"
"ENEV13","7,8913","IPCA_SPREAD","B27 - 23 bps","IPCA + 4.2259%","2026-07-28","2027-12-15","215,00","0,85","","","","2027-05-15","B27","8,1391","-23","ok","","ANBIMA Data API (web-bff)"
"ENEV15","7,9943","IPCA_SPREAD","B29 - 25 bps","IPCA + 5.5000%","2026-07-28","2030-06-15","664,00","2,63","","","","2029-05-15","B29","8,2619","-25","ok","","ANBIMA Data API (web-bff)"
"ENEV16","8,0126","IPCA_SPREAD","B29 - 23 bps","IPCA + 4.1270%","2026-07-28","2030-09-15","722,00","2,87","","","","2029-05-15","B29","8,2619","-23","ok","","ANBIMA Data API (web-bff)"
"ENEV18","8,1443","IPCA_SPREAD","B31 - 13 bps","IPCA + 6.5254%","2026-07-28","2032-07-15","1068,00","4,24","","","","2031-05-15","B31","8,2825","-13","ok","","ANBIMA Data API (web-bff)"
"ENEV19","8,1129","IPCA_SPREAD","B31 - 16 bps","IPCA + 6.9000%","2026-07-28","2032-09-15","1069,00","4,24","","","","2031-05-15","B31","8,2825","-16","ok","","ANBIMA Data API (web-bff)"
"ENEV26","8,0660","IPCA_SPREAD","B35 - 13 bps","IPCA + 4.5034%","2026-07-28","2035-09-15","1649,00","6,54","","","","2035-05-15","B35","8,2039","-13","ok","","ANBIMA Data API (web-bff)"
"ENEV28","8,0632","IPCA_SPREAD","B37 + 1 bps","IPCA + 6.5891%","2026-07-28","2037-07-15","1833,00","7,27","","","","2037-05-15","B37","8,0491","1","ok","","ANBIMA Data API (web-bff)"
"ENEV29","8,1312","IPCA_SPREAD","B35 - 7 bps","IPCA + 7.0000%","2026-07-28","2037-09-15","1789,00","7,10","","","","2035-05-15","B35","8,2039","-7","ok","","ANBIMA Data API (web-bff)"
"ENEV32","8,1759","IPCA_SPREAD","B28 - 29 bps","IPCA + 5.0500%","2026-07-28","2029-05-15","422,00","1,67","","","","2028-08-15","B28","8,4900","-29","ok","","ANBIMA Data API (web-bff)"
"ENEV38","0,8907","DI_SPREAD","CDI + 0,89%","DI + 1.7000%","2026-07-28","2029-07-15","532,00","2,11","","","","","","","","ok","","ANBIMA Data API (web-bff)"
"ENEV39","7,9805","IPCA_SPREAD","B40 + 7 bps","IPCA + 7.1500%","2026-07-28","2042-09-15","2358,00","9,36","","","","2040-08-15","B40","7,9071","7","ok","","ANBIMA Data API (web-bff)"
"ENEV48","0,8144","DI_SPREAD","CDI + 0,81%","DI + 2.0000%","2026-07-28","2032-07-15","902,00","3,58","","","","","","","","ok","","ANBIMA Data API (web-bff)"
"ENEVA0","8,1002","IPCA_SPREAD","B33 - 16 bps","IPCA + 6.5643%","2026-07-28","2034-04-15","1348,00","5,35","","","","2033-05-15","B33","8,2731","-16","ok","","ANBIMA Data API (web-bff)"
"ENEVA3","0,6754","DI_SPREAD","CDI + 0,68%","DI + 0.9000%","2026-07-28","2029-12-15","687,00","2,73","","","","","","","","ok","","ANBIMA Data API (web-bff)"
"ENEVA4","8,1014","IPCA_SPREAD","B35 - 9 bps","IPCA + 6.7078%","2026-07-28","2036-01-15","1766,00","7,01","","","","2035-05-15","B35","8,2039","-9","ok","","ANBIMA Data API (web-bff)"
"ENEVB0","8,0268","IPCA_SPREAD","B37 - 2 bps","IPCA + 6.6737%","2026-07-28","2039-04-15","2001,00","7,94","","","","2037-05-15","B37","8,0491","-2","ok","","ANBIMA Data API (web-bff)"
"ENEVB4","7,8913","IPCA_SPREAD","B40 - 1 bps","IPCA + 6.6709%","2026-07-28","2041-01-15","2223,00","8,82","","","","2040-08-15","B40","7,9071","-1","ok","","ANBIMA Data API (web-bff)"
"ENEVC0","0,6043","DI_SPREAD","CDI + 0,60%","DI + 1.0000%","2026-07-28","2029-04-15","562,00","2,23","","","","","","","","ok","","ANBIMA Data API (web-bff)"
"ENEVD0","0,7197","DI_SPREAD","CDI + 0,72%","DI + 1.1500%","2026-07-28","2031-04-15","786,00","3,12","","","","","","","","ok","","ANBIMA Data API (web-bff)"
"ENGI39","8,1280","IPCA_SPREAD","B27 - 1 bps","IPCA + 5.1074%","2026-07-28","2027-10-15","292,00","1,16","","","","2027-05-15","B27","8,1391","-1","ok","","ANBIMA Data API (web-bff)"
"ENGIA4","8,0908","IPCA_SPREAD","B27 - 4 bps","IPCA + 4.2297%","2026-07-28","2027-10-15","297,00","1,18","","","","2027-05-15","B27","8,1391","-4","ok","","ANBIMA Data API (web-bff)"
"ENGIA5","8,2290","IPCA_SPREAD","B30 - 8 bps","IPCA + 6.0872%","2026-07-28","2031-10-15","920,00","3,65","","","","2030-08-15","B30","8,3200","-8","ok","","ANBIMA Data API (web-bff)"
"ENGIA6","8,3604","IPCA_SPREAD","B28 - 12 bps","IPCA + 6.1566%","2026-07-28","2029-04-15","399,00","1,58","","","","2028-08-15","B28","8,4900","-12","ok","","ANBIMA Data API (web-bff)"
"ENGIA7","0,4539","DI_SPREAD","CDI + 0,45%","DI + 1.5000%","2026-07-28","2027-10-20","170,00","0,67","","","","","","","","ok","","ANBIMA Data API (web-bff)"
"ENGIA9","8,2250","IPCA_SPREAD","B30 - 9 bps","IPCA + 6.1666%","2026-07-28","2030-09-15","806,00","3,20","","","","2030-08-15","B30","8,3200","-9","ok","","ANBIMA Data API (web-bff)"
"ENGIB0","8,2144","IPCA_SPREAD","B31 - 6 bps","IPCA + 6.1581%","2026-07-28","2031-04-15","1018,00","4,04","","","","2031-05-15","B31","8,2825","-6","ok","","ANBIMA Data API (web-bff)"
"ENGIB1","0,6614","DI_SPREAD","CDI + 0,66%","DI + 0.8000%","2026-07-28","2029-09-04","618,00","2,45","","","","","","","","ok","","ANBIMA Data API (web-bff)"
"ENGIB2","8,2878","IPCA_SPREAD","B35 + 8 bps","IPCA + 6.4364%","2026-07-28","2034-09-15","1559,00","6,19","","","","2035-05-15","B35","8,2039","8","ok","","ANBIMA Data API (web-bff)"
"ENGIB4","8,1428","IPCA_SPREAD","B29 - 11 bps","IPCA + 4.4744%","2026-07-28","2030-10-15","738,00","2,93","","","","2029-05-15","B29","8,2619","-11","ok","","ANBIMA Data API (web-bff)"
"ENGIB5","0,5955","DI_SPREAD","CDI + 0,60%","DI + 1.6400%","2026-07-28","2026-10-15","55,00","0,22","","","","","","","","ok","","ANBIMA Data API (web-bff)"
"ENGIB6","8,2271","IPCA_SPREAD","B31 - 5 bps","IPCA + 6.2770%","2026-07-28","2032-04-15","1010,00","4,01","","","","2031-05-15","B31","8,2825","-5","ok","","ANBIMA Data API (web-bff)"
"ENGIB7","0,7344","DI_SPREAD","CDI + 0,73%","DI + 1.6500%","2026-07-28","2029-10-20","561,00","2,23","","","","","","","","ok","","ANBIMA Data API (web-bff)"
"ENGIB8","0,8131","DI_SPREAD","CDI + 0,81%","DI + 2.1000%","2026-07-28","2028-06-20","422,00","1,67","","","","","","","","ok","","ANBIMA Data API (web-bff)"
"ENGIB9","8,2844","IPCA_SPREAD","B32 + 0 bps","IPCA + 6.4526%","2026-07-28","2033-09-15","1248,00","4,95","","","","2032-08-15","B32","8,2807","0","ok","","ANBIMA Data API (web-bff)"
"ENGIC0","8,1753","IPCA_SPREAD","B37 + 12 bps","IPCA + 6.4045%","2026-07-28","2039-04-15","2011,00","7,98","","","","2037-05-15","B37","8,0491","12","ok","","ANBIMA Data API (web-bff)"
"ENGIC3","0,6867","DI_SPREAD","CDI + 0,69%","DI + 0.8000%","2026-07-28","2030-02-25","687,00","2,73","","","","","","","","ok","","ANBIMA Data API (web-bff)"
"ENGIC4","0,6988","DI_SPREAD","CDI + 0,70%","DI + 0.7500%","2026-07-28","2032-09-15","957,00","3,80","","","","","","","","ok","","ANBIMA Data API (web-bff)"
"ENGIC5","0,7054","DI_SPREAD","CDI + 0,71%","DI + 1.8000%","2026-07-28","2028-10-15","473,00","1,88","","","","","","","","ok","","ANBIMA Data API (web-bff)"
"ENGIC6","0,4482","DI_SPREAD","CDI + 0,45%","DI + 1.5000%","2026-07-28","2027-04-15","169,00","0,67","","","","","","","","ok","","ANBIMA Data API (web-bff)"
"ENGIC9","0,5807","DI_SPREAD","CDI + 0,58%","DI + 1.4500%","2026-07-28","2028-09-15","454,00","1,80","","","","","","","","ok","","ANBIMA Data API (web-bff)"
"ENGID3","0,7064","DI_SPREAD","CDI + 0,71%","DI + 0.9500%","2026-07-28","2032-02-25","942,00","3,74","","","","","","","","ok","","ANBIMA Data API (web-bff)"
"ENJG21","7,7271","IPCA_SPREAD","B27 - 38 bps","IPCA + 6.4962%","2026-07-28","2027-06-15","155,00","0,62","","","","2027-05-15","B27","8,1391","-38","ok","","ANBIMA Data API (web-bff)"
"ENMI21","7,6412","IPCA_SPREAD","B27 - 46 bps","IPCA + 6.4962%","2026-07-28","2027-06-15","155,00","0,62","","","","2027-05-15","B27","8,1391","-46","ok","","ANBIMA Data API (web-bff)"
"ENMTA3","8,1017","IPCA_SPREAD","B27 - 3 bps","IPCA + 4.2297%","2026-07-28","2027-10-15","297,00","1,18","","","","2027-05-15","B27","8,1391","-3","ok","","ANBIMA Data API (web-bff)"
"ENMTA4","8,2479","IPCA_SPREAD","B30 - 7 bps","IPCA + 6.0872%","2026-07-28","2031-10-15","920,00","3,65","","","","2030-08-15","B30","8,3200","-7","ok","","ANBIMA Data API (web-bff)"
"ENMTA5","8,2996","IPCA_SPREAD","B28 - 18 bps","IPCA + 6.1566%","2026-07-28","2029-04-15","399,00","1,58","","","","2028-08-15","B28","8,4900","-18","ok","","ANBIMA Data API (web-bff)"
"ENMTA7","8,2173","IPCA_SPREAD","B30 - 9 bps","IPCA + 6.1076%","2026-07-28","2031-02-15","884,00","3,51","","","","2030-08-15","B30","8,3200","-9","ok","","ANBIMA Data API (web-bff)"
"ENMTA8","0,5517","DI_SPREAD","CDI + 0,55%","DI + 0.7500%","2026-07-28","2029-04-15","563,00","2,23","","","","","","","","ok","","ANBIMA Data API (web-bff)"
"ENMTB0","0,6433","DI_SPREAD","CDI + 0,64%","DI + 0.8000%","2026-07-28","2029-09-04","618,00","2,45","","","","","","","","ok","","ANBIMA Data API (web-bff)"
"ENMTB2","0,6535","DI_SPREAD","CDI + 0,65%","DI + 0.8000%","2026-07-28","2029-12-15","687,00","2,73","","","","","","","","ok","","ANBIMA Data API (web-bff)"
"ENMTB3","8,1501","IPCA_SPREAD","B29 - 10 bps","IPCA + 4.4744%","2026-07-28","2030-10-15","738,00","2,93","","","","2029-05-15","B29","8,2619","-10","ok","","ANBIMA Data API (web-bff)"
"ENMTB5","8,2335","IPCA_SPREAD","B31 - 5 bps","IPCA + 6.2770%","2026-07-28","2032-04-15","1010,00","4,01","","","","2031-05-15","B31","8,2825","-5","ok","","ANBIMA Data API (web-bff)"
"ENMTC2","0,7014","DI_SPREAD","CDI + 0,70%","DI + 0.9500%","2026-07-28","2031-12-15","898,00","3,56","","","","","","","","ok","","ANBIMA Data API (web-bff)"
"ENMTC3","0,6362","DI_SPREAD","CDI + 0,64%","DI + 0.7500%","2026-07-28","2030-03-25","707,00","2,81","","","","","","","","ok","","ANBIMA Data API (web-bff)"
"ENMTC4","14,5125","PREFIXADO","14,51%","Pré-Fixado 13.7000%","2026-07-28","2032-05-15","1025,00","4,07","","-0,1278","spread = (1 + Y)/(1 + L) - 1; Y = pre 14,51%; L = TaxaLTN_252 venc ref 2032-01-01 = 14,66%","","","","","ok","","ANBIMA Data API (web-bff)"
"ENMTC5","8,2904","IPCA_SPREAD","B35 + 8 bps","IPCA + 7.0999%","2026-07-28","2035-09-15","1663,00","6,60","","","","2035-05-15","B35","8,2039","8","ok","","ANBIMA Data API (web-bff)"
"ENMTC6","8,1733","IPCA_SPREAD","B40 + 25 bps","IPCA + 7.1146%","2026-07-28","2040-10-15","2117,00","8,40","","","","2040-08-15","B40","7,9071","25","ok","","ANBIMA Data API (web-bff)"
"ENMTD2","8,2895","IPCA_SPREAD","B35 + 8 bps","IPCA + 7.0292%","2026-07-28","2034-12-15","1596,00","6,33","","","","2035-05-15","B35","8,2039","8","ok","","ANBIMA Data API (web-bff)"
"ENMTD5","8,1663","IPCA_SPREAD","B40 + 24 bps","IPCA + 6.9467%","2026-07-28","2040-09-15","2107,00","8,36","","","","2040-08-15","B40","7,9071","24","ok","","ANBIMA Data API (web-bff)"
"ENMTE6","8,3479","IPCA_SPREAD","B35 + 13 bps","IPCA + 7.2318%","2026-07-28","2035-10-15","1675,00","6,65","","","","2035-05-15","B35","8,2039","13","ok","","ANBIMA Data API (web-bff)"
"ENMTF8","8,3428","IPCA_SPREAD","B35 + 13 bps","IPCA + 6.6675%","2026-07-28","2036-02-15","1731,00","6,87","","","","2035-05-15","B35","8,2039","13","ok","","ANBIMA Data API (web-bff)"
"ENMTG8","8,1588","IPCA_SPREAD","B40 + 23 bps","IPCA + 6.5500%","2026-07-28","2041-02-15","2170,00","8,61","","","","2040-08-15","B40","7,9071","23","ok","","ANBIMA Data API (web-bff)"
"ENSEA1","8,0518","IPCA_SPREAD","B27 - 8 bps","IPCA + 5.7360%","2026-07-28","2027-07-15","237,00","0,94","","","","2027-05-15","B27","8,1391","-8","ok","","ANBIMA Data API (web-bff)"
"ENSEA5","8,3275","IPCA_SPREAD","B35 + 11 bps","IPCA + 6.6675%","2026-07-28","2036-02-15","1731,00","6,87","","","","2035-05-15","B35","8,2039","11","ok","","ANBIMA Data API (web-bff)"
"ENSEB4","8,3151","IPCA_SPREAD","B35 + 10 bps","IPCA + 7.1536%","2026-07-28","2035-09-15","1660,00","6,59","","","","2035-05-15","B35","8,2039","10","ok","","ANBIMA Data API (web-bff)"
"ENSEB5","8,1668","IPCA_SPREAD","B40 + 24 bps","IPCA + 6.5500%","2026-07-28","2041-02-15","2170,00","8,61","","","","2040-08-15","B40","7,9071","24","ok","","ANBIMA Data API (web-bff)"
"ENSEC4","8,0895","IPCA_SPREAD","B40 + 17 bps","IPCA + 6.9467%","2026-07-28","2040-09-15","2111,00","8,38","","","","2040-08-15","B40","7,9071","17","ok","","ANBIMA Data API (web-bff)"
"ENTV12","8,2561","IPCA_SPREAD","B29 - 1 bps","IPCA + 7.7500%","2026-07-28","2030-12-15","574,00","2,28","","","","2029-05-15","B29","8,2619","-1","ok","","ANBIMA Data API (web-bff)"
"ENTV13","8,4377","IPCA_SPREAD","B33 + 15 bps","IPCA + 8.0389%","2026-07-28","2036-12-15","1472,00","5,84","","","","2033-05-15","B33","8,2731","15","ok","","ANBIMA Data API (web-bff)"
"EPRL12","9,0280","IPCA_SPREAD","B40 + 104 bps","IPCA + 8.2030%","2026-07-28","2049-03-15","2162,00","8,58","","","","2040-08-15","B40","7,9071","104","ok","","ANBIMA Data API (web-bff)"
"EQMAA0","8,3154","IPCA_SPREAD","B30 + 0 bps","IPCA + 6.3000%","2026-07-28","2031-12-15","958,00","3,80","","","","2030-08-15","B30","8,3200","0","ok","","ANBIMA Data API (web-bff)"
"EQMAA1","0,6007","DI_SPREAD","CDI + 0,60%","DI + 0.9500%","2026-07-28","2030-05-15","575,00","2,28","","","","","","","","ok","","ANBIMA Data API (web-bff)"
"EQMAA2","8,2764","IPCA_SPREAD","B35 + 7 bps","IPCA + 6.6493%","2026-07-28","2036-09-15","1610,00","6,39","","","","2035-05-15","B35","8,2039","7","ok","","ANBIMA Data API (web-bff)"
"EQPA17","0,6339","DI_SPREAD","CDI + 0,63%","DI + 0.9500%","2026-07-28","2030-08-05","590,00","2,34","","","","","","","","ok","","ANBIMA Data API (web-bff)"
"EQPA18","8,2918","IPCA_SPREAD","B35 + 8 bps","IPCA + 7.7477%","2026-07-28","2036-12-15","1627,00","6,46","","","","2035-05-15","B35","8,2039","8","ok","","ANBIMA Data API (web-bff)"
"EQPA19","8,3038","IPCA_SPREAD","B35 + 9 bps","IPCA + 7.0606%","2026-07-28","2037-06-15","1717,00","6,81","","","","2035-05-15","B35","8,2039","9","ok","","ANBIMA Data API (web-bff)"
"EQPAA0","0,7698","DI_SPREAD","CDI + 0,77%","DI + 0.6500%","2026-07-28","2032-09-15","881,00","3,50","","","","","","","","ok","","ANBIMA Data API (web-bff)"
"EQPAA1","8,2811","IPCA_SPREAD","B37 + 21 bps","IPCA + 6.5700%","2026-07-28","2038-01-15","1825,00","7,24","","","","2037-05-15","B37","8,0491","21","ok","","ANBIMA Data API (web-bff)"
"EQSP11","8,2795","IPCA_SPREAD","B30 - 4 bps","IPCA + 4.8000%","2026-07-28","2033-01-15","798,00","3,17","","","","2030-08-15","B30","8,3200","-4","ok","","ANBIMA Data API (web-bff)"
"EQSP21","8,2513","IPCA_SPREAD","B30 - 6 bps","IPCA + 4.6500%","2026-07-28","2034-01-15","885,00","3,51","","","","2030-08-15","B30","8,3200","-6","ok","","ANBIMA Data API (web-bff)"
"EQTC11","8,3524","IPCA_SPREAD","B33 + 7 bps","IPCA + 4.8500%","2026-07-28","2039-04-15","1515,00","6,01","","","","2033-05-15","B33","8,2731","7","ok","","ANBIMA Data API (web-bff)"
"EQTL17","0,5982","DI_SPREAD","CDI + 0,60%","DI + 0.7200%","2026-07-28","2030-03-15","535,00","2,12","","","","","","","","ok","","ANBIMA Data API (web-bff)"
"EQTN11","8,3025","IPCA_SPREAD","B30 - 2 bps","IPCA + 4.8500%","2026-07-28","2033-01-15","772,00","3,06","","","","2030-08-15","B30","8,3200","-2","ok","","ANBIMA Data API (web-bff)"
"EQTR11","8,3526","IPCA_SPREAD","B33 + 7 bps","IPCA + 4.8500%","2026-07-28","2039-04-15","1515,00","6,01","","","","2033-05-15","B33","8,2731","7","ok","","ANBIMA Data API (web-bff)"
"EQTR21","8,3552","IPCA_SPREAD","B33 + 8 bps","IPCA + 4.8500%","2026-07-28","2039-04-15","1515,00","6,01","","","","2033-05-15","B33","8,2731","8","ok","","ANBIMA Data API (web-bff)"
"EQTS11","8,2896","IPCA_SPREAD","B30 - 3 bps","IPCA + 4.8500%","2026-07-28","2033-01-15","784,00","3,11","","","","2030-08-15","B30","8,3200","-3","ok","","ANBIMA Data API (web-bff)"
"EQUA11","8,2801","IPCA_SPREAD","B31 + 0 bps","IPCA + 4.9173%","2026-07-28","2036-03-15","1032,00","4,10","","","","2031-05-15","B31","8,2825","0","ok","","ANBIMA Data API (web-bff)"
"ERDVA3","1,7762","DI_SPREAD","CDI + 1,78%","DI + 1.8500%","2026-07-28","2028-10-15","375,00","1,49","","","","","","","","ok","","ANBIMA Data API (web-bff)"
"ERDVA4","8,8230","IPCA_SPREAD","B31 + 50 bps","IPCA + 6.8233%","2026-07-28","2031-06-15","1044,00","4,14","","","","2031-05-15","B31","8,2825","50","ok","","ANBIMA Data API (web-bff)"
"ERDVA6","0,8570","DI_SPREAD","CDI + 0,86%","DI + 1.2000%","2026-07-28","2031-07-15","773,00","3,07","","","","","","","","ok","","ANBIMA Data API (web-bff)"
"ERDVB3","1,3193","DI_SPREAD","CDI + 1,32%","DI + 2.3500%","2026-07-28","2030-10-15","627,00","2,49","","","","","","","","ok","","ANBIMA Data API (web-bff)"
"ERDVB4","8,8390","IPCA_SPREAD","B33 + 52 bps","IPCA + 7.1117%","2026-07-28","2034-06-15","1364,00","5,41","","","","2033-05-15","B33","8,2731","52","ok","","ANBIMA Data API (web-bff)"
"ERDVC3","8,9136","IPCA_SPREAD","B32 + 58 bps","IPCA + 6.8285%","2026-07-28","2033-10-15","1253,00","4,97","","","","2032-08-15","B32","8,2807","58","ok","","ANBIMA Data API (web-bff)"
"ERDVC4","8,8101","IPCA_SPREAD","B37 + 70 bps","IPCA + 7.3108%","2026-07-28","2039-06-15","1973,00","7,83","","","","2037-05-15","B37","8,0491","70","ok","","ANBIMA Data API (web-bff)"
"ESAM14","8,1375","IPCA_SPREAD","B30 - 17 bps","IPCA + 7.3129%","2026-07-28","2033-06-15","794,00","3,15","","","","2030-08-15","B30","8,3200","-17","ok","","ANBIMA Data API (web-bff)"
"ESCEA3","0,6117","DI_SPREAD","CDI + 0,61%","DI + 0.9000%","2026-07-28","2028-02-19","238,00","0,94","","","","","","","","ok","","ANBIMA Data API (web-bff)"
"ESCEA4","0,5414","DI_SPREAD","CDI + 0,54%","DI + 0.4900%","2026-07-28","2029-08-28","333,00","1,32","","","","","","","","ok","","ANBIMA Data API (web-bff)"
"ESCEA5","8,1284","IPCA_SPREAD","B35 - 7 bps","IPCA + 7.2843%","2026-07-28","2036-12-15","1716,00","6,81","","","","2035-05-15","B35","8,2039","-7","ok","","ANBIMA Data API (web-bff)"
"ESCEA6","0,6139","DI_SPREAD","CDI + 0,61%","DI + 0.5000%","2026-07-28","2030-06-11","683,00","2,71","","","","","","","","ok","","ANBIMA Data API (web-bff)"
"ESCEB4","0,5917","DI_SPREAD","CDI + 0,59%","DI + 0.5600%","2026-07-28","2031-08-28","498,00","1,98","","","","","","","","ok","","ANBIMA Data API (web-bff)"
"ESCEB6","0,7238","DI_SPREAD","CDI + 0,72%","DI + 0.5800%","2026-07-28","2032-06-11","960,00","3,81","","","","","","","","ok","","ANBIMA Data API (web-bff)"
"ESSDA2","0,6533","DI_SPREAD","CDI + 0,65%","DI + 0.8000%","2026-07-28","2029-09-04","618,00","2,45","","","","","","","","ok","","ANBIMA Data API (web-bff)"
"ESSDA4","8,3219","IPCA_SPREAD","B33 + 5 bps","IPCA + 7.3000%","2026-07-28","2035-05-15","1490,00","5,91","","","","2033-05-15","B33","8,2731","5","ok","","ANBIMA Data API (web-bff)"
"ESSDA5","8,3211","IPCA_SPREAD","B35 + 11 bps","IPCA + 7.2318%","2026-07-28","2035-10-15","1676,00","6,65","","","","2035-05-15","B35","8,2039","11","ok","","ANBIMA Data API (web-bff)"
"ESSDB5","8,1348","IPCA_SPREAD","B40 + 21 bps","IPCA + 7.1146%","2026-07-28","2040-10-15","2119,00","8,41","","","","2040-08-15","B40","7,9071","21","ok","","ANBIMA Data API (web-bff)"
"ESULA6","8,2476","IPCA_SPREAD","B30 - 7 bps","IPCA + 6.0872%","2026-07-28","2031-10-15","920,00","3,65","","","","2030-08-15","B30","8,3200","-7","ok","","ANBIMA Data API (web-bff)"
"ETBA12","7,8849","IPCA_SPREAD","B28 - 56 bps","IPCA + 5.3382%","2026-07-28","2029-02-15","468,00","1,86","","","","2028-08-15","B28","8,4900","-56","ok","","ANBIMA Data API (web-bff)"
"ETEN12","8,0979","IPCA_SPREAD","B27 - 4 bps","IPCA + 4.2297%","2026-07-28","2027-10-15","297,00","1,18","","","","2027-05-15","B27","8,1391","-4","ok","","ANBIMA Data API (web-bff)"
"ETEN21","8,0809","IPCA_SPREAD","B27 - 5 bps","IPCA + 5.1410%","2026-07-28","2028-12-15","328,00","1,30","","","","2027-05-15","B27","8,1391","-5","ok","","ANBIMA Data API (web-bff)"
"ETEN22","8,1615","IPCA_SPREAD","B29 - 9 bps","IPCA + 4.4744%","2026-07-28","2030-10-15","738,00","2,93","","","","2029-05-15","B29","8,2619","-9","ok","","ANBIMA Data API (web-bff)"
"ETSP12","8,3591","IPCA_SPREAD","B33 + 8 bps","IPCA + 4.8500%","2026-07-28","2039-04-15","1515,00","6,01","","","","2033-05-15","B33","8,2731","8","ok","","ANBIMA Data API (web-bff)"
"EUBE11","7,7196","IPCA_SPREAD","B30 - 55 bps","IPCA + 6.4449%","2026-07-28","2034-01-15","901,00","3,58","","","","2030-08-15","B30","8,3200","-55","ok","","ANBIMA Data API (web-bff)"
"EUFA17","1,2338","DI_SPREAD","CDI + 1,23%","DI + 1.3000%","2026-07-28","2031-03-18","689,00","2,73","","","","","","","","ok","","ANBIMA Data API (web-bff)"
"EUFA18","0,9834","DI_SPREAD","CDI + 0,98%","DI + 0.9300%","2026-07-28","2028-09-11","452,00","1,79","","","","","","","","ok","","ANBIMA Data API (web-bff)"
"EUFA19","1,3477","DI_SPREAD","CDI + 1,35%","DI + 0.9500%","2026-07-28","2031-12-16","824,00","3,27","","","","","","","","ok","","ANBIMA Data API (web-bff)"
"EXTZ11","7,6370","IPCA_SPREAD","B28 - 79 bps","IPCA + 7.0291%","2026-07-28","2029-01-15","359,00","1,42","","","","2028-08-15","B28","8,4900","-79","ok","","ANBIMA Data API (web-bff)"
"FBRI13","7,7524","IPCA_SPREAD","B32 - 49 bps","IPCA + 7.3609%","2026-07-28","2034-04-15","1159,00","4,60","","","","2032-08-15","B32","8,2807","-49","ok","","ANBIMA Data API (web-bff)"
"FENS12","0,5785","DI_SPREAD","CDI + 0,58%","DI + 0.7500%","2026-07-28","2031-03-22","854,00","3,39","","","","","","","","ok","","ANBIMA Data API (web-bff)"
"FEPS11","9,1205","IPCA_SPREAD","B32 + 78 bps","IPCA + 8.6895%","2026-07-28","2040-01-15","1272,00","5,05","","","","2032-08-15","B32","8,2807","78","ok","","ANBIMA Data API (web-bff)"
"FGEN13","7,5742","IPCA_SPREAD","B27 - 52 bps","IPCA + 6.4686%","2026-07-28","2027-12-15","217,00","0,86","","","","2027-05-15","B27","8,1391","-52","ok","","ANBIMA Data API (web-bff)"
"FISI15","1,4195","DI_SPREAD","CDI + 1,42%","DI + 0.8500%","2026-07-28","2030-07-15","616,00","2,44","","","","","","","","ok","","ANBIMA Data API (web-bff)"
"FLCLA4","0,4286","DI_SPREAD","CDI + 0,43%","DI + 1.6000%","2026-07-28","2027-08-22","131,00","0,52","","","","","","","","ok","","ANBIMA Data API (web-bff)"
"FLCLA8","0,8581","DI_SPREAD","CDI + 0,86%","DI + 0.8000%","2026-07-28","2029-12-15","687,00","2,73","","","","","","","","ok","","ANBIMA Data API (web-bff)"
"FLCLA9","8,2950","IPCA_SPREAD","B35 + 8 bps","IPCA + 7.2318%","2026-07-28","2035-10-15","1677,00","6,65","","","","2035-05-15","B35","8,2039","8","ok","","ANBIMA Data API (web-bff)"
"FLCLB9","8,1670","IPCA_SPREAD","B40 + 24 bps","IPCA + 7.1146%","2026-07-28","2040-10-15","2118,00","8,40","","","","2040-08-15","B40","7,9071","24","ok","","ANBIMA Data API (web-bff)"
"FLRY17","0,5381","DI_SPREAD","CDI + 0,54%","DI + 1.3500%","2026-07-28","2027-04-22","173,00","0,69","","","","","","","","ok","","ANBIMA Data API (web-bff)"
"FLRY18","0,7518","DI_SPREAD","CDI + 0,75%","DI + 1.2300%","2026-07-28","2028-10-23","383,00","1,52","","","","","","","","ok","","ANBIMA Data API (web-bff)"
"FLRY19","0,3884","DI_SPREAD","CDI + 0,39%","DI + 0.5500%","2026-07-28","2029-05-17","495,00","1,96","","","","","","","","ok","","ANBIMA Data API (web-bff)"
"FLRY25","0,6247","DI_SPREAD","CDI + 0,62%","DI + 1.2000%","2026-07-28","2027-12-16","209,00","0,83","","","","","","","","ok","","ANBIMA Data API (web-bff)"
"FLRY27","0,9228","DI_SPREAD","CDI + 0,92%","DI + 1.5500%","2026-07-28","2029-04-22","563,00","2,23","","","","","","","","ok","","ANBIMA Data API (web-bff)"
"FLRY29","0,6062","DI_SPREAD","CDI + 0,61%","DI + 0.6700%","2026-07-28","2031-05-17","813,00","3,23","","","","","","","","ok","","ANBIMA Data API (web-bff)"
"FLRY36","0,6085","DI_SPREAD","CDI + 0,61%","DI + 1.7500%","2026-07-28","2028-07-08","437,00","1,73","","","","","","","","ok","","ANBIMA Data API (web-bff)"
"FLRYA0","0,4656","DI_SPREAD","CDI + 0,47%","DI + 0.4500%","2026-07-28","2029-10-21","568,00","2,25","","","","","","","","ok","","ANBIMA Data API (web-bff)"
"FLRYB0","0,5979","DI_SPREAD","CDI + 0,60%","DI + 0.5500%","2026-07-28","2031-10-21","866,00","3,44","","","","","","","","ok","","ANBIMA Data API (web-bff)"
"FRAG14","9,1370","IPCA_SPREAD","B30 + 75 bps","IPCA + 7.5300%","2026-07-28","2031-06-15","940,00","3,73","","","","2030-08-15","B30","8,3200","75","ok","","ANBIMA Data API (web-bff)"
"FRAG16","9,1639","IPCA_SPREAD","B33 + 82 bps","IPCA + 8.4942%","2026-07-28","2035-09-15","1395,00","5,54","","","","2033-05-15","B33","8,2731","82","ok","","ANBIMA Data API (web-bff)"
"FRAS16","0,9815","DI_SPREAD","CDI + 0,98%","DI + 0.7500%","2026-07-28","2030-10-25","801,00","3,18","","","","","","","","ok","","ANBIMA Data API (web-bff)"
"FSII14","10,2500","IPCA_SPREAD","B31 + 182 bps","IPCA + 9.1451%","2026-07-28","2033-02-15","1075,00","4,27","","","","2031-05-15","B31","8,2825","182","ok","","ANBIMA Data API (web-bff)"
"FURN21","8,0015","IPCA_SPREAD","B28 - 45 bps","IPCA + 4.0800%","2026-07-28","2029-11-15","421,00","1,67","","","","2028-08-15","B28","8,4900","-45","ok","","ANBIMA Data API (web-bff)"
"GASC15","8,5987","IPCA_SPREAD","B33 + 30 bps","IPCA + 5.7970%","2026-07-28","2034-03-15","1507,00","5,98","","","","2033-05-15","B33","8,2731","30","ok","","ANBIMA Data API (web-bff)"
"GASC16","8,6243","IPCA_SPREAD","B35 + 39 bps","IPCA + 6.4186%","2026-07-28","2034-06-15","1543,00","6,12","","","","2035-05-15","B35","8,2039","39","ok","","ANBIMA Data API (web-bff)"
"GASC17","8,4420","IPCA_SPREAD","B35 + 22 bps","IPCA + 6.0470%","2026-07-28","2036-08-15","1752,00","6,95","","","","2035-05-15","B35","8,2039","22","ok","","ANBIMA Data API (web-bff)"
"GASC18","8,6334","IPCA_SPREAD","B35 + 40 bps","IPCA + 7.4742%","2026-07-28","2037-03-15","1753,00","6,96","","","","2035-05-15","B35","8,2039","40","ok","","ANBIMA Data API (web-bff)"
"GASC19","8,1600","IPCA_SPREAD","B40 + 23 bps","IPCA + 6.5823%","2026-07-28","2040-10-15","2153,00","8,54","","","","2040-08-15","B40","7,9071","23","ok","","ANBIMA Data API (web-bff)"
"GASC22","8,6071","IPCA_SPREAD","B30 + 27 bps","IPCA + 4.5200%","2026-07-28","2031-06-15","882,00","3,50","","","","2030-08-15","B30","8,3200","27","ok","","ANBIMA Data API (web-bff)"
"GASC23","8,6332","IPCA_SPREAD","B33 + 33 bps","IPCA + 5.7283%","2026-07-28","2033-10-15","1455,00","5,77","","","","2033-05-15","B33","8,2731","33","ok","","ANBIMA Data API (web-bff)"
"GASC25","8,4696","IPCA_SPREAD","B37 + 39 bps","IPCA + 5.9284%","2026-07-28","2039-03-15","2009,00","7,97","","","","2037-05-15","B37","8,0491","39","ok","","ANBIMA Data API (web-bff)"
"GASC26","8,4146","IPCA_SPREAD","B37 + 34 bps","IPCA + 6.5318%","2026-07-28","2039-06-15","2034,00","8,07","","","","2037-05-15","B37","8,0491","34","ok","","ANBIMA Data API (web-bff)"
"GASC27","8,4380","IPCA_SPREAD","B35 + 22 bps","IPCA + 6.0470%","2026-07-28","2036-08-15","1752,00","6,95","","","","2035-05-15","B35","8,2039","22","ok","","ANBIMA Data API (web-bff)"
"GASC28","8,4377","IPCA_SPREAD","B37 + 36 bps","IPCA + 7.5280%","2026-07-28","2040-03-15","2011,00","7,98","","","","2037-05-15","B37","8,0491","36","ok","","ANBIMA Data API (web-bff)"
"GASP19","8,1645","IPCA_SPREAD","B30 - 14 bps","IPCA + 5.1216%","2026-07-28","2031-08-15","894,00","3,55","","","","2030-08-15","B30","8,3200","-14","ok","","ANBIMA Data API (web-bff)"
"GASP29","8,2027","IPCA_SPREAD","B35 + 0 bps","IPCA + 5.2164%","2026-07-28","2036-08-15","1735,00","6,88","","","","2035-05-15","B35","8,2039","0","ok","","ANBIMA Data API (web-bff)"
"GGBRA7","0,4042","DI_SPREAD","CDI + 0,40%","DI + 0.6000%","2026-07-28","2029-05-29","595,00","2,36","","","","","","","","ok","","ANBIMA Data API (web-bff)"
"GGBRA8","0,4104","DI_SPREAD","CDI + 0,41%","DI + 0.5000%","2026-07-28","2028-12-10","516,00","2,05","","","","","","","","ok","","ANBIMA Data API (web-bff)"
"GGBRA9","0,5217","DI_SPREAD","CDI + 0,52%","DI + 0.6500%","2026-07-28","2032-06-04","1017,00","4,04","","","","","","","","ok","","ANBIMA Data API (web-bff)"
"GRRB16","2,4521","DI_SPREAD","CDI + 2,45%","DI + 0.9500%","2026-07-28","2029-08-12","598,00","2,37","","","","","","","","ok","","ANBIMA Data API (web-bff)"
"GSHC15","1,2535","DI_SPREAD","CDI + 1,25%","DI + 1.7000%","2026-07-28","2029-04-22","373,00","1,48","","","","","","","","ok","","ANBIMA Data API (web-bff)"
"GSHC17","2,3898","DI_SPREAD","CDI + 2,39%","DI + 2.5000%","2026-07-28","2030-09-15","472,00","1,87","","","","","","","","ok","","ANBIMA Data API (web-bff)"
"GSTS14","10,5203","IPCA_SPREAD","B31 + 207 bps","IPCA + 6.5163%","2026-07-28","2032-05-15","1014,00","4,02","","","","2031-05-15","B31","8,2825","207","ok","","ANBIMA Data API (web-bff)"
"GSTS24","10,9178","IPCA_SPREAD","B35 + 251 bps","IPCA + 6.8516%","2026-07-28","2037-05-15","1578,00","6,26","","","","2035-05-15","B35","8,2039","251","ok","","ANBIMA Data API (web-bff)"
"GUAR17","0,9811","DI_SPREAD","CDI + 0,98%","DI + 0.9500%","2026-07-28","2028-10-15","378,00","1,50","","","","","","","","ok","","ANBIMA Data API (web-bff)"
"HAPV15","7,0768","DI_SPREAD","CDI + 7,08%","DI + 1.7500%","2026-07-28","2030-01-27","684,00","2,71","","","","","","","","ok","","ANBIMA Data API (web-bff)"
"HAPV17","7,3672","DI_SPREAD","CDI + 7,37%","DI + 1.6000%","2026-07-28","2031-05-10","696,00","2,76","","","","","","","","ok","","ANBIMA Data API (web-bff)"
"HAPV18","6,9992","DI_SPREAD","CDI + 7,00%","DI + 1.1000%","2026-07-28","2031-10-15","867,00","3,44","","","","","","","","ok","","ANBIMA Data API (web-bff)"
"HAPV19","7,2003","DI_SPREAD","CDI + 7,20%","DI + 1.0500%","2026-07-28","2032-05-16","932,00","3,70","","","","","","","","ok","","ANBIMA Data API (web-bff)"
"HAPV28","7,0335","DI_SPREAD","CDI + 7,03%","DI + 1.2000%","2026-07-28","2032-10-15","951,00","3,77","","","","","","","","ok","","ANBIMA Data API (web-bff)"
"HAPVA0","7,1791","DI_SPREAD","CDI + 7,18%","DI + 1.0500%","2026-07-28","2033-10-15","985,00","3,91","","","","","","","","ok","","ANBIMA Data API (web-bff)"
"HARG11","8,8736","IPCA_SPREAD","B32 + 55 bps","IPCA + 6.6647%","2026-07-28","2036-10-15","1259,00","5,00","","","","2032-08-15","B32","8,2807","55","ok","","ANBIMA Data API (web-bff)"
"HBSA11","8,6006","IPCA_SPREAD","B28 + 10 bps","IPCA + 6.0029%","2026-07-28","2028-10-15","519,00","2,06","","","","2028-08-15","B28","8,4900","10","ok","","ANBIMA Data API (web-bff)"
"HBSA14","0,5430","DI_SPREAD","CDI + 0,54%","DI + 0.5000%","2026-07-28","2028-06-11","421,00","1,67","","","","","","","","ok","","ANBIMA Data API (web-bff)"
"HBSA21","8,5418","IPCA_SPREAD","B30 + 20 bps","IPCA + 6.0444%","2026-07-28","2031-10-15","920,00","3,65","","","","2030-08-15","B30","8,3200","20","ok","","ANBIMA Data API (web-bff)"
"HBSA22","1,4501","DI_SPREAD","CDI + 1,45%","DI + 2.4000%","2026-07-28","2029-07-20","433,00","1,72","","","","","","","","ok","","ANBIMA Data API (web-bff)"
"HBSA24","0,6182","DI_SPREAD","CDI + 0,62%","DI + 0.7500%","2026-07-28","2031-06-11","899,00","3,57","","","","","","","","ok","","ANBIMA Data API (web-bff)"
"HGLB13","2,6677","DI_SPREAD","CDI + 2,67%","DI + 3.0000%","2026-07-28","2034-10-15","905,00","3,59","","","","","","","","ok","","ANBIMA Data API (web-bff)"
"HGLB23","11,0066","IPCA_SPREAD","B31 + 252 bps","IPCA + 9.1196%","2026-07-28","2034-10-15","1082,00","4,29","","","","2031-05-15","B31","8,2825","252","ok","","ANBIMA Data API (web-bff)"
"HSBH11","9,3669","IPCA_SPREAD","B35 + 107 bps","IPCA + 8.5500%","2026-07-28","2043-11-15","1577,00","6,26","","","","2035-05-15","B35","8,2039","107","ok","","ANBIMA Data API (web-bff)"
"HVSP11","9,4027","IPCA_SPREAD","B32 + 104 bps","IPCA + 8.2561%","2026-07-28","2038-06-15","1235,00","4,90","","","","2032-08-15","B32","8,2807","104","ok","","ANBIMA Data API (web-bff)"
"HYPEA6","0,6772","DI_SPREAD","CDI + 0,68%","DI + 1.3500%","2026-07-28","2028-10-10","374,00","1,48","","","","","","","","ok","","ANBIMA Data API (web-bff)"
"HYPEA7","0,6713","DI_SPREAD","CDI + 0,67%","DI + 1.3000%","2026-07-28","2028-12-15","418,00","1,66","","","","","","","","ok","","ANBIMA Data API (web-bff)"
"HYPEA8","0,6762","DI_SPREAD","CDI + 0,68%","DI + 0.8500%","2026-07-28","2029-05-03","484,00","1,92","","","","","","","","ok","","ANBIMA Data API (web-bff)"
"HYPEA9","0,6761","DI_SPREAD","CDI + 0,68%","DI + 0.9000%","2026-07-28","2030-01-15","622,00","2,47","","","","","","","","ok","","ANBIMA Data API (web-bff)"
"HYPEB1","0,7237","DI_SPREAD","CDI + 0,72%","DI + 0.8500%","2026-07-28","2030-12-15","835,00","3,31","","","","","","","","ok","","ANBIMA Data API (web-bff)"
"HYPEC0","0,7007","DI_SPREAD","CDI + 0,70%","DI + 0.7500%","2026-07-28","2030-08-15","679,00","2,69","","","","","","","","ok","","ANBIMA Data API (web-bff)"
"HZTC14","8,5495","IPCA_SPREAD","B31 + 25 bps","IPCA + 6.7592%","2026-07-28","2035-11-15","1004,00","3,98","","","","2031-05-15","B31","8,2825","25","ok","","ANBIMA Data API (web-bff)"
"IBPB11","8,5014","IPCA_SPREAD","B33 + 21 bps","IPCA + 5.9000%","2026-07-28","2040-11-15","1469,00","5,83","","","","2033-05-15","B33","8,2731","21","ok","","ANBIMA Data API (web-bff)"
"IGSN15","11,3667","IPCA_SPREAD","B30 + 281 bps","IPCA + 6.1000%","2026-07-28","2034-07-15","946,00","3,75","","","","2030-08-15","B30","8,3200","281","ok","","ANBIMA Data API (web-bff)"
"IGTAA3","0,4971","DI_SPREAD","CDI + 0,50%","DI + 0.4500%","2026-07-28","2030-09-20","707,00","2,81","","","","","","","","ok","","ANBIMA Data API (web-bff)"
"IGTAB0","0,2854","DI_SPREAD","CDI + 0,29%","DI + 2.4500%","2026-07-28","2027-09-28","155,00","0,62","","","","","","","","ok","","ANBIMA Data API (web-bff)"
"INEL12","1,2662","DI_SPREAD","CDI + 1,27%","DI + 1.6500%","2026-07-28","2029-05-15","389,00","1,54","","","","","","","","ok","","ANBIMA Data API (web-bff)"
"IOCHA3","1,3412","DI_SPREAD","CDI + 1,34%","DI + 1.6000%","2026-07-28","2030-04-02","541,00","2,15","","","","","","","","ok","","ANBIMA Data API (web-bff)"
"IOCHA4","1,1876","DI_SPREAD","CDI + 1,19%","DI + 1.3500%","2026-07-28","2028-10-10","374,00","1,48","","","","","","","","ok","","ANBIMA Data API (web-bff)"
"IOCHA5","1,3585","DI_SPREAD","CDI + 1,36%","DI + 1.5500%","2026-07-28","2030-02-05","588,00","2,33","","","","","","","","ok","","ANBIMA Data API (web-bff)"
"IOCHA6","1,3864","DI_SPREAD","CDI + 1,39%","DI + 1.4500%","2026-07-28","2030-06-04","669,00","2,65","","","","","","","","ok","","ANBIMA Data API (web-bff)"
"IPIPA5","7,8258","IPCA_SPREAD","B35 - 35 bps","IPCA + 6.9550%","2026-07-28","2035-10-15","1562,00","6,20","","","","2035-05-15","B35","8,2039","-35","ok","","ANBIMA Data API (web-bff)"
"IPIPA6","0,5465","DI_SPREAD","CDI + 0,55%","DI + 0.6000%","2026-07-28","2030-11-19","745,00","2,96","","","","","","","","ok","","ANBIMA Data API (web-bff)"
"IRJS14","10,9552","IPCA_SPREAD","B35 + 254 bps","IPCA + 8.2000%","2026-07-28","2043-05-15","1709,00","6,78","","","","2035-05-15","B35","8,2039","254","ok","","ANBIMA Data API (web-bff)"
"IRJS15","10,9596","IPCA_SPREAD","B35 + 255 bps","IPCA + 7.1303%","2026-07-28","2044-02-15","1659,00","6,58","","","","2035-05-15","B35","8,2039","255","ok","","ANBIMA Data API (web-bff)"
"ISAEA8","7,8043","IPCA_SPREAD","B32 - 44 bps","IPCA + 7.4118%","2026-07-28","2033-06-15","1292,00","5,13","","","","2032-08-15","B32","8,2807","-44","ok","","ANBIMA Data API (web-bff)"
"ISAEA9","7,6589","IPCA_SPREAD","B40 - 23 bps","IPCA + 6.7000%","2026-07-28","2035-06-15","2224,00","8,83","","","","2040-08-15","B40","7,9071","-23","ok","","ANBIMA Data API (web-bff)"
"ISAEB0","7,7006","IPCA_SPREAD","B37 - 32 bps","IPCA + 6.6598%","2026-07-28","2037-10-15","1962,00","7,79","","","","2037-05-15","B37","8,0491","-32","ok","","ANBIMA Data API (web-bff)"
"ISAEB1","0,5741","DI_SPREAD","CDI + 0,57%","DI + 0.5500%","2026-07-28","2030-01-15","709,00","2,81","","","","","","","","ok","","ANBIMA Data API (web-bff)"
"ISAEB2","7,6427","IPCA_SPREAD","B40 - 25 bps","IPCA + 6.4618%","2026-07-28","2041-03-15","2319,00","9,20","","","","2040-08-15","B40","7,9071","-25","ok","","ANBIMA Data API (web-bff)"
"ISAEB8","7,8720","IPCA_SPREAD","B32 - 38 bps","IPCA + 7.4118%","2026-07-28","2033-03-15","1228,00","4,87","","","","2032-08-15","B32","8,2807","-38","ok","","ANBIMA Data API (web-bff)"
"ISAEC0","7,6859","IPCA_SPREAD","B40 - 20 bps","IPCA + 6.6382%","2026-07-28","2040-10-15","2224,00","8,83","","","","2040-08-15","B40","7,9071","-20","ok","","ANBIMA Data API (web-bff)"
"ISAEC1","0,6520","DI_SPREAD","CDI + 0,65%","DI + 0.6000%","2026-07-28","2031-01-15","858,00","3,40","","","","","","","","ok","","ANBIMA Data API (web-bff)"
"ISAEC2","7,6563","IPCA_SPREAD","B40 - 23 bps","IPCA + 6.4618%","2026-07-28","2041-03-15","2318,00","9,20","","","","2040-08-15","B40","7,9071","-23","ok","","ANBIMA Data API (web-bff)"
"ISAED1","0,6031","DI_SPREAD","CDI + 0,60%","DI + 0.8400%","2026-07-28","2035-01-15","1223,00","4,85","","","","","","","","ok","","ANBIMA Data API (web-bff)"
"ISPE12","2,4335","DI_SPREAD","CDI + 2,43%","DI + 2.5000%","2026-07-28","2029-06-01","583,00","2,31","","","","","","","","ok","","ANBIMA Data API (web-bff)"
"ISPE13","2,4855","DI_SPREAD","CDI + 2,49%","DI + 2.5000%","2026-07-28","2029-06-01","583,00","2,31","","","","","","","","ok","","ANBIMA Data API (web-bff)"
"ITPE13","9,6123","IPCA_SPREAD","B37 + 145 bps","IPCA + 8.6500%","2026-07-28","2042-06-15","1890,00","7,50","","","","2037-05-15","B37","8,0491","145","ok","","ANBIMA Data API (web-bff)"
"ITPO14","8,2441","IPCA_SPREAD","B32 - 3 bps","IPCA + 6.2878%","2026-07-28","2036-11-15","1273,00","5,05","","","","2032-08-15","B32","8,2807","-3","ok","","ANBIMA Data API (web-bff)"
"ITPO15","8,2642","IPCA_SPREAD","B33 - 1 bps","IPCA + 7.4000%","2026-07-28","2040-05-15","1454,00","5,77","","","","2033-05-15","B33","8,2731","-1","ok","","ANBIMA Data API (web-bff)"
"ITSA17","0,5145","DI_SPREAD","CDI + 0,51%","DI + 0.8800%","2026-07-28","2034-07-25","1189,00","4,72","","","","","","","","ok","","ANBIMA Data API (web-bff)"
"ITSA18","0,5191","DI_SPREAD","CDI + 0,52%","DI + 0.6000%","2026-07-28","2035-09-12","1109,00","4,40","","","","","","","","ok","","ANBIMA Data API (web-bff)"
"IVIAA0","9,4534","IPCA_SPREAD","B33 + 109 bps","IPCA + 6.8672%","2026-07-28","2038-05-15","1424,00","5,65","","","","2033-05-15","B33","8,2731","109","ok","","ANBIMA Data API (web-bff)"
"JALL11","8,6438","IPCA_SPREAD","B29 + 35 bps","IPCA + 5.5923%","2026-07-28","2028-12-15","562,00","2,23","","","","2029-05-15","B29","8,2619","35","ok","","ANBIMA Data API (web-bff)"
"JALL13","8,8119","IPCA_SPREAD","B31 + 49 bps","IPCA + 6.4876%","2026-07-28","2032-09-15","979,00","3,88","","","","2031-05-15","B31","8,2825","49","ok","","ANBIMA Data API (web-bff)"
"JALL14","9,0019","IPCA_SPREAD","B30 + 63 bps","IPCA + 7.1163%","2026-07-28","2030-10-15","909,00","3,61","","","","2030-08-15","B30","8,3200","63","ok","","ANBIMA Data API (web-bff)"
"JALL15","8,8936","IPCA_SPREAD","B33 + 57 bps","IPCA + 6.6074%","2026-07-28","2034-05-15","1358,00","5,39","","","","2033-05-15","B33","8,2731","57","ok","","ANBIMA Data API (web-bff)"
"JALL21","8,8759","IPCA_SPREAD","B31 + 55 bps","IPCA + 5.8041%","2026-07-28","2031-12-15","964,00","3,83","","","","2031-05-15","B31","8,2825","55","ok","","ANBIMA Data API (web-bff)"
"JALL24","8,7688","IPCA_SPREAD","B32 + 45 bps","IPCA + 7.2340%","2026-07-28","2033-10-17","1244,00","4,94","","","","2032-08-15","B32","8,2807","45","ok","","ANBIMA Data API (web-bff)"
"JHSFA1","0,6341","DI_SPREAD","CDI + 0,63%","DI + 2.7500%","2026-07-28","2027-01-21","88,00","0,35","","","","","","","","ok","","ANBIMA Data API (web-bff)"
"JHSFA3","1,2126","DI_SPREAD","CDI + 1,21%","DI + 2.2000%","2026-07-28","2027-12-20","171,00","0,68","","","","","","","","ok","","ANBIMA Data API (web-bff)"
"JSLGA5","2,6872","DI_SPREAD","CDI + 2,69%","DI + 2.7000%","2026-07-28","2028-10-20","270,00","1,07","","","","","","","","ok","","ANBIMA Data API (web-bff)"
"JSMLA5","3,8074","DI_SPREAD","CDI + 3,81%","DI + 3.5000%","2026-07-28","2031-01-15","673,00","2,67","","","","","","","","ok","","ANBIMA Data API (web-bff)"
"JSMLB5","14,1528","IPCA_SPREAD","B30 + 538 bps","IPCA + 7.9677%","2026-07-28","2031-09-15","848,00","3,37","","","","2030-08-15","B30","8,3200","538","ok","","ANBIMA Data API (web-bff)"
"JTEE11","7,8913","IPCA_SPREAD","B30 - 40 bps","IPCA + 4.5000%","2026-07-28","2033-07-15","853,00","3,38","","","","2030-08-15","B30","8,3200","-40","ok","","ANBIMA Data API (web-bff)"
"JTEE12","7,8174","IPCA_SPREAD","B35 - 36 bps","IPCA + 4.8295%","2026-07-28","2044-12-15","1765,00","7,00","","","","2035-05-15","B35","8,2039","-36","ok","","ANBIMA Data API (web-bff)"
"KLAS12","3,6120","DI_SPREAD","CDI + 3,61%","DI + 2.8000%","2026-07-28","2026-08-16","14,00","0,06","","","","","","","","ok","","ANBIMA Data API (web-bff)"
"KLBNA2","102,9191","DI_PERCENTUAL","CDI + 0,36%","114.6500% DI","2026-07-28","2029-03-19","351,00","1,39","102,9191","0,3646","spread = (1 + (%CDI/100)*L)/(1 + L) - 1; L = TaxaLTN_252 venc ref 2029-01-01 = 14,27%","","","","","ok","","ANBIMA Data API (web-bff)"
"KLBNA5","7,5563","IPCA_SPREAD","B37 - 46 bps","IPCA + 6.0500%","2026-07-28","2039-08-15","2075,00","8,23","","","","2037-05-15","B37","8,0491","-46","ok","","ANBIMA Data API (web-bff)"
"KRSA12","","DI_SPREAD","—","DI + 2.8000%","2026-07-28","2030-10-30","","","","","","","","","","sem_taxa","Taxa indicativa vazia","ANBIMA Data API (web-bff)"
"LCAMC2","1,5295","DI_SPREAD","CDI + 1,53%","DI + 2.4000%","2026-07-28","2031-05-20","722,00","2,87","","","","","","","","ok","","ANBIMA Data API (web-bff)"
"LCAMD1","10,0159","IPCA_SPREAD","B30 + 157 bps","IPCA + 6.5119%","2026-07-28","2031-09-15","886,00","3,52","","","","2030-08-15","B30","8,3200","157","ok","","ANBIMA Data API (web-bff)"
"LCAMD3","9,9891","IPCA_SPREAD","B29 + 160 bps","IPCA + 7.2101%","2026-07-28","2029-04-15","614,00","2,44","","","","2029-05-15","B29","8,2619","160","ok","","ANBIMA Data API (web-bff)"
"LETS18","1,3436","DI_SPREAD","CDI + 1,34%","DI + 1.2500%","2026-07-28","2031-10-15","779,00","3,09","","","","","","","","ok","","ANBIMA Data API (web-bff)"
"LGEN11","7,8928","IPCA_SPREAD","B27 - 23 bps","IPCA + 7.3287%","2026-07-28","2029-03-15","262,00","1,04","","","","2027-05-15","B27","8,1391","-23","ok","","ANBIMA Data API (web-bff)"
"LIGH1B","","IPCA_SPREAD","—","IPCA + 5.0000%","2026-07-28","2032-11-13","","","","","","","","","","sem_taxa","Taxa indicativa vazia","ANBIMA Data API (web-bff)"
"LIGHB4","","IPCA_SPREAD","—","IPCA + 5.0000%","2026-07-28","2032-11-13","","","","","","","","","","sem_taxa","Taxa indicativa vazia","ANBIMA Data API (web-bff)"
"LIGHB6","","IPCA_SPREAD","—","IPCA + 5.0000%","2026-07-28","2032-11-13","","","","","","","","","","sem_taxa","Taxa indicativa vazia","ANBIMA Data API (web-bff)"
"LIGHB7","","IPCA_SPREAD","—","IPCA + 5.0000%","2026-07-28","2032-11-13","","","","","","","","","","sem_taxa","Taxa indicativa vazia","ANBIMA Data API (web-bff)"
"LIGHC3","","IPCA_SPREAD","—","IPCA + 5.0000%","2026-07-28","2032-11-13","","","","","","","","","","sem_taxa","Taxa indicativa vazia","ANBIMA Data API (web-bff)"
"LIGHD3","","IPCA_SPREAD","—","IPCA + 3.0000%","2026-07-28","2037-11-13","","","","","","","","","","sem_taxa","Taxa indicativa vazia","ANBIMA Data API (web-bff)"
"LMTP18","1,4795","DI_SPREAD","CDI + 1,48%","DI + 1.9300%","2026-07-28","2026-12-10","93,00","0,37","","","","","","","","ok","","ANBIMA Data API (web-bff)"
"LMTP26","1,4890","DI_SPREAD","CDI + 1,49%","DI + 1.7000%","2026-07-28","2027-09-25","265,00","1,05","","","","","","","","ok","","ANBIMA Data API (web-bff)"
"LMTPA0","1,7477","DI_SPREAD","CDI + 1,75%","DI + 1.7000%","2026-07-28","2029-10-15","637,00","2,53","","","","","","","","ok","","ANBIMA Data API (web-bff)"
"LMTPA1","1,3073","DI_SPREAD","CDI + 1,31%","DI + 1.5000%","2026-07-28","2028-01-17","343,00","1,36","","","","","","","","ok","","ANBIMA Data API (web-bff)"
"LMTPA2","1,6342","DI_SPREAD","CDI + 1,63%","DI + 1.3000%","2026-07-28","2028-09-23","459,00","1,82","","","","","","","","ok","","ANBIMA Data API (web-bff)"
"LMTPB1","1,8441","DI_SPREAD","CDI + 1,84%","DI + 1.7000%","2026-07-28","2030-01-17","700,00","2,78","","","","","","","","ok","","ANBIMA Data API (web-bff)"
"LMTPB2","1,9685","DI_SPREAD","CDI + 1,97%","DI + 1.5000%","2026-07-28","2030-09-23","765,00","3,04","","","","","","","","ok","","ANBIMA Data API (web-bff)"
"LOGGB1","0,9238","DI_SPREAD","CDI + 0,92%","DI + 1.6500%","2026-07-28","2027-07-11","229,00","0,91","","","","","","","","ok","","ANBIMA Data API (web-bff)"
"LORTA7","10,0320","IPCA_SPREAD","B30 + 158 bps","IPCA + 5.4702%","2026-07-28","2031-03-15","906,00","3,60","","","","2030-08-15","B30","8,3200","158","ok","","ANBIMA Data API (web-bff)"
"LORTB2","1,3430","DI_SPREAD","CDI + 1,34%","DI + 1.8700%","2026-07-28","2028-12-05","506,00","2,01","","","","","","","","ok","","ANBIMA Data API (web-bff)"
"LTTE15","8,0279","IPCA_SPREAD","B32 - 23 bps","IPCA + 5.0900%","2026-07-28","2038-10-15","1221,00","4,85","","","","2032-08-15","B32","8,2807","-23","ok","","ANBIMA Data API (web-bff)"
"LVTC12","2,4076","DI_SPREAD","CDI + 2,41%","DI + 2.3000%","2026-07-28","2027-06-15","152,00","0,60","","","","","","","","ok","","ANBIMA Data API (web-bff)"
"LVTC22","5,7282","DI_SPREAD","CDI + 5,73%","DI + 2.7000%","2026-07-28","2029-06-15","352,00","1,40","","","","","","","","ok","","ANBIMA Data API (web-bff)"
"MATD12","0,7089","DI_SPREAD","CDI + 0,71%","DI + 0.9500%","2026-07-28","2031-05-15","809,00","3,21","","","","","","","","ok","","ANBIMA Data API (web-bff)"
"MATD13","0,7411","DI_SPREAD","CDI + 0,74%","DI + 1.1000%","2026-07-28","2032-07-18","980,00","3,89","","","","","","","","ok","","ANBIMA Data API (web-bff)"
"MDRO18","2,5689","DI_SPREAD","CDI + 2,57%","DI + 2.2500%","2026-07-28","2030-11-25","650,00","2,58","","","","","","","","ok","","ANBIMA Data API (web-bff)"
"MEAL14","4,8040","DI_SPREAD","CDI + 4,80%","DI + 4.2000%","2026-07-28","2028-10-11","260,00","1,03","","","","","","","","ok","","ANBIMA Data API (web-bff)"
"MGLUA0","1,7781","DI_SPREAD","CDI + 1,78%","DI + 1.2500%","2026-07-28","2026-10-15","55,00","0,22","","","","","","","","ok","","ANBIMA Data API (web-bff)"
"MGPRA0","8,9906","IPCA_SPREAD","B37 + 87 bps","IPCA + 7.8868%","2026-07-28","2042-03-15","1941,00","7,70","","","","2037-05-15","B37","8,0491","87","ok","","ANBIMA Data API (web-bff)"
"MGSP12","8,1469","IPCA_SPREAD","B33 - 12 bps","IPCA + 4.4500%","2026-07-28","2039-07-15","1379,00","5,47","","","","2033-05-15","B33","8,2731","-12","ok","","ANBIMA Data API (web-bff)"
"MILS18","1,1194","DI_SPREAD","CDI + 1,12%","DI + 2.0000%","2026-07-28","2030-01-10","521,00","2,07","","","","","","","","ok","","ANBIMA Data API (web-bff)"
"MILS19","1,0500","DI_SPREAD","CDI + 1,05%","DI + 1.3000%","2026-07-28","2029-06-20","515,00","2,04","","","","","","","","ok","","ANBIMA Data API (web-bff)"
"MILS29","1,2222","DI_SPREAD","CDI + 1,22%","DI + 1.4000%","2026-07-28","2032-06-20","888,00","3,52","","","","","","","","ok","","ANBIMA Data API (web-bff)"
"MILSA1","1,1286","DI_SPREAD","CDI + 1,13%","DI + 0.9000%","2026-07-28","2030-08-19","678,00","2,69","","","","","","","","ok","","ANBIMA Data API (web-bff)"
"MILSB0","1,2256","DI_SPREAD","CDI + 1,23%","DI + 1.3000%","2026-07-28","2032-11-25","933,00","3,70","","","","","","","","ok","","ANBIMA Data API (web-bff)"
"MNLT11","0,8774","DI_SPREAD","CDI + 0,88%","DI + 1.7500%","2026-07-28","2026-10-15","55,00","0,22","","","","","","","","ok","","ANBIMA Data API (web-bff)"
"MNRVA1","1,7128","DI_SPREAD","CDI + 1,71%","DI + 1.6000%","2026-07-28","2026-10-15","55,00","0,22","","","","","","","","ok","","ANBIMA Data API (web-bff)"
"MOTVA8","0,5260","DI_SPREAD","CDI + 0,53%","DI + 0.5700%","2026-07-28","2030-05-15","744,00","2,95","","","","","","","","ok","","ANBIMA Data API (web-bff)"
"MOTVB9","7,8318","IPCA_SPREAD","B37 - 20 bps","IPCA + 6.6497%","2026-07-28","2037-10-15","1837,00","7,29","","","","2037-05-15","B37","8,0491","-20","ok","","ANBIMA Data API (web-bff)"
"MOVI17","1,3798","DI_SPREAD","CDI + 1,38%","DI + 2.7000%","2026-07-28","2026-09-15","34,00","0,13","","","","","","","","ok","","ANBIMA Data API (web-bff)"
"MOVI18","13,2771","IPCA_SPREAD","B29 + 463 bps","IPCA + 8.0525%","2026-07-28","2029-06-15","647,00","2,57","","","","2029-05-15","B29","8,2619","463","ok","","ANBIMA Data API (web-bff)"
"MOVI27","2,8864","DI_SPREAD","CDI + 2,89%","DI + 2.9000%","2026-07-28","2029-09-15","436,00","1,73","","","","","","","","ok","","ANBIMA Data API (web-bff)"
"MOVI34","1,2971","DI_SPREAD","CDI + 1,30%","DI + 2.0500%","2026-07-28","2027-07-27","240,00","0,95","","","","","","","","ok","","ANBIMA Data API (web-bff)"
"MOVI37","14,0098","IPCA_SPREAD","B30 + 525 bps","IPCA + 7.6366%","2026-07-28","2031-09-15","853,00","3,38","","","","2030-08-15","B30","8,3200","525","ok","","ANBIMA Data API (web-bff)"
"MOVIA2","1,1978","DI_SPREAD","CDI + 1,20%","DI + 2.1000%","2026-07-28","2026-10-15","55,00","0,22","","","","","","","","ok","","ANBIMA Data API (web-bff)"
"MOVIA3","1,9253","DI_SPREAD","CDI + 1,93%","DI + 2.5000%","2026-07-28","2027-03-05","140,00","0,56","","","","","","","","ok","","ANBIMA Data API (web-bff)"
"MRFGA1","1,0361","DI_SPREAD","CDI + 1,04%","DI + 1.5500%","2026-07-28","2027-11-11","185,00","0,73","","","","","","","","ok","","ANBIMA Data API (web-bff)"
"MRSAA1","7,9270","IPCA_SPREAD","B33 - 32 bps","IPCA + 6.2414%","2026-07-28","2033-09-15","1424,00","5,65","","","","2033-05-15","B33","8,2731","-32","ok","","ANBIMA Data API (web-bff)"
"MRSAA2","7,8444","IPCA_SPREAD","B35 - 33 bps","IPCA + 6.5251%","2026-07-28","2034-09-15","1563,00","6,20","","","","2035-05-15","B35","8,2039","-33","ok","","ANBIMA Data API (web-bff)"
"MRSAA3","7,8493","IPCA_SPREAD","B32 - 40 bps","IPCA + 7.2638%","2026-07-28","2032-07-15","1236,00","4,90","","","","2032-08-15","B32","8,2807","-40","ok","","ANBIMA Data API (web-bff)"
"MRSAA4","7,7522","IPCA_SPREAD","B40 - 14 bps","IPCA + 6.4613%","2026-07-28","2041-02-15","2201,00","8,73","","","","2040-08-15","B40","7,9071","-14","ok","","ANBIMA Data API (web-bff)"
"MRSAB1","7,9085","IPCA_SPREAD","B35 - 27 bps","IPCA + 6.3439%","2026-07-28","2035-09-15","1564,00","6,21","","","","2035-05-15","B35","8,2039","-27","ok","","ANBIMA Data API (web-bff)"
"MRSAB2","7,9060","IPCA_SPREAD","B35 - 28 bps","IPCA + 6.5514%","2026-07-28","2036-09-15","1692,00","6,71","","","","2035-05-15","B35","8,2039","-28","ok","","ANBIMA Data API (web-bff)"
"MRSAB3","7,6943","IPCA_SPREAD","B40 - 20 bps","IPCA + 6.8437%","2026-07-28","2040-07-15","2172,00","8,62","","","","2040-08-15","B40","7,9071","-20","ok","","ANBIMA Data API (web-bff)"
"MRSAC1","7,7876","IPCA_SPREAD","B37 - 24 bps","IPCA + 6.4496%","2026-07-28","2038-09-15","1947,00","7,73","","","","2037-05-15","B37","8,0491","-24","ok","","ANBIMA Data API (web-bff)"
"MRSAC2","7,7780","IPCA_SPREAD","B37 - 25 bps","IPCA + 6.5796%","2026-07-28","2039-09-15","2050,00","8,13","","","","2037-05-15","B37","8,0491","-25","ok","","ANBIMA Data API (web-bff)"
"MSGT12","8,1310","IPCA_SPREAD","B28 - 33 bps","IPCA + 4.9500%","2026-07-28","2030-11-15","510,00","2,02","","","","2028-08-15","B28","8,4900","-33","ok","","ANBIMA Data API (web-bff)"
"MSGT13","9,1769","IPCA_SPREAD","B29 + 85 bps","IPCA + 7.0605%","2026-07-28","2031-11-15","720,00","2,86","","","","2029-05-15","B29","8,2619","85","ok","","ANBIMA Data API (web-bff)"
"MSGT23","8,1764","IPCA_SPREAD","B35 - 3 bps","IPCA + 6.0762%","2026-07-28","2037-11-15","1608,00","6,38","","","","2035-05-15","B35","8,2039","-3","ok","","ANBIMA Data API (web-bff)"
"MSGT33","8,1004","IPCA_SPREAD","B37 + 5 bps","IPCA + 6.2339%","2026-07-28","2041-11-15","2080,00","8,25","","","","2037-05-15","B37","8,0491","5","ok","","ANBIMA Data API (web-bff)"
"MTRO12","0,9247","DI_SPREAD","CDI + 0,92%","DI + 4.5000%","2026-07-28","2027-04-25","99,00","0,39","","","","","","","","ok","","ANBIMA Data API (web-bff)"
"MULPA0","0,6834","DI_SPREAD","CDI + 0,68%","DI + 1.3000%","2026-07-28","2028-10-15","270,00","1,07","","","","","","","","ok","","ANBIMA Data API (web-bff)"
"MULPB1","0,6310","DI_SPREAD","CDI + 0,63%","DI + 1.2000%","2026-07-28","2028-01-10","226,00","0,90","","","","","","","","ok","","ANBIMA Data API (web-bff)"
"MULTA5","0,5491","DI_SPREAD","CDI + 0,55%","DI + 0.5500%","2026-07-28","2031-10-15","791,00","3,14","","","","","","","","ok","","ANBIMA Data API (web-bff)"
"MULTB5","0,6294","DI_SPREAD","CDI + 0,63%","DI + 0.8000%","2026-07-28","2034-10-15","1126,00","4,47","","","","","","","","ok","","ANBIMA Data API (web-bff)"
"MVLV19","2,1598","DI_SPREAD","CDI + 2,16%","DI + 2.9500%","2026-07-28","2027-04-05","160,00","0,63","","","","","","","","ok","","ANBIMA Data API (web-bff)"
"MVLV26","15,9421","IPCA_SPREAD","B28 + 687 bps","IPCA + 7.2413%","2026-07-28","2028-06-15","446,00","1,77","","","","2028-08-15","B28","8,4900","687","ok","","ANBIMA Data API (web-bff)"
"MVLVA1","2,1820","DI_SPREAD","CDI + 2,18%","DI + 2.9000%","2026-07-28","2027-12-22","212,00","0,84","","","","","","","","ok","","ANBIMA Data API (web-bff)"
"MVLVA3","2,1396","DI_SPREAD","CDI + 2,14%","DI + 2.5000%","2026-07-28","2027-08-10","231,00","0,92","","","","","","","","ok","","ANBIMA Data API (web-bff)"
"NATUA3","1,6757","DI_SPREAD","CDI + 1,68%","DI + 1.2000%","2026-07-28","2029-06-15","601,00","2,38","","","","","","","","ok","","ANBIMA Data API (web-bff)"
"NEOE16","8,2142","IPCA_SPREAD","B28 - 25 bps","IPCA + 4.0700%","2026-07-28","2029-06-15","451,00","1,79","","","","2028-08-15","B28","8,4900","-25","ok","","ANBIMA Data API (web-bff)"
"NEOE26","8,1277","IPCA_SPREAD","B30 - 18 bps","IPCA + 4.2200%","2026-07-28","2033-06-15","858,00","3,40","","","","2030-08-15","B30","8,3200","-18","ok","","ANBIMA Data API (web-bff)"
"NIGP12","1,0546","DI_SPREAD","CDI + 1,05%","DI + 1.9000%","2026-07-28","2032-03-24","824,00","3,27","","","","","","","","ok","","ANBIMA Data API (web-bff)"
"NMCH11","8,0959","IPCA_SPREAD","B32 - 17 bps","IPCA + 6.5599%","2026-07-28","2038-12-15","1214,00","4,82","","","","2032-08-15","B32","8,2807","-17","ok","","ANBIMA Data API (web-bff)"
"NNAE12","8,9188","IPCA_SPREAD","B33 + 60 bps","IPCA + 9.5000%","2026-07-28","2040-12-15","1443,00","5,73","","","","2033-05-15","B33","8,2731","60","ok","","ANBIMA Data API (web-bff)"
"NRTB11","14,0837","IPCA_SPREAD","—","IPCA + 7.1500%","2026-07-28","2026-09-15","34,00","0,13","","","","","","","","ipca_sem_ref","Sem Referencia NTN-B no arquivo","ANBIMA Data API (web-bff)"
"NRTB21","13,8725","IPCA_SPREAD","—","IPCA + 7.1500%","2026-07-28","2026-09-15","34,00","0,13","","","","","","","","ipca_sem_ref","Sem Referencia NTN-B no arquivo","ANBIMA Data API (web-bff)"
"NTEN11","13,6264","IPCA_SPREAD","B28 + 473 bps","IPCA + 7.2500%","2026-07-28","2030-05-15","473,00","1,88","","","","2028-08-15","B28","8,4900","473","ok","","ANBIMA Data API (web-bff)"
"NTSD16","0,7832","DI_SPREAD","CDI + 0,78%","DI + 1.2000%","2026-07-28","2029-02-15","139,00","0,55","","","","","","","","ok","","ANBIMA Data API (web-bff)"
"NTSD17","0,4617","DI_SPREAD","CDI + 0,46%","DI + 0.8000%","2026-07-28","2028-06-20","426,00","1,69","","","","","","","","ok","","ANBIMA Data API (web-bff)"
"NTSD18","0,6659","DI_SPREAD","CDI + 0,67%","DI + 0.8000%","2026-07-28","2030-11-22","820,00","3,25","","","","","","","","ok","","ANBIMA Data API (web-bff)"
"NTSD19","7,5848","IPCA_SPREAD","B40 - 30 bps","IPCA + 6.7269%","2026-07-28","2040-07-16","2184,00","8,67","","","","2040-08-15","B40","7,9071","-30","ok","","ANBIMA Data API (web-bff)"
"NTSD26","0,8326","DI_SPREAD","CDI + 0,83%","DI + 1.4000%","2026-07-28","2031-02-15","744,00","2,95","","","","","","","","ok","","ANBIMA Data API (web-bff)"
"NTSD35","0,9972","DI_SPREAD","CDI + 1,00%","DI + 1.8500%","2026-07-28","2032-09-13","850,00","3,37","","","","","","","","ok","","ANBIMA Data API (web-bff)"
"NTSD36","0,9458","DI_SPREAD","CDI + 0,95%","DI + 1.7000%","2026-07-28","2034-02-15","1021,00","4,05","","","","","","","","ok","","ANBIMA Data API (web-bff)"
"NTSDA0","0,8521","DI_SPREAD","CDI + 0,85%","DI + 0.9000%","2026-07-28","2031-08-25","884,00","3,51","","","","","","","","ok","","ANBIMA Data API (web-bff)"
"NTSDA1","7,6018","IPCA_SPREAD","B40 - 28 bps","IPCA + 6.3198%","2026-07-28","2041-03-15","2226,00","8,83","","","","2040-08-15","B40","7,9071","-28","ok","","ANBIMA Data API (web-bff)"
"NTSDA2","0,7588","DI_SPREAD","CDI + 0,76%","DI + 0.6000%","2026-07-28","2031-03-10","767,00","3,04","","","","","","","","ok","","ANBIMA Data API (web-bff)"
"ODYA11","8,5364","IPCA_SPREAD","B28 + 4 bps","IPCA + 6.7968%","2026-07-28","2031-09-15","556,00","2,21","","","","2028-08-15","B28","8,4900","4","ok","","ANBIMA Data API (web-bff)"
"OMGE12","9,0792","IPCA_SPREAD","B28 + 54 bps","IPCA + 4.3671%","2026-07-28","2028-09-15","508,00","2,02","","","","2028-08-15","B28","8,4900","54","ok","","ANBIMA Data API (web-bff)"
"OMGE15","1,6096","DI_SPREAD","CDI + 1,61%","DI + 1.6500%","2026-07-28","2029-06-15","598,00","2,37","","","","","","","","ok","","ANBIMA Data API (web-bff)"
"OMGE16","1,1990","DI_SPREAD","CDI + 1,20%","DI + 1.1500%","2026-07-28","2030-03-15","695,00","2,76","","","","","","","","ok","","ANBIMA Data API (web-bff)"
"OMGE17","1,4170","DI_SPREAD","CDI + 1,42%","DI + 0.8900%","2026-07-28","2031-02-15","822,00","3,26","","","","","","","","ok","","ANBIMA Data API (web-bff)"
"OMGE22","9,1084","IPCA_SPREAD","B28 + 57 bps","IPCA + 4.3671%","2026-07-28","2028-09-15","502,00","1,99","","","","2028-08-15","B28","8,4900","57","ok","","ANBIMA Data API (web-bff)"
"OMGE26","1,1830","DI_SPREAD","CDI + 1,18%","DI + 1.2500%","2026-07-28","2031-03-15","830,00","3,29","","","","","","","","ok","","ANBIMA Data API (web-bff)"
"OMGE27","","DI_SPREAD","—","DI + 1.0200%","2026-07-28","2033-02-15","","","","","","","","","","sem_taxa","Taxa indicativa vazia","ANBIMA Data API (web-bff)"
"OMGE41","8,7250","IPCA_SPREAD","B27 + 54 bps","IPCA + 5.0000%","2026-07-28","2027-05-15","195,00","0,77","","","","2027-05-15","B27","8,1391","54","ok","","ANBIMA Data API (web-bff)"
"OMNG12","8,6414","IPCA_SPREAD","B28 + 14 bps","IPCA + 7.1096%","2026-07-28","2029-12-15","435,00","1,73","","","","2028-08-15","B28","8,4900","14","ok","","ANBIMA Data API (web-bff)"
"ONCO19","","DI_SPREAD","—","DI + 1.6200%","2026-07-28","2027-11-25","","","","","","","","","","sem_taxa","Taxa indicativa vazia","ANBIMA Data API (web-bff)"
"ONCO29","","DI_SPREAD","—","DI + 1.8000%","2026-07-28","2029-11-25","","","","","","","","","","sem_taxa","Taxa indicativa vazia","ANBIMA Data API (web-bff)"
"ONCOA1","","DI_SPREAD","—","DI + 1.4000%","2026-07-28","2029-04-10","","","","","","","","","","sem_taxa","Taxa indicativa vazia","ANBIMA Data API (web-bff)"
"ONZE21","8,7405","IPCA_SPREAD","B37 + 64 bps","IPCA + 8.7400%","2026-07-28","2048-06-15","2033,00","8,07","","","","2037-05-15","B37","8,0491","64","ok","","ANBIMA Data API (web-bff)"
"OPCT16","1,4500","DI_SPREAD","CDI + 1,45%","DI + 2.5000%","2026-07-28","2029-12-18","505,00","2,00","","","","","","","","ok","","ANBIMA Data API (web-bff)"
"OPCT17","1,5000","DI_SPREAD","CDI + 1,50%","DI + 2.0000%","2026-07-28","2030-07-27","603,00","2,39","","","","","","","","ok","","ANBIMA Data API (web-bff)"
"ORIG11","11,2690","IPCA_SPREAD","B32 + 276 bps","IPCA + 8.4001%","2026-07-28","2035-12-15","1253,00","4,97","","","","2032-08-15","B32","8,2807","276","ok","","ANBIMA Data API (web-bff)"
"ORIG12","11,3522","IPCA_SPREAD","B32 + 284 bps","IPCA + 10.0361%","2026-07-28","2035-12-15","1219,00","4,84","","","","2032-08-15","B32","8,2807","284","ok","","ANBIMA Data API (web-bff)"
"ORIG21","17,3224","PREFIXADO","17,32%","Pré-Fixado 14.1500%","2026-07-28","2035-12-15","1066,00","4,23","","2,3229","spread = (1 + Y)/(1 + L) - 1; Y = pre 17,32%; L = TaxaLTN_252 venc ref 2032-01-01 = 14,66%","","","","","ok","","ANBIMA Data API (web-bff)"
"ORIG22","17,4867","PREFIXADO","17,49%","Pré-Fixado 15.6300%","2026-07-28","2035-12-15","1046,00","4,15","","2,4662","spread = (1 + Y)/(1 + L) - 1; Y = pre 17,49%; L = TaxaLTN_252 venc ref 2032-01-01 = 14,66%","","","","","ok","","ANBIMA Data API (web-bff)"
"ORMA16","1,2500","DI_SPREAD","CDI + 1,25%","DI + 1.4500%","2026-07-28","2035-09-15","1003,00","3,98","","","","","","","","ok","","ANBIMA Data API (web-bff)"
"ORMA17","1,4288","DI_SPREAD","CDI + 1,43%","DI + 1.4500%","2026-07-28","2035-12-15","1065,00","4,23","","","","","","","","ok","","ANBIMA Data API (web-bff)"
"ORVR16","8,6014","IPCA_SPREAD","B35 + 37 bps","IPCA + 7.9283%","2026-07-28","2039-12-15","1649,00","6,54","","","","2035-05-15","B35","8,2039","37","ok","","ANBIMA Data API (web-bff)"
"OVSAA3","2,2664","DI_SPREAD","CDI + 2,27%","DI + 2.4000%","2026-07-28","2028-07-15","390,00","1,55","","","","","","","","ok","","ANBIMA Data API (web-bff)"
"OVSAA8","2,2435","DI_SPREAD","CDI + 2,24%","DI + 2.7000%","2026-07-28","2029-06-10","502,00","1,99","","","","","","","","ok","","ANBIMA Data API (web-bff)"
"OVSAA9","2,1920","DI_SPREAD","CDI + 2,19%","DI + 2.5000%","2026-07-28","2029-11-18","572,00","2,27","","","","","","","","ok","","ANBIMA Data API (web-bff)"
"OVSAB0","2,0956","DI_SPREAD","CDI + 2,10%","DI + 2.3000%","2026-07-28","2028-05-16","397,00","1,58","","","","","","","","ok","","ANBIMA Data API (web-bff)"
"OVSAB1","2,3916","DI_SPREAD","CDI + 2,39%","DI + 2.3500%","2026-07-28","2032-01-20","895,00","3,55","","","","","","","","ok","","ANBIMA Data API (web-bff)"
"OZNH11","1,9000","DI_SPREAD","CDI + 1,90%","DI + 3.5000%","2026-07-28","2031-11-26","567,00","2,25","","","","","","","","ok","","ANBIMA Data API (web-bff)"
"PALF38","7,7288","IPCA_SPREAD","B27 - 38 bps","IPCA + 5.0500%","2026-07-28","2027-09-15","152,00","0,60","","","","2027-05-15","B27","8,1391","-38","ok","","ANBIMA Data API (web-bff)"
"PALFA3","7,8897","IPCA_SPREAD","B32 - 36 bps","IPCA + 6.1774%","2026-07-28","2033-10-15","1280,00","5,08","","","","2032-08-15","B32","8,2807","-36","ok","","ANBIMA Data API (web-bff)"
"PALFA4","0,3344","DI_SPREAD","CDI + 0,33%","DI + 0.5500%","2026-07-28","2027-09-05","143,00","0,57","","","","","","","","ok","","ANBIMA Data API (web-bff)"
"PALFA5","0,4686","DI_SPREAD","CDI + 0,47%","DI + 0.4900%","2026-07-28","2029-09-10","549,00","2,18","","","","","","","","ok","","ANBIMA Data API (web-bff)"
"PALFA6","0,4610","DI_SPREAD","CDI + 0,46%","DI + 0.5900%","2026-07-28","2030-02-15","615,00","2,44","","","","","","","","ok","","ANBIMA Data API (web-bff)"
"PALFA7","7,9475","IPCA_SPREAD","B35 - 24 bps","IPCA + 6.8967%","2026-07-28","2035-09-15","1542,00","6,12","","","","2035-05-15","B35","8,2039","-24","ok","","ANBIMA Data API (web-bff)"
"PALFA8","0,3067","DI_SPREAD","CDI + 0,31%","DI + 0.3000%","2026-07-28","2026-12-19","100,00","0,40","","","","","","","","ok","","ANBIMA Data API (web-bff)"
"PALFB3","7,9692","IPCA_SPREAD","B35 - 22 bps","IPCA + 6.1753%","2026-07-28","2035-10-15","1591,00","6,31","","","","2035-05-15","B35","8,2039","-22","ok","","ANBIMA Data API (web-bff)"
"PALFB6","7,9690","IPCA_SPREAD","B33 - 28 bps","IPCA + 7.7082%","2026-07-28","2035-02-15","1424,00","5,65","","","","2033-05-15","B33","8,2731","-28","ok","","ANBIMA Data API (web-bff)"
"PASN12","9,4440","IPCA_SPREAD","B28 + 88 bps","IPCA + 6.1000%","2026-07-28","2030-07-15","507,00","2,01","","","","2028-08-15","B28","8,4900","88","ok","","ANBIMA Data API (web-bff)"
"PASS12","0,9509","DI_SPREAD","CDI + 0,95%","DI + 1.5500%","2026-07-28","2030-11-01","725,00","2,88","","","","","","","","ok","","ANBIMA Data API (web-bff)"
"PASS13","0,7867","DI_SPREAD","CDI + 0,79%","DI + 1.0800%","2026-07-28","2029-03-15","540,00","2,14","","","","","","","","ok","","ANBIMA Data API (web-bff)"
"PASS14","0,7438","DI_SPREAD","CDI + 0,74%","DI + 0.6500%","2026-07-28","2030-06-01","754,00","2,99","","","","","","","","ok","","ANBIMA Data API (web-bff)"
"PASS24","0,8452","DI_SPREAD","CDI + 0,85%","DI + 0.7000%","2026-07-28","2032-06-01","951,00","3,77","","","","","","","","ok","","ANBIMA Data API (web-bff)"
"PAXA12","9,3912","IPCA_SPREAD","B35 + 110 bps","IPCA + 9.5844%","2026-07-28","2040-02-15","1585,00","6,29","","","","2035-05-15","B35","8,2039","110","ok","","ANBIMA Data API (web-bff)"
"PEJA11","8,2069","IPCA_SPREAD","B29 - 5 bps","IPCA + 7.4100%","2026-07-28","2032-08-15","749,00","2,97","","","","2029-05-15","B29","8,2619","-5","ok","","ANBIMA Data API (web-bff)"
"PEJA12","","PREFIXADO","—","Pré-Fixado 11.1155%","2026-07-28","2029-02-15","","","","","","","","","","sem_taxa","Taxa indicativa vazia","ANBIMA Data API (web-bff)"
"PEJA13","","PREFIXADO","—","Pré-Fixado 11.0121%","2026-07-28","2029-04-15","","","","","","","","","","sem_taxa","Taxa indicativa vazia","ANBIMA Data API (web-bff)"
"PEJA21","1,0300","DI_SPREAD","CDI + 1,03%","DI + 2.0500%","2026-07-28","2027-08-15","236,00","0,94","","","","","","","","ok","","ANBIMA Data API (web-bff)"
"PEJA22","8,3244","IPCA_SPREAD","B32 + 4 bps","IPCA + 6.4662%","2026-07-28","2034-02-15","1308,00","5,19","","","","2032-08-15","B32","8,2807","4","ok","","ANBIMA Data API (web-bff)"
"PEJA23","8,3869","IPCA_SPREAD","B33 + 11 bps","IPCA + 6.5102%","2026-07-28","2034-04-15","1347,00","5,35","","","","2033-05-15","B33","8,2731","11","ok","","ANBIMA Data API (web-bff)"
"PETR17","7,1847","IPCA_SPREAD","B29 - 99 bps","IPCA + 3.6000%","2026-07-28","2029-09-15","737,00","2,92","","","","2029-05-15","B29","8,2619","-99","ok","","ANBIMA Data API (web-bff)"
"PETR18","7,2893","IPCA_SPREAD","B35 - 85 bps","IPCA + 6.3874%","2026-07-28","2035-06-15","1709,00","6,78","","","","2035-05-15","B35","8,2039","-85","ok","","ANBIMA Data API (web-bff)"
"PETR26","7,1799","IPCA_SPREAD","B29 - 100 bps","IPCA + 4.2186%","2026-07-28","2029-01-15","590,00","2,34","","","","2029-05-15","B29","8,2619","-100","ok","","ANBIMA Data API (web-bff)"
"PETR27","7,3836","IPCA_SPREAD","B35 - 76 bps","IPCA + 3.9000%","2026-07-28","2034-09-15","1700,00","6,75","","","","2035-05-15","B35","8,2039","-76","ok","","ANBIMA Data API (web-bff)"
"PETR28","7,2118","IPCA_SPREAD","B40 - 64 bps","IPCA + 6.6556%","2026-07-28","2040-06-15","2185,00","8,67","","","","2040-08-15","B40","7,9071","-64","ok","","ANBIMA Data API (web-bff)"
"PETR38","7,1479","IPCA_SPREAD","B45 - 55 bps","IPCA + 6.8431%","2026-07-28","2045-06-15","2624,00","10,41","","","","2045-05-15","B45","7,7404","-55","ok","","ANBIMA Data API (web-bff)"
"PFOR15","1,4290","DI_SPREAD","CDI + 1,43%","DI + 1.2000%","2026-07-28","2030-02-20","600,00","2,38","","","","","","","","ok","","ANBIMA Data API (web-bff)"
"PFOR16","1,3686","DI_SPREAD","CDI + 1,37%","DI + 1.4500%","2026-07-28","2030-07-15","698,00","2,77","","","","","","","","ok","","ANBIMA Data API (web-bff)"
"PFOR25","1,6286","DI_SPREAD","CDI + 1,63%","DI + 1.3500%","2026-07-28","2032-02-20","868,00","3,44","","","","","","","","ok","","ANBIMA Data API (web-bff)"
"PFOR26","1,4969","DI_SPREAD","CDI + 1,50%","DI + 1.6000%","2026-07-28","2032-07-15","965,00","3,83","","","","","","","","ok","","ANBIMA Data API (web-bff)"
"PGMN26","1,6194","DI_SPREAD","CDI + 1,62%","DI + 2.2000%","2026-07-28","2028-11-05","388,00","1,54","","","","","","","","ok","","ANBIMA Data API (web-bff)"
"PLSB1A","9,7737","IPCA_SPREAD","B29 + 140 bps","IPCA + 5.8550%","2026-07-28","2031-10-15","709,00","2,81","","","","2029-05-15","B29","8,2619","140","ok","","ANBIMA Data API (web-bff)"
"PLSB2A","1,2550","DI_SPREAD","CDI + 1,26%","DI + 1.5500%","2026-07-28","2028-10-15","295,00","1,17","","","","","","","","ok","","ANBIMA Data API (web-bff)"
"POTE11","8,5624","IPCA_SPREAD","B35 + 33 bps","IPCA + 7.3706%","2026-07-28","2041-12-15","1546,00","6,13","","","","2035-05-15","B35","8,2039","33","ok","","ANBIMA Data API (web-bff)"
"POTE12","8,4868","IPCA_SPREAD","B33 + 20 bps","IPCA + 7.0416%","2026-07-28","2042-10-15","1436,00","5,70","","","","2033-05-15","B33","8,2731","20","ok","","ANBIMA Data API (web-bff)"
"PRAS11","8,1472","IPCA_SPREAD","B30 - 16 bps","IPCA + 5.7656%","2026-07-28","2034-08-15","921,00","3,65","","","","2030-08-15","B30","8,3200","-16","ok","","ANBIMA Data API (web-bff)"
"PRLG17","1,0661","DI_SPREAD","CDI + 1,07%","DI + 1.2000%","2026-07-28","2030-04-10","713,00","2,83","","","","","","","","ok","","ANBIMA Data API (web-bff)"
"PRPO12","8,3929","IPCA_SPREAD","B29 + 12 bps","IPCA + 4.2200%","2026-07-28","2031-12-15","710,00","2,82","","","","2029-05-15","B29","8,2619","12","ok","","ANBIMA Data API (web-bff)"
"PRSS11","9,1999","IPCA_SPREAD","B35 + 92 bps","IPCA + 8.6141%","2026-07-28","2040-02-15","1617,00","6,42","","","","2035-05-15","B35","8,2039","92","ok","","ANBIMA Data API (web-bff)"
"PRTE12","7,8881","IPCA_SPREAD","B27 - 23 bps","IPCA + 6.9045%","2026-07-28","2028-03-15","229,00","0,91","","","","2027-05-15","B27","8,1391","-23","ok","","ANBIMA Data API (web-bff)"
"PSAN13","2,3038","DI_SPREAD","CDI + 2,30%","DI + 2.3000%","2026-07-28","2030-03-18","608,00","2,41","","","","","","","","ok","","ANBIMA Data API (web-bff)"
"PSAN23","2,3182","DI_SPREAD","CDI + 2,32%","DI + 2.7000%","2026-07-28","2030-03-18","680,00","2,70","","","","","","","","ok","","ANBIMA Data API (web-bff)"
"PTAZ11","8,1406","IPCA_SPREAD","B40 + 22 bps","IPCA + 5.6904%","2026-07-28","2046-04-15","2111,00","8,38","","","","2040-08-15","B40","7,9071","22","ok","","ANBIMA Data API (web-bff)"
"QMCT14","9,2155","IPCA_SPREAD","B32 + 86 bps","IPCA + 9.6588%","2026-07-28","2035-08-15","1210,00","4,80","","","","2032-08-15","B32","8,2807","86","ok","","ANBIMA Data API (web-bff)"
"QUAL16","2,7892","DI_SPREAD","CDI + 2,79%","DI + 1.8500%","2026-07-28","2027-06-03","202,00","0,80","","","","","","","","ok","","ANBIMA Data API (web-bff)"
"QUAL17","4,5882","DI_SPREAD","CDI + 4,59%","DI + 3.5000%","2026-07-28","2028-03-15","196,00","0,78","","","","","","","","ok","","ANBIMA Data API (web-bff)"
"QUAL18","4,4374","DI_SPREAD","CDI + 4,44%","DI + 2.5000%","2026-07-28","2029-10-15","437,00","1,73","","","","","","","","ok","","ANBIMA Data API (web-bff)"
"QUAT13","9,2732","IPCA_SPREAD","B30 + 88 bps","IPCA + 7.8722%","2026-07-28","2034-07-15","912,00","3,62","","","","2030-08-15","B30","8,3200","88","ok","","ANBIMA Data API (web-bff)"
"QUNT11","0,7665","DI_SPREAD","CDI + 0,77%","DI + 1.0000%","2026-07-28","2031-11-18","789,00","3,13","","","","","","","","ok","","ANBIMA Data API (web-bff)"
"QYAN11","0,7407","DI_SPREAD","CDI + 0,74%","DI + 1.0000%","2026-07-28","2032-11-18","844,00","3,35","","","","","","","","ok","","ANBIMA Data API (web-bff)"
"RADL14","103,7547","DI_PERCENTUAL","CDI + 0,45%","106.9900% DI","2026-07-28","2027-06-17","212,00","0,84","103,7547","0,4541","spread = (1 + (%CDI/100)*L)/(1 + L) - 1; L = TaxaLTN_252 venc ref 2027-07-01 = 13,76%","","","","","ok","","ANBIMA Data API (web-bff)"
"RADL15","0,6302","DI_SPREAD","CDI + 0,63%","DI + 1.4900%","2026-07-28","2029-01-25","446,00","1,77","","","","","","","","ok","","ANBIMA Data API (web-bff)"
"RADL19","0,4639","DI_SPREAD","CDI + 0,46%","DI + 0.6500%","2026-07-28","2031-04-22","797,00","3,16","","","","","","","","ok","","ANBIMA Data API (web-bff)"
"RADLA0","0,4736","DI_SPREAD","CDI + 0,47%","DI + 0.6000%","2026-07-28","2032-04-15","924,00","3,67","","","","","","","","ok","","ANBIMA Data API (web-bff)"
"RADLA1","0,4994","DI_SPREAD","CDI + 0,50%","DI + 0.4400%","2026-07-28","2032-11-10","1002,00","3,98","","","","","","","","ok","","ANBIMA Data API (web-bff)"
"RAIZ13","","IPCA_SPREAD","—","IPCA + 6.4879%","2026-07-28","2034-09-15","","","","","","","","","","sem_taxa","Taxa indicativa vazia","ANBIMA Data API (web-bff)"
"RAIZ14","","DI_SPREAD","—","DI + 1.3000%","2026-07-28","2030-07-15","","","","","","","","","","sem_taxa","Taxa indicativa vazia","ANBIMA Data API (web-bff)"
"RAIZ23","","IPCA_SPREAD","—","IPCA + 6.4794%","2026-07-28","2039-09-15","","","","","","","","","","sem_taxa","Taxa indicativa vazia","ANBIMA Data API (web-bff)"
"RALM11","9,1054","IPCA_SPREAD","B37 + 98 bps","IPCA + 7.8293%","2026-07-28","2048-12-15","2079,00","8,25","","","","2037-05-15","B37","8,0491","98","ok","","ANBIMA Data API (web-bff)"
"RALM21","9,1090","IPCA_SPREAD","B37 + 98 bps","IPCA + 7.8293%","2026-07-28","2048-12-15","2079,00","8,25","","","","2037-05-15","B37","8,0491","98","ok","","ANBIMA Data API (web-bff)"
"RATL11","7,9173","IPCA_SPREAD","B33 - 33 bps","IPCA + 7.1717%","2026-07-28","2036-12-15","1330,00","5,28","","","","2033-05-15","B33","8,2731","-33","ok","","ANBIMA Data API (web-bff)"
"RDOE18","7,9558","IPCA_SPREAD","B30 - 34 bps","IPCA + 5.9500%","2026-07-28","2031-04-15","824,00","3,27","","","","2030-08-15","B30","8,3200","-34","ok","","ANBIMA Data API (web-bff)"
"RDORA5","1,1667","DI_SPREAD","CDI + 1,17%","DI + 2.0000%","2026-07-28","2032-10-15","1011,00","4,01","","","","","","","","ok","","ANBIMA Data API (web-bff)"
"RDORB3","1,0109","DI_SPREAD","CDI + 1,01%","DI + 1.9000%","2026-07-28","2032-05-15","860,00","3,41","","","","","","","","ok","","ANBIMA Data API (web-bff)"
"RDORB5","1,0826","DI_SPREAD","CDI + 1,08%","DI + 1.9500%","2026-07-28","2032-10-15","959,00","3,81","","","","","","","","ok","","ANBIMA Data API (web-bff)"
"RDORB9","0,9809","DI_SPREAD","CDI + 0,98%","DI + 1.9000%","2026-07-28","2031-08-20","737,00","2,92","","","","","","","","ok","","ANBIMA Data API (web-bff)"
"RDORC3","1,0238","DI_SPREAD","CDI + 1,02%","DI + 1.9000%","2026-07-28","2032-05-15","860,00","3,41","","","","","","","","ok","","ANBIMA Data API (web-bff)"
"RDORC4","0,3713","DI_SPREAD","CDI + 0,37%","DI + 0.6500%","2026-07-28","2027-09-15","259,00","1,03","","","","","","","","ok","","ANBIMA Data API (web-bff)"
"RDORC7","0,4792","DI_SPREAD","CDI + 0,48%","DI + 0.7900%","2026-07-28","2029-06-20","417,00","1,65","","","","","","","","ok","","ANBIMA Data API (web-bff)"
"RDORC9","0,9774","DI_SPREAD","CDI + 0,98%","DI + 1.9000%","2026-07-28","2031-08-20","737,00","2,92","","","","","","","","ok","","ANBIMA Data API (web-bff)"
"RDORD3","1,0834","DI_SPREAD","CDI + 1,08%","DI + 1.7000%","2026-07-28","2034-05-05","1162,00","4,61","","","","","","","","ok","","ANBIMA Data API (web-bff)"
"RDORD4","0,9417","DI_SPREAD","CDI + 0,94%","DI + 1.1000%","2026-07-28","2031-09-15","895,00","3,55","","","","","","","","ok","","ANBIMA Data API (web-bff)"
"RDORD7","1,0108","DI_SPREAD","CDI + 1,01%","DI + 1.7000%","2026-07-28","2030-02-20","598,00","2,37","","","","","","","","ok","","ANBIMA Data API (web-bff)"
"RDORD9","1,5376","DI_SPREAD","CDI + 1,54%","DI + 2.2500%","2026-07-28","2026-07-27","1,00","0,00","","","","","","","","ok","","ANBIMA Data API (web-bff)"
"RDORE4","1,0922","DI_SPREAD","CDI + 1,09%","DI + 1.3000%","2026-07-28","2034-09-15","1174,00","4,66","","","","","","","","ok","","ANBIMA Data API (web-bff)"
"RDORF1","1,0489","DI_SPREAD","CDI + 1,05%","DI + 0.9000%","2026-07-28","2033-06-10","1063,00","4,22","","","","","","","","ok","","ANBIMA Data API (web-bff)"
"RDORF8","1,1148","DI_SPREAD","CDI + 1,11%","DI + 1.1500%","2026-07-28","2035-11-20","1217,00","4,83","","","","","","","","ok","","ANBIMA Data API (web-bff)"
"RDORG6","0,9997","DI_SPREAD","CDI + 1,00%","DI + 1.0000%","2026-07-28","2032-08-20","989,00","3,92","","","","","","","","ok","","ANBIMA Data API (web-bff)"
"RDORG9","1,1020","DI_SPREAD","CDI + 1,10%","DI + 1.3000%","2026-07-28","2036-01-10","1249,00","4,96","","","","","","","","ok","","ANBIMA Data API (web-bff)"
"RDORH6","1,1107","DI_SPREAD","CDI + 1,11%","DI + 1.1500%","2026-07-28","2035-08-20","1156,00","4,59","","","","","","","","ok","","ANBIMA Data API (web-bff)"
"RDORI6","1,2641","DI_SPREAD","CDI + 1,26%","DI + 1.5500%","2026-07-28","2040-08-20","1408,00","5,59","","","","","","","","ok","","ANBIMA Data API (web-bff)"
"RDVE11","7,9429","IPCA_SPREAD","B32 - 31 bps","IPCA + 7.0421%","2026-07-28","2038-04-15","1159,00","4,60","","","","2032-08-15","B32","8,2807","-31","ok","","ANBIMA Data API (web-bff)"
"RECV11","8,4401","IPCA_SPREAD","B30 + 11 bps","IPCA + 7.3249%","2026-07-28","2031-05-15","827,00","3,28","","","","2030-08-15","B30","8,3200","11","ok","","ANBIMA Data API (web-bff)"
"RECV12","0,7815","DI_SPREAD","CDI + 0,78%","DI + 1.1500%","2026-07-28","2029-10-15","559,00","2,22","","","","","","","","ok","","ANBIMA Data API (web-bff)"
"RECV13","0,6255","DI_SPREAD","CDI + 0,63%","DI + 1.1000%","2026-07-28","2032-07-04","905,00","3,59","","","","","","","","ok","","ANBIMA Data API (web-bff)"
"RECV14","7,9983","IPCA_SPREAD","B32 - 26 bps","IPCA + 7.4564%","2026-07-28","2032-12-15","1208,00","4,79","","","","2032-08-15","B32","8,2807","-26","ok","","ANBIMA Data API (web-bff)"
"RECV21","","PREFIXADO","—","Pré-Fixado 12.8886%","2026-07-28","2031-05-15","","","","","","","","","","sem_taxa","Taxa indicativa vazia","ANBIMA Data API (web-bff)"
"RECV24","8,5439","IPCA_SPREAD","B35 + 31 bps","IPCA + 7.2833%","2026-07-28","2035-12-15","1577,00","6,26","","","","2035-05-15","B35","8,2039","31","ok","","ANBIMA Data API (web-bff)"
"RENTA5","1,2699","DI_SPREAD","CDI + 1,27%","DI + 2.3500%","2026-07-28","2033-08-11","956,00","3,79","","","","","","","","ok","","ANBIMA Data API (web-bff)"
"RENTC4","1,2414","DI_SPREAD","CDI + 1,24%","DI + 1.8500%","2026-07-28","2028-11-25","499,00","1,98","","","","","","","","ok","","ANBIMA Data API (web-bff)"
"RENTC8","1,2178","DI_SPREAD","CDI + 1,22%","DI + 1.8500%","2026-07-28","2029-02-27","523,00","2,08","","","","","","","","ok","","ANBIMA Data API (web-bff)"
"RENTD0","1,0277","DI_SPREAD","CDI + 1,03%","DI + 1.5500%","2026-07-28","2030-12-10","750,00","2,98","","","","","","","","ok","","ANBIMA Data API (web-bff)"
"RENTD1","10,0484","IPCA_SPREAD","B33 + 164 bps","IPCA + 8.8670%","2026-07-28","2031-12-15","1348,00","5,35","","","","2033-05-15","B33","8,2731","164","ok","","ANBIMA Data API (web-bff)"
"RENTD5","1,1277","DI_SPREAD","CDI + 1,13%","DI + 1.1800%","2026-07-28","2031-08-27","817,00","3,24","","","","","","","","ok","","ANBIMA Data API (web-bff)"
"RENTD9","1,2324","DI_SPREAD","CDI + 1,23%","DI + 1.8500%","2026-07-28","2030-04-16","711,00","2,82","","","","","","","","ok","","ANBIMA Data API (web-bff)"
"RENTE2","1,0650","DI_SPREAD","CDI + 1,07%","DI + 1.2000%","2026-07-28","2030-05-20","739,00","2,93","","","","","","","","ok","","ANBIMA Data API (web-bff)"
"RENTE3","1,1014","DI_SPREAD","CDI + 1,10%","DI + 1.2000%","2026-07-28","2031-07-17","773,00","3,07","","","","","","","","ok","","ANBIMA Data API (web-bff)"
"RENTE4","1,1926","DI_SPREAD","CDI + 1,19%","DI + 1.3000%","2026-07-28","2032-08-01","855,00","3,39","","","","","","","","ok","","ANBIMA Data API (web-bff)"
"RENTE5","1,2961","DI_SPREAD","CDI + 1,30%","DI + 1.2800%","2026-07-28","2032-08-27","932,00","3,70","","","","","","","","ok","","ANBIMA Data API (web-bff)"
"RENTE9","1,3836","DI_SPREAD","CDI + 1,38%","DI + 2.1500%","2026-07-28","2034-04-16","1049,00","4,16","","","","","","","","ok","","ANBIMA Data API (web-bff)"
"RENTF2","1,1993","DI_SPREAD","CDI + 1,20%","DI + 1.4000%","2026-07-28","2032-05-20","990,00","3,93","","","","","","","","ok","","ANBIMA Data API (web-bff)"
"RESA14","","IPCA_SPREAD","—","IPCA + 3.5390%","2026-07-28","2029-11-15","","","","","","","","","","sem_taxa","Taxa indicativa vazia","ANBIMA Data API (web-bff)"
"RESA15","","IPCA_SPREAD","—","IPCA + 5.8000%","2026-07-28","2030-06-15","","","","","","","","","","sem_taxa","Taxa indicativa vazia","ANBIMA Data API (web-bff)"
"RESA17","","IPCA_SPREAD","—","IPCA + 5.9219%","2026-07-28","2029-03-15","","","","","","","","","","sem_taxa","Taxa indicativa vazia","ANBIMA Data API (web-bff)"
"RESA27","","IPCA_SPREAD","—","IPCA + 5.9645%","2026-07-28","2032-03-15","","","","","","","","","","sem_taxa","Taxa indicativa vazia","ANBIMA Data API (web-bff)"
"RIGEA1","","IPCA_SPREAD","—","IPCA + 4.3000%","2026-07-28","2031-05-15","","","","","","","","","","sem_taxa","Taxa indicativa vazia","ANBIMA Data API (web-bff)"
"RIGEA3","8,0174","IPCA_SPREAD","B28 - 44 bps","IPCA + 5.9853%","2026-07-28","2029-05-15","535,00","2,12","","","","2028-08-15","B28","8,4900","-44","ok","","ANBIMA Data API (web-bff)"
"RIPR22","7,9220","IPCA_SPREAD","B30 - 37 bps","IPCA + 4.6279%","2026-07-28","2031-06-15","882,00","3,50","","","","2030-08-15","B30","8,3200","-37","ok","","ANBIMA Data API (web-bff)"
"RIS412","12,2053","IPCA_SPREAD","B31 + 362 bps","IPCA + 6.9000%","2026-07-28","2034-01-15","1018,00","4,04","","","","2031-05-15","B31","8,2825","362","ok","","ANBIMA Data API (web-bff)"
"RIS414","11,8803","IPCA_SPREAD","B31 + 332 bps","IPCA + 7.3591%","2026-07-28","2034-09-15","1094,00","4,34","","","","2031-05-15","B31","8,2825","332","ok","","ANBIMA Data API (web-bff)"
"RIS422","11,4952","IPCA_SPREAD","B37 + 319 bps","IPCA + 7.2000%","2026-07-28","2042-01-15","1903,00","7,55","","","","2037-05-15","B37","8,0491","319","ok","","ANBIMA Data API (web-bff)"
"RIS424","11,2921","IPCA_SPREAD","B37 + 300 bps","IPCA + 7.6920%","2026-07-28","2042-09-15","1877,00","7,45","","","","2037-05-15","B37","8,0491","300","ok","","ANBIMA Data API (web-bff)"
"RISP12","12,0322","IPCA_SPREAD","B31 + 346 bps","IPCA + 6.9000%","2026-07-28","2034-01-15","1020,00","4,05","","","","2031-05-15","B31","8,2825","346","ok","","ANBIMA Data API (web-bff)"
"RISP14","12,0688","IPCA_SPREAD","B31 + 350 bps","IPCA + 7.3591%","2026-07-28","2034-09-15","1092,00","4,33","","","","2031-05-15","B31","8,2825","350","ok","","ANBIMA Data API (web-bff)"
"RISP22","11,4407","IPCA_SPREAD","B37 + 314 bps","IPCA + 7.2000%","2026-07-28","2042-01-15","1906,00","7,56","","","","2037-05-15","B37","8,0491","314","ok","","ANBIMA Data API (web-bff)"
"RISP24","11,3098","IPCA_SPREAD","B37 + 302 bps","IPCA + 7.6920%","2026-07-28","2042-09-15","1876,00","7,44","","","","2037-05-15","B37","8,0491","302","ok","","ANBIMA Data API (web-bff)"
"RLMS13","8,8899","IPCA_SPREAD","B37 + 78 bps","IPCA + 8.1674%","2026-07-28","2045-07-15","1977,00","7,85","","","","2037-05-15","B37","8,0491","78","ok","","ANBIMA Data API (web-bff)"
"RMSA12","9,9677","IPCA_SPREAD","B35 + 163 bps","IPCA + 7.6179%","2026-07-28","2042-06-15","1760,00","6,98","","","","2035-05-15","B35","8,2039","163","ok","","ANBIMA Data API (web-bff)"
"RNDNA0","1,6503","DI_SPREAD","CDI + 1,65%","DI + 1.5000%","2026-07-28","2027-11-09","295,00","1,17","","","","","","","","ok","","ANBIMA Data API (web-bff)"
"RNDNA1","2,0072","DI_SPREAD","CDI + 2,01%","DI + 1.1700%","2026-07-28","2031-05-17","868,00","3,44","","","","","","","","ok","","ANBIMA Data API (web-bff)"
"RNDNA2","2,6421","DI_SPREAD","CDI + 2,64%","DI + 0.8500%","2026-07-28","2030-07-25","784,00","3,11","","","","","","","","ok","","ANBIMA Data API (web-bff)"
"RNDNB0","1,9243","DI_SPREAD","CDI + 1,92%","DI + 1.6900%","2026-07-28","2029-11-09","571,00","2,27","","","","","","","","ok","","ANBIMA Data API (web-bff)"
"RNDNB2","2,4723","DI_SPREAD","CDI + 2,47%","DI + 1.1000%","2026-07-28","2032-07-25","1027,00","4,08","","","","","","","","ok","","ANBIMA Data API (web-bff)"
"RODB11","2,3693","DI_SPREAD","CDI + 2,37%","DI + 4.2500%","2026-07-28","2030-05-10","604,00","2,40","","","","","","","","ok","","ANBIMA Data API (web-bff)"
"ROTY13","8,0183","IPCA_SPREAD","B31 - 24 bps","IPCA + 6.9109%","2026-07-28","2031-03-15","987,00","3,92","","","","2031-05-15","B31","8,2825","-24","ok","","ANBIMA Data API (web-bff)"
"RPTA14","8,8406","IPCA_SPREAD","B32 + 52 bps","IPCA + 8.5334%","2026-07-28","2036-03-15","1270,00","5,04","","","","2032-08-15","B32","8,2807","52","ok","","ANBIMA Data API (web-bff)"
"RRRP13","9,2246","IPCA_SPREAD","B30 + 84 bps","IPCA + 8.4166%","2026-07-28","2033-10-15","954,00","3,79","","","","2030-08-15","B30","8,3200","84","ok","","ANBIMA Data API (web-bff)"
"RSAN15","2,2090","DI_SPREAD","CDI + 2,21%","DI + 2.5000%","2026-07-28","2026-12-05","90,00","0,36","","","","","","","","ok","","ANBIMA Data API (web-bff)"
"RSAN16","9,8772","IPCA_SPREAD","B33 + 148 bps","IPCA + 6.9875%","2026-07-28","2034-09-15","1367,00","5,42","","","","2033-05-15","B33","8,2731","148","ok","","ANBIMA Data API (web-bff)"
"RSAN25","2,7060","DI_SPREAD","CDI + 2,71%","DI + 2.9000%","2026-07-28","2028-12-05","500,00","1,98","","","","","","","","ok","","ANBIMA Data API (web-bff)"
"RSAN26","9,7525","IPCA_SPREAD","B37 + 158 bps","IPCA + 7.4224%","2026-07-28","2039-09-15","1912,00","7,59","","","","2037-05-15","B37","8,0491","158","ok","","ANBIMA Data API (web-bff)"
"RSAN34","9,6409","IPCA_SPREAD","B27 + 139 bps","IPCA + 4.3854%","2026-07-28","2028-02-15","250,00","0,99","","","","2027-05-15","B27","8,1391","139","ok","","ANBIMA Data API (web-bff)"
"RSAN44","9,8350","IPCA_SPREAD","B28 + 124 bps","IPCA + 4.8330%","2026-07-28","2031-02-15","562,00","2,23","","","","2028-08-15","B28","8,4900","124","ok","","ANBIMA Data API (web-bff)"
"RUMOA2","8,6796","IPCA_SPREAD","B28 + 17 bps","IPCA + 4.5000%","2026-07-28","2029-02-15","361,00","1,43","","","","2028-08-15","B28","8,4900","17","ok","","ANBIMA Data API (web-bff)"
"RUMOA3","8,6796","IPCA_SPREAD","B28 + 17 bps","IPCA + 3.9000%","2026-07-28","2029-10-15","515,00","2,04","","","","2028-08-15","B28","8,4900","17","ok","","ANBIMA Data API (web-bff)"
"RUMOA4","8,4409","IPCA_SPREAD","B29 + 17 bps","IPCA + 6.7961%","2026-07-28","2030-04-15","613,00","2,43","","","","2029-05-15","B29","8,2619","17","ok","","ANBIMA Data API (web-bff)"
"RUMOA5","8,5201","IPCA_SPREAD","B30 + 18 bps","IPCA + 3.6000%","2026-07-28","2030-12-15","788,00","3,13","","","","2030-08-15","B30","8,3200","18","ok","","ANBIMA Data API (web-bff)"
"RUMOA6","8,5931","IPCA_SPREAD","B30 + 25 bps","IPCA + 4.4998%","2026-07-28","2031-06-15","882,00","3,50","","","","2030-08-15","B30","8,3200","25","ok","","ANBIMA Data API (web-bff)"
"RUMOA7","8,3336","IPCA_SPREAD","B29 + 7 bps","IPCA + 5.7600%","2026-07-28","2029-08-15","691,00","2,74","","","","2029-05-15","B29","8,2619","7","ok","","ANBIMA Data API (web-bff)"
"RUMOB3","8,6197","IPCA_SPREAD","B28 + 12 bps","IPCA + 4.0000%","2026-07-28","2029-10-15","520,00","2,06","","","","2028-08-15","B28","8,4900","12","ok","","ANBIMA Data API (web-bff)"
"RUMOB5","8,5746","IPCA_SPREAD","B35 + 34 bps","IPCA + 4.0000%","2026-07-28","2035-12-15","1731,00","6,87","","","","2035-05-15","B35","8,2039","34","ok","","ANBIMA Data API (web-bff)"
"RUMOB6","8,5412","IPCA_SPREAD","B35 + 31 bps","IPCA + 4.5404%","2026-07-28","2036-06-15","1776,00","7,05","","","","2035-05-15","B35","8,2039","31","ok","","ANBIMA Data API (web-bff)"
"RUMOB7","8,5741","IPCA_SPREAD","B33 + 28 bps","IPCA + 6.1830%","2026-07-28","2033-05-15","1380,00","5,48","","","","2033-05-15","B33","8,2731","28","ok","","ANBIMA Data API (web-bff)"
"SABP12","11,3166","IPCA_SPREAD","B35 + 288 bps","IPCA + 7.3274%","2026-07-28","2043-11-15","1546,00","6,13","","","","2035-05-15","B35","8,2039","288","ok","","ANBIMA Data API (web-bff)"
"SAELA1","8,1899","IPCA_SPREAD","B29 - 7 bps","IPCA + 6.0123%","2026-07-28","2030-01-15","684,00","2,71","","","","2029-05-15","B29","8,2619","-7","ok","","ANBIMA Data API (web-bff)"
"SAELA3","8,2323","IPCA_SPREAD","B31 - 5 bps","IPCA + 6.1581%","2026-07-28","2031-04-15","1018,00","4,04","","","","2031-05-15","B31","8,2825","-5","ok","","ANBIMA Data API (web-bff)"
"SAELA4","0,6037","DI_SPREAD","CDI + 0,60%","DI + 0.8000%","2026-07-28","2029-09-04","618,00","2,45","","","","","","","","ok","","ANBIMA Data API (web-bff)"
"SAELA7","8,3315","IPCA_SPREAD","B35 + 12 bps","IPCA + 7.2318%","2026-07-28","2035-10-15","1676,00","6,65","","","","2035-05-15","B35","8,2039","12","ok","","ANBIMA Data API (web-bff)"
"SAELB3","8,2639","IPCA_SPREAD","B37 + 20 bps","IPCA + 6.4045%","2026-07-28","2039-04-15","2008,00","7,97","","","","2037-05-15","B37","8,0491","20","ok","","ANBIMA Data API (web-bff)"
"SAELB7","8,1367","IPCA_SPREAD","B40 + 21 bps","IPCA + 7.1146%","2026-07-28","2040-10-15","2119,00","8,41","","","","2040-08-15","B40","7,9071","21","ok","","ANBIMA Data API (web-bff)"
"SAELB8","8,3216","IPCA_SPREAD","B35 + 11 bps","IPCA + 6.6675%","2026-07-28","2036-02-15","1731,00","6,87","","","","2035-05-15","B35","8,2039","11","ok","","ANBIMA Data API (web-bff)"
"SAPR10","7,8485","IPCA_SPREAD","B27 - 27 bps","IPCA + 4.6570%","2026-07-28","2027-03-15","153,00","0,61","","","","2027-05-15","B27","8,1391","-27","ok","","ANBIMA Data API (web-bff)"
"SAPRA2","7,8202","IPCA_SPREAD","B29 - 41 bps","IPCA + 4.2474%","2026-07-28","2029-03-15","617,00","2,45","","","","2029-05-15","B29","8,2619","-41","ok","","ANBIMA Data API (web-bff)"
"SAPRA3","7,6613","IPCA_SPREAD","B31 - 57 bps","IPCA + 4.4920%","2026-07-28","2031-03-15","1033,00","4,10","","","","2031-05-15","B31","8,2825","-57","ok","","ANBIMA Data API (web-bff)"
"SAPRB1","0,8338","DI_SPREAD","CDI + 0,83%","DI + 0.8800%","2026-07-28","2027-01-15","117,00","0,46","","","","","","","","ok","","ANBIMA Data API (web-bff)"
"SAPRB3","7,7534","IPCA_SPREAD","B32 - 49 bps","IPCA + 5.8935%","2026-07-28","2032-01-15","1181,00","4,69","","","","2032-08-15","B32","8,2807","-49","ok","","ANBIMA Data API (web-bff)"
"SAPRB4","0,5940","DI_SPREAD","CDI + 0,59%","DI + 1.0500%","2026-07-28","2030-01-15","706,00","2,80","","","","","","","","ok","","ANBIMA Data API (web-bff)"
"SAPRC1","1,1760","DI_SPREAD","CDI + 1,18%","DI + 1.9000%","2026-07-28","2028-04-15","379,00","1,50","","","","","","","","ok","","ANBIMA Data API (web-bff)"
"SAUC16","12,6960","IPCA_SPREAD","B30 + 404 bps","IPCA + 13.3904%","2026-07-28","2034-04-15","777,00","3,08","","","","2030-08-15","B30","8,3200","404","ok","","ANBIMA Data API (web-bff)"
"SAVI13","8,7076","IPCA_SPREAD","B29 + 41 bps","IPCA + 5.9548%","2026-07-28","2031-09-15","696,00","2,76","","","","2029-05-15","B29","8,2619","41","ok","","ANBIMA Data API (web-bff)"
"SBFC13","0,8241","DI_SPREAD","CDI + 0,82%","DI + 2.1000%","2026-07-28","2027-04-29","178,00","0,71","","","","","","","","ok","","ANBIMA Data API (web-bff)"
"SBIOA4","0,7470","DI_SPREAD","CDI + 0,75%","DI + 0.6300%","2026-07-28","2031-03-15","772,00","3,06","","","","","","","","ok","","ANBIMA Data API (web-bff)"
"SBSPA1","0,4824","DI_SPREAD","CDI + 0,48%","DI + 0.4900%","2026-07-28","2029-02-20","527,00","2,09","","","","","","","","ok","","ANBIMA Data API (web-bff)"
"SBSPB1","0,5532","DI_SPREAD","CDI + 0,55%","DI + 1.1000%","2026-07-28","2031-02-20","751,00","2,98","","","","","","","","ok","","ANBIMA Data API (web-bff)"
"SBSPB6","7,5450","IPCA_SPREAD","B27 - 55 bps","IPCA + 4.6500%","2026-07-28","2027-07-15","241,00","0,96","","","","2027-05-15","B27","8,1391","-55","ok","","ANBIMA Data API (web-bff)"
"SBSPC1","0,6382","DI_SPREAD","CDI + 0,64%","DI + 1.3100%","2026-07-28","2034-02-20","1034,00","4,10","","","","","","","","ok","","ANBIMA Data API (web-bff)"
"SBSPC3","0,4090","DI_SPREAD","CDI + 0,41%","DI + 0.6300%","2026-07-28","2027-05-10","185,00","0,73","","","","","","","","ok","","ANBIMA Data API (web-bff)"
"SBSPC6","7,6537","IPCA_SPREAD","B29 - 56 bps","IPCA + 4.9500%","2026-07-28","2030-07-15","697,00","2,77","","","","2029-05-15","B29","8,2619","-56","ok","","ANBIMA Data API (web-bff)"
"SBSPD2","0,2190","DI_SPREAD","CDI + 0,22%","DI + 0.3000%","2026-07-28","2026-09-10","31,00","0,12","","","","","","","","ok","","ANBIMA Data API (web-bff)"
"SBSPD3","0,5256","DI_SPREAD","CDI + 0,53%","DI + 0.5100%","2026-07-28","2032-01-15","990,00","3,93","","","","","","","","ok","","ANBIMA Data API (web-bff)"
"SBSPD4","7,9088","IPCA_SPREAD","B28 - 54 bps","IPCA + 3.3700%","2026-07-28","2029-07-15","473,00","1,88","","","","2028-08-15","B28","8,4900","-54","ok","","ANBIMA Data API (web-bff)"
"SBSPD7","0,6103","DI_SPREAD","CDI + 0,61%","DI + 0.6900%","2026-07-28","2032-11-14","1000,00","3,97","","","","","","","","ok","","ANBIMA Data API (web-bff)"
"SBSPE3","7,7355","IPCA_SPREAD","B35 - 43 bps","IPCA + 7.5485%","2026-07-28","2035-01-15","1580,00","6,27","","","","2035-05-15","B35","8,2039","-43","ok","","ANBIMA Data API (web-bff)"
"SBSPE7","0,6805","DI_SPREAD","CDI + 0,68%","DI + 0.9000%","2026-07-28","2035-11-14","1227,00","4,87","","","","","","","","ok","","ANBIMA Data API (web-bff)"
"SBSPE9","7,6195","IPCA_SPREAD","B31 - 61 bps","IPCA + 5.3058%","2026-07-28","2031-12-15","965,00","3,83","","","","2031-05-15","B31","8,2825","-61","ok","","ANBIMA Data API (web-bff)"
"SBSPF3","7,6443","IPCA_SPREAD","B37 - 37 bps","IPCA + 7.3837%","2026-07-28","2040-01-15","2057,00","8,16","","","","2037-05-15","B37","8,0491","-37","ok","","ANBIMA Data API (web-bff)"
"SBSPF8","0,7758","DI_SPREAD","CDI + 0,78%","DI + 1.6000%","2026-07-28","2026-07-23","1,00","0,00","","","","","","","","ok","","ANBIMA Data API (web-bff)"
"SBSPF9","7,7529","IPCA_SPREAD","B35 - 42 bps","IPCA + 5.4478%","2026-07-28","2036-12-15","1788,00","7,10","","","","2035-05-15","B35","8,2039","-42","ok","","ANBIMA Data API (web-bff)"
"SBSPI8","7,7761","IPCA_SPREAD","B35 - 40 bps","IPCA + 6.2907%","2026-07-28","2036-02-15","1762,00","6,99","","","","2035-05-15","B35","8,2039","-40","ok","","ANBIMA Data API (web-bff)"
"SBSPJ8","7,6844","IPCA_SPREAD","B37 - 34 bps","IPCA + 6.3507%","2026-07-28","2038-02-15","2002,00","7,94","","","","2037-05-15","B37","8,0491","-34","ok","","ANBIMA Data API (web-bff)"
"SBSPK8","7,5647","IPCA_SPREAD","B40 - 32 bps","IPCA + 6.2467%","2026-07-28","2041-02-15","2223,00","8,82","","","","2040-08-15","B40","7,9071","-32","ok","","ANBIMA Data API (web-bff)"
"SBSPL8","0,6338","DI_SPREAD","CDI + 0,63%","DI + 0.6400%","2026-07-28","2033-02-15","1052,00","4,17","","","","","","","","ok","","ANBIMA Data API (web-bff)"
"SBSPM8","0,6539","DI_SPREAD","CDI + 0,65%","DI + 0.7200%","2026-07-28","2036-02-15","1215,00","4,82","","","","","","","","ok","","ANBIMA Data API (web-bff)"
"SDOM12","","IPCA_SPREAD","—","IPCA + 9.1500%","2026-07-28","2034-01-15","","","","","","","","","","sem_taxa","Taxa indicativa vazia","ANBIMA Data API (web-bff)"
"SERI11","8,9158","IPCA_SPREAD","B32 + 59 bps","IPCA + 6.7830%","2026-07-28","2042-04-15","1223,00","4,85","","","","2032-08-15","B32","8,2807","59","ok","","ANBIMA Data API (web-bff)"
"SIMH16","3,8298","DI_SPREAD","CDI + 3,83%","DI + 3.2000%","2026-07-28","2032-12-20","667,00","2,65","","","","","","","","ok","","ANBIMA Data API (web-bff)"
"SLFT13","2,0587","DI_SPREAD","CDI + 2,06%","DI + 2.5000%","2026-07-28","2029-12-20","396,00","1,57","","","","","","","","ok","","ANBIMA Data API (web-bff)"
"SMFT18","1,2139","DI_SPREAD","CDI + 1,21%","DI + 1.9500%","2026-07-28","2030-10-20","712,00","2,83","","","","","","","","ok","","ANBIMA Data API (web-bff)"
"SMFTA0","0,6603","DI_SPREAD","CDI + 0,66%","DI + 1.1000%","2026-07-28","2029-07-18","536,00","2,13","","","","","","","","ok","","ANBIMA Data API (web-bff)"
"SMFTA1","0,7121","DI_SPREAD","CDI + 0,71%","DI + 0.8900%","2026-07-28","2029-10-30","571,00","2,27","","","","","","","","ok","","ANBIMA Data API (web-bff)"
"SMFTA2","0,7034","DI_SPREAD","CDI + 0,70%","DI + 0.6500%","2026-07-28","2030-09-04","693,00","2,75","","","","","","","","ok","","ANBIMA Data API (web-bff)"
"SMFTA3","0,7559","DI_SPREAD","CDI + 0,76%","DI + 0.5800%","2026-07-28","2030-10-09","718,00","2,85","","","","","","","","ok","","ANBIMA Data API (web-bff)"
"SMFTB3","0,9341","DI_SPREAD","CDI + 0,93%","DI + 0.6800%","2026-07-28","2032-10-09","973,00","3,86","","","","","","","","ok","","ANBIMA Data API (web-bff)"
"SMFTC3","0,9732","DI_SPREAD","CDI + 0,97%","DI + 0.9500%","2026-07-28","2035-10-09","1196,00","4,75","","","","","","","","ok","","ANBIMA Data API (web-bff)"
"SMTO14","8,5963","IPCA_SPREAD","B32 + 29 bps","IPCA + 5.9741%","2026-07-28","2032-01-15","1175,00","4,66","","","","2032-08-15","B32","8,2807","29","ok","","ANBIMA Data API (web-bff)"
"SMTO15","8,3677","IPCA_SPREAD","B29 + 10 bps","IPCA + 7.4737%","2026-07-28","2030-12-15","740,00","2,94","","","","2029-05-15","B29","8,2619","10","ok","","ANBIMA Data API (web-bff)"
"SMTO24","8,4758","IPCA_SPREAD","B35 + 25 bps","IPCA + 6.1076%","2026-07-28","2037-01-15","1783,00","7,08","","","","2035-05-15","B35","8,2039","25","ok","","ANBIMA Data API (web-bff)"
"SNGO10","0,2951","DI_SPREAD","CDI + 0,30%","DI + 1.5500%","2026-07-28","2027-06-15","111,00","0,44","","","","","","","","ok","","ANBIMA Data API (web-bff)"
"SNGO19","0,2442","DI_SPREAD","CDI + 0,24%","DI + 1.9000%","2026-07-28","2026-08-11","10,00","0,04","","","","","","","","ok","","ANBIMA Data API (web-bff)"
"SNGOA1","0,4196","DI_SPREAD","CDI + 0,42%","DI + 2.2500%","2026-07-28","2028-08-23","244,00","0,97","","","","","","","","ok","","ANBIMA Data API (web-bff)"
"SNGOA2","0,5196","DI_SPREAD","CDI + 0,52%","DI + 0.8000%","2026-07-28","2029-07-15","330,00","1,31","","","","","","","","ok","","ANBIMA Data API (web-bff)"
"SNGOA3","0,5748","DI_SPREAD","CDI + 0,57%","DI + 0.6500%","2026-07-28","2030-04-15","476,00","1,89","","","","","","","","ok","","ANBIMA Data API (web-bff)"
"SPRZ11","7,8388","IPCA_SPREAD","B28 - 60 bps","IPCA + 6.7968%","2026-07-28","2030-09-15","434,00","1,72","","","","2028-08-15","B28","8,4900","-60","ok","","ANBIMA Data API (web-bff)"
"SRBS11","7,7890","IPCA_SPREAD","B37 - 24 bps","IPCA + 6.7092%","2026-07-28","2049-12-15","2051,00","8,14","","","","2037-05-15","B37","8,0491","-24","ok","","ANBIMA Data API (web-bff)"
"SRNA11","9,3994","IPCA_SPREAD","B33 + 104 bps","IPCA + 8.2427%","2026-07-28","2035-03-15","1401,00","5,56","","","","2033-05-15","B33","8,2731","104","ok","","ANBIMA Data API (web-bff)"
"SRTI11","8,4676","IPCA_SPREAD","B29 + 19 bps","IPCA + 7.0916%","2026-07-28","2032-12-15","758,00","3,01","","","","2029-05-15","B29","8,2619","19","ok","","ANBIMA Data API (web-bff)"
"STBP15","0,7372","DI_SPREAD","CDI + 0,74%","DI + 0.5500%","2026-07-28","2029-08-15","607,00","2,41","","","","","","","","ok","","ANBIMA Data API (web-bff)"
"STBP25","0,7272","DI_SPREAD","CDI + 0,73%","DI + 0.7000%","2026-07-28","2031-08-15","817,00","3,24","","","","","","","","ok","","ANBIMA Data API (web-bff)"
"STBP35","7,8682","IPCA_SPREAD","B33 - 37 bps","IPCA + 6.3936%","2026-07-28","2034-08-15","1394,00","5,53","","","","2033-05-15","B33","8,2731","-37","ok","","ANBIMA Data API (web-bff)"
"STBP45","7,8772","IPCA_SPREAD","B37 - 16 bps","IPCA + 6.5408%","2026-07-28","2039-08-15","2029,00","8,05","","","","2037-05-15","B37","8,0491","-16","ok","","ANBIMA Data API (web-bff)"
"STRZ11","8,3688","IPCA_SPREAD","B33 + 9 bps","IPCA + 6.9343%","2026-07-28","2039-03-15","1318,00","5,23","","","","2033-05-15","B33","8,2731","9","ok","","ANBIMA Data API (web-bff)"
"SUMI17","14,0527","IPCA_SPREAD","B30 + 529 bps","IPCA + 7.7490%","2026-07-28","2031-07-15","939,00","3,73","","","","2030-08-15","B30","8,3200","529","ok","","ANBIMA Data API (web-bff)"
"SUMI18","14,9207","IPCA_SPREAD","B30 + 609 bps","IPCA + 8.5214%","2026-07-28","2031-10-15","944,00","3,75","","","","2030-08-15","B30","8,3200","609","ok","","ANBIMA Data API (web-bff)"
"SUMI19","13,8464","IPCA_SPREAD","B31 + 514 bps","IPCA + 9.4735%","2026-07-28","2032-04-15","1008,00","4,00","","","","2031-05-15","B31","8,2825","514","ok","","ANBIMA Data API (web-bff)"
"SUMI37","14,8708","IPCA_SPREAD","B32 + 609 bps","IPCA + 8.0993%","2026-07-28","2034-07-15","1286,00","5,10","","","","2032-08-15","B32","8,2807","609","ok","","ANBIMA Data API (web-bff)"
"SUMI39","3,4979","DI_SPREAD","CDI + 3,50%","DI + 2.0000%","2026-07-28","2031-04-15","522,00","2,07","","","","","","","","ok","","ANBIMA Data API (web-bff)"
"SUZB19","7,5699","IPCA_SPREAD","B30 - 69 bps","IPCA + 6.0188%","2026-07-28","2030-06-15","872,00","3,46","","","","2030-08-15","B30","8,3200","-69","ok","","ANBIMA Data API (web-bff)"
"SUZB29","7,6228","IPCA_SPREAD","B33 - 60 bps","IPCA + 6.2477%","2026-07-28","2033-06-15","1409,00","5,59","","","","2033-05-15","B33","8,2731","-60","ok","","ANBIMA Data API (web-bff)"
"SUZBA0","7,5887","IPCA_SPREAD","B37 - 43 bps","IPCA + 6.1889%","2026-07-28","2038-09-15","1970,00","7,82","","","","2037-05-15","B37","8,0491","-43","ok","","ANBIMA Data API (web-bff)"
"SUZBA1","0,4716","DI_SPREAD","CDI + 0,47%","DI + 0.8000%","2026-07-28","2032-05-15","941,00","3,73","","","","","","","","ok","","ANBIMA Data API (web-bff)"
"SUZBB1","0,5065","DI_SPREAD","CDI + 0,51%","DI + 1.0000%","2026-07-28","2034-05-15","1147,00","4,55","","","","","","","","ok","","ANBIMA Data API (web-bff)"
"SUZBC1","7,6962","IPCA_SPREAD","B35 - 47 bps","IPCA + 6.1100%","2026-07-28","2036-05-15","1760,00","6,98","","","","2035-05-15","B35","8,2039","-47","ok","","ANBIMA Data API (web-bff)"
"SVEA14","1,9439","DI_SPREAD","CDI + 1,94%","DI + 3.1000%","2026-07-28","2029-04-12","314,00","1,25","","","","","","","","ok","","ANBIMA Data API (web-bff)"
"SVEA15","2,0201","DI_SPREAD","CDI + 2,02%","DI + 2.1000%","2026-07-28","2032-06-06","639,00","2,54","","","","","","","","ok","","ANBIMA Data API (web-bff)"
"SVEA16","2,4036","DI_SPREAD","CDI + 2,40%","DI + 2.5000%","2026-07-28","2035-11-12","1033,00","4,10","","","","","","","","ok","","ANBIMA Data API (web-bff)"
"TAEE17","7,8052","IPCA_SPREAD","B35 - 37 bps","IPCA + 4.5000%","2026-07-28","2044-09-15","1715,00","6,81","","","","2035-05-15","B35","8,2039","-37","ok","","ANBIMA Data API (web-bff)"
"TAEE18","7,7841","IPCA_SPREAD","B32 - 46 bps","IPCA + 4.7742%","2026-07-28","2039-12-15","1312,00","5,21","","","","2032-08-15","B32","8,2807","-46","ok","","ANBIMA Data API (web-bff)"
"TAEE26","7,6609","IPCA_SPREAD","B37 - 36 bps","IPCA + 5.5000%","2026-07-28","2044-05-15","2014,00","7,99","","","","2037-05-15","B37","8,0491","-36","ok","","ANBIMA Data API (web-bff)"
"TAEEA1","0,4619","DI_SPREAD","CDI + 0,46%","DI + 1.7000%","2026-07-28","2028-05-15","399,00","1,58","","","","","","","","ok","","ANBIMA Data API (web-bff)"
"TAEEA2","7,8164","IPCA_SPREAD","B35 - 36 bps","IPCA + 4.7605%","2026-07-28","2036-05-15","1756,00","6,97","","","","2035-05-15","B35","8,2039","-36","ok","","ANBIMA Data API (web-bff)"
"TAEEA4","7,7992","IPCA_SPREAD","B33 - 44 bps","IPCA + 5.8741%","2026-07-28","2033-09-15","1439,00","5,71","","","","2033-05-15","B33","8,2731","-44","ok","","ANBIMA Data API (web-bff)"
"TAEEA5","0,4501","DI_SPREAD","CDI + 0,45%","DI + 0.6300%","2026-07-28","2029-03-15","543,00","2,15","","","","","","","","ok","","ANBIMA Data API (web-bff)"
"TAEEA6","0,5101","DI_SPREAD","CDI + 0,51%","DI + 0.5500%","2026-07-28","2031-09-15","841,00","3,34","","","","","","","","ok","","ANBIMA Data API (web-bff)"
"TAEEA7","7,7063","IPCA_SPREAD","B37 - 32 bps","IPCA + 7.1690%","2026-07-28","2040-01-15","1940,00","7,70","","","","2037-05-15","B37","8,0491","-32","ok","","ANBIMA Data API (web-bff)"
"TAEEA8","7,7908","IPCA_SPREAD","B31 - 45 bps","IPCA + 7.1499%","2026-07-28","2032-07-15","1133,00","4,50","","","","2031-05-15","B31","8,2825","-45","ok","","ANBIMA Data API (web-bff)"
"TAEEA9","0,5805","DI_SPREAD","CDI + 0,58%","DI + 0.6000%","2026-07-28","2032-10-23","987,00","3,92","","","","","","","","ok","","ANBIMA Data API (web-bff)"
"TAEEB0","7,5180","IPCA_SPREAD","B50 - 18 bps","IPCA + 6.4712%","2026-07-28","2040-12-15","3018,00","11,98","","","","2050-08-15","B50","7,7149","-18","ok","","ANBIMA Data API (web-bff)"
"TAEEB2","7,6727","IPCA_SPREAD","B29 - 54 bps","IPCA + 5.6000%","2026-07-28","2029-04-15","628,00","2,49","","","","2029-05-15","B29","8,2619","-54","ok","","ANBIMA Data API (web-bff)"
"TAEEB4","7,8351","IPCA_SPREAD","B35 - 34 bps","IPCA + 6.0653%","2026-07-28","2035-09-15","1722,00","6,83","","","","2035-05-15","B35","8,2039","-34","ok","","ANBIMA Data API (web-bff)"
"TAEEB8","7,7684","IPCA_SPREAD","B33 - 47 bps","IPCA + 7.0564%","2026-07-28","2035-07-15","1506,00","5,98","","","","2033-05-15","B33","8,2731","-47","ok","","ANBIMA Data API (web-bff)"
"TAEEC1","0,3011","DI_SPREAD","CDI + 0,30%","DI + 1.3600%","2026-07-28","2027-01-15","117,00","0,46","","","","","","","","ok","","ANBIMA Data API (web-bff)"
"TAEEC2","7,7588","IPCA_SPREAD","B31 - 48 bps","IPCA + 5.7500%","2026-07-28","2032-04-15","1022,00","4,06","","","","2031-05-15","B31","8,2825","-48","ok","","ANBIMA Data API (web-bff)"
"TAEEC4","7,7897","IPCA_SPREAD","B37 - 24 bps","IPCA + 6.2709%","2026-07-28","2038-09-15","1958,00","7,77","","","","2037-05-15","B37","8,0491","-24","ok","","ANBIMA Data API (web-bff)"
"TAEED2","7,7807","IPCA_SPREAD","B35 - 39 bps","IPCA + 5.8500%","2026-07-28","2037-04-15","1817,00","7,21","","","","2035-05-15","B35","8,2039","-39","ok","","ANBIMA Data API (web-bff)"
"TAEEE1","0,4688","DI_SPREAD","CDI + 0,47%","DI + 0.5100%","2026-07-28","2033-03-15","1021,00","4,05","","","","","","","","ok","","ANBIMA Data API (web-bff)"
"TBEG11","9,2269","IPCA_SPREAD","B31 + 87 bps","IPCA + 5.3231%","2026-07-28","2035-07-15","1069,00","4,24","","","","2031-05-15","B31","8,2825","87","ok","","ANBIMA Data API (web-bff)"
"TBSP12","0,5028","DI_SPREAD","CDI + 0,50%","DI + 0.7000%","2026-07-28","2030-07-23","699,00","2,77","","","","","","","","ok","","ANBIMA Data API (web-bff)"
"TBSP22","0,5929","DI_SPREAD","CDI + 0,59%","DI + 0.8500%","2026-07-28","2032-07-23","970,00","3,85","","","","","","","","ok","","ANBIMA Data API (web-bff)"
"TCII11","8,2785","IPCA_SPREAD","B33 + 0 bps","IPCA + 6.0594%","2026-07-28","2041-09-15","1526,00","6,06","","","","2033-05-15","B33","8,2731","0","ok","","ANBIMA Data API (web-bff)"
"TEPA11","18,3127","IPCA_SPREAD","B28 + 905 bps","IPCA + 9.6888%","2026-07-28","2030-03-15","443,00","1,76","","","","2028-08-15","B28","8,4900","905","ok","","ANBIMA Data API (web-bff)"
"TEPA12","16,8810","IPCA_SPREAD","B29 + 796 bps","IPCA + 10.0924%","2026-07-28","2031-07-15","618,00","2,45","","","","2029-05-15","B29","8,2619","796","ok","","ANBIMA Data API (web-bff)"
"TEPA13","15,3581","IPCA_SPREAD","B30 + 650 bps","IPCA + 11.5593%","2026-07-28","2032-03-15","790,00","3,13","","","","2030-08-15","B30","8,3200","650","ok","","ANBIMA Data API (web-bff)"
"TEPA14","4,1500","DI_SPREAD","CDI + 4,15%","DI + 3.3500%","2026-07-28","2030-12-04","554,00","2,20","","","","","","","","ok","","ANBIMA Data API (web-bff)"
"TEPA23","18,7228","PREFIXADO","18,72%","Pré-Fixado 18.5067%","2026-07-28","2032-03-15","817,00","3,24","","3,5442","spread = (1 + Y)/(1 + L) - 1; Y = pre 18,72%; L = TaxaLTN_252 venc ref 2032-01-01 = 14,66%","","","","","ok","","ANBIMA Data API (web-bff)"
"TFLE19","1,0544","DI_SPREAD","CDI + 1,05%","DI + 1.3000%","2026-07-28","2030-05-28","745,00","2,96","","","","","","","","ok","","ANBIMA Data API (web-bff)"
"TFLEA3","1,3510","DI_SPREAD","CDI + 1,35%","DI + 1.8500%","2026-07-28","2028-12-20","517,00","2,05","","","","","","","","ok","","ANBIMA Data API (web-bff)"
"TFLEA4","1,4152","DI_SPREAD","CDI + 1,42%","DI + 1.8500%","2026-07-28","2029-01-26","542,00","2,15","","","","","","","","ok","","ANBIMA Data API (web-bff)"
"TFLEA6","1,0709","DI_SPREAD","CDI + 1,07%","DI + 1.4500%","2026-07-28","2031-12-11","818,00","3,25","","","","","","","","ok","","ANBIMA Data API (web-bff)"
"TFLEA7","0,9700","DI_SPREAD","CDI + 0,97%","DI + 1.4000%","2026-07-28","2031-02-10","665,00","2,64","","","","","","","","ok","","ANBIMA Data API (web-bff)"
"TFLEA8","1,0278","DI_SPREAD","CDI + 1,03%","DI + 1.2000%","2026-07-28","2030-06-20","762,00","3,02","","","","","","","","ok","","ANBIMA Data API (web-bff)"
"TFLEA9","1,1165","DI_SPREAD","CDI + 1,12%","DI + 1.2400%","2026-07-28","2032-09-09","906,00","3,60","","","","","","","","ok","","ANBIMA Data API (web-bff)"
"TFLEB5","1,0474","DI_SPREAD","CDI + 1,05%","DI + 1.5000%","2026-07-28","2030-11-04","625,00","2,48","","","","","","","","ok","","ANBIMA Data API (web-bff)"
"TFLEC0","1,0057","DI_SPREAD","CDI + 1,01%","DI + 0.9100%","2026-07-28","2030-09-18","699,00","2,77","","","","","","","","ok","","ANBIMA Data API (web-bff)"
"TFLED0","1,1484","DI_SPREAD","CDI + 1,15%","DI + 1.1500%","2026-07-28","2032-09-18","950,00","3,77","","","","","","","","ok","","ANBIMA Data API (web-bff)"
"TIET18","8,3015","IPCA_SPREAD","B28 - 17 bps","IPCA + 6.0215%","2026-07-28","2030-05-15","534,00","2,12","","","","2028-08-15","B28","8,4900","-17","ok","","ANBIMA Data API (web-bff)"
"TIET19","0,6030","DI_SPREAD","CDI + 0,60%","DI + 1.0000%","2026-07-28","2027-03-15","153,00","0,61","","","","","","","","ok","","ANBIMA Data API (web-bff)"
"TIET29","8,2647","IPCA_SPREAD","B28 - 21 bps","IPCA + 4.7133%","2026-07-28","2029-03-15","381,00","1,51","","","","2028-08-15","B28","8,4900","-21","ok","","ANBIMA Data API (web-bff)"
"TIET39","8,2903","IPCA_SPREAD","B28 - 18 bps","IPCA + 4.7133%","2026-07-28","2029-03-15","387,00","1,54","","","","2028-08-15","B28","8,4900","-18","ok","","ANBIMA Data API (web-bff)"
"TIGR12","1,5551","DI_SPREAD","CDI + 1,56%","DI + 0.6000%","2026-07-28","2029-10-24","652,00","2,59","","","","","","","","ok","","ANBIMA Data API (web-bff)"
"TIGR21","1,5331","DI_SPREAD","CDI + 1,53%","DI + 1.7000%","2026-07-28","2028-11-10","393,00","1,56","","","","","","","","ok","","ANBIMA Data API (web-bff)"
"TIMS12","7,4499","IPCA_SPREAD","B27 - 64 bps","IPCA + 3.9182%","2026-07-28","2028-06-15","335,00","1,33","","","","2027-05-15","B27","8,1391","-64","ok","","ANBIMA Data API (web-bff)"
"TLPP27","0,8130","DI_SPREAD","CDI + 0,81%","DI + 1.3500%","2026-07-28","2027-07-12","229,00","0,91","","","","","","","","ok","","ANBIMA Data API (web-bff)"
"TNHL11","8,2254","IPCA_SPREAD","B33 - 4 bps","IPCA + 6.5865%","2026-07-28","2041-09-15","1497,00","5,94","","","","2033-05-15","B33","8,2731","-4","ok","","ANBIMA Data API (web-bff)"
"TOTS15","0,7485","DI_SPREAD","CDI + 0,75%","DI + 0.9500%","2026-07-28","2031-07-19","696,00","2,76","","","","","","","","ok","","ANBIMA Data API (web-bff)"
"TPEN11","7,8500","IPCA_SPREAD","B28 - 59 bps","IPCA + 6.5333%","2026-07-28","2028-09-15","413,00","1,64","","","","2028-08-15","B28","8,4900","-59","ok","","ANBIMA Data API (web-bff)"
"TPNO12","8,1326","IPCA_SPREAD","B28 - 33 bps","IPCA + 7.5826%","2026-07-28","2029-06-15","387,00","1,54","","","","2028-08-15","B28","8,4900","-33","ok","","ANBIMA Data API (web-bff)"
"TPNO13","7,7415","IPCA_SPREAD","B35 - 43 bps","IPCA + 4.9335%","2026-07-28","2038-12-15","1686,00","6,69","","","","2035-05-15","B35","8,2039","-43","ok","","ANBIMA Data API (web-bff)"
"TRCC11","8,0376","IPCA_SPREAD","B28 - 42 bps","IPCA + 6.5333%","2026-07-28","2028-09-15","413,00","1,64","","","","2028-08-15","B28","8,4900","-42","ok","","ANBIMA Data API (web-bff)"
"TRES11","1,4499","DI_SPREAD","CDI + 1,45%","DI + 2.1000%","2026-07-28","2029-04-05","548,00","2,17","","","","","","","","ok","","ANBIMA Data API (web-bff)"
"TRGO11","8,3761","IPCA_SPREAD","B29 + 11 bps","IPCA + 7.0176%","2026-07-28","2031-12-15","668,00","2,65","","","","2029-05-15","B29","8,2619","11","ok","","ANBIMA Data API (web-bff)"
"TRGP13","7,7209","IPCA_SPREAD","B37 - 30 bps","IPCA + 6.9928%","2026-07-28","2038-01-15","1957,00","7,77","","","","2037-05-15","B37","8,0491","-30","ok","","ANBIMA Data API (web-bff)"
"TRPLA3","0,8486","DI_SPREAD","CDI + 0,85%","DI + 1.5000%","2026-07-28","2030-03-15","693,00","2,75","","","","","","","","ok","","ANBIMA Data API (web-bff)"
"TRPLA4","7,9383","IPCA_SPREAD","B33 - 31 bps","IPCA + 6.2607%","2026-07-28","2033-10-15","1363,00","5,41","","","","2033-05-15","B33","8,2731","-31","ok","","ANBIMA Data API (web-bff)"
"TRPLA5","0,5546","DI_SPREAD","CDI + 0,55%","DI + 0.7300%","2026-07-28","2029-03-15","542,00","2,15","","","","","","","","ok","","ANBIMA Data API (web-bff)"
"TRPLA6","0,7386","DI_SPREAD","CDI + 0,74%","DI + 0.8000%","2026-07-28","2031-05-20","813,00","3,23","","","","","","","","ok","","ANBIMA Data API (web-bff)"
"TRPLA7","7,6403","IPCA_SPREAD","B40 - 25 bps","IPCA + 6.7119%","2026-07-28","2036-10-15","2369,00","9,40","","","","2040-08-15","B40","7,9071","-25","ok","","ANBIMA Data API (web-bff)"
"TRPLB4","7,7405","IPCA_SPREAD","B37 - 29 bps","IPCA + 6.4364%","2026-07-28","2038-10-15","1970,00","7,82","","","","2037-05-15","B37","8,0491","-29","ok","","ANBIMA Data API (web-bff)"
"TRPLB5","0,7503","DI_SPREAD","CDI + 0,75%","DI + 0.8000%","2026-07-28","2031-03-17","769,00","3,05","","","","","","","","ok","","ANBIMA Data API (web-bff)"
"TRPLB7","7,7658","IPCA_SPREAD","B37 - 26 bps","IPCA + 6.6052%","2026-07-28","2039-10-15","2070,00","8,21","","","","2037-05-15","B37","8,0491","-26","ok","","ANBIMA Data API (web-bff)"
"TRRG12","8,0478","IPCA_SPREAD","B31 - 22 bps","IPCA + 7.4367%","2026-07-28","2033-01-15","1051,00","4,17","","","","2031-05-15","B31","8,2825","-22","ok","","ANBIMA Data API (web-bff)"
"TSSG13","0,5595","DI_SPREAD","CDI + 0,56%","DI + 0.9800%","2026-07-28","2029-06-20","607,00","2,41","","","","","","","","ok","","ANBIMA Data API (web-bff)"
"TSSG14","0,4407","DI_SPREAD","CDI + 0,44%","DI + 0.6700%","2026-07-28","2030-05-20","543,00","2,15","","","","","","","","ok","","ANBIMA Data API (web-bff)"
"TSSG21","7,7518","IPCA_SPREAD","B33 - 48 bps","IPCA + 5.9851%","2026-07-28","2033-12-15","1328,00","5,27","","","","2033-05-15","B33","8,2731","-48","ok","","ANBIMA Data API (web-bff)"
"TUPW11","5,6662","DI_SPREAD","CDI + 5,67%","DI + 2.9000%","2026-07-28","2034-10-15","770,00","3,06","","","","","","","","ok","","ANBIMA Data API (web-bff)"
"TUPW21","11,4395","IPCA_SPREAD","B32 + 292 bps","IPCA + 8.2194%","2026-07-28","2036-10-15","1194,00","4,74","","","","2032-08-15","B32","8,2807","292","ok","","ANBIMA Data API (web-bff)"
"TUPY15","3,1577","DI_SPREAD","CDI + 3,16%","DI + 0.8700%","2026-07-28","2029-07-17","623,00","2,47","","","","","","","","ok","","ANBIMA Data API (web-bff)"
"TUPY25","4,3248","DI_SPREAD","CDI + 4,32%","DI + 1.0000%","2026-07-28","2031-07-17","833,00","3,31","","","","","","","","ok","","ANBIMA Data API (web-bff)"
"TUPY35","3,7020","DI_SPREAD","CDI + 3,70%","DI + 1.1800%","2026-07-28","2034-07-17","1092,00","4,33","","","","","","","","ok","","ANBIMA Data API (web-bff)"
"TVVH11","8,5077","IPCA_SPREAD","B30 + 17 bps","IPCA + 6.8596%","2026-07-28","2033-11-15","792,00","3,14","","","","2030-08-15","B30","8,3200","17","ok","","ANBIMA Data API (web-bff)"
"UHSM12","7,7679","IPCA_SPREAD","B35 - 40 bps","IPCA + 5.8198%","2026-07-28","2036-10-15","1679,00","6,66","","","","2035-05-15","B35","8,2039","-40","ok","","ANBIMA Data API (web-bff)"
"ULFT14","8,0831","IPCA_SPREAD","B35 - 11 bps","IPCA + 6.6729%","2026-07-28","2035-10-15","1568,00","6,22","","","","2035-05-15","B35","8,2039","-11","ok","","ANBIMA Data API (web-bff)"
"UNDAC3","107,8428","DI_PERCENTUAL","CDI + 0,99%","112.0000% DI","2026-07-28","2029-04-10","465,00","1,85","107,8428","0,9875","spread = (1 + (%CDI/100)*L)/(1 + L) - 1; L = TaxaLTN_252 venc ref 2029-07-01 = 14,41%","","","","","ok","","ANBIMA Data API (web-bff)"
"UNEG11","8,8858","IPCA_SPREAD","B35 + 63 bps","IPCA + 5.9200%","2026-07-28","2039-07-15","1671,00","6,63","","","","2035-05-15","B35","8,2039","63","ok","","ANBIMA Data API (web-bff)"
"UNIP18","1,4852","DI_SPREAD","CDI + 1,49%","DI + 2.0500%","2026-07-28","2030-10-16","708,00","2,81","","","","","","","","ok","","ANBIMA Data API (web-bff)"
"UNIP19","1,3371","DI_SPREAD","CDI + 1,34%","DI + 0.8500%","2026-07-28","2029-09-05","617,00","2,45","","","","","","","","ok","","ANBIMA Data API (web-bff)"
"UNIP29","1,5215","DI_SPREAD","CDI + 1,52%","DI + 1.2000%","2026-07-28","2031-09-05","820,00","3,25","","","","","","","","ok","","ANBIMA Data API (web-bff)"
"UNIP39","1,5524","DI_SPREAD","CDI + 1,55%","DI + 1.6500%","2026-07-28","2034-09-05","1069,00","4,24","","","","","","","","ok","","ANBIMA Data API (web-bff)"
"UNIPA0","1,5680","DI_SPREAD","CDI + 1,57%","DI + 1.0000%","2026-07-28","2032-07-18","974,00","3,87","","","","","","","","ok","","ANBIMA Data API (web-bff)"
"UNIPB0","1,5554","DI_SPREAD","CDI + 1,56%","DI + 1.3500%","2026-07-28","2035-07-18","1207,00","4,79","","","","","","","","ok","","ANBIMA Data API (web-bff)"
"UNIPC0","1,3867","DI_SPREAD","CDI + 1,39%","DI + 1.1500%","2026-07-28","2032-07-18","1010,00","4,01","","","","","","","","ok","","ANBIMA Data API (web-bff)"
"UNTE11","8,9725","IPCA_SPREAD","B27 + 77 bps","IPCA + 5.3418%","2026-07-28","2028-03-15","269,00","1,07","","","","2027-05-15","B27","8,1391","77","ok","","ANBIMA Data API (web-bff)"
"UQFN14","0,9000","DI_SPREAD","CDI + 0,90%","DI + 1.9000%","2026-07-28","2026-10-15","55,00","0,22","","","","","","","","ok","","ANBIMA Data API (web-bff)"
"UQFN15","2,1919","DI_SPREAD","CDI + 2,19%","DI + 1.3000%","2026-07-28","2031-06-13","744,00","2,95","","","","","","","","ok","","ANBIMA Data API (web-bff)"
"USAS11","9,1272","IPCA_SPREAD","B27 + 91 bps","IPCA + 6.8884%","2026-07-28","2028-02-15","258,00","1,02","","","","2027-05-15","B27","8,1391","91","ok","","ANBIMA Data API (web-bff)"
"USAS12","9,2396","IPCA_SPREAD","B30 + 85 bps","IPCA + 8.0857%","2026-07-28","2032-09-15","951,00","3,77","","","","2030-08-15","B30","8,3200","85","ok","","ANBIMA Data API (web-bff)"
"USAS22","9,3057","IPCA_SPREAD","B33 + 95 bps","IPCA + 8.1432%","2026-07-28","2035-09-15","1330,00","5,28","","","","2033-05-15","B33","8,2731","95","ok","","ANBIMA Data API (web-bff)"
"USIM28","1,3913","DI_SPREAD","CDI + 1,39%","DI + 1.7000%","2026-07-28","2029-05-23","494,00","1,96","","","","","","","","ok","","ANBIMA Data API (web-bff)"
"USIM29","1,3973","DI_SPREAD","CDI + 1,40%","DI + 1.6500%","2026-07-28","2029-12-09","592,00","2,35","","","","","","","","ok","","ANBIMA Data API (web-bff)"
"USIM39","1,5659","DI_SPREAD","CDI + 1,57%","DI + 1.9500%","2026-07-28","2032-12-09","932,00","3,70","","","","","","","","ok","","ANBIMA Data API (web-bff)"
"USIMA0","1,3042","DI_SPREAD","CDI + 1,30%","DI + 1.3500%","2026-07-28","2029-09-19","623,00","2,47","","","","","","","","ok","","ANBIMA Data API (web-bff)"
"USIMB0","1,4725","DI_SPREAD","CDI + 1,47%","DI + 1.5000%","2026-07-28","2031-09-19","827,00","3,28","","","","","","","","ok","","ANBIMA Data API (web-bff)"
"USNA13","9,6694","IPCA_SPREAD","B31 + 128 bps","IPCA + 9.0161%","2026-07-28","2033-07-15","1014,00","4,02","","","","2031-05-15","B31","8,2825","128","ok","","ANBIMA Data API (web-bff)"
"UTPS11","9,0723","IPCA_SPREAD","B27 + 86 bps","IPCA + 6.2500%","2026-07-28","2028-04-15","280,00","1,11","","","","2027-05-15","B27","8,1391","86","ok","","ANBIMA Data API (web-bff)"
"UTPS12","9,0913","IPCA_SPREAD","B27 + 88 bps","IPCA + 4.5000%","2026-07-28","2028-04-15","282,00","1,12","","","","2027-05-15","B27","8,1391","88","ok","","ANBIMA Data API (web-bff)"
"UTPS21","9,1634","IPCA_SPREAD","B32 + 82 bps","IPCA + 7.5000%","2026-07-28","2036-10-15","1285,00","5,10","","","","2032-08-15","B32","8,2807","82","ok","","ANBIMA Data API (web-bff)"
"UTPS22","9,1678","IPCA_SPREAD","B33 + 83 bps","IPCA + 5.7500%","2026-07-28","2036-10-15","1330,00","5,28","","","","2033-05-15","B33","8,2731","83","ok","","ANBIMA Data API (web-bff)"
"VALE48","7,5035","IPCA_SPREAD","B28 - 91 bps","IPCA + 6.7800%","2026-07-28","2029-01-15","345,00","1,37","","","","2028-08-15","B28","8,4900","-91","ok","","ANBIMA Data API (web-bff)"
"VALEA0","7,2908","IPCA_SPREAD","B35 - 84 bps","IPCA + 6.3837%","2026-07-28","2034-10-15","1598,00","6,34","","","","2035-05-15","B35","8,2039","-84","ok","","ANBIMA Data API (web-bff)"
"VALEB0","7,2689","IPCA_SPREAD","B37 - 72 bps","IPCA + 6.4368%","2026-07-28","2036-10-15","1868,00","7,41","","","","2037-05-15","B37","8,0491","-72","ok","","ANBIMA Data API (web-bff)"
"VALEB1","7,2943","IPCA_SPREAD","B32 - 91 bps","IPCA + 6.8881%","2026-07-28","2032-05-15","1207,00","4,79","","","","2032-08-15","B32","8,2807","-91","ok","","ANBIMA Data API (web-bff)"
"VALEC0","7,3090","IPCA_SPREAD","B40 - 55 bps","IPCA + 6.4203%","2026-07-28","2039-10-15","2211,00","8,77","","","","2040-08-15","B40","7,9071","-55","ok","","ANBIMA Data API (web-bff)"
"VALEC1","7,3166","IPCA_SPREAD","B35 - 82 bps","IPCA + 6.7624%","2026-07-28","2035-05-15","1671,00","6,63","","","","2035-05-15","B35","8,2039","-82","ok","","ANBIMA Data API (web-bff)"
"VALED1","7,2800","IPCA_SPREAD","B37 - 71 bps","IPCA + 6.7946%","2026-07-28","2037-05-15","1930,00","7,66","","","","2037-05-15","B37","8,0491","-71","ok","","ANBIMA Data API (web-bff)"
"VAMO13","2,6794","DI_SPREAD","CDI + 2,68%","DI + 2.3000%","2026-07-28","2029-06-15","407,00","1,62","","","","","","","","ok","","ANBIMA Data API (web-bff)"
"VAMO14","3,6838","DI_SPREAD","CDI + 3,68%","DI + 2.4000%","2026-07-28","2028-10-15","265,00","1,05","","","","","","","","ok","","ANBIMA Data API (web-bff)"
"VAMO17","3,8811","DI_SPREAD","CDI + 3,88%","DI + 2.1700%","2026-07-28","2028-06-15","418,00","1,66","","","","","","","","ok","","ANBIMA Data API (web-bff)"
"VAMO22","2,8232","DI_SPREAD","CDI + 2,82%","DI + 2.0000%","2026-07-28","2026-08-20","17,00","0,07","","","","","","","","ok","","ANBIMA Data API (web-bff)"
"VAMO23","3,4718","DI_SPREAD","CDI + 3,47%","DI + 2.7500%","2026-07-28","2031-06-15","729,00","2,89","","","","","","","","ok","","ANBIMA Data API (web-bff)"
"VAMO24","4,0812","DI_SPREAD","CDI + 4,08%","DI + 2.8000%","2026-07-28","2031-10-15","750,00","2,98","","","","","","","","ok","","ANBIMA Data API (web-bff)"
"VAMO33","14,4825","IPCA_SPREAD","B30 + 569 bps","IPCA + 6.3605%","2026-07-28","2031-06-15","840,00","3,33","","","","2030-08-15","B30","8,3200","569","ok","","ANBIMA Data API (web-bff)"
"VAMO34","14,7356","IPCA_SPREAD","B30 + 592 bps","IPCA + 7.6897%","2026-07-28","2031-10-15","870,00","3,45","","","","2030-08-15","B30","8,3200","592","ok","","ANBIMA Data API (web-bff)"
"VAMOA0","3,9628","DI_SPREAD","CDI + 3,96%","DI + 2.3500%","2026-07-28","2029-02-21","425,00","1,69","","","","","","","","ok","","ANBIMA Data API (web-bff)"
"VAMOA1","3,4329","DI_SPREAD","CDI + 3,43%","DI + 2.3500%","2026-07-28","2029-06-25","511,00","2,03","","","","","","","","ok","","ANBIMA Data API (web-bff)"
"VBBR15","0,9677","DI_SPREAD","CDI + 0,97%","DI + 1.5000%","2026-07-28","2029-10-03","550,00","2,18","","","","","","","","ok","","ANBIMA Data API (web-bff)"
"VBBR16","0,8075","DI_SPREAD","CDI + 0,81%","DI + 1.0700%","2026-07-28","2031-04-05","781,00","3,10","","","","","","","","ok","","ANBIMA Data API (web-bff)"
"VBBR17","0,7916","DI_SPREAD","CDI + 0,79%","DI + 1.1800%","2026-07-28","2031-06-14","827,00","3,28","","","","","","","","ok","","ANBIMA Data API (web-bff)"
"VBBR18","0,8116","DI_SPREAD","CDI + 0,81%","DI + 1.0500%","2026-07-28","2032-01-08","841,00","3,34","","","","","","","","ok","","ANBIMA Data API (web-bff)"
"VBBR24","1,1137","DI_SPREAD","CDI + 1,11%","DI + 1.7500%","2026-07-28","2031-11-16","772,00","3,06","","","","","","","","ok","","ANBIMA Data API (web-bff)"
"VBBR26","1,0391","DI_SPREAD","CDI + 1,04%","DI + 1.2500%","2026-07-28","2034-04-05","1059,00","4,20","","","","","","","","ok","","ANBIMA Data API (web-bff)"
"VBBRA0","8,4097","IPCA_SPREAD","B33 + 13 bps","IPCA + 7.3800%","2026-07-28","2036-03-15","1443,00","5,73","","","","2033-05-15","B33","8,2731","13","ok","","ANBIMA Data API (web-bff)"
"VBRR11","10,8303","IPCA_SPREAD","B29 + 237 bps","IPCA + 8.5914%","2026-07-28","2030-12-15","632,00","2,51","","","","2029-05-15","B29","8,2619","237","ok","","ANBIMA Data API (web-bff)"
"VDBF12","8,5575","IPCA_SPREAD","B30 + 22 bps","IPCA + 3.8708%","2026-07-28","2033-04-15","877,00","3,48","","","","2030-08-15","B30","8,3200","22","ok","","ANBIMA Data API (web-bff)"
"VEBMA6","1,2500","DI_SPREAD","CDI + 1,25%","DI + 1.4800%","2026-07-28","2030-12-20","830,00","3,29","","","","","","","","ok","","ANBIMA Data API (web-bff)"
"VEBMA8","0,5806","DI_SPREAD","CDI + 0,58%","DI + 0.6700%","2026-07-28","2032-04-16","983,00","3,90","","","","","","","","ok","","ANBIMA Data API (web-bff)"
"VEBMA9","0,6256","DI_SPREAD","CDI + 0,63%","DI + 0.6000%","2026-07-28","2033-01-25","1070,00","4,25","","","","","","","","ok","","ANBIMA Data API (web-bff)"
"VERO12","","IPCA_SPREAD","—","IPCA + 9.3400%","2026-07-28","2030-03-17","","","","","","","","","","sem_taxa","Taxa indicativa vazia","ANBIMA Data API (web-bff)"
"VERO13","","IPCA_SPREAD","—","IPCA + 8.4041%","2026-07-28","2031-03-15","","","","","","","","","","sem_taxa","Taxa indicativa vazia","ANBIMA Data API (web-bff)"
"VERO14","","DI_SPREAD","—","DI + 1.7500%","2026-07-28","2029-10-15","","","","","","","","","","sem_taxa","Taxa indicativa vazia","ANBIMA Data API (web-bff)"
"VERO24","","IPCA_SPREAD","—","IPCA + 8.3524%","2026-07-28","2031-10-15","","","","","","","","","","sem_taxa","Taxa indicativa vazia","ANBIMA Data API (web-bff)"
"VERO25","","IPCA_SPREAD","—","IPCA + 9.2618%","2026-07-28","2032-07-15","","","","","","","","","","sem_taxa","Taxa indicativa vazia","ANBIMA Data API (web-bff)"
"VERO35","","IPCA_SPREAD","—","IPCA + 9.2707%","2026-07-28","2035-07-15","","","","","","","","","","sem_taxa","Taxa indicativa vazia","ANBIMA Data API (web-bff)"
"VERO44","","IPCA_SPREAD","—","IPCA + 8.7014%","2026-07-28","2034-10-15","","","","","","","","","","sem_taxa","Taxa indicativa vazia","ANBIMA Data API (web-bff)"
"VIALA5","7,9708","IPCA_SPREAD","B30 - 32 bps","IPCA + 7.2300%","2026-07-28","2030-04-15","927,00","3,68","","","","2030-08-15","B30","8,3200","-32","ok","","ANBIMA Data API (web-bff)"
"VIVA11","0,7141","DI_SPREAD","CDI + 0,71%","DI + 0.7000%","2026-07-28","2030-08-27","687,00","2,73","","","","","","","","ok","","ANBIMA Data API (web-bff)"
"VIXL15","0,9776","DI_SPREAD","CDI + 0,98%","DI + 2.1500%","2026-07-28","2026-10-26","62,00","0,25","","","","","","","","ok","","ANBIMA Data API (web-bff)"
"VIXL18","1,0542","DI_SPREAD","CDI + 1,05%","DI + 2.0000%","2026-07-28","2030-06-11","587,00","2,33","","","","","","","","ok","","ANBIMA Data API (web-bff)"
"VIXL19","1,2658","DI_SPREAD","CDI + 1,27%","DI + 1.2500%","2026-07-28","2031-10-15","780,00","3,10","","","","","","","","ok","","ANBIMA Data API (web-bff)"
"VIXL25","1,1040","DI_SPREAD","CDI + 1,10%","DI + 2.5000%","2026-07-28","2028-10-26","276,00","1,10","","","","","","","","ok","","ANBIMA Data API (web-bff)"
"VIXL26","1,1049","DI_SPREAD","CDI + 1,10%","DI + 2.8000%","2026-07-28","2028-09-29","318,00","1,26","","","","","","","","ok","","ANBIMA Data API (web-bff)"
"VIXL35","1,0173","DI_SPREAD","CDI + 1,02%","DI + 2.1500%","2026-07-28","2026-10-26","62,00","0,25","","","","","","","","ok","","ANBIMA Data API (web-bff)"
"VIXL45","1,1048","DI_SPREAD","CDI + 1,10%","DI + 2.5000%","2026-07-28","2028-10-26","276,00","1,10","","","","","","","","ok","","ANBIMA Data API (web-bff)"
"VLIDA0","1,2947","DI_SPREAD","CDI + 1,29%","DI + 1.9500%","2026-07-28","2029-04-26","322,00","1,28","","","","","","","","ok","","ANBIMA Data API (web-bff)"
"VLIDA1","1,4857","DI_SPREAD","CDI + 1,49%","DI + 1.0000%","2026-07-28","2030-12-15","676,00","2,68","","","","","","","","ok","","ANBIMA Data API (web-bff)"
"VLIDB1","1,4908","DI_SPREAD","CDI + 1,49%","DI + 1.2000%","2026-07-28","2032-12-15","946,00","3,75","","","","","","","","ok","","ANBIMA Data API (web-bff)"
"VLIM13","7,8861","IPCA_SPREAD","B29 - 35 bps","IPCA + 5.7500%","2026-07-28","2028-12-15","562,00","2,23","","","","2029-05-15","B29","8,2619","-35","ok","","ANBIMA Data API (web-bff)"
"VLIM14","7,9672","IPCA_SPREAD","B29 - 27 bps","IPCA + 6.4512%","2026-07-28","2030-09-15","700,00","2,78","","","","2029-05-15","B29","8,2619","-27","ok","","ANBIMA Data API (web-bff)"
"VLIM15","7,9540","IPCA_SPREAD","B31 - 30 bps","IPCA + 6.1062%","2026-07-28","2031-04-15","1020,00","4,05","","","","2031-05-15","B31","8,2825","-30","ok","","ANBIMA Data API (web-bff)"
"VLIM16","8,0388","IPCA_SPREAD","B33 - 22 bps","IPCA + 6.8670%","2026-07-28","2034-11-15","1437,00","5,70","","","","2033-05-15","B33","8,2731","-22","ok","","ANBIMA Data API (web-bff)"
"VLIM17","8,0287","IPCA_SPREAD","B33 - 23 bps","IPCA + 7.0166%","2026-07-28","2035-05-15","1505,00","5,97","","","","2033-05-15","B33","8,2731","-23","ok","","ANBIMA Data API (web-bff)"
"VLIM18","8,0835","IPCA_SPREAD","B35 - 11 bps","IPCA + 6.6729%","2026-07-28","2035-10-15","1568,00","6,22","","","","2035-05-15","B35","8,2039","-11","ok","","ANBIMA Data API (web-bff)"
"VLIM19","8,0064","IPCA_SPREAD","B37 - 4 bps","IPCA + 6.4988%","2026-07-28","2038-03-15","1879,00","7,46","","","","2037-05-15","B37","8,0491","-4","ok","","ANBIMA Data API (web-bff)"
"VLIM25","","PREFIXADO","—","Pré-Fixado 11.4400%","2026-07-28","2031-04-15","","","","","","","","","","sem_taxa","Taxa indicativa vazia","ANBIMA Data API (web-bff)"
"VLIM26","8,1316","IPCA_SPREAD","B35 - 7 bps","IPCA + 6.7166%","2026-07-28","2036-11-15","1721,00","6,83","","","","2035-05-15","B35","8,2039","-7","ok","","ANBIMA Data API (web-bff)"
"VLIM27","7,9613","IPCA_SPREAD","B37 - 8 bps","IPCA + 6.9582%","2026-07-28","2037-05-15","1839,00","7,30","","","","2037-05-15","B37","8,0491","-8","ok","","ANBIMA Data API (web-bff)"
"VLIM28","7,9991","IPCA_SPREAD","B37 - 5 bps","IPCA + 6.7052%","2026-07-28","2037-10-15","1890,00","7,50","","","","2037-05-15","B37","8,0491","-5","ok","","ANBIMA Data API (web-bff)"
"VLIM29","7,9318","IPCA_SPREAD","B40 + 2 bps","IPCA + 6.4776%","2026-07-28","2041-03-15","2200,00","8,73","","","","2040-08-15","B40","7,9071","2","ok","","ANBIMA Data API (web-bff)"
"VLME11","","DI_SPREAD","—","DI + 3.0000%","2026-07-28","2030-10-06","","","","","","","","","","sem_taxa","Taxa indicativa vazia","ANBIMA Data API (web-bff)"
"VLME12","","DI_SPREAD","—","DI + 3.0000%","2026-07-28","2030-10-06","","","","","","","","","","sem_taxa","Taxa indicativa vazia","ANBIMA Data API (web-bff)"
"VPLT12","9,0282","IPCA_SPREAD","B27 + 82 bps","IPCA + 3.9407%","2026-07-28","2027-06-15","175,00","0,69","","","","2027-05-15","B27","8,1391","82","ok","","ANBIMA Data API (web-bff)"
"VRDN12","8,7553","IPCA_SPREAD","B31 + 44 bps","IPCA + 5.5500%","2026-07-28","2034-12-15","973,00","3,86","","","","2031-05-15","B31","8,2825","44","ok","","ANBIMA Data API (web-bff)"
"VVEO15","","DI_SPREAD","—","DI + 1.6000%","2026-07-28","2034-01-30","","","","","","","","","","sem_taxa","Taxa indicativa vazia","ANBIMA Data API (web-bff)"
"VVEO16","","DI_SPREAD","—","DI + 1.6000%","2026-07-28","2034-01-30","","","","","","","","","","sem_taxa","Taxa indicativa vazia","ANBIMA Data API (web-bff)"
"WDPR11","7,8273","IPCA_SPREAD","B28 - 61 bps","IPCA + 7.6276%","2026-07-28","2028-12-15","343,00","1,36","","","","2028-08-15","B28","8,4900","-61","ok","","ANBIMA Data API (web-bff)"
"WIZC12","1,9000","DI_SPREAD","CDI + 1,90%","DI + 1.9500%","2026-07-28","2030-01-29","404,00","1,60","","","","","","","","ok","","ANBIMA Data API (web-bff)"
"WNTY12","9,8328","IPCA_SPREAD","B31 + 143 bps","IPCA + 8.6044%","2026-07-28","2035-08-15","1138,00","4,52","","","","2031-05-15","B31","8,2825","143","ok","","ANBIMA Data API (web-bff)"
"XNGU17","7,5254","IPCA_SPREAD","B31 - 70 bps","IPCA + 4.8304%","2026-07-28","2034-12-15","1051,00","4,17","","","","2031-05-15","B31","8,2825","-70","ok","","ANBIMA Data API (web-bff)"
"YDUQ17","0,5680","DI_SPREAD","CDI + 0,57%","DI + 0.7800%","2026-07-28","2027-11-29","309,00","1,23","","","","","","","","ok","","ANBIMA Data API (web-bff)"
"YDUQ18","0,8810","DI_SPREAD","CDI + 0,88%","DI + 0.8500%","2026-07-28","2030-06-02","732,00","2,90","","","","","","","","ok","","ANBIMA Data API (web-bff)"
"YDUQA0","0,6783","DI_SPREAD","CDI + 0,68%","DI + 1.2500%","2026-07-28","2029-04-10","467,00","1,85","","","","","","","","ok","","ANBIMA Data API (web-bff)"
"YDUQA1","0,9032","DI_SPREAD","CDI + 0,90%","DI + 1.0500%","2026-07-28","2031-11-29","885,00","3,51","","","","","","","","ok","","ANBIMA Data API (web-bff)"
"YDUQA2","0,7586","DI_SPREAD","CDI + 0,76%","DI + 0.7000%","2026-07-28","2029-12-23","693,00","2,75","","","","","","","","ok","","ANBIMA Data API (web-bff)"
