"ticker","taxaAnbimaOriginal","tipoTaxaAnbima","txAnbimaFormatada","indexadorAnbima","dataReferenciaAnbima","dataVencimento","durationAnbimaDiasUteis","durationAnbimaAnos","percentualCdiOriginal","spreadCdiEquivalente","metodologiaConversaoCdi","ntnbReferencia","codigoNtnbExibicao","taxaNtnbReferencia","spreadNtnbBps","statusCalculoAnbima","motivoAusenciaAnbima","fonteAnbima"
"AALM12","0,7027","DI_SPREAD","CDI + 0,70%","DI + 1.6000%","2026-07-29","2030-10-02","539,00","2,14","","","","","","","","ok","","ANBIMA Data API (web-bff)"
"ABSP12","1,4837","DI_SPREAD","CDI + 1,48%","DI + 1.9500%","2026-07-29","2026-10-15","54,00","0,21","","","","","","","","ok","","ANBIMA Data API (web-bff)"
"ACOV15","1,5707","DI_SPREAD","CDI + 1,57%","DI + 1.1000%","2026-07-29","2032-06-10","648,00","2,57","","","","","","","","ok","","ANBIMA Data API (web-bff)"
"ACRC21","9,1981","IPCA_SPREAD","B35 + 84 bps","IPCA + 7.4150%","2026-07-29","2044-07-15","1702,00","6,75","","","","2035-05-15","B35","8,2867","84","ok","","ANBIMA Data API (web-bff)"
"ADPA21","2,4321","DI_SPREAD","CDI + 2,43%","DI + 2.8500%","2026-07-29","2027-11-27","316,00","1,25","","","","","","","","ok","","ANBIMA Data API (web-bff)"
"AEAB11","8,5770","IPCA_SPREAD","B37 + 42 bps","IPCA + 7.0718%","2026-07-29","2044-06-15","1866,00","7,40","","","","2037-05-15","B37","8,1191","42","ok","","ANBIMA Data API (web-bff)"
"AEGE16","5,0678","DI_SPREAD","CDI + 5,07%","DI + 3.9000%","2026-07-29","2034-03-11","824,00","3,27","","","","","","","","ok","","ANBIMA Data API (web-bff)"
"AEGE17","5,1668","DI_SPREAD","CDI + 5,17%","DI + 3.4000%","2026-07-29","2035-06-15","1007,00","4,00","","","","","","","","ok","","ANBIMA Data API (web-bff)"
"AEGP17","1,7536","DI_SPREAD","CDI + 1,75%","DI + 2.1500%","2026-07-29","2027-04-12","164,00","0,65","","","","","","","","ok","","ANBIMA Data API (web-bff)"
"AEGP19","2,6852","DI_SPREAD","CDI + 2,69%","DI + 1.9000%","2026-07-29","2028-10-04","259,00","1,03","","","","","","","","ok","","ANBIMA Data API (web-bff)"
"AEGPA4","2,8676","DI_SPREAD","CDI + 2,87%","DI + 3.4700%","2026-07-29","2028-10-25","277,00","1,10","","","","","","","","ok","","ANBIMA Data API (web-bff)"
"AEGPA8","17,2244","PREFIXADO","17,22%","Pré-Fixado 16.3433%","2026-07-29","2031-01-15","835,00","3,31","","2,2517","spread = (1 + Y)/(1 + L) - 1; Y = pre 17,22%; L = TaxaLTN_252 venc ref 2032-01-01 = 14,64%","","","","","ok","","ANBIMA Data API (web-bff)"
"AEGPA9","3,0912","DI_SPREAD","CDI + 3,09%","DI + 2.7500%","2026-07-29","2029-06-25","509,00","2,02","","","","","","","","ok","","ANBIMA Data API (web-bff)"
"AEGPB3","3,2583","DI_SPREAD","CDI + 3,26%","DI + 1.8000%","2026-07-29","2032-08-22","844,00","3,35","","","","","","","","ok","","ANBIMA Data API (web-bff)"
"AEGPB5","3,2818","DI_SPREAD","CDI + 3,28%","DI + 1.8000%","2026-07-29","2030-12-15","812,00","3,22","","","","","","","","ok","","ANBIMA Data API (web-bff)"
"AEGPB7","2,3327","DI_SPREAD","CDI + 2,33%","DI + 2.9500%","2026-07-29","2028-09-15","350,00","1,39","","","","","","","","ok","","ANBIMA Data API (web-bff)"
"AERI12","","DI_SPREAD","—","DI + 3.0000%","2026-07-29","2030-03-30","","","","","","","","","","sem_taxa","Taxa indicativa vazia","ANBIMA Data API (web-bff)"
"AESLA5","7,9274","IPCA_SPREAD","B32 - 39 bps","IPCA + 6.1774%","2026-07-29","2033-10-15","1279,00","5,08","","","","2032-08-15","B32","8,3483","-39","ok","","ANBIMA Data API (web-bff)"
"AESLA7","7,9601","IPCA_SPREAD","B33 - 36 bps","IPCA + 6.1409%","2026-07-29","2034-04-15","1362,00","5,40","","","","2033-05-15","B33","8,3486","-36","ok","","ANBIMA Data API (web-bff)"
"AESLA8","0,4716","DI_SPREAD","CDI + 0,47%","DI + 0.4900%","2026-07-29","2029-09-10","548,00","2,17","","","","","","","","ok","","ANBIMA Data API (web-bff)"
"AESLA9","7,9814","IPCA_SPREAD","B33 - 34 bps","IPCA + 6.9249%","2026-07-29","2035-05-15","1509,00","5,99","","","","2033-05-15","B33","8,3486","-34","ok","","ANBIMA Data API (web-bff)"
"AESLB0","7,9977","IPCA_SPREAD","B35 - 27 bps","IPCA + 6.8967%","2026-07-29","2035-09-15","1540,00","6,11","","","","2035-05-15","B35","8,2867","-27","ok","","ANBIMA Data API (web-bff)"
"AESLB7","7,8893","IPCA_SPREAD","B37 - 21 bps","IPCA + 6.2031%","2026-07-29","2039-04-15","2035,00","8,08","","","","2037-05-15","B37","8,1191","-21","ok","","ANBIMA Data API (web-bff)"
"AESLC2","7,9921","IPCA_SPREAD","B33 - 33 bps","IPCA + 6.5243%","2026-07-29","2033-03-15","1332,00","5,29","","","","2033-05-15","B33","8,3486","-33","ok","","ANBIMA Data API (web-bff)"
"AESLD2","8,0936","IPCA_SPREAD","B35 - 18 bps","IPCA + 6.4580%","2026-07-29","2036-03-15","1624,00","6,44","","","","2035-05-15","B35","8,2867","-18","ok","","ANBIMA Data API (web-bff)"
"AESOA1","8,3181","IPCA_SPREAD","B33 - 3 bps","IPCA + 6.4966%","2026-07-29","2038-03-15","1333,00","5,29","","","","2033-05-15","B33","8,3486","-3","ok","","ANBIMA Data API (web-bff)"
"AGAU13","4,6875","DI_SPREAD","CDI + 4,69%","DI + 4.5000%","2026-07-29","2027-03-15","144,00","0,57","","","","","","","","ok","","ANBIMA Data API (web-bff)"
"AGEO15","7,9849","IPCA_SPREAD","B35 - 28 bps","IPCA + 7.6056%","2026-07-29","2037-06-15","1765,00","7,00","","","","2035-05-15","B35","8,2867","-28","ok","","ANBIMA Data API (web-bff)"
"AGIZ11","8,7063","IPCA_SPREAD","B37 + 54 bps","IPCA + 7.7322%","2026-07-29","2047-03-15","1995,00","7,92","","","","2037-05-15","B37","8,1191","54","ok","","ANBIMA Data API (web-bff)"
"AGPI11","","DI_SPREAD","—","DI + 1.9000%","2026-07-29","2027-06-27","","","","","","","","","","sem_taxa","Taxa indicativa vazia","ANBIMA Data API (web-bff)"
"AHGD13","9,1002","IPCA_SPREAD","B33 + 69 bps","IPCA + 7.3293%","2026-07-29","2041-09-15","1380,00","5,48","","","","2033-05-15","B33","8,3486","69","ok","","ANBIMA Data API (web-bff)"
"ALGAA2","1,0670","DI_SPREAD","CDI + 1,07%","DI + 1.5500%","2026-07-29","2029-01-15","438,00","1,74","","","","","","","","ok","","ANBIMA Data API (web-bff)"
"ALGAB1","9,1551","IPCA_SPREAD","B30 + 72 bps","IPCA + 4.9999%","2026-07-29","2031-07-15","893,00","3,54","","","","2030-08-15","B30","8,3787","72","ok","","ANBIMA Data API (web-bff)"
"ALGAC2","9,1309","IPCA_SPREAD","B31 + 72 bps","IPCA + 5.8806%","2026-07-29","2032-01-15","981,00","3,89","","","","2031-05-15","B31","8,3500","72","ok","","ANBIMA Data API (web-bff)"
"ALGE16","8,0258","IPCA_SPREAD","B33 - 30 bps","IPCA + 6.1451%","2026-07-29","2037-11-15","1339,00","5,31","","","","2033-05-15","B33","8,3486","-30","ok","","ANBIMA Data API (web-bff)"
"ALGTA4","9,1566","IPCA_SPREAD","B32 + 75 bps","IPCA + 6.3243%","2026-07-29","2033-11-15","1196,00","4,75","","","","2032-08-15","B32","8,3483","75","ok","","ANBIMA Data API (web-bff)"
"ALGTA5","1,0554","DI_SPREAD","CDI + 1,06%","DI + 1.3000%","2026-07-29","2032-01-28","921,00","3,65","","","","","","","","ok","","ANBIMA Data API (web-bff)"
"ALGTA6","1,1299","DI_SPREAD","CDI + 1,13%","DI + 1.2500%","2026-07-29","2033-02-22","982,00","3,90","","","","","","","","ok","","ANBIMA Data API (web-bff)"
"ALIG12","8,0343","IPCA_SPREAD","B28 - 49 bps","IPCA + 3.6500%","2026-07-29","2029-12-15","408,00","1,62","","","","2028-08-15","B28","8,5625","-49","ok","","ANBIMA Data API (web-bff)"
"ALIG13","7,9376","IPCA_SPREAD","B30 - 41 bps","IPCA + 4.0000%","2026-07-29","2035-02-15","952,00","3,78","","","","2030-08-15","B30","8,3787","-41","ok","","ANBIMA Data API (web-bff)"
"ALIG15","7,9518","IPCA_SPREAD","B32 - 37 bps","IPCA + 6.1305%","2026-07-29","2036-04-15","1165,00","4,62","","","","2032-08-15","B32","8,3483","-37","ok","","ANBIMA Data API (web-bff)"
"ALPA22","0,9083","DI_SPREAD","CDI + 0,91%","DI + 1.5000%","2026-07-29","2029-12-12","595,00","2,36","","","","","","","","ok","","ANBIMA Data API (web-bff)"
"ALUP18","7,7098","IPCA_SPREAD","B33 - 59 bps","IPCA + 6.4986%","2026-07-29","2034-10-15","1432,00","5,68","","","","2033-05-15","B33","8,3486","-59","ok","","ANBIMA Data API (web-bff)"
"AMBP16","","DI_SPREAD","—","DI + 2.7500%","2026-07-29","2029-04-25","","","","","","","","","","sem_taxa","Taxa indicativa vazia","ANBIMA Data API (web-bff)"
"ANET11","","IPCA_SPREAD","—","IPCA + 5.6006%","2026-07-29","2029-03-15","","","","","","","","","","sem_taxa","Taxa indicativa vazia","ANBIMA Data API (web-bff)"
"ANET12","","IPCA_SPREAD","—","IPCA + 8.9619%","2026-07-29","2030-11-15","","","","","","","","","","sem_taxa","Taxa indicativa vazia","ANBIMA Data API (web-bff)"
"ANHBA5","0,5176","DI_SPREAD","CDI + 0,52%","DI + 0.4400%","2026-07-29","2030-11-05","737,00","2,92","","","","","","","","ok","","ANBIMA Data API (web-bff)"
"ANHBA6","0,5618","DI_SPREAD","CDI + 0,56%","DI + 0.5000%","2026-07-29","2032-07-15","986,00","3,91","","","","","","","","ok","","ANBIMA Data API (web-bff)"
"ANHBB6","8,0364","IPCA_SPREAD","B35 - 23 bps","IPCA + 7.0457%","2026-07-29","2037-07-15","1676,00","6,65","","","","2035-05-15","B35","8,2867","-23","ok","","ANBIMA Data API (web-bff)"
"ANIM15","1,9774","DI_SPREAD","CDI + 1,98%","DI + 1.9200%","2026-07-29","2029-05-15","386,00","1,53","","","","","","","","ok","","ANBIMA Data API (web-bff)"
"ANIM17","2,2192","DI_SPREAD","CDI + 2,22%","DI + 1.6000%","2026-07-29","2029-05-15","486,00","1,93","","","","","","","","ok","","ANBIMA Data API (web-bff)"
"ANIM18","2,4362","DI_SPREAD","CDI + 2,44%","DI + 1.5000%","2026-07-29","2029-10-15","581,00","2,31","","","","","","","","ok","","ANBIMA Data API (web-bff)"
"APFD19","8,1839","IPCA_SPREAD","B29 - 14 bps","IPCA + 6.3854%","2026-07-29","2031-09-15","659,00","2,62","","","","2029-05-15","B29","8,3371","-14","ok","","ANBIMA Data API (web-bff)"
"APFL18","1,4147","DI_SPREAD","CDI + 1,41%","DI + 1.3800%","2026-07-29","2029-01-15","534,00","2,12","","","","","","","","ok","","ANBIMA Data API (web-bff)"
"APPSA2","9,1538","IPCA_SPREAD","B30 + 72 bps","IPCA + 6.7800%","2026-07-29","2031-09-15","795,00","3,15","","","","2030-08-15","B30","8,3787","72","ok","","ANBIMA Data API (web-bff)"
"APPSB2","1,3927","DI_SPREAD","CDI + 1,39%","DI + 2.1500%","2026-07-29","2028-09-15","248,00","0,98","","","","","","","","ok","","ANBIMA Data API (web-bff)"
"APRB18","9,4916","IPCA_SPREAD","B30 + 103 bps","IPCA + 4.5000%","2026-07-29","2031-06-15","764,00","3,03","","","","2030-08-15","B30","8,3787","103","ok","","ANBIMA Data API (web-bff)"
"APRB28","0,6335","DI_SPREAD","CDI + 0,63%","DI + 0.8600%","2026-07-29","2027-06-15","171,00","0,68","","","","","","","","ok","","ANBIMA Data API (web-bff)"
"ARML13","2,1560","DI_SPREAD","CDI + 2,16%","DI + 2.2500%","2026-07-29","2029-11-04","563,00","2,23","","","","","","","","ok","","ANBIMA Data API (web-bff)"
"ARML14","2,7246","DI_SPREAD","CDI + 2,72%","DI + 1.9000%","2026-07-29","2032-03-15","805,00","3,19","","","","","","","","ok","","ANBIMA Data API (web-bff)"
"ARML15","2,7072","DI_SPREAD","CDI + 2,71%","DI + 1.3500%","2026-07-29","2032-09-25","878,00","3,48","","","","","","","","ok","","ANBIMA Data API (web-bff)"
"ARML25","3,1375","DI_SPREAD","CDI + 3,14%","DI + 1.6000%","2026-07-29","2034-09-25","1057,00","4,19","","","","","","","","ok","","ANBIMA Data API (web-bff)"
"ARML26","3,1564","DI_SPREAD","CDI + 3,16%","DI + 1.5500%","2026-07-29","2030-11-05","787,00","3,12","","","","","","","","ok","","ANBIMA Data API (web-bff)"
"ARTR19","11,0306","IPCA_SPREAD","B27 + 268 bps","IPCA + 4.8392%","2026-07-29","2027-09-15","150,00","0,60","","","","2027-05-15","B27","8,1369","268","ok","","ANBIMA Data API (web-bff)"
"ARTRA1","1,6087","DI_SPREAD","CDI + 1,61%","DI + 1.6500%","2026-07-29","2027-03-11","144,00","0,57","","","","","","","","ok","","ANBIMA Data API (web-bff)"
"ARTRA4","2,1006","DI_SPREAD","CDI + 2,10%","DI + 2.7000%","2026-07-29","2028-08-24","230,00","0,91","","","","","","","","ok","","ANBIMA Data API (web-bff)"
"ARTRA5","2,2434","DI_SPREAD","CDI + 2,24%","DI + 2.4000%","2026-07-29","2029-04-12","363,00","1,44","","","","","","","","ok","","ANBIMA Data API (web-bff)"
"ARTRA7","10,3806","IPCA_SPREAD","B33 + 188 bps","IPCA + 7.7000%","2026-07-29","2035-05-15","1443,00","5,73","","","","2033-05-15","B33","8,3486","188","ok","","ANBIMA Data API (web-bff)"
"ARTRA8","10,2307","IPCA_SPREAD","B31 + 174 bps","IPCA + 8.2857%","2026-07-29","2032-10-15","1131,00","4,49","","","","2031-05-15","B31","8,3500","174","ok","","ANBIMA Data API (web-bff)"
"ASAB11","11,8165","IPCA_SPREAD","B30 + 317 bps","IPCA + 6.2500%","2026-07-29","2033-06-15","814,00","3,23","","","","2030-08-15","B30","8,3787","317","ok","","ANBIMA Data API (web-bff)"
"ASAI18","1,3763","DI_SPREAD","CDI + 1,38%","DI + 1.8500%","2026-07-29","2027-12-22","323,00","1,28","","","","","","","","ok","","ANBIMA Data API (web-bff)"
"ASAI19","1,7377","DI_SPREAD","CDI + 1,74%","DI + 1.2500%","2026-07-29","2029-03-25","455,00","1,81","","","","","","","","ok","","ANBIMA Data API (web-bff)"
"ASAI22","1,6329","DI_SPREAD","CDI + 1,63%","DI + 1.9500%","2026-07-29","2028-05-20","296,00","1,17","","","","","","","","ok","","ANBIMA Data API (web-bff)"
"ASAI28","1,7706","DI_SPREAD","CDI + 1,77%","DI + 1.9500%","2026-07-29","2028-12-22","516,00","2,05","","","","","","","","ok","","ANBIMA Data API (web-bff)"
"ASAIA0","1,8217","DI_SPREAD","CDI + 1,82%","DI + 1.2500%","2026-07-29","2029-06-20","513,00","2,04","","","","","","","","ok","","ANBIMA Data API (web-bff)"
"ASAIA1","1,8468","DI_SPREAD","CDI + 1,85%","DI + 1.2500%","2026-07-29","2029-09-25","542,00","2,15","","","","","","","","ok","","ANBIMA Data API (web-bff)"
"ASAIA2","1,8774","DI_SPREAD","CDI + 1,88%","DI + 1.2500%","2026-07-29","2029-12-09","676,00","2,68","","","","","","","","ok","","ANBIMA Data API (web-bff)"
"ASAIA3","1,8574","DI_SPREAD","CDI + 1,86%","DI + 1.2000%","2026-07-29","2029-06-05","592,00","2,35","","","","","","","","ok","","ANBIMA Data API (web-bff)"
"ASCP13","8,6252","IPCA_SPREAD","B28 + 6 bps","IPCA + 7.5500%","2026-07-29","2030-03-15","501,00","1,99","","","","2028-08-15","B28","8,5625","6","ok","","ANBIMA Data API (web-bff)"
"ASCP23","8,5319","IPCA_SPREAD","B32 + 17 bps","IPCA + 8.1500%","2026-07-29","2035-03-15","1301,00","5,16","","","","2032-08-15","B32","8,3483","17","ok","","ANBIMA Data API (web-bff)"
"ASER12","12,1519","IPCA_SPREAD","B35 + 357 bps","IPCA + 8.4051%","2026-07-29","2043-12-15","1755,00","6,96","","","","2035-05-15","B35","8,2867","357","ok","","ANBIMA Data API (web-bff)"
"ASSR21","9,3785","IPCA_SPREAD","B35 + 101 bps","IPCA + 7.1071%","2026-07-29","2041-06-15","1602,00","6,36","","","","2035-05-15","B35","8,2867","101","ok","","ANBIMA Data API (web-bff)"
"ATHT11","9,1168","IPCA_SPREAD","B33 + 71 bps","IPCA + 7.3293%","2026-07-29","2041-09-15","1380,00","5,48","","","","2033-05-15","B33","8,3486","71","ok","","ANBIMA Data API (web-bff)"
"ATII12","9,0930","IPCA_SPREAD","B33 + 69 bps","IPCA + 7.3293%","2026-07-29","2041-09-15","1381,00","5,48","","","","2033-05-15","B33","8,3486","69","ok","","ANBIMA Data API (web-bff)"
"AURE12","8,3254","IPCA_SPREAD","B33 - 2 bps","IPCA + 6.2980%","2026-07-29","2034-04-15","1353,00","5,37","","","","2033-05-15","B33","8,3486","-2","ok","","ANBIMA Data API (web-bff)"
"AURE13","0,8048","DI_SPREAD","CDI + 0,80%","DI + 0.5500%","2026-07-29","2031-10-10","786,00","3,12","","","","","","","","ok","","ANBIMA Data API (web-bff)"
"AURP12","8,2963","IPCA_SPREAD","B33 - 5 bps","IPCA + 7.4515%","2026-07-29","2035-04-15","1465,00","5,81","","","","2033-05-15","B33","8,3486","-5","ok","","ANBIMA Data API (web-bff)"
"AURP13","8,3534","IPCA_SPREAD","B35 + 6 bps","IPCA + 6.9164%","2026-07-29","2037-07-15","1808,00","7,17","","","","2035-05-15","B35","8,2867","6","ok","","ANBIMA Data API (web-bff)"
"AXIA18","7,9711","IPCA_SPREAD","B32 - 35 bps","IPCA + 6.8000%","2026-07-29","2033-02-15","1308,00","5,19","","","","2032-08-15","B32","8,3483","-35","ok","","ANBIMA Data API (web-bff)"
"AXIA19","8,0926","IPCA_SPREAD","B35 - 18 bps","IPCA + 8.0036%","2026-07-29","2036-06-15","1630,00","6,47","","","","2035-05-15","B35","8,2867","-18","ok","","ANBIMA Data API (web-bff)"
"AXIA28","7,8901","IPCA_SPREAD","B35 - 37 bps","IPCA + 6.7116%","2026-07-29","2036-02-15","1735,00","6,88","","","","2035-05-15","B35","8,2867","-37","ok","","ANBIMA Data API (web-bff)"
"AXIA38","7,8798","IPCA_SPREAD","B40 - 11 bps","IPCA + 6.6752%","2026-07-29","2041-02-15","2171,00","8,62","","","","2040-08-15","B40","8,0034","-11","ok","","ANBIMA Data API (web-bff)"
"AZZA11","1,3909","DI_SPREAD","CDI + 1,39%","DI + 1.2500%","2026-07-29","2030-03-28","624,00","2,48","","","","","","","","ok","","ANBIMA Data API (web-bff)"
"AZZA12","1,5561","DI_SPREAD","CDI + 1,56%","DI + 1.2500%","2026-07-29","2030-08-15","671,00","2,66","","","","","","","","ok","","ANBIMA Data API (web-bff)"
"AZZA13","2,0708","DI_SPREAD","CDI + 2,07%","DI + 1.0000%","2026-07-29","2028-01-28","351,00","1,39","","","","","","","","ok","","ANBIMA Data API (web-bff)"
"BARU11","8,4107","IPCA_SPREAD","B37 + 27 bps","IPCA + 7.7959%","2026-07-29","2043-03-15","1862,00","7,39","","","","2037-05-15","B37","8,1191","27","ok","","ANBIMA Data API (web-bff)"
"BCBF16","4,6826","DI_SPREAD","CDI + 4,68%","DI + 1.4500%","2026-07-29","2027-10-07","159,00","0,63","","","","","","","","ok","","ANBIMA Data API (web-bff)"
"BCPSA4","0,3284","DI_SPREAD","CDI + 0,33%","DI + 1.2000%","2026-07-29","2027-02-20","131,00","0,52","","","","","","","","ok","","ANBIMA Data API (web-bff)"
"BCPSA5","7,7395","IPCA_SPREAD","B29 - 55 bps","IPCA + 5.7687%","2026-07-29","2029-03-15","605,00","2,40","","","","2029-05-15","B29","8,3371","-55","ok","","ANBIMA Data API (web-bff)"
"BCPSA6","0,4044","DI_SPREAD","CDI + 0,40%","DI + 0.5500%","2026-07-29","2028-10-10","474,00","1,88","","","","","","","","ok","","ANBIMA Data API (web-bff)"
"BCPSA7","7,8422","IPCA_SPREAD","B35 - 41 bps","IPCA + 7.0225%","2026-07-29","2036-01-15","1620,00","6,43","","","","2035-05-15","B35","8,2867","-41","ok","","ANBIMA Data API (web-bff)"
"BHIAA0","","DI_PERCENTUAL","—","100.0000% DI","2026-07-29","2050-11-28","","","","","","","","","","sem_taxa","Taxa indicativa vazia","ANBIMA Data API (web-bff)"
"BHIAC0","","DI_PERCENTUAL","—","100.0000% DI","2026-07-29","2050-11-28","","","","","","","","","","sem_taxa","Taxa indicativa vazia","ANBIMA Data API (web-bff)"
"BHSA11","8,5134","IPCA_SPREAD","B35 + 21 bps","IPCA + 6.8413%","2026-07-29","2044-03-15","1794,00","7,12","","","","2035-05-15","B35","8,2867","21","ok","","ANBIMA Data API (web-bff)"
"BION17","11,0188","IPCA_SPREAD","B30 + 244 bps","IPCA + 10.1044%","2026-07-29","2032-10-15","890,00","3,53","","","","2030-08-15","B30","8,3787","244","ok","","ANBIMA Data API (web-bff)"
"BKBR19","1,4857","DI_SPREAD","CDI + 1,49%","DI + 1.9000%","2026-07-29","2027-04-24","174,00","0,69","","","","","","","","ok","","ANBIMA Data API (web-bff)"
"BLMN12","7,7795","IPCA_SPREAD","B29 - 51 bps","IPCA + 7.1358%","2026-07-29","2031-12-15","582,00","2,31","","","","2029-05-15","B29","8,3371","-51","ok","","ANBIMA Data API (web-bff)"
"BRIT11","0,9406","DI_SPREAD","CDI + 0,94%","DI + 2.0000%","2026-07-29","2027-08-25","131,00","0,52","","","","","","","","ok","","ANBIMA Data API (web-bff)"
"BRIT12","1,2810","DI_SPREAD","CDI + 1,28%","DI + 1.6000%","2026-07-29","2030-07-10","608,00","2,41","","","","","","","","ok","","ANBIMA Data API (web-bff)"
"BRKMA6","","DI_SPREAD","—","DI + 1.7500%","2026-07-29","2029-05-12","","","","","","","","","","sem_taxa","Taxa indicativa vazia","ANBIMA Data API (web-bff)"
"BRKMA8","","DI_SPREAD","—","DI + 1.7000%","2026-07-29","2029-11-09","","","","","","","","","","sem_taxa","Taxa indicativa vazia","ANBIMA Data API (web-bff)"
"BRKMB6","","DI_SPREAD","—","DI + 2.0000%","2026-07-29","2032-05-12","","","","","","","","","","sem_taxa","Taxa indicativa vazia","ANBIMA Data API (web-bff)"
"BRKMB8","","DI_SPREAD","—","DI + 1.9500%","2026-07-29","2032-11-09","","","","","","","","","","sem_taxa","Taxa indicativa vazia","ANBIMA Data API (web-bff)"
"BRKP28","9,8712","IPCA_SPREAD","B32 + 141 bps","IPCA + 5.5365%","2026-07-29","2034-09-15","1293,00","5,13","","","","2032-08-15","B32","8,3483","141","ok","","ANBIMA Data API (web-bff)"
"BRKPA0","2,3998","DI_SPREAD","CDI + 2,40%","DI + 2.4000%","2026-07-29","2027-04-15","167,00","0,66","","","","","","","","ok","","ANBIMA Data API (web-bff)"
"BRKPA2","2,5513","DI_SPREAD","CDI + 2,55%","DI + 3.2500%","2026-07-29","2029-02-21","509,00","2,02","","","","","","","","ok","","ANBIMA Data API (web-bff)"
"BRKPA3","2,5683","DI_SPREAD","CDI + 2,57%","DI + 2.9300%","2026-07-29","2029-08-23","590,00","2,34","","","","","","","","ok","","ANBIMA Data API (web-bff)"
"BRKPA4","2,7439","DI_SPREAD","CDI + 2,74%","DI + 1.9000%","2026-07-29","2030-10-15","772,00","3,06","","","","","","","","ok","","ANBIMA Data API (web-bff)"
"BRKPA5","2,2336","DI_SPREAD","CDI + 2,23%","DI + 1.9000%","2026-07-29","2028-03-15","357,00","1,42","","","","","","","","ok","","ANBIMA Data API (web-bff)"
"BRMLA1","0,4181","DI_SPREAD","CDI + 0,42%","DI + 0.6300%","2026-07-29","2031-08-20","822,00","3,26","","","","","","","","ok","","ANBIMA Data API (web-bff)"
"BRMLB1","0,5582","DI_SPREAD","CDI + 0,56%","DI + 0.9500%","2026-07-29","2034-08-20","1087,00","4,31","","","","","","","","ok","","ANBIMA Data API (web-bff)"
"BRST11","8,3830","IPCA_SPREAD","B27 + 23 bps","IPCA + 5.7694%","2026-07-29","2028-03-15","209,00","0,83","","","","2027-05-15","B27","8,1369","23","ok","","ANBIMA Data API (web-bff)"
"BRST14","1,5500","DI_SPREAD","CDI + 1,55%","DI + 1.4000%","2026-07-29","2031-05-15","725,00","2,88","","","","","","","","ok","","ANBIMA Data API (web-bff)"
"BRST15","8,7565","IPCA_SPREAD","B31 + 38 bps","IPCA + 8.0355%","2026-07-29","2032-12-15","1105,00","4,38","","","","2031-05-15","B31","8,3500","38","ok","","ANBIMA Data API (web-bff)"
"BSA312","0,4151","DI_SPREAD","CDI + 0,42%","DI + 0.5800%","2026-07-29","2049-05-03","660,00","2,62","","","","","","","","ok","","ANBIMA Data API (web-bff)"
"BSA318","0,3378","DI_SPREAD","CDI + 0,34%","DI + 0.6200%","2026-07-29","2029-05-28","400,00","1,59","","","","","","","","ok","","ANBIMA Data API (web-bff)"
"BSA319","0,5187","DI_SPREAD","CDI + 0,52%","DI + 0.5900%","2026-07-29","2031-01-08","778,00","3,09","","","","","","","","ok","","ANBIMA Data API (web-bff)"
"BSA3A0","0,3595","DI_SPREAD","CDI + 0,36%","DI + 0.4500%","2026-07-29","2030-09-18","705,00","2,80","","","","","","","","ok","","ANBIMA Data API (web-bff)"
"BTCL12","10,9291","IPCA_SPREAD","B33 + 238 bps","IPCA + 10.7609%","2026-07-29","2039-02-15","1328,00","5,27","","","","2033-05-15","B33","8,3486","238","ok","","ANBIMA Data API (web-bff)"
"BTEL13","15,7249","PREFIXADO","15,72%","Pré-Fixado 15.0500%","2026-07-29","2032-04-15","915,00","3,63","","0,9437","spread = (1 + Y)/(1 + L) - 1; Y = pre 15,72%; L = TaxaLTN_252 venc ref 2032-01-01 = 14,64%","","","","","ok","","ANBIMA Data API (web-bff)"
"BTEL23","10,3179","IPCA_SPREAD","B31 + 182 bps","IPCA + 8.2700%","2026-07-29","2032-04-15","1051,00","4,17","","","","2031-05-15","B31","8,3500","182","ok","","ANBIMA Data API (web-bff)"
"BTEL33","11,1032","IPCA_SPREAD","B33 + 254 bps","IPCA + 8.4500%","2026-07-29","2035-04-15","1387,00","5,50","","","","2033-05-15","B33","8,3486","254","ok","","ANBIMA Data API (web-bff)"
"BTGH18","1,1057","DI_SPREAD","CDI + 1,11%","DI + 1.5000%","2026-07-29","2029-12-10","501,00","1,99","","","","","","","","ok","","ANBIMA Data API (web-bff)"
"CAEC12","8,3955","IPCA_SPREAD","B35 + 10 bps","IPCA + 8.1891%","2026-07-29","2036-06-15","1611,00","6,39","","","","2035-05-15","B35","8,2867","10","ok","","ANBIMA Data API (web-bff)"
"CAEC13","1,3594","DI_SPREAD","CDI + 1,36%","DI + 1.3700%","2026-07-29","2032-08-07","889,00","3,53","","","","","","","","ok","","ANBIMA Data API (web-bff)"
"CAEC22","1,2103","DI_SPREAD","CDI + 1,21%","DI + 2.2000%","2026-07-29","2029-06-15","461,00","1,83","","","","","","","","ok","","ANBIMA Data API (web-bff)"
"CAEC32","1,4326","DI_SPREAD","CDI + 1,43%","DI + 2.5000%","2026-07-29","2031-06-15","777,00","3,08","","","","","","","","ok","","ANBIMA Data API (web-bff)"
"CAJS11","8,8557","IPCA_SPREAD","B33 + 47 bps","IPCA + 5.4000%","2026-07-29","2040-11-15","1483,00","5,88","","","","2033-05-15","B33","8,3486","47","ok","","ANBIMA Data API (web-bff)"
"CAJS12","8,9061","IPCA_SPREAD","B31 + 51 bps","IPCA + 6.8500%","2026-07-29","2037-09-15","1059,00","4,20","","","","2031-05-15","B31","8,3500","51","ok","","ANBIMA Data API (web-bff)"
"CAMLA1","1,7240","DI_SPREAD","CDI + 1,72%","DI + 1.5500%","2026-07-29","2028-10-30","385,00","1,53","","","","","","","","ok","","ANBIMA Data API (web-bff)"
"CAMLB1","1,7277","DI_SPREAD","CDI + 1,73%","DI + 1.5500%","2026-07-29","2028-10-30","385,00","1,53","","","","","","","","ok","","ANBIMA Data API (web-bff)"
"CART13","8,7784","IPCA_SPREAD","B31 + 40 bps","IPCA + 6.8138%","2026-07-29","2035-12-15","1010,00","4,01","","","","2031-05-15","B31","8,3500","40","ok","","ANBIMA Data API (web-bff)"
"CASN13","2,5253","DI_SPREAD","CDI + 2,53%","DI + 5.5000%","2026-07-29","2028-11-16","259,00","1,03","","","","","","","","ok","","ANBIMA Data API (web-bff)"
"CASN14","1,7708","DI_SPREAD","CDI + 1,77%","DI + 2.3000%","2026-07-29","2030-04-15","459,00","1,82","","","","","","","","ok","","ANBIMA Data API (web-bff)"
"CASN23","8,9252","IPCA_SPREAD","B30 + 50 bps","IPCA + 10.3294%","2026-07-29","2033-11-16","772,00","3,06","","","","2030-08-15","B30","8,3787","50","ok","","ANBIMA Data API (web-bff)"
"CASN24","9,0478","IPCA_SPREAD","B30 + 62 bps","IPCA + 9.9878%","2026-07-29","2032-04-15","772,00","3,06","","","","2030-08-15","B30","8,3787","62","ok","","ANBIMA Data API (web-bff)"
"CASN34","8,9615","IPCA_SPREAD","B31 + 56 bps","IPCA + 10.6573%","2026-07-29","2037-04-15","1132,00","4,49","","","","2031-05-15","B31","8,3500","56","ok","","ANBIMA Data API (web-bff)"
"CBAN12","8,1934","IPCA_SPREAD","B31 - 14 bps","IPCA + 5.0000%","2026-07-29","2034-07-15","1049,00","4,16","","","","2031-05-15","B31","8,3500","-14","ok","","ANBIMA Data API (web-bff)"
"CBAN22","0,8074","DI_SPREAD","CDI + 0,81%","DI + 2.0000%","2026-07-29","2032-07-15","817,00","3,24","","","","","","","","ok","","ANBIMA Data API (web-bff)"
"CBAN32","8,2042","IPCA_SPREAD","B31 - 13 bps","IPCA + 5.2000%","2026-07-29","2034-07-15","1046,00","4,15","","","","2031-05-15","B31","8,3500","-13","ok","","ANBIMA Data API (web-bff)"
"CBAN52","8,2039","IPCA_SPREAD","B31 - 13 bps","IPCA + 5.2000%","2026-07-29","2034-07-15","1046,00","4,15","","","","2031-05-15","B31","8,3500","-13","ok","","ANBIMA Data API (web-bff)"
"CBAN72","8,1999","IPCA_SPREAD","B31 - 14 bps","IPCA + 5.2000%","2026-07-29","2034-07-15","1046,00","4,15","","","","2031-05-15","B31","8,3500","-14","ok","","ANBIMA Data API (web-bff)"
"CBOH11","1,5211","DI_SPREAD","CDI + 1,52%","DI + 1.9000%","2026-07-29","2029-08-28","378,00","1,50","","","","","","","","ok","","ANBIMA Data API (web-bff)"
"CBRDB8","","DI_SPREAD","—","DI + 1.9500%","2026-07-29","2028-05-10","","","","","","","","","","sem_taxa","Taxa indicativa vazia","ANBIMA Data API (web-bff)"
"CCLS11","11,9664","IPCA_SPREAD","B31 + 334 bps","IPCA + 6.6739%","2026-07-29","2031-01-15","967,00","3,84","","","","2031-05-15","B31","8,3500","334","ok","","ANBIMA Data API (web-bff)"
"CCPV11","8,1359","IPCA_SPREAD","B30 - 22 bps","IPCA + 7.6000%","2026-07-29","2030-02-15","843,00","3,35","","","","2030-08-15","B30","8,3787","-22","ok","","ANBIMA Data API (web-bff)"
"CCROA5","8,0299","IPCA_SPREAD","B32 - 29 bps","IPCA + 4.8791%","2026-07-29","2033-11-15","1264,00","5,02","","","","2032-08-15","B32","8,3483","-29","ok","","ANBIMA Data API (web-bff)"
"CCROA7","0,3624","DI_SPREAD","CDI + 0,36%","DI + 0.7500%","2026-07-29","2029-07-12","432,00","1,71","","","","","","","","ok","","ANBIMA Data API (web-bff)"
"CCROB4","7,7031","IPCA_SPREAD","B27 - 40 bps","IPCA + 4.2500%","2026-07-29","2028-12-15","329,00","1,31","","","","2027-05-15","B27","8,1369","-40","ok","","ANBIMA Data API (web-bff)"
"CCROB6","8,0449","IPCA_SPREAD","B33 - 28 bps","IPCA + 6.4370%","2026-07-29","2036-01-15","1375,00","5,46","","","","2033-05-15","B33","8,3486","-28","ok","","ANBIMA Data API (web-bff)"
"CDAR11","1,5375","DI_SPREAD","CDI + 1,54%","DI + 2.0000%","2026-07-29","2027-09-27","153,00","0,61","","","","","","","","ok","","ANBIMA Data API (web-bff)"
"CDES11","8,2060","IPCA_SPREAD","B35 - 7 bps","IPCA + 8.0361%","2026-07-29","2038-12-15","1623,00","6,44","","","","2035-05-15","B35","8,2867","-7","ok","","ANBIMA Data API (web-bff)"
"CDES12","1,4032","DI_SPREAD","CDI + 1,40%","DI + 1.4000%","2026-07-29","2031-02-03","804,00","3,19","","","","","","","","ok","","ANBIMA Data API (web-bff)"
"CDGS26","0,7797","DI_SPREAD","CDI + 0,78%","DI + 1.0000%","2026-07-29","2032-01-03","875,00","3,47","","","","","","","","ok","","ANBIMA Data API (web-bff)"
"CEAB13","1,1887","DI_SPREAD","CDI + 1,19%","DI + 1.8000%","2026-07-29","2027-07-15","231,00","0,92","","","","","","","","ok","","ANBIMA Data API (web-bff)"
"CEAB14","0,8501","DI_SPREAD","CDI + 0,85%","DI + 0.8000%","2026-07-29","2028-09-15","455,00","1,81","","","","","","","","ok","","ANBIMA Data API (web-bff)"
"CEAB22","0,6946","DI_SPREAD","CDI + 0,69%","DI + 2.4000%","2026-07-29","2028-05-13","292,00","1,16","","","","","","","","ok","","ANBIMA Data API (web-bff)"
"CEAD11","8,7698","IPCA_SPREAD","B28 + 19 bps","IPCA + 6.6605%","2026-07-29","2030-06-15","488,00","1,94","","","","2028-08-15","B28","8,5625","19","ok","","ANBIMA Data API (web-bff)"
"CEAL12","8,4366","IPCA_SPREAD","B35 + 14 bps","IPCA + 7.3239%","2026-07-29","2037-08-15","1682,00","6,67","","","","2035-05-15","B35","8,2867","14","ok","","ANBIMA Data API (web-bff)"
"CEAL21","8,4682","IPCA_SPREAD","B32 + 11 bps","IPCA + 6.3618%","2026-07-29","2034-10-15","1258,00","4,99","","","","2032-08-15","B32","8,3483","11","ok","","ANBIMA Data API (web-bff)"
"CEAM11","11,2548","IPCA_SPREAD","B37 + 290 bps","IPCA + 7.5232%","2026-07-29","2045-12-15","1910,00","7,58","","","","2037-05-15","B37","8,1191","290","ok","","ANBIMA Data API (web-bff)"
"CEAP12","8,2989","IPCA_SPREAD","B30 - 7 bps","IPCA + 6.5000%","2026-07-29","2030-07-15","782,00","3,10","","","","2030-08-15","B30","8,3787","-7","ok","","ANBIMA Data API (web-bff)"
"CEAP14","8,3657","IPCA_SPREAD","B32 + 2 bps","IPCA + 6.7500%","2026-07-29","2033-12-15","1300,00","5,16","","","","2032-08-15","B32","8,3483","2","ok","","ANBIMA Data API (web-bff)"
"CEAP15","0,7901","DI_SPREAD","CDI + 0,79%","DI + 1.2000%","2026-07-29","2029-05-14","489,00","1,94","","","","","","","","ok","","ANBIMA Data API (web-bff)"
"CEAP16","0,7701","DI_SPREAD","CDI + 0,77%","DI + 1.2000%","2026-07-29","2029-09-09","533,00","2,12","","","","","","","","ok","","ANBIMA Data API (web-bff)"
"CEAP17","8,3422","IPCA_SPREAD","B35 + 5 bps","IPCA + 7.9091%","2026-07-29","2036-12-15","1619,00","6,42","","","","2035-05-15","B35","8,2867","5","ok","","ANBIMA Data API (web-bff)"
"CEAP19","8,4499","IPCA_SPREAD","B35 + 15 bps","IPCA + 7.0606%","2026-07-29","2037-06-15","1713,00","6,80","","","","2035-05-15","B35","8,2867","15","ok","","ANBIMA Data API (web-bff)"
"CEBD14","1,1502","DI_SPREAD","CDI + 1,15%","DI + 1.6000%","2026-07-29","2028-08-25","340,00","1,35","","","","","","","","ok","","ANBIMA Data API (web-bff)"
"CEBD25","1,0522","DI_SPREAD","CDI + 1,05%","DI + 1.7200%","2026-07-29","2029-06-20","512,00","2,03","","","","","","","","ok","","ANBIMA Data API (web-bff)"
"CEEBA3","0,8712","DI_SPREAD","CDI + 0,87%","DI + 1.3400%","2026-07-29","2026-10-15","54,00","0,21","","","","","","","","ok","","ANBIMA Data API (web-bff)"
"CEEBA6","1,4561","DI_SPREAD","CDI + 1,46%","DI + 1.9500%","2026-07-29","2028-08-15","429,00","1,70","","","","","","","","ok","","ANBIMA Data API (web-bff)"
"CEEBA7","0,7391","DI_SPREAD","CDI + 0,74%","DI + 1.1800%","2026-07-29","2028-11-15","495,00","1,96","","","","","","","","ok","","ANBIMA Data API (web-bff)"
"CEEBA8","0,6342","DI_SPREAD","CDI + 0,63%","DI + 0.9500%","2026-07-29","2029-06-10","599,00","2,38","","","","","","","","ok","","ANBIMA Data API (web-bff)"
"CEEBB3","1,0675","DI_SPREAD","CDI + 1,07%","DI + 1.4900%","2026-07-29","2028-10-15","376,00","1,49","","","","","","","","ok","","ANBIMA Data API (web-bff)"
"CEEBB6","8,2135","IPCA_SPREAD","B30 - 15 bps","IPCA + 6.2500%","2026-07-29","2030-08-15","782,00","3,10","","","","2030-08-15","B30","8,3787","-15","ok","","ANBIMA Data API (web-bff)"
"CEEBB7","8,2638","IPCA_SPREAD","B32 - 8 bps","IPCA + 6.1000%","2026-07-29","2033-11-15","1299,00","5,15","","","","2032-08-15","B32","8,3483","-8","ok","","ANBIMA Data API (web-bff)"
"CEEBB8","0,6983","DI_SPREAD","CDI + 0,70%","DI + 1.1000%","2026-07-29","2031-06-10","824,00","3,27","","","","","","","","ok","","ANBIMA Data API (web-bff)"
"CEEBC3","8,1978","IPCA_SPREAD","B30 - 17 bps","IPCA + 5.8224%","2026-07-29","2031-10-15","924,00","3,67","","","","2030-08-15","B30","8,3787","-17","ok","","ANBIMA Data API (web-bff)"
"CEEBC4","8,2285","IPCA_SPREAD","B31 - 11 bps","IPCA + 6.2792%","2026-07-29","2032-04-15","1009,00","4,00","","","","2031-05-15","B31","8,3500","-11","ok","","ANBIMA Data API (web-bff)"
"CEEBD1","14,4484","PREFIXADO","14,45%","Pré-Fixado 11.6692%","2026-07-29","2032-11-15","1116,00","4,43","","-0,1697","spread = (1 + Y)/(1 + L) - 1; Y = pre 14,45%; L = TaxaLTN_252 venc ref 2032-01-01 = 14,64%","","","","","ok","","ANBIMA Data API (web-bff)"
"CEEBD2","8,2975","IPCA_SPREAD","B35 + 1 bps","IPCA + 6.3000%","2026-07-29","2035-11-15","1740,00","6,90","","","","2035-05-15","B35","8,2867","1","ok","","ANBIMA Data API (web-bff)"
"CEEBE3","8,1953","IPCA_SPREAD","B31 - 14 bps","IPCA + 7.0099%","2026-07-29","2031-03-15","1001,00","3,97","","","","2031-05-15","B31","8,3500","-14","ok","","ANBIMA Data API (web-bff)"
"CEED12","8,1926","IPCA_SPREAD","B29 - 13 bps","IPCA + 7.1498%","2026-07-29","2029-12-15","759,00","3,01","","","","2029-05-15","B29","8,3371","-13","ok","","ANBIMA Data API (web-bff)"
"CEED13","8,3823","IPCA_SPREAD","B30 + 0 bps","IPCA + 6.5000%","2026-07-29","2030-07-15","782,00","3,10","","","","2030-08-15","B30","8,3787","0","ok","","ANBIMA Data API (web-bff)"
"CEED15","8,4783","IPCA_SPREAD","B35 + 18 bps","IPCA + 6.5596%","2026-07-29","2036-05-15","1580,00","6,27","","","","2035-05-15","B35","8,2867","18","ok","","ANBIMA Data API (web-bff)"
"CEED16","0,6337","DI_SPREAD","CDI + 0,63%","DI + 1.0500%","2026-07-29","2030-08-05","588,00","2,33","","","","","","","","ok","","ANBIMA Data API (web-bff)"
"CEED17","8,3670","IPCA_SPREAD","B35 + 7 bps","IPCA + 6.6493%","2026-07-29","2036-09-15","1607,00","6,38","","","","2035-05-15","B35","8,2867","7","ok","","ANBIMA Data API (web-bff)"
"CEED18","0,6015","DI_SPREAD","CDI + 0,60%","DI + 0.8000%","2026-07-29","2030-03-25","706,00","2,80","","","","","","","","ok","","ANBIMA Data API (web-bff)"
"CEED19","8,4122","IPCA_SPREAD","B35 + 12 bps","IPCA + 7.0606%","2026-07-29","2037-06-15","1713,00","6,80","","","","2035-05-15","B35","8,2867","12","ok","","ANBIMA Data API (web-bff)"
"CEED21","8,1795","IPCA_SPREAD","B29 - 15 bps","IPCA + 5.4409%","2026-07-29","2029-08-15","585,00","2,32","","","","2029-05-15","B29","8,3371","-15","ok","","ANBIMA Data API (web-bff)"
"CEEDA0","0,7630","DI_SPREAD","CDI + 0,76%","DI + 0.6500%","2026-07-29","2032-10-15","901,00","3,58","","","","","","","","ok","","ANBIMA Data API (web-bff)"
"CEEDA1","0,7864","DI_SPREAD","CDI + 0,79%","DI + 0.7500%","2026-07-29","2033-04-15","979,00","3,88","","","","","","","","ok","","ANBIMA Data API (web-bff)"
"CEMTE2","0,7180","DI_SPREAD","CDI + 0,72%","DI + 1.0500%","2026-07-29","2029-06-10","408,00","1,62","","","","","","","","ok","","ANBIMA Data API (web-bff)"
"CEPEA1","0,9033","DI_SPREAD","CDI + 0,90%","DI + 1.3900%","2026-07-29","2026-10-15","54,00","0,21","","","","","","","","ok","","ANBIMA Data API (web-bff)"
"CEPEA3","0,7368","DI_SPREAD","CDI + 0,74%","DI + 1.1800%","2026-07-29","2028-11-15","495,00","1,96","","","","","","","","ok","","ANBIMA Data API (web-bff)"
"CEPEA4","0,8793","DI_SPREAD","CDI + 0,88%","DI + 1.1800%","2026-07-29","2029-03-18","541,00","2,15","","","","","","","","ok","","ANBIMA Data API (web-bff)"
"CEPEA6","14,4153","PREFIXADO","14,42%","Pré-Fixado 13.5966%","2026-07-29","2032-04-25","1013,00","4,02","","-0,1986","spread = (1 + Y)/(1 + L) - 1; Y = pre 14,42%; L = TaxaLTN_252 venc ref 2032-01-01 = 14,64%","","","","","ok","","ANBIMA Data API (web-bff)"
"CEPEA7","8,0669","IPCA_SPREAD","B40 + 6 bps","IPCA + 6.7929%","2026-07-29","2035-08-15","2266,00","8,99","","","","2040-08-15","B40","8,0034","6","ok","","ANBIMA Data API (web-bff)"
"CEPEA8","8,2117","IPCA_SPREAD","B31 - 13 bps","IPCA + 7.0099%","2026-07-29","2031-03-15","1001,00","3,97","","","","2031-05-15","B31","8,3500","-13","ok","","ANBIMA Data API (web-bff)"
"CEPEB1","0,9813","DI_SPREAD","CDI + 0,98%","DI + 1.5400%","2026-07-29","2028-10-15","375,00","1,49","","","","","","","","ok","","ANBIMA Data API (web-bff)"
"CEPEB2","1,0339","DI_SPREAD","CDI + 1,03%","DI + 1.6800%","2026-07-29","2029-04-15","468,00","1,86","","","","","","","","ok","","ANBIMA Data API (web-bff)"
"CEPEB3","8,2683","IPCA_SPREAD","B32 - 7 bps","IPCA + 6.1000%","2026-07-29","2033-11-15","1299,00","5,15","","","","2032-08-15","B32","8,3483","-7","ok","","ANBIMA Data API (web-bff)"
"CEPEB7","8,1869","IPCA_SPREAD","B37 + 6 bps","IPCA + 6.7392%","2026-07-29","2040-08-15","2099,00","8,33","","","","2037-05-15","B37","8,1191","6","ok","","ANBIMA Data API (web-bff)"
"CEPEC1","8,2019","IPCA_SPREAD","B30 - 16 bps","IPCA + 5.8750%","2026-07-29","2031-10-15","923,00","3,66","","","","2030-08-15","B30","8,3787","-16","ok","","ANBIMA Data API (web-bff)"
"CEPEC2","8,2356","IPCA_SPREAD","B31 - 11 bps","IPCA + 6.2792%","2026-07-29","2032-04-15","1009,00","4,00","","","","2031-05-15","B31","8,3500","-11","ok","","ANBIMA Data API (web-bff)"
"CERO19","0,6069","DI_SPREAD","CDI + 0,61%","DI + 0.8500%","2026-07-29","2029-04-15","562,00","2,23","","","","","","","","ok","","ANBIMA Data API (web-bff)"
"CEROA2","0,6033","DI_SPREAD","CDI + 0,60%","DI + 0.9500%","2026-07-29","2029-12-15","686,00","2,72","","","","","","","","ok","","ANBIMA Data API (web-bff)"
"CEROA3","14,4373","PREFIXADO","14,44%","Pré-Fixado 13.7000%","2026-07-29","2032-05-15","1025,00","4,07","","-0,1794","spread = (1 + Y)/(1 + L) - 1; Y = pre 14,44%; L = TaxaLTN_252 venc ref 2032-01-01 = 14,64%","","","","","ok","","ANBIMA Data API (web-bff)"
"CEROA4","8,4589","IPCA_SPREAD","B35 + 16 bps","IPCA + 7.2856%","2026-07-29","2035-10-15","1670,00","6,63","","","","2035-05-15","B35","8,2867","16","ok","","ANBIMA Data API (web-bff)"
"CEROB2","0,7093","DI_SPREAD","CDI + 0,71%","DI + 1.1000%","2026-07-29","2031-12-15","895,00","3,55","","","","","","","","ok","","ANBIMA Data API (web-bff)"
"CEROB4","8,2348","IPCA_SPREAD","B40 + 21 bps","IPCA + 7.1683%","2026-07-29","2040-10-15","2110,00","8,37","","","","2040-08-15","B40","8,0034","21","ok","","ANBIMA Data API (web-bff)"
"CERR18","9,8646","IPCA_SPREAD","B33 + 140 bps","IPCA + 8.3082%","2026-07-29","2034-12-15","1388,00","5,51","","","","2033-05-15","B33","8,3486","140","ok","","ANBIMA Data API (web-bff)"
"CERT11","8,5724","IPCA_SPREAD","B29 + 22 bps","IPCA + 8.1773%","2026-07-29","2029-03-15","656,00","2,60","","","","2029-05-15","B29","8,3371","22","ok","","ANBIMA Data API (web-bff)"
"CESE22","0,7443","DI_SPREAD","CDI + 0,74%","DI + 2.5000%","2026-07-29","2028-09-15","248,00","0,98","","","","","","","","ok","","ANBIMA Data API (web-bff)"
"CESE32","8,1036","IPCA_SPREAD","B30 - 25 bps","IPCA + 7.4941%","2026-07-29","2030-09-15","789,00","3,13","","","","2030-08-15","B30","8,3787","-25","ok","","ANBIMA Data API (web-bff)"
"CESPA2","8,1434","IPCA_SPREAD","B29 - 18 bps","IPCA + 4.3000%","2026-07-29","2030-08-15","697,00","2,77","","","","2029-05-15","B29","8,3371","-18","ok","","ANBIMA Data API (web-bff)"
"CESPA3","8,2847","IPCA_SPREAD","B33 - 6 bps","IPCA + 6.1661%","2026-07-29","2034-04-15","1358,00","5,39","","","","2033-05-15","B33","8,3486","-6","ok","","ANBIMA Data API (web-bff)"
"CESPA4","0,7964","DI_SPREAD","CDI + 0,80%","DI + 0.6200%","2026-07-29","2032-08-14","949,00","3,77","","","","","","","","ok","","ANBIMA Data API (web-bff)"
"CGASA1","8,3149","IPCA_SPREAD","B35 + 3 bps","IPCA + 6.3763%","2026-07-29","2034-07-15","1571,00","6,23","","","","2035-05-15","B35","8,2867","3","ok","","ANBIMA Data API (web-bff)"
"CGASA2","8,0413","IPCA_SPREAD","B37 - 7 bps","IPCA + 7.1728%","2026-07-29","2036-12-15","1848,00","7,33","","","","2037-05-15","B37","8,1191","-7","ok","","ANBIMA Data API (web-bff)"
"CGASA3","0,4659","DI_SPREAD","CDI + 0,47%","DI + 0.4500%","2026-07-29","2028-05-15","401,00","1,59","","","","","","","","ok","","ANBIMA Data API (web-bff)"
"CGASA4","8,0421","IPCA_SPREAD","B37 - 7 bps","IPCA + 6.7998%","2026-07-29","2037-09-15","1920,00","7,62","","","","2037-05-15","B37","8,1191","-7","ok","","ANBIMA Data API (web-bff)"
"CGASA5","0,6771","DI_SPREAD","CDI + 0,68%","DI + 0.7500%","2026-07-29","2029-03-15","543,00","2,15","","","","","","","","ok","","ANBIMA Data API (web-bff)"
"CGASB1","8,1754","IPCA_SPREAD","B37 + 5 bps","IPCA + 6.4504%","2026-07-29","2039-07-15","2069,00","8,21","","","","2037-05-15","B37","8,1191","5","ok","","ANBIMA Data API (web-bff)"
"CGASB4","8,0732","IPCA_SPREAD","B40 + 6 bps","IPCA + 6.5846%","2026-07-29","2040-09-15","2135,00","8,47","","","","2040-08-15","B40","8,0034","6","ok","","ANBIMA Data API (web-bff)"
"CGBP14","0,8229","DI_SPREAD","CDI + 0,82%","DI + 1.0000%","2026-07-29","2032-03-25","724,00","2,87","","","","","","","","ok","","ANBIMA Data API (web-bff)"
"CGEE13","14,3940","IPCA_SPREAD","B33 + 558 bps","IPCA + 8.7219%","2026-07-29","2041-12-14","1378,00","5,47","","","","2033-05-15","B33","8,3486","558","ok","","ANBIMA Data API (web-bff)"
"CGEE23","14,3682","IPCA_SPREAD","B33 + 556 bps","IPCA + 8.7219%","2026-07-29","2041-12-15","1379,00","5,47","","","","2033-05-15","B33","8,3486","556","ok","","ANBIMA Data API (web-bff)"
"CGMG18","8,0110","IPCA_SPREAD","B29 - 30 bps","IPCA + 5.2700%","2026-07-29","2031-08-15","579,00","2,30","","","","2029-05-15","B29","8,3371","-30","ok","","ANBIMA Data API (web-bff)"
"CGOS13","8,3021","IPCA_SPREAD","B30 - 7 bps","IPCA + 7.1000%","2026-07-29","2031-04-15","809,00","3,21","","","","2030-08-15","B30","8,3787","-7","ok","","ANBIMA Data API (web-bff)"
"CGOS15","0,6628","DI_SPREAD","CDI + 0,66%","DI + 1.0500%","2026-07-29","2030-03-20","535,00","2,12","","","","","","","","ok","","ANBIMA Data API (web-bff)"
"CGOS16","8,4281","IPCA_SPREAD","B35 + 13 bps","IPCA + 6.4895%","2026-07-29","2036-05-15","1584,00","6,29","","","","2035-05-15","B35","8,2867","13","ok","","ANBIMA Data API (web-bff)"
"CGOS17","0,6565","DI_SPREAD","CDI + 0,66%","DI + 1.0000%","2026-07-29","2030-08-05","589,00","2,34","","","","","","","","ok","","ANBIMA Data API (web-bff)"
"CGOS18","0,6707","DI_SPREAD","CDI + 0,67%","DI + 1.0000%","2026-07-29","2030-09-15","616,00","2,44","","","","","","","","ok","","ANBIMA Data API (web-bff)"
"CGOS19","0,7271","DI_SPREAD","CDI + 0,73%","DI + 0.9200%","2026-07-29","2031-11-25","947,00","3,76","","","","","","","","ok","","ANBIMA Data API (web-bff)"
"CGOS24","8,2780","IPCA_SPREAD","B30 - 9 bps","IPCA + 6.4407%","2026-07-29","2031-10-15","914,00","3,63","","","","2030-08-15","B30","8,3787","-9","ok","","ANBIMA Data API (web-bff)"
"CGOS28","8,3714","IPCA_SPREAD","B35 + 8 bps","IPCA + 6.6493%","2026-07-29","2036-09-15","1607,00","6,38","","","","2035-05-15","B35","8,2867","8","ok","","ANBIMA Data API (web-bff)"
"CGOS34","8,4218","IPCA_SPREAD","B33 + 7 bps","IPCA + 6.6789%","2026-07-29","2035-10-15","1486,00","5,90","","","","2033-05-15","B33","8,3486","7","ok","","ANBIMA Data API (web-bff)"
"CGOSA0","8,3438","IPCA_SPREAD","B35 + 5 bps","IPCA + 7.3239%","2026-07-29","2037-08-15","1685,00","6,69","","","","2035-05-15","B35","8,2867","5","ok","","ANBIMA Data API (web-bff)"
"CGOSA1","0,7817","DI_SPREAD","CDI + 0,78%","DI + 0.6500%","2026-07-29","2032-10-15","901,00","3,58","","","","","","","","ok","","ANBIMA Data API (web-bff)"
"CGOSA2","8,3373","IPCA_SPREAD","B37 + 20 bps","IPCA + 6.5700%","2026-07-29","2038-01-15","1823,00","7,23","","","","2037-05-15","B37","8,1191","20","ok","","ANBIMA Data API (web-bff)"
"CGOSB0","8,4030","IPCA_SPREAD","B35 + 11 bps","IPCA + 7.3239%","2026-07-29","2037-08-15","1683,00","6,68","","","","2035-05-15","B35","8,2867","11","ok","","ANBIMA Data API (web-bff)"
"CHSF12","0,4822","DI_SPREAD","CDI + 0,48%","DI + 0.8500%","2026-07-29","2029-04-15","562,00","2,23","","","","","","","","ok","","ANBIMA Data API (web-bff)"
"CHSF13","7,8955","IPCA_SPREAD","B31 - 42 bps","IPCA + 6.7670%","2026-07-29","2031-06-15","1048,00","4,16","","","","2031-05-15","B31","8,3500","-42","ok","","ANBIMA Data API (web-bff)"
"CHSF14","0,6307","DI_SPREAD","CDI + 0,63%","DI + 0.8500%","2026-07-29","2031-09-15","900,00","3,57","","","","","","","","ok","","ANBIMA Data API (web-bff)"
"CHSF24","0,7089","DI_SPREAD","CDI + 0,71%","DI + 1.0500%","2026-07-29","2034-09-15","1100,00","4,37","","","","","","","","ok","","ANBIMA Data API (web-bff)"
"CHTH11","0,5140","DI_SPREAD","CDI + 0,51%","DI + 0.4300%","2026-07-29","2029-12-15","604,00","2,40","","","","","","","","ok","","ANBIMA Data API (web-bff)"
"CIEL17","0,3013","DI_SPREAD","CDI + 0,30%","DI + 0.5400%","2026-07-29","2027-12-17","322,00","1,28","","","","","","","","ok","","ANBIMA Data API (web-bff)"
"CIEL18","0,4239","DI_SPREAD","CDI + 0,42%","DI + 0.5400%","2026-07-29","2029-05-08","579,00","2,30","","","","","","","","ok","","ANBIMA Data API (web-bff)"
"CIEL19","0,3804","DI_SPREAD","CDI + 0,38%","DI + 0.3900%","2026-07-29","2028-10-20","482,00","1,91","","","","","","","","ok","","ANBIMA Data API (web-bff)"
"CJEN13","8,1382","IPCA_SPREAD","B31 - 20 bps","IPCA + 8.1693%","2026-07-29","2035-12-15","1035,00","4,11","","","","2031-05-15","B31","8,3500","-20","ok","","ANBIMA Data API (web-bff)"
"CLAG13","9,5541","IPCA_SPREAD","B28 + 91 bps","IPCA + 5.4806%","2026-07-29","2028-07-15","352,00","1,40","","","","2028-08-15","B28","8,5625","91","ok","","ANBIMA Data API (web-bff)"
"CLAG15","9,2695","IPCA_SPREAD","B32 + 85 bps","IPCA + 7.7700%","2026-07-29","2032-12-15","1191,00","4,73","","","","2032-08-15","B32","8,3483","85","ok","","ANBIMA Data API (web-bff)"
"CLCD16","0,8100","DI_SPREAD","CDI + 0,81%","DI + 1.6500%","2026-07-29","2028-11-15","291,00","1,15","","","","","","","","ok","","ANBIMA Data API (web-bff)"
"CLCD17","0,9122","DI_SPREAD","CDI + 0,91%","DI + 0.9500%","2026-07-29","2031-07-15","814,00","3,23","","","","","","","","ok","","ANBIMA Data API (web-bff)"
"CLCD18","0,7994","DI_SPREAD","CDI + 0,80%","DI + 0.6700%","2026-07-29","2031-07-30","756,00","3,00","","","","","","","","ok","","ANBIMA Data API (web-bff)"
"CLCD19","0,3980","DI_SPREAD","CDI + 0,40%","DI + 0.3000%","2026-07-29","2027-02-28","145,00","0,58","","","","","","","","ok","","ANBIMA Data API (web-bff)"
"CLCD26","7,8493","IPCA_SPREAD","B29 - 45 bps","IPCA + 6.5279%","2026-07-29","2030-11-15","740,00","2,94","","","","2029-05-15","B29","8,3371","-45","ok","","ANBIMA Data API (web-bff)"
"CLCD27","7,9479","IPCA_SPREAD","B33 - 37 bps","IPCA + 6.9534%","2026-07-29","2034-07-15","1360,00","5,40","","","","2033-05-15","B33","8,3486","-37","ok","","ANBIMA Data API (web-bff)"
"CLII12","1,8591","DI_SPREAD","CDI + 1,86%","DI + 3.5000%","2026-07-29","2031-10-10","617,00","2,45","","","","","","","","ok","","ANBIMA Data API (web-bff)"
"CLIS11","1,8048","DI_SPREAD","CDI + 1,80%","DI + 3.2000%","2026-07-29","2031-10-10","586,00","2,33","","","","","","","","ok","","ANBIMA Data API (web-bff)"
"CLIS13","8,3578","IPCA_SPREAD","B32 + 1 bps","IPCA + 8.5536%","2026-07-29","2035-08-15","1227,00","4,87","","","","2032-08-15","B32","8,3483","1","ok","","ANBIMA Data API (web-bff)"
"CLMOA4","0,7234","DI_SPREAD","CDI + 0,72%","DI + 0.9500%","2026-07-29","2032-11-27","944,00","3,75","","","","","","","","ok","","ANBIMA Data API (web-bff)"
"CLNG11","","IPCA_SPREAD","—","IPCA + 8.7345%","2026-07-29","2028-06-27","","","","","","","","","","sem_taxa","Taxa indicativa vazia","ANBIMA Data API (web-bff)"
"CLTM14","9,2503","IPCA_SPREAD","B33 + 83 bps","IPCA + 7.2500%","2026-07-29","2042-01-15","1420,00","5,63","","","","2033-05-15","B33","8,3486","83","ok","","ANBIMA Data API (web-bff)"
"CMED13","0,8010","DI_SPREAD","CDI + 0,80%","DI + 0.7500%","2026-07-29","2029-05-02","482,00","1,91","","","","","","","","ok","","ANBIMA Data API (web-bff)"
"CMGD18","0,7660","DI_SPREAD","CDI + 0,77%","DI + 1.3500%","2026-07-29","2027-06-15","209,00","0,83","","","","","","","","ok","","ANBIMA Data API (web-bff)"
"CMGD28","8,1714","IPCA_SPREAD","B28 - 36 bps","IPCA + 6.1052%","2026-07-29","2029-06-15","556,00","2,21","","","","2028-08-15","B28","8,5625","-36","ok","","ANBIMA Data API (web-bff)"
"CMGDA0","0,4697","DI_SPREAD","CDI + 0,47%","DI + 0.8000%","2026-07-29","2029-02-15","431,00","1,71","","","","","","","","ok","","ANBIMA Data API (web-bff)"
"CMGDA1","0,6271","DI_SPREAD","CDI + 0,63%","DI + 0.5500%","2026-07-29","2031-09-15","839,00","3,33","","","","","","","","ok","","ANBIMA Data API (web-bff)"
"CMGDA2","0,6697","DI_SPREAD","CDI + 0,67%","DI + 0.8600%","2026-07-29","2032-03-15","897,00","3,56","","","","","","","","ok","","ANBIMA Data API (web-bff)"
"CMGDA3","0,5734","DI_SPREAD","CDI + 0,57%","DI + 0.6400%","2026-07-29","2030-04-15","643,00","2,55","","","","","","","","ok","","ANBIMA Data API (web-bff)"
"CMGDA4","7,9965","IPCA_SPREAD","B37 - 11 bps","IPCA + 6.7878%","2026-07-29","2037-10-15","1824,00","7,24","","","","2037-05-15","B37","8,1191","-11","ok","","ANBIMA Data API (web-bff)"
"CMGDB0","8,0558","IPCA_SPREAD","B33 - 27 bps","IPCA + 6.1469%","2026-07-29","2034-02-15","1320,00","5,24","","","","2033-05-15","B33","8,3486","-27","ok","","ANBIMA Data API (web-bff)"
"CMGDB1","8,0129","IPCA_SPREAD","B35 - 25 bps","IPCA + 6.5769%","2026-07-29","2036-09-15","1754,00","6,96","","","","2035-05-15","B35","8,2867","-25","ok","","ANBIMA Data API (web-bff)"
"CMGDB2","7,9791","IPCA_SPREAD","B37 - 13 bps","IPCA + 7.5467%","2026-07-29","2040-03-15","2032,00","8,06","","","","2037-05-15","B37","8,1191","-13","ok","","ANBIMA Data API (web-bff)"
"CMGDB3","0,6912","DI_SPREAD","CDI + 0,69%","DI + 0.8000%","2026-07-29","2032-04-15","919,00","3,65","","","","","","","","ok","","ANBIMA Data API (web-bff)"
"CMGDB4","7,9592","IPCA_SPREAD","B40 - 4 bps","IPCA + 6.6504%","2026-07-29","2040-10-15","2158,00","8,56","","","","2040-08-15","B40","8,0034","-4","ok","","ANBIMA Data API (web-bff)"
"CMGTA0","0,5650","DI_SPREAD","CDI + 0,57%","DI + 0.6400%","2026-07-29","2030-03-15","621,00","2,46","","","","","","","","ok","","ANBIMA Data API (web-bff)"
"CMGTA1","7,9791","IPCA_SPREAD","B37 - 13 bps","IPCA + 6.7878%","2026-07-29","2037-10-15","1824,00","7,24","","","","2037-05-15","B37","8,1191","-13","ok","","ANBIMA Data API (web-bff)"
"CMGTA2","0,6697","DI_SPREAD","CDI + 0,67%","DI + 0.7000%","2026-07-29","2031-06-10","829,00","3,29","","","","","","","","ok","","ANBIMA Data API (web-bff)"
"CMGTB1","7,9629","IPCA_SPREAD","B40 - 4 bps","IPCA + 6.6504%","2026-07-29","2040-10-15","2157,00","8,56","","","","2040-08-15","B40","8,0034","-4","ok","","ANBIMA Data API (web-bff)"
"CMIN11","15,6843","IPCA_SPREAD","B31 + 677 bps","IPCA + 4.8790%","2026-07-29","2031-07-15","1078,00","4,28","","","","2031-05-15","B31","8,3500","677","ok","","ANBIMA Data API (web-bff)"
"CMIN12","15,6687","IPCA_SPREAD","B32 + 676 bps","IPCA + 6.8798%","2026-07-29","2032-07-15","1188,00","4,71","","","","2032-08-15","B32","8,3483","676","ok","","ANBIMA Data API (web-bff)"
"CMIN21","15,0669","IPCA_SPREAD","B35 + 626 bps","IPCA + 5.0210%","2026-07-29","2036-07-15","1574,00","6,25","","","","2035-05-15","B35","8,2867","626","ok","","ANBIMA Data API (web-bff)"
"CMIN22","15,2803","IPCA_SPREAD","B35 + 646 bps","IPCA + 7.0673%","2026-07-29","2037-07-15","1611,00","6,39","","","","2035-05-15","B35","8,2867","646","ok","","ANBIMA Data API (web-bff)"
"CMPH14","","DI_SPREAD","—","DI + 1.7000%","2026-07-29","2034-01-30","","","","","","","","","","sem_taxa","Taxa indicativa vazia","ANBIMA Data API (web-bff)"
"CMTR19","0,6864","DI_SPREAD","CDI + 0,69%","DI + 1.3300%","2026-07-29","2027-12-15","207,00","0,82","","","","","","","","ok","","ANBIMA Data API (web-bff)"
"CMTR29","7,9527","IPCA_SPREAD","B29 - 35 bps","IPCA + 7.6245%","2026-07-29","2029-12-15","755,00","3,00","","","","2029-05-15","B29","8,3371","-35","ok","","ANBIMA Data API (web-bff)"
"CNLM17","0,7624","DI_SPREAD","CDI + 0,76%","DI + 0.9600%","2026-07-29","2033-04-15","1028,00","4,08","","","","","","","","ok","","ANBIMA Data API (web-bff)"
"CNRD12","9,0731","IPCA_SPREAD","B35 + 73 bps","IPCA + 7.6891%","2026-07-29","2043-05-15","1749,00","6,94","","","","2035-05-15","B35","8,2867","73","ok","","ANBIMA Data API (web-bff)"
"COCE18","9,1543","IPCA_SPREAD","B31 + 74 bps","IPCA + 6.2137%","2026-07-29","2032-05-15","1026,00","4,07","","","","2031-05-15","B31","8,3500","74","ok","","ANBIMA Data API (web-bff)"
"COCEA2","1,0515","DI_SPREAD","CDI + 1,05%","DI + 1.1000%","2026-07-29","2029-05-15","580,00","2,30","","","","","","","","ok","","ANBIMA Data API (web-bff)"
"COCEB2","9,3233","IPCA_SPREAD","B30 + 87 bps","IPCA + 7.9000%","2026-07-29","2030-05-15","822,00","3,26","","","","2030-08-15","B30","8,3787","87","ok","","ANBIMA Data API (web-bff)"
"COGNA4","1,2030","DI_SPREAD","CDI + 1,20%","DI + 1.6000%","2026-07-29","2029-11-19","578,00","2,29","","","","","","","","ok","","ANBIMA Data API (web-bff)"
"COGNA5","1,0044","DI_SPREAD","CDI + 1,00%","DI + 0.6400%","2026-07-29","2028-11-17","509,00","2,02","","","","","","","","ok","","ANBIMA Data API (web-bff)"
"COGNB2","1,1534","DI_SPREAD","CDI + 1,15%","DI + 1.6000%","2026-07-29","2029-05-15","487,00","1,93","","","","","","","","ok","","ANBIMA Data API (web-bff)"
"COLNA3","0,8111","DI_SPREAD","CDI + 0,81%","DI + 0.8000%","2026-07-29","2032-01-15","800,00","3,17","","","","","","","","ok","","ANBIMA Data API (web-bff)"
"COMR14","9,6172","IPCA_SPREAD","B32 + 117 bps","IPCA + 7.9171%","2026-07-29","2038-11-15","1306,00","5,18","","","","2032-08-15","B32","8,3483","117","ok","","ANBIMA Data API (web-bff)"
"COMR15","9,6365","IPCA_SPREAD","B33 + 119 bps","IPCA + 7.2209%","2026-07-29","2040-04-15","1389,00","5,51","","","","2033-05-15","B33","8,3486","119","ok","","ANBIMA Data API (web-bff)"
"COMT11","8,0278","IPCA_SPREAD","B30 - 32 bps","IPCA + 7.3161%","2026-07-29","2030-12-15","949,00","3,77","","","","2030-08-15","B30","8,3787","-32","ok","","ANBIMA Data API (web-bff)"
"CONF11","8,6851","IPCA_SPREAD","B35 + 37 bps","IPCA + 6.6018%","2026-07-29","2041-11-15","1552,00","6,16","","","","2035-05-15","B35","8,2867","37","ok","","ANBIMA Data API (web-bff)"
"CONX12","12,4866","IPCA_SPREAD","B28 + 361 bps","IPCA + 7.6840%","2026-07-29","2029-08-15","338,00","1,34","","","","2028-08-15","B28","8,5625","361","ok","","ANBIMA Data API (web-bff)"
"CPFGA2","7,9297","IPCA_SPREAD","B30 - 41 bps","IPCA + 6.0265%","2026-07-29","2031-05-15","842,00","3,34","","","","2030-08-15","B30","8,3787","-41","ok","","ANBIMA Data API (web-bff)"
"CPFGA3","0,5992","DI_SPREAD","CDI + 0,60%","DI + 0.5900%","2026-07-29","2031-09-10","850,00","3,37","","","","","","","","ok","","ANBIMA Data API (web-bff)"
"CPFPA2","7,9344","IPCA_SPREAD","B30 - 41 bps","IPCA + 4.3000%","2026-07-29","2031-05-15","864,00","3,43","","","","2030-08-15","B30","8,3787","-41","ok","","ANBIMA Data API (web-bff)"
"CPFPA5","7,9547","IPCA_SPREAD","B32 - 36 bps","IPCA + 6.1774%","2026-07-29","2033-10-15","1279,00","5,08","","","","2032-08-15","B32","8,3483","-36","ok","","ANBIMA Data API (web-bff)"
"CPFPA6","0,5009","DI_SPREAD","CDI + 0,50%","DI + 0.5700%","2026-07-29","2028-06-05","223,00","0,88","","","","","","","","ok","","ANBIMA Data API (web-bff)"
"CPFPA7","8,0498","IPCA_SPREAD","B33 - 28 bps","IPCA + 6.2350%","2026-07-29","2034-04-15","1358,00","5,39","","","","2033-05-15","B33","8,3486","-28","ok","","ANBIMA Data API (web-bff)"
"CPFPA8","0,4909","DI_SPREAD","CDI + 0,49%","DI + 0.4900%","2026-07-29","2029-09-10","548,00","2,17","","","","","","","","ok","","ANBIMA Data API (web-bff)"
"CPFPA9","7,9997","IPCA_SPREAD","B33 - 32 bps","IPCA + 7.7082%","2026-07-29","2035-02-15","1422,00","5,64","","","","2033-05-15","B33","8,3486","-32","ok","","ANBIMA Data API (web-bff)"
"CPFPB0","8,0696","IPCA_SPREAD","B33 - 26 bps","IPCA + 6.9249%","2026-07-29","2035-05-15","1508,00","5,98","","","","2033-05-15","B33","8,3486","-26","ok","","ANBIMA Data API (web-bff)"
"CPFPB1","8,0647","IPCA_SPREAD","B35 - 21 bps","IPCA + 6.8967%","2026-07-29","2035-09-15","1539,00","6,11","","","","2035-05-15","B35","8,2867","-21","ok","","ANBIMA Data API (web-bff)"
"CPFPB7","7,9131","IPCA_SPREAD","B37 - 19 bps","IPCA + 6.3018%","2026-07-29","2039-04-15","2027,00","8,04","","","","2037-05-15","B37","8,1191","-19","ok","","ANBIMA Data API (web-bff)"
"CPFPB8","0,5745","DI_SPREAD","CDI + 0,57%","DI + 0.5900%","2026-07-29","2031-09-10","851,00","3,38","","","","","","","","ok","","ANBIMA Data API (web-bff)"
"CPGT17","0,7882","DI_SPREAD","CDI + 0,79%","DI + 1.3800%","2026-07-29","2026-10-15","54,00","0,21","","","","","","","","ok","","ANBIMA Data API (web-bff)"
"CPGT18","0,6145","DI_SPREAD","CDI + 0,61%","DI + 1.4000%","2026-07-29","2030-01-15","619,00","2,46","","","","","","","","ok","","ANBIMA Data API (web-bff)"
"CPGT19","0,5224","DI_SPREAD","CDI + 0,52%","DI + 0.5200%","2026-07-29","2029-10-10","465,00","1,85","","","","","","","","ok","","ANBIMA Data API (web-bff)"
"CPGT27","7,9054","IPCA_SPREAD","B30 - 44 bps","IPCA + 5.7138%","2026-07-29","2031-10-15","926,00","3,67","","","","2030-08-15","B30","8,3787","-44","ok","","ANBIMA Data API (web-bff)"
"CPGT28","8,0458","IPCA_SPREAD","B33 - 28 bps","IPCA + 6.8226%","2026-07-29","2035-01-15","1480,00","5,87","","","","2033-05-15","B33","8,3486","-28","ok","","ANBIMA Data API (web-bff)"
"CPGT29","0,7255","DI_SPREAD","CDI + 0,73%","DI + 0.6900%","2026-07-29","2031-10-10","856,00","3,40","","","","","","","","ok","","ANBIMA Data API (web-bff)"
"CPGT39","0,8213","DI_SPREAD","CDI + 0,82%","DI + 0.9500%","2026-07-29","2034-10-10","1117,00","4,43","","","","","","","","ok","","ANBIMA Data API (web-bff)"
"CPGTA0","0,4728","DI_SPREAD","CDI + 0,47%","DI + 0.5900%","2026-07-29","2029-02-15","432,00","1,71","","","","","","","","ok","","ANBIMA Data API (web-bff)"
"CPGTA1","8,0044","IPCA_SPREAD","B35 - 26 bps","IPCA + 7.1841%","2026-07-29","2038-01-15","1712,00","6,79","","","","2035-05-15","B35","8,2867","-26","ok","","ANBIMA Data API (web-bff)"
"CPGTB0","0,7340","DI_SPREAD","CDI + 0,73%","DI + 0.7900%","2026-07-29","2032-02-15","879,00","3,49","","","","","","","","ok","","ANBIMA Data API (web-bff)"
"CPGTC0","8,0013","IPCA_SPREAD","B33 - 32 bps","IPCA + 7.4820%","2026-07-29","2037-02-15","1532,00","6,08","","","","2033-05-15","B33","8,3486","-32","ok","","ANBIMA Data API (web-bff)"
"CPIS13","8,4738","IPCA_SPREAD","B35 + 17 bps","IPCA + 6.8091%","2026-07-29","2036-09-15","1598,00","6,34","","","","2035-05-15","B35","8,2867","17","ok","","ANBIMA Data API (web-bff)"
"CPIS14","8,3840","IPCA_SPREAD","B35 + 9 bps","IPCA + 7.3239%","2026-07-29","2037-08-15","1684,00","6,68","","","","2035-05-15","B35","8,2867","9","ok","","ANBIMA Data API (web-bff)"
"CPIS15","8,4613","IPCA_SPREAD","B35 + 16 bps","IPCA + 7.1962%","2026-07-29","2037-09-15","1707,00","6,77","","","","2035-05-15","B35","8,2867","16","ok","","ANBIMA Data API (web-bff)"
"CPIS16","8,3545","IPCA_SPREAD","B37 + 22 bps","IPCA + 6.5700%","2026-07-29","2038-01-15","1822,00","7,23","","","","2037-05-15","B37","8,1191","22","ok","","ANBIMA Data API (web-bff)"
"CPLD15","7,7478","IPCA_SPREAD","B27 - 36 bps","IPCA + 4.2000%","2026-07-29","2027-11-15","193,00","0,77","","","","2027-05-15","B27","8,1369","-36","ok","","ANBIMA Data API (web-bff)"
"CPLD19","0,6121","DI_SPREAD","CDI + 0,61%","DI + 0.6000%","2026-07-29","2031-05-15","736,00","2,92","","","","","","","","ok","","ANBIMA Data API (web-bff)"
"CPLD26","7,8931","IPCA_SPREAD","B30 - 45 bps","IPCA + 4.7742%","2026-07-29","2031-06-15","879,00","3,49","","","","2030-08-15","B30","8,3787","-45","ok","","ANBIMA Data API (web-bff)"
"CPLD27","0,8828","DI_SPREAD","CDI + 0,88%","DI + 1.3600%","2026-07-29","2027-05-15","189,00","0,75","","","","","","","","ok","","ANBIMA Data API (web-bff)"
"CPLD29","7,9685","IPCA_SPREAD","B33 - 35 bps","IPCA + 6.2831%","2026-07-29","2036-05-15","1447,00","5,74","","","","2033-05-15","B33","8,3486","-35","ok","","ANBIMA Data API (web-bff)"
"CPLD37","7,9381","IPCA_SPREAD","B31 - 38 bps","IPCA + 6.1732%","2026-07-29","2032-05-15","1033,00","4,10","","","","2031-05-15","B31","8,3500","-38","ok","","ANBIMA Data API (web-bff)"
"CPLD38","1,5120","DI_SPREAD","CDI + 1,51%","DI + 2.2500%","2026-07-29","2028-06-15","418,00","1,66","","","","","","","","ok","","ANBIMA Data API (web-bff)"
"CPLDA0","0,5637","DI_SPREAD","CDI + 0,56%","DI + 0.4300%","2026-07-29","2030-07-15","629,00","2,50","","","","","","","","ok","","ANBIMA Data API (web-bff)"
"CPLDA1","7,9977","IPCA_SPREAD","B35 - 27 bps","IPCA + 7.1841%","2026-07-29","2038-01-15","1712,00","6,79","","","","2035-05-15","B35","8,2867","-27","ok","","ANBIMA Data API (web-bff)"
"CPLDB0","0,6911","DI_SPREAD","CDI + 0,69%","DI + 0.5800%","2026-07-29","2032-07-15","1008,00","4,00","","","","","","","","ok","","ANBIMA Data API (web-bff)"
"CPLDC0","8,0036","IPCA_SPREAD","B35 - 26 bps","IPCA + 6.9543%","2026-07-29","2037-07-15","1653,00","6,56","","","","2035-05-15","B35","8,2867","-26","ok","","ANBIMA Data API (web-bff)"
"CPREA0","0,6992","DI_SPREAD","CDI + 0,70%","DI + 1.1200%","2026-07-29","2028-12-12","513,00","2,04","","","","","","","","ok","","ANBIMA Data API (web-bff)"
"CPTE12","0,8995","DI_SPREAD","CDI + 0,90%","DI + 1.7000%","2026-07-29","2031-07-15","592,00","2,35","","","","","","","","ok","","ANBIMA Data API (web-bff)"
"CRCF12","9,2519","IPCA_SPREAD","B37 + 105 bps","IPCA + 8.4668%","2026-07-29","2041-03-15","1914,00","7,60","","","","2037-05-15","B37","8,1191","105","ok","","ANBIMA Data API (web-bff)"
"CRMG15","8,3280","IPCA_SPREAD","B29 - 1 bps","IPCA + 5.9668%","2026-07-29","2030-12-15","664,00","2,63","","","","2029-05-15","B29","8,3371","-1","ok","","ANBIMA Data API (web-bff)"
"CRNP13","8,9700","IPCA_SPREAD","B40 + 89 bps","IPCA + 8.3702%","2026-07-29","2047-12-15","2159,00","8,57","","","","2040-08-15","B40","8,0034","89","ok","","ANBIMA Data API (web-bff)"
"CRNP23","8,9528","IPCA_SPREAD","B40 + 88 bps","IPCA + 8.3702%","2026-07-29","2047-12-15","2161,00","8,58","","","","2040-08-15","B40","8,0034","88","ok","","ANBIMA Data API (web-bff)"
"CRTA12","9,1345","IPCA_SPREAD","B37 + 94 bps","IPCA + 7.7178%","2026-07-29","2043-12-15","2001,00","7,94","","","","2037-05-15","B37","8,1191","94","ok","","ANBIMA Data API (web-bff)"
"CRTR12","9,2655","IPCA_SPREAD","B35 + 90 bps","IPCA + 7.3201%","2026-07-29","2041-08-15","1616,00","6,41","","","","2035-05-15","B35","8,2867","90","ok","","ANBIMA Data API (web-bff)"
"CSAN15","2,1550","DI_SPREAD","CDI + 2,16%","DI + 2.4000%","2026-07-29","2028-04-20","379,00","1,50","","","","","","","","ok","","ANBIMA Data API (web-bff)"
"CSAN18","1,5076","DI_SPREAD","CDI + 1,51%","DI + 1.8000%","2026-07-29","2031-01-21","774,00","3,07","","","","","","","","ok","","ANBIMA Data API (web-bff)"
"CSAN23","1,5906","DI_SPREAD","CDI + 1,59%","DI + 2.0000%","2026-07-29","2031-08-15","729,00","2,89","","","","","","","","ok","","ANBIMA Data API (web-bff)"
"CSAN24","1,8317","DI_SPREAD","CDI + 1,83%","DI + 1.9000%","2026-07-29","2032-05-05","845,00","3,35","","","","","","","","ok","","ANBIMA Data API (web-bff)"
"CSAN33","10,8117","IPCA_SPREAD","B30 + 224 bps","IPCA + 5.7531%","2026-07-29","2031-08-15","873,00","3,46","","","","2030-08-15","B30","8,3787","224","ok","","ANBIMA Data API (web-bff)"
"CSANA0","1,5430","DI_SPREAD","CDI + 1,54%","DI + 1.0000%","2026-07-29","2029-06-28","520,00","2,06","","","","","","","","ok","","ANBIMA Data API (web-bff)"
"CSANA2","1,6960","DI_SPREAD","CDI + 1,70%","DI + 0.6000%","2026-07-29","2029-01-27","625,00","2,48","","","","","","","","ok","","ANBIMA Data API (web-bff)"
"CSANB0","1,7092","DI_SPREAD","CDI + 1,71%","DI + 1.5000%","2026-07-29","2034-06-28","1102,00","4,37","","","","","","","","ok","","ANBIMA Data API (web-bff)"
"CSANB1","1,6181","DI_SPREAD","CDI + 1,62%","DI + 0.7200%","2026-07-29","2030-01-08","700,00","2,78","","","","","","","","ok","","ANBIMA Data API (web-bff)"
"CSANB2","1,5497","DI_SPREAD","CDI + 1,55%","DI + 0.7000%","2026-07-29","2030-03-27","639,00","2,54","","","","","","","","ok","","ANBIMA Data API (web-bff)"
"CSANC1","2,0445","DI_SPREAD","CDI + 2,04%","DI + 1.3000%","2026-07-29","2035-01-08","1230,00","4,88","","","","","","","","ok","","ANBIMA Data API (web-bff)"
"CSANC2","1,7955","DI_SPREAD","CDI + 1,80%","DI + 1.0000%","2026-07-29","2032-03-27","849,00","3,37","","","","","","","","ok","","ANBIMA Data API (web-bff)"
"CSED12","0,9170","DI_SPREAD","CDI + 0,92%","DI + 1.3500%","2026-07-29","2030-02-05","506,00","2,01","","","","","","","","ok","","ANBIMA Data API (web-bff)"
"CSMGA6","7,8319","IPCA_SPREAD","B29 - 47 bps","IPCA + 5.2306%","2026-07-29","2031-09-15","572,00","2,27","","","","2029-05-15","B29","8,3371","-47","ok","","ANBIMA Data API (web-bff)"
"CSMGA7","0,7654","DI_SPREAD","CDI + 0,77%","DI + 1.3000%","2026-07-29","2029-12-16","376,00","1,49","","","","","","","","ok","","ANBIMA Data API (web-bff)"
"CSMGA8","0,8776","DI_SPREAD","CDI + 0,88%","DI + 1.2000%","2026-07-29","2030-09-15","440,00","1,75","","","","","","","","ok","","ANBIMA Data API (web-bff)"
"CSMGA9","0,7027","DI_SPREAD","CDI + 0,70%","DI + 0.9000%","2026-07-29","2034-07-15","797,00","3,16","","","","","","","","ok","","ANBIMA Data API (web-bff)"
"CSMGB0","0,7251","DI_SPREAD","CDI + 0,73%","DI + 0.6000%","2026-07-29","2035-05-15","889,00","3,53","","","","","","","","ok","","ANBIMA Data API (web-bff)"
"CSMGB6","0,7279","DI_SPREAD","CDI + 0,73%","DI + 1.3000%","2026-07-29","2026-09-15","33,00","0,13","","","","","","","","ok","","ANBIMA Data API (web-bff)"
"CSMGB8","9,0427","IPCA_SPREAD","B28 + 44 bps","IPCA + 7.1000%","2026-07-29","2030-09-15","478,00","1,90","","","","2028-08-15","B28","8,5625","44","ok","","ANBIMA Data API (web-bff)"
"CSMGB9","9,4070","IPCA_SPREAD","B30 + 95 bps","IPCA + 7.2735%","2026-07-29","2034-07-15","915,00","3,63","","","","2030-08-15","B30","8,3787","95","ok","","ANBIMA Data API (web-bff)"
"CSMGC0","9,1411","IPCA_SPREAD","B31 + 73 bps","IPCA + 8.2100%","2026-07-29","2035-05-15","1038,00","4,12","","","","2031-05-15","B31","8,3500","73","ok","","ANBIMA Data API (web-bff)"
"CSMGD1","0,7675","DI_SPREAD","CDI + 0,77%","DI + 0.5200%","2026-07-29","2035-10-15","961,00","3,81","","","","","","","","ok","","ANBIMA Data API (web-bff)"
"CSMGD2","0,7779","DI_SPREAD","CDI + 0,78%","DI + 0.6500%","2026-07-29","2036-03-15","995,00","3,95","","","","","","","","ok","","ANBIMA Data API (web-bff)"
"CSMGE1","9,2091","IPCA_SPREAD","B31 + 79 bps","IPCA + 8.3342%","2026-07-29","2035-10-15","1117,00","4,43","","","","2031-05-15","B31","8,3500","79","ok","","ANBIMA Data API (web-bff)"
"CSMGE2","9,4863","IPCA_SPREAD","B32 + 105 bps","IPCA + 8.5670%","2026-07-29","2036-03-15","1166,00","4,63","","","","2032-08-15","B32","8,3483","105","ok","","ANBIMA Data API (web-bff)"
"CSNAA1","16,9602","DI_SPREAD","CDI + 16,96%","DI + 1.6500%","2026-07-29","2028-11-10","378,00","1,50","","","","","","","","ok","","ANBIMA Data API (web-bff)"
"CSNAA2","15,3081","DI_SPREAD","CDI + 15,31%","DI + 2.5000%","2026-07-29","2027-12-20","203,00","0,81","","","","","","","","ok","","ANBIMA Data API (web-bff)"
"CSNAA4","29,5957","IPCA_SPREAD","B30 + 1958 bps","IPCA + 6.5000%","2026-07-29","2030-07-15","835,00","3,31","","","","2030-08-15","B30","8,3787","1958","ok","","ANBIMA Data API (web-bff)"
"CSNAA5","21,0793","IPCA_SPREAD","B32 + 1175 bps","IPCA + 6.8300%","2026-07-29","2034-04-15","1186,00","4,71","","","","2032-08-15","B32","8,3483","1175","ok","","ANBIMA Data API (web-bff)"
"CSNAA6","22,0216","IPCA_SPREAD","B32 + 1262 bps","IPCA + 7.5888%","2026-07-29","2034-11-15","1294,00","5,13","","","","2032-08-15","B32","8,3483","1262","ok","","ANBIMA Data API (web-bff)"
"CSNAB4","20,9788","IPCA_SPREAD","B31 + 1166 bps","IPCA + 6.8000%","2026-07-29","2033-07-15","1135,00","4,50","","","","2031-05-15","B31","8,3500","1166","ok","","ANBIMA Data API (web-bff)"
"CSNAB5","17,7783","IPCA_SPREAD","B35 + 877 bps","IPCA + 6.9924%","2026-07-29","2039-04-15","1582,00","6,28","","","","2035-05-15","B35","8,2867","877","ok","","ANBIMA Data API (web-bff)"
"CSNAB6","17,6093","IPCA_SPREAD","B33 + 855 bps","IPCA + 7.6952%","2026-07-29","2039-11-15","1590,00","6,31","","","","2033-05-15","B33","8,3486","855","ok","","ANBIMA Data API (web-bff)"
"CSNAC4","17,5962","IPCA_SPREAD","B35 + 860 bps","IPCA + 7.0000%","2026-07-29","2038-07-15","1607,00","6,38","","","","2035-05-15","B35","8,2867","860","ok","","ANBIMA Data API (web-bff)"
"CSNP12","8,5865","IPCA_SPREAD","B29 + 23 bps","IPCA + 7.9461%","2026-07-29","2032-06-15","734,00","2,91","","","","2029-05-15","B29","8,3371","23","ok","","ANBIMA Data API (web-bff)"
"CSRN29","8,2920","IPCA_SPREAD","B28 - 25 bps","IPCA + 4.4986%","2026-07-29","2029-04-15","402,00","1,60","","","","2028-08-15","B28","8,5625","-25","ok","","ANBIMA Data API (web-bff)"
"CSRNA1","8,2770","IPCA_SPREAD","B28 - 26 bps","IPCA + 6.4482%","2026-07-29","2028-06-15","447,00","1,77","","","","2028-08-15","B28","8,5625","-26","ok","","ANBIMA Data API (web-bff)"
"CSRNA2","0,7570","DI_SPREAD","CDI + 0,76%","DI + 0.9600%","2026-07-29","2031-03-15","767,00","3,04","","","","","","","","ok","","ANBIMA Data API (web-bff)"
"CSRNA4","8,2472","IPCA_SPREAD","B31 - 9 bps","IPCA + 7.0099%","2026-07-29","2031-03-15","1001,00","3,97","","","","2031-05-15","B31","8,3500","-9","ok","","ANBIMA Data API (web-bff)"
"CSRNB2","8,2885","IPCA_SPREAD","B33 - 6 bps","IPCA + 6.0691%","2026-07-29","2034-03-15","1339,00","5,31","","","","2033-05-15","B33","8,3486","-6","ok","","ANBIMA Data API (web-bff)"
"CSRNB3","8,2686","IPCA_SPREAD","B35 - 2 bps","IPCA + 6.3000%","2026-07-29","2035-11-15","1740,00","6,90","","","","2035-05-15","B35","8,2867","-2","ok","","ANBIMA Data API (web-bff)"
"CSRNC0","8,1501","IPCA_SPREAD","B29 - 17 bps","IPCA + 6.6230%","2026-07-29","2029-07-15","574,00","2,28","","","","2029-05-15","B29","8,3371","-17","ok","","ANBIMA Data API (web-bff)"
"CTEE18","7,7865","IPCA_SPREAD","B29 - 51 bps","IPCA + 3.5000%","2026-07-29","2029-12-15","564,00","2,24","","","","2029-05-15","B29","8,3371","-51","ok","","ANBIMA Data API (web-bff)"
"CTEE19","0,4049","DI_SPREAD","CDI + 0,40%","DI + 2.8300%","2026-07-29","2028-11-15","289,00","1,15","","","","","","","","ok","","ANBIMA Data API (web-bff)"
"CTEE1B","7,8281","IPCA_SPREAD","B31 - 48 bps","IPCA + 5.7710%","2026-07-29","2031-10-15","1120,00","4,44","","","","2031-05-15","B31","8,3500","-48","ok","","ANBIMA Data API (web-bff)"
"CTEE29","7,9553","IPCA_SPREAD","B35 - 31 bps","IPCA + 5.3000%","2026-07-29","2044-05-15","1670,00","6,63","","","","2035-05-15","B35","8,2867","-31","ok","","ANBIMA Data API (web-bff)"
"CTEE2B","7,7556","IPCA_SPREAD","B40 - 23 bps","IPCA + 5.8640%","2026-07-29","2039-10-15","2119,00","8,41","","","","2040-08-15","B40","8,0034","-23","ok","","ANBIMA Data API (web-bff)"
"CTGE11","7,7028","IPCA_SPREAD","B27 - 40 bps","IPCA + 3.7500%","2026-07-29","2028-11-15","284,00","1,13","","","","2027-05-15","B27","8,1369","-40","ok","","ANBIMA Data API (web-bff)"
"CTGE13","7,8630","IPCA_SPREAD","B29 - 44 bps","IPCA + 5.3455%","2026-07-29","2029-09-15","716,00","2,84","","","","2029-05-15","B29","8,3371","-44","ok","","ANBIMA Data API (web-bff)"
"CTGE15","7,9460","IPCA_SPREAD","B31 - 37 bps","IPCA + 6.3423%","2026-07-29","2031-04-15","1014,00","4,02","","","","2031-05-15","B31","8,3500","-37","ok","","ANBIMA Data API (web-bff)"
"CTNSA2","0,6595","DI_SPREAD","CDI + 0,66%","DI + 1.0000%","2026-07-29","2030-02-25","685,00","2,72","","","","","","","","ok","","ANBIMA Data API (web-bff)"
"CTNSA3","8,3905","IPCA_SPREAD","B33 + 4 bps","IPCA + 7.3000%","2026-07-29","2035-05-15","1488,00","5,90","","","","2033-05-15","B33","8,3486","4","ok","","ANBIMA Data API (web-bff)"
"CTNSA5","8,4436","IPCA_SPREAD","B35 + 14 bps","IPCA + 6.6675%","2026-07-29","2036-02-15","1727,00","6,85","","","","2035-05-15","B35","8,2867","14","ok","","ANBIMA Data API (web-bff)"
"CTRR11","7,8737","IPCA_SPREAD","B29 - 43 bps","IPCA + 6.9094%","2026-07-29","2032-08-15","650,00","2,58","","","","2029-05-15","B29","8,3371","-43","ok","","ANBIMA Data API (web-bff)"
"CUTI11","8,1283","IPCA_SPREAD","B29 - 19 bps","IPCA + 5.8813%","2026-07-29","2031-12-15","673,00","2,67","","","","2029-05-15","B29","8,3371","-19","ok","","ANBIMA Data API (web-bff)"
"CVCB14","4,1834","DI_SPREAD","CDI + 4,18%","DI + 4.5000%","2026-07-29","2028-10-30","227,00","0,90","","","","","","","","ok","","ANBIMA Data API (web-bff)"
"CVRDA6","","IGP-M","—","IGPM + 0.0000%","2026-07-29","2100-01-01","","","","","","","","","","sem_taxa","Taxa indicativa vazia (comum em IGP-M)","ANBIMA Data API (web-bff)"
"CYAR11","11,2546","IPCA_SPREAD","B37 + 290 bps","IPCA + 7.5232%","2026-07-29","2045-12-15","1919,00","7,62","","","","2037-05-15","B37","8,1191","290","ok","","ANBIMA Data API (web-bff)"
"DASAB2","2,5926","DI_SPREAD","CDI + 2,59%","DI + 3.4000%","2026-07-29","2030-11-20","640,00","2,54","","","","","","","","ok","","ANBIMA Data API (web-bff)"
"DASAB4","1,5288","DI_SPREAD","CDI + 1,53%","DI + 2.4000%","2026-07-29","2027-10-20","168,00","0,67","","","","","","","","ok","","ANBIMA Data API (web-bff)"
"DASAB5","2,2972","DI_SPREAD","CDI + 2,30%","DI + 1.7000%","2026-07-29","2028-10-30","481,00","1,91","","","","","","","","ok","","ANBIMA Data API (web-bff)"
"DASAC2","2,8592","DI_SPREAD","CDI + 2,86%","DI + 3.4000%","2026-07-29","2030-11-20","639,00","2,54","","","","","","","","ok","","ANBIMA Data API (web-bff)"
"DASAC5","3,0986","DI_SPREAD","CDI + 3,10%","DI + 2.0500%","2026-07-29","2031-10-30","897,00","3,56","","","","","","","","ok","","ANBIMA Data API (web-bff)"
"DESK17","8,2212","IPCA_SPREAD","B30 - 15 bps","IPCA + 7.4408%","2026-07-29","2031-06-15","847,00","3,36","","","","2030-08-15","B30","8,3787","-15","ok","","ANBIMA Data API (web-bff)"
"DESK18","8,1791","IPCA_SPREAD","B31 - 16 bps","IPCA + 7.9356%","2026-07-29","2032-06-15","1111,00","4,41","","","","2031-05-15","B31","8,3500","-16","ok","","ANBIMA Data API (web-bff)"
"DESK19","8,1678","IPCA_SPREAD","B31 - 17 bps","IPCA + 8.1215%","2026-07-29","2032-09-15","1129,00","4,48","","","","2031-05-15","B31","8,3500","-17","ok","","ANBIMA Data API (web-bff)"
"DXCO13","0,7512","DI_SPREAD","CDI + 0,75%","DI + 0.5300%","2026-07-29","2031-10-15","860,00","3,41","","","","","","","","ok","","ANBIMA Data API (web-bff)"
"EBAS13","8,6397","IPCA_SPREAD","B30 + 24 bps","IPCA + 8.6000%","2026-07-29","2035-11-15","943,00","3,74","","","","2030-08-15","B30","8,3787","24","ok","","ANBIMA Data API (web-bff)"
"EBENA6","0,6137","DI_SPREAD","CDI + 0,61%","DI + 0.8900%","2026-07-29","2028-03-04","246,00","0,98","","","","","","","","ok","","ANBIMA Data API (web-bff)"
"EBENA7","0,8883","DI_SPREAD","CDI + 0,89%","DI + 0.6800%","2026-07-29","2028-06-20","319,00","1,27","","","","","","","","ok","","ANBIMA Data API (web-bff)"
"EBENA8","8,1640","IPCA_SPREAD","B35 - 11 bps","IPCA + 7.2843%","2026-07-29","2036-12-15","1714,00","6,80","","","","2035-05-15","B35","8,2867","-11","ok","","ANBIMA Data API (web-bff)"
"EBENB1","0,6175","DI_SPREAD","CDI + 0,62%","DI + 0.6300%","2026-07-29","2030-12-19","765,00","3,04","","","","","","","","ok","","ANBIMA Data API (web-bff)"
"EBENC1","0,6978","DI_SPREAD","CDI + 0,70%","DI + 0.7300%","2026-07-29","2032-12-19","1023,00","4,06","","","","","","","","ok","","ANBIMA Data API (web-bff)"
"ECER12","8,1466","IPCA_SPREAD","B27 + 1 bps","IPCA + 6.3500%","2026-07-29","2027-09-15","283,00","1,12","","","","2027-05-15","B27","8,1369","1","ok","","ANBIMA Data API (web-bff)"
"ECHP11","8,5251","IPCA_SPREAD","B28 - 3 bps","IPCA + 6.9000%","2026-07-29","2030-06-15","533,00","2,12","","","","2028-08-15","B28","8,5625","-3","ok","","ANBIMA Data API (web-bff)"
"ECHP12","8,5176","IPCA_SPREAD","B28 - 4 bps","IPCA + 4.7500%","2026-07-29","2030-12-15","475,00","1,88","","","","2028-08-15","B28","8,5625","-4","ok","","ANBIMA Data API (web-bff)"
"ECHP22","8,5004","IPCA_SPREAD","B28 - 6 bps","IPCA + 4.7500%","2026-07-29","2031-01-15","476,00","1,89","","","","2028-08-15","B28","8,5625","-6","ok","","ANBIMA Data API (web-bff)"
"ECOV16","8,9141","IPCA_SPREAD","B31 + 52 bps","IPCA + 6.0950%","2026-07-29","2033-02-15","1057,00","4,19","","","","2031-05-15","B31","8,3500","52","ok","","ANBIMA Data API (web-bff)"
"ECOV17","0,8076","DI_SPREAD","CDI + 0,81%","DI + 1.2500%","2026-07-29","2032-02-25","813,00","3,23","","","","","","","","ok","","ANBIMA Data API (web-bff)"
"ECPN11","10,0509","IPCA_SPREAD","B31 + 157 bps","IPCA + 4.4000%","2026-07-29","2034-10-15","1087,00","4,31","","","","2031-05-15","B31","8,3500","157","ok","","ANBIMA Data API (web-bff)"
"ECRD14","8,9986","IPCA_SPREAD","B40 + 92 bps","IPCA + 8.3939%","2026-07-29","2047-09-15","2135,00","8,47","","","","2040-08-15","B40","8,0034","92","ok","","ANBIMA Data API (web-bff)"
"EDFT11","8,8113","IPCA_SPREAD","B35 + 48 bps","IPCA + 6.8209%","2026-07-29","2049-05-15","1622,00","6,44","","","","2035-05-15","B35","8,2867","48","ok","","ANBIMA Data API (web-bff)"
"EDPA11","8,1356","IPCA_SPREAD","B35 - 14 bps","IPCA + 8.3431%","2026-07-29","2044-10-15","1628,00","6,46","","","","2035-05-15","B35","8,2867","-14","ok","","ANBIMA Data API (web-bff)"
"EDPR13","0,6384","DI_SPREAD","CDI + 0,64%","DI + 0.5200%","2026-07-29","2030-12-10","587,00","2,33","","","","","","","","ok","","ANBIMA Data API (web-bff)"
"EDPR23","0,7553","DI_SPREAD","CDI + 0,76%","DI + 0.6000%","2026-07-29","2032-12-10","1017,00","4,04","","","","","","","","ok","","ANBIMA Data API (web-bff)"
"EDPT11","8,2327","IPCA_SPREAD","B30 - 13 bps","IPCA + 7.0267%","2026-07-29","2033-05-15","835,00","3,31","","","","2030-08-15","B30","8,3787","-13","ok","","ANBIMA Data API (web-bff)"
"EDTE12","7,9484","IPCA_SPREAD","B28 - 57 bps","IPCA + 5.2939%","2026-07-29","2028-12-15","425,00","1,69","","","","2028-08-15","B28","8,5625","-57","ok","","ANBIMA Data API (web-bff)"
"EDVP17","8,2351","IPCA_SPREAD","B31 - 11 bps","IPCA + 6.0996%","2026-07-29","2032-01-15","981,00","3,89","","","","2031-05-15","B31","8,3500","-11","ok","","ANBIMA Data API (web-bff)"
"EDVP18","0,2844","DI_SPREAD","CDI + 0,28%","DI + 1.6000%","2026-07-29","2027-08-22","130,00","0,52","","","","","","","","ok","","ANBIMA Data API (web-bff)"
"EEELA0","7,9871","IPCA_SPREAD","B32 - 33 bps","IPCA + 6.1774%","2026-07-29","2033-10-15","1278,00","5,07","","","","2032-08-15","B32","8,3483","-33","ok","","ANBIMA Data API (web-bff)"
"EEELA1","8,0504","IPCA_SPREAD","B33 - 28 bps","IPCA + 6.0994%","2026-07-29","2034-04-15","1362,00","5,40","","","","2033-05-15","B33","8,3486","-28","ok","","ANBIMA Data API (web-bff)"
"EEELA3","0,4632","DI_SPREAD","CDI + 0,46%","DI + 0.4900%","2026-07-29","2029-09-10","548,00","2,17","","","","","","","","ok","","ANBIMA Data API (web-bff)"
"EEELA4","8,0358","IPCA_SPREAD","B33 - 29 bps","IPCA + 7.7082%","2026-07-29","2035-02-15","1422,00","5,64","","","","2033-05-15","B33","8,3486","-29","ok","","ANBIMA Data API (web-bff)"
"EEELA5","0,5317","DI_SPREAD","CDI + 0,53%","DI + 0.4500%","2026-07-29","2030-05-15","731,00","2,90","","","","","","","","ok","","ANBIMA Data API (web-bff)"
"EEELB1","7,9500","IPCA_SPREAD","B37 - 16 bps","IPCA + 6.1572%","2026-07-29","2039-04-15","2035,00","8,08","","","","2037-05-15","B37","8,1191","-16","ok","","ANBIMA Data API (web-bff)"
"EEELB5","8,0320","IPCA_SPREAD","B33 - 29 bps","IPCA + 6.9249%","2026-07-29","2035-05-15","1508,00","5,98","","","","2033-05-15","B33","8,3486","-29","ok","","ANBIMA Data API (web-bff)"
"EGIE27","7,6119","IPCA_SPREAD","B27 - 49 bps","IPCA + 5.9033%","2026-07-29","2028-07-15","318,00","1,26","","","","2027-05-15","B27","8,1369","-49","ok","","ANBIMA Data API (web-bff)"
"EGIE29","8,0014","IPCA_SPREAD","B28 - 52 bps","IPCA + 3.9000%","2026-07-29","2029-07-15","471,00","1,87","","","","2028-08-15","B28","8,5625","-52","ok","","ANBIMA Data API (web-bff)"
"EGIE49","8,0498","IPCA_SPREAD","B28 - 47 bps","IPCA + 3.7000%","2026-07-29","2029-07-15","467,00","1,85","","","","2028-08-15","B28","8,5625","-47","ok","","ANBIMA Data API (web-bff)"
"EGIEA0","7,8506","IPCA_SPREAD","B40 - 14 bps","IPCA + 5.7158%","2026-07-29","2046-09-15","2108,00","8,37","","","","2040-08-15","B40","8,0034","-14","ok","","ANBIMA Data API (web-bff)"
"EGIEA1","7,8127","IPCA_SPREAD","B32 - 49 bps","IPCA + 5.9325%","2026-07-29","2033-11-15","1290,00","5,12","","","","2032-08-15","B32","8,3483","-49","ok","","ANBIMA Data API (web-bff)"
"EGIEA2","13,7386","PREFIXADO","13,74%","Pré-Fixado 12.4974%","2026-07-29","2029-08-15","648,00","2,57","","-0,5628","spread = (1 + Y)/(1 + L) - 1; Y = pre 13,74%; L = TaxaLTN_252 venc ref 2029-07-01 = 14,38%","","","","","ok","","ANBIMA Data API (web-bff)"
"EGIEA4","13,9261","PREFIXADO","13,93%","Pré-Fixado 14.3509%","2026-07-29","2032-01-15","825,00","3,27","","-0,6253","spread = (1 + Y)/(1 + L) - 1; Y = pre 13,93%; L = TaxaLTN_252 venc ref 2032-01-01 = 14,64%","","","","","ok","","ANBIMA Data API (web-bff)"
"EGIEA5","14,0520","PREFIXADO","14,05%","Pré-Fixado 12.8775%","2026-07-29","2035-06-15","1191,00","4,73","","-0,5155","spread = (1 + Y)/(1 + L) - 1; Y = pre 14,05%; L = TaxaLTN_252 venc ref 2032-01-01 = 14,64%","","","","","ok","","ANBIMA Data API (web-bff)"
"EGIEA6","7,8334","IPCA_SPREAD","B37 - 26 bps","IPCA + 6.2474%","2026-07-29","2038-02-15","1937,00","7,69","","","","2037-05-15","B37","8,1191","-26","ok","","ANBIMA Data API (web-bff)"
"EGIEB1","7,8342","IPCA_SPREAD","B37 - 26 bps","IPCA + 6.0691%","2026-07-29","2038-11-15","1979,00","7,85","","","","2037-05-15","B37","8,1191","-26","ok","","ANBIMA Data API (web-bff)"
"EGIEB2","7,8621","IPCA_SPREAD","B33 - 45 bps","IPCA + 6.7766%","2026-07-29","2034-06-15","1408,00","5,59","","","","2033-05-15","B33","8,3486","-45","ok","","ANBIMA Data API (web-bff)"
"EGIEB4","7,8132","IPCA_SPREAD","B31 - 50 bps","IPCA + 7.5568%","2026-07-29","2032-01-15","984,00","3,90","","","","2031-05-15","B31","8,3500","-50","ok","","ANBIMA Data API (web-bff)"
"EGIEB5","7,8496","IPCA_SPREAD","B35 - 40 bps","IPCA + 6.8555%","2026-07-29","2035-06-15","1548,00","6,14","","","","2035-05-15","B35","8,2867","-40","ok","","ANBIMA Data API (web-bff)"
"EGIEC1","13,7890","PREFIXADO","13,79%","Pré-Fixado 10.9000%","2026-07-29","2028-11-15","576,00","2,29","","-0,3382","spread = (1 + Y)/(1 + L) - 1; Y = pre 13,79%; L = TaxaLTN_252 venc ref 2028-10-01 = 14,18%","","","","","ok","","ANBIMA Data API (web-bff)"
"EGIED1","0,5110","DI_SPREAD","CDI + 0,51%","DI + 1.0000%","2026-07-29","2028-11-15","398,00","1,58","","","","","","","","ok","","ANBIMA Data API (web-bff)"
"EGIEE1","0,8058","DI_SPREAD","CDI + 0,81%","DI + 1.1000%","2026-07-29","2030-11-15","738,00","2,93","","","","","","","","ok","","ANBIMA Data API (web-bff)"
"EGVG11","8,1928","IPCA_SPREAD","B28 - 34 bps","IPCA + 3.7000%","2026-07-29","2029-10-15","397,00","1,58","","","","2028-08-15","B28","8,5625","-34","ok","","ANBIMA Data API (web-bff)"
"EGVG21","8,2082","IPCA_SPREAD","B28 - 33 bps","IPCA + 3.7000%","2026-07-29","2029-10-15","394,00","1,56","","","","2028-08-15","B28","8,5625","-33","ok","","ANBIMA Data API (web-bff)"
"EKTRA0","0,7367","DI_SPREAD","CDI + 0,74%","DI + 1.2900%","2026-07-29","2026-10-15","54,00","0,21","","","","","","","","ok","","ANBIMA Data API (web-bff)"
"EKTRA1","1,0025","DI_SPREAD","CDI + 1,00%","DI + 1.2800%","2026-07-29","2027-07-15","231,00","0,92","","","","","","","","ok","","ANBIMA Data API (web-bff)"
"EKTRA3","0,7108","DI_SPREAD","CDI + 0,71%","DI + 0.9800%","2026-07-29","2031-04-15","788,00","3,13","","","","","","","","ok","","ANBIMA Data API (web-bff)"
"EKTRA4","0,6914","DI_SPREAD","CDI + 0,69%","DI + 0.8000%","2026-07-29","2032-02-08","934,00","3,71","","","","","","","","ok","","ANBIMA Data API (web-bff)"
"EKTRA5","14,2613","PREFIXADO","14,26%","Pré-Fixado 13.5966%","2026-07-29","2032-04-25","1014,00","4,02","","-0,3329","spread = (1 + Y)/(1 + L) - 1; Y = pre 14,26%; L = TaxaLTN_252 venc ref 2032-01-01 = 14,64%","","","","","ok","","ANBIMA Data API (web-bff)"
"EKTRA6","8,0763","IPCA_SPREAD","B40 + 7 bps","IPCA + 6.8172%","2026-07-29","2035-08-15","2266,00","8,99","","","","2040-08-15","B40","8,0034","7","ok","","ANBIMA Data API (web-bff)"
"EKTRA8","8,2104","IPCA_SPREAD","B31 - 13 bps","IPCA + 7.0099%","2026-07-29","2031-03-15","1001,00","3,97","","","","2031-05-15","B31","8,3500","-13","ok","","ANBIMA Data API (web-bff)"
"EKTRB0","0,9036","DI_SPREAD","CDI + 0,90%","DI + 1.4400%","2026-07-29","2028-10-15","376,00","1,49","","","","","","","","ok","","ANBIMA Data API (web-bff)"
"EKTRB3","8,2884","IPCA_SPREAD","B33 - 6 bps","IPCA + 6.2587%","2026-07-29","2034-04-15","1355,00","5,38","","","","2033-05-15","B33","8,3486","-6","ok","","ANBIMA Data API (web-bff)"
"EKTRB6","8,1977","IPCA_SPREAD","B37 + 7 bps","IPCA + 6.7636%","2026-07-29","2040-08-15","2097,00","8,32","","","","2037-05-15","B37","8,1191","7","ok","","ANBIMA Data API (web-bff)"
"EKTRC0","8,1962","IPCA_SPREAD","B30 - 17 bps","IPCA + 5.7697%","2026-07-29","2031-10-15","924,00","3,67","","","","2030-08-15","B30","8,3787","-17","ok","","ANBIMA Data API (web-bff)"
"EKTRC1","8,1072","IPCA_SPREAD","B29 - 21 bps","IPCA + 6.6230%","2026-07-29","2029-07-15","574,00","2,28","","","","2029-05-15","B29","8,3371","-21","ok","","ANBIMA Data API (web-bff)"
"EKTT11","8,2898","IPCA_SPREAD","B32 - 5 bps","IPCA + 6.4217%","2026-07-29","2038-05-15","1309,00","5,19","","","","2032-08-15","B32","8,3483","-5","ok","","ANBIMA Data API (web-bff)"
"ELDC15","9,3744","IPCA_SPREAD","B33 + 95 bps","IPCA + 7.7950%","2026-07-29","2035-10-15","1502,00","5,96","","","","2033-05-15","B33","8,3486","95","ok","","ANBIMA Data API (web-bff)"
"ELET14","7,9267","IPCA_SPREAD","B30 - 42 bps","IPCA + 6.3170%","2026-07-29","2031-09-15","897,00","3,56","","","","2030-08-15","B30","8,3787","-42","ok","","ANBIMA Data API (web-bff)"
"ELET15","0,5318","DI_SPREAD","CDI + 0,53%","DI + 0.8500%","2026-07-29","2029-04-15","562,00","2,23","","","","","","","","ok","","ANBIMA Data API (web-bff)"
"ELET16","7,9579","IPCA_SPREAD","B35 - 30 bps","IPCA + 6.8770%","2026-07-29","2034-09-15","1546,00","6,13","","","","2035-05-15","B35","8,2867","-30","ok","","ANBIMA Data API (web-bff)"
"ELET17","0,7303","DI_SPREAD","CDI + 0,73%","DI + 0.8500%","2026-07-29","2035-11-15","1227,00","4,87","","","","","","","","ok","","ANBIMA Data API (web-bff)"
"ELET23","7,8940","IPCA_SPREAD","B31 - 42 bps","IPCA + 4.9126%","2026-07-29","2031-04-15","1043,00","4,14","","","","2031-05-15","B31","8,3500","-42","ok","","ANBIMA Data API (web-bff)"
"ELET24","0,9763","DI_SPREAD","CDI + 0,98%","DI + 1.5500%","2026-07-29","2028-09-15","355,00","1,41","","","","","","","","ok","","ANBIMA Data API (web-bff)"
"ELET25","0,6231","DI_SPREAD","CDI + 0,62%","DI + 1.0000%","2026-07-29","2031-04-15","857,00","3,40","","","","","","","","ok","","ANBIMA Data API (web-bff)"
"ELET42","8,1382","IPCA_SPREAD","B28 - 39 bps","IPCA + 5.1814%","2026-07-29","2029-05-15","420,00","1,67","","","","2028-08-15","B28","8,5625","-39","ok","","ANBIMA Data API (web-bff)"
"ELFA12","","DI_SPREAD","—","DI + 3.4000%","2026-07-29","2031-12-13","","","","","","","","","","sem_taxa","Taxa indicativa vazia","ANBIMA Data API (web-bff)"
"ELPLA5","12,0971","IPCA_SPREAD","B30 + 343 bps","IPCA + 4.2600%","2026-07-29","2031-04-15","833,00","3,31","","","","2030-08-15","B30","8,3787","343","ok","","ANBIMA Data API (web-bff)"
"ELPLA6","2,5259","DI_SPREAD","CDI + 2,53%","DI + 1.6400%","2026-07-29","2028-10-04","366,00","1,45","","","","","","","","ok","","ANBIMA Data API (web-bff)"
"ELPLA7","11,9934","IPCA_SPREAD","B31 + 336 bps","IPCA + 6.1385%","2026-07-29","2032-04-15","993,00","3,94","","","","2031-05-15","B31","8,3500","336","ok","","ANBIMA Data API (web-bff)"
"ELPLB8","2,5006","DI_SPREAD","CDI + 2,50%","DI + 1.1000%","2026-07-29","2028-05-15","398,00","1,58","","","","","","","","ok","","ANBIMA Data API (web-bff)"
"ELPLC8","10,3041","IPCA_SPREAD","B29 + 182 bps","IPCA + 8.3000%","2026-07-29","2029-06-15","719,00","2,85","","","","2029-05-15","B29","8,3371","182","ok","","ANBIMA Data API (web-bff)"
"ELTE12","7,8407","IPCA_SPREAD","B33 - 47 bps","IPCA + 6.4232%","2026-07-29","2039-07-15","1410,00","5,60","","","","2033-05-15","B33","8,3486","-47","ok","","ANBIMA Data API (web-bff)"
"ELTN15","7,9401","IPCA_SPREAD","B31 - 38 bps","IPCA + 6.3423%","2026-07-29","2031-04-15","1014,00","4,02","","","","2031-05-15","B31","8,3500","-38","ok","","ANBIMA Data API (web-bff)"
"ELTN16","0,6150","DI_SPREAD","CDI + 0,62%","DI + 0.8500%","2026-07-29","2031-09-15","900,00","3,57","","","","","","","","ok","","ANBIMA Data API (web-bff)"
"ELTN17","13,9752","PREFIXADO","13,98%","Pré-Fixado 13.2474%","2026-07-29","2032-07-15","1077,00","4,27","","-0,5825","spread = (1 + Y)/(1 + L) - 1; Y = pre 13,98%; L = TaxaLTN_252 venc ref 2032-01-01 = 14,64%","","","","","ok","","ANBIMA Data API (web-bff)"
"ELTN19","0,6586","DI_SPREAD","CDI + 0,66%","DI + 0.6500%","2026-07-29","2032-11-15","1056,00","4,19","","","","","","","","ok","","ANBIMA Data API (web-bff)"
"ELTN26","0,7249","DI_SPREAD","CDI + 0,72%","DI + 1.0500%","2026-07-29","2034-09-15","1099,00","4,36","","","","","","","","ok","","ANBIMA Data API (web-bff)"
"ELTN27","8,0083","IPCA_SPREAD","B32 - 31 bps","IPCA + 7.3146%","2026-07-29","2032-07-15","1233,00","4,89","","","","2032-08-15","B32","8,3483","-31","ok","","ANBIMA Data API (web-bff)"
"ELTN37","7,9964","IPCA_SPREAD","B35 - 27 bps","IPCA + 7.2083%","2026-07-29","2035-07-15","1681,00","6,67","","","","2035-05-15","B35","8,2867","-27","ok","","ANBIMA Data API (web-bff)"
"ENAT11","9,3643","IPCA_SPREAD","B28 + 74 bps","IPCA + 9.8297%","2026-07-29","2029-12-15","427,00","1,69","","","","2028-08-15","B28","8,5625","74","ok","","ANBIMA Data API (web-bff)"
"ENAT12","9,4488","IPCA_SPREAD","B28 + 82 bps","IPCA + 7.1149%","2026-07-29","2029-09-17","485,00","1,92","","","","2028-08-15","B28","8,5625","82","ok","","ANBIMA Data API (web-bff)"
"ENAT13","9,2630","IPCA_SPREAD","B30 + 82 bps","IPCA + 8.0618%","2026-07-29","2030-06-15","843,00","3,35","","","","2030-08-15","B30","8,3787","82","ok","","ANBIMA Data API (web-bff)"
"ENAT14","9,2298","IPCA_SPREAD","B30 + 79 bps","IPCA + 8.0560%","2026-07-29","2030-06-15","843,00","3,35","","","","2030-08-15","B30","8,3787","79","ok","","ANBIMA Data API (web-bff)"
"ENAT23","15,3797","PREFIXADO","15,38%","Pré-Fixado 13.5733%","2026-07-29","2030-06-15","773,00","3,07","","0,8131","spread = (1 + Y)/(1 + L) - 1; Y = pre 15,38%; L = TaxaLTN_252 venc ref 2030-01-01 = 14,45%","","","","","ok","","ANBIMA Data API (web-bff)"
"ENAT24","9,3078","IPCA_SPREAD","B33 + 89 bps","IPCA + 8.2674%","2026-07-29","2034-06-15","1326,00","5,26","","","","2033-05-15","B33","8,3486","89","ok","","ANBIMA Data API (web-bff)"
"ENAT32","15,5481","PREFIXADO","15,55%","Pré-Fixado 13.9662%","2026-07-29","2029-09-17","631,00","2,50","","1,0192","spread = (1 + Y)/(1 + L) - 1; Y = pre 15,55%; L = TaxaLTN_252 venc ref 2029-07-01 = 14,38%","","","","","ok","","ANBIMA Data API (web-bff)"
"ENAT33","9,2841","IPCA_SPREAD","B33 + 86 bps","IPCA + 8.2620%","2026-07-29","2034-06-15","1326,00","5,26","","","","2033-05-15","B33","8,3486","86","ok","","ANBIMA Data API (web-bff)"
"ENERA1","8,2683","IPCA_SPREAD","B30 - 10 bps","IPCA + 6.1076%","2026-07-29","2031-02-15","882,00","3,50","","","","2030-08-15","B30","8,3787","-10","ok","","ANBIMA Data API (web-bff)"
"ENERB4","8,3706","IPCA_SPREAD","B35 + 8 bps","IPCA + 6.4364%","2026-07-29","2034-09-15","1556,00","6,17","","","","2035-05-15","B35","8,2867","8","ok","","ANBIMA Data API (web-bff)"
"ENERB5","0,6648","DI_SPREAD","CDI + 0,66%","DI + 0.8000%","2026-07-29","2029-12-15","687,00","2,73","","","","","","","","ok","","ANBIMA Data API (web-bff)"
"ENERB6","14,4995","PREFIXADO","14,50%","Pré-Fixado 13.7000%","2026-07-29","2032-05-15","1025,00","4,07","","-0,1252","spread = (1 + Y)/(1 + L) - 1; Y = pre 14,50%; L = TaxaLTN_252 venc ref 2032-01-01 = 14,64%","","","","","ok","","ANBIMA Data API (web-bff)"
"ENERB7","8,3800","IPCA_SPREAD","B35 + 9 bps","IPCA + 7.0461%","2026-07-29","2035-09-15","1662,00","6,60","","","","2035-05-15","B35","8,2867","9","ok","","ANBIMA Data API (web-bff)"
"ENERC3","0,6269","DI_SPREAD","CDI + 0,63%","DI + 0.8000%","2026-07-29","2029-09-04","617,00","2,45","","","","","","","","ok","","ANBIMA Data API (web-bff)"
"ENERC7","8,2277","IPCA_SPREAD","B40 + 21 bps","IPCA + 6.9467%","2026-07-29","2040-09-15","2103,00","8,35","","","","2040-08-15","B40","8,0034","21","ok","","ANBIMA Data API (web-bff)"
"ENEV13","7,8495","IPCA_SPREAD","B27 - 27 bps","IPCA + 4.2259%","2026-07-29","2027-12-15","214,00","0,85","","","","2027-05-15","B27","8,1369","-27","ok","","ANBIMA Data API (web-bff)"
"ENEV15","8,0777","IPCA_SPREAD","B29 - 24 bps","IPCA + 5.5000%","2026-07-29","2030-06-15","662,00","2,63","","","","2029-05-15","B29","8,3371","-24","ok","","ANBIMA Data API (web-bff)"
"ENEV16","8,1074","IPCA_SPREAD","B29 - 21 bps","IPCA + 4.1270%","2026-07-29","2030-09-15","721,00","2,86","","","","2029-05-15","B29","8,3371","-21","ok","","ANBIMA Data API (web-bff)"
"ENEV18","8,2169","IPCA_SPREAD","B31 - 12 bps","IPCA + 6.5254%","2026-07-29","2032-07-15","1067,00","4,23","","","","2031-05-15","B31","8,3500","-12","ok","","ANBIMA Data API (web-bff)"
"ENEV19","8,1825","IPCA_SPREAD","B31 - 15 bps","IPCA + 6.9000%","2026-07-29","2032-09-15","1068,00","4,24","","","","2031-05-15","B31","8,3500","-15","ok","","ANBIMA Data API (web-bff)"
"ENEV26","8,1669","IPCA_SPREAD","B35 - 11 bps","IPCA + 4.5034%","2026-07-29","2035-09-15","1647,00","6,54","","","","2035-05-15","B35","8,2867","-11","ok","","ANBIMA Data API (web-bff)"
"ENEV28","8,1315","IPCA_SPREAD","B37 + 1 bps","IPCA + 6.5891%","2026-07-29","2037-07-15","1830,00","7,26","","","","2037-05-15","B37","8,1191","1","ok","","ANBIMA Data API (web-bff)"
"ENEV29","8,2300","IPCA_SPREAD","B35 - 5 bps","IPCA + 7.0000%","2026-07-29","2037-09-15","1785,00","7,08","","","","2035-05-15","B35","8,2867","-5","ok","","ANBIMA Data API (web-bff)"
"ENEV32","8,2462","IPCA_SPREAD","B28 - 29 bps","IPCA + 5.0500%","2026-07-29","2029-05-15","421,00","1,67","","","","2028-08-15","B28","8,5625","-29","ok","","ANBIMA Data API (web-bff)"
"ENEV38","0,9134","DI_SPREAD","CDI + 0,91%","DI + 1.7000%","2026-07-29","2029-07-15","531,00","2,11","","","","","","","","ok","","ANBIMA Data API (web-bff)"
"ENEV39","8,0658","IPCA_SPREAD","B40 + 6 bps","IPCA + 7.1500%","2026-07-29","2042-09-15","2350,00","9,33","","","","2040-08-15","B40","8,0034","6","ok","","ANBIMA Data API (web-bff)"
"ENEV48","0,8148","DI_SPREAD","CDI + 0,81%","DI + 2.0000%","2026-07-29","2032-07-15","901,00","3,58","","","","","","","","ok","","ANBIMA Data API (web-bff)"
"ENEVA0","8,1918","IPCA_SPREAD","B33 - 14 bps","IPCA + 6.5643%","2026-07-29","2034-04-15","1346,00","5,34","","","","2033-05-15","B33","8,3486","-14","ok","","ANBIMA Data API (web-bff)"
"ENEVA3","0,6775","DI_SPREAD","CDI + 0,68%","DI + 0.9000%","2026-07-29","2029-12-15","686,00","2,72","","","","","","","","ok","","ANBIMA Data API (web-bff)"
"ENEVA4","8,2080","IPCA_SPREAD","B35 - 7 bps","IPCA + 6.7078%","2026-07-29","2036-01-15","1763,00","7,00","","","","2035-05-15","B35","8,2867","-7","ok","","ANBIMA Data API (web-bff)"
"ENEVB0","8,0914","IPCA_SPREAD","B37 - 3 bps","IPCA + 6.6737%","2026-07-29","2039-04-15","1997,00","7,92","","","","2037-05-15","B37","8,1191","-3","ok","","ANBIMA Data API (web-bff)"
"ENEVB4","7,9936","IPCA_SPREAD","B40 - 1 bps","IPCA + 6.6709%","2026-07-29","2041-01-15","2217,00","8,80","","","","2040-08-15","B40","8,0034","-1","ok","","ANBIMA Data API (web-bff)"
"ENEVC0","0,5899","DI_SPREAD","CDI + 0,59%","DI + 1.0000%","2026-07-29","2029-04-15","561,00","2,23","","","","","","","","ok","","ANBIMA Data API (web-bff)"
"ENEVD0","0,6885","DI_SPREAD","CDI + 0,69%","DI + 1.1500%","2026-07-29","2031-04-15","786,00","3,12","","","","","","","","ok","","ANBIMA Data API (web-bff)"
"ENGI39","8,0882","IPCA_SPREAD","B27 - 5 bps","IPCA + 5.1074%","2026-07-29","2027-10-15","291,00","1,15","","","","2027-05-15","B27","8,1369","-5","ok","","ANBIMA Data API (web-bff)"
"ENGIA4","8,0883","IPCA_SPREAD","B27 - 4 bps","IPCA + 4.2297%","2026-07-29","2027-10-15","296,00","1,17","","","","2027-05-15","B27","8,1369","-4","ok","","ANBIMA Data API (web-bff)"
"ENGIA5","8,2792","IPCA_SPREAD","B30 - 9 bps","IPCA + 6.0872%","2026-07-29","2031-10-15","919,00","3,65","","","","2030-08-15","B30","8,3787","-9","ok","","ANBIMA Data API (web-bff)"
"ENGIA6","8,4368","IPCA_SPREAD","B28 - 12 bps","IPCA + 6.1566%","2026-07-29","2029-04-15","398,00","1,58","","","","2028-08-15","B28","8,5625","-12","ok","","ANBIMA Data API (web-bff)"
"ENGIA7","0,4602","DI_SPREAD","CDI + 0,46%","DI + 1.5000%","2026-07-29","2027-10-20","169,00","0,67","","","","","","","","ok","","ANBIMA Data API (web-bff)"
"ENGIA9","8,2866","IPCA_SPREAD","B30 - 8 bps","IPCA + 6.1666%","2026-07-29","2030-09-15","805,00","3,19","","","","2030-08-15","B30","8,3787","-8","ok","","ANBIMA Data API (web-bff)"
"ENGIB0","8,2653","IPCA_SPREAD","B31 - 8 bps","IPCA + 6.1581%","2026-07-29","2031-04-15","1017,00","4,04","","","","2031-05-15","B31","8,3500","-8","ok","","ANBIMA Data API (web-bff)"
"ENGIB1","0,6432","DI_SPREAD","CDI + 0,64%","DI + 0.8000%","2026-07-29","2029-09-04","617,00","2,45","","","","","","","","ok","","ANBIMA Data API (web-bff)"
"ENGIB2","8,3781","IPCA_SPREAD","B35 + 8 bps","IPCA + 6.4364%","2026-07-29","2034-09-15","1556,00","6,17","","","","2035-05-15","B35","8,2867","8","ok","","ANBIMA Data API (web-bff)"
"ENGIB4","8,2168","IPCA_SPREAD","B29 - 11 bps","IPCA + 4.4744%","2026-07-29","2030-10-15","737,00","2,92","","","","2029-05-15","B29","8,3371","-11","ok","","ANBIMA Data API (web-bff)"
"ENGIB5","0,5395","DI_SPREAD","CDI + 0,54%","DI + 1.6400%","2026-07-29","2026-10-15","54,00","0,21","","","","","","","","ok","","ANBIMA Data API (web-bff)"
"ENGIB6","8,2830","IPCA_SPREAD","B31 - 6 bps","IPCA + 6.2770%","2026-07-29","2032-04-15","1009,00","4,00","","","","2031-05-15","B31","8,3500","-6","ok","","ANBIMA Data API (web-bff)"
"ENGIB7","0,7107","DI_SPREAD","CDI + 0,71%","DI + 1.6500%","2026-07-29","2029-10-20","560,00","2,22","","","","","","","","ok","","ANBIMA Data API (web-bff)"
"ENGIB8","0,7562","DI_SPREAD","CDI + 0,76%","DI + 2.1000%","2026-07-29","2028-06-20","422,00","1,67","","","","","","","","ok","","ANBIMA Data API (web-bff)"
"ENGIB9","8,3546","IPCA_SPREAD","B32 + 1 bps","IPCA + 6.4526%","2026-07-29","2033-09-15","1246,00","4,94","","","","2032-08-15","B32","8,3483","1","ok","","ANBIMA Data API (web-bff)"
"ENGIC0","8,2405","IPCA_SPREAD","B37 + 11 bps","IPCA + 6.4045%","2026-07-29","2039-04-15","2008,00","7,97","","","","2037-05-15","B37","8,1191","11","ok","","ANBIMA Data API (web-bff)"
"ENGIC3","0,6694","DI_SPREAD","CDI + 0,67%","DI + 0.8000%","2026-07-29","2030-02-25","687,00","2,73","","","","","","","","ok","","ANBIMA Data API (web-bff)"
"ENGIC4","0,6804","DI_SPREAD","CDI + 0,68%","DI + 0.7500%","2026-07-29","2032-09-15","957,00","3,80","","","","","","","","ok","","ANBIMA Data API (web-bff)"
"ENGIC5","0,6789","DI_SPREAD","CDI + 0,68%","DI + 1.8000%","2026-07-29","2028-10-15","472,00","1,87","","","","","","","","ok","","ANBIMA Data API (web-bff)"
"ENGIC6","0,4601","DI_SPREAD","CDI + 0,46%","DI + 1.5000%","2026-07-29","2027-04-15","168,00","0,67","","","","","","","","ok","","ANBIMA Data API (web-bff)"
"ENGIC9","0,5789","DI_SPREAD","CDI + 0,58%","DI + 1.4500%","2026-07-29","2028-09-15","453,00","1,80","","","","","","","","ok","","ANBIMA Data API (web-bff)"
"ENGID3","0,7171","DI_SPREAD","CDI + 0,72%","DI + 0.9500%","2026-07-29","2032-02-25","942,00","3,74","","","","","","","","ok","","ANBIMA Data API (web-bff)"
"ENJG21","7,6793","IPCA_SPREAD","B27 - 42 bps","IPCA + 6.4962%","2026-07-29","2027-06-15","154,00","0,61","","","","2027-05-15","B27","8,1369","-42","ok","","ANBIMA Data API (web-bff)"
"ENMI21","7,6036","IPCA_SPREAD","B27 - 49 bps","IPCA + 6.4962%","2026-07-29","2027-06-15","154,00","0,61","","","","2027-05-15","B27","8,1369","-49","ok","","ANBIMA Data API (web-bff)"
"ENMTA3","8,0677","IPCA_SPREAD","B27 - 6 bps","IPCA + 4.2297%","2026-07-29","2027-10-15","296,00","1,17","","","","2027-05-15","B27","8,1369","-6","ok","","ANBIMA Data API (web-bff)"
"ENMTA4","8,3010","IPCA_SPREAD","B30 - 7 bps","IPCA + 6.0872%","2026-07-29","2031-10-15","919,00","3,65","","","","2030-08-15","B30","8,3787","-7","ok","","ANBIMA Data API (web-bff)"
"ENMTA5","8,3793","IPCA_SPREAD","B28 - 17 bps","IPCA + 6.1566%","2026-07-29","2029-04-15","398,00","1,58","","","","2028-08-15","B28","8,5625","-17","ok","","ANBIMA Data API (web-bff)"
"ENMTA7","8,2650","IPCA_SPREAD","B30 - 10 bps","IPCA + 6.1076%","2026-07-29","2031-02-15","882,00","3,50","","","","2030-08-15","B30","8,3787","-10","ok","","ANBIMA Data API (web-bff)"
"ENMTA8","0,5648","DI_SPREAD","CDI + 0,56%","DI + 0.7500%","2026-07-29","2029-04-15","563,00","2,23","","","","","","","","ok","","ANBIMA Data API (web-bff)"
"ENMTB0","0,6394","DI_SPREAD","CDI + 0,64%","DI + 0.8000%","2026-07-29","2029-09-04","617,00","2,45","","","","","","","","ok","","ANBIMA Data API (web-bff)"
"ENMTB2","0,6552","DI_SPREAD","CDI + 0,66%","DI + 0.8000%","2026-07-29","2029-12-15","687,00","2,73","","","","","","","","ok","","ANBIMA Data API (web-bff)"
"ENMTB3","8,2406","IPCA_SPREAD","B29 - 9 bps","IPCA + 4.4744%","2026-07-29","2030-10-15","737,00","2,92","","","","2029-05-15","B29","8,3371","-9","ok","","ANBIMA Data API (web-bff)"
"ENMTB5","8,2953","IPCA_SPREAD","B31 - 5 bps","IPCA + 6.2770%","2026-07-29","2032-04-15","1009,00","4,00","","","","2031-05-15","B31","8,3500","-5","ok","","ANBIMA Data API (web-bff)"
"ENMTC2","0,7052","DI_SPREAD","CDI + 0,71%","DI + 0.9500%","2026-07-29","2031-12-15","897,00","3,56","","","","","","","","ok","","ANBIMA Data API (web-bff)"
"ENMTC3","0,6296","DI_SPREAD","CDI + 0,63%","DI + 0.7500%","2026-07-29","2030-03-25","706,00","2,80","","","","","","","","ok","","ANBIMA Data API (web-bff)"
"ENMTC4","14,5072","PREFIXADO","14,51%","Pré-Fixado 13.7000%","2026-07-29","2032-05-15","1024,00","4,06","","-0,1185","spread = (1 + Y)/(1 + L) - 1; Y = pre 14,51%; L = TaxaLTN_252 venc ref 2032-01-01 = 14,64%","","","","","ok","","ANBIMA Data API (web-bff)"
"ENMTC5","8,3493","IPCA_SPREAD","B35 + 6 bps","IPCA + 7.0999%","2026-07-29","2035-09-15","1660,00","6,59","","","","2035-05-15","B35","8,2867","6","ok","","ANBIMA Data API (web-bff)"
"ENMTC6","8,2574","IPCA_SPREAD","B40 + 24 bps","IPCA + 7.1146%","2026-07-29","2040-10-15","2112,00","8,38","","","","2040-08-15","B40","8,0034","24","ok","","ANBIMA Data API (web-bff)"
"ENMTD2","8,3696","IPCA_SPREAD","B35 + 8 bps","IPCA + 7.0292%","2026-07-29","2034-12-15","1593,00","6,32","","","","2035-05-15","B35","8,2867","8","ok","","ANBIMA Data API (web-bff)"
"ENMTD5","8,2577","IPCA_SPREAD","B40 + 24 bps","IPCA + 6.9467%","2026-07-29","2040-09-15","2102,00","8,34","","","","2040-08-15","B40","8,0034","24","ok","","ANBIMA Data API (web-bff)"
"ENMTE6","8,4500","IPCA_SPREAD","B35 + 15 bps","IPCA + 7.2318%","2026-07-29","2035-10-15","1672,00","6,63","","","","2035-05-15","B35","8,2867","15","ok","","ANBIMA Data API (web-bff)"
"ENMTF8","8,4274","IPCA_SPREAD","B35 + 13 bps","IPCA + 6.6675%","2026-07-29","2036-02-15","1727,00","6,85","","","","2035-05-15","B35","8,2867","13","ok","","ANBIMA Data API (web-bff)"
"ENMTG8","8,2656","IPCA_SPREAD","B40 + 24 bps","IPCA + 6.5500%","2026-07-29","2041-02-15","2163,00","8,58","","","","2040-08-15","B40","8,0034","24","ok","","ANBIMA Data API (web-bff)"
"ENSEA1","8,0154","IPCA_SPREAD","B27 - 11 bps","IPCA + 5.7360%","2026-07-29","2027-07-15","236,00","0,94","","","","2027-05-15","B27","8,1369","-11","ok","","ANBIMA Data API (web-bff)"
"ENSEA5","8,4309","IPCA_SPREAD","B35 + 13 bps","IPCA + 6.6675%","2026-07-29","2036-02-15","1727,00","6,85","","","","2035-05-15","B35","8,2867","13","ok","","ANBIMA Data API (web-bff)"
"ENSEB4","8,3695","IPCA_SPREAD","B35 + 8 bps","IPCA + 7.1536%","2026-07-29","2035-09-15","1657,00","6,58","","","","2035-05-15","B35","8,2867","8","ok","","ANBIMA Data API (web-bff)"
"ENSEB5","8,2686","IPCA_SPREAD","B40 + 25 bps","IPCA + 6.5500%","2026-07-29","2041-02-15","2163,00","8,58","","","","2040-08-15","B40","8,0034","25","ok","","ANBIMA Data API (web-bff)"
"ENSEC4","8,1721","IPCA_SPREAD","B40 + 16 bps","IPCA + 6.9467%","2026-07-29","2040-09-15","2106,00","8,36","","","","2040-08-15","B40","8,0034","16","ok","","ANBIMA Data API (web-bff)"
"ENTV12","8,3231","IPCA_SPREAD","B29 - 1 bps","IPCA + 7.7500%","2026-07-29","2030-12-15","572,00","2,27","","","","2029-05-15","B29","8,3371","-1","ok","","ANBIMA Data API (web-bff)"
"ENTV13","8,4821","IPCA_SPREAD","B33 + 12 bps","IPCA + 8.0389%","2026-07-29","2036-12-15","1470,00","5,83","","","","2033-05-15","B33","8,3486","12","ok","","ANBIMA Data API (web-bff)"
"EPRL12","9,1226","IPCA_SPREAD","B40 + 104 bps","IPCA + 8.2030%","2026-07-29","2049-03-15","2152,00","8,54","","","","2040-08-15","B40","8,0034","104","ok","","ANBIMA Data API (web-bff)"
"EQMAA0","8,3810","IPCA_SPREAD","B30 + 0 bps","IPCA + 6.3000%","2026-07-29","2031-12-15","957,00","3,80","","","","2030-08-15","B30","8,3787","0","ok","","ANBIMA Data API (web-bff)"
"EQMAA1","0,6094","DI_SPREAD","CDI + 0,61%","DI + 0.9500%","2026-07-29","2030-05-15","574,00","2,28","","","","","","","","ok","","ANBIMA Data API (web-bff)"
"EQMAA2","8,3502","IPCA_SPREAD","B35 + 6 bps","IPCA + 6.6493%","2026-07-29","2036-09-15","1607,00","6,38","","","","2035-05-15","B35","8,2867","6","ok","","ANBIMA Data API (web-bff)"
"EQPA17","0,6329","DI_SPREAD","CDI + 0,63%","DI + 0.9500%","2026-07-29","2030-08-05","589,00","2,34","","","","","","","","ok","","ANBIMA Data API (web-bff)"
"EQPA18","8,3388","IPCA_SPREAD","B35 + 5 bps","IPCA + 7.7477%","2026-07-29","2036-12-15","1625,00","6,45","","","","2035-05-15","B35","8,2867","5","ok","","ANBIMA Data API (web-bff)"
"EQPA19","8,3852","IPCA_SPREAD","B35 + 9 bps","IPCA + 7.0606%","2026-07-29","2037-06-15","1714,00","6,80","","","","2035-05-15","B35","8,2867","9","ok","","ANBIMA Data API (web-bff)"
"EQPAA0","0,7672","DI_SPREAD","CDI + 0,77%","DI + 0.6500%","2026-07-29","2032-09-15","880,00","3,49","","","","","","","","ok","","ANBIMA Data API (web-bff)"
"EQPAA1","8,3401","IPCA_SPREAD","B37 + 20 bps","IPCA + 6.5700%","2026-07-29","2038-01-15","1823,00","7,23","","","","2037-05-15","B37","8,1191","20","ok","","ANBIMA Data API (web-bff)"
"EQSP11","8,3681","IPCA_SPREAD","B30 - 1 bps","IPCA + 4.8000%","2026-07-29","2033-01-15","796,00","3,16","","","","2030-08-15","B30","8,3787","-1","ok","","ANBIMA Data API (web-bff)"
"EQSP21","8,3212","IPCA_SPREAD","B30 - 5 bps","IPCA + 4.6500%","2026-07-29","2034-01-15","884,00","3,51","","","","2030-08-15","B30","8,3787","-5","ok","","ANBIMA Data API (web-bff)"
"EQTC11","8,4418","IPCA_SPREAD","B33 + 9 bps","IPCA + 4.8500%","2026-07-29","2039-04-15","1511,00","6,00","","","","2033-05-15","B33","8,3486","9","ok","","ANBIMA Data API (web-bff)"
"EQTL17","0,5989","DI_SPREAD","CDI + 0,60%","DI + 0.7200%","2026-07-29","2030-03-15","534,00","2,12","","","","","","","","ok","","ANBIMA Data API (web-bff)"
"EQTN11","8,3909","IPCA_SPREAD","B30 + 1 bps","IPCA + 4.8500%","2026-07-29","2033-01-15","771,00","3,06","","","","2030-08-15","B30","8,3787","1","ok","","ANBIMA Data API (web-bff)"
"EQTR11","8,4423","IPCA_SPREAD","B33 + 9 bps","IPCA + 4.8500%","2026-07-29","2039-04-15","1511,00","6,00","","","","2033-05-15","B33","8,3486","9","ok","","ANBIMA Data API (web-bff)"
"EQTR21","8,4312","IPCA_SPREAD","B33 + 8 bps","IPCA + 4.8500%","2026-07-29","2039-04-15","1511,00","6,00","","","","2033-05-15","B33","8,3486","8","ok","","ANBIMA Data API (web-bff)"
"EQTS11","8,3613","IPCA_SPREAD","B30 - 2 bps","IPCA + 4.8500%","2026-07-29","2033-01-15","782,00","3,10","","","","2030-08-15","B30","8,3787","-2","ok","","ANBIMA Data API (web-bff)"
"EQUA11","8,3241","IPCA_SPREAD","B31 - 2 bps","IPCA + 4.9173%","2026-07-29","2036-03-15","1030,00","4,09","","","","2031-05-15","B31","8,3500","-2","ok","","ANBIMA Data API (web-bff)"
"ERDVA3","1,7251","DI_SPREAD","CDI + 1,73%","DI + 1.8500%","2026-07-29","2028-10-15","374,00","1,48","","","","","","","","ok","","ANBIMA Data API (web-bff)"
"ERDVA4","8,9012","IPCA_SPREAD","B31 + 51 bps","IPCA + 6.8233%","2026-07-29","2031-06-15","1043,00","4,14","","","","2031-05-15","B31","8,3500","51","ok","","ANBIMA Data API (web-bff)"
"ERDVA6","0,8348","DI_SPREAD","CDI + 0,83%","DI + 1.2000%","2026-07-29","2031-07-15","772,00","3,06","","","","","","","","ok","","ANBIMA Data API (web-bff)"
"ERDVB3","1,3185","DI_SPREAD","CDI + 1,32%","DI + 2.3500%","2026-07-29","2030-10-15","626,00","2,48","","","","","","","","ok","","ANBIMA Data API (web-bff)"
"ERDVB4","8,9140","IPCA_SPREAD","B33 + 52 bps","IPCA + 7.1117%","2026-07-29","2034-06-15","1362,00","5,40","","","","2033-05-15","B33","8,3486","52","ok","","ANBIMA Data API (web-bff)"
"ERDVC3","8,9753","IPCA_SPREAD","B32 + 58 bps","IPCA + 6.8285%","2026-07-29","2033-10-15","1251,00","4,96","","","","2032-08-15","B32","8,3483","58","ok","","ANBIMA Data API (web-bff)"
"ERDVC4","8,8776","IPCA_SPREAD","B37 + 70 bps","IPCA + 7.3108%","2026-07-29","2039-06-15","1969,00","7,81","","","","2037-05-15","B37","8,1191","70","ok","","ANBIMA Data API (web-bff)"
"ESAM14","8,2194","IPCA_SPREAD","B30 - 15 bps","IPCA + 7.3129%","2026-07-29","2033-06-15","792,00","3,14","","","","2030-08-15","B30","8,3787","-15","ok","","ANBIMA Data API (web-bff)"
"ESCEA3","0,6509","DI_SPREAD","CDI + 0,65%","DI + 0.9000%","2026-07-29","2028-02-19","237,00","0,94","","","","","","","","ok","","ANBIMA Data API (web-bff)"
"ESCEA4","0,5039","DI_SPREAD","CDI + 0,50%","DI + 0.4900%","2026-07-29","2029-08-28","332,00","1,32","","","","","","","","ok","","ANBIMA Data API (web-bff)"
"ESCEA5","8,2128","IPCA_SPREAD","B35 - 7 bps","IPCA + 7.2843%","2026-07-29","2036-12-15","1713,00","6,80","","","","2035-05-15","B35","8,2867","-7","ok","","ANBIMA Data API (web-bff)"
"ESCEA6","0,5809","DI_SPREAD","CDI + 0,58%","DI + 0.5000%","2026-07-29","2030-06-11","682,00","2,71","","","","","","","","ok","","ANBIMA Data API (web-bff)"
"ESCEB4","0,5503","DI_SPREAD","CDI + 0,55%","DI + 0.5600%","2026-07-29","2031-08-28","497,00","1,97","","","","","","","","ok","","ANBIMA Data API (web-bff)"
"ESCEB6","0,6849","DI_SPREAD","CDI + 0,68%","DI + 0.5800%","2026-07-29","2032-06-11","960,00","3,81","","","","","","","","ok","","ANBIMA Data API (web-bff)"
"ESSDA2","0,6574","DI_SPREAD","CDI + 0,66%","DI + 0.8000%","2026-07-29","2029-09-04","617,00","2,45","","","","","","","","ok","","ANBIMA Data API (web-bff)"
"ESSDA4","8,3993","IPCA_SPREAD","B33 + 5 bps","IPCA + 7.3000%","2026-07-29","2035-05-15","1488,00","5,90","","","","2033-05-15","B33","8,3486","5","ok","","ANBIMA Data API (web-bff)"
"ESSDA5","8,4026","IPCA_SPREAD","B35 + 11 bps","IPCA + 7.2318%","2026-07-29","2035-10-15","1673,00","6,64","","","","2035-05-15","B35","8,2867","11","ok","","ANBIMA Data API (web-bff)"
"ESSDB5","8,2296","IPCA_SPREAD","B40 + 21 bps","IPCA + 7.1146%","2026-07-29","2040-10-15","2113,00","8,38","","","","2040-08-15","B40","8,0034","21","ok","","ANBIMA Data API (web-bff)"
"ESULA6","8,3017","IPCA_SPREAD","B30 - 7 bps","IPCA + 6.0872%","2026-07-29","2031-10-15","919,00","3,65","","","","2030-08-15","B30","8,3787","-7","ok","","ANBIMA Data API (web-bff)"
"ETBA12","7,9327","IPCA_SPREAD","B28 - 58 bps","IPCA + 5.3382%","2026-07-29","2029-02-15","467,00","1,85","","","","2028-08-15","B28","8,5625","-58","ok","","ANBIMA Data API (web-bff)"
"ETEN12","8,0475","IPCA_SPREAD","B27 - 8 bps","IPCA + 4.2297%","2026-07-29","2027-10-15","296,00","1,17","","","","2027-05-15","B27","8,1369","-8","ok","","ANBIMA Data API (web-bff)"
"ETEN21","8,0562","IPCA_SPREAD","B27 - 7 bps","IPCA + 5.1410%","2026-07-29","2028-12-15","327,00","1,30","","","","2027-05-15","B27","8,1369","-7","ok","","ANBIMA Data API (web-bff)"
"ETEN22","8,2548","IPCA_SPREAD","B29 - 8 bps","IPCA + 4.4744%","2026-07-29","2030-10-15","737,00","2,92","","","","2029-05-15","B29","8,3371","-8","ok","","ANBIMA Data API (web-bff)"
"ETSP12","8,4421","IPCA_SPREAD","B33 + 9 bps","IPCA + 4.8500%","2026-07-29","2039-04-15","1511,00","6,00","","","","2033-05-15","B33","8,3486","9","ok","","ANBIMA Data API (web-bff)"
"EUBE11","7,7834","IPCA_SPREAD","B30 - 55 bps","IPCA + 6.4449%","2026-07-29","2034-01-15","899,00","3,57","","","","2030-08-15","B30","8,3787","-55","ok","","ANBIMA Data API (web-bff)"
"EUFA17","1,2325","DI_SPREAD","CDI + 1,23%","DI + 1.3000%","2026-07-29","2031-03-18","688,00","2,73","","","","","","","","ok","","ANBIMA Data API (web-bff)"
"EUFA18","0,9692","DI_SPREAD","CDI + 0,97%","DI + 0.9300%","2026-07-29","2028-09-11","451,00","1,79","","","","","","","","ok","","ANBIMA Data API (web-bff)"
"EUFA19","1,3217","DI_SPREAD","CDI + 1,32%","DI + 0.9500%","2026-07-29","2031-12-16","824,00","3,27","","","","","","","","ok","","ANBIMA Data API (web-bff)"
"EXTZ11","7,7153","IPCA_SPREAD","B28 - 78 bps","IPCA + 7.0291%","2026-07-29","2029-01-15","358,00","1,42","","","","2028-08-15","B28","8,5625","-78","ok","","ANBIMA Data API (web-bff)"
"FBRI13","7,8052","IPCA_SPREAD","B32 - 50 bps","IPCA + 7.3609%","2026-07-29","2034-04-15","1157,00","4,59","","","","2032-08-15","B32","8,3483","-50","ok","","ANBIMA Data API (web-bff)"
"FENS12","0,5636","DI_SPREAD","CDI + 0,56%","DI + 0.7500%","2026-07-29","2031-03-22","854,00","3,39","","","","","","","","ok","","ANBIMA Data API (web-bff)"
"FEPS11","9,2093","IPCA_SPREAD","B32 + 79 bps","IPCA + 8.6895%","2026-07-29","2040-01-15","1268,00","5,03","","","","2032-08-15","B32","8,3483","79","ok","","ANBIMA Data API (web-bff)"
"FGEN13","7,5413","IPCA_SPREAD","B27 - 55 bps","IPCA + 6.4686%","2026-07-29","2027-12-15","216,00","0,86","","","","2027-05-15","B27","8,1369","-55","ok","","ANBIMA Data API (web-bff)"
"FISI15","1,2883","DI_SPREAD","CDI + 1,29%","DI + 0.8500%","2026-07-29","2030-07-15","615,00","2,44","","","","","","","","ok","","ANBIMA Data API (web-bff)"
"FLCLA4","0,4259","DI_SPREAD","CDI + 0,43%","DI + 1.6000%","2026-07-29","2027-08-22","130,00","0,52","","","","","","","","ok","","ANBIMA Data API (web-bff)"
"FLCLA8","0,8627","DI_SPREAD","CDI + 0,86%","DI + 0.8000%","2026-07-29","2029-12-15","686,00","2,72","","","","","","","","ok","","ANBIMA Data API (web-bff)"
"FLCLA9","8,3846","IPCA_SPREAD","B35 + 9 bps","IPCA + 7.2318%","2026-07-29","2035-10-15","1674,00","6,64","","","","2035-05-15","B35","8,2867","9","ok","","ANBIMA Data API (web-bff)"
"FLCLB9","8,2519","IPCA_SPREAD","B40 + 23 bps","IPCA + 7.1146%","2026-07-29","2040-10-15","2112,00","8,38","","","","2040-08-15","B40","8,0034","23","ok","","ANBIMA Data API (web-bff)"
"FLRY17","0,5550","DI_SPREAD","CDI + 0,56%","DI + 1.3500%","2026-07-29","2027-04-22","172,00","0,68","","","","","","","","ok","","ANBIMA Data API (web-bff)"
"FLRY18","0,7539","DI_SPREAD","CDI + 0,75%","DI + 1.2300%","2026-07-29","2028-10-23","382,00","1,52","","","","","","","","ok","","ANBIMA Data API (web-bff)"
"FLRY19","0,3936","DI_SPREAD","CDI + 0,39%","DI + 0.5500%","2026-07-29","2029-05-17","494,00","1,96","","","","","","","","ok","","ANBIMA Data API (web-bff)"
"FLRY25","0,6301","DI_SPREAD","CDI + 0,63%","DI + 1.2000%","2026-07-29","2027-12-16","208,00","0,83","","","","","","","","ok","","ANBIMA Data API (web-bff)"
"FLRY27","0,9245","DI_SPREAD","CDI + 0,92%","DI + 1.5500%","2026-07-29","2029-04-22","562,00","2,23","","","","","","","","ok","","ANBIMA Data API (web-bff)"
"FLRY29","0,6216","DI_SPREAD","CDI + 0,62%","DI + 0.6700%","2026-07-29","2031-05-17","813,00","3,23","","","","","","","","ok","","ANBIMA Data API (web-bff)"
"FLRY36","0,6082","DI_SPREAD","CDI + 0,61%","DI + 1.7500%","2026-07-29","2028-07-08","436,00","1,73","","","","","","","","ok","","ANBIMA Data API (web-bff)"
"FLRYA0","0,4791","DI_SPREAD","CDI + 0,48%","DI + 0.4500%","2026-07-29","2029-10-21","568,00","2,25","","","","","","","","ok","","ANBIMA Data API (web-bff)"
"FLRYB0","0,6069","DI_SPREAD","CDI + 0,61%","DI + 0.5500%","2026-07-29","2031-10-21","865,00","3,43","","","","","","","","ok","","ANBIMA Data API (web-bff)"
"FRAG14","9,1909","IPCA_SPREAD","B30 + 75 bps","IPCA + 7.5300%","2026-07-29","2031-06-15","939,00","3,73","","","","2030-08-15","B30","8,3787","75","ok","","ANBIMA Data API (web-bff)"
"FRAG16","9,2623","IPCA_SPREAD","B33 + 84 bps","IPCA + 8.4942%","2026-07-29","2035-09-15","1392,00","5,52","","","","2033-05-15","B33","8,3486","84","ok","","ANBIMA Data API (web-bff)"
"FRAS16","0,9887","DI_SPREAD","CDI + 0,99%","DI + 0.7500%","2026-07-29","2030-10-25","800,00","3,17","","","","","","","","ok","","ANBIMA Data API (web-bff)"
"FSII14","10,3634","IPCA_SPREAD","B31 + 186 bps","IPCA + 9.1451%","2026-07-29","2033-02-15","1073,00","4,26","","","","2031-05-15","B31","8,3500","186","ok","","ANBIMA Data API (web-bff)"
"FURN21","8,0838","IPCA_SPREAD","B28 - 44 bps","IPCA + 4.0800%","2026-07-29","2029-11-15","420,00","1,67","","","","2028-08-15","B28","8,5625","-44","ok","","ANBIMA Data API (web-bff)"
"GASC15","8,6806","IPCA_SPREAD","B33 + 31 bps","IPCA + 5.7970%","2026-07-29","2034-03-15","1505,00","5,97","","","","2033-05-15","B33","8,3486","31","ok","","ANBIMA Data API (web-bff)"
"GASC16","8,7054","IPCA_SPREAD","B35 + 39 bps","IPCA + 6.4186%","2026-07-29","2034-06-15","1541,00","6,12","","","","2035-05-15","B35","8,2867","39","ok","","ANBIMA Data API (web-bff)"
"GASC17","8,5132","IPCA_SPREAD","B35 + 21 bps","IPCA + 6.0470%","2026-07-29","2036-08-15","1749,00","6,94","","","","2035-05-15","B35","8,2867","21","ok","","ANBIMA Data API (web-bff)"
"GASC18","8,6431","IPCA_SPREAD","B35 + 33 bps","IPCA + 7.4742%","2026-07-29","2037-03-15","1752,00","6,95","","","","2035-05-15","B35","8,2867","33","ok","","ANBIMA Data API (web-bff)"
"GASC19","8,2635","IPCA_SPREAD","B40 + 24 bps","IPCA + 6.5823%","2026-07-29","2040-10-15","2146,00","8,52","","","","2040-08-15","B40","8,0034","24","ok","","ANBIMA Data API (web-bff)"
"GASC22","8,6657","IPCA_SPREAD","B30 + 26 bps","IPCA + 4.5200%","2026-07-29","2031-06-15","880,00","3,49","","","","2030-08-15","B30","8,3787","26","ok","","ANBIMA Data API (web-bff)"
"GASC23","8,7210","IPCA_SPREAD","B33 + 34 bps","IPCA + 5.7283%","2026-07-29","2033-10-15","1453,00","5,77","","","","2033-05-15","B33","8,3486","34","ok","","ANBIMA Data API (web-bff)"
"GASC25","8,5031","IPCA_SPREAD","B37 + 36 bps","IPCA + 5.9284%","2026-07-29","2039-03-15","2007,00","7,96","","","","2037-05-15","B37","8,1191","36","ok","","ANBIMA Data API (web-bff)"
"GASC26","8,4970","IPCA_SPREAD","B37 + 35 bps","IPCA + 6.5318%","2026-07-29","2039-06-15","2029,00","8,05","","","","2037-05-15","B37","8,1191","35","ok","","ANBIMA Data API (web-bff)"
"GASC27","8,5211","IPCA_SPREAD","B35 + 22 bps","IPCA + 6.0470%","2026-07-29","2036-08-15","1749,00","6,94","","","","2035-05-15","B35","8,2867","22","ok","","ANBIMA Data API (web-bff)"
"GASC28","8,4791","IPCA_SPREAD","B37 + 33 bps","IPCA + 7.5280%","2026-07-29","2040-03-15","2008,00","7,97","","","","2037-05-15","B37","8,1191","33","ok","","ANBIMA Data API (web-bff)"
"GASP19","8,2385","IPCA_SPREAD","B30 - 13 bps","IPCA + 5.1216%","2026-07-29","2031-08-15","893,00","3,54","","","","2030-08-15","B30","8,3787","-13","ok","","ANBIMA Data API (web-bff)"
"GASP29","8,3112","IPCA_SPREAD","B35 + 2 bps","IPCA + 5.2164%","2026-07-29","2036-08-15","1732,00","6,87","","","","2035-05-15","B35","8,2867","2","ok","","ANBIMA Data API (web-bff)"
"GGBRA7","0,3978","DI_SPREAD","CDI + 0,40%","DI + 0.6000%","2026-07-29","2029-05-29","594,00","2,36","","","","","","","","ok","","ANBIMA Data API (web-bff)"
"GGBRA8","0,4126","DI_SPREAD","CDI + 0,41%","DI + 0.5000%","2026-07-29","2028-12-10","515,00","2,04","","","","","","","","ok","","ANBIMA Data API (web-bff)"
"GGBRA9","0,5276","DI_SPREAD","CDI + 0,53%","DI + 0.6500%","2026-07-29","2032-06-04","1017,00","4,04","","","","","","","","ok","","ANBIMA Data API (web-bff)"
"GRRB16","2,3513","DI_SPREAD","CDI + 2,35%","DI + 0.9500%","2026-07-29","2029-08-12","597,00","2,37","","","","","","","","ok","","ANBIMA Data API (web-bff)"
"GSHC15","1,2558","DI_SPREAD","CDI + 1,26%","DI + 1.7000%","2026-07-29","2029-04-22","372,00","1,48","","","","","","","","ok","","ANBIMA Data API (web-bff)"
"GSHC17","2,3448","DI_SPREAD","CDI + 2,34%","DI + 2.5000%","2026-07-29","2030-09-15","471,00","1,87","","","","","","","","ok","","ANBIMA Data API (web-bff)"
"GSTS14","10,5433","IPCA_SPREAD","B31 + 202 bps","IPCA + 6.5163%","2026-07-29","2032-05-15","1013,00","4,02","","","","2031-05-15","B31","8,3500","202","ok","","ANBIMA Data API (web-bff)"
"GSTS24","10,9050","IPCA_SPREAD","B35 + 242 bps","IPCA + 6.8516%","2026-07-29","2037-05-15","1577,00","6,26","","","","2035-05-15","B35","8,2867","242","ok","","ANBIMA Data API (web-bff)"
"GUAR17","0,9803","DI_SPREAD","CDI + 0,98%","DI + 0.9500%","2026-07-29","2028-10-15","377,00","1,50","","","","","","","","ok","","ANBIMA Data API (web-bff)"
"HAPV15","7,1106","DI_SPREAD","CDI + 7,11%","DI + 1.7500%","2026-07-29","2030-01-27","683,00","2,71","","","","","","","","ok","","ANBIMA Data API (web-bff)"
"HAPV17","7,4207","DI_SPREAD","CDI + 7,42%","DI + 1.6000%","2026-07-29","2031-05-10","695,00","2,76","","","","","","","","ok","","ANBIMA Data API (web-bff)"
"HAPV18","7,0261","DI_SPREAD","CDI + 7,03%","DI + 1.1000%","2026-07-29","2031-10-15","866,00","3,44","","","","","","","","ok","","ANBIMA Data API (web-bff)"
"HAPV19","7,1655","DI_SPREAD","CDI + 7,17%","DI + 1.0500%","2026-07-29","2032-05-16","932,00","3,70","","","","","","","","ok","","ANBIMA Data API (web-bff)"
"HAPV28","7,0974","DI_SPREAD","CDI + 7,10%","DI + 1.2000%","2026-07-29","2032-10-15","950,00","3,77","","","","","","","","ok","","ANBIMA Data API (web-bff)"
"HAPVA0","7,2005","DI_SPREAD","CDI + 7,20%","DI + 1.0500%","2026-07-29","2033-10-15","985,00","3,91","","","","","","","","ok","","ANBIMA Data API (web-bff)"
"HARG11","8,9253","IPCA_SPREAD","B32 + 53 bps","IPCA + 6.6647%","2026-07-29","2036-10-15","1257,00","4,99","","","","2032-08-15","B32","8,3483","53","ok","","ANBIMA Data API (web-bff)"
"HBSA11","8,6279","IPCA_SPREAD","B28 + 6 bps","IPCA + 6.0029%","2026-07-29","2028-10-15","518,00","2,06","","","","2028-08-15","B28","8,5625","6","ok","","ANBIMA Data API (web-bff)"
"HBSA14","0,5462","DI_SPREAD","CDI + 0,55%","DI + 0.5000%","2026-07-29","2028-06-11","420,00","1,67","","","","","","","","ok","","ANBIMA Data API (web-bff)"
"HBSA21","8,5729","IPCA_SPREAD","B30 + 18 bps","IPCA + 6.0444%","2026-07-29","2031-10-15","919,00","3,65","","","","2030-08-15","B30","8,3787","18","ok","","ANBIMA Data API (web-bff)"
"HBSA22","1,4507","DI_SPREAD","CDI + 1,45%","DI + 2.4000%","2026-07-29","2029-07-20","432,00","1,71","","","","","","","","ok","","ANBIMA Data API (web-bff)"
"HBSA24","0,6223","DI_SPREAD","CDI + 0,62%","DI + 0.7500%","2026-07-29","2031-06-11","898,00","3,56","","","","","","","","ok","","ANBIMA Data API (web-bff)"
"HGLB13","2,6738","DI_SPREAD","CDI + 2,67%","DI + 3.0000%","2026-07-29","2034-10-15","904,00","3,59","","","","","","","","ok","","ANBIMA Data API (web-bff)"
"HGLB23","11,1058","IPCA_SPREAD","B31 + 254 bps","IPCA + 9.1196%","2026-07-29","2034-10-15","1080,00","4,29","","","","2031-05-15","B31","8,3500","254","ok","","ANBIMA Data API (web-bff)"
"HSBH11","9,4653","IPCA_SPREAD","B35 + 109 bps","IPCA + 8.5500%","2026-07-29","2043-11-15","1571,00","6,23","","","","2035-05-15","B35","8,2867","109","ok","","ANBIMA Data API (web-bff)"
"HVSP11","9,4778","IPCA_SPREAD","B32 + 104 bps","IPCA + 8.2561%","2026-07-29","2038-06-15","1232,00","4,89","","","","2032-08-15","B32","8,3483","104","ok","","ANBIMA Data API (web-bff)"
"HYPEA6","0,6783","DI_SPREAD","CDI + 0,68%","DI + 1.3500%","2026-07-29","2028-10-10","373,00","1,48","","","","","","","","ok","","ANBIMA Data API (web-bff)"
"HYPEA7","0,6743","DI_SPREAD","CDI + 0,67%","DI + 1.3000%","2026-07-29","2028-12-15","417,00","1,65","","","","","","","","ok","","ANBIMA Data API (web-bff)"
"HYPEA8","0,6939","DI_SPREAD","CDI + 0,69%","DI + 0.8500%","2026-07-29","2029-05-03","483,00","1,92","","","","","","","","ok","","ANBIMA Data API (web-bff)"
"HYPEA9","0,6836","DI_SPREAD","CDI + 0,68%","DI + 0.9000%","2026-07-29","2030-01-15","621,00","2,46","","","","","","","","ok","","ANBIMA Data API (web-bff)"
"HYPEB1","0,7318","DI_SPREAD","CDI + 0,73%","DI + 0.8500%","2026-07-29","2030-12-15","834,00","3,31","","","","","","","","ok","","ANBIMA Data API (web-bff)"
"HYPEC0","0,7041","DI_SPREAD","CDI + 0,70%","DI + 0.7500%","2026-07-29","2030-08-15","678,00","2,69","","","","","","","","ok","","ANBIMA Data API (web-bff)"
"HZTC14","8,6023","IPCA_SPREAD","B31 + 23 bps","IPCA + 6.7592%","2026-07-29","2035-11-15","1002,00","3,98","","","","2031-05-15","B31","8,3500","23","ok","","ANBIMA Data API (web-bff)"
"IBPB11","8,5640","IPCA_SPREAD","B33 + 20 bps","IPCA + 5.9000%","2026-07-29","2040-11-15","1466,00","5,82","","","","2033-05-15","B33","8,3486","20","ok","","ANBIMA Data API (web-bff)"
"IGSN15","11,4122","IPCA_SPREAD","B30 + 280 bps","IPCA + 6.1000%","2026-07-29","2034-07-15","945,00","3,75","","","","2030-08-15","B30","8,3787","280","ok","","ANBIMA Data API (web-bff)"
"IGTAA3","0,4812","DI_SPREAD","CDI + 0,48%","DI + 0.4500%","2026-07-29","2030-09-20","706,00","2,80","","","","","","","","ok","","ANBIMA Data API (web-bff)"
"IGTAB0","0,2905","DI_SPREAD","CDI + 0,29%","DI + 2.4500%","2026-07-29","2027-09-28","154,00","0,61","","","","","","","","ok","","ANBIMA Data API (web-bff)"
"INEL12","1,3035","DI_SPREAD","CDI + 1,30%","DI + 1.6500%","2026-07-29","2029-05-15","388,00","1,54","","","","","","","","ok","","ANBIMA Data API (web-bff)"
"IOCHA3","1,3314","DI_SPREAD","CDI + 1,33%","DI + 1.6000%","2026-07-29","2030-04-02","540,00","2,14","","","","","","","","ok","","ANBIMA Data API (web-bff)"
"IOCHA4","1,1852","DI_SPREAD","CDI + 1,19%","DI + 1.3500%","2026-07-29","2028-10-10","373,00","1,48","","","","","","","","ok","","ANBIMA Data API (web-bff)"
"IOCHA5","1,3717","DI_SPREAD","CDI + 1,37%","DI + 1.5500%","2026-07-29","2030-02-05","587,00","2,33","","","","","","","","ok","","ANBIMA Data API (web-bff)"
"IOCHA6","1,3982","DI_SPREAD","CDI + 1,40%","DI + 1.4500%","2026-07-29","2030-06-04","669,00","2,65","","","","","","","","ok","","ANBIMA Data API (web-bff)"
"IPIPA5","7,8990","IPCA_SPREAD","B35 - 36 bps","IPCA + 6.9550%","2026-07-29","2035-10-15","1560,00","6,19","","","","2035-05-15","B35","8,2867","-36","ok","","ANBIMA Data API (web-bff)"
"IPIPA6","0,5346","DI_SPREAD","CDI + 0,53%","DI + 0.6000%","2026-07-29","2030-11-19","745,00","2,96","","","","","","","","ok","","ANBIMA Data API (web-bff)"
"IRJS14","11,0137","IPCA_SPREAD","B35 + 252 bps","IPCA + 8.2000%","2026-07-29","2043-05-15","1705,00","6,77","","","","2035-05-15","B35","8,2867","252","ok","","ANBIMA Data API (web-bff)"
"IRJS15","11,0498","IPCA_SPREAD","B35 + 255 bps","IPCA + 7.1303%","2026-07-29","2044-02-15","1654,00","6,56","","","","2035-05-15","B35","8,2867","255","ok","","ANBIMA Data API (web-bff)"
"ISAEA8","7,8704","IPCA_SPREAD","B32 - 44 bps","IPCA + 7.4118%","2026-07-29","2033-06-15","1290,00","5,12","","","","2032-08-15","B32","8,3483","-44","ok","","ANBIMA Data API (web-bff)"
"ISAEA9","7,7528","IPCA_SPREAD","B40 - 23 bps","IPCA + 6.7000%","2026-07-29","2035-06-15","2223,00","8,82","","","","2040-08-15","B40","8,0034","-23","ok","","ANBIMA Data API (web-bff)"
"ISAEB0","7,7693","IPCA_SPREAD","B37 - 32 bps","IPCA + 6.6598%","2026-07-29","2037-10-15","1959,00","7,77","","","","2037-05-15","B37","8,1191","-32","ok","","ANBIMA Data API (web-bff)"
"ISAEB1","0,5834","DI_SPREAD","CDI + 0,58%","DI + 0.5500%","2026-07-29","2030-01-15","709,00","2,81","","","","","","","","ok","","ANBIMA Data API (web-bff)"
"ISAEB2","7,7381","IPCA_SPREAD","B40 - 25 bps","IPCA + 6.4618%","2026-07-29","2041-03-15","2312,00","9,17","","","","2040-08-15","B40","8,0034","-25","ok","","ANBIMA Data API (web-bff)"
"ISAEB8","7,9270","IPCA_SPREAD","B32 - 39 bps","IPCA + 7.4118%","2026-07-29","2033-03-15","1227,00","4,87","","","","2032-08-15","B32","8,3483","-39","ok","","ANBIMA Data API (web-bff)"
"ISAEC0","7,7896","IPCA_SPREAD","B40 - 20 bps","IPCA + 6.6382%","2026-07-29","2040-10-15","2217,00","8,80","","","","2040-08-15","B40","8,0034","-20","ok","","ANBIMA Data API (web-bff)"
"ISAEC1","0,6697","DI_SPREAD","CDI + 0,67%","DI + 0.6000%","2026-07-29","2031-01-15","857,00","3,40","","","","","","","","ok","","ANBIMA Data API (web-bff)"
"ISAEC2","7,7374","IPCA_SPREAD","B40 - 25 bps","IPCA + 6.4618%","2026-07-29","2041-03-15","2312,00","9,17","","","","2040-08-15","B40","8,0034","-25","ok","","ANBIMA Data API (web-bff)"
"ISAED1","0,5979","DI_SPREAD","CDI + 0,60%","DI + 0.8400%","2026-07-29","2035-01-15","1222,00","4,85","","","","","","","","ok","","ANBIMA Data API (web-bff)"
"ISPE12","2,4453","DI_SPREAD","CDI + 2,45%","DI + 2.5000%","2026-07-29","2029-06-01","582,00","2,31","","","","","","","","ok","","ANBIMA Data API (web-bff)"
"ISPE13","2,4884","DI_SPREAD","CDI + 2,49%","DI + 2.5000%","2026-07-29","2029-06-01","582,00","2,31","","","","","","","","ok","","ANBIMA Data API (web-bff)"
"ITPE13","9,6800","IPCA_SPREAD","B37 + 144 bps","IPCA + 8.6500%","2026-07-29","2042-06-15","1886,00","7,48","","","","2037-05-15","B37","8,1191","144","ok","","ANBIMA Data API (web-bff)"
"ITPO14","8,3066","IPCA_SPREAD","B32 - 4 bps","IPCA + 6.2878%","2026-07-29","2036-11-15","1271,00","5,04","","","","2032-08-15","B32","8,3483","-4","ok","","ANBIMA Data API (web-bff)"
"ITPO15","8,3406","IPCA_SPREAD","B33 - 1 bps","IPCA + 7.4000%","2026-07-29","2040-05-15","1451,00","5,76","","","","2033-05-15","B33","8,3486","-1","ok","","ANBIMA Data API (web-bff)"
"ITSA17","0,5058","DI_SPREAD","CDI + 0,51%","DI + 0.8800%","2026-07-29","2034-07-25","1189,00","4,72","","","","","","","","ok","","ANBIMA Data API (web-bff)"
"ITSA18","0,5076","DI_SPREAD","CDI + 0,51%","DI + 0.6000%","2026-07-29","2035-09-12","1108,00","4,40","","","","","","","","ok","","ANBIMA Data API (web-bff)"
"IVIAA0","9,5338","IPCA_SPREAD","B33 + 109 bps","IPCA + 6.8672%","2026-07-29","2038-05-15","1421,00","5,64","","","","2033-05-15","B33","8,3486","109","ok","","ANBIMA Data API (web-bff)"
"JALL11","8,7370","IPCA_SPREAD","B29 + 37 bps","IPCA + 5.5923%","2026-07-29","2028-12-15","561,00","2,23","","","","2029-05-15","B29","8,3371","37","ok","","ANBIMA Data API (web-bff)"
"JALL13","8,8768","IPCA_SPREAD","B31 + 49 bps","IPCA + 6.4876%","2026-07-29","2032-09-15","977,00","3,88","","","","2031-05-15","B31","8,3500","49","ok","","ANBIMA Data API (web-bff)"
"JALL14","8,9761","IPCA_SPREAD","B30 + 55 bps","IPCA + 7.1163%","2026-07-29","2030-10-15","908,00","3,60","","","","2030-08-15","B30","8,3787","55","ok","","ANBIMA Data API (web-bff)"
"JALL15","8,9599","IPCA_SPREAD","B33 + 56 bps","IPCA + 6.6074%","2026-07-29","2034-05-15","1356,00","5,38","","","","2033-05-15","B33","8,3486","56","ok","","ANBIMA Data API (web-bff)"
"JALL21","8,9601","IPCA_SPREAD","B31 + 56 bps","IPCA + 5.8041%","2026-07-29","2031-12-15","962,00","3,82","","","","2031-05-15","B31","8,3500","56","ok","","ANBIMA Data API (web-bff)"
"JALL24","8,8739","IPCA_SPREAD","B32 + 49 bps","IPCA + 7.2340%","2026-07-29","2033-10-17","1242,00","4,93","","","","2032-08-15","B32","8,3483","49","ok","","ANBIMA Data API (web-bff)"
"JHSFA1","0,6626","DI_SPREAD","CDI + 0,66%","DI + 2.7500%","2026-07-29","2027-01-21","87,00","0,35","","","","","","","","ok","","ANBIMA Data API (web-bff)"
"JHSFA3","1,2120","DI_SPREAD","CDI + 1,21%","DI + 2.2000%","2026-07-29","2027-12-20","170,00","0,67","","","","","","","","ok","","ANBIMA Data API (web-bff)"
"JSLGA5","2,6327","DI_SPREAD","CDI + 2,63%","DI + 2.7000%","2026-07-29","2028-10-20","269,00","1,07","","","","","","","","ok","","ANBIMA Data API (web-bff)"
"JSMLA5","3,6058","DI_SPREAD","CDI + 3,61%","DI + 3.5000%","2026-07-29","2031-01-15","673,00","2,67","","","","","","","","ok","","ANBIMA Data API (web-bff)"
"JSMLB5","14,2092","IPCA_SPREAD","B30 + 538 bps","IPCA + 7.9677%","2026-07-29","2031-09-15","847,00","3,36","","","","2030-08-15","B30","8,3787","538","ok","","ANBIMA Data API (web-bff)"
"JTEE11","7,9103","IPCA_SPREAD","B30 - 43 bps","IPCA + 4.5000%","2026-07-29","2033-07-15","852,00","3,38","","","","2030-08-15","B30","8,3787","-43","ok","","ANBIMA Data API (web-bff)"
"JTEE12","7,9137","IPCA_SPREAD","B35 - 34 bps","IPCA + 4.8295%","2026-07-29","2044-12-15","1758,00","6,98","","","","2035-05-15","B35","8,2867","-34","ok","","ANBIMA Data API (web-bff)"
"KLAS12","3,6285","DI_SPREAD","CDI + 3,63%","DI + 2.8000%","2026-07-29","2026-08-16","13,00","0,05","","","","","","","","ok","","ANBIMA Data API (web-bff)"
"KLBNA2","102,9410","DI_PERCENTUAL","CDI + 0,37%","114.6500% DI","2026-07-29","2029-03-19","350,00","1,39","102,9410","0,3668","spread = (1 + (%CDI/100)*L)/(1 + L) - 1; L = TaxaLTN_252 venc ref 2029-01-01 = 14,25%","","","","","ok","","ANBIMA Data API (web-bff)"
"KLBNA5","7,6423","IPCA_SPREAD","B37 - 44 bps","IPCA + 6.0500%","2026-07-29","2039-08-15","2071,00","8,22","","","","2037-05-15","B37","8,1191","-44","ok","","ANBIMA Data API (web-bff)"
"KRSA12","","DI_SPREAD","—","DI + 2.8000%","2026-07-29","2030-10-30","","","","","","","","","","sem_taxa","Taxa indicativa vazia","ANBIMA Data API (web-bff)"
"LCAMC2","1,5417","DI_SPREAD","CDI + 1,54%","DI + 2.4000%","2026-07-29","2031-05-20","721,00","2,86","","","","","","","","ok","","ANBIMA Data API (web-bff)"
"LCAMD1","10,1018","IPCA_SPREAD","B30 + 159 bps","IPCA + 6.5119%","2026-07-29","2031-09-15","885,00","3,51","","","","2030-08-15","B30","8,3787","159","ok","","ANBIMA Data API (web-bff)"
"LCAMD3","10,0980","IPCA_SPREAD","B29 + 163 bps","IPCA + 7.2101%","2026-07-29","2029-04-15","613,00","2,43","","","","2029-05-15","B29","8,3371","163","ok","","ANBIMA Data API (web-bff)"
"LETS18","1,2980","DI_SPREAD","CDI + 1,30%","DI + 1.2500%","2026-07-29","2031-10-15","779,00","3,09","","","","","","","","ok","","ANBIMA Data API (web-bff)"
"LGEN11","7,8679","IPCA_SPREAD","B27 - 25 bps","IPCA + 7.3287%","2026-07-29","2029-03-15","261,00","1,04","","","","2027-05-15","B27","8,1369","-25","ok","","ANBIMA Data API (web-bff)"
"LIGH1B","","IPCA_SPREAD","—","IPCA + 5.0000%","2026-07-29","2032-11-13","","","","","","","","","","sem_taxa","Taxa indicativa vazia","ANBIMA Data API (web-bff)"
"LIGHB4","","IPCA_SPREAD","—","IPCA + 5.0000%","2026-07-29","2032-11-13","","","","","","","","","","sem_taxa","Taxa indicativa vazia","ANBIMA Data API (web-bff)"
"LIGHB6","","IPCA_SPREAD","—","IPCA + 5.0000%","2026-07-29","2032-11-13","","","","","","","","","","sem_taxa","Taxa indicativa vazia","ANBIMA Data API (web-bff)"
"LIGHB7","","IPCA_SPREAD","—","IPCA + 5.0000%","2026-07-29","2032-11-13","","","","","","","","","","sem_taxa","Taxa indicativa vazia","ANBIMA Data API (web-bff)"
"LIGHC3","","IPCA_SPREAD","—","IPCA + 5.0000%","2026-07-29","2032-11-13","","","","","","","","","","sem_taxa","Taxa indicativa vazia","ANBIMA Data API (web-bff)"
"LIGHD3","","IPCA_SPREAD","—","IPCA + 3.0000%","2026-07-29","2037-11-13","","","","","","","","","","sem_taxa","Taxa indicativa vazia","ANBIMA Data API (web-bff)"
"LMTP18","1,4813","DI_SPREAD","CDI + 1,48%","DI + 1.9300%","2026-07-29","2026-12-10","92,00","0,37","","","","","","","","ok","","ANBIMA Data API (web-bff)"
"LMTP26","1,4827","DI_SPREAD","CDI + 1,48%","DI + 1.7000%","2026-07-29","2027-09-25","264,00","1,05","","","","","","","","ok","","ANBIMA Data API (web-bff)"
"LMTPA0","1,7593","DI_SPREAD","CDI + 1,76%","DI + 1.7000%","2026-07-29","2029-10-15","636,00","2,52","","","","","","","","ok","","ANBIMA Data API (web-bff)"
"LMTPA1","1,3070","DI_SPREAD","CDI + 1,31%","DI + 1.5000%","2026-07-29","2028-01-17","342,00","1,36","","","","","","","","ok","","ANBIMA Data API (web-bff)"
"LMTPA2","1,6422","DI_SPREAD","CDI + 1,64%","DI + 1.3000%","2026-07-29","2028-09-23","458,00","1,82","","","","","","","","ok","","ANBIMA Data API (web-bff)"
"LMTPB1","1,8622","DI_SPREAD","CDI + 1,86%","DI + 1.7000%","2026-07-29","2030-01-17","699,00","2,77","","","","","","","","ok","","ANBIMA Data API (web-bff)"
"LMTPB2","2,0017","DI_SPREAD","CDI + 2,00%","DI + 1.5000%","2026-07-29","2030-09-23","764,00","3,03","","","","","","","","ok","","ANBIMA Data API (web-bff)"
"LOGGB1","0,9149","DI_SPREAD","CDI + 0,91%","DI + 1.6500%","2026-07-29","2027-07-11","228,00","0,90","","","","","","","","ok","","ANBIMA Data API (web-bff)"
"LORTA7","10,1260","IPCA_SPREAD","B30 + 161 bps","IPCA + 5.4702%","2026-07-29","2031-03-15","905,00","3,59","","","","2030-08-15","B30","8,3787","161","ok","","ANBIMA Data API (web-bff)"
"LORTB2","1,3559","DI_SPREAD","CDI + 1,36%","DI + 1.8700%","2026-07-29","2028-12-05","505,00","2,00","","","","","","","","ok","","ANBIMA Data API (web-bff)"
"LTTE15","8,1261","IPCA_SPREAD","B32 - 21 bps","IPCA + 5.0900%","2026-07-29","2038-10-15","1217,00","4,83","","","","2032-08-15","B32","8,3483","-21","ok","","ANBIMA Data API (web-bff)"
"LVTC12","2,3232","DI_SPREAD","CDI + 2,32%","DI + 2.3000%","2026-07-29","2027-06-15","151,00","0,60","","","","","","","","ok","","ANBIMA Data API (web-bff)"
"LVTC22","5,7863","DI_SPREAD","CDI + 5,79%","DI + 2.7000%","2026-07-29","2029-06-15","350,00","1,39","","","","","","","","ok","","ANBIMA Data API (web-bff)"
"MATD12","0,7239","DI_SPREAD","CDI + 0,72%","DI + 0.9500%","2026-07-29","2031-05-15","808,00","3,21","","","","","","","","ok","","ANBIMA Data API (web-bff)"
"MATD13","0,7280","DI_SPREAD","CDI + 0,73%","DI + 1.1000%","2026-07-29","2032-07-18","979,00","3,88","","","","","","","","ok","","ANBIMA Data API (web-bff)"
"MDRO18","2,6375","DI_SPREAD","CDI + 2,64%","DI + 2.2500%","2026-07-29","2030-11-25","649,00","2,58","","","","","","","","ok","","ANBIMA Data API (web-bff)"
"MEAL14","4,6792","DI_SPREAD","CDI + 4,68%","DI + 4.2000%","2026-07-29","2028-10-11","259,00","1,03","","","","","","","","ok","","ANBIMA Data API (web-bff)"
"MGLUA0","1,7670","DI_SPREAD","CDI + 1,77%","DI + 1.2500%","2026-07-29","2026-10-15","54,00","0,21","","","","","","","","ok","","ANBIMA Data API (web-bff)"
"MGPRA0","9,0631","IPCA_SPREAD","B37 + 87 bps","IPCA + 7.8868%","2026-07-29","2042-03-15","1936,00","7,68","","","","2037-05-15","B37","8,1191","87","ok","","ANBIMA Data API (web-bff)"
"MGSP12","8,2405","IPCA_SPREAD","B33 - 10 bps","IPCA + 4.4500%","2026-07-29","2039-07-15","1375,00","5,46","","","","2033-05-15","B33","8,3486","-10","ok","","ANBIMA Data API (web-bff)"
"MILS18","1,1372","DI_SPREAD","CDI + 1,14%","DI + 2.0000%","2026-07-29","2030-01-10","520,00","2,06","","","","","","","","ok","","ANBIMA Data API (web-bff)"
"MILS19","1,0506","DI_SPREAD","CDI + 1,05%","DI + 1.3000%","2026-07-29","2029-06-20","514,00","2,04","","","","","","","","ok","","ANBIMA Data API (web-bff)"
"MILS29","1,2564","DI_SPREAD","CDI + 1,26%","DI + 1.4000%","2026-07-29","2032-06-20","887,00","3,52","","","","","","","","ok","","ANBIMA Data API (web-bff)"
"MILSA1","1,1291","DI_SPREAD","CDI + 1,13%","DI + 0.9000%","2026-07-29","2030-08-19","677,00","2,69","","","","","","","","ok","","ANBIMA Data API (web-bff)"
"MILSB0","1,2619","DI_SPREAD","CDI + 1,26%","DI + 1.3000%","2026-07-29","2032-11-25","932,00","3,70","","","","","","","","ok","","ANBIMA Data API (web-bff)"
"MNLT11","0,8717","DI_SPREAD","CDI + 0,87%","DI + 1.7500%","2026-07-29","2026-10-15","54,00","0,21","","","","","","","","ok","","ANBIMA Data API (web-bff)"
"MNRVA1","1,7147","DI_SPREAD","CDI + 1,71%","DI + 1.6000%","2026-07-29","2026-10-15","54,00","0,21","","","","","","","","ok","","ANBIMA Data API (web-bff)"
"MOTVA8","0,5239","DI_SPREAD","CDI + 0,52%","DI + 0.5700%","2026-07-29","2030-05-15","743,00","2,95","","","","","","","","ok","","ANBIMA Data API (web-bff)"
"MOTVB9","7,9054","IPCA_SPREAD","B37 - 20 bps","IPCA + 6.6497%","2026-07-29","2037-10-15","1834,00","7,28","","","","2037-05-15","B37","8,1191","-20","ok","","ANBIMA Data API (web-bff)"
"MOVI17","1,4340","DI_SPREAD","CDI + 1,43%","DI + 2.7000%","2026-07-29","2026-09-15","33,00","0,13","","","","","","","","ok","","ANBIMA Data API (web-bff)"
"MOVI18","13,3554","IPCA_SPREAD","B29 + 463 bps","IPCA + 8.0525%","2026-07-29","2029-06-15","646,00","2,56","","","","2029-05-15","B29","8,3371","463","ok","","ANBIMA Data API (web-bff)"
"MOVI27","2,8460","DI_SPREAD","CDI + 2,85%","DI + 2.9000%","2026-07-29","2029-09-15","435,00","1,73","","","","","","","","ok","","ANBIMA Data API (web-bff)"
"MOVI34","1,3227","DI_SPREAD","CDI + 1,32%","DI + 2.0500%","2026-07-29","2027-07-27","239,00","0,95","","","","","","","","ok","","ANBIMA Data API (web-bff)"
"MOVI37","14,0786","IPCA_SPREAD","B30 + 526 bps","IPCA + 7.6366%","2026-07-29","2031-09-15","852,00","3,38","","","","2030-08-15","B30","8,3787","526","ok","","ANBIMA Data API (web-bff)"
"MOVIA2","1,2038","DI_SPREAD","CDI + 1,20%","DI + 2.1000%","2026-07-29","2026-10-15","54,00","0,21","","","","","","","","ok","","ANBIMA Data API (web-bff)"
"MOVIA3","1,9419","DI_SPREAD","CDI + 1,94%","DI + 2.5000%","2026-07-29","2027-03-05","139,00","0,55","","","","","","","","ok","","ANBIMA Data API (web-bff)"
"MRFGA1","1,0403","DI_SPREAD","CDI + 1,04%","DI + 1.5500%","2026-07-29","2027-11-11","184,00","0,73","","","","","","","","ok","","ANBIMA Data API (web-bff)"
"MRSAA1","7,9860","IPCA_SPREAD","B33 - 33 bps","IPCA + 6.2414%","2026-07-29","2033-09-15","1422,00","5,64","","","","2033-05-15","B33","8,3486","-33","ok","","ANBIMA Data API (web-bff)"
"MRSAA2","7,9618","IPCA_SPREAD","B35 - 30 bps","IPCA + 6.5251%","2026-07-29","2034-09-15","1560,00","6,19","","","","2035-05-15","B35","8,2867","-30","ok","","ANBIMA Data API (web-bff)"
"MRSAA3","7,9074","IPCA_SPREAD","B32 - 41 bps","IPCA + 7.2638%","2026-07-29","2032-07-15","1235,00","4,90","","","","2032-08-15","B32","8,3483","-41","ok","","ANBIMA Data API (web-bff)"
"MRSAA4","7,8598","IPCA_SPREAD","B40 - 13 bps","IPCA + 6.4613%","2026-07-29","2041-02-15","2194,00","8,71","","","","2040-08-15","B40","8,0034","-13","ok","","ANBIMA Data API (web-bff)"
"MRSAB1","7,9898","IPCA_SPREAD","B35 - 27 bps","IPCA + 6.3439%","2026-07-29","2035-09-15","1562,00","6,20","","","","2035-05-15","B35","8,2867","-27","ok","","ANBIMA Data API (web-bff)"
"MRSAB2","8,0017","IPCA_SPREAD","B35 - 26 bps","IPCA + 6.5514%","2026-07-29","2036-09-15","1689,00","6,70","","","","2035-05-15","B35","8,2867","-26","ok","","ANBIMA Data API (web-bff)"
"MRSAB3","7,7933","IPCA_SPREAD","B40 - 19 bps","IPCA + 6.8437%","2026-07-29","2040-07-15","2166,00","8,60","","","","2040-08-15","B40","8,0034","-19","ok","","ANBIMA Data API (web-bff)"
"MRSAC1","7,8552","IPCA_SPREAD","B37 - 24 bps","IPCA + 6.4496%","2026-07-29","2038-09-15","1943,00","7,71","","","","2037-05-15","B37","8,1191","-24","ok","","ANBIMA Data API (web-bff)"
"MRSAC2","7,8556","IPCA_SPREAD","B37 - 24 bps","IPCA + 6.5796%","2026-07-29","2039-09-15","2045,00","8,12","","","","2037-05-15","B37","8,1191","-24","ok","","ANBIMA Data API (web-bff)"
"MSGT12","8,2014","IPCA_SPREAD","B28 - 33 bps","IPCA + 4.9500%","2026-07-29","2030-11-15","509,00","2,02","","","","2028-08-15","B28","8,5625","-33","ok","","ANBIMA Data API (web-bff)"
"MSGT13","9,2591","IPCA_SPREAD","B29 + 85 bps","IPCA + 7.0605%","2026-07-29","2031-11-15","719,00","2,85","","","","2029-05-15","B29","8,3371","85","ok","","ANBIMA Data API (web-bff)"
"MSGT23","8,2814","IPCA_SPREAD","B35 + 0 bps","IPCA + 6.0762%","2026-07-29","2037-11-15","1605,00","6,37","","","","2035-05-15","B35","8,2867","0","ok","","ANBIMA Data API (web-bff)"
"MSGT33","8,1792","IPCA_SPREAD","B37 + 6 bps","IPCA + 6.2339%","2026-07-29","2041-11-15","2075,00","8,23","","","","2037-05-15","B37","8,1191","6","ok","","ANBIMA Data API (web-bff)"
"MTRO12","0,9204","DI_SPREAD","CDI + 0,92%","DI + 4.5000%","2026-07-29","2027-04-25","98,00","0,39","","","","","","","","ok","","ANBIMA Data API (web-bff)"
"MULPA0","0,6687","DI_SPREAD","CDI + 0,67%","DI + 1.3000%","2026-07-29","2028-10-15","269,00","1,07","","","","","","","","ok","","ANBIMA Data API (web-bff)"
"MULPB1","0,6360","DI_SPREAD","CDI + 0,64%","DI + 1.2000%","2026-07-29","2028-01-10","225,00","0,89","","","","","","","","ok","","ANBIMA Data API (web-bff)"
"MULTA5","0,5389","DI_SPREAD","CDI + 0,54%","DI + 0.5500%","2026-07-29","2031-10-15","790,00","3,13","","","","","","","","ok","","ANBIMA Data API (web-bff)"
"MULTB5","0,6276","DI_SPREAD","CDI + 0,63%","DI + 0.8000%","2026-07-29","2034-10-15","1126,00","4,47","","","","","","","","ok","","ANBIMA Data API (web-bff)"
"MVLV19","2,1096","DI_SPREAD","CDI + 2,11%","DI + 2.9500%","2026-07-29","2027-04-05","159,00","0,63","","","","","","","","ok","","ANBIMA Data API (web-bff)"
"MVLV26","16,0988","IPCA_SPREAD","B28 + 694 bps","IPCA + 7.2413%","2026-07-29","2028-06-15","445,00","1,77","","","","2028-08-15","B28","8,5625","694","ok","","ANBIMA Data API (web-bff)"
"MVLVA1","2,1927","DI_SPREAD","CDI + 2,19%","DI + 2.9000%","2026-07-29","2027-12-22","211,00","0,84","","","","","","","","ok","","ANBIMA Data API (web-bff)"
"MVLVA3","2,1469","DI_SPREAD","CDI + 2,15%","DI + 2.5000%","2026-07-29","2027-08-10","230,00","0,91","","","","","","","","ok","","ANBIMA Data API (web-bff)"
"NATUA3","1,6827","DI_SPREAD","CDI + 1,68%","DI + 1.2000%","2026-07-29","2029-06-15","600,00","2,38","","","","","","","","ok","","ANBIMA Data API (web-bff)"
"NEOE16","8,2836","IPCA_SPREAD","B28 - 26 bps","IPCA + 4.0700%","2026-07-29","2029-06-15","449,00","1,78","","","","2028-08-15","B28","8,5625","-26","ok","","ANBIMA Data API (web-bff)"
"NEOE26","8,1974","IPCA_SPREAD","B30 - 17 bps","IPCA + 4.2200%","2026-07-29","2033-06-15","856,00","3,40","","","","2030-08-15","B30","8,3787","-17","ok","","ANBIMA Data API (web-bff)"
"NIGP12","1,0566","DI_SPREAD","CDI + 1,06%","DI + 1.9000%","2026-07-29","2032-03-24","823,00","3,27","","","","","","","","ok","","ANBIMA Data API (web-bff)"
"NMCH11","8,1921","IPCA_SPREAD","B32 - 14 bps","IPCA + 6.5599%","2026-07-29","2038-12-15","1211,00","4,81","","","","2032-08-15","B32","8,3483","-14","ok","","ANBIMA Data API (web-bff)"
"NNAE12","8,9840","IPCA_SPREAD","B33 + 59 bps","IPCA + 9.5000%","2026-07-29","2040-12-15","1440,00","5,71","","","","2033-05-15","B33","8,3486","59","ok","","ANBIMA Data API (web-bff)"
"NRTB11","13,2457","IPCA_SPREAD","—","IPCA + 7.1500%","2026-07-29","2026-09-15","33,00","0,13","","","","","","","","ipca_sem_ref","Sem Referencia NTN-B no arquivo","ANBIMA Data API (web-bff)"
"NRTB21","13,0655","IPCA_SPREAD","—","IPCA + 7.1500%","2026-07-29","2026-09-15","33,00","0,13","","","","","","","","ipca_sem_ref","Sem Referencia NTN-B no arquivo","ANBIMA Data API (web-bff)"
"NTEN11","13,7020","IPCA_SPREAD","B28 + 473 bps","IPCA + 7.2500%","2026-07-29","2030-05-15","472,00","1,87","","","","2028-08-15","B28","8,5625","473","ok","","ANBIMA Data API (web-bff)"
"NTSD16","0,7687","DI_SPREAD","CDI + 0,77%","DI + 1.2000%","2026-07-29","2029-02-15","138,00","0,55","","","","","","","","ok","","ANBIMA Data API (web-bff)"
"NTSD17","0,4652","DI_SPREAD","CDI + 0,47%","DI + 0.8000%","2026-07-29","2028-06-20","425,00","1,69","","","","","","","","ok","","ANBIMA Data API (web-bff)"
"NTSD18","0,6683","DI_SPREAD","CDI + 0,67%","DI + 0.8000%","2026-07-29","2030-11-22","819,00","3,25","","","","","","","","ok","","ANBIMA Data API (web-bff)"
"NTSD19","7,6579","IPCA_SPREAD","B40 - 32 bps","IPCA + 6.7269%","2026-07-29","2040-07-16","2180,00","8,65","","","","2040-08-15","B40","8,0034","-32","ok","","ANBIMA Data API (web-bff)"
"NTSD26","0,8334","DI_SPREAD","CDI + 0,83%","DI + 1.4000%","2026-07-29","2031-02-15","744,00","2,95","","","","","","","","ok","","ANBIMA Data API (web-bff)"
"NTSD35","0,9896","DI_SPREAD","CDI + 0,99%","DI + 1.8500%","2026-07-29","2032-09-13","849,00","3,37","","","","","","","","ok","","ANBIMA Data API (web-bff)"
"NTSD36","0,9297","DI_SPREAD","CDI + 0,93%","DI + 1.7000%","2026-07-29","2034-02-15","1021,00","4,05","","","","","","","","ok","","ANBIMA Data API (web-bff)"
"NTSDA0","0,8655","DI_SPREAD","CDI + 0,87%","DI + 0.9000%","2026-07-29","2031-08-25","883,00","3,50","","","","","","","","ok","","ANBIMA Data API (web-bff)"
"NTSDA1","7,6710","IPCA_SPREAD","B40 - 31 bps","IPCA + 6.3198%","2026-07-29","2041-03-15","2222,00","8,82","","","","2040-08-15","B40","8,0034","-31","ok","","ANBIMA Data API (web-bff)"
"NTSDA2","0,7336","DI_SPREAD","CDI + 0,73%","DI + 0.6000%","2026-07-29","2031-03-10","767,00","3,04","","","","","","","","ok","","ANBIMA Data API (web-bff)"
"ODYA11","8,6173","IPCA_SPREAD","B28 + 5 bps","IPCA + 6.7968%","2026-07-29","2031-09-15","554,00","2,20","","","","2028-08-15","B28","8,5625","5","ok","","ANBIMA Data API (web-bff)"
"OMGE12","9,1521","IPCA_SPREAD","B28 + 54 bps","IPCA + 4.3671%","2026-07-29","2028-09-15","507,00","2,01","","","","2028-08-15","B28","8,5625","54","ok","","ANBIMA Data API (web-bff)"
"OMGE15","1,5999","DI_SPREAD","CDI + 1,60%","DI + 1.6500%","2026-07-29","2029-06-15","598,00","2,37","","","","","","","","ok","","ANBIMA Data API (web-bff)"
"OMGE16","1,1936","DI_SPREAD","CDI + 1,19%","DI + 1.1500%","2026-07-29","2030-03-15","694,00","2,75","","","","","","","","ok","","ANBIMA Data API (web-bff)"
"OMGE17","1,3179","DI_SPREAD","CDI + 1,32%","DI + 0.8900%","2026-07-29","2031-02-15","822,00","3,26","","","","","","","","ok","","ANBIMA Data API (web-bff)"
"OMGE22","9,1535","IPCA_SPREAD","B28 + 54 bps","IPCA + 4.3671%","2026-07-29","2028-09-15","501,00","1,99","","","","2028-08-15","B28","8,5625","54","ok","","ANBIMA Data API (web-bff)"
"OMGE26","1,1992","DI_SPREAD","CDI + 1,20%","DI + 1.2500%","2026-07-29","2031-03-15","829,00","3,29","","","","","","","","ok","","ANBIMA Data API (web-bff)"
"OMGE27","","DI_SPREAD","—","DI + 1.0200%","2026-07-29","2033-02-15","","","","","","","","","","sem_taxa","Taxa indicativa vazia","ANBIMA Data API (web-bff)"
"OMGE41","8,6842","IPCA_SPREAD","B27 + 51 bps","IPCA + 5.0000%","2026-07-29","2027-05-15","194,00","0,77","","","","2027-05-15","B27","8,1369","51","ok","","ANBIMA Data API (web-bff)"
"OMNG12","8,6850","IPCA_SPREAD","B28 + 11 bps","IPCA + 7.1096%","2026-07-29","2029-12-15","433,00","1,72","","","","2028-08-15","B28","8,5625","11","ok","","ANBIMA Data API (web-bff)"
"ONCO19","","DI_SPREAD","—","DI + 1.6200%","2026-07-29","2027-11-25","","","","","","","","","","sem_taxa","Taxa indicativa vazia","ANBIMA Data API (web-bff)"
"ONCO29","","DI_SPREAD","—","DI + 1.8000%","2026-07-29","2029-11-25","","","","","","","","","","sem_taxa","Taxa indicativa vazia","ANBIMA Data API (web-bff)"
"ONCOA1","","DI_SPREAD","—","DI + 1.4000%","2026-07-29","2029-04-10","","","","","","","","","","sem_taxa","Taxa indicativa vazia","ANBIMA Data API (web-bff)"
"ONZE21","8,8183","IPCA_SPREAD","B37 + 65 bps","IPCA + 8.7400%","2026-07-29","2048-06-15","2026,00","8,04","","","","2037-05-15","B37","8,1191","65","ok","","ANBIMA Data API (web-bff)"
"OPCT16","1,4500","DI_SPREAD","CDI + 1,45%","DI + 2.5000%","2026-07-29","2029-12-18","505,00","2,00","","","","","","","","ok","","ANBIMA Data API (web-bff)"
"OPCT17","1,5000","DI_SPREAD","CDI + 1,50%","DI + 2.0000%","2026-07-29","2030-07-27","602,00","2,39","","","","","","","","ok","","ANBIMA Data API (web-bff)"
"ORIG11","11,3758","IPCA_SPREAD","B32 + 279 bps","IPCA + 8.4001%","2026-07-29","2035-12-15","1250,00","4,96","","","","2032-08-15","B32","8,3483","279","ok","","ANBIMA Data API (web-bff)"
"ORIG12","11,4458","IPCA_SPREAD","B32 + 286 bps","IPCA + 10.0361%","2026-07-29","2035-12-15","1217,00","4,83","","","","2032-08-15","B32","8,3483","286","ok","","ANBIMA Data API (web-bff)"
"ORIG21","17,4214","PREFIXADO","17,42%","Pré-Fixado 14.1500%","2026-07-29","2035-12-15","1063,00","4,22","","2,4235","spread = (1 + Y)/(1 + L) - 1; Y = pre 17,42%; L = TaxaLTN_252 venc ref 2032-01-01 = 14,64%","","","","","ok","","ANBIMA Data API (web-bff)"
"ORIG22","17,5728","PREFIXADO","17,57%","Pré-Fixado 15.6300%","2026-07-29","2035-12-15","1044,00","4,14","","2,5556","spread = (1 + Y)/(1 + L) - 1; Y = pre 17,57%; L = TaxaLTN_252 venc ref 2032-01-01 = 14,64%","","","","","ok","","ANBIMA Data API (web-bff)"
"ORMA16","1,2506","DI_SPREAD","CDI + 1,25%","DI + 1.4500%","2026-07-29","2035-09-15","1002,00","3,98","","","","","","","","ok","","ANBIMA Data API (web-bff)"
"ORMA17","1,4307","DI_SPREAD","CDI + 1,43%","DI + 1.4500%","2026-07-29","2035-12-15","1065,00","4,23","","","","","","","","ok","","ANBIMA Data API (web-bff)"
"ORVR16","8,6882","IPCA_SPREAD","B35 + 37 bps","IPCA + 7.9283%","2026-07-29","2039-12-15","1646,00","6,53","","","","2035-05-15","B35","8,2867","37","ok","","ANBIMA Data API (web-bff)"
"OVSAA3","2,2604","DI_SPREAD","CDI + 2,26%","DI + 2.4000%","2026-07-29","2028-07-15","389,00","1,54","","","","","","","","ok","","ANBIMA Data API (web-bff)"
"OVSAA8","2,2103","DI_SPREAD","CDI + 2,21%","DI + 2.7000%","2026-07-29","2029-06-10","501,00","1,99","","","","","","","","ok","","ANBIMA Data API (web-bff)"
"OVSAA9","2,1802","DI_SPREAD","CDI + 2,18%","DI + 2.5000%","2026-07-29","2029-11-18","571,00","2,27","","","","","","","","ok","","ANBIMA Data API (web-bff)"
"OVSAB0","2,0965","DI_SPREAD","CDI + 2,10%","DI + 2.3000%","2026-07-29","2028-05-16","396,00","1,57","","","","","","","","ok","","ANBIMA Data API (web-bff)"
"OVSAB1","2,3836","DI_SPREAD","CDI + 2,38%","DI + 2.3500%","2026-07-29","2032-01-20","895,00","3,55","","","","","","","","ok","","ANBIMA Data API (web-bff)"
"OZNH11","1,9125","DI_SPREAD","CDI + 1,91%","DI + 3.5000%","2026-07-29","2031-11-26","566,00","2,25","","","","","","","","ok","","ANBIMA Data API (web-bff)"
"PALF38","7,6972","IPCA_SPREAD","B27 - 41 bps","IPCA + 5.0500%","2026-07-29","2027-09-15","151,00","0,60","","","","2027-05-15","B27","8,1369","-41","ok","","ANBIMA Data API (web-bff)"
"PALFA3","7,9537","IPCA_SPREAD","B32 - 36 bps","IPCA + 6.1774%","2026-07-29","2033-10-15","1279,00","5,08","","","","2032-08-15","B32","8,3483","-36","ok","","ANBIMA Data API (web-bff)"
"PALFA4","0,3424","DI_SPREAD","CDI + 0,34%","DI + 0.5500%","2026-07-29","2027-09-05","142,00","0,56","","","","","","","","ok","","ANBIMA Data API (web-bff)"
"PALFA5","0,4745","DI_SPREAD","CDI + 0,47%","DI + 0.4900%","2026-07-29","2029-09-10","548,00","2,17","","","","","","","","ok","","ANBIMA Data API (web-bff)"
"PALFA6","0,4598","DI_SPREAD","CDI + 0,46%","DI + 0.5900%","2026-07-29","2030-02-15","614,00","2,44","","","","","","","","ok","","ANBIMA Data API (web-bff)"
"PALFA7","8,0372","IPCA_SPREAD","B35 - 23 bps","IPCA + 6.8967%","2026-07-29","2035-09-15","1539,00","6,11","","","","2035-05-15","B35","8,2867","-23","ok","","ANBIMA Data API (web-bff)"
"PALFA8","0,3087","DI_SPREAD","CDI + 0,31%","DI + 0.3000%","2026-07-29","2026-12-19","99,00","0,39","","","","","","","","ok","","ANBIMA Data API (web-bff)"
"PALFB3","8,0526","IPCA_SPREAD","B35 - 22 bps","IPCA + 6.1753%","2026-07-29","2035-10-15","1588,00","6,30","","","","2035-05-15","B35","8,2867","-22","ok","","ANBIMA Data API (web-bff)"
"PALFB6","8,0462","IPCA_SPREAD","B33 - 28 bps","IPCA + 7.7082%","2026-07-29","2035-02-15","1421,00","5,64","","","","2033-05-15","B33","8,3486","-28","ok","","ANBIMA Data API (web-bff)"
"PASN12","9,4828","IPCA_SPREAD","B28 + 85 bps","IPCA + 6.1000%","2026-07-29","2030-07-15","506,00","2,01","","","","2028-08-15","B28","8,5625","85","ok","","ANBIMA Data API (web-bff)"
"PASS12","0,9659","DI_SPREAD","CDI + 0,97%","DI + 1.5500%","2026-07-29","2030-11-01","724,00","2,87","","","","","","","","ok","","ANBIMA Data API (web-bff)"
"PASS13","0,8113","DI_SPREAD","CDI + 0,81%","DI + 1.0800%","2026-07-29","2029-03-15","539,00","2,14","","","","","","","","ok","","ANBIMA Data API (web-bff)"
"PASS14","0,7479","DI_SPREAD","CDI + 0,75%","DI + 0.6500%","2026-07-29","2030-06-01","754,00","2,99","","","","","","","","ok","","ANBIMA Data API (web-bff)"
"PASS24","0,8476","DI_SPREAD","CDI + 0,85%","DI + 0.7000%","2026-07-29","2032-06-01","950,00","3,77","","","","","","","","ok","","ANBIMA Data API (web-bff)"
"PAXA12","9,4641","IPCA_SPREAD","B35 + 109 bps","IPCA + 9.5844%","2026-07-29","2040-02-15","1582,00","6,28","","","","2035-05-15","B35","8,2867","109","ok","","ANBIMA Data API (web-bff)"
"PEJA11","8,2503","IPCA_SPREAD","B29 - 8 bps","IPCA + 7.4100%","2026-07-29","2032-08-15","748,00","2,97","","","","2029-05-15","B29","8,3371","-8","ok","","ANBIMA Data API (web-bff)"
"PEJA12","","PREFIXADO","—","Pré-Fixado 11.1155%","2026-07-29","2029-02-15","","","","","","","","","","sem_taxa","Taxa indicativa vazia","ANBIMA Data API (web-bff)"
"PEJA13","","PREFIXADO","—","Pré-Fixado 11.0121%","2026-07-29","2029-04-15","","","","","","","","","","sem_taxa","Taxa indicativa vazia","ANBIMA Data API (web-bff)"
"PEJA21","1,0389","DI_SPREAD","CDI + 1,04%","DI + 2.0500%","2026-07-29","2027-08-15","235,00","0,93","","","","","","","","ok","","ANBIMA Data API (web-bff)"
"PEJA22","8,3826","IPCA_SPREAD","B32 + 3 bps","IPCA + 6.4662%","2026-07-29","2034-02-15","1307,00","5,19","","","","2032-08-15","B32","8,3483","3","ok","","ANBIMA Data API (web-bff)"
"PEJA23","8,4516","IPCA_SPREAD","B33 + 10 bps","IPCA + 6.5102%","2026-07-29","2034-04-15","1345,00","5,34","","","","2033-05-15","B33","8,3486","10","ok","","ANBIMA Data API (web-bff)"
"PETR17","7,2692","IPCA_SPREAD","B29 - 99 bps","IPCA + 3.6000%","2026-07-29","2029-09-15","736,00","2,92","","","","2029-05-15","B29","8,3371","-99","ok","","ANBIMA Data API (web-bff)"
"PETR18","7,3769","IPCA_SPREAD","B35 - 84 bps","IPCA + 6.3874%","2026-07-29","2035-06-15","1707,00","6,77","","","","2035-05-15","B35","8,2867","-84","ok","","ANBIMA Data API (web-bff)"
"PETR26","7,2234","IPCA_SPREAD","B29 - 103 bps","IPCA + 4.2186%","2026-07-29","2029-01-15","589,00","2,34","","","","2029-05-15","B29","8,3371","-103","ok","","ANBIMA Data API (web-bff)"
"PETR27","7,4563","IPCA_SPREAD","B35 - 77 bps","IPCA + 3.9000%","2026-07-29","2034-09-15","1698,00","6,74","","","","2035-05-15","B35","8,2867","-77","ok","","ANBIMA Data API (web-bff)"
"PETR28","7,2962","IPCA_SPREAD","B40 - 65 bps","IPCA + 6.6556%","2026-07-29","2040-06-15","2180,00","8,65","","","","2040-08-15","B40","8,0034","-65","ok","","ANBIMA Data API (web-bff)"
"PETR38","7,2348","IPCA_SPREAD","B45 - 56 bps","IPCA + 6.8431%","2026-07-29","2045-06-15","2615,00","10,38","","","","2045-05-15","B45","7,8339","-56","ok","","ANBIMA Data API (web-bff)"
"PFOR15","1,4223","DI_SPREAD","CDI + 1,42%","DI + 1.2000%","2026-07-29","2030-02-20","599,00","2,38","","","","","","","","ok","","ANBIMA Data API (web-bff)"
"PFOR16","1,3701","DI_SPREAD","CDI + 1,37%","DI + 1.4500%","2026-07-29","2030-07-15","697,00","2,77","","","","","","","","ok","","ANBIMA Data API (web-bff)"
"PFOR25","1,6161","DI_SPREAD","CDI + 1,62%","DI + 1.3500%","2026-07-29","2032-02-20","867,00","3,44","","","","","","","","ok","","ANBIMA Data API (web-bff)"
"PFOR26","1,4968","DI_SPREAD","CDI + 1,50%","DI + 1.6000%","2026-07-29","2032-07-15","964,00","3,83","","","","","","","","ok","","ANBIMA Data API (web-bff)"
"PGMN26","1,6229","DI_SPREAD","CDI + 1,62%","DI + 2.2000%","2026-07-29","2028-11-05","387,00","1,54","","","","","","","","ok","","ANBIMA Data API (web-bff)"
"PLSB1A","9,9148","IPCA_SPREAD","B29 + 146 bps","IPCA + 5.8550%","2026-07-29","2031-10-15","707,00","2,81","","","","2029-05-15","B29","8,3371","146","ok","","ANBIMA Data API (web-bff)"
"PLSB2A","1,2641","DI_SPREAD","CDI + 1,26%","DI + 1.5500%","2026-07-29","2028-10-15","294,00","1,17","","","","","","","","ok","","ANBIMA Data API (web-bff)"
"POTE11","8,6518","IPCA_SPREAD","B35 + 34 bps","IPCA + 7.3706%","2026-07-29","2041-12-15","1541,00","6,12","","","","2035-05-15","B35","8,2867","34","ok","","ANBIMA Data API (web-bff)"
"POTE12","8,5566","IPCA_SPREAD","B33 + 19 bps","IPCA + 7.0416%","2026-07-29","2042-10-15","1431,00","5,68","","","","2033-05-15","B33","8,3486","19","ok","","ANBIMA Data API (web-bff)"
"PRAS11","8,1760","IPCA_SPREAD","B30 - 19 bps","IPCA + 5.7656%","2026-07-29","2034-08-15","920,00","3,65","","","","2030-08-15","B30","8,3787","-19","ok","","ANBIMA Data API (web-bff)"
"PRLG17","1,0941","DI_SPREAD","CDI + 1,09%","DI + 1.2000%","2026-07-29","2030-04-10","712,00","2,83","","","","","","","","ok","","ANBIMA Data API (web-bff)"
"PRPO12","8,4556","IPCA_SPREAD","B29 + 11 bps","IPCA + 4.2200%","2026-07-29","2031-12-15","709,00","2,81","","","","2029-05-15","B29","8,3371","11","ok","","ANBIMA Data API (web-bff)"
"PRSS11","9,2724","IPCA_SPREAD","B35 + 91 bps","IPCA + 8.6141%","2026-07-29","2040-02-15","1613,00","6,40","","","","2035-05-15","B35","8,2867","91","ok","","ANBIMA Data API (web-bff)"
"PRTE12","7,8494","IPCA_SPREAD","B27 - 27 bps","IPCA + 6.9045%","2026-07-29","2028-03-15","229,00","0,91","","","","2027-05-15","B27","8,1369","-27","ok","","ANBIMA Data API (web-bff)"
"PSAN13","2,3008","DI_SPREAD","CDI + 2,30%","DI + 2.3000%","2026-07-29","2030-03-18","607,00","2,41","","","","","","","","ok","","ANBIMA Data API (web-bff)"
"PSAN23","2,2985","DI_SPREAD","CDI + 2,30%","DI + 2.7000%","2026-07-29","2030-03-18","679,00","2,69","","","","","","","","ok","","ANBIMA Data API (web-bff)"
"PTAZ11","8,2386","IPCA_SPREAD","B40 + 22 bps","IPCA + 5.6904%","2026-07-29","2046-04-15","2103,00","8,35","","","","2040-08-15","B40","8,0034","22","ok","","ANBIMA Data API (web-bff)"
"QMCT14","9,3088","IPCA_SPREAD","B32 + 89 bps","IPCA + 9.6588%","2026-07-29","2035-08-15","1208,00","4,79","","","","2032-08-15","B32","8,3483","89","ok","","ANBIMA Data API (web-bff)"
"QUAL16","2,7882","DI_SPREAD","CDI + 2,79%","DI + 1.8500%","2026-07-29","2027-06-03","201,00","0,80","","","","","","","","ok","","ANBIMA Data API (web-bff)"
"QUAL17","4,3820","DI_SPREAD","CDI + 4,38%","DI + 3.5000%","2026-07-29","2028-03-15","195,00","0,77","","","","","","","","ok","","ANBIMA Data API (web-bff)"
"QUAL18","4,4183","DI_SPREAD","CDI + 4,42%","DI + 2.5000%","2026-07-29","2029-10-15","436,00","1,73","","","","","","","","ok","","ANBIMA Data API (web-bff)"
"QUAT13","9,3697","IPCA_SPREAD","B30 + 91 bps","IPCA + 7.8722%","2026-07-29","2034-07-15","910,00","3,61","","","","2030-08-15","B30","8,3787","91","ok","","ANBIMA Data API (web-bff)"
"QUNT11","0,7732","DI_SPREAD","CDI + 0,77%","DI + 1.0000%","2026-07-29","2031-11-18","788,00","3,13","","","","","","","","ok","","ANBIMA Data API (web-bff)"
"QYAN11","0,7067","DI_SPREAD","CDI + 0,71%","DI + 1.0000%","2026-07-29","2032-11-18","844,00","3,35","","","","","","","","ok","","ANBIMA Data API (web-bff)"
"RADL14","103,7839","DI_PERCENTUAL","CDI + 0,46%","106.9900% DI","2026-07-29","2027-06-17","211,00","0,84","103,7839","0,4565","spread = (1 + (%CDI/100)*L)/(1 + L) - 1; L = TaxaLTN_252 venc ref 2027-07-01 = 13,72%","","","","","ok","","ANBIMA Data API (web-bff)"
"RADL15","0,6243","DI_SPREAD","CDI + 0,62%","DI + 1.4900%","2026-07-29","2029-01-25","445,00","1,77","","","","","","","","ok","","ANBIMA Data API (web-bff)"
"RADL19","0,4076","DI_SPREAD","CDI + 0,41%","DI + 0.6500%","2026-07-29","2031-04-22","796,00","3,16","","","","","","","","ok","","ANBIMA Data API (web-bff)"
"RADLA0","0,3983","DI_SPREAD","CDI + 0,40%","DI + 0.6000%","2026-07-29","2032-04-15","924,00","3,67","","","","","","","","ok","","ANBIMA Data API (web-bff)"
"RADLA1","0,4272","DI_SPREAD","CDI + 0,43%","DI + 0.4400%","2026-07-29","2032-11-10","1002,00","3,98","","","","","","","","ok","","ANBIMA Data API (web-bff)"
"RAIZ13","","IPCA_SPREAD","—","IPCA + 6.4879%","2026-07-29","2034-09-15","","","","","","","","","","sem_taxa","Taxa indicativa vazia","ANBIMA Data API (web-bff)"
"RAIZ14","","DI_SPREAD","—","DI + 1.3000%","2026-07-29","2030-07-15","","","","","","","","","","sem_taxa","Taxa indicativa vazia","ANBIMA Data API (web-bff)"
"RAIZ23","","IPCA_SPREAD","—","IPCA + 6.4794%","2026-07-29","2039-09-15","","","","","","","","","","sem_taxa","Taxa indicativa vazia","ANBIMA Data API (web-bff)"
"RALM11","9,1946","IPCA_SPREAD","B37 + 99 bps","IPCA + 7.8293%","2026-07-29","2048-12-15","2072,00","8,22","","","","2037-05-15","B37","8,1191","99","ok","","ANBIMA Data API (web-bff)"
"RALM21","9,2138","IPCA_SPREAD","B37 + 101 bps","IPCA + 7.8293%","2026-07-29","2048-12-15","2071,00","8,22","","","","2037-05-15","B37","8,1191","101","ok","","ANBIMA Data API (web-bff)"
"RATL11","8,0089","IPCA_SPREAD","B33 - 31 bps","IPCA + 7.1717%","2026-07-29","2036-12-15","1327,00","5,27","","","","2033-05-15","B33","8,3486","-31","ok","","ANBIMA Data API (web-bff)"
"RDOE18","8,0194","IPCA_SPREAD","B30 - 33 bps","IPCA + 5.9500%","2026-07-29","2031-04-15","823,00","3,27","","","","2030-08-15","B30","8,3787","-33","ok","","ANBIMA Data API (web-bff)"
"RDORA5","1,1682","DI_SPREAD","CDI + 1,17%","DI + 2.0000%","2026-07-29","2032-10-15","1010,00","4,01","","","","","","","","ok","","ANBIMA Data API (web-bff)"
"RDORB3","1,0173","DI_SPREAD","CDI + 1,02%","DI + 1.9000%","2026-07-29","2032-05-15","859,00","3,41","","","","","","","","ok","","ANBIMA Data API (web-bff)"
"RDORB5","1,0806","DI_SPREAD","CDI + 1,08%","DI + 1.9500%","2026-07-29","2032-10-15","958,00","3,80","","","","","","","","ok","","ANBIMA Data API (web-bff)"
"RDORB9","0,9724","DI_SPREAD","CDI + 0,97%","DI + 1.9000%","2026-07-29","2031-08-20","736,00","2,92","","","","","","","","ok","","ANBIMA Data API (web-bff)"
"RDORC3","1,0248","DI_SPREAD","CDI + 1,02%","DI + 1.9000%","2026-07-29","2032-05-15","859,00","3,41","","","","","","","","ok","","ANBIMA Data API (web-bff)"
"RDORC4","0,3712","DI_SPREAD","CDI + 0,37%","DI + 0.6500%","2026-07-29","2027-09-15","258,00","1,02","","","","","","","","ok","","ANBIMA Data API (web-bff)"
"RDORC7","0,4870","DI_SPREAD","CDI + 0,49%","DI + 0.7900%","2026-07-29","2029-06-20","416,00","1,65","","","","","","","","ok","","ANBIMA Data API (web-bff)"
"RDORC9","0,9717","DI_SPREAD","CDI + 0,97%","DI + 1.9000%","2026-07-29","2031-08-20","736,00","2,92","","","","","","","","ok","","ANBIMA Data API (web-bff)"
"RDORD3","1,0730","DI_SPREAD","CDI + 1,07%","DI + 1.7000%","2026-07-29","2034-05-05","1162,00","4,61","","","","","","","","ok","","ANBIMA Data API (web-bff)"
"RDORD4","0,9505","DI_SPREAD","CDI + 0,95%","DI + 1.1000%","2026-07-29","2031-09-15","894,00","3,55","","","","","","","","ok","","ANBIMA Data API (web-bff)"
"RDORD7","1,0164","DI_SPREAD","CDI + 1,02%","DI + 1.7000%","2026-07-29","2030-02-20","597,00","2,37","","","","","","","","ok","","ANBIMA Data API (web-bff)"
"RDORD9","1,5376","DI_SPREAD","CDI + 1,54%","DI + 2.2500%","2026-07-29","2026-07-27","1,00","0,00","","","","","","","","ok","","ANBIMA Data API (web-bff)"
"RDORE4","1,0949","DI_SPREAD","CDI + 1,09%","DI + 1.3000%","2026-07-29","2034-09-15","1174,00","4,66","","","","","","","","ok","","ANBIMA Data API (web-bff)"
"RDORF1","1,0324","DI_SPREAD","CDI + 1,03%","DI + 0.9000%","2026-07-29","2033-06-10","1063,00","4,22","","","","","","","","ok","","ANBIMA Data API (web-bff)"
"RDORF8","1,1156","DI_SPREAD","CDI + 1,12%","DI + 1.1500%","2026-07-29","2035-11-20","1216,00","4,83","","","","","","","","ok","","ANBIMA Data API (web-bff)"
"RDORG6","0,9957","DI_SPREAD","CDI + 1,00%","DI + 1.0000%","2026-07-29","2032-08-20","989,00","3,92","","","","","","","","ok","","ANBIMA Data API (web-bff)"
"RDORG9","1,0919","DI_SPREAD","CDI + 1,09%","DI + 1.3000%","2026-07-29","2036-01-10","1249,00","4,96","","","","","","","","ok","","ANBIMA Data API (web-bff)"
"RDORH6","1,1124","DI_SPREAD","CDI + 1,11%","DI + 1.1500%","2026-07-29","2035-08-20","1155,00","4,58","","","","","","","","ok","","ANBIMA Data API (web-bff)"
"RDORI6","1,2708","DI_SPREAD","CDI + 1,27%","DI + 1.5500%","2026-07-29","2040-08-20","1407,00","5,58","","","","","","","","ok","","ANBIMA Data API (web-bff)"
"RDVE11","8,0088","IPCA_SPREAD","B32 - 31 bps","IPCA + 7.0421%","2026-07-29","2038-04-15","1156,00","4,59","","","","2032-08-15","B32","8,3483","-31","ok","","ANBIMA Data API (web-bff)"
"RECV11","8,4930","IPCA_SPREAD","B30 + 11 bps","IPCA + 7.3249%","2026-07-29","2031-05-15","825,00","3,27","","","","2030-08-15","B30","8,3787","11","ok","","ANBIMA Data API (web-bff)"
"RECV12","0,7958","DI_SPREAD","CDI + 0,80%","DI + 1.1500%","2026-07-29","2029-10-15","559,00","2,22","","","","","","","","ok","","ANBIMA Data API (web-bff)"
"RECV13","0,6308","DI_SPREAD","CDI + 0,63%","DI + 1.1000%","2026-07-29","2032-07-04","905,00","3,59","","","","","","","","ok","","ANBIMA Data API (web-bff)"
"RECV14","8,3513","IPCA_SPREAD","B32 + 0 bps","IPCA + 7.4564%","2026-07-29","2032-12-15","1205,00","4,78","","","","2032-08-15","B32","8,3483","0","ok","","ANBIMA Data API (web-bff)"
"RECV21","","PREFIXADO","—","Pré-Fixado 12.8886%","2026-07-29","2031-05-15","","","","","","","","","","sem_taxa","Taxa indicativa vazia","ANBIMA Data API (web-bff)"
"RECV24","8,6471","IPCA_SPREAD","B35 + 33 bps","IPCA + 7.2833%","2026-07-29","2035-12-15","1574,00","6,25","","","","2035-05-15","B35","8,2867","33","ok","","ANBIMA Data API (web-bff)"
"RENTA5","1,2709","DI_SPREAD","CDI + 1,27%","DI + 2.3500%","2026-07-29","2033-08-11","955,00","3,79","","","","","","","","ok","","ANBIMA Data API (web-bff)"
"RENTC4","1,2847","DI_SPREAD","CDI + 1,28%","DI + 1.8500%","2026-07-29","2028-11-25","498,00","1,98","","","","","","","","ok","","ANBIMA Data API (web-bff)"
"RENTC8","1,2547","DI_SPREAD","CDI + 1,25%","DI + 1.8500%","2026-07-29","2029-02-27","522,00","2,07","","","","","","","","ok","","ANBIMA Data API (web-bff)"
"RENTD0","1,0227","DI_SPREAD","CDI + 1,02%","DI + 1.5500%","2026-07-29","2030-12-10","749,00","2,97","","","","","","","","ok","","ANBIMA Data API (web-bff)"
"RENTD1","10,1311","IPCA_SPREAD","B33 + 165 bps","IPCA + 8.8670%","2026-07-29","2031-12-15","1347,00","5,35","","","","2033-05-15","B33","8,3486","165","ok","","ANBIMA Data API (web-bff)"
"RENTD5","1,0879","DI_SPREAD","CDI + 1,09%","DI + 1.1800%","2026-07-29","2031-08-27","817,00","3,24","","","","","","","","ok","","ANBIMA Data API (web-bff)"
"RENTD9","1,2599","DI_SPREAD","CDI + 1,26%","DI + 1.8500%","2026-07-29","2030-04-16","710,00","2,82","","","","","","","","ok","","ANBIMA Data API (web-bff)"
"RENTE2","1,0547","DI_SPREAD","CDI + 1,05%","DI + 1.2000%","2026-07-29","2030-05-20","739,00","2,93","","","","","","","","ok","","ANBIMA Data API (web-bff)"
"RENTE3","1,0959","DI_SPREAD","CDI + 1,10%","DI + 1.2000%","2026-07-29","2031-07-17","773,00","3,07","","","","","","","","ok","","ANBIMA Data API (web-bff)"
"RENTE4","1,2152","DI_SPREAD","CDI + 1,22%","DI + 1.3000%","2026-07-29","2032-08-01","854,00","3,39","","","","","","","","ok","","ANBIMA Data API (web-bff)"
"RENTE5","1,2961","DI_SPREAD","CDI + 1,30%","DI + 1.2800%","2026-07-29","2032-08-27","931,00","3,69","","","","","","","","ok","","ANBIMA Data API (web-bff)"
"RENTE9","1,3842","DI_SPREAD","CDI + 1,38%","DI + 2.1500%","2026-07-29","2034-04-16","1049,00","4,16","","","","","","","","ok","","ANBIMA Data API (web-bff)"
"RENTF2","1,2056","DI_SPREAD","CDI + 1,21%","DI + 1.4000%","2026-07-29","2032-05-20","989,00","3,92","","","","","","","","ok","","ANBIMA Data API (web-bff)"
"RESA14","","IPCA_SPREAD","—","IPCA + 3.5390%","2026-07-29","2029-11-15","","","","","","","","","","sem_taxa","Taxa indicativa vazia","ANBIMA Data API (web-bff)"
"RESA15","","IPCA_SPREAD","—","IPCA + 5.8000%","2026-07-29","2030-06-15","","","","","","","","","","sem_taxa","Taxa indicativa vazia","ANBIMA Data API (web-bff)"
"RESA17","","IPCA_SPREAD","—","IPCA + 5.9219%","2026-07-29","2029-03-15","","","","","","","","","","sem_taxa","Taxa indicativa vazia","ANBIMA Data API (web-bff)"
"RESA27","","IPCA_SPREAD","—","IPCA + 5.9645%","2026-07-29","2032-03-15","","","","","","","","","","sem_taxa","Taxa indicativa vazia","ANBIMA Data API (web-bff)"
"RIGEA1","","IPCA_SPREAD","—","IPCA + 4.3000%","2026-07-29","2031-05-15","","","","","","","","","","sem_taxa","Taxa indicativa vazia","ANBIMA Data API (web-bff)"
"RIGEA3","8,0834","IPCA_SPREAD","B28 - 44 bps","IPCA + 5.9853%","2026-07-29","2029-05-15","534,00","2,12","","","","2028-08-15","B28","8,5625","-44","ok","","ANBIMA Data API (web-bff)"
"RIPR22","8,0377","IPCA_SPREAD","B30 - 31 bps","IPCA + 4.6279%","2026-07-29","2031-06-15","881,00","3,50","","","","2030-08-15","B30","8,3787","-31","ok","","ANBIMA Data API (web-bff)"
"RIS412","12,2234","IPCA_SPREAD","B31 + 357 bps","IPCA + 6.9000%","2026-07-29","2034-01-15","1017,00","4,04","","","","2031-05-15","B31","8,3500","357","ok","","ANBIMA Data API (web-bff)"
"RIS414","11,9112","IPCA_SPREAD","B31 + 329 bps","IPCA + 7.3591%","2026-07-29","2034-09-15","1093,00","4,34","","","","2031-05-15","B31","8,3500","329","ok","","ANBIMA Data API (web-bff)"
"RIS422","11,5073","IPCA_SPREAD","B37 + 313 bps","IPCA + 7.2000%","2026-07-29","2042-01-15","1902,00","7,55","","","","2037-05-15","B37","8,1191","313","ok","","ANBIMA Data API (web-bff)"
"RIS424","11,3311","IPCA_SPREAD","B37 + 297 bps","IPCA + 7.6920%","2026-07-29","2042-09-15","1874,00","7,44","","","","2037-05-15","B37","8,1191","297","ok","","ANBIMA Data API (web-bff)"
"RISP12","12,0776","IPCA_SPREAD","B31 + 344 bps","IPCA + 6.9000%","2026-07-29","2034-01-15","1018,00","4,04","","","","2031-05-15","B31","8,3500","344","ok","","ANBIMA Data API (web-bff)"
"RISP14","12,0901","IPCA_SPREAD","B31 + 345 bps","IPCA + 7.3591%","2026-07-29","2034-09-15","1091,00","4,33","","","","2031-05-15","B31","8,3500","345","ok","","ANBIMA Data API (web-bff)"
"RISP22","11,4746","IPCA_SPREAD","B37 + 310 bps","IPCA + 7.2000%","2026-07-29","2042-01-15","1903,00","7,55","","","","2037-05-15","B37","8,1191","310","ok","","ANBIMA Data API (web-bff)"
"RISP24","11,3695","IPCA_SPREAD","B37 + 301 bps","IPCA + 7.6920%","2026-07-29","2042-09-15","1872,00","7,43","","","","2037-05-15","B37","8,1191","301","ok","","ANBIMA Data API (web-bff)"
"RLMS13","8,9687","IPCA_SPREAD","B37 + 79 bps","IPCA + 8.1674%","2026-07-29","2045-07-15","1971,00","7,82","","","","2037-05-15","B37","8,1191","79","ok","","ANBIMA Data API (web-bff)"
"RMSA12","10,0612","IPCA_SPREAD","B35 + 164 bps","IPCA + 7.6179%","2026-07-29","2042-06-15","1755,00","6,96","","","","2035-05-15","B35","8,2867","164","ok","","ANBIMA Data API (web-bff)"
"RNDNA0","1,6529","DI_SPREAD","CDI + 1,65%","DI + 1.5000%","2026-07-29","2027-11-09","294,00","1,17","","","","","","","","ok","","ANBIMA Data API (web-bff)"
"RNDNA1","2,0037","DI_SPREAD","CDI + 2,00%","DI + 1.1700%","2026-07-29","2031-05-17","867,00","3,44","","","","","","","","ok","","ANBIMA Data API (web-bff)"
"RNDNA2","2,7254","DI_SPREAD","CDI + 2,73%","DI + 0.8500%","2026-07-29","2030-07-25","783,00","3,11","","","","","","","","ok","","ANBIMA Data API (web-bff)"
"RNDNB0","1,9323","DI_SPREAD","CDI + 1,93%","DI + 1.6900%","2026-07-29","2029-11-09","571,00","2,27","","","","","","","","ok","","ANBIMA Data API (web-bff)"
"RNDNB2","2,3022","DI_SPREAD","CDI + 2,30%","DI + 1.1000%","2026-07-29","2032-07-25","1028,00","4,08","","","","","","","","ok","","ANBIMA Data API (web-bff)"
"RODB11","2,3730","DI_SPREAD","CDI + 2,37%","DI + 4.2500%","2026-07-29","2030-05-10","603,00","2,39","","","","","","","","ok","","ANBIMA Data API (web-bff)"
"ROTY13","8,0589","IPCA_SPREAD","B31 - 27 bps","IPCA + 6.9109%","2026-07-29","2031-03-15","986,00","3,91","","","","2031-05-15","B31","8,3500","-27","ok","","ANBIMA Data API (web-bff)"
"RPTA14","8,9080","IPCA_SPREAD","B32 + 52 bps","IPCA + 8.5334%","2026-07-29","2036-03-15","1267,00","5,03","","","","2032-08-15","B32","8,3483","52","ok","","ANBIMA Data API (web-bff)"
"RRRP13","9,2653","IPCA_SPREAD","B30 + 82 bps","IPCA + 8.4166%","2026-07-29","2033-10-15","952,00","3,78","","","","2030-08-15","B30","8,3787","82","ok","","ANBIMA Data API (web-bff)"
"RSAN15","2,2257","DI_SPREAD","CDI + 2,23%","DI + 2.5000%","2026-07-29","2026-12-05","89,00","0,35","","","","","","","","ok","","ANBIMA Data API (web-bff)"
"RSAN16","9,9745","IPCA_SPREAD","B33 + 150 bps","IPCA + 6.9875%","2026-07-29","2034-09-15","1365,00","5,42","","","","2033-05-15","B33","8,3486","150","ok","","ANBIMA Data API (web-bff)"
"RSAN25","2,6604","DI_SPREAD","CDI + 2,66%","DI + 2.9000%","2026-07-29","2028-12-05","499,00","1,98","","","","","","","","ok","","ANBIMA Data API (web-bff)"
"RSAN26","9,7721","IPCA_SPREAD","B37 + 153 bps","IPCA + 7.4224%","2026-07-29","2039-09-15","1910,00","7,58","","","","2037-05-15","B37","8,1191","153","ok","","ANBIMA Data API (web-bff)"
"RSAN34","9,6813","IPCA_SPREAD","B27 + 143 bps","IPCA + 4.3854%","2026-07-29","2028-02-15","249,00","0,99","","","","2027-05-15","B27","8,1369","143","ok","","ANBIMA Data API (web-bff)"
"RSAN44","9,8903","IPCA_SPREAD","B28 + 122 bps","IPCA + 4.8330%","2026-07-29","2031-02-15","561,00","2,23","","","","2028-08-15","B28","8,5625","122","ok","","ANBIMA Data API (web-bff)"
"RUMOA2","8,7661","IPCA_SPREAD","B28 + 19 bps","IPCA + 4.5000%","2026-07-29","2029-02-15","360,00","1,43","","","","2028-08-15","B28","8,5625","19","ok","","ANBIMA Data API (web-bff)"
"RUMOA3","8,7697","IPCA_SPREAD","B28 + 19 bps","IPCA + 3.9000%","2026-07-29","2029-10-15","514,00","2,04","","","","2028-08-15","B28","8,5625","19","ok","","ANBIMA Data API (web-bff)"
"RUMOA4","8,5353","IPCA_SPREAD","B29 + 18 bps","IPCA + 6.7961%","2026-07-29","2030-04-15","611,00","2,42","","","","2029-05-15","B29","8,3371","18","ok","","ANBIMA Data API (web-bff)"
"RUMOA5","8,6241","IPCA_SPREAD","B30 + 23 bps","IPCA + 3.6000%","2026-07-29","2030-12-15","787,00","3,12","","","","2030-08-15","B30","8,3787","23","ok","","ANBIMA Data API (web-bff)"
"RUMOA6","8,6687","IPCA_SPREAD","B30 + 27 bps","IPCA + 4.4998%","2026-07-29","2031-06-15","881,00","3,50","","","","2030-08-15","B30","8,3787","27","ok","","ANBIMA Data API (web-bff)"
"RUMOA7","8,4175","IPCA_SPREAD","B29 + 7 bps","IPCA + 5.7600%","2026-07-29","2029-08-15","690,00","2,74","","","","2029-05-15","B29","8,3371","7","ok","","ANBIMA Data API (web-bff)"
"RUMOB3","8,7301","IPCA_SPREAD","B28 + 15 bps","IPCA + 4.0000%","2026-07-29","2029-10-15","519,00","2,06","","","","2028-08-15","B28","8,5625","15","ok","","ANBIMA Data API (web-bff)"
"RUMOB5","8,6617","IPCA_SPREAD","B35 + 35 bps","IPCA + 4.0000%","2026-07-29","2035-12-15","1729,00","6,86","","","","2035-05-15","B35","8,2867","35","ok","","ANBIMA Data API (web-bff)"
"RUMOB6","8,6215","IPCA_SPREAD","B35 + 31 bps","IPCA + 4.5404%","2026-07-29","2036-06-15","1774,00","7,04","","","","2035-05-15","B35","8,2867","31","ok","","ANBIMA Data API (web-bff)"
"RUMOB7","8,6958","IPCA_SPREAD","B33 + 32 bps","IPCA + 6.1830%","2026-07-29","2033-05-15","1378,00","5,47","","","","2033-05-15","B33","8,3486","32","ok","","ANBIMA Data API (web-bff)"
"SABP12","11,4389","IPCA_SPREAD","B35 + 291 bps","IPCA + 7.3274%","2026-07-29","2043-11-15","1540,00","6,11","","","","2035-05-15","B35","8,2867","291","ok","","ANBIMA Data API (web-bff)"
"SAELA1","8,2683","IPCA_SPREAD","B29 - 6 bps","IPCA + 6.0123%","2026-07-29","2030-01-15","683,00","2,71","","","","2029-05-15","B29","8,3371","-6","ok","","ANBIMA Data API (web-bff)"
"SAELA3","8,2905","IPCA_SPREAD","B31 - 5 bps","IPCA + 6.1581%","2026-07-29","2031-04-15","1017,00","4,04","","","","2031-05-15","B31","8,3500","-5","ok","","ANBIMA Data API (web-bff)"
"SAELA4","0,6098","DI_SPREAD","CDI + 0,61%","DI + 0.8000%","2026-07-29","2029-09-04","617,00","2,45","","","","","","","","ok","","ANBIMA Data API (web-bff)"
"SAELA7","8,4122","IPCA_SPREAD","B35 + 12 bps","IPCA + 7.2318%","2026-07-29","2035-10-15","1673,00","6,64","","","","2035-05-15","B35","8,2867","12","ok","","ANBIMA Data API (web-bff)"
"SAELB3","8,3500","IPCA_SPREAD","B37 + 21 bps","IPCA + 6.4045%","2026-07-29","2039-04-15","2003,00","7,95","","","","2037-05-15","B37","8,1191","21","ok","","ANBIMA Data API (web-bff)"
"SAELB7","8,2330","IPCA_SPREAD","B40 + 21 bps","IPCA + 7.1146%","2026-07-29","2040-10-15","2113,00","8,38","","","","2040-08-15","B40","8,0034","21","ok","","ANBIMA Data API (web-bff)"
"SAELB8","8,4217","IPCA_SPREAD","B35 + 12 bps","IPCA + 6.6675%","2026-07-29","2036-02-15","1728,00","6,86","","","","2035-05-15","B35","8,2867","12","ok","","ANBIMA Data API (web-bff)"
"SAPR10","7,8014","IPCA_SPREAD","B27 - 31 bps","IPCA + 4.6570%","2026-07-29","2027-03-15","152,00","0,60","","","","2027-05-15","B27","8,1369","-31","ok","","ANBIMA Data API (web-bff)"
"SAPRA2","7,9022","IPCA_SPREAD","B29 - 40 bps","IPCA + 4.2474%","2026-07-29","2029-03-15","616,00","2,44","","","","2029-05-15","B29","8,3371","-40","ok","","ANBIMA Data API (web-bff)"
"SAPRA3","7,7224","IPCA_SPREAD","B31 - 58 bps","IPCA + 4.4920%","2026-07-29","2031-03-15","1032,00","4,10","","","","2031-05-15","B31","8,3500","-58","ok","","ANBIMA Data API (web-bff)"
"SAPRB1","0,7282","DI_SPREAD","CDI + 0,73%","DI + 0.8800%","2026-07-29","2027-01-15","116,00","0,46","","","","","","","","ok","","ANBIMA Data API (web-bff)"
"SAPRB3","7,8194","IPCA_SPREAD","B32 - 49 bps","IPCA + 5.8935%","2026-07-29","2032-01-15","1180,00","4,68","","","","2032-08-15","B32","8,3483","-49","ok","","ANBIMA Data API (web-bff)"
"SAPRB4","0,5781","DI_SPREAD","CDI + 0,58%","DI + 1.0500%","2026-07-29","2030-01-15","705,00","2,80","","","","","","","","ok","","ANBIMA Data API (web-bff)"
"SAPRC1","1,0788","DI_SPREAD","CDI + 1,08%","DI + 1.9000%","2026-07-29","2028-04-15","378,00","1,50","","","","","","","","ok","","ANBIMA Data API (web-bff)"
"SAUC16","12,7510","IPCA_SPREAD","B30 + 403 bps","IPCA + 13.3904%","2026-07-29","2034-04-15","775,00","3,08","","","","2030-08-15","B30","8,3787","403","ok","","ANBIMA Data API (web-bff)"
"SAVI13","8,7908","IPCA_SPREAD","B29 + 42 bps","IPCA + 5.9548%","2026-07-29","2031-09-15","695,00","2,76","","","","2029-05-15","B29","8,3371","42","ok","","ANBIMA Data API (web-bff)"
"SBFC13","0,8243","DI_SPREAD","CDI + 0,82%","DI + 2.1000%","2026-07-29","2027-04-29","177,00","0,70","","","","","","","","ok","","ANBIMA Data API (web-bff)"
"SBIOA4","0,7287","DI_SPREAD","CDI + 0,73%","DI + 0.6300%","2026-07-29","2031-03-15","771,00","3,06","","","","","","","","ok","","ANBIMA Data API (web-bff)"
"SBSPA1","0,4704","DI_SPREAD","CDI + 0,47%","DI + 0.4900%","2026-07-29","2029-02-20","526,00","2,09","","","","","","","","ok","","ANBIMA Data API (web-bff)"
"SBSPB1","0,5587","DI_SPREAD","CDI + 0,56%","DI + 1.1000%","2026-07-29","2031-02-20","751,00","2,98","","","","","","","","ok","","ANBIMA Data API (web-bff)"
"SBSPB6","7,5488","IPCA_SPREAD","B27 - 54 bps","IPCA + 4.6500%","2026-07-29","2027-07-15","240,00","0,95","","","","2027-05-15","B27","8,1369","-54","ok","","ANBIMA Data API (web-bff)"
"SBSPC1","0,6087","DI_SPREAD","CDI + 0,61%","DI + 1.3100%","2026-07-29","2034-02-20","1034,00","4,10","","","","","","","","ok","","ANBIMA Data API (web-bff)"
"SBSPC3","0,4157","DI_SPREAD","CDI + 0,42%","DI + 0.6300%","2026-07-29","2027-05-10","184,00","0,73","","","","","","","","ok","","ANBIMA Data API (web-bff)"
"SBSPC6","7,7419","IPCA_SPREAD","B29 - 55 bps","IPCA + 4.9500%","2026-07-29","2030-07-15","696,00","2,76","","","","2029-05-15","B29","8,3371","-55","ok","","ANBIMA Data API (web-bff)"
"SBSPD2","0,2179","DI_SPREAD","CDI + 0,22%","DI + 0.3000%","2026-07-29","2026-09-10","30,00","0,12","","","","","","","","ok","","ANBIMA Data API (web-bff)"
"SBSPD3","0,5268","DI_SPREAD","CDI + 0,53%","DI + 0.5100%","2026-07-29","2032-01-15","989,00","3,92","","","","","","","","ok","","ANBIMA Data API (web-bff)"
"SBSPD4","7,9764","IPCA_SPREAD","B28 - 54 bps","IPCA + 3.3700%","2026-07-29","2029-07-15","472,00","1,87","","","","2028-08-15","B28","8,5625","-54","ok","","ANBIMA Data API (web-bff)"
"SBSPD7","0,6092","DI_SPREAD","CDI + 0,61%","DI + 0.6900%","2026-07-29","2032-11-14","1000,00","3,97","","","","","","","","ok","","ANBIMA Data API (web-bff)"
"SBSPE3","7,8164","IPCA_SPREAD","B35 - 43 bps","IPCA + 7.5485%","2026-07-29","2035-01-15","1578,00","6,26","","","","2035-05-15","B35","8,2867","-43","ok","","ANBIMA Data API (web-bff)"
"SBSPE7","0,6586","DI_SPREAD","CDI + 0,66%","DI + 0.9000%","2026-07-29","2035-11-14","1227,00","4,87","","","","","","","","ok","","ANBIMA Data API (web-bff)"
"SBSPE9","7,7346","IPCA_SPREAD","B31 - 57 bps","IPCA + 5.3058%","2026-07-29","2031-12-15","963,00","3,82","","","","2031-05-15","B31","8,3500","-57","ok","","ANBIMA Data API (web-bff)"
"SBSPF3","7,7209","IPCA_SPREAD","B37 - 37 bps","IPCA + 7.3837%","2026-07-29","2040-01-15","2052,00","8,14","","","","2037-05-15","B37","8,1191","-37","ok","","ANBIMA Data API (web-bff)"
"SBSPF9","7,8421","IPCA_SPREAD","B35 - 41 bps","IPCA + 5.4478%","2026-07-29","2036-12-15","1785,00","7,08","","","","2035-05-15","B35","8,2867","-41","ok","","ANBIMA Data API (web-bff)"
"SBSPI8","7,8601","IPCA_SPREAD","B35 - 39 bps","IPCA + 6.2907%","2026-07-29","2036-02-15","1759,00","6,98","","","","2035-05-15","B35","8,2867","-39","ok","","ANBIMA Data API (web-bff)"
"SBSPJ8","7,7730","IPCA_SPREAD","B37 - 32 bps","IPCA + 6.3507%","2026-07-29","2038-02-15","1998,00","7,93","","","","2037-05-15","B37","8,1191","-32","ok","","ANBIMA Data API (web-bff)"
"SBSPK8","7,6773","IPCA_SPREAD","B40 - 30 bps","IPCA + 6.2467%","2026-07-29","2041-02-15","2215,00","8,79","","","","2040-08-15","B40","8,0034","-30","ok","","ANBIMA Data API (web-bff)"
"SBSPL8","0,6007","DI_SPREAD","CDI + 0,60%","DI + 0.6400%","2026-07-29","2033-02-15","1052,00","4,17","","","","","","","","ok","","ANBIMA Data API (web-bff)"
"SBSPM8","0,6407","DI_SPREAD","CDI + 0,64%","DI + 0.7200%","2026-07-29","2036-02-15","1215,00","4,82","","","","","","","","ok","","ANBIMA Data API (web-bff)"
"SDOM12","","IPCA_SPREAD","—","IPCA + 9.1500%","2026-07-29","2034-01-15","","","","","","","","","","sem_taxa","Taxa indicativa vazia","ANBIMA Data API (web-bff)"
"SERI11","8,9923","IPCA_SPREAD","B32 + 59 bps","IPCA + 6.7830%","2026-07-29","2042-04-15","1219,00","4,84","","","","2032-08-15","B32","8,3483","59","ok","","ANBIMA Data API (web-bff)"
"SIMH16","3,6125","DI_SPREAD","CDI + 3,61%","DI + 3.2000%","2026-07-29","2032-12-20","667,00","2,65","","","","","","","","ok","","ANBIMA Data API (web-bff)"
"SLFT13","2,0718","DI_SPREAD","CDI + 2,07%","DI + 2.5000%","2026-07-29","2029-12-20","395,00","1,57","","","","","","","","ok","","ANBIMA Data API (web-bff)"
"SMFT18","1,3288","DI_SPREAD","CDI + 1,33%","DI + 1.9500%","2026-07-29","2030-10-20","711,00","2,82","","","","","","","","ok","","ANBIMA Data API (web-bff)"
"SMFTA0","0,6618","DI_SPREAD","CDI + 0,66%","DI + 1.1000%","2026-07-29","2029-07-18","535,00","2,12","","","","","","","","ok","","ANBIMA Data API (web-bff)"
"SMFTA1","0,7128","DI_SPREAD","CDI + 0,71%","DI + 0.8900%","2026-07-29","2029-10-30","570,00","2,26","","","","","","","","ok","","ANBIMA Data API (web-bff)"
"SMFTA2","0,6984","DI_SPREAD","CDI + 0,70%","DI + 0.6500%","2026-07-29","2030-09-04","692,00","2,75","","","","","","","","ok","","ANBIMA Data API (web-bff)"
"SMFTA3","0,7482","DI_SPREAD","CDI + 0,75%","DI + 0.5800%","2026-07-29","2030-10-09","717,00","2,85","","","","","","","","ok","","ANBIMA Data API (web-bff)"
"SMFTB3","0,9064","DI_SPREAD","CDI + 0,91%","DI + 0.6800%","2026-07-29","2032-10-09","973,00","3,86","","","","","","","","ok","","ANBIMA Data API (web-bff)"
"SMFTC3","1,0338","DI_SPREAD","CDI + 1,03%","DI + 0.9500%","2026-07-29","2035-10-09","1194,00","4,74","","","","","","","","ok","","ANBIMA Data API (web-bff)"
"SMTO14","8,7438","IPCA_SPREAD","B32 + 37 bps","IPCA + 5.9741%","2026-07-29","2032-01-15","1174,00","4,66","","","","2032-08-15","B32","8,3483","37","ok","","ANBIMA Data API (web-bff)"
"SMTO15","8,4486","IPCA_SPREAD","B29 + 10 bps","IPCA + 7.4737%","2026-07-29","2030-12-15","739,00","2,93","","","","2029-05-15","B29","8,3371","10","ok","","ANBIMA Data API (web-bff)"
"SMTO24","8,5947","IPCA_SPREAD","B35 + 28 bps","IPCA + 6.1076%","2026-07-29","2037-01-15","1779,00","7,06","","","","2035-05-15","B35","8,2867","28","ok","","ANBIMA Data API (web-bff)"
"SNGO10","0,3068","DI_SPREAD","CDI + 0,31%","DI + 1.5500%","2026-07-29","2027-06-15","110,00","0,44","","","","","","","","ok","","ANBIMA Data API (web-bff)"
"SNGO19","0,2425","DI_SPREAD","CDI + 0,24%","DI + 1.9000%","2026-07-29","2026-08-11","9,00","0,04","","","","","","","","ok","","ANBIMA Data API (web-bff)"
"SNGOA1","0,4315","DI_SPREAD","CDI + 0,43%","DI + 2.2500%","2026-07-29","2028-08-23","243,00","0,96","","","","","","","","ok","","ANBIMA Data API (web-bff)"
"SNGOA2","0,5406","DI_SPREAD","CDI + 0,54%","DI + 0.8000%","2026-07-29","2029-07-15","329,00","1,31","","","","","","","","ok","","ANBIMA Data API (web-bff)"
"SNGOA3","0,5836","DI_SPREAD","CDI + 0,58%","DI + 0.6500%","2026-07-29","2030-04-15","475,00","1,88","","","","","","","","ok","","ANBIMA Data API (web-bff)"
"SPRZ11","7,9178","IPCA_SPREAD","B28 - 59 bps","IPCA + 6.7968%","2026-07-29","2030-09-15","432,00","1,71","","","","2028-08-15","B28","8,5625","-59","ok","","ANBIMA Data API (web-bff)"
"SRBS11","7,8513","IPCA_SPREAD","B37 - 25 bps","IPCA + 6.7092%","2026-07-29","2049-12-15","2046,00","8,12","","","","2037-05-15","B37","8,1191","-25","ok","","ANBIMA Data API (web-bff)"
"SRNA11","9,4782","IPCA_SPREAD","B33 + 104 bps","IPCA + 8.2427%","2026-07-29","2035-03-15","1399,00","5,55","","","","2033-05-15","B33","8,3486","104","ok","","ANBIMA Data API (web-bff)"
"SRTI11","8,5531","IPCA_SPREAD","B29 + 20 bps","IPCA + 7.0916%","2026-07-29","2032-12-15","757,00","3,00","","","","2029-05-15","B29","8,3371","20","ok","","ANBIMA Data API (web-bff)"
"STBP15","0,7014","DI_SPREAD","CDI + 0,70%","DI + 0.5500%","2026-07-29","2029-08-15","606,00","2,40","","","","","","","","ok","","ANBIMA Data API (web-bff)"
"STBP25","0,7184","DI_SPREAD","CDI + 0,72%","DI + 0.7000%","2026-07-29","2031-08-15","817,00","3,24","","","","","","","","ok","","ANBIMA Data API (web-bff)"
"STBP35","7,9428","IPCA_SPREAD","B33 - 37 bps","IPCA + 6.3936%","2026-07-29","2034-08-15","1392,00","5,52","","","","2033-05-15","B33","8,3486","-37","ok","","ANBIMA Data API (web-bff)"
"STBP45","7,9596","IPCA_SPREAD","B37 - 15 bps","IPCA + 6.5408%","2026-07-29","2039-08-15","2024,00","8,03","","","","2037-05-15","B37","8,1191","-15","ok","","ANBIMA Data API (web-bff)"
"STRZ11","8,4104","IPCA_SPREAD","B33 + 6 bps","IPCA + 6.9343%","2026-07-29","2039-03-15","1316,00","5,22","","","","2033-05-15","B33","8,3486","6","ok","","ANBIMA Data API (web-bff)"
"SUMI17","14,0710","IPCA_SPREAD","B30 + 525 bps","IPCA + 7.7490%","2026-07-29","2031-07-15","938,00","3,72","","","","2030-08-15","B30","8,3787","525","ok","","ANBIMA Data API (web-bff)"
"SUMI18","14,9408","IPCA_SPREAD","B30 + 605 bps","IPCA + 8.5214%","2026-07-29","2031-10-15","943,00","3,74","","","","2030-08-15","B30","8,3787","605","ok","","ANBIMA Data API (web-bff)"
"SUMI19","13,9289","IPCA_SPREAD","B31 + 515 bps","IPCA + 9.4735%","2026-07-29","2032-04-15","1006,00","3,99","","","","2031-05-15","B31","8,3500","515","ok","","ANBIMA Data API (web-bff)"
"SUMI37","14,9228","IPCA_SPREAD","B32 + 607 bps","IPCA + 8.0993%","2026-07-29","2034-07-15","1285,00","5,10","","","","2032-08-15","B32","8,3483","607","ok","","ANBIMA Data API (web-bff)"
"SUMI39","3,4995","DI_SPREAD","CDI + 3,50%","DI + 2.0000%","2026-07-29","2031-04-15","521,00","2,07","","","","","","","","ok","","ANBIMA Data API (web-bff)"
"SUZB19","7,6431","IPCA_SPREAD","B30 - 68 bps","IPCA + 6.0188%","2026-07-29","2030-06-15","871,00","3,46","","","","2030-08-15","B30","8,3787","-68","ok","","ANBIMA Data API (web-bff)"
"SUZB29","7,7203","IPCA_SPREAD","B33 - 58 bps","IPCA + 6.2477%","2026-07-29","2033-06-15","1407,00","5,58","","","","2033-05-15","B33","8,3486","-58","ok","","ANBIMA Data API (web-bff)"
"SUZBA0","7,6322","IPCA_SPREAD","B37 - 45 bps","IPCA + 6.1889%","2026-07-29","2038-09-15","1967,00","7,81","","","","2037-05-15","B37","8,1191","-45","ok","","ANBIMA Data API (web-bff)"
"SUZBA1","0,4580","DI_SPREAD","CDI + 0,46%","DI + 0.8000%","2026-07-29","2032-05-15","941,00","3,73","","","","","","","","ok","","ANBIMA Data API (web-bff)"
"SUZBB1","0,5044","DI_SPREAD","CDI + 0,50%","DI + 1.0000%","2026-07-29","2034-05-15","1147,00","4,55","","","","","","","","ok","","ANBIMA Data API (web-bff)"
"SUZBC1","7,7838","IPCA_SPREAD","B35 - 46 bps","IPCA + 6.1100%","2026-07-29","2036-05-15","1757,00","6,97","","","","2035-05-15","B35","8,2867","-46","ok","","ANBIMA Data API (web-bff)"
"SVEA14","1,9429","DI_SPREAD","CDI + 1,94%","DI + 3.1000%","2026-07-29","2029-04-12","313,00","1,24","","","","","","","","ok","","ANBIMA Data API (web-bff)"
"SVEA15","1,9678","DI_SPREAD","CDI + 1,97%","DI + 2.1000%","2026-07-29","2032-06-06","639,00","2,54","","","","","","","","ok","","ANBIMA Data API (web-bff)"
"SVEA16","2,3670","DI_SPREAD","CDI + 2,37%","DI + 2.5000%","2026-07-29","2035-11-12","1033,00","4,10","","","","","","","","ok","","ANBIMA Data API (web-bff)"
"TAEE17","7,8940","IPCA_SPREAD","B35 - 36 bps","IPCA + 4.5000%","2026-07-29","2044-09-15","1709,00","6,78","","","","2035-05-15","B35","8,2867","-36","ok","","ANBIMA Data API (web-bff)"
"TAEE18","7,8737","IPCA_SPREAD","B32 - 44 bps","IPCA + 4.7742%","2026-07-29","2039-12-15","1308,00","5,19","","","","2032-08-15","B32","8,3483","-44","ok","","ANBIMA Data API (web-bff)"
"TAEE26","7,7372","IPCA_SPREAD","B37 - 35 bps","IPCA + 5.5000%","2026-07-29","2044-05-15","2010,00","7,98","","","","2037-05-15","B37","8,1191","-35","ok","","ANBIMA Data API (web-bff)"
"TAEEA1","0,4607","DI_SPREAD","CDI + 0,46%","DI + 1.7000%","2026-07-29","2028-05-15","398,00","1,58","","","","","","","","ok","","ANBIMA Data API (web-bff)"
"TAEEA2","7,9207","IPCA_SPREAD","B35 - 34 bps","IPCA + 4.7605%","2026-07-29","2036-05-15","1753,00","6,96","","","","2035-05-15","B35","8,2867","-34","ok","","ANBIMA Data API (web-bff)"
"TAEEA4","7,8761","IPCA_SPREAD","B33 - 44 bps","IPCA + 5.8741%","2026-07-29","2033-09-15","1437,00","5,70","","","","2033-05-15","B33","8,3486","-44","ok","","ANBIMA Data API (web-bff)"
"TAEEA5","0,4186","DI_SPREAD","CDI + 0,42%","DI + 0.6300%","2026-07-29","2029-03-15","542,00","2,15","","","","","","","","ok","","ANBIMA Data API (web-bff)"
"TAEEA6","0,4452","DI_SPREAD","CDI + 0,45%","DI + 0.5500%","2026-07-29","2031-09-15","841,00","3,34","","","","","","","","ok","","ANBIMA Data API (web-bff)"
"TAEEA7","7,7857","IPCA_SPREAD","B37 - 31 bps","IPCA + 7.1690%","2026-07-29","2040-01-15","1935,00","7,68","","","","2037-05-15","B37","8,1191","-31","ok","","ANBIMA Data API (web-bff)"
"TAEEA8","7,8629","IPCA_SPREAD","B31 - 45 bps","IPCA + 7.1499%","2026-07-29","2032-07-15","1131,00","4,49","","","","2031-05-15","B31","8,3500","-45","ok","","ANBIMA Data API (web-bff)"
"TAEEA9","0,5425","DI_SPREAD","CDI + 0,54%","DI + 0.6000%","2026-07-29","2032-10-23","987,00","3,92","","","","","","","","ok","","ANBIMA Data API (web-bff)"
"TAEEB0","7,5775","IPCA_SPREAD","B50 - 21 bps","IPCA + 6.4712%","2026-07-29","2040-12-15","3017,00","11,97","","","","2050-08-15","B50","7,8059","-21","ok","","ANBIMA Data API (web-bff)"
"TAEEB2","7,7590","IPCA_SPREAD","B29 - 53 bps","IPCA + 5.6000%","2026-07-29","2029-04-15","627,00","2,49","","","","2029-05-15","B29","8,3371","-53","ok","","ANBIMA Data API (web-bff)"
"TAEEB4","7,9328","IPCA_SPREAD","B35 - 33 bps","IPCA + 6.0653%","2026-07-29","2035-09-15","1719,00","6,82","","","","2035-05-15","B35","8,2867","-33","ok","","ANBIMA Data API (web-bff)"
"TAEEB8","7,8331","IPCA_SPREAD","B33 - 48 bps","IPCA + 7.0564%","2026-07-29","2035-07-15","1504,00","5,97","","","","2033-05-15","B33","8,3486","-48","ok","","ANBIMA Data API (web-bff)"
"TAEEC1","0,3030","DI_SPREAD","CDI + 0,30%","DI + 1.3600%","2026-07-29","2027-01-15","116,00","0,46","","","","","","","","ok","","ANBIMA Data API (web-bff)"
"TAEEC2","7,8274","IPCA_SPREAD","B31 - 48 bps","IPCA + 5.7500%","2026-07-29","2032-04-15","1021,00","4,05","","","","2031-05-15","B31","8,3500","-48","ok","","ANBIMA Data API (web-bff)"
"TAEEC4","7,8722","IPCA_SPREAD","B37 - 23 bps","IPCA + 6.2709%","2026-07-29","2038-09-15","1954,00","7,75","","","","2037-05-15","B37","8,1191","-23","ok","","ANBIMA Data API (web-bff)"
"TAEED2","7,8809","IPCA_SPREAD","B35 - 37 bps","IPCA + 5.8500%","2026-07-29","2037-04-15","1813,00","7,19","","","","2035-05-15","B35","8,2867","-37","ok","","ANBIMA Data API (web-bff)"
"TAEEE1","0,4609","DI_SPREAD","CDI + 0,46%","DI + 0.5100%","2026-07-29","2033-03-15","1021,00","4,05","","","","","","","","ok","","ANBIMA Data API (web-bff)"
"TBEG11","9,3141","IPCA_SPREAD","B31 + 89 bps","IPCA + 5.3231%","2026-07-29","2035-07-15","1067,00","4,23","","","","2031-05-15","B31","8,3500","89","ok","","ANBIMA Data API (web-bff)"
"TBSP12","0,4971","DI_SPREAD","CDI + 0,50%","DI + 0.7000%","2026-07-29","2030-07-23","698,00","2,77","","","","","","","","ok","","ANBIMA Data API (web-bff)"
"TBSP22","0,5882","DI_SPREAD","CDI + 0,59%","DI + 0.8500%","2026-07-29","2032-07-23","970,00","3,85","","","","","","","","ok","","ANBIMA Data API (web-bff)"
"TCII11","8,3564","IPCA_SPREAD","B33 + 1 bps","IPCA + 6.0594%","2026-07-29","2041-09-15","1521,00","6,04","","","","2033-05-15","B33","8,3486","1","ok","","ANBIMA Data API (web-bff)"
"TEPA11","18,4900","IPCA_SPREAD","B28 + 914 bps","IPCA + 9.6888%","2026-07-29","2030-03-15","441,00","1,75","","","","2028-08-15","B28","8,5625","914","ok","","ANBIMA Data API (web-bff)"
"TEPA12","17,2712","IPCA_SPREAD","B29 + 825 bps","IPCA + 10.0924%","2026-07-29","2031-07-15","615,00","2,44","","","","2029-05-15","B29","8,3371","825","ok","","ANBIMA Data API (web-bff)"
"TEPA13","15,2385","IPCA_SPREAD","B30 + 633 bps","IPCA + 11.5593%","2026-07-29","2032-03-15","790,00","3,13","","","","2030-08-15","B30","8,3787","633","ok","","ANBIMA Data API (web-bff)"
"TEPA14","4,1500","DI_SPREAD","CDI + 4,15%","DI + 3.3500%","2026-07-29","2030-12-04","553,00","2,19","","","","","","","","ok","","ANBIMA Data API (web-bff)"
"TEPA23","18,8333","PREFIXADO","18,83%","Pré-Fixado 18.5067%","2026-07-29","2032-03-15","816,00","3,24","","3,6551","spread = (1 + Y)/(1 + L) - 1; Y = pre 18,83%; L = TaxaLTN_252 venc ref 2032-01-01 = 14,64%","","","","","ok","","ANBIMA Data API (web-bff)"
"TFLE19","1,0671","DI_SPREAD","CDI + 1,07%","DI + 1.3000%","2026-07-29","2030-05-28","744,00","2,95","","","","","","","","ok","","ANBIMA Data API (web-bff)"
"TFLEA3","1,3094","DI_SPREAD","CDI + 1,31%","DI + 1.8500%","2026-07-29","2028-12-20","516,00","2,05","","","","","","","","ok","","ANBIMA Data API (web-bff)"
"TFLEA4","1,3937","DI_SPREAD","CDI + 1,39%","DI + 1.8500%","2026-07-29","2029-01-26","541,00","2,15","","","","","","","","ok","","ANBIMA Data API (web-bff)"
"TFLEA6","1,0885","DI_SPREAD","CDI + 1,09%","DI + 1.4500%","2026-07-29","2031-12-11","817,00","3,24","","","","","","","","ok","","ANBIMA Data API (web-bff)"
"TFLEA7","0,9814","DI_SPREAD","CDI + 0,98%","DI + 1.4000%","2026-07-29","2031-02-10","664,00","2,63","","","","","","","","ok","","ANBIMA Data API (web-bff)"
"TFLEA8","1,0237","DI_SPREAD","CDI + 1,02%","DI + 1.2000%","2026-07-29","2030-06-20","761,00","3,02","","","","","","","","ok","","ANBIMA Data API (web-bff)"
"TFLEA9","1,1318","DI_SPREAD","CDI + 1,13%","DI + 1.2400%","2026-07-29","2032-09-09","905,00","3,59","","","","","","","","ok","","ANBIMA Data API (web-bff)"
"TFLEB5","1,0497","DI_SPREAD","CDI + 1,05%","DI + 1.5000%","2026-07-29","2030-11-04","625,00","2,48","","","","","","","","ok","","ANBIMA Data API (web-bff)"
"TFLEC0","1,0234","DI_SPREAD","CDI + 1,02%","DI + 0.9100%","2026-07-29","2030-09-18","698,00","2,77","","","","","","","","ok","","ANBIMA Data API (web-bff)"
"TFLED0","1,1637","DI_SPREAD","CDI + 1,16%","DI + 1.1500%","2026-07-29","2032-09-18","949,00","3,77","","","","","","","","ok","","ANBIMA Data API (web-bff)"
"TIET18","8,3566","IPCA_SPREAD","B28 - 19 bps","IPCA + 6.0215%","2026-07-29","2030-05-15","533,00","2,12","","","","2028-08-15","B28","8,5625","-19","ok","","ANBIMA Data API (web-bff)"
"TIET19","0,6096","DI_SPREAD","CDI + 0,61%","DI + 1.0000%","2026-07-29","2027-03-15","152,00","0,60","","","","","","","","ok","","ANBIMA Data API (web-bff)"
"TIET29","8,3412","IPCA_SPREAD","B28 - 20 bps","IPCA + 4.7133%","2026-07-29","2029-03-15","380,00","1,51","","","","2028-08-15","B28","8,5625","-20","ok","","ANBIMA Data API (web-bff)"
"TIET39","8,3576","IPCA_SPREAD","B28 - 19 bps","IPCA + 4.7133%","2026-07-29","2029-03-15","386,00","1,53","","","","2028-08-15","B28","8,5625","-19","ok","","ANBIMA Data API (web-bff)"
"TIGR12","1,5469","DI_SPREAD","CDI + 1,55%","DI + 0.6000%","2026-07-29","2029-10-24","651,00","2,58","","","","","","","","ok","","ANBIMA Data API (web-bff)"
"TIGR21","1,5597","DI_SPREAD","CDI + 1,56%","DI + 1.7000%","2026-07-29","2028-11-10","392,00","1,56","","","","","","","","ok","","ANBIMA Data API (web-bff)"
"TIMS12","7,5157","IPCA_SPREAD","B27 - 57 bps","IPCA + 3.9182%","2026-07-29","2028-06-15","333,00","1,32","","","","2027-05-15","B27","8,1369","-57","ok","","ANBIMA Data API (web-bff)"
"TLPP27","0,8197","DI_SPREAD","CDI + 0,82%","DI + 1.3500%","2026-07-29","2027-07-12","228,00","0,90","","","","","","","","ok","","ANBIMA Data API (web-bff)"
"TNHL11","8,3015","IPCA_SPREAD","B33 - 4 bps","IPCA + 6.5865%","2026-07-29","2041-09-15","1493,00","5,92","","","","2033-05-15","B33","8,3486","-4","ok","","ANBIMA Data API (web-bff)"
"TOTS15","0,7647","DI_SPREAD","CDI + 0,76%","DI + 0.9500%","2026-07-29","2031-07-19","695,00","2,76","","","","","","","","ok","","ANBIMA Data API (web-bff)"
"TPEN11","7,9199","IPCA_SPREAD","B28 - 59 bps","IPCA + 6.5333%","2026-07-29","2028-09-15","412,00","1,63","","","","2028-08-15","B28","8,5625","-59","ok","","ANBIMA Data API (web-bff)"
"TPNO12","8,2313","IPCA_SPREAD","B28 - 31 bps","IPCA + 7.5826%","2026-07-29","2029-06-15","386,00","1,53","","","","2028-08-15","B28","8,5625","-31","ok","","ANBIMA Data API (web-bff)"
"TPNO13","7,8235","IPCA_SPREAD","B35 - 43 bps","IPCA + 4.9335%","2026-07-29","2038-12-15","1682,00","6,67","","","","2035-05-15","B35","8,2867","-43","ok","","ANBIMA Data API (web-bff)"
"TRCC11","8,1318","IPCA_SPREAD","B28 - 40 bps","IPCA + 6.5333%","2026-07-29","2028-09-15","412,00","1,63","","","","2028-08-15","B28","8,5625","-40","ok","","ANBIMA Data API (web-bff)"
"TRES11","1,5104","DI_SPREAD","CDI + 1,51%","DI + 2.1000%","2026-07-29","2029-04-05","547,00","2,17","","","","","","","","ok","","ANBIMA Data API (web-bff)"
"TRGO11","8,4504","IPCA_SPREAD","B29 + 10 bps","IPCA + 7.0176%","2026-07-29","2031-12-15","666,00","2,64","","","","2029-05-15","B29","8,3371","10","ok","","ANBIMA Data API (web-bff)"
"TRGP13","7,7990","IPCA_SPREAD","B37 - 30 bps","IPCA + 6.9928%","2026-07-29","2038-01-15","1954,00","7,75","","","","2037-05-15","B37","8,1191","-30","ok","","ANBIMA Data API (web-bff)"
"TRPLA3","0,8501","DI_SPREAD","CDI + 0,85%","DI + 1.5000%","2026-07-29","2030-03-15","693,00","2,75","","","","","","","","ok","","ANBIMA Data API (web-bff)"
"TRPLA4","8,0004","IPCA_SPREAD","B33 - 32 bps","IPCA + 6.2607%","2026-07-29","2033-10-15","1361,00","5,40","","","","2033-05-15","B33","8,3486","-32","ok","","ANBIMA Data API (web-bff)"
"TRPLA5","0,5817","DI_SPREAD","CDI + 0,58%","DI + 0.7300%","2026-07-29","2029-03-15","541,00","2,15","","","","","","","","ok","","ANBIMA Data API (web-bff)"
"TRPLA6","0,7402","DI_SPREAD","CDI + 0,74%","DI + 0.8000%","2026-07-29","2031-05-20","812,00","3,22","","","","","","","","ok","","ANBIMA Data API (web-bff)"
"TRPLA7","7,7376","IPCA_SPREAD","B40 - 25 bps","IPCA + 6.7119%","2026-07-29","2036-10-15","2368,00","9,40","","","","2040-08-15","B40","8,0034","-25","ok","","ANBIMA Data API (web-bff)"
"TRPLB4","7,8239","IPCA_SPREAD","B37 - 27 bps","IPCA + 6.4364%","2026-07-29","2038-10-15","1966,00","7,80","","","","2037-05-15","B37","8,1191","-27","ok","","ANBIMA Data API (web-bff)"
"TRPLB5","0,7557","DI_SPREAD","CDI + 0,76%","DI + 0.8000%","2026-07-29","2031-03-17","768,00","3,05","","","","","","","","ok","","ANBIMA Data API (web-bff)"
"TRPLB7","7,8093","IPCA_SPREAD","B37 - 29 bps","IPCA + 6.6052%","2026-07-29","2039-10-15","2067,00","8,20","","","","2037-05-15","B37","8,1191","-29","ok","","ANBIMA Data API (web-bff)"
"TRRG12","8,1196","IPCA_SPREAD","B31 - 21 bps","IPCA + 7.4367%","2026-07-29","2033-01-15","1049,00","4,16","","","","2031-05-15","B31","8,3500","-21","ok","","ANBIMA Data API (web-bff)"
"TSSG13","0,5323","DI_SPREAD","CDI + 0,53%","DI + 0.9800%","2026-07-29","2029-06-20","607,00","2,41","","","","","","","","ok","","ANBIMA Data API (web-bff)"
"TSSG14","0,4205","DI_SPREAD","CDI + 0,42%","DI + 0.6700%","2026-07-29","2030-05-20","542,00","2,15","","","","","","","","ok","","ANBIMA Data API (web-bff)"
"TSSG21","7,8270","IPCA_SPREAD","B33 - 48 bps","IPCA + 5.9851%","2026-07-29","2033-12-15","1326,00","5,26","","","","2033-05-15","B33","8,3486","-48","ok","","ANBIMA Data API (web-bff)"
"TUPW11","5,7298","DI_SPREAD","CDI + 5,73%","DI + 2.9000%","2026-07-29","2034-10-15","768,00","3,05","","","","","","","","ok","","ANBIMA Data API (web-bff)"
"TUPW21","11,4859","IPCA_SPREAD","B32 + 290 bps","IPCA + 8.2194%","2026-07-29","2036-10-15","1192,00","4,73","","","","2032-08-15","B32","8,3483","290","ok","","ANBIMA Data API (web-bff)"
"TUPY15","3,2621","DI_SPREAD","CDI + 3,26%","DI + 0.8700%","2026-07-29","2029-07-17","622,00","2,47","","","","","","","","ok","","ANBIMA Data API (web-bff)"
"TUPY25","4,1196","DI_SPREAD","CDI + 4,12%","DI + 1.0000%","2026-07-29","2031-07-17","834,00","3,31","","","","","","","","ok","","ANBIMA Data API (web-bff)"
"TUPY35","3,7524","DI_SPREAD","CDI + 3,75%","DI + 1.1800%","2026-07-29","2034-07-17","1091,00","4,33","","","","","","","","ok","","ANBIMA Data API (web-bff)"
"TVVH11","8,5593","IPCA_SPREAD","B30 + 17 bps","IPCA + 6.8596%","2026-07-29","2033-11-15","791,00","3,14","","","","2030-08-15","B30","8,3787","17","ok","","ANBIMA Data API (web-bff)"
"UHSM12","7,8351","IPCA_SPREAD","B35 - 42 bps","IPCA + 5.8198%","2026-07-29","2036-10-15","1676,00","6,65","","","","2035-05-15","B35","8,2867","-42","ok","","ANBIMA Data API (web-bff)"
"ULFT14","8,1891","IPCA_SPREAD","B35 - 9 bps","IPCA + 6.6729%","2026-07-29","2035-10-15","1566,00","6,21","","","","2035-05-15","B35","8,2867","-9","ok","","ANBIMA Data API (web-bff)"
"UNDAC3","107,9072","DI_PERCENTUAL","CDI + 0,99%","112.0000% DI","2026-07-29","2029-04-10","465,00","1,85","107,9072","0,9942","spread = (1 + (%CDI/100)*L)/(1 + L) - 1; L = TaxaLTN_252 venc ref 2029-07-01 = 14,38%","","","","","ok","","ANBIMA Data API (web-bff)"
"UNEG11","8,9771","IPCA_SPREAD","B35 + 64 bps","IPCA + 5.9200%","2026-07-29","2039-07-15","1667,00","6,62","","","","2035-05-15","B35","8,2867","64","ok","","ANBIMA Data API (web-bff)"
"UNIP18","1,4892","DI_SPREAD","CDI + 1,49%","DI + 2.0500%","2026-07-29","2030-10-16","707,00","2,81","","","","","","","","ok","","ANBIMA Data API (web-bff)"
"UNIP19","1,3301","DI_SPREAD","CDI + 1,33%","DI + 0.8500%","2026-07-29","2029-09-05","616,00","2,44","","","","","","","","ok","","ANBIMA Data API (web-bff)"
"UNIP29","1,5210","DI_SPREAD","CDI + 1,52%","DI + 1.2000%","2026-07-29","2031-09-05","819,00","3,25","","","","","","","","ok","","ANBIMA Data API (web-bff)"
"UNIP39","1,5946","DI_SPREAD","CDI + 1,59%","DI + 1.6500%","2026-07-29","2034-09-05","1068,00","4,24","","","","","","","","ok","","ANBIMA Data API (web-bff)"
"UNIPA0","1,5690","DI_SPREAD","CDI + 1,57%","DI + 1.0000%","2026-07-29","2032-07-18","974,00","3,87","","","","","","","","ok","","ANBIMA Data API (web-bff)"
"UNIPB0","1,5362","DI_SPREAD","CDI + 1,54%","DI + 1.3500%","2026-07-29","2035-07-18","1206,00","4,79","","","","","","","","ok","","ANBIMA Data API (web-bff)"
"UNIPC0","1,3995","DI_SPREAD","CDI + 1,40%","DI + 1.1500%","2026-07-29","2032-07-18","1009,00","4,00","","","","","","","","ok","","ANBIMA Data API (web-bff)"
"UNTE11","8,9649","IPCA_SPREAD","B27 + 77 bps","IPCA + 5.3418%","2026-07-29","2028-03-15","268,00","1,06","","","","2027-05-15","B27","8,1369","77","ok","","ANBIMA Data API (web-bff)"
"UQFN14","0,9006","DI_SPREAD","CDI + 0,90%","DI + 1.9000%","2026-07-29","2026-10-15","54,00","0,21","","","","","","","","ok","","ANBIMA Data API (web-bff)"
"UQFN15","2,1964","DI_SPREAD","CDI + 2,20%","DI + 1.3000%","2026-07-29","2031-06-13","743,00","2,95","","","","","","","","ok","","ANBIMA Data API (web-bff)"
"USAS11","9,0764","IPCA_SPREAD","B27 + 87 bps","IPCA + 6.8884%","2026-07-29","2028-02-15","257,00","1,02","","","","2027-05-15","B27","8,1369","87","ok","","ANBIMA Data API (web-bff)"
"USAS12","9,2986","IPCA_SPREAD","B30 + 85 bps","IPCA + 8.0857%","2026-07-29","2032-09-15","949,00","3,77","","","","2030-08-15","B30","8,3787","85","ok","","ANBIMA Data API (web-bff)"
"USAS22","9,3828","IPCA_SPREAD","B33 + 95 bps","IPCA + 8.1432%","2026-07-29","2035-09-15","1328,00","5,27","","","","2033-05-15","B33","8,3486","95","ok","","ANBIMA Data API (web-bff)"
"USIM28","1,3816","DI_SPREAD","CDI + 1,38%","DI + 1.7000%","2026-07-29","2029-05-23","493,00","1,96","","","","","","","","ok","","ANBIMA Data API (web-bff)"
"USIM29","1,3940","DI_SPREAD","CDI + 1,39%","DI + 1.6500%","2026-07-29","2029-12-09","592,00","2,35","","","","","","","","ok","","ANBIMA Data API (web-bff)"
"USIM39","1,5645","DI_SPREAD","CDI + 1,56%","DI + 1.9500%","2026-07-29","2032-12-09","931,00","3,69","","","","","","","","ok","","ANBIMA Data API (web-bff)"
"USIMA0","1,3055","DI_SPREAD","CDI + 1,31%","DI + 1.3500%","2026-07-29","2029-09-19","622,00","2,47","","","","","","","","ok","","ANBIMA Data API (web-bff)"
"USIMB0","1,4817","DI_SPREAD","CDI + 1,48%","DI + 1.5000%","2026-07-29","2031-09-19","826,00","3,28","","","","","","","","ok","","ANBIMA Data API (web-bff)"
"USNA13","9,7655","IPCA_SPREAD","B31 + 131 bps","IPCA + 9.0161%","2026-07-29","2033-07-15","1012,00","4,02","","","","2031-05-15","B31","8,3500","131","ok","","ANBIMA Data API (web-bff)"
"UTPS11","9,0515","IPCA_SPREAD","B27 + 85 bps","IPCA + 6.2500%","2026-07-29","2028-04-15","279,00","1,11","","","","2027-05-15","B27","8,1369","85","ok","","ANBIMA Data API (web-bff)"
"UTPS12","9,0617","IPCA_SPREAD","B27 + 86 bps","IPCA + 4.5000%","2026-07-29","2028-04-15","281,00","1,12","","","","2027-05-15","B27","8,1369","86","ok","","ANBIMA Data API (web-bff)"
"UTPS21","9,2047","IPCA_SPREAD","B32 + 79 bps","IPCA + 7.5000%","2026-07-29","2036-10-15","1283,00","5,09","","","","2032-08-15","B32","8,3483","79","ok","","ANBIMA Data API (web-bff)"
"UTPS22","9,2085","IPCA_SPREAD","B33 + 79 bps","IPCA + 5.7500%","2026-07-29","2036-10-15","1329,00","5,27","","","","2033-05-15","B33","8,3486","79","ok","","ANBIMA Data API (web-bff)"
"VALE48","7,5705","IPCA_SPREAD","B28 - 91 bps","IPCA + 6.7800%","2026-07-29","2029-01-15","344,00","1,37","","","","2028-08-15","B28","8,5625","-91","ok","","ANBIMA Data API (web-bff)"
"VALEA0","7,3888","IPCA_SPREAD","B35 - 83 bps","IPCA + 6.3837%","2026-07-29","2034-10-15","1596,00","6,33","","","","2035-05-15","B35","8,2867","-83","ok","","ANBIMA Data API (web-bff)"
"VALEB0","7,3493","IPCA_SPREAD","B37 - 71 bps","IPCA + 6.4368%","2026-07-29","2036-10-15","1865,00","7,40","","","","2037-05-15","B37","8,1191","-71","ok","","ANBIMA Data API (web-bff)"
"VALEB1","7,3631","IPCA_SPREAD","B32 - 91 bps","IPCA + 6.8881%","2026-07-29","2032-05-15","1205,00","4,78","","","","2032-08-15","B32","8,3483","-91","ok","","ANBIMA Data API (web-bff)"
"VALEC0","7,4097","IPCA_SPREAD","B40 - 55 bps","IPCA + 6.4203%","2026-07-29","2039-10-15","2205,00","8,75","","","","2040-08-15","B40","8,0034","-55","ok","","ANBIMA Data API (web-bff)"
"VALEC1","7,4081","IPCA_SPREAD","B35 - 81 bps","IPCA + 6.7624%","2026-07-29","2035-05-15","1668,00","6,62","","","","2035-05-15","B35","8,2867","-81","ok","","ANBIMA Data API (web-bff)"
"VALED1","7,3509","IPCA_SPREAD","B37 - 71 bps","IPCA + 6.7946%","2026-07-29","2037-05-15","1926,00","7,64","","","","2037-05-15","B37","8,1191","-71","ok","","ANBIMA Data API (web-bff)"
"VAMO13","2,6939","DI_SPREAD","CDI + 2,69%","DI + 2.3000%","2026-07-29","2029-06-15","406,00","1,61","","","","","","","","ok","","ANBIMA Data API (web-bff)"
"VAMO14","3,6909","DI_SPREAD","CDI + 3,69%","DI + 2.4000%","2026-07-29","2028-10-15","264,00","1,05","","","","","","","","ok","","ANBIMA Data API (web-bff)"
"VAMO17","3,8674","DI_SPREAD","CDI + 3,87%","DI + 2.1700%","2026-07-29","2028-06-15","417,00","1,65","","","","","","","","ok","","ANBIMA Data API (web-bff)"
"VAMO22","2,8269","DI_SPREAD","CDI + 2,83%","DI + 2.0000%","2026-07-29","2026-08-20","16,00","0,06","","","","","","","","ok","","ANBIMA Data API (web-bff)"
"VAMO23","3,5032","DI_SPREAD","CDI + 3,50%","DI + 2.7500%","2026-07-29","2031-06-15","728,00","2,89","","","","","","","","ok","","ANBIMA Data API (web-bff)"
"VAMO24","4,0755","DI_SPREAD","CDI + 4,08%","DI + 2.8000%","2026-07-29","2031-10-15","749,00","2,97","","","","","","","","ok","","ANBIMA Data API (web-bff)"
"VAMO33","14,3754","IPCA_SPREAD","B30 + 553 bps","IPCA + 6.3605%","2026-07-29","2031-06-15","839,00","3,33","","","","2030-08-15","B30","8,3787","553","ok","","ANBIMA Data API (web-bff)"
"VAMO34","14,8863","IPCA_SPREAD","B30 + 600 bps","IPCA + 7.6897%","2026-07-29","2031-10-15","869,00","3,45","","","","2030-08-15","B30","8,3787","600","ok","","ANBIMA Data API (web-bff)"
"VAMOA0","3,9610","DI_SPREAD","CDI + 3,96%","DI + 2.3500%","2026-07-29","2029-02-21","424,00","1,68","","","","","","","","ok","","ANBIMA Data API (web-bff)"
"VAMOA1","3,4717","DI_SPREAD","CDI + 3,47%","DI + 2.3500%","2026-07-29","2029-06-25","510,00","2,02","","","","","","","","ok","","ANBIMA Data API (web-bff)"
"VBBR15","0,9775","DI_SPREAD","CDI + 0,98%","DI + 1.5000%","2026-07-29","2029-10-03","549,00","2,18","","","","","","","","ok","","ANBIMA Data API (web-bff)"
"VBBR16","0,8109","DI_SPREAD","CDI + 0,81%","DI + 1.0700%","2026-07-29","2031-04-05","780,00","3,10","","","","","","","","ok","","ANBIMA Data API (web-bff)"
"VBBR17","0,8026","DI_SPREAD","CDI + 0,80%","DI + 1.1800%","2026-07-29","2031-06-14","826,00","3,28","","","","","","","","ok","","ANBIMA Data API (web-bff)"
"VBBR18","0,8088","DI_SPREAD","CDI + 0,81%","DI + 1.0500%","2026-07-29","2032-01-08","841,00","3,34","","","","","","","","ok","","ANBIMA Data API (web-bff)"
"VBBR24","1,1136","DI_SPREAD","CDI + 1,11%","DI + 1.7500%","2026-07-29","2031-11-16","771,00","3,06","","","","","","","","ok","","ANBIMA Data API (web-bff)"
"VBBR26","0,9981","DI_SPREAD","CDI + 1,00%","DI + 1.2500%","2026-07-29","2034-04-05","1059,00","4,20","","","","","","","","ok","","ANBIMA Data API (web-bff)"
"VBBRA0","8,4850","IPCA_SPREAD","B33 + 13 bps","IPCA + 7.3800%","2026-07-29","2036-03-15","1441,00","5,72","","","","2033-05-15","B33","8,3486","13","ok","","ANBIMA Data API (web-bff)"
"VBRR11","10,9554","IPCA_SPREAD","B29 + 242 bps","IPCA + 8.5914%","2026-07-29","2030-12-15","631,00","2,50","","","","2029-05-15","B29","8,3371","242","ok","","ANBIMA Data API (web-bff)"
"VDBF12","8,6221","IPCA_SPREAD","B30 + 22 bps","IPCA + 3.8708%","2026-07-29","2033-04-15","875,00","3,47","","","","2030-08-15","B30","8,3787","22","ok","","ANBIMA Data API (web-bff)"
"VEBMA6","1,2501","DI_SPREAD","CDI + 1,25%","DI + 1.4800%","2026-07-29","2030-12-20","829,00","3,29","","","","","","","","ok","","ANBIMA Data API (web-bff)"
"VEBMA8","0,5781","DI_SPREAD","CDI + 0,58%","DI + 0.6700%","2026-07-29","2032-04-16","983,00","3,90","","","","","","","","ok","","ANBIMA Data API (web-bff)"
"VEBMA9","0,6054","DI_SPREAD","CDI + 0,61%","DI + 0.6000%","2026-07-29","2033-01-25","1069,00","4,24","","","","","","","","ok","","ANBIMA Data API (web-bff)"
"VERO12","","IPCA_SPREAD","—","IPCA + 9.3400%","2026-07-29","2030-03-17","","","","","","","","","","sem_taxa","Taxa indicativa vazia","ANBIMA Data API (web-bff)"
"VERO13","","IPCA_SPREAD","—","IPCA + 8.4041%","2026-07-29","2031-03-15","","","","","","","","","","sem_taxa","Taxa indicativa vazia","ANBIMA Data API (web-bff)"
"VERO14","","DI_SPREAD","—","DI + 1.7500%","2026-07-29","2029-10-15","","","","","","","","","","sem_taxa","Taxa indicativa vazia","ANBIMA Data API (web-bff)"
"VERO24","","IPCA_SPREAD","—","IPCA + 8.3524%","2026-07-29","2031-10-15","","","","","","","","","","sem_taxa","Taxa indicativa vazia","ANBIMA Data API (web-bff)"
"VERO25","","IPCA_SPREAD","—","IPCA + 9.2618%","2026-07-29","2032-07-15","","","","","","","","","","sem_taxa","Taxa indicativa vazia","ANBIMA Data API (web-bff)"
"VERO35","","IPCA_SPREAD","—","IPCA + 9.2707%","2026-07-29","2035-07-15","","","","","","","","","","sem_taxa","Taxa indicativa vazia","ANBIMA Data API (web-bff)"
"VERO44","","IPCA_SPREAD","—","IPCA + 8.7014%","2026-07-29","2034-10-15","","","","","","","","","","sem_taxa","Taxa indicativa vazia","ANBIMA Data API (web-bff)"
"VIALA5","8,0193","IPCA_SPREAD","B30 - 33 bps","IPCA + 7.2300%","2026-07-29","2030-04-15","926,00","3,67","","","","2030-08-15","B30","8,3787","-33","ok","","ANBIMA Data API (web-bff)"
"VIVA11","0,7148","DI_SPREAD","CDI + 0,71%","DI + 0.7000%","2026-07-29","2030-08-27","686,00","2,72","","","","","","","","ok","","ANBIMA Data API (web-bff)"
"VIXL15","0,9823","DI_SPREAD","CDI + 0,98%","DI + 2.1500%","2026-07-29","2026-10-26","61,00","0,24","","","","","","","","ok","","ANBIMA Data API (web-bff)"
"VIXL18","1,0709","DI_SPREAD","CDI + 1,07%","DI + 2.0000%","2026-07-29","2030-06-11","586,00","2,33","","","","","","","","ok","","ANBIMA Data API (web-bff)"
"VIXL19","1,2376","DI_SPREAD","CDI + 1,24%","DI + 1.2500%","2026-07-29","2031-10-15","779,00","3,09","","","","","","","","ok","","ANBIMA Data API (web-bff)"
"VIXL25","1,1092","DI_SPREAD","CDI + 1,11%","DI + 2.5000%","2026-07-29","2028-10-26","275,00","1,09","","","","","","","","ok","","ANBIMA Data API (web-bff)"
"VIXL26","1,1105","DI_SPREAD","CDI + 1,11%","DI + 2.8000%","2026-07-29","2028-09-29","317,00","1,26","","","","","","","","ok","","ANBIMA Data API (web-bff)"
"VIXL35","1,0212","DI_SPREAD","CDI + 1,02%","DI + 2.1500%","2026-07-29","2026-10-26","61,00","0,24","","","","","","","","ok","","ANBIMA Data API (web-bff)"
"VIXL45","1,1103","DI_SPREAD","CDI + 1,11%","DI + 2.5000%","2026-07-29","2028-10-26","275,00","1,09","","","","","","","","ok","","ANBIMA Data API (web-bff)"
"VLIDA0","1,2840","DI_SPREAD","CDI + 1,28%","DI + 1.9500%","2026-07-29","2029-04-26","322,00","1,28","","","","","","","","ok","","ANBIMA Data API (web-bff)"
"VLIDA1","1,4707","DI_SPREAD","CDI + 1,47%","DI + 1.0000%","2026-07-29","2030-12-15","675,00","2,68","","","","","","","","ok","","ANBIMA Data API (web-bff)"
"VLIDB1","1,4877","DI_SPREAD","CDI + 1,49%","DI + 1.2000%","2026-07-29","2032-12-15","945,00","3,75","","","","","","","","ok","","ANBIMA Data API (web-bff)"
"VLIM13","7,9701","IPCA_SPREAD","B29 - 34 bps","IPCA + 5.7500%","2026-07-29","2028-12-15","561,00","2,23","","","","2029-05-15","B29","8,3371","-34","ok","","ANBIMA Data API (web-bff)"
"VLIM14","8,0255","IPCA_SPREAD","B29 - 29 bps","IPCA + 6.4512%","2026-07-29","2030-09-15","699,00","2,77","","","","2029-05-15","B29","8,3371","-29","ok","","ANBIMA Data API (web-bff)"
"VLIM15","8,0430","IPCA_SPREAD","B31 - 28 bps","IPCA + 6.1062%","2026-07-29","2031-04-15","1018,00","4,04","","","","2031-05-15","B31","8,3500","-28","ok","","ANBIMA Data API (web-bff)"
"VLIM16","8,1206","IPCA_SPREAD","B33 - 21 bps","IPCA + 6.8670%","2026-07-29","2034-11-15","1435,00","5,69","","","","2033-05-15","B33","8,3486","-21","ok","","ANBIMA Data API (web-bff)"
"VLIM17","8,1038","IPCA_SPREAD","B33 - 23 bps","IPCA + 7.0166%","2026-07-29","2035-05-15","1502,00","5,96","","","","2033-05-15","B33","8,3486","-23","ok","","ANBIMA Data API (web-bff)"
"VLIM18","8,1754","IPCA_SPREAD","B35 - 10 bps","IPCA + 6.6729%","2026-07-29","2035-10-15","1566,00","6,21","","","","2035-05-15","B35","8,2867","-10","ok","","ANBIMA Data API (web-bff)"
"VLIM19","8,0770","IPCA_SPREAD","B37 - 4 bps","IPCA + 6.4988%","2026-07-29","2038-03-15","1876,00","7,44","","","","2037-05-15","B37","8,1191","-4","ok","","ANBIMA Data API (web-bff)"
"VLIM25","","PREFIXADO","—","Pré-Fixado 11.4400%","2026-07-29","2031-04-15","","","","","","","","","","sem_taxa","Taxa indicativa vazia","ANBIMA Data API (web-bff)"
"VLIM26","8,2130","IPCA_SPREAD","B35 - 7 bps","IPCA + 6.7166%","2026-07-29","2036-11-15","1718,00","6,82","","","","2035-05-15","B35","8,2867","-7","ok","","ANBIMA Data API (web-bff)"
"VLIM27","8,0451","IPCA_SPREAD","B37 - 7 bps","IPCA + 6.9582%","2026-07-29","2037-05-15","1835,00","7,28","","","","2037-05-15","B37","8,1191","-7","ok","","ANBIMA Data API (web-bff)"
"VLIM28","8,0793","IPCA_SPREAD","B37 - 4 bps","IPCA + 6.7052%","2026-07-29","2037-10-15","1887,00","7,49","","","","2037-05-15","B37","8,1191","-4","ok","","ANBIMA Data API (web-bff)"
"VLIM29","8,0375","IPCA_SPREAD","B40 + 3 bps","IPCA + 6.4776%","2026-07-29","2041-03-15","2193,00","8,70","","","","2040-08-15","B40","8,0034","3","ok","","ANBIMA Data API (web-bff)"
"VLME11","","DI_SPREAD","—","DI + 3.0000%","2026-07-29","2030-10-06","","","","","","","","","","sem_taxa","Taxa indicativa vazia","ANBIMA Data API (web-bff)"
"VLME12","","DI_SPREAD","—","DI + 3.0000%","2026-07-29","2030-10-06","","","","","","","","","","sem_taxa","Taxa indicativa vazia","ANBIMA Data API (web-bff)"
"VPLT12","8,9870","IPCA_SPREAD","B27 + 79 bps","IPCA + 3.9407%","2026-07-29","2027-06-15","174,00","0,69","","","","2027-05-15","B27","8,1369","79","ok","","ANBIMA Data API (web-bff)"
"VRDN12","8,8246","IPCA_SPREAD","B31 + 44 bps","IPCA + 5.5500%","2026-07-29","2034-12-15","971,00","3,85","","","","2031-05-15","B31","8,3500","44","ok","","ANBIMA Data API (web-bff)"
"VVEO15","","DI_SPREAD","—","DI + 1.6000%","2026-07-29","2034-01-30","","","","","","","","","","sem_taxa","Taxa indicativa vazia","ANBIMA Data API (web-bff)"
"VVEO16","","DI_SPREAD","—","DI + 1.6000%","2026-07-29","2034-01-30","","","","","","","","","","sem_taxa","Taxa indicativa vazia","ANBIMA Data API (web-bff)"
"WDPR11","7,8778","IPCA_SPREAD","B28 - 63 bps","IPCA + 7.6276%","2026-07-29","2028-12-15","342,00","1,36","","","","2028-08-15","B28","8,5625","-63","ok","","ANBIMA Data API (web-bff)"
"WIZC12","1,9007","DI_SPREAD","CDI + 1,90%","DI + 1.9500%","2026-07-29","2030-01-29","434,00","1,72","","","","","","","","ok","","ANBIMA Data API (web-bff)"
"WNTY12","9,8631","IPCA_SPREAD","B31 + 140 bps","IPCA + 8.6044%","2026-07-29","2035-08-15","1136,00","4,51","","","","2031-05-15","B31","8,3500","140","ok","","ANBIMA Data API (web-bff)"
"XNGU17","7,6333","IPCA_SPREAD","B31 - 66 bps","IPCA + 4.8304%","2026-07-29","2034-12-15","1049,00","4,16","","","","2031-05-15","B31","8,3500","-66","ok","","ANBIMA Data API (web-bff)"
"YDUQ17","0,5767","DI_SPREAD","CDI + 0,58%","DI + 0.7800%","2026-07-29","2027-11-29","308,00","1,22","","","","","","","","ok","","ANBIMA Data API (web-bff)"
"YDUQ18","0,8870","DI_SPREAD","CDI + 0,89%","DI + 0.8500%","2026-07-29","2030-06-02","731,00","2,90","","","","","","","","ok","","ANBIMA Data API (web-bff)"
"YDUQA0","0,6817","DI_SPREAD","CDI + 0,68%","DI + 1.2500%","2026-07-29","2029-04-10","466,00","1,85","","","","","","","","ok","","ANBIMA Data API (web-bff)"
"YDUQA1","0,9073","DI_SPREAD","CDI + 0,91%","DI + 1.0500%","2026-07-29","2031-11-29","884,00","3,51","","","","","","","","ok","","ANBIMA Data API (web-bff)"
"YDUQA2","0,7589","DI_SPREAD","CDI + 0,76%","DI + 0.7000%","2026-07-29","2029-12-23","692,00","2,75","","","","","","","","ok","","ANBIMA Data API (web-bff)"
