"ticker","taxaAnbimaOriginal","tipoTaxaAnbima","txAnbimaFormatada","indexadorAnbima","dataReferenciaAnbima","dataVencimento","durationAnbimaDiasUteis","durationAnbimaAnos","percentualCdiOriginal","spreadCdiEquivalente","metodologiaConversaoCdi","ntnbReferencia","codigoNtnbExibicao","taxaNtnbReferencia","spreadNtnbBps","statusCalculoAnbima","motivoAusenciaAnbima","fonteAnbima"
"AALM12","0,7076","DI_SPREAD","CDI + 0,71%","DI + 1.6000%","2026-08-05","2030-10-02","535,00","2,12","","","","","","","","ok","","ANBIMA Data API (web-bff)"
"ABSP12","1,4843","DI_SPREAD","CDI + 1,48%","DI + 1.9500%","2026-08-05","2026-10-15","49,00","0,19","","","","","","","","ok","","ANBIMA Data API (web-bff)"
"ACOV15","1,5420","DI_SPREAD","CDI + 1,54%","DI + 1.1000%","2026-08-05","2032-06-10","645,00","2,56","","","","","","","","ok","","ANBIMA Data API (web-bff)"
"ACRC21","8,9841","IPCA_SPREAD","B35 + 85 bps","IPCA + 7.4150%","2026-08-05","2044-07-15","1708,00","6,78","","","","2035-05-15","B35","8,0685","85","ok","","ANBIMA Data API (web-bff)"
"ADPA21","2,3254","DI_SPREAD","CDI + 2,33%","DI + 2.8500%","2026-08-05","2027-11-27","312,00","1,24","","","","","","","","ok","","ANBIMA Data API (web-bff)"
"AEAB11","8,2840","IPCA_SPREAD","B37 + 38 bps","IPCA + 7.0718%","2026-08-05","2044-06-15","1879,00","7,46","","","","2037-05-15","B37","7,8741","38","ok","","ANBIMA Data API (web-bff)"
"AEGE16","4,9925","DI_SPREAD","CDI + 4,99%","DI + 3.9000%","2026-08-05","2034-03-11","823,00","3,27","","","","","","","","ok","","ANBIMA Data API (web-bff)"
"AEGE17","5,1105","DI_SPREAD","CDI + 5,11%","DI + 3.4000%","2026-08-05","2035-06-15","1008,00","4,00","","","","","","","","ok","","ANBIMA Data API (web-bff)"
"AEGP17","1,7821","DI_SPREAD","CDI + 1,78%","DI + 2.1500%","2026-08-05","2027-04-12","159,00","0,63","","","","","","","","ok","","ANBIMA Data API (web-bff)"
"AEGP19","2,6525","DI_SPREAD","CDI + 2,65%","DI + 1.9000%","2026-08-05","2028-10-04","254,00","1,01","","","","","","","","ok","","ANBIMA Data API (web-bff)"
"AEGPA4","2,7817","DI_SPREAD","CDI + 2,78%","DI + 3.4700%","2026-08-05","2028-10-25","272,00","1,08","","","","","","","","ok","","ANBIMA Data API (web-bff)"
"AEGPA8","17,0334","PREFIXADO","17,03%","Pré-Fixado 16.3433%","2026-08-05","2031-01-15","831,00","3,30","","2,3359","spread = (1 + Y)/(1 + L) - 1; Y = pre 17,03%; L = TaxaLTN_252 venc ref 2032-01-01 = 14,36%","","","","","ok","","ANBIMA Data API (web-bff)"
"AEGPA9","3,0380","DI_SPREAD","CDI + 3,04%","DI + 2.7500%","2026-08-05","2029-06-25","505,00","2,00","","","","","","","","ok","","ANBIMA Data API (web-bff)"
"AEGPB3","3,2046","DI_SPREAD","CDI + 3,20%","DI + 1.8000%","2026-08-05","2032-08-22","843,00","3,35","","","","","","","","ok","","ANBIMA Data API (web-bff)"
"AEGPB5","3,3046","DI_SPREAD","CDI + 3,30%","DI + 1.8000%","2026-08-05","2030-12-15","809,00","3,21","","","","","","","","ok","","ANBIMA Data API (web-bff)"
"AEGPB7","2,1872","DI_SPREAD","CDI + 2,19%","DI + 2.9500%","2026-08-05","2028-09-15","346,00","1,37","","","","","","","","ok","","ANBIMA Data API (web-bff)"
"AESLA5","7,7485","IPCA_SPREAD","B32 - 39 bps","IPCA + 6.1774%","2026-08-05","2033-10-15","1276,00","5,06","","","","2032-08-15","B32","8,1707","-39","ok","","ANBIMA Data API (web-bff)"
"AESLA7","7,8063","IPCA_SPREAD","B33 - 34 bps","IPCA + 6.1409%","2026-08-05","2034-04-15","1359,00","5,39","","","","2033-05-15","B33","8,1696","-34","ok","","ANBIMA Data API (web-bff)"
"AESLA8","0,4486","DI_SPREAD","CDI + 0,45%","DI + 0.4900%","2026-08-05","2029-09-10","544,00","2,16","","","","","","","","ok","","ANBIMA Data API (web-bff)"
"AESLA9","7,8281","IPCA_SPREAD","B33 - 32 bps","IPCA + 6.9249%","2026-08-05","2035-05-15","1507,00","5,98","","","","2033-05-15","B33","8,1696","-32","ok","","ANBIMA Data API (web-bff)"
"AESLB0","7,7566","IPCA_SPREAD","B35 - 29 bps","IPCA + 6.8967%","2026-08-05","2035-09-15","1539,00","6,11","","","","2035-05-15","B35","8,0685","-29","ok","","ANBIMA Data API (web-bff)"
"AESLB7","7,6211","IPCA_SPREAD","B37 - 23 bps","IPCA + 6.2031%","2026-08-05","2039-04-15","2040,00","8,10","","","","2037-05-15","B37","7,8741","-23","ok","","ANBIMA Data API (web-bff)"
"AESLC2","7,8600","IPCA_SPREAD","B33 - 29 bps","IPCA + 6.5243%","2026-08-05","2033-03-15","1328,00","5,27","","","","2033-05-15","B33","8,1696","-29","ok","","ANBIMA Data API (web-bff)"
"AESLD2","7,8285","IPCA_SPREAD","B35 - 22 bps","IPCA + 6.4580%","2026-08-05","2036-03-15","1625,00","6,45","","","","2035-05-15","B35","8,0685","-22","ok","","ANBIMA Data API (web-bff)"
"AESOA1","8,1592","IPCA_SPREAD","B33 - 1 bps","IPCA + 6.4966%","2026-08-05","2038-03-15","1332,00","5,29","","","","2033-05-15","B33","8,1696","-1","ok","","ANBIMA Data API (web-bff)"
"AGAU13","4,6784","DI_SPREAD","CDI + 4,68%","DI + 4.5000%","2026-08-05","2027-03-15","139,00","0,55","","","","","","","","ok","","ANBIMA Data API (web-bff)"
"AGEO15","7,7896","IPCA_SPREAD","B35 - 26 bps","IPCA + 7.6056%","2026-08-05","2037-06-15","1766,00","7,01","","","","2035-05-15","B35","8,0685","-26","ok","","ANBIMA Data API (web-bff)"
"AGIZ11","8,4917","IPCA_SPREAD","B37 + 57 bps","IPCA + 7.7322%","2026-08-05","2047-03-15","2005,00","7,96","","","","2037-05-15","B37","7,8741","57","ok","","ANBIMA Data API (web-bff)"
"AGPI11","","DI_SPREAD","—","DI + 1.9000%","2026-08-05","2027-06-27","","","","","","","","","","sem_taxa","Taxa indicativa vazia","ANBIMA Data API (web-bff)"
"AHGD13","8,9082","IPCA_SPREAD","B33 + 68 bps","IPCA + 7.3293%","2026-08-05","2041-09-15","1383,00","5,49","","","","2033-05-15","B33","8,1696","68","ok","","ANBIMA Data API (web-bff)"
"ALGAA2","1,0655","DI_SPREAD","CDI + 1,07%","DI + 1.5500%","2026-08-05","2029-01-15","433,00","1,72","","","","","","","","ok","","ANBIMA Data API (web-bff)"
"ALGAB1","8,9826","IPCA_SPREAD","B30 + 70 bps","IPCA + 4.9999%","2026-08-05","2031-07-15","889,00","3,53","","","","2030-08-15","B30","8,2202","70","ok","","ANBIMA Data API (web-bff)"
"ALGAC2","8,9118","IPCA_SPREAD","B31 + 69 bps","IPCA + 5.8806%","2026-08-05","2032-01-15","977,00","3,88","","","","2031-05-15","B31","8,1651","69","ok","","ANBIMA Data API (web-bff)"
"ALGE16","7,8368","IPCA_SPREAD","B33 - 31 bps","IPCA + 6.1451%","2026-08-05","2037-11-15","1338,00","5,31","","","","2033-05-15","B33","8,1696","-31","ok","","ANBIMA Data API (web-bff)"
"ALGTA4","8,9827","IPCA_SPREAD","B32 + 75 bps","IPCA + 6.3243%","2026-08-05","2033-11-15","1193,00","4,73","","","","2032-08-15","B32","8,1707","75","ok","","ANBIMA Data API (web-bff)"
"ALGTA5","1,0495","DI_SPREAD","CDI + 1,05%","DI + 1.3000%","2026-08-05","2032-01-28","919,00","3,65","","","","","","","","ok","","ANBIMA Data API (web-bff)"
"ALGTA6","1,1065","DI_SPREAD","CDI + 1,11%","DI + 1.2500%","2026-08-05","2033-02-22","982,00","3,90","","","","","","","","ok","","ANBIMA Data API (web-bff)"
"ALIG12","7,8602","IPCA_SPREAD","B28 - 54 bps","IPCA + 3.6500%","2026-08-05","2029-12-15","404,00","1,60","","","","2028-08-15","B28","8,4500","-54","ok","","ANBIMA Data API (web-bff)"
"ALIG13","7,7344","IPCA_SPREAD","B30 - 45 bps","IPCA + 4.0000%","2026-08-05","2035-02-15","950,00","3,77","","","","2030-08-15","B30","8,2202","-45","ok","","ANBIMA Data API (web-bff)"
"ALIG15","7,7383","IPCA_SPREAD","B32 - 40 bps","IPCA + 6.1305%","2026-08-05","2036-04-15","1164,00","4,62","","","","2032-08-15","B32","8,1707","-40","ok","","ANBIMA Data API (web-bff)"
"ALPA22","0,9626","DI_SPREAD","CDI + 0,96%","DI + 1.5000%","2026-08-05","2029-12-12","591,00","2,35","","","","","","","","ok","","ANBIMA Data API (web-bff)"
"ALUP18","7,5671","IPCA_SPREAD","B33 - 56 bps","IPCA + 6.4986%","2026-08-05","2034-10-15","1429,00","5,67","","","","2033-05-15","B33","8,1696","-56","ok","","ANBIMA Data API (web-bff)"
"AMBP16","","DI_SPREAD","—","DI + 2.7500%","2026-08-05","2029-04-25","","","","","","","","","","sem_taxa","Taxa indicativa vazia","ANBIMA Data API (web-bff)"
"ANET11","","IPCA_SPREAD","—","IPCA + 5.6006%","2026-08-05","2029-03-15","","","","","","","","","","sem_taxa","Taxa indicativa vazia","ANBIMA Data API (web-bff)"
"ANET12","","IPCA_SPREAD","—","IPCA + 8.9619%","2026-08-05","2030-11-15","","","","","","","","","","sem_taxa","Taxa indicativa vazia","ANBIMA Data API (web-bff)"
"ANHBA5","0,5185","DI_SPREAD","CDI + 0,52%","DI + 0.4400%","2026-08-05","2030-11-05","733,00","2,91","","","","","","","","ok","","ANBIMA Data API (web-bff)"
"ANHBA6","0,5618","DI_SPREAD","CDI + 0,56%","DI + 0.5000%","2026-08-05","2032-07-15","985,00","3,91","","","","","","","","ok","","ANBIMA Data API (web-bff)"
"ANHBB6","7,8599","IPCA_SPREAD","B35 - 19 bps","IPCA + 7.0457%","2026-08-05","2037-07-15","1675,00","6,65","","","","2035-05-15","B35","8,0685","-19","ok","","ANBIMA Data API (web-bff)"
"ANIM15","2,0143","DI_SPREAD","CDI + 2,01%","DI + 1.9200%","2026-08-05","2029-05-15","382,00","1,52","","","","","","","","ok","","ANBIMA Data API (web-bff)"
"ANIM17","2,2388","DI_SPREAD","CDI + 2,24%","DI + 1.6000%","2026-08-05","2029-05-15","482,00","1,91","","","","","","","","ok","","ANBIMA Data API (web-bff)"
"ANIM18","2,4845","DI_SPREAD","CDI + 2,48%","DI + 1.5000%","2026-08-05","2029-10-15","577,00","2,29","","","","","","","","ok","","ANBIMA Data API (web-bff)"
"APFD19","8,0231","IPCA_SPREAD","B29 - 15 bps","IPCA + 6.3854%","2026-08-05","2031-09-15","655,00","2,60","","","","2029-05-15","B29","8,1841","-15","ok","","ANBIMA Data API (web-bff)"
"APFL18","1,4000","DI_SPREAD","CDI + 1,40%","DI + 1.3800%","2026-08-05","2029-01-15","529,00","2,10","","","","","","","","ok","","ANBIMA Data API (web-bff)"
"APPSA2","9,0275","IPCA_SPREAD","B30 + 75 bps","IPCA + 6.7800%","2026-08-05","2031-09-15","791,00","3,14","","","","2030-08-15","B30","8,2202","75","ok","","ANBIMA Data API (web-bff)"
"APPSB2","1,3903","DI_SPREAD","CDI + 1,39%","DI + 2.1500%","2026-08-05","2028-09-15","243,00","0,96","","","","","","","","ok","","ANBIMA Data API (web-bff)"
"APRB18","9,1451","IPCA_SPREAD","B30 + 85 bps","IPCA + 4.5000%","2026-08-05","2031-06-15","761,00","3,02","","","","2030-08-15","B30","8,2202","85","ok","","ANBIMA Data API (web-bff)"
"APRB28","0,6260","DI_SPREAD","CDI + 0,63%","DI + 0.8600%","2026-08-05","2027-06-15","166,00","0,66","","","","","","","","ok","","ANBIMA Data API (web-bff)"
"ARML13","2,1776","DI_SPREAD","CDI + 2,18%","DI + 2.2500%","2026-08-05","2029-11-04","559,00","2,22","","","","","","","","ok","","ANBIMA Data API (web-bff)"
"ARML14","2,8273","DI_SPREAD","CDI + 2,83%","DI + 1.9000%","2026-08-05","2032-03-15","802,00","3,18","","","","","","","","ok","","ANBIMA Data API (web-bff)"
"ARML15","2,9174","DI_SPREAD","CDI + 2,92%","DI + 1.3500%","2026-08-05","2032-09-25","874,00","3,47","","","","","","","","ok","","ANBIMA Data API (web-bff)"
"ARML25","3,2146","DI_SPREAD","CDI + 3,21%","DI + 1.6000%","2026-08-05","2034-09-25","1057,00","4,19","","","","","","","","ok","","ANBIMA Data API (web-bff)"
"ARML26","3,2871","DI_SPREAD","CDI + 3,29%","DI + 1.5500%","2026-08-05","2030-11-05","784,00","3,11","","","","","","","","ok","","ANBIMA Data API (web-bff)"
"ARTR19","10,8288","IPCA_SPREAD","B27 + 257 bps","IPCA + 4.8392%","2026-08-05","2027-09-15","145,00","0,58","","","","2027-05-15","B27","8,0541","257","ok","","ANBIMA Data API (web-bff)"
"ARTRA1","1,5994","DI_SPREAD","CDI + 1,60%","DI + 1.6500%","2026-08-05","2027-03-11","139,00","0,55","","","","","","","","ok","","ANBIMA Data API (web-bff)"
"ARTRA4","2,1765","DI_SPREAD","CDI + 2,18%","DI + 2.7000%","2026-08-05","2028-08-24","225,00","0,89","","","","","","","","ok","","ANBIMA Data API (web-bff)"
"ARTRA5","2,2467","DI_SPREAD","CDI + 2,25%","DI + 2.4000%","2026-08-05","2029-04-12","358,00","1,42","","","","","","","","ok","","ANBIMA Data API (web-bff)"
"ARTRA7","10,2079","IPCA_SPREAD","B33 + 188 bps","IPCA + 7.7000%","2026-08-05","2035-05-15","1440,00","5,71","","","","2033-05-15","B33","8,1696","188","ok","","ANBIMA Data API (web-bff)"
"ARTRA8","10,0307","IPCA_SPREAD","B31 + 172 bps","IPCA + 8.2857%","2026-08-05","2032-10-15","1128,00","4,48","","","","2031-05-15","B31","8,1651","172","ok","","ANBIMA Data API (web-bff)"
"ASAB11","11,6535","IPCA_SPREAD","B30 + 317 bps","IPCA + 6.2500%","2026-08-05","2033-06-15","811,00","3,22","","","","2030-08-15","B30","8,2202","317","ok","","ANBIMA Data API (web-bff)"
"ASAI18","1,3413","DI_SPREAD","CDI + 1,34%","DI + 1.8500%","2026-08-05","2027-12-22","318,00","1,26","","","","","","","","ok","","ANBIMA Data API (web-bff)"
"ASAI19","1,7342","DI_SPREAD","CDI + 1,73%","DI + 1.2500%","2026-08-05","2029-03-25","450,00","1,79","","","","","","","","ok","","ANBIMA Data API (web-bff)"
"ASAI22","1,6092","DI_SPREAD","CDI + 1,61%","DI + 1.9500%","2026-08-05","2028-05-20","292,00","1,16","","","","","","","","ok","","ANBIMA Data API (web-bff)"
"ASAI28","1,7689","DI_SPREAD","CDI + 1,77%","DI + 1.9500%","2026-08-05","2028-12-22","512,00","2,03","","","","","","","","ok","","ANBIMA Data API (web-bff)"
"ASAIA0","1,8288","DI_SPREAD","CDI + 1,83%","DI + 1.2500%","2026-08-05","2029-06-20","509,00","2,02","","","","","","","","ok","","ANBIMA Data API (web-bff)"
"ASAIA1","1,8681","DI_SPREAD","CDI + 1,87%","DI + 1.2500%","2026-08-05","2029-09-25","538,00","2,13","","","","","","","","ok","","ANBIMA Data API (web-bff)"
"ASAIA2","1,8822","DI_SPREAD","CDI + 1,88%","DI + 1.2500%","2026-08-05","2029-12-09","672,00","2,67","","","","","","","","ok","","ANBIMA Data API (web-bff)"
"ASAIA3","1,8693","DI_SPREAD","CDI + 1,87%","DI + 1.2000%","2026-08-05","2029-06-05","588,00","2,33","","","","","","","","ok","","ANBIMA Data API (web-bff)"
"ASCP13","8,4818","IPCA_SPREAD","B28 + 3 bps","IPCA + 7.5500%","2026-08-05","2030-03-15","496,00","1,97","","","","2028-08-15","B28","8,4500","3","ok","","ANBIMA Data API (web-bff)"
"ASCP23","8,3239","IPCA_SPREAD","B32 + 14 bps","IPCA + 8.1500%","2026-08-05","2035-03-15","1299,00","5,15","","","","2032-08-15","B32","8,1707","14","ok","","ANBIMA Data API (web-bff)"
"ASER12","12,4172","IPCA_SPREAD","B35 + 402 bps","IPCA + 8.4051%","2026-08-05","2043-12-15","1737,00","6,89","","","","2035-05-15","B35","8,0685","402","ok","","ANBIMA Data API (web-bff)"
"ASSR21","9,1730","IPCA_SPREAD","B35 + 102 bps","IPCA + 7.1071%","2026-08-05","2041-06-15","1607,00","6,38","","","","2035-05-15","B35","8,0685","102","ok","","ANBIMA Data API (web-bff)"
"ATHT11","8,9172","IPCA_SPREAD","B33 + 69 bps","IPCA + 7.3293%","2026-08-05","2041-09-15","1382,00","5,48","","","","2033-05-15","B33","8,1696","69","ok","","ANBIMA Data API (web-bff)"
"ATII12","8,9214","IPCA_SPREAD","B33 + 70 bps","IPCA + 7.3293%","2026-08-05","2041-09-15","1382,00","5,48","","","","2033-05-15","B33","8,1696","70","ok","","ANBIMA Data API (web-bff)"
"AURE12","8,1417","IPCA_SPREAD","B33 - 3 bps","IPCA + 6.2980%","2026-08-05","2034-04-15","1350,00","5,36","","","","2033-05-15","B33","8,1696","-3","ok","","ANBIMA Data API (web-bff)"
"AURE13","0,7920","DI_SPREAD","CDI + 0,79%","DI + 0.5500%","2026-08-05","2031-10-10","783,00","3,11","","","","","","","","ok","","ANBIMA Data API (web-bff)"
"AURP12","8,1292","IPCA_SPREAD","B33 - 4 bps","IPCA + 7.4515%","2026-08-05","2035-04-15","1463,00","5,81","","","","2033-05-15","B33","8,1696","-4","ok","","ANBIMA Data API (web-bff)"
"AURP13","8,1558","IPCA_SPREAD","B35 + 8 bps","IPCA + 6.9164%","2026-08-05","2037-07-15","1808,00","7,17","","","","2035-05-15","B35","8,0685","8","ok","","ANBIMA Data API (web-bff)"
"AXIA18","7,7610","IPCA_SPREAD","B32 - 38 bps","IPCA + 6.8000%","2026-08-05","2033-02-15","1305,00","5,18","","","","2032-08-15","B32","8,1707","-38","ok","","ANBIMA Data API (web-bff)"
"AXIA19","7,8493","IPCA_SPREAD","B35 - 20 bps","IPCA + 8.0036%","2026-08-05","2036-06-15","1630,00","6,47","","","","2035-05-15","B35","8,0685","-20","ok","","ANBIMA Data API (web-bff)"
"AXIA28","7,7978","IPCA_SPREAD","B35 - 25 bps","IPCA + 6.7116%","2026-08-05","2036-02-15","1732,00","6,87","","","","2035-05-15","B35","8,0685","-25","ok","","ANBIMA Data API (web-bff)"
"AXIA38","7,6907","IPCA_SPREAD","B40 - 8 bps","IPCA + 6.6752%","2026-08-05","2041-02-15","2176,00","8,63","","","","2040-08-15","B40","7,7819","-8","ok","","ANBIMA Data API (web-bff)"
"AZZA11","1,3479","DI_SPREAD","CDI + 1,35%","DI + 1.2500%","2026-08-05","2030-03-28","621,00","2,46","","","","","","","","ok","","ANBIMA Data API (web-bff)"
"AZZA12","1,5952","DI_SPREAD","CDI + 1,60%","DI + 1.2500%","2026-08-05","2030-08-15","667,00","2,65","","","","","","","","ok","","ANBIMA Data API (web-bff)"
"AZZA13","1,9251","DI_SPREAD","CDI + 1,93%","DI + 1.0000%","2026-08-05","2028-01-28","347,00","1,38","","","","","","","","ok","","ANBIMA Data API (web-bff)"
"BARU11","8,1460","IPCA_SPREAD","B37 + 25 bps","IPCA + 7.7959%","2026-08-05","2043-03-15","1869,00","7,42","","","","2037-05-15","B37","7,8741","25","ok","","ANBIMA Data API (web-bff)"
"BCBF16","4,5504","DI_SPREAD","CDI + 4,55%","DI + 1.4500%","2026-08-05","2027-10-07","154,00","0,61","","","","","","","","ok","","ANBIMA Data API (web-bff)"
"BCPSA4","0,2651","DI_SPREAD","CDI + 0,27%","DI + 1.2000%","2026-08-05","2027-02-20","126,00","0,50","","","","","","","","ok","","ANBIMA Data API (web-bff)"
"BCPSA5","7,5127","IPCA_SPREAD","B29 - 62 bps","IPCA + 5.7687%","2026-08-05","2029-03-15","600,00","2,38","","","","2029-05-15","B29","8,1841","-62","ok","","ANBIMA Data API (web-bff)"
"BCPSA6","0,3700","DI_SPREAD","CDI + 0,37%","DI + 0.5500%","2026-08-05","2028-10-10","470,00","1,87","","","","","","","","ok","","ANBIMA Data API (web-bff)"
"BCPSA7","7,6280","IPCA_SPREAD","B35 - 41 bps","IPCA + 7.0225%","2026-08-05","2036-01-15","1619,00","6,42","","","","2035-05-15","B35","8,0685","-41","ok","","ANBIMA Data API (web-bff)"
"BHIAA0","","DI_PERCENTUAL","—","100.0000% DI","2026-08-05","2050-11-28","","","","","","","","","","sem_taxa","Taxa indicativa vazia","ANBIMA Data API (web-bff)"
"BHIAC0","","DI_PERCENTUAL","—","100.0000% DI","2026-08-05","2050-11-28","","","","","","","","","","sem_taxa","Taxa indicativa vazia","ANBIMA Data API (web-bff)"
"BHSA11","8,2662","IPCA_SPREAD","B35 + 18 bps","IPCA + 6.8413%","2026-08-05","2044-03-15","1805,00","7,16","","","","2035-05-15","B35","8,0685","18","ok","","ANBIMA Data API (web-bff)"
"BION17","10,9286","IPCA_SPREAD","B30 + 250 bps","IPCA + 10.1044%","2026-08-05","2032-10-15","885,00","3,51","","","","2030-08-15","B30","8,2202","250","ok","","ANBIMA Data API (web-bff)"
"BKBR19","1,4872","DI_SPREAD","CDI + 1,49%","DI + 1.9000%","2026-08-05","2027-04-24","169,00","0,67","","","","","","","","ok","","ANBIMA Data API (web-bff)"
"BLMN12","7,5865","IPCA_SPREAD","B29 - 55 bps","IPCA + 7.1358%","2026-08-05","2031-12-15","578,00","2,29","","","","2029-05-15","B29","8,1841","-55","ok","","ANBIMA Data API (web-bff)"
"BRIT11","0,9396","DI_SPREAD","CDI + 0,94%","DI + 2.0000%","2026-08-05","2027-08-25","126,00","0,50","","","","","","","","ok","","ANBIMA Data API (web-bff)"
"BRIT12","1,2777","DI_SPREAD","CDI + 1,28%","DI + 1.6000%","2026-08-05","2030-07-10","604,00","2,40","","","","","","","","ok","","ANBIMA Data API (web-bff)"
"BRKMA6","","DI_SPREAD","—","DI + 1.7500%","2026-08-05","2029-05-12","","","","","","","","","","sem_taxa","Taxa indicativa vazia","ANBIMA Data API (web-bff)"
"BRKMA8","","DI_SPREAD","—","DI + 1.7000%","2026-08-05","2029-11-09","","","","","","","","","","sem_taxa","Taxa indicativa vazia","ANBIMA Data API (web-bff)"
"BRKMB6","","DI_SPREAD","—","DI + 2.0000%","2026-08-05","2032-05-12","","","","","","","","","","sem_taxa","Taxa indicativa vazia","ANBIMA Data API (web-bff)"
"BRKMB8","","DI_SPREAD","—","DI + 1.9500%","2026-08-05","2032-11-09","","","","","","","","","","sem_taxa","Taxa indicativa vazia","ANBIMA Data API (web-bff)"
"BRKP28","9,6773","IPCA_SPREAD","B32 + 139 bps","IPCA + 5.5365%","2026-08-05","2034-09-15","1290,00","5,12","","","","2032-08-15","B32","8,1707","139","ok","","ANBIMA Data API (web-bff)"
"BRKPA0","2,2100","DI_SPREAD","CDI + 2,21%","DI + 2.4000%","2026-08-05","2027-04-15","162,00","0,64","","","","","","","","ok","","ANBIMA Data API (web-bff)"
"BRKPA2","2,5154","DI_SPREAD","CDI + 2,52%","DI + 3.2500%","2026-08-05","2029-02-21","505,00","2,00","","","","","","","","ok","","ANBIMA Data API (web-bff)"
"BRKPA3","2,5195","DI_SPREAD","CDI + 2,52%","DI + 2.9300%","2026-08-05","2029-08-23","586,00","2,33","","","","","","","","ok","","ANBIMA Data API (web-bff)"
"BRKPA4","2,6012","DI_SPREAD","CDI + 2,60%","DI + 1.9000%","2026-08-05","2030-10-15","770,00","3,06","","","","","","","","ok","","ANBIMA Data API (web-bff)"
"BRKPA5","2,0913","DI_SPREAD","CDI + 2,09%","DI + 1.9000%","2026-08-05","2028-03-15","352,00","1,40","","","","","","","","ok","","ANBIMA Data API (web-bff)"
"BRMLA1","0,4121","DI_SPREAD","CDI + 0,41%","DI + 0.6300%","2026-08-05","2031-08-20","820,00","3,25","","","","","","","","ok","","ANBIMA Data API (web-bff)"
"BRMLB1","0,5290","DI_SPREAD","CDI + 0,53%","DI + 0.9500%","2026-08-05","2034-08-20","1089,00","4,32","","","","","","","","ok","","ANBIMA Data API (web-bff)"
"BRST11","8,2755","IPCA_SPREAD","B27 + 20 bps","IPCA + 5.7694%","2026-08-05","2028-03-15","204,00","0,81","","","","2027-05-15","B27","8,0541","20","ok","","ANBIMA Data API (web-bff)"
"BRST14","1,5500","DI_SPREAD","CDI + 1,55%","DI + 1.4000%","2026-08-05","2031-05-15","722,00","2,87","","","","","","","","ok","","ANBIMA Data API (web-bff)"
"BRST15","8,5718","IPCA_SPREAD","B31 + 38 bps","IPCA + 8.0355%","2026-08-05","2032-12-15","1101,00","4,37","","","","2031-05-15","B31","8,1651","38","ok","","ANBIMA Data API (web-bff)"
"BSA312","0,4282","DI_SPREAD","CDI + 0,43%","DI + 0.5800%","2026-08-05","2049-05-03","657,00","2,61","","","","","","","","ok","","ANBIMA Data API (web-bff)"
"BSA318","0,3281","DI_SPREAD","CDI + 0,33%","DI + 0.6200%","2026-08-05","2029-05-28","396,00","1,57","","","","","","","","ok","","ANBIMA Data API (web-bff)"
"BSA319","0,4987","DI_SPREAD","CDI + 0,50%","DI + 0.5900%","2026-08-05","2031-01-08","775,00","3,08","","","","","","","","ok","","ANBIMA Data API (web-bff)"
"BSA3A0","0,3711","DI_SPREAD","CDI + 0,37%","DI + 0.4500%","2026-08-05","2030-09-18","701,00","2,78","","","","","","","","ok","","ANBIMA Data API (web-bff)"
"BTCL12","10,7041","IPCA_SPREAD","B33 + 234 bps","IPCA + 10.7609%","2026-08-05","2039-02-15","1330,00","5,28","","","","2033-05-15","B33","8,1696","234","ok","","ANBIMA Data API (web-bff)"
"BTEL13","15,7223","PREFIXADO","15,72%","Pré-Fixado 15.0500%","2026-08-05","2032-04-15","910,00","3,61","","1,1895","spread = (1 + Y)/(1 + L) - 1; Y = pre 15,72%; L = TaxaLTN_252 venc ref 2032-01-01 = 14,36%","","","","","ok","","ANBIMA Data API (web-bff)"
"BTEL23","10,1604","IPCA_SPREAD","B31 + 184 bps","IPCA + 8.2700%","2026-08-05","2032-04-15","1047,00","4,15","","","","2031-05-15","B31","8,1651","184","ok","","ANBIMA Data API (web-bff)"
"BTEL33","10,9179","IPCA_SPREAD","B33 + 254 bps","IPCA + 8.4500%","2026-08-05","2035-04-15","1385,00","5,50","","","","2033-05-15","B33","8,1696","254","ok","","ANBIMA Data API (web-bff)"
"BTGH18","1,0779","DI_SPREAD","CDI + 1,08%","DI + 1.5000%","2026-08-05","2029-12-10","497,00","1,97","","","","","","","","ok","","ANBIMA Data API (web-bff)"
"CAEC12","8,2090","IPCA_SPREAD","B35 + 13 bps","IPCA + 8.1891%","2026-08-05","2036-06-15","1610,00","6,39","","","","2035-05-15","B35","8,0685","13","ok","","ANBIMA Data API (web-bff)"
"CAEC13","1,3585","DI_SPREAD","CDI + 1,36%","DI + 1.3700%","2026-08-05","2032-08-07","887,00","3,52","","","","","","","","ok","","ANBIMA Data API (web-bff)"
"CAEC22","1,1817","DI_SPREAD","CDI + 1,18%","DI + 2.2000%","2026-08-05","2029-06-15","457,00","1,81","","","","","","","","ok","","ANBIMA Data API (web-bff)"
"CAEC32","1,3656","DI_SPREAD","CDI + 1,37%","DI + 2.5000%","2026-08-05","2031-06-15","775,00","3,08","","","","","","","","ok","","ANBIMA Data API (web-bff)"
"CAJS11","8,6706","IPCA_SPREAD","B33 + 46 bps","IPCA + 5.4000%","2026-08-05","2040-11-15","1485,00","5,89","","","","2033-05-15","B33","8,1696","46","ok","","ANBIMA Data API (web-bff)"
"CAJS12","8,6935","IPCA_SPREAD","B31 + 49 bps","IPCA + 6.8500%","2026-08-05","2037-09-15","1058,00","4,20","","","","2031-05-15","B31","8,1651","49","ok","","ANBIMA Data API (web-bff)"
"CAMLA1","1,7051","DI_SPREAD","CDI + 1,71%","DI + 1.5500%","2026-08-05","2028-10-30","381,00","1,51","","","","","","","","ok","","ANBIMA Data API (web-bff)"
"CAMLB1","1,7023","DI_SPREAD","CDI + 1,70%","DI + 1.5500%","2026-08-05","2028-10-30","381,00","1,51","","","","","","","","ok","","ANBIMA Data API (web-bff)"
"CART13","8,5686","IPCA_SPREAD","B31 + 37 bps","IPCA + 6.8138%","2026-08-05","2035-12-15","1008,00","4,00","","","","2031-05-15","B31","8,1651","37","ok","","ANBIMA Data API (web-bff)"
"CASN13","2,5728","DI_SPREAD","CDI + 2,57%","DI + 5.5000%","2026-08-05","2028-11-16","254,00","1,01","","","","","","","","ok","","ANBIMA Data API (web-bff)"
"CASN14","1,7389","DI_SPREAD","CDI + 1,74%","DI + 2.3000%","2026-08-05","2030-04-15","455,00","1,81","","","","","","","","ok","","ANBIMA Data API (web-bff)"
"CASN23","8,8269","IPCA_SPREAD","B30 + 56 bps","IPCA + 10.3294%","2026-08-05","2033-11-16","768,00","3,05","","","","2030-08-15","B30","8,2202","56","ok","","ANBIMA Data API (web-bff)"
"CASN24","8,8798","IPCA_SPREAD","B30 + 61 bps","IPCA + 9.9878%","2026-08-05","2032-04-15","767,00","3,04","","","","2030-08-15","B30","8,2202","61","ok","","ANBIMA Data API (web-bff)"
"CASN34","8,8336","IPCA_SPREAD","B31 + 62 bps","IPCA + 10.6573%","2026-08-05","2037-04-15","1129,00","4,48","","","","2031-05-15","B31","8,1651","62","ok","","ANBIMA Data API (web-bff)"
"CBAN12","7,9636","IPCA_SPREAD","B31 - 19 bps","IPCA + 5.0000%","2026-08-05","2034-07-15","1047,00","4,15","","","","2031-05-15","B31","8,1651","-19","ok","","ANBIMA Data API (web-bff)"
"CBAN22","0,8014","DI_SPREAD","CDI + 0,80%","DI + 2.0000%","2026-08-05","2032-07-15","815,00","3,23","","","","","","","","ok","","ANBIMA Data API (web-bff)"
"CBAN32","8,0152","IPCA_SPREAD","B31 - 14 bps","IPCA + 5.2000%","2026-08-05","2034-07-15","1043,00","4,14","","","","2031-05-15","B31","8,1651","-14","ok","","ANBIMA Data API (web-bff)"
"CBAN52","8,0153","IPCA_SPREAD","B31 - 14 bps","IPCA + 5.2000%","2026-08-05","2034-07-15","1043,00","4,14","","","","2031-05-15","B31","8,1651","-14","ok","","ANBIMA Data API (web-bff)"
"CBAN72","7,9879","IPCA_SPREAD","B31 - 16 bps","IPCA + 5.2000%","2026-08-05","2034-07-15","1044,00","4,14","","","","2031-05-15","B31","8,1651","-16","ok","","ANBIMA Data API (web-bff)"
"CBOH11","1,4667","DI_SPREAD","CDI + 1,47%","DI + 1.9000%","2026-08-05","2029-08-28","374,00","1,48","","","","","","","","ok","","ANBIMA Data API (web-bff)"
"CBRDB8","","DI_SPREAD","—","DI + 1.9500%","2026-08-05","2028-05-10","","","","","","","","","","sem_taxa","Taxa indicativa vazia","ANBIMA Data API (web-bff)"
"CCLS11","11,6642","IPCA_SPREAD","B31 + 323 bps","IPCA + 6.6739%","2026-08-05","2031-01-15","963,00","3,82","","","","2031-05-15","B31","8,1651","323","ok","","ANBIMA Data API (web-bff)"
"CCPV11","7,9477","IPCA_SPREAD","B30 - 25 bps","IPCA + 7.6000%","2026-08-05","2030-02-15","838,00","3,33","","","","2030-08-15","B30","8,2202","-25","ok","","ANBIMA Data API (web-bff)"
"CCROA5","7,8482","IPCA_SPREAD","B32 - 30 bps","IPCA + 4.8791%","2026-08-05","2033-11-15","1262,00","5,01","","","","2032-08-15","B32","8,1707","-30","ok","","ANBIMA Data API (web-bff)"
"CCROA7","0,3605","DI_SPREAD","CDI + 0,36%","DI + 0.7500%","2026-08-05","2029-07-12","427,00","1,69","","","","","","","","ok","","ANBIMA Data API (web-bff)"
"CCROB4","7,6018","IPCA_SPREAD","B27 - 42 bps","IPCA + 4.2500%","2026-08-05","2028-12-15","324,00","1,29","","","","2027-05-15","B27","8,0541","-42","ok","","ANBIMA Data API (web-bff)"
"CCROB6","7,8929","IPCA_SPREAD","B33 - 26 bps","IPCA + 6.4370%","2026-08-05","2036-01-15","1373,00","5,45","","","","2033-05-15","B33","8,1696","-26","ok","","ANBIMA Data API (web-bff)"
"CDAR11","1,5502","DI_SPREAD","CDI + 1,55%","DI + 2.0000%","2026-08-05","2027-09-27","148,00","0,59","","","","","","","","ok","","ANBIMA Data API (web-bff)"
"CDES11","8,0568","IPCA_SPREAD","B35 - 1 bps","IPCA + 8.0361%","2026-08-05","2038-12-15","1622,00","6,44","","","","2035-05-15","B35","8,0685","-1","ok","","ANBIMA Data API (web-bff)"
"CDES12","1,4000","DI_SPREAD","CDI + 1,40%","DI + 1.4000%","2026-08-05","2031-02-03","856,00","3,40","","","","","","","","ok","","ANBIMA Data API (web-bff)"
"CDGS26","0,7714","DI_SPREAD","CDI + 0,77%","DI + 1.0000%","2026-08-05","2032-01-03","873,00","3,46","","","","","","","","ok","","ANBIMA Data API (web-bff)"
"CEAB13","1,1874","DI_SPREAD","CDI + 1,19%","DI + 1.8000%","2026-08-05","2027-07-15","226,00","0,90","","","","","","","","ok","","ANBIMA Data API (web-bff)"
"CEAB14","0,8500","DI_SPREAD","CDI + 0,85%","DI + 0.8000%","2026-08-05","2028-09-15","451,00","1,79","","","","","","","","ok","","ANBIMA Data API (web-bff)"
"CEAB22","0,6922","DI_SPREAD","CDI + 0,69%","DI + 2.4000%","2026-08-05","2028-05-13","287,00","1,14","","","","","","","","ok","","ANBIMA Data API (web-bff)"
"CEAD11","8,6151","IPCA_SPREAD","B28 + 15 bps","IPCA + 6.6605%","2026-08-05","2030-06-15","484,00","1,92","","","","2028-08-15","B28","8,4500","15","ok","","ANBIMA Data API (web-bff)"
"CEAL12","8,2422","IPCA_SPREAD","B35 + 16 bps","IPCA + 7.3239%","2026-08-05","2037-08-15","1683,00","6,68","","","","2035-05-15","B35","8,0685","16","ok","","ANBIMA Data API (web-bff)"
"CEAL21","8,2168","IPCA_SPREAD","B32 + 4 bps","IPCA + 6.3618%","2026-08-05","2034-10-15","1255,00","4,98","","","","2032-08-15","B32","8,1707","4","ok","","ANBIMA Data API (web-bff)"
"CEAM11","10,9001","IPCA_SPREAD","B37 + 281 bps","IPCA + 7.5232%","2026-08-05","2045-12-15","1927,00","7,65","","","","2037-05-15","B37","7,8741","281","ok","","ANBIMA Data API (web-bff)"
"CEAP12","8,1166","IPCA_SPREAD","B30 - 10 bps","IPCA + 6.5000%","2026-08-05","2030-07-15","777,00","3,08","","","","2030-08-15","B30","8,2202","-10","ok","","ANBIMA Data API (web-bff)"
"CEAP14","8,1734","IPCA_SPREAD","B32 + 0 bps","IPCA + 6.7500%","2026-08-05","2033-12-15","1297,00","5,15","","","","2032-08-15","B32","8,1707","0","ok","","ANBIMA Data API (web-bff)"
"CEAP15","0,6872","DI_SPREAD","CDI + 0,69%","DI + 1.2000%","2026-08-05","2029-05-14","485,00","1,92","","","","","","","","ok","","ANBIMA Data API (web-bff)"
"CEAP16","0,6051","DI_SPREAD","CDI + 0,61%","DI + 1.2000%","2026-08-05","2029-09-09","529,00","2,10","","","","","","","","ok","","ANBIMA Data API (web-bff)"
"CEAP17","8,1734","IPCA_SPREAD","B35 + 10 bps","IPCA + 7.9091%","2026-08-05","2036-12-15","1618,00","6,42","","","","2035-05-15","B35","8,0685","10","ok","","ANBIMA Data API (web-bff)"
"CEAP19","8,2372","IPCA_SPREAD","B35 + 16 bps","IPCA + 7.0606%","2026-08-05","2037-06-15","1713,00","6,80","","","","2035-05-15","B35","8,0685","16","ok","","ANBIMA Data API (web-bff)"
"CEBD14","1,1578","DI_SPREAD","CDI + 1,16%","DI + 1.6000%","2026-08-05","2028-08-25","336,00","1,33","","","","","","","","ok","","ANBIMA Data API (web-bff)"
"CEBD25","1,0293","DI_SPREAD","CDI + 1,03%","DI + 1.7200%","2026-08-05","2029-06-20","508,00","2,02","","","","","","","","ok","","ANBIMA Data API (web-bff)"
"CEEBA3","0,8609","DI_SPREAD","CDI + 0,86%","DI + 1.3400%","2026-08-05","2026-10-15","49,00","0,19","","","","","","","","ok","","ANBIMA Data API (web-bff)"
"CEEBA6","1,4577","DI_SPREAD","CDI + 1,46%","DI + 1.9500%","2026-08-05","2028-08-15","424,00","1,68","","","","","","","","ok","","ANBIMA Data API (web-bff)"
"CEEBA7","0,7428","DI_SPREAD","CDI + 0,74%","DI + 1.1800%","2026-08-05","2028-11-15","491,00","1,95","","","","","","","","ok","","ANBIMA Data API (web-bff)"
"CEEBA8","0,6268","DI_SPREAD","CDI + 0,63%","DI + 0.9500%","2026-08-05","2029-06-10","595,00","2,36","","","","","","","","ok","","ANBIMA Data API (web-bff)"
"CEEBB3","1,0488","DI_SPREAD","CDI + 1,05%","DI + 1.4900%","2026-08-05","2028-10-15","371,00","1,47","","","","","","","","ok","","ANBIMA Data API (web-bff)"
"CEEBB6","8,0659","IPCA_SPREAD","B30 - 14 bps","IPCA + 6.2500%","2026-08-05","2030-08-15","778,00","3,09","","","","2030-08-15","B30","8,2202","-14","ok","","ANBIMA Data API (web-bff)"
"CEEBB7","8,1299","IPCA_SPREAD","B32 - 4 bps","IPCA + 6.1000%","2026-08-05","2033-11-15","1295,00","5,14","","","","2032-08-15","B32","8,1707","-4","ok","","ANBIMA Data API (web-bff)"
"CEEBB8","0,6895","DI_SPREAD","CDI + 0,69%","DI + 1.1000%","2026-08-05","2031-06-10","822,00","3,26","","","","","","","","ok","","ANBIMA Data API (web-bff)"
"CEEBC3","8,0427","IPCA_SPREAD","B30 - 16 bps","IPCA + 5.8224%","2026-08-05","2031-10-15","919,00","3,65","","","","2030-08-15","B30","8,2202","-16","ok","","ANBIMA Data API (web-bff)"
"CEEBC4","8,0692","IPCA_SPREAD","B31 - 9 bps","IPCA + 6.2792%","2026-08-05","2032-04-15","1005,00","3,99","","","","2031-05-15","B31","8,1651","-9","ok","","ANBIMA Data API (web-bff)"
"CEEBD1","14,1270","PREFIXADO","14,13%","Pré-Fixado 11.6692%","2026-08-05","2032-11-15","1114,00","4,42","","-0,2055","spread = (1 + Y)/(1 + L) - 1; Y = pre 14,13%; L = TaxaLTN_252 venc ref 2032-01-01 = 14,36%","","","","","ok","","ANBIMA Data API (web-bff)"
"CEEBD2","8,0770","IPCA_SPREAD","B35 + 1 bps","IPCA + 6.3000%","2026-08-05","2035-11-15","1740,00","6,90","","","","2035-05-15","B35","8,0685","1","ok","","ANBIMA Data API (web-bff)"
"CEEBE3","8,0591","IPCA_SPREAD","B31 - 10 bps","IPCA + 7.0099%","2026-08-05","2031-03-15","997,00","3,96","","","","2031-05-15","B31","8,1651","-10","ok","","ANBIMA Data API (web-bff)"
"CEED12","8,0688","IPCA_SPREAD","B29 - 11 bps","IPCA + 7.1498%","2026-08-05","2029-12-15","754,00","2,99","","","","2029-05-15","B29","8,1841","-11","ok","","ANBIMA Data API (web-bff)"
"CEED13","8,1932","IPCA_SPREAD","B30 - 2 bps","IPCA + 6.5000%","2026-08-05","2030-07-15","777,00","3,08","","","","2030-08-15","B30","8,2202","-2","ok","","ANBIMA Data API (web-bff)"
"CEED15","8,2425","IPCA_SPREAD","B35 + 16 bps","IPCA + 6.5596%","2026-08-05","2036-05-15","1579,00","6,27","","","","2035-05-15","B35","8,0685","16","ok","","ANBIMA Data API (web-bff)"
"CEED16","0,6087","DI_SPREAD","CDI + 0,61%","DI + 1.0500%","2026-08-05","2030-08-05","627,00","2,49","","","","","","","","ok","","ANBIMA Data API (web-bff)"
"CEED17","8,1905","IPCA_SPREAD","B35 + 11 bps","IPCA + 6.6493%","2026-08-05","2036-09-15","1606,00","6,37","","","","2035-05-15","B35","8,0685","11","ok","","ANBIMA Data API (web-bff)"
"CEED18","0,5986","DI_SPREAD","CDI + 0,60%","DI + 0.8000%","2026-08-05","2030-03-25","702,00","2,79","","","","","","","","ok","","ANBIMA Data API (web-bff)"
"CEED19","8,2145","IPCA_SPREAD","B35 + 14 bps","IPCA + 7.0606%","2026-08-05","2037-06-15","1713,00","6,80","","","","2035-05-15","B35","8,0685","14","ok","","ANBIMA Data API (web-bff)"
"CEED21","8,0571","IPCA_SPREAD","B29 - 12 bps","IPCA + 5.4409%","2026-08-05","2029-08-15","581,00","2,31","","","","2029-05-15","B29","8,1841","-12","ok","","ANBIMA Data API (web-bff)"
"CEEDA0","0,7440","DI_SPREAD","CDI + 0,74%","DI + 0.6500%","2026-08-05","2032-10-15","900,00","3,57","","","","","","","","ok","","ANBIMA Data API (web-bff)"
"CEEDA1","0,7762","DI_SPREAD","CDI + 0,78%","DI + 0.7500%","2026-08-05","2033-04-15","978,00","3,88","","","","","","","","ok","","ANBIMA Data API (web-bff)"
"CEMTE2","0,7046","DI_SPREAD","CDI + 0,70%","DI + 1.0500%","2026-08-05","2029-06-10","404,00","1,60","","","","","","","","ok","","ANBIMA Data API (web-bff)"
"CEPEA1","0,8982","DI_SPREAD","CDI + 0,90%","DI + 1.3900%","2026-08-05","2026-10-15","49,00","0,19","","","","","","","","ok","","ANBIMA Data API (web-bff)"
"CEPEA3","0,7315","DI_SPREAD","CDI + 0,73%","DI + 1.1800%","2026-08-05","2028-11-15","491,00","1,95","","","","","","","","ok","","ANBIMA Data API (web-bff)"
"CEPEA4","0,8743","DI_SPREAD","CDI + 0,87%","DI + 1.1800%","2026-08-05","2029-03-18","536,00","2,13","","","","","","","","ok","","ANBIMA Data API (web-bff)"
"CEPEA6","14,1437","PREFIXADO","14,14%","Pré-Fixado 13.5966%","2026-08-05","2032-04-25","1010,00","4,01","","-0,1909","spread = (1 + Y)/(1 + L) - 1; Y = pre 14,14%; L = TaxaLTN_252 venc ref 2032-01-01 = 14,36%","","","","","ok","","ANBIMA Data API (web-bff)"
"CEPEA7","7,8329","IPCA_SPREAD","B40 + 5 bps","IPCA + 6.7929%","2026-08-05","2035-08-15","2261,00","8,97","","","","2040-08-15","B40","7,7819","5","ok","","ANBIMA Data API (web-bff)"
"CEPEA8","8,0692","IPCA_SPREAD","B31 - 9 bps","IPCA + 7.0099%","2026-08-05","2031-03-15","997,00","3,96","","","","2031-05-15","B31","8,1651","-9","ok","","ANBIMA Data API (web-bff)"
"CEPEB1","0,9847","DI_SPREAD","CDI + 0,98%","DI + 1.5400%","2026-08-05","2028-10-15","371,00","1,47","","","","","","","","ok","","ANBIMA Data API (web-bff)"
"CEPEB2","1,0040","DI_SPREAD","CDI + 1,00%","DI + 1.6800%","2026-08-05","2029-04-15","464,00","1,84","","","","","","","","ok","","ANBIMA Data API (web-bff)"
"CEPEB3","8,1317","IPCA_SPREAD","B32 - 4 bps","IPCA + 6.1000%","2026-08-05","2033-11-15","1295,00","5,14","","","","2032-08-15","B32","8,1707","-4","ok","","ANBIMA Data API (web-bff)"
"CEPEB7","7,8795","IPCA_SPREAD","B37 + 1 bps","IPCA + 6.7392%","2026-08-05","2040-08-15","2111,00","8,38","","","","2037-05-15","B37","7,8741","1","ok","","ANBIMA Data API (web-bff)"
"CEPEC1","8,0395","IPCA_SPREAD","B30 - 17 bps","IPCA + 5.8750%","2026-08-05","2031-10-15","918,00","3,64","","","","2030-08-15","B30","8,2202","-17","ok","","ANBIMA Data API (web-bff)"
"CEPEC2","8,0809","IPCA_SPREAD","B31 - 8 bps","IPCA + 6.2792%","2026-08-05","2032-04-15","1005,00","3,99","","","","2031-05-15","B31","8,1651","-8","ok","","ANBIMA Data API (web-bff)"
"CERO19","0,5412","DI_SPREAD","CDI + 0,54%","DI + 0.8500%","2026-08-05","2029-04-15","558,00","2,21","","","","","","","","ok","","ANBIMA Data API (web-bff)"
"CEROA2","0,5344","DI_SPREAD","CDI + 0,53%","DI + 0.9500%","2026-08-05","2029-12-15","682,00","2,71","","","","","","","","ok","","ANBIMA Data API (web-bff)"
"CEROA3","14,0450","PREFIXADO","14,05%","Pré-Fixado 13.7000%","2026-08-05","2032-05-15","1023,00","4,06","","-0,2772","spread = (1 + Y)/(1 + L) - 1; Y = pre 14,05%; L = TaxaLTN_252 venc ref 2032-01-01 = 14,36%","","","","","ok","","ANBIMA Data API (web-bff)"
"CEROA4","8,2178","IPCA_SPREAD","B35 + 14 bps","IPCA + 7.2856%","2026-08-05","2035-10-15","1670,00","6,63","","","","2035-05-15","B35","8,0685","14","ok","","ANBIMA Data API (web-bff)"
"CEROB2","0,6040","DI_SPREAD","CDI + 0,60%","DI + 1.1000%","2026-08-05","2031-12-15","894,00","3,55","","","","","","","","ok","","ANBIMA Data API (web-bff)"
"CEROB4","8,0449","IPCA_SPREAD","B40 + 24 bps","IPCA + 7.1683%","2026-08-05","2040-10-15","2115,00","8,39","","","","2040-08-15","B40","7,7819","24","ok","","ANBIMA Data API (web-bff)"
"CERR18","9,6977","IPCA_SPREAD","B33 + 141 bps","IPCA + 8.3082%","2026-08-05","2034-12-15","1385,00","5,50","","","","2033-05-15","B33","8,1696","141","ok","","ANBIMA Data API (web-bff)"
"CERT11","8,4280","IPCA_SPREAD","B29 + 23 bps","IPCA + 8.1773%","2026-08-05","2029-03-15","651,00","2,58","","","","2029-05-15","B29","8,1841","23","ok","","ANBIMA Data API (web-bff)"
"CESE22","0,7492","DI_SPREAD","CDI + 0,75%","DI + 2.5000%","2026-08-05","2028-09-15","243,00","0,96","","","","","","","","ok","","ANBIMA Data API (web-bff)"
"CESE32","7,9360","IPCA_SPREAD","B30 - 26 bps","IPCA + 7.4941%","2026-08-05","2030-09-15","785,00","3,12","","","","2030-08-15","B30","8,2202","-26","ok","","ANBIMA Data API (web-bff)"
"CESPA2","7,9826","IPCA_SPREAD","B29 - 19 bps","IPCA + 4.3000%","2026-08-05","2030-08-15","693,00","2,75","","","","2029-05-15","B29","8,1841","-19","ok","","ANBIMA Data API (web-bff)"
"CESPA3","8,1392","IPCA_SPREAD","B33 - 3 bps","IPCA + 6.1661%","2026-08-05","2034-04-15","1354,00","5,37","","","","2033-05-15","B33","8,1696","-3","ok","","ANBIMA Data API (web-bff)"
"CESPA4","0,7641","DI_SPREAD","CDI + 0,76%","DI + 0.6200%","2026-08-05","2032-08-14","948,00","3,76","","","","","","","","ok","","ANBIMA Data API (web-bff)"
"CGASA1","8,0588","IPCA_SPREAD","B35 - 1 bps","IPCA + 6.3763%","2026-08-05","2034-07-15","1569,00","6,23","","","","2035-05-15","B35","8,0685","-1","ok","","ANBIMA Data API (web-bff)"
"CGASA2","7,8005","IPCA_SPREAD","B37 - 7 bps","IPCA + 7.1728%","2026-08-05","2036-12-15","1850,00","7,34","","","","2037-05-15","B37","7,8741","-7","ok","","ANBIMA Data API (web-bff)"
"CGASA3","0,4659","DI_SPREAD","CDI + 0,47%","DI + 0.4500%","2026-08-05","2028-05-15","396,00","1,57","","","","","","","","ok","","ANBIMA Data API (web-bff)"
"CGASA4","7,7811","IPCA_SPREAD","B37 - 9 bps","IPCA + 6.7998%","2026-08-05","2037-09-15","1924,00","7,63","","","","2037-05-15","B37","7,8741","-9","ok","","ANBIMA Data API (web-bff)"
"CGASA5","0,6625","DI_SPREAD","CDI + 0,66%","DI + 0.7500%","2026-08-05","2029-03-15","539,00","2,14","","","","","","","","ok","","ANBIMA Data API (web-bff)"
"CGASB1","7,8799","IPCA_SPREAD","B37 + 1 bps","IPCA + 6.4504%","2026-08-05","2039-07-15","2076,00","8,24","","","","2037-05-15","B37","7,8741","1","ok","","ANBIMA Data API (web-bff)"
"CGASB4","7,8714","IPCA_SPREAD","B40 + 8 bps","IPCA + 6.5846%","2026-08-05","2040-09-15","2141,00","8,50","","","","2040-08-15","B40","7,7819","8","ok","","ANBIMA Data API (web-bff)"
"CGBP14","0,8159","DI_SPREAD","CDI + 0,82%","DI + 1.0000%","2026-08-05","2032-03-25","721,00","2,86","","","","","","","","ok","","ANBIMA Data API (web-bff)"
"CGEE13","14,3502","IPCA_SPREAD","B33 + 571 bps","IPCA + 8.7219%","2026-08-05","2041-12-14","1374,00","5,45","","","","2033-05-15","B33","8,1696","571","ok","","ANBIMA Data API (web-bff)"
"CGEE23","14,3685","IPCA_SPREAD","B33 + 573 bps","IPCA + 8.7219%","2026-08-05","2041-12-15","1374,00","5,45","","","","2033-05-15","B33","8,1696","573","ok","","ANBIMA Data API (web-bff)"
"CGMG18","7,8134","IPCA_SPREAD","B29 - 34 bps","IPCA + 5.2700%","2026-08-05","2031-08-15","576,00","2,29","","","","2029-05-15","B29","8,1841","-34","ok","","ANBIMA Data API (web-bff)"
"CGOS13","8,1449","IPCA_SPREAD","B30 - 7 bps","IPCA + 7.1000%","2026-08-05","2031-04-15","804,00","3,19","","","","2030-08-15","B30","8,2202","-7","ok","","ANBIMA Data API (web-bff)"
"CGOS15","0,6593","DI_SPREAD","CDI + 0,66%","DI + 1.0500%","2026-08-05","2030-03-20","531,00","2,11","","","","","","","","ok","","ANBIMA Data API (web-bff)"
"CGOS16","8,2302","IPCA_SPREAD","B35 + 15 bps","IPCA + 6.4895%","2026-08-05","2036-05-15","1582,00","6,28","","","","2035-05-15","B35","8,0685","15","ok","","ANBIMA Data API (web-bff)"
"CGOS17","0,6204","DI_SPREAD","CDI + 0,62%","DI + 1.0000%","2026-08-05","2030-08-05","627,00","2,49","","","","","","","","ok","","ANBIMA Data API (web-bff)"
"CGOS18","0,6253","DI_SPREAD","CDI + 0,63%","DI + 1.0000%","2026-08-05","2030-09-15","613,00","2,43","","","","","","","","ok","","ANBIMA Data API (web-bff)"
"CGOS19","0,6649","DI_SPREAD","CDI + 0,66%","DI + 0.9200%","2026-08-05","2031-11-25","946,00","3,75","","","","","","","","ok","","ANBIMA Data API (web-bff)"
"CGOS24","8,1248","IPCA_SPREAD","B30 - 9 bps","IPCA + 6.4407%","2026-08-05","2031-10-15","910,00","3,61","","","","2030-08-15","B30","8,2202","-9","ok","","ANBIMA Data API (web-bff)"
"CGOS28","8,1769","IPCA_SPREAD","B35 + 10 bps","IPCA + 6.6493%","2026-08-05","2036-09-15","1606,00","6,37","","","","2035-05-15","B35","8,0685","10","ok","","ANBIMA Data API (web-bff)"
"CGOS34","8,2387","IPCA_SPREAD","B33 + 6 bps","IPCA + 6.6789%","2026-08-05","2035-10-15","1484,00","5,89","","","","2033-05-15","B33","8,1696","6","ok","","ANBIMA Data API (web-bff)"
"CGOSA0","8,1838","IPCA_SPREAD","B35 + 11 bps","IPCA + 7.3239%","2026-08-05","2037-08-15","1684,00","6,68","","","","2035-05-15","B35","8,0685","11","ok","","ANBIMA Data API (web-bff)"
"CGOSA1","0,7139","DI_SPREAD","CDI + 0,71%","DI + 0.6500%","2026-08-05","2032-10-15","900,00","3,57","","","","","","","","ok","","ANBIMA Data API (web-bff)"
"CGOSA2","8,1030","IPCA_SPREAD","B37 + 21 bps","IPCA + 6.5700%","2026-08-05","2038-01-15","1824,00","7,24","","","","2037-05-15","B37","7,8741","21","ok","","ANBIMA Data API (web-bff)"
"CGOSB0","8,1983","IPCA_SPREAD","B35 + 12 bps","IPCA + 7.3239%","2026-08-05","2037-08-15","1684,00","6,68","","","","2035-05-15","B35","8,0685","12","ok","","ANBIMA Data API (web-bff)"
"CHSF12","0,4821","DI_SPREAD","CDI + 0,48%","DI + 0.8500%","2026-08-05","2029-04-15","558,00","2,21","","","","","","","","ok","","ANBIMA Data API (web-bff)"
"CHSF13","7,7179","IPCA_SPREAD","B31 - 41 bps","IPCA + 6.7670%","2026-08-05","2031-06-15","1043,00","4,14","","","","2031-05-15","B31","8,1651","-41","ok","","ANBIMA Data API (web-bff)"
"CHSF14","0,6030","DI_SPREAD","CDI + 0,60%","DI + 0.8500%","2026-08-05","2031-09-15","898,00","3,56","","","","","","","","ok","","ANBIMA Data API (web-bff)"
"CHSF24","0,6359","DI_SPREAD","CDI + 0,64%","DI + 1.0500%","2026-08-05","2034-09-15","1102,00","4,37","","","","","","","","ok","","ANBIMA Data API (web-bff)"
"CHTH11","0,4515","DI_SPREAD","CDI + 0,45%","DI + 0.4300%","2026-08-05","2029-12-15","600,00","2,38","","","","","","","","ok","","ANBIMA Data API (web-bff)"
"CIEL17","0,2975","DI_SPREAD","CDI + 0,30%","DI + 0.5400%","2026-08-05","2027-12-17","318,00","1,26","","","","","","","","ok","","ANBIMA Data API (web-bff)"
"CIEL18","0,4118","DI_SPREAD","CDI + 0,41%","DI + 0.5400%","2026-08-05","2029-05-08","575,00","2,28","","","","","","","","ok","","ANBIMA Data API (web-bff)"
"CIEL19","0,3531","DI_SPREAD","CDI + 0,35%","DI + 0.3900%","2026-08-05","2028-10-20","477,00","1,89","","","","","","","","ok","","ANBIMA Data API (web-bff)"
"CJEN13","7,9985","IPCA_SPREAD","B31 - 15 bps","IPCA + 8.1693%","2026-08-05","2035-12-15","1033,00","4,10","","","","2031-05-15","B31","8,1651","-15","ok","","ANBIMA Data API (web-bff)"
"CLAG13","9,4627","IPCA_SPREAD","B28 + 93 bps","IPCA + 5.4806%","2026-08-05","2028-07-15","347,00","1,38","","","","2028-08-15","B28","8,4500","93","ok","","ANBIMA Data API (web-bff)"
"CLAG15","9,1090","IPCA_SPREAD","B32 + 87 bps","IPCA + 7.7700%","2026-08-05","2032-12-15","1187,00","4,71","","","","2032-08-15","B32","8,1707","87","ok","","ANBIMA Data API (web-bff)"
"CLCD16","0,7902","DI_SPREAD","CDI + 0,79%","DI + 1.6500%","2026-08-05","2028-11-15","286,00","1,13","","","","","","","","ok","","ANBIMA Data API (web-bff)"
"CLCD17","0,8968","DI_SPREAD","CDI + 0,90%","DI + 0.9500%","2026-08-05","2031-07-15","811,00","3,22","","","","","","","","ok","","ANBIMA Data API (web-bff)"
"CLCD18","0,8126","DI_SPREAD","CDI + 0,81%","DI + 0.6700%","2026-08-05","2031-07-30","808,00","3,21","","","","","","","","ok","","ANBIMA Data API (web-bff)"
"CLCD19","0,3998","DI_SPREAD","CDI + 0,40%","DI + 0.3000%","2026-08-05","2027-02-28","140,00","0,56","","","","","","","","ok","","ANBIMA Data API (web-bff)"
"CLCD26","7,6995","IPCA_SPREAD","B29 - 45 bps","IPCA + 6.5279%","2026-08-05","2030-11-15","736,00","2,92","","","","2029-05-15","B29","8,1841","-45","ok","","ANBIMA Data API (web-bff)"
"CLCD27","7,8080","IPCA_SPREAD","B33 - 33 bps","IPCA + 6.9534%","2026-08-05","2034-07-15","1357,00","5,38","","","","2033-05-15","B33","8,1696","-33","ok","","ANBIMA Data API (web-bff)"
"CLII12","1,8616","DI_SPREAD","CDI + 1,86%","DI + 3.5000%","2026-08-05","2031-10-10","614,00","2,44","","","","","","","","ok","","ANBIMA Data API (web-bff)"
"CLIS11","1,8316","DI_SPREAD","CDI + 1,83%","DI + 3.2000%","2026-08-05","2031-10-10","582,00","2,31","","","","","","","","ok","","ANBIMA Data API (web-bff)"
"CLIS13","8,1536","IPCA_SPREAD","B32 - 2 bps","IPCA + 8.5536%","2026-08-05","2035-08-15","1225,00","4,86","","","","2032-08-15","B32","8,1707","-2","ok","","ANBIMA Data API (web-bff)"
"CLMOA4","0,7038","DI_SPREAD","CDI + 0,70%","DI + 0.9500%","2026-08-05","2032-11-27","942,00","3,74","","","","","","","","ok","","ANBIMA Data API (web-bff)"
"CLNG11","7,9090","IPCA_SPREAD","B27 - 13 bps","IPCA + 8.7345%","2026-08-05","2028-06-27","182,00","0,72","","","","2027-05-15","B27","8,0541","-13","ok","","ANBIMA Data API (web-bff)"
"CLTM14","9,1366","IPCA_SPREAD","B33 + 89 bps","IPCA + 7.2500%","2026-08-05","2042-01-15","1419,00","5,63","","","","2033-05-15","B33","8,1696","89","ok","","ANBIMA Data API (web-bff)"
"CMED13","1,1332","DI_SPREAD","CDI + 1,13%","DI + 0.7500%","2026-08-05","2029-05-02","477,00","1,89","","","","","","","","ok","","ANBIMA Data API (web-bff)"
"CMGD18","0,8034","DI_SPREAD","CDI + 0,80%","DI + 1.3500%","2026-08-05","2027-06-15","204,00","0,81","","","","","","","","ok","","ANBIMA Data API (web-bff)"
"CMGD28","8,0205","IPCA_SPREAD","B28 - 40 bps","IPCA + 6.1052%","2026-08-05","2029-06-15","551,00","2,19","","","","2028-08-15","B28","8,4500","-40","ok","","ANBIMA Data API (web-bff)"
"CMGDA0","0,4595","DI_SPREAD","CDI + 0,46%","DI + 0.8000%","2026-08-05","2029-02-15","427,00","1,69","","","","","","","","ok","","ANBIMA Data API (web-bff)"
"CMGDA1","0,6232","DI_SPREAD","CDI + 0,62%","DI + 0.5500%","2026-08-05","2031-09-15","837,00","3,32","","","","","","","","ok","","ANBIMA Data API (web-bff)"
"CMGDA2","0,6596","DI_SPREAD","CDI + 0,66%","DI + 0.8600%","2026-08-05","2032-03-15","895,00","3,55","","","","","","","","ok","","ANBIMA Data API (web-bff)"
"CMGDA3","0,5519","DI_SPREAD","CDI + 0,55%","DI + 0.6400%","2026-08-05","2030-04-15","639,00","2,54","","","","","","","","ok","","ANBIMA Data API (web-bff)"
"CMGDA4","7,7411","IPCA_SPREAD","B37 - 12 bps","IPCA + 6.7878%","2026-08-05","2037-10-15","1826,00","7,25","","","","2037-05-15","B37","7,8741","-12","ok","","ANBIMA Data API (web-bff)"
"CMGDB0","7,8927","IPCA_SPREAD","B33 - 26 bps","IPCA + 6.1469%","2026-08-05","2034-02-15","1317,00","5,23","","","","2033-05-15","B33","8,1696","-26","ok","","ANBIMA Data API (web-bff)"
"CMGDB1","7,8291","IPCA_SPREAD","B35 - 22 bps","IPCA + 6.5769%","2026-08-05","2036-09-15","1754,00","6,96","","","","2035-05-15","B35","8,0685","-22","ok","","ANBIMA Data API (web-bff)"
"CMGDB2","7,7313","IPCA_SPREAD","B37 - 13 bps","IPCA + 7.5467%","2026-08-05","2040-03-15","2039,00","8,09","","","","2037-05-15","B37","7,8741","-13","ok","","ANBIMA Data API (web-bff)"
"CMGDB3","0,6528","DI_SPREAD","CDI + 0,65%","DI + 0.8000%","2026-08-05","2032-04-15","918,00","3,64","","","","","","","","ok","","ANBIMA Data API (web-bff)"
"CMGDB4","7,7278","IPCA_SPREAD","B40 - 5 bps","IPCA + 6.6504%","2026-08-05","2040-10-15","2165,00","8,59","","","","2040-08-15","B40","7,7819","-5","ok","","ANBIMA Data API (web-bff)"
"CMGTA0","0,5366","DI_SPREAD","CDI + 0,54%","DI + 0.6400%","2026-08-05","2030-03-15","618,00","2,45","","","","","","","","ok","","ANBIMA Data API (web-bff)"
"CMGTA1","7,7271","IPCA_SPREAD","B37 - 14 bps","IPCA + 6.7878%","2026-08-05","2037-10-15","1827,00","7,25","","","","2037-05-15","B37","7,8741","-14","ok","","ANBIMA Data API (web-bff)"
"CMGTA2","0,6374","DI_SPREAD","CDI + 0,64%","DI + 0.7000%","2026-08-05","2031-06-10","826,00","3,28","","","","","","","","ok","","ANBIMA Data API (web-bff)"
"CMGTB1","7,7441","IPCA_SPREAD","B40 - 4 bps","IPCA + 6.6504%","2026-08-05","2040-10-15","2164,00","8,59","","","","2040-08-15","B40","7,7819","-4","ok","","ANBIMA Data API (web-bff)"
"CMIN11","15,5221","IPCA_SPREAD","B31 + 680 bps","IPCA + 4.8790%","2026-08-05","2031-07-15","1074,00","4,26","","","","2031-05-15","B31","8,1651","680","ok","","ANBIMA Data API (web-bff)"
"CMIN12","15,5104","IPCA_SPREAD","B32 + 679 bps","IPCA + 6.8798%","2026-08-05","2032-07-15","1184,00","4,70","","","","2032-08-15","B32","8,1707","679","ok","","ANBIMA Data API (web-bff)"
"CMIN21","15,1737","IPCA_SPREAD","B35 + 657 bps","IPCA + 5.0210%","2026-08-05","2036-07-15","1567,00","6,22","","","","2035-05-15","B35","8,0685","657","ok","","ANBIMA Data API (web-bff)"
"CMIN22","14,9908","IPCA_SPREAD","B35 + 641 bps","IPCA + 7.0673%","2026-08-05","2037-07-15","1614,00","6,40","","","","2035-05-15","B35","8,0685","641","ok","","ANBIMA Data API (web-bff)"
"CMPH14","","DI_SPREAD","—","DI + 1.7000%","2026-08-05","2034-01-30","","","","","","","","","","sem_taxa","Taxa indicativa vazia","ANBIMA Data API (web-bff)"
"CMTR19","0,6474","DI_SPREAD","CDI + 0,65%","DI + 1.3300%","2026-08-05","2027-12-15","202,00","0,80","","","","","","","","ok","","ANBIMA Data API (web-bff)"
"CMTR29","7,7951","IPCA_SPREAD","B29 - 36 bps","IPCA + 7.6245%","2026-08-05","2029-12-15","750,00","2,98","","","","2029-05-15","B29","8,1841","-36","ok","","ANBIMA Data API (web-bff)"
"CNLM17","0,7453","DI_SPREAD","CDI + 0,75%","DI + 0.9600%","2026-08-05","2033-04-15","1028,00","4,08","","","","","","","","ok","","ANBIMA Data API (web-bff)"
"CNRD12","8,8928","IPCA_SPREAD","B35 + 76 bps","IPCA + 7.6891%","2026-08-05","2043-05-15","1752,00","6,95","","","","2035-05-15","B35","8,0685","76","ok","","ANBIMA Data API (web-bff)"
"COCE18","8,9448","IPCA_SPREAD","B31 + 72 bps","IPCA + 6.2137%","2026-08-05","2032-05-15","1022,00","4,06","","","","2031-05-15","B31","8,1651","72","ok","","ANBIMA Data API (web-bff)"
"COCEA2","1,0498","DI_SPREAD","CDI + 1,05%","DI + 1.1000%","2026-08-05","2029-05-15","576,00","2,29","","","","","","","","ok","","ANBIMA Data API (web-bff)"
"COCEB2","9,1349","IPCA_SPREAD","B30 + 85 bps","IPCA + 7.9000%","2026-08-05","2030-05-15","818,00","3,25","","","","2030-08-15","B30","8,2202","85","ok","","ANBIMA Data API (web-bff)"
"COGNA4","1,1951","DI_SPREAD","CDI + 1,20%","DI + 1.6000%","2026-08-05","2029-11-19","574,00","2,28","","","","","","","","ok","","ANBIMA Data API (web-bff)"
"COGNA5","0,9869","DI_SPREAD","CDI + 0,99%","DI + 0.6400%","2026-08-05","2028-11-17","504,00","2,00","","","","","","","","ok","","ANBIMA Data API (web-bff)"
"COGNB2","1,1262","DI_SPREAD","CDI + 1,13%","DI + 1.6000%","2026-08-05","2029-05-15","483,00","1,92","","","","","","","","ok","","ANBIMA Data API (web-bff)"
"COLNA3","0,8140","DI_SPREAD","CDI + 0,81%","DI + 0.8000%","2026-08-05","2032-01-15","797,00","3,16","","","","","","","","ok","","ANBIMA Data API (web-bff)"
"COMR14","9,4197","IPCA_SPREAD","B32 + 115 bps","IPCA + 7.9171%","2026-08-05","2038-11-15","1306,00","5,18","","","","2032-08-15","B32","8,1707","115","ok","","ANBIMA Data API (web-bff)"
"COMR15","9,4143","IPCA_SPREAD","B33 + 115 bps","IPCA + 7.2209%","2026-08-05","2040-04-15","1391,00","5,52","","","","2033-05-15","B33","8,1696","115","ok","","ANBIMA Data API (web-bff)"
"COMT11","7,8396","IPCA_SPREAD","B30 - 35 bps","IPCA + 7.3161%","2026-08-05","2030-12-15","945,00","3,75","","","","2030-08-15","B30","8,2202","-35","ok","","ANBIMA Data API (web-bff)"
"CONF11","8,5001","IPCA_SPREAD","B35 + 40 bps","IPCA + 6.6018%","2026-08-05","2041-11-15","1555,00","6,17","","","","2035-05-15","B35","8,0685","40","ok","","ANBIMA Data API (web-bff)"
"CONX12","12,4775","IPCA_SPREAD","B28 + 371 bps","IPCA + 7.6840%","2026-08-05","2029-08-15","333,00","1,32","","","","2028-08-15","B28","8,4500","371","ok","","ANBIMA Data API (web-bff)"
"CPFGA2","7,8207","IPCA_SPREAD","B30 - 37 bps","IPCA + 6.0265%","2026-08-05","2031-05-15","837,00","3,32","","","","2030-08-15","B30","8,2202","-37","ok","","ANBIMA Data API (web-bff)"
"CPFGA3","0,5603","DI_SPREAD","CDI + 0,56%","DI + 0.5900%","2026-08-05","2031-09-10","848,00","3,37","","","","","","","","ok","","ANBIMA Data API (web-bff)"
"CPFPA2","7,7407","IPCA_SPREAD","B30 - 44 bps","IPCA + 4.3000%","2026-08-05","2031-05-15","859,00","3,41","","","","2030-08-15","B30","8,2202","-44","ok","","ANBIMA Data API (web-bff)"
"CPFPA5","7,8301","IPCA_SPREAD","B32 - 31 bps","IPCA + 6.1774%","2026-08-05","2033-10-15","1275,00","5,06","","","","2032-08-15","B32","8,1707","-31","ok","","ANBIMA Data API (web-bff)"
"CPFPA6","0,3597","DI_SPREAD","CDI + 0,36%","DI + 0.5700%","2026-08-05","2028-06-05","219,00","0,87","","","","","","","","ok","","ANBIMA Data API (web-bff)"
"CPFPA7","7,8692","IPCA_SPREAD","B33 - 28 bps","IPCA + 6.2350%","2026-08-05","2034-04-15","1355,00","5,38","","","","2033-05-15","B33","8,1696","-28","ok","","ANBIMA Data API (web-bff)"
"CPFPA8","0,4469","DI_SPREAD","CDI + 0,45%","DI + 0.4900%","2026-08-05","2029-09-10","544,00","2,16","","","","","","","","ok","","ANBIMA Data API (web-bff)"
"CPFPA9","7,8488","IPCA_SPREAD","B33 - 30 bps","IPCA + 7.7082%","2026-08-05","2035-02-15","1420,00","5,63","","","","2033-05-15","B33","8,1696","-30","ok","","ANBIMA Data API (web-bff)"
"CPFPB0","7,8820","IPCA_SPREAD","B33 - 27 bps","IPCA + 6.9249%","2026-08-05","2035-05-15","1506,00","5,98","","","","2033-05-15","B33","8,1696","-27","ok","","ANBIMA Data API (web-bff)"
"CPFPB1","7,8269","IPCA_SPREAD","B35 - 22 bps","IPCA + 6.8967%","2026-08-05","2035-09-15","1538,00","6,10","","","","2035-05-15","B35","8,0685","-22","ok","","ANBIMA Data API (web-bff)"
"CPFPB7","7,6423","IPCA_SPREAD","B37 - 21 bps","IPCA + 6.3018%","2026-08-05","2039-04-15","2033,00","8,07","","","","2037-05-15","B37","7,8741","-21","ok","","ANBIMA Data API (web-bff)"
"CPFPB8","0,5489","DI_SPREAD","CDI + 0,55%","DI + 0.5900%","2026-08-05","2031-09-10","849,00","3,37","","","","","","","","ok","","ANBIMA Data API (web-bff)"
"CPGT17","0,6425","DI_SPREAD","CDI + 0,64%","DI + 1.3800%","2026-08-05","2026-10-15","49,00","0,19","","","","","","","","ok","","ANBIMA Data API (web-bff)"
"CPGT18","0,5919","DI_SPREAD","CDI + 0,59%","DI + 1.4000%","2026-08-05","2030-01-15","615,00","2,44","","","","","","","","ok","","ANBIMA Data API (web-bff)"
"CPGT19","0,4397","DI_SPREAD","CDI + 0,44%","DI + 0.5200%","2026-08-05","2029-10-10","461,00","1,83","","","","","","","","ok","","ANBIMA Data API (web-bff)"
"CPGT27","7,7576","IPCA_SPREAD","B30 - 43 bps","IPCA + 5.7138%","2026-08-05","2031-10-15","922,00","3,66","","","","2030-08-15","B30","8,2202","-43","ok","","ANBIMA Data API (web-bff)"
"CPGT28","7,9091","IPCA_SPREAD","B33 - 24 bps","IPCA + 6.8226%","2026-08-05","2035-01-15","1476,00","5,86","","","","2033-05-15","B33","8,1696","-24","ok","","ANBIMA Data API (web-bff)"
"CPGT29","0,6835","DI_SPREAD","CDI + 0,68%","DI + 0.6900%","2026-08-05","2031-10-10","854,00","3,39","","","","","","","","ok","","ANBIMA Data API (web-bff)"
"CPGT39","0,7977","DI_SPREAD","CDI + 0,80%","DI + 0.9500%","2026-08-05","2034-10-10","1119,00","4,44","","","","","","","","ok","","ANBIMA Data API (web-bff)"
"CPGTA0","0,4339","DI_SPREAD","CDI + 0,43%","DI + 0.5900%","2026-08-05","2029-02-15","427,00","1,69","","","","","","","","ok","","ANBIMA Data API (web-bff)"
"CPGTA1","7,8232","IPCA_SPREAD","B35 - 23 bps","IPCA + 7.1841%","2026-08-05","2038-01-15","1711,00","6,79","","","","2035-05-15","B35","8,0685","-23","ok","","ANBIMA Data API (web-bff)"
"CPGTB0","0,6755","DI_SPREAD","CDI + 0,68%","DI + 0.7900%","2026-08-05","2032-02-15","877,00","3,48","","","","","","","","ok","","ANBIMA Data API (web-bff)"
"CPGTC0","7,8704","IPCA_SPREAD","B33 - 28 bps","IPCA + 7.4820%","2026-08-05","2037-02-15","1530,00","6,07","","","","2033-05-15","B33","8,1696","-28","ok","","ANBIMA Data API (web-bff)"
"CPIS13","8,2485","IPCA_SPREAD","B35 + 17 bps","IPCA + 6.8091%","2026-08-05","2036-09-15","1598,00","6,34","","","","2035-05-15","B35","8,0685","17","ok","","ANBIMA Data API (web-bff)"
"CPIS14","8,1833","IPCA_SPREAD","B35 + 11 bps","IPCA + 7.3239%","2026-08-05","2037-08-15","1684,00","6,68","","","","2035-05-15","B35","8,0685","11","ok","","ANBIMA Data API (web-bff)"
"CPIS15","8,2364","IPCA_SPREAD","B35 + 16 bps","IPCA + 7.1962%","2026-08-05","2037-09-15","1708,00","6,78","","","","2035-05-15","B35","8,0685","16","ok","","ANBIMA Data API (web-bff)"
"CPIS16","8,0833","IPCA_SPREAD","B37 + 19 bps","IPCA + 6.5700%","2026-08-05","2038-01-15","1824,00","7,24","","","","2037-05-15","B37","7,8741","19","ok","","ANBIMA Data API (web-bff)"
"CPLD15","7,5950","IPCA_SPREAD","B27 - 42 bps","IPCA + 4.2000%","2026-08-05","2027-11-15","188,00","0,75","","","","2027-05-15","B27","8,0541","-42","ok","","ANBIMA Data API (web-bff)"
"CPLD19","0,5735","DI_SPREAD","CDI + 0,57%","DI + 0.6000%","2026-08-05","2031-05-15","733,00","2,91","","","","","","","","ok","","ANBIMA Data API (web-bff)"
"CPLD26","7,7326","IPCA_SPREAD","B30 - 45 bps","IPCA + 4.7742%","2026-08-05","2031-06-15","875,00","3,47","","","","2030-08-15","B30","8,2202","-45","ok","","ANBIMA Data API (web-bff)"
"CPLD27","0,8734","DI_SPREAD","CDI + 0,87%","DI + 1.3600%","2026-08-05","2027-05-15","184,00","0,73","","","","","","","","ok","","ANBIMA Data API (web-bff)"
"CPLD29","7,8491","IPCA_SPREAD","B33 - 30 bps","IPCA + 6.2831%","2026-08-05","2036-05-15","1444,00","5,73","","","","2033-05-15","B33","8,1696","-30","ok","","ANBIMA Data API (web-bff)"
"CPLD37","7,7771","IPCA_SPREAD","B31 - 36 bps","IPCA + 6.1732%","2026-08-05","2032-05-15","1028,00","4,08","","","","2031-05-15","B31","8,1651","-36","ok","","ANBIMA Data API (web-bff)"
"CPLD38","1,4967","DI_SPREAD","CDI + 1,50%","DI + 2.2500%","2026-08-05","2026-09-03","21,00","0,08","","","","","","","","ok","","ANBIMA Data API (web-bff)"
"CPLDA0","0,5010","DI_SPREAD","CDI + 0,50%","DI + 0.4300%","2026-08-05","2030-07-15","625,00","2,48","","","","","","","","ok","","ANBIMA Data API (web-bff)"
"CPLDA1","7,8175","IPCA_SPREAD","B35 - 23 bps","IPCA + 7.1841%","2026-08-05","2038-01-15","1712,00","6,79","","","","2035-05-15","B35","8,0685","-23","ok","","ANBIMA Data API (web-bff)"
"CPLDB0","0,6458","DI_SPREAD","CDI + 0,65%","DI + 0.5800%","2026-08-05","2032-07-15","1008,00","4,00","","","","","","","","ok","","ANBIMA Data API (web-bff)"
"CPLDC0","7,8447","IPCA_SPREAD","B35 - 21 bps","IPCA + 6.9543%","2026-08-05","2037-07-15","1652,00","6,56","","","","2035-05-15","B35","8,0685","-21","ok","","ANBIMA Data API (web-bff)"
"CPREA0","0,4536","DI_SPREAD","CDI + 0,45%","DI + 1.1200%","2026-08-05","2028-12-12","509,00","2,02","","","","","","","","ok","","ANBIMA Data API (web-bff)"
"CPTE12","0,9004","DI_SPREAD","CDI + 0,90%","DI + 1.7000%","2026-08-05","2031-07-15","589,00","2,34","","","","","","","","ok","","ANBIMA Data API (web-bff)"
"CRCF12","8,9565","IPCA_SPREAD","B37 + 100 bps","IPCA + 8.4668%","2026-08-05","2041-03-15","1923,00","7,63","","","","2037-05-15","B37","7,8741","100","ok","","ANBIMA Data API (web-bff)"
"CRMG15","8,0557","IPCA_SPREAD","B29 - 12 bps","IPCA + 5.9668%","2026-08-05","2030-12-15","660,00","2,62","","","","2029-05-15","B29","8,1841","-12","ok","","ANBIMA Data API (web-bff)"
"CRNP13","8,7578","IPCA_SPREAD","B40 + 91 bps","IPCA + 8.3702%","2026-08-05","2047-12-15","2171,00","8,62","","","","2040-08-15","B40","7,7819","91","ok","","ANBIMA Data API (web-bff)"
"CRNP23","8,7222","IPCA_SPREAD","B40 + 87 bps","IPCA + 8.3702%","2026-08-05","2047-12-15","2174,00","8,63","","","","2040-08-15","B40","7,7819","87","ok","","ANBIMA Data API (web-bff)"
"CRTA12","8,8511","IPCA_SPREAD","B37 + 91 bps","IPCA + 7.7178%","2026-08-05","2043-12-15","2012,00","7,98","","","","2037-05-15","B37","7,8741","91","ok","","ANBIMA Data API (web-bff)"
"CRTR12","9,0836","IPCA_SPREAD","B35 + 94 bps","IPCA + 7.3201%","2026-08-05","2041-08-15","1618,00","6,42","","","","2035-05-15","B35","8,0685","94","ok","","ANBIMA Data API (web-bff)"
"CSAN15","2,1701","DI_SPREAD","CDI + 2,17%","DI + 2.4000%","2026-08-05","2028-04-20","375,00","1,49","","","","","","","","ok","","ANBIMA Data API (web-bff)"
"CSAN18","1,4829","DI_SPREAD","CDI + 1,48%","DI + 1.8000%","2026-08-05","2031-01-21","771,00","3,06","","","","","","","","ok","","ANBIMA Data API (web-bff)"
"CSAN23","1,5684","DI_SPREAD","CDI + 1,57%","DI + 2.0000%","2026-08-05","2031-08-15","726,00","2,88","","","","","","","","ok","","ANBIMA Data API (web-bff)"
"CSAN24","1,8178","DI_SPREAD","CDI + 1,82%","DI + 1.9000%","2026-08-05","2032-05-05","843,00","3,35","","","","","","","","ok","","ANBIMA Data API (web-bff)"
"CSAN33","10,7416","IPCA_SPREAD","B30 + 233 bps","IPCA + 5.7531%","2026-08-05","2031-08-15","868,00","3,44","","","","2030-08-15","B30","8,2202","233","ok","","ANBIMA Data API (web-bff)"
"CSANA0","1,5279","DI_SPREAD","CDI + 1,53%","DI + 1.0000%","2026-08-05","2029-06-28","516,00","2,05","","","","","","","","ok","","ANBIMA Data API (web-bff)"
"CSANA2","1,6896","DI_SPREAD","CDI + 1,69%","DI + 0.6000%","2026-08-05","2029-01-27","620,00","2,46","","","","","","","","ok","","ANBIMA Data API (web-bff)"
"CSANB0","1,6224","DI_SPREAD","CDI + 1,62%","DI + 1.5000%","2026-08-05","2034-06-28","1104,00","4,38","","","","","","","","ok","","ANBIMA Data API (web-bff)"
"CSANB1","1,4964","DI_SPREAD","CDI + 1,50%","DI + 0.7200%","2026-08-05","2030-01-08","696,00","2,76","","","","","","","","ok","","ANBIMA Data API (web-bff)"
"CSANB2","1,4494","DI_SPREAD","CDI + 1,45%","DI + 0.7000%","2026-08-05","2030-03-27","635,00","2,52","","","","","","","","ok","","ANBIMA Data API (web-bff)"
"CSANC1","1,9094","DI_SPREAD","CDI + 1,91%","DI + 1.3000%","2026-08-05","2035-01-08","1237,00","4,91","","","","","","","","ok","","ANBIMA Data API (web-bff)"
"CSANC2","1,7590","DI_SPREAD","CDI + 1,76%","DI + 1.0000%","2026-08-05","2032-03-27","848,00","3,37","","","","","","","","ok","","ANBIMA Data API (web-bff)"
"CSED12","0,8725","DI_SPREAD","CDI + 0,87%","DI + 1.3500%","2026-08-05","2030-02-05","539,00","2,14","","","","","","","","ok","","ANBIMA Data API (web-bff)"
"CSMGA6","7,5757","IPCA_SPREAD","B29 - 56 bps","IPCA + 5.2306%","2026-08-05","2031-09-15","569,00","2,26","","","","2029-05-15","B29","8,1841","-56","ok","","ANBIMA Data API (web-bff)"
"CSMGA7","0,7527","DI_SPREAD","CDI + 0,75%","DI + 1.3000%","2026-08-05","2029-12-16","371,00","1,47","","","","","","","","ok","","ANBIMA Data API (web-bff)"
"CSMGA8","0,8719","DI_SPREAD","CDI + 0,87%","DI + 1.2000%","2026-08-05","2030-09-15","436,00","1,73","","","","","","","","ok","","ANBIMA Data API (web-bff)"
"CSMGA9","0,7100","DI_SPREAD","CDI + 0,71%","DI + 0.9000%","2026-08-05","2034-07-15","796,00","3,16","","","","","","","","ok","","ANBIMA Data API (web-bff)"
"CSMGB0","0,6824","DI_SPREAD","CDI + 0,68%","DI + 0.6000%","2026-08-05","2035-05-15","889,00","3,53","","","","","","","","ok","","ANBIMA Data API (web-bff)"
"CSMGB6","0,7204","DI_SPREAD","CDI + 0,72%","DI + 1.3000%","2026-08-05","2026-09-15","28,00","0,11","","","","","","","","ok","","ANBIMA Data API (web-bff)"
"CSMGB8","8,9602","IPCA_SPREAD","B28 + 47 bps","IPCA + 7.1000%","2026-08-05","2030-09-15","473,00","1,88","","","","2028-08-15","B28","8,4500","47","ok","","ANBIMA Data API (web-bff)"
"CSMGB9","9,2931","IPCA_SPREAD","B30 + 99 bps","IPCA + 7.2735%","2026-08-05","2034-07-15","911,00","3,62","","","","2030-08-15","B30","8,2202","99","ok","","ANBIMA Data API (web-bff)"
"CSMGC0","8,9414","IPCA_SPREAD","B31 + 72 bps","IPCA + 8.2100%","2026-08-05","2035-05-15","1035,00","4,11","","","","2031-05-15","B31","8,1651","72","ok","","ANBIMA Data API (web-bff)"
"CSMGD1","0,7392","DI_SPREAD","CDI + 0,74%","DI + 0.5200%","2026-08-05","2035-10-15","962,00","3,82","","","","","","","","ok","","ANBIMA Data API (web-bff)"
"CSMGD2","0,6954","DI_SPREAD","CDI + 0,70%","DI + 0.6500%","2026-08-05","2036-03-15","997,00","3,96","","","","","","","","ok","","ANBIMA Data API (web-bff)"
"CSMGE1","9,0393","IPCA_SPREAD","B31 + 81 bps","IPCA + 8.3342%","2026-08-05","2035-10-15","1115,00","4,42","","","","2031-05-15","B31","8,1651","81","ok","","ANBIMA Data API (web-bff)"
"CSMGE2","9,2859","IPCA_SPREAD","B32 + 103 bps","IPCA + 8.5670%","2026-08-05","2036-03-15","1164,00","4,62","","","","2032-08-15","B32","8,1707","103","ok","","ANBIMA Data API (web-bff)"
"CSNAA1","19,0661","DI_SPREAD","CDI + 19,07%","DI + 1.6500%","2026-08-05","2028-11-10","372,00","1,48","","","","","","","","ok","","ANBIMA Data API (web-bff)"
"CSNAA2","15,0527","DI_SPREAD","CDI + 15,05%","DI + 2.5000%","2026-08-05","2027-12-20","198,00","0,79","","","","","","","","ok","","ANBIMA Data API (web-bff)"
"CSNAA4","29,4657","IPCA_SPREAD","B30 + 1963 bps","IPCA + 6.5000%","2026-08-05","2030-07-15","831,00","3,30","","","","2030-08-15","B30","8,2202","1963","ok","","ANBIMA Data API (web-bff)"
"CSNAA5","21,1834","IPCA_SPREAD","B32 + 1203 bps","IPCA + 6.8300%","2026-08-05","2034-04-15","1180,00","4,68","","","","2032-08-15","B32","8,1707","1203","ok","","ANBIMA Data API (web-bff)"
"CSNAA6","21,9429","IPCA_SPREAD","B32 + 1273 bps","IPCA + 7.5888%","2026-08-05","2034-11-15","1291,00","5,12","","","","2032-08-15","B32","8,1707","1273","ok","","ANBIMA Data API (web-bff)"
"CSNAB4","21,1379","IPCA_SPREAD","B31 + 1199 bps","IPCA + 6.8000%","2026-08-05","2033-07-15","1129,00","4,48","","","","2031-05-15","B31","8,1651","1199","ok","","ANBIMA Data API (web-bff)"
"CSNAB5","17,7242","IPCA_SPREAD","B35 + 893 bps","IPCA + 6.9924%","2026-08-05","2039-04-15","1579,00","6,27","","","","2035-05-15","B35","8,0685","893","ok","","ANBIMA Data API (web-bff)"
"CSNAB6","17,4433","IPCA_SPREAD","B33 + 857 bps","IPCA + 7.6952%","2026-08-05","2039-11-15","1592,00","6,32","","","","2033-05-15","B33","8,1696","857","ok","","ANBIMA Data API (web-bff)"
"CSNAC4","17,5458","IPCA_SPREAD","B35 + 877 bps","IPCA + 7.0000%","2026-08-05","2038-07-15","1603,00","6,36","","","","2035-05-15","B35","8,0685","877","ok","","ANBIMA Data API (web-bff)"
"CSNP12","8,3959","IPCA_SPREAD","B29 + 20 bps","IPCA + 7.9461%","2026-08-05","2032-06-15","730,00","2,90","","","","2029-05-15","B29","8,1841","20","ok","","ANBIMA Data API (web-bff)"
"CSRN29","8,1364","IPCA_SPREAD","B28 - 29 bps","IPCA + 4.4986%","2026-08-05","2029-04-15","397,00","1,58","","","","2028-08-15","B28","8,4500","-29","ok","","ANBIMA Data API (web-bff)"
"CSRNA1","8,1339","IPCA_SPREAD","B28 - 29 bps","IPCA + 6.4482%","2026-08-05","2028-06-15","442,00","1,75","","","","2028-08-15","B28","8,4500","-29","ok","","ANBIMA Data API (web-bff)"
"CSRNA2","0,7411","DI_SPREAD","CDI + 0,74%","DI + 0.9600%","2026-08-05","2031-03-15","764,00","3,03","","","","","","","","ok","","ANBIMA Data API (web-bff)"
"CSRNA4","8,0617","IPCA_SPREAD","B31 - 10 bps","IPCA + 7.0099%","2026-08-05","2031-03-15","997,00","3,96","","","","2031-05-15","B31","8,1651","-10","ok","","ANBIMA Data API (web-bff)"
"CSRNB2","8,1707","IPCA_SPREAD","B33 + 0 bps","IPCA + 6.0691%","2026-08-05","2034-03-15","1335,00","5,30","","","","2033-05-15","B33","8,1696","0","ok","","ANBIMA Data API (web-bff)"
"CSRNB3","8,0792","IPCA_SPREAD","B35 + 1 bps","IPCA + 6.3000%","2026-08-05","2035-11-15","1740,00","6,90","","","","2035-05-15","B35","8,0685","1","ok","","ANBIMA Data API (web-bff)"
"CSRNC0","7,9983","IPCA_SPREAD","B29 - 17 bps","IPCA + 6.6230%","2026-08-05","2029-07-15","569,00","2,26","","","","2029-05-15","B29","8,1841","-17","ok","","ANBIMA Data API (web-bff)"
"CTEE18","7,6256","IPCA_SPREAD","B29 - 52 bps","IPCA + 3.5000%","2026-08-05","2029-12-15","559,00","2,22","","","","2029-05-15","B29","8,1841","-52","ok","","ANBIMA Data API (web-bff)"
"CTEE19","0,4053","DI_SPREAD","CDI + 0,41%","DI + 2.8300%","2026-08-05","2028-11-15","285,00","1,13","","","","","","","","ok","","ANBIMA Data API (web-bff)"
"CTEE1B","7,6550","IPCA_SPREAD","B31 - 47 bps","IPCA + 5.7710%","2026-08-05","2031-10-15","1116,00","4,43","","","","2031-05-15","B31","8,1651","-47","ok","","ANBIMA Data API (web-bff)"
"CTEE29","7,6902","IPCA_SPREAD","B35 - 35 bps","IPCA + 5.3000%","2026-08-05","2044-05-15","1679,00","6,66","","","","2035-05-15","B35","8,0685","-35","ok","","ANBIMA Data API (web-bff)"
"CTEE2B","7,5410","IPCA_SPREAD","B40 - 22 bps","IPCA + 5.8640%","2026-08-05","2039-10-15","2124,00","8,43","","","","2040-08-15","B40","7,7819","-22","ok","","ANBIMA Data API (web-bff)"
"CTGE11","7,6011","IPCA_SPREAD","B27 - 42 bps","IPCA + 3.7500%","2026-08-05","2028-11-15","279,00","1,11","","","","2027-05-15","B27","8,0541","-42","ok","","ANBIMA Data API (web-bff)"
"CTGE13","7,7396","IPCA_SPREAD","B29 - 41 bps","IPCA + 5.3455%","2026-08-05","2029-09-15","711,00","2,82","","","","2029-05-15","B29","8,1841","-41","ok","","ANBIMA Data API (web-bff)"
"CTGE15","7,7321","IPCA_SPREAD","B31 - 40 bps","IPCA + 6.3423%","2026-08-05","2031-04-15","1010,00","4,01","","","","2031-05-15","B31","8,1651","-40","ok","","ANBIMA Data API (web-bff)"
"CTNSA2","0,6558","DI_SPREAD","CDI + 0,66%","DI + 1.0000%","2026-08-05","2030-02-25","681,00","2,70","","","","","","","","ok","","ANBIMA Data API (web-bff)"
"CTNSA3","8,2246","IPCA_SPREAD","B33 + 5 bps","IPCA + 7.3000%","2026-08-05","2035-05-15","1486,00","5,90","","","","2033-05-15","B33","8,1696","5","ok","","ANBIMA Data API (web-bff)"
"CTNSA5","8,2157","IPCA_SPREAD","B35 + 14 bps","IPCA + 6.6675%","2026-08-05","2036-02-15","1728,00","6,86","","","","2035-05-15","B35","8,0685","14","ok","","ANBIMA Data API (web-bff)"
"CTRR11","7,7107","IPCA_SPREAD","B29 - 44 bps","IPCA + 6.9094%","2026-08-05","2032-08-15","646,00","2,56","","","","2029-05-15","B29","8,1841","-44","ok","","ANBIMA Data API (web-bff)"
"CUTI11","7,9207","IPCA_SPREAD","B29 - 24 bps","IPCA + 5.8813%","2026-08-05","2031-12-15","669,00","2,65","","","","2029-05-15","B29","8,1841","-24","ok","","ANBIMA Data API (web-bff)"
"CVCB14","3,9677","DI_SPREAD","CDI + 3,97%","DI + 4.5000%","2026-08-05","2028-10-30","223,00","0,88","","","","","","","","ok","","ANBIMA Data API (web-bff)"
"CVRDA6","","IGP-M","—","IGPM + 0.0000%","2026-08-05","2100-01-01","","","","","","","","","","sem_taxa","Taxa indicativa vazia (comum em IGP-M)","ANBIMA Data API (web-bff)"
"CYAR11","10,9490","IPCA_SPREAD","B37 + 285 bps","IPCA + 7.5232%","2026-08-05","2045-12-15","1933,00","7,67","","","","2037-05-15","B37","7,8741","285","ok","","ANBIMA Data API (web-bff)"
"DASAB2","2,6349","DI_SPREAD","CDI + 2,63%","DI + 3.4000%","2026-08-05","2030-11-20","636,00","2,52","","","","","","","","ok","","ANBIMA Data API (web-bff)"
"DASAB4","1,5922","DI_SPREAD","CDI + 1,59%","DI + 2.4000%","2026-08-05","2027-10-20","163,00","0,65","","","","","","","","ok","","ANBIMA Data API (web-bff)"
"DASAB5","2,3062","DI_SPREAD","CDI + 2,31%","DI + 1.7000%","2026-08-05","2028-10-30","476,00","1,89","","","","","","","","ok","","ANBIMA Data API (web-bff)"
"DASAC2","2,8884","DI_SPREAD","CDI + 2,89%","DI + 3.4000%","2026-08-05","2030-11-20","635,00","2,52","","","","","","","","ok","","ANBIMA Data API (web-bff)"
"DASAC5","2,9999","DI_SPREAD","CDI + 3,00%","DI + 2.0500%","2026-08-05","2031-10-30","896,00","3,56","","","","","","","","ok","","ANBIMA Data API (web-bff)"
"DESK17","8,0468","IPCA_SPREAD","B30 - 16 bps","IPCA + 7.4408%","2026-08-05","2031-06-15","842,00","3,34","","","","2030-08-15","B30","8,2202","-16","ok","","ANBIMA Data API (web-bff)"
"DESK18","7,9937","IPCA_SPREAD","B31 - 16 bps","IPCA + 7.9356%","2026-08-05","2032-06-15","1107,00","4,39","","","","2031-05-15","B31","8,1651","-16","ok","","ANBIMA Data API (web-bff)"
"DESK19","7,9892","IPCA_SPREAD","B31 - 16 bps","IPCA + 8.1215%","2026-08-05","2032-09-15","1126,00","4,47","","","","2031-05-15","B31","8,1651","-16","ok","","ANBIMA Data API (web-bff)"
"DXCO13","0,7500","DI_SPREAD","CDI + 0,75%","DI + 0.5300%","2026-08-05","2031-10-15","858,00","3,40","","","","","","","","ok","","ANBIMA Data API (web-bff)"
"EBAS13","8,3475","IPCA_SPREAD","B30 + 12 bps","IPCA + 8.6000%","2026-08-05","2035-11-15","943,00","3,74","","","","2030-08-15","B30","8,2202","12","ok","","ANBIMA Data API (web-bff)"
"EBENA6","0,5920","DI_SPREAD","CDI + 0,59%","DI + 0.8900%","2026-08-05","2028-03-04","241,00","0,96","","","","","","","","ok","","ANBIMA Data API (web-bff)"
"EBENA7","0,8880","DI_SPREAD","CDI + 0,89%","DI + 0.6800%","2026-08-05","2028-06-20","314,00","1,25","","","","","","","","ok","","ANBIMA Data API (web-bff)"
"EBENA8","7,9777","IPCA_SPREAD","B35 - 8 bps","IPCA + 7.2843%","2026-08-05","2036-12-15","1714,00","6,80","","","","2035-05-15","B35","8,0685","-8","ok","","ANBIMA Data API (web-bff)"
"EBENB1","0,5942","DI_SPREAD","CDI + 0,59%","DI + 0.6300%","2026-08-05","2030-12-19","762,00","3,02","","","","","","","","ok","","ANBIMA Data API (web-bff)"
"EBENC1","0,6792","DI_SPREAD","CDI + 0,68%","DI + 0.7300%","2026-08-05","2032-12-19","1023,00","4,06","","","","","","","","ok","","ANBIMA Data API (web-bff)"
"ECER12","8,1009","IPCA_SPREAD","B27 + 4 bps","IPCA + 6.3500%","2026-08-05","2027-09-15","278,00","1,10","","","","2027-05-15","B27","8,0541","4","ok","","ANBIMA Data API (web-bff)"
"ECHP11","8,3826","IPCA_SPREAD","B28 - 6 bps","IPCA + 6.9000%","2026-08-05","2030-06-15","528,00","2,10","","","","2028-08-15","B28","8,4500","-6","ok","","ANBIMA Data API (web-bff)"
"ECHP12","8,3761","IPCA_SPREAD","B28 - 7 bps","IPCA + 4.7500%","2026-08-05","2030-12-15","471,00","1,87","","","","2028-08-15","B28","8,4500","-7","ok","","ANBIMA Data API (web-bff)"
"ECHP22","8,3716","IPCA_SPREAD","B28 - 7 bps","IPCA + 4.7500%","2026-08-05","2031-01-15","472,00","1,87","","","","2028-08-15","B28","8,4500","-7","ok","","ANBIMA Data API (web-bff)"
"ECOV16","8,6943","IPCA_SPREAD","B31 + 49 bps","IPCA + 6.0950%","2026-08-05","2033-02-15","1054,00","4,18","","","","2031-05-15","B31","8,1651","49","ok","","ANBIMA Data API (web-bff)"
"ECOV17","0,7252","DI_SPREAD","CDI + 0,73%","DI + 1.2500%","2026-08-05","2032-02-25","811,00","3,22","","","","","","","","ok","","ANBIMA Data API (web-bff)"
"ECPN11","9,8395","IPCA_SPREAD","B31 + 155 bps","IPCA + 4.4000%","2026-08-05","2034-10-15","1086,00","4,31","","","","2031-05-15","B31","8,1651","155","ok","","ANBIMA Data API (web-bff)"
"ECRD14","8,7927","IPCA_SPREAD","B40 + 94 bps","IPCA + 8.3939%","2026-08-05","2047-09-15","2147,00","8,52","","","","2040-08-15","B40","7,7819","94","ok","","ANBIMA Data API (web-bff)"
"EDFT11","8,5758","IPCA_SPREAD","B35 + 47 bps","IPCA + 6.8209%","2026-08-05","2049-05-15","1635,00","6,49","","","","2035-05-15","B35","8,0685","47","ok","","ANBIMA Data API (web-bff)"
"EDPA11","7,8909","IPCA_SPREAD","B35 - 16 bps","IPCA + 8.3431%","2026-08-05","2044-10-15","1636,00","6,49","","","","2035-05-15","B35","8,0685","-16","ok","","ANBIMA Data API (web-bff)"
"EDPR13","0,6458","DI_SPREAD","CDI + 0,65%","DI + 0.5200%","2026-08-05","2030-12-10","583,00","2,31","","","","","","","","ok","","ANBIMA Data API (web-bff)"
"EDPR23","0,7553","DI_SPREAD","CDI + 0,76%","DI + 0.6000%","2026-08-05","2032-12-10","1017,00","4,04","","","","","","","","ok","","ANBIMA Data API (web-bff)"
"EDPT11","8,0225","IPCA_SPREAD","B30 - 18 bps","IPCA + 7.0267%","2026-08-05","2033-05-15","832,00","3,30","","","","2030-08-15","B30","8,2202","-18","ok","","ANBIMA Data API (web-bff)"
"EDTE12","7,8386","IPCA_SPREAD","B28 - 56 bps","IPCA + 5.2939%","2026-08-05","2028-12-15","420,00","1,67","","","","2028-08-15","B28","8,4500","-56","ok","","ANBIMA Data API (web-bff)"
"EDVP17","8,0398","IPCA_SPREAD","B31 - 12 bps","IPCA + 6.0996%","2026-08-05","2032-01-15","977,00","3,88","","","","2031-05-15","B31","8,1651","-12","ok","","ANBIMA Data API (web-bff)"
"EDVP18","0,2850","DI_SPREAD","CDI + 0,29%","DI + 1.6000%","2026-08-05","2027-08-22","125,00","0,50","","","","","","","","ok","","ANBIMA Data API (web-bff)"
"EEELA0","7,7956","IPCA_SPREAD","B32 - 35 bps","IPCA + 6.1774%","2026-08-05","2033-10-15","1275,00","5,06","","","","2032-08-15","B32","8,1707","-35","ok","","ANBIMA Data API (web-bff)"
"EEELA1","7,8977","IPCA_SPREAD","B33 - 25 bps","IPCA + 6.0994%","2026-08-05","2034-04-15","1359,00","5,39","","","","2033-05-15","B33","8,1696","-25","ok","","ANBIMA Data API (web-bff)"
"EEELA3","0,4367","DI_SPREAD","CDI + 0,44%","DI + 0.4900%","2026-08-05","2029-09-10","544,00","2,16","","","","","","","","ok","","ANBIMA Data API (web-bff)"
"EEELA4","7,8590","IPCA_SPREAD","B33 - 29 bps","IPCA + 7.7082%","2026-08-05","2035-02-15","1419,00","5,63","","","","2033-05-15","B33","8,1696","-29","ok","","ANBIMA Data API (web-bff)"
"EEELA5","0,4773","DI_SPREAD","CDI + 0,48%","DI + 0.4500%","2026-08-05","2030-05-15","728,00","2,89","","","","","","","","ok","","ANBIMA Data API (web-bff)"
"EEELB1","7,6483","IPCA_SPREAD","B37 - 21 bps","IPCA + 6.1572%","2026-08-05","2039-04-15","2042,00","8,10","","","","2037-05-15","B37","7,8741","-21","ok","","ANBIMA Data API (web-bff)"
"EEELB5","7,8511","IPCA_SPREAD","B33 - 29 bps","IPCA + 6.9249%","2026-08-05","2035-05-15","1506,00","5,98","","","","2033-05-15","B33","8,1696","-29","ok","","ANBIMA Data API (web-bff)"
"EGIE27","7,4452","IPCA_SPREAD","B27 - 56 bps","IPCA + 5.9033%","2026-08-05","2028-07-15","313,00","1,24","","","","2027-05-15","B27","8,0541","-56","ok","","ANBIMA Data API (web-bff)"
"EGIE29","7,8974","IPCA_SPREAD","B28 - 51 bps","IPCA + 3.9000%","2026-08-05","2029-07-15","467,00","1,85","","","","2028-08-15","B28","8,4500","-51","ok","","ANBIMA Data API (web-bff)"
"EGIE49","7,8862","IPCA_SPREAD","B28 - 52 bps","IPCA + 3.7000%","2026-08-05","2029-07-15","462,00","1,83","","","","2028-08-15","B28","8,4500","-52","ok","","ANBIMA Data API (web-bff)"
"EGIEA0","7,6251","IPCA_SPREAD","B40 - 15 bps","IPCA + 5.7158%","2026-08-05","2046-09-15","2123,00","8,42","","","","2040-08-15","B40","7,7819","-15","ok","","ANBIMA Data API (web-bff)"
"EGIEA1","7,6480","IPCA_SPREAD","B32 - 48 bps","IPCA + 5.9325%","2026-08-05","2033-11-15","1286,00","5,10","","","","2032-08-15","B32","8,1707","-48","ok","","ANBIMA Data API (web-bff)"
"EGIEA2","13,3301","PREFIXADO","13,33%","Pré-Fixado 12.4974%","2026-08-05","2029-08-15","644,00","2,56","","-0,7356","spread = (1 + Y)/(1 + L) - 1; Y = pre 13,33%; L = TaxaLTN_252 venc ref 2029-07-01 = 14,17%","","","","","ok","","ANBIMA Data API (web-bff)"
"EGIEA4","13,7495","PREFIXADO","13,75%","Pré-Fixado 14.3509%","2026-08-05","2032-01-15","821,00","3,26","","-0,5356","spread = (1 + Y)/(1 + L) - 1; Y = pre 13,75%; L = TaxaLTN_252 venc ref 2032-01-01 = 14,36%","","","","","ok","","ANBIMA Data API (web-bff)"
"EGIEA5","14,0218","PREFIXADO","14,02%","Pré-Fixado 12.8775%","2026-08-05","2035-06-15","1187,00","4,71","","-0,2975","spread = (1 + Y)/(1 + L) - 1; Y = pre 14,02%; L = TaxaLTN_252 venc ref 2032-01-01 = 14,36%","","","","","ok","","ANBIMA Data API (web-bff)"
"EGIEA6","7,5675","IPCA_SPREAD","B37 - 28 bps","IPCA + 6.2474%","2026-08-05","2038-02-15","1939,00","7,69","","","","2037-05-15","B37","7,8741","-28","ok","","ANBIMA Data API (web-bff)"
"EGIEB1","7,5804","IPCA_SPREAD","B37 - 27 bps","IPCA + 6.0691%","2026-08-05","2038-11-15","1984,00","7,87","","","","2037-05-15","B37","7,8741","-27","ok","","ANBIMA Data API (web-bff)"
"EGIEB2","7,7220","IPCA_SPREAD","B33 - 41 bps","IPCA + 6.7766%","2026-08-05","2034-06-15","1405,00","5,58","","","","2033-05-15","B33","8,1696","-41","ok","","ANBIMA Data API (web-bff)"
"EGIEB4","7,6242","IPCA_SPREAD","B31 - 50 bps","IPCA + 7.5568%","2026-08-05","2032-01-15","981,00","3,89","","","","2031-05-15","B31","8,1651","-50","ok","","ANBIMA Data API (web-bff)"
"EGIEB5","7,6491","IPCA_SPREAD","B35 - 39 bps","IPCA + 6.8555%","2026-08-05","2035-06-15","1547,00","6,14","","","","2035-05-15","B35","8,0685","-39","ok","","ANBIMA Data API (web-bff)"
"EGIEC1","13,5804","PREFIXADO","13,58%","Pré-Fixado 10.9000%","2026-08-05","2028-11-15","571,00","2,27","","-0,3797","spread = (1 + Y)/(1 + L) - 1; Y = pre 13,58%; L = TaxaLTN_252 venc ref 2028-10-01 = 14,01%","","","","","ok","","ANBIMA Data API (web-bff)"
"EGIED1","0,5025","DI_SPREAD","CDI + 0,50%","DI + 1.0000%","2026-08-05","2028-11-15","393,00","1,56","","","","","","","","ok","","ANBIMA Data API (web-bff)"
"EGIEE1","0,7506","DI_SPREAD","CDI + 0,75%","DI + 1.1000%","2026-08-05","2030-11-15","735,00","2,92","","","","","","","","ok","","ANBIMA Data API (web-bff)"
"EGVG11","8,0381","IPCA_SPREAD","B28 - 38 bps","IPCA + 3.7000%","2026-08-05","2029-10-15","392,00","1,56","","","","2028-08-15","B28","8,4500","-38","ok","","ANBIMA Data API (web-bff)"
"EGVG21","8,0786","IPCA_SPREAD","B28 - 34 bps","IPCA + 3.7000%","2026-08-05","2029-10-15","389,00","1,54","","","","2028-08-15","B28","8,4500","-34","ok","","ANBIMA Data API (web-bff)"
"EKTRA0","0,7226","DI_SPREAD","CDI + 0,72%","DI + 1.2900%","2026-08-05","2026-10-15","49,00","0,19","","","","","","","","ok","","ANBIMA Data API (web-bff)"
"EKTRA1","1,0065","DI_SPREAD","CDI + 1,01%","DI + 1.2800%","2026-08-05","2027-07-15","226,00","0,90","","","","","","","","ok","","ANBIMA Data API (web-bff)"
"EKTRA3","0,6613","DI_SPREAD","CDI + 0,66%","DI + 0.9800%","2026-08-05","2031-04-15","785,00","3,12","","","","","","","","ok","","ANBIMA Data API (web-bff)"
"EKTRA4","0,6669","DI_SPREAD","CDI + 0,67%","DI + 0.8000%","2026-08-05","2032-02-08","933,00","3,70","","","","","","","","ok","","ANBIMA Data API (web-bff)"
"EKTRA5","14,1064","PREFIXADO","14,11%","Pré-Fixado 13.5966%","2026-08-05","2032-04-25","1010,00","4,01","","-0,2235","spread = (1 + Y)/(1 + L) - 1; Y = pre 14,11%; L = TaxaLTN_252 venc ref 2032-01-01 = 14,36%","","","","","ok","","ANBIMA Data API (web-bff)"
"EKTRA6","7,8955","IPCA_SPREAD","B40 + 11 bps","IPCA + 6.8172%","2026-08-05","2035-08-15","2261,00","8,97","","","","2040-08-15","B40","7,7819","11","ok","","ANBIMA Data API (web-bff)"
"EKTRA8","8,0419","IPCA_SPREAD","B31 - 11 bps","IPCA + 7.0099%","2026-08-05","2031-03-15","997,00","3,96","","","","2031-05-15","B31","8,1651","-11","ok","","ANBIMA Data API (web-bff)"
"EKTRB0","0,9029","DI_SPREAD","CDI + 0,90%","DI + 1.4400%","2026-08-05","2028-10-15","371,00","1,47","","","","","","","","ok","","ANBIMA Data API (web-bff)"
"EKTRB3","8,1639","IPCA_SPREAD","B33 - 1 bps","IPCA + 6.2587%","2026-08-05","2034-04-15","1351,00","5,36","","","","2033-05-15","B33","8,1696","-1","ok","","ANBIMA Data API (web-bff)"
"EKTRB6","7,9327","IPCA_SPREAD","B37 + 5 bps","IPCA + 6.7636%","2026-08-05","2040-08-15","2106,00","8,36","","","","2037-05-15","B37","7,8741","5","ok","","ANBIMA Data API (web-bff)"
"EKTRC0","8,0524","IPCA_SPREAD","B30 - 16 bps","IPCA + 5.7697%","2026-08-05","2031-10-15","920,00","3,65","","","","2030-08-15","B30","8,2202","-16","ok","","ANBIMA Data API (web-bff)"
"EKTRC1","7,9131","IPCA_SPREAD","B29 - 25 bps","IPCA + 6.6230%","2026-08-05","2029-07-15","570,00","2,26","","","","2029-05-15","B29","8,1841","-25","ok","","ANBIMA Data API (web-bff)"
"EKTT11","8,1543","IPCA_SPREAD","B32 - 2 bps","IPCA + 6.4217%","2026-08-05","2038-05-15","1308,00","5,19","","","","2032-08-15","B32","8,1707","-2","ok","","ANBIMA Data API (web-bff)"
"ELDC15","9,1845","IPCA_SPREAD","B33 + 94 bps","IPCA + 7.7950%","2026-08-05","2035-10-15","1500,00","5,95","","","","2033-05-15","B33","8,1696","94","ok","","ANBIMA Data API (web-bff)"
"ELET14","7,7322","IPCA_SPREAD","B30 - 45 bps","IPCA + 6.3170%","2026-08-05","2031-09-15","892,00","3,54","","","","2030-08-15","B30","8,2202","-45","ok","","ANBIMA Data API (web-bff)"
"ELET15","0,5184","DI_SPREAD","CDI + 0,52%","DI + 0.8500%","2026-08-05","2029-04-15","558,00","2,21","","","","","","","","ok","","ANBIMA Data API (web-bff)"
"ELET16","7,7971","IPCA_SPREAD","B35 - 25 bps","IPCA + 6.8770%","2026-08-05","2034-09-15","1543,00","6,12","","","","2035-05-15","B35","8,0685","-25","ok","","ANBIMA Data API (web-bff)"
"ELET17","0,7240","DI_SPREAD","CDI + 0,72%","DI + 0.8500%","2026-08-05","2035-11-15","1231,00","4,88","","","","","","","","ok","","ANBIMA Data API (web-bff)"
"ELET23","7,7343","IPCA_SPREAD","B31 - 40 bps","IPCA + 4.9126%","2026-08-05","2031-04-15","1038,00","4,12","","","","2031-05-15","B31","8,1651","-40","ok","","ANBIMA Data API (web-bff)"
"ELET24","0,9614","DI_SPREAD","CDI + 0,96%","DI + 1.5500%","2026-08-05","2028-09-15","350,00","1,39","","","","","","","","ok","","ANBIMA Data API (web-bff)"
"ELET25","0,5880","DI_SPREAD","CDI + 0,59%","DI + 1.0000%","2026-08-05","2031-04-15","855,00","3,39","","","","","","","","ok","","ANBIMA Data API (web-bff)"
"ELET42","8,0073","IPCA_SPREAD","B28 - 41 bps","IPCA + 5.1814%","2026-08-05","2029-05-15","416,00","1,65","","","","2028-08-15","B28","8,4500","-41","ok","","ANBIMA Data API (web-bff)"
"ELFA12","","DI_SPREAD","—","DI + 3.4000%","2026-08-05","2031-12-13","","","","","","","","","","sem_taxa","Taxa indicativa vazia","ANBIMA Data API (web-bff)"
"ELPLA5","11,8196","IPCA_SPREAD","B30 + 333 bps","IPCA + 4.2600%","2026-08-05","2031-04-15","828,00","3,29","","","","2030-08-15","B30","8,2202","333","ok","","ANBIMA Data API (web-bff)"
"ELPLA6","2,3441","DI_SPREAD","CDI + 2,34%","DI + 1.6400%","2026-08-05","2028-10-04","362,00","1,44","","","","","","","","ok","","ANBIMA Data API (web-bff)"
"ELPLA7","11,8671","IPCA_SPREAD","B31 + 342 bps","IPCA + 6.1385%","2026-08-05","2032-04-15","989,00","3,92","","","","2031-05-15","B31","8,1651","342","ok","","ANBIMA Data API (web-bff)"
"ELPLB8","2,5000","DI_SPREAD","CDI + 2,50%","DI + 1.1000%","2026-08-05","2028-05-15","393,00","1,56","","","","","","","","ok","","ANBIMA Data API (web-bff)"
"ELPLC8","10,1747","IPCA_SPREAD","B29 + 184 bps","IPCA + 8.3000%","2026-08-05","2029-06-15","714,00","2,83","","","","2029-05-15","B29","8,1841","184","ok","","ANBIMA Data API (web-bff)"
"ELTE12","7,7141","IPCA_SPREAD","B33 - 42 bps","IPCA + 6.4232%","2026-08-05","2039-07-15","1409,00","5,59","","","","2033-05-15","B33","8,1696","-42","ok","","ANBIMA Data API (web-bff)"
"ELTN15","7,7367","IPCA_SPREAD","B31 - 40 bps","IPCA + 6.3423%","2026-08-05","2031-04-15","1010,00","4,01","","","","2031-05-15","B31","8,1651","-40","ok","","ANBIMA Data API (web-bff)"
"ELTN16","0,5994","DI_SPREAD","CDI + 0,60%","DI + 0.8500%","2026-08-05","2031-09-15","898,00","3,56","","","","","","","","ok","","ANBIMA Data API (web-bff)"
"ELTN17","13,7508","PREFIXADO","13,75%","Pré-Fixado 13.2474%","2026-08-05","2032-07-15","1074,00","4,26","","-0,5344","spread = (1 + Y)/(1 + L) - 1; Y = pre 13,75%; L = TaxaLTN_252 venc ref 2032-01-01 = 14,36%","","","","","ok","","ANBIMA Data API (web-bff)"
"ELTN19","0,6406","DI_SPREAD","CDI + 0,64%","DI + 0.6500%","2026-08-05","2032-11-15","1056,00","4,19","","","","","","","","ok","","ANBIMA Data API (web-bff)"
"ELTN26","0,6159","DI_SPREAD","CDI + 0,62%","DI + 1.0500%","2026-08-05","2034-09-15","1102,00","4,37","","","","","","","","ok","","ANBIMA Data API (web-bff)"
"ELTN27","7,8032","IPCA_SPREAD","B32 - 34 bps","IPCA + 7.3146%","2026-08-05","2032-07-15","1229,00","4,88","","","","2032-08-15","B32","8,1707","-34","ok","","ANBIMA Data API (web-bff)"
"ELTN37","7,8394","IPCA_SPREAD","B35 - 21 bps","IPCA + 7.2083%","2026-08-05","2035-07-15","1679,00","6,66","","","","2035-05-15","B35","8,0685","-21","ok","","ANBIMA Data API (web-bff)"
"ENAT11","9,2311","IPCA_SPREAD","B28 + 72 bps","IPCA + 9.8297%","2026-08-05","2029-12-15","422,00","1,67","","","","2028-08-15","B28","8,4500","72","ok","","ANBIMA Data API (web-bff)"
"ENAT12","9,2799","IPCA_SPREAD","B28 + 77 bps","IPCA + 7.1149%","2026-08-05","2029-09-17","480,00","1,90","","","","2028-08-15","B28","8,4500","77","ok","","ANBIMA Data API (web-bff)"
"ENAT13","9,1089","IPCA_SPREAD","B30 + 82 bps","IPCA + 8.0618%","2026-08-05","2030-06-15","838,00","3,33","","","","2030-08-15","B30","8,2202","82","ok","","ANBIMA Data API (web-bff)"
"ENAT14","9,0764","IPCA_SPREAD","B30 + 79 bps","IPCA + 8.0560%","2026-08-05","2030-06-15","838,00","3,33","","","","2030-08-15","B30","8,2202","79","ok","","ANBIMA Data API (web-bff)"
"ENAT23","15,4222","PREFIXADO","15,42%","Pré-Fixado 13.5733%","2026-08-05","2030-06-15","768,00","3,05","","1,0587","spread = (1 + Y)/(1 + L) - 1; Y = pre 15,42%; L = TaxaLTN_252 venc ref 2030-01-01 = 14,21%","","","","","ok","","ANBIMA Data API (web-bff)"
"ENAT24","9,1128","IPCA_SPREAD","B33 + 87 bps","IPCA + 8.2674%","2026-08-05","2034-06-15","1323,00","5,25","","","","2033-05-15","B33","8,1696","87","ok","","ANBIMA Data API (web-bff)"
"ENAT32","15,3426","PREFIXADO","15,34%","Pré-Fixado 13.9662%","2026-08-05","2029-09-17","626,00","2,48","","1,0272","spread = (1 + Y)/(1 + L) - 1; Y = pre 15,34%; L = TaxaLTN_252 venc ref 2029-07-01 = 14,17%","","","","","ok","","ANBIMA Data API (web-bff)"
"ENAT33","9,1343","IPCA_SPREAD","B33 + 89 bps","IPCA + 8.2620%","2026-08-05","2034-06-15","1323,00","5,25","","","","2033-05-15","B33","8,1696","89","ok","","ANBIMA Data API (web-bff)"
"ENERA1","8,1051","IPCA_SPREAD","B30 - 11 bps","IPCA + 6.1076%","2026-08-05","2031-02-15","878,00","3,48","","","","2030-08-15","B30","8,2202","-11","ok","","ANBIMA Data API (web-bff)"
"ENERB4","8,1679","IPCA_SPREAD","B35 + 9 bps","IPCA + 6.4364%","2026-08-05","2034-09-15","1555,00","6,17","","","","2035-05-15","B35","8,0685","9","ok","","ANBIMA Data API (web-bff)"
"ENERB5","0,6713","DI_SPREAD","CDI + 0,67%","DI + 0.8000%","2026-08-05","2029-12-15","683,00","2,71","","","","","","","","ok","","ANBIMA Data API (web-bff)"
"ENERB6","14,2151","PREFIXADO","14,22%","Pré-Fixado 13.7000%","2026-08-05","2032-05-15","1022,00","4,06","","-0,1285","spread = (1 + Y)/(1 + L) - 1; Y = pre 14,22%; L = TaxaLTN_252 venc ref 2032-01-01 = 14,36%","","","","","ok","","ANBIMA Data API (web-bff)"
"ENERB7","8,2410","IPCA_SPREAD","B35 + 16 bps","IPCA + 7.0461%","2026-08-05","2035-09-15","1660,00","6,59","","","","2035-05-15","B35","8,0685","16","ok","","ANBIMA Data API (web-bff)"
"ENERC3","0,5505","DI_SPREAD","CDI + 0,55%","DI + 0.8000%","2026-08-05","2029-09-04","613,00","2,43","","","","","","","","ok","","ANBIMA Data API (web-bff)"
"ENERC7","8,0283","IPCA_SPREAD","B40 + 23 bps","IPCA + 6.9467%","2026-08-05","2040-09-15","2109,00","8,37","","","","2040-08-15","B40","7,7819","23","ok","","ANBIMA Data API (web-bff)"
"ENEV13","7,7719","IPCA_SPREAD","B27 - 26 bps","IPCA + 4.2259%","2026-08-05","2027-12-15","209,00","0,83","","","","2027-05-15","B27","8,0541","-26","ok","","ANBIMA Data API (web-bff)"
"ENEV15","7,8921","IPCA_SPREAD","B29 - 27 bps","IPCA + 5.5000%","2026-08-05","2030-06-15","658,00","2,61","","","","2029-05-15","B29","8,1841","-27","ok","","ANBIMA Data API (web-bff)"
"ENEV16","7,9369","IPCA_SPREAD","B29 - 23 bps","IPCA + 4.1270%","2026-08-05","2030-09-15","716,00","2,84","","","","2029-05-15","B29","8,1841","-23","ok","","ANBIMA Data API (web-bff)"
"ENEV18","8,0429","IPCA_SPREAD","B31 - 11 bps","IPCA + 6.5254%","2026-08-05","2032-07-15","1063,00","4,22","","","","2031-05-15","B31","8,1651","-11","ok","","ANBIMA Data API (web-bff)"
"ENEV19","8,0169","IPCA_SPREAD","B31 - 14 bps","IPCA + 6.9000%","2026-08-05","2032-09-15","1064,00","4,22","","","","2031-05-15","B31","8,1651","-14","ok","","ANBIMA Data API (web-bff)"
"ENEV26","7,9598","IPCA_SPREAD","B35 - 10 bps","IPCA + 4.5034%","2026-08-05","2035-09-15","1645,00","6,53","","","","2035-05-15","B35","8,0685","-10","ok","","ANBIMA Data API (web-bff)"
"ENEV28","7,8370","IPCA_SPREAD","B37 - 3 bps","IPCA + 6.5891%","2026-08-05","2037-07-15","1833,00","7,27","","","","2037-05-15","B37","7,8741","-3","ok","","ANBIMA Data API (web-bff)"
"ENEV29","8,0384","IPCA_SPREAD","B35 - 3 bps","IPCA + 7.0000%","2026-08-05","2037-09-15","1786,00","7,09","","","","2035-05-15","B35","8,0685","-3","ok","","ANBIMA Data API (web-bff)"
"ENEV32","8,1206","IPCA_SPREAD","B28 - 30 bps","IPCA + 5.0500%","2026-08-05","2029-05-15","416,00","1,65","","","","2028-08-15","B28","8,4500","-30","ok","","ANBIMA Data API (web-bff)"
"ENEV38","0,9107","DI_SPREAD","CDI + 0,91%","DI + 1.7000%","2026-08-05","2029-07-15","526,00","2,09","","","","","","","","ok","","ANBIMA Data API (web-bff)"
"ENEV39","7,8400","IPCA_SPREAD","B40 + 5 bps","IPCA + 7.1500%","2026-08-05","2042-09-15","2363,00","9,38","","","","2040-08-15","B40","7,7819","5","ok","","ANBIMA Data API (web-bff)"
"ENEV48","0,7892","DI_SPREAD","CDI + 0,79%","DI + 2.0000%","2026-08-05","2032-07-15","900,00","3,57","","","","","","","","ok","","ANBIMA Data API (web-bff)"
"ENEVA0","8,0591","IPCA_SPREAD","B33 - 10 bps","IPCA + 6.5643%","2026-08-05","2034-04-15","1343,00","5,33","","","","2033-05-15","B33","8,1696","-10","ok","","ANBIMA Data API (web-bff)"
"ENEVA3","0,7003","DI_SPREAD","CDI + 0,70%","DI + 0.9000%","2026-08-05","2029-12-15","682,00","2,71","","","","","","","","ok","","ANBIMA Data API (web-bff)"
"ENEVA4","8,0488","IPCA_SPREAD","B35 - 2 bps","IPCA + 6.7078%","2026-08-05","2036-01-15","1761,00","6,99","","","","2035-05-15","B35","8,0685","-2","ok","","ANBIMA Data API (web-bff)"
"ENEVB0","7,8423","IPCA_SPREAD","B37 - 3 bps","IPCA + 6.6737%","2026-08-05","2039-04-15","2002,00","7,94","","","","2037-05-15","B37","7,8741","-3","ok","","ANBIMA Data API (web-bff)"
"ENEVB4","7,8007","IPCA_SPREAD","B40 + 2 bps","IPCA + 6.6709%","2026-08-05","2041-01-15","2222,00","8,82","","","","2040-08-15","B40","7,7819","2","ok","","ANBIMA Data API (web-bff)"
"ENEVC0","0,5822","DI_SPREAD","CDI + 0,58%","DI + 1.0000%","2026-08-05","2029-04-15","557,00","2,21","","","","","","","","ok","","ANBIMA Data API (web-bff)"
"ENEVD0","0,6821","DI_SPREAD","CDI + 0,68%","DI + 1.1500%","2026-08-05","2031-04-15","783,00","3,11","","","","","","","","ok","","ANBIMA Data API (web-bff)"
"ENGI39","7,9823","IPCA_SPREAD","B27 - 7 bps","IPCA + 5.1074%","2026-08-05","2027-10-15","286,00","1,13","","","","2027-05-15","B27","8,0541","-7","ok","","ANBIMA Data API (web-bff)"
"ENGIA4","7,9529","IPCA_SPREAD","B27 - 9 bps","IPCA + 4.2297%","2026-08-05","2027-10-15","291,00","1,15","","","","2027-05-15","B27","8,0541","-9","ok","","ANBIMA Data API (web-bff)"
"ENGIA5","8,1187","IPCA_SPREAD","B30 - 9 bps","IPCA + 6.0872%","2026-08-05","2031-10-15","915,00","3,63","","","","2030-08-15","B30","8,2202","-9","ok","","ANBIMA Data API (web-bff)"
"ENGIA6","8,3150","IPCA_SPREAD","B28 - 12 bps","IPCA + 6.1566%","2026-08-05","2029-04-15","393,00","1,56","","","","2028-08-15","B28","8,4500","-12","ok","","ANBIMA Data API (web-bff)"
"ENGIA7","0,4556","DI_SPREAD","CDI + 0,46%","DI + 1.5000%","2026-08-05","2027-10-20","164,00","0,65","","","","","","","","ok","","ANBIMA Data API (web-bff)"
"ENGIA9","8,1144","IPCA_SPREAD","B30 - 10 bps","IPCA + 6.1666%","2026-08-05","2030-09-15","800,00","3,17","","","","2030-08-15","B30","8,2202","-10","ok","","ANBIMA Data API (web-bff)"
"ENGIB0","8,0976","IPCA_SPREAD","B31 - 6 bps","IPCA + 6.1581%","2026-08-05","2031-04-15","1012,00","4,02","","","","2031-05-15","B31","8,1651","-6","ok","","ANBIMA Data API (web-bff)"
"ENGIB1","0,6005","DI_SPREAD","CDI + 0,60%","DI + 0.8000%","2026-08-05","2029-09-04","613,00","2,43","","","","","","","","ok","","ANBIMA Data API (web-bff)"
"ENGIB2","8,1641","IPCA_SPREAD","B35 + 9 bps","IPCA + 6.4364%","2026-08-05","2034-09-15","1555,00","6,17","","","","2035-05-15","B35","8,0685","9","ok","","ANBIMA Data API (web-bff)"
"ENGIB4","8,0229","IPCA_SPREAD","B29 - 15 bps","IPCA + 4.4744%","2026-08-05","2030-10-15","732,00","2,90","","","","2029-05-15","B29","8,1841","-15","ok","","ANBIMA Data API (web-bff)"
"ENGIB5","0,5475","DI_SPREAD","CDI + 0,55%","DI + 1.6400%","2026-08-05","2026-10-15","49,00","0,19","","","","","","","","ok","","ANBIMA Data API (web-bff)"
"ENGIB6","8,1100","IPCA_SPREAD","B31 - 5 bps","IPCA + 6.2770%","2026-08-05","2032-04-15","1005,00","3,99","","","","2031-05-15","B31","8,1651","-5","ok","","ANBIMA Data API (web-bff)"
"ENGIB7","0,7319","DI_SPREAD","CDI + 0,73%","DI + 1.6500%","2026-08-05","2029-10-20","556,00","2,21","","","","","","","","ok","","ANBIMA Data API (web-bff)"
"ENGIB8","0,6986","DI_SPREAD","CDI + 0,70%","DI + 2.1000%","2026-08-05","2028-06-20","417,00","1,65","","","","","","","","ok","","ANBIMA Data API (web-bff)"
"ENGIB9","8,1857","IPCA_SPREAD","B32 + 1 bps","IPCA + 6.4526%","2026-08-05","2033-09-15","1243,00","4,93","","","","2032-08-15","B32","8,1707","1","ok","","ANBIMA Data API (web-bff)"
"ENGIC0","8,0059","IPCA_SPREAD","B37 + 12 bps","IPCA + 6.4045%","2026-08-05","2039-04-15","2012,00","7,98","","","","2037-05-15","B37","7,8741","12","ok","","ANBIMA Data API (web-bff)"
"ENGIC3","0,5851","DI_SPREAD","CDI + 0,59%","DI + 0.8000%","2026-08-05","2030-02-25","683,00","2,71","","","","","","","","ok","","ANBIMA Data API (web-bff)"
"ENGIC4","0,6793","DI_SPREAD","CDI + 0,68%","DI + 0.7500%","2026-08-05","2032-09-15","956,00","3,79","","","","","","","","ok","","ANBIMA Data API (web-bff)"
"ENGIC5","0,7063","DI_SPREAD","CDI + 0,71%","DI + 1.8000%","2026-08-05","2028-10-15","467,00","1,85","","","","","","","","ok","","ANBIMA Data API (web-bff)"
"ENGIC6","0,4540","DI_SPREAD","CDI + 0,45%","DI + 1.5000%","2026-08-05","2027-04-15","163,00","0,65","","","","","","","","ok","","ANBIMA Data API (web-bff)"
"ENGIC9","0,6011","DI_SPREAD","CDI + 0,60%","DI + 1.4500%","2026-08-05","2028-09-15","448,00","1,78","","","","","","","","ok","","ANBIMA Data API (web-bff)"
"ENGID3","0,6291","DI_SPREAD","CDI + 0,63%","DI + 0.9500%","2026-08-05","2032-02-25","941,00","3,73","","","","","","","","ok","","ANBIMA Data API (web-bff)"
"ENJG21","7,4593","IPCA_SPREAD","B27 - 55 bps","IPCA + 6.4962%","2026-08-05","2027-06-15","149,00","0,59","","","","2027-05-15","B27","8,0541","-55","ok","","ANBIMA Data API (web-bff)"
"ENMI21","7,4588","IPCA_SPREAD","B27 - 55 bps","IPCA + 6.4962%","2026-08-05","2027-06-15","149,00","0,59","","","","2027-05-15","B27","8,0541","-55","ok","","ANBIMA Data API (web-bff)"
"ENMTA3","7,9946","IPCA_SPREAD","B27 - 6 bps","IPCA + 4.2297%","2026-08-05","2027-10-15","291,00","1,15","","","","2027-05-15","B27","8,0541","-6","ok","","ANBIMA Data API (web-bff)"
"ENMTA4","8,1244","IPCA_SPREAD","B30 - 9 bps","IPCA + 6.0872%","2026-08-05","2031-10-15","915,00","3,63","","","","2030-08-15","B30","8,2202","-9","ok","","ANBIMA Data API (web-bff)"
"ENMTA5","8,2538","IPCA_SPREAD","B28 - 18 bps","IPCA + 6.1566%","2026-08-05","2029-04-15","393,00","1,56","","","","2028-08-15","B28","8,4500","-18","ok","","ANBIMA Data API (web-bff)"
"ENMTA7","8,1060","IPCA_SPREAD","B30 - 11 bps","IPCA + 6.1076%","2026-08-05","2031-02-15","878,00","3,48","","","","2030-08-15","B30","8,2202","-11","ok","","ANBIMA Data API (web-bff)"
"ENMTA8","0,5304","DI_SPREAD","CDI + 0,53%","DI + 0.7500%","2026-08-05","2029-04-15","558,00","2,21","","","","","","","","ok","","ANBIMA Data API (web-bff)"
"ENMTB0","0,6366","DI_SPREAD","CDI + 0,64%","DI + 0.8000%","2026-08-05","2029-09-04","613,00","2,43","","","","","","","","ok","","ANBIMA Data API (web-bff)"
"ENMTB2","0,6226","DI_SPREAD","CDI + 0,62%","DI + 0.8000%","2026-08-05","2029-12-15","683,00","2,71","","","","","","","","ok","","ANBIMA Data API (web-bff)"
"ENMTB3","8,0269","IPCA_SPREAD","B29 - 15 bps","IPCA + 4.4744%","2026-08-05","2030-10-15","732,00","2,90","","","","2029-05-15","B29","8,1841","-15","ok","","ANBIMA Data API (web-bff)"
"ENMTB5","8,1081","IPCA_SPREAD","B31 - 5 bps","IPCA + 6.2770%","2026-08-05","2032-04-15","1005,00","3,99","","","","2031-05-15","B31","8,1651","-5","ok","","ANBIMA Data API (web-bff)"
"ENMTC2","0,6569","DI_SPREAD","CDI + 0,66%","DI + 0.9500%","2026-08-05","2031-12-15","895,00","3,55","","","","","","","","ok","","ANBIMA Data API (web-bff)"
"ENMTC3","0,5014","DI_SPREAD","CDI + 0,50%","DI + 0.7500%","2026-08-05","2030-03-25","703,00","2,79","","","","","","","","ok","","ANBIMA Data API (web-bff)"
"ENMTC4","14,2327","PREFIXADO","14,23%","Pré-Fixado 13.7000%","2026-08-05","2032-05-15","1022,00","4,06","","-0,1131","spread = (1 + Y)/(1 + L) - 1; Y = pre 14,23%; L = TaxaLTN_252 venc ref 2032-01-01 = 14,36%","","","","","ok","","ANBIMA Data API (web-bff)"
"ENMTC5","8,1613","IPCA_SPREAD","B35 + 9 bps","IPCA + 7.0999%","2026-08-05","2035-09-15","1660,00","6,59","","","","2035-05-15","B35","8,0685","9","ok","","ANBIMA Data API (web-bff)"
"ENMTC6","8,0418","IPCA_SPREAD","B40 + 24 bps","IPCA + 7.1146%","2026-08-05","2040-10-15","2118,00","8,40","","","","2040-08-15","B40","7,7819","24","ok","","ANBIMA Data API (web-bff)"
"ENMTD2","8,1867","IPCA_SPREAD","B35 + 11 bps","IPCA + 7.0292%","2026-08-05","2034-12-15","1592,00","6,32","","","","2035-05-15","B35","8,0685","11","ok","","ANBIMA Data API (web-bff)"
"ENMTD5","8,0441","IPCA_SPREAD","B40 + 24 bps","IPCA + 6.9467%","2026-08-05","2040-09-15","2108,00","8,37","","","","2040-08-15","B40","7,7819","24","ok","","ANBIMA Data API (web-bff)"
"ENMTE6","8,2072","IPCA_SPREAD","B35 + 13 bps","IPCA + 7.2318%","2026-08-05","2035-10-15","1673,00","6,64","","","","2035-05-15","B35","8,0685","13","ok","","ANBIMA Data API (web-bff)"
"ENMTF8","8,2291","IPCA_SPREAD","B35 + 15 bps","IPCA + 6.6675%","2026-08-05","2036-02-15","1728,00","6,86","","","","2035-05-15","B35","8,0685","15","ok","","ANBIMA Data API (web-bff)"
"ENMTG8","8,0339","IPCA_SPREAD","B40 + 23 bps","IPCA + 6.5500%","2026-08-05","2041-02-15","2171,00","8,62","","","","2040-08-15","B40","7,7819","23","ok","","ANBIMA Data API (web-bff)"
"ENSEA1","7,9490","IPCA_SPREAD","B27 - 10 bps","IPCA + 5.7360%","2026-08-05","2027-07-15","231,00","0,92","","","","2027-05-15","B27","8,0541","-10","ok","","ANBIMA Data API (web-bff)"
"ENSEA5","8,2060","IPCA_SPREAD","B35 + 13 bps","IPCA + 6.6675%","2026-08-05","2036-02-15","1728,00","6,86","","","","2035-05-15","B35","8,0685","13","ok","","ANBIMA Data API (web-bff)"
"ENSEB4","8,1436","IPCA_SPREAD","B35 + 7 bps","IPCA + 7.1536%","2026-08-05","2035-09-15","1658,00","6,58","","","","2035-05-15","B35","8,0685","7","ok","","ANBIMA Data API (web-bff)"
"ENSEB5","8,0397","IPCA_SPREAD","B40 + 24 bps","IPCA + 6.5500%","2026-08-05","2041-02-15","2171,00","8,62","","","","2040-08-15","B40","7,7819","24","ok","","ANBIMA Data API (web-bff)"
"ENSEC4","7,9721","IPCA_SPREAD","B40 + 18 bps","IPCA + 6.9467%","2026-08-05","2040-09-15","2112,00","8,38","","","","2040-08-15","B40","7,7819","18","ok","","ANBIMA Data API (web-bff)"
"ENTV12","8,1656","IPCA_SPREAD","B29 - 2 bps","IPCA + 7.7500%","2026-08-05","2030-12-15","568,00","2,25","","","","2029-05-15","B29","8,1841","-2","ok","","ANBIMA Data API (web-bff)"
"ENTV13","8,3157","IPCA_SPREAD","B33 + 14 bps","IPCA + 8.0389%","2026-08-05","2036-12-15","1468,00","5,83","","","","2033-05-15","B33","8,1696","14","ok","","ANBIMA Data API (web-bff)"
"EPRL12","8,9019","IPCA_SPREAD","B40 + 104 bps","IPCA + 8.2030%","2026-08-05","2049-03-15","2168,00","8,60","","","","2040-08-15","B40","7,7819","104","ok","","ANBIMA Data API (web-bff)"
"EQMAA0","8,1778","IPCA_SPREAD","B30 - 4 bps","IPCA + 6.3000%","2026-08-05","2031-12-15","953,00","3,78","","","","2030-08-15","B30","8,2202","-4","ok","","ANBIMA Data API (web-bff)"
"EQMAA1","0,5857","DI_SPREAD","CDI + 0,59%","DI + 0.9500%","2026-08-05","2030-05-15","570,00","2,26","","","","","","","","ok","","ANBIMA Data API (web-bff)"
"EQMAA2","8,1902","IPCA_SPREAD","B35 + 11 bps","IPCA + 6.6493%","2026-08-05","2036-09-15","1606,00","6,37","","","","2035-05-15","B35","8,0685","11","ok","","ANBIMA Data API (web-bff)"
"EQPA17","0,6190","DI_SPREAD","CDI + 0,62%","DI + 0.9500%","2026-08-05","2030-08-05","628,00","2,49","","","","","","","","ok","","ANBIMA Data API (web-bff)"
"EQPA18","8,1338","IPCA_SPREAD","B35 + 6 bps","IPCA + 7.7477%","2026-08-05","2036-12-15","1625,00","6,45","","","","2035-05-15","B35","8,0685","6","ok","","ANBIMA Data API (web-bff)"
"EQPA19","8,1596","IPCA_SPREAD","B35 + 8 bps","IPCA + 7.0606%","2026-08-05","2037-06-15","1715,00","6,81","","","","2035-05-15","B35","8,0685","8","ok","","ANBIMA Data API (web-bff)"
"EQPAA0","0,7099","DI_SPREAD","CDI + 0,71%","DI + 0.6500%","2026-08-05","2032-09-15","879,00","3,49","","","","","","","","ok","","ANBIMA Data API (web-bff)"
"EQPAA1","8,0957","IPCA_SPREAD","B37 + 21 bps","IPCA + 6.5700%","2026-08-05","2038-01-15","1824,00","7,24","","","","2037-05-15","B37","7,8741","21","ok","","ANBIMA Data API (web-bff)"
"EQSP11","8,1743","IPCA_SPREAD","B30 - 4 bps","IPCA + 4.8000%","2026-08-05","2033-01-15","792,00","3,14","","","","2030-08-15","B30","8,2202","-4","ok","","ANBIMA Data API (web-bff)"
"EQSP21","8,1360","IPCA_SPREAD","B30 - 8 bps","IPCA + 4.6500%","2026-08-05","2034-01-15","881,00","3,50","","","","2030-08-15","B30","8,2202","-8","ok","","ANBIMA Data API (web-bff)"
"EQTC11","8,2356","IPCA_SPREAD","B33 + 6 bps","IPCA + 4.8500%","2026-08-05","2039-04-15","1513,00","6,00","","","","2033-05-15","B33","8,1696","6","ok","","ANBIMA Data API (web-bff)"
"EQTL17","0,5993","DI_SPREAD","CDI + 0,60%","DI + 0.7200%","2026-08-05","2030-03-15","530,00","2,10","","","","","","","","ok","","ANBIMA Data API (web-bff)"
"EQTN11","8,1869","IPCA_SPREAD","B30 - 3 bps","IPCA + 4.8500%","2026-08-05","2033-01-15","767,00","3,04","","","","2030-08-15","B30","8,2202","-3","ok","","ANBIMA Data API (web-bff)"
"EQTR11","8,2392","IPCA_SPREAD","B33 + 6 bps","IPCA + 4.8500%","2026-08-05","2039-04-15","1513,00","6,00","","","","2033-05-15","B33","8,1696","6","ok","","ANBIMA Data API (web-bff)"
"EQTR21","8,2431","IPCA_SPREAD","B33 + 7 bps","IPCA + 4.8500%","2026-08-05","2039-04-15","1513,00","6,00","","","","2033-05-15","B33","8,1696","7","ok","","ANBIMA Data API (web-bff)"
"EQTS11","8,1977","IPCA_SPREAD","B30 - 2 bps","IPCA + 4.8500%","2026-08-05","2033-01-15","779,00","3,09","","","","2030-08-15","B30","8,2202","-2","ok","","ANBIMA Data API (web-bff)"
"EQUA11","8,1464","IPCA_SPREAD","B31 - 2 bps","IPCA + 4.9173%","2026-08-05","2036-03-15","1028,00","4,08","","","","2031-05-15","B31","8,1651","-2","ok","","ANBIMA Data API (web-bff)"
"ERDVA3","1,7408","DI_SPREAD","CDI + 1,74%","DI + 1.8500%","2026-08-05","2028-10-15","369,00","1,46","","","","","","","","ok","","ANBIMA Data API (web-bff)"
"ERDVA4","8,7197","IPCA_SPREAD","B31 + 51 bps","IPCA + 6.8233%","2026-08-05","2031-06-15","1038,00","4,12","","","","2031-05-15","B31","8,1651","51","ok","","ANBIMA Data API (web-bff)"
"ERDVA6","0,8433","DI_SPREAD","CDI + 0,84%","DI + 1.2000%","2026-08-05","2031-07-15","769,00","3,05","","","","","","","","ok","","ANBIMA Data API (web-bff)"
"ERDVB3","1,3235","DI_SPREAD","CDI + 1,32%","DI + 2.3500%","2026-08-05","2030-10-15","623,00","2,47","","","","","","","","ok","","ANBIMA Data API (web-bff)"
"ERDVB4","8,7552","IPCA_SPREAD","B33 + 54 bps","IPCA + 7.1117%","2026-08-05","2034-06-15","1359,00","5,39","","","","2033-05-15","B33","8,1696","54","ok","","ANBIMA Data API (web-bff)"
"ERDVC3","8,7872","IPCA_SPREAD","B32 + 57 bps","IPCA + 6.8285%","2026-08-05","2033-10-15","1248,00","4,95","","","","2032-08-15","B32","8,1707","57","ok","","ANBIMA Data API (web-bff)"
"ERDVC4","8,6168","IPCA_SPREAD","B37 + 69 bps","IPCA + 7.3108%","2026-08-05","2039-06-15","1974,00","7,83","","","","2037-05-15","B37","7,8741","69","ok","","ANBIMA Data API (web-bff)"
"ESAM14","8,0574","IPCA_SPREAD","B30 - 15 bps","IPCA + 7.3129%","2026-08-05","2033-06-15","789,00","3,13","","","","2030-08-15","B30","8,2202","-15","ok","","ANBIMA Data API (web-bff)"
"ESCEA3","0,5928","DI_SPREAD","CDI + 0,59%","DI + 0.9000%","2026-08-05","2028-02-19","232,00","0,92","","","","","","","","ok","","ANBIMA Data API (web-bff)"
"ESCEA4","0,4687","DI_SPREAD","CDI + 0,47%","DI + 0.4900%","2026-08-05","2029-08-28","328,00","1,30","","","","","","","","ok","","ANBIMA Data API (web-bff)"
"ESCEA5","7,9686","IPCA_SPREAD","B35 - 9 bps","IPCA + 7.2843%","2026-08-05","2036-12-15","1714,00","6,80","","","","2035-05-15","B35","8,0685","-9","ok","","ANBIMA Data API (web-bff)"
"ESCEA6","0,5579","DI_SPREAD","CDI + 0,56%","DI + 0.5000%","2026-08-05","2030-06-11","679,00","2,69","","","","","","","","ok","","ANBIMA Data API (web-bff)"
"ESCEB4","0,5086","DI_SPREAD","CDI + 0,51%","DI + 0.5600%","2026-08-05","2031-08-28","494,00","1,96","","","","","","","","ok","","ANBIMA Data API (web-bff)"
"ESCEB6","0,6604","DI_SPREAD","CDI + 0,66%","DI + 0.5800%","2026-08-05","2032-06-11","959,00","3,81","","","","","","","","ok","","ANBIMA Data API (web-bff)"
"ESSDA2","0,6626","DI_SPREAD","CDI + 0,66%","DI + 0.8000%","2026-08-05","2029-09-04","613,00","2,43","","","","","","","","ok","","ANBIMA Data API (web-bff)"
"ESSDA4","8,2300","IPCA_SPREAD","B33 + 6 bps","IPCA + 7.3000%","2026-08-05","2035-05-15","1486,00","5,90","","","","2033-05-15","B33","8,1696","6","ok","","ANBIMA Data API (web-bff)"
"ESSDA5","8,2035","IPCA_SPREAD","B35 + 12 bps","IPCA + 7.2318%","2026-08-05","2035-10-15","1673,00","6,64","","","","2035-05-15","B35","8,0685","12","ok","","ANBIMA Data API (web-bff)"
"ESSDB5","8,0441","IPCA_SPREAD","B40 + 24 bps","IPCA + 7.1146%","2026-08-05","2040-10-15","2118,00","8,40","","","","2040-08-15","B40","7,7819","24","ok","","ANBIMA Data API (web-bff)"
"ESULA6","8,1267","IPCA_SPREAD","B30 - 9 bps","IPCA + 6.0872%","2026-08-05","2031-10-15","915,00","3,63","","","","2030-08-15","B30","8,2202","-9","ok","","ANBIMA Data API (web-bff)"
"ETBA12","7,9057","IPCA_SPREAD","B28 - 50 bps","IPCA + 5.3382%","2026-08-05","2029-02-15","462,00","1,83","","","","2028-08-15","B28","8,4500","-50","ok","","ANBIMA Data API (web-bff)"
"ETEN12","7,9683","IPCA_SPREAD","B27 - 8 bps","IPCA + 4.2297%","2026-08-05","2027-10-15","291,00","1,15","","","","2027-05-15","B27","8,0541","-8","ok","","ANBIMA Data API (web-bff)"
"ETEN21","7,9727","IPCA_SPREAD","B27 - 8 bps","IPCA + 5.1410%","2026-08-05","2028-12-15","322,00","1,28","","","","2027-05-15","B27","8,0541","-8","ok","","ANBIMA Data API (web-bff)"
"ETEN22","8,0413","IPCA_SPREAD","B29 - 13 bps","IPCA + 4.4744%","2026-08-05","2030-10-15","732,00","2,90","","","","2029-05-15","B29","8,1841","-13","ok","","ANBIMA Data API (web-bff)"
"ETSP12","8,2272","IPCA_SPREAD","B33 + 5 bps","IPCA + 4.8500%","2026-08-05","2039-04-15","1513,00","6,00","","","","2033-05-15","B33","8,1696","5","ok","","ANBIMA Data API (web-bff)"
"EUBE11","7,5813","IPCA_SPREAD","B30 - 59 bps","IPCA + 6.4449%","2026-08-05","2034-01-15","896,00","3,56","","","","2030-08-15","B30","8,2202","-59","ok","","ANBIMA Data API (web-bff)"
"EUFA17","1,2018","DI_SPREAD","CDI + 1,20%","DI + 1.3000%","2026-08-05","2031-03-18","685,00","2,72","","","","","","","","ok","","ANBIMA Data API (web-bff)"
"EUFA18","0,9403","DI_SPREAD","CDI + 0,94%","DI + 0.9300%","2026-08-05","2028-09-11","446,00","1,77","","","","","","","","ok","","ANBIMA Data API (web-bff)"
"EUFA19","1,3925","DI_SPREAD","CDI + 1,39%","DI + 0.9500%","2026-08-05","2031-12-16","821,00","3,26","","","","","","","","ok","","ANBIMA Data API (web-bff)"
"EXTZ11","7,6099","IPCA_SPREAD","B28 - 77 bps","IPCA + 7.0291%","2026-08-05","2029-01-15","353,00","1,40","","","","2028-08-15","B28","8,4500","-77","ok","","ANBIMA Data API (web-bff)"
"FBRI13","7,6005","IPCA_SPREAD","B32 - 53 bps","IPCA + 7.3609%","2026-08-05","2034-04-15","1154,00","4,58","","","","2032-08-15","B32","8,1707","-53","ok","","ANBIMA Data API (web-bff)"
"FENS12","0,5095","DI_SPREAD","CDI + 0,51%","DI + 0.7500%","2026-08-05","2031-03-22","852,00","3,38","","","","","","","","ok","","ANBIMA Data API (web-bff)"
"FEPS11","9,0082","IPCA_SPREAD","B32 + 77 bps","IPCA + 8.6895%","2026-08-05","2040-01-15","1269,00","5,04","","","","2032-08-15","B32","8,1707","77","ok","","ANBIMA Data API (web-bff)"
"FGEN13","7,4724","IPCA_SPREAD","B27 - 54 bps","IPCA + 6.4686%","2026-08-05","2027-12-15","211,00","0,84","","","","2027-05-15","B27","8,0541","-54","ok","","ANBIMA Data API (web-bff)"
"FISI15","1,2493","DI_SPREAD","CDI + 1,25%","DI + 0.8500%","2026-08-05","2030-07-15","611,00","2,42","","","","","","","","ok","","ANBIMA Data API (web-bff)"
"FLCLA4","0,4751","DI_SPREAD","CDI + 0,48%","DI + 1.6000%","2026-08-05","2027-08-22","125,00","0,50","","","","","","","","ok","","ANBIMA Data API (web-bff)"
"FLCLA8","0,8598","DI_SPREAD","CDI + 0,86%","DI + 0.8000%","2026-08-05","2029-12-15","682,00","2,71","","","","","","","","ok","","ANBIMA Data API (web-bff)"
"FLCLA9","8,1549","IPCA_SPREAD","B35 + 8 bps","IPCA + 7.2318%","2026-08-05","2035-10-15","1674,00","6,64","","","","2035-05-15","B35","8,0685","8","ok","","ANBIMA Data API (web-bff)"
"FLCLB9","8,0211","IPCA_SPREAD","B40 + 22 bps","IPCA + 7.1146%","2026-08-05","2040-10-15","2119,00","8,41","","","","2040-08-15","B40","7,7819","22","ok","","ANBIMA Data API (web-bff)"
"FLRY17","0,5180","DI_SPREAD","CDI + 0,52%","DI + 1.3500%","2026-08-05","2027-04-22","167,00","0,66","","","","","","","","ok","","ANBIMA Data API (web-bff)"
"FLRY18","0,6844","DI_SPREAD","CDI + 0,68%","DI + 1.2300%","2026-08-05","2028-10-23","377,00","1,50","","","","","","","","ok","","ANBIMA Data API (web-bff)"
"FLRY19","0,3906","DI_SPREAD","CDI + 0,39%","DI + 0.5500%","2026-08-05","2029-05-17","490,00","1,94","","","","","","","","ok","","ANBIMA Data API (web-bff)"
"FLRY25","0,6282","DI_SPREAD","CDI + 0,63%","DI + 1.2000%","2026-08-05","2027-12-16","203,00","0,81","","","","","","","","ok","","ANBIMA Data API (web-bff)"
"FLRY27","0,9059","DI_SPREAD","CDI + 0,91%","DI + 1.5500%","2026-08-05","2029-04-22","558,00","2,21","","","","","","","","ok","","ANBIMA Data API (web-bff)"
"FLRY29","0,6387","DI_SPREAD","CDI + 0,64%","DI + 0.6700%","2026-08-05","2031-05-17","810,00","3,21","","","","","","","","ok","","ANBIMA Data API (web-bff)"
"FLRY36","0,6233","DI_SPREAD","CDI + 0,62%","DI + 1.7500%","2026-08-05","2028-07-08","431,00","1,71","","","","","","","","ok","","ANBIMA Data API (web-bff)"
"FLRYA0","0,4604","DI_SPREAD","CDI + 0,46%","DI + 0.4500%","2026-08-05","2029-10-21","563,00","2,23","","","","","","","","ok","","ANBIMA Data API (web-bff)"
"FLRYB0","0,5936","DI_SPREAD","CDI + 0,59%","DI + 0.5500%","2026-08-05","2031-10-21","863,00","3,42","","","","","","","","ok","","ANBIMA Data API (web-bff)"
"FRAG14","9,0985","IPCA_SPREAD","B30 + 81 bps","IPCA + 7.5300%","2026-08-05","2031-06-15","934,00","3,71","","","","2030-08-15","B30","8,2202","81","ok","","ANBIMA Data API (web-bff)"
"FRAG16","9,0515","IPCA_SPREAD","B33 + 82 bps","IPCA + 8.4942%","2026-08-05","2035-09-15","1391,00","5,52","","","","2033-05-15","B33","8,1696","82","ok","","ANBIMA Data API (web-bff)"
"FRAS16","1,0061","DI_SPREAD","CDI + 1,01%","DI + 0.7500%","2026-08-05","2030-10-25","797,00","3,16","","","","","","","","ok","","ANBIMA Data API (web-bff)"
"FSII14","10,2028","IPCA_SPREAD","B31 + 188 bps","IPCA + 9.1451%","2026-08-05","2033-02-15","1069,00","4,24","","","","2031-05-15","B31","8,1651","188","ok","","ANBIMA Data API (web-bff)"
"FURN21","7,9471","IPCA_SPREAD","B28 - 46 bps","IPCA + 4.0800%","2026-08-05","2029-11-15","415,00","1,65","","","","2028-08-15","B28","8,4500","-46","ok","","ANBIMA Data API (web-bff)"
"GASC15","8,4714","IPCA_SPREAD","B33 + 28 bps","IPCA + 5.7970%","2026-08-05","2034-03-15","1503,00","5,96","","","","2033-05-15","B33","8,1696","28","ok","","ANBIMA Data API (web-bff)"
"GASC16","8,4391","IPCA_SPREAD","B35 + 34 bps","IPCA + 6.4186%","2026-08-05","2034-06-15","1540,00","6,11","","","","2035-05-15","B35","8,0685","34","ok","","ANBIMA Data API (web-bff)"
"GASC17","8,3584","IPCA_SPREAD","B35 + 27 bps","IPCA + 6.0470%","2026-08-05","2036-08-15","1748,00","6,94","","","","2035-05-15","B35","8,0685","27","ok","","ANBIMA Data API (web-bff)"
"GASC18","8,4367","IPCA_SPREAD","B35 + 34 bps","IPCA + 7.4742%","2026-08-05","2037-03-15","1753,00","6,96","","","","2035-05-15","B35","8,0685","34","ok","","ANBIMA Data API (web-bff)"
"GASC19","8,1287","IPCA_SPREAD","B40 + 32 bps","IPCA + 6.5823%","2026-08-05","2040-10-15","2148,00","8,52","","","","2040-08-15","B40","7,7819","32","ok","","ANBIMA Data API (web-bff)"
"GASC22","8,4703","IPCA_SPREAD","B30 + 23 bps","IPCA + 4.5200%","2026-08-05","2031-06-15","876,00","3,48","","","","2030-08-15","B30","8,2202","23","ok","","ANBIMA Data API (web-bff)"
"GASC23","8,5511","IPCA_SPREAD","B33 + 35 bps","IPCA + 5.7283%","2026-08-05","2033-10-15","1450,00","5,75","","","","2033-05-15","B33","8,1696","35","ok","","ANBIMA Data API (web-bff)"
"GASC25","8,2538","IPCA_SPREAD","B37 + 35 bps","IPCA + 5.9284%","2026-08-05","2039-03-15","2012,00","7,98","","","","2037-05-15","B37","7,8741","35","ok","","ANBIMA Data API (web-bff)"
"GASC26","8,2159","IPCA_SPREAD","B37 + 32 bps","IPCA + 6.5318%","2026-08-05","2039-06-15","2036,00","8,08","","","","2037-05-15","B37","7,8741","32","ok","","ANBIMA Data API (web-bff)"
"GASC27","8,3313","IPCA_SPREAD","B35 + 24 bps","IPCA + 6.0470%","2026-08-05","2036-08-15","1749,00","6,94","","","","2035-05-15","B35","8,0685","24","ok","","ANBIMA Data API (web-bff)"
"GASC28","8,2554","IPCA_SPREAD","B37 + 35 bps","IPCA + 7.5280%","2026-08-05","2040-03-15","2014,00","7,99","","","","2037-05-15","B37","7,8741","35","ok","","ANBIMA Data API (web-bff)"
"GASP19","8,0797","IPCA_SPREAD","B30 - 13 bps","IPCA + 5.1216%","2026-08-05","2031-08-15","888,00","3,52","","","","2030-08-15","B30","8,2202","-13","ok","","ANBIMA Data API (web-bff)"
"GASP29","8,0860","IPCA_SPREAD","B35 + 2 bps","IPCA + 5.2164%","2026-08-05","2036-08-15","1732,00","6,87","","","","2035-05-15","B35","8,0685","2","ok","","ANBIMA Data API (web-bff)"
"GGBRA7","0,3898","DI_SPREAD","CDI + 0,39%","DI + 0.6000%","2026-08-05","2029-05-29","590,00","2,34","","","","","","","","ok","","ANBIMA Data API (web-bff)"
"GGBRA8","0,4127","DI_SPREAD","CDI + 0,41%","DI + 0.5000%","2026-08-05","2028-12-10","510,00","2,02","","","","","","","","ok","","ANBIMA Data API (web-bff)"
"GGBRA9","0,5199","DI_SPREAD","CDI + 0,52%","DI + 0.6500%","2026-08-05","2032-06-04","1016,00","4,03","","","","","","","","ok","","ANBIMA Data API (web-bff)"
"GRRB16","2,2617","DI_SPREAD","CDI + 2,26%","DI + 0.9500%","2026-08-05","2029-08-12","593,00","2,35","","","","","","","","ok","","ANBIMA Data API (web-bff)"
"GSHC15","1,2583","DI_SPREAD","CDI + 1,26%","DI + 1.7000%","2026-08-05","2029-04-22","368,00","1,46","","","","","","","","ok","","ANBIMA Data API (web-bff)"
"GSHC17","2,2443","DI_SPREAD","CDI + 2,24%","DI + 2.5000%","2026-08-05","2030-09-15","467,00","1,85","","","","","","","","ok","","ANBIMA Data API (web-bff)"
"GSTS14","10,2313","IPCA_SPREAD","B31 + 191 bps","IPCA + 6.5163%","2026-08-05","2032-05-15","1010,00","4,01","","","","2031-05-15","B31","8,1651","191","ok","","ANBIMA Data API (web-bff)"
"GSTS24","10,7546","IPCA_SPREAD","B35 + 249 bps","IPCA + 6.8516%","2026-08-05","2037-05-15","1576,00","6,25","","","","2035-05-15","B35","8,0685","249","ok","","ANBIMA Data API (web-bff)"
"GUAR17","0,9875","DI_SPREAD","CDI + 0,99%","DI + 0.9500%","2026-08-05","2028-10-15","372,00","1,48","","","","","","","","ok","","ANBIMA Data API (web-bff)"
"HAPV15","7,0065","DI_SPREAD","CDI + 7,01%","DI + 1.7500%","2026-08-05","2030-01-27","680,00","2,70","","","","","","","","ok","","ANBIMA Data API (web-bff)"
"HAPV17","7,3797","DI_SPREAD","CDI + 7,38%","DI + 1.6000%","2026-08-05","2031-05-10","691,00","2,74","","","","","","","","ok","","ANBIMA Data API (web-bff)"
"HAPV18","7,0013","DI_SPREAD","CDI + 7,00%","DI + 1.1000%","2026-08-05","2031-10-15","865,00","3,43","","","","","","","","ok","","ANBIMA Data API (web-bff)"
"HAPV19","7,0367","DI_SPREAD","CDI + 7,04%","DI + 1.0500%","2026-08-05","2032-05-16","932,00","3,70","","","","","","","","ok","","ANBIMA Data API (web-bff)"
"HAPV28","6,9991","DI_SPREAD","CDI + 7,00%","DI + 1.2000%","2026-08-05","2032-10-15","951,00","3,77","","","","","","","","ok","","ANBIMA Data API (web-bff)"
"HAPVA0","7,1047","DI_SPREAD","CDI + 7,10%","DI + 1.0500%","2026-08-05","2033-10-15","986,00","3,91","","","","","","","","ok","","ANBIMA Data API (web-bff)"
"HARG11","8,7769","IPCA_SPREAD","B32 + 56 bps","IPCA + 6.6647%","2026-08-05","2036-10-15","1255,00","4,98","","","","2032-08-15","B32","8,1707","56","ok","","ANBIMA Data API (web-bff)"
"HBSA11","8,4650","IPCA_SPREAD","B28 + 1 bps","IPCA + 6.0029%","2026-08-05","2028-10-15","514,00","2,04","","","","2028-08-15","B28","8,4500","1","ok","","ANBIMA Data API (web-bff)"
"HBSA14","0,5500","DI_SPREAD","CDI + 0,55%","DI + 0.5000%","2026-08-05","2028-06-11","416,00","1,65","","","","","","","","ok","","ANBIMA Data API (web-bff)"
"HBSA21","8,3869","IPCA_SPREAD","B30 + 15 bps","IPCA + 6.0444%","2026-08-05","2031-10-15","914,00","3,63","","","","2030-08-15","B30","8,2202","15","ok","","ANBIMA Data API (web-bff)"
"HBSA22","1,4500","DI_SPREAD","CDI + 1,45%","DI + 2.4000%","2026-08-05","2029-07-20","428,00","1,70","","","","","","","","ok","","ANBIMA Data API (web-bff)"
"HBSA24","0,6090","DI_SPREAD","CDI + 0,61%","DI + 0.7500%","2026-08-05","2031-06-11","896,00","3,56","","","","","","","","ok","","ANBIMA Data API (web-bff)"
"HGLB13","2,6660","DI_SPREAD","CDI + 2,67%","DI + 3.0000%","2026-08-05","2034-10-15","903,00","3,58","","","","","","","","ok","","ANBIMA Data API (web-bff)"
"HGLB23","10,9851","IPCA_SPREAD","B31 + 261 bps","IPCA + 9.1196%","2026-08-05","2034-10-15","1076,00","4,27","","","","2031-05-15","B31","8,1651","261","ok","","ANBIMA Data API (web-bff)"
"HSBH11","9,1982","IPCA_SPREAD","B35 + 105 bps","IPCA + 8.5500%","2026-08-05","2043-11-15","1580,00","6,27","","","","2035-05-15","B35","8,0685","105","ok","","ANBIMA Data API (web-bff)"
"HVSP11","9,3156","IPCA_SPREAD","B32 + 106 bps","IPCA + 8.2561%","2026-08-05","2038-06-15","1231,00","4,88","","","","2032-08-15","B32","8,1707","106","ok","","ANBIMA Data API (web-bff)"
"HYPEA6","0,6729","DI_SPREAD","CDI + 0,67%","DI + 1.3500%","2026-08-05","2028-10-10","368,00","1,46","","","","","","","","ok","","ANBIMA Data API (web-bff)"
"HYPEA7","0,6486","DI_SPREAD","CDI + 0,65%","DI + 1.3000%","2026-08-05","2028-12-15","413,00","1,64","","","","","","","","ok","","ANBIMA Data API (web-bff)"
"HYPEA8","0,5261","DI_SPREAD","CDI + 0,53%","DI + 0.8500%","2026-08-05","2029-05-03","478,00","1,90","","","","","","","","ok","","ANBIMA Data API (web-bff)"
"HYPEA9","0,5671","DI_SPREAD","CDI + 0,57%","DI + 0.9000%","2026-08-05","2030-01-15","617,00","2,45","","","","","","","","ok","","ANBIMA Data API (web-bff)"
"HYPEB1","0,6368","DI_SPREAD","CDI + 0,64%","DI + 0.8500%","2026-08-05","2030-12-15","832,00","3,30","","","","","","","","ok","","ANBIMA Data API (web-bff)"
"HYPEC0","0,5892","DI_SPREAD","CDI + 0,59%","DI + 0.7500%","2026-08-05","2030-08-15","675,00","2,68","","","","","","","","ok","","ANBIMA Data API (web-bff)"
"HZTC14","8,3983","IPCA_SPREAD","B31 + 22 bps","IPCA + 6.7592%","2026-08-05","2035-11-15","1000,00","3,97","","","","2031-05-15","B31","8,1651","22","ok","","ANBIMA Data API (web-bff)"
"IBPB11","8,3807","IPCA_SPREAD","B33 + 20 bps","IPCA + 5.9000%","2026-08-05","2040-11-15","1468,00","5,83","","","","2033-05-15","B33","8,1696","20","ok","","ANBIMA Data API (web-bff)"
"IGSN15","11,2718","IPCA_SPREAD","B30 + 282 bps","IPCA + 6.1000%","2026-08-05","2034-07-15","941,00","3,73","","","","2030-08-15","B30","8,2202","282","ok","","ANBIMA Data API (web-bff)"
"IGTAA3","0,4632","DI_SPREAD","CDI + 0,46%","DI + 0.4500%","2026-08-05","2030-09-20","703,00","2,79","","","","","","","","ok","","ANBIMA Data API (web-bff)"
"IGTAB0","0,2737","DI_SPREAD","CDI + 0,27%","DI + 2.4500%","2026-08-05","2027-09-28","149,00","0,59","","","","","","","","ok","","ANBIMA Data API (web-bff)"
"INEL12","1,3302","DI_SPREAD","CDI + 1,33%","DI + 1.6500%","2026-08-05","2029-05-15","383,00","1,52","","","","","","","","ok","","ANBIMA Data API (web-bff)"
"IOCHA3","1,3180","DI_SPREAD","CDI + 1,32%","DI + 1.6000%","2026-08-05","2030-04-02","536,00","2,13","","","","","","","","ok","","ANBIMA Data API (web-bff)"
"IOCHA4","1,1671","DI_SPREAD","CDI + 1,17%","DI + 1.3500%","2026-08-05","2028-10-10","368,00","1,46","","","","","","","","ok","","ANBIMA Data API (web-bff)"
"IOCHA5","1,3184","DI_SPREAD","CDI + 1,32%","DI + 1.5500%","2026-08-05","2030-02-05","628,00","2,49","","","","","","","","ok","","ANBIMA Data API (web-bff)"
"IOCHA6","1,3464","DI_SPREAD","CDI + 1,35%","DI + 1.4500%","2026-08-05","2030-06-04","665,00","2,64","","","","","","","","ok","","ANBIMA Data API (web-bff)"
"IPIPA5","7,6816","IPCA_SPREAD","B35 - 36 bps","IPCA + 6.9550%","2026-08-05","2035-10-15","1559,00","6,19","","","","2035-05-15","B35","8,0685","-36","ok","","ANBIMA Data API (web-bff)"
"IPIPA6","0,5258","DI_SPREAD","CDI + 0,53%","DI + 0.6000%","2026-08-05","2030-11-19","741,00","2,94","","","","","","","","ok","","ANBIMA Data API (web-bff)"
"IRJS14","10,7833","IPCA_SPREAD","B35 + 251 bps","IPCA + 8.2000%","2026-08-05","2043-05-15","1711,00","6,79","","","","2035-05-15","B35","8,0685","251","ok","","ANBIMA Data API (web-bff)"
"IRJS15","10,8228","IPCA_SPREAD","B35 + 255 bps","IPCA + 7.1303%","2026-08-05","2044-02-15","1658,00","6,58","","","","2035-05-15","B35","8,0685","255","ok","","ANBIMA Data API (web-bff)"
"ISAEA8","7,7237","IPCA_SPREAD","B32 - 41 bps","IPCA + 7.4118%","2026-08-05","2033-06-15","1286,00","5,10","","","","2032-08-15","B32","8,1707","-41","ok","","ANBIMA Data API (web-bff)"
"ISAEA9","7,5874","IPCA_SPREAD","B40 - 18 bps","IPCA + 6.7000%","2026-08-05","2035-06-15","2218,00","8,80","","","","2040-08-15","B40","7,7819","-18","ok","","ANBIMA Data API (web-bff)"
"ISAEB0","7,5243","IPCA_SPREAD","B37 - 32 bps","IPCA + 6.6598%","2026-08-05","2037-10-15","1962,00","7,79","","","","2037-05-15","B37","7,8741","-32","ok","","ANBIMA Data API (web-bff)"
"ISAEB1","0,5367","DI_SPREAD","CDI + 0,54%","DI + 0.5500%","2026-08-05","2030-01-15","705,00","2,80","","","","","","","","ok","","ANBIMA Data API (web-bff)"
"ISAEB2","7,5414","IPCA_SPREAD","B40 - 22 bps","IPCA + 6.4618%","2026-08-05","2041-03-15","2319,00","9,20","","","","2040-08-15","B40","7,7819","-22","ok","","ANBIMA Data API (web-bff)"
"ISAEB8","7,7449","IPCA_SPREAD","B32 - 39 bps","IPCA + 7.4118%","2026-08-05","2033-03-15","1223,00","4,85","","","","2032-08-15","B32","8,1707","-39","ok","","ANBIMA Data API (web-bff)"
"ISAEC0","7,5730","IPCA_SPREAD","B40 - 19 bps","IPCA + 6.6382%","2026-08-05","2040-10-15","2224,00","8,83","","","","2040-08-15","B40","7,7819","-19","ok","","ANBIMA Data API (web-bff)"
"ISAEC1","0,5334","DI_SPREAD","CDI + 0,53%","DI + 0.6000%","2026-08-05","2031-01-15","856,00","3,40","","","","","","","","ok","","ANBIMA Data API (web-bff)"
"ISAEC2","7,5623","IPCA_SPREAD","B40 - 20 bps","IPCA + 6.4618%","2026-08-05","2041-03-15","2318,00","9,20","","","","2040-08-15","B40","7,7819","-20","ok","","ANBIMA Data API (web-bff)"
"ISAED1","0,5926","DI_SPREAD","CDI + 0,59%","DI + 0.8400%","2026-08-05","2035-01-15","1225,00","4,86","","","","","","","","ok","","ANBIMA Data API (web-bff)"
"ISPE12","2,4500","DI_SPREAD","CDI + 2,45%","DI + 2.5000%","2026-08-05","2029-06-01","578,00","2,29","","","","","","","","ok","","ANBIMA Data API (web-bff)"
"ISPE13","2,4864","DI_SPREAD","CDI + 2,49%","DI + 2.5000%","2026-08-05","2029-06-01","578,00","2,29","","","","","","","","ok","","ANBIMA Data API (web-bff)"
"ITPE13","9,3922","IPCA_SPREAD","B37 + 141 bps","IPCA + 8.6500%","2026-08-05","2042-06-15","1894,00","7,52","","","","2037-05-15","B37","7,8741","141","ok","","ANBIMA Data API (web-bff)"
"ITPO14","8,1593","IPCA_SPREAD","B32 - 1 bps","IPCA + 6.2878%","2026-08-05","2036-11-15","1269,00","5,04","","","","2032-08-15","B32","8,1707","-1","ok","","ANBIMA Data API (web-bff)"
"ITPO15","8,1621","IPCA_SPREAD","B33 - 1 bps","IPCA + 7.4000%","2026-08-05","2040-05-15","1451,00","5,76","","","","2033-05-15","B33","8,1696","-1","ok","","ANBIMA Data API (web-bff)"
"ITSA17","0,4834","DI_SPREAD","CDI + 0,48%","DI + 0.8800%","2026-08-05","2034-07-25","1190,00","4,72","","","","","","","","ok","","ANBIMA Data API (web-bff)"
"ITSA18","0,4695","DI_SPREAD","CDI + 0,47%","DI + 0.6000%","2026-08-05","2035-09-12","1110,00","4,40","","","","","","","","ok","","ANBIMA Data API (web-bff)"
"IVIAA0","9,3484","IPCA_SPREAD","B33 + 109 bps","IPCA + 6.8672%","2026-08-05","2038-05-15","1421,00","5,64","","","","2033-05-15","B33","8,1696","109","ok","","ANBIMA Data API (web-bff)"
"JALL11","8,5504","IPCA_SPREAD","B29 + 34 bps","IPCA + 5.5923%","2026-08-05","2028-12-15","557,00","2,21","","","","2029-05-15","B29","8,1841","34","ok","","ANBIMA Data API (web-bff)"
"JALL13","8,7863","IPCA_SPREAD","B31 + 57 bps","IPCA + 6.4876%","2026-08-05","2032-09-15","973,00","3,86","","","","2031-05-15","B31","8,1651","57","ok","","ANBIMA Data API (web-bff)"
"JALL14","8,7716","IPCA_SPREAD","B30 + 51 bps","IPCA + 7.1163%","2026-08-05","2030-10-15","904,00","3,59","","","","2030-08-15","B30","8,2202","51","ok","","ANBIMA Data API (web-bff)"
"JALL15","8,8511","IPCA_SPREAD","B33 + 63 bps","IPCA + 6.6074%","2026-08-05","2034-05-15","1352,00","5,37","","","","2033-05-15","B33","8,1696","63","ok","","ANBIMA Data API (web-bff)"
"JALL21","8,7372","IPCA_SPREAD","B31 + 53 bps","IPCA + 5.8041%","2026-08-05","2031-12-15","958,00","3,80","","","","2031-05-15","B31","8,1651","53","ok","","ANBIMA Data API (web-bff)"
"JALL24","8,7407","IPCA_SPREAD","B32 + 53 bps","IPCA + 7.2340%","2026-08-05","2033-10-17","1238,00","4,91","","","","2032-08-15","B32","8,1707","53","ok","","ANBIMA Data API (web-bff)"
"JHSFA1","0,6157","DI_SPREAD","CDI + 0,62%","DI + 2.7500%","2026-08-05","2027-01-21","82,00","0,33","","","","","","","","ok","","ANBIMA Data API (web-bff)"
"JHSFA3","1,1937","DI_SPREAD","CDI + 1,19%","DI + 2.2000%","2026-08-05","2027-12-20","165,00","0,65","","","","","","","","ok","","ANBIMA Data API (web-bff)"
"JSLGA5","2,6610","DI_SPREAD","CDI + 2,66%","DI + 2.7000%","2026-08-05","2028-10-20","264,00","1,05","","","","","","","","ok","","ANBIMA Data API (web-bff)"
"JSMLA5","3,5114","DI_SPREAD","CDI + 3,51%","DI + 3.5000%","2026-08-05","2031-01-15","670,00","2,66","","","","","","","","ok","","ANBIMA Data API (web-bff)"
"JSMLB5","13,7608","IPCA_SPREAD","B30 + 512 bps","IPCA + 7.9677%","2026-08-05","2031-09-15","844,00","3,35","","","","2030-08-15","B30","8,2202","512","ok","","ANBIMA Data API (web-bff)"
"JTEE11","7,6865","IPCA_SPREAD","B30 - 49 bps","IPCA + 4.5000%","2026-08-05","2033-07-15","849,00","3,37","","","","2030-08-15","B30","8,2202","-49","ok","","ANBIMA Data API (web-bff)"
"JTEE12","7,6925","IPCA_SPREAD","B35 - 35 bps","IPCA + 4.8295%","2026-08-05","2044-12-15","1767,00","7,01","","","","2035-05-15","B35","8,0685","-35","ok","","ANBIMA Data API (web-bff)"
"KLAS12","3,6480","DI_SPREAD","CDI + 3,65%","DI + 2.8000%","2026-08-05","2026-08-16","8,00","0,03","","","","","","","","ok","","ANBIMA Data API (web-bff)"
"KLBNA2","102,8750","DI_PERCENTUAL","CDI + 0,35%","114.6500% DI","2026-08-05","2029-03-19","346,00","1,37","102,8750","0,3544","spread = (1 + (%CDI/100)*L)/(1 + L) - 1; L = TaxaLTN_252 venc ref 2029-01-01 = 14,06%","","","","","ok","","ANBIMA Data API (web-bff)"
"KLBNA5","7,3763","IPCA_SPREAD","B37 - 46 bps","IPCA + 6.0500%","2026-08-05","2039-08-15","2077,00","8,24","","","","2037-05-15","B37","7,8741","-46","ok","","ANBIMA Data API (web-bff)"
"KRSA12","","DI_SPREAD","—","DI + 2.8000%","2026-08-05","2030-10-30","","","","","","","","","","sem_taxa","Taxa indicativa vazia","ANBIMA Data API (web-bff)"
"LCAMC2","1,5316","DI_SPREAD","CDI + 1,53%","DI + 2.4000%","2026-08-05","2031-05-20","718,00","2,85","","","","","","","","ok","","ANBIMA Data API (web-bff)"
"LCAMD1","9,9198","IPCA_SPREAD","B30 + 157 bps","IPCA + 6.5119%","2026-08-05","2031-09-15","881,00","3,50","","","","2030-08-15","B30","8,2202","157","ok","","ANBIMA Data API (web-bff)"
"LCAMD3","9,9986","IPCA_SPREAD","B29 + 168 bps","IPCA + 7.2101%","2026-08-05","2029-04-15","608,00","2,41","","","","2029-05-15","B29","8,1841","168","ok","","ANBIMA Data API (web-bff)"
"LETS18","1,2842","DI_SPREAD","CDI + 1,28%","DI + 1.2500%","2026-08-05","2031-10-15","776,00","3,08","","","","","","","","ok","","ANBIMA Data API (web-bff)"
"LGEN11","7,8393","IPCA_SPREAD","B27 - 20 bps","IPCA + 7.3287%","2026-08-05","2029-03-15","256,00","1,02","","","","2027-05-15","B27","8,0541","-20","ok","","ANBIMA Data API (web-bff)"
"LIGH1B","","IPCA_SPREAD","—","IPCA + 5.0000%","2026-08-05","2032-11-13","","","","","","","","","","sem_taxa","Taxa indicativa vazia","ANBIMA Data API (web-bff)"
"LIGHB4","","IPCA_SPREAD","—","IPCA + 5.0000%","2026-08-05","2032-11-13","","","","","","","","","","sem_taxa","Taxa indicativa vazia","ANBIMA Data API (web-bff)"
"LIGHB6","","IPCA_SPREAD","—","IPCA + 5.0000%","2026-08-05","2032-11-13","","","","","","","","","","sem_taxa","Taxa indicativa vazia","ANBIMA Data API (web-bff)"
"LIGHB7","","IPCA_SPREAD","—","IPCA + 5.0000%","2026-08-05","2032-11-13","","","","","","","","","","sem_taxa","Taxa indicativa vazia","ANBIMA Data API (web-bff)"
"LIGHC3","","IPCA_SPREAD","—","IPCA + 5.0000%","2026-08-05","2032-11-13","","","","","","","","","","sem_taxa","Taxa indicativa vazia","ANBIMA Data API (web-bff)"
"LIGHD3","","IPCA_SPREAD","—","IPCA + 3.0000%","2026-08-05","2037-11-13","","","","","","","","","","sem_taxa","Taxa indicativa vazia","ANBIMA Data API (web-bff)"
"LMTP18","1,4873","DI_SPREAD","CDI + 1,49%","DI + 1.9300%","2026-08-05","2026-12-10","87,00","0,35","","","","","","","","ok","","ANBIMA Data API (web-bff)"
"LMTP26","1,5288","DI_SPREAD","CDI + 1,53%","DI + 1.7000%","2026-08-05","2027-09-25","259,00","1,03","","","","","","","","ok","","ANBIMA Data API (web-bff)"
"LMTPA0","1,7690","DI_SPREAD","CDI + 1,77%","DI + 1.7000%","2026-08-05","2029-10-15","632,00","2,51","","","","","","","","ok","","ANBIMA Data API (web-bff)"
"LMTPA1","1,3672","DI_SPREAD","CDI + 1,37%","DI + 1.5000%","2026-08-05","2028-01-17","337,00","1,34","","","","","","","","ok","","ANBIMA Data API (web-bff)"
"LMTPA2","1,6351","DI_SPREAD","CDI + 1,64%","DI + 1.3000%","2026-08-05","2028-09-23","454,00","1,80","","","","","","","","ok","","ANBIMA Data API (web-bff)"
"LMTPB1","1,8369","DI_SPREAD","CDI + 1,84%","DI + 1.7000%","2026-08-05","2030-01-17","696,00","2,76","","","","","","","","ok","","ANBIMA Data API (web-bff)"
"LMTPB2","1,9605","DI_SPREAD","CDI + 1,96%","DI + 1.5000%","2026-08-05","2030-09-23","761,00","3,02","","","","","","","","ok","","ANBIMA Data API (web-bff)"
"LOGGB1","0,9119","DI_SPREAD","CDI + 0,91%","DI + 1.6500%","2026-08-05","2027-07-11","223,00","0,88","","","","","","","","ok","","ANBIMA Data API (web-bff)"
"LORTA7","9,9150","IPCA_SPREAD","B30 + 157 bps","IPCA + 5.4702%","2026-08-05","2031-03-15","900,00","3,57","","","","2030-08-15","B30","8,2202","157","ok","","ANBIMA Data API (web-bff)"
"LORTB2","1,3839","DI_SPREAD","CDI + 1,38%","DI + 1.8700%","2026-08-05","2028-12-05","500,00","1,98","","","","","","","","ok","","ANBIMA Data API (web-bff)"
"LTTE15","7,9601","IPCA_SPREAD","B32 - 19 bps","IPCA + 5.0900%","2026-08-05","2038-10-15","1217,00","4,83","","","","2032-08-15","B32","8,1707","-19","ok","","ANBIMA Data API (web-bff)"
"LVTC12","2,1693","DI_SPREAD","CDI + 2,17%","DI + 2.3000%","2026-08-05","2027-06-15","146,00","0,58","","","","","","","","ok","","ANBIMA Data API (web-bff)"
"LVTC22","5,9458","DI_SPREAD","CDI + 5,95%","DI + 2.7000%","2026-08-05","2029-06-15","346,00","1,37","","","","","","","","ok","","ANBIMA Data API (web-bff)"
"MATD12","0,6909","DI_SPREAD","CDI + 0,69%","DI + 0.9500%","2026-08-05","2031-05-15","805,00","3,19","","","","","","","","ok","","ANBIMA Data API (web-bff)"
"MATD13","0,7208","DI_SPREAD","CDI + 0,72%","DI + 1.1000%","2026-08-05","2032-07-18","978,00","3,88","","","","","","","","ok","","ANBIMA Data API (web-bff)"
"MDRO18","2,5929","DI_SPREAD","CDI + 2,59%","DI + 2.2500%","2026-08-05","2030-11-25","646,00","2,56","","","","","","","","ok","","ANBIMA Data API (web-bff)"
"MEAL14","4,5494","DI_SPREAD","CDI + 4,55%","DI + 4.2000%","2026-08-05","2028-10-11","254,00","1,01","","","","","","","","ok","","ANBIMA Data API (web-bff)"
"MGLUA0","1,7768","DI_SPREAD","CDI + 1,78%","DI + 1.2500%","2026-08-05","2026-10-15","49,00","0,19","","","","","","","","ok","","ANBIMA Data API (web-bff)"
"MGPRA0","8,8138","IPCA_SPREAD","B37 + 87 bps","IPCA + 7.8868%","2026-08-05","2042-03-15","1944,00","7,71","","","","2037-05-15","B37","7,8741","87","ok","","ANBIMA Data API (web-bff)"
"MGSP12","8,0252","IPCA_SPREAD","B33 - 13 bps","IPCA + 4.4500%","2026-08-05","2039-07-15","1377,00","5,46","","","","2033-05-15","B33","8,1696","-13","ok","","ANBIMA Data API (web-bff)"
"MILS18","1,1136","DI_SPREAD","CDI + 1,11%","DI + 2.0000%","2026-08-05","2030-01-10","516,00","2,05","","","","","","","","ok","","ANBIMA Data API (web-bff)"
"MILS19","1,0500","DI_SPREAD","CDI + 1,05%","DI + 1.3000%","2026-08-05","2029-06-20","509,00","2,02","","","","","","","","ok","","ANBIMA Data API (web-bff)"
"MILS29","1,2261","DI_SPREAD","CDI + 1,23%","DI + 1.4000%","2026-08-05","2032-06-20","886,00","3,52","","","","","","","","ok","","ANBIMA Data API (web-bff)"
"MILSA1","1,1136","DI_SPREAD","CDI + 1,11%","DI + 0.9000%","2026-08-05","2030-08-19","674,00","2,67","","","","","","","","ok","","ANBIMA Data API (web-bff)"
"MILSB0","1,2261","DI_SPREAD","CDI + 1,23%","DI + 1.3000%","2026-08-05","2032-11-25","931,00","3,69","","","","","","","","ok","","ANBIMA Data API (web-bff)"
"MNLT11","0,8653","DI_SPREAD","CDI + 0,87%","DI + 1.7500%","2026-08-05","2026-10-15","49,00","0,19","","","","","","","","ok","","ANBIMA Data API (web-bff)"
"MNRVA1","1,8247","DI_SPREAD","CDI + 1,82%","DI + 1.6000%","2026-08-05","2026-10-15","49,00","0,19","","","","","","","","ok","","ANBIMA Data API (web-bff)"
"MOTVA8","0,5185","DI_SPREAD","CDI + 0,52%","DI + 0.5700%","2026-08-05","2030-05-15","740,00","2,94","","","","","","","","ok","","ANBIMA Data API (web-bff)"
"MOTVB9","7,6539","IPCA_SPREAD","B37 - 20 bps","IPCA + 6.6497%","2026-08-05","2037-10-15","1836,00","7,29","","","","2037-05-15","B37","7,8741","-20","ok","","ANBIMA Data API (web-bff)"
"MOVI17","1,4128","DI_SPREAD","CDI + 1,41%","DI + 2.7000%","2026-08-05","2026-09-15","28,00","0,11","","","","","","","","ok","","ANBIMA Data API (web-bff)"
"MOVI18","13,2119","IPCA_SPREAD","B29 + 465 bps","IPCA + 8.0525%","2026-08-05","2029-06-15","641,00","2,54","","","","2029-05-15","B29","8,1841","465","ok","","ANBIMA Data API (web-bff)"
"MOVI27","2,2612","DI_SPREAD","CDI + 2,26%","DI + 2.9000%","2026-08-05","2029-09-15","432,00","1,71","","","","","","","","ok","","ANBIMA Data API (web-bff)"
"MOVI34","1,2856","DI_SPREAD","CDI + 1,29%","DI + 2.0500%","2026-08-05","2027-07-27","234,00","0,93","","","","","","","","ok","","ANBIMA Data API (web-bff)"
"MOVI37","13,9717","IPCA_SPREAD","B30 + 531 bps","IPCA + 7.6366%","2026-08-05","2031-09-15","848,00","3,37","","","","2030-08-15","B30","8,2202","531","ok","","ANBIMA Data API (web-bff)"
"MOVIA2","1,1946","DI_SPREAD","CDI + 1,19%","DI + 2.1000%","2026-08-05","2026-10-15","49,00","0,19","","","","","","","","ok","","ANBIMA Data API (web-bff)"
"MOVIA3","1,9699","DI_SPREAD","CDI + 1,97%","DI + 2.5000%","2026-08-05","2027-03-05","134,00","0,53","","","","","","","","ok","","ANBIMA Data API (web-bff)"
"MRFGA1","1,0037","DI_SPREAD","CDI + 1,00%","DI + 1.5500%","2026-08-05","2027-11-11","179,00","0,71","","","","","","","","ok","","ANBIMA Data API (web-bff)"
"MRSAA1","7,8339","IPCA_SPREAD","B33 - 31 bps","IPCA + 6.2414%","2026-08-05","2033-09-15","1419,00","5,63","","","","2033-05-15","B33","8,1696","-31","ok","","ANBIMA Data API (web-bff)"
"MRSAA2","7,7630","IPCA_SPREAD","B35 - 28 bps","IPCA + 6.5251%","2026-08-05","2034-09-15","1558,00","6,18","","","","2035-05-15","B35","8,0685","-28","ok","","ANBIMA Data API (web-bff)"
"MRSAA3","7,7600","IPCA_SPREAD","B32 - 38 bps","IPCA + 7.2638%","2026-08-05","2032-07-15","1231,00","4,88","","","","2032-08-15","B32","8,1707","-38","ok","","ANBIMA Data API (web-bff)"
"MRSAA4","7,6310","IPCA_SPREAD","B40 - 14 bps","IPCA + 6.4613%","2026-08-05","2041-02-15","2202,00","8,74","","","","2040-08-15","B40","7,7819","-14","ok","","ANBIMA Data API (web-bff)"
"MRSAB1","7,8007","IPCA_SPREAD","B35 - 25 bps","IPCA + 6.3439%","2026-08-05","2035-09-15","1560,00","6,19","","","","2035-05-15","B35","8,0685","-25","ok","","ANBIMA Data API (web-bff)"
"MRSAB2","7,8162","IPCA_SPREAD","B35 - 23 bps","IPCA + 6.5514%","2026-08-05","2036-09-15","1689,00","6,70","","","","2035-05-15","B35","8,0685","-23","ok","","ANBIMA Data API (web-bff)"
"MRSAB3","7,5756","IPCA_SPREAD","B40 - 19 bps","IPCA + 6.8437%","2026-08-05","2040-07-15","2171,00","8,62","","","","2040-08-15","B40","7,7819","-19","ok","","ANBIMA Data API (web-bff)"
"MRSAC1","7,6090","IPCA_SPREAD","B37 - 25 bps","IPCA + 6.4496%","2026-08-05","2038-09-15","1947,00","7,73","","","","2037-05-15","B37","7,8741","-25","ok","","ANBIMA Data API (web-bff)"
"MRSAC2","7,6015","IPCA_SPREAD","B37 - 25 bps","IPCA + 6.5796%","2026-08-05","2039-09-15","2052,00","8,14","","","","2037-05-15","B37","7,8741","-25","ok","","ANBIMA Data API (web-bff)"
"MSGT12","8,1373","IPCA_SPREAD","B28 - 29 bps","IPCA + 4.9500%","2026-08-05","2030-11-15","504,00","2,00","","","","2028-08-15","B28","8,4500","-29","ok","","ANBIMA Data API (web-bff)"
"MSGT13","9,1239","IPCA_SPREAD","B29 + 87 bps","IPCA + 7.0605%","2026-08-05","2031-11-15","714,00","2,83","","","","2029-05-15","B29","8,1841","87","ok","","ANBIMA Data API (web-bff)"
"MSGT23","8,0419","IPCA_SPREAD","B35 - 2 bps","IPCA + 6.0762%","2026-08-05","2037-11-15","1606,00","6,37","","","","2035-05-15","B35","8,0685","-2","ok","","ANBIMA Data API (web-bff)"
"MSGT33","7,8747","IPCA_SPREAD","B37 + 0 bps","IPCA + 6.2339%","2026-08-05","2041-11-15","2087,00","8,28","","","","2037-05-15","B37","7,8741","0","ok","","ANBIMA Data API (web-bff)"
"MTRO12","0,9157","DI_SPREAD","CDI + 0,92%","DI + 4.5000%","2026-08-05","2027-04-25","93,00","0,37","","","","","","","","ok","","ANBIMA Data API (web-bff)"
"MULPA0","0,6423","DI_SPREAD","CDI + 0,64%","DI + 1.3000%","2026-08-05","2028-10-15","265,00","1,05","","","","","","","","ok","","ANBIMA Data API (web-bff)"
"MULPB1","0,6319","DI_SPREAD","CDI + 0,63%","DI + 1.2000%","2026-08-05","2028-01-10","220,00","0,87","","","","","","","","ok","","ANBIMA Data API (web-bff)"
"MULTA5","0,5268","DI_SPREAD","CDI + 0,53%","DI + 0.5500%","2026-08-05","2031-10-15","787,00","3,12","","","","","","","","ok","","ANBIMA Data API (web-bff)"
"MULTB5","0,6132","DI_SPREAD","CDI + 0,61%","DI + 0.8000%","2026-08-05","2034-10-15","1128,00","4,48","","","","","","","","ok","","ANBIMA Data API (web-bff)"
"MVLV19","2,0355","DI_SPREAD","CDI + 2,04%","DI + 2.9500%","2026-08-05","2027-04-05","154,00","0,61","","","","","","","","ok","","ANBIMA Data API (web-bff)"
"MVLV26","","IPCA_SPREAD","—","IPCA + 7.2413%","2026-08-05","2028-06-15","","","","","","","","","","sem_taxa","Taxa indicativa vazia","ANBIMA Data API (web-bff)"
"MVLVA1","2,1566","DI_SPREAD","CDI + 2,16%","DI + 2.9000%","2026-08-05","2027-12-22","206,00","0,82","","","","","","","","ok","","ANBIMA Data API (web-bff)"
"MVLVA3","2,1302","DI_SPREAD","CDI + 2,13%","DI + 2.5000%","2026-08-05","2027-08-10","225,00","0,89","","","","","","","","ok","","ANBIMA Data API (web-bff)"
"NATUA3","1,6936","DI_SPREAD","CDI + 1,69%","DI + 1.2000%","2026-08-05","2029-06-15","596,00","2,37","","","","","","","","ok","","ANBIMA Data API (web-bff)"
"NEOE16","8,1609","IPCA_SPREAD","B28 - 27 bps","IPCA + 4.0700%","2026-08-05","2029-06-15","445,00","1,77","","","","2028-08-15","B28","8,4500","-27","ok","","ANBIMA Data API (web-bff)"
"NEOE26","8,0322","IPCA_SPREAD","B30 - 17 bps","IPCA + 4.2200%","2026-08-05","2033-06-15","853,00","3,38","","","","2030-08-15","B30","8,2202","-17","ok","","ANBIMA Data API (web-bff)"
"NIGP12","1,0607","DI_SPREAD","CDI + 1,06%","DI + 1.9000%","2026-08-05","2032-03-24","821,00","3,26","","","","","","","","ok","","ANBIMA Data API (web-bff)"
"NMCH11","8,0976","IPCA_SPREAD","B32 - 7 bps","IPCA + 6.5599%","2026-08-05","2038-12-15","1208,00","4,79","","","","2032-08-15","B32","8,1707","-7","ok","","ANBIMA Data API (web-bff)"
"NNAE12","8,7929","IPCA_SPREAD","B33 + 58 bps","IPCA + 9.5000%","2026-08-05","2040-12-15","1441,00","5,72","","","","2033-05-15","B33","8,1696","58","ok","","ANBIMA Data API (web-bff)"
"NRTB11","14,2413","IPCA_SPREAD","—","IPCA + 7.1500%","2026-08-05","2026-09-15","28,00","0,11","","","","","","","","ipca_sem_ref","Sem Referencia NTN-B no arquivo","ANBIMA Data API (web-bff)"
"NRTB21","14,2494","IPCA_SPREAD","—","IPCA + 7.1500%","2026-08-05","2026-09-15","28,00","0,11","","","","","","","","ipca_sem_ref","Sem Referencia NTN-B no arquivo","ANBIMA Data API (web-bff)"
"NTEN11","13,6025","IPCA_SPREAD","B28 + 475 bps","IPCA + 7.2500%","2026-08-05","2030-05-15","467,00","1,85","","","","2028-08-15","B28","8,4500","475","ok","","ANBIMA Data API (web-bff)"
"NTSD16","0,7671","DI_SPREAD","CDI + 0,77%","DI + 1.2000%","2026-08-05","2029-02-15","549,00","2,18","","","","","","","","ok","","ANBIMA Data API (web-bff)"
"NTSD17","0,4699","DI_SPREAD","CDI + 0,47%","DI + 0.8000%","2026-08-05","2028-06-20","420,00","1,67","","","","","","","","ok","","ANBIMA Data API (web-bff)"
"NTSD18","0,6744","DI_SPREAD","CDI + 0,67%","DI + 0.8000%","2026-08-05","2030-11-22","816,00","3,24","","","","","","","","ok","","ANBIMA Data API (web-bff)"
"NTSD19","7,4794","IPCA_SPREAD","B40 - 28 bps","IPCA + 6.7269%","2026-08-05","2040-07-16","2184,00","8,67","","","","2040-08-15","B40","7,7819","-28","ok","","ANBIMA Data API (web-bff)"
"NTSD26","0,8345","DI_SPREAD","CDI + 0,83%","DI + 1.4000%","2026-08-05","2031-02-15","741,00","2,94","","","","","","","","ok","","ANBIMA Data API (web-bff)"
"NTSD35","0,9783","DI_SPREAD","CDI + 0,98%","DI + 1.8500%","2026-08-05","2032-09-13","847,00","3,36","","","","","","","","ok","","ANBIMA Data API (web-bff)"
"NTSD36","0,9410","DI_SPREAD","CDI + 0,94%","DI + 1.7000%","2026-08-05","2034-02-15","1021,00","4,05","","","","","","","","ok","","ANBIMA Data API (web-bff)"
"NTSDA0","0,7469","DI_SPREAD","CDI + 0,75%","DI + 0.9000%","2026-08-05","2031-08-25","882,00","3,50","","","","","","","","ok","","ANBIMA Data API (web-bff)"
"NTSDA1","7,4597","IPCA_SPREAD","B40 - 30 bps","IPCA + 6.3198%","2026-08-05","2041-03-15","2229,00","8,85","","","","2040-08-15","B40","7,7819","-30","ok","","ANBIMA Data API (web-bff)"
"NTSDA2","0,6441","DI_SPREAD","CDI + 0,64%","DI + 0.6000%","2026-08-05","2031-03-10","764,00","3,03","","","","","","","","ok","","ANBIMA Data API (web-bff)"
"ODYA11","8,4937","IPCA_SPREAD","B28 + 4 bps","IPCA + 6.7968%","2026-08-05","2031-09-15","550,00","2,18","","","","2028-08-15","B28","8,4500","4","ok","","ANBIMA Data API (web-bff)"
"OMGE12","9,0446","IPCA_SPREAD","B28 + 55 bps","IPCA + 4.3671%","2026-08-05","2028-09-15","502,00","1,99","","","","2028-08-15","B28","8,4500","55","ok","","ANBIMA Data API (web-bff)"
"OMGE15","1,5989","DI_SPREAD","CDI + 1,60%","DI + 1.6500%","2026-08-05","2029-06-15","594,00","2,36","","","","","","","","ok","","ANBIMA Data API (web-bff)"
"OMGE16","1,1867","DI_SPREAD","CDI + 1,19%","DI + 1.1500%","2026-08-05","2030-03-15","691,00","2,74","","","","","","","","ok","","ANBIMA Data API (web-bff)"
"OMGE17","1,2801","DI_SPREAD","CDI + 1,28%","DI + 0.8900%","2026-08-05","2031-02-15","820,00","3,25","","","","","","","","ok","","ANBIMA Data API (web-bff)"
"OMGE22","9,0446","IPCA_SPREAD","B28 + 55 bps","IPCA + 4.3671%","2026-08-05","2028-09-15","496,00","1,97","","","","2028-08-15","B28","8,4500","55","ok","","ANBIMA Data API (web-bff)"
"OMGE26","1,2014","DI_SPREAD","CDI + 1,20%","DI + 1.2500%","2026-08-05","2031-03-15","827,00","3,28","","","","","","","","ok","","ANBIMA Data API (web-bff)"
"OMGE27","","DI_SPREAD","—","DI + 1.0200%","2026-08-05","2033-02-15","","","","","","","","","","sem_taxa","Taxa indicativa vazia","ANBIMA Data API (web-bff)"
"OMGE41","8,6427","IPCA_SPREAD","B27 + 54 bps","IPCA + 5.0000%","2026-08-05","2027-05-15","189,00","0,75","","","","2027-05-15","B27","8,0541","54","ok","","ANBIMA Data API (web-bff)"
"OMNG12","8,6057","IPCA_SPREAD","B28 + 14 bps","IPCA + 7.1096%","2026-08-05","2029-12-15","429,00","1,70","","","","2028-08-15","B28","8,4500","14","ok","","ANBIMA Data API (web-bff)"
"ONCO19","","DI_SPREAD","—","DI + 1.6200%","2026-08-05","2027-11-25","","","","","","","","","","sem_taxa","Taxa indicativa vazia","ANBIMA Data API (web-bff)"
"ONCO29","","DI_SPREAD","—","DI + 1.8000%","2026-08-05","2029-11-25","","","","","","","","","","sem_taxa","Taxa indicativa vazia","ANBIMA Data API (web-bff)"
"ONCOA1","","DI_SPREAD","—","DI + 1.4000%","2026-08-05","2029-04-10","","","","","","","","","","sem_taxa","Taxa indicativa vazia","ANBIMA Data API (web-bff)"
"ONZE21","8,4877","IPCA_SPREAD","B37 + 57 bps","IPCA + 8.7400%","2026-08-05","2048-06-15","2046,00","8,12","","","","2037-05-15","B37","7,8741","57","ok","","ANBIMA Data API (web-bff)"
"OPCT16","1,3709","DI_SPREAD","CDI + 1,37%","DI + 2.5000%","2026-08-05","2029-12-18","500,00","1,98","","","","","","","","ok","","ANBIMA Data API (web-bff)"
"OPCT17","1,4503","DI_SPREAD","CDI + 1,45%","DI + 2.0000%","2026-08-05","2030-07-27","599,00","2,38","","","","","","","","ok","","ANBIMA Data API (web-bff)"
"ORIG11","11,1071","IPCA_SPREAD","B32 + 271 bps","IPCA + 8.4001%","2026-08-05","2035-12-15","1250,00","4,96","","","","2032-08-15","B32","8,1707","271","ok","","ANBIMA Data API (web-bff)"
"ORIG12","11,2878","IPCA_SPREAD","B32 + 288 bps","IPCA + 10.0361%","2026-08-05","2035-12-15","1214,00","4,82","","","","2032-08-15","B32","8,1707","288","ok","","ANBIMA Data API (web-bff)"
"ORIG21","17,3084","PREFIXADO","17,31%","Pré-Fixado 14.1500%","2026-08-05","2035-12-15","1060,00","4,21","","2,5764","spread = (1 + Y)/(1 + L) - 1; Y = pre 17,31%; L = TaxaLTN_252 venc ref 2032-01-01 = 14,36%","","","","","ok","","ANBIMA Data API (web-bff)"
"ORIG22","18,1786","PREFIXADO","18,18%","Pré-Fixado 15.6300%","2026-08-05","2035-12-15","1030,00","4,09","","3,3373","spread = (1 + Y)/(1 + L) - 1; Y = pre 18,18%; L = TaxaLTN_252 venc ref 2032-01-01 = 14,36%","","","","","ok","","ANBIMA Data API (web-bff)"
"ORMA16","1,2500","DI_SPREAD","CDI + 1,25%","DI + 1.4500%","2026-08-05","2035-09-15","1003,00","3,98","","","","","","","","ok","","ANBIMA Data API (web-bff)"
"ORMA17","1,4300","DI_SPREAD","CDI + 1,43%","DI + 1.4500%","2026-08-05","2035-12-15","1066,00","4,23","","","","","","","","ok","","ANBIMA Data API (web-bff)"
"ORVR16","8,4657","IPCA_SPREAD","B35 + 37 bps","IPCA + 7.9283%","2026-08-05","2039-12-15","1647,00","6,54","","","","2035-05-15","B35","8,0685","37","ok","","ANBIMA Data API (web-bff)"
"OVSAA3","2,1346","DI_SPREAD","CDI + 2,13%","DI + 2.4000%","2026-08-05","2028-07-15","385,00","1,53","","","","","","","","ok","","ANBIMA Data API (web-bff)"
"OVSAA8","2,2371","DI_SPREAD","CDI + 2,24%","DI + 2.7000%","2026-08-05","2029-06-10","496,00","1,97","","","","","","","","ok","","ANBIMA Data API (web-bff)"
"OVSAA9","2,1510","DI_SPREAD","CDI + 2,15%","DI + 2.5000%","2026-08-05","2029-11-18","567,00","2,25","","","","","","","","ok","","ANBIMA Data API (web-bff)"
"OVSAB0","2,0363","DI_SPREAD","CDI + 2,04%","DI + 2.3000%","2026-08-05","2028-05-16","392,00","1,56","","","","","","","","ok","","ANBIMA Data API (web-bff)"
"OVSAB1","2,3492","DI_SPREAD","CDI + 2,35%","DI + 2.3500%","2026-08-05","2032-01-20","893,00","3,54","","","","","","","","ok","","ANBIMA Data API (web-bff)"
"OZNH11","1,9065","DI_SPREAD","CDI + 1,91%","DI + 3.5000%","2026-08-05","2031-11-26","562,00","2,23","","","","","","","","ok","","ANBIMA Data API (web-bff)"
"PALF38","7,6508","IPCA_SPREAD","B27 - 37 bps","IPCA + 5.0500%","2026-08-05","2027-09-15","146,00","0,58","","","","2027-05-15","B27","8,0541","-37","ok","","ANBIMA Data API (web-bff)"
"PALFA3","7,7726","IPCA_SPREAD","B32 - 37 bps","IPCA + 6.1774%","2026-08-05","2033-10-15","1275,00","5,06","","","","2032-08-15","B32","8,1707","-37","ok","","ANBIMA Data API (web-bff)"
"PALFA4","0,3386","DI_SPREAD","CDI + 0,34%","DI + 0.5500%","2026-08-05","2027-09-05","137,00","0,54","","","","","","","","ok","","ANBIMA Data API (web-bff)"
"PALFA5","0,4655","DI_SPREAD","CDI + 0,47%","DI + 0.4900%","2026-08-05","2029-09-10","544,00","2,16","","","","","","","","ok","","ANBIMA Data API (web-bff)"
"PALFA6","0,4953","DI_SPREAD","CDI + 0,50%","DI + 0.5900%","2026-08-05","2030-02-15","610,00","2,42","","","","","","","","ok","","ANBIMA Data API (web-bff)"
"PALFA7","7,8353","IPCA_SPREAD","B35 - 22 bps","IPCA + 6.8967%","2026-08-05","2035-09-15","1538,00","6,10","","","","2035-05-15","B35","8,0685","-22","ok","","ANBIMA Data API (web-bff)"
"PALFA8","0,2974","DI_SPREAD","CDI + 0,30%","DI + 0.3000%","2026-08-05","2026-12-19","94,00","0,37","","","","","","","","ok","","ANBIMA Data API (web-bff)"
"PALFB3","7,8239","IPCA_SPREAD","B35 - 23 bps","IPCA + 6.1753%","2026-08-05","2035-10-15","1587,00","6,30","","","","2035-05-15","B35","8,0685","-23","ok","","ANBIMA Data API (web-bff)"
"PALFB6","7,9023","IPCA_SPREAD","B33 - 25 bps","IPCA + 7.7082%","2026-08-05","2035-02-15","1419,00","5,63","","","","2033-05-15","B33","8,1696","-25","ok","","ANBIMA Data API (web-bff)"
"PASN12","9,3599","IPCA_SPREAD","B28 + 84 bps","IPCA + 6.1000%","2026-08-05","2030-07-15","501,00","1,99","","","","2028-08-15","B28","8,4500","84","ok","","ANBIMA Data API (web-bff)"
"PASS12","0,9495","DI_SPREAD","CDI + 0,95%","DI + 1.5500%","2026-08-05","2030-11-01","721,00","2,86","","","","","","","","ok","","ANBIMA Data API (web-bff)"
"PASS13","0,7810","DI_SPREAD","CDI + 0,78%","DI + 1.0800%","2026-08-05","2029-03-15","535,00","2,12","","","","","","","","ok","","ANBIMA Data API (web-bff)"
"PASS14","0,7407","DI_SPREAD","CDI + 0,74%","DI + 0.6500%","2026-08-05","2030-06-01","751,00","2,98","","","","","","","","ok","","ANBIMA Data API (web-bff)"
"PASS24","0,8365","DI_SPREAD","CDI + 0,84%","DI + 0.7000%","2026-08-05","2032-06-01","949,00","3,77","","","","","","","","ok","","ANBIMA Data API (web-bff)"
"PAXA12","9,1855","IPCA_SPREAD","B35 + 103 bps","IPCA + 9.5844%","2026-08-05","2040-02-15","1586,00","6,29","","","","2035-05-15","B35","8,0685","103","ok","","ANBIMA Data API (web-bff)"
"PEJA11","8,1012","IPCA_SPREAD","B29 - 8 bps","IPCA + 7.4100%","2026-08-05","2032-08-15","744,00","2,95","","","","2029-05-15","B29","8,1841","-8","ok","","ANBIMA Data API (web-bff)"
"PEJA12","","PREFIXADO","—","Pré-Fixado 11.1155%","2026-08-05","2029-02-15","","","","","","","","","","sem_taxa","Taxa indicativa vazia","ANBIMA Data API (web-bff)"
"PEJA13","","PREFIXADO","—","Pré-Fixado 11.0121%","2026-08-05","2029-04-15","","","","","","","","","","sem_taxa","Taxa indicativa vazia","ANBIMA Data API (web-bff)"
"PEJA21","1,0384","DI_SPREAD","CDI + 1,04%","DI + 2.0500%","2026-08-05","2027-08-15","230,00","0,91","","","","","","","","ok","","ANBIMA Data API (web-bff)"
"PEJA22","8,1930","IPCA_SPREAD","B32 + 2 bps","IPCA + 6.4662%","2026-08-05","2034-02-15","1304,00","5,17","","","","2032-08-15","B32","8,1707","2","ok","","ANBIMA Data API (web-bff)"
"PEJA23","8,2823","IPCA_SPREAD","B33 + 10 bps","IPCA + 6.5102%","2026-08-05","2034-04-15","1342,00","5,33","","","","2033-05-15","B33","8,1696","10","ok","","ANBIMA Data API (web-bff)"
"PETR17","7,0866","IPCA_SPREAD","B29 - 101 bps","IPCA + 3.6000%","2026-08-05","2029-09-15","731,00","2,90","","","","2029-05-15","B29","8,1841","-101","ok","","ANBIMA Data API (web-bff)"
"PETR18","7,2056","IPCA_SPREAD","B35 - 80 bps","IPCA + 6.3874%","2026-08-05","2035-06-15","1705,00","6,77","","","","2035-05-15","B35","8,0685","-80","ok","","ANBIMA Data API (web-bff)"
"PETR26","7,0884","IPCA_SPREAD","B29 - 101 bps","IPCA + 4.2186%","2026-08-05","2029-01-15","584,00","2,32","","","","2029-05-15","B29","8,1841","-101","ok","","ANBIMA Data API (web-bff)"
"PETR27","7,2502","IPCA_SPREAD","B35 - 76 bps","IPCA + 3.9000%","2026-08-05","2034-09-15","1696,00","6,73","","","","2035-05-15","B35","8,0685","-76","ok","","ANBIMA Data API (web-bff)"
"PETR28","7,0824","IPCA_SPREAD","B40 - 65 bps","IPCA + 6.6556%","2026-08-05","2040-06-15","2185,00","8,67","","","","2040-08-15","B40","7,7819","-65","ok","","ANBIMA Data API (web-bff)"
"PETR38","7,0517","IPCA_SPREAD","B45 - 54 bps","IPCA + 6.8431%","2026-08-05","2045-06-15","2627,00","10,42","","","","2045-05-15","B45","7,6348","-54","ok","","ANBIMA Data API (web-bff)"
"PFOR15","1,4224","DI_SPREAD","CDI + 1,42%","DI + 1.2000%","2026-08-05","2030-02-20","595,00","2,36","","","","","","","","ok","","ANBIMA Data API (web-bff)"
"PFOR16","1,3565","DI_SPREAD","CDI + 1,36%","DI + 1.4500%","2026-08-05","2030-07-15","694,00","2,75","","","","","","","","ok","","ANBIMA Data API (web-bff)"
"PFOR25","1,6116","DI_SPREAD","CDI + 1,61%","DI + 1.3500%","2026-08-05","2032-02-20","865,00","3,43","","","","","","","","ok","","ANBIMA Data API (web-bff)"
"PFOR26","1,4921","DI_SPREAD","CDI + 1,49%","DI + 1.6000%","2026-08-05","2032-07-15","963,00","3,82","","","","","","","","ok","","ANBIMA Data API (web-bff)"
"PGMN26","1,6120","DI_SPREAD","CDI + 1,61%","DI + 2.2000%","2026-08-05","2028-11-05","382,00","1,52","","","","","","","","ok","","ANBIMA Data API (web-bff)"
"PLSB1A","9,8449","IPCA_SPREAD","B29 + 154 bps","IPCA + 5.8550%","2026-08-05","2031-10-15","702,00","2,79","","","","2029-05-15","B29","8,1841","154","ok","","ANBIMA Data API (web-bff)"
"PLSB2A","1,2450","DI_SPREAD","CDI + 1,25%","DI + 1.5500%","2026-08-05","2028-10-15","290,00","1,15","","","","","","","","ok","","ANBIMA Data API (web-bff)"
"POTE11","8,5033","IPCA_SPREAD","B35 + 40 bps","IPCA + 7.3706%","2026-08-05","2041-12-15","1543,00","6,12","","","","2035-05-15","B35","8,0685","40","ok","","ANBIMA Data API (web-bff)"
"POTE12","8,4289","IPCA_SPREAD","B33 + 24 bps","IPCA + 7.0416%","2026-08-05","2042-10-15","1433,00","5,69","","","","2033-05-15","B33","8,1696","24","ok","","ANBIMA Data API (web-bff)"
"PRAS11","8,0431","IPCA_SPREAD","B30 - 16 bps","IPCA + 5.7656%","2026-08-05","2034-08-15","917,00","3,64","","","","2030-08-15","B30","8,2202","-16","ok","","ANBIMA Data API (web-bff)"
"PRLG17","1,0406","DI_SPREAD","CDI + 1,04%","DI + 1.2000%","2026-08-05","2030-04-10","709,00","2,81","","","","","","","","ok","","ANBIMA Data API (web-bff)"
"PRPO12","8,3249","IPCA_SPREAD","B29 + 13 bps","IPCA + 4.2200%","2026-08-05","2031-12-15","705,00","2,80","","","","2029-05-15","B29","8,1841","13","ok","","ANBIMA Data API (web-bff)"
"PRSS11","9,0678","IPCA_SPREAD","B35 + 92 bps","IPCA + 8.6141%","2026-08-05","2040-02-15","1615,00","6,41","","","","2035-05-15","B35","8,0685","92","ok","","ANBIMA Data API (web-bff)"
"PRTE12","7,7764","IPCA_SPREAD","B27 - 26 bps","IPCA + 6.9045%","2026-08-05","2028-03-15","224,00","0,89","","","","2027-05-15","B27","8,0541","-26","ok","","ANBIMA Data API (web-bff)"
"PSAN13","2,3000","DI_SPREAD","CDI + 2,30%","DI + 2.3000%","2026-08-05","2030-03-18","603,00","2,39","","","","","","","","ok","","ANBIMA Data API (web-bff)"
"PSAN23","2,3269","DI_SPREAD","CDI + 2,33%","DI + 2.7000%","2026-08-05","2030-03-18","675,00","2,68","","","","","","","","ok","","ANBIMA Data API (web-bff)"
"PTAZ11","8,0062","IPCA_SPREAD","B40 + 21 bps","IPCA + 5.6904%","2026-08-05","2046-04-15","2116,00","8,40","","","","2040-08-15","B40","7,7819","21","ok","","ANBIMA Data API (web-bff)"
"QMCT14","9,0911","IPCA_SPREAD","B32 + 85 bps","IPCA + 9.6588%","2026-08-05","2035-08-15","1206,00","4,79","","","","2032-08-15","B32","8,1707","85","ok","","ANBIMA Data API (web-bff)"
"QUAL16","2,8683","DI_SPREAD","CDI + 2,87%","DI + 1.8500%","2026-08-05","2027-06-03","196,00","0,78","","","","","","","","ok","","ANBIMA Data API (web-bff)"
"QUAL17","4,2120","DI_SPREAD","CDI + 4,21%","DI + 3.5000%","2026-08-05","2028-03-15","190,00","0,75","","","","","","","","ok","","ANBIMA Data API (web-bff)"
"QUAL18","4,4484","DI_SPREAD","CDI + 4,45%","DI + 2.5000%","2026-08-05","2029-10-15","432,00","1,71","","","","","","","","ok","","ANBIMA Data API (web-bff)"
"QUAT13","9,2133","IPCA_SPREAD","B30 + 92 bps","IPCA + 7.8722%","2026-08-05","2034-07-15","907,00","3,60","","","","2030-08-15","B30","8,2202","92","ok","","ANBIMA Data API (web-bff)"
"QUNT11","0,7693","DI_SPREAD","CDI + 0,77%","DI + 1.0000%","2026-08-05","2031-11-18","786,00","3,12","","","","","","","","ok","","ANBIMA Data API (web-bff)"
"QYAN11","0,7075","DI_SPREAD","CDI + 0,71%","DI + 1.0000%","2026-08-05","2032-11-18","841,00","3,34","","","","","","","","ok","","ANBIMA Data API (web-bff)"
"RADL14","103,7692","DI_PERCENTUAL","CDI + 0,45%","106.9900% DI","2026-08-05","2027-06-17","206,00","0,82","103,7692","0,4518","spread = (1 + (%CDI/100)*L)/(1 + L) - 1; L = TaxaLTN_252 venc ref 2027-07-01 = 13,62%","","","","","ok","","ANBIMA Data API (web-bff)"
"RADL15","0,6200","DI_SPREAD","CDI + 0,62%","DI + 1.4900%","2026-08-05","2029-01-25","441,00","1,75","","","","","","","","ok","","ANBIMA Data API (web-bff)"
"RADL19","0,3844","DI_SPREAD","CDI + 0,38%","DI + 0.6500%","2026-08-05","2031-04-22","794,00","3,15","","","","","","","","ok","","ANBIMA Data API (web-bff)"
"RADLA0","0,3618","DI_SPREAD","CDI + 0,36%","DI + 0.6000%","2026-08-05","2032-04-15","923,00","3,66","","","","","","","","ok","","ANBIMA Data API (web-bff)"
"RADLA1","0,3940","DI_SPREAD","CDI + 0,39%","DI + 0.4400%","2026-08-05","2032-11-10","1002,00","3,98","","","","","","","","ok","","ANBIMA Data API (web-bff)"
"RAIZ13","","IPCA_SPREAD","—","IPCA + 6.4879%","2026-08-05","2034-09-15","","","","","","","","","","sem_taxa","Taxa indicativa vazia","ANBIMA Data API (web-bff)"
"RAIZ14","","DI_SPREAD","—","DI + 1.3000%","2026-08-05","2030-07-15","","","","","","","","","","sem_taxa","Taxa indicativa vazia","ANBIMA Data API (web-bff)"
"RAIZ23","","IPCA_SPREAD","—","IPCA + 6.4794%","2026-08-05","2039-09-15","","","","","","","","","","sem_taxa","Taxa indicativa vazia","ANBIMA Data API (web-bff)"
"RALM11","8,9883","IPCA_SPREAD","B37 + 103 bps","IPCA + 7.8293%","2026-08-05","2048-12-15","2081,00","8,26","","","","2037-05-15","B37","7,8741","103","ok","","ANBIMA Data API (web-bff)"
"RALM21","8,9993","IPCA_SPREAD","B37 + 104 bps","IPCA + 7.8293%","2026-08-05","2048-12-15","2080,00","8,25","","","","2037-05-15","B37","7,8741","104","ok","","ANBIMA Data API (web-bff)"
"RATL11","7,8725","IPCA_SPREAD","B33 - 27 bps","IPCA + 7.1717%","2026-08-05","2036-12-15","1325,00","5,26","","","","2033-05-15","B33","8,1696","-27","ok","","ANBIMA Data API (web-bff)"
"RDOE18","7,8588","IPCA_SPREAD","B30 - 33 bps","IPCA + 5.9500%","2026-08-05","2031-04-15","818,00","3,25","","","","2030-08-15","B30","8,2202","-33","ok","","ANBIMA Data API (web-bff)"
"RDORA5","1,1711","DI_SPREAD","CDI + 1,17%","DI + 2.0000%","2026-08-05","2032-10-15","1010,00","4,01","","","","","","","","ok","","ANBIMA Data API (web-bff)"
"RDORB3","0,9448","DI_SPREAD","CDI + 0,94%","DI + 1.9000%","2026-08-05","2032-05-15","857,00","3,40","","","","","","","","ok","","ANBIMA Data API (web-bff)"
"RDORB5","1,0573","DI_SPREAD","CDI + 1,06%","DI + 1.9500%","2026-08-05","2032-10-15","957,00","3,80","","","","","","","","ok","","ANBIMA Data API (web-bff)"
"RDORB9","0,9685","DI_SPREAD","CDI + 0,97%","DI + 1.9000%","2026-08-05","2031-08-20","733,00","2,91","","","","","","","","ok","","ANBIMA Data API (web-bff)"
"RDORC3","1,0290","DI_SPREAD","CDI + 1,03%","DI + 1.9000%","2026-08-05","2032-05-15","857,00","3,40","","","","","","","","ok","","ANBIMA Data API (web-bff)"
"RDORC4","0,3765","DI_SPREAD","CDI + 0,38%","DI + 0.6500%","2026-08-05","2027-09-15","253,00","1,00","","","","","","","","ok","","ANBIMA Data API (web-bff)"
"RDORC7","0,4796","DI_SPREAD","CDI + 0,48%","DI + 0.7900%","2026-08-05","2029-06-20","411,00","1,63","","","","","","","","ok","","ANBIMA Data API (web-bff)"
"RDORC9","0,9732","DI_SPREAD","CDI + 0,97%","DI + 1.9000%","2026-08-05","2031-08-20","733,00","2,91","","","","","","","","ok","","ANBIMA Data API (web-bff)"
"RDORD3","1,0666","DI_SPREAD","CDI + 1,07%","DI + 1.7000%","2026-08-05","2034-05-05","1164,00","4,62","","","","","","","","ok","","ANBIMA Data API (web-bff)"
"RDORD4","0,9411","DI_SPREAD","CDI + 0,94%","DI + 1.1000%","2026-08-05","2031-09-15","892,00","3,54","","","","","","","","ok","","ANBIMA Data API (web-bff)"
"RDORD7","0,9865","DI_SPREAD","CDI + 0,99%","DI + 1.7000%","2026-08-05","2030-02-20","593,00","2,35","","","","","","","","ok","","ANBIMA Data API (web-bff)"
"RDORE4","1,0672","DI_SPREAD","CDI + 1,07%","DI + 1.3000%","2026-08-05","2034-09-15","1177,00","4,67","","","","","","","","ok","","ANBIMA Data API (web-bff)"
"RDORF1","1,0188","DI_SPREAD","CDI + 1,02%","DI + 0.9000%","2026-08-05","2033-06-10","1063,00","4,22","","","","","","","","ok","","ANBIMA Data API (web-bff)"
"RDORF8","1,0669","DI_SPREAD","CDI + 1,07%","DI + 1.1500%","2026-08-05","2035-11-20","1220,00","4,84","","","","","","","","ok","","ANBIMA Data API (web-bff)"
"RDORG6","0,9984","DI_SPREAD","CDI + 1,00%","DI + 1.0000%","2026-08-05","2032-08-20","988,00","3,92","","","","","","","","ok","","ANBIMA Data API (web-bff)"
"RDORG9","1,0854","DI_SPREAD","CDI + 1,09%","DI + 1.3000%","2026-08-05","2036-01-10","1253,00","4,97","","","","","","","","ok","","ANBIMA Data API (web-bff)"
"RDORH6","1,0923","DI_SPREAD","CDI + 1,09%","DI + 1.1500%","2026-08-05","2035-08-20","1158,00","4,60","","","","","","","","ok","","ANBIMA Data API (web-bff)"
"RDORI6","1,2156","DI_SPREAD","CDI + 1,22%","DI + 1.5500%","2026-08-05","2040-08-20","1419,00","5,63","","","","","","","","ok","","ANBIMA Data API (web-bff)"
"RDVE11","7,8502","IPCA_SPREAD","B32 - 30 bps","IPCA + 7.0421%","2026-08-05","2038-04-15","1155,00","4,58","","","","2032-08-15","B32","8,1707","-30","ok","","ANBIMA Data API (web-bff)"
"RECV11","8,3029","IPCA_SPREAD","B30 + 8 bps","IPCA + 7.3249%","2026-08-05","2031-05-15","821,00","3,26","","","","2030-08-15","B30","8,2202","8","ok","","ANBIMA Data API (web-bff)"
"RECV12","0,7841","DI_SPREAD","CDI + 0,78%","DI + 1.1500%","2026-08-05","2029-10-15","554,00","2,20","","","","","","","","ok","","ANBIMA Data API (web-bff)"
"RECV13","0,6338","DI_SPREAD","CDI + 0,63%","DI + 1.1000%","2026-08-05","2032-07-04","903,00","3,58","","","","","","","","ok","","ANBIMA Data API (web-bff)"
"RECV14","8,3428","IPCA_SPREAD","B32 + 16 bps","IPCA + 7.4564%","2026-08-05","2032-12-15","1200,00","4,76","","","","2032-08-15","B32","8,1707","16","ok","","ANBIMA Data API (web-bff)"
"RECV21","","PREFIXADO","—","Pré-Fixado 12.8886%","2026-08-05","2031-05-15","","","","","","","","","","sem_taxa","Taxa indicativa vazia","ANBIMA Data API (web-bff)"
"RECV24","8,6545","IPCA_SPREAD","B35 + 54 bps","IPCA + 7.2833%","2026-08-05","2035-12-15","1569,00","6,23","","","","2035-05-15","B35","8,0685","54","ok","","ANBIMA Data API (web-bff)"
"RENTA5","1,2637","DI_SPREAD","CDI + 1,26%","DI + 2.3500%","2026-08-05","2033-08-11","955,00","3,79","","","","","","","","ok","","ANBIMA Data API (web-bff)"
"RENTC4","1,2960","DI_SPREAD","CDI + 1,30%","DI + 1.8500%","2026-08-05","2028-11-25","494,00","1,96","","","","","","","","ok","","ANBIMA Data API (web-bff)"
"RENTC8","1,2089","DI_SPREAD","CDI + 1,21%","DI + 1.8500%","2026-08-05","2029-02-27","518,00","2,06","","","","","","","","ok","","ANBIMA Data API (web-bff)"
"RENTD0","1,0075","DI_SPREAD","CDI + 1,01%","DI + 1.5500%","2026-08-05","2030-12-10","746,00","2,96","","","","","","","","ok","","ANBIMA Data API (web-bff)"
"RENTD1","9,9309","IPCA_SPREAD","B33 + 163 bps","IPCA + 8.8670%","2026-08-05","2031-12-15","1342,00","5,33","","","","2033-05-15","B33","8,1696","163","ok","","ANBIMA Data API (web-bff)"
"RENTD5","1,0234","DI_SPREAD","CDI + 1,02%","DI + 1.1800%","2026-08-05","2031-08-27","815,00","3,23","","","","","","","","ok","","ANBIMA Data API (web-bff)"
"RENTD9","1,2460","DI_SPREAD","CDI + 1,25%","DI + 1.8500%","2026-08-05","2030-04-16","707,00","2,81","","","","","","","","ok","","ANBIMA Data API (web-bff)"
"RENTE2","1,0502","DI_SPREAD","CDI + 1,05%","DI + 1.2000%","2026-08-05","2030-05-20","735,00","2,92","","","","","","","","ok","","ANBIMA Data API (web-bff)"
"RENTE3","1,0346","DI_SPREAD","CDI + 1,03%","DI + 1.2000%","2026-08-05","2031-07-17","770,00","3,06","","","","","","","","ok","","ANBIMA Data API (web-bff)"
"RENTE4","1,1257","DI_SPREAD","CDI + 1,13%","DI + 1.3000%","2026-08-05","2032-08-01","917,00","3,64","","","","","","","","ok","","ANBIMA Data API (web-bff)"
"RENTE5","1,2900","DI_SPREAD","CDI + 1,29%","DI + 1.2800%","2026-08-05","2032-08-27","930,00","3,69","","","","","","","","ok","","ANBIMA Data API (web-bff)"
"RENTE9","1,3731","DI_SPREAD","CDI + 1,37%","DI + 2.1500%","2026-08-05","2034-04-16","1049,00","4,16","","","","","","","","ok","","ANBIMA Data API (web-bff)"
"RENTF2","1,2046","DI_SPREAD","CDI + 1,20%","DI + 1.4000%","2026-08-05","2032-05-20","988,00","3,92","","","","","","","","ok","","ANBIMA Data API (web-bff)"
"RESA14","","IPCA_SPREAD","—","IPCA + 3.5390%","2026-08-05","2029-11-15","","","","","","","","","","sem_taxa","Taxa indicativa vazia","ANBIMA Data API (web-bff)"
"RESA15","","IPCA_SPREAD","—","IPCA + 5.8000%","2026-08-05","2030-06-15","","","","","","","","","","sem_taxa","Taxa indicativa vazia","ANBIMA Data API (web-bff)"
"RESA17","","IPCA_SPREAD","—","IPCA + 5.9219%","2026-08-05","2029-03-15","","","","","","","","","","sem_taxa","Taxa indicativa vazia","ANBIMA Data API (web-bff)"
"RESA27","","IPCA_SPREAD","—","IPCA + 5.9645%","2026-08-05","2032-03-15","","","","","","","","","","sem_taxa","Taxa indicativa vazia","ANBIMA Data API (web-bff)"
"RIGEA1","","IPCA_SPREAD","—","IPCA + 4.3000%","2026-08-05","2031-05-15","","","","","","","","","","sem_taxa","Taxa indicativa vazia","ANBIMA Data API (web-bff)"
"RIGEA3","7,9414","IPCA_SPREAD","B28 - 47 bps","IPCA + 5.9853%","2026-08-05","2029-05-15","529,00","2,10","","","","2028-08-15","B28","8,4500","-47","ok","","ANBIMA Data API (web-bff)"
"RIPR22","7,8090","IPCA_SPREAD","B30 - 38 bps","IPCA + 4.6279%","2026-08-05","2031-06-15","876,00","3,48","","","","2030-08-15","B30","8,2202","-38","ok","","ANBIMA Data API (web-bff)"
"RIS412","11,9740","IPCA_SPREAD","B31 + 352 bps","IPCA + 6.9000%","2026-08-05","2034-01-15","1014,00","4,02","","","","2031-05-15","B31","8,1651","352","ok","","ANBIMA Data API (web-bff)"
"RIS414","11,6831","IPCA_SPREAD","B31 + 325 bps","IPCA + 7.3591%","2026-08-05","2034-09-15","1091,00","4,33","","","","2031-05-15","B31","8,1651","325","ok","","ANBIMA Data API (web-bff)"
"RIS422","11,2213","IPCA_SPREAD","B37 + 310 bps","IPCA + 7.2000%","2026-08-05","2042-01-15","1910,00","7,58","","","","2037-05-15","B37","7,8741","310","ok","","ANBIMA Data API (web-bff)"
"RIS424","11,0432","IPCA_SPREAD","B37 + 294 bps","IPCA + 7.6920%","2026-08-05","2042-09-15","1884,00","7,48","","","","2037-05-15","B37","7,8741","294","ok","","ANBIMA Data API (web-bff)"
"RISP12","11,9426","IPCA_SPREAD","B31 + 349 bps","IPCA + 6.9000%","2026-08-05","2034-01-15","1015,00","4,03","","","","2031-05-15","B31","8,1651","349","ok","","ANBIMA Data API (web-bff)"
"RISP14","11,7968","IPCA_SPREAD","B31 + 336 bps","IPCA + 7.3591%","2026-08-05","2034-09-15","1089,00","4,32","","","","2031-05-15","B31","8,1651","336","ok","","ANBIMA Data API (web-bff)"
"RISP22","11,1690","IPCA_SPREAD","B37 + 305 bps","IPCA + 7.2000%","2026-08-05","2042-01-15","1912,00","7,59","","","","2037-05-15","B37","7,8741","305","ok","","ANBIMA Data API (web-bff)"
"RISP24","11,1488","IPCA_SPREAD","B37 + 304 bps","IPCA + 7.6920%","2026-08-05","2042-09-15","1878,00","7,45","","","","2037-05-15","B37","7,8741","304","ok","","ANBIMA Data API (web-bff)"
"RLMS13","8,7180","IPCA_SPREAD","B37 + 78 bps","IPCA + 8.1674%","2026-08-05","2045-07-15","1981,00","7,86","","","","2037-05-15","B37","7,8741","78","ok","","ANBIMA Data API (web-bff)"
"RMSA12","9,8494","IPCA_SPREAD","B35 + 165 bps","IPCA + 7.6179%","2026-08-05","2042-06-15","1760,00","6,98","","","","2035-05-15","B35","8,0685","165","ok","","ANBIMA Data API (web-bff)"
"RNDNA0","1,6694","DI_SPREAD","CDI + 1,67%","DI + 1.5000%","2026-08-05","2027-11-09","289,00","1,15","","","","","","","","ok","","ANBIMA Data API (web-bff)"
"RNDNA1","2,0020","DI_SPREAD","CDI + 2,00%","DI + 1.1700%","2026-08-05","2031-05-17","865,00","3,43","","","","","","","","ok","","ANBIMA Data API (web-bff)"
"RNDNA2","2,5109","DI_SPREAD","CDI + 2,51%","DI + 0.8500%","2026-08-05","2030-07-25","780,00","3,10","","","","","","","","ok","","ANBIMA Data API (web-bff)"
"RNDNB0","1,9337","DI_SPREAD","CDI + 1,93%","DI + 1.6900%","2026-08-05","2029-11-09","566,00","2,25","","","","","","","","ok","","ANBIMA Data API (web-bff)"
"RNDNB2","2,2406","DI_SPREAD","CDI + 2,24%","DI + 1.1000%","2026-08-05","2032-07-25","1029,00","4,08","","","","","","","","ok","","ANBIMA Data API (web-bff)"
"RODB11","2,3676","DI_SPREAD","CDI + 2,37%","DI + 4.2500%","2026-08-05","2030-05-10","599,00","2,38","","","","","","","","ok","","ANBIMA Data API (web-bff)"
"ROTY13","7,8399","IPCA_SPREAD","B31 - 30 bps","IPCA + 6.9109%","2026-08-05","2031-03-15","982,00","3,90","","","","2031-05-15","B31","8,1651","-30","ok","","ANBIMA Data API (web-bff)"
"RPTA14","8,7189","IPCA_SPREAD","B32 + 51 bps","IPCA + 8.5334%","2026-08-05","2036-03-15","1266,00","5,02","","","","2032-08-15","B32","8,1707","51","ok","","ANBIMA Data API (web-bff)"
"RRRP13","9,1229","IPCA_SPREAD","B30 + 83 bps","IPCA + 8.4166%","2026-08-05","2033-10-15","948,00","3,76","","","","2030-08-15","B30","8,2202","83","ok","","ANBIMA Data API (web-bff)"
"RSAN15","2,2532","DI_SPREAD","CDI + 2,25%","DI + 2.5000%","2026-08-05","2026-12-05","84,00","0,33","","","","","","","","ok","","ANBIMA Data API (web-bff)"
"RSAN16","9,8791","IPCA_SPREAD","B33 + 158 bps","IPCA + 6.9875%","2026-08-05","2034-09-15","1361,00","5,40","","","","2033-05-15","B33","8,1696","158","ok","","ANBIMA Data API (web-bff)"
"RSAN25","2,5981","DI_SPREAD","CDI + 2,60%","DI + 2.9000%","2026-08-05","2028-12-05","495,00","1,96","","","","","","","","ok","","ANBIMA Data API (web-bff)"
"RSAN26","9,4502","IPCA_SPREAD","B37 + 146 bps","IPCA + 7.4224%","2026-08-05","2039-09-15","1919,00","7,62","","","","2037-05-15","B37","7,8741","146","ok","","ANBIMA Data API (web-bff)"
"RSAN34","9,6837","IPCA_SPREAD","B27 + 151 bps","IPCA + 4.3854%","2026-08-05","2028-02-15","244,00","0,97","","","","2027-05-15","B27","8,0541","151","ok","","ANBIMA Data API (web-bff)"
"RSAN44","9,8499","IPCA_SPREAD","B28 + 129 bps","IPCA + 4.8330%","2026-08-05","2031-02-15","556,00","2,21","","","","2028-08-15","B28","8,4500","129","ok","","ANBIMA Data API (web-bff)"
"RUMOA2","8,6943","IPCA_SPREAD","B28 + 23 bps","IPCA + 4.5000%","2026-08-05","2029-02-15","355,00","1,41","","","","2028-08-15","B28","8,4500","23","ok","","ANBIMA Data API (web-bff)"
"RUMOA3","8,7304","IPCA_SPREAD","B28 + 26 bps","IPCA + 3.9000%","2026-08-05","2029-10-15","509,00","2,02","","","","2028-08-15","B28","8,4500","26","ok","","ANBIMA Data API (web-bff)"
"RUMOA4","8,4819","IPCA_SPREAD","B29 + 28 bps","IPCA + 6.7961%","2026-08-05","2030-04-15","607,00","2,41","","","","2029-05-15","B29","8,1841","28","ok","","ANBIMA Data API (web-bff)"
"RUMOA5","8,5303","IPCA_SPREAD","B30 + 29 bps","IPCA + 3.6000%","2026-08-05","2030-12-15","782,00","3,10","","","","2030-08-15","B30","8,2202","29","ok","","ANBIMA Data API (web-bff)"
"RUMOA6","8,5166","IPCA_SPREAD","B30 + 27 bps","IPCA + 4.4998%","2026-08-05","2031-06-15","876,00","3,48","","","","2030-08-15","B30","8,2202","27","ok","","ANBIMA Data API (web-bff)"
"RUMOA7","8,2463","IPCA_SPREAD","B29 + 6 bps","IPCA + 5.7600%","2026-08-05","2029-08-15","685,00","2,72","","","","2029-05-15","B29","8,1841","6","ok","","ANBIMA Data API (web-bff)"
"RUMOB3","8,6606","IPCA_SPREAD","B28 + 19 bps","IPCA + 4.0000%","2026-08-05","2029-10-15","514,00","2,04","","","","2028-08-15","B28","8,4500","19","ok","","ANBIMA Data API (web-bff)"
"RUMOB5","8,4355","IPCA_SPREAD","B35 + 34 bps","IPCA + 4.0000%","2026-08-05","2035-12-15","1728,00","6,86","","","","2035-05-15","B35","8,0685","34","ok","","ANBIMA Data API (web-bff)"
"RUMOB6","8,4041","IPCA_SPREAD","B35 + 31 bps","IPCA + 4.5404%","2026-08-05","2036-06-15","1773,00","7,04","","","","2035-05-15","B35","8,0685","31","ok","","ANBIMA Data API (web-bff)"
"RUMOB7","8,4960","IPCA_SPREAD","B33 + 30 bps","IPCA + 6.1830%","2026-08-05","2033-05-15","1375,00","5,46","","","","2033-05-15","B33","8,1696","30","ok","","ANBIMA Data API (web-bff)"
"SABP12","11,1794","IPCA_SPREAD","B35 + 288 bps","IPCA + 7.3274%","2026-08-05","2043-11-15","1546,00","6,13","","","","2035-05-15","B35","8,0685","288","ok","","ANBIMA Data API (web-bff)"
"SAELA1","8,0786","IPCA_SPREAD","B29 - 10 bps","IPCA + 6.0123%","2026-08-05","2030-01-15","678,00","2,69","","","","2029-05-15","B29","8,1841","-10","ok","","ANBIMA Data API (web-bff)"
"SAELA3","8,1154","IPCA_SPREAD","B31 - 5 bps","IPCA + 6.1581%","2026-08-05","2031-04-15","1012,00","4,02","","","","2031-05-15","B31","8,1651","-5","ok","","ANBIMA Data API (web-bff)"
"SAELA4","0,6127","DI_SPREAD","CDI + 0,61%","DI + 0.8000%","2026-08-05","2029-09-04","613,00","2,43","","","","","","","","ok","","ANBIMA Data API (web-bff)"
"SAELA7","8,2351","IPCA_SPREAD","B35 + 15 bps","IPCA + 7.2318%","2026-08-05","2035-10-15","1672,00","6,63","","","","2035-05-15","B35","8,0685","15","ok","","ANBIMA Data API (web-bff)"
"SAELB3","8,0446","IPCA_SPREAD","B37 + 16 bps","IPCA + 6.4045%","2026-08-05","2039-04-15","2010,00","7,98","","","","2037-05-15","B37","7,8741","16","ok","","ANBIMA Data API (web-bff)"
"SAELB7","8,0424","IPCA_SPREAD","B40 + 24 bps","IPCA + 7.1146%","2026-08-05","2040-10-15","2118,00","8,40","","","","2040-08-15","B40","7,7819","24","ok","","ANBIMA Data API (web-bff)"
"SAELB8","8,1986","IPCA_SPREAD","B35 + 12 bps","IPCA + 6.6675%","2026-08-05","2036-02-15","1728,00","6,86","","","","2035-05-15","B35","8,0685","12","ok","","ANBIMA Data API (web-bff)"
"SAPR10","7,7199","IPCA_SPREAD","B27 - 31 bps","IPCA + 4.6570%","2026-08-05","2027-03-15","147,00","0,58","","","","2027-05-15","B27","8,0541","-31","ok","","ANBIMA Data API (web-bff)"
"SAPRA2","7,7474","IPCA_SPREAD","B29 - 40 bps","IPCA + 4.2474%","2026-08-05","2029-03-15","611,00","2,42","","","","2029-05-15","B29","8,1841","-40","ok","","ANBIMA Data API (web-bff)"
"SAPRA3","7,5344","IPCA_SPREAD","B31 - 58 bps","IPCA + 4.4920%","2026-08-05","2031-03-15","1028,00","4,08","","","","2031-05-15","B31","8,1651","-58","ok","","ANBIMA Data API (web-bff)"
"SAPRB1","0,8458","DI_SPREAD","CDI + 0,85%","DI + 0.8800%","2026-08-05","2027-01-15","111,00","0,44","","","","","","","","ok","","ANBIMA Data API (web-bff)"
"SAPRB3","7,6586","IPCA_SPREAD","B32 - 47 bps","IPCA + 5.8935%","2026-08-05","2032-01-15","1176,00","4,67","","","","2032-08-15","B32","8,1707","-47","ok","","ANBIMA Data API (web-bff)"
"SAPRB4","0,5558","DI_SPREAD","CDI + 0,56%","DI + 1.0500%","2026-08-05","2030-01-15","701,00","2,78","","","","","","","","ok","","ANBIMA Data API (web-bff)"
"SAPRC1","1,0529","DI_SPREAD","CDI + 1,05%","DI + 1.9000%","2026-08-05","2028-04-15","373,00","1,48","","","","","","","","ok","","ANBIMA Data API (web-bff)"
"SAUC16","12,5553","IPCA_SPREAD","B30 + 401 bps","IPCA + 13.3904%","2026-08-05","2034-04-15","772,00","3,06","","","","2030-08-15","B30","8,2202","401","ok","","ANBIMA Data API (web-bff)"
"SAVI13","8,6333","IPCA_SPREAD","B29 + 42 bps","IPCA + 5.9548%","2026-08-05","2031-09-15","691,00","2,74","","","","2029-05-15","B29","8,1841","42","ok","","ANBIMA Data API (web-bff)"
"SBFC13","0,8025","DI_SPREAD","CDI + 0,80%","DI + 2.1000%","2026-08-05","2027-04-29","172,00","0,68","","","","","","","","ok","","ANBIMA Data API (web-bff)"
"SBIOA4","0,7013","DI_SPREAD","CDI + 0,70%","DI + 0.6300%","2026-08-05","2031-03-15","768,00","3,05","","","","","","","","ok","","ANBIMA Data API (web-bff)"
"SBSPA1","0,4637","DI_SPREAD","CDI + 0,46%","DI + 0.4900%","2026-08-05","2029-02-20","522,00","2,07","","","","","","","","ok","","ANBIMA Data API (web-bff)"
"SBSPB1","0,5230","DI_SPREAD","CDI + 0,52%","DI + 1.1000%","2026-08-05","2031-02-20","748,00","2,97","","","","","","","","ok","","ANBIMA Data API (web-bff)"
"SBSPB6","7,4560","IPCA_SPREAD","B27 - 55 bps","IPCA + 4.6500%","2026-08-05","2027-07-15","235,00","0,93","","","","2027-05-15","B27","8,0541","-55","ok","","ANBIMA Data API (web-bff)"
"SBSPC1","0,5709","DI_SPREAD","CDI + 0,57%","DI + 1.3100%","2026-08-05","2034-02-20","1035,00","4,11","","","","","","","","ok","","ANBIMA Data API (web-bff)"
"SBSPC3","0,4262","DI_SPREAD","CDI + 0,43%","DI + 0.6300%","2026-08-05","2027-05-10","179,00","0,71","","","","","","","","ok","","ANBIMA Data API (web-bff)"
"SBSPC6","7,5817","IPCA_SPREAD","B29 - 56 bps","IPCA + 4.9500%","2026-08-05","2030-07-15","692,00","2,75","","","","2029-05-15","B29","8,1841","-56","ok","","ANBIMA Data API (web-bff)"
"SBSPD2","0,1911","DI_SPREAD","CDI + 0,19%","DI + 0.3000%","2026-08-05","2026-09-10","25,00","0,10","","","","","","","","ok","","ANBIMA Data API (web-bff)"
"SBSPD3","0,4766","DI_SPREAD","CDI + 0,48%","DI + 0.5100%","2026-08-05","2032-01-15","989,00","3,92","","","","","","","","ok","","ANBIMA Data API (web-bff)"
"SBSPD4","7,8339","IPCA_SPREAD","B28 - 57 bps","IPCA + 3.3700%","2026-08-05","2029-07-15","467,00","1,85","","","","2028-08-15","B28","8,4500","-57","ok","","ANBIMA Data API (web-bff)"
"SBSPD7","0,5930","DI_SPREAD","CDI + 0,59%","DI + 0.6900%","2026-08-05","2032-11-14","999,00","3,96","","","","","","","","ok","","ANBIMA Data API (web-bff)"
"SBSPE3","7,6061","IPCA_SPREAD","B35 - 43 bps","IPCA + 7.5485%","2026-08-05","2035-01-15","1577,00","6,26","","","","2035-05-15","B35","8,0685","-43","ok","","ANBIMA Data API (web-bff)"
"SBSPE7","0,6047","DI_SPREAD","CDI + 0,60%","DI + 0.9000%","2026-08-05","2035-11-14","1231,00","4,88","","","","","","","","ok","","ANBIMA Data API (web-bff)"
"SBSPE9","7,5767","IPCA_SPREAD","B31 - 54 bps","IPCA + 5.3058%","2026-08-05","2031-12-15","959,00","3,81","","","","2031-05-15","B31","8,1651","-54","ok","","ANBIMA Data API (web-bff)"
"SBSPF3","7,4886","IPCA_SPREAD","B37 - 36 bps","IPCA + 7.3837%","2026-08-05","2040-01-15","2058,00","8,17","","","","2037-05-15","B37","7,8741","-36","ok","","ANBIMA Data API (web-bff)"
"SBSPF9","7,6416","IPCA_SPREAD","B35 - 40 bps","IPCA + 5.4478%","2026-08-05","2036-12-15","1785,00","7,08","","","","2035-05-15","B35","8,0685","-40","ok","","ANBIMA Data API (web-bff)"
"SBSPI8","7,6726","IPCA_SPREAD","B35 - 37 bps","IPCA + 6.2907%","2026-08-05","2036-02-15","1758,00","6,98","","","","2035-05-15","B35","8,0685","-37","ok","","ANBIMA Data API (web-bff)"
"SBSPJ8","7,5060","IPCA_SPREAD","B37 - 34 bps","IPCA + 6.3507%","2026-08-05","2038-02-15","2003,00","7,95","","","","2037-05-15","B37","7,8741","-34","ok","","ANBIMA Data API (web-bff)"
"SBSPK8","7,4839","IPCA_SPREAD","B40 - 28 bps","IPCA + 6.2467%","2026-08-05","2041-02-15","2221,00","8,81","","","","2040-08-15","B40","7,7819","-28","ok","","ANBIMA Data API (web-bff)"
"SBSPL8","0,5234","DI_SPREAD","CDI + 0,52%","DI + 0.6400%","2026-08-05","2033-02-15","1054,00","4,18","","","","","","","","ok","","ANBIMA Data API (web-bff)"
"SBSPM8","0,6193","DI_SPREAD","CDI + 0,62%","DI + 0.7200%","2026-08-05","2036-02-15","1219,00","4,84","","","","","","","","ok","","ANBIMA Data API (web-bff)"
"SDOM12","","IPCA_SPREAD","—","IPCA + 9.1500%","2026-08-05","2034-01-15","","","","","","","","","","sem_taxa","Taxa indicativa vazia","ANBIMA Data API (web-bff)"
"SERI11","8,7894","IPCA_SPREAD","B32 + 57 bps","IPCA + 6.7830%","2026-08-05","2042-04-15","1221,00","4,85","","","","2032-08-15","B32","8,1707","57","ok","","ANBIMA Data API (web-bff)"
"SIMH16","3,6587","DI_SPREAD","CDI + 3,66%","DI + 3.2000%","2026-08-05","2032-12-20","663,00","2,63","","","","","","","","ok","","ANBIMA Data API (web-bff)"
"SLFT13","2,0548","DI_SPREAD","CDI + 2,05%","DI + 2.5000%","2026-08-05","2029-12-20","391,00","1,55","","","","","","","","ok","","ANBIMA Data API (web-bff)"
"SMFT18","1,4344","DI_SPREAD","CDI + 1,43%","DI + 1.9500%","2026-08-05","2030-10-20","707,00","2,81","","","","","","","","ok","","ANBIMA Data API (web-bff)"
"SMFTA0","0,6571","DI_SPREAD","CDI + 0,66%","DI + 1.1000%","2026-08-05","2029-07-18","531,00","2,11","","","","","","","","ok","","ANBIMA Data API (web-bff)"
"SMFTA1","0,7313","DI_SPREAD","CDI + 0,73%","DI + 0.8900%","2026-08-05","2029-10-30","566,00","2,25","","","","","","","","ok","","ANBIMA Data API (web-bff)"
"SMFTA2","0,7096","DI_SPREAD","CDI + 0,71%","DI + 0.6500%","2026-08-05","2030-09-04","688,00","2,73","","","","","","","","ok","","ANBIMA Data API (web-bff)"
"SMFTA3","0,7376","DI_SPREAD","CDI + 0,74%","DI + 0.5800%","2026-08-05","2030-10-09","714,00","2,83","","","","","","","","ok","","ANBIMA Data API (web-bff)"
"SMFTB3","0,8928","DI_SPREAD","CDI + 0,89%","DI + 0.6800%","2026-08-05","2032-10-09","972,00","3,86","","","","","","","","ok","","ANBIMA Data API (web-bff)"
"SMFTC3","0,9821","DI_SPREAD","CDI + 0,98%","DI + 0.9500%","2026-08-05","2035-10-09","1199,00","4,76","","","","","","","","ok","","ANBIMA Data API (web-bff)"
"SMTO14","8,5395","IPCA_SPREAD","B32 + 34 bps","IPCA + 5.9741%","2026-08-05","2032-01-15","1170,00","4,64","","","","2032-08-15","B32","8,1707","34","ok","","ANBIMA Data API (web-bff)"
"SMTO15","8,2494","IPCA_SPREAD","B29 + 6 bps","IPCA + 7.4737%","2026-08-05","2030-12-15","734,00","2,91","","","","2029-05-15","B29","8,1841","6","ok","","ANBIMA Data API (web-bff)"
"SMTO24","8,5298","IPCA_SPREAD","B35 + 43 bps","IPCA + 6.1076%","2026-08-05","2037-01-15","1776,00","7,05","","","","2035-05-15","B35","8,0685","43","ok","","ANBIMA Data API (web-bff)"
"SNGO10","0,2949","DI_SPREAD","CDI + 0,29%","DI + 1.5500%","2026-08-05","2027-06-15","105,00","0,42","","","","","","","","ok","","ANBIMA Data API (web-bff)"
"SNGO19","0,2362","DI_SPREAD","CDI + 0,24%","DI + 1.9000%","2026-08-05","2026-08-11","4,00","0,02","","","","","","","","ok","","ANBIMA Data API (web-bff)"
"SNGOA1","0,4185","DI_SPREAD","CDI + 0,42%","DI + 2.2500%","2026-08-05","2028-08-23","238,00","0,94","","","","","","","","ok","","ANBIMA Data API (web-bff)"
"SNGOA2","0,5479","DI_SPREAD","CDI + 0,55%","DI + 0.8000%","2026-08-05","2029-07-15","325,00","1,29","","","","","","","","ok","","ANBIMA Data API (web-bff)"
"SNGOA3","0,5853","DI_SPREAD","CDI + 0,59%","DI + 0.6500%","2026-08-05","2030-04-15","471,00","1,87","","","","","","","","ok","","ANBIMA Data API (web-bff)"
"SPRZ11","7,7795","IPCA_SPREAD","B28 - 62 bps","IPCA + 6.7968%","2026-08-05","2030-09-15","428,00","1,70","","","","2028-08-15","B28","8,4500","-62","ok","","ANBIMA Data API (web-bff)"
"SRBS11","7,6445","IPCA_SPREAD","B37 - 21 bps","IPCA + 6.7092%","2026-08-05","2049-12-15","2056,00","8,16","","","","2037-05-15","B37","7,8741","-21","ok","","ANBIMA Data API (web-bff)"
"SRNA11","9,3092","IPCA_SPREAD","B33 + 105 bps","IPCA + 8.2427%","2026-08-05","2035-03-15","1397,00","5,54","","","","2033-05-15","B33","8,1696","105","ok","","ANBIMA Data API (web-bff)"
"SRTI11","8,3703","IPCA_SPREAD","B29 + 17 bps","IPCA + 7.0916%","2026-08-05","2032-12-15","753,00","2,99","","","","2029-05-15","B29","8,1841","17","ok","","ANBIMA Data API (web-bff)"
"STBP15","0,7538","DI_SPREAD","CDI + 0,75%","DI + 0.5500%","2026-08-05","2029-08-15","602,00","2,39","","","","","","","","ok","","ANBIMA Data API (web-bff)"
"STBP25","0,7205","DI_SPREAD","CDI + 0,72%","DI + 0.7000%","2026-08-05","2031-08-15","814,00","3,23","","","","","","","","ok","","ANBIMA Data API (web-bff)"
"STBP35","7,7453","IPCA_SPREAD","B33 - 39 bps","IPCA + 6.3936%","2026-08-05","2034-08-15","1390,00","5,52","","","","2033-05-15","B33","8,1696","-39","ok","","ANBIMA Data API (web-bff)"
"STBP45","7,7241","IPCA_SPREAD","B37 - 14 bps","IPCA + 6.5408%","2026-08-05","2039-08-15","2029,00","8,05","","","","2037-05-15","B37","7,8741","-14","ok","","ANBIMA Data API (web-bff)"
"STRZ11","8,2506","IPCA_SPREAD","B33 + 7 bps","IPCA + 6.9343%","2026-08-05","2039-03-15","1316,00","5,22","","","","2033-05-15","B33","8,1696","7","ok","","ANBIMA Data API (web-bff)"
"SUMI17","13,9932","IPCA_SPREAD","B30 + 533 bps","IPCA + 7.7490%","2026-08-05","2031-07-15","934,00","3,71","","","","2030-08-15","B30","8,2202","533","ok","","ANBIMA Data API (web-bff)"
"SUMI18","14,7740","IPCA_SPREAD","B30 + 606 bps","IPCA + 8.5214%","2026-08-05","2031-10-15","939,00","3,73","","","","2030-08-15","B30","8,2202","606","ok","","ANBIMA Data API (web-bff)"
"SUMI19","14,0183","IPCA_SPREAD","B31 + 541 bps","IPCA + 9.4735%","2026-08-05","2032-04-15","1001,00","3,97","","","","2031-05-15","B31","8,1651","541","ok","","ANBIMA Data API (web-bff)"
"SUMI37","14,7442","IPCA_SPREAD","B32 + 608 bps","IPCA + 8.0993%","2026-08-05","2034-07-15","1282,00","5,09","","","","2032-08-15","B32","8,1707","608","ok","","ANBIMA Data API (web-bff)"
"SUMI39","3,7248","DI_SPREAD","CDI + 3,72%","DI + 2.0000%","2026-08-05","2031-04-15","516,00","2,05","","","","","","","","ok","","ANBIMA Data API (web-bff)"
"SUZB19","7,4657","IPCA_SPREAD","B30 - 70 bps","IPCA + 6.0188%","2026-08-05","2030-06-15","866,00","3,44","","","","2030-08-15","B30","8,2202","-70","ok","","ANBIMA Data API (web-bff)"
"SUZB29","7,5168","IPCA_SPREAD","B33 - 60 bps","IPCA + 6.2477%","2026-08-05","2033-06-15","1404,00","5,57","","","","2033-05-15","B33","8,1696","-60","ok","","ANBIMA Data API (web-bff)"
"SUZBA0","7,3543","IPCA_SPREAD","B37 - 48 bps","IPCA + 6.1889%","2026-08-05","2038-09-15","1972,00","7,83","","","","2037-05-15","B37","7,8741","-48","ok","","ANBIMA Data API (web-bff)"
"SUZBA1","0,4526","DI_SPREAD","CDI + 0,45%","DI + 0.8000%","2026-08-05","2032-05-15","940,00","3,73","","","","","","","","ok","","ANBIMA Data API (web-bff)"
"SUZBB1","0,5002","DI_SPREAD","CDI + 0,50%","DI + 1.0000%","2026-08-05","2034-05-15","1149,00","4,56","","","","","","","","ok","","ANBIMA Data API (web-bff)"
"SUZBC1","7,5827","IPCA_SPREAD","B35 - 45 bps","IPCA + 6.1100%","2026-08-05","2036-05-15","1757,00","6,97","","","","2035-05-15","B35","8,0685","-45","ok","","ANBIMA Data API (web-bff)"
"SVEA14","1,8873","DI_SPREAD","CDI + 1,89%","DI + 3.1000%","2026-08-05","2029-04-12","309,00","1,23","","","","","","","","ok","","ANBIMA Data API (web-bff)"
"SVEA15","1,8521","DI_SPREAD","CDI + 1,85%","DI + 2.1000%","2026-08-05","2032-06-06","636,00","2,52","","","","","","","","ok","","ANBIMA Data API (web-bff)"
"SVEA16","2,2767","DI_SPREAD","CDI + 2,28%","DI + 2.5000%","2026-08-05","2035-11-12","1035,00","4,11","","","","","","","","ok","","ANBIMA Data API (web-bff)"
"TAEE17","7,6867","IPCA_SPREAD","B35 - 35 bps","IPCA + 4.5000%","2026-08-05","2044-09-15","1717,00","6,81","","","","2035-05-15","B35","8,0685","-35","ok","","ANBIMA Data API (web-bff)"
"TAEE18","7,6666","IPCA_SPREAD","B32 - 47 bps","IPCA + 4.7742%","2026-08-05","2039-12-15","1309,00","5,19","","","","2032-08-15","B32","8,1707","-47","ok","","ANBIMA Data API (web-bff)"
"TAEE26","7,4903","IPCA_SPREAD","B37 - 36 bps","IPCA + 5.5000%","2026-08-05","2044-05-15","2017,00","8,00","","","","2037-05-15","B37","7,8741","-36","ok","","ANBIMA Data API (web-bff)"
"TAEEA1","0,4907","DI_SPREAD","CDI + 0,49%","DI + 1.7000%","2026-08-05","2028-05-15","393,00","1,56","","","","","","","","ok","","ANBIMA Data API (web-bff)"
"TAEEA2","7,7003","IPCA_SPREAD","B35 - 34 bps","IPCA + 4.7605%","2026-08-05","2036-05-15","1752,00","6,95","","","","2035-05-15","B35","8,0685","-34","ok","","ANBIMA Data API (web-bff)"
"TAEEA4","7,6825","IPCA_SPREAD","B33 - 45 bps","IPCA + 5.8741%","2026-08-05","2033-09-15","1434,00","5,69","","","","2033-05-15","B33","8,1696","-45","ok","","ANBIMA Data API (web-bff)"
"TAEEA5","0,4187","DI_SPREAD","CDI + 0,42%","DI + 0.6300%","2026-08-05","2029-03-15","538,00","2,13","","","","","","","","ok","","ANBIMA Data API (web-bff)"
"TAEEA6","0,4193","DI_SPREAD","CDI + 0,42%","DI + 0.5500%","2026-08-05","2031-09-15","838,00","3,33","","","","","","","","ok","","ANBIMA Data API (web-bff)"
"TAEEA7","7,5198","IPCA_SPREAD","B37 - 33 bps","IPCA + 7.1690%","2026-08-05","2040-01-15","1943,00","7,71","","","","2037-05-15","B37","7,8741","-33","ok","","ANBIMA Data API (web-bff)"
"TAEEA8","7,6352","IPCA_SPREAD","B31 - 49 bps","IPCA + 7.1499%","2026-08-05","2032-07-15","1128,00","4,48","","","","2031-05-15","B31","8,1651","-49","ok","","ANBIMA Data API (web-bff)"
"TAEEA9","0,5089","DI_SPREAD","CDI + 0,51%","DI + 0.6000%","2026-08-05","2032-10-23","987,00","3,92","","","","","","","","ok","","ANBIMA Data API (web-bff)"
"TAEEB0","7,4187","IPCA_SPREAD","B50 - 18 bps","IPCA + 6.4712%","2026-08-05","2040-12-15","3012,00","11,95","","","","2050-08-15","B50","7,6139","-18","ok","","ANBIMA Data API (web-bff)"
"TAEEB2","7,5982","IPCA_SPREAD","B29 - 54 bps","IPCA + 5.6000%","2026-08-05","2029-04-15","622,00","2,47","","","","2029-05-15","B29","8,1841","-54","ok","","ANBIMA Data API (web-bff)"
"TAEEB4","7,7062","IPCA_SPREAD","B35 - 34 bps","IPCA + 6.0653%","2026-08-05","2035-09-15","1719,00","6,82","","","","2035-05-15","B35","8,0685","-34","ok","","ANBIMA Data API (web-bff)"
"TAEEB8","7,6541","IPCA_SPREAD","B33 - 48 bps","IPCA + 7.0564%","2026-08-05","2035-07-15","1502,00","5,96","","","","2033-05-15","B33","8,1696","-48","ok","","ANBIMA Data API (web-bff)"
"TAEEC1","0,2956","DI_SPREAD","CDI + 0,30%","DI + 1.3600%","2026-08-05","2027-01-15","111,00","0,44","","","","","","","","ok","","ANBIMA Data API (web-bff)"
"TAEEC2","7,6224","IPCA_SPREAD","B31 - 50 bps","IPCA + 5.7500%","2026-08-05","2032-04-15","1017,00","4,04","","","","2031-05-15","B31","8,1651","-50","ok","","ANBIMA Data API (web-bff)"
"TAEEC4","7,5408","IPCA_SPREAD","B37 - 31 bps","IPCA + 6.2709%","2026-08-05","2038-09-15","1961,00","7,78","","","","2037-05-15","B37","7,8741","-31","ok","","ANBIMA Data API (web-bff)"
"TAEED2","7,6656","IPCA_SPREAD","B35 - 37 bps","IPCA + 5.8500%","2026-08-05","2037-04-15","1814,00","7,20","","","","2035-05-15","B35","8,0685","-37","ok","","ANBIMA Data API (web-bff)"
"TAEEE1","0,4397","DI_SPREAD","CDI + 0,44%","DI + 0.5100%","2026-08-05","2033-03-15","1021,00","4,05","","","","","","","","ok","","ANBIMA Data API (web-bff)"
"TBEG11","9,0958","IPCA_SPREAD","B31 + 86 bps","IPCA + 5.3231%","2026-08-05","2035-07-15","1065,00","4,23","","","","2031-05-15","B31","8,1651","86","ok","","ANBIMA Data API (web-bff)"
"TBSP12","0,4863","DI_SPREAD","CDI + 0,49%","DI + 0.7000%","2026-08-05","2030-07-23","695,00","2,76","","","","","","","","ok","","ANBIMA Data API (web-bff)"
"TBSP22","0,5827","DI_SPREAD","CDI + 0,58%","DI + 0.8500%","2026-08-05","2032-07-23","969,00","3,85","","","","","","","","ok","","ANBIMA Data API (web-bff)"
"TCII11","8,2032","IPCA_SPREAD","B33 + 3 bps","IPCA + 6.0594%","2026-08-05","2041-09-15","1523,00","6,04","","","","2033-05-15","B33","8,1696","3","ok","","ANBIMA Data API (web-bff)"
"TEPA11","18,6610","IPCA_SPREAD","B28 + 942 bps","IPCA + 9.6888%","2026-08-05","2030-03-15","436,00","1,73","","","","2028-08-15","B28","8,4500","942","ok","","ANBIMA Data API (web-bff)"
"TEPA12","17,3152","IPCA_SPREAD","B29 + 844 bps","IPCA + 10.0924%","2026-08-05","2031-07-15","610,00","2,42","","","","2029-05-15","B29","8,1841","844","ok","","ANBIMA Data API (web-bff)"
"TEPA13","15,4172","IPCA_SPREAD","B30 + 665 bps","IPCA + 11.5593%","2026-08-05","2032-03-15","784,00","3,11","","","","2030-08-15","B30","8,2202","665","ok","","ANBIMA Data API (web-bff)"
"TEPA14","4,1500","DI_SPREAD","CDI + 4,15%","DI + 3.3500%","2026-08-05","2030-12-04","549,00","2,18","","","","","","","","ok","","ANBIMA Data API (web-bff)"
"TEPA23","18,7078","PREFIXADO","18,71%","Pré-Fixado 18.5067%","2026-08-05","2032-03-15","812,00","3,22","","3,8000","spread = (1 + Y)/(1 + L) - 1; Y = pre 18,71%; L = TaxaLTN_252 venc ref 2032-01-01 = 14,36%","","","","","ok","","ANBIMA Data API (web-bff)"
"TFLE19","1,0324","DI_SPREAD","CDI + 1,03%","DI + 1.3000%","2026-08-05","2030-05-28","741,00","2,94","","","","","","","","ok","","ANBIMA Data API (web-bff)"
"TFLEA3","1,3325","DI_SPREAD","CDI + 1,33%","DI + 1.8500%","2026-08-05","2028-12-20","511,00","2,03","","","","","","","","ok","","ANBIMA Data API (web-bff)"
"TFLEA4","1,4159","DI_SPREAD","CDI + 1,42%","DI + 1.8500%","2026-08-05","2029-01-26","536,00","2,13","","","","","","","","ok","","ANBIMA Data API (web-bff)"
"TFLEA6","1,0502","DI_SPREAD","CDI + 1,05%","DI + 1.4500%","2026-08-05","2031-12-11","815,00","3,23","","","","","","","","ok","","ANBIMA Data API (web-bff)"
"TFLEA7","0,9804","DI_SPREAD","CDI + 0,98%","DI + 1.4000%","2026-08-05","2031-02-10","661,00","2,62","","","","","","","","ok","","ANBIMA Data API (web-bff)"
"TFLEA8","1,0196","DI_SPREAD","CDI + 1,02%","DI + 1.2000%","2026-08-05","2030-06-20","758,00","3,01","","","","","","","","ok","","ANBIMA Data API (web-bff)"
"TFLEA9","1,0985","DI_SPREAD","CDI + 1,10%","DI + 1.2400%","2026-08-05","2032-09-09","904,00","3,59","","","","","","","","ok","","ANBIMA Data API (web-bff)"
"TFLEB5","1,0246","DI_SPREAD","CDI + 1,02%","DI + 1.5000%","2026-08-05","2030-11-04","621,00","2,46","","","","","","","","ok","","ANBIMA Data API (web-bff)"
"TFLEC0","1,0222","DI_SPREAD","CDI + 1,02%","DI + 0.9100%","2026-08-05","2030-09-18","695,00","2,76","","","","","","","","ok","","ANBIMA Data API (web-bff)"
"TFLED0","1,1275","DI_SPREAD","CDI + 1,13%","DI + 1.1500%","2026-08-05","2032-09-18","948,00","3,76","","","","","","","","ok","","ANBIMA Data API (web-bff)"
"TIET18","8,2427","IPCA_SPREAD","B28 - 19 bps","IPCA + 6.0215%","2026-08-05","2030-05-15","528,00","2,10","","","","2028-08-15","B28","8,4500","-19","ok","","ANBIMA Data API (web-bff)"
"TIET19","0,5973","DI_SPREAD","CDI + 0,60%","DI + 1.0000%","2026-08-05","2027-03-15","147,00","0,58","","","","","","","","ok","","ANBIMA Data API (web-bff)"
"TIET29","8,2253","IPCA_SPREAD","B28 - 21 bps","IPCA + 4.7133%","2026-08-05","2029-03-15","375,00","1,49","","","","2028-08-15","B28","8,4500","-21","ok","","ANBIMA Data API (web-bff)"
"TIET39","8,2158","IPCA_SPREAD","B28 - 22 bps","IPCA + 4.7133%","2026-08-05","2029-03-15","381,00","1,51","","","","2028-08-15","B28","8,4500","-22","ok","","ANBIMA Data API (web-bff)"
"TIGR12","1,5499","DI_SPREAD","CDI + 1,55%","DI + 0.6000%","2026-08-05","2029-10-24","647,00","2,57","","","","","","","","ok","","ANBIMA Data API (web-bff)"
"TIGR21","1,5677","DI_SPREAD","CDI + 1,57%","DI + 1.7000%","2026-08-05","2028-11-10","387,00","1,54","","","","","","","","ok","","ANBIMA Data API (web-bff)"
"TIMS12","7,5041","IPCA_SPREAD","B27 - 51 bps","IPCA + 3.9182%","2026-08-05","2028-06-15","329,00","1,31","","","","2027-05-15","B27","8,0541","-51","ok","","ANBIMA Data API (web-bff)"
"TLPP27","0,8477","DI_SPREAD","CDI + 0,85%","DI + 1.3500%","2026-08-05","2027-07-12","223,00","0,88","","","","","","","","ok","","ANBIMA Data API (web-bff)"
"TNHL11","8,1478","IPCA_SPREAD","B33 - 2 bps","IPCA + 6.5865%","2026-08-05","2041-09-15","1495,00","5,93","","","","2033-05-15","B33","8,1696","-2","ok","","ANBIMA Data API (web-bff)"
"TOTS15","0,7492","DI_SPREAD","CDI + 0,75%","DI + 0.9500%","2026-08-05","2031-07-19","692,00","2,75","","","","","","","","ok","","ANBIMA Data API (web-bff)"
"TPEN11","7,9222","IPCA_SPREAD","B28 - 49 bps","IPCA + 6.5333%","2026-08-05","2028-09-15","407,00","1,62","","","","2028-08-15","B28","8,4500","-49","ok","","ANBIMA Data API (web-bff)"
"TPNO12","8,0396","IPCA_SPREAD","B28 - 38 bps","IPCA + 7.5826%","2026-08-05","2029-06-15","381,00","1,51","","","","2028-08-15","B28","8,4500","-38","ok","","ANBIMA Data API (web-bff)"
"TPNO13","7,6141","IPCA_SPREAD","B35 - 42 bps","IPCA + 4.9335%","2026-08-05","2038-12-15","1684,00","6,68","","","","2035-05-15","B35","8,0685","-42","ok","","ANBIMA Data API (web-bff)"
"TRCC11","7,9815","IPCA_SPREAD","B28 - 43 bps","IPCA + 6.5333%","2026-08-05","2028-09-15","407,00","1,62","","","","2028-08-15","B28","8,4500","-43","ok","","ANBIMA Data API (web-bff)"
"TRES11","1,6455","DI_SPREAD","CDI + 1,65%","DI + 2.1000%","2026-08-05","2029-04-05","542,00","2,15","","","","","","","","ok","","ANBIMA Data API (web-bff)"
"TRGO11","8,2955","IPCA_SPREAD","B29 + 10 bps","IPCA + 7.0176%","2026-08-05","2031-12-15","663,00","2,63","","","","2029-05-15","B29","8,1841","10","ok","","ANBIMA Data API (web-bff)"
"TRGP13","7,5606","IPCA_SPREAD","B37 - 29 bps","IPCA + 6.9928%","2026-08-05","2038-01-15","1956,00","7,76","","","","2037-05-15","B37","7,8741","-29","ok","","ANBIMA Data API (web-bff)"
"TRPLA3","0,9830","DI_SPREAD","CDI + 0,98%","DI + 1.5000%","2026-08-05","2030-03-15","689,00","2,73","","","","","","","","ok","","ANBIMA Data API (web-bff)"
"TRPLA4","7,8099","IPCA_SPREAD","B33 - 33 bps","IPCA + 6.2607%","2026-08-05","2033-10-15","1358,00","5,39","","","","2033-05-15","B33","8,1696","-33","ok","","ANBIMA Data API (web-bff)"
"TRPLA5","0,5372","DI_SPREAD","CDI + 0,54%","DI + 0.7300%","2026-08-05","2029-03-15","537,00","2,13","","","","","","","","ok","","ANBIMA Data API (web-bff)"
"TRPLA6","0,6952","DI_SPREAD","CDI + 0,70%","DI + 0.8000%","2026-08-05","2031-05-20","810,00","3,21","","","","","","","","ok","","ANBIMA Data API (web-bff)"
"TRPLA7","7,5411","IPCA_SPREAD","B40 - 22 bps","IPCA + 6.7119%","2026-08-05","2036-10-15","2363,00","9,38","","","","2040-08-15","B40","7,7819","-22","ok","","ANBIMA Data API (web-bff)"
"TRPLB4","7,5313","IPCA_SPREAD","B37 - 32 bps","IPCA + 6.4364%","2026-08-05","2038-10-15","1972,00","7,83","","","","2037-05-15","B37","7,8741","-32","ok","","ANBIMA Data API (web-bff)"
"TRPLB5","0,6934","DI_SPREAD","CDI + 0,69%","DI + 0.8000%","2026-08-05","2031-03-17","765,00","3,04","","","","","","","","ok","","ANBIMA Data API (web-bff)"
"TRPLB7","7,6017","IPCA_SPREAD","B37 - 25 bps","IPCA + 6.6052%","2026-08-05","2039-10-15","2071,00","8,22","","","","2037-05-15","B37","7,8741","-25","ok","","ANBIMA Data API (web-bff)"
"TRRG12","7,9035","IPCA_SPREAD","B31 - 24 bps","IPCA + 7.4367%","2026-08-05","2033-01-15","1046,00","4,15","","","","2031-05-15","B31","8,1651","-24","ok","","ANBIMA Data API (web-bff)"
"TSSG13","0,5310","DI_SPREAD","CDI + 0,53%","DI + 0.9800%","2026-08-05","2029-06-20","603,00","2,39","","","","","","","","ok","","ANBIMA Data API (web-bff)"
"TSSG14","0,4281","DI_SPREAD","CDI + 0,43%","DI + 0.6700%","2026-08-05","2030-05-20","538,00","2,13","","","","","","","","ok","","ANBIMA Data API (web-bff)"
"TSSG21","7,6765","IPCA_SPREAD","B33 - 46 bps","IPCA + 5.9851%","2026-08-05","2033-12-15","1323,00","5,25","","","","2033-05-15","B33","8,1696","-46","ok","","ANBIMA Data API (web-bff)"
"TUPW11","5,7872","DI_SPREAD","CDI + 5,79%","DI + 2.9000%","2026-08-05","2034-10-15","766,00","3,04","","","","","","","","ok","","ANBIMA Data API (web-bff)"
"TUPW21","11,3375","IPCA_SPREAD","B32 + 293 bps","IPCA + 8.2194%","2026-08-05","2036-10-15","1190,00","4,72","","","","2032-08-15","B32","8,1707","293","ok","","ANBIMA Data API (web-bff)"
"TUPY15","3,1714","DI_SPREAD","CDI + 3,17%","DI + 0.8700%","2026-08-05","2029-07-17","618,00","2,45","","","","","","","","ok","","ANBIMA Data API (web-bff)"
"TUPY25","4,0231","DI_SPREAD","CDI + 4,02%","DI + 1.0000%","2026-08-05","2031-07-17","832,00","3,30","","","","","","","","ok","","ANBIMA Data API (web-bff)"
"TUPY35","3,7370","DI_SPREAD","CDI + 3,74%","DI + 1.1800%","2026-08-05","2034-07-17","1093,00","4,34","","","","","","","","ok","","ANBIMA Data API (web-bff)"
"TVVH11","8,4220","IPCA_SPREAD","B30 + 19 bps","IPCA + 6.8596%","2026-08-05","2033-11-15","787,00","3,12","","","","2030-08-15","B30","8,2202","19","ok","","ANBIMA Data API (web-bff)"
"UHSM12","7,6422","IPCA_SPREAD","B35 - 39 bps","IPCA + 5.8198%","2026-08-05","2036-10-15","1675,00","6,65","","","","2035-05-15","B35","8,0685","-39","ok","","ANBIMA Data API (web-bff)"
"ULFT14","8,0056","IPCA_SPREAD","B35 - 6 bps","IPCA + 6.6729%","2026-08-05","2035-10-15","1564,00","6,21","","","","2035-05-15","B35","8,0685","-6","ok","","ANBIMA Data API (web-bff)"
"UNDAC3","108,0244","DI_PERCENTUAL","CDI + 1,00%","112.0000% DI","2026-08-05","2029-04-10","460,00","1,83","108,0244","0,9959","spread = (1 + (%CDI/100)*L)/(1 + L) - 1; L = TaxaLTN_252 venc ref 2029-07-01 = 14,17%","","","","","ok","","ANBIMA Data API (web-bff)"
"UNEG11","8,7576","IPCA_SPREAD","B35 + 64 bps","IPCA + 5.9200%","2026-08-05","2039-07-15","1669,00","6,62","","","","2035-05-15","B35","8,0685","64","ok","","ANBIMA Data API (web-bff)"
"UNIP18","1,4824","DI_SPREAD","CDI + 1,48%","DI + 2.0500%","2026-08-05","2030-10-16","704,00","2,79","","","","","","","","ok","","ANBIMA Data API (web-bff)"
"UNIP19","1,3847","DI_SPREAD","CDI + 1,38%","DI + 0.8500%","2026-08-05","2029-09-05","612,00","2,43","","","","","","","","ok","","ANBIMA Data API (web-bff)"
"UNIP29","1,5130","DI_SPREAD","CDI + 1,51%","DI + 1.2000%","2026-08-05","2031-09-05","817,00","3,24","","","","","","","","ok","","ANBIMA Data API (web-bff)"
"UNIP39","1,5982","DI_SPREAD","CDI + 1,60%","DI + 1.6500%","2026-08-05","2034-09-05","1069,00","4,24","","","","","","","","ok","","ANBIMA Data API (web-bff)"
"UNIPA0","1,5644","DI_SPREAD","CDI + 1,56%","DI + 1.0000%","2026-08-05","2032-07-18","973,00","3,86","","","","","","","","ok","","ANBIMA Data API (web-bff)"
"UNIPB0","1,5491","DI_SPREAD","CDI + 1,55%","DI + 1.3500%","2026-08-05","2035-07-18","1209,00","4,80","","","","","","","","ok","","ANBIMA Data API (web-bff)"
"UNIPC0","1,4674","DI_SPREAD","CDI + 1,47%","DI + 1.1500%","2026-08-05","2032-07-18","1007,00","4,00","","","","","","","","ok","","ANBIMA Data API (web-bff)"
"UNTE11","8,8632","IPCA_SPREAD","B27 + 75 bps","IPCA + 5.3418%","2026-08-05","2028-03-15","263,00","1,04","","","","2027-05-15","B27","8,0541","75","ok","","ANBIMA Data API (web-bff)"
"UQFN14","0,9000","DI_SPREAD","CDI + 0,90%","DI + 1.9000%","2026-08-05","2026-10-15","49,00","0,19","","","","","","","","ok","","ANBIMA Data API (web-bff)"
"UQFN15","2,1857","DI_SPREAD","CDI + 2,19%","DI + 1.3000%","2026-08-05","2031-06-13","740,00","2,94","","","","","","","","ok","","ANBIMA Data API (web-bff)"
"USAS11","8,9041","IPCA_SPREAD","B27 + 79 bps","IPCA + 6.8884%","2026-08-05","2028-02-15","252,00","1,00","","","","2027-05-15","B27","8,0541","79","ok","","ANBIMA Data API (web-bff)"
"USAS12","9,0828","IPCA_SPREAD","B30 + 80 bps","IPCA + 8.0857%","2026-08-05","2032-09-15","946,00","3,75","","","","2030-08-15","B30","8,2202","80","ok","","ANBIMA Data API (web-bff)"
"USAS22","9,2195","IPCA_SPREAD","B33 + 97 bps","IPCA + 8.1432%","2026-08-05","2035-09-15","1325,00","5,26","","","","2033-05-15","B33","8,1696","97","ok","","ANBIMA Data API (web-bff)"
"USIM28","1,3619","DI_SPREAD","CDI + 1,36%","DI + 1.7000%","2026-08-05","2029-05-23","488,00","1,94","","","","","","","","ok","","ANBIMA Data API (web-bff)"
"USIM29","1,3710","DI_SPREAD","CDI + 1,37%","DI + 1.6500%","2026-08-05","2029-12-09","588,00","2,33","","","","","","","","ok","","ANBIMA Data API (web-bff)"
"USIM39","1,5367","DI_SPREAD","CDI + 1,54%","DI + 1.9500%","2026-08-05","2032-12-09","930,00","3,69","","","","","","","","ok","","ANBIMA Data API (web-bff)"
"USIMA0","1,2959","DI_SPREAD","CDI + 1,30%","DI + 1.3500%","2026-08-05","2029-09-19","618,00","2,45","","","","","","","","ok","","ANBIMA Data API (web-bff)"
"USIMB0","1,4340","DI_SPREAD","CDI + 1,43%","DI + 1.5000%","2026-08-05","2031-09-19","824,00","3,27","","","","","","","","ok","","ANBIMA Data API (web-bff)"
"USNA13","9,6558","IPCA_SPREAD","B31 + 138 bps","IPCA + 9.0161%","2026-08-05","2033-07-15","1008,00","4,00","","","","2031-05-15","B31","8,1651","138","ok","","ANBIMA Data API (web-bff)"
"UTPS11","9,0289","IPCA_SPREAD","B27 + 90 bps","IPCA + 6.2500%","2026-08-05","2028-04-15","274,00","1,09","","","","2027-05-15","B27","8,0541","90","ok","","ANBIMA Data API (web-bff)"
"UTPS12","9,0255","IPCA_SPREAD","B27 + 90 bps","IPCA + 4.5000%","2026-08-05","2028-04-15","276,00","1,10","","","","2027-05-15","B27","8,0541","90","ok","","ANBIMA Data API (web-bff)"
"UTPS21","9,1401","IPCA_SPREAD","B32 + 90 bps","IPCA + 7.5000%","2026-08-05","2036-10-15","1279,00","5,08","","","","2032-08-15","B32","8,1707","90","ok","","ANBIMA Data API (web-bff)"
"UTPS22","9,0391","IPCA_SPREAD","B33 + 80 bps","IPCA + 5.7500%","2026-08-05","2036-10-15","1326,00","5,26","","","","2033-05-15","B33","8,1696","80","ok","","ANBIMA Data API (web-bff)"
"VALE48","7,4221","IPCA_SPREAD","B28 - 95 bps","IPCA + 6.7800%","2026-08-05","2029-01-15","339,00","1,35","","","","2028-08-15","B28","8,4500","-95","ok","","ANBIMA Data API (web-bff)"
"VALEA0","7,1813","IPCA_SPREAD","B35 - 82 bps","IPCA + 6.3837%","2026-08-05","2034-10-15","1594,00","6,33","","","","2035-05-15","B35","8,0685","-82","ok","","ANBIMA Data API (web-bff)"
"VALEB0","7,0576","IPCA_SPREAD","B37 - 76 bps","IPCA + 6.4368%","2026-08-05","2036-10-15","1868,00","7,41","","","","2037-05-15","B37","7,8741","-76","ok","","ANBIMA Data API (web-bff)"
"VALEB1","7,2139","IPCA_SPREAD","B32 - 88 bps","IPCA + 6.8881%","2026-08-05","2032-05-15","1201,00","4,77","","","","2032-08-15","B32","8,1707","-88","ok","","ANBIMA Data API (web-bff)"
"VALEC0","7,1887","IPCA_SPREAD","B40 - 55 bps","IPCA + 6.4203%","2026-08-05","2039-10-15","2212,00","8,78","","","","2040-08-15","B40","7,7819","-55","ok","","ANBIMA Data API (web-bff)"
"VALEC1","7,2038","IPCA_SPREAD","B35 - 80 bps","IPCA + 6.7624%","2026-08-05","2035-05-15","1667,00","6,62","","","","2035-05-15","B35","8,0685","-80","ok","","ANBIMA Data API (web-bff)"
"VALED1","7,1074","IPCA_SPREAD","B37 - 71 bps","IPCA + 6.7946%","2026-08-05","2037-05-15","1929,00","7,65","","","","2037-05-15","B37","7,8741","-71","ok","","ANBIMA Data API (web-bff)"
"VAMO13","2,7014","DI_SPREAD","CDI + 2,70%","DI + 2.3000%","2026-08-05","2029-06-15","401,00","1,59","","","","","","","","ok","","ANBIMA Data API (web-bff)"
"VAMO14","3,6673","DI_SPREAD","CDI + 3,67%","DI + 2.4000%","2026-08-05","2028-10-15","259,00","1,03","","","","","","","","ok","","ANBIMA Data API (web-bff)"
"VAMO17","3,8613","DI_SPREAD","CDI + 3,86%","DI + 2.1700%","2026-08-05","2028-06-15","412,00","1,63","","","","","","","","ok","","ANBIMA Data API (web-bff)"
"VAMO22","2,8491","DI_SPREAD","CDI + 2,85%","DI + 2.0000%","2026-08-05","2026-08-20","11,00","0,04","","","","","","","","ok","","ANBIMA Data API (web-bff)"
"VAMO23","3,4561","DI_SPREAD","CDI + 3,46%","DI + 2.7500%","2026-08-05","2031-06-15","725,00","2,88","","","","","","","","ok","","ANBIMA Data API (web-bff)"
"VAMO24","3,9811","DI_SPREAD","CDI + 3,98%","DI + 2.8000%","2026-08-05","2031-10-15","747,00","2,96","","","","","","","","ok","","ANBIMA Data API (web-bff)"
"VAMO33","14,4624","IPCA_SPREAD","B30 + 577 bps","IPCA + 6.3605%","2026-08-05","2031-06-15","834,00","3,31","","","","2030-08-15","B30","8,2202","577","ok","","ANBIMA Data API (web-bff)"
"VAMO34","14,2280","IPCA_SPREAD","B30 + 555 bps","IPCA + 7.6897%","2026-08-05","2031-10-15","866,00","3,44","","","","2030-08-15","B30","8,2202","555","ok","","ANBIMA Data API (web-bff)"
"VAMOA0","3,8732","DI_SPREAD","CDI + 3,87%","DI + 2.3500%","2026-08-05","2029-02-21","420,00","1,67","","","","","","","","ok","","ANBIMA Data API (web-bff)"
"VAMOA1","3,4008","DI_SPREAD","CDI + 3,40%","DI + 2.3500%","2026-08-05","2029-06-25","506,00","2,01","","","","","","","","ok","","ANBIMA Data API (web-bff)"
"VBBR15","0,9740","DI_SPREAD","CDI + 0,97%","DI + 1.5000%","2026-08-05","2029-10-03","545,00","2,16","","","","","","","","ok","","ANBIMA Data API (web-bff)"
"VBBR16","0,7987","DI_SPREAD","CDI + 0,80%","DI + 1.0700%","2026-08-05","2031-04-05","777,00","3,08","","","","","","","","ok","","ANBIMA Data API (web-bff)"
"VBBR17","0,7691","DI_SPREAD","CDI + 0,77%","DI + 1.1800%","2026-08-05","2031-06-14","824,00","3,27","","","","","","","","ok","","ANBIMA Data API (web-bff)"
"VBBR18","0,7882","DI_SPREAD","CDI + 0,79%","DI + 1.0500%","2026-08-05","2032-01-08","838,00","3,33","","","","","","","","ok","","ANBIMA Data API (web-bff)"
"VBBR24","1,0571","DI_SPREAD","CDI + 1,06%","DI + 1.7500%","2026-08-05","2031-11-16","768,00","3,05","","","","","","","","ok","","ANBIMA Data API (web-bff)"
"VBBR26","1,0224","DI_SPREAD","CDI + 1,02%","DI + 1.2500%","2026-08-05","2034-04-05","1060,00","4,21","","","","","","","","ok","","ANBIMA Data API (web-bff)"
"VBBRA0","8,2909","IPCA_SPREAD","B33 + 11 bps","IPCA + 7.3800%","2026-08-05","2036-03-15","1439,00","5,71","","","","2033-05-15","B33","8,1696","11","ok","","ANBIMA Data API (web-bff)"
"VBRR11","11,0071","IPCA_SPREAD","B29 + 261 bps","IPCA + 8.5914%","2026-08-05","2030-12-15","625,00","2,48","","","","2029-05-15","B29","8,1841","261","ok","","ANBIMA Data API (web-bff)"
"VDBF12","8,4446","IPCA_SPREAD","B30 + 21 bps","IPCA + 3.8708%","2026-08-05","2033-04-15","872,00","3,46","","","","2030-08-15","B30","8,2202","21","ok","","ANBIMA Data API (web-bff)"
"VEBMA6","1,2484","DI_SPREAD","CDI + 1,25%","DI + 1.4800%","2026-08-05","2030-12-20","827,00","3,28","","","","","","","","ok","","ANBIMA Data API (web-bff)"
"VEBMA8","0,5785","DI_SPREAD","CDI + 0,58%","DI + 0.6700%","2026-08-05","2032-04-16","982,00","3,90","","","","","","","","ok","","ANBIMA Data API (web-bff)"
"VEBMA9","0,6026","DI_SPREAD","CDI + 0,60%","DI + 0.6000%","2026-08-05","2033-01-25","1070,00","4,25","","","","","","","","ok","","ANBIMA Data API (web-bff)"
"VERO12","","IPCA_SPREAD","—","IPCA + 9.3400%","2026-08-05","2030-03-17","","","","","","","","","","sem_taxa","Taxa indicativa vazia","ANBIMA Data API (web-bff)"
"VERO13","","IPCA_SPREAD","—","IPCA + 8.4041%","2026-08-05","2031-03-15","","","","","","","","","","sem_taxa","Taxa indicativa vazia","ANBIMA Data API (web-bff)"
"VERO14","","DI_SPREAD","—","DI + 1.7500%","2026-08-05","2029-10-15","","","","","","","","","","sem_taxa","Taxa indicativa vazia","ANBIMA Data API (web-bff)"
"VERO24","","IPCA_SPREAD","—","IPCA + 8.3524%","2026-08-05","2031-10-15","","","","","","","","","","sem_taxa","Taxa indicativa vazia","ANBIMA Data API (web-bff)"
"VERO25","","IPCA_SPREAD","—","IPCA + 9.2618%","2026-08-05","2032-07-15","","","","","","","","","","sem_taxa","Taxa indicativa vazia","ANBIMA Data API (web-bff)"
"VERO35","","IPCA_SPREAD","—","IPCA + 9.2707%","2026-08-05","2035-07-15","","","","","","","","","","sem_taxa","Taxa indicativa vazia","ANBIMA Data API (web-bff)"
"VERO44","","IPCA_SPREAD","—","IPCA + 8.7014%","2026-08-05","2034-10-15","","","","","","","","","","sem_taxa","Taxa indicativa vazia","ANBIMA Data API (web-bff)"
"VIALA5","7,8640","IPCA_SPREAD","B30 - 33 bps","IPCA + 7.2300%","2026-08-05","2030-04-15","921,00","3,65","","","","2030-08-15","B30","8,2202","-33","ok","","ANBIMA Data API (web-bff)"
"VIVA11","0,6960","DI_SPREAD","CDI + 0,70%","DI + 0.7000%","2026-08-05","2030-08-27","683,00","2,71","","","","","","","","ok","","ANBIMA Data API (web-bff)"
"VIXL15","0,9970","DI_SPREAD","CDI + 1,00%","DI + 2.1500%","2026-08-05","2026-10-26","56,00","0,22","","","","","","","","ok","","ANBIMA Data API (web-bff)"
"VIXL18","1,0624","DI_SPREAD","CDI + 1,06%","DI + 2.0000%","2026-08-05","2030-06-11","582,00","2,31","","","","","","","","ok","","ANBIMA Data API (web-bff)"
"VIXL19","1,2415","DI_SPREAD","CDI + 1,24%","DI + 1.2500%","2026-08-05","2031-10-15","777,00","3,08","","","","","","","","ok","","ANBIMA Data API (web-bff)"
"VIXL25","1,1169","DI_SPREAD","CDI + 1,12%","DI + 2.5000%","2026-08-05","2028-10-26","270,00","1,07","","","","","","","","ok","","ANBIMA Data API (web-bff)"
"VIXL26","1,1028","DI_SPREAD","CDI + 1,10%","DI + 2.8000%","2026-08-05","2028-09-29","312,00","1,24","","","","","","","","ok","","ANBIMA Data API (web-bff)"
"VIXL35","1,0000","DI_SPREAD","CDI + 1,00%","DI + 2.1500%","2026-08-05","2026-10-26","56,00","0,22","","","","","","","","ok","","ANBIMA Data API (web-bff)"
"VIXL45","1,1177","DI_SPREAD","CDI + 1,12%","DI + 2.5000%","2026-08-05","2028-10-26","270,00","1,07","","","","","","","","ok","","ANBIMA Data API (web-bff)"
"VLIDA0","1,2896","DI_SPREAD","CDI + 1,29%","DI + 1.9500%","2026-08-05","2029-04-26","317,00","1,26","","","","","","","","ok","","ANBIMA Data API (web-bff)"
"VLIDA1","1,4798","DI_SPREAD","CDI + 1,48%","DI + 1.0000%","2026-08-05","2030-12-15","672,00","2,67","","","","","","","","ok","","ANBIMA Data API (web-bff)"
"VLIDB1","1,5092","DI_SPREAD","CDI + 1,51%","DI + 1.2000%","2026-08-05","2032-12-15","944,00","3,75","","","","","","","","ok","","ANBIMA Data API (web-bff)"
"VLIM13","7,8934","IPCA_SPREAD","B29 - 27 bps","IPCA + 5.7500%","2026-08-05","2028-12-15","556,00","2,21","","","","2029-05-15","B29","8,1841","-27","ok","","ANBIMA Data API (web-bff)"
"VLIM14","7,8881","IPCA_SPREAD","B29 - 27 bps","IPCA + 6.4512%","2026-08-05","2030-09-15","694,00","2,75","","","","2029-05-15","B29","8,1841","-27","ok","","ANBIMA Data API (web-bff)"
"VLIM15","7,8854","IPCA_SPREAD","B31 - 26 bps","IPCA + 6.1062%","2026-08-05","2031-04-15","1014,00","4,02","","","","2031-05-15","B31","8,1651","-26","ok","","ANBIMA Data API (web-bff)"
"VLIM16","7,9088","IPCA_SPREAD","B33 - 24 bps","IPCA + 6.8670%","2026-08-05","2034-11-15","1433,00","5,69","","","","2033-05-15","B33","8,1696","-24","ok","","ANBIMA Data API (web-bff)"
"VLIM17","7,9134","IPCA_SPREAD","B33 - 24 bps","IPCA + 7.0166%","2026-08-05","2035-05-15","1500,00","5,95","","","","2033-05-15","B33","8,1696","-24","ok","","ANBIMA Data API (web-bff)"
"VLIM18","7,9833","IPCA_SPREAD","B35 - 8 bps","IPCA + 6.6729%","2026-08-05","2035-10-15","1564,00","6,21","","","","2035-05-15","B35","8,0685","-8","ok","","ANBIMA Data API (web-bff)"
"VLIM19","7,8430","IPCA_SPREAD","B37 - 3 bps","IPCA + 6.4988%","2026-08-05","2038-03-15","1879,00","7,46","","","","2037-05-15","B37","7,8741","-3","ok","","ANBIMA Data API (web-bff)"
"VLIM25","","PREFIXADO","—","Pré-Fixado 11.4400%","2026-08-05","2031-04-15","","","","","","","","","","sem_taxa","Taxa indicativa vazia","ANBIMA Data API (web-bff)"
"VLIM26","7,9998","IPCA_SPREAD","B35 - 6 bps","IPCA + 6.7166%","2026-08-05","2036-11-15","1718,00","6,82","","","","2035-05-15","B35","8,0685","-6","ok","","ANBIMA Data API (web-bff)"
"VLIM27","7,8096","IPCA_SPREAD","B37 - 6 bps","IPCA + 6.9582%","2026-08-05","2037-05-15","1837,00","7,29","","","","2037-05-15","B37","7,8741","-6","ok","","ANBIMA Data API (web-bff)"
"VLIM28","7,8346","IPCA_SPREAD","B37 - 4 bps","IPCA + 6.7052%","2026-08-05","2037-10-15","1890,00","7,50","","","","2037-05-15","B37","7,8741","-4","ok","","ANBIMA Data API (web-bff)"
"VLIM29","7,8472","IPCA_SPREAD","B40 + 6 bps","IPCA + 6.4776%","2026-08-05","2041-03-15","2199,00","8,73","","","","2040-08-15","B40","7,7819","6","ok","","ANBIMA Data API (web-bff)"
"VLME11","","DI_SPREAD","—","DI + 3.0000%","2026-08-05","2030-10-06","","","","","","","","","","sem_taxa","Taxa indicativa vazia","ANBIMA Data API (web-bff)"
"VLME12","","DI_SPREAD","—","DI + 3.0000%","2026-08-05","2030-10-06","","","","","","","","","","sem_taxa","Taxa indicativa vazia","ANBIMA Data API (web-bff)"
"VPLT12","8,9019","IPCA_SPREAD","B27 + 78 bps","IPCA + 3.9407%","2026-08-05","2027-06-15","169,00","0,67","","","","2027-05-15","B27","8,0541","78","ok","","ANBIMA Data API (web-bff)"
"VRDN12","8,6552","IPCA_SPREAD","B31 + 45 bps","IPCA + 5.5500%","2026-08-05","2034-12-15","968,00","3,84","","","","2031-05-15","B31","8,1651","45","ok","","ANBIMA Data API (web-bff)"
"VVEO15","","DI_SPREAD","—","DI + 1.6000%","2026-08-05","2034-01-30","","","","","","","","","","sem_taxa","Taxa indicativa vazia","ANBIMA Data API (web-bff)"
"VVEO16","","DI_SPREAD","—","DI + 1.6000%","2026-08-05","2034-01-30","","","","","","","","","","sem_taxa","Taxa indicativa vazia","ANBIMA Data API (web-bff)"
"WDPR11","7,7266","IPCA_SPREAD","B28 - 67 bps","IPCA + 7.6276%","2026-08-05","2028-12-15","337,00","1,34","","","","2028-08-15","B28","8,4500","-67","ok","","ANBIMA Data API (web-bff)"
"WIZC12","1,9178","DI_SPREAD","CDI + 1,92%","DI + 1.9500%","2026-08-05","2030-01-29","430,00","1,71","","","","","","","","ok","","ANBIMA Data API (web-bff)"
"WNTY12","9,7224","IPCA_SPREAD","B31 + 144 bps","IPCA + 8.6044%","2026-08-05","2035-08-15","1133,00","4,50","","","","2031-05-15","B31","8,1651","144","ok","","ANBIMA Data API (web-bff)"
"XNGU17","7,4932","IPCA_SPREAD","B31 - 62 bps","IPCA + 4.8304%","2026-08-05","2034-12-15","1045,00","4,15","","","","2031-05-15","B31","8,1651","-62","ok","","ANBIMA Data API (web-bff)"
"YDUQ17","0,5800","DI_SPREAD","CDI + 0,58%","DI + 0.7800%","2026-08-05","2027-11-29","303,00","1,20","","","","","","","","ok","","ANBIMA Data API (web-bff)"
"YDUQ18","0,8780","DI_SPREAD","CDI + 0,88%","DI + 0.8500%","2026-08-05","2030-06-02","728,00","2,89","","","","","","","","ok","","ANBIMA Data API (web-bff)"
"YDUQA0","0,6711","DI_SPREAD","CDI + 0,67%","DI + 1.2500%","2026-08-05","2029-04-10","462,00","1,83","","","","","","","","ok","","ANBIMA Data API (web-bff)"
"YDUQA1","0,8805","DI_SPREAD","CDI + 0,88%","DI + 1.0500%","2026-08-05","2031-11-29","882,00","3,50","","","","","","","","ok","","ANBIMA Data API (web-bff)"
"YDUQA2","0,7566","DI_SPREAD","CDI + 0,76%","DI + 0.7000%","2026-08-05","2029-12-23","689,00","2,73","","","","","","","","ok","","ANBIMA Data API (web-bff)"
