"ticker","taxaAnbimaOriginal","tipoTaxaAnbima","txAnbimaFormatada","indexadorAnbima","dataReferenciaAnbima","dataVencimento","durationAnbimaDiasUteis","durationAnbimaAnos","percentualCdiOriginal","spreadCdiEquivalente","metodologiaConversaoCdi","ntnbReferencia","codigoNtnbExibicao","taxaNtnbReferencia","spreadNtnbBps","statusCalculoAnbima","motivoAusenciaAnbima","fonteAnbima"
"AALM12","0,7245","DI_SPREAD","CDI + 0,72%","DI + 1.6000%","2026-08-03","2030-10-02","537,00","2,13","","","","","","","","ok","","ANBIMA Data API (web-bff)"
"ABSP12","1,4736","DI_SPREAD","CDI + 1,47%","DI + 1.9500%","2026-08-03","2026-10-15","51,00","0,20","","","","","","","","ok","","ANBIMA Data API (web-bff)"
"ACOV15","1,5564","DI_SPREAD","CDI + 1,56%","DI + 1.1000%","2026-08-03","2032-06-10","647,00","2,57","","","","","","","","ok","","ANBIMA Data API (web-bff)"
"ACRC21","8,9650","IPCA_SPREAD","B35 + 85 bps","IPCA + 7.4150%","2026-08-03","2044-07-15","1711,00","6,79","","","","2035-05-15","B35","8,0500","85","ok","","ANBIMA Data API (web-bff)"
"ADPA21","2,3293","DI_SPREAD","CDI + 2,33%","DI + 2.8500%","2026-08-03","2027-11-27","314,00","1,25","","","","","","","","ok","","ANBIMA Data API (web-bff)"
"AEAB11","8,3136","IPCA_SPREAD","B37 + 40 bps","IPCA + 7.0718%","2026-08-03","2044-06-15","1879,00","7,46","","","","2037-05-15","B37","7,8869","40","ok","","ANBIMA Data API (web-bff)"
"AEGE16","4,9609","DI_SPREAD","CDI + 4,96%","DI + 3.9000%","2026-08-03","2034-03-11","826,00","3,28","","","","","","","","ok","","ANBIMA Data API (web-bff)"
"AEGE17","5,0930","DI_SPREAD","CDI + 5,09%","DI + 3.4000%","2026-08-03","2035-06-15","1010,00","4,01","","","","","","","","ok","","ANBIMA Data API (web-bff)"
"AEGP17","1,6818","DI_SPREAD","CDI + 1,68%","DI + 2.1500%","2026-08-03","2027-04-12","161,00","0,64","","","","","","","","ok","","ANBIMA Data API (web-bff)"
"AEGP19","2,6391","DI_SPREAD","CDI + 2,64%","DI + 1.9000%","2026-08-03","2028-10-04","256,00","1,02","","","","","","","","ok","","ANBIMA Data API (web-bff)"
"AEGPA4","2,7917","DI_SPREAD","CDI + 2,79%","DI + 3.4700%","2026-08-03","2028-10-25","274,00","1,09","","","","","","","","ok","","ANBIMA Data API (web-bff)"
"AEGPA8","17,2537","PREFIXADO","17,25%","Pré-Fixado 16.3433%","2026-08-03","2031-01-15","832,00","3,30","","2,4945","spread = (1 + Y)/(1 + L) - 1; Y = pre 17,25%; L = TaxaLTN_252 venc ref 2032-01-01 = 14,40%","","","","","ok","","ANBIMA Data API (web-bff)"
"AEGPA9","3,0432","DI_SPREAD","CDI + 3,04%","DI + 2.7500%","2026-08-03","2029-06-25","507,00","2,01","","","","","","","","ok","","ANBIMA Data API (web-bff)"
"AEGPB3","3,2241","DI_SPREAD","CDI + 3,22%","DI + 1.8000%","2026-08-03","2032-08-22","845,00","3,35","","","","","","","","ok","","ANBIMA Data API (web-bff)"
"AEGPB5","3,2232","DI_SPREAD","CDI + 3,22%","DI + 1.8000%","2026-08-03","2030-12-15","812,00","3,22","","","","","","","","ok","","ANBIMA Data API (web-bff)"
"AEGPB7","2,2094","DI_SPREAD","CDI + 2,21%","DI + 2.9500%","2026-08-03","2028-09-15","347,00","1,38","","","","","","","","ok","","ANBIMA Data API (web-bff)"
"AESLA5","7,7463","IPCA_SPREAD","B32 - 38 bps","IPCA + 6.1774%","2026-08-03","2033-10-15","1278,00","5,07","","","","2032-08-15","B32","8,1613","-38","ok","","ANBIMA Data API (web-bff)"
"AESLA7","7,7819","IPCA_SPREAD","B33 - 34 bps","IPCA + 6.1409%","2026-08-03","2034-04-15","1361,00","5,40","","","","2033-05-15","B33","8,1468","-34","ok","","ANBIMA Data API (web-bff)"
"AESLA8","0,4516","DI_SPREAD","CDI + 0,45%","DI + 0.4900%","2026-08-03","2029-09-10","546,00","2,17","","","","","","","","ok","","ANBIMA Data API (web-bff)"
"AESLA9","7,8117","IPCA_SPREAD","B33 - 31 bps","IPCA + 6.9249%","2026-08-03","2035-05-15","1509,00","5,99","","","","2033-05-15","B33","8,1468","-31","ok","","ANBIMA Data API (web-bff)"
"AESLB0","7,7442","IPCA_SPREAD","B35 - 28 bps","IPCA + 6.8967%","2026-08-03","2035-09-15","1542,00","6,12","","","","2035-05-15","B35","8,0500","-28","ok","","ANBIMA Data API (web-bff)"
"AESLB7","7,6953","IPCA_SPREAD","B37 - 18 bps","IPCA + 6.2031%","2026-08-03","2039-04-15","2039,00","8,09","","","","2037-05-15","B37","7,8869","-18","ok","","ANBIMA Data API (web-bff)"
"AESLC2","7,8506","IPCA_SPREAD","B33 - 27 bps","IPCA + 6.5243%","2026-08-03","2033-03-15","1330,00","5,28","","","","2033-05-15","B33","8,1468","-27","ok","","ANBIMA Data API (web-bff)"
"AESLD2","7,8413","IPCA_SPREAD","B35 - 19 bps","IPCA + 6.4580%","2026-08-03","2036-03-15","1626,00","6,45","","","","2035-05-15","B35","8,0500","-19","ok","","ANBIMA Data API (web-bff)"
"AESOA1","8,1275","IPCA_SPREAD","B33 - 2 bps","IPCA + 6.4966%","2026-08-03","2038-03-15","1335,00","5,30","","","","2033-05-15","B33","8,1468","-2","ok","","ANBIMA Data API (web-bff)"
"AGAU13","4,6683","DI_SPREAD","CDI + 4,67%","DI + 4.5000%","2026-08-03","2027-03-15","141,00","0,56","","","","","","","","ok","","ANBIMA Data API (web-bff)"
"AGEO15","7,7558","IPCA_SPREAD","B35 - 27 bps","IPCA + 7.6056%","2026-08-03","2037-06-15","1768,00","7,02","","","","2035-05-15","B35","8,0500","-27","ok","","ANBIMA Data API (web-bff)"
"AGIZ11","8,5403","IPCA_SPREAD","B37 + 61 bps","IPCA + 7.7322%","2026-08-03","2047-03-15","2004,00","7,95","","","","2037-05-15","B37","7,8869","61","ok","","ANBIMA Data API (web-bff)"
"AGPI11","","DI_SPREAD","—","DI + 1.9000%","2026-08-03","2027-06-27","","","","","","","","","","sem_taxa","Taxa indicativa vazia","ANBIMA Data API (web-bff)"
"AHGD13","8,8918","IPCA_SPREAD","B33 + 69 bps","IPCA + 7.3293%","2026-08-03","2041-09-15","1385,00","5,50","","","","2033-05-15","B33","8,1468","69","ok","","ANBIMA Data API (web-bff)"
"ALGAA2","1,0695","DI_SPREAD","CDI + 1,07%","DI + 1.5500%","2026-08-03","2029-01-15","435,00","1,73","","","","","","","","ok","","ANBIMA Data API (web-bff)"
"ALGAB1","9,0023","IPCA_SPREAD","B30 + 72 bps","IPCA + 4.9999%","2026-08-03","2031-07-15","891,00","3,54","","","","2030-08-15","B30","8,2269","72","ok","","ANBIMA Data API (web-bff)"
"ALGAC2","8,9240","IPCA_SPREAD","B31 + 70 bps","IPCA + 5.8806%","2026-08-03","2032-01-15","979,00","3,88","","","","2031-05-15","B31","8,1700","70","ok","","ANBIMA Data API (web-bff)"
"ALGE16","7,8188","IPCA_SPREAD","B33 - 30 bps","IPCA + 6.1451%","2026-08-03","2037-11-15","1341,00","5,32","","","","2033-05-15","B33","8,1468","-30","ok","","ANBIMA Data API (web-bff)"
"ALGTA4","8,9694","IPCA_SPREAD","B32 + 75 bps","IPCA + 6.3243%","2026-08-03","2033-11-15","1195,00","4,74","","","","2032-08-15","B32","8,1613","75","ok","","ANBIMA Data API (web-bff)"
"ALGTA5","1,0841","DI_SPREAD","CDI + 1,08%","DI + 1.3000%","2026-08-03","2032-01-28","921,00","3,65","","","","","","","","ok","","ANBIMA Data API (web-bff)"
"ALGTA6","1,1310","DI_SPREAD","CDI + 1,13%","DI + 1.2500%","2026-08-03","2033-02-22","984,00","3,90","","","","","","","","ok","","ANBIMA Data API (web-bff)"
"ALIG12","7,8367","IPCA_SPREAD","B28 - 55 bps","IPCA + 3.6500%","2026-08-03","2029-12-15","406,00","1,61","","","","2028-08-15","B28","8,4300","-55","ok","","ANBIMA Data API (web-bff)"
"ALIG13","7,7647","IPCA_SPREAD","B30 - 43 bps","IPCA + 4.0000%","2026-08-03","2035-02-15","952,00","3,78","","","","2030-08-15","B30","8,2269","-43","ok","","ANBIMA Data API (web-bff)"
"ALIG15","7,7225","IPCA_SPREAD","B32 - 41 bps","IPCA + 6.1305%","2026-08-03","2036-04-15","1166,00","4,63","","","","2032-08-15","B32","8,1613","-41","ok","","ANBIMA Data API (web-bff)"
"ALPA22","0,9397","DI_SPREAD","CDI + 0,94%","DI + 1.5000%","2026-08-03","2029-12-12","593,00","2,35","","","","","","","","ok","","ANBIMA Data API (web-bff)"
"ALUP18","7,5294","IPCA_SPREAD","B33 - 57 bps","IPCA + 6.4986%","2026-08-03","2034-10-15","1432,00","5,68","","","","2033-05-15","B33","8,1468","-57","ok","","ANBIMA Data API (web-bff)"
"AMBP16","","DI_SPREAD","—","DI + 2.7500%","2026-08-03","2029-04-25","","","","","","","","","","sem_taxa","Taxa indicativa vazia","ANBIMA Data API (web-bff)"
"ANET11","","IPCA_SPREAD","—","IPCA + 5.6006%","2026-08-03","2029-03-15","","","","","","","","","","sem_taxa","Taxa indicativa vazia","ANBIMA Data API (web-bff)"
"ANET12","","IPCA_SPREAD","—","IPCA + 8.9619%","2026-08-03","2030-11-15","","","","","","","","","","sem_taxa","Taxa indicativa vazia","ANBIMA Data API (web-bff)"
"ANHBA5","0,5157","DI_SPREAD","CDI + 0,52%","DI + 0.4400%","2026-08-03","2030-11-05","735,00","2,92","","","","","","","","ok","","ANBIMA Data API (web-bff)"
"ANHBA6","0,5741","DI_SPREAD","CDI + 0,57%","DI + 0.5000%","2026-08-03","2032-07-15","987,00","3,92","","","","","","","","ok","","ANBIMA Data API (web-bff)"
"ANHBB6","7,8217","IPCA_SPREAD","B35 - 21 bps","IPCA + 7.0457%","2026-08-03","2037-07-15","1677,00","6,65","","","","2035-05-15","B35","8,0500","-21","ok","","ANBIMA Data API (web-bff)"
"ANIM15","2,0062","DI_SPREAD","CDI + 2,01%","DI + 1.9200%","2026-08-03","2029-05-15","384,00","1,52","","","","","","","","ok","","ANBIMA Data API (web-bff)"
"ANIM17","2,2547","DI_SPREAD","CDI + 2,25%","DI + 1.6000%","2026-08-03","2029-05-15","483,00","1,92","","","","","","","","ok","","ANBIMA Data API (web-bff)"
"ANIM18","2,4942","DI_SPREAD","CDI + 2,49%","DI + 1.5000%","2026-08-03","2029-10-15","579,00","2,30","","","","","","","","ok","","ANBIMA Data API (web-bff)"
"APFD19","8,0477","IPCA_SPREAD","B29 - 12 bps","IPCA + 6.3854%","2026-08-03","2031-09-15","657,00","2,61","","","","2029-05-15","B29","8,1800","-12","ok","","ANBIMA Data API (web-bff)"
"APFL18","1,4033","DI_SPREAD","CDI + 1,40%","DI + 1.3800%","2026-08-03","2029-01-15","531,00","2,11","","","","","","","","ok","","ANBIMA Data API (web-bff)"
"APPSA2","9,0365","IPCA_SPREAD","B30 + 75 bps","IPCA + 6.7800%","2026-08-03","2031-09-15","793,00","3,15","","","","2030-08-15","B30","8,2269","75","ok","","ANBIMA Data API (web-bff)"
"APPSB2","1,3783","DI_SPREAD","CDI + 1,38%","DI + 2.1500%","2026-08-03","2028-09-15","245,00","0,97","","","","","","","","ok","","ANBIMA Data API (web-bff)"
"APRB18","9,3131","IPCA_SPREAD","B30 + 100 bps","IPCA + 4.5000%","2026-08-03","2031-06-15","762,00","3,02","","","","2030-08-15","B30","8,2269","100","ok","","ANBIMA Data API (web-bff)"
"APRB28","0,6229","DI_SPREAD","CDI + 0,62%","DI + 0.8600%","2026-08-03","2027-06-15","168,00","0,67","","","","","","","","ok","","ANBIMA Data API (web-bff)"
"ARML13","2,1744","DI_SPREAD","CDI + 2,17%","DI + 2.2500%","2026-08-03","2029-11-04","561,00","2,23","","","","","","","","ok","","ANBIMA Data API (web-bff)"
"ARML14","2,8535","DI_SPREAD","CDI + 2,85%","DI + 1.9000%","2026-08-03","2032-03-15","804,00","3,19","","","","","","","","ok","","ANBIMA Data API (web-bff)"
"ARML15","3,0101","DI_SPREAD","CDI + 3,01%","DI + 1.3500%","2026-08-03","2032-09-25","876,00","3,48","","","","","","","","ok","","ANBIMA Data API (web-bff)"
"ARML25","3,2143","DI_SPREAD","CDI + 3,21%","DI + 1.6000%","2026-08-03","2034-09-25","1059,00","4,20","","","","","","","","ok","","ANBIMA Data API (web-bff)"
"ARML26","3,1859","DI_SPREAD","CDI + 3,19%","DI + 1.5500%","2026-08-03","2030-11-05","787,00","3,12","","","","","","","","ok","","ANBIMA Data API (web-bff)"
"ARTR19","10,8780","IPCA_SPREAD","B27 + 259 bps","IPCA + 4.8392%","2026-08-03","2027-09-15","147,00","0,58","","","","2027-05-15","B27","8,0775","259","ok","","ANBIMA Data API (web-bff)"
"ARTRA1","1,5963","DI_SPREAD","CDI + 1,60%","DI + 1.6500%","2026-08-03","2027-03-11","141,00","0,56","","","","","","","","ok","","ANBIMA Data API (web-bff)"
"ARTRA4","2,1663","DI_SPREAD","CDI + 2,17%","DI + 2.7000%","2026-08-03","2028-08-24","227,00","0,90","","","","","","","","ok","","ANBIMA Data API (web-bff)"
"ARTRA5","2,2343","DI_SPREAD","CDI + 2,23%","DI + 2.4000%","2026-08-03","2029-04-12","360,00","1,43","","","","","","","","ok","","ANBIMA Data API (web-bff)"
"ARTRA7","10,1416","IPCA_SPREAD","B33 + 184 bps","IPCA + 7.7000%","2026-08-03","2035-05-15","1444,00","5,73","","","","2033-05-15","B33","8,1468","184","ok","","ANBIMA Data API (web-bff)"
"ARTRA8","10,0226","IPCA_SPREAD","B31 + 171 bps","IPCA + 8.2857%","2026-08-03","2032-10-15","1130,00","4,48","","","","2031-05-15","B31","8,1700","171","ok","","ANBIMA Data API (web-bff)"
"ASAB11","11,6703","IPCA_SPREAD","B30 + 318 bps","IPCA + 6.2500%","2026-08-03","2033-06-15","813,00","3,23","","","","2030-08-15","B30","8,2269","318","ok","","ANBIMA Data API (web-bff)"
"ASAI18","1,3731","DI_SPREAD","CDI + 1,37%","DI + 1.8500%","2026-08-03","2027-12-22","320,00","1,27","","","","","","","","ok","","ANBIMA Data API (web-bff)"
"ASAI19","1,7362","DI_SPREAD","CDI + 1,74%","DI + 1.2500%","2026-08-03","2029-03-25","452,00","1,79","","","","","","","","ok","","ANBIMA Data API (web-bff)"
"ASAI22","1,6202","DI_SPREAD","CDI + 1,62%","DI + 1.9500%","2026-08-03","2028-05-20","294,00","1,17","","","","","","","","ok","","ANBIMA Data API (web-bff)"
"ASAI28","1,7777","DI_SPREAD","CDI + 1,78%","DI + 1.9500%","2026-08-03","2028-12-22","514,00","2,04","","","","","","","","ok","","ANBIMA Data API (web-bff)"
"ASAIA0","1,8242","DI_SPREAD","CDI + 1,82%","DI + 1.2500%","2026-08-03","2029-06-20","511,00","2,03","","","","","","","","ok","","ANBIMA Data API (web-bff)"
"ASAIA1","1,8682","DI_SPREAD","CDI + 1,87%","DI + 1.2500%","2026-08-03","2029-09-25","540,00","2,14","","","","","","","","ok","","ANBIMA Data API (web-bff)"
"ASAIA2","1,8889","DI_SPREAD","CDI + 1,89%","DI + 1.2500%","2026-08-03","2029-12-09","674,00","2,67","","","","","","","","ok","","ANBIMA Data API (web-bff)"
"ASAIA3","1,8684","DI_SPREAD","CDI + 1,87%","DI + 1.2000%","2026-08-03","2029-06-05","590,00","2,34","","","","","","","","ok","","ANBIMA Data API (web-bff)"
"ASCP13","8,4917","IPCA_SPREAD","B28 + 6 bps","IPCA + 7.5500%","2026-08-03","2030-03-15","498,00","1,98","","","","2028-08-15","B28","8,4300","6","ok","","ANBIMA Data API (web-bff)"
"ASCP23","8,3352","IPCA_SPREAD","B32 + 16 bps","IPCA + 8.1500%","2026-08-03","2035-03-15","1301,00","5,16","","","","2032-08-15","B32","8,1613","16","ok","","ANBIMA Data API (web-bff)"
"ASER12","12,3630","IPCA_SPREAD","B35 + 399 bps","IPCA + 8.4051%","2026-08-03","2043-12-15","1742,00","6,91","","","","2035-05-15","B35","8,0500","399","ok","","ANBIMA Data API (web-bff)"
"ASSR21","9,1618","IPCA_SPREAD","B35 + 103 bps","IPCA + 7.1071%","2026-08-03","2041-06-15","1609,00","6,38","","","","2035-05-15","B35","8,0500","103","ok","","ANBIMA Data API (web-bff)"
"ATHT11","8,8978","IPCA_SPREAD","B33 + 69 bps","IPCA + 7.3293%","2026-08-03","2041-09-15","1385,00","5,50","","","","2033-05-15","B33","8,1468","69","ok","","ANBIMA Data API (web-bff)"
"ATII12","8,9133","IPCA_SPREAD","B33 + 71 bps","IPCA + 7.3293%","2026-08-03","2041-09-15","1385,00","5,50","","","","2033-05-15","B33","8,1468","71","ok","","ANBIMA Data API (web-bff)"
"AURE12","8,1220","IPCA_SPREAD","B33 - 2 bps","IPCA + 6.2980%","2026-08-03","2034-04-15","1352,00","5,37","","","","2033-05-15","B33","8,1468","-2","ok","","ANBIMA Data API (web-bff)"
"AURE13","0,8016","DI_SPREAD","CDI + 0,80%","DI + 0.5500%","2026-08-03","2031-10-10","785,00","3,12","","","","","","","","ok","","ANBIMA Data API (web-bff)"
"AURP12","8,1081","IPCA_SPREAD","B33 - 4 bps","IPCA + 7.4515%","2026-08-03","2035-04-15","1465,00","5,81","","","","2033-05-15","B33","8,1468","-4","ok","","ANBIMA Data API (web-bff)"
"AURP13","8,1406","IPCA_SPREAD","B35 + 8 bps","IPCA + 6.9164%","2026-08-03","2037-07-15","1811,00","7,19","","","","2035-05-15","B35","8,0500","8","ok","","ANBIMA Data API (web-bff)"
"AXIA18","7,7892","IPCA_SPREAD","B32 - 34 bps","IPCA + 6.8000%","2026-08-03","2033-02-15","1307,00","5,19","","","","2032-08-15","B32","8,1613","-34","ok","","ANBIMA Data API (web-bff)"
"AXIA19","7,8308","IPCA_SPREAD","B35 - 20 bps","IPCA + 8.0036%","2026-08-03","2036-06-15","1632,00","6,48","","","","2035-05-15","B35","8,0500","-20","ok","","ANBIMA Data API (web-bff)"
"AXIA28","7,7626","IPCA_SPREAD","B35 - 27 bps","IPCA + 6.7116%","2026-08-03","2036-02-15","1735,00","6,88","","","","2035-05-15","B35","8,0500","-27","ok","","ANBIMA Data API (web-bff)"
"AXIA38","7,6981","IPCA_SPREAD","B40 - 8 bps","IPCA + 6.6752%","2026-08-03","2041-02-15","2178,00","8,64","","","","2040-08-15","B40","7,7857","-8","ok","","ANBIMA Data API (web-bff)"
"AZZA11","1,3637","DI_SPREAD","CDI + 1,36%","DI + 1.2500%","2026-08-03","2030-03-28","623,00","2,47","","","","","","","","ok","","ANBIMA Data API (web-bff)"
"AZZA12","1,6072","DI_SPREAD","CDI + 1,61%","DI + 1.2500%","2026-08-03","2030-08-15","669,00","2,65","","","","","","","","ok","","ANBIMA Data API (web-bff)"
"AZZA13","2,0510","DI_SPREAD","CDI + 2,05%","DI + 1.0000%","2026-08-03","2028-01-28","348,00","1,38","","","","","","","","ok","","ANBIMA Data API (web-bff)"
"BARU11","8,1830","IPCA_SPREAD","B37 + 27 bps","IPCA + 7.7959%","2026-08-03","2043-03-15","1869,00","7,42","","","","2037-05-15","B37","7,8869","27","ok","","ANBIMA Data API (web-bff)"
"BCBF16","4,6455","DI_SPREAD","CDI + 4,65%","DI + 1.4500%","2026-08-03","2027-10-07","156,00","0,62","","","","","","","","ok","","ANBIMA Data API (web-bff)"
"BCPSA4","0,2769","DI_SPREAD","CDI + 0,28%","DI + 1.2000%","2026-08-03","2027-02-20","128,00","0,51","","","","","","","","ok","","ANBIMA Data API (web-bff)"
"BCPSA5","7,5213","IPCA_SPREAD","B29 - 61 bps","IPCA + 5.7687%","2026-08-03","2029-03-15","602,00","2,39","","","","2029-05-15","B29","8,1800","-61","ok","","ANBIMA Data API (web-bff)"
"BCPSA6","0,3744","DI_SPREAD","CDI + 0,37%","DI + 0.5500%","2026-08-03","2028-10-10","472,00","1,87","","","","","","","","ok","","ANBIMA Data API (web-bff)"
"BCPSA7","7,6053","IPCA_SPREAD","B35 - 41 bps","IPCA + 7.0225%","2026-08-03","2036-01-15","1621,00","6,43","","","","2035-05-15","B35","8,0500","-41","ok","","ANBIMA Data API (web-bff)"
"BHIAA0","","DI_PERCENTUAL","—","100.0000% DI","2026-08-03","2050-11-28","","","","","","","","","","sem_taxa","Taxa indicativa vazia","ANBIMA Data API (web-bff)"
"BHIAC0","","DI_PERCENTUAL","—","100.0000% DI","2026-08-03","2050-11-28","","","","","","","","","","sem_taxa","Taxa indicativa vazia","ANBIMA Data API (web-bff)"
"BHSA11","8,2529","IPCA_SPREAD","B35 + 19 bps","IPCA + 6.8413%","2026-08-03","2044-03-15","1808,00","7,17","","","","2035-05-15","B35","8,0500","19","ok","","ANBIMA Data API (web-bff)"
"BION17","10,9025","IPCA_SPREAD","B30 + 247 bps","IPCA + 10.1044%","2026-08-03","2032-10-15","887,00","3,52","","","","2030-08-15","B30","8,2269","247","ok","","ANBIMA Data API (web-bff)"
"BKBR19","1,4830","DI_SPREAD","CDI + 1,48%","DI + 1.9000%","2026-08-03","2027-04-24","171,00","0,68","","","","","","","","ok","","ANBIMA Data API (web-bff)"
"BLMN12","7,6287","IPCA_SPREAD","B29 - 51 bps","IPCA + 7.1358%","2026-08-03","2031-12-15","580,00","2,30","","","","2029-05-15","B29","8,1800","-51","ok","","ANBIMA Data API (web-bff)"
"BRIT11","0,9406","DI_SPREAD","CDI + 0,94%","DI + 2.0000%","2026-08-03","2027-08-25","128,00","0,51","","","","","","","","ok","","ANBIMA Data API (web-bff)"
"BRIT12","1,2964","DI_SPREAD","CDI + 1,30%","DI + 1.6000%","2026-08-03","2030-07-10","606,00","2,40","","","","","","","","ok","","ANBIMA Data API (web-bff)"
"BRKMA6","","DI_SPREAD","—","DI + 1.7500%","2026-08-03","2029-05-12","","","","","","","","","","sem_taxa","Taxa indicativa vazia","ANBIMA Data API (web-bff)"
"BRKMA8","","DI_SPREAD","—","DI + 1.7000%","2026-08-03","2029-11-09","","","","","","","","","","sem_taxa","Taxa indicativa vazia","ANBIMA Data API (web-bff)"
"BRKMB6","","DI_SPREAD","—","DI + 2.0000%","2026-08-03","2032-05-12","","","","","","","","","","sem_taxa","Taxa indicativa vazia","ANBIMA Data API (web-bff)"
"BRKMB8","","DI_SPREAD","—","DI + 1.9500%","2026-08-03","2032-11-09","","","","","","","","","","sem_taxa","Taxa indicativa vazia","ANBIMA Data API (web-bff)"
"BRKP28","9,6823","IPCA_SPREAD","B32 + 141 bps","IPCA + 5.5365%","2026-08-03","2034-09-15","1292,00","5,13","","","","2032-08-15","B32","8,1613","141","ok","","ANBIMA Data API (web-bff)"
"BRKPA0","2,3631","DI_SPREAD","CDI + 2,36%","DI + 2.4000%","2026-08-03","2027-04-15","164,00","0,65","","","","","","","","ok","","ANBIMA Data API (web-bff)"
"BRKPA2","2,5098","DI_SPREAD","CDI + 2,51%","DI + 3.2500%","2026-08-03","2029-02-21","507,00","2,01","","","","","","","","ok","","ANBIMA Data API (web-bff)"
"BRKPA3","2,5273","DI_SPREAD","CDI + 2,53%","DI + 2.9300%","2026-08-03","2029-08-23","588,00","2,33","","","","","","","","ok","","ANBIMA Data API (web-bff)"
"BRKPA4","2,6444","DI_SPREAD","CDI + 2,64%","DI + 1.9000%","2026-08-03","2030-10-15","772,00","3,06","","","","","","","","ok","","ANBIMA Data API (web-bff)"
"BRKPA5","2,2280","DI_SPREAD","CDI + 2,23%","DI + 1.9000%","2026-08-03","2028-03-15","354,00","1,40","","","","","","","","ok","","ANBIMA Data API (web-bff)"
"BRMLA1","0,4260","DI_SPREAD","CDI + 0,43%","DI + 0.6300%","2026-08-03","2031-08-20","822,00","3,26","","","","","","","","ok","","ANBIMA Data API (web-bff)"
"BRMLB1","0,5487","DI_SPREAD","CDI + 0,55%","DI + 0.9500%","2026-08-03","2034-08-20","1090,00","4,33","","","","","","","","ok","","ANBIMA Data API (web-bff)"
"BRST11","8,3341","IPCA_SPREAD","B27 + 24 bps","IPCA + 5.7694%","2026-08-03","2028-03-15","206,00","0,82","","","","2027-05-15","B27","8,0775","24","ok","","ANBIMA Data API (web-bff)"
"BRST14","1,5500","DI_SPREAD","CDI + 1,55%","DI + 1.4000%","2026-08-03","2031-05-15","724,00","2,87","","","","","","","","ok","","ANBIMA Data API (web-bff)"
"BRST15","8,5902","IPCA_SPREAD","B31 + 39 bps","IPCA + 8.0355%","2026-08-03","2032-12-15","1103,00","4,38","","","","2031-05-15","B31","8,1700","39","ok","","ANBIMA Data API (web-bff)"
"BSA312","0,4256","DI_SPREAD","CDI + 0,43%","DI + 0.5800%","2026-08-03","2049-05-03","659,00","2,62","","","","","","","","ok","","ANBIMA Data API (web-bff)"
"BSA318","0,3344","DI_SPREAD","CDI + 0,33%","DI + 0.6200%","2026-08-03","2029-05-28","398,00","1,58","","","","","","","","ok","","ANBIMA Data API (web-bff)"
"BSA319","0,5006","DI_SPREAD","CDI + 0,50%","DI + 0.5900%","2026-08-03","2031-01-08","778,00","3,09","","","","","","","","ok","","ANBIMA Data API (web-bff)"
"BSA3A0","0,3646","DI_SPREAD","CDI + 0,36%","DI + 0.4500%","2026-08-03","2030-09-18","703,00","2,79","","","","","","","","ok","","ANBIMA Data API (web-bff)"
"BTCL12","10,7070","IPCA_SPREAD","B33 + 237 bps","IPCA + 10.7609%","2026-08-03","2039-02-15","1332,00","5,29","","","","2033-05-15","B33","8,1468","237","ok","","ANBIMA Data API (web-bff)"
"BTEL13","15,7836","PREFIXADO","15,78%","Pré-Fixado 15.0500%","2026-08-03","2032-04-15","912,00","3,62","","1,2094","spread = (1 + Y)/(1 + L) - 1; Y = pre 15,78%; L = TaxaLTN_252 venc ref 2032-01-01 = 14,40%","","","","","ok","","ANBIMA Data API (web-bff)"
"BTEL23","10,1845","IPCA_SPREAD","B31 + 186 bps","IPCA + 8.2700%","2026-08-03","2032-04-15","1049,00","4,16","","","","2031-05-15","B31","8,1700","186","ok","","ANBIMA Data API (web-bff)"
"BTEL33","10,9128","IPCA_SPREAD","B33 + 256 bps","IPCA + 8.4500%","2026-08-03","2035-04-15","1387,00","5,50","","","","2033-05-15","B33","8,1468","256","ok","","ANBIMA Data API (web-bff)"
"BTGH18","1,0902","DI_SPREAD","CDI + 1,09%","DI + 1.5000%","2026-08-03","2029-12-10","499,00","1,98","","","","","","","","ok","","ANBIMA Data API (web-bff)"
"CAEC12","8,1889","IPCA_SPREAD","B35 + 13 bps","IPCA + 8.1891%","2026-08-03","2036-06-15","1613,00","6,40","","","","2035-05-15","B35","8,0500","13","ok","","ANBIMA Data API (web-bff)"
"CAEC13","1,3466","DI_SPREAD","CDI + 1,35%","DI + 1.3700%","2026-08-03","2032-08-07","889,00","3,53","","","","","","","","ok","","ANBIMA Data API (web-bff)"
"CAEC22","1,2189","DI_SPREAD","CDI + 1,22%","DI + 2.2000%","2026-08-03","2029-06-15","459,00","1,82","","","","","","","","ok","","ANBIMA Data API (web-bff)"
"CAEC32","1,4123","DI_SPREAD","CDI + 1,41%","DI + 2.5000%","2026-08-03","2031-06-15","777,00","3,08","","","","","","","","ok","","ANBIMA Data API (web-bff)"
"CAJS11","8,6632","IPCA_SPREAD","B33 + 48 bps","IPCA + 5.4000%","2026-08-03","2040-11-15","1488,00","5,90","","","","2033-05-15","B33","8,1468","48","ok","","ANBIMA Data API (web-bff)"
"CAJS12","8,6957","IPCA_SPREAD","B31 + 49 bps","IPCA + 6.8500%","2026-08-03","2037-09-15","1060,00","4,21","","","","2031-05-15","B31","8,1700","49","ok","","ANBIMA Data API (web-bff)"
"CAMLA1","1,6849","DI_SPREAD","CDI + 1,68%","DI + 1.5500%","2026-08-03","2028-10-30","383,00","1,52","","","","","","","","ok","","ANBIMA Data API (web-bff)"
"CAMLB1","1,6790","DI_SPREAD","CDI + 1,68%","DI + 1.5500%","2026-08-03","2028-10-30","383,00","1,52","","","","","","","","ok","","ANBIMA Data API (web-bff)"
"CART13","8,5799","IPCA_SPREAD","B31 + 38 bps","IPCA + 6.8138%","2026-08-03","2035-12-15","1010,00","4,01","","","","2031-05-15","B31","8,1700","38","ok","","ANBIMA Data API (web-bff)"
"CASN13","2,5779","DI_SPREAD","CDI + 2,58%","DI + 5.5000%","2026-08-03","2028-11-16","256,00","1,02","","","","","","","","ok","","ANBIMA Data API (web-bff)"
"CASN14","1,7850","DI_SPREAD","CDI + 1,79%","DI + 2.3000%","2026-08-03","2030-04-15","457,00","1,81","","","","","","","","ok","","ANBIMA Data API (web-bff)"
"CASN23","8,8998","IPCA_SPREAD","B30 + 62 bps","IPCA + 10.3294%","2026-08-03","2033-11-16","769,00","3,05","","","","2030-08-15","B30","8,2269","62","ok","","ANBIMA Data API (web-bff)"
"CASN24","8,8521","IPCA_SPREAD","B30 + 58 bps","IPCA + 9.9878%","2026-08-03","2032-04-15","770,00","3,06","","","","2030-08-15","B30","8,2269","58","ok","","ANBIMA Data API (web-bff)"
"CASN34","8,8921","IPCA_SPREAD","B31 + 67 bps","IPCA + 10.6573%","2026-08-03","2037-04-15","1130,00","4,48","","","","2031-05-15","B31","8,1700","67","ok","","ANBIMA Data API (web-bff)"
"CBAN12","7,9877","IPCA_SPREAD","B31 - 17 bps","IPCA + 5.0000%","2026-08-03","2034-07-15","1048,00","4,16","","","","2031-05-15","B31","8,1700","-17","ok","","ANBIMA Data API (web-bff)"
"CBAN22","0,8000","DI_SPREAD","CDI + 0,80%","DI + 2.0000%","2026-08-03","2032-07-15","817,00","3,24","","","","","","","","ok","","ANBIMA Data API (web-bff)"
"CBAN32","8,0044","IPCA_SPREAD","B31 - 15 bps","IPCA + 5.2000%","2026-08-03","2034-07-15","1045,00","4,15","","","","2031-05-15","B31","8,1700","-15","ok","","ANBIMA Data API (web-bff)"
"CBAN52","8,0048","IPCA_SPREAD","B31 - 15 bps","IPCA + 5.2000%","2026-08-03","2034-07-15","1045,00","4,15","","","","2031-05-15","B31","8,1700","-15","ok","","ANBIMA Data API (web-bff)"
"CBAN72","8,0018","IPCA_SPREAD","B31 - 16 bps","IPCA + 5.2000%","2026-08-03","2034-07-15","1045,00","4,15","","","","2031-05-15","B31","8,1700","-16","ok","","ANBIMA Data API (web-bff)"
"CBOH11","1,4567","DI_SPREAD","CDI + 1,46%","DI + 1.9000%","2026-08-03","2029-08-28","376,00","1,49","","","","","","","","ok","","ANBIMA Data API (web-bff)"
"CBRDB8","","DI_SPREAD","—","DI + 1.9500%","2026-08-03","2028-05-10","","","","","","","","","","sem_taxa","Taxa indicativa vazia","ANBIMA Data API (web-bff)"
"CCLS11","11,6602","IPCA_SPREAD","B31 + 323 bps","IPCA + 6.6739%","2026-08-03","2031-01-15","965,00","3,83","","","","2031-05-15","B31","8,1700","323","ok","","ANBIMA Data API (web-bff)"
"CCPV11","7,9581","IPCA_SPREAD","B30 - 25 bps","IPCA + 7.6000%","2026-08-03","2030-02-15","840,00","3,33","","","","2030-08-15","B30","8,2269","-25","ok","","ANBIMA Data API (web-bff)"
"CCROA5","7,8507","IPCA_SPREAD","B32 - 29 bps","IPCA + 4.8791%","2026-08-03","2033-11-15","1264,00","5,02","","","","2032-08-15","B32","8,1613","-29","ok","","ANBIMA Data API (web-bff)"
"CCROA7","0,3557","DI_SPREAD","CDI + 0,36%","DI + 0.7500%","2026-08-03","2029-07-12","429,00","1,70","","","","","","","","ok","","ANBIMA Data API (web-bff)"
"CCROB4","7,6522","IPCA_SPREAD","B27 - 39 bps","IPCA + 4.2500%","2026-08-03","2028-12-15","326,00","1,29","","","","2027-05-15","B27","8,0775","-39","ok","","ANBIMA Data API (web-bff)"
"CCROB6","7,8483","IPCA_SPREAD","B33 - 28 bps","IPCA + 6.4370%","2026-08-03","2036-01-15","1376,00","5,46","","","","2033-05-15","B33","8,1468","-28","ok","","ANBIMA Data API (web-bff)"
"CDAR11","1,5507","DI_SPREAD","CDI + 1,55%","DI + 2.0000%","2026-08-03","2027-09-27","150,00","0,60","","","","","","","","ok","","ANBIMA Data API (web-bff)"
"CDES11","8,0226","IPCA_SPREAD","B35 - 3 bps","IPCA + 8.0361%","2026-08-03","2038-12-15","1625,00","6,45","","","","2035-05-15","B35","8,0500","-3","ok","","ANBIMA Data API (web-bff)"
"CDES12","1,4000","DI_SPREAD","CDI + 1,40%","DI + 1.4000%","2026-08-03","2031-02-03","859,00","3,41","","","","","","","","ok","","ANBIMA Data API (web-bff)"
"CDGS26","0,7805","DI_SPREAD","CDI + 0,78%","DI + 1.0000%","2026-08-03","2032-01-03","875,00","3,47","","","","","","","","ok","","ANBIMA Data API (web-bff)"
"CEAB13","1,2188","DI_SPREAD","CDI + 1,22%","DI + 1.8000%","2026-08-03","2027-07-15","228,00","0,90","","","","","","","","ok","","ANBIMA Data API (web-bff)"
"CEAB14","0,8500","DI_SPREAD","CDI + 0,85%","DI + 0.8000%","2026-08-03","2028-09-15","453,00","1,80","","","","","","","","ok","","ANBIMA Data API (web-bff)"
"CEAB22","0,6885","DI_SPREAD","CDI + 0,69%","DI + 2.4000%","2026-08-03","2028-05-13","289,00","1,15","","","","","","","","ok","","ANBIMA Data API (web-bff)"
"CEAD11","8,6538","IPCA_SPREAD","B28 + 21 bps","IPCA + 6.6605%","2026-08-03","2030-06-15","486,00","1,93","","","","2028-08-15","B28","8,4300","21","ok","","ANBIMA Data API (web-bff)"
"CEAL12","8,2211","IPCA_SPREAD","B35 + 16 bps","IPCA + 7.3239%","2026-08-03","2037-08-15","1685,00","6,69","","","","2035-05-15","B35","8,0500","16","ok","","ANBIMA Data API (web-bff)"
"CEAL21","8,2335","IPCA_SPREAD","B32 + 7 bps","IPCA + 6.3618%","2026-08-03","2034-10-15","1257,00","4,99","","","","2032-08-15","B32","8,1613","7","ok","","ANBIMA Data API (web-bff)"
"CEAM11","10,9866","IPCA_SPREAD","B37 + 287 bps","IPCA + 7.5232%","2026-08-03","2045-12-15","1924,00","7,63","","","","2037-05-15","B37","7,8869","287","ok","","ANBIMA Data API (web-bff)"
"CEAP12","8,1339","IPCA_SPREAD","B30 - 9 bps","IPCA + 6.5000%","2026-08-03","2030-07-15","779,00","3,09","","","","2030-08-15","B30","8,2269","-9","ok","","ANBIMA Data API (web-bff)"
"CEAP14","8,1641","IPCA_SPREAD","B32 + 0 bps","IPCA + 6.7500%","2026-08-03","2033-12-15","1299,00","5,15","","","","2032-08-15","B32","8,1613","0","ok","","ANBIMA Data API (web-bff)"
"CEAP15","0,7284","DI_SPREAD","CDI + 0,73%","DI + 1.2000%","2026-08-03","2029-05-14","486,00","1,93","","","","","","","","ok","","ANBIMA Data API (web-bff)"
"CEAP16","0,6163","DI_SPREAD","CDI + 0,62%","DI + 1.2000%","2026-08-03","2029-09-09","531,00","2,11","","","","","","","","ok","","ANBIMA Data API (web-bff)"
"CEAP17","8,1377","IPCA_SPREAD","B35 + 8 bps","IPCA + 7.9091%","2026-08-03","2036-12-15","1621,00","6,43","","","","2035-05-15","B35","8,0500","8","ok","","ANBIMA Data API (web-bff)"
"CEAP19","8,2293","IPCA_SPREAD","B35 + 17 bps","IPCA + 7.0606%","2026-08-03","2037-06-15","1715,00","6,81","","","","2035-05-15","B35","8,0500","17","ok","","ANBIMA Data API (web-bff)"
"CEBD14","1,1639","DI_SPREAD","CDI + 1,16%","DI + 1.6000%","2026-08-03","2028-08-25","338,00","1,34","","","","","","","","ok","","ANBIMA Data API (web-bff)"
"CEBD25","1,0150","DI_SPREAD","CDI + 1,02%","DI + 1.7200%","2026-08-03","2029-06-20","510,00","2,02","","","","","","","","ok","","ANBIMA Data API (web-bff)"
"CEEBA3","0,8770","DI_SPREAD","CDI + 0,88%","DI + 1.3400%","2026-08-03","2026-10-15","51,00","0,20","","","","","","","","ok","","ANBIMA Data API (web-bff)"
"CEEBA6","1,4608","DI_SPREAD","CDI + 1,46%","DI + 1.9500%","2026-08-03","2028-08-15","426,00","1,69","","","","","","","","ok","","ANBIMA Data API (web-bff)"
"CEEBA7","0,7432","DI_SPREAD","CDI + 0,74%","DI + 1.1800%","2026-08-03","2028-11-15","493,00","1,96","","","","","","","","ok","","ANBIMA Data API (web-bff)"
"CEEBA8","0,6452","DI_SPREAD","CDI + 0,65%","DI + 0.9500%","2026-08-03","2029-06-10","597,00","2,37","","","","","","","","ok","","ANBIMA Data API (web-bff)"
"CEEBB3","1,0462","DI_SPREAD","CDI + 1,05%","DI + 1.4900%","2026-08-03","2028-10-15","373,00","1,48","","","","","","","","ok","","ANBIMA Data API (web-bff)"
"CEEBB6","8,0673","IPCA_SPREAD","B30 - 15 bps","IPCA + 6.2500%","2026-08-03","2030-08-15","780,00","3,10","","","","2030-08-15","B30","8,2269","-15","ok","","ANBIMA Data API (web-bff)"
"CEEBB7","8,1329","IPCA_SPREAD","B32 - 3 bps","IPCA + 6.1000%","2026-08-03","2033-11-15","1297,00","5,15","","","","2032-08-15","B32","8,1613","-3","ok","","ANBIMA Data API (web-bff)"
"CEEBB8","0,7063","DI_SPREAD","CDI + 0,71%","DI + 1.1000%","2026-08-03","2031-06-10","824,00","3,27","","","","","","","","ok","","ANBIMA Data API (web-bff)"
"CEEBC3","8,0684","IPCA_SPREAD","B30 - 15 bps","IPCA + 5.8224%","2026-08-03","2031-10-15","921,00","3,65","","","","2030-08-15","B30","8,2269","-15","ok","","ANBIMA Data API (web-bff)"
"CEEBC4","8,0725","IPCA_SPREAD","B31 - 9 bps","IPCA + 6.2792%","2026-08-03","2032-04-15","1007,00","4,00","","","","2031-05-15","B31","8,1700","-9","ok","","ANBIMA Data API (web-bff)"
"CEEBD1","14,1508","PREFIXADO","14,15%","Pré-Fixado 11.6692%","2026-08-03","2032-11-15","1116,00","4,43","","-0,2178","spread = (1 + Y)/(1 + L) - 1; Y = pre 14,15%; L = TaxaLTN_252 venc ref 2032-01-01 = 14,40%","","","","","ok","","ANBIMA Data API (web-bff)"
"CEEBD2","8,0789","IPCA_SPREAD","B35 + 3 bps","IPCA + 6.3000%","2026-08-03","2035-11-15","1742,00","6,91","","","","2035-05-15","B35","8,0500","3","ok","","ANBIMA Data API (web-bff)"
"CEEBE3","8,0668","IPCA_SPREAD","B31 - 10 bps","IPCA + 7.0099%","2026-08-03","2031-03-15","999,00","3,96","","","","2031-05-15","B31","8,1700","-10","ok","","ANBIMA Data API (web-bff)"
"CEED12","8,0449","IPCA_SPREAD","B29 - 12 bps","IPCA + 7.1498%","2026-08-03","2029-12-15","756,00","3,00","","","","2029-05-15","B29","8,1800","-12","ok","","ANBIMA Data API (web-bff)"
"CEED13","8,2087","IPCA_SPREAD","B30 - 2 bps","IPCA + 6.5000%","2026-08-03","2030-07-15","779,00","3,09","","","","2030-08-15","B30","8,2269","-2","ok","","ANBIMA Data API (web-bff)"
"CEED15","8,2356","IPCA_SPREAD","B35 + 17 bps","IPCA + 6.5596%","2026-08-03","2036-05-15","1581,00","6,27","","","","2035-05-15","B35","8,0500","17","ok","","ANBIMA Data API (web-bff)"
"CEED16","0,6229","DI_SPREAD","CDI + 0,62%","DI + 1.0500%","2026-08-03","2030-08-05","587,00","2,33","","","","","","","","ok","","ANBIMA Data API (web-bff)"
"CEED17","8,1683","IPCA_SPREAD","B35 + 11 bps","IPCA + 6.6493%","2026-08-03","2036-09-15","1608,00","6,38","","","","2035-05-15","B35","8,0500","11","ok","","ANBIMA Data API (web-bff)"
"CEED18","0,6016","DI_SPREAD","CDI + 0,60%","DI + 0.8000%","2026-08-03","2030-03-25","705,00","2,80","","","","","","","","ok","","ANBIMA Data API (web-bff)"
"CEED19","8,2056","IPCA_SPREAD","B35 + 14 bps","IPCA + 7.0606%","2026-08-03","2037-06-15","1715,00","6,81","","","","2035-05-15","B35","8,0500","14","ok","","ANBIMA Data API (web-bff)"
"CEED21","8,0556","IPCA_SPREAD","B29 - 11 bps","IPCA + 5.4409%","2026-08-03","2029-08-15","583,00","2,31","","","","2029-05-15","B29","8,1800","-11","ok","","ANBIMA Data API (web-bff)"
"CEEDA0","0,7537","DI_SPREAD","CDI + 0,75%","DI + 0.6500%","2026-08-03","2032-10-15","902,00","3,58","","","","","","","","ok","","ANBIMA Data API (web-bff)"
"CEEDA1","0,7694","DI_SPREAD","CDI + 0,77%","DI + 0.7500%","2026-08-03","2033-04-15","980,00","3,89","","","","","","","","ok","","ANBIMA Data API (web-bff)"
"CEMTE2","0,7071","DI_SPREAD","CDI + 0,71%","DI + 1.0500%","2026-08-03","2029-06-10","406,00","1,61","","","","","","","","ok","","ANBIMA Data API (web-bff)"
"CEPEA1","0,9043","DI_SPREAD","CDI + 0,90%","DI + 1.3900%","2026-08-03","2026-10-15","51,00","0,20","","","","","","","","ok","","ANBIMA Data API (web-bff)"
"CEPEA3","0,7488","DI_SPREAD","CDI + 0,75%","DI + 1.1800%","2026-08-03","2028-11-15","493,00","1,96","","","","","","","","ok","","ANBIMA Data API (web-bff)"
"CEPEA4","0,8634","DI_SPREAD","CDI + 0,86%","DI + 1.1800%","2026-08-03","2029-03-18","538,00","2,13","","","","","","","","ok","","ANBIMA Data API (web-bff)"
"CEPEA6","14,2798","PREFIXADO","14,28%","Pré-Fixado 13.5966%","2026-08-03","2032-04-25","1011,00","4,01","","-0,1051","spread = (1 + Y)/(1 + L) - 1; Y = pre 14,28%; L = TaxaLTN_252 venc ref 2032-01-01 = 14,40%","","","","","ok","","ANBIMA Data API (web-bff)"
"CEPEA7","7,8596","IPCA_SPREAD","B40 + 7 bps","IPCA + 6.7929%","2026-08-03","2035-08-15","2263,00","8,98","","","","2040-08-15","B40","7,7857","7","ok","","ANBIMA Data API (web-bff)"
"CEPEA8","8,0593","IPCA_SPREAD","B31 - 10 bps","IPCA + 7.0099%","2026-08-03","2031-03-15","999,00","3,96","","","","2031-05-15","B31","8,1700","-10","ok","","ANBIMA Data API (web-bff)"
"CEPEB1","0,9919","DI_SPREAD","CDI + 0,99%","DI + 1.5400%","2026-08-03","2028-10-15","373,00","1,48","","","","","","","","ok","","ANBIMA Data API (web-bff)"
"CEPEB2","1,0569","DI_SPREAD","CDI + 1,06%","DI + 1.6800%","2026-08-03","2029-04-15","465,00","1,85","","","","","","","","ok","","ANBIMA Data API (web-bff)"
"CEPEB3","8,1240","IPCA_SPREAD","B32 - 3 bps","IPCA + 6.1000%","2026-08-03","2033-11-15","1297,00","5,15","","","","2032-08-15","B32","8,1613","-3","ok","","ANBIMA Data API (web-bff)"
"CEPEB7","7,9584","IPCA_SPREAD","B37 + 7 bps","IPCA + 6.7392%","2026-08-03","2040-08-15","2108,00","8,37","","","","2037-05-15","B37","7,8869","7","ok","","ANBIMA Data API (web-bff)"
"CEPEC1","8,0555","IPCA_SPREAD","B30 - 16 bps","IPCA + 5.8750%","2026-08-03","2031-10-15","920,00","3,65","","","","2030-08-15","B30","8,2269","-16","ok","","ANBIMA Data API (web-bff)"
"CEPEC2","8,0961","IPCA_SPREAD","B31 - 7 bps","IPCA + 6.2792%","2026-08-03","2032-04-15","1007,00","4,00","","","","2031-05-15","B31","8,1700","-7","ok","","ANBIMA Data API (web-bff)"
"CERO19","0,5946","DI_SPREAD","CDI + 0,59%","DI + 0.8500%","2026-08-03","2029-04-15","560,00","2,22","","","","","","","","ok","","ANBIMA Data API (web-bff)"
"CEROA2","0,5597","DI_SPREAD","CDI + 0,56%","DI + 0.9500%","2026-08-03","2029-12-15","684,00","2,71","","","","","","","","ok","","ANBIMA Data API (web-bff)"
"CEROA3","14,2749","PREFIXADO","14,27%","Pré-Fixado 13.7000%","2026-08-03","2032-05-15","1023,00","4,06","","-0,1094","spread = (1 + Y)/(1 + L) - 1; Y = pre 14,27%; L = TaxaLTN_252 venc ref 2032-01-01 = 14,40%","","","","","ok","","ANBIMA Data API (web-bff)"
"CEROA4","8,2222","IPCA_SPREAD","B35 + 16 bps","IPCA + 7.2856%","2026-08-03","2035-10-15","1672,00","6,63","","","","2035-05-15","B35","8,0500","16","ok","","ANBIMA Data API (web-bff)"
"CEROB2","0,6011","DI_SPREAD","CDI + 0,60%","DI + 1.1000%","2026-08-03","2031-12-15","896,00","3,56","","","","","","","","ok","","ANBIMA Data API (web-bff)"
"CEROB4","8,0526","IPCA_SPREAD","B40 + 25 bps","IPCA + 7.1683%","2026-08-03","2040-10-15","2116,00","8,40","","","","2040-08-15","B40","7,7857","25","ok","","ANBIMA Data API (web-bff)"
"CERR18","9,6526","IPCA_SPREAD","B33 + 139 bps","IPCA + 8.3082%","2026-08-03","2034-12-15","1388,00","5,51","","","","2033-05-15","B33","8,1468","139","ok","","ANBIMA Data API (web-bff)"
"CERT11","8,4803","IPCA_SPREAD","B29 + 28 bps","IPCA + 8.1773%","2026-08-03","2029-03-15","653,00","2,59","","","","2029-05-15","B29","8,1800","28","ok","","ANBIMA Data API (web-bff)"
"CESE22","0,7457","DI_SPREAD","CDI + 0,75%","DI + 2.5000%","2026-08-03","2028-09-15","245,00","0,97","","","","","","","","ok","","ANBIMA Data API (web-bff)"
"CESE32","7,9165","IPCA_SPREAD","B30 - 29 bps","IPCA + 7.4941%","2026-08-03","2030-09-15","787,00","3,12","","","","2030-08-15","B30","8,2269","-29","ok","","ANBIMA Data API (web-bff)"
"CESPA2","8,0103","IPCA_SPREAD","B29 - 16 bps","IPCA + 4.3000%","2026-08-03","2030-08-15","695,00","2,76","","","","2029-05-15","B29","8,1800","-16","ok","","ANBIMA Data API (web-bff)"
"CESPA3","8,1207","IPCA_SPREAD","B33 - 2 bps","IPCA + 6.1661%","2026-08-03","2034-04-15","1356,00","5,38","","","","2033-05-15","B33","8,1468","-2","ok","","ANBIMA Data API (web-bff)"
"CESPA4","0,8004","DI_SPREAD","CDI + 0,80%","DI + 0.6200%","2026-08-03","2032-08-14","950,00","3,77","","","","","","","","ok","","ANBIMA Data API (web-bff)"
"CGASA1","8,0311","IPCA_SPREAD","B35 - 2 bps","IPCA + 6.3763%","2026-08-03","2034-07-15","1572,00","6,24","","","","2035-05-15","B35","8,0500","-2","ok","","ANBIMA Data API (web-bff)"
"CGASA2","7,8316","IPCA_SPREAD","B37 - 5 bps","IPCA + 7.1728%","2026-08-03","2036-12-15","1851,00","7,35","","","","2037-05-15","B37","7,8869","-5","ok","","ANBIMA Data API (web-bff)"
"CGASA3","0,4657","DI_SPREAD","CDI + 0,47%","DI + 0.4500%","2026-08-03","2028-05-15","398,00","1,58","","","","","","","","ok","","ANBIMA Data API (web-bff)"
"CGASA4","7,8305","IPCA_SPREAD","B37 - 5 bps","IPCA + 6.7998%","2026-08-03","2037-09-15","1924,00","7,63","","","","2037-05-15","B37","7,8869","-5","ok","","ANBIMA Data API (web-bff)"
"CGASA5","0,6562","DI_SPREAD","CDI + 0,66%","DI + 0.7500%","2026-08-03","2029-03-15","541,00","2,15","","","","","","","","ok","","ANBIMA Data API (web-bff)"
"CGASB1","7,9283","IPCA_SPREAD","B37 + 4 bps","IPCA + 6.4504%","2026-08-03","2039-07-15","2076,00","8,24","","","","2037-05-15","B37","7,8869","4","ok","","ANBIMA Data API (web-bff)"
"CGASB4","7,8646","IPCA_SPREAD","B40 + 7 bps","IPCA + 6.5846%","2026-08-03","2040-09-15","2143,00","8,50","","","","2040-08-15","B40","7,7857","7","ok","","ANBIMA Data API (web-bff)"
"CGBP14","0,8201","DI_SPREAD","CDI + 0,82%","DI + 1.0000%","2026-08-03","2032-03-25","723,00","2,87","","","","","","","","ok","","ANBIMA Data API (web-bff)"
"CGEE13","14,3646","IPCA_SPREAD","B33 + 575 bps","IPCA + 8.7219%","2026-08-03","2041-12-14","1376,00","5,46","","","","2033-05-15","B33","8,1468","575","ok","","ANBIMA Data API (web-bff)"
"CGEE23","14,3428","IPCA_SPREAD","B33 + 573 bps","IPCA + 8.7219%","2026-08-03","2041-12-15","1377,00","5,46","","","","2033-05-15","B33","8,1468","573","ok","","ANBIMA Data API (web-bff)"
"CGMG18","7,8375","IPCA_SPREAD","B29 - 32 bps","IPCA + 5.2700%","2026-08-03","2031-08-15","578,00","2,29","","","","2029-05-15","B29","8,1800","-32","ok","","ANBIMA Data API (web-bff)"
"CGOS13","8,1611","IPCA_SPREAD","B30 - 6 bps","IPCA + 7.1000%","2026-08-03","2031-04-15","806,00","3,20","","","","2030-08-15","B30","8,2269","-6","ok","","ANBIMA Data API (web-bff)"
"CGOS15","0,6460","DI_SPREAD","CDI + 0,65%","DI + 1.0500%","2026-08-03","2030-03-20","533,00","2,12","","","","","","","","ok","","ANBIMA Data API (web-bff)"
"CGOS16","8,2153","IPCA_SPREAD","B35 + 15 bps","IPCA + 6.4895%","2026-08-03","2036-05-15","1584,00","6,29","","","","2035-05-15","B35","8,0500","15","ok","","ANBIMA Data API (web-bff)"
"CGOS17","0,6175","DI_SPREAD","CDI + 0,62%","DI + 1.0000%","2026-08-03","2030-08-05","587,00","2,33","","","","","","","","ok","","ANBIMA Data API (web-bff)"
"CGOS18","0,6244","DI_SPREAD","CDI + 0,62%","DI + 1.0000%","2026-08-03","2030-09-15","615,00","2,44","","","","","","","","ok","","ANBIMA Data API (web-bff)"
"CGOS19","0,6668","DI_SPREAD","CDI + 0,67%","DI + 0.9200%","2026-08-03","2031-11-25","948,00","3,76","","","","","","","","ok","","ANBIMA Data API (web-bff)"
"CGOS24","8,1458","IPCA_SPREAD","B30 - 7 bps","IPCA + 6.4407%","2026-08-03","2031-10-15","912,00","3,62","","","","2030-08-15","B30","8,2269","-7","ok","","ANBIMA Data API (web-bff)"
"CGOS28","8,1456","IPCA_SPREAD","B35 + 9 bps","IPCA + 6.6493%","2026-08-03","2036-09-15","1609,00","6,38","","","","2035-05-15","B35","8,0500","9","ok","","ANBIMA Data API (web-bff)"
"CGOS34","8,2325","IPCA_SPREAD","B33 + 8 bps","IPCA + 6.6789%","2026-08-03","2035-10-15","1486,00","5,90","","","","2033-05-15","B33","8,1468","8","ok","","ANBIMA Data API (web-bff)"
"CGOSA0","8,1397","IPCA_SPREAD","B35 + 8 bps","IPCA + 7.3239%","2026-08-03","2037-08-15","1688,00","6,70","","","","2035-05-15","B35","8,0500","8","ok","","ANBIMA Data API (web-bff)"
"CGOSA1","0,7318","DI_SPREAD","CDI + 0,73%","DI + 0.6500%","2026-08-03","2032-10-15","902,00","3,58","","","","","","","","ok","","ANBIMA Data API (web-bff)"
"CGOSA2","8,1454","IPCA_SPREAD","B37 + 24 bps","IPCA + 6.5700%","2026-08-03","2038-01-15","1825,00","7,24","","","","2037-05-15","B37","7,8869","24","ok","","ANBIMA Data API (web-bff)"
"CGOSB0","8,2264","IPCA_SPREAD","B35 + 16 bps","IPCA + 7.3239%","2026-08-03","2037-08-15","1685,00","6,69","","","","2035-05-15","B35","8,0500","16","ok","","ANBIMA Data API (web-bff)"
"CHSF12","0,4934","DI_SPREAD","CDI + 0,49%","DI + 0.8500%","2026-08-03","2029-04-15","560,00","2,22","","","","","","","","ok","","ANBIMA Data API (web-bff)"
"CHSF13","7,7305","IPCA_SPREAD","B31 - 41 bps","IPCA + 6.7670%","2026-08-03","2031-06-15","1045,00","4,15","","","","2031-05-15","B31","8,1700","-41","ok","","ANBIMA Data API (web-bff)"
"CHSF14","0,6216","DI_SPREAD","CDI + 0,62%","DI + 0.8500%","2026-08-03","2031-09-15","900,00","3,57","","","","","","","","ok","","ANBIMA Data API (web-bff)"
"CHSF24","0,6435","DI_SPREAD","CDI + 0,64%","DI + 1.0500%","2026-08-03","2034-09-15","1104,00","4,38","","","","","","","","ok","","ANBIMA Data API (web-bff)"
"CHTH11","0,4508","DI_SPREAD","CDI + 0,45%","DI + 0.4300%","2026-08-03","2029-12-15","602,00","2,39","","","","","","","","ok","","ANBIMA Data API (web-bff)"
"CIEL17","0,3010","DI_SPREAD","CDI + 0,30%","DI + 0.5400%","2026-08-03","2027-12-17","320,00","1,27","","","","","","","","ok","","ANBIMA Data API (web-bff)"
"CIEL18","0,4231","DI_SPREAD","CDI + 0,42%","DI + 0.5400%","2026-08-03","2029-05-08","577,00","2,29","","","","","","","","ok","","ANBIMA Data API (web-bff)"
"CIEL19","0,3835","DI_SPREAD","CDI + 0,38%","DI + 0.3900%","2026-08-03","2028-10-20","479,00","1,90","","","","","","","","ok","","ANBIMA Data API (web-bff)"
"CJEN13","7,9811","IPCA_SPREAD","B31 - 17 bps","IPCA + 8.1693%","2026-08-03","2035-12-15","1035,00","4,11","","","","2031-05-15","B31","8,1700","-17","ok","","ANBIMA Data API (web-bff)"
"CLAG13","9,4194","IPCA_SPREAD","B28 + 91 bps","IPCA + 5.4806%","2026-08-03","2028-07-15","349,00","1,38","","","","2028-08-15","B28","8,4300","91","ok","","ANBIMA Data API (web-bff)"
"CLAG15","9,1067","IPCA_SPREAD","B32 + 87 bps","IPCA + 7.7700%","2026-08-03","2032-12-15","1189,00","4,72","","","","2032-08-15","B32","8,1613","87","ok","","ANBIMA Data API (web-bff)"
"CLCD16","0,8168","DI_SPREAD","CDI + 0,82%","DI + 1.6500%","2026-08-03","2028-11-15","288,00","1,14","","","","","","","","ok","","ANBIMA Data API (web-bff)"
"CLCD17","0,9033","DI_SPREAD","CDI + 0,90%","DI + 0.9500%","2026-08-03","2031-07-15","813,00","3,23","","","","","","","","ok","","ANBIMA Data API (web-bff)"
"CLCD18","0,7972","DI_SPREAD","CDI + 0,80%","DI + 0.6700%","2026-08-03","2031-07-30","811,00","3,22","","","","","","","","ok","","ANBIMA Data API (web-bff)"
"CLCD19","0,3988","DI_SPREAD","CDI + 0,40%","DI + 0.3000%","2026-08-03","2027-02-28","142,00","0,56","","","","","","","","ok","","ANBIMA Data API (web-bff)"
"CLCD26","7,7027","IPCA_SPREAD","B29 - 44 bps","IPCA + 6.5279%","2026-08-03","2030-11-15","738,00","2,93","","","","2029-05-15","B29","8,1800","-44","ok","","ANBIMA Data API (web-bff)"
"CLCD27","7,7803","IPCA_SPREAD","B33 - 34 bps","IPCA + 6.9534%","2026-08-03","2034-07-15","1359,00","5,39","","","","2033-05-15","B33","8,1468","-34","ok","","ANBIMA Data API (web-bff)"
"CLII12","1,8588","DI_SPREAD","CDI + 1,86%","DI + 3.5000%","2026-08-03","2031-10-10","616,00","2,44","","","","","","","","ok","","ANBIMA Data API (web-bff)"
"CLIS11","1,7913","DI_SPREAD","CDI + 1,79%","DI + 3.2000%","2026-08-03","2031-10-10","585,00","2,32","","","","","","","","ok","","ANBIMA Data API (web-bff)"
"CLIS13","8,1156","IPCA_SPREAD","B32 - 4 bps","IPCA + 8.5536%","2026-08-03","2035-08-15","1228,00","4,87","","","","2032-08-15","B32","8,1613","-4","ok","","ANBIMA Data API (web-bff)"
"CLMOA4","0,7012","DI_SPREAD","CDI + 0,70%","DI + 0.9500%","2026-08-03","2032-11-27","945,00","3,75","","","","","","","","ok","","ANBIMA Data API (web-bff)"
"CLNG11","","IPCA_SPREAD","—","IPCA + 8.7345%","2026-08-03","2028-06-27","","","","","","","","","","sem_taxa","Taxa indicativa vazia","ANBIMA Data API (web-bff)"
"CLTM14","9,0926","IPCA_SPREAD","B33 + 87 bps","IPCA + 7.2500%","2026-08-03","2042-01-15","1423,00","5,65","","","","2033-05-15","B33","8,1468","87","ok","","ANBIMA Data API (web-bff)"
"CMED13","0,9410","DI_SPREAD","CDI + 0,94%","DI + 0.7500%","2026-08-03","2029-05-02","479,00","1,90","","","","","","","","ok","","ANBIMA Data API (web-bff)"
"CMGD18","0,7980","DI_SPREAD","CDI + 0,80%","DI + 1.3500%","2026-08-03","2027-06-15","206,00","0,82","","","","","","","","ok","","ANBIMA Data API (web-bff)"
"CMGD28","8,0110","IPCA_SPREAD","B28 - 39 bps","IPCA + 6.1052%","2026-08-03","2029-06-15","553,00","2,19","","","","2028-08-15","B28","8,4300","-39","ok","","ANBIMA Data API (web-bff)"
"CMGDA0","0,4540","DI_SPREAD","CDI + 0,45%","DI + 0.8000%","2026-08-03","2029-02-15","429,00","1,70","","","","","","","","ok","","ANBIMA Data API (web-bff)"
"CMGDA1","0,6349","DI_SPREAD","CDI + 0,63%","DI + 0.5500%","2026-08-03","2031-09-15","839,00","3,33","","","","","","","","ok","","ANBIMA Data API (web-bff)"
"CMGDA2","0,6611","DI_SPREAD","CDI + 0,66%","DI + 0.8600%","2026-08-03","2032-03-15","898,00","3,56","","","","","","","","ok","","ANBIMA Data API (web-bff)"
"CMGDA3","0,5711","DI_SPREAD","CDI + 0,57%","DI + 0.6400%","2026-08-03","2030-04-15","641,00","2,54","","","","","","","","ok","","ANBIMA Data API (web-bff)"
"CMGDA4","7,7839","IPCA_SPREAD","B37 - 10 bps","IPCA + 6.7878%","2026-08-03","2037-10-15","1827,00","7,25","","","","2037-05-15","B37","7,8869","-10","ok","","ANBIMA Data API (web-bff)"
"CMGDB0","7,8539","IPCA_SPREAD","B33 - 27 bps","IPCA + 6.1469%","2026-08-03","2034-02-15","1320,00","5,24","","","","2033-05-15","B33","8,1468","-27","ok","","ANBIMA Data API (web-bff)"
"CMGDB1","7,8120","IPCA_SPREAD","B35 - 22 bps","IPCA + 6.5769%","2026-08-03","2036-09-15","1756,00","6,97","","","","2035-05-15","B35","8,0500","-22","ok","","ANBIMA Data API (web-bff)"
"CMGDB2","7,7608","IPCA_SPREAD","B37 - 12 bps","IPCA + 7.5467%","2026-08-03","2040-03-15","2039,00","8,09","","","","2037-05-15","B37","7,8869","-12","ok","","ANBIMA Data API (web-bff)"
"CMGDB3","0,6682","DI_SPREAD","CDI + 0,67%","DI + 0.8000%","2026-08-03","2032-04-15","920,00","3,65","","","","","","","","ok","","ANBIMA Data API (web-bff)"
"CMGDB4","7,7419","IPCA_SPREAD","B40 - 4 bps","IPCA + 6.6504%","2026-08-03","2040-10-15","2166,00","8,60","","","","2040-08-15","B40","7,7857","-4","ok","","ANBIMA Data API (web-bff)"
"CMGTA0","0,5398","DI_SPREAD","CDI + 0,54%","DI + 0.6400%","2026-08-03","2030-03-15","620,00","2,46","","","","","","","","ok","","ANBIMA Data API (web-bff)"
"CMGTA1","7,7500","IPCA_SPREAD","B37 - 13 bps","IPCA + 6.7878%","2026-08-03","2037-10-15","1828,00","7,25","","","","2037-05-15","B37","7,8869","-13","ok","","ANBIMA Data API (web-bff)"
"CMGTA2","0,6461","DI_SPREAD","CDI + 0,65%","DI + 0.7000%","2026-08-03","2031-06-10","828,00","3,29","","","","","","","","ok","","ANBIMA Data API (web-bff)"
"CMGTB1","7,7570","IPCA_SPREAD","B40 - 3 bps","IPCA + 6.6504%","2026-08-03","2040-10-15","2165,00","8,59","","","","2040-08-15","B40","7,7857","-3","ok","","ANBIMA Data API (web-bff)"
"CMIN11","15,4162","IPCA_SPREAD","B31 + 670 bps","IPCA + 4.8790%","2026-08-03","2031-07-15","1076,00","4,27","","","","2031-05-15","B31","8,1700","670","ok","","ANBIMA Data API (web-bff)"
"CMIN12","15,4254","IPCA_SPREAD","B32 + 672 bps","IPCA + 6.8798%","2026-08-03","2032-07-15","1187,00","4,71","","","","2032-08-15","B32","8,1613","672","ok","","ANBIMA Data API (web-bff)"
"CMIN21","15,2644","IPCA_SPREAD","B35 + 668 bps","IPCA + 5.0210%","2026-08-03","2036-07-15","1567,00","6,22","","","","2035-05-15","B35","8,0500","668","ok","","ANBIMA Data API (web-bff)"
"CMIN22","15,1390","IPCA_SPREAD","B35 + 656 bps","IPCA + 7.0673%","2026-08-03","2037-07-15","1612,00","6,40","","","","2035-05-15","B35","8,0500","656","ok","","ANBIMA Data API (web-bff)"
"CMPH14","","DI_SPREAD","—","DI + 1.7000%","2026-08-03","2034-01-30","","","","","","","","","","sem_taxa","Taxa indicativa vazia","ANBIMA Data API (web-bff)"
"CMTR19","0,6652","DI_SPREAD","CDI + 0,67%","DI + 1.3300%","2026-08-03","2027-12-15","204,00","0,81","","","","","","","","ok","","ANBIMA Data API (web-bff)"
"CMTR29","7,7917","IPCA_SPREAD","B29 - 36 bps","IPCA + 7.6245%","2026-08-03","2029-12-15","752,00","2,98","","","","2029-05-15","B29","8,1800","-36","ok","","ANBIMA Data API (web-bff)"
"CNLM17","0,7682","DI_SPREAD","CDI + 0,77%","DI + 0.9600%","2026-08-03","2033-04-15","1030,00","4,09","","","","","","","","ok","","ANBIMA Data API (web-bff)"
"CNRD12","8,8788","IPCA_SPREAD","B35 + 77 bps","IPCA + 7.6891%","2026-08-03","2043-05-15","1755,00","6,96","","","","2035-05-15","B35","8,0500","77","ok","","ANBIMA Data API (web-bff)"
"COCE18","8,9580","IPCA_SPREAD","B31 + 73 bps","IPCA + 6.2137%","2026-08-03","2032-05-15","1024,00","4,06","","","","2031-05-15","B31","8,1700","73","ok","","ANBIMA Data API (web-bff)"
"COCEA2","1,0351","DI_SPREAD","CDI + 1,04%","DI + 1.1000%","2026-08-03","2029-05-15","578,00","2,29","","","","","","","","ok","","ANBIMA Data API (web-bff)"
"COCEB2","9,1604","IPCA_SPREAD","B30 + 86 bps","IPCA + 7.9000%","2026-08-03","2030-05-15","820,00","3,25","","","","2030-08-15","B30","8,2269","86","ok","","ANBIMA Data API (web-bff)"
"COGNA4","1,2043","DI_SPREAD","CDI + 1,20%","DI + 1.6000%","2026-08-03","2029-11-19","576,00","2,29","","","","","","","","ok","","ANBIMA Data API (web-bff)"
"COGNA5","0,9935","DI_SPREAD","CDI + 0,99%","DI + 0.6400%","2026-08-03","2028-11-17","506,00","2,01","","","","","","","","ok","","ANBIMA Data API (web-bff)"
"COGNB2","1,1518","DI_SPREAD","CDI + 1,15%","DI + 1.6000%","2026-08-03","2029-05-15","485,00","1,92","","","","","","","","ok","","ANBIMA Data API (web-bff)"
"COLNA3","0,7959","DI_SPREAD","CDI + 0,80%","DI + 0.8000%","2026-08-03","2032-01-15","799,00","3,17","","","","","","","","ok","","ANBIMA Data API (web-bff)"
"COMR14","9,4307","IPCA_SPREAD","B32 + 117 bps","IPCA + 7.9171%","2026-08-03","2038-11-15","1308,00","5,19","","","","2032-08-15","B32","8,1613","117","ok","","ANBIMA Data API (web-bff)"
"COMR15","9,4328","IPCA_SPREAD","B33 + 119 bps","IPCA + 7.2209%","2026-08-03","2040-04-15","1392,00","5,52","","","","2033-05-15","B33","8,1468","119","ok","","ANBIMA Data API (web-bff)"
"COMT11","7,8495","IPCA_SPREAD","B30 - 35 bps","IPCA + 7.3161%","2026-08-03","2030-12-15","947,00","3,76","","","","2030-08-15","B30","8,2269","-35","ok","","ANBIMA Data API (web-bff)"
"CONF11","8,4929","IPCA_SPREAD","B35 + 41 bps","IPCA + 6.6018%","2026-08-03","2041-11-15","1557,00","6,18","","","","2035-05-15","B35","8,0500","41","ok","","ANBIMA Data API (web-bff)"
"CONX12","12,3373","IPCA_SPREAD","B28 + 360 bps","IPCA + 7.6840%","2026-08-03","2029-08-15","335,00","1,33","","","","2028-08-15","B28","8,4300","360","ok","","ANBIMA Data API (web-bff)"
"CPFGA2","7,8161","IPCA_SPREAD","B30 - 38 bps","IPCA + 6.0265%","2026-08-03","2031-05-15","839,00","3,33","","","","2030-08-15","B30","8,2269","-38","ok","","ANBIMA Data API (web-bff)"
"CPFGA3","0,5906","DI_SPREAD","CDI + 0,59%","DI + 0.5900%","2026-08-03","2031-09-10","851,00","3,38","","","","","","","","ok","","ANBIMA Data API (web-bff)"
"CPFPA2","7,7619","IPCA_SPREAD","B30 - 43 bps","IPCA + 4.3000%","2026-08-03","2031-05-15","861,00","3,42","","","","2030-08-15","B30","8,2269","-43","ok","","ANBIMA Data API (web-bff)"
"CPFPA5","7,8262","IPCA_SPREAD","B32 - 31 bps","IPCA + 6.1774%","2026-08-03","2033-10-15","1277,00","5,07","","","","2032-08-15","B32","8,1613","-31","ok","","ANBIMA Data API (web-bff)"
"CPFPA6","0,3704","DI_SPREAD","CDI + 0,37%","DI + 0.5700%","2026-08-03","2028-06-05","220,00","0,87","","","","","","","","ok","","ANBIMA Data API (web-bff)"
"CPFPA7","7,8636","IPCA_SPREAD","B33 - 26 bps","IPCA + 6.2350%","2026-08-03","2034-04-15","1357,00","5,38","","","","2033-05-15","B33","8,1468","-26","ok","","ANBIMA Data API (web-bff)"
"CPFPA8","0,4522","DI_SPREAD","CDI + 0,45%","DI + 0.4900%","2026-08-03","2029-09-10","546,00","2,17","","","","","","","","ok","","ANBIMA Data API (web-bff)"
"CPFPA9","7,8333","IPCA_SPREAD","B33 - 29 bps","IPCA + 7.7082%","2026-08-03","2035-02-15","1422,00","5,64","","","","2033-05-15","B33","8,1468","-29","ok","","ANBIMA Data API (web-bff)"
"CPFPB0","7,8786","IPCA_SPREAD","B33 - 25 bps","IPCA + 6.9249%","2026-08-03","2035-05-15","1508,00","5,98","","","","2033-05-15","B33","8,1468","-25","ok","","ANBIMA Data API (web-bff)"
"CPFPB1","7,8260","IPCA_SPREAD","B35 - 21 bps","IPCA + 6.8967%","2026-08-03","2035-09-15","1540,00","6,11","","","","2035-05-15","B35","8,0500","-21","ok","","ANBIMA Data API (web-bff)"
"CPFPB7","7,7115","IPCA_SPREAD","B37 - 16 bps","IPCA + 6.3018%","2026-08-03","2039-04-15","2032,00","8,06","","","","2037-05-15","B37","7,8869","-16","ok","","ANBIMA Data API (web-bff)"
"CPFPB8","0,5576","DI_SPREAD","CDI + 0,56%","DI + 0.5900%","2026-08-03","2031-09-10","851,00","3,38","","","","","","","","ok","","ANBIMA Data API (web-bff)"
"CPGT17","0,7377","DI_SPREAD","CDI + 0,74%","DI + 1.3800%","2026-08-03","2026-10-15","51,00","0,20","","","","","","","","ok","","ANBIMA Data API (web-bff)"
"CPGT18","0,6407","DI_SPREAD","CDI + 0,64%","DI + 1.4000%","2026-08-03","2030-01-15","617,00","2,45","","","","","","","","ok","","ANBIMA Data API (web-bff)"
"CPGT19","0,4548","DI_SPREAD","CDI + 0,45%","DI + 0.5200%","2026-08-03","2029-10-10","463,00","1,84","","","","","","","","ok","","ANBIMA Data API (web-bff)"
"CPGT27","7,7504","IPCA_SPREAD","B30 - 44 bps","IPCA + 5.7138%","2026-08-03","2031-10-15","924,00","3,67","","","","2030-08-15","B30","8,2269","-44","ok","","ANBIMA Data API (web-bff)"
"CPGT28","7,8639","IPCA_SPREAD","B33 - 26 bps","IPCA + 6.8226%","2026-08-03","2035-01-15","1479,00","5,87","","","","2033-05-15","B33","8,1468","-26","ok","","ANBIMA Data API (web-bff)"
"CPGT29","0,6919","DI_SPREAD","CDI + 0,69%","DI + 0.6900%","2026-08-03","2031-10-10","856,00","3,40","","","","","","","","ok","","ANBIMA Data API (web-bff)"
"CPGT39","0,7982","DI_SPREAD","CDI + 0,80%","DI + 0.9500%","2026-08-03","2034-10-10","1121,00","4,45","","","","","","","","ok","","ANBIMA Data API (web-bff)"
"CPGTA0","0,4421","DI_SPREAD","CDI + 0,44%","DI + 0.5900%","2026-08-03","2029-02-15","429,00","1,70","","","","","","","","ok","","ANBIMA Data API (web-bff)"
"CPGTA1","7,8089","IPCA_SPREAD","B35 - 22 bps","IPCA + 7.1841%","2026-08-03","2038-01-15","1714,00","6,80","","","","2035-05-15","B35","8,0500","-22","ok","","ANBIMA Data API (web-bff)"
"CPGTB0","0,6979","DI_SPREAD","CDI + 0,70%","DI + 0.7900%","2026-08-03","2032-02-15","879,00","3,49","","","","","","","","ok","","ANBIMA Data API (web-bff)"
"CPGTC0","7,8298","IPCA_SPREAD","B33 - 29 bps","IPCA + 7.4820%","2026-08-03","2037-02-15","1533,00","6,08","","","","2033-05-15","B33","8,1468","-29","ok","","ANBIMA Data API (web-bff)"
"CPIS13","8,2303","IPCA_SPREAD","B35 + 17 bps","IPCA + 6.8091%","2026-08-03","2036-09-15","1600,00","6,35","","","","2035-05-15","B35","8,0500","17","ok","","ANBIMA Data API (web-bff)"
"CPIS14","8,1459","IPCA_SPREAD","B35 + 9 bps","IPCA + 7.3239%","2026-08-03","2037-08-15","1687,00","6,69","","","","2035-05-15","B35","8,0500","9","ok","","ANBIMA Data API (web-bff)"
"CPIS15","8,2384","IPCA_SPREAD","B35 + 17 bps","IPCA + 7.1962%","2026-08-03","2037-09-15","1710,00","6,79","","","","2035-05-15","B35","8,0500","17","ok","","ANBIMA Data API (web-bff)"
"CPIS16","8,0857","IPCA_SPREAD","B37 + 18 bps","IPCA + 6.5700%","2026-08-03","2038-01-15","1826,00","7,25","","","","2037-05-15","B37","7,8869","18","ok","","ANBIMA Data API (web-bff)"
"CPLD15","7,6252","IPCA_SPREAD","B27 - 42 bps","IPCA + 4.2000%","2026-08-03","2027-11-15","190,00","0,75","","","","2027-05-15","B27","8,0775","-42","ok","","ANBIMA Data API (web-bff)"
"CPLD19","0,5819","DI_SPREAD","CDI + 0,58%","DI + 0.6000%","2026-08-03","2031-05-15","735,00","2,92","","","","","","","","ok","","ANBIMA Data API (web-bff)"
"CPLD26","7,7353","IPCA_SPREAD","B30 - 45 bps","IPCA + 4.7742%","2026-08-03","2031-06-15","877,00","3,48","","","","2030-08-15","B30","8,2269","-45","ok","","ANBIMA Data API (web-bff)"
"CPLD27","0,8978","DI_SPREAD","CDI + 0,90%","DI + 1.3600%","2026-08-03","2027-05-15","186,00","0,74","","","","","","","","ok","","ANBIMA Data API (web-bff)"
"CPLD29","7,8201","IPCA_SPREAD","B33 - 30 bps","IPCA + 6.2831%","2026-08-03","2036-05-15","1446,00","5,74","","","","2033-05-15","B33","8,1468","-30","ok","","ANBIMA Data API (web-bff)"
"CPLD37","7,7811","IPCA_SPREAD","B31 - 36 bps","IPCA + 6.1732%","2026-08-03","2032-05-15","1030,00","4,09","","","","2031-05-15","B31","8,1700","-36","ok","","ANBIMA Data API (web-bff)"
"CPLD38","1,5089","DI_SPREAD","CDI + 1,51%","DI + 2.2500%","2026-08-03","2028-06-15","415,00","1,65","","","","","","","","ok","","ANBIMA Data API (web-bff)"
"CPLDA0","0,4629","DI_SPREAD","CDI + 0,46%","DI + 0.4300%","2026-08-03","2030-07-15","627,00","2,49","","","","","","","","ok","","ANBIMA Data API (web-bff)"
"CPLDA1","7,7876","IPCA_SPREAD","B35 - 24 bps","IPCA + 7.1841%","2026-08-03","2038-01-15","1714,00","6,80","","","","2035-05-15","B35","8,0500","-24","ok","","ANBIMA Data API (web-bff)"
"CPLDB0","0,6567","DI_SPREAD","CDI + 0,66%","DI + 0.5800%","2026-08-03","2032-07-15","1010,00","4,01","","","","","","","","ok","","ANBIMA Data API (web-bff)"
"CPLDC0","7,8090","IPCA_SPREAD","B35 - 22 bps","IPCA + 6.9543%","2026-08-03","2037-07-15","1655,00","6,57","","","","2035-05-15","B35","8,0500","-22","ok","","ANBIMA Data API (web-bff)"
"CPREA0","0,4687","DI_SPREAD","CDI + 0,47%","DI + 1.1200%","2026-08-03","2028-12-12","511,00","2,03","","","","","","","","ok","","ANBIMA Data API (web-bff)"
"CPTE12","0,9067","DI_SPREAD","CDI + 0,91%","DI + 1.7000%","2026-08-03","2031-07-15","591,00","2,35","","","","","","","","ok","","ANBIMA Data API (web-bff)"
"CRCF12","9,0046","IPCA_SPREAD","B37 + 104 bps","IPCA + 8.4668%","2026-08-03","2041-03-15","1923,00","7,63","","","","2037-05-15","B37","7,8869","104","ok","","ANBIMA Data API (web-bff)"
"CRMG15","7,9804","IPCA_SPREAD","B29 - 18 bps","IPCA + 5.9668%","2026-08-03","2030-12-15","662,00","2,63","","","","2029-05-15","B29","8,1800","-18","ok","","ANBIMA Data API (web-bff)"
"CRNP13","8,7470","IPCA_SPREAD","B40 + 89 bps","IPCA + 8.3702%","2026-08-03","2047-12-15","2174,00","8,63","","","","2040-08-15","B40","7,7857","89","ok","","ANBIMA Data API (web-bff)"
"CRNP23","8,6953","IPCA_SPREAD","B40 + 84 bps","IPCA + 8.3702%","2026-08-03","2047-12-15","2178,00","8,64","","","","2040-08-15","B40","7,7857","84","ok","","ANBIMA Data API (web-bff)"
"CRTA12","8,8669","IPCA_SPREAD","B37 + 91 bps","IPCA + 7.7178%","2026-08-03","2043-12-15","2013,00","7,99","","","","2037-05-15","B37","7,8869","91","ok","","ANBIMA Data API (web-bff)"
"CRTR12","9,0422","IPCA_SPREAD","B35 + 92 bps","IPCA + 7.3201%","2026-08-03","2041-08-15","1622,00","6,44","","","","2035-05-15","B35","8,0500","92","ok","","ANBIMA Data API (web-bff)"
"CSAN15","2,1054","DI_SPREAD","CDI + 2,11%","DI + 2.4000%","2026-08-03","2028-04-20","377,00","1,50","","","","","","","","ok","","ANBIMA Data API (web-bff)"
"CSAN18","1,4958","DI_SPREAD","CDI + 1,50%","DI + 1.8000%","2026-08-03","2031-01-21","773,00","3,07","","","","","","","","ok","","ANBIMA Data API (web-bff)"
"CSAN23","1,5728","DI_SPREAD","CDI + 1,57%","DI + 2.0000%","2026-08-03","2031-08-15","728,00","2,89","","","","","","","","ok","","ANBIMA Data API (web-bff)"
"CSAN24","1,7936","DI_SPREAD","CDI + 1,79%","DI + 1.9000%","2026-08-03","2032-05-05","846,00","3,36","","","","","","","","ok","","ANBIMA Data API (web-bff)"
"CSAN33","10,6975","IPCA_SPREAD","B30 + 228 bps","IPCA + 5.7531%","2026-08-03","2031-08-15","870,00","3,45","","","","2030-08-15","B30","8,2269","228","ok","","ANBIMA Data API (web-bff)"
"CSANA0","1,5335","DI_SPREAD","CDI + 1,53%","DI + 1.0000%","2026-08-03","2029-06-28","518,00","2,06","","","","","","","","ok","","ANBIMA Data API (web-bff)"
"CSANA2","1,6890","DI_SPREAD","CDI + 1,69%","DI + 0.6000%","2026-08-03","2029-01-27","622,00","2,47","","","","","","","","ok","","ANBIMA Data API (web-bff)"
"CSANB0","1,6249","DI_SPREAD","CDI + 1,62%","DI + 1.5000%","2026-08-03","2034-06-28","1106,00","4,39","","","","","","","","ok","","ANBIMA Data API (web-bff)"
"CSANB1","1,5157","DI_SPREAD","CDI + 1,52%","DI + 0.7200%","2026-08-03","2030-01-08","699,00","2,77","","","","","","","","ok","","ANBIMA Data API (web-bff)"
"CSANB2","1,5596","DI_SPREAD","CDI + 1,56%","DI + 0.7000%","2026-08-03","2030-03-27","637,00","2,53","","","","","","","","ok","","ANBIMA Data API (web-bff)"
"CSANC1","1,9364","DI_SPREAD","CDI + 1,94%","DI + 1.3000%","2026-08-03","2035-01-08","1237,00","4,91","","","","","","","","ok","","ANBIMA Data API (web-bff)"
"CSANC2","1,7610","DI_SPREAD","CDI + 1,76%","DI + 1.0000%","2026-08-03","2032-03-27","850,00","3,37","","","","","","","","ok","","ANBIMA Data API (web-bff)"
"CSED12","0,8574","DI_SPREAD","CDI + 0,86%","DI + 1.3500%","2026-08-03","2030-02-05","504,00","2,00","","","","","","","","ok","","ANBIMA Data API (web-bff)"
"CSMGA6","7,5484","IPCA_SPREAD","B29 - 58 bps","IPCA + 5.2306%","2026-08-03","2031-09-15","571,00","2,27","","","","2029-05-15","B29","8,1800","-58","ok","","ANBIMA Data API (web-bff)"
"CSMGA7","0,7821","DI_SPREAD","CDI + 0,78%","DI + 1.3000%","2026-08-03","2029-12-16","373,00","1,48","","","","","","","","ok","","ANBIMA Data API (web-bff)"
"CSMGA8","0,8769","DI_SPREAD","CDI + 0,88%","DI + 1.2000%","2026-08-03","2030-09-15","438,00","1,74","","","","","","","","ok","","ANBIMA Data API (web-bff)"
"CSMGA9","0,7399","DI_SPREAD","CDI + 0,74%","DI + 0.9000%","2026-08-03","2034-07-15","797,00","3,16","","","","","","","","ok","","ANBIMA Data API (web-bff)"
"CSMGB0","0,6621","DI_SPREAD","CDI + 0,66%","DI + 0.6000%","2026-08-03","2035-05-15","891,00","3,54","","","","","","","","ok","","ANBIMA Data API (web-bff)"
"CSMGB6","0,7087","DI_SPREAD","CDI + 0,71%","DI + 1.3000%","2026-08-03","2026-09-15","30,00","0,12","","","","","","","","ok","","ANBIMA Data API (web-bff)"
"CSMGB8","8,9130","IPCA_SPREAD","B28 + 45 bps","IPCA + 7.1000%","2026-08-03","2030-09-15","475,00","1,88","","","","2028-08-15","B28","8,4300","45","ok","","ANBIMA Data API (web-bff)"
"CSMGB9","9,2604","IPCA_SPREAD","B30 + 95 bps","IPCA + 7.2735%","2026-08-03","2034-07-15","913,00","3,62","","","","2030-08-15","B30","8,2269","95","ok","","ANBIMA Data API (web-bff)"
"CSMGC0","8,9424","IPCA_SPREAD","B31 + 71 bps","IPCA + 8.2100%","2026-08-03","2035-05-15","1037,00","4,12","","","","2031-05-15","B31","8,1700","71","ok","","ANBIMA Data API (web-bff)"
"CSMGD1","0,7332","DI_SPREAD","CDI + 0,73%","DI + 0.5200%","2026-08-03","2035-10-15","963,00","3,82","","","","","","","","ok","","ANBIMA Data API (web-bff)"
"CSMGD2","0,7269","DI_SPREAD","CDI + 0,73%","DI + 0.6500%","2026-08-03","2036-03-15","998,00","3,96","","","","","","","","ok","","ANBIMA Data API (web-bff)"
"CSMGE1","8,9815","IPCA_SPREAD","B31 + 75 bps","IPCA + 8.3342%","2026-08-03","2035-10-15","1117,00","4,43","","","","2031-05-15","B31","8,1700","75","ok","","ANBIMA Data API (web-bff)"
"CSMGE2","9,2353","IPCA_SPREAD","B32 + 99 bps","IPCA + 8.5670%","2026-08-03","2036-03-15","1167,00","4,63","","","","2032-08-15","B32","8,1613","99","ok","","ANBIMA Data API (web-bff)"
"CSNAA1","18,9436","DI_SPREAD","CDI + 18,94%","DI + 1.6500%","2026-08-03","2028-11-10","374,00","1,48","","","","","","","","ok","","ANBIMA Data API (web-bff)"
"CSNAA2","14,9964","DI_SPREAD","CDI + 15,00%","DI + 2.5000%","2026-08-03","2027-12-20","200,00","0,79","","","","","","","","ok","","ANBIMA Data API (web-bff)"
"CSNAA4","29,4741","IPCA_SPREAD","B30 + 1963 bps","IPCA + 6.5000%","2026-08-03","2030-07-15","833,00","3,31","","","","2030-08-15","B30","8,2269","1963","ok","","ANBIMA Data API (web-bff)"
"CSNAA5","20,9649","IPCA_SPREAD","B32 + 1184 bps","IPCA + 6.8300%","2026-08-03","2034-04-15","1184,00","4,70","","","","2032-08-15","B32","8,1613","1184","ok","","ANBIMA Data API (web-bff)"
"CSNAA6","21,8789","IPCA_SPREAD","B32 + 1268 bps","IPCA + 7.5888%","2026-08-03","2034-11-15","1294,00","5,13","","","","2032-08-15","B32","8,1613","1268","ok","","ANBIMA Data API (web-bff)"
"CSNAB4","20,7148","IPCA_SPREAD","B31 + 1160 bps","IPCA + 6.8000%","2026-08-03","2033-07-15","1134,00","4,50","","","","2031-05-15","B31","8,1700","1160","ok","","ANBIMA Data API (web-bff)"
"CSNAB5","17,5069","IPCA_SPREAD","B35 + 875 bps","IPCA + 6.9924%","2026-08-03","2039-04-15","1590,00","6,31","","","","2035-05-15","B35","8,0500","875","ok","","ANBIMA Data API (web-bff)"
"CSNAB6","17,4810","IPCA_SPREAD","B33 + 863 bps","IPCA + 7.6952%","2026-08-03","2039-11-15","1593,00","6,32","","","","2033-05-15","B33","8,1468","863","ok","","ANBIMA Data API (web-bff)"
"CSNAC4","17,0459","IPCA_SPREAD","B35 + 833 bps","IPCA + 7.0000%","2026-08-03","2038-07-15","1622,00","6,44","","","","2035-05-15","B35","8,0500","833","ok","","ANBIMA Data API (web-bff)"
"CSNP12","8,4077","IPCA_SPREAD","B29 + 21 bps","IPCA + 7.9461%","2026-08-03","2032-06-15","732,00","2,90","","","","2029-05-15","B29","8,1800","21","ok","","ANBIMA Data API (web-bff)"
"CSRN29","8,1471","IPCA_SPREAD","B28 - 26 bps","IPCA + 4.4986%","2026-08-03","2029-04-15","399,00","1,58","","","","2028-08-15","B28","8,4300","-26","ok","","ANBIMA Data API (web-bff)"
"CSRNA1","8,1493","IPCA_SPREAD","B28 - 26 bps","IPCA + 6.4482%","2026-08-03","2028-06-15","444,00","1,76","","","","2028-08-15","B28","8,4300","-26","ok","","ANBIMA Data API (web-bff)"
"CSRNA2","0,7491","DI_SPREAD","CDI + 0,75%","DI + 0.9600%","2026-08-03","2031-03-15","766,00","3,04","","","","","","","","ok","","ANBIMA Data API (web-bff)"
"CSRNA4","8,0681","IPCA_SPREAD","B31 - 9 bps","IPCA + 7.0099%","2026-08-03","2031-03-15","999,00","3,96","","","","2031-05-15","B31","8,1700","-9","ok","","ANBIMA Data API (web-bff)"
"CSRNB2","8,1510","IPCA_SPREAD","B33 + 0 bps","IPCA + 6.0691%","2026-08-03","2034-03-15","1337,00","5,31","","","","2033-05-15","B33","8,1468","0","ok","","ANBIMA Data API (web-bff)"
"CSRNB3","8,0731","IPCA_SPREAD","B35 + 2 bps","IPCA + 6.3000%","2026-08-03","2035-11-15","1742,00","6,91","","","","2035-05-15","B35","8,0500","2","ok","","ANBIMA Data API (web-bff)"
"CSRNC0","7,9317","IPCA_SPREAD","B29 - 23 bps","IPCA + 6.6230%","2026-08-03","2029-07-15","571,00","2,27","","","","2029-05-15","B29","8,1800","-23","ok","","ANBIMA Data API (web-bff)"
"CTEE18","7,6120","IPCA_SPREAD","B29 - 53 bps","IPCA + 3.5000%","2026-08-03","2029-12-15","561,00","2,23","","","","2029-05-15","B29","8,1800","-53","ok","","ANBIMA Data API (web-bff)"
"CTEE19","0,4038","DI_SPREAD","CDI + 0,40%","DI + 2.8300%","2026-08-03","2028-11-15","287,00","1,14","","","","","","","","ok","","ANBIMA Data API (web-bff)"
"CTEE1B","7,6667","IPCA_SPREAD","B31 - 47 bps","IPCA + 5.7710%","2026-08-03","2031-10-15","1118,00","4,44","","","","2031-05-15","B31","8,1700","-47","ok","","ANBIMA Data API (web-bff)"
"CTEE29","7,7229","IPCA_SPREAD","B35 - 30 bps","IPCA + 5.3000%","2026-08-03","2044-05-15","1679,00","6,66","","","","2035-05-15","B35","8,0500","-30","ok","","ANBIMA Data API (web-bff)"
"CTEE2B","7,5538","IPCA_SPREAD","B40 - 22 bps","IPCA + 5.8640%","2026-08-03","2039-10-15","2125,00","8,43","","","","2040-08-15","B40","7,7857","-22","ok","","ANBIMA Data API (web-bff)"
"CTGE11","7,6355","IPCA_SPREAD","B27 - 41 bps","IPCA + 3.7500%","2026-08-03","2028-11-15","281,00","1,12","","","","2027-05-15","B27","8,0775","-41","ok","","ANBIMA Data API (web-bff)"
"CTGE13","7,7424","IPCA_SPREAD","B29 - 40 bps","IPCA + 5.3455%","2026-08-03","2029-09-15","713,00","2,83","","","","2029-05-15","B29","8,1800","-40","ok","","ANBIMA Data API (web-bff)"
"CTGE15","7,7459","IPCA_SPREAD","B31 - 39 bps","IPCA + 6.3423%","2026-08-03","2031-04-15","1012,00","4,02","","","","2031-05-15","B31","8,1700","-39","ok","","ANBIMA Data API (web-bff)"
"CTNSA2","0,6577","DI_SPREAD","CDI + 0,66%","DI + 1.0000%","2026-08-03","2030-02-25","683,00","2,71","","","","","","","","ok","","ANBIMA Data API (web-bff)"
"CTNSA3","8,2066","IPCA_SPREAD","B33 + 6 bps","IPCA + 7.3000%","2026-08-03","2035-05-15","1488,00","5,90","","","","2033-05-15","B33","8,1468","6","ok","","ANBIMA Data API (web-bff)"
"CTNSA5","8,2111","IPCA_SPREAD","B35 + 15 bps","IPCA + 6.6675%","2026-08-03","2036-02-15","1730,00","6,87","","","","2035-05-15","B35","8,0500","15","ok","","ANBIMA Data API (web-bff)"
"CTRR11","7,6900","IPCA_SPREAD","B29 - 45 bps","IPCA + 6.9094%","2026-08-03","2032-08-15","649,00","2,58","","","","2029-05-15","B29","8,1800","-45","ok","","ANBIMA Data API (web-bff)"
"CUTI11","7,8995","IPCA_SPREAD","B29 - 26 bps","IPCA + 5.8813%","2026-08-03","2031-12-15","671,00","2,66","","","","2029-05-15","B29","8,1800","-26","ok","","ANBIMA Data API (web-bff)"
"CVCB14","3,9994","DI_SPREAD","CDI + 4,00%","DI + 4.5000%","2026-08-03","2028-10-30","225,00","0,89","","","","","","","","ok","","ANBIMA Data API (web-bff)"
"CVRDA6","","IGP-M","—","IGPM + 0.0000%","2026-08-03","2100-01-01","","","","","","","","","","sem_taxa","Taxa indicativa vazia (comum em IGP-M)","ANBIMA Data API (web-bff)"
"CYAR11","10,9790","IPCA_SPREAD","B37 + 287 bps","IPCA + 7.5232%","2026-08-03","2045-12-15","1933,00","7,67","","","","2037-05-15","B37","7,8869","287","ok","","ANBIMA Data API (web-bff)"
"DASAB2","2,6207","DI_SPREAD","CDI + 2,62%","DI + 3.4000%","2026-08-03","2030-11-20","638,00","2,53","","","","","","","","ok","","ANBIMA Data API (web-bff)"
"DASAB4","1,6768","DI_SPREAD","CDI + 1,68%","DI + 2.4000%","2026-08-03","2027-10-20","165,00","0,65","","","","","","","","ok","","ANBIMA Data API (web-bff)"
"DASAB5","2,4145","DI_SPREAD","CDI + 2,41%","DI + 1.7000%","2026-08-03","2028-10-30","478,00","1,90","","","","","","","","ok","","ANBIMA Data API (web-bff)"
"DASAC2","2,8957","DI_SPREAD","CDI + 2,90%","DI + 3.4000%","2026-08-03","2030-11-20","637,00","2,53","","","","","","","","ok","","ANBIMA Data API (web-bff)"
"DASAC5","3,0040","DI_SPREAD","CDI + 3,00%","DI + 2.0500%","2026-08-03","2031-10-30","898,00","3,56","","","","","","","","ok","","ANBIMA Data API (web-bff)"
"DESK17","8,0382","IPCA_SPREAD","B30 - 17 bps","IPCA + 7.4408%","2026-08-03","2031-06-15","844,00","3,35","","","","2030-08-15","B30","8,2269","-17","ok","","ANBIMA Data API (web-bff)"
"DESK18","7,9963","IPCA_SPREAD","B31 - 16 bps","IPCA + 7.9356%","2026-08-03","2032-06-15","1109,00","4,40","","","","2031-05-15","B31","8,1700","-16","ok","","ANBIMA Data API (web-bff)"
"DESK19","8,0031","IPCA_SPREAD","B31 - 15 bps","IPCA + 8.1215%","2026-08-03","2032-09-15","1128,00","4,48","","","","2031-05-15","B31","8,1700","-15","ok","","ANBIMA Data API (web-bff)"
"DXCO13","0,7536","DI_SPREAD","CDI + 0,75%","DI + 0.5300%","2026-08-03","2031-10-15","860,00","3,41","","","","","","","","ok","","ANBIMA Data API (web-bff)"
"EBAS13","8,4249","IPCA_SPREAD","B30 + 18 bps","IPCA + 8.6000%","2026-08-03","2035-11-15","943,00","3,74","","","","2030-08-15","B30","8,2269","18","ok","","ANBIMA Data API (web-bff)"
"EBENA6","0,5917","DI_SPREAD","CDI + 0,59%","DI + 0.8900%","2026-08-03","2028-03-04","243,00","0,96","","","","","","","","ok","","ANBIMA Data API (web-bff)"
"EBENA7","0,8863","DI_SPREAD","CDI + 0,89%","DI + 0.6800%","2026-08-03","2028-06-20","316,00","1,25","","","","","","","","ok","","ANBIMA Data API (web-bff)"
"EBENA8","7,9736","IPCA_SPREAD","B35 - 7 bps","IPCA + 7.2843%","2026-08-03","2036-12-15","1716,00","6,81","","","","2035-05-15","B35","8,0500","-7","ok","","ANBIMA Data API (web-bff)"
"EBENB1","0,6074","DI_SPREAD","CDI + 0,61%","DI + 0.6300%","2026-08-03","2030-12-19","764,00","3,03","","","","","","","","ok","","ANBIMA Data API (web-bff)"
"EBENC1","0,6693","DI_SPREAD","CDI + 0,67%","DI + 0.7300%","2026-08-03","2032-12-19","1025,00","4,07","","","","","","","","ok","","ANBIMA Data API (web-bff)"
"ECER12","8,1272","IPCA_SPREAD","B27 + 5 bps","IPCA + 6.3500%","2026-08-03","2027-09-15","280,00","1,11","","","","2027-05-15","B27","8,0775","5","ok","","ANBIMA Data API (web-bff)"
"ECHP11","8,3879","IPCA_SPREAD","B28 - 4 bps","IPCA + 6.9000%","2026-08-03","2030-06-15","530,00","2,10","","","","2028-08-15","B28","8,4300","-4","ok","","ANBIMA Data API (web-bff)"
"ECHP12","8,3625","IPCA_SPREAD","B28 - 6 bps","IPCA + 4.7500%","2026-08-03","2030-12-15","473,00","1,88","","","","2028-08-15","B28","8,4300","-6","ok","","ANBIMA Data API (web-bff)"
"ECHP22","8,3576","IPCA_SPREAD","B28 - 7 bps","IPCA + 4.7500%","2026-08-03","2031-01-15","474,00","1,88","","","","2028-08-15","B28","8,4300","-7","ok","","ANBIMA Data API (web-bff)"
"ECOV16","8,7041","IPCA_SPREAD","B31 + 49 bps","IPCA + 6.0950%","2026-08-03","2033-02-15","1056,00","4,19","","","","2031-05-15","B31","8,1700","49","ok","","ANBIMA Data API (web-bff)"
"ECOV17","0,8135","DI_SPREAD","CDI + 0,81%","DI + 1.2500%","2026-08-03","2032-02-25","812,00","3,22","","","","","","","","ok","","ANBIMA Data API (web-bff)"
"ECPN11","9,8661","IPCA_SPREAD","B31 + 157 bps","IPCA + 4.4000%","2026-08-03","2034-10-15","1087,00","4,31","","","","2031-05-15","B31","8,1700","157","ok","","ANBIMA Data API (web-bff)"
"ECRD14","8,7256","IPCA_SPREAD","B40 + 87 bps","IPCA + 8.3939%","2026-08-03","2047-09-15","2154,00","8,55","","","","2040-08-15","B40","7,7857","87","ok","","ANBIMA Data API (web-bff)"
"EDFT11","8,5901","IPCA_SPREAD","B35 + 50 bps","IPCA + 6.8209%","2026-08-03","2049-05-15","1636,00","6,49","","","","2035-05-15","B35","8,0500","50","ok","","ANBIMA Data API (web-bff)"
"EDPA11","7,8937","IPCA_SPREAD","B35 - 14 bps","IPCA + 8.3431%","2026-08-03","2044-10-15","1638,00","6,50","","","","2035-05-15","B35","8,0500","-14","ok","","ANBIMA Data API (web-bff)"
"EDPR13","0,6346","DI_SPREAD","CDI + 0,63%","DI + 0.5200%","2026-08-03","2030-12-10","586,00","2,33","","","","","","","","ok","","ANBIMA Data API (web-bff)"
"EDPR23","0,7503","DI_SPREAD","CDI + 0,75%","DI + 0.6000%","2026-08-03","2032-12-10","1019,00","4,04","","","","","","","","ok","","ANBIMA Data API (web-bff)"
"EDPT11","8,0346","IPCA_SPREAD","B30 - 18 bps","IPCA + 7.0267%","2026-08-03","2033-05-15","834,00","3,31","","","","2030-08-15","B30","8,2269","-18","ok","","ANBIMA Data API (web-bff)"
"EDTE12","7,8334","IPCA_SPREAD","B28 - 55 bps","IPCA + 5.2939%","2026-08-03","2028-12-15","422,00","1,67","","","","2028-08-15","B28","8,4300","-55","ok","","ANBIMA Data API (web-bff)"
"EDVP17","8,0593","IPCA_SPREAD","B31 - 10 bps","IPCA + 6.0996%","2026-08-03","2032-01-15","979,00","3,88","","","","2031-05-15","B31","8,1700","-10","ok","","ANBIMA Data API (web-bff)"
"EDVP18","0,2794","DI_SPREAD","CDI + 0,28%","DI + 1.6000%","2026-08-03","2027-08-22","127,00","0,50","","","","","","","","ok","","ANBIMA Data API (web-bff)"
"EEELA0","7,8063","IPCA_SPREAD","B32 - 33 bps","IPCA + 6.1774%","2026-08-03","2033-10-15","1277,00","5,07","","","","2032-08-15","B32","8,1613","-33","ok","","ANBIMA Data API (web-bff)"
"EEELA1","7,8743","IPCA_SPREAD","B33 - 25 bps","IPCA + 6.0994%","2026-08-03","2034-04-15","1361,00","5,40","","","","2033-05-15","B33","8,1468","-25","ok","","ANBIMA Data API (web-bff)"
"EEELA3","0,4487","DI_SPREAD","CDI + 0,45%","DI + 0.4900%","2026-08-03","2029-09-10","546,00","2,17","","","","","","","","ok","","ANBIMA Data API (web-bff)"
"EEELA4","7,8542","IPCA_SPREAD","B33 - 27 bps","IPCA + 7.7082%","2026-08-03","2035-02-15","1421,00","5,64","","","","2033-05-15","B33","8,1468","-27","ok","","ANBIMA Data API (web-bff)"
"EEELA5","0,4943","DI_SPREAD","CDI + 0,49%","DI + 0.4500%","2026-08-03","2030-05-15","730,00","2,90","","","","","","","","ok","","ANBIMA Data API (web-bff)"
"EEELB1","7,7365","IPCA_SPREAD","B37 - 14 bps","IPCA + 6.1572%","2026-08-03","2039-04-15","2041,00","8,10","","","","2037-05-15","B37","7,8869","-14","ok","","ANBIMA Data API (web-bff)"
"EEELB5","7,8531","IPCA_SPREAD","B33 - 27 bps","IPCA + 6.9249%","2026-08-03","2035-05-15","1508,00","5,98","","","","2033-05-15","B33","8,1468","-27","ok","","ANBIMA Data API (web-bff)"
"EGIE27","7,4806","IPCA_SPREAD","B27 - 55 bps","IPCA + 5.9033%","2026-08-03","2028-07-15","315,00","1,25","","","","2027-05-15","B27","8,0775","-55","ok","","ANBIMA Data API (web-bff)"
"EGIE29","7,8432","IPCA_SPREAD","B28 - 54 bps","IPCA + 3.9000%","2026-08-03","2029-07-15","469,00","1,86","","","","2028-08-15","B28","8,4300","-54","ok","","ANBIMA Data API (web-bff)"
"EGIE49","7,8733","IPCA_SPREAD","B28 - 51 bps","IPCA + 3.7000%","2026-08-03","2029-07-15","464,00","1,84","","","","2028-08-15","B28","8,4300","-51","ok","","ANBIMA Data API (web-bff)"
"EGIEA0","7,6241","IPCA_SPREAD","B40 - 15 bps","IPCA + 5.7158%","2026-08-03","2046-09-15","2125,00","8,43","","","","2040-08-15","B40","7,7857","-15","ok","","ANBIMA Data API (web-bff)"
"EGIEA1","7,6389","IPCA_SPREAD","B32 - 48 bps","IPCA + 5.9325%","2026-08-03","2033-11-15","1288,00","5,11","","","","2032-08-15","B32","8,1613","-48","ok","","ANBIMA Data API (web-bff)"
"EGIEA2","13,4920","PREFIXADO","13,49%","Pré-Fixado 12.4974%","2026-08-03","2029-08-15","645,00","2,56","","-0,5642","spread = (1 + Y)/(1 + L) - 1; Y = pre 13,49%; L = TaxaLTN_252 venc ref 2029-07-01 = 14,14%","","","","","ok","","ANBIMA Data API (web-bff)"
"EGIEA4","13,7822","PREFIXADO","13,78%","Pré-Fixado 14.3509%","2026-08-03","2032-01-15","823,00","3,27","","-0,5400","spread = (1 + Y)/(1 + L) - 1; Y = pre 13,78%; L = TaxaLTN_252 venc ref 2032-01-01 = 14,40%","","","","","ok","","ANBIMA Data API (web-bff)"
"EGIEA5","14,0776","PREFIXADO","14,08%","Pré-Fixado 12.8775%","2026-08-03","2035-06-15","1188,00","4,71","","-0,2818","spread = (1 + Y)/(1 + L) - 1; Y = pre 14,08%; L = TaxaLTN_252 venc ref 2032-01-01 = 14,40%","","","","","ok","","ANBIMA Data API (web-bff)"
"EGIEA6","7,6112","IPCA_SPREAD","B37 - 26 bps","IPCA + 6.2474%","2026-08-03","2038-02-15","1940,00","7,70","","","","2037-05-15","B37","7,8869","-26","ok","","ANBIMA Data API (web-bff)"
"EGIEB1","7,6328","IPCA_SPREAD","B37 - 24 bps","IPCA + 6.0691%","2026-08-03","2038-11-15","1984,00","7,87","","","","2037-05-15","B37","7,8869","-24","ok","","ANBIMA Data API (web-bff)"
"EGIEB2","7,6847","IPCA_SPREAD","B33 - 43 bps","IPCA + 6.7766%","2026-08-03","2034-06-15","1407,00","5,58","","","","2033-05-15","B33","8,1468","-43","ok","","ANBIMA Data API (web-bff)"
"EGIEB4","7,6203","IPCA_SPREAD","B31 - 51 bps","IPCA + 7.5568%","2026-08-03","2032-01-15","983,00","3,90","","","","2031-05-15","B31","8,1700","-51","ok","","ANBIMA Data API (web-bff)"
"EGIEB5","7,6343","IPCA_SPREAD","B35 - 38 bps","IPCA + 6.8555%","2026-08-03","2035-06-15","1549,00","6,15","","","","2035-05-15","B35","8,0500","-38","ok","","ANBIMA Data API (web-bff)"
"EGIEC1","13,5872","PREFIXADO","13,59%","Pré-Fixado 10.9000%","2026-08-03","2028-11-15","573,00","2,27","","-0,3280","spread = (1 + Y)/(1 + L) - 1; Y = pre 13,59%; L = TaxaLTN_252 venc ref 2028-10-01 = 13,96%","","","","","ok","","ANBIMA Data API (web-bff)"
"EGIED1","0,5028","DI_SPREAD","CDI + 0,50%","DI + 1.0000%","2026-08-03","2028-11-15","395,00","1,57","","","","","","","","ok","","ANBIMA Data API (web-bff)"
"EGIEE1","0,7958","DI_SPREAD","CDI + 0,80%","DI + 1.1000%","2026-08-03","2030-11-15","737,00","2,92","","","","","","","","ok","","ANBIMA Data API (web-bff)"
"EGVG11","8,0243","IPCA_SPREAD","B28 - 37 bps","IPCA + 3.7000%","2026-08-03","2029-10-15","395,00","1,57","","","","2028-08-15","B28","8,4300","-37","ok","","ANBIMA Data API (web-bff)"
"EGVG21","8,0365","IPCA_SPREAD","B28 - 36 bps","IPCA + 3.7000%","2026-08-03","2029-10-15","391,00","1,55","","","","2028-08-15","B28","8,4300","-36","ok","","ANBIMA Data API (web-bff)"
"EKTRA0","0,7360","DI_SPREAD","CDI + 0,74%","DI + 1.2900%","2026-08-03","2026-10-15","51,00","0,20","","","","","","","","ok","","ANBIMA Data API (web-bff)"
"EKTRA1","1,0040","DI_SPREAD","CDI + 1,00%","DI + 1.2800%","2026-08-03","2027-07-15","228,00","0,90","","","","","","","","ok","","ANBIMA Data API (web-bff)"
"EKTRA3","0,6779","DI_SPREAD","CDI + 0,68%","DI + 0.9800%","2026-08-03","2031-04-15","787,00","3,12","","","","","","","","ok","","ANBIMA Data API (web-bff)"
"EKTRA4","0,6665","DI_SPREAD","CDI + 0,67%","DI + 0.8000%","2026-08-03","2032-02-08","935,00","3,71","","","","","","","","ok","","ANBIMA Data API (web-bff)"
"EKTRA5","14,1880","PREFIXADO","14,19%","Pré-Fixado 13.5966%","2026-08-03","2032-04-25","1012,00","4,02","","-0,1853","spread = (1 + Y)/(1 + L) - 1; Y = pre 14,19%; L = TaxaLTN_252 venc ref 2032-01-01 = 14,40%","","","","","ok","","ANBIMA Data API (web-bff)"
"EKTRA6","7,8929","IPCA_SPREAD","B40 + 10 bps","IPCA + 6.8172%","2026-08-03","2035-08-15","2263,00","8,98","","","","2040-08-15","B40","7,7857","10","ok","","ANBIMA Data API (web-bff)"
"EKTRA8","8,0551","IPCA_SPREAD","B31 - 11 bps","IPCA + 7.0099%","2026-08-03","2031-03-15","999,00","3,96","","","","2031-05-15","B31","8,1700","-11","ok","","ANBIMA Data API (web-bff)"
"EKTRB0","0,9085","DI_SPREAD","CDI + 0,91%","DI + 1.4400%","2026-08-03","2028-10-15","373,00","1,48","","","","","","","","ok","","ANBIMA Data API (web-bff)"
"EKTRB3","8,1588","IPCA_SPREAD","B33 + 1 bps","IPCA + 6.2587%","2026-08-03","2034-04-15","1353,00","5,37","","","","2033-05-15","B33","8,1468","1","ok","","ANBIMA Data API (web-bff)"
"EKTRB6","7,9694","IPCA_SPREAD","B37 + 8 bps","IPCA + 6.7636%","2026-08-03","2040-08-15","2106,00","8,36","","","","2037-05-15","B37","7,8869","8","ok","","ANBIMA Data API (web-bff)"
"EKTRC0","8,0618","IPCA_SPREAD","B30 - 15 bps","IPCA + 5.7697%","2026-08-03","2031-10-15","922,00","3,66","","","","2030-08-15","B30","8,2269","-15","ok","","ANBIMA Data API (web-bff)"
"EKTRC1","7,9235","IPCA_SPREAD","B29 - 24 bps","IPCA + 6.6230%","2026-08-03","2029-07-15","571,00","2,27","","","","2029-05-15","B29","8,1800","-24","ok","","ANBIMA Data API (web-bff)"
"EKTT11","8,1369","IPCA_SPREAD","B32 - 2 bps","IPCA + 6.4217%","2026-08-03","2038-05-15","1311,00","5,20","","","","2032-08-15","B32","8,1613","-2","ok","","ANBIMA Data API (web-bff)"
"ELDC15","9,1680","IPCA_SPREAD","B33 + 94 bps","IPCA + 7.7950%","2026-08-03","2035-10-15","1503,00","5,96","","","","2033-05-15","B33","8,1468","94","ok","","ANBIMA Data API (web-bff)"
"ELET14","7,7407","IPCA_SPREAD","B30 - 45 bps","IPCA + 6.3170%","2026-08-03","2031-09-15","894,00","3,55","","","","2030-08-15","B30","8,2269","-45","ok","","ANBIMA Data API (web-bff)"
"ELET15","0,5225","DI_SPREAD","CDI + 0,52%","DI + 0.8500%","2026-08-03","2029-04-15","560,00","2,22","","","","","","","","ok","","ANBIMA Data API (web-bff)"
"ELET16","7,7602","IPCA_SPREAD","B35 - 27 bps","IPCA + 6.8770%","2026-08-03","2034-09-15","1546,00","6,13","","","","2035-05-15","B35","8,0500","-27","ok","","ANBIMA Data API (web-bff)"
"ELET17","0,7303","DI_SPREAD","CDI + 0,73%","DI + 0.8500%","2026-08-03","2035-11-15","1231,00","4,88","","","","","","","","ok","","ANBIMA Data API (web-bff)"
"ELET23","7,7286","IPCA_SPREAD","B31 - 41 bps","IPCA + 4.9126%","2026-08-03","2031-04-15","1040,00","4,13","","","","2031-05-15","B31","8,1700","-41","ok","","ANBIMA Data API (web-bff)"
"ELET24","0,9657","DI_SPREAD","CDI + 0,97%","DI + 1.5500%","2026-08-03","2028-09-15","352,00","1,40","","","","","","","","ok","","ANBIMA Data API (web-bff)"
"ELET25","0,6015","DI_SPREAD","CDI + 0,60%","DI + 1.0000%","2026-08-03","2031-04-15","857,00","3,40","","","","","","","","ok","","ANBIMA Data API (web-bff)"
"ELET42","7,9957","IPCA_SPREAD","B28 - 40 bps","IPCA + 5.1814%","2026-08-03","2029-05-15","418,00","1,66","","","","2028-08-15","B28","8,4300","-40","ok","","ANBIMA Data API (web-bff)"
"ELFA12","","DI_SPREAD","—","DI + 3.4000%","2026-08-03","2031-12-13","","","","","","","","","","sem_taxa","Taxa indicativa vazia","ANBIMA Data API (web-bff)"
"ELPLA5","11,8794","IPCA_SPREAD","B30 + 337 bps","IPCA + 4.2600%","2026-08-03","2031-04-15","830,00","3,29","","","","2030-08-15","B30","8,2269","337","ok","","ANBIMA Data API (web-bff)"
"ELPLA6","2,5010","DI_SPREAD","CDI + 2,50%","DI + 1.6400%","2026-08-03","2028-10-04","364,00","1,44","","","","","","","","ok","","ANBIMA Data API (web-bff)"
"ELPLA7","11,8065","IPCA_SPREAD","B31 + 336 bps","IPCA + 6.1385%","2026-08-03","2032-04-15","991,00","3,93","","","","2031-05-15","B31","8,1700","336","ok","","ANBIMA Data API (web-bff)"
"ELPLB8","2,4967","DI_SPREAD","CDI + 2,50%","DI + 1.1000%","2026-08-03","2028-05-15","395,00","1,57","","","","","","","","ok","","ANBIMA Data API (web-bff)"
"ELPLC8","10,1393","IPCA_SPREAD","B29 + 181 bps","IPCA + 8.3000%","2026-08-03","2029-06-15","716,00","2,84","","","","2029-05-15","B29","8,1800","181","ok","","ANBIMA Data API (web-bff)"
"ELTE12","7,6812","IPCA_SPREAD","B33 - 43 bps","IPCA + 6.4232%","2026-08-03","2039-07-15","1413,00","5,61","","","","2033-05-15","B33","8,1468","-43","ok","","ANBIMA Data API (web-bff)"
"ELTN15","7,7523","IPCA_SPREAD","B31 - 39 bps","IPCA + 6.3423%","2026-08-03","2031-04-15","1012,00","4,02","","","","2031-05-15","B31","8,1700","-39","ok","","ANBIMA Data API (web-bff)"
"ELTN16","0,6278","DI_SPREAD","CDI + 0,63%","DI + 0.8500%","2026-08-03","2031-09-15","900,00","3,57","","","","","","","","ok","","ANBIMA Data API (web-bff)"
"ELTN17","13,8504","PREFIXADO","13,85%","Pré-Fixado 13.2474%","2026-08-03","2032-07-15","1076,00","4,27","","-0,4804","spread = (1 + Y)/(1 + L) - 1; Y = pre 13,85%; L = TaxaLTN_252 venc ref 2032-01-01 = 14,40%","","","","","ok","","ANBIMA Data API (web-bff)"
"ELTN19","0,6541","DI_SPREAD","CDI + 0,65%","DI + 0.6500%","2026-08-03","2032-11-15","1058,00","4,20","","","","","","","","ok","","ANBIMA Data API (web-bff)"
"ELTN26","0,6303","DI_SPREAD","CDI + 0,63%","DI + 1.0500%","2026-08-03","2034-09-15","1104,00","4,38","","","","","","","","ok","","ANBIMA Data API (web-bff)"
"ELTN27","7,8093","IPCA_SPREAD","B32 - 33 bps","IPCA + 7.3146%","2026-08-03","2032-07-15","1231,00","4,88","","","","2032-08-15","B32","8,1613","-33","ok","","ANBIMA Data API (web-bff)"
"ELTN37","7,8042","IPCA_SPREAD","B35 - 23 bps","IPCA + 7.2083%","2026-08-03","2035-07-15","1682,00","6,67","","","","2035-05-15","B35","8,0500","-23","ok","","ANBIMA Data API (web-bff)"
"ENAT11","9,2337","IPCA_SPREAD","B28 + 74 bps","IPCA + 9.8297%","2026-08-03","2029-12-15","424,00","1,68","","","","2028-08-15","B28","8,4300","74","ok","","ANBIMA Data API (web-bff)"
"ENAT12","9,2216","IPCA_SPREAD","B28 + 73 bps","IPCA + 7.1149%","2026-08-03","2029-09-17","482,00","1,91","","","","2028-08-15","B28","8,4300","73","ok","","ANBIMA Data API (web-bff)"
"ENAT13","9,0949","IPCA_SPREAD","B30 + 80 bps","IPCA + 8.0618%","2026-08-03","2030-06-15","840,00","3,33","","","","2030-08-15","B30","8,2269","80","ok","","ANBIMA Data API (web-bff)"
"ENAT14","9,0791","IPCA_SPREAD","B30 + 79 bps","IPCA + 8.0560%","2026-08-03","2030-06-15","840,00","3,33","","","","2030-08-15","B30","8,2269","79","ok","","ANBIMA Data API (web-bff)"
"ENAT23","15,4856","PREFIXADO","15,49%","Pré-Fixado 13.5733%","2026-08-03","2030-06-15","769,00","3,05","","1,1351","spread = (1 + Y)/(1 + L) - 1; Y = pre 15,49%; L = TaxaLTN_252 venc ref 2030-01-01 = 14,19%","","","","","ok","","ANBIMA Data API (web-bff)"
"ENAT24","9,1279","IPCA_SPREAD","B33 + 91 bps","IPCA + 8.2674%","2026-08-03","2034-06-15","1325,00","5,26","","","","2033-05-15","B33","8,1468","91","ok","","ANBIMA Data API (web-bff)"
"ENAT32","15,4589","PREFIXADO","15,46%","Pré-Fixado 13.9662%","2026-08-03","2029-09-17","628,00","2,49","","1,1591","spread = (1 + Y)/(1 + L) - 1; Y = pre 15,46%; L = TaxaLTN_252 venc ref 2029-07-01 = 14,14%","","","","","ok","","ANBIMA Data API (web-bff)"
"ENAT33","9,1123","IPCA_SPREAD","B33 + 89 bps","IPCA + 8.2620%","2026-08-03","2034-06-15","1325,00","5,26","","","","2033-05-15","B33","8,1468","89","ok","","ANBIMA Data API (web-bff)"
"ENERA1","8,1220","IPCA_SPREAD","B30 - 10 bps","IPCA + 6.1076%","2026-08-03","2031-02-15","880,00","3,49","","","","2030-08-15","B30","8,2269","-10","ok","","ANBIMA Data API (web-bff)"
"ENERB4","8,1478","IPCA_SPREAD","B35 + 9 bps","IPCA + 6.4364%","2026-08-03","2034-09-15","1557,00","6,18","","","","2035-05-15","B35","8,0500","9","ok","","ANBIMA Data API (web-bff)"
"ENERB5","0,6631","DI_SPREAD","CDI + 0,66%","DI + 0.8000%","2026-08-03","2029-12-15","685,00","2,72","","","","","","","","ok","","ANBIMA Data API (web-bff)"
"ENERB6","14,3197","PREFIXADO","14,32%","Pré-Fixado 13.7000%","2026-08-03","2032-05-15","1023,00","4,06","","-0,0702","spread = (1 + Y)/(1 + L) - 1; Y = pre 14,32%; L = TaxaLTN_252 venc ref 2032-01-01 = 14,40%","","","","","ok","","ANBIMA Data API (web-bff)"
"ENERB7","8,2014","IPCA_SPREAD","B35 + 14 bps","IPCA + 7.0461%","2026-08-03","2035-09-15","1663,00","6,60","","","","2035-05-15","B35","8,0500","14","ok","","ANBIMA Data API (web-bff)"
"ENERC3","0,5630","DI_SPREAD","CDI + 0,56%","DI + 0.8000%","2026-08-03","2029-09-04","615,00","2,44","","","","","","","","ok","","ANBIMA Data API (web-bff)"
"ENERC7","8,0217","IPCA_SPREAD","B40 + 22 bps","IPCA + 6.9467%","2026-08-03","2040-09-15","2111,00","8,38","","","","2040-08-15","B40","7,7857","22","ok","","ANBIMA Data API (web-bff)"
"ENEV13","7,8174","IPCA_SPREAD","B27 - 24 bps","IPCA + 4.2259%","2026-08-03","2027-12-15","211,00","0,84","","","","2027-05-15","B27","8,0775","-24","ok","","ANBIMA Data API (web-bff)"
"ENEV15","7,9121","IPCA_SPREAD","B29 - 25 bps","IPCA + 5.5000%","2026-08-03","2030-06-15","660,00","2,62","","","","2029-05-15","B29","8,1800","-25","ok","","ANBIMA Data API (web-bff)"
"ENEV16","7,9593","IPCA_SPREAD","B29 - 20 bps","IPCA + 4.1270%","2026-08-03","2030-09-15","718,00","2,85","","","","2029-05-15","B29","8,1800","-20","ok","","ANBIMA Data API (web-bff)"
"ENEV18","8,0684","IPCA_SPREAD","B31 - 9 bps","IPCA + 6.5254%","2026-08-03","2032-07-15","1065,00","4,23","","","","2031-05-15","B31","8,1700","-9","ok","","ANBIMA Data API (web-bff)"
"ENEV19","8,0135","IPCA_SPREAD","B31 - 14 bps","IPCA + 6.9000%","2026-08-03","2032-09-15","1066,00","4,23","","","","2031-05-15","B31","8,1700","-14","ok","","ANBIMA Data API (web-bff)"
"ENEV26","7,9560","IPCA_SPREAD","B35 - 9 bps","IPCA + 4.5034%","2026-08-03","2035-09-15","1647,00","6,54","","","","2035-05-15","B35","8,0500","-9","ok","","ANBIMA Data API (web-bff)"
"ENEV28","7,9009","IPCA_SPREAD","B37 + 1 bps","IPCA + 6.5891%","2026-08-03","2037-07-15","1833,00","7,27","","","","2037-05-15","B37","7,8869","1","ok","","ANBIMA Data API (web-bff)"
"ENEV29","8,0171","IPCA_SPREAD","B35 - 3 bps","IPCA + 7.0000%","2026-08-03","2037-09-15","1789,00","7,10","","","","2035-05-15","B35","8,0500","-3","ok","","ANBIMA Data API (web-bff)"
"ENEV32","8,1173","IPCA_SPREAD","B28 - 29 bps","IPCA + 5.0500%","2026-08-03","2029-05-15","418,00","1,66","","","","2028-08-15","B28","8,4300","-29","ok","","ANBIMA Data API (web-bff)"
"ENEV38","0,8895","DI_SPREAD","CDI + 0,89%","DI + 1.7000%","2026-08-03","2029-07-15","528,00","2,10","","","","","","","","ok","","ANBIMA Data API (web-bff)"
"ENEV39","7,8671","IPCA_SPREAD","B40 + 8 bps","IPCA + 7.1500%","2026-08-03","2042-09-15","2363,00","9,38","","","","2040-08-15","B40","7,7857","8","ok","","ANBIMA Data API (web-bff)"
"ENEV48","0,8099","DI_SPREAD","CDI + 0,81%","DI + 2.0000%","2026-08-03","2032-07-15","901,00","3,58","","","","","","","","ok","","ANBIMA Data API (web-bff)"
"ENEVA0","8,0404","IPCA_SPREAD","B33 - 10 bps","IPCA + 6.5643%","2026-08-03","2034-04-15","1345,00","5,34","","","","2033-05-15","B33","8,1468","-10","ok","","ANBIMA Data API (web-bff)"
"ENEVA3","0,6802","DI_SPREAD","CDI + 0,68%","DI + 0.9000%","2026-08-03","2029-12-15","684,00","2,71","","","","","","","","ok","","ANBIMA Data API (web-bff)"
"ENEVA4","8,0118","IPCA_SPREAD","B35 - 4 bps","IPCA + 6.7078%","2026-08-03","2036-01-15","1764,00","7,00","","","","2035-05-15","B35","8,0500","-4","ok","","ANBIMA Data API (web-bff)"
"ENEVB0","7,8760","IPCA_SPREAD","B37 - 1 bps","IPCA + 6.6737%","2026-08-03","2039-04-15","2003,00","7,95","","","","2037-05-15","B37","7,8869","-1","ok","","ANBIMA Data API (web-bff)"
"ENEVB4","7,7966","IPCA_SPREAD","B40 + 1 bps","IPCA + 6.6709%","2026-08-03","2041-01-15","2224,00","8,83","","","","2040-08-15","B40","7,7857","1","ok","","ANBIMA Data API (web-bff)"
"ENEVC0","0,5939","DI_SPREAD","CDI + 0,59%","DI + 1.0000%","2026-08-03","2029-04-15","559,00","2,22","","","","","","","","ok","","ANBIMA Data API (web-bff)"
"ENEVD0","0,6894","DI_SPREAD","CDI + 0,69%","DI + 1.1500%","2026-08-03","2031-04-15","785,00","3,12","","","","","","","","ok","","ANBIMA Data API (web-bff)"
"ENGI39","8,0342","IPCA_SPREAD","B27 - 4 bps","IPCA + 5.1074%","2026-08-03","2027-10-15","288,00","1,14","","","","2027-05-15","B27","8,0775","-4","ok","","ANBIMA Data API (web-bff)"
"ENGIA4","8,0103","IPCA_SPREAD","B27 - 6 bps","IPCA + 4.2297%","2026-08-03","2027-10-15","293,00","1,16","","","","2027-05-15","B27","8,0775","-6","ok","","ANBIMA Data API (web-bff)"
"ENGIA5","8,1419","IPCA_SPREAD","B30 - 8 bps","IPCA + 6.0872%","2026-08-03","2031-10-15","917,00","3,64","","","","2030-08-15","B30","8,2269","-8","ok","","ANBIMA Data API (web-bff)"
"ENGIA6","8,3217","IPCA_SPREAD","B28 - 10 bps","IPCA + 6.1566%","2026-08-03","2029-04-15","395,00","1,57","","","","2028-08-15","B28","8,4300","-10","ok","","ANBIMA Data API (web-bff)"
"ENGIA7","0,4526","DI_SPREAD","CDI + 0,45%","DI + 1.5000%","2026-08-03","2027-10-20","166,00","0,66","","","","","","","","ok","","ANBIMA Data API (web-bff)"
"ENGIA9","8,1335","IPCA_SPREAD","B30 - 9 bps","IPCA + 6.1666%","2026-08-03","2030-09-15","802,00","3,18","","","","2030-08-15","B30","8,2269","-9","ok","","ANBIMA Data API (web-bff)"
"ENGIB0","8,1003","IPCA_SPREAD","B31 - 6 bps","IPCA + 6.1581%","2026-08-03","2031-04-15","1014,00","4,02","","","","2031-05-15","B31","8,1700","-6","ok","","ANBIMA Data API (web-bff)"
"ENGIB1","0,6273","DI_SPREAD","CDI + 0,63%","DI + 0.8000%","2026-08-03","2029-09-04","615,00","2,44","","","","","","","","ok","","ANBIMA Data API (web-bff)"
"ENGIB2","8,1429","IPCA_SPREAD","B35 + 9 bps","IPCA + 6.4364%","2026-08-03","2034-09-15","1557,00","6,18","","","","2035-05-15","B35","8,0500","9","ok","","ANBIMA Data API (web-bff)"
"ENGIB4","8,0415","IPCA_SPREAD","B29 - 13 bps","IPCA + 4.4744%","2026-08-03","2030-10-15","734,00","2,91","","","","2029-05-15","B29","8,1800","-13","ok","","ANBIMA Data API (web-bff)"
"ENGIB5","0,5789","DI_SPREAD","CDI + 0,58%","DI + 1.6400%","2026-08-03","2026-10-15","51,00","0,20","","","","","","","","ok","","ANBIMA Data API (web-bff)"
"ENGIB6","8,1128","IPCA_SPREAD","B31 - 5 bps","IPCA + 6.2770%","2026-08-03","2032-04-15","1007,00","4,00","","","","2031-05-15","B31","8,1700","-5","ok","","ANBIMA Data API (web-bff)"
"ENGIB7","0,7249","DI_SPREAD","CDI + 0,72%","DI + 1.6500%","2026-08-03","2029-10-20","558,00","2,21","","","","","","","","ok","","ANBIMA Data API (web-bff)"
"ENGIB8","0,7551","DI_SPREAD","CDI + 0,76%","DI + 2.1000%","2026-08-03","2028-06-20","419,00","1,66","","","","","","","","ok","","ANBIMA Data API (web-bff)"
"ENGIB9","8,1761","IPCA_SPREAD","B32 + 1 bps","IPCA + 6.4526%","2026-08-03","2033-09-15","1245,00","4,94","","","","2032-08-15","B32","8,1613","1","ok","","ANBIMA Data API (web-bff)"
"ENGIC0","8,0261","IPCA_SPREAD","B37 + 13 bps","IPCA + 6.4045%","2026-08-03","2039-04-15","2013,00","7,99","","","","2037-05-15","B37","7,8869","13","ok","","ANBIMA Data API (web-bff)"
"ENGIC3","0,6150","DI_SPREAD","CDI + 0,62%","DI + 0.8000%","2026-08-03","2030-02-25","685,00","2,72","","","","","","","","ok","","ANBIMA Data API (web-bff)"
"ENGIC4","0,6867","DI_SPREAD","CDI + 0,69%","DI + 0.7500%","2026-08-03","2032-09-15","958,00","3,80","","","","","","","","ok","","ANBIMA Data API (web-bff)"
"ENGIC5","0,6954","DI_SPREAD","CDI + 0,70%","DI + 1.8000%","2026-08-03","2028-10-15","469,00","1,86","","","","","","","","ok","","ANBIMA Data API (web-bff)"
"ENGIC6","0,4412","DI_SPREAD","CDI + 0,44%","DI + 1.5000%","2026-08-03","2027-04-15","165,00","0,65","","","","","","","","ok","","ANBIMA Data API (web-bff)"
"ENGIC9","0,5835","DI_SPREAD","CDI + 0,58%","DI + 1.4500%","2026-08-03","2028-09-15","450,00","1,79","","","","","","","","ok","","ANBIMA Data API (web-bff)"
"ENGID3","0,6487","DI_SPREAD","CDI + 0,65%","DI + 0.9500%","2026-08-03","2032-02-25","943,00","3,74","","","","","","","","ok","","ANBIMA Data API (web-bff)"
"ENJG21","7,5095","IPCA_SPREAD","B27 - 53 bps","IPCA + 6.4962%","2026-08-03","2027-06-15","151,00","0,60","","","","2027-05-15","B27","8,0775","-53","ok","","ANBIMA Data API (web-bff)"
"ENMI21","7,4847","IPCA_SPREAD","B27 - 55 bps","IPCA + 6.4962%","2026-08-03","2027-06-15","151,00","0,60","","","","2027-05-15","B27","8,0775","-55","ok","","ANBIMA Data API (web-bff)"
"ENMTA3","8,0393","IPCA_SPREAD","B27 - 4 bps","IPCA + 4.2297%","2026-08-03","2027-10-15","293,00","1,16","","","","2027-05-15","B27","8,0775","-4","ok","","ANBIMA Data API (web-bff)"
"ENMTA4","8,1476","IPCA_SPREAD","B30 - 7 bps","IPCA + 6.0872%","2026-08-03","2031-10-15","917,00","3,64","","","","2030-08-15","B30","8,2269","-7","ok","","ANBIMA Data API (web-bff)"
"ENMTA5","8,2594","IPCA_SPREAD","B28 - 16 bps","IPCA + 6.1566%","2026-08-03","2029-04-15","395,00","1,57","","","","2028-08-15","B28","8,4300","-16","ok","","ANBIMA Data API (web-bff)"
"ENMTA7","8,1355","IPCA_SPREAD","B30 - 8 bps","IPCA + 6.1076%","2026-08-03","2031-02-15","880,00","3,49","","","","2030-08-15","B30","8,2269","-8","ok","","ANBIMA Data API (web-bff)"
"ENMTA8","0,5325","DI_SPREAD","CDI + 0,53%","DI + 0.7500%","2026-08-03","2029-04-15","560,00","2,22","","","","","","","","ok","","ANBIMA Data API (web-bff)"
"ENMTB0","0,6423","DI_SPREAD","CDI + 0,64%","DI + 0.8000%","2026-08-03","2029-09-04","615,00","2,44","","","","","","","","ok","","ANBIMA Data API (web-bff)"
"ENMTB2","0,6439","DI_SPREAD","CDI + 0,64%","DI + 0.8000%","2026-08-03","2029-12-15","685,00","2,72","","","","","","","","ok","","ANBIMA Data API (web-bff)"
"ENMTB3","8,0640","IPCA_SPREAD","B29 - 11 bps","IPCA + 4.4744%","2026-08-03","2030-10-15","734,00","2,91","","","","2029-05-15","B29","8,1800","-11","ok","","ANBIMA Data API (web-bff)"
"ENMTB5","8,1161","IPCA_SPREAD","B31 - 5 bps","IPCA + 6.2770%","2026-08-03","2032-04-15","1007,00","4,00","","","","2031-05-15","B31","8,1700","-5","ok","","ANBIMA Data API (web-bff)"
"ENMTC2","0,6712","DI_SPREAD","CDI + 0,67%","DI + 0.9500%","2026-08-03","2031-12-15","897,00","3,56","","","","","","","","ok","","ANBIMA Data API (web-bff)"
"ENMTC3","0,5186","DI_SPREAD","CDI + 0,52%","DI + 0.7500%","2026-08-03","2030-03-25","705,00","2,80","","","","","","","","ok","","ANBIMA Data API (web-bff)"
"ENMTC4","14,3243","PREFIXADO","14,32%","Pré-Fixado 13.7000%","2026-08-03","2032-05-15","1023,00","4,06","","-0,0662","spread = (1 + Y)/(1 + L) - 1; Y = pre 14,32%; L = TaxaLTN_252 venc ref 2032-01-01 = 14,40%","","","","","ok","","ANBIMA Data API (web-bff)"
"ENMTC5","8,1496","IPCA_SPREAD","B35 + 9 bps","IPCA + 7.0999%","2026-08-03","2035-09-15","1662,00","6,60","","","","2035-05-15","B35","8,0500","9","ok","","ANBIMA Data API (web-bff)"
"ENMTC6","8,0590","IPCA_SPREAD","B40 + 25 bps","IPCA + 7.1146%","2026-08-03","2040-10-15","2119,00","8,41","","","","2040-08-15","B40","7,7857","25","ok","","ANBIMA Data API (web-bff)"
"ENMTD2","8,1688","IPCA_SPREAD","B35 + 11 bps","IPCA + 7.0292%","2026-08-03","2034-12-15","1594,00","6,33","","","","2035-05-15","B35","8,0500","11","ok","","ANBIMA Data API (web-bff)"
"ENMTD5","8,0842","IPCA_SPREAD","B40 + 28 bps","IPCA + 6.9467%","2026-08-03","2040-09-15","2108,00","8,37","","","","2040-08-15","B40","7,7857","28","ok","","ANBIMA Data API (web-bff)"
"ENMTE6","8,2093","IPCA_SPREAD","B35 + 15 bps","IPCA + 7.2318%","2026-08-03","2035-10-15","1675,00","6,65","","","","2035-05-15","B35","8,0500","15","ok","","ANBIMA Data API (web-bff)"
"ENMTF8","8,1957","IPCA_SPREAD","B35 + 13 bps","IPCA + 6.6675%","2026-08-03","2036-02-15","1730,00","6,87","","","","2035-05-15","B35","8,0500","13","ok","","ANBIMA Data API (web-bff)"
"ENMTG8","8,0520","IPCA_SPREAD","B40 + 25 bps","IPCA + 6.5500%","2026-08-03","2041-02-15","2172,00","8,62","","","","2040-08-15","B40","7,7857","25","ok","","ANBIMA Data API (web-bff)"
"ENSEA1","7,9773","IPCA_SPREAD","B27 - 9 bps","IPCA + 5.7360%","2026-08-03","2027-07-15","233,00","0,92","","","","2027-05-15","B27","8,0775","-9","ok","","ANBIMA Data API (web-bff)"
"ENSEA5","8,2036","IPCA_SPREAD","B35 + 14 bps","IPCA + 6.6675%","2026-08-03","2036-02-15","1730,00","6,87","","","","2035-05-15","B35","8,0500","14","ok","","ANBIMA Data API (web-bff)"
"ENSEB4","8,1492","IPCA_SPREAD","B35 + 9 bps","IPCA + 7.1536%","2026-08-03","2035-09-15","1659,00","6,58","","","","2035-05-15","B35","8,0500","9","ok","","ANBIMA Data API (web-bff)"
"ENSEB5","8,0569","IPCA_SPREAD","B40 + 25 bps","IPCA + 6.5500%","2026-08-03","2041-02-15","2172,00","8,62","","","","2040-08-15","B40","7,7857","25","ok","","ANBIMA Data API (web-bff)"
"ENSEC4","7,9779","IPCA_SPREAD","B40 + 18 bps","IPCA + 6.9467%","2026-08-03","2040-09-15","2113,00","8,38","","","","2040-08-15","B40","7,7857","18","ok","","ANBIMA Data API (web-bff)"
"ENTV12","8,1888","IPCA_SPREAD","B29 + 1 bps","IPCA + 7.7500%","2026-08-03","2030-12-15","570,00","2,26","","","","2029-05-15","B29","8,1800","1","ok","","ANBIMA Data API (web-bff)"
"ENTV13","8,2941","IPCA_SPREAD","B33 + 14 bps","IPCA + 8.0389%","2026-08-03","2036-12-15","1470,00","5,83","","","","2033-05-15","B33","8,1468","14","ok","","ANBIMA Data API (web-bff)"
"EPRL12","8,8997","IPCA_SPREAD","B40 + 103 bps","IPCA + 8.2030%","2026-08-03","2049-03-15","2170,00","8,61","","","","2040-08-15","B40","7,7857","103","ok","","ANBIMA Data API (web-bff)"
"EQMAA0","8,1836","IPCA_SPREAD","B30 - 4 bps","IPCA + 6.3000%","2026-08-03","2031-12-15","955,00","3,79","","","","2030-08-15","B30","8,2269","-4","ok","","ANBIMA Data API (web-bff)"
"EQMAA1","0,5829","DI_SPREAD","CDI + 0,58%","DI + 0.9500%","2026-08-03","2030-05-15","572,00","2,27","","","","","","","","ok","","ANBIMA Data API (web-bff)"
"EQMAA2","8,1449","IPCA_SPREAD","B35 + 9 bps","IPCA + 6.6493%","2026-08-03","2036-09-15","1609,00","6,38","","","","2035-05-15","B35","8,0500","9","ok","","ANBIMA Data API (web-bff)"
"EQPA17","0,6181","DI_SPREAD","CDI + 0,62%","DI + 0.9500%","2026-08-03","2030-08-05","587,00","2,33","","","","","","","","ok","","ANBIMA Data API (web-bff)"
"EQPA18","8,1255","IPCA_SPREAD","B35 + 7 bps","IPCA + 7.7477%","2026-08-03","2036-12-15","1627,00","6,46","","","","2035-05-15","B35","8,0500","7","ok","","ANBIMA Data API (web-bff)"
"EQPA19","8,1517","IPCA_SPREAD","B35 + 9 bps","IPCA + 7.0606%","2026-08-03","2037-06-15","1717,00","6,81","","","","2035-05-15","B35","8,0500","9","ok","","ANBIMA Data API (web-bff)"
"EQPAA0","0,7136","DI_SPREAD","CDI + 0,71%","DI + 0.6500%","2026-08-03","2032-09-15","881,00","3,50","","","","","","","","ok","","ANBIMA Data API (web-bff)"
"EQPAA1","8,1308","IPCA_SPREAD","B37 + 23 bps","IPCA + 6.5700%","2026-08-03","2038-01-15","1825,00","7,24","","","","2037-05-15","B37","7,8869","23","ok","","ANBIMA Data API (web-bff)"
"EQSP11","8,1902","IPCA_SPREAD","B30 - 3 bps","IPCA + 4.8000%","2026-08-03","2033-01-15","794,00","3,15","","","","2030-08-15","B30","8,2269","-3","ok","","ANBIMA Data API (web-bff)"
"EQSP21","8,1717","IPCA_SPREAD","B30 - 5 bps","IPCA + 4.6500%","2026-08-03","2034-01-15","882,00","3,50","","","","2030-08-15","B30","8,2269","-5","ok","","ANBIMA Data API (web-bff)"
"EQTC11","8,2276","IPCA_SPREAD","B33 + 7 bps","IPCA + 4.8500%","2026-08-03","2039-04-15","1515,00","6,01","","","","2033-05-15","B33","8,1468","7","ok","","ANBIMA Data API (web-bff)"
"EQTL17","0,5948","DI_SPREAD","CDI + 0,59%","DI + 0.7200%","2026-08-03","2030-03-15","532,00","2,11","","","","","","","","ok","","ANBIMA Data API (web-bff)"
"EQTN11","8,2073","IPCA_SPREAD","B30 - 2 bps","IPCA + 4.8500%","2026-08-03","2033-01-15","769,00","3,05","","","","2030-08-15","B30","8,2269","-2","ok","","ANBIMA Data API (web-bff)"
"EQTR11","8,2339","IPCA_SPREAD","B33 + 8 bps","IPCA + 4.8500%","2026-08-03","2039-04-15","1515,00","6,01","","","","2033-05-15","B33","8,1468","8","ok","","ANBIMA Data API (web-bff)"
"EQTR21","8,2394","IPCA_SPREAD","B33 + 9 bps","IPCA + 4.8500%","2026-08-03","2039-04-15","1515,00","6,01","","","","2033-05-15","B33","8,1468","9","ok","","ANBIMA Data API (web-bff)"
"EQTS11","8,2196","IPCA_SPREAD","B30 - 1 bps","IPCA + 4.8500%","2026-08-03","2033-01-15","781,00","3,10","","","","2030-08-15","B30","8,2269","-1","ok","","ANBIMA Data API (web-bff)"
"EQUA11","8,1541","IPCA_SPREAD","B31 - 1 bps","IPCA + 4.9173%","2026-08-03","2036-03-15","1030,00","4,09","","","","2031-05-15","B31","8,1700","-1","ok","","ANBIMA Data API (web-bff)"
"ERDVA3","1,7042","DI_SPREAD","CDI + 1,70%","DI + 1.8500%","2026-08-03","2028-10-15","371,00","1,47","","","","","","","","ok","","ANBIMA Data API (web-bff)"
"ERDVA4","8,6807","IPCA_SPREAD","B31 + 47 bps","IPCA + 6.8233%","2026-08-03","2031-06-15","1041,00","4,13","","","","2031-05-15","B31","8,1700","47","ok","","ANBIMA Data API (web-bff)"
"ERDVA6","0,8573","DI_SPREAD","CDI + 0,86%","DI + 1.2000%","2026-08-03","2031-07-15","771,00","3,06","","","","","","","","ok","","ANBIMA Data API (web-bff)"
"ERDVB3","1,3155","DI_SPREAD","CDI + 1,32%","DI + 2.3500%","2026-08-03","2030-10-15","625,00","2,48","","","","","","","","ok","","ANBIMA Data API (web-bff)"
"ERDVB4","8,7157","IPCA_SPREAD","B33 + 53 bps","IPCA + 7.1117%","2026-08-03","2034-06-15","1361,00","5,40","","","","2033-05-15","B33","8,1468","53","ok","","ANBIMA Data API (web-bff)"
"ERDVC3","8,7935","IPCA_SPREAD","B32 + 58 bps","IPCA + 6.8285%","2026-08-03","2033-10-15","1250,00","4,96","","","","2032-08-15","B32","8,1613","58","ok","","ANBIMA Data API (web-bff)"
"ERDVC4","8,6518","IPCA_SPREAD","B37 + 71 bps","IPCA + 7.3108%","2026-08-03","2039-06-15","1975,00","7,84","","","","2037-05-15","B37","7,8869","71","ok","","ANBIMA Data API (web-bff)"
"ESAM14","8,0421","IPCA_SPREAD","B30 - 17 bps","IPCA + 7.3129%","2026-08-03","2033-06-15","791,00","3,14","","","","2030-08-15","B30","8,2269","-17","ok","","ANBIMA Data API (web-bff)"
"ESCEA3","0,6107","DI_SPREAD","CDI + 0,61%","DI + 0.9000%","2026-08-03","2028-02-19","234,00","0,93","","","","","","","","ok","","ANBIMA Data API (web-bff)"
"ESCEA4","0,5095","DI_SPREAD","CDI + 0,51%","DI + 0.4900%","2026-08-03","2029-08-28","330,00","1,31","","","","","","","","ok","","ANBIMA Data API (web-bff)"
"ESCEA5","7,9746","IPCA_SPREAD","B35 - 7 bps","IPCA + 7.2843%","2026-08-03","2036-12-15","1716,00","6,81","","","","2035-05-15","B35","8,0500","-7","ok","","ANBIMA Data API (web-bff)"
"ESCEA6","0,5955","DI_SPREAD","CDI + 0,60%","DI + 0.5000%","2026-08-03","2030-06-11","681,00","2,70","","","","","","","","ok","","ANBIMA Data API (web-bff)"
"ESCEB4","0,5584","DI_SPREAD","CDI + 0,56%","DI + 0.5600%","2026-08-03","2031-08-28","496,00","1,97","","","","","","","","ok","","ANBIMA Data API (web-bff)"
"ESCEB6","0,6792","DI_SPREAD","CDI + 0,68%","DI + 0.5800%","2026-08-03","2032-06-11","961,00","3,81","","","","","","","","ok","","ANBIMA Data API (web-bff)"
"ESSDA2","0,6725","DI_SPREAD","CDI + 0,67%","DI + 0.8000%","2026-08-03","2029-09-04","615,00","2,44","","","","","","","","ok","","ANBIMA Data API (web-bff)"
"ESSDA4","8,1985","IPCA_SPREAD","B33 + 5 bps","IPCA + 7.3000%","2026-08-03","2035-05-15","1488,00","5,90","","","","2033-05-15","B33","8,1468","5","ok","","ANBIMA Data API (web-bff)"
"ESSDA5","8,1941","IPCA_SPREAD","B35 + 13 bps","IPCA + 7.2318%","2026-08-03","2035-10-15","1675,00","6,65","","","","2035-05-15","B35","8,0500","13","ok","","ANBIMA Data API (web-bff)"
"ESSDB5","8,0515","IPCA_SPREAD","B40 + 25 bps","IPCA + 7.1146%","2026-08-03","2040-10-15","2120,00","8,41","","","","2040-08-15","B40","7,7857","25","ok","","ANBIMA Data API (web-bff)"
"ESULA6","8,1458","IPCA_SPREAD","B30 - 7 bps","IPCA + 6.0872%","2026-08-03","2031-10-15","917,00","3,64","","","","2030-08-15","B30","8,2269","-7","ok","","ANBIMA Data API (web-bff)"
"ETBA12","7,8923","IPCA_SPREAD","B28 - 50 bps","IPCA + 5.3382%","2026-08-03","2029-02-15","464,00","1,84","","","","2028-08-15","B28","8,4300","-50","ok","","ANBIMA Data API (web-bff)"
"ETEN12","8,0186","IPCA_SPREAD","B27 - 5 bps","IPCA + 4.2297%","2026-08-03","2027-10-15","293,00","1,16","","","","2027-05-15","B27","8,0775","-5","ok","","ANBIMA Data API (web-bff)"
"ETEN21","8,0384","IPCA_SPREAD","B27 - 4 bps","IPCA + 5.1410%","2026-08-03","2028-12-15","324,00","1,29","","","","2027-05-15","B27","8,0775","-4","ok","","ANBIMA Data API (web-bff)"
"ETEN22","8,0632","IPCA_SPREAD","B29 - 11 bps","IPCA + 4.4744%","2026-08-03","2030-10-15","734,00","2,91","","","","2029-05-15","B29","8,1800","-11","ok","","ANBIMA Data API (web-bff)"
"ETSP12","8,2194","IPCA_SPREAD","B33 + 7 bps","IPCA + 4.8500%","2026-08-03","2039-04-15","1515,00","6,01","","","","2033-05-15","B33","8,1468","7","ok","","ANBIMA Data API (web-bff)"
"EUBE11","7,6125","IPCA_SPREAD","B30 - 57 bps","IPCA + 6.4449%","2026-08-03","2034-01-15","898,00","3,56","","","","2030-08-15","B30","8,2269","-57","ok","","ANBIMA Data API (web-bff)"
"EUFA17","1,2116","DI_SPREAD","CDI + 1,21%","DI + 1.3000%","2026-08-03","2031-03-18","687,00","2,73","","","","","","","","ok","","ANBIMA Data API (web-bff)"
"EUFA18","0,9381","DI_SPREAD","CDI + 0,94%","DI + 0.9300%","2026-08-03","2028-09-11","448,00","1,78","","","","","","","","ok","","ANBIMA Data API (web-bff)"
"EUFA19","1,3324","DI_SPREAD","CDI + 1,33%","DI + 0.9500%","2026-08-03","2031-12-16","823,00","3,27","","","","","","","","ok","","ANBIMA Data API (web-bff)"
"EXTZ11","7,6042","IPCA_SPREAD","B28 - 76 bps","IPCA + 7.0291%","2026-08-03","2029-01-15","355,00","1,41","","","","2028-08-15","B28","8,4300","-76","ok","","ANBIMA Data API (web-bff)"
"FBRI13","7,6059","IPCA_SPREAD","B32 - 51 bps","IPCA + 7.3609%","2026-08-03","2034-04-15","1156,00","4,59","","","","2032-08-15","B32","8,1613","-51","ok","","ANBIMA Data API (web-bff)"
"FENS12","0,5219","DI_SPREAD","CDI + 0,52%","DI + 0.7500%","2026-08-03","2031-03-22","854,00","3,39","","","","","","","","ok","","ANBIMA Data API (web-bff)"
"FEPS11","8,9882","IPCA_SPREAD","B32 + 76 bps","IPCA + 8.6895%","2026-08-03","2040-01-15","1271,00","5,04","","","","2032-08-15","B32","8,1613","76","ok","","ANBIMA Data API (web-bff)"
"FGEN13","7,5103","IPCA_SPREAD","B27 - 52 bps","IPCA + 6.4686%","2026-08-03","2027-12-15","213,00","0,85","","","","2027-05-15","B27","8,0775","-52","ok","","ANBIMA Data API (web-bff)"
"FISI15","1,2638","DI_SPREAD","CDI + 1,26%","DI + 0.8500%","2026-08-03","2030-07-15","613,00","2,43","","","","","","","","ok","","ANBIMA Data API (web-bff)"
"FLCLA4","0,4131","DI_SPREAD","CDI + 0,41%","DI + 1.6000%","2026-08-03","2027-08-22","127,00","0,50","","","","","","","","ok","","ANBIMA Data API (web-bff)"
"FLCLA8","0,8509","DI_SPREAD","CDI + 0,85%","DI + 0.8000%","2026-08-03","2029-12-15","685,00","2,72","","","","","","","","ok","","ANBIMA Data API (web-bff)"
"FLCLA9","8,1651","IPCA_SPREAD","B35 + 11 bps","IPCA + 7.2318%","2026-08-03","2035-10-15","1676,00","6,65","","","","2035-05-15","B35","8,0500","11","ok","","ANBIMA Data API (web-bff)"
"FLCLB9","8,0508","IPCA_SPREAD","B40 + 25 bps","IPCA + 7.1146%","2026-08-03","2040-10-15","2120,00","8,41","","","","2040-08-15","B40","7,7857","25","ok","","ANBIMA Data API (web-bff)"
"FLRY17","0,5299","DI_SPREAD","CDI + 0,53%","DI + 1.3500%","2026-08-03","2027-04-22","169,00","0,67","","","","","","","","ok","","ANBIMA Data API (web-bff)"
"FLRY18","0,7266","DI_SPREAD","CDI + 0,73%","DI + 1.2300%","2026-08-03","2028-10-23","379,00","1,50","","","","","","","","ok","","ANBIMA Data API (web-bff)"
"FLRY19","0,3827","DI_SPREAD","CDI + 0,38%","DI + 0.5500%","2026-08-03","2029-05-17","492,00","1,95","","","","","","","","ok","","ANBIMA Data API (web-bff)"
"FLRY25","0,6266","DI_SPREAD","CDI + 0,63%","DI + 1.2000%","2026-08-03","2027-12-16","205,00","0,81","","","","","","","","ok","","ANBIMA Data API (web-bff)"
"FLRY27","0,9097","DI_SPREAD","CDI + 0,91%","DI + 1.5500%","2026-08-03","2029-04-22","560,00","2,22","","","","","","","","ok","","ANBIMA Data API (web-bff)"
"FLRY29","0,6091","DI_SPREAD","CDI + 0,61%","DI + 0.6700%","2026-08-03","2031-05-17","812,00","3,22","","","","","","","","ok","","ANBIMA Data API (web-bff)"
"FLRY36","0,6214","DI_SPREAD","CDI + 0,62%","DI + 1.7500%","2026-08-03","2028-07-08","433,00","1,72","","","","","","","","ok","","ANBIMA Data API (web-bff)"
"FLRYA0","0,4606","DI_SPREAD","CDI + 0,46%","DI + 0.4500%","2026-08-03","2029-10-21","566,00","2,25","","","","","","","","ok","","ANBIMA Data API (web-bff)"
"FLRYB0","0,5926","DI_SPREAD","CDI + 0,59%","DI + 0.5500%","2026-08-03","2031-10-21","865,00","3,43","","","","","","","","ok","","ANBIMA Data API (web-bff)"
"FRAG14","9,0787","IPCA_SPREAD","B30 + 79 bps","IPCA + 7.5300%","2026-08-03","2031-06-15","936,00","3,71","","","","2030-08-15","B30","8,2269","79","ok","","ANBIMA Data API (web-bff)"
"FRAG16","9,0359","IPCA_SPREAD","B33 + 82 bps","IPCA + 8.4942%","2026-08-03","2035-09-15","1393,00","5,53","","","","2033-05-15","B33","8,1468","82","ok","","ANBIMA Data API (web-bff)"
"FRAS16","0,9869","DI_SPREAD","CDI + 0,99%","DI + 0.7500%","2026-08-03","2030-10-25","799,00","3,17","","","","","","","","ok","","ANBIMA Data API (web-bff)"
"FSII14","10,2182","IPCA_SPREAD","B31 + 189 bps","IPCA + 9.1451%","2026-08-03","2033-02-15","1071,00","4,25","","","","2031-05-15","B31","8,1700","189","ok","","ANBIMA Data API (web-bff)"
"FURN21","7,9551","IPCA_SPREAD","B28 - 44 bps","IPCA + 4.0800%","2026-08-03","2029-11-15","417,00","1,65","","","","2028-08-15","B28","8,4300","-44","ok","","ANBIMA Data API (web-bff)"
"GASC15","8,4730","IPCA_SPREAD","B33 + 30 bps","IPCA + 5.7970%","2026-08-03","2034-03-15","1505,00","5,97","","","","2033-05-15","B33","8,1468","30","ok","","ANBIMA Data API (web-bff)"
"GASC16","8,4123","IPCA_SPREAD","B35 + 34 bps","IPCA + 6.4186%","2026-08-03","2034-06-15","1543,00","6,12","","","","2035-05-15","B35","8,0500","34","ok","","ANBIMA Data API (web-bff)"
"GASC17","8,3210","IPCA_SPREAD","B35 + 25 bps","IPCA + 6.0470%","2026-08-03","2036-08-15","1751,00","6,95","","","","2035-05-15","B35","8,0500","25","ok","","ANBIMA Data API (web-bff)"
"GASC18","8,4233","IPCA_SPREAD","B35 + 35 bps","IPCA + 7.4742%","2026-08-03","2037-03-15","1755,00","6,96","","","","2035-05-15","B35","8,0500","35","ok","","ANBIMA Data API (web-bff)"
"GASC19","8,1087","IPCA_SPREAD","B40 + 30 bps","IPCA + 6.5823%","2026-08-03","2040-10-15","2151,00","8,54","","","","2040-08-15","B40","7,7857","30","ok","","ANBIMA Data API (web-bff)"
"GASC22","8,4980","IPCA_SPREAD","B30 + 25 bps","IPCA + 4.5200%","2026-08-03","2031-06-15","878,00","3,48","","","","2030-08-15","B30","8,2269","25","ok","","ANBIMA Data API (web-bff)"
"GASC23","8,5165","IPCA_SPREAD","B33 + 34 bps","IPCA + 5.7283%","2026-08-03","2033-10-15","1453,00","5,77","","","","2033-05-15","B33","8,1468","34","ok","","ANBIMA Data API (web-bff)"
"GASC25","8,2870","IPCA_SPREAD","B37 + 37 bps","IPCA + 5.9284%","2026-08-03","2039-03-15","2013,00","7,99","","","","2037-05-15","B37","7,8869","37","ok","","ANBIMA Data API (web-bff)"
"GASC26","8,2684","IPCA_SPREAD","B37 + 35 bps","IPCA + 6.5318%","2026-08-03","2039-06-15","2036,00","8,08","","","","2037-05-15","B37","7,8869","35","ok","","ANBIMA Data API (web-bff)"
"GASC27","8,2942","IPCA_SPREAD","B35 + 23 bps","IPCA + 6.0470%","2026-08-03","2036-08-15","1752,00","6,95","","","","2035-05-15","B35","8,0500","23","ok","","ANBIMA Data API (web-bff)"
"GASC28","8,2743","IPCA_SPREAD","B37 + 36 bps","IPCA + 7.5280%","2026-08-03","2040-03-15","2015,00","8,00","","","","2037-05-15","B37","7,8869","36","ok","","ANBIMA Data API (web-bff)"
"GASP19","8,0916","IPCA_SPREAD","B30 - 13 bps","IPCA + 5.1216%","2026-08-03","2031-08-15","890,00","3,53","","","","2030-08-15","B30","8,2269","-13","ok","","ANBIMA Data API (web-bff)"
"GASP29","8,0351","IPCA_SPREAD","B35 - 1 bps","IPCA + 5.2164%","2026-08-03","2036-08-15","1735,00","6,88","","","","2035-05-15","B35","8,0500","-1","ok","","ANBIMA Data API (web-bff)"
"GGBRA7","0,4137","DI_SPREAD","CDI + 0,41%","DI + 0.6000%","2026-08-03","2029-05-29","592,00","2,35","","","","","","","","ok","","ANBIMA Data API (web-bff)"
"GGBRA8","0,4128","DI_SPREAD","CDI + 0,41%","DI + 0.5000%","2026-08-03","2028-12-10","512,00","2,03","","","","","","","","ok","","ANBIMA Data API (web-bff)"
"GGBRA9","0,5183","DI_SPREAD","CDI + 0,52%","DI + 0.6500%","2026-08-03","2032-06-04","1018,00","4,04","","","","","","","","ok","","ANBIMA Data API (web-bff)"
"GRRB16","2,2691","DI_SPREAD","CDI + 2,27%","DI + 0.9500%","2026-08-03","2029-08-12","595,00","2,36","","","","","","","","ok","","ANBIMA Data API (web-bff)"
"GSHC15","1,2724","DI_SPREAD","CDI + 1,27%","DI + 1.7000%","2026-08-03","2029-04-22","370,00","1,47","","","","","","","","ok","","ANBIMA Data API (web-bff)"
"GSHC17","2,2679","DI_SPREAD","CDI + 2,27%","DI + 2.5000%","2026-08-03","2030-09-15","469,00","1,86","","","","","","","","ok","","ANBIMA Data API (web-bff)"
"GSTS14","10,2517","IPCA_SPREAD","B31 + 192 bps","IPCA + 6.5163%","2026-08-03","2032-05-15","1012,00","4,02","","","","2031-05-15","B31","8,1700","192","ok","","ANBIMA Data API (web-bff)"
"GSTS24","10,7122","IPCA_SPREAD","B35 + 246 bps","IPCA + 6.8516%","2026-08-03","2037-05-15","1578,00","6,26","","","","2035-05-15","B35","8,0500","246","ok","","ANBIMA Data API (web-bff)"
"GUAR17","0,9740","DI_SPREAD","CDI + 0,97%","DI + 0.9500%","2026-08-03","2028-10-15","374,00","1,48","","","","","","","","ok","","ANBIMA Data API (web-bff)"
"HAPV15","7,0262","DI_SPREAD","CDI + 7,03%","DI + 1.7500%","2026-08-03","2030-01-27","682,00","2,71","","","","","","","","ok","","ANBIMA Data API (web-bff)"
"HAPV17","7,3456","DI_SPREAD","CDI + 7,35%","DI + 1.6000%","2026-08-03","2031-05-10","694,00","2,75","","","","","","","","ok","","ANBIMA Data API (web-bff)"
"HAPV18","7,0000","DI_SPREAD","CDI + 7,00%","DI + 1.1000%","2026-08-03","2031-10-15","867,00","3,44","","","","","","","","ok","","ANBIMA Data API (web-bff)"
"HAPV19","7,0480","DI_SPREAD","CDI + 7,05%","DI + 1.0500%","2026-08-03","2032-05-16","934,00","3,71","","","","","","","","ok","","ANBIMA Data API (web-bff)"
"HAPV28","7,0638","DI_SPREAD","CDI + 7,06%","DI + 1.2000%","2026-08-03","2032-10-15","952,00","3,78","","","","","","","","ok","","ANBIMA Data API (web-bff)"
"HAPVA0","7,1557","DI_SPREAD","CDI + 7,16%","DI + 1.0500%","2026-08-03","2033-10-15","987,00","3,92","","","","","","","","ok","","ANBIMA Data API (web-bff)"
"HARG11","8,7693","IPCA_SPREAD","B32 + 56 bps","IPCA + 6.6647%","2026-08-03","2036-10-15","1257,00","4,99","","","","2032-08-15","B32","8,1613","56","ok","","ANBIMA Data API (web-bff)"
"HBSA11","8,6161","IPCA_SPREAD","B28 + 17 bps","IPCA + 6.0029%","2026-08-03","2028-10-15","515,00","2,04","","","","2028-08-15","B28","8,4300","17","ok","","ANBIMA Data API (web-bff)"
"HBSA14","0,5500","DI_SPREAD","CDI + 0,55%","DI + 0.5000%","2026-08-03","2028-06-11","418,00","1,66","","","","","","","","ok","","ANBIMA Data API (web-bff)"
"HBSA21","8,5256","IPCA_SPREAD","B30 + 28 bps","IPCA + 6.0444%","2026-08-03","2031-10-15","916,00","3,63","","","","2030-08-15","B30","8,2269","28","ok","","ANBIMA Data API (web-bff)"
"HBSA22","1,4500","DI_SPREAD","CDI + 1,45%","DI + 2.4000%","2026-08-03","2029-07-20","430,00","1,71","","","","","","","","ok","","ANBIMA Data API (web-bff)"
"HBSA24","0,6215","DI_SPREAD","CDI + 0,62%","DI + 0.7500%","2026-08-03","2031-06-11","898,00","3,56","","","","","","","","ok","","ANBIMA Data API (web-bff)"
"HGLB13","2,6540","DI_SPREAD","CDI + 2,65%","DI + 3.0000%","2026-08-03","2034-10-15","905,00","3,59","","","","","","","","ok","","ANBIMA Data API (web-bff)"
"HGLB23","10,9687","IPCA_SPREAD","B31 + 259 bps","IPCA + 9.1196%","2026-08-03","2034-10-15","1078,00","4,28","","","","2031-05-15","B31","8,1700","259","ok","","ANBIMA Data API (web-bff)"
"HSBH11","9,1964","IPCA_SPREAD","B35 + 106 bps","IPCA + 8.5500%","2026-08-03","2043-11-15","1582,00","6,28","","","","2035-05-15","B35","8,0500","106","ok","","ANBIMA Data API (web-bff)"
"HVSP11","9,3014","IPCA_SPREAD","B32 + 105 bps","IPCA + 8.2561%","2026-08-03","2038-06-15","1233,00","4,89","","","","2032-08-15","B32","8,1613","105","ok","","ANBIMA Data API (web-bff)"
"HYPEA6","0,6706","DI_SPREAD","CDI + 0,67%","DI + 1.3500%","2026-08-03","2028-10-10","370,00","1,47","","","","","","","","ok","","ANBIMA Data API (web-bff)"
"HYPEA7","0,6500","DI_SPREAD","CDI + 0,65%","DI + 1.3000%","2026-08-03","2028-12-15","415,00","1,65","","","","","","","","ok","","ANBIMA Data API (web-bff)"
"HYPEA8","0,5387","DI_SPREAD","CDI + 0,54%","DI + 0.8500%","2026-08-03","2029-05-03","480,00","1,90","","","","","","","","ok","","ANBIMA Data API (web-bff)"
"HYPEA9","0,5702","DI_SPREAD","CDI + 0,57%","DI + 0.9000%","2026-08-03","2030-01-15","619,00","2,46","","","","","","","","ok","","ANBIMA Data API (web-bff)"
"HYPEB1","0,6467","DI_SPREAD","CDI + 0,65%","DI + 0.8500%","2026-08-03","2030-12-15","834,00","3,31","","","","","","","","ok","","ANBIMA Data API (web-bff)"
"HYPEC0","0,5886","DI_SPREAD","CDI + 0,59%","DI + 0.7500%","2026-08-03","2030-08-15","677,00","2,69","","","","","","","","ok","","ANBIMA Data API (web-bff)"
"HZTC14","8,3935","IPCA_SPREAD","B31 + 21 bps","IPCA + 6.7592%","2026-08-03","2035-11-15","1002,00","3,98","","","","2031-05-15","B31","8,1700","21","ok","","ANBIMA Data API (web-bff)"
"IBPB11","8,3888","IPCA_SPREAD","B33 + 22 bps","IPCA + 5.9000%","2026-08-03","2040-11-15","1470,00","5,83","","","","2033-05-15","B33","8,1468","22","ok","","ANBIMA Data API (web-bff)"
"IGSN15","11,3015","IPCA_SPREAD","B30 + 284 bps","IPCA + 6.1000%","2026-08-03","2034-07-15","943,00","3,74","","","","2030-08-15","B30","8,2269","284","ok","","ANBIMA Data API (web-bff)"
"IGTAA3","0,4784","DI_SPREAD","CDI + 0,48%","DI + 0.4500%","2026-08-03","2030-09-20","705,00","2,80","","","","","","","","ok","","ANBIMA Data API (web-bff)"
"IGTAB0","0,2819","DI_SPREAD","CDI + 0,28%","DI + 2.4500%","2026-08-03","2027-09-28","151,00","0,60","","","","","","","","ok","","ANBIMA Data API (web-bff)"
"INEL12","1,3752","DI_SPREAD","CDI + 1,38%","DI + 1.6500%","2026-08-03","2029-05-15","385,00","1,53","","","","","","","","ok","","ANBIMA Data API (web-bff)"
"IOCHA3","1,3190","DI_SPREAD","CDI + 1,32%","DI + 1.6000%","2026-08-03","2030-04-02","538,00","2,13","","","","","","","","ok","","ANBIMA Data API (web-bff)"
"IOCHA4","1,1733","DI_SPREAD","CDI + 1,17%","DI + 1.3500%","2026-08-03","2028-10-10","370,00","1,47","","","","","","","","ok","","ANBIMA Data API (web-bff)"
"IOCHA5","1,3187","DI_SPREAD","CDI + 1,32%","DI + 1.5500%","2026-08-03","2030-02-05","585,00","2,32","","","","","","","","ok","","ANBIMA Data API (web-bff)"
"IOCHA6","1,3510","DI_SPREAD","CDI + 1,35%","DI + 1.4500%","2026-08-03","2030-06-04","667,00","2,65","","","","","","","","ok","","ANBIMA Data API (web-bff)"
"IPIPA5","7,6591","IPCA_SPREAD","B35 - 36 bps","IPCA + 6.9550%","2026-08-03","2035-10-15","1561,00","6,19","","","","2035-05-15","B35","8,0500","-36","ok","","ANBIMA Data API (web-bff)"
"IPIPA6","0,5400","DI_SPREAD","CDI + 0,54%","DI + 0.6000%","2026-08-03","2030-11-19","743,00","2,95","","","","","","","","ok","","ANBIMA Data API (web-bff)"
"IRJS14","10,8189","IPCA_SPREAD","B35 + 256 bps","IPCA + 8.2000%","2026-08-03","2043-05-15","1712,00","6,79","","","","2035-05-15","B35","8,0500","256","ok","","ANBIMA Data API (web-bff)"
"IRJS15","10,8442","IPCA_SPREAD","B35 + 259 bps","IPCA + 7.1303%","2026-08-03","2044-02-15","1660,00","6,59","","","","2035-05-15","B35","8,0500","259","ok","","ANBIMA Data API (web-bff)"
"ISAEA8","7,7406","IPCA_SPREAD","B32 - 39 bps","IPCA + 7.4118%","2026-08-03","2033-06-15","1288,00","5,11","","","","2032-08-15","B32","8,1613","-39","ok","","ANBIMA Data API (web-bff)"
"ISAEA9","7,5814","IPCA_SPREAD","B40 - 19 bps","IPCA + 6.7000%","2026-08-03","2035-06-15","2220,00","8,81","","","","2040-08-15","B40","7,7857","-19","ok","","ANBIMA Data API (web-bff)"
"ISAEB0","7,5647","IPCA_SPREAD","B37 - 30 bps","IPCA + 6.6598%","2026-08-03","2037-10-15","1963,00","7,79","","","","2037-05-15","B37","7,8869","-30","ok","","ANBIMA Data API (web-bff)"
"ISAEB1","0,5296","DI_SPREAD","CDI + 0,53%","DI + 0.5500%","2026-08-03","2030-01-15","707,00","2,81","","","","","","","","ok","","ANBIMA Data API (web-bff)"
"ISAEB2","7,5384","IPCA_SPREAD","B40 - 23 bps","IPCA + 6.4618%","2026-08-03","2041-03-15","2322,00","9,21","","","","2040-08-15","B40","7,7857","-23","ok","","ANBIMA Data API (web-bff)"
"ISAEB8","7,7282","IPCA_SPREAD","B32 - 40 bps","IPCA + 7.4118%","2026-08-03","2033-03-15","1226,00","4,87","","","","2032-08-15","B32","8,1613","-40","ok","","ANBIMA Data API (web-bff)"
"ISAEC0","7,5753","IPCA_SPREAD","B40 - 20 bps","IPCA + 6.6382%","2026-08-03","2040-10-15","2226,00","8,83","","","","2040-08-15","B40","7,7857","-20","ok","","ANBIMA Data API (web-bff)"
"ISAEC1","0,5504","DI_SPREAD","CDI + 0,55%","DI + 0.6000%","2026-08-03","2031-01-15","858,00","3,40","","","","","","","","ok","","ANBIMA Data API (web-bff)"
"ISAEC2","7,5596","IPCA_SPREAD","B40 - 21 bps","IPCA + 6.4618%","2026-08-03","2041-03-15","2320,00","9,21","","","","2040-08-15","B40","7,7857","-21","ok","","ANBIMA Data API (web-bff)"
"ISAED1","0,6101","DI_SPREAD","CDI + 0,61%","DI + 0.8400%","2026-08-03","2035-01-15","1226,00","4,87","","","","","","","","ok","","ANBIMA Data API (web-bff)"
"ISPE12","2,4500","DI_SPREAD","CDI + 2,45%","DI + 2.5000%","2026-08-03","2029-06-01","580,00","2,30","","","","","","","","ok","","ANBIMA Data API (web-bff)"
"ISPE13","2,4768","DI_SPREAD","CDI + 2,48%","DI + 2.5000%","2026-08-03","2029-06-01","580,00","2,30","","","","","","","","ok","","ANBIMA Data API (web-bff)"
"ITPE13","9,4419","IPCA_SPREAD","B37 + 144 bps","IPCA + 8.6500%","2026-08-03","2042-06-15","1894,00","7,52","","","","2037-05-15","B37","7,8869","144","ok","","ANBIMA Data API (web-bff)"
"ITPO14","8,1165","IPCA_SPREAD","B32 - 4 bps","IPCA + 6.2878%","2026-08-03","2036-11-15","1272,00","5,05","","","","2032-08-15","B32","8,1613","-4","ok","","ANBIMA Data API (web-bff)"
"ITPO15","8,1407","IPCA_SPREAD","B33 - 1 bps","IPCA + 7.4000%","2026-08-03","2040-05-15","1454,00","5,77","","","","2033-05-15","B33","8,1468","-1","ok","","ANBIMA Data API (web-bff)"
"ITSA17","0,5121","DI_SPREAD","CDI + 0,51%","DI + 0.8800%","2026-08-03","2034-07-25","1192,00","4,73","","","","","","","","ok","","ANBIMA Data API (web-bff)"
"ITSA18","0,4789","DI_SPREAD","CDI + 0,48%","DI + 0.6000%","2026-08-03","2035-09-12","1112,00","4,41","","","","","","","","ok","","ANBIMA Data API (web-bff)"
"IVIAA0","9,3451","IPCA_SPREAD","B33 + 111 bps","IPCA + 6.8672%","2026-08-03","2038-05-15","1423,00","5,65","","","","2033-05-15","B33","8,1468","111","ok","","ANBIMA Data API (web-bff)"
"JALL11","8,5490","IPCA_SPREAD","B29 + 34 bps","IPCA + 5.5923%","2026-08-03","2028-12-15","559,00","2,22","","","","2029-05-15","B29","8,1800","34","ok","","ANBIMA Data API (web-bff)"
"JALL13","8,7887","IPCA_SPREAD","B31 + 57 bps","IPCA + 6.4876%","2026-08-03","2032-09-15","975,00","3,87","","","","2031-05-15","B31","8,1700","57","ok","","ANBIMA Data API (web-bff)"
"JALL14","8,7549","IPCA_SPREAD","B30 + 49 bps","IPCA + 7.1163%","2026-08-03","2030-10-15","906,00","3,60","","","","2030-08-15","B30","8,2269","49","ok","","ANBIMA Data API (web-bff)"
"JALL15","8,8164","IPCA_SPREAD","B33 + 62 bps","IPCA + 6.6074%","2026-08-03","2034-05-15","1355,00","5,38","","","","2033-05-15","B33","8,1468","62","ok","","ANBIMA Data API (web-bff)"
"JALL21","8,6962","IPCA_SPREAD","B31 + 49 bps","IPCA + 5.8041%","2026-08-03","2031-12-15","960,00","3,81","","","","2031-05-15","B31","8,1700","49","ok","","ANBIMA Data API (web-bff)"
"JALL24","8,8464","IPCA_SPREAD","B32 + 63 bps","IPCA + 7.2340%","2026-08-03","2033-10-17","1239,00","4,92","","","","2032-08-15","B32","8,1613","63","ok","","ANBIMA Data API (web-bff)"
"JHSFA1","0,6512","DI_SPREAD","CDI + 0,65%","DI + 2.7500%","2026-08-03","2027-01-21","84,00","0,33","","","","","","","","ok","","ANBIMA Data API (web-bff)"
"JHSFA3","1,2117","DI_SPREAD","CDI + 1,21%","DI + 2.2000%","2026-08-03","2027-12-20","167,00","0,66","","","","","","","","ok","","ANBIMA Data API (web-bff)"
"JSLGA5","2,7025","DI_SPREAD","CDI + 2,70%","DI + 2.7000%","2026-08-03","2028-10-20","266,00","1,06","","","","","","","","ok","","ANBIMA Data API (web-bff)"
"JSMLA5","3,5364","DI_SPREAD","CDI + 3,54%","DI + 3.5000%","2026-08-03","2031-01-15","672,00","2,67","","","","","","","","ok","","ANBIMA Data API (web-bff)"
"JSMLB5","13,7604","IPCA_SPREAD","B30 + 511 bps","IPCA + 7.9677%","2026-08-03","2031-09-15","846,00","3,36","","","","2030-08-15","B30","8,2269","511","ok","","ANBIMA Data API (web-bff)"
"JTEE11","7,6839","IPCA_SPREAD","B30 - 50 bps","IPCA + 4.5000%","2026-08-03","2033-07-15","851,00","3,38","","","","2030-08-15","B30","8,2269","-50","ok","","ANBIMA Data API (web-bff)"
"JTEE12","7,7118","IPCA_SPREAD","B35 - 31 bps","IPCA + 4.8295%","2026-08-03","2044-12-15","1768,00","7,02","","","","2035-05-15","B35","8,0500","-31","ok","","ANBIMA Data API (web-bff)"
"KLAS12","3,6321","DI_SPREAD","CDI + 3,63%","DI + 2.8000%","2026-08-03","2026-08-16","10,00","0,04","","","","","","","","ok","","ANBIMA Data API (web-bff)"
"KLBNA2","102,8381","DI_PERCENTUAL","CDI + 0,35%","114.6500% DI","2026-08-03","2029-03-19","348,00","1,38","102,8381","0,3491","spread = (1 + (%CDI/100)*L)/(1 + L) - 1; L = TaxaLTN_252 venc ref 2029-01-01 = 14,02%","","","","","ok","","ANBIMA Data API (web-bff)"
"KLBNA5","7,4004","IPCA_SPREAD","B37 - 45 bps","IPCA + 6.0500%","2026-08-03","2039-08-15","2078,00","8,25","","","","2037-05-15","B37","7,8869","-45","ok","","ANBIMA Data API (web-bff)"
"KRSA12","","DI_SPREAD","—","DI + 2.8000%","2026-08-03","2030-10-30","","","","","","","","","","sem_taxa","Taxa indicativa vazia","ANBIMA Data API (web-bff)"
"LCAMC2","1,5321","DI_SPREAD","CDI + 1,53%","DI + 2.4000%","2026-08-03","2031-05-20","720,00","2,86","","","","","","","","ok","","ANBIMA Data API (web-bff)"
"LCAMD1","9,9042","IPCA_SPREAD","B30 + 155 bps","IPCA + 6.5119%","2026-08-03","2031-09-15","883,00","3,50","","","","2030-08-15","B30","8,2269","155","ok","","ANBIMA Data API (web-bff)"
"LCAMD3","9,9695","IPCA_SPREAD","B29 + 165 bps","IPCA + 7.2101%","2026-08-03","2029-04-15","610,00","2,42","","","","2029-05-15","B29","8,1800","165","ok","","ANBIMA Data API (web-bff)"
"LETS18","1,3015","DI_SPREAD","CDI + 1,30%","DI + 1.2500%","2026-08-03","2031-10-15","778,00","3,09","","","","","","","","ok","","ANBIMA Data API (web-bff)"
"LGEN11","7,8543","IPCA_SPREAD","B27 - 21 bps","IPCA + 7.3287%","2026-08-03","2029-03-15","258,00","1,02","","","","2027-05-15","B27","8,0775","-21","ok","","ANBIMA Data API (web-bff)"
"LIGH1B","","IPCA_SPREAD","—","IPCA + 5.0000%","2026-08-03","2032-11-13","","","","","","","","","","sem_taxa","Taxa indicativa vazia","ANBIMA Data API (web-bff)"
"LIGHB4","","IPCA_SPREAD","—","IPCA + 5.0000%","2026-08-03","2032-11-13","","","","","","","","","","sem_taxa","Taxa indicativa vazia","ANBIMA Data API (web-bff)"
"LIGHB6","","IPCA_SPREAD","—","IPCA + 5.0000%","2026-08-03","2032-11-13","","","","","","","","","","sem_taxa","Taxa indicativa vazia","ANBIMA Data API (web-bff)"
"LIGHB7","","IPCA_SPREAD","—","IPCA + 5.0000%","2026-08-03","2032-11-13","","","","","","","","","","sem_taxa","Taxa indicativa vazia","ANBIMA Data API (web-bff)"
"LIGHC3","","IPCA_SPREAD","—","IPCA + 5.0000%","2026-08-03","2032-11-13","","","","","","","","","","sem_taxa","Taxa indicativa vazia","ANBIMA Data API (web-bff)"
"LIGHD3","","IPCA_SPREAD","—","IPCA + 3.0000%","2026-08-03","2037-11-13","","","","","","","","","","sem_taxa","Taxa indicativa vazia","ANBIMA Data API (web-bff)"
"LMTP18","1,4800","DI_SPREAD","CDI + 1,48%","DI + 1.9300%","2026-08-03","2026-12-10","89,00","0,35","","","","","","","","ok","","ANBIMA Data API (web-bff)"
"LMTP26","1,5235","DI_SPREAD","CDI + 1,52%","DI + 1.7000%","2026-08-03","2027-09-25","261,00","1,04","","","","","","","","ok","","ANBIMA Data API (web-bff)"
"LMTPA0","1,7849","DI_SPREAD","CDI + 1,78%","DI + 1.7000%","2026-08-03","2029-10-15","634,00","2,52","","","","","","","","ok","","ANBIMA Data API (web-bff)"
"LMTPA1","1,3121","DI_SPREAD","CDI + 1,31%","DI + 1.5000%","2026-08-03","2028-01-17","339,00","1,35","","","","","","","","ok","","ANBIMA Data API (web-bff)"
"LMTPA2","1,6345","DI_SPREAD","CDI + 1,63%","DI + 1.3000%","2026-08-03","2028-09-23","456,00","1,81","","","","","","","","ok","","ANBIMA Data API (web-bff)"
"LMTPB1","1,8380","DI_SPREAD","CDI + 1,84%","DI + 1.7000%","2026-08-03","2030-01-17","698,00","2,77","","","","","","","","ok","","ANBIMA Data API (web-bff)"
"LMTPB2","1,9755","DI_SPREAD","CDI + 1,98%","DI + 1.5000%","2026-08-03","2030-09-23","763,00","3,03","","","","","","","","ok","","ANBIMA Data API (web-bff)"
"LOGGB1","0,9090","DI_SPREAD","CDI + 0,91%","DI + 1.6500%","2026-08-03","2027-07-11","225,00","0,89","","","","","","","","ok","","ANBIMA Data API (web-bff)"
"LORTA7","9,9358","IPCA_SPREAD","B30 + 158 bps","IPCA + 5.4702%","2026-08-03","2031-03-15","902,00","3,58","","","","2030-08-15","B30","8,2269","158","ok","","ANBIMA Data API (web-bff)"
"LORTB2","1,3620","DI_SPREAD","CDI + 1,36%","DI + 1.8700%","2026-08-03","2028-12-05","502,00","1,99","","","","","","","","ok","","ANBIMA Data API (web-bff)"
"LTTE15","7,9267","IPCA_SPREAD","B32 - 22 bps","IPCA + 5.0900%","2026-08-03","2038-10-15","1220,00","4,84","","","","2032-08-15","B32","8,1613","-22","ok","","ANBIMA Data API (web-bff)"
"LVTC12","2,1863","DI_SPREAD","CDI + 2,19%","DI + 2.3000%","2026-08-03","2027-06-15","148,00","0,59","","","","","","","","ok","","ANBIMA Data API (web-bff)"
"LVTC22","5,8944","DI_SPREAD","CDI + 5,89%","DI + 2.7000%","2026-08-03","2029-06-15","348,00","1,38","","","","","","","","ok","","ANBIMA Data API (web-bff)"
"MATD12","0,6865","DI_SPREAD","CDI + 0,69%","DI + 0.9500%","2026-08-03","2031-05-15","808,00","3,21","","","","","","","","ok","","ANBIMA Data API (web-bff)"
"MATD13","0,7228","DI_SPREAD","CDI + 0,72%","DI + 1.1000%","2026-08-03","2032-07-18","981,00","3,89","","","","","","","","ok","","ANBIMA Data API (web-bff)"
"MDRO18","2,6319","DI_SPREAD","CDI + 2,63%","DI + 2.2500%","2026-08-03","2030-11-25","648,00","2,57","","","","","","","","ok","","ANBIMA Data API (web-bff)"
"MEAL14","4,6333","DI_SPREAD","CDI + 4,63%","DI + 4.2000%","2026-08-03","2028-10-11","256,00","1,02","","","","","","","","ok","","ANBIMA Data API (web-bff)"
"MGLUA0","1,7747","DI_SPREAD","CDI + 1,77%","DI + 1.2500%","2026-08-03","2026-10-15","51,00","0,20","","","","","","","","ok","","ANBIMA Data API (web-bff)"
"MGPRA0","8,8651","IPCA_SPREAD","B37 + 91 bps","IPCA + 7.8868%","2026-08-03","2042-03-15","1943,00","7,71","","","","2037-05-15","B37","7,8869","91","ok","","ANBIMA Data API (web-bff)"
"MGSP12","8,0374","IPCA_SPREAD","B33 - 10 bps","IPCA + 4.4500%","2026-08-03","2039-07-15","1378,00","5,47","","","","2033-05-15","B33","8,1468","-10","ok","","ANBIMA Data API (web-bff)"
"MILS18","1,1114","DI_SPREAD","CDI + 1,11%","DI + 2.0000%","2026-08-03","2030-01-10","518,00","2,06","","","","","","","","ok","","ANBIMA Data API (web-bff)"
"MILS19","1,0463","DI_SPREAD","CDI + 1,05%","DI + 1.3000%","2026-08-03","2029-06-20","511,00","2,03","","","","","","","","ok","","ANBIMA Data API (web-bff)"
"MILS29","1,2256","DI_SPREAD","CDI + 1,23%","DI + 1.4000%","2026-08-03","2032-06-20","888,00","3,52","","","","","","","","ok","","ANBIMA Data API (web-bff)"
"MILSA1","1,0618","DI_SPREAD","CDI + 1,06%","DI + 0.9000%","2026-08-03","2030-08-19","676,00","2,68","","","","","","","","ok","","ANBIMA Data API (web-bff)"
"MILSB0","1,2264","DI_SPREAD","CDI + 1,23%","DI + 1.3000%","2026-08-03","2032-11-25","933,00","3,70","","","","","","","","ok","","ANBIMA Data API (web-bff)"
"MNLT11","0,8704","DI_SPREAD","CDI + 0,87%","DI + 1.7500%","2026-08-03","2026-10-15","51,00","0,20","","","","","","","","ok","","ANBIMA Data API (web-bff)"
"MNRVA1","1,7771","DI_SPREAD","CDI + 1,78%","DI + 1.6000%","2026-08-03","2026-10-15","51,00","0,20","","","","","","","","ok","","ANBIMA Data API (web-bff)"
"MOTVA8","0,5194","DI_SPREAD","CDI + 0,52%","DI + 0.5700%","2026-08-03","2030-05-15","742,00","2,94","","","","","","","","ok","","ANBIMA Data API (web-bff)"
"MOTVB9","7,6938","IPCA_SPREAD","B37 - 18 bps","IPCA + 6.6497%","2026-08-03","2037-10-15","1837,00","7,29","","","","2037-05-15","B37","7,8869","-18","ok","","ANBIMA Data API (web-bff)"
"MOVI17","1,4413","DI_SPREAD","CDI + 1,44%","DI + 2.7000%","2026-08-03","2026-09-15","30,00","0,12","","","","","","","","ok","","ANBIMA Data API (web-bff)"
"MOVI18","13,1764","IPCA_SPREAD","B29 + 462 bps","IPCA + 8.0525%","2026-08-03","2029-06-15","643,00","2,55","","","","2029-05-15","B29","8,1800","462","ok","","ANBIMA Data API (web-bff)"
"MOVI27","2,3847","DI_SPREAD","CDI + 2,38%","DI + 2.9000%","2026-08-03","2029-09-15","433,00","1,72","","","","","","","","ok","","ANBIMA Data API (web-bff)"
"MOVI34","1,3519","DI_SPREAD","CDI + 1,35%","DI + 2.0500%","2026-08-03","2027-07-27","236,00","0,94","","","","","","","","ok","","ANBIMA Data API (web-bff)"
"MOVI37","13,8682","IPCA_SPREAD","B30 + 521 bps","IPCA + 7.6366%","2026-08-03","2031-09-15","850,00","3,37","","","","2030-08-15","B30","8,2269","521","ok","","ANBIMA Data API (web-bff)"
"MOVIA2","1,2060","DI_SPREAD","CDI + 1,21%","DI + 2.1000%","2026-08-03","2026-10-15","51,00","0,20","","","","","","","","ok","","ANBIMA Data API (web-bff)"
"MOVIA3","1,9677","DI_SPREAD","CDI + 1,97%","DI + 2.5000%","2026-08-03","2027-03-05","136,00","0,54","","","","","","","","ok","","ANBIMA Data API (web-bff)"
"MRFGA1","1,0088","DI_SPREAD","CDI + 1,01%","DI + 1.5500%","2026-08-03","2027-11-11","181,00","0,72","","","","","","","","ok","","ANBIMA Data API (web-bff)"
"MRSAA1","7,7905","IPCA_SPREAD","B33 - 33 bps","IPCA + 6.2414%","2026-08-03","2033-09-15","1421,00","5,64","","","","2033-05-15","B33","8,1468","-33","ok","","ANBIMA Data API (web-bff)"
"MRSAA2","7,7658","IPCA_SPREAD","B35 - 26 bps","IPCA + 6.5251%","2026-08-03","2034-09-15","1560,00","6,19","","","","2035-05-15","B35","8,0500","-26","ok","","ANBIMA Data API (web-bff)"
"MRSAA3","7,7431","IPCA_SPREAD","B32 - 39 bps","IPCA + 7.2638%","2026-08-03","2032-07-15","1233,00","4,89","","","","2032-08-15","B32","8,1613","-39","ok","","ANBIMA Data API (web-bff)"
"MRSAA4","7,6368","IPCA_SPREAD","B40 - 14 bps","IPCA + 6.4613%","2026-08-03","2041-02-15","2204,00","8,75","","","","2040-08-15","B40","7,7857","-14","ok","","ANBIMA Data API (web-bff)"
"MRSAB1","7,7810","IPCA_SPREAD","B35 - 25 bps","IPCA + 6.3439%","2026-08-03","2035-09-15","1563,00","6,20","","","","2035-05-15","B35","8,0500","-25","ok","","ANBIMA Data API (web-bff)"
"MRSAB2","7,8030","IPCA_SPREAD","B35 - 23 bps","IPCA + 6.5514%","2026-08-03","2036-09-15","1691,00","6,71","","","","2035-05-15","B35","8,0500","-23","ok","","ANBIMA Data API (web-bff)"
"MRSAB3","7,5939","IPCA_SPREAD","B40 - 18 bps","IPCA + 6.8437%","2026-08-03","2040-07-15","2173,00","8,62","","","","2040-08-15","B40","7,7857","-18","ok","","ANBIMA Data API (web-bff)"
"MRSAC1","7,6503","IPCA_SPREAD","B37 - 22 bps","IPCA + 6.4496%","2026-08-03","2038-09-15","1948,00","7,73","","","","2037-05-15","B37","7,8869","-22","ok","","ANBIMA Data API (web-bff)"
"MRSAC2","7,6397","IPCA_SPREAD","B37 - 23 bps","IPCA + 6.5796%","2026-08-03","2039-09-15","2052,00","8,14","","","","2037-05-15","B37","7,8869","-23","ok","","ANBIMA Data API (web-bff)"
"MSGT12","8,1113","IPCA_SPREAD","B28 - 29 bps","IPCA + 4.9500%","2026-08-03","2030-11-15","506,00","2,01","","","","2028-08-15","B28","8,4300","-29","ok","","ANBIMA Data API (web-bff)"
"MSGT13","9,1378","IPCA_SPREAD","B29 + 89 bps","IPCA + 7.0605%","2026-08-03","2031-11-15","716,00","2,84","","","","2029-05-15","B29","8,1800","89","ok","","ANBIMA Data API (web-bff)"
"MSGT23","8,0218","IPCA_SPREAD","B35 - 3 bps","IPCA + 6.0762%","2026-08-03","2037-11-15","1608,00","6,38","","","","2035-05-15","B35","8,0500","-3","ok","","ANBIMA Data API (web-bff)"
"MSGT33","7,9556","IPCA_SPREAD","B37 + 6 bps","IPCA + 6.2339%","2026-08-03","2041-11-15","2085,00","8,27","","","","2037-05-15","B37","7,8869","6","ok","","ANBIMA Data API (web-bff)"
"MTRO12","0,8984","DI_SPREAD","CDI + 0,90%","DI + 4.5000%","2026-08-03","2027-04-25","95,00","0,38","","","","","","","","ok","","ANBIMA Data API (web-bff)"
"MULPA0","0,6512","DI_SPREAD","CDI + 0,65%","DI + 1.3000%","2026-08-03","2028-10-15","266,00","1,06","","","","","","","","ok","","ANBIMA Data API (web-bff)"
"MULPB1","0,6326","DI_SPREAD","CDI + 0,63%","DI + 1.2000%","2026-08-03","2028-01-10","222,00","0,88","","","","","","","","ok","","ANBIMA Data API (web-bff)"
"MULTA5","0,5357","DI_SPREAD","CDI + 0,54%","DI + 0.5500%","2026-08-03","2031-10-15","789,00","3,13","","","","","","","","ok","","ANBIMA Data API (web-bff)"
"MULTB5","0,6279","DI_SPREAD","CDI + 0,63%","DI + 0.8000%","2026-08-03","2034-10-15","1129,00","4,48","","","","","","","","ok","","ANBIMA Data API (web-bff)"
"MVLV19","2,0594","DI_SPREAD","CDI + 2,06%","DI + 2.9500%","2026-08-03","2027-04-05","156,00","0,62","","","","","","","","ok","","ANBIMA Data API (web-bff)"
"MVLV26","","IPCA_SPREAD","—","IPCA + 7.2413%","2026-08-03","2028-06-15","","","","","","","","","","sem_taxa","Taxa indicativa vazia","ANBIMA Data API (web-bff)"
"MVLVA1","2,1618","DI_SPREAD","CDI + 2,16%","DI + 2.9000%","2026-08-03","2027-12-22","208,00","0,83","","","","","","","","ok","","ANBIMA Data API (web-bff)"
"MVLVA3","2,1292","DI_SPREAD","CDI + 2,13%","DI + 2.5000%","2026-08-03","2027-08-10","227,00","0,90","","","","","","","","ok","","ANBIMA Data API (web-bff)"
"NATUA3","1,6856","DI_SPREAD","CDI + 1,69%","DI + 1.2000%","2026-08-03","2029-06-15","598,00","2,37","","","","","","","","ok","","ANBIMA Data API (web-bff)"
"NEOE16","8,1524","IPCA_SPREAD","B28 - 26 bps","IPCA + 4.0700%","2026-08-03","2029-06-15","447,00","1,77","","","","2028-08-15","B28","8,4300","-26","ok","","ANBIMA Data API (web-bff)"
"NEOE26","8,0487","IPCA_SPREAD","B30 - 16 bps","IPCA + 4.2200%","2026-08-03","2033-06-15","855,00","3,39","","","","2030-08-15","B30","8,2269","-16","ok","","ANBIMA Data API (web-bff)"
"NIGP12","1,0569","DI_SPREAD","CDI + 1,06%","DI + 1.9000%","2026-08-03","2032-03-24","823,00","3,27","","","","","","","","ok","","ANBIMA Data API (web-bff)"
"NMCH11","8,0944","IPCA_SPREAD","B32 - 6 bps","IPCA + 6.5599%","2026-08-03","2038-12-15","1210,00","4,80","","","","2032-08-15","B32","8,1613","-6","ok","","ANBIMA Data API (web-bff)"
"NNAE12","8,7785","IPCA_SPREAD","B33 + 58 bps","IPCA + 9.5000%","2026-08-03","2040-12-15","1444,00","5,73","","","","2033-05-15","B33","8,1468","58","ok","","ANBIMA Data API (web-bff)"
"NRTB11","13,7745","IPCA_SPREAD","—","IPCA + 7.1500%","2026-08-03","2026-09-15","30,00","0,12","","","","","","","","ipca_sem_ref","Sem Referencia NTN-B no arquivo","ANBIMA Data API (web-bff)"
"NRTB21","13,8126","IPCA_SPREAD","—","IPCA + 7.1500%","2026-08-03","2026-09-15","30,00","0,12","","","","","","","","ipca_sem_ref","Sem Referencia NTN-B no arquivo","ANBIMA Data API (web-bff)"
"NTEN11","13,5751","IPCA_SPREAD","B28 + 475 bps","IPCA + 7.2500%","2026-08-03","2030-05-15","470,00","1,87","","","","2028-08-15","B28","8,4300","475","ok","","ANBIMA Data API (web-bff)"
"NTSD16","0,7646","DI_SPREAD","CDI + 0,76%","DI + 1.2000%","2026-08-03","2029-02-15","551,00","2,19","","","","","","","","ok","","ANBIMA Data API (web-bff)"
"NTSD17","0,4628","DI_SPREAD","CDI + 0,46%","DI + 0.8000%","2026-08-03","2028-06-20","422,00","1,67","","","","","","","","ok","","ANBIMA Data API (web-bff)"
"NTSD18","0,6698","DI_SPREAD","CDI + 0,67%","DI + 0.8000%","2026-08-03","2030-11-22","819,00","3,25","","","","","","","","ok","","ANBIMA Data API (web-bff)"
"NTSD19","7,4577","IPCA_SPREAD","B40 - 30 bps","IPCA + 6.7269%","2026-08-03","2040-07-16","2187,00","8,68","","","","2040-08-15","B40","7,7857","-30","ok","","ANBIMA Data API (web-bff)"
"NTSD26","0,8370","DI_SPREAD","CDI + 0,84%","DI + 1.4000%","2026-08-03","2031-02-15","743,00","2,95","","","","","","","","ok","","ANBIMA Data API (web-bff)"
"NTSD35","0,9791","DI_SPREAD","CDI + 0,98%","DI + 1.8500%","2026-08-03","2032-09-13","849,00","3,37","","","","","","","","ok","","ANBIMA Data API (web-bff)"
"NTSD36","0,9383","DI_SPREAD","CDI + 0,94%","DI + 1.7000%","2026-08-03","2034-02-15","1023,00","4,06","","","","","","","","ok","","ANBIMA Data API (web-bff)"
"NTSDA0","0,8582","DI_SPREAD","CDI + 0,86%","DI + 0.9000%","2026-08-03","2031-08-25","883,00","3,50","","","","","","","","ok","","ANBIMA Data API (web-bff)"
"NTSDA1","7,4704","IPCA_SPREAD","B40 - 29 bps","IPCA + 6.3198%","2026-08-03","2041-03-15","2230,00","8,85","","","","2040-08-15","B40","7,7857","-29","ok","","ANBIMA Data API (web-bff)"
"NTSDA2","0,7292","DI_SPREAD","CDI + 0,73%","DI + 0.6000%","2026-08-03","2031-03-10","766,00","3,04","","","","","","","","ok","","ANBIMA Data API (web-bff)"
"ODYA11","8,5010","IPCA_SPREAD","B28 + 7 bps","IPCA + 6.7968%","2026-08-03","2031-09-15","552,00","2,19","","","","2028-08-15","B28","8,4300","7","ok","","ANBIMA Data API (web-bff)"
"OMGE12","8,9863","IPCA_SPREAD","B28 + 51 bps","IPCA + 4.3671%","2026-08-03","2028-09-15","504,00","2,00","","","","2028-08-15","B28","8,4300","51","ok","","ANBIMA Data API (web-bff)"
"OMGE15","1,5808","DI_SPREAD","CDI + 1,58%","DI + 1.6500%","2026-08-03","2029-06-15","596,00","2,37","","","","","","","","ok","","ANBIMA Data API (web-bff)"
"OMGE16","1,1663","DI_SPREAD","CDI + 1,17%","DI + 1.1500%","2026-08-03","2030-03-15","693,00","2,75","","","","","","","","ok","","ANBIMA Data API (web-bff)"
"OMGE17","1,2940","DI_SPREAD","CDI + 1,29%","DI + 0.8900%","2026-08-03","2031-02-15","822,00","3,26","","","","","","","","ok","","ANBIMA Data API (web-bff)"
"OMGE22","9,0035","IPCA_SPREAD","B28 + 53 bps","IPCA + 4.3671%","2026-08-03","2028-09-15","498,00","1,98","","","","2028-08-15","B28","8,4300","53","ok","","ANBIMA Data API (web-bff)"
"OMGE26","1,1937","DI_SPREAD","CDI + 1,19%","DI + 1.2500%","2026-08-03","2031-03-15","829,00","3,29","","","","","","","","ok","","ANBIMA Data API (web-bff)"
"OMGE27","","DI_SPREAD","—","DI + 1.0200%","2026-08-03","2033-02-15","","","","","","","","","","sem_taxa","Taxa indicativa vazia","ANBIMA Data API (web-bff)"
"OMGE41","8,6354","IPCA_SPREAD","B27 + 52 bps","IPCA + 5.0000%","2026-08-03","2027-05-15","191,00","0,76","","","","2027-05-15","B27","8,0775","52","ok","","ANBIMA Data API (web-bff)"
"OMNG12","8,5692","IPCA_SPREAD","B28 + 13 bps","IPCA + 7.1096%","2026-08-03","2029-12-15","431,00","1,71","","","","2028-08-15","B28","8,4300","13","ok","","ANBIMA Data API (web-bff)"
"ONCO19","","DI_SPREAD","—","DI + 1.6200%","2026-08-03","2027-11-25","","","","","","","","","","sem_taxa","Taxa indicativa vazia","ANBIMA Data API (web-bff)"
"ONCO29","","DI_SPREAD","—","DI + 1.8000%","2026-08-03","2029-11-25","","","","","","","","","","sem_taxa","Taxa indicativa vazia","ANBIMA Data API (web-bff)"
"ONCOA1","","DI_SPREAD","—","DI + 1.4000%","2026-08-03","2029-04-10","","","","","","","","","","sem_taxa","Taxa indicativa vazia","ANBIMA Data API (web-bff)"
"ONZE21","8,5936","IPCA_SPREAD","B37 + 66 bps","IPCA + 8.7400%","2026-08-03","2048-06-15","2040,00","8,10","","","","2037-05-15","B37","7,8869","66","ok","","ANBIMA Data API (web-bff)"
"OPCT16","1,3666","DI_SPREAD","CDI + 1,37%","DI + 2.5000%","2026-08-03","2029-12-18","502,00","1,99","","","","","","","","ok","","ANBIMA Data API (web-bff)"
"OPCT17","1,4484","DI_SPREAD","CDI + 1,45%","DI + 2.0000%","2026-08-03","2030-07-27","601,00","2,38","","","","","","","","ok","","ANBIMA Data API (web-bff)"
"ORIG11","11,2087","IPCA_SPREAD","B32 + 282 bps","IPCA + 8.4001%","2026-08-03","2035-12-15","1250,00","4,96","","","","2032-08-15","B32","8,1613","282","ok","","ANBIMA Data API (web-bff)"
"ORIG12","11,2646","IPCA_SPREAD","B32 + 287 bps","IPCA + 10.0361%","2026-08-03","2035-12-15","1216,00","4,83","","","","2032-08-15","B32","8,1613","287","ok","","ANBIMA Data API (web-bff)"
"ORIG21","17,5246","PREFIXADO","17,52%","Pré-Fixado 14.1500%","2026-08-03","2035-12-15","1059,00","4,20","","2,7313","spread = (1 + Y)/(1 + L) - 1; Y = pre 17,52%; L = TaxaLTN_252 venc ref 2032-01-01 = 14,40%","","","","","ok","","ANBIMA Data API (web-bff)"
"ORIG22","18,2175","PREFIXADO","18,22%","Pré-Fixado 15.6300%","2026-08-03","2035-12-15","1031,00","4,09","","3,3370","spread = (1 + Y)/(1 + L) - 1; Y = pre 18,22%; L = TaxaLTN_252 venc ref 2032-01-01 = 14,40%","","","","","ok","","ANBIMA Data API (web-bff)"
"ORMA16","1,2500","DI_SPREAD","CDI + 1,25%","DI + 1.4500%","2026-08-03","2035-09-15","1005,00","3,99","","","","","","","","ok","","ANBIMA Data API (web-bff)"
"ORMA17","1,4269","DI_SPREAD","CDI + 1,43%","DI + 1.4500%","2026-08-03","2035-12-15","1068,00","4,24","","","","","","","","ok","","ANBIMA Data API (web-bff)"
"ORVR16","8,4514","IPCA_SPREAD","B35 + 37 bps","IPCA + 7.9283%","2026-08-03","2039-12-15","1650,00","6,55","","","","2035-05-15","B35","8,0500","37","ok","","ANBIMA Data API (web-bff)"
"OVSAA3","2,1160","DI_SPREAD","CDI + 2,12%","DI + 2.4000%","2026-08-03","2028-07-15","387,00","1,54","","","","","","","","ok","","ANBIMA Data API (web-bff)"
"OVSAA8","2,2175","DI_SPREAD","CDI + 2,22%","DI + 2.7000%","2026-08-03","2029-06-10","498,00","1,98","","","","","","","","ok","","ANBIMA Data API (web-bff)"
"OVSAA9","2,1857","DI_SPREAD","CDI + 2,19%","DI + 2.5000%","2026-08-03","2029-11-18","569,00","2,26","","","","","","","","ok","","ANBIMA Data API (web-bff)"
"OVSAB0","1,9662","DI_SPREAD","CDI + 1,97%","DI + 2.3000%","2026-08-03","2028-05-16","394,00","1,56","","","","","","","","ok","","ANBIMA Data API (web-bff)"
"OVSAB1","2,3523","DI_SPREAD","CDI + 2,35%","DI + 2.3500%","2026-08-03","2032-01-20","895,00","3,55","","","","","","","","ok","","ANBIMA Data API (web-bff)"
"OZNH11","1,9227","DI_SPREAD","CDI + 1,92%","DI + 3.5000%","2026-08-03","2031-11-26","564,00","2,24","","","","","","","","ok","","ANBIMA Data API (web-bff)"
"PALF38","7,6560","IPCA_SPREAD","B27 - 39 bps","IPCA + 5.0500%","2026-08-03","2027-09-15","148,00","0,59","","","","2027-05-15","B27","8,0775","-39","ok","","ANBIMA Data API (web-bff)"
"PALFA3","7,7628","IPCA_SPREAD","B32 - 37 bps","IPCA + 6.1774%","2026-08-03","2033-10-15","1278,00","5,07","","","","2032-08-15","B32","8,1613","-37","ok","","ANBIMA Data API (web-bff)"
"PALFA4","0,3452","DI_SPREAD","CDI + 0,35%","DI + 0.5500%","2026-08-03","2027-09-05","139,00","0,55","","","","","","","","ok","","ANBIMA Data API (web-bff)"
"PALFA5","0,4655","DI_SPREAD","CDI + 0,47%","DI + 0.4900%","2026-08-03","2029-09-10","546,00","2,17","","","","","","","","ok","","ANBIMA Data API (web-bff)"
"PALFA6","0,4902","DI_SPREAD","CDI + 0,49%","DI + 0.5900%","2026-08-03","2030-02-15","612,00","2,43","","","","","","","","ok","","ANBIMA Data API (web-bff)"
"PALFA7","7,8261","IPCA_SPREAD","B35 - 21 bps","IPCA + 6.8967%","2026-08-03","2035-09-15","1540,00","6,11","","","","2035-05-15","B35","8,0500","-21","ok","","ANBIMA Data API (web-bff)"
"PALFA8","0,2984","DI_SPREAD","CDI + 0,30%","DI + 0.3000%","2026-08-03","2026-12-19","96,00","0,38","","","","","","","","ok","","ANBIMA Data API (web-bff)"
"PALFB3","7,8298","IPCA_SPREAD","B35 - 20 bps","IPCA + 6.1753%","2026-08-03","2035-10-15","1589,00","6,31","","","","2035-05-15","B35","8,0500","-20","ok","","ANBIMA Data API (web-bff)"
"PALFB6","7,8680","IPCA_SPREAD","B33 - 26 bps","IPCA + 7.7082%","2026-08-03","2035-02-15","1421,00","5,64","","","","2033-05-15","B33","8,1468","-26","ok","","ANBIMA Data API (web-bff)"
"PASN12","9,3372","IPCA_SPREAD","B28 + 84 bps","IPCA + 6.1000%","2026-08-03","2030-07-15","503,00","2,00","","","","2028-08-15","B28","8,4300","84","ok","","ANBIMA Data API (web-bff)"
"PASS12","0,9503","DI_SPREAD","CDI + 0,95%","DI + 1.5500%","2026-08-03","2030-11-01","723,00","2,87","","","","","","","","ok","","ANBIMA Data API (web-bff)"
"PASS13","0,7732","DI_SPREAD","CDI + 0,77%","DI + 1.0800%","2026-08-03","2029-03-15","537,00","2,13","","","","","","","","ok","","ANBIMA Data API (web-bff)"
"PASS14","0,7388","DI_SPREAD","CDI + 0,74%","DI + 0.6500%","2026-08-03","2030-06-01","753,00","2,99","","","","","","","","ok","","ANBIMA Data API (web-bff)"
"PASS24","0,8310","DI_SPREAD","CDI + 0,83%","DI + 0.7000%","2026-08-03","2032-06-01","951,00","3,77","","","","","","","","ok","","ANBIMA Data API (web-bff)"
"PAXA12","9,1446","IPCA_SPREAD","B35 + 101 bps","IPCA + 9.5844%","2026-08-03","2040-02-15","1589,00","6,31","","","","2035-05-15","B35","8,0500","101","ok","","ANBIMA Data API (web-bff)"
"PEJA11","8,1200","IPCA_SPREAD","B29 - 6 bps","IPCA + 7.4100%","2026-08-03","2032-08-15","746,00","2,96","","","","2029-05-15","B29","8,1800","-6","ok","","ANBIMA Data API (web-bff)"
"PEJA12","","PREFIXADO","—","Pré-Fixado 11.1155%","2026-08-03","2029-02-15","","","","","","","","","","sem_taxa","Taxa indicativa vazia","ANBIMA Data API (web-bff)"
"PEJA13","","PREFIXADO","—","Pré-Fixado 11.0121%","2026-08-03","2029-04-15","","","","","","","","","","sem_taxa","Taxa indicativa vazia","ANBIMA Data API (web-bff)"
"PEJA21","1,0598","DI_SPREAD","CDI + 1,06%","DI + 2.0500%","2026-08-03","2027-08-15","232,00","0,92","","","","","","","","ok","","ANBIMA Data API (web-bff)"
"PEJA22","8,1787","IPCA_SPREAD","B32 + 2 bps","IPCA + 6.4662%","2026-08-03","2034-02-15","1306,00","5,18","","","","2032-08-15","B32","8,1613","2","ok","","ANBIMA Data API (web-bff)"
"PEJA23","8,2558","IPCA_SPREAD","B33 + 10 bps","IPCA + 6.5102%","2026-08-03","2034-04-15","1344,00","5,33","","","","2033-05-15","B33","8,1468","10","ok","","ANBIMA Data API (web-bff)"
"PETR17","7,0368","IPCA_SPREAD","B29 - 106 bps","IPCA + 3.6000%","2026-08-03","2029-09-15","733,00","2,91","","","","2029-05-15","B29","8,1800","-106","ok","","ANBIMA Data API (web-bff)"
"PETR18","7,1683","IPCA_SPREAD","B35 - 82 bps","IPCA + 6.3874%","2026-08-03","2035-06-15","1708,00","6,78","","","","2035-05-15","B35","8,0500","-82","ok","","ANBIMA Data API (web-bff)"
"PETR26","7,0855","IPCA_SPREAD","B29 - 101 bps","IPCA + 4.2186%","2026-08-03","2029-01-15","586,00","2,33","","","","2029-05-15","B29","8,1800","-101","ok","","ANBIMA Data API (web-bff)"
"PETR27","7,2437","IPCA_SPREAD","B35 - 75 bps","IPCA + 3.9000%","2026-08-03","2034-09-15","1698,00","6,74","","","","2035-05-15","B35","8,0500","-75","ok","","ANBIMA Data API (web-bff)"
"PETR28","7,0814","IPCA_SPREAD","B40 - 65 bps","IPCA + 6.6556%","2026-08-03","2040-06-15","2188,00","8,68","","","","2040-08-15","B40","7,7857","-65","ok","","ANBIMA Data API (web-bff)"
"PETR38","7,0431","IPCA_SPREAD","B45 - 54 bps","IPCA + 6.8431%","2026-08-03","2045-06-15","2630,00","10,44","","","","2045-05-15","B45","7,6269","-54","ok","","ANBIMA Data API (web-bff)"
"PFOR15","1,4270","DI_SPREAD","CDI + 1,43%","DI + 1.2000%","2026-08-03","2030-02-20","597,00","2,37","","","","","","","","ok","","ANBIMA Data API (web-bff)"
"PFOR16","1,3643","DI_SPREAD","CDI + 1,36%","DI + 1.4500%","2026-08-03","2030-07-15","696,00","2,76","","","","","","","","ok","","ANBIMA Data API (web-bff)"
"PFOR25","1,6271","DI_SPREAD","CDI + 1,63%","DI + 1.3500%","2026-08-03","2032-02-20","867,00","3,44","","","","","","","","ok","","ANBIMA Data API (web-bff)"
"PFOR26","1,4998","DI_SPREAD","CDI + 1,50%","DI + 1.6000%","2026-08-03","2032-07-15","965,00","3,83","","","","","","","","ok","","ANBIMA Data API (web-bff)"
"PGMN26","1,6277","DI_SPREAD","CDI + 1,63%","DI + 2.2000%","2026-08-03","2028-11-05","384,00","1,52","","","","","","","","ok","","ANBIMA Data API (web-bff)"
"PLSB1A","9,8231","IPCA_SPREAD","B29 + 152 bps","IPCA + 5.8550%","2026-08-03","2031-10-15","704,00","2,79","","","","2029-05-15","B29","8,1800","152","ok","","ANBIMA Data API (web-bff)"
"PLSB2A","1,2548","DI_SPREAD","CDI + 1,25%","DI + 1.5500%","2026-08-03","2028-10-15","292,00","1,16","","","","","","","","ok","","ANBIMA Data API (web-bff)"
"POTE11","8,4173","IPCA_SPREAD","B35 + 34 bps","IPCA + 7.3706%","2026-08-03","2041-12-15","1549,00","6,15","","","","2035-05-15","B35","8,0500","34","ok","","ANBIMA Data API (web-bff)"
"POTE12","8,3327","IPCA_SPREAD","B33 + 17 bps","IPCA + 7.0416%","2026-08-03","2042-10-15","1440,00","5,71","","","","2033-05-15","B33","8,1468","17","ok","","ANBIMA Data API (web-bff)"
"PRAS11","8,0293","IPCA_SPREAD","B30 - 18 bps","IPCA + 5.7656%","2026-08-03","2034-08-15","919,00","3,65","","","","2030-08-15","B30","8,2269","-18","ok","","ANBIMA Data API (web-bff)"
"PRLG17","1,0418","DI_SPREAD","CDI + 1,04%","DI + 1.2000%","2026-08-03","2030-04-10","711,00","2,82","","","","","","","","ok","","ANBIMA Data API (web-bff)"
"PRPO12","8,2804","IPCA_SPREAD","B29 + 9 bps","IPCA + 4.2200%","2026-08-03","2031-12-15","706,00","2,80","","","","2029-05-15","B29","8,1800","9","ok","","ANBIMA Data API (web-bff)"
"PRSS11","8,9622","IPCA_SPREAD","B35 + 84 bps","IPCA + 8.6141%","2026-08-03","2040-02-15","1621,00","6,43","","","","2035-05-15","B35","8,0500","84","ok","","ANBIMA Data API (web-bff)"
"PRTE12","7,8348","IPCA_SPREAD","B27 - 22 bps","IPCA + 6.9045%","2026-08-03","2028-03-15","226,00","0,90","","","","2027-05-15","B27","8,0775","-22","ok","","ANBIMA Data API (web-bff)"
"PSAN13","2,3000","DI_SPREAD","CDI + 2,30%","DI + 2.3000%","2026-08-03","2030-03-18","605,00","2,40","","","","","","","","ok","","ANBIMA Data API (web-bff)"
"PSAN23","2,3009","DI_SPREAD","CDI + 2,30%","DI + 2.7000%","2026-08-03","2030-03-18","678,00","2,69","","","","","","","","ok","","ANBIMA Data API (web-bff)"
"PTAZ11","8,0163","IPCA_SPREAD","B40 + 21 bps","IPCA + 5.6904%","2026-08-03","2046-04-15","2117,00","8,40","","","","2040-08-15","B40","7,7857","21","ok","","ANBIMA Data API (web-bff)"
"QMCT14","9,1063","IPCA_SPREAD","B32 + 87 bps","IPCA + 9.6588%","2026-08-03","2035-08-15","1208,00","4,79","","","","2032-08-15","B32","8,1613","87","ok","","ANBIMA Data API (web-bff)"
"QUAL16","2,7812","DI_SPREAD","CDI + 2,78%","DI + 1.8500%","2026-08-03","2027-06-03","198,00","0,79","","","","","","","","ok","","ANBIMA Data API (web-bff)"
"QUAL17","4,2664","DI_SPREAD","CDI + 4,27%","DI + 3.5000%","2026-08-03","2028-03-15","192,00","0,76","","","","","","","","ok","","ANBIMA Data API (web-bff)"
"QUAL18","4,4267","DI_SPREAD","CDI + 4,43%","DI + 2.5000%","2026-08-03","2029-10-15","434,00","1,72","","","","","","","","ok","","ANBIMA Data API (web-bff)"
"QUAT13","9,1928","IPCA_SPREAD","B30 + 89 bps","IPCA + 7.8722%","2026-08-03","2034-07-15","909,00","3,61","","","","2030-08-15","B30","8,2269","89","ok","","ANBIMA Data API (web-bff)"
"QUNT11","0,7651","DI_SPREAD","CDI + 0,77%","DI + 1.0000%","2026-08-03","2031-11-18","788,00","3,13","","","","","","","","ok","","ANBIMA Data API (web-bff)"
"QYAN11","0,7195","DI_SPREAD","CDI + 0,72%","DI + 1.0000%","2026-08-03","2032-11-18","843,00","3,35","","","","","","","","ok","","ANBIMA Data API (web-bff)"
"RADL14","103,7883","DI_PERCENTUAL","CDI + 0,45%","106.9900% DI","2026-08-03","2027-06-17","208,00","0,83","103,7883","0,4544","spread = (1 + (%CDI/100)*L)/(1 + L) - 1; L = TaxaLTN_252 venc ref 2027-07-01 = 13,63%","","","","","ok","","ANBIMA Data API (web-bff)"
"RADL15","0,6035","DI_SPREAD","CDI + 0,60%","DI + 1.4900%","2026-08-03","2029-01-25","443,00","1,76","","","","","","","","ok","","ANBIMA Data API (web-bff)"
"RADL19","0,4226","DI_SPREAD","CDI + 0,42%","DI + 0.6500%","2026-08-03","2031-04-22","796,00","3,16","","","","","","","","ok","","ANBIMA Data API (web-bff)"
"RADLA0","0,3760","DI_SPREAD","CDI + 0,38%","DI + 0.6000%","2026-08-03","2032-04-15","925,00","3,67","","","","","","","","ok","","ANBIMA Data API (web-bff)"
"RADLA1","0,4277","DI_SPREAD","CDI + 0,43%","DI + 0.4400%","2026-08-03","2032-11-10","1003,00","3,98","","","","","","","","ok","","ANBIMA Data API (web-bff)"
"RAIZ13","","IPCA_SPREAD","—","IPCA + 6.4879%","2026-08-03","2034-09-15","","","","","","","","","","sem_taxa","Taxa indicativa vazia","ANBIMA Data API (web-bff)"
"RAIZ14","","DI_SPREAD","—","DI + 1.3000%","2026-08-03","2030-07-15","","","","","","","","","","sem_taxa","Taxa indicativa vazia","ANBIMA Data API (web-bff)"
"RAIZ23","","IPCA_SPREAD","—","IPCA + 6.4794%","2026-08-03","2039-09-15","","","","","","","","","","sem_taxa","Taxa indicativa vazia","ANBIMA Data API (web-bff)"
"RALM11","9,0706","IPCA_SPREAD","B37 + 110 bps","IPCA + 7.8293%","2026-08-03","2048-12-15","2077,00","8,24","","","","2037-05-15","B37","7,8869","110","ok","","ANBIMA Data API (web-bff)"
"RALM21","9,1019","IPCA_SPREAD","B37 + 113 bps","IPCA + 7.8293%","2026-08-03","2048-12-15","2075,00","8,23","","","","2037-05-15","B37","7,8869","113","ok","","ANBIMA Data API (web-bff)"
"RATL11","7,8140","IPCA_SPREAD","B33 - 31 bps","IPCA + 7.1717%","2026-08-03","2036-12-15","1328,00","5,27","","","","2033-05-15","B33","8,1468","-31","ok","","ANBIMA Data API (web-bff)"
"RDOE18","7,8438","IPCA_SPREAD","B30 - 35 bps","IPCA + 5.9500%","2026-08-03","2031-04-15","820,00","3,25","","","","2030-08-15","B30","8,2269","-35","ok","","ANBIMA Data API (web-bff)"
"RDORA5","1,1785","DI_SPREAD","CDI + 1,18%","DI + 2.0000%","2026-08-03","2032-10-15","1012,00","4,02","","","","","","","","ok","","ANBIMA Data API (web-bff)"
"RDORB3","0,9795","DI_SPREAD","CDI + 0,98%","DI + 1.9000%","2026-08-03","2032-05-15","859,00","3,41","","","","","","","","ok","","ANBIMA Data API (web-bff)"
"RDORB5","1,0610","DI_SPREAD","CDI + 1,06%","DI + 1.9500%","2026-08-03","2032-10-15","959,00","3,81","","","","","","","","ok","","ANBIMA Data API (web-bff)"
"RDORB9","0,9800","DI_SPREAD","CDI + 0,98%","DI + 1.9000%","2026-08-03","2031-08-20","735,00","2,92","","","","","","","","ok","","ANBIMA Data API (web-bff)"
"RDORC3","1,0275","DI_SPREAD","CDI + 1,03%","DI + 1.9000%","2026-08-03","2032-05-15","859,00","3,41","","","","","","","","ok","","ANBIMA Data API (web-bff)"
"RDORC4","0,3719","DI_SPREAD","CDI + 0,37%","DI + 0.6500%","2026-08-03","2027-09-15","255,00","1,01","","","","","","","","ok","","ANBIMA Data API (web-bff)"
"RDORC7","0,4828","DI_SPREAD","CDI + 0,48%","DI + 0.7900%","2026-08-03","2029-06-20","413,00","1,64","","","","","","","","ok","","ANBIMA Data API (web-bff)"
"RDORC9","0,9760","DI_SPREAD","CDI + 0,98%","DI + 1.9000%","2026-08-03","2031-08-20","735,00","2,92","","","","","","","","ok","","ANBIMA Data API (web-bff)"
"RDORD3","1,0695","DI_SPREAD","CDI + 1,07%","DI + 1.7000%","2026-08-03","2034-05-05","1166,00","4,63","","","","","","","","ok","","ANBIMA Data API (web-bff)"
"RDORD4","0,9361","DI_SPREAD","CDI + 0,94%","DI + 1.1000%","2026-08-03","2031-09-15","895,00","3,55","","","","","","","","ok","","ANBIMA Data API (web-bff)"
"RDORD7","1,0073","DI_SPREAD","CDI + 1,01%","DI + 1.7000%","2026-08-03","2030-02-20","595,00","2,36","","","","","","","","ok","","ANBIMA Data API (web-bff)"
"RDORE4","1,0749","DI_SPREAD","CDI + 1,07%","DI + 1.3000%","2026-08-03","2034-09-15","1178,00","4,67","","","","","","","","ok","","ANBIMA Data API (web-bff)"
"RDORF1","1,0388","DI_SPREAD","CDI + 1,04%","DI + 0.9000%","2026-08-03","2033-06-10","1065,00","4,23","","","","","","","","ok","","ANBIMA Data API (web-bff)"
"RDORF8","1,0607","DI_SPREAD","CDI + 1,06%","DI + 1.1500%","2026-08-03","2035-11-20","1222,00","4,85","","","","","","","","ok","","ANBIMA Data API (web-bff)"
"RDORG6","0,9934","DI_SPREAD","CDI + 0,99%","DI + 1.0000%","2026-08-03","2032-08-20","990,00","3,93","","","","","","","","ok","","ANBIMA Data API (web-bff)"
"RDORG9","1,0886","DI_SPREAD","CDI + 1,09%","DI + 1.3000%","2026-08-03","2036-01-10","1254,00","4,98","","","","","","","","ok","","ANBIMA Data API (web-bff)"
"RDORH6","1,1072","DI_SPREAD","CDI + 1,11%","DI + 1.1500%","2026-08-03","2035-08-20","1159,00","4,60","","","","","","","","ok","","ANBIMA Data API (web-bff)"
"RDORI6","1,2525","DI_SPREAD","CDI + 1,25%","DI + 1.5500%","2026-08-03","2040-08-20","1416,00","5,62","","","","","","","","ok","","ANBIMA Data API (web-bff)"
"RDVE11","7,8335","IPCA_SPREAD","B32 - 30 bps","IPCA + 7.0421%","2026-08-03","2038-04-15","1157,00","4,59","","","","2032-08-15","B32","8,1613","-30","ok","","ANBIMA Data API (web-bff)"
"RECV11","8,3090","IPCA_SPREAD","B30 + 8 bps","IPCA + 7.3249%","2026-08-03","2031-05-15","823,00","3,27","","","","2030-08-15","B30","8,2269","8","ok","","ANBIMA Data API (web-bff)"
"RECV12","0,7819","DI_SPREAD","CDI + 0,78%","DI + 1.1500%","2026-08-03","2029-10-15","556,00","2,21","","","","","","","","ok","","ANBIMA Data API (web-bff)"
"RECV13","0,6355","DI_SPREAD","CDI + 0,64%","DI + 1.1000%","2026-08-03","2032-07-04","905,00","3,59","","","","","","","","ok","","ANBIMA Data API (web-bff)"
"RECV14","8,2540","IPCA_SPREAD","B32 + 9 bps","IPCA + 7.4564%","2026-08-03","2032-12-15","1202,00","4,77","","","","2032-08-15","B32","8,1613","9","ok","","ANBIMA Data API (web-bff)"
"RECV21","","PREFIXADO","—","Pré-Fixado 12.8886%","2026-08-03","2031-05-15","","","","","","","","","","sem_taxa","Taxa indicativa vazia","ANBIMA Data API (web-bff)"
"RECV24","8,4752","IPCA_SPREAD","B35 + 39 bps","IPCA + 7.2833%","2026-08-03","2035-12-15","1575,00","6,25","","","","2035-05-15","B35","8,0500","39","ok","","ANBIMA Data API (web-bff)"
"RENTA5","1,2796","DI_SPREAD","CDI + 1,28%","DI + 2.3500%","2026-08-03","2033-08-11","957,00","3,80","","","","","","","","ok","","ANBIMA Data API (web-bff)"
"RENTC4","1,3156","DI_SPREAD","CDI + 1,32%","DI + 1.8500%","2026-08-03","2028-11-25","496,00","1,97","","","","","","","","ok","","ANBIMA Data API (web-bff)"
"RENTC8","1,2380","DI_SPREAD","CDI + 1,24%","DI + 1.8500%","2026-08-03","2029-02-27","520,00","2,06","","","","","","","","ok","","ANBIMA Data API (web-bff)"
"RENTD0","1,0076","DI_SPREAD","CDI + 1,01%","DI + 1.5500%","2026-08-03","2030-12-10","748,00","2,97","","","","","","","","ok","","ANBIMA Data API (web-bff)"
"RENTD1","9,9323","IPCA_SPREAD","B33 + 165 bps","IPCA + 8.8670%","2026-08-03","2031-12-15","1344,00","5,33","","","","2033-05-15","B33","8,1468","165","ok","","ANBIMA Data API (web-bff)"
"RENTD5","1,0384","DI_SPREAD","CDI + 1,04%","DI + 1.1800%","2026-08-03","2031-08-27","817,00","3,24","","","","","","","","ok","","ANBIMA Data API (web-bff)"
"RENTD9","1,2589","DI_SPREAD","CDI + 1,26%","DI + 1.8500%","2026-08-03","2030-04-16","709,00","2,81","","","","","","","","ok","","ANBIMA Data API (web-bff)"
"RENTE2","1,0417","DI_SPREAD","CDI + 1,04%","DI + 1.2000%","2026-08-03","2030-05-20","738,00","2,93","","","","","","","","ok","","ANBIMA Data API (web-bff)"
"RENTE3","1,0455","DI_SPREAD","CDI + 1,05%","DI + 1.2000%","2026-08-03","2031-07-17","772,00","3,06","","","","","","","","ok","","ANBIMA Data API (web-bff)"
"RENTE4","1,1483","DI_SPREAD","CDI + 1,15%","DI + 1.3000%","2026-08-03","2032-08-01","919,00","3,65","","","","","","","","ok","","ANBIMA Data API (web-bff)"
"RENTE5","1,2833","DI_SPREAD","CDI + 1,28%","DI + 1.2800%","2026-08-03","2032-08-27","932,00","3,70","","","","","","","","ok","","ANBIMA Data API (web-bff)"
"RENTE9","1,3765","DI_SPREAD","CDI + 1,38%","DI + 2.1500%","2026-08-03","2034-04-16","1051,00","4,17","","","","","","","","ok","","ANBIMA Data API (web-bff)"
"RENTF2","1,2207","DI_SPREAD","CDI + 1,22%","DI + 1.4000%","2026-08-03","2032-05-20","990,00","3,93","","","","","","","","ok","","ANBIMA Data API (web-bff)"
"RESA14","","IPCA_SPREAD","—","IPCA + 3.5390%","2026-08-03","2029-11-15","","","","","","","","","","sem_taxa","Taxa indicativa vazia","ANBIMA Data API (web-bff)"
"RESA15","","IPCA_SPREAD","—","IPCA + 5.8000%","2026-08-03","2030-06-15","","","","","","","","","","sem_taxa","Taxa indicativa vazia","ANBIMA Data API (web-bff)"
"RESA17","","IPCA_SPREAD","—","IPCA + 5.9219%","2026-08-03","2029-03-15","","","","","","","","","","sem_taxa","Taxa indicativa vazia","ANBIMA Data API (web-bff)"
"RESA27","","IPCA_SPREAD","—","IPCA + 5.9645%","2026-08-03","2032-03-15","","","","","","","","","","sem_taxa","Taxa indicativa vazia","ANBIMA Data API (web-bff)"
"RIGEA1","","IPCA_SPREAD","—","IPCA + 4.3000%","2026-08-03","2031-05-15","","","","","","","","","","sem_taxa","Taxa indicativa vazia","ANBIMA Data API (web-bff)"
"RIGEA3","7,9509","IPCA_SPREAD","B28 - 44 bps","IPCA + 5.9853%","2026-08-03","2029-05-15","531,00","2,11","","","","2028-08-15","B28","8,4300","-44","ok","","ANBIMA Data API (web-bff)"
"RIPR22","7,8251","IPCA_SPREAD","B30 - 37 bps","IPCA + 4.6279%","2026-08-03","2031-06-15","878,00","3,48","","","","2030-08-15","B30","8,2269","-37","ok","","ANBIMA Data API (web-bff)"
"RIS412","11,9784","IPCA_SPREAD","B31 + 352 bps","IPCA + 6.9000%","2026-08-03","2034-01-15","1016,00","4,03","","","","2031-05-15","B31","8,1700","352","ok","","ANBIMA Data API (web-bff)"
"RIS414","11,7279","IPCA_SPREAD","B31 + 329 bps","IPCA + 7.3591%","2026-08-03","2034-09-15","1092,00","4,33","","","","2031-05-15","B31","8,1700","329","ok","","ANBIMA Data API (web-bff)"
"RIS422","11,2706","IPCA_SPREAD","B37 + 314 bps","IPCA + 7.2000%","2026-08-03","2042-01-15","1910,00","7,58","","","","2037-05-15","B37","7,8869","314","ok","","ANBIMA Data API (web-bff)"
"RIS424","11,1244","IPCA_SPREAD","B37 + 300 bps","IPCA + 7.6920%","2026-08-03","2042-09-15","1882,00","7,47","","","","2037-05-15","B37","7,8869","300","ok","","ANBIMA Data API (web-bff)"
"RISP12","11,8283","IPCA_SPREAD","B31 + 338 bps","IPCA + 6.9000%","2026-08-03","2034-01-15","1018,00","4,04","","","","2031-05-15","B31","8,1700","338","ok","","ANBIMA Data API (web-bff)"
"RISP14","11,8616","IPCA_SPREAD","B31 + 341 bps","IPCA + 7.3591%","2026-08-03","2034-09-15","1091,00","4,33","","","","2031-05-15","B31","8,1700","341","ok","","ANBIMA Data API (web-bff)"
"RISP22","11,2016","IPCA_SPREAD","B37 + 307 bps","IPCA + 7.2000%","2026-08-03","2042-01-15","1913,00","7,59","","","","2037-05-15","B37","7,8869","307","ok","","ANBIMA Data API (web-bff)"
"RISP24","11,1842","IPCA_SPREAD","B37 + 306 bps","IPCA + 7.6920%","2026-08-03","2042-09-15","1879,00","7,46","","","","2037-05-15","B37","7,8869","306","ok","","ANBIMA Data API (web-bff)"
"RLMS13","8,7583","IPCA_SPREAD","B37 + 81 bps","IPCA + 8.1674%","2026-08-03","2045-07-15","1980,00","7,86","","","","2037-05-15","B37","7,8869","81","ok","","ANBIMA Data API (web-bff)"
"RMSA12","9,7728","IPCA_SPREAD","B35 + 159 bps","IPCA + 7.6179%","2026-08-03","2042-06-15","1765,00","7,00","","","","2035-05-15","B35","8,0500","159","ok","","ANBIMA Data API (web-bff)"
"RNDNA0","1,6533","DI_SPREAD","CDI + 1,65%","DI + 1.5000%","2026-08-03","2027-11-09","291,00","1,15","","","","","","","","ok","","ANBIMA Data API (web-bff)"
"RNDNA1","1,9983","DI_SPREAD","CDI + 2,00%","DI + 1.1700%","2026-08-03","2031-05-17","868,00","3,44","","","","","","","","ok","","ANBIMA Data API (web-bff)"
"RNDNA2","2,6214","DI_SPREAD","CDI + 2,62%","DI + 0.8500%","2026-08-03","2030-07-25","782,00","3,10","","","","","","","","ok","","ANBIMA Data API (web-bff)"
"RNDNB0","1,9292","DI_SPREAD","CDI + 1,93%","DI + 1.6900%","2026-08-03","2029-11-09","568,00","2,25","","","","","","","","ok","","ANBIMA Data API (web-bff)"
"RNDNB2","2,2721","DI_SPREAD","CDI + 2,27%","DI + 1.1000%","2026-08-03","2032-07-25","1030,00","4,09","","","","","","","","ok","","ANBIMA Data API (web-bff)"
"RODB11","2,3379","DI_SPREAD","CDI + 2,34%","DI + 4.2500%","2026-08-03","2030-05-10","601,00","2,38","","","","","","","","ok","","ANBIMA Data API (web-bff)"
"ROTY13","7,8461","IPCA_SPREAD","B31 - 30 bps","IPCA + 6.9109%","2026-08-03","2031-03-15","983,00","3,90","","","","2031-05-15","B31","8,1700","-30","ok","","ANBIMA Data API (web-bff)"
"RPTA14","8,7282","IPCA_SPREAD","B32 + 52 bps","IPCA + 8.5334%","2026-08-03","2036-03-15","1268,00","5,03","","","","2032-08-15","B32","8,1613","52","ok","","ANBIMA Data API (web-bff)"
"RRRP13","9,1355","IPCA_SPREAD","B30 + 84 bps","IPCA + 8.4166%","2026-08-03","2033-10-15","950,00","3,77","","","","2030-08-15","B30","8,2269","84","ok","","ANBIMA Data API (web-bff)"
"RSAN15","2,2060","DI_SPREAD","CDI + 2,21%","DI + 2.5000%","2026-08-03","2026-12-05","86,00","0,34","","","","","","","","ok","","ANBIMA Data API (web-bff)"
"RSAN16","9,8974","IPCA_SPREAD","B33 + 162 bps","IPCA + 6.9875%","2026-08-03","2034-09-15","1363,00","5,41","","","","2033-05-15","B33","8,1468","162","ok","","ANBIMA Data API (web-bff)"
"RSAN25","2,4651","DI_SPREAD","CDI + 2,47%","DI + 2.9000%","2026-08-03","2028-12-05","497,00","1,97","","","","","","","","ok","","ANBIMA Data API (web-bff)"
"RSAN26","9,5541","IPCA_SPREAD","B37 + 155 bps","IPCA + 7.4224%","2026-08-03","2039-09-15","1916,00","7,60","","","","2037-05-15","B37","7,8869","155","ok","","ANBIMA Data API (web-bff)"
"RSAN34","9,6629","IPCA_SPREAD","B27 + 147 bps","IPCA + 4.3854%","2026-08-03","2028-02-15","246,00","0,98","","","","2027-05-15","B27","8,0775","147","ok","","ANBIMA Data API (web-bff)"
"RSAN44","9,8478","IPCA_SPREAD","B28 + 131 bps","IPCA + 4.8330%","2026-08-03","2031-02-15","558,00","2,21","","","","2028-08-15","B28","8,4300","131","ok","","ANBIMA Data API (web-bff)"
"RUMOA2","8,6744","IPCA_SPREAD","B28 + 23 bps","IPCA + 4.5000%","2026-08-03","2029-02-15","357,00","1,42","","","","2028-08-15","B28","8,4300","23","ok","","ANBIMA Data API (web-bff)"
"RUMOA3","8,6552","IPCA_SPREAD","B28 + 21 bps","IPCA + 3.9000%","2026-08-03","2029-10-15","511,00","2,03","","","","2028-08-15","B28","8,4300","21","ok","","ANBIMA Data API (web-bff)"
"RUMOA4","8,4234","IPCA_SPREAD","B29 + 22 bps","IPCA + 6.7961%","2026-08-03","2030-04-15","609,00","2,42","","","","2029-05-15","B29","8,1800","22","ok","","ANBIMA Data API (web-bff)"
"RUMOA5","8,5103","IPCA_SPREAD","B30 + 26 bps","IPCA + 3.6000%","2026-08-03","2030-12-15","784,00","3,11","","","","2030-08-15","B30","8,2269","26","ok","","ANBIMA Data API (web-bff)"
"RUMOA6","8,4954","IPCA_SPREAD","B30 + 25 bps","IPCA + 4.4998%","2026-08-03","2031-06-15","878,00","3,48","","","","2030-08-15","B30","8,2269","25","ok","","ANBIMA Data API (web-bff)"
"RUMOA7","8,2628","IPCA_SPREAD","B29 + 8 bps","IPCA + 5.7600%","2026-08-03","2029-08-15","687,00","2,73","","","","2029-05-15","B29","8,1800","8","ok","","ANBIMA Data API (web-bff)"
"RUMOB3","8,6224","IPCA_SPREAD","B28 + 18 bps","IPCA + 4.0000%","2026-08-03","2029-10-15","516,00","2,05","","","","2028-08-15","B28","8,4300","18","ok","","ANBIMA Data API (web-bff)"
"RUMOB5","8,4211","IPCA_SPREAD","B35 + 34 bps","IPCA + 4.0000%","2026-08-03","2035-12-15","1730,00","6,87","","","","2035-05-15","B35","8,0500","34","ok","","ANBIMA Data API (web-bff)"
"RUMOB6","8,3794","IPCA_SPREAD","B35 + 30 bps","IPCA + 4.5404%","2026-08-03","2036-06-15","1775,00","7,04","","","","2035-05-15","B35","8,0500","30","ok","","ANBIMA Data API (web-bff)"
"RUMOB7","8,4856","IPCA_SPREAD","B33 + 31 bps","IPCA + 6.1830%","2026-08-03","2033-05-15","1377,00","5,46","","","","2033-05-15","B33","8,1468","31","ok","","ANBIMA Data API (web-bff)"
"SABP12","11,1034","IPCA_SPREAD","B35 + 283 bps","IPCA + 7.3274%","2026-08-03","2043-11-15","1552,00","6,16","","","","2035-05-15","B35","8,0500","283","ok","","ANBIMA Data API (web-bff)"
"SAELA1","8,0950","IPCA_SPREAD","B29 - 8 bps","IPCA + 6.0123%","2026-08-03","2030-01-15","680,00","2,70","","","","2029-05-15","B29","8,1800","-8","ok","","ANBIMA Data API (web-bff)"
"SAELA3","8,1232","IPCA_SPREAD","B31 - 4 bps","IPCA + 6.1581%","2026-08-03","2031-04-15","1014,00","4,02","","","","2031-05-15","B31","8,1700","-4","ok","","ANBIMA Data API (web-bff)"
"SAELA4","0,6026","DI_SPREAD","CDI + 0,60%","DI + 0.8000%","2026-08-03","2029-09-04","615,00","2,44","","","","","","","","ok","","ANBIMA Data API (web-bff)"
"SAELA7","8,2109","IPCA_SPREAD","B35 + 15 bps","IPCA + 7.2318%","2026-08-03","2035-10-15","1675,00","6,65","","","","2035-05-15","B35","8,0500","15","ok","","ANBIMA Data API (web-bff)"
"SAELB3","8,1272","IPCA_SPREAD","B37 + 22 bps","IPCA + 6.4045%","2026-08-03","2039-04-15","2009,00","7,97","","","","2037-05-15","B37","7,8869","22","ok","","ANBIMA Data API (web-bff)"
"SAELB7","8,0491","IPCA_SPREAD","B40 + 24 bps","IPCA + 7.1146%","2026-08-03","2040-10-15","2120,00","8,41","","","","2040-08-15","B40","7,7857","24","ok","","ANBIMA Data API (web-bff)"
"SAELB8","8,1999","IPCA_SPREAD","B35 + 14 bps","IPCA + 6.6675%","2026-08-03","2036-02-15","1730,00","6,87","","","","2035-05-15","B35","8,0500","14","ok","","ANBIMA Data API (web-bff)"
"SAPR10","7,7409","IPCA_SPREAD","B27 - 31 bps","IPCA + 4.6570%","2026-08-03","2027-03-15","149,00","0,59","","","","2027-05-15","B27","8,0775","-31","ok","","ANBIMA Data API (web-bff)"
"SAPRA2","7,7538","IPCA_SPREAD","B29 - 39 bps","IPCA + 4.2474%","2026-08-03","2029-03-15","613,00","2,43","","","","2029-05-15","B29","8,1800","-39","ok","","ANBIMA Data API (web-bff)"
"SAPRA3","7,5239","IPCA_SPREAD","B31 - 60 bps","IPCA + 4.4920%","2026-08-03","2031-03-15","1030,00","4,09","","","","2031-05-15","B31","8,1700","-60","ok","","ANBIMA Data API (web-bff)"
"SAPRB1","0,8196","DI_SPREAD","CDI + 0,82%","DI + 0.8800%","2026-08-03","2027-01-15","113,00","0,45","","","","","","","","ok","","ANBIMA Data API (web-bff)"
"SAPRB3","7,6340","IPCA_SPREAD","B32 - 49 bps","IPCA + 5.8935%","2026-08-03","2032-01-15","1178,00","4,67","","","","2032-08-15","B32","8,1613","-49","ok","","ANBIMA Data API (web-bff)"
"SAPRB4","0,5714","DI_SPREAD","CDI + 0,57%","DI + 1.0500%","2026-08-03","2030-01-15","704,00","2,79","","","","","","","","ok","","ANBIMA Data API (web-bff)"
"SAPRC1","1,1130","DI_SPREAD","CDI + 1,11%","DI + 1.9000%","2026-08-03","2028-04-15","375,00","1,49","","","","","","","","ok","","ANBIMA Data API (web-bff)"
"SAUC16","12,5406","IPCA_SPREAD","B30 + 399 bps","IPCA + 13.3904%","2026-08-03","2034-04-15","775,00","3,08","","","","2030-08-15","B30","8,2269","399","ok","","ANBIMA Data API (web-bff)"
"SAVI13","8,6499","IPCA_SPREAD","B29 + 43 bps","IPCA + 5.9548%","2026-08-03","2031-09-15","692,00","2,75","","","","2029-05-15","B29","8,1800","43","ok","","ANBIMA Data API (web-bff)"
"SBFC13","0,8211","DI_SPREAD","CDI + 0,82%","DI + 2.1000%","2026-08-03","2027-04-29","174,00","0,69","","","","","","","","ok","","ANBIMA Data API (web-bff)"
"SBIOA4","0,7289","DI_SPREAD","CDI + 0,73%","DI + 0.6300%","2026-08-03","2031-03-15","770,00","3,06","","","","","","","","ok","","ANBIMA Data API (web-bff)"
"SBSPA1","0,4694","DI_SPREAD","CDI + 0,47%","DI + 0.4900%","2026-08-03","2029-02-20","524,00","2,08","","","","","","","","ok","","ANBIMA Data API (web-bff)"
"SBSPB1","0,5088","DI_SPREAD","CDI + 0,51%","DI + 1.1000%","2026-08-03","2031-02-20","750,00","2,98","","","","","","","","ok","","ANBIMA Data API (web-bff)"
"SBSPB6","7,5015","IPCA_SPREAD","B27 - 53 bps","IPCA + 4.6500%","2026-08-03","2027-07-15","237,00","0,94","","","","2027-05-15","B27","8,0775","-53","ok","","ANBIMA Data API (web-bff)"
"SBSPC1","0,6019","DI_SPREAD","CDI + 0,60%","DI + 1.3100%","2026-08-03","2034-02-20","1036,00","4,11","","","","","","","","ok","","ANBIMA Data API (web-bff)"
"SBSPC3","0,4258","DI_SPREAD","CDI + 0,43%","DI + 0.6300%","2026-08-03","2027-05-10","181,00","0,72","","","","","","","","ok","","ANBIMA Data API (web-bff)"
"SBSPC6","7,5961","IPCA_SPREAD","B29 - 54 bps","IPCA + 4.9500%","2026-08-03","2030-07-15","694,00","2,75","","","","2029-05-15","B29","8,1800","-54","ok","","ANBIMA Data API (web-bff)"
"SBSPD2","0,1993","DI_SPREAD","CDI + 0,20%","DI + 0.3000%","2026-08-03","2026-09-10","27,00","0,11","","","","","","","","ok","","ANBIMA Data API (web-bff)"
"SBSPD3","0,5075","DI_SPREAD","CDI + 0,51%","DI + 0.5100%","2026-08-03","2032-01-15","990,00","3,93","","","","","","","","ok","","ANBIMA Data API (web-bff)"
"SBSPD4","7,8404","IPCA_SPREAD","B28 - 54 bps","IPCA + 3.3700%","2026-08-03","2029-07-15","469,00","1,86","","","","2028-08-15","B28","8,4300","-54","ok","","ANBIMA Data API (web-bff)"
"SBSPD7","0,6032","DI_SPREAD","CDI + 0,60%","DI + 0.6900%","2026-08-03","2032-11-14","1001,00","3,97","","","","","","","","ok","","ANBIMA Data API (web-bff)"
"SBSPE3","7,5906","IPCA_SPREAD","B35 - 43 bps","IPCA + 7.5485%","2026-08-03","2035-01-15","1579,00","6,27","","","","2035-05-15","B35","8,0500","-43","ok","","ANBIMA Data API (web-bff)"
"SBSPE7","0,6359","DI_SPREAD","CDI + 0,64%","DI + 0.9000%","2026-08-03","2035-11-14","1232,00","4,89","","","","","","","","ok","","ANBIMA Data API (web-bff)"
"SBSPE9","7,5873","IPCA_SPREAD","B31 - 54 bps","IPCA + 5.3058%","2026-08-03","2031-12-15","961,00","3,81","","","","2031-05-15","B31","8,1700","-54","ok","","ANBIMA Data API (web-bff)"
"SBSPF3","7,5217","IPCA_SPREAD","B37 - 34 bps","IPCA + 7.3837%","2026-08-03","2040-01-15","2059,00","8,17","","","","2037-05-15","B37","7,8869","-34","ok","","ANBIMA Data API (web-bff)"
"SBSPF9","7,6267","IPCA_SPREAD","B35 - 39 bps","IPCA + 5.4478%","2026-08-03","2036-12-15","1787,00","7,09","","","","2035-05-15","B35","8,0500","-39","ok","","ANBIMA Data API (web-bff)"
"SBSPI8","7,6395","IPCA_SPREAD","B35 - 38 bps","IPCA + 6.2907%","2026-08-03","2036-02-15","1761,00","6,99","","","","2035-05-15","B35","8,0500","-38","ok","","ANBIMA Data API (web-bff)"
"SBSPJ8","7,5325","IPCA_SPREAD","B37 - 33 bps","IPCA + 6.3507%","2026-08-03","2038-02-15","2004,00","7,95","","","","2037-05-15","B37","7,8869","-33","ok","","ANBIMA Data API (web-bff)"
"SBSPK8","7,4948","IPCA_SPREAD","B40 - 27 bps","IPCA + 6.2467%","2026-08-03","2041-02-15","2223,00","8,82","","","","2040-08-15","B40","7,7857","-27","ok","","ANBIMA Data API (web-bff)"
"SBSPL8","0,5870","DI_SPREAD","CDI + 0,59%","DI + 0.6400%","2026-08-03","2033-02-15","1054,00","4,18","","","","","","","","ok","","ANBIMA Data API (web-bff)"
"SBSPM8","0,6344","DI_SPREAD","CDI + 0,63%","DI + 0.7200%","2026-08-03","2036-02-15","1219,00","4,84","","","","","","","","ok","","ANBIMA Data API (web-bff)"
"SDOM12","","IPCA_SPREAD","—","IPCA + 9.1500%","2026-08-03","2034-01-15","","","","","","","","","","sem_taxa","Taxa indicativa vazia","ANBIMA Data API (web-bff)"
"SERI11","8,8003","IPCA_SPREAD","B32 + 59 bps","IPCA + 6.7830%","2026-08-03","2042-04-15","1223,00","4,85","","","","2032-08-15","B32","8,1613","59","ok","","ANBIMA Data API (web-bff)"
"SIMH16","3,6737","DI_SPREAD","CDI + 3,67%","DI + 3.2000%","2026-08-03","2032-12-20","665,00","2,64","","","","","","","","ok","","ANBIMA Data API (web-bff)"
"SLFT13","2,0532","DI_SPREAD","CDI + 2,05%","DI + 2.5000%","2026-08-03","2029-12-20","393,00","1,56","","","","","","","","ok","","ANBIMA Data API (web-bff)"
"SMFT18","1,3320","DI_SPREAD","CDI + 1,33%","DI + 1.9500%","2026-08-03","2030-10-20","710,00","2,82","","","","","","","","ok","","ANBIMA Data API (web-bff)"
"SMFTA0","0,6252","DI_SPREAD","CDI + 0,63%","DI + 1.1000%","2026-08-03","2029-07-18","533,00","2,12","","","","","","","","ok","","ANBIMA Data API (web-bff)"
"SMFTA1","0,7108","DI_SPREAD","CDI + 0,71%","DI + 0.8900%","2026-08-03","2029-10-30","568,00","2,25","","","","","","","","ok","","ANBIMA Data API (web-bff)"
"SMFTA2","0,7091","DI_SPREAD","CDI + 0,71%","DI + 0.6500%","2026-08-03","2030-09-04","690,00","2,74","","","","","","","","ok","","ANBIMA Data API (web-bff)"
"SMFTA3","0,7443","DI_SPREAD","CDI + 0,74%","DI + 0.5800%","2026-08-03","2030-10-09","716,00","2,84","","","","","","","","ok","","ANBIMA Data API (web-bff)"
"SMFTB3","0,8907","DI_SPREAD","CDI + 0,89%","DI + 0.6800%","2026-08-03","2032-10-09","975,00","3,87","","","","","","","","ok","","ANBIMA Data API (web-bff)"
"SMFTC3","0,9538","DI_SPREAD","CDI + 0,95%","DI + 0.9500%","2026-08-03","2035-10-09","1200,00","4,76","","","","","","","","ok","","ANBIMA Data API (web-bff)"
"SMTO14","8,5188","IPCA_SPREAD","B32 + 33 bps","IPCA + 5.9741%","2026-08-03","2032-01-15","1172,00","4,65","","","","2032-08-15","B32","8,1613","33","ok","","ANBIMA Data API (web-bff)"
"SMTO15","8,2360","IPCA_SPREAD","B29 + 5 bps","IPCA + 7.4737%","2026-08-03","2030-12-15","736,00","2,92","","","","2029-05-15","B29","8,1800","5","ok","","ANBIMA Data API (web-bff)"
"SMTO24","8,4913","IPCA_SPREAD","B35 + 41 bps","IPCA + 6.1076%","2026-08-03","2037-01-15","1779,00","7,06","","","","2035-05-15","B35","8,0500","41","ok","","ANBIMA Data API (web-bff)"
"SNGO10","0,2966","DI_SPREAD","CDI + 0,30%","DI + 1.5500%","2026-08-03","2027-06-15","107,00","0,42","","","","","","","","ok","","ANBIMA Data API (web-bff)"
"SNGO19","0,2434","DI_SPREAD","CDI + 0,24%","DI + 1.9000%","2026-08-03","2026-08-11","6,00","0,02","","","","","","","","ok","","ANBIMA Data API (web-bff)"
"SNGOA1","0,4039","DI_SPREAD","CDI + 0,40%","DI + 2.2500%","2026-08-03","2028-08-23","240,00","0,95","","","","","","","","ok","","ANBIMA Data API (web-bff)"
"SNGOA2","0,5246","DI_SPREAD","CDI + 0,52%","DI + 0.8000%","2026-08-03","2029-07-15","327,00","1,30","","","","","","","","ok","","ANBIMA Data API (web-bff)"
"SNGOA3","0,5806","DI_SPREAD","CDI + 0,58%","DI + 0.6500%","2026-08-03","2030-04-15","473,00","1,88","","","","","","","","ok","","ANBIMA Data API (web-bff)"
"SPRZ11","7,7560","IPCA_SPREAD","B28 - 62 bps","IPCA + 6.7968%","2026-08-03","2030-09-15","430,00","1,71","","","","2028-08-15","B28","8,4300","-62","ok","","ANBIMA Data API (web-bff)"
"SRBS11","7,7136","IPCA_SPREAD","B37 - 16 bps","IPCA + 6.7092%","2026-08-03","2049-12-15","2053,00","8,15","","","","2037-05-15","B37","7,8869","-16","ok","","ANBIMA Data API (web-bff)"
"SRNA11","9,2834","IPCA_SPREAD","B33 + 105 bps","IPCA + 8.2427%","2026-08-03","2035-03-15","1399,00","5,55","","","","2033-05-15","B33","8,1468","105","ok","","ANBIMA Data API (web-bff)"
"SRTI11","8,3921","IPCA_SPREAD","B29 + 20 bps","IPCA + 7.0916%","2026-08-03","2032-12-15","755,00","3,00","","","","2029-05-15","B29","8,1800","20","ok","","ANBIMA Data API (web-bff)"
"STBP15","0,7365","DI_SPREAD","CDI + 0,74%","DI + 0.5500%","2026-08-03","2029-08-15","604,00","2,40","","","","","","","","ok","","ANBIMA Data API (web-bff)"
"STBP25","0,7071","DI_SPREAD","CDI + 0,71%","DI + 0.7000%","2026-08-03","2031-08-15","817,00","3,24","","","","","","","","ok","","ANBIMA Data API (web-bff)"
"STBP35","7,7413","IPCA_SPREAD","B33 - 37 bps","IPCA + 6.3936%","2026-08-03","2034-08-15","1392,00","5,52","","","","2033-05-15","B33","8,1468","-37","ok","","ANBIMA Data API (web-bff)"
"STBP45","7,7457","IPCA_SPREAD","B37 - 13 bps","IPCA + 6.5408%","2026-08-03","2039-08-15","2030,00","8,06","","","","2037-05-15","B37","7,8869","-13","ok","","ANBIMA Data API (web-bff)"
"STRZ11","8,2204","IPCA_SPREAD","B33 + 7 bps","IPCA + 6.9343%","2026-08-03","2039-03-15","1319,00","5,23","","","","2033-05-15","B33","8,1468","7","ok","","ANBIMA Data API (web-bff)"
"SUMI17","14,1861","IPCA_SPREAD","B30 + 551 bps","IPCA + 7.7490%","2026-08-03","2031-07-15","935,00","3,71","","","","2030-08-15","B30","8,2269","551","ok","","ANBIMA Data API (web-bff)"
"SUMI18","14,7649","IPCA_SPREAD","B30 + 604 bps","IPCA + 8.5214%","2026-08-03","2031-10-15","941,00","3,73","","","","2030-08-15","B30","8,2269","604","ok","","ANBIMA Data API (web-bff)"
"SUMI19","14,1643","IPCA_SPREAD","B31 + 554 bps","IPCA + 9.4735%","2026-08-03","2032-04-15","1002,00","3,98","","","","2031-05-15","B31","8,1700","554","ok","","ANBIMA Data API (web-bff)"
"SUMI37","14,4827","IPCA_SPREAD","B32 + 584 bps","IPCA + 8.0993%","2026-08-03","2034-07-15","1287,00","5,11","","","","2032-08-15","B32","8,1613","584","ok","","ANBIMA Data API (web-bff)"
"SUMI39","3,4980","DI_SPREAD","CDI + 3,50%","DI + 2.0000%","2026-08-03","2031-04-15","519,00","2,06","","","","","","","","ok","","ANBIMA Data API (web-bff)"
"SUZB19","7,4874","IPCA_SPREAD","B30 - 68 bps","IPCA + 6.0188%","2026-08-03","2030-06-15","868,00","3,44","","","","2030-08-15","B30","8,2269","-68","ok","","ANBIMA Data API (web-bff)"
"SUZB29","7,5060","IPCA_SPREAD","B33 - 59 bps","IPCA + 6.2477%","2026-08-03","2033-06-15","1406,00","5,58","","","","2033-05-15","B33","8,1468","-59","ok","","ANBIMA Data API (web-bff)"
"SUZBA0","7,4010","IPCA_SPREAD","B37 - 45 bps","IPCA + 6.1889%","2026-08-03","2038-09-15","1973,00","7,83","","","","2037-05-15","B37","7,8869","-45","ok","","ANBIMA Data API (web-bff)"
"SUZBA1","0,4687","DI_SPREAD","CDI + 0,47%","DI + 0.8000%","2026-08-03","2032-05-15","942,00","3,74","","","","","","","","ok","","ANBIMA Data API (web-bff)"
"SUZBB1","0,5022","DI_SPREAD","CDI + 0,50%","DI + 1.0000%","2026-08-03","2034-05-15","1150,00","4,56","","","","","","","","ok","","ANBIMA Data API (web-bff)"
"SUZBC1","7,5515","IPCA_SPREAD","B35 - 46 bps","IPCA + 6.1100%","2026-08-03","2036-05-15","1760,00","6,98","","","","2035-05-15","B35","8,0500","-46","ok","","ANBIMA Data API (web-bff)"
"SVEA14","1,8899","DI_SPREAD","CDI + 1,89%","DI + 3.1000%","2026-08-03","2029-04-12","311,00","1,23","","","","","","","","ok","","ANBIMA Data API (web-bff)"
"SVEA15","1,8993","DI_SPREAD","CDI + 1,90%","DI + 2.1000%","2026-08-03","2032-06-06","638,00","2,53","","","","","","","","ok","","ANBIMA Data API (web-bff)"
"SVEA16","2,3312","DI_SPREAD","CDI + 2,33%","DI + 2.5000%","2026-08-03","2035-11-12","1036,00","4,11","","","","","","","","ok","","ANBIMA Data API (web-bff)"
"TAEE17","7,6876","IPCA_SPREAD","B35 - 34 bps","IPCA + 4.5000%","2026-08-03","2044-09-15","1719,00","6,82","","","","2035-05-15","B35","8,0500","-34","ok","","ANBIMA Data API (web-bff)"
"TAEE18","7,6563","IPCA_SPREAD","B32 - 47 bps","IPCA + 4.7742%","2026-08-03","2039-12-15","1311,00","5,20","","","","2032-08-15","B32","8,1613","-47","ok","","ANBIMA Data API (web-bff)"
"TAEE26","7,5219","IPCA_SPREAD","B37 - 34 bps","IPCA + 5.5000%","2026-08-03","2044-05-15","2017,00","8,00","","","","2037-05-15","B37","7,8869","-34","ok","","ANBIMA Data API (web-bff)"
"TAEEA1","0,4540","DI_SPREAD","CDI + 0,45%","DI + 1.7000%","2026-08-03","2028-05-15","395,00","1,57","","","","","","","","ok","","ANBIMA Data API (web-bff)"
"TAEEA2","7,7026","IPCA_SPREAD","B35 - 32 bps","IPCA + 4.7605%","2026-08-03","2036-05-15","1754,00","6,96","","","","2035-05-15","B35","8,0500","-32","ok","","ANBIMA Data API (web-bff)"
"TAEEA4","7,6753","IPCA_SPREAD","B33 - 44 bps","IPCA + 5.8741%","2026-08-03","2033-09-15","1436,00","5,70","","","","2033-05-15","B33","8,1468","-44","ok","","ANBIMA Data API (web-bff)"
"TAEEA5","0,4343","DI_SPREAD","CDI + 0,43%","DI + 0.6300%","2026-08-03","2029-03-15","540,00","2,14","","","","","","","","ok","","ANBIMA Data API (web-bff)"
"TAEEA6","0,4274","DI_SPREAD","CDI + 0,43%","DI + 0.5500%","2026-08-03","2031-09-15","841,00","3,34","","","","","","","","ok","","ANBIMA Data API (web-bff)"
"TAEEA7","7,5803","IPCA_SPREAD","B37 - 28 bps","IPCA + 7.1690%","2026-08-03","2040-01-15","1942,00","7,71","","","","2037-05-15","B37","7,8869","-28","ok","","ANBIMA Data API (web-bff)"
"TAEEA8","7,6393","IPCA_SPREAD","B31 - 49 bps","IPCA + 7.1499%","2026-08-03","2032-07-15","1130,00","4,48","","","","2031-05-15","B31","8,1700","-49","ok","","ANBIMA Data API (web-bff)"
"TAEEA9","0,5220","DI_SPREAD","CDI + 0,52%","DI + 0.6000%","2026-08-03","2032-10-23","989,00","3,92","","","","","","","","ok","","ANBIMA Data API (web-bff)"
"TAEEB0","7,4199","IPCA_SPREAD","B50 - 18 bps","IPCA + 6.4712%","2026-08-03","2040-12-15","3014,00","11,96","","","","2050-08-15","B50","7,6177","-18","ok","","ANBIMA Data API (web-bff)"
"TAEEB2","7,6066","IPCA_SPREAD","B29 - 53 bps","IPCA + 5.6000%","2026-08-03","2029-04-15","624,00","2,48","","","","2029-05-15","B29","8,1800","-53","ok","","ANBIMA Data API (web-bff)"
"TAEEB4","7,7052","IPCA_SPREAD","B35 - 32 bps","IPCA + 6.0653%","2026-08-03","2035-09-15","1721,00","6,83","","","","2035-05-15","B35","8,0500","-32","ok","","ANBIMA Data API (web-bff)"
"TAEEB8","7,6448","IPCA_SPREAD","B33 - 46 bps","IPCA + 7.0564%","2026-08-03","2035-07-15","1504,00","5,97","","","","2033-05-15","B33","8,1468","-46","ok","","ANBIMA Data API (web-bff)"
"TAEEC1","0,2910","DI_SPREAD","CDI + 0,29%","DI + 1.3600%","2026-08-03","2027-01-15","113,00","0,45","","","","","","","","ok","","ANBIMA Data API (web-bff)"
"TAEEC2","7,6450","IPCA_SPREAD","B31 - 49 bps","IPCA + 5.7500%","2026-08-03","2032-04-15","1018,00","4,04","","","","2031-05-15","B31","8,1700","-49","ok","","ANBIMA Data API (web-bff)"
"TAEEC4","7,6306","IPCA_SPREAD","B37 - 24 bps","IPCA + 6.2709%","2026-08-03","2038-09-15","1959,00","7,77","","","","2037-05-15","B37","7,8869","-24","ok","","ANBIMA Data API (web-bff)"
"TAEED2","7,6516","IPCA_SPREAD","B35 - 37 bps","IPCA + 5.8500%","2026-08-03","2037-04-15","1816,00","7,21","","","","2035-05-15","B35","8,0500","-37","ok","","ANBIMA Data API (web-bff)"
"TAEEE1","0,4499","DI_SPREAD","CDI + 0,45%","DI + 0.5100%","2026-08-03","2033-03-15","1023,00","4,06","","","","","","","","ok","","ANBIMA Data API (web-bff)"
"TBEG11","9,1280","IPCA_SPREAD","B31 + 89 bps","IPCA + 5.3231%","2026-08-03","2035-07-15","1066,00","4,23","","","","2031-05-15","B31","8,1700","89","ok","","ANBIMA Data API (web-bff)"
"TBSP12","0,4943","DI_SPREAD","CDI + 0,49%","DI + 0.7000%","2026-08-03","2030-07-23","697,00","2,77","","","","","","","","ok","","ANBIMA Data API (web-bff)"
"TBSP22","0,5899","DI_SPREAD","CDI + 0,59%","DI + 0.8500%","2026-08-03","2032-07-23","971,00","3,85","","","","","","","","ok","","ANBIMA Data API (web-bff)"
"TCII11","8,1843","IPCA_SPREAD","B33 + 3 bps","IPCA + 6.0594%","2026-08-03","2041-09-15","1526,00","6,06","","","","2033-05-15","B33","8,1468","3","ok","","ANBIMA Data API (web-bff)"
"TEPA11","18,7781","IPCA_SPREAD","B28 + 954 bps","IPCA + 9.6888%","2026-08-03","2030-03-15","437,00","1,73","","","","2028-08-15","B28","8,4300","954","ok","","ANBIMA Data API (web-bff)"
"TEPA12","17,1987","IPCA_SPREAD","B29 + 834 bps","IPCA + 10.0924%","2026-08-03","2031-07-15","613,00","2,43","","","","2029-05-15","B29","8,1800","834","ok","","ANBIMA Data API (web-bff)"
"TEPA13","15,5571","IPCA_SPREAD","B30 + 677 bps","IPCA + 11.5593%","2026-08-03","2032-03-15","785,00","3,12","","","","2030-08-15","B30","8,2269","677","ok","","ANBIMA Data API (web-bff)"
"TEPA14","4,1500","DI_SPREAD","CDI + 4,15%","DI + 3.3500%","2026-08-03","2030-12-04","551,00","2,19","","","","","","","","ok","","ANBIMA Data API (web-bff)"
"TEPA23","19,0718","PREFIXADO","19,07%","Pré-Fixado 18.5067%","2026-08-03","2032-03-15","811,00","3,22","","4,0837","spread = (1 + Y)/(1 + L) - 1; Y = pre 19,07%; L = TaxaLTN_252 venc ref 2032-01-01 = 14,40%","","","","","ok","","ANBIMA Data API (web-bff)"
"TFLE19","1,0296","DI_SPREAD","CDI + 1,03%","DI + 1.3000%","2026-08-03","2030-05-28","743,00","2,95","","","","","","","","ok","","ANBIMA Data API (web-bff)"
"TFLEA3","1,3533","DI_SPREAD","CDI + 1,35%","DI + 1.8500%","2026-08-03","2028-12-20","513,00","2,04","","","","","","","","ok","","ANBIMA Data API (web-bff)"
"TFLEA4","1,3955","DI_SPREAD","CDI + 1,40%","DI + 1.8500%","2026-08-03","2029-01-26","538,00","2,13","","","","","","","","ok","","ANBIMA Data API (web-bff)"
"TFLEA6","1,0721","DI_SPREAD","CDI + 1,07%","DI + 1.4500%","2026-08-03","2031-12-11","817,00","3,24","","","","","","","","ok","","ANBIMA Data API (web-bff)"
"TFLEA7","0,9712","DI_SPREAD","CDI + 0,97%","DI + 1.4000%","2026-08-03","2031-02-10","663,00","2,63","","","","","","","","ok","","ANBIMA Data API (web-bff)"
"TFLEA8","1,0390","DI_SPREAD","CDI + 1,04%","DI + 1.2000%","2026-08-03","2030-06-20","760,00","3,02","","","","","","","","ok","","ANBIMA Data API (web-bff)"
"TFLEA9","1,1117","DI_SPREAD","CDI + 1,11%","DI + 1.2400%","2026-08-03","2032-09-09","906,00","3,60","","","","","","","","ok","","ANBIMA Data API (web-bff)"
"TFLEB5","1,0500","DI_SPREAD","CDI + 1,05%","DI + 1.5000%","2026-08-03","2030-11-04","623,00","2,47","","","","","","","","ok","","ANBIMA Data API (web-bff)"
"TFLEC0","1,0128","DI_SPREAD","CDI + 1,01%","DI + 0.9100%","2026-08-03","2030-09-18","697,00","2,77","","","","","","","","ok","","ANBIMA Data API (web-bff)"
"TFLED0","1,1407","DI_SPREAD","CDI + 1,14%","DI + 1.1500%","2026-08-03","2032-09-18","950,00","3,77","","","","","","","","ok","","ANBIMA Data API (web-bff)"
"TIET18","8,1970","IPCA_SPREAD","B28 - 21 bps","IPCA + 6.0215%","2026-08-03","2030-05-15","530,00","2,10","","","","2028-08-15","B28","8,4300","-21","ok","","ANBIMA Data API (web-bff)"
"TIET19","0,5717","DI_SPREAD","CDI + 0,57%","DI + 1.0000%","2026-08-03","2027-03-15","149,00","0,59","","","","","","","","ok","","ANBIMA Data API (web-bff)"
"TIET29","8,2356","IPCA_SPREAD","B28 - 18 bps","IPCA + 4.7133%","2026-08-03","2029-03-15","377,00","1,50","","","","2028-08-15","B28","8,4300","-18","ok","","ANBIMA Data API (web-bff)"
"TIET39","8,2185","IPCA_SPREAD","B28 - 20 bps","IPCA + 4.7133%","2026-08-03","2029-03-15","383,00","1,52","","","","2028-08-15","B28","8,4300","-20","ok","","ANBIMA Data API (web-bff)"
"TIGR12","1,5174","DI_SPREAD","CDI + 1,52%","DI + 0.6000%","2026-08-03","2029-10-24","649,00","2,58","","","","","","","","ok","","ANBIMA Data API (web-bff)"
"TIGR21","1,5558","DI_SPREAD","CDI + 1,56%","DI + 1.7000%","2026-08-03","2028-11-10","389,00","1,54","","","","","","","","ok","","ANBIMA Data API (web-bff)"
"TIMS12","7,4053","IPCA_SPREAD","B27 - 62 bps","IPCA + 3.9182%","2026-08-03","2028-06-15","331,00","1,31","","","","2027-05-15","B27","8,0775","-62","ok","","ANBIMA Data API (web-bff)"
"TLPP27","0,8066","DI_SPREAD","CDI + 0,81%","DI + 1.3500%","2026-08-03","2027-07-12","225,00","0,89","","","","","","","","ok","","ANBIMA Data API (web-bff)"
"TNHL11","8,1301","IPCA_SPREAD","B33 - 2 bps","IPCA + 6.5865%","2026-08-03","2041-09-15","1497,00","5,94","","","","2033-05-15","B33","8,1468","-2","ok","","ANBIMA Data API (web-bff)"
"TOTS15","0,7522","DI_SPREAD","CDI + 0,75%","DI + 0.9500%","2026-08-03","2031-07-19","694,00","2,75","","","","","","","","ok","","ANBIMA Data API (web-bff)"
"TPEN11","7,9106","IPCA_SPREAD","B28 - 48 bps","IPCA + 6.5333%","2026-08-03","2028-09-15","409,00","1,62","","","","2028-08-15","B28","8,4300","-48","ok","","ANBIMA Data API (web-bff)"
"TPNO12","8,1439","IPCA_SPREAD","B28 - 26 bps","IPCA + 7.5826%","2026-08-03","2029-06-15","383,00","1,52","","","","2028-08-15","B28","8,4300","-26","ok","","ANBIMA Data API (web-bff)"
"TPNO13","7,6226","IPCA_SPREAD","B35 - 40 bps","IPCA + 4.9335%","2026-08-03","2038-12-15","1686,00","6,69","","","","2035-05-15","B35","8,0500","-40","ok","","ANBIMA Data API (web-bff)"
"TRCC11","7,9861","IPCA_SPREAD","B28 - 41 bps","IPCA + 6.5333%","2026-08-03","2028-09-15","409,00","1,62","","","","2028-08-15","B28","8,4300","-41","ok","","ANBIMA Data API (web-bff)"
"TRES11","1,6507","DI_SPREAD","CDI + 1,65%","DI + 2.1000%","2026-08-03","2029-04-05","544,00","2,16","","","","","","","","ok","","ANBIMA Data API (web-bff)"
"TRGO11","8,3080","IPCA_SPREAD","B29 + 12 bps","IPCA + 7.0176%","2026-08-03","2031-12-15","665,00","2,64","","","","2029-05-15","B29","8,1800","12","ok","","ANBIMA Data API (web-bff)"
"TRGP13","7,5970","IPCA_SPREAD","B37 - 27 bps","IPCA + 6.9928%","2026-08-03","2038-01-15","1957,00","7,77","","","","2037-05-15","B37","7,8869","-27","ok","","ANBIMA Data API (web-bff)"
"TRPLA3","0,9763","DI_SPREAD","CDI + 0,98%","DI + 1.5000%","2026-08-03","2030-03-15","691,00","2,74","","","","","","","","ok","","ANBIMA Data API (web-bff)"
"TRPLA4","7,7987","IPCA_SPREAD","B33 - 32 bps","IPCA + 6.2607%","2026-08-03","2033-10-15","1360,00","5,40","","","","2033-05-15","B33","8,1468","-32","ok","","ANBIMA Data API (web-bff)"
"TRPLA5","0,5586","DI_SPREAD","CDI + 0,56%","DI + 0.7300%","2026-08-03","2029-03-15","539,00","2,14","","","","","","","","ok","","ANBIMA Data API (web-bff)"
"TRPLA6","0,7481","DI_SPREAD","CDI + 0,75%","DI + 0.8000%","2026-08-03","2031-05-20","812,00","3,22","","","","","","","","ok","","ANBIMA Data API (web-bff)"
"TRPLA7","7,5526","IPCA_SPREAD","B40 - 22 bps","IPCA + 6.7119%","2026-08-03","2036-10-15","2365,00","9,38","","","","2040-08-15","B40","7,7857","-22","ok","","ANBIMA Data API (web-bff)"
"TRPLB4","7,5795","IPCA_SPREAD","B37 - 28 bps","IPCA + 6.4364%","2026-08-03","2038-10-15","1972,00","7,83","","","","2037-05-15","B37","7,8869","-28","ok","","ANBIMA Data API (web-bff)"
"TRPLB5","0,7461","DI_SPREAD","CDI + 0,75%","DI + 0.8000%","2026-08-03","2031-03-17","767,00","3,04","","","","","","","","ok","","ANBIMA Data API (web-bff)"
"TRPLB7","7,6169","IPCA_SPREAD","B37 - 25 bps","IPCA + 6.6052%","2026-08-03","2039-10-15","2072,00","8,22","","","","2037-05-15","B37","7,8869","-25","ok","","ANBIMA Data API (web-bff)"
"TRRG12","7,9099","IPCA_SPREAD","B31 - 24 bps","IPCA + 7.4367%","2026-08-03","2033-01-15","1048,00","4,16","","","","2031-05-15","B31","8,1700","-24","ok","","ANBIMA Data API (web-bff)"
"TSSG13","0,5514","DI_SPREAD","CDI + 0,55%","DI + 0.9800%","2026-08-03","2029-06-20","605,00","2,40","","","","","","","","ok","","ANBIMA Data API (web-bff)"
"TSSG14","0,4668","DI_SPREAD","CDI + 0,47%","DI + 0.6700%","2026-08-03","2030-05-20","540,00","2,14","","","","","","","","ok","","ANBIMA Data API (web-bff)"
"TSSG21","7,6482","IPCA_SPREAD","B33 - 46 bps","IPCA + 5.9851%","2026-08-03","2033-12-15","1325,00","5,26","","","","2033-05-15","B33","8,1468","-46","ok","","ANBIMA Data API (web-bff)"
"TUPW11","5,8032","DI_SPREAD","CDI + 5,80%","DI + 2.9000%","2026-08-03","2034-10-15","768,00","3,05","","","","","","","","ok","","ANBIMA Data API (web-bff)"
"TUPW21","11,2768","IPCA_SPREAD","B32 + 288 bps","IPCA + 8.2194%","2026-08-03","2036-10-15","1193,00","4,73","","","","2032-08-15","B32","8,1613","288","ok","","ANBIMA Data API (web-bff)"
"TUPY15","3,2252","DI_SPREAD","CDI + 3,23%","DI + 0.8700%","2026-08-03","2029-07-17","620,00","2,46","","","","","","","","ok","","ANBIMA Data API (web-bff)"
"TUPY25","4,0716","DI_SPREAD","CDI + 4,07%","DI + 1.0000%","2026-08-03","2031-07-17","834,00","3,31","","","","","","","","ok","","ANBIMA Data API (web-bff)"
"TUPY35","3,7416","DI_SPREAD","CDI + 3,74%","DI + 1.1800%","2026-08-03","2034-07-17","1094,00","4,34","","","","","","","","ok","","ANBIMA Data API (web-bff)"
"TVVH11","8,4227","IPCA_SPREAD","B30 + 18 bps","IPCA + 6.8596%","2026-08-03","2033-11-15","789,00","3,13","","","","2030-08-15","B30","8,2269","18","ok","","ANBIMA Data API (web-bff)"
"UHSM12","7,6261","IPCA_SPREAD","B35 - 39 bps","IPCA + 5.8198%","2026-08-03","2036-10-15","1677,00","6,65","","","","2035-05-15","B35","8,0500","-39","ok","","ANBIMA Data API (web-bff)"
"ULFT14","7,9631","IPCA_SPREAD","B35 - 8 bps","IPCA + 6.6729%","2026-08-03","2035-10-15","1567,00","6,22","","","","2035-05-15","B35","8,0500","-8","ok","","ANBIMA Data API (web-bff)"
"UNDAC3","107,8356","DI_PERCENTUAL","CDI + 0,97%","112.0000% DI","2026-08-03","2029-04-10","462,00","1,83","107,8356","0,9705","spread = (1 + (%CDI/100)*L)/(1 + L) - 1; L = TaxaLTN_252 venc ref 2029-07-01 = 14,14%","","","","","ok","","ANBIMA Data API (web-bff)"
"UNEG11","8,7166","IPCA_SPREAD","B35 + 62 bps","IPCA + 5.9200%","2026-08-03","2039-07-15","1672,00","6,63","","","","2035-05-15","B35","8,0500","62","ok","","ANBIMA Data API (web-bff)"
"UNIP18","1,4714","DI_SPREAD","CDI + 1,47%","DI + 2.0500%","2026-08-03","2030-10-16","706,00","2,80","","","","","","","","ok","","ANBIMA Data API (web-bff)"
"UNIP19","1,2874","DI_SPREAD","CDI + 1,29%","DI + 0.8500%","2026-08-03","2029-09-05","614,00","2,44","","","","","","","","ok","","ANBIMA Data API (web-bff)"
"UNIP29","1,5188","DI_SPREAD","CDI + 1,52%","DI + 1.2000%","2026-08-03","2031-09-05","819,00","3,25","","","","","","","","ok","","ANBIMA Data API (web-bff)"
"UNIP39","1,5943","DI_SPREAD","CDI + 1,59%","DI + 1.6500%","2026-08-03","2034-09-05","1071,00","4,25","","","","","","","","ok","","ANBIMA Data API (web-bff)"
"UNIPA0","1,5651","DI_SPREAD","CDI + 1,57%","DI + 1.0000%","2026-08-03","2032-07-18","975,00","3,87","","","","","","","","ok","","ANBIMA Data API (web-bff)"
"UNIPB0","1,5267","DI_SPREAD","CDI + 1,53%","DI + 1.3500%","2026-08-03","2035-07-18","1211,00","4,81","","","","","","","","ok","","ANBIMA Data API (web-bff)"
"UNIPC0","1,4167","DI_SPREAD","CDI + 1,42%","DI + 1.1500%","2026-08-03","2032-07-18","1010,00","4,01","","","","","","","","ok","","ANBIMA Data API (web-bff)"
"UNTE11","8,8947","IPCA_SPREAD","B27 + 76 bps","IPCA + 5.3418%","2026-08-03","2028-03-15","265,00","1,05","","","","2027-05-15","B27","8,0775","76","ok","","ANBIMA Data API (web-bff)"
"UQFN14","0,9000","DI_SPREAD","CDI + 0,90%","DI + 1.9000%","2026-08-03","2026-10-15","51,00","0,20","","","","","","","","ok","","ANBIMA Data API (web-bff)"
"UQFN15","2,1680","DI_SPREAD","CDI + 2,17%","DI + 1.3000%","2026-08-03","2031-06-13","743,00","2,95","","","","","","","","ok","","ANBIMA Data API (web-bff)"
"USAS11","8,9216","IPCA_SPREAD","B27 + 78 bps","IPCA + 6.8884%","2026-08-03","2028-02-15","254,00","1,01","","","","2027-05-15","B27","8,0775","78","ok","","ANBIMA Data API (web-bff)"
"USAS12","9,0769","IPCA_SPREAD","B30 + 79 bps","IPCA + 8.0857%","2026-08-03","2032-09-15","948,00","3,76","","","","2030-08-15","B30","8,2269","79","ok","","ANBIMA Data API (web-bff)"
"USAS22","9,1839","IPCA_SPREAD","B33 + 96 bps","IPCA + 8.1432%","2026-08-03","2035-09-15","1328,00","5,27","","","","2033-05-15","B33","8,1468","96","ok","","ANBIMA Data API (web-bff)"
"USIM28","1,3486","DI_SPREAD","CDI + 1,35%","DI + 1.7000%","2026-08-03","2029-05-23","490,00","1,94","","","","","","","","ok","","ANBIMA Data API (web-bff)"
"USIM29","1,3552","DI_SPREAD","CDI + 1,36%","DI + 1.6500%","2026-08-03","2029-12-09","590,00","2,34","","","","","","","","ok","","ANBIMA Data API (web-bff)"
"USIM39","1,5414","DI_SPREAD","CDI + 1,54%","DI + 1.9500%","2026-08-03","2032-12-09","932,00","3,70","","","","","","","","ok","","ANBIMA Data API (web-bff)"
"USIMA0","1,2955","DI_SPREAD","CDI + 1,30%","DI + 1.3500%","2026-08-03","2029-09-19","620,00","2,46","","","","","","","","ok","","ANBIMA Data API (web-bff)"
"USIMB0","1,4192","DI_SPREAD","CDI + 1,42%","DI + 1.5000%","2026-08-03","2031-09-19","827,00","3,28","","","","","","","","ok","","ANBIMA Data API (web-bff)"
"USNA13","9,5954","IPCA_SPREAD","B31 + 132 bps","IPCA + 9.0161%","2026-08-03","2033-07-15","1010,00","4,01","","","","2031-05-15","B31","8,1700","132","ok","","ANBIMA Data API (web-bff)"
"UTPS11","9,0697","IPCA_SPREAD","B27 + 92 bps","IPCA + 6.2500%","2026-08-03","2028-04-15","276,00","1,10","","","","2027-05-15","B27","8,0775","92","ok","","ANBIMA Data API (web-bff)"
"UTPS12","9,0701","IPCA_SPREAD","B27 + 92 bps","IPCA + 4.5000%","2026-08-03","2028-04-15","278,00","1,10","","","","2027-05-15","B27","8,0775","92","ok","","ANBIMA Data API (web-bff)"
"UTPS21","9,0849","IPCA_SPREAD","B32 + 85 bps","IPCA + 7.5000%","2026-08-03","2036-10-15","1282,00","5,09","","","","2032-08-15","B32","8,1613","85","ok","","ANBIMA Data API (web-bff)"
"UTPS22","9,0693","IPCA_SPREAD","B33 + 85 bps","IPCA + 5.7500%","2026-08-03","2036-10-15","1328,00","5,27","","","","2033-05-15","B33","8,1468","85","ok","","ANBIMA Data API (web-bff)"
"VALE48","7,3927","IPCA_SPREAD","B28 - 96 bps","IPCA + 6.7800%","2026-08-03","2029-01-15","341,00","1,35","","","","2028-08-15","B28","8,4300","-96","ok","","ANBIMA Data API (web-bff)"
"VALEA0","7,2281","IPCA_SPREAD","B35 - 76 bps","IPCA + 6.3837%","2026-08-03","2034-10-15","1595,00","6,33","","","","2035-05-15","B35","8,0500","-76","ok","","ANBIMA Data API (web-bff)"
"VALEB0","7,1477","IPCA_SPREAD","B37 - 69 bps","IPCA + 6.4368%","2026-08-03","2036-10-15","1867,00","7,41","","","","2037-05-15","B37","7,8869","-69","ok","","ANBIMA Data API (web-bff)"
"VALEB1","7,2007","IPCA_SPREAD","B32 - 89 bps","IPCA + 6.8881%","2026-08-03","2032-05-15","1203,00","4,77","","","","2032-08-15","B32","8,1613","-89","ok","","ANBIMA Data API (web-bff)"
"VALEC0","7,1745","IPCA_SPREAD","B40 - 57 bps","IPCA + 6.4203%","2026-08-03","2039-10-15","2214,00","8,79","","","","2040-08-15","B40","7,7857","-57","ok","","ANBIMA Data API (web-bff)"
"VALEC1","7,2002","IPCA_SPREAD","B35 - 79 bps","IPCA + 6.7624%","2026-08-03","2035-05-15","1670,00","6,63","","","","2035-05-15","B35","8,0500","-79","ok","","ANBIMA Data API (web-bff)"
"VALED1","7,1129","IPCA_SPREAD","B37 - 72 bps","IPCA + 6.7946%","2026-08-03","2037-05-15","1931,00","7,66","","","","2037-05-15","B37","7,8869","-72","ok","","ANBIMA Data API (web-bff)"
"VAMO13","2,6842","DI_SPREAD","CDI + 2,68%","DI + 2.3000%","2026-08-03","2029-06-15","403,00","1,60","","","","","","","","ok","","ANBIMA Data API (web-bff)"
"VAMO14","3,6483","DI_SPREAD","CDI + 3,65%","DI + 2.4000%","2026-08-03","2028-10-15","261,00","1,04","","","","","","","","ok","","ANBIMA Data API (web-bff)"
"VAMO17","3,8747","DI_SPREAD","CDI + 3,87%","DI + 2.1700%","2026-08-03","2028-06-15","414,00","1,64","","","","","","","","ok","","ANBIMA Data API (web-bff)"
"VAMO22","2,8196","DI_SPREAD","CDI + 2,82%","DI + 2.0000%","2026-08-03","2026-08-20","13,00","0,05","","","","","","","","ok","","ANBIMA Data API (web-bff)"
"VAMO23","3,4523","DI_SPREAD","CDI + 3,45%","DI + 2.7500%","2026-08-03","2031-06-15","727,00","2,88","","","","","","","","ok","","ANBIMA Data API (web-bff)"
"VAMO24","3,8511","DI_SPREAD","CDI + 3,85%","DI + 2.8000%","2026-08-03","2031-10-15","750,00","2,98","","","","","","","","ok","","ANBIMA Data API (web-bff)"
"VAMO33","14,3038","IPCA_SPREAD","B30 + 561 bps","IPCA + 6.3605%","2026-08-03","2031-06-15","837,00","3,32","","","","2030-08-15","B30","8,2269","561","ok","","ANBIMA Data API (web-bff)"
"VAMO34","14,3581","IPCA_SPREAD","B30 + 567 bps","IPCA + 7.6897%","2026-08-03","2031-10-15","868,00","3,44","","","","2030-08-15","B30","8,2269","567","ok","","ANBIMA Data API (web-bff)"
"VAMOA0","3,8959","DI_SPREAD","CDI + 3,90%","DI + 2.3500%","2026-08-03","2029-02-21","422,00","1,67","","","","","","","","ok","","ANBIMA Data API (web-bff)"
"VAMOA1","3,4715","DI_SPREAD","CDI + 3,47%","DI + 2.3500%","2026-08-03","2029-06-25","508,00","2,02","","","","","","","","ok","","ANBIMA Data API (web-bff)"
"VBBR15","0,9750","DI_SPREAD","CDI + 0,98%","DI + 1.5000%","2026-08-03","2029-10-03","547,00","2,17","","","","","","","","ok","","ANBIMA Data API (web-bff)"
"VBBR16","0,8036","DI_SPREAD","CDI + 0,80%","DI + 1.0700%","2026-08-03","2031-04-05","779,00","3,09","","","","","","","","ok","","ANBIMA Data API (web-bff)"
"VBBR17","0,8100","DI_SPREAD","CDI + 0,81%","DI + 1.1800%","2026-08-03","2031-06-14","826,00","3,28","","","","","","","","ok","","ANBIMA Data API (web-bff)"
"VBBR18","0,8120","DI_SPREAD","CDI + 0,81%","DI + 1.0500%","2026-08-03","2032-01-08","840,00","3,33","","","","","","","","ok","","ANBIMA Data API (web-bff)"
"VBBR24","1,1170","DI_SPREAD","CDI + 1,12%","DI + 1.7500%","2026-08-03","2031-11-16","770,00","3,06","","","","","","","","ok","","ANBIMA Data API (web-bff)"
"VBBR26","1,0237","DI_SPREAD","CDI + 1,02%","DI + 1.2500%","2026-08-03","2034-04-05","1061,00","4,21","","","","","","","","ok","","ANBIMA Data API (web-bff)"
"VBBRA0","8,2950","IPCA_SPREAD","B33 + 14 bps","IPCA + 7.3800%","2026-08-03","2036-03-15","1441,00","5,72","","","","2033-05-15","B33","8,1468","14","ok","","ANBIMA Data API (web-bff)"
"VBRR11","10,9548","IPCA_SPREAD","B29 + 256 bps","IPCA + 8.5914%","2026-08-03","2030-12-15","628,00","2,49","","","","2029-05-15","B29","8,1800","256","ok","","ANBIMA Data API (web-bff)"
"VDBF12","8,4785","IPCA_SPREAD","B30 + 23 bps","IPCA + 3.8708%","2026-08-03","2033-04-15","874,00","3,47","","","","2030-08-15","B30","8,2269","23","ok","","ANBIMA Data API (web-bff)"
"VEBMA6","1,2494","DI_SPREAD","CDI + 1,25%","DI + 1.4800%","2026-08-03","2030-12-20","829,00","3,29","","","","","","","","ok","","ANBIMA Data API (web-bff)"
"VEBMA8","0,5916","DI_SPREAD","CDI + 0,59%","DI + 0.6700%","2026-08-03","2032-04-16","984,00","3,90","","","","","","","","ok","","ANBIMA Data API (web-bff)"
"VEBMA9","0,6098","DI_SPREAD","CDI + 0,61%","DI + 0.6000%","2026-08-03","2033-01-25","1072,00","4,25","","","","","","","","ok","","ANBIMA Data API (web-bff)"
"VERO12","","IPCA_SPREAD","—","IPCA + 9.3400%","2026-08-03","2030-03-17","","","","","","","","","","sem_taxa","Taxa indicativa vazia","ANBIMA Data API (web-bff)"
"VERO13","","IPCA_SPREAD","—","IPCA + 8.4041%","2026-08-03","2031-03-15","","","","","","","","","","sem_taxa","Taxa indicativa vazia","ANBIMA Data API (web-bff)"
"VERO14","","DI_SPREAD","—","DI + 1.7500%","2026-08-03","2029-10-15","","","","","","","","","","sem_taxa","Taxa indicativa vazia","ANBIMA Data API (web-bff)"
"VERO24","","IPCA_SPREAD","—","IPCA + 8.3524%","2026-08-03","2031-10-15","","","","","","","","","","sem_taxa","Taxa indicativa vazia","ANBIMA Data API (web-bff)"
"VERO25","","IPCA_SPREAD","—","IPCA + 9.2618%","2026-08-03","2032-07-15","","","","","","","","","","sem_taxa","Taxa indicativa vazia","ANBIMA Data API (web-bff)"
"VERO35","","IPCA_SPREAD","—","IPCA + 9.2707%","2026-08-03","2035-07-15","","","","","","","","","","sem_taxa","Taxa indicativa vazia","ANBIMA Data API (web-bff)"
"VERO44","","IPCA_SPREAD","—","IPCA + 8.7014%","2026-08-03","2034-10-15","","","","","","","","","","sem_taxa","Taxa indicativa vazia","ANBIMA Data API (web-bff)"
"VIALA5","7,8705","IPCA_SPREAD","B30 - 33 bps","IPCA + 7.2300%","2026-08-03","2030-04-15","923,00","3,66","","","","2030-08-15","B30","8,2269","-33","ok","","ANBIMA Data API (web-bff)"
"VIVA11","0,6937","DI_SPREAD","CDI + 0,69%","DI + 0.7000%","2026-08-03","2030-08-27","685,00","2,72","","","","","","","","ok","","ANBIMA Data API (web-bff)"
"VIXL15","1,0119","DI_SPREAD","CDI + 1,01%","DI + 2.1500%","2026-08-03","2026-10-26","58,00","0,23","","","","","","","","ok","","ANBIMA Data API (web-bff)"
"VIXL18","1,0945","DI_SPREAD","CDI + 1,09%","DI + 2.0000%","2026-08-03","2030-06-11","584,00","2,32","","","","","","","","ok","","ANBIMA Data API (web-bff)"
"VIXL19","1,2315","DI_SPREAD","CDI + 1,23%","DI + 1.2500%","2026-08-03","2031-10-15","779,00","3,09","","","","","","","","ok","","ANBIMA Data API (web-bff)"
"VIXL25","1,1486","DI_SPREAD","CDI + 1,15%","DI + 2.5000%","2026-08-03","2028-10-26","272,00","1,08","","","","","","","","ok","","ANBIMA Data API (web-bff)"
"VIXL26","1,1468","DI_SPREAD","CDI + 1,15%","DI + 2.8000%","2026-08-03","2028-09-29","314,00","1,25","","","","","","","","ok","","ANBIMA Data API (web-bff)"
"VIXL35","1,0000","DI_SPREAD","CDI + 1,00%","DI + 2.1500%","2026-08-03","2026-10-26","58,00","0,23","","","","","","","","ok","","ANBIMA Data API (web-bff)"
"VIXL45","1,1537","DI_SPREAD","CDI + 1,15%","DI + 2.5000%","2026-08-03","2028-10-26","272,00","1,08","","","","","","","","ok","","ANBIMA Data API (web-bff)"
"VLIDA0","1,3119","DI_SPREAD","CDI + 1,31%","DI + 1.9500%","2026-08-03","2029-04-26","319,00","1,27","","","","","","","","ok","","ANBIMA Data API (web-bff)"
"VLIDA1","1,4930","DI_SPREAD","CDI + 1,49%","DI + 1.0000%","2026-08-03","2030-12-15","674,00","2,67","","","","","","","","ok","","ANBIMA Data API (web-bff)"
"VLIDB1","1,5245","DI_SPREAD","CDI + 1,52%","DI + 1.2000%","2026-08-03","2032-12-15","946,00","3,75","","","","","","","","ok","","ANBIMA Data API (web-bff)"
"VLIM13","7,8912","IPCA_SPREAD","B29 - 27 bps","IPCA + 5.7500%","2026-08-03","2028-12-15","558,00","2,21","","","","2029-05-15","B29","8,1800","-27","ok","","ANBIMA Data API (web-bff)"
"VLIM14","7,8796","IPCA_SPREAD","B29 - 28 bps","IPCA + 6.4512%","2026-08-03","2030-09-15","696,00","2,76","","","","2029-05-15","B29","8,1800","-28","ok","","ANBIMA Data API (web-bff)"
"VLIM15","7,8704","IPCA_SPREAD","B31 - 28 bps","IPCA + 6.1062%","2026-08-03","2031-04-15","1016,00","4,03","","","","2031-05-15","B31","8,1700","-28","ok","","ANBIMA Data API (web-bff)"
"VLIM16","7,9043","IPCA_SPREAD","B33 - 22 bps","IPCA + 6.8670%","2026-08-03","2034-11-15","1435,00","5,69","","","","2033-05-15","B33","8,1468","-22","ok","","ANBIMA Data API (web-bff)"
"VLIM17","7,9092","IPCA_SPREAD","B33 - 22 bps","IPCA + 7.0166%","2026-08-03","2035-05-15","1502,00","5,96","","","","2033-05-15","B33","8,1468","-22","ok","","ANBIMA Data API (web-bff)"
"VLIM18","7,9583","IPCA_SPREAD","B35 - 8 bps","IPCA + 6.6729%","2026-08-03","2035-10-15","1567,00","6,22","","","","2035-05-15","B35","8,0500","-8","ok","","ANBIMA Data API (web-bff)"
"VLIM19","7,9081","IPCA_SPREAD","B37 + 2 bps","IPCA + 6.4988%","2026-08-03","2038-03-15","1878,00","7,45","","","","2037-05-15","B37","7,8869","2","ok","","ANBIMA Data API (web-bff)"
"VLIM25","","PREFIXADO","—","Pré-Fixado 11.4400%","2026-08-03","2031-04-15","","","","","","","","","","sem_taxa","Taxa indicativa vazia","ANBIMA Data API (web-bff)"
"VLIM26","7,9874","IPCA_SPREAD","B35 - 6 bps","IPCA + 6.7166%","2026-08-03","2036-11-15","1721,00","6,83","","","","2035-05-15","B35","8,0500","-6","ok","","ANBIMA Data API (web-bff)"
"VLIM27","7,8515","IPCA_SPREAD","B37 - 3 bps","IPCA + 6.9582%","2026-08-03","2037-05-15","1838,00","7,29","","","","2037-05-15","B37","7,8869","-3","ok","","ANBIMA Data API (web-bff)"
"VLIM28","7,8818","IPCA_SPREAD","B37 + 0 bps","IPCA + 6.7052%","2026-08-03","2037-10-15","1890,00","7,50","","","","2037-05-15","B37","7,8869","0","ok","","ANBIMA Data API (web-bff)"
"VLIM29","7,8709","IPCA_SPREAD","B40 + 8 bps","IPCA + 6.4776%","2026-08-03","2041-03-15","2199,00","8,73","","","","2040-08-15","B40","7,7857","8","ok","","ANBIMA Data API (web-bff)"
"VLME11","","DI_SPREAD","—","DI + 3.0000%","2026-08-03","2030-10-06","","","","","","","","","","sem_taxa","Taxa indicativa vazia","ANBIMA Data API (web-bff)"
"VLME12","","DI_SPREAD","—","DI + 3.0000%","2026-08-03","2030-10-06","","","","","","","","","","sem_taxa","Taxa indicativa vazia","ANBIMA Data API (web-bff)"
"VPLT12","8,9738","IPCA_SPREAD","B27 + 83 bps","IPCA + 3.9407%","2026-08-03","2027-06-15","171,00","0,68","","","","2027-05-15","B27","8,0775","83","ok","","ANBIMA Data API (web-bff)"
"VRDN12","8,6482","IPCA_SPREAD","B31 + 44 bps","IPCA + 5.5500%","2026-08-03","2034-12-15","970,00","3,85","","","","2031-05-15","B31","8,1700","44","ok","","ANBIMA Data API (web-bff)"
"VVEO15","","DI_SPREAD","—","DI + 1.6000%","2026-08-03","2034-01-30","","","","","","","","","","sem_taxa","Taxa indicativa vazia","ANBIMA Data API (web-bff)"
"VVEO16","","DI_SPREAD","—","DI + 1.6000%","2026-08-03","2034-01-30","","","","","","","","","","sem_taxa","Taxa indicativa vazia","ANBIMA Data API (web-bff)"
"WDPR11","7,7064","IPCA_SPREAD","B28 - 67 bps","IPCA + 7.6276%","2026-08-03","2028-12-15","339,00","1,35","","","","2028-08-15","B28","8,4300","-67","ok","","ANBIMA Data API (web-bff)"
"WIZC12","1,9051","DI_SPREAD","CDI + 1,91%","DI + 1.9500%","2026-08-03","2030-01-29","432,00","1,71","","","","","","","","ok","","ANBIMA Data API (web-bff)"
"WNTY12","9,7202","IPCA_SPREAD","B31 + 143 bps","IPCA + 8.6044%","2026-08-03","2035-08-15","1135,00","4,50","","","","2031-05-15","B31","8,1700","143","ok","","ANBIMA Data API (web-bff)"
"XNGU17","7,5656","IPCA_SPREAD","B31 - 56 bps","IPCA + 4.8304%","2026-08-03","2034-12-15","1046,00","4,15","","","","2031-05-15","B31","8,1700","-56","ok","","ANBIMA Data API (web-bff)"
"YDUQ17","0,5722","DI_SPREAD","CDI + 0,57%","DI + 0.7800%","2026-08-03","2027-11-29","305,00","1,21","","","","","","","","ok","","ANBIMA Data API (web-bff)"
"YDUQ18","0,8706","DI_SPREAD","CDI + 0,87%","DI + 0.8500%","2026-08-03","2030-06-02","730,00","2,90","","","","","","","","ok","","ANBIMA Data API (web-bff)"
"YDUQA0","0,6698","DI_SPREAD","CDI + 0,67%","DI + 1.2500%","2026-08-03","2029-04-10","464,00","1,84","","","","","","","","ok","","ANBIMA Data API (web-bff)"
"YDUQA1","0,9129","DI_SPREAD","CDI + 0,91%","DI + 1.0500%","2026-08-03","2031-11-29","884,00","3,51","","","","","","","","ok","","ANBIMA Data API (web-bff)"
"YDUQA2","0,7578","DI_SPREAD","CDI + 0,76%","DI + 0.7000%","2026-08-03","2029-12-23","691,00","2,74","","","","","","","","ok","","ANBIMA Data API (web-bff)"
