"ticker","statusExercicio","dataEvento","diasUteisAteEvento","pctPuPar","taxaEvento","tipoTaxa","remuneracao","dataReferencia","origemAba"
"RADL14","Em exercício","2026-12-17","","1.000976","105.471","implícita","106,99% do DI","2026-07-24","No Período de Exercício"
"UNDAC3","Em exercício","2026-10-13","","1.00616","109.403","implícita","112% do DI","2026-07-24","No Período de Exercício"
"ABSP12","Em exercício","","","","","implícita","DI + 1,95%","2026-07-24","No Período de Exercício"
"ADPA21","Em exercício","2027-06-21","","1.001746","2.4434","implícita","DI + 2,85%","2026-07-24","No Período de Exercício"
"AEGE16","Em exercício","2026-09-11","","1.04844","2.5069","implícita","DI + 3,9%","2026-07-24","No Período de Exercício"
"AEGE17","Em exercício","2026-12-15","","1.042222","2.3523","implícita","DI + 3,4%","2026-07-24","No Período de Exercício"
"AEGP17","Em exercício","2026-10-13","","1.001452","1.8442","implícita","DI + 2,15%","2026-07-24","No Período de Exercício"
"AEGP19","Em exercício","2026-10-05","","1.005964","1.458","implícita","DI + 1,9%","2026-07-24","No Período de Exercício"
"AEGPB7","Em exercício","2026-09-15","","1.008964","2.2788","implícita","DI + 2,95%","2026-07-24","No Período de Exercício"
"AGAU13","Em exercício","2026-09-15","","1.004841","3.4627","implícita","DI + 4,5%","2026-07-24","No Período de Exercício"
"ALGAA2","Em exercício","2027-01-15","","1.00594","1.1127","implícita","DI + 1,55%","2026-07-24","No Período de Exercício"
"ALPA22","Em exercício","2026-12-14","","1.011919","0.9384","implícita","DI + 1,5%","2026-07-24","No Período de Exercício"
"ANIM15","Em exercício","2026-11-16","","1.009902","1.1708","implícita","DI + 1,92%","2026-07-24","No Período de Exercício"
"APFL18","Em exercício","2027-01-15","","0.999999","1.38","implícita","DI + 1,38%","2026-07-24","No Período de Exercício"
"APPSB2","Em exercício","2026-09-15","","1.007984","1.4474","implícita","DI + 2,15%","2026-07-24","No Período de Exercício"
"APRB28","Em exercício","2026-12-15","","1.001706","0.5082","implícita","DI + 0,86%","2026-07-24","No Período de Exercício"
"ARML13","Em exercício","2026-11-04","","1.016347","1.4743","implícita","DI + 2,25%","2026-07-24","No Período de Exercício"
"ARTRA1","Em exercício","2026-09-11","","1.001451","1.3459","implícita","DI + 1,65%","2026-07-24","No Período de Exercício"
"ARTRA4","Em exercício","2026-08-24","","1.007984","2.1039","implícita","DI + 2,7%","2026-07-24","No Período de Exercício"
"ARTRA5","Em exercício","2026-10-13","","1.009918","1.6456","implícita","DI + 2,4%","2026-07-24","No Período de Exercício"
"ASAI18","Em exercício","2026-12-22","","1.003472","1.4815","implícita","DI + 1,85%","2026-07-24","No Período de Exercício"
"ASAI19","Em exercício","2026-09-25","","1.008625","0.7597","implícita","DI + 1,25%","2026-07-24","No Período de Exercício"
"ASAI22","Em exercício","2026-11-23","","1.00592","1.3067","implícita","DI + 1,95%","2026-07-24","No Período de Exercício"
"ASAIA0","Em exercício","2026-12-21","","1.008652","0.7579","implícita","DI + 1,25%","2026-07-24","No Período de Exercício"
"AZZA13","Em exercício","2026-07-28","","1.004503","0.6763","implícita","DI + 1%","2026-07-24","No Período de Exercício"
"BCBF16","Em exercício","2026-10-07","","1.004464","0.9791","implícita","DI + 1,45%","2026-07-24","No Período de Exercício"
"BKBR19","Em exercício","2026-10-26","","1.00192","1.4969","implícita","DI + 1,9%","2026-07-24","No Período de Exercício"
"BRKMA8","Em exercício","2026-11-09","","1.0149","1.0984","implícita","DI + 1,7%","2026-07-24","No Período de Exercício"
"BRKPA0","Em exercício","2026-10-15","","1.003653","1.6377","implícita","DI + 2,4%","2026-07-24","No Período de Exercício"
"BRKPA2","Em exercício","2026-08-21","","1.022397","2.175","implícita","DI + 3,25%","2026-07-24","No Período de Exercício"
"BRKPA3","Em exercício","2026-08-24","","1.027024","1.8202","implícita","DI + 2,93%","2026-07-24","No Período de Exercício"
"CBAN22","Em exercício","2027-01-15","","1.024837","1.1968","implícita","DI + 2%","2026-07-24","No Período de Exercício"
"CBRDB8","Em exercício","2026-11-10","","1.005936","1.3199","implícita","DI + 1,95%","2026-07-24","No Período de Exercício"
"CCROA7","Em exercício","2027-01-12","","1.006211","0.2896","implícita","DI + 0,75%","2026-07-24","No Período de Exercício"
"CDAR11","Em exercício","2026-09-28","","1.003952","1.5785","implícita","DI + 2%","2026-07-24","No Período de Exercício"
"CDES12","Em exercício","2026-08-03","","1.026809","0.6126","implícita","DI + 1,4%","2026-07-24","No Período de Exercício"
"CEAB13","Em exercício","2027-01-15","","1.002457","1.2935","implícita","DI + 1,8%","2026-07-24","No Período de Exercício"
"CEAP15","Em exercício","2026-11-16","","1.004928","0.9183","implícita","DI + 1,2%","2026-07-24","No Período de Exercício"
"CEAP16","Em exercício","2026-09-09","","1.005944","0.9213","implícita","DI + 1,2%","2026-07-24","No Período de Exercício"
"CEBD14","Em exercício","2026-08-25","","1.005976","1.1603","implícita","DI + 1,6%","2026-07-24","No Período de Exercício"
"CEBD25","Em exercício","2026-12-21","","1.007416","1.3697","implícita","DI + 1,72%","2026-07-24","No Período de Exercício"
"CEEBA3","Em exercício","","","","","implícita","DI + 1,34%","2026-07-24","No Período de Exercício"
"CEEBA6","Em exercício","2026-08-17","","1.005952","1.6104","implícita","DI + 1,95%","2026-07-24","No Período de Exercício"
"CEEBA7","Em exercício","2026-11-16","","1.005952","0.8453","implícita","DI + 1,18%","2026-07-24","No Período de Exercício"
"CEEBA8","Em exercício","2026-12-10","","1.004936","0.7198","implícita","DI + 0,95%","2026-07-24","No Período de Exercício"
"CEEBB3","Em exercício","2026-10-15","","1.003968","1.1976","implícita","DI + 1,49%","2026-07-24","No Período de Exercício"
"CEMTE2","Em exercício","2026-12-10","","1.007421","0.4967","implícita","DI + 1,05%","2026-07-24","No Período de Exercício"
"CEPEA1","Em exercício","","","","","implícita","DI + 1,39%","2026-07-24","No Período de Exercício"
"CEPEA3","Em exercício","2026-11-16","","1.005952","0.8453","implícita","DI + 1,18%","2026-07-24","No Período de Exercício"
"CEPEB1","Em exercício","2026-10-15","","1.003972","1.2471","implícita","DI + 1,54%","2026-07-24","No Período de Exercício"
"CEPEB2","Em exercício","2026-10-15","","1.007404","1.2562","implícita","DI + 1,68%","2026-07-24","No Período de Exercício"
"CESE22","Em exercício","2026-09-15","","1.010585","1.7139","implícita","DI + 2,5%","2026-07-24","No Período de Exercício"
"CESPA4","Em exercício","2026-08-14","","1.011979","0.3195","implícita","DI + 0,62%","2026-07-24","No Período de Exercício"
"CGASA5","Em exercício","2026-09-15","","0.999999","0.75","implícita","DI + 0,75%","2026-07-24","No Período de Exercício"
"CGOS15","Em exercício","2026-09-21","","1.006912","0.7221","implícita","DI + 1,05%","2026-07-24","No Período de Exercício"
"CHSF12","Em exercício","2026-10-15","","1.004943","0.62","implícita","DI + 0,85%","2026-07-24","No Período de Exercício"
"CIEL18","Em exercício","2026-11-09","","1.006181","0.2539","implícita","DI + 0,54%","2026-07-24","No Período de Exercício"
"CLCD16","Em exercício","2026-11-16","","1.007936","0.9549","implícita","DI + 1,65%","2026-07-24","No Período de Exercício"
"CMED13","Em exercício","2026-11-03","","1.002999","0.5797","implícita","DI + 0,75%","2026-07-24","No Período de Exercício"
"CMGD18","Em exercício","2026-12-15","","1.001463","1.0468","implícita","DI + 1,35%","2026-07-24","No Período de Exercício"
"CMTR19","Em exercício","2026-12-15","","1.002976","1.016","implícita","DI + 1,33%","2026-07-24","No Período de Exercício"
"COLNA3","Em exercício","2027-01-15","","1.012482","0.3729","implícita","DI + 0,8%","2026-07-24","No Período de Exercício"
"CPFPA6","Em exercício","2026-09-08","","1.004315","0.1004","implícita","DI + 0,57%","2026-07-24","No Período de Exercício"
"CPGT17","Em exercício","","","","","implícita","DI + 1,38%","2026-07-24","No Período de Exercício"
"CPLD27","Em exercício","2026-11-16","","1.001451","1.0592","implícita","DI + 1,36%","2026-07-24","No Período de Exercício"
"CPLD38","Em exercício","2026-12-15","","1.004464","1.9215","implícita","DI + 2,25%","2026-07-24","No Período de Exercício"
"CPREA0","Em exercício","2026-12-14","","1.00594","0.785","implícita","DI + 1,12%","2026-07-24","No Período de Exercício"
"CPTE12","Em exercício","2027-01-15","","1.017825","0.8893","implícita","DI + 1,7%","2026-07-24","No Período de Exercício"
"CSANA2","Em exercício","","","","","implícita","DI + 0,6%","2026-07-24","No Período de Exercício"
"CSMGA7","Em exercício","2026-09-16","","1.003999","1.0325","implícita","DI + 1,3%","2026-07-24","No Período de Exercício"
"CSMGB6","Em exercício","","","","","implícita","DI + 1,3%","2026-07-24","No Período de Exercício"
"CSNAA1","Em exercício","2026-11-10","","1.008984","0.9902","implícita","DI + 1,65%","2026-07-24","No Período de Exercício"
"CSNAA2","Em exercício","2026-12-21","","1.004446","2.0231","implícita","DI + 2,5%","2026-07-24","No Período de Exercício"
"DASAB4","Em exercício","2026-10-20","","1.003968","1.9763","implícita","DI + 2,4%","2026-07-24","No Período de Exercício"
"DASAB5","Em exercício","2026-10-30","","1.007952","1.2489","implícita","DI + 1,7%","2026-07-24","No Período de Exercício"
"EBENA6","Em exercício","2026-09-04","","1.00444","0.4125","implícita","DI + 0,89%","2026-07-24","No Período de Exercício"
"EBENA7","Em exercício","2026-12-21","","1.004452","0.2045","implícita","DI + 0,68%","2026-07-24","No Período de Exercício"
"EGIED1","Em exercício","2026-11-16","","1.005961","0.5642","implícita","DI + 1%","2026-07-24","No Período de Exercício"
"EKTRA0","Em exercício","","","","","implícita","DI + 1,29%","2026-07-24","No Período de Exercício"
"EKTRA1","Em exercício","2027-01-15","","1.001476","0.9768","implícita","DI + 1,28%","2026-07-24","No Período de Exercício"
"EKTRB0","Em exercício","2026-10-15","","1.003968","1.1478","implícita","DI + 1,44%","2026-07-24","No Período de Exercício"
"ELET15","Em exercício","2026-10-15","","1.004943","0.62","implícita","DI + 0,85%","2026-07-24","No Período de Exercício"
"ELET24","Em exercício","2026-09-15","","1.006984","1.037","implícita","DI + 1,55%","2026-07-24","No Período de Exercício"
"ELFA12","Em exercício","2026-08-13","","1.032198","2.1401","implícita","DI + 3,4%","2026-07-24","No Período de Exercício"
"ENEV38","Em exercício","2027-01-15","","1.009918","1.1337","implícita","DI + 1,7%","2026-07-24","No Período de Exercício"
"ENEVC0","Em exercício","2026-10-15","","1.007421","0.6544","implícita","DI + 1%","2026-07-24","No Período de Exercício"
"EQMAA1","Em exercício","2026-11-16","","1.006912","0.6225","implícita","DI + 0,95%","2026-07-24","No Período de Exercício"
"ERDVA3","Em exercício","2026-10-15","","1.009945","1.1173","implícita","DI + 1,85%","2026-07-24","No Período de Exercício"
"ESCEA3","Em exercício","2026-08-19","","1.004488","0.4239","implícita","DI + 0,9%","2026-07-24","No Período de Exercício"
"FLRY17","Em exercício","2026-10-22","","1.001452","1.0466","implícita","DI + 1,35%","2026-07-24","No Período de Exercício"
"FLRY25","Em exercício","2026-12-16","","1.002976","0.8865","implícita","DI + 1,2%","2026-07-24","No Período de Exercício"
"GGBRA7","Em exercício","2026-11-30","","1.006191","0.3135","implícita","DI + 0,6%","2026-07-24","No Período de Exercício"
"GSHC15","Em exercício","2026-10-22","","1.018511","0.3188","implícita","DI + 1,7%","2026-07-24","No Período de Exercício"
"HAPV15","Em exercício","2026-12-28","","1.004","1.59","implícita","DI + 1,75%","2026-07-24","No Período de Exercício"
"HAPV17","Em exercício","2026-11-10","","1.005999","1.3809","implícita","DI + 1,6%","2026-07-24","No Período de Exercício"
"HBSA14","Em exercício","2026-12-11","","1.002969","0.2862","implícita","DI + 0,5%","2026-07-24","No Período de Exercício"
"HBSA22","Em exercício","2027-01-20","","1.00992","1.6477","implícita","DI + 2,4%","2026-07-24","No Período de Exercício"
"HBSA24","Em exercício","2026-12-11","","1.008943","0.4878","implícita","DI + 0,75%","2026-07-24","No Período de Exercício"
"HGLB13","Em exercício","2026-10-15","","1.048721","1.6705","implícita","DI + 3%","2026-07-24","No Período de Exercício"
"IGTAA3","Em exercício","2026-09-21","","1.011904","0.0326","implícita","DI + 0,45%","2026-07-24","No Período de Exercício"
"INEL12","Em exercício","2026-11-16","","1.009902","0.9041","implícita","DI + 1,65%","2026-07-24","No Período de Exercício"
"IOCHA3","Em exercício","2026-10-02","","1.013893","0.9377","implícita","DI + 1,6%","2026-07-24","No Período de Exercício"
"IOCHA4","Em exercício","2026-10-13","","1.006956","0.8386","implícita","DI + 1,35%","2026-07-24","No Período de Exercício"
"IOCHA5","Em exercício","2026-08-05","","1.013941","0.9852","implícita","DI + 1,55%","2026-07-24","No Período de Exercício"
"IOCHA6","Em exercício","2026-12-04","","1.013909","0.8857","implícita","DI + 1,45%","2026-07-24","No Período de Exercício"
"ISPE12","Em exercício","2026-12-01","","1.007445","2.1438","implícita","DI + 2,5%","2026-07-24","No Período de Exercício"
"ISPE13","Em exercício","2026-12-01","","1.007445","2.1438","implícita","DI + 2,5%","2026-07-24","No Período de Exercício"
"JHSFA3","Em exercício","2026-08-20","","1.006587","1.1733","implícita","DI + 2,2%","2026-07-24","No Período de Exercício"
"JSLGA5","Em exercício","2026-10-20","","1.006972","2.1789","implícita","DI + 2,7%","2026-07-24","No Período de Exercício"
"KLAS12","Em exercício","","","","","implícita","DI + 2,8%","2026-07-24","No Período de Exercício"
"LMTP18","Em exercício","","","","","implícita","DI + 1,93%","2026-07-24","No Período de Exercício"
"LMTP26","Em exercício","2026-09-25","","1.00247","1.4381","implícita","DI + 1,7%","2026-07-24","No Período de Exercício"
"LOGGB1","Em exercício","2027-01-11","","1.00172","1.2982","implícita","DI + 1,65%","2026-07-24","No Período de Exercício"
"LVTC12","Em exercício","2026-12-15","","1.007293","0.7881","implícita","DI + 2,3%","2026-07-24","No Período de Exercício"
"LVTC22","Em exercício","2026-12-15","","1.037555","-0.0644","implícita","DI + 2,7%","2026-07-24","No Período de Exercício"
"MDRO18","Em exercício","2026-11-25","","1.009999","1.834","implícita","DI + 2,25%","2026-07-24","No Período de Exercício"
"MGLUA0","Em exercício","","","","","implícita","DI + 1,25%","2026-07-24","No Período de Exercício"
"MILS19","Em exercício","2026-12-21","","1.010499","0.7032","implícita","DI + 1,3%","2026-07-24","No Período de Exercício"
"MNRVA1","Em exercício","","","","","implícita","DI + 1,6%","2026-07-24","No Período de Exercício"
"MOTVA8","Em exercício","2026-11-16","","1.006929","0.3254","implícita","DI + 0,57%","2026-07-24","No Período de Exercício"
"MOVI17","Em exercício","","","","","implícita","DI + 2,7%","2026-07-24","No Período de Exercício"
"MOVI27","Em exercício","2026-09-15","","1.010416","2.2858","implícita","DI + 2,9%","2026-07-24","No Período de Exercício"
"MOVI34","Em exercício","2026-07-27","","1.003472","1.6807","implícita","DI + 2,05%","2026-07-24","No Período de Exercício"
"MOVIA2","Em exercício","","","","","implícita","DI + 2,1%","2026-07-24","No Período de Exercício"
"MOVIA3","Em exercício","2026-09-08","","1.00168","2.1421","implícita","DI + 2,5%","2026-07-24","No Período de Exercício"
"MRFGA1","Em exercício","2026-11-11","","1.00248","1.2875","implícita","DI + 1,55%","2026-07-24","No Período de Exercício"
"MULPA0","Em exercício","2026-10-15","","1.005952","0.8635","implícita","DI + 1,3%","2026-07-24","No Período de Exercício"
"MULPB1","Em exercício","2027-01-11","","1.002988","0.8865","implícita","DI + 1,2%","2026-07-24","No Período de Exercício"
"MULTA5","Em exercício","2026-10-15","","1.014892","0.0756","implícita","DI + 0,55%","2026-07-24","No Período de Exercício"
"MULTB5","Em exercício","2026-10-15","","1.023857","0.2792","implícita","DI + 0,8%","2026-07-24","No Período de Exercício"
"MVLV19","Em exercício","2026-10-05","","1.001694","2.5906","implícita","DI + 2,95%","2026-07-24","No Período de Exercício"
"MVLVA1","Em exercício","2026-12-22","","1.003968","2.4737","implícita","DI + 2,9%","2026-07-24","No Período de Exercício"
"NATUA3","Em exercício","2026-12-15","","1.008666","0.7957","implícita","DI + 1,2%","2026-07-24","No Período de Exercício"
"NTSD16","Em exercício","2026-07-30","","1.007576","0.8513","implícita","DI + 1,2%","2026-07-24","No Período de Exercício"
"NTSD17","Em exercício","2026-12-21","","1.004455","0.4774","implícita","DI + 0,8%","2026-07-24","No Período de Exercício"
"OMGE15","Em exercício","2026-12-15","","1.004952","1.4163","implícita","DI + 1,65%","2026-07-24","No Período de Exercício"
"OMGE16","Em exercício","2026-09-15","","1.00692","0.9027","implícita","DI + 1,15%","2026-07-24","No Período de Exercício"
"OMGE17","Em exercício","2026-08-17","","1.008928","0.6279","implícita","DI + 0,89%","2026-07-24","No Período de Exercício"
"OMGE26","Em exercício","2026-09-15","","1.008912","0.9854","implícita","DI + 1,25%","2026-07-24","No Período de Exercício"
"OPCT16","Em exercício","2026-08-18","","1.024976","1.2222","implícita","DI + 2,5%","2026-07-24","No Período de Exercício"
"OVSAA3","Em exercício","2027-01-15","","1.007449","1.7543","implícita","DI + 2,4%","2026-07-24","No Período de Exercício"
"OVSAA8","Em exercício","2026-12-10","","1.009902","2.1245","implícita","DI + 2,7%","2026-07-24","No Período de Exercício"
"OVSAB0","Em exercício","2026-11-16","","1.007429","1.7518","implícita","DI + 2,3%","2026-07-24","No Período de Exercício"
"PALFA4","Em exercício","2026-09-08","","1.00246","0.1323","implícita","DI + 0,55%","2026-07-24","No Período de Exercício"
"PASS12","Em exercício","2026-11-03","","1.011969","1.1194","implícita","DI + 1,55%","2026-07-24","No Período de Exercício"
"PASS13","Em exercício","2026-09-15","","1.006191","0.791","implícita","DI + 1,08%","2026-07-24","No Período de Exercício"
"PASS14","Em exercício","2026-12-01","","1.005206","0.4661","implícita","DI + 0,65%","2026-07-24","No Período de Exercício"
"PASS24","Em exercício","2026-12-01","","1.008217","0.4761","implícita","DI + 0,7%","2026-07-24","No Período de Exercício"
"PEJA21","Em exercício","2026-08-17","","1.005904","1.4212","implícita","DI + 2,05%","2026-07-24","No Período de Exercício"
"PGMN26","Em exercício","2026-11-05","","1.007936","1.611","implícita","DI + 2,2%","2026-07-24","No Período de Exercício"
"PLSB2A","Em exercício","2026-10-15","","1.005961","1.0292","implícita","DI + 1,55%","2026-07-24","No Período de Exercício"
"PSAN13","Em exercício","2026-09-18","","1.005","2.0919","implícita","DI + 2,3%","2026-07-24","No Período de Exercício"
"PSAN23","Em exercício","2026-09-18","","1.010357","2.3169","implícita","DI + 2,7%","2026-07-24","No Período de Exercício"
"QUAL16","Em exercício","2026-12-03","","1.00244","1.3426","implícita","DI + 1,85%","2026-07-24","No Período de Exercício"
"QUAL17","Em exercício","2026-09-15","","1.00744","2.6848","implícita","DI + 3,5%","2026-07-24","No Período de Exercício"
"QUNT11","Em exercício","2026-11-18","","1.009976","0.6658","implícita","DI + 1%","2026-07-24","No Período de Exercício"
"QYAN11","Em exercício","2026-11-18","","1.011979","0.6307","implícita","DI + 1%","2026-07-24","No Período de Exercício"
"RADL15","Em exercício","2026-07-27","","1.00868","0.9963","implícita","DI + 1,49%","2026-07-24","No Período de Exercício"
"RDORC4","Em exercício","2026-09-15","","1.002976","0.3386","implícita","DI + 0,65%","2026-07-24","No Período de Exercício"
"RDORC7","Em exercício","2026-12-21","","1.008652","0.1473","implícita","DI + 0,79%","2026-07-24","No Período de Exercício"
"RNDNA0","Em exercício","2026-11-09","","1.003968","1.0809","implícita","DI + 1,5%","2026-07-24","No Período de Exercício"
"RNDNB0","Em exercício","2026-11-09","","1.01192","1.1287","implícita","DI + 1,69%","2026-07-24","No Período de Exercício"
"RODB11","Em exercício","2026-11-10","","1.025952","3.1243","implícita","DI + 4,25%","2026-07-24","No Período de Exercício"
"RSAN15","Em exercício","","","","","implícita","DI + 2,5%","2026-07-24","No Período de Exercício"
"RSAN25","Em exercício","2026-12-07","","1.00693","2.4978","implícita","DI + 2,9%","2026-07-24","No Período de Exercício"
"SAPRB1","Em exercício","","","","","implícita","DI + 0,88%","2026-07-24","No Período de Exercício"
"SAPRC1","Em exercício","2026-10-15","","1.004467","1.573","implícita","DI + 1,9%","2026-07-24","No Período de Exercício"
"SIMH16","Em exercício","2026-12-21","","1.014861","2.5796","implícita","DI + 3,2%","2026-07-24","No Período de Exercício"
"SLFT13","Em exercício","2026-09-21","","1.009686","1.8325","implícita","DI + 2,5%","2026-07-24","No Período de Exercício"
"SMFTA0","Em exercício","2027-01-18","","1.006211","0.7481","implícita","DI + 1,1%","2026-07-24","No Período de Exercício"
"TAEEA5","Em exercício","2026-09-15","","1.007416","0.2871","implícita","DI + 0,63%","2026-07-24","No Período de Exercício"
"TEPA14","Em exercício","2026-09-04","","1.042103","1.4262","implícita","DI + 3,35%","2026-07-24","No Período de Exercício"
"TIET19","Em exercício","2026-09-15","","1.001452","0.6976","implícita","DI + 1%","2026-07-24","No Período de Exercício"
"TIGR21","Em exercício","2026-11-10","","1.006984","1.1857","implícita","DI + 1,7%","2026-07-24","No Período de Exercício"
"TLPP27","Em exercício","2027-01-12","","1.00172","0.9965","implícita","DI + 1,35%","2026-07-24","No Período de Exercício"
"TOTS15","Em exercício","2027-01-19","","0.999999","0.95","implícita","DI + 0,95%","2026-07-24","No Período de Exercício"
"TRPLA3","Em exercício","2026-09-15","","1.012163","1.0636","implícita","DI + 1,5%","2026-07-24","No Período de Exercício"
"TUPY15","Em exercício","2027-01-18","","1.008689","0.4671","implícita","DI + 0,87%","2026-07-24","No Período de Exercício"
"VAMO13","Em exercício","2026-12-15","","1.013619","1.2713","implícita","DI + 2,3%","2026-07-24","No Período de Exercício"
"VAMO22","Em exercício","","","","","implícita","DI + 2%","2026-07-24","No Período de Exercício"
"VLIDA0","Em exercício","2026-10-26","","1.01238","0.931","implícita","DI + 1,95%","2026-07-24","No Período de Exercício"
"YDUQ18","Em exercício","2026-09-23","","1.012823","0.4147","implícita","DI + 0,85%","2026-07-24","No Período de Exercício"
"YDUQA0","Em exercício","2026-10-13","","1.008647","0.7575","implícita","DI + 1,25%","2026-07-24","No Período de Exercício"
"AEAB11","Em exercício","2026-12-15","","1.000005","7.0715","implícita","IPCA + 7,0718%","2026-07-24","No Período de Exercício"
"ALGAB1","Em exercício","2027-01-15","","0.999995","4.9999","implícita","IPCA + 4,9999%","2026-07-24","No Período de Exercício"
"ALGAC2","Em exercício","2027-01-15","","0.999995","5.8806","implícita","IPCA + 5,8806%","2026-07-24","No Período de Exercício"
"ALIG13","Em exercício","2026-08-17","","0.999987","4","implícita","IPCA + 4%","2026-07-24","No Período de Exercício"
"ALIG15","Em exercício","2026-10-15","","1.000004","6.1301","implícita","IPCA + 6,1305%","2026-07-24","No Período de Exercício"
"ALUP18","Em exercício","2026-10-15","","0.999993","6.4986","implícita","IPCA + 6,4986%","2026-07-24","No Período de Exercício"
"ANET11","Em exercício","2026-09-15","","0.999991","5.6006","implícita","IPCA + 5,6006%","2026-07-24","No Período de Exercício"
"ASAB11","Em exercício","2026-12-15","","0.99999","6.25","implícita","IPCA + 6,25%","2026-07-24","No Período de Exercício"
"BRKP28","Em exercício","2026-09-15","","0.999991","5.5365","implícita","IPCA + 5,5365%","2026-07-24","No Período de Exercício"
"BRST11","Em exercício","2026-09-15","","0.999995","5.7694","implícita","IPCA + 5,7694%","2026-07-24","No Período de Exercício"
"BTEL33","Em exercício","2026-10-15","","1.009462","8.2707","implícita","IPCA + 8,45%","2026-07-24","No Período de Exercício"
"CART13","Em exercício","2026-12-15","","0.999989","6.8138","implícita","IPCA + 6,8138%","2026-07-24","No Período de Exercício"
"CCLS11","Em exercício","2027-01-15","","0.999997","6.6739","implícita","IPCA + 6,6739%","2026-07-24","No Período de Exercício"
"CCROA5","Em exercício","2026-11-16","","0.999989","4.8791","implícita","IPCA + 4,8791%","2026-07-24","No Período de Exercício"
"CCROB4","Em exercício","2026-12-15","","0.999996","4.25","implícita","IPCA + 4,25%","2026-07-24","No Período de Exercício"
"CCROB6","Em exercício","2027-01-15","","0.99999","6.437","implícita","IPCA + 6,437%","2026-07-24","No Período de Exercício"
"CEAP12","Em exercício","2027-01-15","","0.999997","6.5","implícita","IPCA + 6,5%","2026-07-24","No Período de Exercício"
"CEEBC4","Em exercício","2026-10-15","","0.999993","6.2792","implícita","IPCA + 6,2792%","2026-07-24","No Período de Exercício"
"CEPEC2","Em exercício","2026-10-15","","0.999993","6.2792","implícita","IPCA + 6,2792%","2026-07-24","No Período de Exercício"
"CLAG13","Em exercício","2027-01-15","","0.999998","5.4806","implícita","IPCA + 5,4806%","2026-07-24","No Período de Exercício"
"CMGD28","Em exercício","2026-12-15","","0.999998","6.1052","implícita","IPCA + 6,1052%","2026-07-24","No Período de Exercício"
"CMIN11","Em exercício","2027-01-15","","0.999997","4.879","implícita","IPCA + 4,879%","2026-07-24","No Período de Exercício"
"COCE18","Em exercício","2026-11-16","","0.999995","6.2137","implícita","IPCA + 6,2137%","2026-07-24","No Período de Exercício"
"CPFGA2","Em exercício","2026-11-16","","0.999995","6.0265","implícita","IPCA + 6,0265%","2026-07-24","No Período de Exercício"
"CPFPA2","Em exercício","2026-11-16","","0.999994","4.3","implícita","IPCA + 4,3%","2026-07-24","No Período de Exercício"
"CPGT27","Em exercício","2026-10-15","","0.999994","5.7138","implícita","IPCA + 5,7138%","2026-07-24","No Período de Exercício"
"CPIS13","Em exercício","2026-09-15","","1.000001","6.8089","implícita","IPCA + 6,8091%","2026-07-24","No Período de Exercício"
"CPLD26","Em exercício","2026-12-15","","0.999995","4.7742","implícita","IPCA + 4,7742%","2026-07-24","No Período de Exercício"
"CPLD37","Em exercício","2026-11-16","","0.999994","6.1732","implícita","IPCA + 6,1732%","2026-07-24","No Período de Exercício"
"CRMG15","Em exercício","2026-12-15","","0.999995","5.9668","implícita","IPCA + 5,9668%","2026-07-24","No Período de Exercício"
"CRTA12","Em exercício","2026-12-15","","1","7.7175","implícita","IPCA + 7,7178%","2026-07-24","No Período de Exercício"
"CSMGA6","Em exercício","2026-09-15","","0.999995","5.2306","implícita","IPCA + 5,2306%","2026-07-24","No Período de Exercício"
"CSRNA1","Em exercício","2026-12-15","","0.999999","6.4482","implícita","IPCA + 6,4482%","2026-07-24","No Período de Exercício"
"CSRNC0","Em exercício","2027-01-15","","0.999998","6.623","implícita","IPCA + 6,623%","2026-07-24","No Período de Exercício"
"CTEE1B","Em exercício","2026-10-15","","0.999995","5.771","implícita","IPCA + 5,771%","2026-07-24","No Período de Exercício"
"CTEE2B","Em exercício","2026-10-15","","0.999999","5.8638","implícita","IPCA + 5,864%","2026-07-24","No Período de Exercício"
"ECHP11","Em exercício","2026-12-15","","0.999991","6.9","implícita","IPCA + 6,9%","2026-07-24","No Período de Exercício"
"ECHP12","Em exercício","2026-12-15","","0.999992","4.75","implícita","IPCA + 4,75%","2026-07-24","No Período de Exercício"
"ECHP22","Em exercício","2026-12-15","","0.99999","4.75","implícita","IPCA + 4,75%","2026-07-24","No Período de Exercício"
"EDPT11","Em exercício","2026-11-16","","0.999987","7.0267","implícita","IPCA + 7,0267%","2026-07-24","No Período de Exercício"
"EKTRC1","Em exercício","2027-01-15","","0.999998","6.623","implícita","IPCA + 6,623%","2026-07-24","No Período de Exercício"
"ELPLA5","Em exercício","2026-10-15","","0.999994","4.26","implícita","IPCA + 4,26%","2026-07-24","No Período de Exercício"
"ELPLA7","Em exercício","2026-10-15","","0.999993","6.1385","implícita","IPCA + 6,1385%","2026-07-24","No Período de Exercício"
"ENEV18","Em exercício","2027-01-15","","0.999995","6.5254","implícita","IPCA + 6,5254%","2026-07-24","No Período de Exercício"
"ENEV28","Em exercício","2027-01-15","","1.000001","6.5889","implícita","IPCA + 6,5891%","2026-07-24","No Período de Exercício"
"EQMAA2","Em exercício","2026-09-15","","0.999992","6.6493","implícita","IPCA + 6,6493%","2026-07-24","No Período de Exercício"
"EQUA11","Em exercício","2026-09-15","","0.999989","4.9173","implícita","IPCA + 4,9173%","2026-07-24","No Período de Exercício"
"EUBE11","Em exercício","2027-01-15","","0.99999","6.4449","implícita","IPCA + 6,4449%","2026-07-24","No Período de Exercício"
"GASC15","Em exercício","2026-09-15","","0.999993","5.797","implícita","IPCA + 5,797%","2026-07-24","No Período de Exercício"
"GASC22","Em exercício","2026-12-15","","0.999995","4.52","implícita","IPCA + 4,52%","2026-07-24","No Período de Exercício"
"GASC25","Em exercício","2026-09-15","","0.999999","5.9282","implícita","IPCA + 5,9284%","2026-07-24","No Período de Exercício"
"GSTS14","Em exercício","2026-11-16","","0.999995","6.5163","implícita","IPCA + 6,5163%","2026-07-24","No Período de Exercício"
"GSTS24","Em exercício","2026-11-16","","0.99999","6.8516","implícita","IPCA + 6,8516%","2026-07-24","No Período de Exercício"
"HARG11","Em exercício","2026-10-15","","0.999989","6.6647","implícita","IPCA + 6,6647%","2026-07-24","No Período de Exercício"
"HBSA11","Em exercício","2026-10-15","","0.999998","6.0029","implícita","IPCA + 6,0029%","2026-07-24","No Período de Exercício"
"HBSA21","Em exercício","2026-10-15","","0.999994","6.0444","implícita","IPCA + 6,0444%","2026-07-24","No Período de Exercício"
"HZTC14","Em exercício","2026-11-16","","0.999989","6.7592","implícita","IPCA + 6,7592%","2026-07-24","No Período de Exercício"
"IBPB11","Em exercício","2026-11-16","","1.000002","5.8997","implícita","IPCA + 5,9%","2026-07-24","No Período de Exercício"
"JALL14","Em exercício","2026-10-15","","0.999996","7.1163","implícita","IPCA + 7,1163%","2026-07-24","No Período de Exercício"
"JSMLB5","Em exercício","2026-09-15","","0.999995","7.9677","implícita","IPCA + 7,9677%","2026-07-24","No Período de Exercício"
"JTEE11","Em exercício","2027-01-15","","0.999991","4.5","implícita","IPCA + 4,5%","2026-07-24","No Período de Exercício"
"LCAMD3","Em exercício","2026-10-15","","0.999999","7.2101","implícita","IPCA + 7,2101%","2026-07-24","No Período de Exercício"
"MOVI18","Em exercício","2026-12-15","","0.999996","8.0525","implícita","IPCA + 8,0525%","2026-07-24","No Período de Exercício"
"MSGT13","Em exercício","2026-11-16","","0.999992","7.0605","implícita","IPCA + 7,0605%","2026-07-24","No Período de Exercício"
"MSGT23","Em exercício","2026-11-16","","1","6.076","implícita","IPCA + 6,0762%","2026-07-24","No Período de Exercício"
"MSGT33","Em exercício","2026-11-16","","1.000002","6.2336","implícita","IPCA + 6,2339%","2026-07-24","No Período de Exercício"
"ORIG11","Em exercício","2026-12-15","","1.004134","8.31","implícita","IPCA + 8,4001%","2026-07-24","No Período de Exercício"
"PASN12","Em exercício","2027-01-15","","0.99999","6.1","implícita","IPCA + 6,1%","2026-07-24","No Período de Exercício"
"PLSB1A","Em exercício","2026-10-15","","0.999994","5.855","implícita","IPCA + 5,855%","2026-07-24","No Período de Exercício"
"PRPO12","Em exercício","2026-12-15","","0.999992","4.22","implícita","IPCA + 4,22%","2026-07-24","No Período de Exercício"
"QUAT13","Em exercício","2027-01-15","","0.999991","7.8722","implícita","IPCA + 7,8722%","2026-07-24","No Período de Exercício"
"RATL11","Em exercício","2026-12-15","","0.999989","7.1717","implícita","IPCA + 7,1717%","2026-07-24","No Período de Exercício"
"RIGEA3","Em exercício","2026-11-16","","0.999998","5.9853","implícita","IPCA + 5,9853%","2026-07-24","No Período de Exercício"
"RIPR22","Em exercício","2026-12-15","","0.999996","4.6279","implícita","IPCA + 4,6279%","2026-07-24","No Período de Exercício"
"RSAN34","Em exercício","2026-08-17","","0.999997","4.3854","implícita","IPCA + 4,3854%","2026-07-24","No Período de Exercício"
"RSAN44","Em exercício","2026-08-17","","0.999993","4.833","implícita","IPCA + 4,833%","2026-07-24","No Período de Exercício"
"RUMOA5","Em exercício","2026-12-15","","0.999996","3.6","implícita","IPCA + 3,6%","2026-07-24","No Período de Exercício"
"RUMOA6","Em exercício","2026-12-15","","0.999995","4.4998","implícita","IPCA + 4,4998%","2026-07-24","No Período de Exercício"
"RUMOB5","Em exercício","2026-12-15","","0.999991","4","implícita","IPCA + 4%","2026-07-24","No Período de Exercício"
"RUMOB6","Em exercício","2026-12-15","","0.999999","4.5402","implícita","IPCA + 4,5404%","2026-07-24","No Período de Exercício"
"SAPRA2","Em exercício","2026-09-15","","0.999998","4.2474","implícita","IPCA + 4,2474%","2026-07-24","No Período de Exercício"
"SAPRA3","Em exercício","2026-09-15","","0.999996","4.492","implícita","IPCA + 4,492%","2026-07-24","No Período de Exercício"
"SAPRB3","Em exercício","2027-01-15","","0.999994","5.8935","implícita","IPCA + 5,8935%","2026-07-24","No Período de Exercício"
"SBSPE9","Em exercício","2026-12-15","","0.999997","5.3058","implícita","IPCA + 5,3058%","2026-07-24","No Período de Exercício"
"SBSPF9","Em exercício","2026-12-15","","0.999994","5.4478","implícita","IPCA + 5,4478%","2026-07-24","No Período de Exercício"
"TAEE18","Em exercício","2026-12-15","","1.000002","4.7739","implícita","IPCA + 4,7742%","2026-07-24","No Período de Exercício"
"TCII11","Em exercício","2027-01-15","","1","6.0591","implícita","IPCA + 6,0594%","2026-07-24","No Período de Exercício"
"TIET29","Em exercício","2026-09-15","","0.999996","4.7133","implícita","IPCA + 4,7133%","2026-07-24","No Período de Exercício"
"TIET39","Em exercício","2027-03-15","","0.999998","4.7133","implícita","IPCA + 4,7133%","2026-07-24","No Período de Exercício"
"TPNO13","Em exercício","2026-12-15","","0.999997","4.9333","implícita","IPCA + 4,9335%","2026-07-24","No Período de Exercício"
"UNTE11","Em exercício","2026-09-15","","0.999995","5.3418","implícita","IPCA + 5,3418%","2026-07-24","No Período de Exercício"
"VLIM13","Em exercício","2026-12-15","","0.999998","5.75","implícita","IPCA + 5,75%","2026-07-24","No Período de Exercício"
"XNGU17","Em exercício","2026-12-15","","0.999991","4.8304","implícita","IPCA + 4,8304%","2026-07-24","No Período de Exercício"
"AALM12","Futuro","2027-10-04","299","1.045245","-1.2661","breakeven","DI + 1,6%","2026-07-24","Fora do Período de Exercício"
"ACOV15","Futuro","2027-06-10","218","1.015005","0.4295","breakeven","DI + 1,1%","2026-07-24","Fora do Período de Exercício"
"AEGPA4","Futuro","2026-10-26","64","1.008946","2.4004","breakeven","DI + 3,47%","2026-07-24","Fora do Período de Exercício"
"AEGPA9","Futuro","2026-12-28","106","1.011107","2.1027","breakeven","DI + 2,75%","2026-07-24","Fora do Período de Exercício"
"AEGPB3","Futuro","2028-02-22","397","1.015624","1.2303","breakeven","DI + 1,8%","2026-07-24","Fora do Período de Exercício"
"AEGPB5","Futuro","2026-12-15","98","1.013888","1.3473","breakeven","DI + 1,8%","2026-07-24","Fora do Período de Exercício"
"AESLA8","Futuro","2026-09-11","34","1.00742","0.1409","breakeven","DI + 0,49%","2026-07-24","Fora do Período de Exercício"
"ALGTA5","Futuro","2028-01-17","371","1.012011","0.8425","breakeven","DI + 1,3%","2026-07-24","Fora do Período de Exercício"
"ALGTA6","Futuro","2028-08-23","522","1.013498","0.8134","breakeven","DI + 1,25%","2026-07-24","Fora do Período de Exercício"
"ANHBA5","Futuro","2026-11-05","71","1.007944","0.1606","breakeven","DI + 0,44%","2026-07-24","Fora do Período de Exercício"
"ANHBA6","Futuro","2027-07-15","243","1.009944","0.2101","breakeven","DI + 0,5%","2026-07-24","Fora do Período de Exercício"
"ANIM17","Futuro","2027-05-17","201","1.007936","1.0147","breakeven","DI + 1,6%","2026-07-24","Fora do Período de Exercício"
"ANIM18","Futuro","2027-04-16","181","1.00995","0.9721","breakeven","DI + 1,5%","2026-07-24","Fora do Período de Exercício"
"ARML14","Futuro","2027-03-15","158","1.037291","0.6915","breakeven","DI + 1,9%","2026-07-24","Fora do Período de Exercício"
"ARML15","Futuro","2027-09-27","294","1.037261","0.157","breakeven","DI + 1,35%","2026-07-24","Fora do Período de Exercício"
"ARML25","Futuro","2028-06-26","480","1.052888","0.1618","breakeven","DI + 1,6%","2026-07-24","Fora do Período de Exercício"
"ARML26","Futuro","2027-11-05","321","1.0149","0.9492","breakeven","DI + 1,55%","2026-07-24","Fora do Período de Exercício"
"ASAI28","Futuro","2026-12-23","104","1.006944","1.554","breakeven","DI + 1,95%","2026-07-24","Fora do Período de Exercício"
"ASAIA1","Futuro","2026-09-25","44","1.010402","0.7625","breakeven","DI + 1,25%","2026-07-24","Fora do Período de Exercício"
"ASAIA2","Futuro","2026-12-10","95","1.008892","0.8915","breakeven","DI + 1,25%","2026-07-24","Fora do Período de Exercício"
"ASAIA3","Futuro","2027-06-07","215","1.00693","0.8087","breakeven","DI + 1,2%","2026-07-24","Fora do Período de Exercício"
"AURE13","Futuro","2026-11-10","74","1.012271","0.1487","breakeven","DI + 0,55%","2026-07-24","Fora do Período de Exercício"
"AZZA11","Futuro","2028-03-29","421","1.005913","0.8116","breakeven","DI + 1,25%","2026-07-24","Fora do Período de Exercício"
"AZZA12","Futuro","2028-08-16","517","1.005925","0.8117","breakeven","DI + 1,25%","2026-07-24","Fora do Período de Exercício"
"BRIT12","Futuro","2027-07-12","240","1.014914","0.7401","breakeven","DI + 1,6%","2026-07-24","Fora do Período de Exercício"
"BRKPA4","Futuro","2027-10-18","308","1.014934","1.2922","breakeven","DI + 1,9%","2026-07-24","Fora do Período de Exercício"
"BRMLA1","Futuro","2027-08-20","269","1.011945","0.2081","breakeven","DI + 0,63%","2026-07-24","Fora do Período de Exercício"
"BRMLB1","Futuro","2028-08-21","520","1.018026","0.4567","breakeven","DI + 0,95%","2026-07-24","Fora do Período de Exercício"
"BRST14","Futuro","2029-05-15","700","1.009945","0.669","breakeven","DI + 1,4%","2026-07-24","Fora do Período de Exercício"
"CAEC13","Futuro","2027-08-09","260","1.014993","0.9054","breakeven","DI + 1,37%","2026-07-24","Fora do Período de Exercício"
"CAEC22","Futuro","2027-06-15","221","1.00697","1.5901","breakeven","DI + 2,2%","2026-07-24","Fora do Período de Exercício"
"CAEC32","Futuro","2028-06-16","474","1.010396","1.9522","breakeven","DI + 2,5%","2026-07-24","Fora do Período de Exercício"
"CASN13","Futuro","2026-11-16","78","1.009965","4.3736","breakeven","DI + 5,5%","2026-07-24","Fora do Período de Exercício"
"CBOH11","Futuro","2027-03-01","148","1.012466","0.8024","breakeven","DI + 1,9%","2026-07-24","Fora do Período de Exercício"
"CDGS26","Futuro","2028-01-03","361","1.011916","0.5497","breakeven","DI + 1%","2026-07-24","Fora do Período de Exercício"
"CEAB14","Futuro","2027-09-15","286","1.004999","0.2809","breakeven","DI + 0,8%","2026-07-24","Fora do Período de Exercício"
"CEEBB8","Futuro","2027-06-10","218","1.007936","0.8161","breakeven","DI + 1,1%","2026-07-24","Fora do Período de Exercício"
"CEED16","Futuro","2026-08-06","9","1.011869","0.5694","breakeven","DI + 1,05%","2026-07-24","Fora do Período de Exercício"
"CEED18","Futuro","2027-03-29","167","1.005928","0.5623","breakeven","DI + 0,8%","2026-07-24","Fora do Período de Exercício"
"CEEDA0","Futuro","2027-10-18","308","1.009936","0.3228","breakeven","DI + 0,65%","2026-07-24","Fora do Período de Exercício"
"CEEDA1","Futuro","2028-04-17","433","1.009936","0.4299","breakeven","DI + 0,75%","2026-07-24","Fora do Período de Exercício"
"CEPEA4","Futuro","2026-09-18","39","1.007392","0.8341","breakeven","DI + 1,18%","2026-07-24","Fora do Período de Exercício"
"CGBP14","Futuro","2027-09-27","294","1.011209","0.5862","breakeven","DI + 1%","2026-07-24","Fora do Período de Exercício"
"CGOS17","Futuro","2026-08-06","9","1.011869","0.5199","breakeven","DI + 1%","2026-07-24","Fora do Período de Exercício"
"CGOS18","Futuro","2026-09-16","37","1.01188","0.6995","breakeven","DI + 1%","2026-07-24","Fora do Período de Exercício"
"CGOS19","Futuro","2026-11-26","85","1.014892","0.5149","breakeven","DI + 0,92%","2026-07-24","Fora do Período de Exercício"
"CGOSA1","Futuro","2027-10-18","308","1.009936","0.3228","breakeven","DI + 0,65%","2026-07-24","Fora do Período de Exercício"
"CHSF14","Futuro","2027-09-15","286","1.00796","0.595","breakeven","DI + 0,85%","2026-07-24","Fora do Período de Exercício"
"CHSF24","Futuro","2028-09-18","539","1.018026","0.5547","breakeven","DI + 1,05%","2026-07-24","Fora do Período de Exercício"
"CHTH11","Futuro","2027-06-15","221","1.007452","0.0144","breakeven","DI + 0,43%","2026-07-24","Fora do Período de Exercício"
"CIEL19","Futuro","2026-10-21","61","1.00398","0.1688","breakeven","DI + 0,39%","2026-07-24","Fora do Período de Exercício"
"CLCD17","Futuro","2027-01-15","119","1.015691","0.4217","breakeven","DI + 0,95%","2026-07-24","Fora do Período de Exercício"
"CLCD18","Futuro","2028-01-31","381","1.010419","0.2181","breakeven","DI + 0,67%","2026-07-24","Fora do Período de Exercício"
"CLCD19","Futuro","2026-08-28","25","1.000484","0.2006","breakeven","DI + 0,3%","2026-07-24","Fora do Período de Exercício"
"CLII12","Futuro","2026-10-13","55","1.037758","2.0265","breakeven","DI + 3,5%","2026-07-24","Fora do Período de Exercício"
"CLIS11","Futuro","2026-10-13","55","1.037758","1.7621","breakeven","DI + 3,2%","2026-07-24","Fora do Período de Exercício"
"CMGDA0","Futuro","2026-08-17","16","1.007433","0.3811","breakeven","DI + 0,8%","2026-07-24","Fora do Período de Exercício"
"CMGDA1","Futuro","2027-03-16","159","1.013486","0.1226","breakeven","DI + 0,55%","2026-07-24","Fora do Período de Exercício"
"CMGDA2","Futuro","2027-09-15","286","1.013462","0.4288","breakeven","DI + 0,86%","2026-07-24","Fora do Período de Exercício"
"CMGDA3","Futuro","2027-10-11","304","1.007457","0.1918","breakeven","DI + 0,64%","2026-07-24","Fora do Período de Exercício"
"CMGDB3","Futuro","2027-10-11","304","1.01351","0.3386","breakeven","DI + 0,8%","2026-07-24","Fora do Período de Exercício"
"CMGTA0","Futuro","2027-09-16","287","1.007409","0.2206","breakeven","DI + 0,64%","2026-07-24","Fora do Período de Exercício"
"CMGTA2","Futuro","2028-12-11","595","1.007433","0.2791","breakeven","DI + 0,7%","2026-07-24","Fora do Período de Exercício"
"CNLM17","Futuro","2028-05-15","451","1.009831","0.6635","breakeven","DI + 0,96%","2026-07-24","Fora do Período de Exercício"
"COCEA2","Futuro","2026-11-16","78","1.007421","0.7532","breakeven","DI + 1,1%","2026-07-24","Fora do Período de Exercício"
"COGNA4","Futuro","2027-05-19","203","1.008717","1.1041","breakeven","DI + 1,6%","2026-07-24","Fora do Período de Exercício"
"COGNA5","Futuro","2027-05-17","201","1.003762","0.3593","breakeven","DI + 0,64%","2026-07-24","Fora do Período de Exercício"
"COGNB2","Futuro","2026-11-16","78","1.008661","1.1036","breakeven","DI + 1,6%","2026-07-24","Fora do Período de Exercício"
"CPFGA3","Futuro","2026-09-11","34","1.01239","0.2225","breakeven","DI + 0,59%","2026-07-24","Fora do Período de Exercício"
"CPFPA8","Futuro","2026-09-11","34","1.00742","0.1409","breakeven","DI + 0,49%","2026-07-24","Fora do Período de Exercício"
"CPFPB8","Futuro","2026-09-11","34","1.01239","0.2225","breakeven","DI + 0,59%","2026-07-24","Fora do Período de Exercício"
"CPGT18","Futuro","2028-08-15","516","1.004181","0.9026","breakeven","DI + 1,4%","2026-07-24","Fora do Período de Exercício"
"CPGT19","Futuro","2027-10-11","304","1.005961","0.0875","breakeven","DI + 0,52%","2026-07-24","Fora do Período de Exercício"
"CPGT29","Futuro","2028-10-10","555","1.008955","0.2732","breakeven","DI + 0,69%","2026-07-24","Fora do Período de Exercício"
"CPGT39","Futuro","2028-10-10","555","1.018038","0.4562","breakeven","DI + 0,95%","2026-07-24","Fora do Período de Exercício"
"CPGTA0","Futuro","2028-02-15","392","1.00098","0.486","breakeven","DI + 0,59%","2026-07-24","Fora do Período de Exercício"
"CPGTB0","Futuro","2030-02-15","890","1.001985","0.645","breakeven","DI + 0,79%","2026-07-24","Fora do Período de Exercício"
"CPLD19","Futuro","2027-05-17","201","1.011892","0.1222","breakeven","DI + 0,6%","2026-07-24","Fora do Período de Exercício"
"CPLDA0","Futuro","2028-07-17","495","1.001969","0.2655","breakeven","DI + 0,43%","2026-07-24","Fora do Período de Exercício"
"CPLDB0","Futuro","2028-07-17","495","1.003978","0.4448","breakeven","DI + 0,58%","2026-07-24","Fora do Período de Exercício"
"CSAN15","Futuro","2026-10-20","60","1.005226","2.0149","breakeven","DI + 2,4%","2026-07-24","Fora do Período de Exercício"
"CSAN18","Futuro","2026-11-23","82","1.012451","1.343","breakeven","DI + 1,8%","2026-07-24","Fora do Período de Exercício"
"CSAN23","Futuro","2026-08-17","16","1.019982","1.3416","breakeven","DI + 2%","2026-07-24","Fora do Período de Exercício"
"CSAN24","Futuro","2028-05-05","445","1.015983","1.2405","breakeven","DI + 1,9%","2026-07-24","Fora do Período de Exercício"
"CSANA0","Futuro","2027-06-28","230","1.005973","0.5648","breakeven","DI + 1%","2026-07-24","Fora do Período de Exercício"
"CSANB0","Futuro","2030-06-28","980","1.01203","1.0094","breakeven","DI + 1,5%","2026-07-24","Fora do Período de Exercício"
"CSANB1","Futuro","2027-11-08","322","1.006439","0.3676","breakeven","DI + 0,72%","2026-07-24","Fora do Período de Exercício"
"CSANB2","Futuro","2027-03-29","167","1.005956","0.4622","breakeven","DI + 0,7%","2026-07-24","Fora do Período de Exercício"
"CSANC1","Futuro","2030-11-08","1075","1.012463","0.8884","breakeven","DI + 1,3%","2026-07-24","Fora do Período de Exercício"
"CSANC2","Futuro","2029-03-27","667","1.007478","0.7006","breakeven","DI + 1%","2026-07-24","Fora do Período de Exercício"
"CSED12","Futuro","2027-02-05","134","1.015099","0.4897","breakeven","DI + 1,35%","2026-07-24","Fora do Período de Exercício"
"CSMGA8","Futuro","2026-09-15","36","1.005","0.9161","breakeven","DI + 1,2%","2026-07-24","Fora do Período de Exercício"
"CSMGA9","Futuro","2027-07-15","243","1.004999","0.7126","breakeven","DI + 0,9%","2026-07-24","Fora do Período de Exercício"
"CSMGB0","Futuro","2028-05-15","451","1.004999","0.4141","breakeven","DI + 0,6%","2026-07-24","Fora do Período de Exercício"
"CSMGD1","Futuro","2028-10-16","558","1.005","0.3339","breakeven","DI + 0,52%","2026-07-24","Fora do Período de Exercício"
"CSMGD2","Futuro","2029-03-15","659","1.004999","0.4638","breakeven","DI + 0,65%","2026-07-24","Fora do Período de Exercício"
"CSRNA2","Futuro","2027-03-15","158","1.007944","0.6772","breakeven","DI + 0,96%","2026-07-24","Fora do Período de Exercício"
"DASAB2","Futuro","2026-11-23","82","1.013947","2.8066","breakeven","DI + 3,4%","2026-07-24","Fora do Período de Exercício"
"DASAC2","Futuro","2026-11-23","82","1.013947","2.8066","breakeven","DI + 3,4%","2026-07-24","Fora do Período de Exercício"
"DASAC5","Futuro","2027-11-30","337","1.01765","1.4578","breakeven","DI + 2,05%","2026-07-24","Fora do Período de Exercício"
"DXCO13","Futuro","2027-10-15","307","0.988083","0.9567","breakeven","DI + 0,53%","2026-07-24","Fora do Período de Exercício"
"EBENB1","Futuro","2028-01-19","373","1.008678","0.2101","breakeven","DI + 0,63%","2026-07-24","Fora do Período de Exercício"
"EBENC1","Futuro","2028-12-19","601","1.011928","0.3089","breakeven","DI + 0,73%","2026-07-24","Fora do Período de Exercício"
"ECOV17","Futuro","2028-02-25","400","1.01188","0.7644","breakeven","DI + 1,25%","2026-07-24","Fora do Período de Exercício"
"EDPR13","Futuro","2027-12-10","345","1.005952","0.1807","breakeven","DI + 0,52%","2026-07-24","Fora do Período de Exercício"
"EDPR23","Futuro","2028-12-11","595","1.00796","0.3189","breakeven","DI + 0,6%","2026-07-24","Fora do Período de Exercício"
"EEELA3","Futuro","2026-09-11","34","1.00742","0.1409","breakeven","DI + 0,49%","2026-07-24","Fora do Período de Exercício"
"EEELA5","Futuro","2027-05-17","201","1.006826","0.174","breakeven","DI + 0,45%","2026-07-24","Fora do Período de Exercício"
"EGIEE1","Futuro","2027-05-17","201","1.010491","0.6788","breakeven","DI + 1,1%","2026-07-24","Fora do Período de Exercício"
"EKTRA3","Futuro","2027-04-15","180","1.007936","0.6969","breakeven","DI + 0,98%","2026-07-24","Fora do Período de Exercício"
"EKTRA4","Futuro","2027-08-09","260","1.008944","0.538","breakeven","DI + 0,8%","2026-07-24","Fora do Período de Exercício"
"ELET17","Futuro","2028-11-16","579","1.013987","0.5107","breakeven","DI + 0,85%","2026-07-24","Fora do Período de Exercício"
"ELET25","Futuro","2027-04-15","180","1.00796","0.7442","breakeven","DI + 1%","2026-07-24","Fora do Período de Exercício"
"ELPLB8","Futuro","2026-11-16","78","1.004443","0.7761","breakeven","DI + 1,1%","2026-07-24","Fora do Período de Exercício"
"ELTN16","Futuro","2027-09-15","286","1.00796","0.595","breakeven","DI + 0,85%","2026-07-24","Fora do Período de Exercício"
"ELTN19","Futuro","2028-11-16","579","1.00796","0.3962","breakeven","DI + 0,65%","2026-07-24","Fora do Período de Exercício"
"ELTN26","Futuro","2028-09-18","539","1.018026","0.5547","breakeven","DI + 1,05%","2026-07-24","Fora do Período de Exercício"
"ENEV48","Futuro","2029-07-16","743","1.011999","1.3012","breakeven","DI + 2%","2026-07-24","Fora do Período de Exercício"
"ENEVA3","Futuro","2026-12-15","98","1.008943","0.5429","breakeven","DI + 0,9%","2026-07-24","Fora do Período de Exercício"
"ENEVD0","Futuro","2027-04-15","180","1.011957","0.7231","breakeven","DI + 1,15%","2026-07-24","Fora do Período de Exercício"
"ENGIC4","Futuro","2026-09-15","36","1.021057","0.2168","breakeven","DI + 0,75%","2026-07-24","Fora do Período de Exercício"
"EQPA17","Futuro","2026-08-06","9","1.011869","0.4705","breakeven","DI + 0,95%","2026-07-24","Fora do Período de Exercício"
"EQPAA0","Futuro","2027-09-16","287","1.009936","0.3228","breakeven","DI + 0,65%","2026-07-24","Fora do Período de Exercício"
"EQTL17","Futuro","2027-03-16","159","1.005956","0.3803","breakeven","DI + 0,72%","2026-07-24","Fora do Período de Exercício"
"ERDVA6","Futuro","2028-07-17","495","1.011903","0.5134","breakeven","DI + 1,2%","2026-07-24","Fora do Período de Exercício"
"ERDVB3","Futuro","2027-04-15","180","1.017508","1.5101","breakeven","DI + 2,35%","2026-07-24","Fora do Período de Exercício"
"ESCEA4","Futuro","2026-09-28","45","1.008678","-0.0249","breakeven","DI + 0,49%","2026-07-24","Fora do Período de Exercício"
"ESCEA6","Futuro","2027-06-11","219","1.008916","0.0868","breakeven","DI + 0,5%","2026-07-24","Fora do Período de Exercício"
"ESCEB4","Futuro","2027-09-28","295","1.011654","-0.0137","breakeven","DI + 0,56%","2026-07-24","Fora do Período de Exercício"
"ESCEB6","Futuro","2028-06-12","471","1.011916","0.1595","breakeven","DI + 0,58%","2026-07-24","Fora do Período de Exercício"
"FENS12","Futuro","2027-10-22","312","1.011882","0.3226","breakeven","DI + 0,75%","2026-07-24","Fora do Período de Exercício"
"FISI15","Futuro","2027-01-15","119","1.00865","0.4427","breakeven","DI + 0,85%","2026-07-24","Fora do Período de Exercício"
"FLRY18","Futuro","2026-10-23","63","1.005952","0.7934","breakeven","DI + 1,23%","2026-07-24","Fora do Período de Exercício"
"FLRY19","Futuro","2027-05-17","201","1.005964","0.1184","breakeven","DI + 0,55%","2026-07-24","Fora do Período de Exercício"
"FLRY27","Futuro","2027-04-22","184","1.005952","1.213","breakeven","DI + 1,55%","2026-07-24","Fora do Período de Exercício"
"FLRY29","Futuro","2028-05-17","453","1.008904","0.2552","breakeven","DI + 0,67%","2026-07-24","Fora do Período de Exercício"
"FLRYA0","Futuro","2027-10-21","311","1.00594","0.0201","breakeven","DI + 0,45%","2026-07-24","Fora do Período de Exercício"
"FLRYB0","Futuro","2028-10-23","563","1.008916","0.1355","breakeven","DI + 0,55%","2026-07-24","Fora do Período de Exercício"
"FRAS16","Futuro","2028-04-25","438","1.009952","0.291","breakeven","DI + 0,75%","2026-07-24","Fora do Período de Exercício"
"GGBRA8","Futuro","2026-12-10","95","1.004956","0.2237","breakeven","DI + 0,5%","2026-07-24","Fora do Período de Exercício"
"GGBRA9","Futuro","2026-12-04","91","1.022037","0.0949","breakeven","DI + 0,65%","2026-07-24","Fora do Período de Exercício"
"GRRB16","Futuro","2027-02-12","137","1.0093","0.5194","breakeven","DI + 0,95%","2026-07-24","Fora do Período de Exercício"
"GSHC17","Futuro","2026-09-15","36","1.011","1.9056","breakeven","DI + 2,5%","2026-07-24","Fora do Período de Exercício"
"GUAR17","Futuro","2027-04-15","180","1.00599","0.3189","breakeven","DI + 0,95%","2026-07-24","Fora do Período de Exercício"
"HAPV18","Futuro","2026-10-15","57","1.005999","0.9349","breakeven","DI + 1,1%","2026-07-24","Fora do Período de Exercício"
"HAPV19","Futuro","2027-05-17","201","1.005999","0.8851","breakeven","DI + 1,05%","2026-07-24","Fora do Período de Exercício"
"HAPV28","Futuro","2026-10-15","57","1.006","1.0529","breakeven","DI + 1,2%","2026-07-24","Fora do Período de Exercício"
"HAPVA0","Futuro","2027-10-15","307","1.006","0.8948","breakeven","DI + 1,05%","2026-07-24","Fora do Período de Exercício"
"HYPEA6","Futuro","2026-10-13","55","1.007936","0.7671","breakeven","DI + 1,35%","2026-07-24","Fora do Período de Exercício"
"HYPEA7","Futuro","2026-12-15","98","1.007952","0.7178","breakeven","DI + 1,3%","2026-07-24","Fora do Período de Exercício"
"HYPEA8","Futuro","2027-05-03","191","1.007952","0.273","breakeven","DI + 0,85%","2026-07-24","Fora do Período de Exercício"
"HYPEA9","Futuro","2028-01-17","371","1.007873","0.3206","breakeven","DI + 0,9%","2026-07-24","Fora do Período de Exercício"
"HYPEB1","Futuro","2027-12-15","348","1.008928","0.4936","breakeven","DI + 0,85%","2026-07-24","Fora do Período de Exercício"
"HYPEC0","Futuro","2029-08-15","765","1.002964","0.4379","breakeven","DI + 0,75%","2026-07-24","Fora do Período de Exercício"
"IPIPA6","Futuro","2027-11-22","331","1.005952","0.3228","breakeven","DI + 0,6%","2026-07-24","Fora do Período de Exercício"
"ISAEB1","Futuro","2028-01-17","371","1.00394","0.328","breakeven","DI + 0,55%","2026-07-24","Fora do Período de Exercício"
"ISAEC1","Futuro","2028-07-17","495","1.004959","0.37","breakeven","DI + 0,6%","2026-07-24","Fora do Período de Exercício"
"ISAED1","Futuro","2030-07-15","991","1.009007","0.5448","breakeven","DI + 0,84%","2026-07-24","Fora do Período de Exercício"
"LCAMC2","Futuro","2027-05-20","204","1.011892","1.9035","breakeven","DI + 2,4%","2026-07-24","Fora do Período de Exercício"
"LETS18","Futuro","2028-10-17","559","1.014934","0.3915","breakeven","DI + 1,25%","2026-07-24","Fora do Período de Exercício"
"LMTPA0","Futuro","2027-04-16","181","1.007457","1.3487","breakeven","DI + 1,7%","2026-07-24","Fora do Período de Exercício"
"LMTPA1","Futuro","2027-01-18","120","1.002988","1.1853","breakeven","DI + 1,5%","2026-07-24","Fora do Período de Exercício"
"LMTPA2","Futuro","2027-03-24","165","1.004503","0.9755","breakeven","DI + 1,3%","2026-07-24","Fora do Período de Exercício"
"LMTPB1","Futuro","2027-07-19","245","1.007445","1.3486","breakeven","DI + 1,7%","2026-07-24","Fora do Período de Exercício"
"LMTPB2","Futuro","2028-03-24","418","1.007433","1.1497","breakeven","DI + 1,5%","2026-07-24","Fora do Período de Exercício"
"LORTB2","Futuro","2026-12-07","92","1.00594","1.5308","breakeven","DI + 1,87%","2026-07-24","Fora do Período de Exercício"
"MATD12","Futuro","2027-05-17","201","1.011892","0.5269","breakeven","DI + 0,95%","2026-07-24","Fora do Período de Exercício"
"MATD13","Futuro","2028-07-18","496","1.011916","0.6748","breakeven","DI + 1,1%","2026-07-24","Fora do Período de Exercício"
"MILS18","Futuro","2028-01-10","366","1.016797","0.7598","breakeven","DI + 2%","2026-07-24","Fora do Período de Exercício"
"MILS29","Futuro","2027-06-21","225","1.017599","0.8279","breakeven","DI + 1,4%","2026-07-24","Fora do Período de Exercício"
"MILSA1","Futuro","2027-08-19","268","1.010424","0.4137","breakeven","DI + 0,9%","2026-07-24","Fora do Período de Exercício"
"MILSB0","Futuro","2027-11-26","335","1.01751","0.7317","breakeven","DI + 1,3%","2026-07-24","Fora do Período de Exercício"
"MVLVA3","Futuro","2026-08-10","11","1.003472","2.1287","breakeven","DI + 2,5%","2026-07-24","Fora do Período de Exercício"
"NIGP12","Futuro","2027-03-24","165","1.017402","1.3271","breakeven","DI + 1,9%","2026-07-24","Fora do Período de Exercício"
"NTSD18","Futuro","2026-11-23","82","1.011969","0.419","breakeven","DI + 0,8%","2026-07-24","Fora do Período de Exercício"
"NTSD26","Futuro","2027-02-15","138","1.011993","0.9708","breakeven","DI + 1,4%","2026-07-24","Fora do Período de Exercício"
"NTSD35","Futuro","2027-09-13","284","1.015005","1.3318","breakeven","DI + 1,85%","2026-07-24","Fora do Período de Exercício"
"NTSD36","Futuro","2029-02-15","639","1.015066","1.2064","breakeven","DI + 1,7%","2026-07-24","Fora do Período de Exercício"
"NTSDA0","Futuro","2028-08-28","525","1.007418","0.6014","breakeven","DI + 0,9%","2026-07-24","Fora do Período de Exercício"
"NTSDA2","Futuro","2028-03-13","409","1.008907","0.1573","breakeven","DI + 0,6%","2026-07-24","Fora do Período de Exercício"
"ORMA16","Futuro","2028-10-16","558","1.013746","1.053","breakeven","DI + 1,45%","2026-07-24","Fora do Período de Exercício"
"OVSAA9","Futuro","2026-11-18","80","1.011919","1.9289","breakeven","DI + 2,5%","2026-07-24","Fora do Período de Exercício"
"OVSAB1","Futuro","2029-01-22","623","1.008967","1.9194","breakeven","DI + 2,35%","2026-07-24","Fora do Período de Exercício"
"OZNH11","Futuro","2026-11-26","85","1.049682","1.1561","breakeven","DI + 3,5%","2026-07-24","Fora do Período de Exercício"
"PALFA5","Futuro","2026-09-11","34","1.00742","0.1409","breakeven","DI + 0,49%","2026-07-24","Fora do Período de Exercício"
"PALFA6","Futuro","2027-02-16","139","1.006854","0.2675","breakeven","DI + 0,59%","2026-07-24","Fora do Período de Exercício"
"PFOR15","Futuro","2027-08-20","269","1.009934","0.6354","breakeven","DI + 1,2%","2026-07-24","Fora do Período de Exercício"
"PFOR16","Futuro","2028-01-17","371","1.00987","0.8839","breakeven","DI + 1,45%","2026-07-24","Fora do Período de Exercício"
"PFOR25","Futuro","2028-02-21","396","1.015951","0.7787","breakeven","DI + 1,35%","2026-07-24","Fora do Período de Exercício"
"PFOR26","Futuro","2028-07-17","495","1.015983","1.0239","breakeven","DI + 1,6%","2026-07-24","Fora do Período de Exercício"
"PRLG17","Futuro","2027-04-12","177","1.008916","0.8411","breakeven","DI + 1,2%","2026-07-24","Fora do Período de Exercício"
"QUAL18","Futuro","2027-10-15","307","1.0099","1.6812","breakeven","DI + 2,5%","2026-07-24","Fora do Período de Exercício"
"RADL19","Futuro","2028-04-24","437","1.01041","0.1645","breakeven","DI + 0,65%","2026-07-24","Fora do Período de Exercício"
"RADLA0","Futuro","2029-04-16","680","1.010494","0.1142","breakeven","DI + 0,6%","2026-07-24","Fora do Período de Exercício"
"RADLA1","Futuro","2029-11-12","825","1.01048","-0.0436","breakeven","DI + 0,44%","2026-07-24","Fora do Período de Exercício"
"RDORA5","Futuro","2029-04-16","680","1.012222","1.5582","breakeven","DI + 2%","2026-07-24","Fora do Período de Exercício"
"RDORB3","Futuro","2028-11-16","579","1.012138","1.315","breakeven","DI + 1,9%","2026-07-24","Fora do Período de Exercício"
"RDORB5","Futuro","2029-04-16","680","1.012222","1.4507","breakeven","DI + 1,95%","2026-07-24","Fora do Período de Exercício"
"RDORB9","Futuro","2028-02-21","396","1.012111","1.3165","breakeven","DI + 1,9%","2026-07-24","Fora do Período de Exercício"
"RDORC3","Futuro","2028-11-16","579","1.012138","1.315","breakeven","DI + 1,9%","2026-07-24","Fora do Período de Exercício"
"RDORC9","Futuro","2028-02-21","396","1.012111","1.3165","breakeven","DI + 1,9%","2026-07-24","Fora do Período de Exercício"
"RDORD3","Futuro","2030-11-05","1072","1.012233","1.2595","breakeven","DI + 1,7%","2026-07-24","Fora do Período de Exercício"
"RDORD4","Futuro","2027-09-15","286","1.011957","0.7157","breakeven","DI + 1,1%","2026-07-24","Fora do Período de Exercício"
"RDORD7","Futuro","2027-02-22","143","1.010416","1.2072","breakeven","DI + 1,7%","2026-07-24","Fora do Período de Exercício"
"RDORE4","Futuro","2031-03-17","1160","1.010539","0.9252","breakeven","DI + 1,3%","2026-07-24","Fora do Período de Exercício"
"RDORF1","Futuro","2028-06-12","471","1.014916","0.4617","breakeven","DI + 0,9%","2026-07-24","Fora do Período de Exercício"
"RDORF8","Futuro","2027-11-22","331","1.023833","0.6222","breakeven","DI + 1,15%","2026-07-24","Fora do Período de Exercício"
"RDORG9","Futuro","2028-01-05","363","1.023869","0.731","breakeven","DI + 1,3%","2026-07-24","Fora do Período de Exercício"
"RECV12","Futuro","2027-10-15","307","1.00792","0.5703","breakeven","DI + 1,15%","2026-07-24","Fora do Período de Exercício"
"RECV13","Futuro","2028-07-04","486","1.015888","0.4564","breakeven","DI + 1,1%","2026-07-24","Fora do Período de Exercício"
"RENTA5","Futuro","2030-02-11","886","1.012236","1.76","breakeven","DI + 2,35%","2026-07-24","Fora do Período de Exercício"
"RENTC4","Futuro","2026-12-28","106","1.00569","1.5097","breakeven","DI + 1,85%","2026-07-24","Fora do Período de Exercício"
"RENTC8","Futuro","2027-03-29","167","1.005714","1.5094","breakeven","DI + 1,85%","2026-07-24","Fora do Período de Exercício"
"RENTD0","Futuro","2027-12-10","345","1.008928","1.1274","breakeven","DI + 1,55%","2026-07-24","Fora do Período de Exercício"
"RENTD5","Futuro","2028-08-28","525","1.008931","0.7592","breakeven","DI + 1,18%","2026-07-24","Fora do Período de Exercício"
"RENTD9","Futuro","2027-04-16","181","1.008916","1.4861","breakeven","DI + 1,85%","2026-07-24","Fora do Período de Exercício"
"RENTE2","Futuro","2027-05-20","204","1.008931","0.84","breakeven","DI + 1,2%","2026-07-24","Fora do Período de Exercício"
"RENTE3","Futuro","2027-07-19","245","1.011945","0.7136","breakeven","DI + 1,2%","2026-07-24","Fora do Período de Exercício"
"RENTE4","Futuro","2029-08-02","756","1.008967","0.7826","breakeven","DI + 1,3%","2026-07-24","Fora do Período de Exercício"
"RENTE5","Futuro","2029-08-28","774","1.008991","0.8574","breakeven","DI + 1,28%","2026-07-24","Fora do Período de Exercício"
"RENTE9","Futuro","2029-04-16","680","1.014952","1.6547","breakeven","DI + 2,15%","2026-07-24","Fora do Período de Exercício"
"RENTF2","Futuro","2029-05-21","704","1.008991","1.0374","breakeven","DI + 1,4%","2026-07-24","Fora do Período de Exercício"
"RNDNA1","Futuro","2028-05-17","453","1.011873","0.6927","breakeven","DI + 1,17%","2026-07-24","Fora do Período de Exercício"
"RNDNA2","Futuro","2028-01-26","378","1.009857","0.3908","breakeven","DI + 0,85%","2026-07-24","Fora do Período de Exercício"
"RNDNB2","Futuro","2029-07-26","751","1.01192","0.6228","breakeven","DI + 1,1%","2026-07-24","Fora do Período de Exercício"
"SAPRB4","Futuro","2027-01-15","119","1.008931","0.6914","breakeven","DI + 1,05%","2026-07-24","Fora do Período de Exercício"
"SBIOA4","Futuro","2028-03-16","412","1.000074","0.6265","breakeven","DI + 0,63%","2026-07-24","Fora do Período de Exercício"
"SBSPA1","Futuro","2026-08-20","19","1.007416","0.148","breakeven","DI + 0,49%","2026-07-24","Fora do Período de Exercício"
"SBSPB1","Futuro","2027-08-20","269","1.010428","0.6797","breakeven","DI + 1,1%","2026-07-24","Fora do Período de Exercício"
"SBSPC1","Futuro","2029-08-20","768","1.013464","0.8262","breakeven","DI + 1,31%","2026-07-24","Fora do Período de Exercício"
"SBSPD3","Futuro","2028-02-15","392","1.011654","0.1309","breakeven","DI + 0,51%","2026-07-24","Fora do Período de Exercício"
"SBSPD7","Futuro","2027-11-16","327","1.014904","0.2552","breakeven","DI + 0,69%","2026-07-24","Fora do Período de Exercício"
"SBSPE7","Futuro","2028-11-14","578","1.020869","0.3955","breakeven","DI + 0,9%","2026-07-24","Fora do Período de Exercício"
"SBSPL8","Futuro","2028-02-15","392","1.014916","0.2372","breakeven","DI + 0,64%","2026-07-24","Fora do Período de Exercício"
"SBSPM8","Futuro","2029-02-15","639","1.020892","0.2184","breakeven","DI + 0,72%","2026-07-24","Fora do Período de Exercício"
"SMFT18","Futuro","2026-10-20","60","1.013961","1.4442","breakeven","DI + 1,95%","2026-07-24","Fora do Período de Exercício"
"SMFTA1","Futuro","2026-11-03","69","1.007438","0.5424","breakeven","DI + 0,89%","2026-07-24","Fora do Período de Exercício"
"SMFTA2","Futuro","2027-09-06","280","1.007438","0.3035","breakeven","DI + 0,65%","2026-07-24","Fora do Período de Exercício"
"SMFTA3","Futuro","2027-10-11","304","1.007448","0.2337","breakeven","DI + 0,58%","2026-07-24","Fora do Período de Exercício"
"SMFTB3","Futuro","2027-10-11","304","1.012482","0.315","breakeven","DI + 0,68%","2026-07-24","Fora do Período de Exercício"
"SMFTC3","Futuro","2027-10-11","304","1.020044","0.5081","breakeven","DI + 0,95%","2026-07-24","Fora do Período de Exercício"
"STBP15","Futuro","2027-12-15","348","1.006627","0.0978","breakeven","DI + 0,55%","2026-07-24","Fora do Período de Exercício"
"STBP25","Futuro","2029-04-16","680","1.00931","0.1241","breakeven","DI + 0,7%","2026-07-24","Fora do Período de Exercício"
"SUMI39","Futuro","2028-04-17","433","1.022396","0.7013","breakeven","DI + 2%","2026-07-24","Fora do Período de Exercício"
"SUZBA1","Futuro","2027-05-17","201","1.017388","0.2918","breakeven","DI + 0,8%","2026-07-24","Fora do Período de Exercício"
"SUZBB1","Futuro","2027-05-17","201","1.034801","0.2082","breakeven","DI + 1%","2026-07-24","Fora do Período de Exercício"
"SVEA14","Futuro","2026-11-12","76","1.009555","2.3251","breakeven","DI + 3,1%","2026-07-24","Fora do Período de Exercício"
"SVEA15","Futuro","2029-06-07","716","1.01192","1.3181","breakeven","DI + 2,1%","2026-07-24","Fora do Período de Exercício"
"SVEA16","Futuro","2029-11-13","826","1.023857","1.5958","breakeven","DI + 2,5%","2026-07-24","Fora do Período de Exercício"
"TAEEA6","Futuro","2027-09-15","286","1.011904","0.1308","breakeven","DI + 0,55%","2026-07-24","Fora do Período de Exercício"
"TAEEA9","Futuro","2026-10-23","63","1.01192","0.2975","breakeven","DI + 0,6%","2026-07-24","Fora do Período de Exercício"
"TAEEE1","Futuro","2027-04-15","180","1.011769","0.2057","breakeven","DI + 0,51%","2026-07-24","Fora do Período de Exercício"
"TBSP12","Futuro","2028-01-24","376","1.007409","0.2726","breakeven","DI + 0,7%","2026-07-24","Fora do Período de Exercício"
"TBSP22","Futuro","2029-01-23","624","1.010491","0.4219","breakeven","DI + 0,85%","2026-07-24","Fora do Período de Exercício"
"TFLE19","Futuro","2027-05-28","209","1.008916","0.9402","breakeven","DI + 1,3%","2026-07-24","Fora do Período de Exercício"
"TFLEA3","Futuro","2027-01-20","122","1.005714","1.5094","breakeven","DI + 1,85%","2026-07-24","Fora do Período de Exercício"
"TFLEA4","Futuro","2027-02-26","147","1.005714","1.5091","breakeven","DI + 1,85%","2026-07-24","Fora do Período de Exercício"
"TFLEA6","Futuro","2027-12-13","346","1.011928","0.962","breakeven","DI + 1,45%","2026-07-24","Fora do Período de Exercício"
"TFLEA7","Futuro","2028-02-10","389","1.008904","0.8843","breakeven","DI + 1,4%","2026-07-24","Fora do Período de Exercício"
"TFLEA8","Futuro","2027-06-21","225","1.008916","0.8413","breakeven","DI + 1,2%","2026-07-24","Fora do Período de Exercício"
"TFLEA9","Futuro","2029-09-10","782","1.008991","0.7656","breakeven","DI + 1,24%","2026-07-24","Fora do Período de Exercício"
"TFLEB5","Futuro","2027-12-06","341","1.00869","0.9935","breakeven","DI + 1,5%","2026-07-24","Fora do Período de Exercício"
"TFLEC0","Futuro","2027-09-20","289","1.008943","0.4921","breakeven","DI + 0,91%","2026-07-24","Fora do Período de Exercício"
"TFLED0","Futuro","2029-09-19","789","1.008979","0.7293","breakeven","DI + 1,15%","2026-07-24","Fora do Período de Exercício"
"TIGR12","Futuro","2027-04-26","186","1.008731","0.1987","breakeven","DI + 0,6%","2026-07-24","Fora do Período de Exercício"
"TRES11","Futuro","2027-04-05","172","1.007968","1.6455","breakeven","DI + 2,1%","2026-07-24","Fora do Período de Exercício"
"TRPLA5","Futuro","2027-03-15","158","1.00398","0.5074","breakeven","DI + 0,73%","2026-07-24","Fora do Período de Exercício"
"TRPLA6","Futuro","2029-05-21","704","1.003964","0.5089","breakeven","DI + 0,8%","2026-07-24","Fora do Período de Exercício"
"TRPLB5","Futuro","2029-03-15","659","1.00398","0.5088","breakeven","DI + 0,8%","2026-07-24","Fora do Período de Exercício"
"TSSG13","Futuro","2026-12-21","102","1.007433","0.6338","breakeven","DI + 0,98%","2026-07-24","Fora do Período de Exercício"
"TSSG14","Futuro","2027-06-21","225","1.007229","0.306","breakeven","DI + 0,67%","2026-07-24","Fora do Período de Exercício"
"TUPW11","Futuro","2029-04-16","680","1.0274","1.7311","breakeven","DI + 2,9%","2026-07-24","Fora do Período de Exercício"
"TUPY25","Futuro","2027-07-19","245","1.013947","0.5035","breakeven","DI + 1%","2026-07-24","Fora do Período de Exercício"
"TUPY35","Futuro","2028-07-17","495","1.021071","0.6009","breakeven","DI + 1,18%","2026-07-24","Fora do Período de Exercício"
"UNIP18","Futuro","2026-10-16","58","1.015967","1.4703","breakeven","DI + 2,05%","2026-07-24","Fora do Período de Exercício"
"UNIP19","Futuro","2026-09-08","31","1.008943","0.4931","breakeven","DI + 0,85%","2026-07-24","Fora do Período de Exercício"
"UNIP29","Futuro","2027-09-06","280","1.011957","0.7723","breakeven","DI + 1,2%","2026-07-24","Fora do Período de Exercício"
"UNIP39","Futuro","2028-09-05","531","1.024111","0.9795","breakeven","DI + 1,65%","2026-07-24","Fora do Período de Exercício"
"UNIPA0","Futuro","2028-07-18","496","1.011969","0.5739","breakeven","DI + 1%","2026-07-24","Fora do Período de Exercício"
"UNIPB0","Futuro","2029-07-18","745","1.024111","0.6856","breakeven","DI + 1,35%","2026-07-24","Fora do Período de Exercício"
"UNIPC0","Futuro","2028-07-18","496","1.011969","0.7374","breakeven","DI + 1,15%","2026-07-24","Fora do Período de Exercício"
"UQFN15","Futuro","2027-07-13","241","1.013666","0.7249","breakeven","DI + 1,3%","2026-07-24","Fora do Período de Exercício"
"USIM28","Futuro","2026-11-23","82","1.007445","1.2737","breakeven","DI + 1,7%","2026-07-24","Fora do Período de Exercício"
"USIM29","Futuro","2027-06-09","217","1.007457","1.2249","breakeven","DI + 1,65%","2026-07-24","Fora do Período de Exercício"
"USIM39","Futuro","2028-12-11","595","1.011981","1.4546","breakeven","DI + 1,95%","2026-07-24","Fora do Período de Exercício"
"USIMA0","Futuro","2027-03-19","162","1.00748","1.0009","breakeven","DI + 1,35%","2026-07-24","Fora do Período de Exercício"
"USIMB0","Futuro","2029-03-19","661","1.007504","1.0737","breakeven","DI + 1,5%","2026-07-24","Fora do Período de Exercício"
"VAMO14","Futuro","2026-10-15","57","1.010912","1.5901","breakeven","DI + 2,4%","2026-07-24","Fora do Período de Exercício"
"VAMO23","Futuro","2027-06-15","221","1.021803","1.8417","breakeven","DI + 2,75%","2026-07-24","Fora do Período de Exercício"
"VAMO24","Futuro","2026-10-15","57","1.027303","1.8879","breakeven","DI + 2,8%","2026-07-24","Fora do Período de Exercício"
"VAMOA0","Futuro","2026-08-21","20","1.009918","1.7772","breakeven","DI + 2,35%","2026-07-24","Fora do Período de Exercício"
"VAMOA1","Futuro","2026-12-28","106","1.009902","1.7763","breakeven","DI + 2,35%","2026-07-24","Fora do Período de Exercício"
"VBBR15","Futuro","2026-10-05","50","1.008943","1.0783","breakeven","DI + 1,5%","2026-07-24","Fora do Período de Exercício"
"VBBR16","Futuro","2027-04-06","173","1.011969","0.6441","breakeven","DI + 1,07%","2026-07-24","Fora do Período de Exercício"
"VBBR17","Futuro","2027-06-15","221","1.0141","0.6772","breakeven","DI + 1,18%","2026-07-24","Fora do Período de Exercício"
"VBBR18","Futuro","2027-11-09","323","1.012416","0.5452","breakeven","DI + 1,05%","2026-07-24","Fora do Período de Exercício"
"VBBR24","Futuro","2026-11-17","79","1.014981","1.2759","breakeven","DI + 1,75%","2026-07-24","Fora do Período de Exercício"
"VBBR26","Futuro","2028-04-06","427","1.018026","0.7517","breakeven","DI + 1,25%","2026-07-24","Fora do Período de Exercício"
"VEBMA8","Futuro","2026-10-16","58","1.01365","0.3239","breakeven","DI + 0,67%","2026-07-24","Fora do Período de Exercício"
"VEBMA9","Futuro","2029-04-25","687","1.007484","0.3504","breakeven","DI + 0,6%","2026-07-24","Fora do Período de Exercício"
"VERO14","Futuro","2028-02-15","392","1.012351","0.547","breakeven","DI + 1,75%","2026-07-24","Fora do Período de Exercício"
"VIVA11","Futuro","2026-08-27","24","1.01188","0.2804","breakeven","DI + 0,7%","2026-07-24","Fora do Período de Exercício"
"VIXL18","Futuro","2027-06-11","219","1.014934","1.1346","breakeven","DI + 2%","2026-07-24","Fora do Período de Exercício"
"VIXL19","Futuro","2028-10-17","559","1.014934","0.3915","breakeven","DI + 1,25%","2026-07-24","Fora do Período de Exercício"
"VLIDA1","Futuro","2027-06-15","221","1.026344","-0.221","breakeven","DI + 1%","2026-07-24","Fora do Período de Exercício"
"VLIDB1","Futuro","2027-06-16","222","1.041735","-0.0154","breakeven","DI + 1,2%","2026-07-24","Fora do Período de Exercício"
"WIZC12","Futuro","2027-01-29","129","1.014841","0.9804","breakeven","DI + 1,95%","2026-07-24","Fora do Período de Exercício"
"YDUQ17","Futuro","2026-11-30","87","1.002999","0.4644","breakeven","DI + 0,78%","2026-07-24","Fora do Período de Exercício"
"YDUQA1","Futuro","2027-11-29","336","1.012","0.6236","breakeven","DI + 1,05%","2026-07-24","Fora do Período de Exercício"
"YDUQA2","Futuro","2027-12-23","354","1.002499","0.5594","breakeven","DI + 0,7%","2026-07-24","Fora do Período de Exercício"
"AESLA5","Futuro","2027-10-15","307","0.999996","6.1774","breakeven","IPCA + 6,1774%","2026-07-24","Fora do Período de Exercício"
"AESLA7","Futuro","2028-04-17","433","0.999994","6.1409","breakeven","IPCA + 6,1409%","2026-07-24","Fora do Período de Exercício"
"AESLA9","Futuro","2029-05-15","700","0.999994","6.9249","breakeven","IPCA + 6,9249%","2026-07-24","Fora do Período de Exercício"
"AESLB0","Futuro","2029-09-17","787","0.999993","6.8967","breakeven","IPCA + 6,8967%","2026-07-24","Fora do Período de Exercício"
"AESLB7","Futuro","2028-04-17","433","0.999989","6.2031","breakeven","IPCA + 6,2031%","2026-07-24","Fora do Período de Exercício"
"AESLC2","Futuro","2030-03-12","905","0.999996","6.5243","breakeven","IPCA + 6,5243%","2026-07-24","Fora do Período de Exercício"
"AESLD2","Futuro","2030-03-12","905","0.999992","6.458","breakeven","IPCA + 6,458%","2026-07-24","Fora do Período de Exercício"
"AESOA1","Futuro","2028-03-15","411","0.999989","6.4966","breakeven","IPCA + 6,4966%","2026-07-24","Fora do Período de Exercício"
"AGEO15","Futuro","2029-06-20","725","0.999988","7.6056","breakeven","IPCA + 7,6056%","2026-07-24","Fora do Período de Exercício"
"AHGD13","Futuro","2028-09-15","538","0.999984","7.3293","breakeven","IPCA + 7,3293%","2026-07-24","Fora do Período de Exercício"
"ALGE16","Futuro","2027-11-16","327","0.999988","6.1451","breakeven","IPCA + 6,1451%","2026-07-24","Fora do Período de Exercício"
"ALGTA4","Futuro","2027-11-16","327","0.999993","6.3243","breakeven","IPCA + 6,3243%","2026-07-24","Fora do Período de Exercício"
"ANET12","Futuro","2026-11-16","78","1.013342","8.3199","breakeven","IPCA + 8,9619%","2026-07-24","Fora do Período de Exercício"
"ANHBB6","Futuro","2029-07-16","743","0.999992","7.0457","breakeven","IPCA + 7,0457%","2026-07-24","Fora do Período de Exercício"
"APFD19","Futuro","2026-09-15","36","0.999993","6.3854","breakeven","IPCA + 6,3854%","2026-07-24","Fora do Período de Exercício"
"APPSA2","Futuro","2028-01-17","371","0.999996","6.78","breakeven","IPCA + 6,78%","2026-07-24","Fora do Período de Exercício"
"ARTRA7","Futuro","2029-05-15","700","0.999995","7.7","breakeven","IPCA + 7,7%","2026-07-24","Fora do Período de Exercício"
"ARTRA8","Futuro","2029-10-15","806","0.999997","8.2857","breakeven","IPCA + 8,2857%","2026-07-24","Fora do Período de Exercício"
"ASCP13","Futuro","2027-03-15","158","0.999994","7.55","breakeven","IPCA + 7,55%","2026-07-24","Fora do Período de Exercício"
"ASCP23","Futuro","2027-03-15","158","0.999991","8.15","breakeven","IPCA + 8,15%","2026-07-24","Fora do Período de Exercício"
"ASER12","Futuro","2028-02-01","382","1.01605","8.17","breakeven","IPCA + 8,4051%","2026-07-24","Fora do Período de Exercício"
"ASSR21","Futuro","2028-03-15","411","0.999983","7.1071","breakeven","IPCA + 7,1071%","2026-07-24","Fora do Período de Exercício"
"ATHT11","Futuro","2028-09-15","538","0.999984","7.3293","breakeven","IPCA + 7,3293%","2026-07-24","Fora do Período de Exercício"
"ATII12","Futuro","2028-09-15","538","0.999986","7.3293","breakeven","IPCA + 7,3293%","2026-07-24","Fora do Período de Exercício"
"AURE12","Futuro","2028-04-17","433","0.999993","6.298","breakeven","IPCA + 6,298%","2026-07-24","Fora do Período de Exercício"
"AURP12","Futuro","2029-04-16","680","0.999993","7.4515","breakeven","IPCA + 7,4515%","2026-07-24","Fora do Período de Exercício"
"AURP13","Futuro","2029-07-16","743","0.999992","6.9164","breakeven","IPCA + 6,9164%","2026-07-24","Fora do Período de Exercício"
"AXIA18","Futuro","2030-02-15","890","0.999998","6.8","breakeven","IPCA + 6,8%","2026-07-24","Fora do Período de Exercício"
"AXIA28","Futuro","2030-02-15","890","0.999993","6.7116","breakeven","IPCA + 6,7116%","2026-07-24","Fora do Período de Exercício"
"AXIA38","Futuro","2030-02-15","890","0.99999","6.6752","breakeven","IPCA + 6,6752%","2026-07-24","Fora do Período de Exercício"
"BCPSA7","Futuro","2029-12-17","848","0.999994","7.0225","breakeven","IPCA + 7,0225%","2026-07-24","Fora do Período de Exercício"
"BION17","Futuro","2029-09-17","787","1.022454","8.3697","breakeven","IPCA + 10,1044%","2026-07-24","Fora do Período de Exercício"
"BRST15","Futuro","2029-12-17","848","0.999998","8.0355","breakeven","IPCA + 8,0355%","2026-07-24","Fora do Período de Exercício"
"BTCL12","Futuro","2034-12-15","2103","1.045676","8.2707","breakeven","IPCA + 10,7609%","2026-07-24","Fora do Período de Exercício"
"BTEL23","Futuro","2029-04-23","685","0.999996","8.27","breakeven","IPCA + 8,27%","2026-07-24","Fora do Período de Exercício"
"CAEC12","Futuro","2028-06-16","474","1.000953","8.17","breakeven","IPCA + 8,1891%","2026-07-24","Fora do Período de Exercício"
"CAJS12","Futuro","2026-09-15","36","0.999985","6.85","breakeven","IPCA + 6,85%","2026-07-24","Fora do Período de Exercício"
"CASN23","Futuro","2027-11-16","327","1.050555","8.3697","breakeven","IPCA + 10,3294%","2026-07-24","Fora do Período de Exercício"
"CASN24","Futuro","2029-04-16","680","1.024271","8.3697","breakeven","IPCA + 9,9878%","2026-07-24","Fora do Período de Exercício"
"CASN34","Futuro","2029-04-16","680","1.07611","8.2963","breakeven","IPCA + 10,6573%","2026-07-24","Fora do Período de Exercício"
"CDES11","Futuro","2028-12-11","595","0.99999","8.0361","breakeven","IPCA + 8,0361%","2026-07-24","Fora do Período de Exercício"
"CEAL12","Futuro","2029-08-15","765","0.999991","7.3239","breakeven","IPCA + 7,3239%","2026-07-24","Fora do Período de Exercício"
"CEAL21","Futuro","2026-10-15","57","0.999994","6.3618","breakeven","IPCA + 6,3618%","2026-07-24","Fora do Período de Exercício"
"CEAM11","Futuro","2029-12-17","848","0.999985","7.5232","breakeven","IPCA + 7,5232%","2026-07-24","Fora do Período de Exercício"
"CEAP14","Futuro","2027-12-15","348","0.999993","6.75","breakeven","IPCA + 6,75%","2026-07-24","Fora do Período de Exercício"
"CEAP17","Futuro","2028-12-15","599","0.999991","7.9091","breakeven","IPCA + 7,9091%","2026-07-24","Fora do Período de Exercício"
"CEAP19","Futuro","2029-06-15","722","0.999991","7.0606","breakeven","IPCA + 7,0606%","2026-07-24","Fora do Período de Exercício"
"CEEBB6","Futuro","2027-08-16","265","0.999997","6.25","breakeven","IPCA + 6,25%","2026-07-24","Fora do Período de Exercício"
"CEEBB7","Futuro","2027-11-16","327","0.999994","6.1","breakeven","IPCA + 6,1%","2026-07-24","Fora do Período de Exercício"
"CEEBC3","Futuro","2026-11-16","78","0.999994","5.8224","breakeven","IPCA + 5,8224%","2026-07-24","Fora do Período de Exercício"
"CEEBD2","Futuro","2029-11-16","828","0.999995","6.3","breakeven","IPCA + 6,3%","2026-07-24","Fora do Período de Exercício"
"CEEBE3","Futuro","2030-03-15","908","1","7.0099","breakeven","IPCA + 7,0099%","2026-07-24","Fora do Período de Exercício"
"CEED12","Futuro","2026-12-15","98","0.999996","7.1498","breakeven","IPCA + 7,1498%","2026-07-24","Fora do Período de Exercício"
"CEED13","Futuro","2027-07-15","243","0.999997","6.5","breakeven","IPCA + 6,5%","2026-07-24","Fora do Período de Exercício"
"CEED15","Futuro","2028-05-15","451","0.999991","6.5596","breakeven","IPCA + 6,5596%","2026-07-24","Fora do Período de Exercício"
"CEED17","Futuro","2028-09-15","538","0.999991","6.6493","breakeven","IPCA + 6,6493%","2026-07-24","Fora do Período de Exercício"
"CEED19","Futuro","2029-06-15","722","0.999991","7.0606","breakeven","IPCA + 7,0606%","2026-07-24","Fora do Período de Exercício"
"CEPEA7","Futuro","2029-08-15","765","0.999999","6.7929","breakeven","IPCA + 6,7929%","2026-07-24","Fora do Período de Exercício"
"CEPEB3","Futuro","2027-11-16","327","0.999994","6.1","breakeven","IPCA + 6,1%","2026-07-24","Fora do Período de Exercício"
"CEPEB7","Futuro","2029-08-15","765","0.999986","6.7392","breakeven","IPCA + 6,7392%","2026-07-24","Fora do Período de Exercício"
"CEPEC1","Futuro","2026-11-16","78","0.999997","5.875","breakeven","IPCA + 5,875%","2026-07-24","Fora do Período de Exercício"
"CEROA4","Futuro","2029-10-15","806","0.999993","7.2856","breakeven","IPCA + 7,2856%","2026-07-24","Fora do Período de Exercício"
"CEROB4","Futuro","2029-10-15","806","0.999991","7.1683","breakeven","IPCA + 7,1683%","2026-07-24","Fora do Período de Exercício"
"CERR18","Futuro","2028-12-15","599","1.001438","8.2707","breakeven","IPCA + 8,3082%","2026-07-24","Fora do Período de Exercício"
"CERT11","Futuro","2029-02-15","639","0.999999","8.1773","breakeven","IPCA + 8,1773%","2026-07-24","Fora do Período de Exercício"
"CESE32","Futuro","2027-09-15","286","0.999998","7.4941","breakeven","IPCA + 7,4941%","2026-07-24","Fora do Período de Exercício"
"CESPA3","Futuro","2028-04-17","433","0.999996","6.1661","breakeven","IPCA + 6,1661%","2026-07-24","Fora do Período de Exercício"
"CGASA1","Futuro","2028-03-15","411","0.999993","6.3763","breakeven","IPCA + 6,3763%","2026-07-24","Fora do Período de Exercício"
"CGASA2","Futuro","2028-12-15","599","0.999991","7.1728","breakeven","IPCA + 7,1728%","2026-07-24","Fora do Período de Exercício"
"CGASA4","Futuro","2029-09-17","787","0.99999","6.7998","breakeven","IPCA + 6,7998%","2026-07-24","Fora do Período de Exercício"
"CGASB1","Futuro","2028-03-15","411","0.999988","6.4504","breakeven","IPCA + 6,4504%","2026-07-24","Fora do Período de Exercício"
"CGASB4","Futuro","2029-09-17","787","0.99999","6.5846","breakeven","IPCA + 6,5846%","2026-07-24","Fora do Período de Exercício"
"CGEE13","Futuro","2028-12-15","599","1.02223","8.2707","breakeven","IPCA + 8,7219%","2026-07-24","Fora do Período de Exercício"
"CGEE23","Futuro","2028-12-15","599","1.02223","8.2707","breakeven","IPCA + 8,7219%","2026-07-24","Fora do Período de Exercício"
"CGOS13","Futuro","2027-04-15","180","0.999994","7.1","breakeven","IPCA + 7,1%","2026-07-24","Fora do Período de Exercício"
"CGOS16","Futuro","2028-05-15","451","0.999992","6.4895","breakeven","IPCA + 6,4895%","2026-07-24","Fora do Período de Exercício"
"CGOS24","Futuro","2027-10-15","307","0.999995","6.4407","breakeven","IPCA + 6,4407%","2026-07-24","Fora do Período de Exercício"
"CGOS28","Futuro","2028-09-15","538","0.999992","6.6493","breakeven","IPCA + 6,6493%","2026-07-24","Fora do Período de Exercício"
"CGOS34","Futuro","2027-10-15","307","0.999991","6.6789","breakeven","IPCA + 6,6789%","2026-07-24","Fora do Período de Exercício"
"CGOSA0","Futuro","2029-08-15","765","0.999991","7.3239","breakeven","IPCA + 7,3239%","2026-07-24","Fora do Período de Exercício"
"CGOSA2","Futuro","2030-01-15","867","0.99999","6.57","breakeven","IPCA + 6,57%","2026-07-24","Fora do Período de Exercício"
"CGOSB0","Futuro","2029-08-15","765","0.999991","7.3239","breakeven","IPCA + 7,3239%","2026-07-24","Fora do Período de Exercício"
"CHSF13","Futuro","2028-06-16","474","0.999997","6.767","breakeven","IPCA + 6,767%","2026-07-24","Fora do Período de Exercício"
"CLAG15","Futuro","2029-12-17","848","0.999998","7.77","breakeven","IPCA + 7,77%","2026-07-24","Fora do Período de Exercício"
"CLCD26","Futuro","2027-11-16","327","0.999998","6.5279","breakeven","IPCA + 6,5279%","2026-07-24","Fora do Período de Exercício"
"CLCD27","Futuro","2028-07-17","495","0.999996","6.9534","breakeven","IPCA + 6,9534%","2026-07-24","Fora do Período de Exercício"
"CLIS13","Futuro","2029-02-15","639","1.007522","8.31","breakeven","IPCA + 8,5536%","2026-07-24","Fora do Período de Exercício"
"CLTM14","Futuro","2028-01-17","371","0.999985","7.25","breakeven","IPCA + 7,25%","2026-07-24","Fora do Período de Exercício"
"CMGDA4","Futuro","2029-10-15","806","0.999992","6.7878","breakeven","IPCA + 6,7878%","2026-07-24","Fora do Período de Exercício"
"CMGDB0","Futuro","2028-02-15","392","0.999993","6.1469","breakeven","IPCA + 6,1469%","2026-07-24","Fora do Período de Exercício"
"CMGDB1","Futuro","2028-09-15","538","0.999994","6.5769","breakeven","IPCA + 6,5769%","2026-07-24","Fora do Período de Exercício"
"CMGDB2","Futuro","2029-03-15","659","0.999988","7.5467","breakeven","IPCA + 7,5467%","2026-07-24","Fora do Período de Exercício"
"CMGDB4","Futuro","2029-10-15","806","0.99999","6.6504","breakeven","IPCA + 6,6504%","2026-07-24","Fora do Período de Exercício"
"CMGTA1","Futuro","2029-10-16","807","0.999992","6.7878","breakeven","IPCA + 6,7878%","2026-07-24","Fora do Período de Exercício"
"CMGTB1","Futuro","2029-10-15","806","0.99999","6.6504","breakeven","IPCA + 6,6504%","2026-07-24","Fora do Período de Exercício"
"CMIN21","Futuro","2029-01-15","618","0.999993","5.021","breakeven","IPCA + 5,021%","2026-07-24","Fora do Período de Exercício"
"CMTR29","Futuro","2026-12-15","98","0.999996","7.6245","breakeven","IPCA + 7,6245%","2026-07-24","Fora do Período de Exercício"
"CNRD12","Futuro","2029-11-16","828","0.999986","7.6891","breakeven","IPCA + 7,6891%","2026-07-24","Fora do Período de Exercício"
"COCEB2","Futuro","2029-05-15","700","0.999999","7.9","breakeven","IPCA + 7,9%","2026-07-24","Fora do Período de Exercício"
"COMR14","Futuro","2027-11-16","327","0.999987","7.9171","breakeven","IPCA + 7,9171%","2026-07-24","Fora do Período de Exercício"
"COMR15","Futuro","2028-04-17","433","0.999985","7.2209","breakeven","IPCA + 7,2209%","2026-07-24","Fora do Período de Exercício"
"CONX12","Futuro","2026-08-17","16","0.999996","7.684","breakeven","IPCA + 7,684%","2026-07-24","Fora do Período de Exercício"
"CPFPA5","Futuro","2027-10-15","307","0.999996","6.1774","breakeven","IPCA + 6,1774%","2026-07-24","Fora do Período de Exercício"
"CPFPA7","Futuro","2028-04-17","433","0.999994","6.235","breakeven","IPCA + 6,235%","2026-07-24","Fora do Período de Exercício"
"CPFPA9","Futuro","2029-02-15","639","0.999992","7.7082","breakeven","IPCA + 7,7082%","2026-07-24","Fora do Período de Exercício"
"CPFPB0","Futuro","2029-05-15","700","0.999994","6.9249","breakeven","IPCA + 6,9249%","2026-07-24","Fora do Período de Exercício"
"CPFPB1","Futuro","2029-09-17","787","0.999993","6.8967","breakeven","IPCA + 6,8967%","2026-07-24","Fora do Período de Exercício"
"CPFPB7","Futuro","2028-04-17","433","0.999989","6.3018","breakeven","IPCA + 6,3018%","2026-07-24","Fora do Período de Exercício"
"CPGT28","Futuro","2030-01-15","867","0.999994","6.8226","breakeven","IPCA + 6,8226%","2026-07-24","Fora do Período de Exercício"
"CPGTA1","Futuro","2030-01-15","867","0.999991","7.1841","breakeven","IPCA + 7,1841%","2026-07-24","Fora do Período de Exercício"
"CPGTC0","Futuro","2029-02-15","639","0.999992","7.482","breakeven","IPCA + 7,482%","2026-07-24","Fora do Período de Exercício"
"CPIS14","Futuro","2029-08-15","765","0.999991","7.3239","breakeven","IPCA + 7,3239%","2026-07-24","Fora do Período de Exercício"
"CPIS15","Futuro","2029-09-17","787","0.999993","7.1962","breakeven","IPCA + 7,1962%","2026-07-24","Fora do Período de Exercício"
"CPIS16","Futuro","2030-01-15","867","0.99999","6.57","breakeven","IPCA + 6,57%","2026-07-24","Fora do Período de Exercício"
"CPLD29","Futuro","2031-05-15","1200","0.999991","6.2831","breakeven","IPCA + 6,2831%","2026-07-24","Fora do Período de Exercício"
"CPLDA1","Futuro","2030-01-15","867","0.999991","7.1841","breakeven","IPCA + 7,1841%","2026-07-24","Fora do Período de Exercício"
"CPLDC0","Futuro","2029-07-16","743","0.999993","6.9543","breakeven","IPCA + 6,9543%","2026-07-24","Fora do Período de Exercício"
"CRNP13","Futuro","2029-08-15","765","1.037785","7.8529","breakeven","IPCA + 8,3702%","2026-07-24","Fora do Período de Exercício"
"CRNP23","Futuro","2029-08-15","765","1.037817","7.8529","breakeven","IPCA + 8,3702%","2026-07-24","Fora do Período de Exercício"
"CRTR12","Futuro","2028-08-15","516","0.999988","7.3201","breakeven","IPCA + 7,3201%","2026-07-24","Fora do Período de Exercício"
"CSAN33","Futuro","2027-08-16","265","0.999996","5.7531","breakeven","IPCA + 5,7531%","2026-07-24","Fora do Período de Exercício"
"CSMGB8","Futuro","2026-09-15","36","0.999992","7.1","breakeven","IPCA + 7,1%","2026-07-24","Fora do Período de Exercício"
"CSMGB9","Futuro","2027-07-15","243","0.999985","7.2735","breakeven","IPCA + 7,2735%","2026-07-24","Fora do Período de Exercício"
"CSMGC0","Futuro","2028-05-15","451","0.999987","8.21","breakeven","IPCA + 8,21%","2026-07-24","Fora do Período de Exercício"
"CSMGE1","Futuro","2028-10-16","558","1.001049","8.2963","breakeven","IPCA + 8,3342%","2026-07-24","Fora do Período de Exercício"
"CSMGE2","Futuro","2029-03-15","659","1.007206","8.31","breakeven","IPCA + 8,567%","2026-07-24","Fora do Período de Exercício"
"CSNAA4","Futuro","2028-07-17","495","0.999998","6.5","breakeven","IPCA + 6,5%","2026-07-24","Fora do Período de Exercício"
"CSNAA5","Futuro","2029-04-16","680","0.999995","6.83","breakeven","IPCA + 6,83%","2026-07-24","Fora do Período de Exercício"
"CSNAA6","Futuro","2029-11-16","828","0.999996","7.5888","breakeven","IPCA + 7,5888%","2026-07-24","Fora do Período de Exercício"
"CSNAB4","Futuro","2029-01-15","618","0.999995","6.8","breakeven","IPCA + 6,8%","2026-07-24","Fora do Período de Exercício"
"CSNAB5","Futuro","2031-04-15","1180","0.999992","6.9924","breakeven","IPCA + 6,9924%","2026-07-24","Fora do Período de Exercício"
"CSNAB6","Futuro","2031-11-17","1331","0.999992","7.6952","breakeven","IPCA + 7,6952%","2026-07-24","Fora do Período de Exercício"
"CSNAC4","Futuro","2031-01-15","1119","0.999992","7","breakeven","IPCA + 7%","2026-07-24","Fora do Período de Exercício"
"CSRNA4","Futuro","2030-03-15","908","1","7.0099","breakeven","IPCA + 7,0099%","2026-07-24","Fora do Período de Exercício"
"CSRNB2","Futuro","2028-03-15","411","0.999994","6.0691","breakeven","IPCA + 6,0691%","2026-07-24","Fora do Período de Exercício"
"CSRNB3","Futuro","2029-11-16","828","0.999995","6.3","breakeven","IPCA + 6,3%","2026-07-24","Fora do Período de Exercício"
"CTGE15","Futuro","2028-04-17","433","0.999997","6.3423","breakeven","IPCA + 6,3423%","2026-07-24","Fora do Período de Exercício"
"CTNSA3","Futuro","2029-05-15","700","0.999993","7.3","breakeven","IPCA + 7,3%","2026-07-24","Fora do Período de Exercício"
"CTNSA5","Futuro","2030-02-25","896","0.999993","6.6675","breakeven","IPCA + 6,6675%","2026-07-24","Fora do Período de Exercício"
"CYAR11","Futuro","2029-12-17","848","0.999984","7.5232","breakeven","IPCA + 7,5232%","2026-07-24","Fora do Período de Exercício"
"DESK17","Futuro","2028-06-16","474","0.999996","7.4408","breakeven","IPCA + 7,4408%","2026-07-24","Fora do Período de Exercício"
"DESK18","Futuro","2029-06-15","722","0.999997","7.9356","breakeven","IPCA + 7,9356%","2026-07-24","Fora do Período de Exercício"
"DESK19","Futuro","2029-09-17","787","1.003186","7.9714","breakeven","IPCA + 8,1215%","2026-07-24","Fora do Período de Exercício"
"EBAS13","Futuro","2027-11-16","327","1.007424","8.3697","breakeven","IPCA + 8,6%","2026-07-24","Fora do Período de Exercício"
"EBENA8","Futuro","2028-12-15","599","0.999992","7.2843","breakeven","IPCA + 7,2843%","2026-07-24","Fora do Período de Exercício"
"ECER12","Futuro","2027-08-16","265","0.999999","6.35","breakeven","IPCA + 6,35%","2026-07-24","Fora do Período de Exercício"
"ECOV16","Futuro","2028-02-15","392","0.999994","6.095","breakeven","IPCA + 6,095%","2026-07-24","Fora do Período de Exercício"
"ECRD14","Futuro","2029-01-15","618","1.040717","7.8529","breakeven","IPCA + 8,3939%","2026-07-24","Fora do Período de Exercício"
"EDFT11","Futuro","2028-04-17","433","0.999977","6.8209","breakeven","IPCA + 6,8209%","2026-07-24","Fora do Período de Exercício"
"EEELA0","Futuro","2027-10-15","307","0.999996","6.1774","breakeven","IPCA + 6,1774%","2026-07-24","Fora do Período de Exercício"
"EEELA1","Futuro","2028-04-17","433","0.999994","6.0994","breakeven","IPCA + 6,0994%","2026-07-24","Fora do Período de Exercício"
"EEELA4","Futuro","2029-02-15","639","0.999992","7.7082","breakeven","IPCA + 7,7082%","2026-07-24","Fora do Período de Exercício"
"EEELB1","Futuro","2028-04-17","433","0.999989","6.1572","breakeven","IPCA + 6,1572%","2026-07-24","Fora do Período de Exercício"
"EEELB5","Futuro","2029-05-15","700","0.999994","6.9249","breakeven","IPCA + 6,9249%","2026-07-24","Fora do Período de Exercício"
"EGIEA0","Futuro","2027-09-15","286","0.99999","5.7158","breakeven","IPCA + 5,7158%","2026-07-24","Fora do Período de Exercício"
"EGIEA1","Futuro","2027-11-16","327","0.999997","5.9325","breakeven","IPCA + 5,9325%","2026-07-24","Fora do Período de Exercício"
"EGIEA6","Futuro","2030-02-25","896","0.999996","6.2474","breakeven","IPCA + 6,2474%","2026-07-24","Fora do Período de Exercício"
"EGIEB1","Futuro","2027-11-16","327","0.999995","6.0691","breakeven","IPCA + 6,0691%","2026-07-24","Fora do Período de Exercício"
"EGIEB2","Futuro","2028-06-16","474","0.999996","6.7766","breakeven","IPCA + 6,7766%","2026-07-24","Fora do Período de Exercício"
"EGIEB4","Futuro","2029-02-20","642","0.999998","7.5568","breakeven","IPCA + 7,5568%","2026-07-24","Fora do Período de Exercício"
"EGIEB5","Futuro","2029-06-20","725","0.999997","6.8555","breakeven","IPCA + 6,8555%","2026-07-24","Fora do Período de Exercício"
"EKTRA6","Futuro","2029-08-15","765","0.999999","6.8172","breakeven","IPCA + 6,8172%","2026-07-24","Fora do Período de Exercício"
"EKTRA8","Futuro","2030-03-15","908","1","7.0099","breakeven","IPCA + 7,0099%","2026-07-24","Fora do Período de Exercício"
"EKTRB3","Futuro","2028-04-17","433","0.999994","6.2587","breakeven","IPCA + 6,2587%","2026-07-24","Fora do Período de Exercício"
"EKTRB6","Futuro","2029-08-15","765","0.999988","6.7636","breakeven","IPCA + 6,7636%","2026-07-24","Fora do Período de Exercício"
"EKTRC0","Futuro","2026-11-16","78","0.999993","5.7697","breakeven","IPCA + 5,7697%","2026-07-24","Fora do Período de Exercício"
"ELDC15","Futuro","2029-10-15","806","0.999993","7.795","breakeven","IPCA + 7,795%","2026-07-24","Fora do Período de Exercício"
"ELET14","Futuro","2027-09-15","286","0.999996","6.317","breakeven","IPCA + 6,317%","2026-07-24","Fora do Período de Exercício"
"ELET16","Futuro","2028-09-15","538","0.999995","6.877","breakeven","IPCA + 6,877%","2026-07-24","Fora do Período de Exercício"
"ELPLC8","Futuro","2029-05-15","700","0.999999","8.3","breakeven","IPCA + 8,3%","2026-07-24","Fora do Período de Exercício"
"ELTE12","Futuro","2028-07-17","495","0.999985","6.4232","breakeven","IPCA + 6,4232%","2026-07-24","Fora do Período de Exercício"
"ELTN15","Futuro","2028-04-17","433","0.999997","6.3423","breakeven","IPCA + 6,3423%","2026-07-24","Fora do Período de Exercício"
"ELTN27","Futuro","2029-07-16","743","0.999998","7.3146","breakeven","IPCA + 7,3146%","2026-07-24","Fora do Período de Exercício"
"ELTN37","Futuro","2029-07-16","743","0.999994","7.2083","breakeven","IPCA + 7,2083%","2026-07-24","Fora do Período de Exercício"
"ENAT11","Futuro","2026-12-23","104","1.019296","8.5172","breakeven","IPCA + 9,8297%","2026-07-24","Fora do Período de Exercício"
"ENAT12","Futuro","2027-09-15","286","0.999997","7.1149","breakeven","IPCA + 7,1149%","2026-07-24","Fora do Período de Exercício"
"ENAT13","Futuro","2028-06-16","474","0.999998","8.0618","breakeven","IPCA + 8,0618%","2026-07-24","Fora do Período de Exercício"
"ENAT14","Futuro","2028-06-16","474","0.999998","8.056","breakeven","IPCA + 8,056%","2026-07-24","Fora do Período de Exercício"
"ENAT24","Futuro","2028-06-16","474","0.999995","8.2674","breakeven","IPCA + 8,2674%","2026-07-24","Fora do Período de Exercício"
"ENAT33","Futuro","2028-06-16","474","0.999994","8.262","breakeven","IPCA + 8,262%","2026-07-24","Fora do Período de Exercício"
"ENERB7","Futuro","2029-09-17","787","0.999994","7.0461","breakeven","IPCA + 7,0461%","2026-07-24","Fora do Período de Exercício"
"ENERC7","Futuro","2029-09-17","787","0.999988","6.9467","breakeven","IPCA + 6,9467%","2026-07-24","Fora do Período de Exercício"
"ENEV19","Futuro","2026-09-15","36","0.999994","6.9","breakeven","IPCA + 6,9%","2026-07-24","Fora do Período de Exercício"
"ENEV29","Futuro","2026-09-15","36","0.999989","7","breakeven","IPCA + 7%","2026-07-24","Fora do Período de Exercício"
"ENEV39","Futuro","2026-09-15","36","0.999982","7.15","breakeven","IPCA + 7,15%","2026-07-24","Fora do Período de Exercício"
"ENEVA0","Futuro","2028-04-17","433","0.999994","6.5643","breakeven","IPCA + 6,5643%","2026-07-24","Fora do Período de Exercício"
"ENEVA4","Futuro","2030-01-15","867","0.999994","6.7078","breakeven","IPCA + 6,7078%","2026-07-24","Fora do Período de Exercício"
"ENEVB0","Futuro","2028-04-17","433","0.99999","6.6737","breakeven","IPCA + 6,6737%","2026-07-24","Fora do Período de Exercício"
"ENEVB4","Futuro","2030-01-15","867","0.999989","6.6709","breakeven","IPCA + 6,6709%","2026-07-24","Fora do Período de Exercício"
"ENMTC5","Futuro","2029-09-17","787","0.999995","7.0999","breakeven","IPCA + 7,0999%","2026-07-24","Fora do Período de Exercício"
"ENMTC6","Futuro","2029-10-15","806","0.999987","7.1146","breakeven","IPCA + 7,1146%","2026-07-24","Fora do Período de Exercício"
"ENMTD5","Futuro","2029-09-17","787","0.999988","6.9467","breakeven","IPCA + 6,9467%","2026-07-24","Fora do Período de Exercício"
"ENMTE6","Futuro","2029-10-15","806","0.999995","7.2318","breakeven","IPCA + 7,2318%","2026-07-24","Fora do Período de Exercício"
"ENMTF8","Futuro","2030-02-25","896","0.999993","6.6675","breakeven","IPCA + 6,6675%","2026-07-24","Fora do Período de Exercício"
"ENMTG8","Futuro","2030-02-25","896","0.999988","6.55","breakeven","IPCA + 6,55%","2026-07-24","Fora do Período de Exercício"
"ENSEA5","Futuro","2030-02-25","896","0.999993","6.6675","breakeven","IPCA + 6,6675%","2026-07-24","Fora do Período de Exercício"
"ENSEB4","Futuro","2029-09-17","787","0.999993","7.1536","breakeven","IPCA + 7,1536%","2026-07-24","Fora do Período de Exercício"
"ENSEB5","Futuro","2030-02-25","896","0.999988","6.55","breakeven","IPCA + 6,55%","2026-07-24","Fora do Período de Exercício"
"ENSEC4","Futuro","2029-09-17","787","0.999988","6.9467","breakeven","IPCA + 6,9467%","2026-07-24","Fora do Período de Exercício"
"EPRL12","Futuro","2029-09-17","787","1.026696","7.8529","breakeven","IPCA + 8,203%","2026-07-24","Fora do Período de Exercício"
"EQMAA0","Futuro","2027-12-15","348","0.999996","6.3","breakeven","IPCA + 6,3%","2026-07-24","Fora do Período de Exercício"
"EQPA18","Futuro","2028-12-15","599","0.999994","7.7477","breakeven","IPCA + 7,7477%","2026-07-24","Fora do Período de Exercício"
"EQPA19","Futuro","2029-06-15","722","0.999991","7.0606","breakeven","IPCA + 7,0606%","2026-07-24","Fora do Período de Exercício"
"EQPAA1","Futuro","2030-01-15","867","0.99999","6.57","breakeven","IPCA + 6,57%","2026-07-24","Fora do Período de Exercício"
"ERDVA4","Futuro","2028-06-16","474","0.999997","6.8233","breakeven","IPCA + 6,8233%","2026-07-24","Fora do Período de Exercício"
"ERDVB4","Futuro","2028-06-16","474","0.999994","7.1117","breakeven","IPCA + 7,1117%","2026-07-24","Fora do Período de Exercício"
"ERDVC3","Futuro","2027-10-15","307","0.999993","6.8285","breakeven","IPCA + 6,8285%","2026-07-24","Fora do Período de Exercício"
"ERDVC4","Futuro","2028-06-16","474","0.999989","7.3108","breakeven","IPCA + 7,3108%","2026-07-24","Fora do Período de Exercício"
"ESCEA5","Futuro","2028-12-15","599","0.999992","7.2843","breakeven","IPCA + 7,2843%","2026-07-24","Fora do Período de Exercício"
"ESSDA4","Futuro","2029-05-15","700","0.999993","7.3","breakeven","IPCA + 7,3%","2026-07-24","Fora do Período de Exercício"
"ESSDA5","Futuro","2029-10-15","806","0.999995","7.2318","breakeven","IPCA + 7,2318%","2026-07-24","Fora do Período de Exercício"
"ESSDB5","Futuro","2029-10-15","806","0.999987","7.1146","breakeven","IPCA + 7,1146%","2026-07-24","Fora do Período de Exercício"
"FBRI13","Futuro","2028-04-17","433","0.999993","7.3609","breakeven","IPCA + 7,3609%","2026-07-24","Fora do Período de Exercício"
"FEPS11","Futuro","2029-01-15","618","1.01567","8.31","breakeven","IPCA + 8,6895%","2026-07-24","Fora do Período de Exercício"
"FLCLA9","Futuro","2029-10-15","806","0.999995","7.2318","breakeven","IPCA + 7,2318%","2026-07-24","Fora do Período de Exercício"
"FLCLB9","Futuro","2029-10-15","806","0.999987","7.1146","breakeven","IPCA + 7,1146%","2026-07-24","Fora do Período de Exercício"
"FRAG14","Futuro","2028-06-16","474","0.999997","7.53","breakeven","IPCA + 7,53%","2026-07-24","Fora do Período de Exercício"
"FRAG16","Futuro","2029-09-05","780","1.007589","8.2707","breakeven","IPCA + 8,4942%","2026-07-24","Fora do Período de Exercício"
"GASC16","Futuro","2028-06-16","474","0.999992","6.4186","breakeven","IPCA + 6,4186%","2026-07-24","Fora do Período de Exercício"
"GASC17","Futuro","2028-08-15","516","0.999993","6.047","breakeven","IPCA + 6,047%","2026-07-24","Fora do Período de Exercício"
"GASC18","Futuro","2029-03-15","659","0.999993","7.4742","breakeven","IPCA + 7,4742%","2026-07-24","Fora do Período de Exercício"
"GASC19","Futuro","2029-09-24","792","0.999989","6.5823","breakeven","IPCA + 6,5823%","2026-07-24","Fora do Período de Exercício"
"GASC26","Futuro","2028-06-16","474","0.99999","6.5318","breakeven","IPCA + 6,5318%","2026-07-24","Fora do Período de Exercício"
"GASC27","Futuro","2028-08-15","516","0.999993","6.047","breakeven","IPCA + 6,047%","2026-07-24","Fora do Período de Exercício"
"GASC28","Futuro","2029-03-15","659","0.999989","7.528","breakeven","IPCA + 7,528%","2026-07-24","Fora do Período de Exercício"
"HGLB23","Futuro","2028-10-16","558","1.024314","8.2963","breakeven","IPCA + 9,1196%","2026-07-24","Fora do Período de Exercício"
"HSBH11","Futuro","2029-11-16","828","1.020139","8.17","breakeven","IPCA + 8,55%","2026-07-24","Fora do Período de Exercício"
"HVSP11","Futuro","2028-04-17","433","0.99999","8.2561","breakeven","IPCA + 8,2561%","2026-07-24","Fora do Período de Exercício"
"IPIPA5","Futuro","2029-09-17","787","0.999992","6.955","breakeven","IPCA + 6,955%","2026-07-24","Fora do Período de Exercício"
"ISAEA8","Futuro","2029-03-15","659","0.999994","7.4118","breakeven","IPCA + 7,4118%","2026-07-24","Fora do Período de Exercício"
"ISAEA9","Futuro","2029-06-15","722","0.999999","6.7","breakeven","IPCA + 6,7%","2026-07-24","Fora do Período de Exercício"
"ISAEB0","Futuro","2029-10-15","806","0.999993","6.6598","breakeven","IPCA + 6,6598%","2026-07-24","Fora do Período de Exercício"
"ISAEB2","Futuro","2030-03-15","908","0.999991","6.4618","breakeven","IPCA + 6,4618%","2026-07-24","Fora do Período de Exercício"
"ISAEB8","Futuro","2029-03-15","659","0.999995","7.4118","breakeven","IPCA + 7,4118%","2026-07-24","Fora do Período de Exercício"
"ISAEC0","Futuro","2029-10-15","806","0.99999","6.6382","breakeven","IPCA + 6,6382%","2026-07-24","Fora do Período de Exercício"
"ISAEC2","Futuro","2030-03-15","908","0.999991","6.4618","breakeven","IPCA + 6,4618%","2026-07-24","Fora do Período de Exercício"
"ITPO15","Futuro","2029-05-15","700","0.99999","7.4","breakeven","IPCA + 7,4%","2026-07-24","Fora do Período de Exercício"
"IVIAA0","Futuro","2028-05-15","451","0.999987","6.8672","breakeven","IPCA + 6,8672%","2026-07-24","Fora do Período de Exercício"
"JALL15","Futuro","2028-05-15","451","0.999995","6.6074","breakeven","IPCA + 6,6074%","2026-07-24","Fora do Período de Exercício"
"JALL24","Futuro","2027-10-18","308","0.999993","7.234","breakeven","IPCA + 7,234%","2026-07-24","Fora do Período de Exercício"
"JTEE12","Futuro","2040-12-17","3606","0.999988","4.8295","breakeven","IPCA + 4,8295%","2026-07-24","Fora do Período de Exercício"
"KLBNA5","Futuro","2028-08-15","516","0.99999","6.05","breakeven","IPCA + 6,05%","2026-07-24","Fora do Período de Exercício"
"MOVI37","Futuro","2026-09-15","36","0.999996","7.6366","breakeven","IPCA + 7,6366%","2026-07-24","Fora do Período de Exercício"
"MRSAA1","Futuro","2027-09-15","286","0.999993","6.2414","breakeven","IPCA + 6,2414%","2026-07-24","Fora do Período de Exercício"
"MRSAA2","Futuro","2028-09-15","538","0.999996","6.5251","breakeven","IPCA + 6,5251%","2026-07-24","Fora do Período de Exercício"
"MRSAA3","Futuro","2029-07-16","743","0.999998","7.2638","breakeven","IPCA + 7,2638%","2026-07-24","Fora do Período de Exercício"
"MRSAB1","Futuro","2027-09-15","286","0.999994","6.3439","breakeven","IPCA + 6,3439%","2026-07-24","Fora do Período de Exercício"
"MRSAB2","Futuro","2028-09-15","538","0.999992","6.5514","breakeven","IPCA + 6,5514%","2026-07-24","Fora do Período de Exercício"
"MRSAB3","Futuro","2029-07-16","743","0.999989","6.8437","breakeven","IPCA + 6,8437%","2026-07-24","Fora do Período de Exercício"
"MRSAC1","Futuro","2027-09-15","286","0.999988","6.4496","breakeven","IPCA + 6,4496%","2026-07-24","Fora do Período de Exercício"
"MRSAC2","Futuro","2028-09-15","538","0.999987","6.5796","breakeven","IPCA + 6,5796%","2026-07-24","Fora do Período de Exercício"
"NNAE12","Futuro","2027-12-20","351","1.059739","8.2707","breakeven","IPCA + 9,5%","2026-07-24","Fora do Período de Exercício"
"NTSDA1","Futuro","2030-03-11","904","0.999987","6.3198","breakeven","IPCA + 6,3198%","2026-07-24","Fora do Período de Exercício"
"ONZE21","Futuro","2029-11-16","828","1.048395","8.0013","breakeven","IPCA + 8,74%","2026-07-24","Fora do Período de Exercício"
"ORIG12","Futuro","2029-06-15","722","1.054798","8.31","breakeven","IPCA + 10,0361%","2026-07-24","Fora do Período de Exercício"
"ORVR16","Futuro","2029-12-17","848","0.999991","7.9283","breakeven","IPCA + 7,9283%","2026-07-24","Fora do Período de Exercício"
"PALFA3","Futuro","2027-10-15","307","0.999996","6.1774","breakeven","IPCA + 6,1774%","2026-07-24","Fora do Período de Exercício"
"PALFA7","Futuro","2029-09-17","787","0.999993","6.8967","breakeven","IPCA + 6,8967%","2026-07-24","Fora do Período de Exercício"
"PALFB3","Futuro","2027-10-15","307","0.999994","6.1753","breakeven","IPCA + 6,1753%","2026-07-24","Fora do Período de Exercício"
"PALFB6","Futuro","2029-02-15","639","0.999992","7.7082","breakeven","IPCA + 7,7082%","2026-07-24","Fora do Período de Exercício"
"PEJA11","Futuro","2026-08-17","16","0.999994","7.41","breakeven","IPCA + 7,41%","2026-07-24","Fora do Período de Exercício"
"PEJA22","Futuro","2028-02-15","392","0.999994","6.4662","breakeven","IPCA + 6,4662%","2026-07-24","Fora do Período de Exercício"
"PEJA23","Futuro","2028-04-17","433","0.999995","6.5102","breakeven","IPCA + 6,5102%","2026-07-24","Fora do Período de Exercício"
"POTE11","Futuro","2027-12-15","348","0.999986","7.3706","breakeven","IPCA + 7,3706%","2026-07-24","Fora do Período de Exercício"
"POTE12","Futuro","2028-04-17","433","0.999984","7.0416","breakeven","IPCA + 7,0416%","2026-07-24","Fora do Período de Exercício"
"PTAZ11","Futuro","2041-04-15","3687","0.999987","5.6904","breakeven","IPCA + 5,6904%","2026-07-24","Fora do Período de Exercício"
"QMCT14","Futuro","2029-08-15","765","1.039646","8.31","breakeven","IPCA + 9,6588%","2026-07-24","Fora do Período de Exercício"
"RALM21","Futuro","2028-10-16","558","0.999981","7.8293","breakeven","IPCA + 7,8293%","2026-07-24","Fora do Período de Exercício"
"RDOE18","Futuro","2028-04-17","433","0.999997","5.95","breakeven","IPCA + 5,95%","2026-07-24","Fora do Período de Exercício"
"RECV11","Futuro","2028-05-15","451","0.999996","7.3249","breakeven","IPCA + 7,3249%","2026-07-24","Fora do Período de Exercício"
"RECV14","Futuro","2029-12-17","848","0.999996","7.4564","breakeven","IPCA + 7,4564%","2026-07-24","Fora do Período de Exercício"
"RECV24","Futuro","2029-12-17","848","0.999994","7.2833","breakeven","IPCA + 7,2833%","2026-07-24","Fora do Período de Exercício"
"RENTD1","Futuro","2027-12-20","351","1.022012","8.2707","breakeven","IPCA + 8,867%","2026-07-24","Fora do Período de Exercício"
"RIS412","Futuro","2027-07-15","243","0.999992","6.9","breakeven","IPCA + 6,9%","2026-07-24","Fora do Período de Exercício"
"RIS414","Futuro","2028-03-15","411","0.999992","7.3591","breakeven","IPCA + 7,3591%","2026-07-24","Fora do Período de Exercício"
"RIS422","Futuro","2027-07-15","243","0.999984","7.2","breakeven","IPCA + 7,2%","2026-07-24","Fora do Período de Exercício"
"RIS424","Futuro","2028-03-15","411","0.999986","7.692","breakeven","IPCA + 7,692%","2026-07-24","Fora do Período de Exercício"
"RISP12","Futuro","2027-07-15","243","0.999992","6.9","breakeven","IPCA + 6,9%","2026-07-24","Fora do Período de Exercício"
"RISP14","Futuro","2028-03-15","411","0.999992","7.3591","breakeven","IPCA + 7,3591%","2026-07-24","Fora do Período de Exercício"
"RISP22","Futuro","2027-07-15","243","0.999984","7.2","breakeven","IPCA + 7,2%","2026-07-24","Fora do Período de Exercício"
"RISP24","Futuro","2028-03-15","411","0.999986","7.692","breakeven","IPCA + 7,692%","2026-07-24","Fora do Período de Exercício"
"RLMS13","Futuro","2029-07-16","743","1.010544","8.0013","breakeven","IPCA + 8,1674%","2026-07-24","Fora do Período de Exercício"
"RMSA12","Futuro","2026-10-15","57","0.999986","7.6179","breakeven","IPCA + 7,6179%","2026-07-24","Fora do Período de Exercício"
"RPTA14","Futuro","2029-06-15","722","0.999994","8.5334","breakeven","IPCA + 8,5334%","2026-07-24","Fora do Período de Exercício"
"RRRP13","Futuro","2027-10-15","307","1.001293","8.3697","breakeven","IPCA + 8,4166%","2026-07-24","Fora do Período de Exercício"
"RSAN16","Futuro","2028-09-15","538","0.999994","6.9875","breakeven","IPCA + 6,9875%","2026-07-24","Fora do Período de Exercício"
"RSAN26","Futuro","2028-09-15","538","0.99999","7.4224","breakeven","IPCA + 7,4224%","2026-07-24","Fora do Período de Exercício"
"RUMOA7","Futuro","2027-08-16","265","0.999998","5.76","breakeven","IPCA + 5,76%","2026-07-24","Fora do Período de Exercício"
"RUMOB7","Futuro","2027-08-16","265","0.999994","6.183","breakeven","IPCA + 6,183%","2026-07-24","Fora do Período de Exercício"
"SAELA7","Futuro","2029-10-15","806","0.999995","7.2318","breakeven","IPCA + 7,2318%","2026-07-24","Fora do Período de Exercício"
"SAELB7","Futuro","2029-10-15","806","0.999987","7.1146","breakeven","IPCA + 7,1146%","2026-07-24","Fora do Período de Exercício"
"SAELB8","Futuro","2030-02-25","896","0.999993","6.6675","breakeven","IPCA + 6,6675%","2026-07-24","Fora do Período de Exercício"
"SAUC16","Futuro","2030-03-15","908","1.082848","8.3697","breakeven","IPCA + 13,3904%","2026-07-24","Fora do Período de Exercício"
"SBSPE3","Futuro","2029-01-15","618","0.999997","7.5485","breakeven","IPCA + 7,5485%","2026-07-24","Fora do Período de Exercício"
"SBSPF3","Futuro","2029-01-15","618","0.999994","7.3837","breakeven","IPCA + 7,3837%","2026-07-24","Fora do Período de Exercício"
"SBSPI8","Futuro","2030-02-15","890","0.999995","6.2907","breakeven","IPCA + 6,2907%","2026-07-24","Fora do Período de Exercício"
"SBSPJ8","Futuro","2030-02-15","890","0.99999","6.3507","breakeven","IPCA + 6,3507%","2026-07-24","Fora do Período de Exercício"
"SBSPK8","Futuro","2030-02-15","890","0.99999","6.2467","breakeven","IPCA + 6,2467%","2026-07-24","Fora do Período de Exercício"
"SERI11","Futuro","2028-04-17","433","0.999983","6.783","breakeven","IPCA + 6,783%","2026-07-24","Fora do Período de Exercício"
"SRNA11","Futuro","2029-02-15","639","0.999993","8.2427","breakeven","IPCA + 8,2427%","2026-07-24","Fora do Período de Exercício"
"STBP35","Futuro","2028-08-15","516","0.999995","6.3936","breakeven","IPCA + 6,3936%","2026-07-24","Fora do Período de Exercício"
"STBP45","Futuro","2028-08-15","516","0.999989","6.5408","breakeven","IPCA + 6,5408%","2026-07-24","Fora do Período de Exercício"
"STRZ11","Futuro","2028-03-15","411","0.999985","6.9343","breakeven","IPCA + 6,9343%","2026-07-24","Fora do Período de Exercício"
"SUMI17","Futuro","2028-07-17","495","0.999997","7.749","breakeven","IPCA + 7,749%","2026-07-24","Fora do Período de Exercício"
"SUMI18","Futuro","2028-10-16","558","1.003192","8.3697","breakeven","IPCA + 8,5214%","2026-07-24","Fora do Período de Exercício"
"SUMI19","Futuro","2029-04-16","680","1.024843","8.2963","breakeven","IPCA + 9,4735%","2026-07-24","Fora do Período de Exercício"
"SUMI37","Futuro","2028-07-17","495","0.999994","8.0993","breakeven","IPCA + 8,0993%","2026-07-24","Fora do Período de Exercício"
"SUZB19","Futuro","2027-06-15","221","0.999997","6.0188","breakeven","IPCA + 6,0188%","2026-07-24","Fora do Período de Exercício"
"SUZB29","Futuro","2027-06-15","221","0.999995","6.2477","breakeven","IPCA + 6,2477%","2026-07-24","Fora do Período de Exercício"
"SUZBA0","Futuro","2027-09-15","286","0.99999","6.1889","breakeven","IPCA + 6,1889%","2026-07-24","Fora do Período de Exercício"
"SUZBC1","Futuro","2028-05-15","451","0.999992","6.11","breakeven","IPCA + 6,11%","2026-07-24","Fora do Período de Exercício"
"TAEEA7","Futuro","2029-01-15","618","0.999989","7.169","breakeven","IPCA + 7,169%","2026-07-24","Fora do Período de Exercício"
"TAEEA8","Futuro","2029-07-16","743","0.999998","7.1499","breakeven","IPCA + 7,1499%","2026-07-24","Fora do Período de Exercício"
"TAEEB0","Futuro","2029-12-17","848","0.999998","6.4712","breakeven","IPCA + 6,4712%","2026-07-24","Fora do Período de Exercício"
"TAEEB8","Futuro","2029-07-16","743","0.999994","7.0564","breakeven","IPCA + 7,0564%","2026-07-24","Fora do Período de Exercício"
"TEPA11","Futuro","2027-03-15","158","1.019924","8.5172","breakeven","IPCA + 9,6888%","2026-07-24","Fora do Período de Exercício"
"TEPA12","Futuro","2028-07-17","495","1.026377","8.3199","breakeven","IPCA + 10,0924%","2026-07-24","Fora do Período de Exercício"
"TEPA13","Futuro","2029-03-15","659","1.054049","8.3697","breakeven","IPCA + 11,5593%","2026-07-24","Fora do Período de Exercício"
"TRPLA4","Futuro","2027-10-15","307","0.999994","6.2607","breakeven","IPCA + 6,2607%","2026-07-24","Fora do Período de Exercício"
"TRPLA7","Futuro","2028-10-16","558","0.999999","6.7119","breakeven","IPCA + 6,7119%","2026-07-24","Fora do Período de Exercício"
"TRPLB4","Futuro","2027-10-15","307","0.999988","6.4364","breakeven","IPCA + 6,4364%","2026-07-24","Fora do Período de Exercício"
"TRPLB7","Futuro","2028-10-16","558","0.999988","6.6052","breakeven","IPCA + 6,6052%","2026-07-24","Fora do Período de Exercício"
"TRRG12","Futuro","2029-01-15","618","0.999995","7.4367","breakeven","IPCA + 7,4367%","2026-07-24","Fora do Período de Exercício"
"TSSG21","Futuro","2027-12-15","348","0.999994","5.9851","breakeven","IPCA + 5,9851%","2026-07-24","Fora do Período de Exercício"
"TUPW21","Futuro","2029-04-16","680","0.999992","8.2194","breakeven","IPCA + 8,2194%","2026-07-24","Fora do Período de Exercício"
"ULFT14","Futuro","2029-10-15","806","0.999992","6.6729","breakeven","IPCA + 6,6729%","2026-07-24","Fora do Período de Exercício"
"UNEG11","Futuro","2027-07-15","243","0.999986","5.92","breakeven","IPCA + 5,92%","2026-07-24","Fora do Período de Exercício"
"USAS12","Futuro","2029-09-17","787","0.999994","8.0857","breakeven","IPCA + 8,0857%","2026-07-24","Fora do Período de Exercício"
"USAS22","Futuro","2029-09-17","787","0.999993","8.1432","breakeven","IPCA + 8,1432%","2026-07-24","Fora do Período de Exercício"
"USNA13","Futuro","2029-07-16","743","1.013578","8.2963","breakeven","IPCA + 9,0161%","2026-07-24","Fora do Período de Exercício"
"VALEA0","Futuro","2028-10-16","558","0.999993","6.3837","breakeven","IPCA + 6,3837%","2026-07-24","Fora do Período de Exercício"
"VALEB0","Futuro","2028-10-16","558","0.999993","6.4368","breakeven","IPCA + 6,4368%","2026-07-24","Fora do Período de Exercício"
"VALEB1","Futuro","2029-05-15","700","0.999998","6.8881","breakeven","IPCA + 6,8881%","2026-07-24","Fora do Período de Exercício"
"VALEC0","Futuro","2028-10-16","558","0.99999","6.4203","breakeven","IPCA + 6,4203%","2026-07-24","Fora do Período de Exercício"
"VALEC1","Futuro","2029-05-15","700","0.999994","6.7624","breakeven","IPCA + 6,7624%","2026-07-24","Fora do Período de Exercício"
"VALED1","Futuro","2029-05-15","700","0.999991","6.7946","breakeven","IPCA + 6,7946%","2026-07-24","Fora do Período de Exercício"
"VAMO33","Futuro","2027-06-15","221","0.999994","6.3605","breakeven","IPCA + 6,3605%","2026-07-24","Fora do Período de Exercício"
"VBBRA0","Futuro","2030-03-15","908","0.999994","7.38","breakeven","IPCA + 7,38%","2026-07-24","Fora do Período de Exercício"
"VERO12","Futuro","2027-03-17","160","1.013949","8.5172","breakeven","IPCA + 9,34%","2026-07-24","Fora do Período de Exercício"
"VERO13","Futuro","2028-03-15","411","1.00058","8.3697","breakeven","IPCA + 8,4041%","2026-07-24","Fora do Período de Exercício"
"VERO24","Futuro","2028-02-15","392","1.001421","8.2963","breakeven","IPCA + 8,3524%","2026-07-24","Fora do Período de Exercício"
"VERO25","Futuro","2029-07-16","743","1.020369","8.2963","breakeven","IPCA + 9,2618%","2026-07-24","Fora do Período de Exercício"
"VERO35","Futuro","2029-07-16","743","1.038484","8.2707","breakeven","IPCA + 9,2707%","2026-07-24","Fora do Período de Exercício"
"VERO44","Futuro","2028-10-16","558","1.016574","8.2707","breakeven","IPCA + 8,7014%","2026-07-24","Fora do Período de Exercício"
"VLIM14","Futuro","2027-09-15","286","0.999997","6.4512","breakeven","IPCA + 6,4512%","2026-07-24","Fora do Período de Exercício"
"VLIM15","Futuro","2028-04-17","433","0.999998","6.1062","breakeven","IPCA + 6,1062%","2026-07-24","Fora do Período de Exercício"
"VLIM16","Futuro","2028-11-16","579","0.999993","6.867","breakeven","IPCA + 6,867%","2026-07-24","Fora do Período de Exercício"
"VLIM17","Futuro","2029-04-16","680","0.999993","7.0166","breakeven","IPCA + 7,0166%","2026-07-24","Fora do Período de Exercício"
"VLIM18","Futuro","2029-10-15","806","0.999992","6.6729","breakeven","IPCA + 6,6729%","2026-07-24","Fora do Período de Exercício"
"VLIM19","Futuro","2030-03-15","908","0.999993","6.4988","breakeven","IPCA + 6,4988%","2026-07-24","Fora do Período de Exercício"
"VLIM26","Futuro","2028-11-16","579","0.99999","6.7166","breakeven","IPCA + 6,7166%","2026-07-24","Fora do Período de Exercício"
"VLIM27","Futuro","2029-04-16","680","0.99999","6.9582","breakeven","IPCA + 6,9582%","2026-07-24","Fora do Período de Exercício"
"VLIM28","Futuro","2029-10-15","806","0.999991","6.7052","breakeven","IPCA + 6,7052%","2026-07-24","Fora do Período de Exercício"
"WNTY12","Futuro","2029-08-15","765","1.007998","8.2963","breakeven","IPCA + 8,6044%","2026-07-24","Fora do Período de Exercício"
