Data,Ativo,Indexador,DurationAnos,FonteDur,VolMercado,nNegMercado,PU_mid,Taxa_mid,RefSpread,Spread,SpreadFmt,VolDobradoTotal,VolSobraDobrada,PctMercadoEcon
2026-03-18,NTEN11,IPCA_SPREAD,1.88,anbima,0,0,,,,,,26853560,26853560,0.0
2026-03-18,HAPVA0,DI_SPREAD,3.90,anbima,0,0,,,,,,26880321,26880321,0.0
2026-03-18,RDORD4,DI_SPREAD,3.55,anbima,0,0,,,,,,93543587,93543587,0.0
2026-03-18,ASAI19,DI_SPREAD,1.81,anbima,4430204,1,1038.0047,3.0000,CDI,3,CDI +3.00%,88568214,79707805,10.0
2026-03-18,ASAIA2,DI_SPREAD,2.69,anbima,0,0,,,,,,30781009,30781009,0.0
2026-03-18,HAPV15,DI_SPREAD,2.71,anbima,8786023,2,891.6200,7.0867,CDI,7.0867,CDI +7.09%,17608767,36721,99.8
2026-03-18,CEEDA0,DI_SPREAD,3.58,anbima,6584452,2,1049.3151,0.8202,CDI,0.8202,CDI +0.82%,77570015,64401111,17.0
2026-03-18,EUFA17,DI_SPREAD,2.73,anbima,5141386,6,1002.0242,1.2348,CDI,1.2348,CDI +1.23%,80200847,69918075,12.8
2026-03-18,SMFTA2,DI_SPREAD,2.75,anbima,0,0,,,,,,25060706,25060706,0.0
2026-03-18,ASAIA0,DI_SPREAD,2.04,anbima,2548287,1,996.5925,3.0000,CDI,3,CDI +3.00%,13861579,8765005,36.8
2026-03-18,TBSP12,DI_SPREAD,2.77,anbima,0,0,,,,,,10680640,10680640,0.0
2026-03-18,URBI13,,10.44,0.70xprazo,0,0,,,,,,361554995,361554995,0.0
2026-03-18,UNEG11,IPCA_SPREAD,6.65,anbima,43331662,2,1167.6546,8.0561,B35,62,B35 +62bps,104720835,18057511,82.8
2026-03-18,APFD19,IPCA_SPREAD,2.63,anbima,1049850,2,1076.7693,7.6659,B29,-35,B29 −35bps,20022106,17922406,10.5
2026-03-18,AXIA18,IPCA_SPREAD,5.21,anbima,9887089,1,988.7088,7.2020,B32,-54,B32 −54bps,80897251,61123074,24.4
2026-03-18,IVIAA0,IPCA_SPREAD,5.67,anbima,2290497,3,1028.0506,8.1372,B33,40,B33 +40bps,10665723,6084729,43.0
2026-03-18,CBAN12,IPCA_SPREAD,4.18,anbima,15998,1,1454.3400,6.7951,B31,-120,B31 −120bps,14733573,14701577,0.2
2026-03-18,CPLDA1,IPCA_SPREAD,6.82,anbima,0,0,,,,,,187398548,187398548,0.0
2026-03-18,CPGTA1,IPCA_SPREAD,6.82,anbima,0,0,,,,,,11584298,11584298,0.0
2026-03-18,BLMN12,IPCA_SPREAD,2.33,anbima,3529565,1,1102.9892,7.3580,B29,-66,B29 −66bps,21814015,14754884,32.4
2026-03-18,UQFN15,DI_SPREAD,2.95,anbima,88931,1,1022.1973,1.8196,CDI,1.8196,CDI +1.82%,62534792,62356930,0.3
2026-03-18,RDORI6,DI_SPREAD,5.57,anbima,0,0,,,,,,20013332,20013332,0.0
2026-03-18,PASS13,DI_SPREAD,2.15,anbima,419364,2,1008.0863,0.8039,CDI,0.8039,CDI +0.80%,11277980,10439252,7.4
2026-03-18,ASAIA1,DI_SPREAD,2.16,anbima,21013225,1,1032.2359,3.0000,CDI,3,CDI +3.00%,53713901,11687451,78.2
2026-03-18,PLSB1A,IPCA_SPREAD,2.82,anbima,9091056,5,1164.4749,8.3281,B29,31,B29 +31bps,21552283,3370172,84.4
2026-03-18,CESE32,IPCA_SPREAD,3.14,anbima,9707773,2,1126.4531,7.2858,B30,-71,B30 −71bps,27563399,8147854,70.4
2026-03-18,RDORF8,DI_SPREAD,4.82,anbima,0,0,,,,,,58799312,58799312,0.0
2026-03-18,FENS12,DI_SPREAD,3.39,anbima,0,0,,,,,,106501346,106501346,0.0
2026-03-18,TIET29,IPCA_SPREAD,1.52,anbima,0,0,,,,,,20201876,20201876,0.0
2026-03-18,SERI11,IPCA_SPREAD,4.86,anbima,5002733,1,1014.7531,7.6920,B32,-5,B32 −5bps,10005465,0,100.0
2026-03-18,CEEBD1,PREFIXADO,4.44,anbima,14992,1,999.4703,12.4620,,,,102115351,102085366,0.0
2026-03-18,SBSPF3,IPCA_SPREAD,8.18,anbima,2188628,4,1117.2169,6.7968,B37,-63,B37 −63bps,10289758,5912503,42.5
2026-03-18,ISAEA9,IPCA_SPREAD,8.83,anbima,8658119,1,1057.9325,6.8577,B40,-29,B40 −29bps,43586390,26270152,39.7
2026-03-18,SUZB19,IPCA_SPREAD,3.47,anbima,0,0,,,,,,21037221,21037221,0.0
2026-03-18,CGOS19,DI_SPREAD,3.75,anbima,41989703,4,1049.5851,0.8457,CDI,0.8457,CDI +0.85%,94915723,10936317,88.5
2026-03-18,BCBF16,DI_SPREAD,0.64,anbima,0,0,,,,,,18421806,18421806,0.0
2026-03-18,AURE12,IPCA_SPREAD,5.38,anbima,9530786,1,1058.9762,7.2707,B33,-47,B33 −47bps,48905467,29843895,39.0
2026-03-18,TAEE17,IPCA_SPREAD,6.82,anbima,0,0,,,,,,20527355,20527355,0.0
2026-03-18,CSRNB2,IPCA_SPREAD,5.33,anbima,0,0,,,,,,13566028,13566028,0.0
2026-03-18,ALUP18,IPCA_SPREAD,5.70,anbima,16542951,1,1056.5849,7.1571,B33,-58,B33 −58bps,37543076,4457175,88.1
2026-03-18,AURP13,IPCA_SPREAD,7.20,anbima,0,0,,,,,,18589202,18589202,0.0
2026-03-18,HARG11,IPCA_SPREAD,5.00,anbima,6162032,1,1141.1171,7.5791,B32,-16,B32 −16bps,17967162,5643098,68.6
2026-03-18,MGPRA0,IPCA_SPREAD,7.73,anbima,5374161,2,1013.9926,,,,,40656063,29907742,26.4
2026-03-18,RIPR22,IPCA_SPREAD,3.51,anbima,1205314,1,1205.3140,7.0976,B30,-90,B30 −90bps,10842934,8432305,22.2
2026-03-18,BCPSA7,IPCA_SPREAD,6.45,anbima,0,0,,,,,,21500191,21500191,0.0
2026-03-18,TBSP22,DI_SPREAD,3.85,anbima,12067908,2,1029.2459,,,,,65711711,41575895,36.7
2026-03-18,TAEEB0,IPCA_SPREAD,11.98,anbima,289858,1,1027.8656,6.4801,B50,-43,B50 −43bps,21873182,21293465,2.7
2026-03-18,SBSPK8,IPCA_SPREAD,8.84,anbima,1995,1,997.6716,6.3450,B40,-81,B40 −81bps,13755439,13751448,0.0
2026-03-18,FURN21,IPCA_SPREAD,1.68,anbima,3027427,3,1346.1215,,,,,23759917,17705063,25.5
2026-03-18,CMGDB0,IPCA_SPREAD,5.25,anbima,0,0,,,,,,33810340,33810340,0.0
2026-03-18,EGIEA6,IPCA_SPREAD,7.71,anbima,175282680,4,957.8289,,,,,643275407,292710047,54.5
2026-03-18,CLAG15,IPCA_SPREAD,4.74,anbima,1060967,1,1014.3086,8.1300,B32,39,B32 +39bps,12112745,9990811,17.5
2026-03-18,COLNA3,DI_SPREAD,3.17,anbima,30659277,1,1021.9759,0.9008,CDI,0.9008,CDI +0.90%,61715317,396763,99.4
2026-03-18,VBBR18,DI_SPREAD,3.34,anbima,0,0,,,,,,25441555,25441555,0.0
2026-03-18,ENGIC4,DI_SPREAD,3.79,anbima,0,0,,,,,,59223091,59223091,0.0
2026-03-18,CSAN23,DI_SPREAD,2.90,anbima,0,0,,,,,,10045916,10045916,0.0
2026-03-18,CSNAA2,DI_SPREAD,0.82,anbima,23918,1,824.7442,26.5051,CDI,26.5051,CDI +26.51%,67241501,67193666,0.1
2026-03-18,SBSPJ8,IPCA_SPREAD,7.96,anbima,0,0,,,,,,13563515,13563515,0.0
2026-03-18,CGASA2,IPCA_SPREAD,7.36,anbima,18235269,3,1072.6629,7.2269,B37,-20,B37 −20bps,39112324,2641786,93.2
2026-03-18,PSAN23,DI_SPREAD,2.70,anbima,0,0,,,,,,59886948,59886948,0.0
2026-03-18,BRMLB1,DI_SPREAD,4.31,anbima,131838,1,1021.9993,0.7181,CDI,0.7181,CDI +0.72%,31664514,31400838,0.8
2026-03-18,MULTB5,DI_SPREAD,4.46,anbima,0,0,,,,,,20329505,20329505,0.0
2026-03-18,SUZBB1,DI_SPREAD,4.54,anbima,0,0,,,,,,20994204,20994204,0.0
2026-03-18,RDORD3,DI_SPREAD,4.60,anbima,0,0,,,,,,63503928,63503928,0.0
2026-03-18,NTSD36,DI_SPREAD,4.05,anbima,0,0,,,,,,62208353,62208353,0.0
2026-03-18,RDORG6,DI_SPREAD,3.92,anbima,0,0,,,,,,162392054,162392054,0.0
2026-03-18,MNRVA1,DI_SPREAD,0.23,anbima,0,0,,,,,,15533779,15533779,0.0
2026-03-18,CVRDA6,IGP-M,51.65,0.70xprazo,0,0,,,,,,23795693,23795693,0.0
2026-03-18,ELET14,IPCA_SPREAD,3.57,anbima,3617715,7,1083.1483,7.2212,B30,-78,B30 −78bps,15028278,7792847,48.1
2026-03-18,AZZA12,DI_SPREAD,2.67,anbima,5270016,1,1007.0735,1.4150,CDI,1.415,CDI +1.42%,49988131,39448100,21.1
2026-03-18,AZZA11,DI_SPREAD,2.48,anbima,4822739,1,1068.1591,,,,,50012215,40366738,19.3
2026-03-18,CPGT39,DI_SPREAD,4.43,anbima,0,0,,,,,,11341979,11341979,0.0
2026-03-18,CPTE12,DI_SPREAD,2.36,anbima,0,0,,,,,,11972281,11972281,0.0
2026-03-18,CHSF12,DI_SPREAD,2.24,anbima,0,0,,,,,,26759326,26759326,0.0
2026-03-18,RDORB9,DI_SPREAD,2.92,anbima,0,0,,,,,,25498621,25498621,0.0
2026-03-18,ISAEB8,IPCA_SPREAD,4.88,anbima,20660,1,1087.3535,6.4508,B32,-129,B32 −129bps,10960012,10918693,0.4
2026-03-18,ORMA16,DI_SPREAD,3.97,anbima,0,0,,,,,,22023914,22023914,0.0
2026-03-18,QYAN11,DI_SPREAD,3.35,anbima,0,0,,,,,,12011279,12011279,0.0
2026-03-18,HBSA14,DI_SPREAD,1.68,anbima,0,0,,,,,,16288855,16288855,0.0
2026-03-18,TFLE19,DI_SPREAD,2.96,anbima,0,0,,,,,,10003611,10003611,0.0
2026-03-18,CHSF13,IPCA_SPREAD,4.17,anbima,0,0,,,,,,52722227,52722227,0.0
2026-03-18,ACHE15,,4.02,0.70xprazo,0,0,,,,,,20712194,20712194,0.0
2026-03-18,HYPEA7,DI_SPREAD,1.67,anbima,0,0,,,,,,83994027,83994027,0.0
2026-03-18,CAMLB1,DI_SPREAD,1.54,anbima,0,0,,,,,,40203027,40203027,0.0
2026-03-18,RDORC4,DI_SPREAD,1.04,anbima,0,0,,,,,,21379816,21379816,0.0
2026-03-18,CMTR29,IPCA_SPREAD,3.01,anbima,0,0,,,,,,41888445,41888445,0.0
2026-03-18,MOTVB9,IPCA_SPREAD,7.30,anbima,0,0,,,,,,61641718,61641718,0.0
2026-03-18,RDORE4,DI_SPREAD,4.65,anbima,0,0,,,,,,45474984,45474984,0.0
2026-03-18,CERT11,IPCA_SPREAD,2.62,anbima,0,0,,,,,,175096753,175096753,0.0
2026-03-18,CVRN11,,13.84,0.70xprazo,0,0,,,,,,40000600,40000600,0.0
2026-03-18,FTPR12,,4.25,0.70xprazo,0,0,,,,,,21999402,21999402,0.0
2026-03-18,RDORB3,DI_SPREAD,3.41,anbima,0,0,,,,,,11985921,11985921,0.0
2026-03-18,RDORC7,DI_SPREAD,1.66,anbima,0,0,,,,,,24152793,24152793,0.0
2026-03-18,RDORG9,DI_SPREAD,4.95,anbima,0,0,,,,,,72828713,72828713,0.0
2026-03-18,RDORF1,DI_SPREAD,4.21,anbima,0,0,,,,,,33057154,33057154,0.0
2026-03-18,RDORD9,DI_SPREAD,0.25,0.70xprazo,6990002,1,1047.5051,1.4861,CDI,1.4861,CDI +1.49%,13980003,0,100.0
2026-03-18,COMT11,IPCA_SPREAD,3.78,anbima,0,0,,,,,,184895437,184895437,0.0
2026-03-18,ENEVA4,IPCA_SPREAD,7.02,anbima,29357406,1,978.5802,7.2328,B35,-21,B35 −21bps,169238865,110524053,34.7
2026-03-18,CMGDA4,IPCA_SPREAD,7.26,anbima,0,0,,,,,,122223331,122223331,0.0
2026-03-18,PCHSB6,,4.16,0.70xprazo,0,0,,,,,,133825917,133825917,0.0
2026-03-18,ASHS12,,12.25,0.70xprazo,0,0,,,,,,23145375,23145375,0.0
2026-03-18,TSSG14,DI_SPREAD,2.16,anbima,0,0,,,,,,20074374,20074374,0.0
2026-03-18,CAPP11,,1.34,0.70xprazo,0,0,,,,,,20099161,20099161,0.0
2026-03-18,PALFA6,DI_SPREAD,2.44,anbima,0,0,,,,,,20066322,20066322,0.0
2026-03-18,NTSDA0,DI_SPREAD,3.50,anbima,0,0,,,,,,40020210,40020210,0.0
2026-03-18,CIEL17,DI_SPREAD,1.29,anbima,0,0,,,,,,20006188,20006188,0.0
2026-03-18,EXSE11,,3.91,0.70xprazo,0,0,,,,,,25016105,25016105,0.0
2026-03-18,PSAN13,DI_SPREAD,2.42,anbima,0,0,,,,,,42679854,42679854,0.0
2026-03-18,ELTN16,DI_SPREAD,3.57,anbima,0,0,,,,,,10003602,10003602,0.0
2026-03-19,HAPVA0,DI_SPREAD,3.90,anbima,29130060,3,776.3668,9.1910,CDI,9.191,CDI +9.19%,286241013,227980893,20.4
2026-03-19,ENGIC4,DI_SPREAD,3.79,anbima,1001340,4,1000.3401,0.7837,CDI,0.7837,CDI +0.78%,125658034,123655353,1.6
2026-03-19,HAPV15,DI_SPREAD,2.71,anbima,43656078,1,768.1602,13.0001,CDI,13.0001,CDI +13.00%,119438346,32126191,73.1
2026-03-19,VBBR26,DI_SPREAD,4.19,anbima,281072,2,1072.7924,1.2000,CDI,1.2,CDI +1.20%,26811183,26249040,2.1
2026-03-19,EXSE11,,3.91,0.70xprazo,61922379,1,1055.2193,1.0000,,,,147040037,23195279,84.2
2026-03-19,ELTN16,DI_SPREAD,3.57,anbima,0,0,,,,,,11249154,11249154,0.0
2026-03-19,MULTB5,DI_SPREAD,4.46,anbima,0,0,,,,,,11309872,11309872,0.0
2026-03-19,CGASA2,IPCA_SPREAD,7.36,anbima,0,0,,,,,,16247252,16247252,0.0
2026-03-19,ENTV12,IPCA_SPREAD,2.28,anbima,0,0,,,,,,22388564,22388564,0.0
2026-03-19,BRMLB1,DI_SPREAD,4.31,anbima,0,0,,,,,,21063046,21063046,0.0
2026-03-19,AXIA18,IPCA_SPREAD,5.21,anbima,20912453,4,981.3906,7.3530,B32,-52,B32 −52bps,57134612,15309706,73.2
2026-03-19,CMGDA2,DI_SPREAD,3.56,anbima,0,0,,,,,,141240858,141240858,0.0
2026-03-19,MGPRA0,IPCA_SPREAD,7.73,anbima,31632628,5,1011.3703,,,,,77094615,13829358,82.1
2026-03-19,ASAI19,DI_SPREAD,1.81,anbima,0,0,,,,,,25494288,25494288,0.0
2026-03-19,ASAIA2,DI_SPREAD,2.69,anbima,0,0,,,,,,16605917,16605917,0.0
2026-03-19,VBBR18,DI_SPREAD,3.34,anbima,0,0,,,,,,28240754,28240754,0.0
2026-03-19,RDORE4,DI_SPREAD,4.65,anbima,1070917,1,1000.8565,1.3251,CDI,1.3251,CDI +1.33%,32844120,30702287,6.5
2026-03-19,CVRN11,,13.84,0.70xprazo,0,0,,,,,,40029811,40029811,0.0
2026-03-19,PLII11,,8.31,0.70xprazo,0,0,,,,,,27509077,27509077,0.0
2026-03-19,RUMOA4,IPCA_SPREAD,2.44,anbima,0,0,,,,,,12358864,12358864,0.0
2026-03-19,CPLDA0,DI_SPREAD,2.50,anbima,0,0,,,,,,27683555,27683555,0.0
2026-03-19,CPGT39,DI_SPREAD,4.43,anbima,0,0,,,,,,12646650,12646650,0.0
2026-03-19,CPLDA1,IPCA_SPREAD,6.82,anbima,507756,1,1015.5118,7.2320,B35,-35,B35 −35bps,16506515,15491003,6.2
2026-03-19,ECRD14,IPCA_SPREAD,8.55,anbima,0,0,,,,,,13865161,13865161,0.0
2026-03-19,CEEDA0,DI_SPREAD,3.58,anbima,0,0,,,,,,37743905,37743905,0.0
2026-03-19,EUFA17,DI_SPREAD,2.73,anbima,0,0,,,,,,34612284,34612284,0.0
2026-03-19,NTSDA0,DI_SPREAD,3.50,anbima,9483992,1,1010.1173,0.8900,CDI,0.89,CDI +0.89%,33909945,14941962,55.9
2026-03-19,CBAN52,IPCA_SPREAD,4.17,anbima,0,0,,,,,,39085827,39085827,0.0
2026-03-19,PLSB1A,IPCA_SPREAD,2.82,anbima,2738144,10,1162.6940,8.3940,B29,30,B29 +30bps,15346441,9870152,35.7
2026-03-19,IRJS15,IPCA_SPREAD,6.61,anbima,0,0,,,,,,10794171,10794171,0.0
2026-03-19,CPLDB0,DI_SPREAD,4.00,anbima,0,0,,,,,,19178184,19178184,0.0
2026-03-19,GEPAA0,,2.34,0.70xprazo,0,0,,,,,,39469700,39469700,0.0
2026-03-19,URBI13,,10.44,0.70xprazo,0,0,,,,,,18386522,18386522,0.0
2026-03-19,CBAN12,IPCA_SPREAD,4.18,anbima,167815,1,1422.1573,7.3431,B31,-75,B31 −75bps,11403699,11068070,2.9
2026-03-19,ALGTA4,IPCA_SPREAD,4.76,anbima,117055,1,1017.8688,8.6485,B32,78,B32 +78bps,11039865,10805755,2.1
2026-03-19,EGIEA6,IPCA_SPREAD,7.71,anbima,8082094,1,950.8346,6.9325,B37,-63,B37 −63bps,336229220,320065032,4.8
2026-03-19,COMR14,IPCA_SPREAD,5.20,anbima,10035631,1,1067.6203,8.4421,B32,57,B32 +57bps,42242861,22171598,47.5
2026-03-19,CGOS19,DI_SPREAD,3.75,anbima,0,0,,,,,,10885309,10885309,0.0
2026-03-19,CCROB6,IPCA_SPREAD,5.48,anbima,0,0,,,,,,25178807,25178807,0.0
2026-03-19,TAEEB0,IPCA_SPREAD,11.98,anbima,0,0,,,,,,46482126,46482126,0.0
2026-03-19,VERO12,IPCA_SPREAD,2.80,0.70xprazo,0,0,,,,,,22105569,22105569,0.0
2026-03-19,ISAEA9,IPCA_SPREAD,8.83,anbima,0,0,,,,,,15718894,15718894,0.0
2026-03-19,MOVI37,IPCA_SPREAD,3.39,anbima,3095624,1,958.9912,16.0000,B30,791,B30 +791bps,10081283,3890035,61.4
2026-03-19,ELPLC8,IPCA_SPREAD,2.87,anbima,83847,1,974.9647,12.3300,B29,424,B29 +424bps,19354349,19186655,0.9
2026-03-19,RODB11,DI_SPREAD,2.40,anbima,0,0,,,,,,11228258,11228258,0.0
2026-03-19,TFLEA6,DI_SPREAD,3.24,anbima,0,0,,,,,,10186234,10186234,0.0
2026-03-19,CASN14,DI_SPREAD,1.83,anbima,113848,2,998.6652,2.4761,CDI,2.4761,CDI +2.48%,10116921,9889225,2.3
2026-03-19,ASAI22,DI_SPREAD,1.19,anbima,0,0,,,,,,13216858,13216858,0.0
2026-03-19,ASAIA1,DI_SPREAD,2.16,anbima,1660933,3,1032.9186,2.9999,CDI,2.9999,CDI +3.00%,51318154,47996288,6.5
2026-03-19,ENAT24,IPCA_SPREAD,5.28,anbima,0,0,,,,,,10045661,10045661,0.0
2026-03-19,PEJA22,IPCA_SPREAD,5.20,anbima,0,0,,,,,,10112443,10112443,0.0
2026-03-19,SUZBB1,DI_SPREAD,4.54,anbima,0,0,,,,,,10000319,10000319,0.0
2026-03-19,CIEL17,DI_SPREAD,1.29,anbima,0,0,,,,,,20000046,20000046,0.0
2026-03-19,CERT11,IPCA_SPREAD,2.62,anbima,0,0,,,,,,62684950,62684950,0.0
2026-03-19,SBSPJ8,IPCA_SPREAD,7.96,anbima,9460889,1,946.0889,7.1430,B37,-42,B37 −42bps,76246083,57324305,24.8
2026-03-19,ISAED1,DI_SPREAD,4.84,anbima,0,0,,,,,,26781190,26781190,0.0
2026-03-19,COLNA3,DI_SPREAD,3.17,anbima,29933126,3,1019.2776,0.9991,CDI,0.9991,CDI +1.00%,89748133,29881881,66.7
2026-03-19,NIGP12,DI_SPREAD,3.27,anbima,0,0,,,,,,111194022,111194022,0.0
2026-03-19,TFLEA9,DI_SPREAD,3.59,anbima,0,0,,,,,,176406616,176406616,0.0
2026-03-19,HYPEB1,DI_SPREAD,3.31,anbima,0,0,,,,,,24111217,24111217,0.0
2026-03-19,VIXL18,DI_SPREAD,2.33,anbima,0,0,,,,,,10056134,10056134,0.0
2026-03-19,TBSP22,DI_SPREAD,3.85,anbima,0,0,,,,,,56513113,56513113,0.0
2026-03-19,MNRVA1,DI_SPREAD,0.23,anbima,0,0,,,,,,15001952,15001952,0.0
2026-03-19,VERTB5,,2.45,0.70xprazo,0,0,,,,,,11442381,11442381,0.0
2026-03-19,RENTE3,DI_SPREAD,3.07,anbima,100030026,1,1015.6982,1.5008,CDI,1.5008,CDI +1.50%,342841397,142781344,58.4
2026-03-19,IFPT11,,5.25,0.70xprazo,0,0,,,,,,13999449,13999449,0.0
2026-03-19,TFLEA7,DI_SPREAD,2.64,anbima,0,0,,,,,,12756533,12756533,0.0
2026-03-19,LORTB9,,2.06,0.70xprazo,0,0,,,,,,11010523,11010523,0.0
2026-03-19,ELTN19,DI_SPREAD,4.18,anbima,0,0,,,,,,20054969,20054969,0.0
2026-03-19,PASS14,DI_SPREAD,2.99,anbima,0,0,,,,,,42167373,42167373,0.0
2026-03-19,SBSPC6,IPCA_SPREAD,2.77,anbima,343890,1,1364.6434,7.1486,B29,-94,B29 −94bps,12114205,11426425,5.7
2026-03-19,LORTB2,DI_SPREAD,2.01,anbima,0,0,,,,,,39895518,39895518,0.0
2026-03-19,SDOM12,IPCA_SPREAD,5.48,0.70xprazo,0,0,,,,,,21363697,21363697,0.0
2026-03-19,RENTD9,DI_SPREAD,2.83,anbima,0,0,,,,,,22659181,22659181,0.0
2026-03-19,RENTE4,DI_SPREAD,3.39,anbima,0,0,,,,,,88379939,88379939,0.0
2026-03-19,CBOH11,DI_SPREAD,1.49,anbima,0,0,,,,,,10004247,10004247,0.0
2026-03-19,AERS11,,9.34,0.70xprazo,0,0,,,,,,32507501,32507501,0.0
2026-03-19,SBSPD7,DI_SPREAD,3.96,anbima,0,0,,,,,,83867379,83867379,0.0
2026-03-19,COLNA2,,1.24,0.70xprazo,0,0,,,,,,94460923,94460923,0.0
2026-03-19,CMGDB3,DI_SPREAD,3.64,anbima,0,0,,,,,,74943892,74943892,0.0
2026-03-19,QYAN11,DI_SPREAD,3.35,anbima,0,0,,,,,,173168729,173168729,0.0
2026-03-19,OMGE17,DI_SPREAD,3.26,anbima,0,0,,,,,,99328481,99328481,0.0
2026-03-19,BRMLA1,DI_SPREAD,3.26,anbima,0,0,,,,,,66023729,66023729,0.0
2026-03-19,ECOV17,DI_SPREAD,3.23,anbima,0,0,,,,,,71911169,71911169,0.0
2026-03-19,PTES11,,1.74,0.70xprazo,0,0,,,,,,67011945,67011945,0.0
2026-03-19,FTPR12,,4.25,0.70xprazo,0,0,,,,,,21998794,21998794,0.0
2026-03-19,BSA318,DI_SPREAD,1.60,anbima,0,0,,,,,,23560833,23560833,0.0
2026-03-19,AXSI11,,10.85,0.70xprazo,0,0,,,,,,12000428,12000428,0.0
2026-03-19,ENEVA4,IPCA_SPREAD,7.02,anbima,24184772,2,967.3909,7.4097,B35,-17,B35 −17bps,85729816,37360273,56.4
2026-03-19,SBSPI8,IPCA_SPREAD,7.00,anbima,2705420,1,949.2700,,,,,12430582,7019743,43.5
2026-03-19,CESE32,IPCA_SPREAD,3.14,anbima,0,0,,,,,,24552311,24552311,0.0
2026-03-19,CSMGD2,DI_SPREAD,3.94,anbima,0,0,,,,,,49923010,49923010,0.0
2026-03-19,ETEN12,IPCA_SPREAD,1.19,anbima,0,0,,,,,,11273683,11273683,0.0
2026-03-19,BCBF16,DI_SPREAD,0.64,anbima,0,0,,,,,,50002852,50002852,0.0
2026-03-20,RENTA5,DI_SPREAD,3.79,anbima,499428,1,1047.0192,1.6271,CDI,1.6271,CDI +1.63%,17143805,16144948,5.8
2026-03-20,HAPVA0,DI_SPREAD,3.90,anbima,30476782,6,756.4166,9.9051,CDI,9.9051,CDI +9.91%,192267454,131313889,31.7
2026-03-20,HAPV19,DI_SPREAD,3.69,anbima,2043905,1,770.9940,9.5100,CDI,9.51,CDI +9.51%,50351708,46263898,8.1
2026-03-20,EXSE11,,3.91,0.70xprazo,1710450,1,1055.8336,1.0000,,,,11743339,8322438,29.1
2026-03-20,HAPV18,DI_SPREAD,3.44,anbima,13355949,1,788.4733,10.0100,CDI,10.01,CDI +10.01%,26711899,1,100.0
2026-03-20,HAPV15,DI_SPREAD,2.71,anbima,10275623,3,814.0397,10.6890,CDI,10.689,CDI +10.69%,59128901,38577655,34.8
2026-03-20,HAPV28,DI_SPREAD,3.77,anbima,10059238,1,792.0659,9.1600,CDI,9.16,CDI +9.16%,31947411,11828935,63.0
2026-03-20,MVLV19,DI_SPREAD,0.64,anbima,4019107,2,1080.4052,2.6560,CDI,2.656,CDI +2.66%,11565397,3527182,69.5
2026-03-20,CESE32,IPCA_SPREAD,3.14,anbima,10145690,2,1126.9233,7.3118,B30,-70,B30 −70bps,149232730,128941349,13.6
2026-03-20,ENEVA4,IPCA_SPREAD,7.02,anbima,86494248,4,962.3089,7.4915,B35,-7,B35 −7bps,259523386,86534890,66.7
2026-03-20,COMR14,IPCA_SPREAD,5.20,anbima,0,0,,,,,,22631277,22631277,0.0
2026-03-20,ALGTA4,IPCA_SPREAD,4.76,anbima,42579,1,1038.5233,8.2151,B32,38,B32 +38bps,10878343,10793184,0.8
2026-03-20,VIXL18,DI_SPREAD,2.33,anbima,0,0,,,,,,30071604,30071604,0.0
2026-03-20,IRJS15,IPCA_SPREAD,6.61,anbima,40886,2,1075.9573,,,,,11654832,11573059,0.7
2026-03-20,AXIA18,IPCA_SPREAD,5.21,anbima,294131,1,980.4358,7.3800,B32,-46,B32 −46bps,10648471,10060209,5.5
2026-03-20,ELET16,IPCA_SPREAD,6.15,anbima,104607,2,1056.6402,7.0917,B35,-47,B35 −47bps,13388797,13179583,1.6
2026-03-20,CEEBD2,IPCA_SPREAD,6.93,anbima,40271477,3,937.9857,7.7647,B35,20,B35 +20bps,775699328,695156374,10.4
2026-03-20,RUMOA4,IPCA_SPREAD,2.44,anbima,30003,1,1363.7848,9.0786,B29,107,B29 +107bps,13052261,12992254,0.5
2026-03-20,RENTE3,DI_SPREAD,3.07,anbima,290263,2,1022.0544,1.3039,CDI,1.3039,CDI +1.30%,147027139,146446612,0.4
2026-03-20,CMGDB1,IPCA_SPREAD,6.98,anbima,0,0,,,,,,175798957,175798957,0.0
2026-03-20,EQPA19,IPCA_SPREAD,6.83,anbima,123683,1,1022.1704,7.3716,B35,-19,B35 −19bps,89859976,89612611,0.3
2026-03-20,ELTN19,DI_SPREAD,4.18,anbima,15006402,1,1027.6246,0.9008,CDI,0.9008,CDI +0.90%,35545430,5532626,84.4
2026-03-20,MGPRA0,IPCA_SPREAD,7.73,anbima,3203827,2,1012.5876,,,,,10985345,4577690,58.3
2026-03-20,JSMLA5,DI_SPREAD,2.67,anbima,0,0,,,,,,14330554,14330554,0.0
2026-03-20,COLNA3,DI_SPREAD,3.17,anbima,29358365,1,1019.8126,0.9915,CDI,0.9915,CDI +0.99%,61452902,2736172,95.5
2026-03-20,CBOH11,DI_SPREAD,1.49,anbima,0,0,,,,,,10025117,10025117,0.0
2026-03-20,SBSPJ8,IPCA_SPREAD,7.96,anbima,33667026,2,945.9155,7.1476,B37,-37,B37 −37bps,95105087,27771035,70.8
2026-03-20,ENTV12,IPCA_SPREAD,2.28,anbima,2974088,2,1385.8750,,,,,26680533,20732357,22.3
2026-03-20,BCPSA7,IPCA_SPREAD,6.45,anbima,5120811,3,1024.1623,6.9562,B35,-60,B35 −60bps,132567173,122325550,7.7
2026-03-20,PLSB1A,IPCA_SPREAD,2.82,anbima,903008,4,1151.7955,8.7569,B29,75,B29 +75bps,12193911,10387896,14.8
2026-03-20,ASAI22,DI_SPREAD,1.19,anbima,0,0,,,,,,15723787,15723787,0.0
2026-03-20,SBSPF3,IPCA_SPREAD,8.18,anbima,6392659,4,1081.4852,7.2056,B37,-31,B37 −31bps,37330469,24545151,34.2
2026-03-20,CSMGD2,DI_SPREAD,3.94,anbima,29941226,1,998.0408,,,,,120196005,60313554,49.8
2026-03-20,GBSP11,,12.59,0.70xprazo,0,0,,,,,,25513932,25513932,0.0
2026-03-20,RDORI6,DI_SPREAD,5.57,anbima,0,0,,,,,,22126731,22126731,0.0
2026-03-20,HGLB13,DI_SPREAD,3.59,anbima,9998680,3,1087.0494,2.6655,CDI,2.6655,CDI +2.67%,28048874,8051514,71.3
2026-03-20,SUZBA0,IPCA_SPREAD,7.84,anbima,161870,2,1044.3209,7.1016,B37,-42,B37 −42bps,10816376,10492636,3.0
2026-03-20,VALED1,IPCA_SPREAD,7.67,anbima,2572010,3,1062.3751,6.6256,B37,-89,B37 −89bps,12609280,7465260,40.8
2026-03-20,NTSD36,DI_SPREAD,4.05,anbima,0,0,,,,,,44062193,44062193,0.0
2026-03-20,ETEP16,,2.43,0.70xprazo,0,0,,,,,,51637593,51637593,0.0
2026-03-20,TMES12,,3.02,0.70xprazo,0,0,,,,,,44131457,44131457,0.0
2026-03-20,ENGIC4,DI_SPREAD,3.79,anbima,2313517,4,998.9278,0.8383,CDI,0.8383,CDI +0.84%,91093376,86466342,5.1
2026-03-20,EDPY11,,0.33,0.70xprazo,0,0,,,,,,17619649,17619649,0.0
2026-03-20,EGIEA6,IPCA_SPREAD,7.71,anbima,8092431,1,952.0507,6.9184,B37,-60,B37 −60bps,482819810,466634949,3.4
2026-03-20,RENTC4,DI_SPREAD,1.98,anbima,0,0,,,,,,53007564,53007564,0.0
2026-03-20,RDORE4,DI_SPREAD,4.65,anbima,0,0,,,,,,24995886,24995886,0.0
2026-03-20,CDES11,IPCA_SPREAD,6.46,anbima,0,0,,,,,,52761216,52761216,0.0
2026-03-20,QYAN11,DI_SPREAD,3.35,anbima,7997736,1,1056.3646,0.8401,CDI,0.8401,CDI +0.84%,40520901,24525428,39.5
2026-03-20,SBSPI8,IPCA_SPREAD,7.00,anbima,0,0,,,,,,177761341,177761341,0.0
2026-03-20,HYPEB1,DI_SPREAD,3.31,anbima,285748,2,1035.3175,0.9118,CDI,0.9118,CDI +0.91%,25288330,24716835,2.3
2026-03-20,CSMGB9,IPCA_SPREAD,3.64,anbima,0,0,,,,,,109197775,109197775,0.0
2026-03-20,CMGDB2,IPCA_SPREAD,8.10,anbima,1069,1,1069.3341,7.1951,B37,-32,B37 −32bps,36426060,36423921,0.0
2026-03-20,CEEBD1,PREFIXADO,4.44,anbima,70180,2,988.4449,12.7656,,,,515494112,515353753,0.0
2026-03-20,RDORC4,DI_SPREAD,1.04,anbima,0,0,,,,,,59224124,59224124,0.0
2026-03-20,ISAEA9,IPCA_SPREAD,8.83,anbima,7051936,1,1058.3725,6.8600,B40,-39,B40 −39bps,33195705,19091833,42.5
2026-03-20,BRMLB1,DI_SPREAD,4.31,anbima,20379557,1,1018.9778,0.7997,CDI,0.7997,CDI +0.80%,112090047,71330933,36.4
2026-03-20,PEJA22,IPCA_SPREAD,5.20,anbima,0,0,,,,,,65806463,65806463,0.0
2026-03-20,SAELB7,IPCA_SPREAD,8.42,anbima,29471489,2,999.0674,7.6409,B40,39,B40 +39bps,68816674,9873697,85.7
2026-03-20,SUZBB1,DI_SPREAD,4.54,anbima,5443546,3,1063.6081,0.7497,CDI,0.7497,CDI +0.75%,21129611,10242518,51.5
2026-03-20,CHSF12,DI_SPREAD,2.24,anbima,0,0,,,,,,10683745,10683745,0.0
2026-03-20,TBSP22,DI_SPREAD,3.85,anbima,787804,3,1031.1564,,,,,12785406,11209799,12.3
2026-03-20,MRFGA1,DI_SPREAD,0.74,anbima,0,0,,,,,,16231102,16231102,0.0
2026-03-20,SBSPK8,IPCA_SPREAD,8.84,anbima,0,0,,,,,,62157230,62157230,0.0
2026-03-20,VLIM17,IPCA_SPREAD,5.98,anbima,0,0,,,,,,18524905,18524905,0.0
2026-03-20,ELET25,DI_SPREAD,3.40,anbima,972577,3,1078.2448,0.6608,CDI,0.6608,CDI +0.66%,22190501,20245347,8.8
2026-03-20,BRKPA2,DI_SPREAD,2.03,anbima,0,0,,,,,,10013003,10013003,0.0
2026-03-20,ORMA16,DI_SPREAD,3.97,anbima,0,0,,,,,,150686981,150686981,0.0
2026-03-20,ALGTA6,DI_SPREAD,3.90,anbima,0,0,,,,,,20315927,20315927,0.0
2026-03-20,ARTRA5,DI_SPREAD,1.45,anbima,0,0,,,,,,34416461,34416461,0.0
2026-03-20,BRKPA4,DI_SPREAD,3.07,anbima,0,0,,,,,,10635969,10635969,0.0
2026-03-20,ENEVD0,DI_SPREAD,3.12,anbima,0,0,,,,,,20031697,20031697,0.0
2026-03-20,AAJR11,,2.29,0.70xprazo,0,0,,,,,,10011853,10011853,0.0
2026-03-20,CPGTA0,DI_SPREAD,1.72,anbima,0,0,,,,,,19175835,19175835,0.0
2026-03-20,CPGT19,DI_SPREAD,1.85,anbima,9657419,1,1063.9439,0.5916,CDI,0.5916,CDI +0.59%,19534496,219658,98.9
2026-03-20,NIGP12,DI_SPREAD,3.27,anbima,99945,2,1110.4978,1.0536,CDI,1.0536,CDI +1.05%,89235116,89035226,0.2
2026-03-20,EUFA17,DI_SPREAD,2.73,anbima,534881,1,1001.6498,1.2949,CDI,1.2949,CDI +1.29%,12439391,11369629,8.6
2026-03-20,ANHBA6,DI_SPREAD,3.91,anbima,0,0,,,,,,21727560,21727560,0.0
2026-03-20,QUNT11,DI_SPREAD,3.13,anbima,238767,1,1056.4921,0.8262,CDI,0.8262,CDI +0.83%,10478848,10001314,4.6
2026-03-20,TFLEA9,DI_SPREAD,3.59,anbima,305650,3,1005.4265,1.2470,CDI,1.247,CDI +1.25%,18070833,17459533,3.4
2026-03-20,CCROA7,DI_SPREAD,1.72,anbima,0,0,,,,,,10687342,10687342,0.0
2026-03-20,LORTB2,DI_SPREAD,2.01,anbima,0,0,,,,,,14182335,14182335,0.0
2026-03-20,TOTS15,DI_SPREAD,2.76,anbima,0,0,,,,,,88492293,88492293,0.0
2026-03-20,CSMGA9,DI_SPREAD,3.16,anbima,241998,2,1034.1813,0.6722,CDI,0.6722,CDI +0.67%,15613957,15129960,3.1
2026-03-20,VVEO16,DI_SPREAD,5.51,0.70xprazo,0,0,,,,,,30592620,30592620,0.0
2026-03-20,CMPH14,DI_SPREAD,5.51,0.70xprazo,0,0,,,,,,65587738,65587738,0.0
2026-03-20,VVEO15,DI_SPREAD,5.51,0.70xprazo,0,0,,,,,,105663652,105663652,0.0
2026-03-20,CPLDB0,DI_SPREAD,4.00,anbima,0,0,,,,,,10006776,10006776,0.0
2026-03-20,CEPEB2,DI_SPREAD,1.87,anbima,0,0,,,,,,58414422,58414422,0.0
2026-03-20,ENGIB1,DI_SPREAD,2.46,anbima,0,0,,,,,,10560819,10560819,0.0
2026-03-20,CEPEA7,IPCA_SPREAD,9.00,anbima,939245,1,1012.1171,7.3215,B40,7,B40 +7bps,10396295,8517806,18.1
2026-03-20,EQPA17,DI_SPREAD,2.35,anbima,0,0,,,,,,20472732,20472732,0.0
2026-03-20,SBSPD3,DI_SPREAD,3.92,anbima,0,0,,,,,,41814130,41814130,0.0
2026-03-20,SBSPB1,DI_SPREAD,2.98,anbima,88493,2,1028.9902,0.6066,CDI,0.6066,CDI +0.61%,30949487,30772500,0.6
2026-03-20,BRMLA1,DI_SPREAD,3.26,anbima,0,0,,,,,,61180678,61180678,0.0
2026-03-20,ECOV17,DI_SPREAD,3.23,anbima,0,0,,,,,,102794550,102794550,0.0
2026-03-20,ELET17,DI_SPREAD,4.86,anbima,440208,2,1038.2269,0.8774,CDI,0.8774,CDI +0.88%,21199040,20318624,4.2
2026-03-20,EQPAA0,DI_SPREAD,3.49,anbima,169830,2,998.9989,0.7428,CDI,0.7428,CDI +0.74%,40118707,39779047,0.8
2026-03-20,PASS14,DI_SPREAD,2.99,anbima,1000870,1,1043.6599,0.6758,CDI,0.6758,CDI +0.68%,44337727,42335987,4.5
2026-03-20,RDORD3,DI_SPREAD,4.60,anbima,357623,3,1080.4322,1.2609,CDI,1.2609,CDI +1.26%,33427147,32711900,2.1
2026-03-20,ERDVA6,DI_SPREAD,3.07,anbima,1166565,2,1036.0258,0.9250,CDI,0.925,CDI +0.92%,56122524,53789393,4.2
2026-03-20,IOCHA6,DI_SPREAD,2.66,anbima,0,0,,,,,,62771961,62771961,0.0
2026-03-20,BRST14,DI_SPREAD,2.88,anbima,0,0,,,,,,40103343,40103343,0.0
2026-03-20,OVSAA3,DI_SPREAD,1.56,anbima,0,0,,,,,,12900741,12900741,0.0
2026-03-20,BCBF16,DI_SPREAD,0.64,anbima,725047,1,658.5349,10.9969,CDI,10.9969,CDI +11.00%,18453325,17003231,7.9
2026-03-20,PLII11,,8.31,0.70xprazo,0,0,,,,,,45038918,45038918,0.0
2026-03-20,ALPA22,DI_SPREAD,2.37,anbima,0,0,,,,,,26306264,26306264,0.0
2026-03-20,UTEP33,,0.38,0.70xprazo,0,0,,,,,,34509027,34509027,0.0
2026-03-20,MANT23,,6.01,0.70xprazo,0,0,,,,,,15618836,15618836,0.0
2026-03-20,GASC27,IPCA_SPREAD,6.96,anbima,0,0,,,,,,89337406,89337406,0.0
2026-03-20,ENMTC5,IPCA_SPREAD,6.61,anbima,0,0,,,,,,43366981,43366981,0.0
2026-03-20,MRSAA2,IPCA_SPREAD,6.21,anbima,0,0,,,,,,24991755,24991755,0.0
2026-03-20,EQMAA2,IPCA_SPREAD,6.40,anbima,180995,1,1028.3806,7.3050,B35,-25,B35 −25bps,71362943,71000953,0.5
2026-03-20,EQPAA1,IPCA_SPREAD,7.25,anbima,0,0,,,,,,200877025,200877025,0.0
2026-03-20,MULTB5,DI_SPREAD,4.46,anbima,0,0,,,,,,10139560,10139560,0.0
2026-03-20,HAPV17,DI_SPREAD,2.76,anbima,4997409,1,832.9015,10.2500,CDI,10.25,CDI +10.25%,21041535,11046717,47.5
2026-03-20,CESPA4,DI_SPREAD,3.76,anbima,0,0,,,,,,14997784,14997784,0.0
2026-03-20,TENG15,,0.11,0.70xprazo,30157252,1,1025.6871,0.3075,,,,60314502,0,100.0
2026-03-20,GASC18,IPCA_SPREAD,6.98,anbima,0,0,,,,,,10100124,10100124,0.0
2026-03-20,VEBMA4,,2.22,0.70xprazo,0,0,,,,,,29475955,29475955,0.0
2026-03-20,VERTB1,,1.70,0.70xprazo,0,0,,,,,,68108938,68108938,0.0
2026-03-20,AALM12,DI_SPREAD,2.15,anbima,0,0,,,,,,50007368,50007368,0.0
2026-03-20,CIEL17,DI_SPREAD,1.29,anbima,0,0,,,,,,10003887,10003887,0.0
2026-03-20,BSA3A0,DI_SPREAD,2.80,anbima,0,0,,,,,,15009065,15009065,0.0
2026-03-20,NTSDA1,IPCA_SPREAD,8.86,anbima,0,0,,,,,,206853117,206853117,0.0
2026-03-20,CGOSA2,IPCA_SPREAD,7.25,anbima,0,0,,,,,,389760279,389760279,0.0
2026-03-20,CPIS16,IPCA_SPREAD,7.25,anbima,0,0,,,,,,146160105,146160105,0.0
2026-03-20,CMGDA4,IPCA_SPREAD,7.26,anbima,0,0,,,,,,90515413,90515413,0.0
2026-03-20,APPSA2,IPCA_SPREAD,3.17,anbima,0,0,,,,,,15353083,15353083,0.0
2026-03-20,CMGDB4,IPCA_SPREAD,8.61,anbima,0,0,,,,,,135864454,135864454,0.0
2026-03-20,CSRNB3,IPCA_SPREAD,6.93,anbima,0,0,,,,,,226251991,226251991,0.0
2026-03-20,CMGTA1,IPCA_SPREAD,7.27,anbima,0,0,,,,,,69090477,69090477,0.0
2026-03-20,CSRNA3,,4.66,0.70xprazo,0,0,,,,,,390059480,390059480,0.0
2026-03-20,GASC28,IPCA_SPREAD,8.02,anbima,0,0,,,,,,10747713,10747713,0.0
2026-03-20,SAELA7,IPCA_SPREAD,6.66,anbima,21834943,1,1008.8686,7.7487,B35,19,B35 +19bps,43669886,0,100.0
2026-03-20,ESSDA5,IPCA_SPREAD,6.66,anbima,14846510,1,1008.8686,7.7487,B35,19,B35 +19bps,29693021,0,100.0
2026-03-20,EKTRB6,IPCA_SPREAD,8.36,anbima,0,0,,,,,,11813805,11813805,0.0
2026-03-23,HAPV19,DI_SPREAD,3.69,anbima,46320253,4,768.1507,9.7309,CDI,9.7309,CDI +9.73%,123586191,30945685,75.0
2026-03-23,HAPV28,DI_SPREAD,3.77,anbima,5023355,1,772.8239,10.0101,CDI,10.0101,CDI +10.01%,20264309,10217598,49.6
2026-03-23,ESOL11,,10.49,0.70xprazo,0,0,,,,,,125927834,125927834,0.0
2026-03-23,AXSE11,,11.88,0.70xprazo,0,0,,,,,,183010151,183010151,0.0
2026-03-23,ULFT14,IPCA_SPREAD,6.23,anbima,12701589,1,994.2535,7.4251,B35,-15,B35 −15bps,32681725,7278546,77.7
2026-03-23,HAPV17,DI_SPREAD,2.76,anbima,0,0,,,,,,15020390,15020390,0.0
2026-03-23,HAPV15,DI_SPREAD,2.71,anbima,0,0,,,,,,16132003,16132003,0.0
2026-03-23,HAPVA0,DI_SPREAD,3.90,anbima,4484459,1,763.3121,9.7601,CDI,9.7601,CDI +9.76%,14865951,5897033,60.3
2026-03-23,CIEL17,DI_SPREAD,1.29,anbima,0,0,,,,,,30765826,30765826,0.0
2026-03-23,DASAC2,DI_SPREAD,2.54,anbima,0,0,,,,,,12997463,12997463,0.0
2026-03-23,ENEVA4,IPCA_SPREAD,7.02,anbima,579589,1,956.4171,7.5861,B35,1,B35 +1bps,23130437,21971260,5.0
2026-03-23,RISP14,IPCA_SPREAD,4.35,anbima,9,1,1.0265,8.7295,B31,69,B31 +69bps,12366293,12366275,0.0
2026-03-23,CSNAA1,DI_SPREAD,1.51,anbima,0,0,,,,,,23210289,23210289,0.0
2026-03-23,PETR26,IPCA_SPREAD,2.35,anbima,1184191,10,1375.3672,7.0076,B29,-98,B29 −98bps,11374209,9005827,20.8
2026-03-23,JSMLA5,DI_SPREAD,2.67,anbima,5831287,2,975.7843,5.5785,CDI,5.5785,CDI +5.58%,18712288,7049714,62.3
2026-03-23,CDES11,IPCA_SPREAD,6.46,anbima,18603195,1,1107.5308,7.6401,B35,6,B35 +6bps,45853768,8647378,81.1
2026-03-23,SAELB7,IPCA_SPREAD,8.42,anbima,0,0,,,,,,10169197,10169197,0.0
2026-03-23,RDORC4,DI_SPREAD,1.04,anbima,0,0,,,,,,11308362,11308362,0.0
2026-03-23,CEPEA7,IPCA_SPREAD,9.00,anbima,1406471,2,1014.0384,7.3030,B40,8,B40 +8bps,17754986,14942044,15.8
2026-03-23,PLSB1A,IPCA_SPREAD,2.82,anbima,401312,3,1153.1942,8.7291,B29,74,B29 +74bps,11314635,10512012,7.1
2026-03-23,BTGH18,DI_SPREAD,2.00,anbima,5447538,8,1051.2423,1.1471,CDI,1.1471,CDI +1.15%,15012908,4117833,72.6
2026-03-23,ASAIA2,DI_SPREAD,2.69,anbima,0,0,,,,,,30523455,30523455,0.0
2026-03-23,GRRB24,,2.32,0.70xprazo,9992604,1,13270.3899,10.0631,,,,19985207,0,100.0
2026-03-23,CMGDB2,IPCA_SPREAD,8.10,anbima,82833,2,1035.4066,7.6094,B37,8,B37 +8bps,21705441,21539776,0.8
2026-03-23,CMGDB1,IPCA_SPREAD,6.98,anbima,54237,1,1004.3969,7.5420,B35,-4,B35 −4bps,29481406,29372931,0.4
2026-03-23,EKTRB6,IPCA_SPREAD,8.36,anbima,0,0,,,,,,23624165,23624165,0.0
2026-03-23,ELET16,IPCA_SPREAD,6.15,anbima,5894099,6,1043.3880,7.2989,B35,-28,B35 −28bps,23210977,11422779,50.8
2026-03-23,ENSEB4,IPCA_SPREAD,6.60,anbima,0,0,,,,,,11945995,11945995,0.0
2026-03-23,AEGE16,DI_SPREAD,3.30,anbima,10217,1,1021.7304,,,,,39448407,39427973,0.1
2026-03-23,BSA3A0,DI_SPREAD,2.80,anbima,0,0,,,,,,16387143,16387143,0.0
2026-03-23,CBAN12,IPCA_SPREAD,4.18,anbima,115605,2,1409.8175,7.5836,B31,-46,B31 −46bps,11857729,11626519,1.9
2026-03-23,EUFA17,DI_SPREAD,2.73,anbima,0,0,,,,,,28707888,28707888,0.0
2026-03-23,BCBF16,DI_SPREAD,0.64,anbima,84296,1,658.5627,11.0031,CDI,11.0031,CDI +11.00%,17170564,17001972,1.0
2026-03-23,PTAZ11,IPCA_SPREAD,8.41,anbima,0,0,,,,,,10032608,10032608,0.0
2026-03-23,CMGTA1,IPCA_SPREAD,7.27,anbima,0,0,,,,,,12881852,12881852,0.0
2026-03-23,CERT11,IPCA_SPREAD,2.62,anbima,0,0,,,,,,18593637,18593637,0.0
2026-03-23,AALM12,DI_SPREAD,2.15,anbima,0,0,,,,,,51797021,51797021,0.0
2026-03-23,ELET24,DI_SPREAD,1.42,anbima,0,0,,,,,,15969975,15969975,0.0
2026-03-23,TEPA12,IPCA_SPREAD,2.46,anbima,0,0,,,,,,12024737,12024737,0.0
2026-03-23,NTSD36,DI_SPREAD,4.05,anbima,3892102,3,1041.7833,1.0837,CDI,1.0837,CDI +1.08%,33888327,26104122,23.0
2026-03-23,SIMH16,DI_SPREAD,2.65,anbima,2687124,1,975.3626,,,,,10022565,4648317,53.6
2026-03-23,SBSPE7,DI_SPREAD,4.86,anbima,0,0,,,,,,21163819,21163819,0.0
2026-03-23,VEBMA8,DI_SPREAD,3.90,anbima,0,0,,,,,,22544080,22544080,0.0
2026-03-23,SUZBB1,DI_SPREAD,4.54,anbima,1544901,1,1065.4491,0.7159,CDI,0.7159,CDI +0.72%,52766672,49676870,5.9
2026-03-23,AURE13,DI_SPREAD,3.12,anbima,11166473,1,1053.5402,0.9141,CDI,0.9141,CDI +0.91%,34850722,12517777,64.1
2026-03-23,CESPA4,DI_SPREAD,3.76,anbima,5003999,1,1000.7998,0.9300,CDI,0.93,CDI +0.93%,12356696,2348698,81.0
2026-03-23,QUNT11,DI_SPREAD,3.13,anbima,0,0,,,,,,10007354,10007354,0.0
2026-03-23,IRJS15,IPCA_SPREAD,6.61,anbima,54061,1,1060.0190,,,,,18278280,18170158,0.6
2026-03-23,ERDVB3,DI_SPREAD,2.49,anbima,0,0,,,,,,19067660,19067660,0.0
2026-03-23,EUFA18,DI_SPREAD,1.80,anbima,0,0,,,,,,11215643,11215643,0.0
2026-03-23,NIGP12,DI_SPREAD,3.27,anbima,0,0,,,,,,27085343,27085343,0.0
2026-03-23,CEEDA0,DI_SPREAD,3.58,anbima,0,0,,,,,,13528070,13528070,0.0
2026-03-23,CMGDB3,DI_SPREAD,3.64,anbima,0,0,,,,,,11921688,11921688,0.0
2026-03-23,ISAEA9,IPCA_SPREAD,8.83,anbima,0,0,,,,,,12344230,12344230,0.0
2026-03-23,BLMN12,IPCA_SPREAD,2.33,anbima,0,0,,,,,,10693230,10693230,0.0
2026-03-23,VLIM29,IPCA_SPREAD,10.49,0.70xprazo,0,0,,,,,,144095232,144095232,0.0
2026-03-23,CSNAA2,DI_SPREAD,0.82,anbima,139238,2,916.0415,15.1400,CDI,15.14,CDI +15.14%,10512594,10234117,2.6
2026-03-23,SBSPJ8,IPCA_SPREAD,7.96,anbima,293852,1,999.4950,6.4550,B37,-108,B37 −108bps,35561425,34973722,1.7
2026-03-23,GASC28,IPCA_SPREAD,8.02,anbima,10756410,1,988.1865,8.1575,B37,63,B37 +63bps,23710767,2197948,90.7
2026-03-23,GASC18,IPCA_SPREAD,6.98,anbima,0,0,,,,,,11033871,11033871,0.0
2026-03-23,ENMTE6,IPCA_SPREAD,6.66,anbima,0,0,,,,,,10212013,10212013,0.0
2026-03-23,CBAN32,IPCA_SPREAD,4.17,anbima,0,0,,,,,,10246479,10246479,0.0
2026-03-23,DASAA6,DI_SPREAD,0.23,0.70xprazo,14068639,1,1067.6663,1.5204,CDI,1.5204,CDI +1.52%,28406170,268891,99.1
2026-03-23,CLCD16,DI_SPREAD,1.17,anbima,0,0,,,,,,58422690,58422690,0.0
2026-03-23,RENTC4,DI_SPREAD,1.98,anbima,0,0,,,,,,12428455,12428455,0.0
2026-03-23,COLNA3,DI_SPREAD,3.17,anbima,0,0,,,,,,31335615,31335615,0.0
2026-03-23,EXSE11,,3.90,0.70xprazo,0,0,,,,,,10387754,10387754,0.0
2026-03-23,BHSA11,IPCA_SPREAD,7.17,anbima,0,0,,,,,,16965330,16965330,0.0
2026-03-23,SUZBA1,DI_SPREAD,3.73,anbima,0,0,,,,,,21712318,21712318,0.0
2026-03-23,ANHBB6,IPCA_SPREAD,6.67,anbima,0,0,,,,,,11068083,11068083,0.0
2026-03-23,GATU11,,0.18,0.70xprazo,0,0,,,,,,18174608,18174608,0.0
2026-03-23,CICC12,,6.87,0.70xprazo,0,0,,,,,,29925951,29925951,0.0
2026-03-23,IBIP11,,4.77,0.70xprazo,0,0,,,,,,33602160,33602160,0.0
2026-03-23,AALR13,,1.07,0.70xprazo,0,0,,,,,,10132084,10132084,0.0
2026-03-23,TNHL11,IPCA_SPREAD,5.94,anbima,0,0,,,,,,10232962,10232962,0.0
2026-03-23,ERDVA6,DI_SPREAD,3.07,anbima,0,0,,,,,,21538174,21538174,0.0
2026-03-23,ECOC12,,0.34,0.70xprazo,0,0,,,,,,39240931,39240931,0.0
2026-03-23,ALGE16,IPCA_SPREAD,5.33,anbima,67548928,1,999.2445,7.3590,B33,-52,B33 −52bps,168455767,33357911,80.2
2026-03-23,CMGD18,DI_SPREAD,0.84,anbima,0,0,,,,,,60092307,60092307,0.0
2026-03-23,BCPSA5,IPCA_SPREAD,2.41,anbima,0,0,,,,,,12387000,12387000,0.0
2026-03-24,CMGD18,DI_SPREAD,0.84,anbima,0,0,,,,,,12775079,12775079,0.0
2026-03-24,HAPV19,DI_SPREAD,3.69,anbima,15972705,2,772.9352,9.5004,CDI,9.5004,CDI +9.50%,48020414,16075003,66.5
2026-03-24,HAPV28,DI_SPREAD,3.77,anbima,6159571,1,771.7794,10.0101,CDI,10.0101,CDI +10.01%,12319142,0,100.0
2026-03-24,CEPEA7,IPCA_SPREAD,9.00,anbima,0,0,,,,,,13587224,13587224,0.0
2026-03-24,IRJS14,IPCA_SPREAD,6.81,anbima,0,0,,,,,,16368064,16368064,0.0
2026-03-24,AURE13,DI_SPREAD,3.12,anbima,0,0,,,,,,27468323,27468323,0.0
2026-03-24,CLCD16,DI_SPREAD,1.17,anbima,0,0,,,,,,20242742,20242742,0.0
2026-03-24,CSNAA1,DI_SPREAD,1.51,anbima,0,0,,,,,,32711911,32711911,0.0
2026-03-24,ESOL11,,10.48,0.70xprazo,0,0,,,,,,33306737,33306737,0.0
2026-03-24,OPCT17,DI_SPREAD,2.37,anbima,0,0,,,,,,29823606,29823606,0.0
2026-03-24,KLBNA5,IPCA_SPREAD,8.26,anbima,0,0,,,,,,16756868,16756868,0.0
2026-03-24,BCPSA7,IPCA_SPREAD,6.45,anbima,8320753,1,1008.5761,7.2241,B35,-41,B35 −41bps,22906316,6264810,72.7
2026-03-24,AESLA9,IPCA_SPREAD,6.00,anbima,0,0,,,,,,13991901,13991901,0.0
2026-03-24,EGIEA6,IPCA_SPREAD,7.71,anbima,0,0,,,,,,13482745,13482745,0.0
2026-03-24,SUZBA0,IPCA_SPREAD,7.84,anbima,4490323,4,1043.7757,7.1205,B37,-46,B37 −46bps,19876202,10895556,45.2
2026-03-24,TAEEA7,IPCA_SPREAD,7.71,anbima,0,0,,,,,,12015170,12015170,0.0
2026-03-24,RUMOA4,IPCA_SPREAD,2.44,anbima,4086537,5,1384.7974,8.4822,B29,50,B29 +50bps,17970631,9797557,45.5
2026-03-24,CASN13,DI_SPREAD,1.04,anbima,0,0,,,,,,21626226,21626226,0.0
2026-03-24,GASC23,IPCA_SPREAD,5.79,anbima,1928456,1,1112.1429,8.3140,B33,41,B33 +41bps,10121481,6264569,38.1
2026-03-24,VALEB0,IPCA_SPREAD,7.42,anbima,221563,5,1080.7958,6.6257,B37,-95,B37 −95bps,54587072,54143946,0.8
2026-03-24,EGIE27,IPCA_SPREAD,1.27,anbima,0,0,,,,,,11748944,11748944,0.0
2026-03-24,ENEV39,IPCA_SPREAD,9.38,anbima,5055030,1,1136.4725,7.5111,B40,24,B40 +24bps,10364341,254282,97.5
2026-03-24,GASC28,IPCA_SPREAD,8.02,anbima,1354848,1,988.2190,8.1600,B37,58,B37 +58bps,24306046,21596349,11.1
2026-03-24,RUMOA2,IPCA_SPREAD,1.44,anbima,2417213,2,1363.3465,8.6717,B28,69,B28 +69bps,17899742,13065316,27.0
2026-03-24,HAPV15,DI_SPREAD,2.71,anbima,0,0,,,,,,12497646,12497646,0.0
2026-03-24,IRJS15,IPCA_SPREAD,6.61,anbima,3835095,1,1070.3585,,,,,51491154,43820965,14.9
2026-03-24,MANT13,,2.50,0.70xprazo,0,0,,,,,,23980351,23980351,0.0
2026-03-24,MANT23,,6.00,0.70xprazo,0,0,,,,,,25598891,25598891,0.0
2026-03-24,AURP12,IPCA_SPREAD,5.83,anbima,0,0,,,,,,53546796,53546796,0.0
2026-03-24,ENEVA3,DI_SPREAD,2.73,anbima,0,0,,,,,,13179151,13179151,0.0
2026-03-24,ENERB5,DI_SPREAD,2.73,anbima,0,0,,,,,,11073474,11073474,0.0
2026-03-24,SMFT29,,3.52,0.70xprazo,0,0,,,,,,12083123,12083123,0.0
2026-03-24,TMXV11,,8.35,0.70xprazo,0,0,,,,,,155100448,155100448,0.0
2026-03-24,NTSD26,DI_SPREAD,2.95,anbima,1074733,1,1031.4135,0.8989,CDI,0.8989,CDI +0.90%,45358552,43209087,4.7
2026-03-24,RDORG9,DI_SPREAD,4.95,anbima,0,0,,,,,,20246201,20246201,0.0
2026-03-24,RDORD4,DI_SPREAD,3.55,anbima,126276,2,1002.1903,1.1425,CDI,1.1425,CDI +1.14%,30138993,29886441,0.8
2026-03-24,NIGP12,DI_SPREAD,3.27,anbima,0,0,,,,,,18860494,18860494,0.0
2026-03-24,AXSE11,,11.88,0.70xprazo,0,0,,,,,,110653378,110653378,0.0
2026-03-24,RHAG13,,2.64,0.70xprazo,0,0,,,,,,14372049,14372049,0.0
2026-03-24,EKTRA6,IPCA_SPREAD,9.00,anbima,0,0,,,,,,13827541,13827541,0.0
2026-03-24,DIXE12,,10.31,0.70xprazo,0,0,,,,,,60201107,60201107,0.0
2026-03-24,TCXR11,,6.03,0.70xprazo,0,0,,,,,,40003550,40003550,0.0
2026-03-24,TMXW12,,10.33,0.70xprazo,0,0,,,,,,158844062,158844062,0.0
2026-03-24,MRSAC2,IPCA_SPREAD,8.15,anbima,55550,1,1009.9963,7.3366,B37,-24,B37 −24bps,50572623,50461523,0.2
2026-03-24,ULFT14,IPCA_SPREAD,6.23,anbima,0,0,,,,,,27057685,27057685,0.0
2026-03-24,ALGE16,IPCA_SPREAD,5.33,anbima,27891395,1,997.6534,7.3991,B33,-50,B33 −50bps,89384365,33601575,62.4
2026-03-24,SBSPJ8,IPCA_SPREAD,7.96,anbima,4703587,1,940.7174,7.2320,B37,-35,B37 −35bps,76217620,66810446,12.3
2026-03-24,BRKPA4,DI_SPREAD,3.07,anbima,0,0,,,,,,11843842,11843842,0.0
2026-03-24,UNIPB0,DI_SPREAD,4.78,anbima,0,0,,,,,,10008010,10008010,0.0
2026-03-24,PALFA6,DI_SPREAD,2.44,anbima,0,0,,,,,,10015930,10015930,0.0
2026-03-24,CERT11,IPCA_SPREAD,2.62,anbima,1126094,1,1152.6034,7.5951,B29,-38,B29 −38bps,43752113,41499926,5.1
2026-03-24,NTSDA0,DI_SPREAD,3.50,anbima,0,0,,,,,,29973483,29973483,0.0
2026-03-24,VLIM18,IPCA_SPREAD,6.23,anbima,26758993,2,991.0738,7.4929,B35,-14,B35 −14bps,55301692,1783706,96.8
2026-03-24,ADPA11,,1.17,0.70xprazo,0,0,,,,,,191031078,191031078,0.0
2026-03-24,CGOS15,DI_SPREAD,2.13,anbima,0,0,,,,,,21070230,21070230,0.0
2026-03-24,ELET15,DI_SPREAD,2.24,anbima,0,0,,,,,,11094541,11094541,0.0
2026-03-24,CHSF24,DI_SPREAD,4.36,anbima,0,0,,,,,,31763057,31763057,0.0
2026-03-24,BPSE11,,0.14,0.70xprazo,21680767,1,1048.9002,0.7600,,,,43361534,0,100.0
2026-03-24,CPLDA1,IPCA_SPREAD,6.82,anbima,2008294,1,1004.1469,7.4400,B35,-19,B35 −19bps,13048041,9031454,30.8
2026-03-24,SBSPI8,IPCA_SPREAD,7.00,anbima,0,0,,,,,,27857359,27857359,0.0
2026-03-24,TPNO12,IPCA_SPREAD,1.54,anbima,0,0,,,,,,10508196,10508196,0.0
2026-03-24,NRSK11,,8.75,0.70xprazo,0,0,,,,,,30001500,30001500,0.0
2026-03-24,IMRC11,,10.72,0.70xprazo,0,0,,,,,,43796242,43796242,0.0
2026-03-24,HAPVA0,DI_SPREAD,3.90,anbima,0,0,,,,,,25000805,25000805,0.0
2026-03-25,CSAN18,DI_SPREAD,3.07,anbima,0,0,,,,,,41562395,41562395,0.0
2026-03-25,CSANB0,DI_SPREAD,4.37,anbima,0,0,,,,,,16556892,16556892,0.0
2026-03-25,HAPVA0,DI_SPREAD,3.90,anbima,0,0,,,,,,25062071,25062071,0.0
2026-03-25,CSAN24,DI_SPREAD,3.35,anbima,0,0,,,,,,25696238,25696238,0.0
2026-03-25,ELET16,IPCA_SPREAD,6.15,anbima,6485218,4,1045.1600,7.2847,B35,-28,B35 −28bps,36791562,23821126,35.3
2026-03-25,CSAN23,DI_SPREAD,2.90,anbima,0,0,,,,,,18836724,18836724,0.0
2026-03-25,HAPV19,DI_SPREAD,3.69,anbima,731106,2,771.2089,9.6601,CDI,9.6601,CDI +9.66%,33985469,32523257,4.3
2026-03-25,HAPV17,DI_SPREAD,2.76,anbima,10007378,1,837.3674,10.1600,CDI,10.16,CDI +10.16%,20014756,1,100.0
2026-03-25,ENEV19,IPCA_SPREAD,4.25,anbima,179471,1,1128.7487,7.8450,B31,-12,B31 −12bps,11611820,11252878,3.1
2026-03-25,ECOV17,DI_SPREAD,3.23,anbima,0,0,,,,,,10054451,10054451,0.0
2026-03-25,PALFA6,DI_SPREAD,2.44,anbima,0,0,,,,,,21045503,21045503,0.0
2026-03-25,RISP12,IPCA_SPREAD,4.06,anbima,7516648,1,10.6075,8.6030,B31,64,B31 +64bps,21159109,6125813,71.0
2026-03-25,SBSPJ8,IPCA_SPREAD,7.96,anbima,945283,2,945.2831,7.1712,B37,-36,B37 −36bps,41399947,39509381,4.6
2026-03-25,VLIM18,IPCA_SPREAD,6.23,anbima,991097,1,991.0969,7.4925,B35,-7,B35 −7bps,39740420,37758226,5.0
2026-03-25,CGOS28,IPCA_SPREAD,6.40,anbima,2627012,2,1010.3891,7.5980,B35,4,B35 +4bps,10180767,4926743,51.6
2026-03-25,CHSF13,IPCA_SPREAD,4.17,anbima,262905,2,1068.7211,7.4815,B31,-48,B31 −48bps,109423836,108898025,0.5
2026-03-25,RDORC4,DI_SPREAD,1.04,anbima,14075449,2,1005.3892,0.5550,CDI,0.555,CDI +0.56%,99352310,71201412,28.3
2026-03-25,IRJS15,IPCA_SPREAD,6.61,anbima,0,0,,,,,,25876564,25876564,0.0
2026-03-25,TPNO12,IPCA_SPREAD,1.54,anbima,2703439,1,720.9171,7.4330,B28,-49,B28 −49bps,26628890,21222011,20.3
2026-03-25,RUMOB5,IPCA_SPREAD,6.88,anbima,25550,2,982.7066,8.8062,B35,125,B35 +125bps,17645613,17594512,0.3
2026-03-25,RHAG13,,2.64,0.70xprazo,0,0,,,,,,28744098,28744098,0.0
2026-03-25,RUMOA2,IPCA_SPREAD,1.44,anbima,17616,1,1355.0594,9.0550,B28,113,B28 +113bps,16814421,16779190,0.2
2026-03-25,EKTRB6,IPCA_SPREAD,8.36,anbima,14573504,1,971.5669,7.4441,B37,-9,B37 −9bps,29147008,0,100.0
2026-03-25,CERT11,IPCA_SPREAD,2.62,anbima,346235,1,1154.1154,7.5629,B29,-36,B29 −36bps,28224776,27532307,2.5
2026-03-25,ORIG21,PREFIXADO,4.25,anbima,5717,2,952.8152,16.3613,,,,18999644,18988210,0.1
2026-03-25,TRPLA7,IPCA_SPREAD,9.41,anbima,0,0,,,,,,13444800,13444800,0.0
2026-03-25,EQPA19,IPCA_SPREAD,6.83,anbima,18333461,3,1009.8855,7.5769,B35,2,B35 +2bps,57515745,20848824,63.8
2026-03-25,CPGT18,DI_SPREAD,2.46,anbima,0,0,,,,,,35054558,35054558,0.0
2026-03-25,CPGT19,DI_SPREAD,1.85,anbima,0,0,,,,,,12416312,12416312,0.0
2026-03-25,ANHBA5,DI_SPREAD,2.92,anbima,0,0,,,,,,20077495,20077495,0.0
2026-03-25,ENEVA3,DI_SPREAD,2.73,anbima,0,0,,,,,,45250735,45250735,0.0
2026-03-25,ESCEA4,DI_SPREAD,1.33,anbima,0,0,,,,,,18019772,18019772,0.0
2026-03-25,TOTS16,,4.80,0.70xprazo,0,0,,,,,,15411301,15411301,0.0
2026-03-25,RENTE3,DI_SPREAD,3.07,anbima,0,0,,,,,,16690096,16690096,0.0
2026-03-25,UNIPB0,DI_SPREAD,4.78,anbima,0,0,,,,,,10030590,10030590,0.0
2026-03-25,RMSA12,IPCA_SPREAD,7.00,anbima,6562783,1,1276.0612,,,,,32523821,19398256,40.4
2026-03-25,ENEV39,IPCA_SPREAD,9.38,anbima,10990308,1,1138.4201,7.4971,B40,28,B40 +28bps,33109507,11128892,66.4
2026-03-25,EKTRA6,IPCA_SPREAD,9.00,anbima,0,0,,,,,,12232687,12232687,0.0
2026-03-25,RISP22,IPCA_SPREAD,7.59,anbima,5999615,2,10.1959,8.6315,B37,110,B37 +110bps,12482119,482889,96.1
2026-03-25,CEPEA7,IPCA_SPREAD,9.00,anbima,0,0,,,,,,12944213,12944213,0.0
2026-03-25,ORIG12,IPCA_SPREAD,4.84,anbima,48425,1,1030.3095,10.4215,B32,258,B32 +258bps,235340578,235243729,0.0
2026-03-25,ORIG22,PREFIXADO,4.18,anbima,0,0,,,,,,82727085,82727085,0.0
2026-03-25,AXSI11,,10.83,0.70xprazo,0,0,,,,,,73458283,73458283,0.0
2026-03-25,ENMTG8,IPCA_SPREAD,8.64,anbima,0,0,,,,,,72764463,72764463,0.0
2026-03-25,ENMTF8,IPCA_SPREAD,6.88,anbima,0,0,,,,,,60574947,60574947,0.0
2026-03-25,FSII14,IPCA_SPREAD,4.83,0.70xprazo,0,0,,,,,,58199181,58199181,0.0
2026-03-25,CTNSA5,IPCA_SPREAD,6.88,anbima,0,0,,,,,,46101815,46101815,0.0
2026-03-25,SAELB8,IPCA_SPREAD,6.88,anbima,0,0,,,,,,34925232,34925232,0.0
2026-03-25,ENSEA5,IPCA_SPREAD,6.88,anbima,0,0,,,,,,27939990,27939990,0.0
2026-03-25,CGEE23,IPCA_SPREAD,5.51,anbima,0,0,,,,,,25558520,25558520,0.0
2026-03-25,CGEE13,IPCA_SPREAD,5.49,anbima,0,0,,,,,,57853001,57853001,0.0
2026-03-25,BSA318,DI_SPREAD,1.60,anbima,7002212,4,1049.0206,0.4863,CDI,0.4863,CDI +0.49%,14887800,883375,94.1
2026-03-25,AEGP19,DI_SPREAD,1.04,anbima,0,0,,,,,,13278802,13278802,0.0
2026-03-25,SBSPM8,DI_SPREAD,4.81,anbima,5041252,1,1005.0342,0.8015,CDI,0.8015,CDI +0.80%,10082503,0,100.0
2026-03-25,SBSPI8,IPCA_SPREAD,7.00,anbima,0,0,,,,,,27895759,27895759,0.0
2026-03-25,EGIE27,IPCA_SPREAD,1.27,anbima,6078145,1,1519.5362,7.3789,B27,-175,B27 −175bps,46962406,34806117,25.9
2026-03-25,ADPA21,DI_SPREAD,1.27,anbima,0,0,,,,,,75203486,75203486,0.0
2026-03-25,CEEBE3,IPCA_SPREAD,3.99,anbima,0,0,,,,,,104608545,104608545,0.0
2026-03-25,EKTRA8,IPCA_SPREAD,3.98,anbima,0,0,,,,,,31021880,31021880,0.0
2026-03-25,CEPEB8,,4.88,0.70xprazo,0,0,,,,,,37173821,37173821,0.0
2026-03-25,CEEBF3,,4.88,0.70xprazo,0,0,,,,,,70382435,70382435,0.0
2026-03-25,CEPEA8,IPCA_SPREAD,3.48,0.70xprazo,0,0,,,,,,37755575,37755575,0.0
2026-03-25,CSRNA4,IPCA_SPREAD,3.98,anbima,0,0,,,,,,21079955,21079955,0.0
2026-03-25,EKTRB8,,4.88,0.70xprazo,0,0,,,,,,37173821,37173821,0.0
2026-03-25,CSRNB4,,4.88,0.70xprazo,0,0,,,,,,20445602,20445602,0.0
2026-03-25,CEEBD1,PREFIXADO,4.44,anbima,0,0,,,,,,15005234,15005234,0.0
2026-03-25,CSRNB3,IPCA_SPREAD,6.93,anbima,0,0,,,,,,17732376,17732376,0.0
2026-03-25,CSMGB9,IPCA_SPREAD,3.64,anbima,0,0,,,,,,13039766,13039766,0.0
2026-03-25,HAPV15,DI_SPREAD,2.71,anbima,0,0,,,,,,24370326,24370326,0.0
2026-03-25,BCPSA7,IPCA_SPREAD,6.45,anbima,8175019,3,1009.2616,7.2147,B35,-35,B35 −35bps,26584299,10234261,61.5
2026-03-25,GASC28,IPCA_SPREAD,8.02,anbima,402413,2,1006.0330,7.9428,B37,41,B37 +41bps,18184990,17380163,4.4
2026-03-25,DESK17,IPCA_SPREAD,3.37,anbima,10620491,1,1092.0813,7.6490,B30,-31,B30 −31bps,23922935,2681953,88.8
2026-03-25,NTSD36,DI_SPREAD,4.05,anbima,70029495,1,1042.0125,1.1208,CDI,1.1208,CDI +1.12%,179821417,39762426,77.9
2026-03-25,BHSA11,IPCA_SPREAD,7.17,anbima,998888,1,1008.9776,,,,,22068380,20070605,9.1
2026-03-25,VRDN12,IPCA_SPREAD,3.87,anbima,0,0,,,,,,35218579,35218579,0.0
2026-03-25,COCE18,IPCA_SPREAD,4.08,anbima,0,0,,,,,,13682059,13682059,0.0
2026-03-25,CRNP13,IPCA_SPREAD,8.63,anbima,748633,2,1127.4588,7.4460,B40,23,B40 +23bps,13754035,12256769,10.9
2026-03-25,ELDC15,IPCA_SPREAD,5.98,anbima,0,0,,,,,,26099700,26099700,0.0
2026-03-25,EQPA18,IPCA_SPREAD,6.47,anbima,12162391,3,1092.4630,7.5739,B35,1,B35 +1bps,27851916,3527134,87.3
2026-03-25,STBP25,DI_SPREAD,3.24,anbima,0,0,,,,,,23365246,23365246,0.0
2026-03-25,BRMLB1,DI_SPREAD,4.31,anbima,0,0,,,,,,20445508,20445508,0.0
2026-03-25,USIM29,DI_SPREAD,2.35,anbima,416685,1,1039.1135,1.9038,CDI,1.9038,CDI +1.90%,11020667,10187298,7.6
2026-03-25,EGIED1,DI_SPREAD,1.59,anbima,0,0,,,,,,10871935,10871935,0.0
2026-03-25,ESCEA3,DI_SPREAD,0.95,anbima,0,0,,,,,,20358872,20358872,0.0
2026-03-25,SBSPE7,DI_SPREAD,4.86,anbima,0,0,,,,,,42399061,42399061,0.0
2026-03-25,ELTN16,DI_SPREAD,3.57,anbima,0,0,,,,,,30390164,30390164,0.0
2026-03-25,ELET24,DI_SPREAD,1.42,anbima,16000928,1,1014.0005,1.0250,CDI,1.025,CDI +1.02%,123484916,91483060,25.9
2026-03-25,EGIEB4,IPCA_SPREAD,3.92,anbima,0,0,,,,,,112793307,112793307,0.0
2026-03-25,MGPRA0,IPCA_SPREAD,7.73,anbima,209846,2,1008.8733,,,,,26969107,26549416,1.6
2026-03-25,VAMO24,DI_SPREAD,2.98,anbima,0,0,,,,,,20249457,20249457,0.0
2026-03-25,TUPY15,DI_SPREAD,2.48,anbima,39982428,2,923.7231,,,,,140030972,60066115,57.1
2026-03-25,CEEBA7,DI_SPREAD,1.98,anbima,0,0,,,,,,18968091,18968091,0.0
2026-03-25,GASC18,IPCA_SPREAD,6.98,anbima,13902,1,992.9988,8.1344,B35,57,B35 +57bps,39567431,39539627,0.1
2026-03-25,LORTB2,DI_SPREAD,2.01,anbima,0,0,,,,,,27814697,27814697,0.0
2026-03-25,ELET32,,0.06,0.70xprazo,0,0,,,,,,18270452,18270452,0.0
2026-03-25,PFOR15,DI_SPREAD,2.38,anbima,0,0,,,,,,20275842,20275842,0.0
2026-03-25,PFOR16,DI_SPREAD,2.77,anbima,0,0,,,,,,37211828,37211828,0.0
2026-03-25,ADPA11,,1.17,0.70xprazo,0,0,,,,,,191031138,191031138,0.0
2026-03-25,MATD13,DI_SPREAD,3.88,anbima,0,0,,,,,,12158955,12158955,0.0
2026-03-25,ALIG15,IPCA_SPREAD,4.64,anbima,24731437,1,998.5641,7.3331,B32,-51,B32 −51bps,69609732,20146858,71.1
2026-03-25,RENTE4,DI_SPREAD,3.39,anbima,30009744,1,1016.1771,1.4515,CDI,1.4515,CDI +1.45%,75021695,15002208,80.0
2026-03-25,AURP12,IPCA_SPREAD,5.83,anbima,0,0,,,,,,10421885,10421885,0.0
2026-03-25,CICC12,,6.87,0.70xprazo,0,0,,,,,,29913820,29913820,0.0
2026-03-25,IBIP11,,4.77,0.70xprazo,0,0,,,,,,15072260,15072260,0.0
2026-03-25,CESPA4,DI_SPREAD,3.76,anbima,15019943,1,1001.3295,0.9515,CDI,0.9515,CDI +0.95%,335178978,305139093,9.0
2026-03-25,TSSG14,DI_SPREAD,2.16,anbima,0,0,,,,,,12425226,12425226,0.0
2026-03-25,ISAED1,DI_SPREAD,4.84,anbima,3291944,1,1024.8891,0.7608,CDI,0.7608,CDI +0.76%,11607197,5023310,56.7
2026-03-25,ENERA1,IPCA_SPREAD,3.51,anbima,0,0,,,,,,19490783,19490783,0.0
2026-03-25,KRSA12,DI_SPREAD,3.22,0.70xprazo,0,0,,,,,,71756492,71756492,0.0
2026-03-25,TIGR21,DI_SPREAD,1.56,anbima,0,0,,,,,,40008249,40008249,0.0
2026-03-25,EQPAA0,DI_SPREAD,3.49,anbima,0,0,,,,,,95063123,95063123,0.0
2026-03-25,ISAEB1,DI_SPREAD,2.82,anbima,0,0,,,,,,23033525,23033525,0.0
2026-03-25,EXSE11,,3.90,0.70xprazo,20005109,1,1058.2474,1.0015,,,,40010218,0,100.0
2026-03-25,CEEBB6,IPCA_SPREAD,3.12,anbima,0,0,,,,,,108226837,108226837,0.0
2026-03-25,SUZB29,IPCA_SPREAD,5.60,anbima,0,0,,,,,,107359501,107359501,0.0
2026-03-25,ONZE21,IPCA_SPREAD,8.12,anbima,0,0,,,,,,173389987,173389987,0.0
2026-03-25,CIEL18,DI_SPREAD,2.31,anbima,0,0,,,,,,100001180,100001180,0.0
2026-03-25,EQTL17,DI_SPREAD,2.13,anbima,0,0,,,,,,80769010,80769010,0.0
2026-03-25,RDORD9,DI_SPREAD,0.24,0.70xprazo,0,0,,,,,,32446155,32446155,0.0
2026-03-25,HAPV28,DI_SPREAD,3.77,anbima,0,0,,,,,,15200536,15200536,0.0
2026-03-25,ALPKA5,,3.46,0.70xprazo,0,0,,,,,,10026071,10026071,0.0
2026-03-26,AGUP21,,1.17,0.70xprazo,0,0,,,,,,11024930,11024930,0.0
2026-03-26,ADPD11,,1.17,0.70xprazo,0,0,,,,,,28483713,28483713,0.0
2026-03-26,ADPA21,DI_SPREAD,1.27,anbima,0,0,,,,,,216265057,216265057,0.0
2026-03-26,HAPV17,DI_SPREAD,2.76,anbima,10184049,1,848.6707,9.6500,CDI,9.65,CDI +9.65%,128913755,108545657,15.8
2026-03-26,CGASA5,DI_SPREAD,2.16,anbima,78937790,2,1000.4790,,,,,3182023420,3024147840,5.0
2026-03-26,CESE32,IPCA_SPREAD,3.14,anbima,0,0,,,,,,414659936,414659936,0.0
2026-03-26,EGIEB4,IPCA_SPREAD,3.92,anbima,0,0,,,,,,169927034,169927034,0.0
2026-03-26,SIMK11,,1.55,0.70xprazo,0,0,,,,,,17644456,17644456,0.0
2026-03-26,ONZE21,IPCA_SPREAD,8.12,anbima,0,0,,,,,,173389987,173389987,0.0
2026-03-26,CEEBB6,IPCA_SPREAD,3.12,anbima,0,0,,,,,,562612995,562612995,0.0
2026-03-26,EGIEA4,PREFIXADO,3.28,anbima,0,0,,,,,,354019437,354019437,0.0
2026-03-26,RDORC4,DI_SPREAD,1.04,anbima,15090361,1,1006.0240,0.5651,CDI,0.5651,CDI +0.57%,81631775,51451053,37.0
2026-03-26,VALEB1,IPCA_SPREAD,4.79,anbima,80654,1,1034.0219,7.2450,B32,-70,B32 −70bps,166294694,166133386,0.1
2026-03-26,CHSF13,IPCA_SPREAD,4.17,anbima,5292,1,1058.4718,7.7301,B31,-35,B31 −35bps,162947730,162937145,0.0
2026-03-26,RMSA12,IPCA_SPREAD,7.00,anbima,30227276,2,1275.8970,,,,,133983719,73529167,45.1
2026-03-26,SUZB29,IPCA_SPREAD,5.60,anbima,0,0,,,,,,161039251,161039251,0.0
2026-03-26,TAEEA7,IPCA_SPREAD,7.71,anbima,4447,1,1111.6952,7.5445,B37,-9,B37 −9bps,120949275,120940381,0.0
2026-03-26,CIEL18,DI_SPREAD,2.31,anbima,0,0,,,,,,222908598,222908598,0.0
2026-03-26,SUZBB1,DI_SPREAD,4.54,anbima,0,0,,,,,,34532289,34532289,0.0
2026-03-26,ERDVB4,IPCA_SPREAD,5.42,anbima,13972872,1,1061.6878,7.7980,B33,-14,B33 −14bps,45549697,17603952,61.4
2026-03-26,CGOS28,IPCA_SPREAD,6.40,anbima,166295,2,1013.9938,7.5476,B35,-12,B35 −12bps,11371811,11039221,2.9
2026-03-26,ELET16,IPCA_SPREAD,6.15,anbima,677883,2,1046.1158,7.2768,B35,-39,B35 −39bps,23022168,21666401,5.9
2026-03-26,CEEBD2,IPCA_SPREAD,6.93,anbima,1912298,1,956.1492,7.5000,B35,-17,B35 −17bps,15391925,11567328,24.8
2026-03-26,GASC18,IPCA_SPREAD,6.98,anbima,29834041,4,994.4349,8.1166,B35,45,B35 +45bps,82390474,22722393,72.4
2026-03-26,CCROB6,IPCA_SPREAD,5.48,anbima,267115,2,1181.9264,7.2143,B33,-73,B33 −73bps,25935612,25401381,2.1
2026-03-26,BCPSA7,IPCA_SPREAD,6.45,anbima,5586041,4,1007.2198,7.2589,B35,-41,B35 −41bps,66980087,55808005,16.7
2026-03-26,EQPA19,IPCA_SPREAD,6.83,anbima,6036787,1,1006.1311,7.6411,B35,-3,B35 −3bps,38841065,26767491,31.1
2026-03-26,RENTE4,DI_SPREAD,3.39,anbima,14998453,1,1016.1553,1.4600,CDI,1.46,CDI +1.46%,47548862,17551957,63.1
2026-03-26,RUMOA3,IPCA_SPREAD,2.05,anbima,290054,1,1294.8846,9.1135,B28,106,B28 +106bps,10986661,10406553,5.3
2026-03-26,RISP12,IPCA_SPREAD,4.06,anbima,9071942,2,10.6335,8.5541,B31,47,B31 +47bps,18804233,660348,96.5
2026-03-26,BHSA11,IPCA_SPREAD,7.17,anbima,0,0,,,,,,21612998,21612998,0.0
2026-03-26,CERT11,IPCA_SPREAD,2.62,anbima,0,0,,,,,,127253032,127253032,0.0
2026-03-26,CGOS19,DI_SPREAD,3.75,anbima,4247372,2,1051.3298,0.8850,CDI,0.885,CDI +0.89%,22681013,14186269,37.5
2026-03-26,RDORG6,DI_SPREAD,3.92,anbima,0,0,,,,,,10009738,10009738,0.0
2026-03-26,OMGE17,DI_SPREAD,3.26,anbima,0,0,,,,,,140051117,140051117,0.0
2026-03-26,RUMOB5,IPCA_SPREAD,6.88,anbima,979,1,979.1761,8.8701,B35,120,B35 +120bps,35400766,35398807,0.0
2026-03-26,GASC28,IPCA_SPREAD,8.02,anbima,142470,1,1010.4239,7.8915,B37,26,B37 +26bps,13504510,13219571,2.1
2026-03-26,RUMOA2,IPCA_SPREAD,1.44,anbima,0,0,,,,,,10482083,10482083,0.0
2026-03-26,SUZBA0,IPCA_SPREAD,7.84,anbima,2710562,1,1050.1983,7.0461,B37,-58,B37 −58bps,13369048,7947925,40.5
2026-03-26,MGPRA0,IPCA_SPREAD,7.73,anbima,0,0,,,,,,41417825,41417825,0.0
2026-03-26,EUFA17,DI_SPREAD,2.73,anbima,0,0,,,,,,46865082,46865082,0.0
2026-03-26,ALUP18,IPCA_SPREAD,5.70,anbima,0,0,,,,,,18498824,18498824,0.0
2026-03-26,TRRG12,IPCA_SPREAD,4.18,anbima,0,0,,,,,,11631300,11631300,0.0
2026-03-26,VLIM18,IPCA_SPREAD,6.23,anbima,9881276,1,988.1276,7.5573,B35,-11,B35 −11bps,30163976,10401424,65.5
2026-03-26,HARG11,IPCA_SPREAD,5.00,anbima,346837,2,1129.7629,7.8446,B32,-10,B32 −10bps,18019856,17326181,3.8
2026-03-26,MSGT12,IPCA_SPREAD,2.03,anbima,0,0,,,,,,17711807,17711807,0.0
2026-03-26,ECOV16,IPCA_SPREAD,4.21,anbima,24034,1,1092.4621,6.2950,B31,-178,B31 −178bps,23675353,23627285,0.2
2026-03-26,BCPSA5,IPCA_SPREAD,2.41,anbima,0,0,,,,,,12425919,12425919,0.0
2026-03-26,DESK19,IPCA_SPREAD,4.50,anbima,25585395,1,1044.3018,7.6010,B31,-48,B31 −48bps,51331293,160503,99.7
2026-03-26,TPNO12,IPCA_SPREAD,1.54,anbima,3727240,3,721.2152,7.4340,B28,-62,B28 −62bps,18157203,10702722,41.1
2026-03-26,ENEVA4,IPCA_SPREAD,7.02,anbima,4445999,1,958.6026,7.5778,B35,-9,B35 −9bps,19653988,10761990,45.2
2026-03-26,AXIA18,IPCA_SPREAD,5.21,anbima,5005294,1,976.6427,7.4880,B32,-45,B32 −45bps,12061355,2050767,83.0
2026-03-26,ENGIB0,IPCA_SPREAD,4.05,anbima,7334,1,1047.7827,7.7601,B31,-32,B31 −32bps,19695534,19680865,0.1
2026-03-26,AGUP11,,1.17,0.70xprazo,0,0,,,,,,40301865,40301865,0.0
2026-03-26,NTSD36,DI_SPREAD,4.05,anbima,24016802,1,1042.8486,1.1101,CDI,1.1101,CDI +1.11%,111724191,63690586,43.0
2026-03-26,LORTB2,DI_SPREAD,2.01,anbima,158728,1,1058.1834,1.4450,CDI,1.445,CDI +1.45%,13592608,13275152,2.3
2026-03-26,BRKMA8,DI_SPREAD,2.54,0.70xprazo,0,0,,,,,,17356640,17356640,0.0
2026-03-26,TUPY15,DI_SPREAD,2.48,anbima,0,0,,,,,,22880200,22880200,0.0
2026-03-26,COCE18,IPCA_SPREAD,4.08,anbima,4184,1,1045.8784,9.5800,B31,150,B31 +150bps,13410336,13401969,0.1
2026-03-26,KRSA12,DI_SPREAD,3.22,0.70xprazo,0,0,,,,,,72304804,72304804,0.0
2026-03-26,EQPA18,IPCA_SPREAD,6.47,anbima,0,0,,,,,,12617699,12617699,0.0
2026-03-26,ADPA11,,1.17,0.70xprazo,0,0,,,,,,190979659,190979659,0.0
2026-03-26,ADPD21,,1.17,0.70xprazo,0,0,,,,,,119726604,119726604,0.0
2026-03-26,CMGDA4,IPCA_SPREAD,7.26,anbima,0,0,,,,,,17454255,17454255,0.0
2026-03-26,ERDVA6,DI_SPREAD,3.07,anbima,9092619,1,1035.6058,1.0193,CDI,1.0193,CDI +1.02%,82408985,64223746,22.1
2026-03-26,HAPV19,DI_SPREAD,3.69,anbima,0,0,,,,,,304048105,304048105,0.0
2026-03-26,SVEA16,DI_SPREAD,4.10,anbima,0,0,,,,,,29001493,29001493,0.0
2026-03-26,IRJS15,IPCA_SPREAD,6.61,anbima,0,0,,,,,,14090007,14090007,0.0
2026-03-26,RDORB9,DI_SPREAD,2.92,anbima,0,0,,,,,,63743239,63743239,0.0
2026-03-26,VAMO17,DI_SPREAD,1.67,anbima,0,0,,,,,,487715100,487715100,0.0
2026-03-26,ENEVC0,DI_SPREAD,2.23,anbima,0,0,,,,,,17541953,17541953,0.0
2026-03-26,ELET24,DI_SPREAD,1.42,anbima,81106,1,1013.8307,1.0350,CDI,1.035,CDI +1.04%,53586347,53424134,0.3
2026-03-26,CSRNB3,IPCA_SPREAD,6.93,anbima,2288685,2,987.7796,7.0100,B35,-66,B35 −66bps,26748286,22170916,17.1
2026-03-26,CEEBD1,PREFIXADO,4.44,anbima,0,0,,,,,,19746449,19746449,0.0
2026-03-26,JSLGA5,DI_SPREAD,1.08,anbima,0,0,,,,,,68325116,68325116,0.0
2026-03-26,MGLUA0,DI_SPREAD,0.23,anbima,24994723,1,531.6217,2.2926,CDI,2.2926,CDI +2.29%,50113628,124181,99.8
2026-03-26,SBSPK8,IPCA_SPREAD,8.84,anbima,9312216,1,931.2215,7.1646,B40,-19,B40 −19bps,18916485,292054,98.5
2026-03-26,CSAN18,DI_SPREAD,3.07,anbima,0,0,,,,,,13121529,13121529,0.0
2026-03-26,ENEV48,DI_SPREAD,3.58,anbima,0,0,,,,,,14843770,14843770,0.0
2026-03-26,CESE22,DI_SPREAD,0.99,anbima,0,0,,,,,,18774828,18774828,0.0
2026-03-26,ALPKA2,,1.51,0.70xprazo,0,0,,,,,,11549706,11549706,0.0
2026-03-26,CSAN15,DI_SPREAD,1.52,anbima,0,0,,,,,,12151509,12151509,0.0
2026-03-26,ENEV38,DI_SPREAD,2.12,anbima,0,0,,,,,,17106451,17106451,0.0
2026-03-26,HGLB13,DI_SPREAD,3.59,anbima,0,0,,,,,,41812924,41812924,0.0
2026-03-26,EXSE11,,3.90,0.70xprazo,0,0,,,,,,28550879,28550879,0.0
2026-03-26,IPIL11,,6.81,0.70xprazo,0,0,,,,,,16559915,16559915,0.0
2026-03-26,MULTB5,DI_SPREAD,4.46,anbima,0,0,,,,,,23148036,23148036,0.0
2026-03-26,CLIS11,DI_SPREAD,2.33,anbima,0,0,,,,,,16296351,16296351,0.0
2026-03-26,OMGE15,DI_SPREAD,2.38,anbima,0,0,,,,,,44140526,44140526,0.0
2026-03-26,CLII12,DI_SPREAD,2.45,anbima,0,0,,,,,,10148936,10148936,0.0
2026-03-26,CNLM16,,3.65,0.70xprazo,0,0,,,,,,33425235,33425235,0.0
2026-03-26,UQFN15,DI_SPREAD,2.95,anbima,0,0,,,,,,16675704,16675704,0.0
2026-03-26,SALT16,,4.48,0.70xprazo,0,0,,,,,,49478224,49478224,0.0
2026-03-26,FLRYB0,DI_SPREAD,3.43,anbima,0,0,,,,,,21152819,21152819,0.0
2026-03-26,VBBR18,DI_SPREAD,3.34,anbima,0,0,,,,,,25460961,25460961,0.0
2026-03-26,HAPVA0,DI_SPREAD,3.90,anbima,0,0,,,,,,345292772,345292772,0.0
2026-03-26,ITSA18,DI_SPREAD,4.39,anbima,0,0,,,,,,21566765,21566765,0.0
2026-03-26,CLCD17,DI_SPREAD,3.23,anbima,0,0,,,,,,10294996,10294996,0.0
2026-03-26,RDORB3,DI_SPREAD,3.41,anbima,0,0,,,,,,29622449,29622449,0.0
2026-03-26,RDORC3,DI_SPREAD,3.41,anbima,0,0,,,,,,19859742,19859742,0.0
2026-03-26,NIGP12,DI_SPREAD,3.27,anbima,0,0,,,,,,18846188,18846188,0.0
2026-03-26,RDORC9,DI_SPREAD,2.92,anbima,27159,2,1044.5836,1.0197,CDI,1.0197,CDI +1.02%,50105109,50050790,0.1
2026-03-26,MULPA0,DI_SPREAD,1.08,anbima,0,0,,,,,,11230734,11230734,0.0
2026-03-26,LORTB9,,2.04,0.70xprazo,0,0,,,,,,19594282,19594282,0.0
2026-03-26,DASAA6,DI_SPREAD,0.23,0.70xprazo,26304514,5,1068.4640,1.6126,CDI,1.6126,CDI +1.61%,52609028,0,100.0
2026-03-26,NTSD35,DI_SPREAD,3.37,anbima,0,0,,,,,,15126529,15126529,0.0
2026-03-26,RENTC8,DI_SPREAD,2.08,anbima,0,0,,,,,,18902393,18902393,0.0
2026-03-26,RDORD9,DI_SPREAD,0.24,0.70xprazo,7812692,1,1049.9519,1.5254,CDI,1.5254,CDI +1.53%,15625384,0,100.0
2026-03-26,RENTA5,DI_SPREAD,3.79,anbima,0,0,,,,,,79239300,79239300,0.0
2026-03-26,CGOSA1,DI_SPREAD,3.58,anbima,0,0,,,,,,10737259,10737259,0.0
2026-03-26,PALFA5,DI_SPREAD,2.18,anbima,0,0,,,,,,15059015,15059015,0.0
2026-03-26,HAPV28,DI_SPREAD,3.77,anbima,0,0,,,,,,137607446,137607446,0.0
2026-03-26,HAPV21,,0.20,0.70xprazo,12590778,1,509.6243,141.6383,,,,25181556,0,100.0
2026-03-26,FLCLA8,DI_SPREAD,2.73,anbima,0,0,,,,,,17290088,17290088,0.0
2026-03-26,NTSD18,DI_SPREAD,3.25,anbima,0,0,,,,,,45291337,45291337,0.0
2026-03-26,TFLEA7,DI_SPREAD,2.64,anbima,0,0,,,,,,27896260,27896260,0.0
2026-03-26,CEED28,,3.50,0.70xprazo,0,0,,,,,,49168566,49168566,0.0
2026-03-26,PALFA6,DI_SPREAD,2.44,anbima,0,0,,,,,,12721477,12721477,0.0
2026-03-26,CMGDA2,DI_SPREAD,3.56,anbima,2590250,2,1007.0958,0.8049,CDI,0.8049,CDI +0.80%,22734691,17554190,22.8
2026-03-26,RENTE2,DI_SPREAD,2.94,anbima,0,0,,,,,,18032346,18032346,0.0
2026-03-26,VERTB3,,1.91,0.70xprazo,0,0,,,,,,10244124,10244124,0.0
2026-03-26,RENTE3,DI_SPREAD,3.07,anbima,0,0,,,,,,23992715,23992715,0.0
2026-03-26,RENTF2,DI_SPREAD,3.92,anbima,0,0,,,,,,18018788,18018788,0.0
2026-03-26,TFLEA9,DI_SPREAD,3.59,anbima,0,0,,,,,,68475385,68475385,0.0
2026-03-26,CEEDA0,DI_SPREAD,3.58,anbima,0,0,,,,,,42018454,42018454,0.0
2026-03-26,GUAR17,DI_SPREAD,1.50,anbima,0,0,,,,,,14476209,14476209,0.0
2026-03-26,PFOR26,DI_SPREAD,3.82,anbima,0,0,,,,,,30898822,30898822,0.0
2026-03-26,BTGH18,DI_SPREAD,2.00,anbima,0,0,,,,,,56575227,56575227,0.0
2026-03-26,CGOSB0,IPCA_SPREAD,6.70,anbima,0,0,,,,,,41384752,41384752,0.0
2026-03-26,CVRDA6,IGP-M,51.64,0.70xprazo,3223039,8,44.0384,,,,,15877408,9431330,40.6
2026-03-26,VERTH8,,6.69,0.70xprazo,0,0,,,,,,51764549,51764549,0.0
2026-03-26,CPJG18,,6.98,0.70xprazo,0,0,,,,,,75178243,75178243,0.0
2026-03-26,AESLD2,IPCA_SPREAD,6.48,anbima,0,0,,,,,,195204786,195204786,0.0
2026-03-26,ENMTD5,IPCA_SPREAD,8.38,anbima,0,0,,,,,,61338667,61338667,0.0
2026-03-26,PASS12,DI_SPREAD,2.88,anbima,0,0,,,,,,10737857,10737857,0.0
2026-03-26,AEGE16,DI_SPREAD,3.30,anbima,0,0,,,,,,39519426,39519426,0.0
2026-03-26,GATU11,,0.17,0.70xprazo,0,0,,,,,,18206368,18206368,0.0
2026-03-26,IBIP11,,4.77,0.70xprazo,0,0,,,,,,18586621,18586621,0.0
2026-03-26,ENERA1,IPCA_SPREAD,3.51,anbima,0,0,,,,,,11797096,11797096,0.0
2026-03-26,CEEBE3,IPCA_SPREAD,3.99,anbima,0,0,,,,,,22598977,22598977,0.0
2026-03-26,CEED17,IPCA_SPREAD,6.39,anbima,0,0,,,,,,22917214,22917214,0.0
2026-03-26,CEAP14,IPCA_SPREAD,5.17,anbima,0,0,,,,,,23788806,23788806,0.0
2026-03-26,CPGT28,IPCA_SPREAD,5.89,anbima,0,0,,,,,,10058369,10058369,0.0
2026-03-26,BSA3A0,DI_SPREAD,2.80,anbima,0,0,,,,,,102308147,102308147,0.0
2026-03-26,VERTO6,,1.34,0.70xprazo,0,0,,,,,,12125533,12125533,0.0
2026-03-26,ALPKA5,,3.46,0.70xprazo,0,0,,,,,,84277884,84277884,0.0
2026-03-26,ISPE12,DI_SPREAD,2.32,anbima,0,0,,,,,,68208685,68208685,0.0
2026-03-26,CEEBC0,,4.26,0.70xprazo,0,0,,,,,,45229804,45229804,0.0
2026-03-26,EEELA3,DI_SPREAD,2.18,anbima,0,0,,,,,,25656467,25656467,0.0
2026-03-26,PFOR15,DI_SPREAD,2.38,anbima,0,0,,,,,,30842371,30842371,0.0
2026-03-26,CPFPB8,DI_SPREAD,3.37,anbima,0,0,,,,,,11111651,11111651,0.0
2026-03-26,AESLA6,,3.42,0.70xprazo,0,0,,,,,,25703697,25703697,0.0
2026-03-26,CPFPA8,DI_SPREAD,2.18,anbima,0,0,,,,,,18080770,18080770,0.0
2026-03-26,EGIEA6,IPCA_SPREAD,7.71,anbima,0,0,,,,,,86649607,86649607,0.0
2026-03-27,HAPV28,DI_SPREAD,3.77,anbima,0,0,,,,,,22312138,22312138,0.0
2026-03-27,CESE22,DI_SPREAD,0.99,anbima,13946373,2,768.8612,1.0208,CDI,1.0208,CDI +1.02%,42092154,14199409,66.3
2026-03-27,PASS12,DI_SPREAD,2.88,anbima,0,0,,,,,,21481211,21481211,0.0
2026-03-27,VALEB1,IPCA_SPREAD,4.79,anbima,0,0,,,,,,112538095,112538095,0.0
2026-03-27,ONZE21,IPCA_SPREAD,8.12,anbima,0,0,,,,,,54119558,54119558,0.0
2026-03-27,VAMO34,IPCA_SPREAD,3.46,anbima,59631,1,1010.6932,15.0601,B30,695,B30 +695bps,20592492,20473230,0.6
2026-03-27,CEEBD2,IPCA_SPREAD,6.93,anbima,0,0,,,,,,27394796,27394796,0.0
2026-03-27,CGASA5,DI_SPREAD,2.16,anbima,0,0,,,,,,100139237,100139237,0.0
2026-03-27,ROTY13,IPCA_SPREAD,3.92,anbima,0,0,,,,,,344131677,344131677,0.0
2026-03-27,KRSA12,DI_SPREAD,3.22,0.70xprazo,0,0,,,,,,38641643,38641643,0.0
2026-03-27,BRKP28,IPCA_SPREAD,5.15,anbima,4707324,1,1210.4201,8.2892,B32,32,B32 +32bps,34726119,25311471,27.1
2026-03-27,ENEVA4,IPCA_SPREAD,7.02,anbima,4445999,1,958.6026,7.6039,B35,-9,B35 −9bps,15685392,6793395,56.7
2026-03-27,VLIM18,IPCA_SPREAD,6.23,anbima,20862346,1,993.4451,7.5070,B35,-18,B35 −18bps,72464173,30739481,57.6
2026-03-27,LORTA7,IPCA_SPREAD,3.60,anbima,0,0,,,,,,15706743,15706743,0.0
2026-03-27,EUFA17,DI_SPREAD,2.73,anbima,0,0,,,,,,10613750,10613750,0.0
2026-03-27,PFOR26,DI_SPREAD,3.82,anbima,10304145,1,1030.4144,1.6100,CDI,1.61,CDI +1.61%,37746651,17138362,54.6
2026-03-27,ERDVA6,DI_SPREAD,3.07,anbima,1297677,3,1035.6562,1.0242,CDI,1.0242,CDI +1.02%,92162783,89567429,2.8
2026-03-27,CVRDA6,IGP-M,51.64,0.70xprazo,9992183,15,46.4753,,,,,126228545,106244180,15.8
2026-03-27,BSA318,DI_SPREAD,1.60,anbima,0,0,,,,,,485592089,485592089,0.0
2026-03-27,EQPA19,IPCA_SPREAD,6.83,anbima,5030167,1,1006.0333,7.6695,B35,-2,B35 −2bps,30288789,20228456,33.2
2026-03-27,OMGE17,DI_SPREAD,3.26,anbima,0,0,,,,,,20184707,20184707,0.0
2026-03-27,RODB11,DI_SPREAD,2.40,anbima,21025161,2,1561.4676,,,,,46403408,4353086,90.6
2026-03-27,CMGDA4,IPCA_SPREAD,7.26,anbima,38953,1,998.8013,7.4008,B37,-25,B37 −25bps,86382116,86304210,0.1
2026-03-27,CMGTA1,IPCA_SPREAD,7.27,anbima,0,0,,,,,,125734117,125734117,0.0
2026-03-27,RMSA12,IPCA_SPREAD,7.00,anbima,3809,1,1269.5011,,,,,12235241,12227624,0.1
2026-03-27,CSRNB3,IPCA_SPREAD,6.93,anbima,4659606,1,954.4461,7.5582,B35,-13,B35 −13bps,16504008,7184797,56.5
2026-03-27,PEJA23,IPCA_SPREAD,5.35,anbima,1115690,2,1054.5276,7.7283,B33,-24,B33 −24bps,10647322,8415942,21.0
2026-03-27,VALED1,IPCA_SPREAD,7.67,anbima,15638928,2,1042.5952,6.9310,B37,-72,B37 −72bps,43550335,12272479,71.8
2026-03-27,CHSF13,IPCA_SPREAD,4.17,anbima,0,0,,,,,,15851079,15851079,0.0
2026-03-27,BCPSA7,IPCA_SPREAD,6.45,anbima,4030,2,1007.5718,7.2822,B35,-41,B35 −41bps,16830356,16822296,0.0
2026-03-27,CERT11,IPCA_SPREAD,2.62,anbima,0,0,,,,,,17876052,17876052,0.0
2026-03-27,CCROB6,IPCA_SPREAD,5.48,anbima,240360,1,1161.1609,7.5995,B33,-37,B33 −37bps,33432066,32951346,1.4
2026-03-27,DESK19,IPCA_SPREAD,4.50,anbima,0,0,,,,,,15345853,15345853,0.0
2026-03-27,CMGDA2,DI_SPREAD,3.56,anbima,0,0,,,,,,20143482,20143482,0.0
2026-03-27,CESPA4,DI_SPREAD,3.76,anbima,0,0,,,,,,101152759,101152759,0.0
2026-03-27,JSLGA5,DI_SPREAD,1.08,anbima,0,0,,,,,,24401411,24401411,0.0
2026-03-27,HAPV17,DI_SPREAD,2.76,anbima,15017127,1,846.9419,9.8001,CDI,9.8001,CDI +9.80%,45030572,14996319,66.7
2026-03-27,MVLVA1,DI_SPREAD,0.85,anbima,0,0,,,,,,14390276,14390276,0.0
2026-03-27,SVEA16,DI_SPREAD,4.10,anbima,0,0,,,,,,20439727,20439727,0.0
2026-03-27,SUMI39,DI_SPREAD,2.08,anbima,0,0,,,,,,24153759,24153759,0.0
2026-03-27,ENERA9,,0.19,0.70xprazo,0,0,,,,,,50061195,50061195,0.0
2026-03-27,ENSEB4,IPCA_SPREAD,6.60,anbima,0,0,,,,,,11198880,11198880,0.0
2026-03-27,CMGD19,,0.09,0.70xprazo,0,0,,,,,,227794842,227794842,0.0
2026-03-27,COLNA3,DI_SPREAD,3.17,anbima,0,0,,,,,,17080584,17080584,0.0
2026-03-27,QUNT11,DI_SPREAD,3.13,anbima,0,0,,,,,,13846310,13846310,0.0
2026-03-27,ACMB13,,0.39,0.70xprazo,0,0,,,,,,20281856,20281856,0.0
2026-03-27,PFOR15,DI_SPREAD,2.38,anbima,0,0,,,,,,19069506,19069506,0.0
2026-03-27,BCBF16,DI_SPREAD,0.64,anbima,0,0,,,,,,63813642,63813642,0.0
2026-03-27,NTSD36,DI_SPREAD,4.05,anbima,0,0,,,,,,55888142,55888142,0.0
2026-03-27,CMGDB4,IPCA_SPREAD,8.61,anbima,9953162,1,995.3161,7.2100,B40,-14,B40 −14bps,30863797,10957474,64.5
2026-03-27,CSMGE2,IPCA_SPREAD,4.65,anbima,130070976,1,986.1333,9.0241,B32,105,B32 +105bps,275223014,15081062,94.5
2026-03-27,CMGTB1,IPCA_SPREAD,8.60,anbima,0,0,,,,,,16660004,16660004,0.0
2026-03-30,CHSF13,IPCA_SPREAD,4.17,anbima,118600,3,1068.4715,7.5643,B31,-44,B31 −44bps,176050413,175813212,0.1
2026-03-30,EATEB3,,2.95,0.70xprazo,0,0,,,,,,417650567,417650567,0.0
2026-03-30,HAPV28,DI_SPREAD,3.77,anbima,0,0,,,,,,10284005,10284005,0.0
2026-03-30,CVRDA6,IGP-M,51.63,0.70xprazo,1631629,4,45.1475,,,,,22185585,18922327,14.7
2026-03-30,CPJG16,,6.22,0.70xprazo,0,0,,,,,,81031374,81031374,0.0
2026-03-30,DASAA6,DI_SPREAD,0.22,0.70xprazo,97167,1,1067.7713,1.9939,CDI,1.9939,CDI +1.99%,28800006,28605671,0.7
2026-03-30,SUZB29,IPCA_SPREAD,5.60,anbima,0,0,,,,,,258060430,258060430,0.0
2026-03-30,ARTRA5,DI_SPREAD,1.45,anbima,0,0,,,,,,14606325,14606325,0.0
2026-03-30,ENEVA4,IPCA_SPREAD,7.02,anbima,3565399,6,965.9711,7.4997,B35,-7,B35 −7bps,91232148,84101349,7.8
2026-03-30,EUFA17,DI_SPREAD,2.73,anbima,1568879,1,1002.4785,1.3855,CDI,1.3855,CDI +1.39%,27250413,24112655,11.5
2026-03-30,CEEBD2,IPCA_SPREAD,6.93,anbima,2817024,3,962.0985,7.4468,B35,-12,B35 −12bps,36522783,30888734,15.4
2026-03-30,CSMGE2,IPCA_SPREAD,4.65,anbima,0,0,,,,,,210071229,210071229,0.0
2026-03-30,VLIM18,IPCA_SPREAD,6.23,anbima,39062,1,1001.6001,7.3700,B35,-20,B35 −20bps,10233004,10154879,0.8
2026-03-30,ERDVA6,DI_SPREAD,3.07,anbima,0,0,,,,,,52380407,52380407,0.0
2026-03-30,SMFTA2,DI_SPREAD,2.75,anbima,0,0,,,,,,20007585,20007585,0.0
2026-03-30,RDORG6,DI_SPREAD,3.92,anbima,10869369,1,1000.4942,1.3516,CDI,1.3516,CDI +1.35%,21738739,1,100.0
2026-03-30,SUMI19,IPCA_SPREAD,4.01,anbima,0,0,,,,,,45114479,45114479,0.0
2026-03-30,EQUA11,IPCA_SPREAD,4.10,anbima,0,0,,,,,,21982521,21982521,0.0
2026-03-30,CMGDB4,IPCA_SPREAD,8.61,anbima,0,0,,,,,,31932299,31932299,0.0
2026-03-30,CMGTB1,IPCA_SPREAD,8.60,anbima,0,0,,,,,,36542432,36542432,0.0
2026-03-30,NTSD36,DI_SPREAD,4.05,anbima,75701087,4,1040.5076,1.1864,CDI,1.1864,CDI +1.19%,201647666,50245491,75.1
2026-03-30,RAIZ13,IPCA_SPREAD,5.92,0.70xprazo,0,0,,,,,,91030783,91030783,0.0
2026-03-30,EQPA18,IPCA_SPREAD,6.47,anbima,7672996,2,1091.3094,7.6368,B35,7,B35 +7bps,34425641,19079649,44.6
2026-03-30,EGIE27,IPCA_SPREAD,1.27,anbima,6191630,2,1523.1562,7.5175,B27,-153,B27 −153bps,20081763,7698503,61.7
2026-03-30,ANHBB6,IPCA_SPREAD,6.67,anbima,3369121,6,1025.2956,7.2561,B35,-31,B35 −31bps,10293463,3555220,65.5
2026-03-30,CSAN33,IPCA_SPREAD,3.48,anbima,8363128,1,1048.2738,11.8270,B30,383,B30 +383bps,16726257,0,100.0
2026-03-30,MVLV19,DI_SPREAD,0.64,anbima,9595474,5,1085.0926,2.5856,CDI,2.5856,CDI +2.59%,20117351,926403,95.4
2026-03-30,CRTR12,IPCA_SPREAD,6.44,anbima,842913,3,1025.4420,8.2002,B35,63,B35 +63bps,12625696,10939869,13.4
2026-03-30,NTEN11,IPCA_SPREAD,1.88,anbima,1256121,2,1038.1167,12.9118,B28,494,B28 +494bps,12761216,10248973,19.7
2026-03-30,AESLA9,IPCA_SPREAD,6.00,anbima,0,0,,,,,,12630159,12630159,0.0
2026-03-30,BCPSA7,IPCA_SPREAD,6.45,anbima,593646,1,1009.6017,7.2595,B35,-31,B35 −31bps,10598432,9411141,11.2
2026-03-30,CMGDA4,IPCA_SPREAD,7.26,anbima,4144124,3,1000.9961,7.3781,B37,-16,B37 −16bps,51485348,43197100,16.1
2026-03-30,CRNP13,IPCA_SPREAD,8.63,anbima,0,0,,,,,,29804997,29804997,0.0
2026-03-30,CRCF12,IPCA_SPREAD,7.64,anbima,0,0,,,,,,33430955,33430955,0.0
2026-03-30,KLBNA5,IPCA_SPREAD,8.26,anbima,2441646,2,1001.4955,7.0209,B37,-52,B37 −52bps,10278265,5394973,47.5
2026-03-30,MRSAB3,IPCA_SPREAD,8.63,anbima,57589,1,1010.3257,7.2015,B40,-3,B40 −3bps,11113595,10998418,1.0
2026-03-30,RPTA14,IPCA_SPREAD,5.04,anbima,265782,2,1107.4243,,,,,13225833,12694269,4.0
2026-03-30,RISP14,IPCA_SPREAD,4.35,anbima,667138,6,1.0455,8.4248,B31,42,B31 +42bps,18454108,17119831,7.2
2026-03-30,TAEEA7,IPCA_SPREAD,7.71,anbima,0,0,,,,,,139166412,139166412,0.0
2026-03-30,TRGP13,IPCA_SPREAD,7.79,anbima,2578910,6,1025.0038,,,,,69211779,64053960,7.5
2026-03-30,LMTPA0,DI_SPREAD,2.53,anbima,0,0,,,,,,24733098,24733098,0.0
2026-03-30,VALED1,IPCA_SPREAD,7.67,anbima,298364,1,1069.4057,6.6001,B37,-94,B37 −94bps,10696866,10100138,5.6
2026-03-30,SMFTA0,DI_SPREAD,2.13,anbima,0,0,,,,,,124427365,124427365,0.0
2026-03-30,ENERA9,,0.18,0.70xprazo,0,0,,,,,,50058584,50058584,0.0
2026-03-30,VAMO34,IPCA_SPREAD,3.46,anbima,0,0,,,,,,43548576,43548576,0.0
2026-03-30,TIET19,DI_SPREAD,0.62,anbima,35848,1,504.8970,,,,,158368692,158296996,0.0
2026-03-30,CSRNB3,IPCA_SPREAD,6.93,anbima,0,0,,,,,,21132142,21132142,0.0
2026-03-30,CEEBD1,PREFIXADO,4.44,anbima,154528,2,965.8000,13.4046,,,,97121405,96812349,0.3
2026-03-30,EGIEB4,IPCA_SPREAD,3.92,anbima,0,0,,,,,,113223834,113223834,0.0
2026-03-30,ISAEA9,IPCA_SPREAD,8.83,anbima,1020,1,1019.9750,7.3451,B40,12,B40 +12bps,21225233,21223193,0.0
2026-03-30,ERDVB3,DI_SPREAD,2.49,anbima,0,0,,,,,,15446763,15446763,0.0
2026-03-30,SUMI18,IPCA_SPREAD,3.75,anbima,0,0,,,,,,42996624,42996624,0.0
2026-03-30,SUMI17,IPCA_SPREAD,3.74,anbima,0,0,,,,,,28894232,28894232,0.0
2026-03-30,SUMI37,IPCA_SPREAD,5.11,anbima,0,0,,,,,,42109334,42109334,0.0
2026-03-30,PFOR26,DI_SPREAD,3.82,anbima,0,0,,,,,,14436998,14436998,0.0
2026-03-30,CERT11,IPCA_SPREAD,2.62,anbima,0,0,,,,,,333018078,333018078,0.0
2026-03-30,AURP12,IPCA_SPREAD,5.83,anbima,0,0,,,,,,26725417,26725417,0.0
2026-03-30,ERDVA4,IPCA_SPREAD,4.15,anbima,6356050,1,1059.3417,7.8280,B31,-17,B31 −17bps,13486437,774337,94.3
2026-03-30,CEPEA7,IPCA_SPREAD,9.00,anbima,4600170,2,1003.9656,7.4651,B40,24,B40 +24bps,13732139,4531798,67.0
2026-03-30,CSANA2,DI_SPREAD,2.49,anbima,0,0,,,,,,10872468,10872468,0.0
2026-03-30,GASC15,IPCA_SPREAD,5.99,anbima,0,0,,,,,,19651357,19651357,0.0
2026-03-30,GASC16,IPCA_SPREAD,6.14,anbima,0,0,,,,,,17560560,17560560,0.0
2026-03-30,VALEC1,IPCA_SPREAD,6.64,anbima,0,0,,,,,,230431257,230431257,0.0
2026-03-30,CPLDA1,IPCA_SPREAD,6.82,anbima,0,0,,,,,,83204997,83204997,0.0
2026-03-30,RDVE11,IPCA_SPREAD,4.60,anbima,0,0,,,,,,28301869,28301869,0.0
2026-03-30,ENERB6,PREFIXADO,4.08,anbima,0,0,,,,,,20273314,20273314,0.0
2026-03-30,CEEBC0,,4.25,0.70xprazo,0,0,,,,,,267685775,267685775,0.0
2026-03-30,ECRD14,IPCA_SPREAD,8.55,anbima,0,0,,,,,,52270469,52270469,0.0
2026-03-30,CEEBE3,IPCA_SPREAD,3.99,anbima,0,0,,,,,,50132103,50132103,0.0
2026-03-30,ENERB4,IPCA_SPREAD,6.19,anbima,0,0,,,,,,44496634,44496634,0.0
2026-03-30,CPGTC0,IPCA_SPREAD,6.10,anbima,0,0,,,,,,127696610,127696610,0.0
2026-03-30,CEPEA8,IPCA_SPREAD,3.47,0.70xprazo,0,0,,,,,,26570979,26570979,0.0
2026-03-30,CSRNA4,IPCA_SPREAD,3.98,anbima,0,0,,,,,,14834709,14834709,0.0
2026-03-30,EKTRA8,IPCA_SPREAD,3.98,anbima,0,0,,,,,,26571155,26571155,0.0
2026-03-30,GASC27,IPCA_SPREAD,6.96,anbima,0,0,,,,,,48508713,48508713,0.0
2026-03-30,AEGPB3,DI_SPREAD,3.35,anbima,0,0,,,,,,17371069,17371069,0.0
2026-03-30,BRIT12,DI_SPREAD,2.42,anbima,0,0,,,,,,13185613,13185613,0.0
2026-03-30,RDORB9,DI_SPREAD,2.92,anbima,0,0,,,,,,30236766,30236766,0.0
2026-03-30,VIXL25,DI_SPREAD,1.10,anbima,0,0,,,,,,13477626,13477626,0.0
2026-03-30,RENTE4,DI_SPREAD,3.39,anbima,0,0,,,,,,13356216,13356216,0.0
2026-03-30,UQFN15,DI_SPREAD,2.95,anbima,0,0,,,,,,40880244,40880244,0.0
2026-03-30,CGOS19,DI_SPREAD,3.75,anbima,82029405,1,1050.5277,0.9508,CDI,0.9508,CDI +0.95%,190818440,26759630,86.0
2026-03-30,ENGIC4,DI_SPREAD,3.79,anbima,0,0,,,,,,46513606,46513606,0.0
2026-03-30,CESPA4,DI_SPREAD,3.76,anbima,455475,1,1003.2485,0.9414,CDI,0.9414,CDI +0.94%,40927834,40016884,2.2
2026-03-30,CCROA7,DI_SPREAD,1.72,anbima,0,0,,,,,,30917651,30917651,0.0
2026-03-30,CMGDA2,DI_SPREAD,3.56,anbima,0,0,,,,,,23688387,23688387,0.0
2026-03-30,HAPV17,DI_SPREAD,2.76,anbima,10003089,1,835.6101,10.4500,CDI,10.45,CDI +10.45%,60067958,40061780,33.3
2026-03-30,EQTL17,DI_SPREAD,2.13,anbima,1509297,2,1006.1978,0.7136,CDI,0.7136,CDI +0.71%,28985291,25966698,10.4
2026-03-30,HAPV19,DI_SPREAD,3.69,anbima,0,0,,,,,,20322456,20322456,0.0
2026-03-30,CPGT18,DI_SPREAD,2.46,anbima,0,0,,,,,,22646803,22646803,0.0
2026-03-30,HYPEA8,DI_SPREAD,1.92,anbima,0,0,,,,,,14523358,14523358,0.0
2026-03-30,RNDNB2,DI_SPREAD,3.78,anbima,0,0,,,,,,28927404,28927404,0.0
2026-03-30,SBSPD7,DI_SPREAD,3.96,anbima,0,0,,,,,,23250920,23250920,0.0
2026-03-30,CEAB13,DI_SPREAD,0.93,anbima,0,0,,,,,,35931472,35931472,0.0
2026-03-30,EUFA19,DI_SPREAD,3.27,anbima,0,0,,,,,,13838864,13838864,0.0
2026-03-30,SBSPD3,DI_SPREAD,3.92,anbima,0,0,,,,,,16412497,16412497,0.0
2026-03-30,GGBRA8,DI_SPREAD,2.05,anbima,0,0,,,,,,20009637,20009637,0.0
2026-03-30,TBSP13,,0.50,0.70xprazo,0,0,,,,,,24561353,24561353,0.0
2026-03-30,RSAN25,DI_SPREAD,1.99,anbima,0,0,,,,,,14534087,14534087,0.0
2026-03-30,MOTVA8,DI_SPREAD,2.95,anbima,0,0,,,,,,22104973,22104973,0.0
2026-03-30,VEBMB0,,4.88,0.70xprazo,0,0,,,,,,14005699,14005699,0.0
2026-03-30,SUMI39,DI_SPREAD,2.08,anbima,0,0,,,,,,23640901,23640901,0.0
2026-03-30,ROTY13,IPCA_SPREAD,3.92,anbima,24380459,1,975.2183,,,,,366433715,317672798,13.3
2026-03-31,ISPE12,DI_SPREAD,2.32,anbima,0,0,,,,,,37350096,37350096,0.0
2026-03-31,EGIEB4,IPCA_SPREAD,3.92,anbima,0,0,,,,,,112793522,112793522,0.0
2026-03-31,CHSF13,IPCA_SPREAD,4.17,anbima,602857,5,1076.5300,7.4009,B31,-53,B31 −53bps,453214363,452008650,0.3
2026-03-31,HAPV17,DI_SPREAD,2.76,anbima,5001770,1,835.4384,10.4500,CDI,10.45,CDI +10.45%,50080378,40076838,20.0
2026-03-31,CERT11,IPCA_SPREAD,2.62,anbima,237782,2,1165.5971,7.3257,B29,-56,B29 −56bps,22140664,21665101,2.1
2026-03-31,ASAIA1,DI_SPREAD,2.16,anbima,0,0,,,,,,21373863,21373863,0.0
2026-03-31,CEEBB6,IPCA_SPREAD,3.12,anbima,0,0,,,,,,52198146,52198146,0.0
2026-03-31,CESE32,IPCA_SPREAD,3.14,anbima,14593,1,1122.5087,7.5880,B30,-34,B30 −34bps,402982330,402953145,0.0
2026-03-31,CPGTC0,IPCA_SPREAD,6.10,anbima,0,0,,,,,,63492979,63492979,0.0
2026-03-31,ALUP18,IPCA_SPREAD,5.70,anbima,0,0,,,,,,53538289,53538289,0.0
2026-03-31,VALEC1,IPCA_SPREAD,6.64,anbima,900679,3,1055.8952,6.7467,B35,-84,B35 −84bps,107257507,105456150,1.7
2026-03-31,EATEB3,,2.95,0.70xprazo,0,0,,,,,,62661089,62661089,0.0
2026-03-31,CCPV11,IPCA_SPREAD,3.36,anbima,0,0,,,,,,57898931,57898931,0.0
2026-03-31,TAEEA7,IPCA_SPREAD,7.71,anbima,0,0,,,,,,192196884,192196884,0.0
2026-03-31,ROTY13,IPCA_SPREAD,3.92,anbima,82795909,2,975.3202,7.5869,B31,-34,B31 −34bps,1248044862,1082453044,13.3
2026-03-31,NTSD36,DI_SPREAD,4.05,anbima,0,0,,,,,,45900619,45900619,0.0
2026-03-31,UQFN15,DI_SPREAD,2.95,anbima,0,0,,,,,,12872507,12872507,0.0
2026-03-31,CEEBD2,IPCA_SPREAD,6.93,anbima,1710840,2,966.0307,7.3961,B35,-19,B35 −19bps,17034070,13612389,20.1
2026-03-31,MOTVA8,DI_SPREAD,2.95,anbima,9248867,2,1051.0076,0.6578,CDI,0.6578,CDI +0.66%,40358504,21860771,45.8
2026-03-31,DASAA6,DI_SPREAD,0.22,0.70xprazo,0,0,,,,,,16831075,16831075,0.0
2026-03-31,CMGDA2,DI_SPREAD,3.56,anbima,0,0,,,,,,28746257,28746257,0.0
2026-03-31,CMGDA1,DI_SPREAD,3.33,anbima,0,0,,,,,,20035097,20035097,0.0
2026-03-31,ENERA9,,0.18,0.70xprazo,0,0,,,,,,87475161,87475161,0.0
2026-03-31,HAPV19,DI_SPREAD,3.69,anbima,45467128,4,774.5414,9.6616,CDI,9.6616,CDI +9.66%,101028503,10094247,90.0
2026-03-31,CEEDA0,DI_SPREAD,3.58,anbima,4868569,2,1049.4867,0.9535,CDI,0.9535,CDI +0.95%,27671718,17934581,35.2
2026-03-31,VLIM13,IPCA_SPREAD,2.24,anbima,8467499,2,1208.0895,7.3567,B29,-53,B29 −53bps,34747171,17812173,48.7
2026-03-31,CGOS13,IPCA_SPREAD,3.22,anbima,298622,2,1144.1462,7.7116,B30,-22,B30 −22bps,23220706,22623461,2.6
2026-03-31,VBRR11,IPCA_SPREAD,2.52,anbima,3072392,2,1188.0867,10.0610,B29,217,B29 +217bps,12267590,6122805,50.1
2026-03-31,SBSPF3,IPCA_SPREAD,8.18,anbima,0,0,,,,,,32724909,32724909,0.0
2026-03-31,NTEN11,IPCA_SPREAD,1.88,anbima,10591468,1,1039.2962,12.8440,B28,495,B28 +495bps,42470507,21287571,49.9
2026-03-31,CVRDA6,IGP-M,51.63,0.70xprazo,1801816,4,44.1751,,,,,29121112,25517480,12.4
2026-03-31,EQTL17,DI_SPREAD,2.13,anbima,0,0,,,,,,10367681,10367681,0.0
2026-03-31,ISAEA9,IPCA_SPREAD,8.83,anbima,17066606,2,1040.0759,7.1207,B40,-16,B40 −16bps,51664592,17531379,66.1
2026-03-31,ENTV12,IPCA_SPREAD,2.28,anbima,1393,1,1392.6107,,,,,31061715,31058929,0.0
2026-03-31,CEEBD1,PREFIXADO,4.44,anbima,0,0,,,,,,71285495,71285495,0.0
2026-03-31,AEGPB3,DI_SPREAD,3.35,anbima,0,0,,,,,,19876285,19876285,0.0
2026-03-31,CGOS19,DI_SPREAD,3.75,anbima,10809379,4,1050.8827,0.9490,CDI,0.949,CDI +0.95%,131016696,109397937,16.5
2026-03-31,ELET13,,0.03,0.70xprazo,0,0,,,,,,51722756,51722756,0.0
2026-03-31,MRSAA2,IPCA_SPREAD,6.21,anbima,0,0,,,,,,56053275,56053275,0.0
2026-03-31,BRKPA0,DI_SPREAD,0.67,anbima,0,0,,,,,,12025263,12025263,0.0
2026-03-31,CSRNB3,IPCA_SPREAD,6.93,anbima,0,0,,,,,,12248063,12248063,0.0
2026-03-31,AEGPB5,DI_SPREAD,3.22,anbima,0,0,,,,,,29562926,29562926,0.0
2026-03-31,TAEEA8,IPCA_SPREAD,4.50,anbima,0,0,,,,,,251266593,251266593,0.0
2026-03-31,DASAC5,DI_SPREAD,3.57,anbima,1018263,1,1018.2631,3.4000,CDI,3.4,CDI +3.40%,13902277,11865751,14.6
2026-03-31,TIMS12,IPCA_SPREAD,1.34,anbima,0,0,,,,,,37029612,37029612,0.0
2026-03-31,ABSP12,DI_SPREAD,0.23,anbima,524030,3,1076.0359,1.5885,CDI,1.5885,CDI +1.59%,22779877,21731818,4.6
2026-03-31,BTGH18,DI_SPREAD,2.00,anbima,32052876,4,1052.6396,1.2651,CDI,1.2651,CDI +1.27%,73023894,8918143,87.8
2026-03-31,AEGE16,DI_SPREAD,3.30,anbima,0,0,,,,,,60621585,60621585,0.0
2026-03-31,RSAN25,DI_SPREAD,1.99,anbima,0,0,,,,,,99781256,99781256,0.0
2026-03-31,COMT11,IPCA_SPREAD,3.78,anbima,0,0,,,,,,159575827,159575827,0.0
2026-03-31,CNRD12,IPCA_SPREAD,6.98,anbima,0,0,,,,,,25998706,25998706,0.0
2026-03-31,ANHBB6,IPCA_SPREAD,6.67,anbima,14384541,2,1027.4672,7.2422,B35,-35,B35 −35bps,77172605,48403523,37.3
2026-03-31,CEPEA6,PREFIXADO,4.03,anbima,0,0,,,,,,21760565,21760565,0.0
2026-03-31,ARML15,DI_SPREAD,3.48,anbima,0,0,,,,,,128491873,128491873,0.0
2026-03-31,ARML13,DI_SPREAD,2.24,anbima,138230,1,1071.5539,2.0386,CDI,2.0386,CDI +2.04%,16165169,15888708,1.7
2026-03-31,ERDVB3,DI_SPREAD,2.49,anbima,0,0,,,,,,11067170,11067170,0.0
2026-03-31,ARML14,DI_SPREAD,3.20,anbima,0,0,,,,,,22240568,22240568,0.0
2026-03-31,ELTN19,DI_SPREAD,4.18,anbima,0,0,,,,,,73598779,73598779,0.0
2026-03-31,TAEEA9,DI_SPREAD,3.91,anbima,0,0,,,,,,65136161,65136161,0.0
2026-03-31,SMFTA2,DI_SPREAD,2.75,anbima,0,0,,,,,,45040958,45040958,0.0
2026-03-31,CSRNA1,IPCA_SPREAD,1.79,anbima,0,0,,,,,,56019230,56019230,0.0
2026-03-31,CPLDA1,IPCA_SPREAD,6.82,anbima,8369993,1,1014.5447,7.3500,B35,-24,B35 −24bps,18534779,1794792,90.3
2026-03-31,ERPM11,,2.30,0.70xprazo,0,0,,,,,,37957084,37957084,0.0
2026-03-31,RDORC9,DI_SPREAD,2.92,anbima,0,0,,,,,,31207721,31207721,0.0
2026-03-31,MRSAB3,IPCA_SPREAD,8.63,anbima,0,0,,,,,,10983065,10983065,0.0
2026-03-31,ARTRB8,,4.58,0.70xprazo,15823,1,1054.8876,13.6992,,,,10192956,10161309,0.3
2026-03-31,RDORC4,DI_SPREAD,1.04,anbima,0,0,,,,,,93400876,93400876,0.0
2026-03-31,WIZC12,DI_SPREAD,1.61,anbima,0,0,,,,,,44608291,44608291,0.0
2026-03-31,ADPA21,DI_SPREAD,1.27,anbima,0,0,,,,,,19359841,19359841,0.0
2026-03-31,ERDVA6,DI_SPREAD,3.07,anbima,15005321,1,1031.5062,1.2008,CDI,1.2008,CDI +1.20%,142279743,112269100,21.1
2026-03-31,ECER12,IPCA_SPREAD,1.13,anbima,0,0,,,,,,27775346,27775346,0.0
2026-03-31,APFD19,IPCA_SPREAD,2.63,anbima,0,0,,,,,,48110023,48110023,0.0
2026-03-31,ELTN26,DI_SPREAD,4.36,anbima,0,0,,,,,,40417817,40417817,0.0
2026-03-31,YDUQA0,DI_SPREAD,1.86,anbima,0,0,,,,,,16534365,16534365,0.0
2026-03-31,HAPVA0,DI_SPREAD,3.90,anbima,0,0,,,,,,31504791,31504791,0.0
2026-03-31,CSNAA1,DI_SPREAD,1.51,anbima,0,0,,,,,,15585721,15585721,0.0
2026-03-31,ISAEB8,IPCA_SPREAD,4.88,anbima,0,0,,,,,,56009068,56009068,0.0
2026-03-31,CEEBB8,DI_SPREAD,3.27,anbima,0,0,,,,,,11144539,11144539,0.0
2026-03-31,ENMTC4,PREFIXADO,4.08,anbima,0,0,,,,,,37205724,37205724,0.0
2026-03-31,MSGT12,IPCA_SPREAD,2.03,anbima,0,0,,,,,,13752150,13752150,0.0
2026-03-31,EQPAA1,IPCA_SPREAD,7.25,anbima,9986382,1,960.2290,7.4105,B37,-13,B37 −13bps,19972763,0,100.0
2026-03-31,CGOSA2,IPCA_SPREAD,7.25,anbima,9986382,1,960.2290,7.4105,B37,-13,B37 −13bps,29549400,9576637,67.6
2026-03-31,CPIS16,IPCA_SPREAD,7.25,anbima,9986382,1,960.2290,7.4105,B37,-13,B37 −13bps,19972763,0,100.0
2026-03-31,FAZE11,,9.62,0.70xprazo,0,0,,,,,,10010432,10010432,0.0
2026-03-31,CBAN22,DI_SPREAD,3.24,anbima,0,0,,,,,,49180603,49180603,0.0
2026-03-31,AMTG11,,1.57,0.70xprazo,0,0,,,,,,72566966,72566966,0.0
2026-03-31,EEELA3,DI_SPREAD,2.18,anbima,0,0,,,,,,36458499,36458499,0.0
2026-03-31,UNIP19,DI_SPREAD,2.45,anbima,0,0,,,,,,15796309,15796309,0.0
2026-03-31,BCBF16,DI_SPREAD,0.64,anbima,0,0,,,,,,18344565,18344565,0.0
2026-03-31,SBSPD2,DI_SPREAD,0.13,anbima,0,0,,,,,,24572048,24572048,0.0
2026-03-31,ELTN16,DI_SPREAD,3.57,anbima,0,0,,,,,,18749762,18749762,0.0
2026-03-31,LNTS12,,1.26,0.70xprazo,0,0,,,,,,76239725,76239725,0.0
2026-03-31,BCPSA6,DI_SPREAD,1.89,anbima,0,0,,,,,,22113522,22113522,0.0
2026-03-31,ECTEA0,,2.87,0.70xprazo,0,0,,,,,,24753710,24753710,0.0
2026-03-31,EATEA4,,2.87,0.70xprazo,0,0,,,,,,61885878,61885878,0.0
2026-03-31,PRLG17,DI_SPREAD,2.83,anbima,0,0,,,,,,39297992,39297992,0.0
2026-03-31,AGUP21,,1.16,0.70xprazo,0,0,,,,,,10619922,10619922,0.0
2026-03-31,GRRB14,,0.20,0.70xprazo,958999,1,5155.9081,0.6287,,,,28055015,26137017,6.8
2026-03-31,ADPD21,,1.16,0.70xprazo,0,0,,,,,,15004510,15004510,0.0
2026-03-31,RPTA14,IPCA_SPREAD,5.04,anbima,0,0,,,,,,15953172,15953172,0.0
2026-03-31,SAUC16,IPCA_SPREAD,3.09,anbima,0,0,,,,,,38285739,38285739,0.0
2026-03-31,EDPT11,IPCA_SPREAD,3.33,anbima,27563150,1,876.5232,7.8051,B30,-12,B30 −12bps,82444329,27318029,66.9
2026-03-31,NTSD18,DI_SPREAD,3.25,anbima,0,0,,,,,,11554934,11554934,0.0
2026-03-31,SBSPI8,IPCA_SPREAD,7.00,anbima,0,0,,,,,,56000057,56000057,0.0
2026-03-31,CMGDA4,IPCA_SPREAD,7.26,anbima,0,0,,,,,,10702455,10702455,0.0
2026-03-31,ELET24,DI_SPREAD,1.42,anbima,0,0,,,,,,19999776,19999776,0.0
2026-03-31,SBSPD7,DI_SPREAD,3.96,anbima,0,0,,,,,,20062020,20062020,0.0
2026-03-31,AAJR11,,2.27,0.70xprazo,0,0,,,,,,10390320,10390320,0.0
2026-03-31,ECRD14,IPCA_SPREAD,8.55,anbima,0,0,,,,,,10350857,10350857,0.0
2026-03-31,ONZE21,IPCA_SPREAD,8.12,anbima,0,0,,,,,,53916036,53916036,0.0
2026-03-31,ELDC15,IPCA_SPREAD,5.98,anbima,0,0,,,,,,10068949,10068949,0.0
2026-03-31,ALPKA5,,3.45,0.70xprazo,0,0,,,,,,56399059,56399059,0.0
2026-04-01,HAPV19,DI_SPREAD,3.69,anbima,30860320,1,771.5080,9.7500,CDI,9.75,CDI +9.75%,90481353,28760713,68.2
2026-04-01,DASAB5,DI_SPREAD,1.92,anbima,0,0,,,,,,11220658,11220658,0.0
2026-04-01,BCBF16,DI_SPREAD,0.64,anbima,0,0,,,,,,27600197,27600197,0.0
2026-04-01,SNGOA2,DI_SPREAD,1.32,anbima,0,0,,,,,,122615744,122615744,0.0
2026-04-01,VLIM13,IPCA_SPREAD,2.24,anbima,576261,1,1208.0936,7.3700,B29,-38,B29 −38bps,10987548,9835027,10.5
2026-04-01,ARML15,DI_SPREAD,3.48,anbima,0,0,,,,,,39928807,39928807,0.0
2026-04-01,VALEA0,IPCA_SPREAD,6.35,anbima,61777,1,1065.1285,6.9136,B35,-57,B35 −57bps,11660252,11536697,1.1
2026-04-01,CPLDA1,IPCA_SPREAD,6.82,anbima,8369993,1,1014.5447,7.3500,B35,-13,B35 −13bps,18514287,1774301,90.4
2026-04-01,MGPRA0,IPCA_SPREAD,7.73,anbima,11146623,3,1013.3293,,,,,25534230,3240985,87.3
2026-04-01,MRSAB3,IPCA_SPREAD,8.63,anbima,792979,1,998.7139,7.3548,B40,9,B40 +9bps,30098348,28512390,5.3
2026-04-01,ROTY13,IPCA_SPREAD,3.92,anbima,25102730,2,984.4208,7.3706,B31,-40,B31 −40bps,53162976,2957516,94.4
2026-04-01,CSANA2,DI_SPREAD,2.49,anbima,13789866,1,1054.4323,4.0051,CDI,4.0051,CDI +4.01%,76865360,49285628,35.9
2026-04-01,RDORC9,DI_SPREAD,2.92,anbima,0,0,,,,,,99995723,99995723,0.0
2026-04-01,ENEVA4,IPCA_SPREAD,7.02,anbima,1952269,1,976.1346,7.3611,B35,-12,B35 −12bps,37202335,33297796,10.5
2026-04-01,TNHL11,IPCA_SPREAD,5.94,anbima,7075877,1,1174.4194,,,,,14701638,549885,96.3
2026-04-01,BTGH18,DI_SPREAD,2.00,anbima,4057895,3,1053.9988,1.2089,CDI,1.2089,CDI +1.21%,56945753,48829962,14.3
2026-04-01,ERDVA6,DI_SPREAD,3.07,anbima,45125313,1,1031.5065,1.2008,CDI,1.2008,CDI +1.20%,266884709,176634084,33.8
2026-04-01,ALUP18,IPCA_SPREAD,5.70,anbima,6368113,1,1061.3522,7.1861,B33,-49,B33 −49bps,18304305,5568079,69.6
2026-04-01,CMGDA4,IPCA_SPREAD,7.26,anbima,0,0,,,,,,10993342,10993342,0.0
2026-04-01,ANHBB6,IPCA_SPREAD,6.67,anbima,48290782,4,1027.4634,7.2423,B35,-24,B35 −24bps,101018397,4436833,95.6
2026-04-01,IRJS14,IPCA_SPREAD,6.81,anbima,4560356,1,1232.5287,9.4470,B35,197,B35 +197bps,16871985,7751273,54.1
2026-04-01,LCAMC2,DI_SPREAD,2.87,anbima,2165,2,1082.2918,1.6530,CDI,1.653,CDI +1.65%,10014229,10009900,0.0
2026-04-01,NTSD18,DI_SPREAD,3.25,anbima,0,0,,,,,,18977775,18977775,0.0
2026-04-01,ELET14,IPCA_SPREAD,3.57,anbima,56515,3,1108.1322,6.7650,B30,-100,B30 −100bps,15456809,15343779,0.7
2026-04-01,MOVI18,IPCA_SPREAD,2.58,anbima,0,0,,,,,,13336871,13336871,0.0
2026-04-01,VERO12,IPCA_SPREAD,2.77,0.70xprazo,17946,1,1121.6487,,,,,13891482,13855589,0.3
2026-04-01,PALFB6,IPCA_SPREAD,5.66,anbima,5812338,2,1087.0279,7.2156,B33,-46,B33 −46bps,12388511,763835,93.8
2026-04-01,TAEEA7,IPCA_SPREAD,7.71,anbima,0,0,,,,,,20354148,20354148,0.0
2026-04-01,CEEBD1,PREFIXADO,4.44,anbima,0,0,,,,,,23122066,23122066,0.0
2026-04-01,SBSPD7,DI_SPREAD,3.96,anbima,0,0,,,,,,20273297,20273297,0.0
2026-04-01,CSRNB3,IPCA_SPREAD,6.93,anbima,0,0,,,,,,12494632,12494632,0.0
2026-04-01,CEEBB8,DI_SPREAD,3.27,anbima,4203,2,1050.6475,0.9801,CDI,0.9801,CDI +0.98%,11206731,11198326,0.1
2026-04-01,ELET24,DI_SPREAD,1.42,anbima,0,0,,,,,,28954901,28954901,0.0
2026-04-01,AEGE17,DI_SPREAD,3.99,anbima,6462471,5,1046.0458,3.5293,CDI,3.5293,CDI +3.53%,18611564,5686622,69.4
2026-04-01,BRMLB1,DI_SPREAD,4.31,anbima,0,0,,,,,,27822679,27822679,0.0
2026-04-01,CEEDA0,DI_SPREAD,3.58,anbima,75748,2,1052.0531,0.9085,CDI,0.9085,CDI +0.91%,23422723,23271227,0.6
2026-04-01,RSAN25,DI_SPREAD,1.99,anbima,37536,1,1072.4628,2.0850,CDI,2.085,CDI +2.08%,16807510,16732438,0.4
2026-04-01,PSAN23,DI_SPREAD,2.70,anbima,0,0,,,,,,18953399,18953399,0.0
2026-04-01,VIXL18,DI_SPREAD,2.33,anbima,0,0,,,,,,100585326,100585326,0.0
2026-04-01,ISAEA9,IPCA_SPREAD,8.83,anbima,2654346,1,1061.7384,6.8928,B40,-37,B40 −37bps,11111713,5803021,47.8
2026-04-01,BHSA11,IPCA_SPREAD,7.17,anbima,50632935,3,1005.0604,,,,,121554140,20288270,83.3
2026-04-01,ARTRA5,DI_SPREAD,1.45,anbima,0,0,,,,,,13279232,13279232,0.0
2026-04-01,KRSA12,DI_SPREAD,3.21,0.70xprazo,0,0,,,,,,10781905,10781905,0.0
2026-04-01,CSAN18,DI_SPREAD,3.07,anbima,93479,2,1005.1526,2.6033,CDI,2.6033,CDI +2.60%,15607782,15420823,1.2
2026-04-01,ENGIB7,DI_SPREAD,2.23,anbima,0,0,,,,,,12369225,12369225,0.0
2026-04-01,SBSPK8,IPCA_SPREAD,8.84,anbima,0,0,,,,,,30191511,30191511,0.0
2026-04-01,CPLD29,IPCA_SPREAD,5.76,anbima,203654,1,1060.6973,,,,,22479919,22072611,1.8
2026-04-01,VEBMA9,DI_SPREAD,4.24,anbima,0,0,,,,,,98509447,98509447,0.0
2026-04-01,OMGE26,DI_SPREAD,3.29,anbima,4036,2,1008.9393,1.2089,CDI,1.2089,CDI +1.21%,115635336,115627265,0.0
2026-04-01,ENEV38,DI_SPREAD,2.12,anbima,0,0,,,,,,10638445,10638445,0.0
2026-04-01,LMTPA0,DI_SPREAD,2.53,anbima,0,0,,,,,,35298663,35298663,0.0
2026-04-01,PCHSA9,,3.08,0.70xprazo,0,0,,,,,,98449413,98449413,0.0
2026-04-01,YDUQA2,DI_SPREAD,2.75,anbima,0,0,,,,,,11491895,11491895,0.0
2026-04-01,RDORG9,DI_SPREAD,4.95,anbima,0,0,,,,,,51263967,51263967,0.0
2026-04-01,TAEEA9,DI_SPREAD,3.91,anbima,0,0,,,,,,16723266,16723266,0.0
2026-04-01,GGBRA8,DI_SPREAD,2.05,anbima,0,0,,,,,,29116230,29116230,0.0
2026-04-01,ITSA17,DI_SPREAD,4.08,anbima,0,0,,,,,,24534610,24534610,0.0
2026-04-01,GGBRA7,DI_SPREAD,2.37,anbima,0,0,,,,,,28937524,28937524,0.0
2026-04-01,ISAED1,DI_SPREAD,4.84,anbima,0,0,,,,,,28784661,28784661,0.0
2026-04-01,FISI14,,0.85,0.70xprazo,0,0,,,,,,31387271,31387271,0.0
2026-04-01,ECOV17,DI_SPREAD,3.23,anbima,0,0,,,,,,67217188,67217188,0.0
2026-04-01,DXCO13,DI_SPREAD,3.41,anbima,0,0,,,,,,231908356,231908356,0.0
2026-04-01,CSMGA9,DI_SPREAD,3.16,anbima,0,0,,,,,,56012822,56012822,0.0
2026-04-01,CSMGD2,DI_SPREAD,3.94,anbima,0,0,,,,,,35957240,35957240,0.0
2026-04-01,SBSPJ8,IPCA_SPREAD,7.96,anbima,0,0,,,,,,61273342,61273342,0.0
2026-04-01,VAMO23,DI_SPREAD,2.89,anbima,0,0,,,,,,28313473,28313473,0.0
2026-04-01,VAMO14,DI_SPREAD,1.06,anbima,0,0,,,,,,26274215,26274215,0.0
2026-04-01,EQPAA1,IPCA_SPREAD,7.25,anbima,0,0,,,,,,48002759,48002759,0.0
2026-04-01,SRBS11,IPCA_SPREAD,8.17,anbima,0,0,,,,,,20066854,20066854,0.0
2026-04-01,CRNP13,IPCA_SPREAD,8.63,anbima,0,0,,,,,,25563089,25563089,0.0
2026-04-01,EGIEA5,PREFIXADO,4.73,anbima,0,0,,,,,,44510420,44510420,0.0
2026-04-01,AXIA18,IPCA_SPREAD,5.21,anbima,0,0,,,,,,19805224,19805224,0.0
2026-04-01,CEEBE3,IPCA_SPREAD,3.99,anbima,0,0,,,,,,21898630,21898630,0.0
2026-04-01,EKTRA8,IPCA_SPREAD,3.98,anbima,0,0,,,,,,23889414,23889414,0.0
2026-04-02,HAPV19,DI_SPREAD,3.69,anbima,0,0,,,,,,31035058,31035058,0.0
2026-04-02,CSANA2,DI_SPREAD,2.49,anbima,0,0,,,,,,142757617,142757617,0.0
2026-04-02,HAPVA0,DI_SPREAD,3.90,anbima,80506509,1,774.1010,9.5000,CDI,9.5,CDI +9.50%,161890658,877639,99.5
2026-04-02,CVRDA6,IGP-M,51.62,0.70xprazo,23164642,8,44.4855,,,,,102201303,55872019,45.3
2026-04-02,ENGIC4,DI_SPREAD,3.79,anbima,4009253,1,1002.3133,0.8750,CDI,0.875,CDI +0.88%,110003574,101985067,7.3
2026-04-02,DASAC5,DI_SPREAD,3.57,anbima,0,0,,,,,,21447908,21447908,0.0
2026-04-02,BHSA11,IPCA_SPREAD,7.17,anbima,0,0,,,,,,61090728,61090728,0.0
2026-04-02,MRSAB3,IPCA_SPREAD,8.63,anbima,7482471,1,997.6628,7.3717,B40,3,B40 +3bps,38756097,23791154,38.6
2026-04-02,KRSA12,DI_SPREAD,3.20,0.70xprazo,0,0,,,,,,31666419,31666419,0.0
2026-04-02,PEJA11,IPCA_SPREAD,2.98,anbima,68154,3,1175.0687,7.6367,B29,-21,B29 −21bps,24908423,24772115,0.5
2026-04-02,EQPAA0,DI_SPREAD,3.49,anbima,1206731,1,997.2985,0.9150,CDI,0.915,CDI +0.92%,20156753,17743290,12.0
2026-04-02,BTGH18,DI_SPREAD,2.00,anbima,0,0,,,,,,49113490,49113490,0.0
2026-04-02,VALEC1,IPCA_SPREAD,6.64,anbima,5792866,1,1047.5345,6.8903,B35,-68,B35 −68bps,12048258,462527,96.2
2026-04-02,SUZBA0,IPCA_SPREAD,7.84,anbima,5971406,6,1052.2301,7.0861,B37,-46,B37 −46bps,16634147,4691336,71.8
2026-04-02,RSAN16,IPCA_SPREAD,5.44,anbima,16125,1,1007.7814,8.2600,B33,50,B33 +50bps,17264138,17231889,0.2
2026-04-02,SRBS11,IPCA_SPREAD,8.17,anbima,50207730,1,1004.1546,,,,,190886566,90471106,52.6
2026-04-02,BSA318,DI_SPREAD,1.60,anbima,0,0,,,,,,37211452,37211452,0.0
2026-04-02,CERT11,IPCA_SPREAD,2.62,anbima,0,0,,,,,,14713502,14713502,0.0
2026-04-02,TFLE19,DI_SPREAD,2.96,anbima,0,0,,,,,,21354174,21354174,0.0
2026-04-02,ITSA17,DI_SPREAD,4.08,anbima,855035,2,1116.2331,0.6963,CDI,0.6963,CDI +0.70%,23195544,21485475,7.4
2026-04-02,BSA3A0,DI_SPREAD,2.80,anbima,0,0,,,,,,32277818,32277818,0.0
2026-04-02,CCROA7,DI_SPREAD,1.72,anbima,0,0,,,,,,84735851,84735851,0.0
2026-04-02,BCPSA4,DI_SPREAD,0.53,anbima,220086,1,1023.6575,0.4651,CDI,0.4651,CDI +0.47%,36685837,36245664,1.2
2026-04-02,SBSPD2,DI_SPREAD,0.13,anbima,0,0,,,,,,248562767,248562767,0.0
2026-04-02,BRMLB1,DI_SPREAD,4.31,anbima,10242822,1,1024.2822,0.7989,CDI,0.7989,CDI +0.80%,31250817,10765173,65.6
2026-04-02,ELET17,DI_SPREAD,4.86,anbima,0,0,,,,,,82961354,82961354,0.0
2026-04-02,HYPEB1,DI_SPREAD,3.31,anbima,0,0,,,,,,82223297,82223297,0.0
2026-04-02,SBSPL8,DI_SPREAD,4.17,anbima,0,0,,,,,,128510851,128510851,0.0
2026-04-02,PASS14,DI_SPREAD,2.99,anbima,0,0,,,,,,148261952,148261952,0.0
2026-04-02,SMFTA2,DI_SPREAD,2.75,anbima,30217574,2,1004.9745,0.9000,CDI,0.9,CDI +0.90%,61936586,1501439,97.6
2026-04-02,CGOS19,DI_SPREAD,3.75,anbima,0,0,,,,,,26942745,26942745,0.0
2026-04-02,CEEDA0,DI_SPREAD,3.58,anbima,884101,3,1052.5010,0.9046,CDI,0.9046,CDI +0.90%,113506596,111738394,1.6
2026-04-02,NIGP12,DI_SPREAD,3.27,anbima,0,0,,,,,,42763254,42763254,0.0
2026-04-02,CSRNB3,IPCA_SPREAD,6.93,anbima,4409422,1,967.1907,7.3951,B35,-17,B35 −17bps,15799735,6980890,55.8
2026-04-02,CEEBD1,PREFIXADO,4.44,anbima,194716,2,973.5779,13.2421,,,,25347001,24957570,1.5
2026-04-02,PGMN26,DI_SPREAD,1.55,anbima,0,0,,,,,,19993365,19993365,0.0
2026-04-02,RSAN25,DI_SPREAD,1.99,anbima,526456,1,1052.9116,3.0051,CDI,3.0051,CDI +3.01%,81570247,80517336,1.3
2026-04-02,ELPLA7,IPCA_SPREAD,3.95,anbima,2787753,1,810.6291,17.0181,B31,915,B31 +915bps,11476377,5900870,48.6
2026-04-02,RDORD4,DI_SPREAD,3.55,anbima,0,0,,,,,,200859587,200859587,0.0
2026-04-02,ELET24,DI_SPREAD,1.42,anbima,10329761,4,1017.9110,1.0046,CDI,1.0046,CDI +1.00%,142005652,121346131,14.5
2026-04-02,ERDVB3,DI_SPREAD,2.49,anbima,0,0,,,,,,45216168,45216168,0.0
2026-04-02,EGIEA5,PREFIXADO,4.73,anbima,0,0,,,,,,29399102,29399102,0.0
2026-04-02,SBSPJ8,IPCA_SPREAD,7.96,anbima,0,0,,,,,,125469131,125469131,0.0
2026-04-02,ENEVA4,IPCA_SPREAD,7.02,anbima,583572,3,972.6207,7.4327,B35,-14,B35 −14bps,27900108,26732963,4.2
2026-04-02,SBSPK8,IPCA_SPREAD,8.84,anbima,0,0,,,,,,31606357,31606357,0.0
2026-04-02,HVSP11,IPCA_SPREAD,4.90,anbima,2189179,3,1263.9603,,,,,23169420,18791061,18.9
2026-04-02,PEJA23,IPCA_SPREAD,5.35,anbima,0,0,,,,,,10569209,10569209,0.0
2026-04-02,PSAN23,DI_SPREAD,2.70,anbima,503686,1,1007.3729,2.7150,CDI,2.715,CDI +2.71%,108202277,107194904,0.9
2026-04-02,AEEP21,,4.58,0.70xprazo,0,0,,,,,,16973549,16973549,0.0
2026-04-02,CPGTB0,DI_SPREAD,3.48,anbima,0,0,,,,,,46908522,46908522,0.0
2026-04-02,AALM12,DI_SPREAD,2.15,anbima,0,0,,,,,,57005176,57005176,0.0
2026-04-02,AEEP31,,6.68,0.70xprazo,0,0,,,,,,13722353,13722353,0.0
2026-04-02,LETS18,DI_SPREAD,3.10,anbima,0,0,,,,,,20693935,20693935,0.0
2026-04-02,HYPEC0,DI_SPREAD,2.69,anbima,0,0,,,,,,15144712,15144712,0.0
2026-04-02,CSMGE2,IPCA_SPREAD,4.65,anbima,0,0,,,,,,18188819,18188819,0.0
2026-04-02,ISAED1,DI_SPREAD,4.84,anbima,0,0,,,,,,102847839,102847839,0.0
2026-04-02,EBENC1,DI_SPREAD,4.06,anbima,0,0,,,,,,43635654,43635654,0.0
2026-04-02,ELTN19,DI_SPREAD,4.18,anbima,0,0,,,,,,132713262,132713262,0.0
2026-04-02,OMGE16,DI_SPREAD,2.76,anbima,0,0,,,,,,43652603,43652603,0.0
2026-04-02,CMGDA2,DI_SPREAD,3.56,anbima,0,0,,,,,,97048118,97048118,0.0
2026-04-02,OMGE17,DI_SPREAD,3.26,anbima,0,0,,,,,,129149659,129149659,0.0
2026-04-02,SBSPE7,DI_SPREAD,4.86,anbima,0,0,,,,,,14270824,14270824,0.0
2026-04-02,SBSPD7,DI_SPREAD,3.96,anbima,0,0,,,,,,90450598,90450598,0.0
2026-04-02,RDORF8,DI_SPREAD,4.82,anbima,0,0,,,,,,10450024,10450024,0.0
2026-04-02,QYAN11,DI_SPREAD,3.35,anbima,0,0,,,,,,79405621,79405621,0.0
2026-04-02,RENTD9,DI_SPREAD,2.83,anbima,0,0,,,,,,16299853,16299853,0.0
2026-04-02,PALFA5,DI_SPREAD,2.18,anbima,0,0,,,,,,10039480,10039480,0.0
2026-04-02,RADLA1,DI_SPREAD,3.97,anbima,0,0,,,,,,129874465,129874465,0.0
2026-04-02,RDORF1,DI_SPREAD,4.21,anbima,0,0,,,,,,26491717,26491717,0.0
2026-04-02,UNIPB0,DI_SPREAD,4.78,anbima,0,0,,,,,,13880846,13880846,0.0
2026-04-02,TBSP22,DI_SPREAD,3.85,anbima,0,0,,,,,,25329743,25329743,0.0
2026-04-02,SBSPM8,DI_SPREAD,4.81,anbima,0,0,,,,,,16198150,16198150,0.0
2026-04-02,NTSDA0,DI_SPREAD,3.50,anbima,0,0,,,,,,53547097,53547097,0.0
2026-04-02,CHSF12,DI_SPREAD,2.24,anbima,0,0,,,,,,15829635,15829635,0.0
2026-04-02,CNLM16,,3.64,0.70xprazo,0,0,,,,,,508226098,508226098,0.0
2026-04-02,USIM29,DI_SPREAD,2.35,anbima,0,0,,,,,,12610750,12610750,0.0
2026-04-02,RDORD7,DI_SPREAD,2.37,anbima,0,0,,,,,,10327215,10327215,0.0
2026-04-02,TSSG13,DI_SPREAD,2.41,anbima,0,0,,,,,,42115961,42115961,0.0
2026-04-02,TENG15,,0.08,0.70xprazo,5806676,1,1030.8320,0.2974,,,,11613353,0,100.0
2026-04-02,CDGS16,,2.63,0.70xprazo,0,0,,,,,,10947813,10947813,0.0
2026-04-02,BPSE11,,0.13,0.70xprazo,13099666,1,1053.1125,0.7601,,,,26199334,1,100.0
2026-04-02,TBSP12,DI_SPREAD,2.77,anbima,0,0,,,,,,144485658,144485658,0.0
2026-04-02,HBSA24,DI_SPREAD,3.56,anbima,0,0,,,,,,126268283,126268283,0.0
2026-04-02,SUZBA1,DI_SPREAD,3.73,anbima,0,0,,,,,,16571363,16571363,0.0
2026-04-02,SUZBB1,DI_SPREAD,4.54,anbima,0,0,,,,,,53211367,53211367,0.0
2026-04-02,AURE13,DI_SPREAD,3.12,anbima,41313,1,1059.3043,0.8951,CDI,0.8951,CDI +0.90%,212362417,212279791,0.0
2026-04-02,COMR16,,0.72,0.70xprazo,0,0,,,,,,18310529,18310529,0.0
2026-04-02,EQPA17,DI_SPREAD,2.35,anbima,0,0,,,,,,11775971,11775971,0.0
2026-04-02,INEL12,DI_SPREAD,1.55,anbima,0,0,,,,,,45217849,45217849,0.0
2026-04-02,MOTVB9,IPCA_SPREAD,7.30,anbima,0,0,,,,,,44654090,44654090,0.0
2026-04-02,RENTE4,DI_SPREAD,3.39,anbima,0,0,,,,,,69389481,69389481,0.0
2026-04-02,ITSA18,DI_SPREAD,4.39,anbima,0,0,,,,,,21579862,21579862,0.0
2026-04-02,EQTL17,DI_SPREAD,2.13,anbima,0,0,,,,,,11900070,11900070,0.0
2026-04-02,HAPV17,DI_SPREAD,2.76,anbima,0,0,,,,,,41905645,41905645,0.0
2026-04-02,ASAI22,DI_SPREAD,1.19,anbima,0,0,,,,,,20005496,20005496,0.0
2026-04-02,VIXL18,DI_SPREAD,2.33,anbima,0,0,,,,,,11762071,11762071,0.0
2026-04-02,ACOV15,DI_SPREAD,2.58,anbima,0,0,,,,,,12095777,12095777,0.0
2026-04-02,LMTP26,DI_SPREAD,1.06,anbima,0,0,,,,,,11044603,11044603,0.0
2026-04-02,SMFTB3,DI_SPREAD,3.86,anbima,0,0,,,,,,12506081,12506081,0.0
2026-04-02,TRES11,DI_SPREAD,2.18,anbima,0,0,,,,,,19086650,19086650,0.0
2026-04-02,ARML14,DI_SPREAD,3.20,anbima,0,0,,,,,,79129185,79129185,0.0
2026-04-02,NTSD35,DI_SPREAD,3.37,anbima,0,0,,,,,,121914856,121914856,0.0
2026-04-02,NTSD36,DI_SPREAD,4.05,anbima,0,0,,,,,,23267010,23267010,0.0
2026-04-02,CGOS18,DI_SPREAD,2.45,anbima,0,0,,,,,,59229054,59229054,0.0
2026-04-02,LORTB2,DI_SPREAD,2.01,anbima,0,0,,,,,,47470834,47470834,0.0
2026-04-02,HAPV28,DI_SPREAD,3.77,anbima,0,0,,,,,,40360592,40360592,0.0
2026-04-02,CGOS15,DI_SPREAD,2.13,anbima,0,0,,,,,,44897665,44897665,0.0
2026-04-02,CMPH14,DI_SPREAD,5.48,0.70xprazo,0,0,,,,,,200622678,200622678,0.0
2026-04-02,VVEO15,DI_SPREAD,5.48,0.70xprazo,0,0,,,,,,266779790,266779790,0.0
2026-04-02,LORTB9,,2.03,0.70xprazo,0,0,,,,,,16458093,16458093,0.0
2026-04-02,ESCEB4,DI_SPREAD,1.98,anbima,0,0,,,,,,20221893,20221893,0.0
2026-04-02,TAEEA6,DI_SPREAD,3.33,anbima,0,0,,,,,,80456641,80456641,0.0
2026-04-02,ELET15,DI_SPREAD,2.24,anbima,0,0,,,,,,86001292,86001292,0.0
2026-04-02,RDORG6,DI_SPREAD,3.92,anbima,0,0,,,,,,70003124,70003124,0.0
2026-04-02,SMFTA0,DI_SPREAD,2.13,anbima,0,0,,,,,,13817546,13817546,0.0
2026-04-02,CEED18,DI_SPREAD,2.81,anbima,0,0,,,,,,15578510,15578510,0.0
2026-04-02,ISAEB0,IPCA_SPREAD,7.80,anbima,16399089,1,999.9444,7.3220,B37,-23,B37 −23bps,32798178,1,100.0
2026-04-02,ENMTC4,PREFIXADO,4.08,anbima,0,0,,,,,,40029269,40029269,0.0
2026-04-02,CEPEA8,IPCA_SPREAD,3.47,0.70xprazo,0,0,,,,,,23931328,23931328,0.0
2026-04-02,EKTRA8,IPCA_SPREAD,3.98,anbima,0,0,,,,,,19942774,19942774,0.0
2026-04-02,QUNT11,DI_SPREAD,3.13,anbima,0,0,,,,,,26065359,26065359,0.0
2026-04-02,MOTVA8,DI_SPREAD,2.95,anbima,0,0,,,,,,20039951,20039951,0.0
2026-04-02,PCHSA9,,3.08,0.70xprazo,0,0,,,,,,51790382,51790382,0.0
2026-04-06,HAPV28,DI_SPREAD,3.77,anbima,10003417,1,790.9715,9.5000,CDI,9.5,CDI +9.50%,60438821,40431988,33.1
2026-04-06,HAPVA0,DI_SPREAD,3.90,anbima,0,0,,,,,,143119129,143119129,0.0
2026-04-06,TECG18,,4.17,0.70xprazo,5635210,2,1002.3497,,,,,70475363,59204943,16.0
2026-04-06,HAPV17,DI_SPREAD,2.76,anbima,11593146,1,834.9403,10.5000,CDI,10.5,CDI +10.50%,62098941,38912649,37.3
2026-04-06,VALED1,IPCA_SPREAD,7.67,anbima,328807,2,1074.5343,6.5677,B37,-90,B37 −90bps,101880071,101222456,0.6
2026-04-06,MGPRA0,IPCA_SPREAD,7.73,anbima,443522,4,1017.2527,,,,,38862621,37975577,2.3
2026-04-06,ENEVA4,IPCA_SPREAD,7.02,anbima,0,0,,,,,,22485062,22485062,0.0
2026-04-06,QUNT11,DI_SPREAD,3.13,anbima,0,0,,,,,,26224460,26224460,0.0
2026-04-06,TFLEA9,DI_SPREAD,3.59,anbima,0,0,,,,,,41759807,41759807,0.0
2026-04-06,TFLE19,DI_SPREAD,2.96,anbima,0,0,,,,,,64715324,64715324,0.0
2026-04-06,AURE13,DI_SPREAD,3.12,anbima,0,0,,,,,,22221762,22221762,0.0
2026-04-06,DASAC5,DI_SPREAD,3.57,anbima,0,0,,,,,,25257364,25257364,0.0
2026-04-06,NATUA3,DI_SPREAD,2.39,anbima,0,0,,,,,,10932697,10932697,0.0
2026-04-06,ENGIA1,,0.02,0.70xprazo,6043,2,1510.6843,8.0005,,,,13355036,13342950,0.1
2026-04-06,ECER12,IPCA_SPREAD,1.13,anbima,0,0,,,,,,29452576,29452576,0.0
2026-04-06,RDORD4,DI_SPREAD,3.55,anbima,0,0,,,,,,10166418,10166418,0.0
2026-04-06,RENTD1,IPCA_SPREAD,5.36,anbima,15461464,3,1138.5467,9.6005,B33,189,B33 +189bps,31732133,809205,97.4
2026-04-06,AEGP19,DI_SPREAD,1.04,anbima,0,0,,,,,,20257976,20257976,0.0
2026-04-06,ENEV15,IPCA_SPREAD,2.64,anbima,478936,5,1356.7604,7.6131,B29,-15,B29 −15bps,10093875,9136002,9.5
2026-04-06,SMFTA2,DI_SPREAD,2.75,anbima,0,0,,,,,,30501143,30501143,0.0
2026-04-06,NTSD36,DI_SPREAD,4.05,anbima,0,0,,,,,,22773899,22773899,0.0
2026-04-06,SBSPD2,DI_SPREAD,0.13,anbima,0,0,,,,,,95981319,95981319,0.0
2026-04-06,CLII12,DI_SPREAD,2.45,anbima,0,0,,,,,,11738191,11738191,0.0
2026-04-06,ELTN19,DI_SPREAD,4.18,anbima,0,0,,,,,,15180477,15180477,0.0
2026-04-06,RRRP13,IPCA_SPREAD,3.79,anbima,0,0,,,,,,13864995,13864995,0.0
2026-04-06,JSMLA5,DI_SPREAD,2.67,anbima,0,0,,,,,,12072903,12072903,0.0
2026-04-06,AALM12,DI_SPREAD,2.15,anbima,0,0,,,,,,60058814,60058814,0.0
2026-04-06,EGIEB5,IPCA_SPREAD,6.16,anbima,10363117,4,1056.3830,7.2094,B35,-28,B35 −28bps,39460642,18734407,52.5
2026-04-06,TBSP12,DI_SPREAD,2.77,anbima,93824377,2,1026.7496,,,,,325265007,137616253,57.7
2026-04-06,MOTVA8,DI_SPREAD,2.95,anbima,0,0,,,,,,20158586,20158586,0.0
2026-04-06,APFD19,IPCA_SPREAD,2.63,anbima,0,0,,,,,,42459436,42459436,0.0
2026-04-06,ELET24,DI_SPREAD,1.42,anbima,10203387,2,1017.3882,1.0350,CDI,1.035,CDI +1.03%,366626585,346219811,5.6
2026-04-06,ENTV12,IPCA_SPREAD,2.28,anbima,1367,1,1366.7524,,,,,30243362,30240628,0.0
2026-04-06,FBRI13,IPCA_SPREAD,4.61,anbima,0,0,,,,,,13052109,13052109,0.0
2026-04-06,TRRG12,IPCA_SPREAD,4.18,anbima,4755519,5,1068.6559,7.5359,B31,-26,B31 −26bps,23614105,14103067,40.3
2026-04-06,BTEL23,IPCA_SPREAD,4.19,anbima,0,0,,,,,,23911110,23911110,0.0
2026-04-06,CEPEA6,PREFIXADO,4.03,anbima,15392239,2,1071.4352,13.2210,,,,45814581,15030104,67.2
2026-04-06,AURP12,IPCA_SPREAD,5.83,anbima,0,0,,,,,,21596749,21596749,0.0
2026-04-06,CGOSA0,IPCA_SPREAD,6.70,anbima,12914233,7,1024.1263,7.4903,B35,0,B35 +0bps,74535078,48706612,34.7
2026-04-06,VLIM18,IPCA_SPREAD,6.23,anbima,0,0,,,,,,22634271,22634271,0.0
2026-04-06,CERT11,IPCA_SPREAD,2.62,anbima,0,0,,,,,,112106888,112106888,0.0
2026-04-06,CSANA2,DI_SPREAD,2.49,anbima,0,0,,,,,,93095890,93095890,0.0
2026-04-06,IRJS15,IPCA_SPREAD,6.61,anbima,14613821,2,1083.9506,,,,,38888484,9660841,75.2
2026-04-06,CVRDA6,IGP-M,51.62,0.70xprazo,9719514,4,44.1796,,,,,79967949,60528921,24.3
2026-04-06,AEGPB7,DI_SPREAD,1.40,anbima,0,0,,,,,,22610066,22610066,0.0
2026-04-06,ERDVB3,DI_SPREAD,2.49,anbima,0,0,,,,,,55276863,55276863,0.0
2026-04-06,BTEL13,PREFIXADO,3.64,anbima,12850,2,1070.8269,14.9928,,,,16692950,16667250,0.2
2026-04-06,TIMS12,IPCA_SPREAD,1.34,anbima,44912,1,1283.2056,,,,,55089185,54999360,0.2
2026-04-06,ENERB7,IPCA_SPREAD,6.62,anbima,0,0,,,,,,13571567,13571567,0.0
2026-04-06,DASAA6,DI_SPREAD,0.21,0.70xprazo,0,0,,,,,,64659060,64659060,0.0
2026-04-06,BTGH18,DI_SPREAD,2.00,anbima,5450866,2,1051.2760,1.3965,CDI,1.3965,CDI +1.40%,67007841,56106109,16.3
2026-04-06,ELPLB4,,0.07,0.70xprazo,1454,1,1454.4875,9.5879,,,,24157152,24154244,0.0
2026-04-06,MNRVA1,DI_SPREAD,0.23,anbima,0,0,,,,,,14724574,14724574,0.0
2026-04-06,ASAI22,DI_SPREAD,1.19,anbima,0,0,,,,,,20000127,20000127,0.0
2026-04-06,RALM11,IPCA_SPREAD,8.27,anbima,320319,2,1186.3663,,,,,116349569,115708931,0.6
2026-04-06,ENGIB0,IPCA_SPREAD,4.05,anbima,0,0,,,,,,14159949,14159949,0.0
2026-04-06,STBP25,DI_SPREAD,3.24,anbima,0,0,,,,,,20311668,20311668,0.0
2026-04-06,NTSD17,DI_SPREAD,1.70,anbima,0,0,,,,,,62765989,62765989,0.0
2026-04-06,CEEBD1,PREFIXADO,4.44,anbima,194918,1,979.4896,13.1099,,,,73131416,72741579,0.5
2026-04-06,ISAEC0,IPCA_SPREAD,8.85,anbima,0,0,,,,,,60221734,60221734,0.0
2026-04-06,BRMLB1,DI_SPREAD,4.31,anbima,42437844,1,1020.0424,0.9008,CDI,0.9008,CDI +0.90%,128870953,43995265,65.9
2026-04-06,CSNAA1,DI_SPREAD,1.51,anbima,0,0,,,,,,63797094,63797094,0.0
2026-04-06,ISAED1,DI_SPREAD,4.84,anbima,22087084,1,1027.3063,0.8007,CDI,0.8007,CDI +0.80%,66938436,22764267,66.0
2026-04-06,RSAN16,IPCA_SPREAD,5.44,anbima,0,0,,,,,,80987301,80987301,0.0
2026-04-06,ENMTC4,PREFIXADO,4.08,anbima,0,0,,,,,,14411614,14411614,0.0
2026-04-06,CPGTA1,IPCA_SPREAD,6.82,anbima,0,0,,,,,,12482766,12482766,0.0
2026-04-06,CSRNB3,IPCA_SPREAD,6.93,anbima,0,0,,,,,,11315425,11315425,0.0
2026-04-06,EKTT11,IPCA_SPREAD,5.21,anbima,1352937,2,1156.3566,,,,,70838591,68132716,3.8
2026-04-06,ITSA18,DI_SPREAD,4.39,anbima,0,0,,,,,,40062986,40062986,0.0
2026-04-06,ENEVA3,DI_SPREAD,2.73,anbima,11089283,1,1045.4684,0.9008,CDI,0.9008,CDI +0.90%,49947485,27768919,44.4
2026-04-06,TBSP22,DI_SPREAD,3.85,anbima,0,0,,,,,,10969609,10969609,0.0
2026-04-06,EQPAA0,DI_SPREAD,3.49,anbima,0,0,,,,,,268551669,268551669,0.0
2026-04-06,CEEDA0,DI_SPREAD,3.58,anbima,0,0,,,,,,31934447,31934447,0.0
2026-04-06,RDORD9,DI_SPREAD,0.21,0.70xprazo,0,0,,,,,,60021926,60021926,0.0
2026-04-06,CGASA5,DI_SPREAD,2.16,anbima,0,0,,,,,,30425615,30425615,0.0
2026-04-06,ENJG21,IPCA_SPREAD,0.62,anbima,0,0,,,,,,50561114,50561114,0.0
2026-04-06,AXIA18,IPCA_SPREAD,5.21,anbima,0,0,,,,,,21965824,21965824,0.0
2026-04-06,CEEBE3,IPCA_SPREAD,3.99,anbima,0,0,,,,,,36290884,36290884,0.0
2026-04-06,EKTRA8,IPCA_SPREAD,3.98,anbima,0,0,,,,,,23829820,23829820,0.0
2026-04-06,PGMN26,DI_SPREAD,1.55,anbima,0,0,,,,,,20000129,20000129,0.0
2026-04-06,EUFA18,DI_SPREAD,1.80,anbima,0,0,,,,,,100022575,100022575,0.0
2026-04-06,ELTN16,DI_SPREAD,3.57,anbima,0,0,,,,,,13237721,13237721,0.0
2026-04-06,ORMA16,DI_SPREAD,3.97,anbima,0,0,,,,,,78206378,78206378,0.0
2026-04-06,EUFA17,DI_SPREAD,2.73,anbima,0,0,,,,,,13768223,13768223,0.0
2026-04-06,OVSAA9,DI_SPREAD,2.27,anbima,0,0,,,,,,10605744,10605744,0.0
2026-04-06,ACHE14,,3.75,0.70xprazo,0,0,,,,,,57323438,57323438,0.0
2026-04-06,CEEBC0,,4.24,0.70xprazo,0,0,,,,,,129945888,129945888,0.0
2026-04-06,CBHI11,,2.47,0.70xprazo,0,0,,,,,,57822946,57822946,0.0
2026-04-06,CMED13,DI_SPREAD,1.92,anbima,0,0,,,,,,52732143,52732143,0.0
2026-04-06,BCPSA7,IPCA_SPREAD,6.45,anbima,0,0,,,,,,32001478,32001478,0.0
2026-04-06,EUFA19,DI_SPREAD,3.27,anbima,0,0,,,,,,71800721,71800721,0.0
2026-04-06,PCHSL2,,5.09,0.70xprazo,0,0,,,,,,78071205,78071205,0.0
2026-04-06,BCPSA5,IPCA_SPREAD,2.41,anbima,0,0,,,,,,12601590,12601590,0.0
2026-04-06,PFOR26,DI_SPREAD,3.82,anbima,0,0,,,,,,51652321,51652321,0.0
2026-04-06,CLCD26,IPCA_SPREAD,2.95,anbima,0,0,,,,,,10133451,10133451,0.0
2026-04-06,ULFT14,IPCA_SPREAD,6.23,anbima,0,0,,,,,,14048017,14048017,0.0
2026-04-06,EQMAA2,IPCA_SPREAD,6.40,anbima,0,0,,,,,,12887600,12887600,0.0
2026-04-06,FLCLA9,IPCA_SPREAD,6.66,anbima,0,0,,,,,,12513327,12513327,0.0
2026-04-07,ELPLA5,IPCA_SPREAD,3.32,anbima,2327214,2,893.3643,17.1540,B30,925,B30 +925bps,12150848,7496420,38.3
2026-04-07,ENEVA3,DI_SPREAD,2.73,anbima,13469926,4,1045.6394,0.8950,CDI,0.895,CDI +0.89%,44564309,17624457,60.5
2026-04-07,TBSP22,DI_SPREAD,3.85,anbima,0,0,,,,,,118507827,118507827,0.0
2026-04-07,RDORD4,DI_SPREAD,3.55,anbima,0,0,,,,,,42931601,42931601,0.0
2026-04-07,HAPV28,DI_SPREAD,3.77,anbima,0,0,,,,,,10001584,10001584,0.0
2026-04-07,ALPA22,DI_SPREAD,2.37,anbima,0,0,,,,,,45438287,45438287,0.0
2026-04-07,CNLM16,,3.63,0.70xprazo,0,0,,,,,,31487968,31487968,0.0
2026-04-07,TOTS15,DI_SPREAD,2.76,anbima,0,0,,,,,,99050676,99050676,0.0
2026-04-07,EUFA17,DI_SPREAD,2.73,anbima,0,0,,,,,,20679384,20679384,0.0
2026-04-07,HYPEA8,DI_SPREAD,1.92,anbima,0,0,,,,,,20981118,20981118,0.0
2026-04-07,VSCF15,,2.11,0.70xprazo,0,0,,,,,,51641480,51641480,0.0
2026-04-07,MANT23,,5.98,0.70xprazo,0,0,,,,,,13255466,13255466,0.0
2026-04-07,ENGIC4,DI_SPREAD,3.79,anbima,0,0,,,,,,31363777,31363777,0.0
2026-04-07,NTSDA0,DI_SPREAD,3.50,anbima,0,0,,,,,,40048578,40048578,0.0
2026-04-07,OPCT16,DI_SPREAD,2.01,anbima,0,0,,,,,,16727389,16727389,0.0
2026-04-07,USIMB0,DI_SPREAD,3.28,anbima,0,0,,,,,,40298885,40298885,0.0
2026-04-07,RDORD9,DI_SPREAD,0.21,0.70xprazo,0,0,,,,,,30495411,30495411,0.0
2026-04-07,EQPAA0,DI_SPREAD,3.49,anbima,0,0,,,,,,154028350,154028350,0.0
2026-04-07,BCPSA7,IPCA_SPREAD,6.45,anbima,10564068,2,1006.1017,7.3664,B35,-19,B35 −19bps,44279468,23151333,47.7
2026-04-07,AEGE16,DI_SPREAD,3.30,anbima,10272833,2,896.1732,,,,,40554096,20008429,50.7
2026-04-07,RENTD1,IPCA_SPREAD,5.36,anbima,285236,1,1140.9452,9.5601,B33,178,B33 +178bps,16824986,16254514,3.4
2026-04-07,CGOSB0,IPCA_SPREAD,6.70,anbima,10150808,1,1015.0807,7.6298,B35,7,B35 +7bps,21853741,1552126,92.9
2026-04-07,ISAED1,DI_SPREAD,4.84,anbima,10075409,1,1028.1030,0.7908,CDI,0.7908,CDI +0.79%,33551600,13400781,60.1
2026-04-07,VLIM18,IPCA_SPREAD,6.23,anbima,0,0,,,,,,22717095,22717095,0.0
2026-04-07,ULFT14,IPCA_SPREAD,6.23,anbima,0,0,,,,,,14031342,14031342,0.0
2026-04-07,AURP12,IPCA_SPREAD,5.83,anbima,0,0,,,,,,23988081,23988081,0.0
2026-04-07,AURE13,DI_SPREAD,3.12,anbima,5073515,1,1056.9823,1.0008,CDI,1.0008,CDI +1.00%,10149157,2126,100.0
2026-04-07,CPGTC0,IPCA_SPREAD,6.10,anbima,0,0,,,,,,20570605,20570605,0.0
2026-04-07,CEEDA0,DI_SPREAD,3.58,anbima,0,0,,,,,,57892518,57892518,0.0
2026-04-07,EGIEB5,IPCA_SPREAD,6.16,anbima,0,0,,,,,,23877216,23877216,0.0
2026-04-07,RSAN16,IPCA_SPREAD,5.44,anbima,900797,2,1013.2697,8.1870,B33,41,B33 +41bps,22952912,21151319,7.8
2026-04-07,ELTN27,IPCA_SPREAD,4.90,anbima,152422,1,1043.9848,7.3156,B32,-46,B32 −46bps,44020716,43715872,0.7
2026-04-07,AEGP17,DI_SPREAD,0.66,anbima,43375710,3,704.8606,6.9290,CDI,6.929,CDI +6.93%,86751423,3,100.0
2026-04-07,BTGH18,DI_SPREAD,2.00,anbima,427218,3,1054.8586,1.2503,CDI,1.2503,CDI +1.25%,69712628,68858193,1.2
2026-04-07,ENGIC0,IPCA_SPREAD,7.99,anbima,0,0,,,,,,39522909,39522909,0.0
2026-04-07,MGPRA0,IPCA_SPREAD,7.73,anbima,2034,1,1016.8261,,,,,17814378,17810311,0.0
2026-04-07,BTEL13,PREFIXADO,3.64,anbima,67505,4,1071.5090,14.9635,,,,17794138,17659128,0.8
2026-04-07,EQPA19,IPCA_SPREAD,6.83,anbima,0,0,,,,,,21290469,21290469,0.0
2026-04-07,CESE32,IPCA_SPREAD,3.14,anbima,0,0,,,,,,84480376,84480376,0.0
2026-04-07,EGIEA1,IPCA_SPREAD,5.13,anbima,0,0,,,,,,21330712,21330712,0.0
2026-04-07,AESLA9,IPCA_SPREAD,6.00,anbima,1196802,3,1038.8902,7.2604,B33,-52,B33 −52bps,10119491,7725888,23.7
2026-04-07,ENTV13,IPCA_SPREAD,5.85,anbima,298237,2,1112.8251,,,,,16045251,15448777,3.7
2026-04-07,CMGDB1,IPCA_SPREAD,6.98,anbima,0,0,,,,,,21721083,21721083,0.0
2026-04-07,CVRDA6,IGP-M,51.62,0.70xprazo,9081774,2,44.0863,,,,,27241085,9077536,66.7
2026-04-07,DESK19,IPCA_SPREAD,4.50,anbima,0,0,,,,,,10739118,10739118,0.0
2026-04-07,FBRI13,IPCA_SPREAD,4.61,anbima,0,0,,,,,,10828479,10828479,0.0
2026-04-07,CERT11,IPCA_SPREAD,2.62,anbima,14074,2,1172.7976,7.1898,B29,-69,B29 −69bps,45198897,45170750,0.1
2026-04-07,CART13,IPCA_SPREAD,4.03,anbima,0,0,,,,,,13946711,13946711,0.0
2026-04-07,MRSAB3,IPCA_SPREAD,8.63,anbima,47399,1,1008.4919,7.2615,B40,-5,B40 −5bps,12552246,12457448,0.8
2026-04-07,PALFB6,IPCA_SPREAD,5.66,anbima,2152,1,1076.1024,7.4301,B33,-35,B33 −35bps,20037393,20033089,0.0
2026-04-07,BRMLB1,DI_SPREAD,4.31,anbima,0,0,,,,,,22890669,22890669,0.0
2026-04-07,MULTB5,DI_SPREAD,4.46,anbima,0,0,,,,,,32107759,32107759,0.0
2026-04-07,TBSP13,,0.48,0.70xprazo,0,0,,,,,,100162578,100162578,0.0
2026-04-07,ITSA18,DI_SPREAD,4.39,anbima,0,0,,,,,,21594069,21594069,0.0
2026-04-07,CMGDA4,IPCA_SPREAD,7.26,anbima,0,0,,,,,,12092303,12092303,0.0
2026-04-07,CLCD18,DI_SPREAD,3.00,anbima,0,0,,,,,,30693009,30693009,0.0
2026-04-07,ELPLA7,IPCA_SPREAD,3.95,anbima,21876855,4,811.0048,17.0754,B31,918,B31 +918bps,55219336,11465627,79.2
2026-04-07,BSA318,DI_SPREAD,1.60,anbima,0,0,,,,,,16703647,16703647,0.0
2026-04-07,EUFA18,DI_SPREAD,1.80,anbima,0,0,,,,,,127246996,127246996,0.0
2026-04-07,TCBC19,,3.06,0.70xprazo,0,0,,,,,,40839998,40839998,0.0
2026-04-07,CMGDA2,DI_SPREAD,3.56,anbima,0,0,,,,,,20373675,20373675,0.0
2026-04-07,SBSPD7,DI_SPREAD,3.96,anbima,21231241,3,1051.0515,0.8451,CDI,0.8451,CDI +0.85%,235857267,193394785,18.0
2026-04-07,RENTE4,DI_SPREAD,3.39,anbima,1661728,2,1020.7178,1.4521,CDI,1.4521,CDI +1.45%,50202442,46878985,6.6
2026-04-07,CIEL18,DI_SPREAD,2.31,anbima,0,0,,,,,,18605238,18605238,0.0
2026-04-07,EBENA8,IPCA_SPREAD,6.83,anbima,492689,2,1075.7412,7.4226,B35,-14,B35 −14bps,54243907,53258528,1.8
2026-04-07,CLCD27,IPCA_SPREAD,5.41,anbima,535905,1,1071.8099,7.3979,B33,-38,B33 −38bps,56235434,55163624,1.9
2026-04-07,CLCD26,IPCA_SPREAD,2.95,anbima,0,0,,,,,,10127472,10127472,0.0
2026-04-07,OVSAA9,DI_SPREAD,2.27,anbima,0,0,,,,,,10600812,10600812,0.0
2026-04-07,CEEBD1,PREFIXADO,4.44,anbima,298685,3,976.0939,13.2066,,,,10293872,9696502,5.8
2026-04-07,KRSA12,DI_SPREAD,3.19,0.70xprazo,0,0,,,,,,11457424,11457424,0.0
2026-04-07,ELET13,,0.02,0.70xprazo,0,0,,,,,,53008094,53008094,0.0
2026-04-07,ADPA21,DI_SPREAD,1.27,anbima,0,0,,,,,,14948447,14948447,0.0
2026-04-07,ECOV17,DI_SPREAD,3.23,anbima,35330755,2,1030.0512,0.8998,CDI,0.8998,CDI +0.90%,90961716,20300205,77.7
2026-04-07,RECV12,DI_SPREAD,2.22,anbima,0,0,,,,,,20000903,20000903,0.0
2026-04-07,RECV11,IPCA_SPREAD,3.29,anbima,244594,2,1121.9927,7.1882,B30,-71,B30 −71bps,17367082,16877893,2.8
2026-04-07,SUZBB1,DI_SPREAD,4.54,anbima,0,0,,,,,,12658411,12658411,0.0
2026-04-07,CPLDC0,IPCA_SPREAD,6.59,anbima,0,0,,,,,,16775064,16775064,0.0
2026-04-07,TSOL11,,11.01,0.70xprazo,0,0,,,,,,48403174,48403174,0.0
2026-04-07,TFLEA7,DI_SPREAD,2.64,anbima,129689,1,1021.1706,1.4474,CDI,1.4474,CDI +1.45%,18640451,18381074,1.4
2026-04-07,RDORD7,DI_SPREAD,2.37,anbima,0,0,,,,,,19563195,19563195,0.0
2026-04-07,CTOL18,,3.38,0.70xprazo,0,0,,,,,,11307180,11307180,0.0
2026-04-07,TBSP12,DI_SPREAD,2.77,anbima,0,0,,,,,,20626073,20626073,0.0
2026-04-07,CEBD25,DI_SPREAD,2.04,anbima,0,0,,,,,,40963539,40963539,0.0
2026-04-07,CESPA4,DI_SPREAD,3.76,anbima,0,0,,,,,,86411528,86411528,0.0
2026-04-07,RNDNB0,DI_SPREAD,2.27,anbima,0,0,,,,,,31353360,31353360,0.0
2026-04-07,TUPY15,DI_SPREAD,2.48,anbima,0,0,,,,,,54977682,54977682,0.0
2026-04-07,UNIP18,DI_SPREAD,2.81,anbima,0,0,,,,,,44048911,44048911,0.0
2026-04-07,UNIP39,DI_SPREAD,4.23,anbima,0,0,,,,,,23543273,23543273,0.0
2026-04-07,EGIEB2,IPCA_SPREAD,5.60,anbima,0,0,,,,,,19998879,19998879,0.0
2026-04-07,PCHSA2,,2.57,0.70xprazo,0,0,,,,,,12006637,12006637,0.0
2026-04-07,CPLD15,IPCA_SPREAD,0.78,anbima,0,0,,,,,,19999455,19999455,0.0
2026-04-07,IPIA15,,3.40,0.70xprazo,0,0,,,,,,20000990,20000990,0.0
2026-04-07,EEELB5,IPCA_SPREAD,6.00,anbima,0,0,,,,,,19999554,19999554,0.0
2026-04-07,COLNA3,DI_SPREAD,3.17,anbima,10222877,3,1027.1152,0.9782,CDI,0.9782,CDI +0.98%,25140138,4694383,81.3
2026-04-07,CSMGD2,DI_SPREAD,3.94,anbima,34985445,1,998.7281,0.9008,CDI,0.9008,CDI +0.90%,75963446,5992556,92.1
2026-04-07,CJEN13,IPCA_SPREAD,4.12,anbima,0,0,,,,,,40596467,40596467,0.0
2026-04-07,CSMGE1,IPCA_SPREAD,4.45,anbima,0,0,,,,,,33912740,33912740,0.0
2026-04-07,PFOR25,DI_SPREAD,3.44,anbima,0,0,,,,,,21513826,21513826,0.0
2026-04-07,RDORB3,DI_SPREAD,3.41,anbima,0,0,,,,,,12908125,12908125,0.0
2026-04-07,RENTC8,DI_SPREAD,2.08,anbima,0,0,,,,,,36763716,36763716,0.0
2026-04-07,PFOR15,DI_SPREAD,2.38,anbima,0,0,,,,,,18501338,18501338,0.0
2026-04-07,SAPRB4,DI_SPREAD,2.80,anbima,0,0,,,,,,229454430,229454430,0.0
2026-04-07,VLIM17,IPCA_SPREAD,5.98,anbima,0,0,,,,,,59999913,59999913,0.0
2026-04-07,EBENA6,DI_SPREAD,0.98,anbima,0,0,,,,,,37529271,37529271,0.0
2026-04-07,CGOS15,DI_SPREAD,2.13,anbima,0,0,,,,,,26577199,26577199,0.0
2026-04-07,RENTE3,DI_SPREAD,3.07,anbima,0,0,,,,,,52030124,52030124,0.0
2026-04-07,SAPRC1,DI_SPREAD,1.51,anbima,0,0,,,,,,16712359,16712359,0.0
2026-04-07,ENGIB0,IPCA_SPREAD,4.05,anbima,0,0,,,,,,11344980,11344980,0.0
2026-04-07,LORTB9,,2.02,0.70xprazo,0,0,,,,,,37931163,37931163,0.0
2026-04-07,RDORC7,DI_SPREAD,1.66,anbima,0,0,,,,,,12302238,12302238,0.0
2026-04-07,LORTB2,DI_SPREAD,2.01,anbima,0,0,,,,,,16794230,16794230,0.0
2026-04-07,LCAMC2,DI_SPREAD,2.87,anbima,0,0,,,,,,12098337,12098337,0.0
2026-04-07,GGBRA8,DI_SPREAD,2.05,anbima,0,0,,,,,,10036500,10036500,0.0
2026-04-08,OPCT16,DI_SPREAD,2.01,anbima,0,0,,,,,,38106570,38106570,0.0
2026-04-08,PFOR25,DI_SPREAD,3.44,anbima,752297,1,1003.0630,1.7851,CDI,1.7851,CDI +1.79%,20492298,18987703,7.3
2026-04-08,HAPV17,DI_SPREAD,2.76,anbima,19614372,2,870.2414,9.0118,CDI,9.0118,CDI +9.01%,40616798,1388054,96.6
2026-04-08,HAPV18,DI_SPREAD,3.44,anbima,10876424,1,836.6480,8.5101,CDI,8.5101,CDI +8.51%,21752848,0,100.0
2026-04-08,AEGPB7,DI_SPREAD,1.40,anbima,0,0,,,,,,13019207,13019207,0.0
2026-04-08,RDORC4,DI_SPREAD,1.04,anbima,0,0,,,,,,45441953,45441953,0.0
2026-04-08,HAPV19,DI_SPREAD,3.69,anbima,30650321,3,806.8209,8.5527,CDI,8.5527,CDI +8.55%,88079391,26778749,69.6
2026-04-08,CEEDA0,DI_SPREAD,3.58,anbima,0,0,,,,,,27662520,27662520,0.0
2026-04-08,CSMGD2,DI_SPREAD,3.94,anbima,0,0,,,,,,40516873,40516873,0.0
2026-04-08,RDORD4,DI_SPREAD,3.55,anbima,2006596,1,1003.2979,1.2751,CDI,1.2751,CDI +1.28%,60678645,56665454,6.6
2026-04-08,AEGPB5,DI_SPREAD,3.22,anbima,2001048,1,946.1219,5.0001,CDI,5.0001,CDI +5.00%,11515999,7513903,34.8
2026-04-08,ECOV17,DI_SPREAD,3.23,anbima,2063757,1,1031.8785,0.8570,CDI,0.857,CDI +0.86%,70811650,66684136,5.8
2026-04-08,ENGIC4,DI_SPREAD,3.79,anbima,0,0,,,,,,105070075,105070075,0.0
2026-04-08,ELPLA7,IPCA_SPREAD,3.95,anbima,22835176,5,811.4557,17.0606,B31,935,B31 +935bps,54258942,8588591,84.2
2026-04-08,ELPLA5,IPCA_SPREAD,3.32,anbima,2089101,3,893.5417,17.1488,B30,944,B30 +944bps,13302350,9124149,31.4
2026-04-08,CVRDA6,IGP-M,51.61,0.70xprazo,0,0,,,,,,17935008,17935008,0.0
2026-04-08,MGPRA0,IPCA_SPREAD,7.73,anbima,5053752,1,1010.7504,,,,,19418820,9311316,52.1
2026-04-08,SBSPD7,DI_SPREAD,3.96,anbima,67376255,6,1051.7844,0.8341,CDI,0.8341,CDI +0.83%,286523906,151771395,47.0
2026-04-08,CESPA4,DI_SPREAD,3.76,anbima,0,0,,,,,,69453689,69453689,0.0
2026-04-08,VBBR17,DI_SPREAD,3.28,anbima,0,0,,,,,,41920999,41920999,0.0
2026-04-08,RECV12,DI_SPREAD,2.22,anbima,0,0,,,,,,20010106,20010106,0.0
2026-04-08,COMR16,,0.71,0.70xprazo,0,0,,,,,,15079703,15079703,0.0
2026-04-08,CSNAA1,DI_SPREAD,1.51,anbima,0,0,,,,,,23474919,23474919,0.0
2026-04-08,GGBRA8,DI_SPREAD,2.05,anbima,0,0,,,,,,20068628,20068628,0.0
2026-04-08,COLNA3,DI_SPREAD,3.17,anbima,0,0,,,,,,10228464,10228464,0.0
2026-04-08,ISAED1,DI_SPREAD,4.84,anbima,10073333,1,1027.8911,0.8008,CDI,0.8008,CDI +0.80%,39087226,18940560,51.5
2026-04-08,EUFA18,DI_SPREAD,1.80,anbima,0,0,,,,,,12047679,12047679,0.0
2026-04-08,RENTC4,DI_SPREAD,1.98,anbima,0,0,,,,,,15959540,15959540,0.0
2026-04-08,ELET14,IPCA_SPREAD,3.57,anbima,169300,1,1085.2582,7.4050,B30,-30,B30 −30bps,30473072,30134472,1.1
2026-04-08,ENGIC0,IPCA_SPREAD,7.99,anbima,7730467,2,1022.4134,7.6466,B37,28,B37 +28bps,43155607,27694672,35.8
2026-04-08,VALED1,IPCA_SPREAD,7.67,anbima,860997,1,1080.2971,6.5101,B37,-86,B37 −86bps,11862692,10140698,14.5
2026-04-08,LCAMD1,IPCA_SPREAD,3.52,anbima,0,0,,,,,,19104484,19104484,0.0
2026-04-08,CMGDB2,IPCA_SPREAD,8.10,anbima,39954,1,1051.4165,7.5168,B37,15,B37 +15bps,23351086,23271179,0.3
2026-04-08,CLCD26,IPCA_SPREAD,2.95,anbima,10219137,2,1123.5994,7.1953,B29,-44,B29 −44bps,20991543,553269,97.4
2026-04-08,SUZBA0,IPCA_SPREAD,7.84,anbima,4951043,5,1055.2096,7.0751,B37,-29,B37 −29bps,16574661,6672575,59.7
2026-04-08,ALGE16,IPCA_SPREAD,5.33,anbima,293641,1,1005.6191,7.3851,B33,-21,B33 −21bps,13959668,13372386,4.2
2026-04-08,ELET24,DI_SPREAD,1.42,anbima,1019466,1,1019.4661,1.0000,CDI,1,CDI +1.00%,124354618,122315685,1.6
2026-04-08,CERT11,IPCA_SPREAD,2.62,anbima,4690,1,1172.4942,7.2219,B29,-42,B29 −42bps,35054426,35045046,0.0
2026-04-08,CGMG18,IPCA_SPREAD,2.31,anbima,67860,2,1060.3182,6.9737,B29,-67,B29 −67bps,29242333,29106612,0.5
2026-04-08,IVIAA0,IPCA_SPREAD,5.67,anbima,0,0,,,,,,12035293,12035293,0.0
2026-04-08,ELTN37,IPCA_SPREAD,6.69,anbima,170206,1,1084.1137,6.6301,B35,-77,B35 −77bps,17154778,16814366,2.0
2026-04-08,BTGH18,DI_SPREAD,2.00,anbima,0,0,,,,,,159945140,159945140,0.0
2026-04-08,EUFA17,DI_SPREAD,2.73,anbima,0,0,,,,,,15563916,15563916,0.0
2026-04-08,CGOSA0,IPCA_SPREAD,6.70,anbima,0,0,,,,,,16406479,16406479,0.0
2026-04-08,CPIS14,IPCA_SPREAD,6.71,anbima,0,0,,,,,,13055951,13055951,0.0
2026-04-08,VLIM15,IPCA_SPREAD,4.06,anbima,473943,1,1074.7000,7.2731,B31,-44,B31 −44bps,27594273,26646388,3.4
2026-04-08,RDVE11,IPCA_SPREAD,4.60,anbima,0,0,,,,,,32164317,32164317,0.0
2026-04-08,BHSA11,IPCA_SPREAD,7.17,anbima,0,0,,,,,,10638078,10638078,0.0
2026-04-08,MRSAA2,IPCA_SPREAD,6.21,anbima,0,0,,,,,,19206826,19206826,0.0
2026-04-08,ENGIA5,IPCA_SPREAD,3.66,anbima,0,0,,,,,,11319755,11319755,0.0
2026-04-08,AESOA1,IPCA_SPREAD,5.30,anbima,0,0,,,,,,22788774,22788774,0.0
2026-04-08,CEAP12,IPCA_SPREAD,3.12,anbima,0,0,,,,,,11064354,11064354,0.0
2026-04-08,PALFB6,IPCA_SPREAD,5.66,anbima,0,0,,,,,,28877573,28877573,0.0
2026-04-08,CEEBC0,,4.23,0.70xprazo,0,0,,,,,,35525291,35525291,0.0
2026-04-08,AESLA9,IPCA_SPREAD,6.00,anbima,0,0,,,,,,28234720,28234720,0.0
2026-04-08,CEEBD1,PREFIXADO,4.44,anbima,0,0,,,,,,13881123,13881123,0.0
2026-04-08,EGIEB2,IPCA_SPREAD,5.60,anbima,0,0,,,,,,26724531,26724531,0.0
2026-04-08,ISAEB0,IPCA_SPREAD,7.80,anbima,14946123,2,996.4082,7.3955,B37,3,B37 +3bps,30337948,445702,98.5
2026-04-08,ENEVA4,IPCA_SPREAD,7.02,anbima,0,0,,,,,,10058015,10058015,0.0
2026-04-08,KLBNA5,IPCA_SPREAD,8.26,anbima,7037551,1,1005.3645,7.0221,B37,-35,B37 −35bps,18068517,3993415,77.9
2026-04-08,CPLDC0,IPCA_SPREAD,6.59,anbima,0,0,,,,,,10778341,10778341,0.0
2026-04-08,EGIEA1,IPCA_SPREAD,5.13,anbima,33003,1,1100.1114,6.6600,B32,-94,B32 −94bps,27150902,27084895,0.2
2026-04-08,CSRNB3,IPCA_SPREAD,6.93,anbima,0,0,,,,,,11311851,11311851,0.0
2026-04-08,HAPV15,DI_SPREAD,2.71,anbima,11598387,1,848.8281,9.5000,CDI,9.5,CDI +9.50%,23304587,107812,99.5
2026-04-08,CHSF12,DI_SPREAD,2.24,anbima,0,0,,,,,,214739970,214739970,0.0
2026-04-08,ECOA11,,6.49,0.70xprazo,0,0,,,,,,17600944,17600944,0.0
2026-04-08,CGOSB0,IPCA_SPREAD,6.70,anbima,0,0,,,,,,19583373,19583373,0.0
2026-04-08,EQPA19,IPCA_SPREAD,6.83,anbima,673923,1,1028.8893,7.4001,B35,0,B35 +0bps,39689625,38341780,3.4
2026-04-08,BSA3A0,DI_SPREAD,2.80,anbima,0,0,,,,,,12451303,12451303,0.0
2026-04-08,CHSF14,DI_SPREAD,3.57,anbima,0,0,,,,,,88551168,88551168,0.0
2026-04-08,CHSF24,DI_SPREAD,4.36,anbima,0,0,,,,,,13564460,13564460,0.0
2026-04-08,ELET25,DI_SPREAD,3.40,anbima,0,0,,,,,,153612495,153612495,0.0
2026-04-08,ELTN26,DI_SPREAD,4.36,anbima,0,0,,,,,,48180022,48180022,0.0
2026-04-08,ELET17,DI_SPREAD,4.86,anbima,0,0,,,,,,24948504,24948504,0.0
2026-04-08,CPGTC0,IPCA_SPREAD,6.10,anbima,0,0,,,,,,27256539,27256539,0.0
2026-04-08,MRSAB3,IPCA_SPREAD,8.63,anbima,3299387,2,996.7935,7.4099,B40,28,B40 +28bps,46127175,39528402,14.3
2026-04-08,PCHSA2,,2.57,0.70xprazo,0,0,,,,,,12000185,12000185,0.0
2026-04-08,BCPSA7,IPCA_SPREAD,6.45,anbima,0,0,,,,,,28124383,28124383,0.0
2026-04-08,HYPEA6,DI_SPREAD,1.49,anbima,11942,1,1085.6037,0.8312,CDI,0.8312,CDI +0.83%,13888393,13864510,0.2
2026-04-08,CPFPB0,IPCA_SPREAD,6.00,anbima,15860320,1,1036.6222,7.3148,B33,-29,B33 −29bps,32436267,715627,97.8
2026-04-08,CMGDA2,DI_SPREAD,3.56,anbima,0,0,,,,,,20476518,20476518,0.0
2026-04-08,ELCY14,,13.80,0.70xprazo,0,0,,,,,,43986101,43986101,0.0
2026-04-08,PALFA5,DI_SPREAD,2.18,anbima,0,0,,,,,,20062275,20062275,0.0
2026-04-08,QUNT11,DI_SPREAD,3.13,anbima,0,0,,,,,,13071565,13071565,0.0
2026-04-08,QYAN11,DI_SPREAD,3.35,anbima,855223,1,1061.0707,0.9118,CDI,0.9118,CDI +0.91%,13644829,11934383,12.5
2026-04-08,SBSPM8,DI_SPREAD,4.81,anbima,229507830,2,1002.6686,0.9592,CDI,0.9592,CDI +0.96%,636213708,177198047,72.1
2026-04-08,DASAA6,DI_SPREAD,0.20,0.70xprazo,42734,1,1068.3536,2.6839,CDI,2.6839,CDI +2.68%,54342622,54257154,0.2
2026-04-08,AENR11,,9.60,0.70xprazo,0,0,,,,,,16085320,16085320,0.0
2026-04-08,CVRN11,,13.80,0.70xprazo,0,0,,,,,,71327291,71327291,0.0
2026-04-08,FAZE11,,9.60,0.70xprazo,0,0,,,,,,24899640,24899640,0.0
2026-04-08,PLII11,,8.27,0.70xprazo,0,0,,,,,,84000356,84000356,0.0
2026-04-08,BCPSA5,IPCA_SPREAD,2.41,anbima,0,0,,,,,,26599555,26599555,0.0
2026-04-08,RSAN16,IPCA_SPREAD,5.44,anbima,0,0,,,,,,26600812,26600812,0.0
2026-04-08,PEAG12,,3.34,0.70xprazo,0,0,,,,,,26600780,26600780,0.0
2026-04-08,NTSDA2,DI_SPREAD,3.04,anbima,0,0,,,,,,68816460,68816460,0.0
2026-04-08,SBIOA4,DI_SPREAD,3.06,anbima,160061571,2,994.5172,1.0487,CDI,1.0487,CDI +1.05%,499304515,179181373,64.1
2026-04-08,VENR11,,9.60,0.70xprazo,0,0,,,,,,14087516,14087516,0.0
2026-04-08,TCXR11,,6.00,0.70xprazo,0,0,,,,,,14999944,14999944,0.0
2026-04-08,SPEV11,,9.23,0.70xprazo,0,0,,,,,,64000000,64000000,0.0
2026-04-08,COER11,,9.25,0.70xprazo,0,0,,,,,,39998823,39998823,0.0
2026-04-08,CIMO11,,9.25,0.70xprazo,0,0,,,,,,26779826,26779826,0.0
2026-04-08,DIXE12,,10.28,0.70xprazo,0,0,,,,,,18539156,18539156,0.0
2026-04-08,CEED19,IPCA_SPREAD,6.82,anbima,0,0,,,,,,10987386,10987386,0.0
2026-04-09,SBIOA4,DI_SPREAD,3.06,anbima,0,0,,,,,,501731902,501731902,0.0
2026-04-09,SIMH16,DI_SPREAD,2.65,anbima,1779908,1,959.0023,,,,,14451613,10891796,24.6
2026-04-09,SBSPD7,DI_SPREAD,3.96,anbima,0,0,,,,,,116000382,116000382,0.0
2026-04-09,CVRDA6,IGP-M,51.61,0.70xprazo,386467,5,42.9838,,,,,24110021,23337086,3.2
2026-04-09,OMGE17,DI_SPREAD,3.26,anbima,204533387,2,987.7691,1.5518,CDI,1.5518,CDI +1.55%,455072544,46005771,89.9
2026-04-09,PEJA22,IPCA_SPREAD,5.20,anbima,336056,2,1056.7802,7.4350,B32,-21,B32 −21bps,148759533,148087420,0.5
2026-04-09,SBSPM8,DI_SPREAD,4.81,anbima,0,0,,,,,,40024790,40024790,0.0
2026-04-09,CGOSB0,IPCA_SPREAD,6.70,anbima,5074706,1,1014.9412,7.6511,B35,18,B35 +18bps,26681834,16532422,38.0
2026-04-09,CGOSA0,IPCA_SPREAD,6.70,anbima,17013459,1,1014.9412,7.6511,B35,18,B35 +18bps,49599771,15572852,68.6
2026-04-09,CPIS14,IPCA_SPREAD,6.71,anbima,5656677,1,1016.2912,7.6308,B35,16,B35 +16bps,11313354,0,100.0
2026-04-09,ENEV15,IPCA_SPREAD,2.64,anbima,1370,1,1370.3522,7.2899,B29,-44,B29 −44bps,11642232,11639492,0.0
2026-04-09,VALEC1,IPCA_SPREAD,6.64,anbima,74623,1,1066.0432,6.6516,B35,-82,B35 −82bps,26403069,26253823,0.6
2026-04-09,CGASA2,IPCA_SPREAD,7.36,anbima,0,0,,,,,,24764266,24764266,0.0
2026-04-09,MRSAA3,IPCA_SPREAD,4.92,anbima,12401472,1,1037.9538,7.4101,B32,-23,B32 −23bps,29932338,5129394,82.9
2026-04-09,ISAEA8,IPCA_SPREAD,5.13,anbima,19118233,1,1074.0581,7.2480,B32,-39,B32 −39bps,61777492,23541026,61.9
2026-04-09,ECOV17,DI_SPREAD,3.23,anbima,0,0,,,,,,30979774,30979774,0.0
2026-04-09,ELET24,DI_SPREAD,1.42,anbima,29587027,3,1019.9961,0.9980,CDI,0.998,CDI +1.00%,98901916,39727861,59.8
2026-04-09,CMGDB2,IPCA_SPREAD,8.10,anbima,0,0,,,,,,23402503,23402503,0.0
2026-04-09,CEED19,IPCA_SPREAD,6.82,anbima,10980834,1,1013.6467,7.6309,B35,16,B35 +16bps,40627691,18666023,54.1
2026-04-09,CBAN12,IPCA_SPREAD,4.18,anbima,314109,3,1427.7680,7.4749,B31,-27,B31 −27bps,26720372,26092154,2.4
2026-04-09,ISAEB0,IPCA_SPREAD,7.80,anbima,19938165,2,996.9082,7.3950,B37,-4,B37 −4bps,39876329,0,100.0
2026-04-09,BCPSA7,IPCA_SPREAD,6.45,anbima,287267430,7,1014.2335,7.2651,B35,-20,B35 −20bps,1077848859,503313998,53.3
2026-04-09,MNRVA1,DI_SPREAD,0.23,anbima,0,0,,,,,,39600033,39600033,0.0
2026-04-09,MRSAB3,IPCA_SPREAD,8.63,anbima,20417131,3,993.7278,7.4513,B40,23,B40 +23bps,88594912,47760650,46.1
2026-04-09,BSA3A0,DI_SPREAD,2.80,anbima,0,0,,,,,,14113264,14113264,0.0
2026-04-09,LCAMD3,IPCA_SPREAD,2.44,anbima,6532580,3,1162.7946,9.3032,B29,157,B29 +157bps,13399118,333958,97.5
2026-04-09,CSMGB9,IPCA_SPREAD,3.64,anbima,8061353,1,1046.9290,8.6748,B30,93,B30 +93bps,16122707,0,100.0
2026-04-09,RDORD4,DI_SPREAD,3.55,anbima,2006491,1,1003.2454,1.2751,CDI,1.2751,CDI +1.28%,44302385,40289404,9.1
2026-04-09,SUZBA0,IPCA_SPREAD,7.84,anbima,1253993,6,1045.8658,7.1972,B37,-23,B37 −23bps,12040998,9533012,20.8
2026-04-09,CHSF13,IPCA_SPREAD,4.17,anbima,1714228,9,1091.1700,7.1449,B31,-60,B31 −60bps,647705174,644276718,0.5
2026-04-09,EGVG11,IPCA_SPREAD,1.59,anbima,0,0,,,,,,11887152,11887152,0.0
2026-04-09,KLBNA5,IPCA_SPREAD,8.26,anbima,4871802,3,1006.1549,7.0135,B37,-42,B37 −42bps,19174080,9430476,50.8
2026-04-09,BRKP28,IPCA_SPREAD,5.15,anbima,23732212,1,1221.1697,8.2181,B32,58,B32 +58bps,47701981,237557,99.5
2026-04-09,ENSEB4,IPCA_SPREAD,6.60,anbima,0,0,,,,,,11735418,11735418,0.0
2026-04-09,AESLA9,IPCA_SPREAD,6.00,anbima,31692895,5,1031.6698,7.4096,B33,-23,B33 −23bps,75531757,12145968,83.9
2026-04-09,CEPEA6,PREFIXADO,4.03,anbima,0,0,,,,,,19121980,19121980,0.0
2026-04-09,BCPSA5,IPCA_SPREAD,2.41,anbima,0,0,,,,,,29494562,29494562,0.0
2026-04-09,ECRD14,IPCA_SPREAD,8.55,anbima,0,0,,,,,,13761149,13761149,0.0
2026-04-09,EEELB5,IPCA_SPREAD,6.00,anbima,0,0,,,,,,25079804,25079804,0.0
2026-04-09,ALUP18,IPCA_SPREAD,5.70,anbima,10693854,2,1065.2310,7.1753,B33,-46,B33 −46bps,21640672,252964,98.8
2026-04-09,CMGDA4,IPCA_SPREAD,7.26,anbima,14909670,2,993.9780,7.5463,B37,12,B37 +12bps,29819340,0,100.0
2026-04-09,BTGH18,DI_SPREAD,2.00,anbima,1785486,1,1054.6284,1.3450,CDI,1.345,CDI +1.35%,23534467,19963496,15.2
2026-04-09,CERT11,IPCA_SPREAD,2.62,anbima,0,0,,,,,,50491788,50491788,0.0
2026-04-09,ENGIC4,DI_SPREAD,3.79,anbima,0,0,,,,,,58942546,58942546,0.0
2026-04-09,RENTA5,DI_SPREAD,3.79,anbima,0,0,,,,,,19296221,19296221,0.0
2026-04-09,AXIA18,IPCA_SPREAD,5.21,anbima,9864697,4,986.4697,7.4333,B32,-21,B32 −21bps,32037668,12308275,61.6
2026-04-09,EEELA0,IPCA_SPREAD,5.09,anbima,5772444,3,1083.2134,7.4574,B32,-18,B32 −18bps,17705251,6160362,65.2
2026-04-09,CMGTA1,IPCA_SPREAD,7.27,anbima,4964288,1,992.8576,7.5687,B37,14,B37 +14bps,19867125,9938549,50.0
2026-04-09,CEEBD1,PREFIXADO,4.44,anbima,3676576,2,990.7238,12.8571,,,,88362705,81009553,8.3
2026-04-09,BCPSA6,DI_SPREAD,1.89,anbima,0,0,,,,,,41141825,41141825,0.0
2026-04-09,STBP25,DI_SPREAD,3.24,anbima,0,0,,,,,,71184621,71184621,0.0
2026-04-09,ISAEC0,IPCA_SPREAD,8.85,anbima,0,0,,,,,,50890461,50890461,0.0
2026-04-09,AEGE16,DI_SPREAD,3.30,anbima,9581129,2,891.4337,,,,,20174938,1012679,95.0
2026-04-09,APPSA2,IPCA_SPREAD,3.17,anbima,0,0,,,,,,15027429,15027429,0.0
2026-04-09,CPFPB0,IPCA_SPREAD,6.00,anbima,0,0,,,,,,31785861,31785861,0.0
2026-04-09,MGPRA0,IPCA_SPREAD,7.73,anbima,0,0,,,,,,22635131,22635131,0.0
2026-04-09,EGIEA4,PREFIXADO,3.28,anbima,0,0,,,,,,38545573,38545573,0.0
2026-04-09,RENTE2,DI_SPREAD,2.94,anbima,0,0,,,,,,14269852,14269852,0.0
2026-04-09,EQPA19,IPCA_SPREAD,6.83,anbima,249881,1,1024.1004,7.4769,B35,1,B35 +1bps,31752087,31252326,1.6
2026-04-09,HARG11,IPCA_SPREAD,5.00,anbima,6044465,1,1140.4651,7.8030,B32,16,B32 +16bps,14289709,2200780,84.6
2026-04-09,MULTA5,DI_SPREAD,3.13,anbima,0,0,,,,,,30123282,30123282,0.0
2026-04-09,ESSDA4,IPCA_SPREAD,5.92,anbima,0,0,,,,,,18448055,18448055,0.0
2026-04-09,SMFTA1,DI_SPREAD,2.27,anbima,0,0,,,,,,40690988,40690988,0.0
2026-04-09,SMFTA0,DI_SPREAD,2.13,anbima,0,0,,,,,,21324730,21324730,0.0
2026-04-09,SUZB29,IPCA_SPREAD,5.60,anbima,26317796,1,1098.1764,7.1203,B33,-52,B33 −52bps,52644265,8672,100.0
2026-04-09,SMFTA2,DI_SPREAD,2.75,anbima,0,0,,,,,,16992627,16992627,0.0
2026-04-09,HAPV18,DI_SPREAD,3.44,anbima,11573253,1,862.5812,7.5001,CDI,7.5001,CDI +7.50%,23146504,0,100.0
2026-04-09,AEAB11,IPCA_SPREAD,7.46,anbima,348964,2,1114.9025,,,,,11006288,10308359,6.3
2026-04-09,CSRNB3,IPCA_SPREAD,6.93,anbima,0,0,,,,,,10916210,10916210,0.0
2026-04-09,GBSP11,,12.55,0.70xprazo,0,0,,,,,,11429537,11429537,0.0
2026-04-09,TBSP12,DI_SPREAD,2.77,anbima,0,0,,,,,,23508098,23508098,0.0
2026-04-09,VLIM14,IPCA_SPREAD,2.79,anbima,5502120,1,1100.4239,7.3205,B29,-41,B29 −41bps,22311490,11307251,49.3
2026-04-09,ANIM15,DI_SPREAD,1.54,anbima,0,0,,,,,,25196300,25196300,0.0
2026-04-09,IFPT11,,5.21,0.70xprazo,0,0,,,,,,21146266,21146266,0.0
2026-04-09,RDORG6,DI_SPREAD,3.92,anbima,0,0,,,,,,15634813,15634813,0.0
2026-04-09,PFOR16,DI_SPREAD,2.77,anbima,0,0,,,,,,15070334,15070334,0.0
2026-04-09,ISAED1,DI_SPREAD,4.84,anbima,5001372,1,1028.8771,0.8050,CDI,0.805,CDI +0.81%,18689729,8686986,53.5
2026-04-09,CSRNA2,DI_SPREAD,3.04,anbima,0,0,,,,,,101020424,101020424,0.0
2026-04-09,CMGDA2,DI_SPREAD,3.56,anbima,0,0,,,,,,16045958,16045958,0.0
2026-04-09,CPGTA1,IPCA_SPREAD,6.82,anbima,15363625,2,1009.1051,7.4908,B35,2,B35 +2bps,86836783,56109532,35.4
2026-04-09,CPLDA1,IPCA_SPREAD,6.82,anbima,15514501,3,1009.0732,7.4913,B35,2,B35 +2bps,64987165,33958163,47.7
2026-04-09,EGVG21,IPCA_SPREAD,1.58,anbima,0,0,,,,,,45112144,45112144,0.0
2026-04-09,VIVA11,DI_SPREAD,2.73,anbima,0,0,,,,,,42013766,42013766,0.0
2026-04-09,CSNP12,IPCA_SPREAD,2.93,anbima,15489457,1,1290.7881,7.6940,B29,-4,B29 −4bps,30978914,1,100.0
2026-04-09,PALFA7,IPCA_SPREAD,6.13,anbima,55008242,2,996.5261,7.4175,B35,-5,B35 −5bps,130159123,20142639,84.5
2026-04-09,CPGT28,IPCA_SPREAD,5.89,anbima,5648311,1,1129.6621,,,,,17173895,5877274,65.8
2026-04-09,SBSPI8,IPCA_SPREAD,7.00,anbima,0,0,,,,,,100688686,100688686,0.0
2026-04-09,SBSPJ8,IPCA_SPREAD,7.96,anbima,23326563,1,948.2342,7.2340,B37,-20,B37 −20bps,118205398,71552273,39.5
2026-04-09,CEEDA0,DI_SPREAD,3.58,anbima,10099460,1,1052.0270,0.9950,CDI,0.995,CDI +0.99%,30300219,10101300,66.7
2026-04-09,CGASA5,DI_SPREAD,2.16,anbima,0,0,,,,,,10002577,10002577,0.0
2026-04-09,EBENA8,IPCA_SPREAD,6.83,anbima,0,0,,,,,,12396413,12396413,0.0
2026-04-09,CSMGE2,IPCA_SPREAD,4.65,anbima,60078006,1,1001.3001,8.8041,B32,116,B32 +116bps,227109044,106953032,52.9
2026-04-09,EDPA11,IPCA_SPREAD,6.50,anbima,14927955,1,1433.0378,7.5771,B35,11,B35 +11bps,29855910,0,100.0
2026-04-09,CMED15,,0.84,0.70xprazo,0,0,,,,,,150621591,150621591,0.0
2026-04-09,LORTB2,DI_SPREAD,2.01,anbima,0,0,,,,,,36021941,36021941,0.0
2026-04-09,VBBR18,DI_SPREAD,3.34,anbima,0,0,,,,,,27858969,27858969,0.0
2026-04-09,ALGAA2,DI_SPREAD,1.75,anbima,0,0,,,,,,20003931,20003931,0.0
2026-04-10,JSMLA5,DI_SPREAD,2.67,anbima,3082630,2,976.1336,5.9249,CDI,5.9249,CDI +5.92%,10483480,4318221,58.8
2026-04-10,PFOR16,DI_SPREAD,2.77,anbima,0,0,,,,,,10110187,10110187,0.0
2026-04-10,CSRNA2,DI_SPREAD,3.04,anbima,0,0,,,,,,82469952,82469952,0.0
2026-04-10,COMT11,IPCA_SPREAD,3.78,anbima,7325273,3,1036.6930,7.2519,B30,-47,B30 −47bps,26401529,11750984,55.5
2026-04-10,PASS14,DI_SPREAD,2.99,anbima,261378,2,1045.5135,0.8767,CDI,0.8767,CDI +0.88%,55888313,55365557,0.9
2026-04-10,CPGTA1,IPCA_SPREAD,6.82,anbima,25227471,2,1009.0988,7.5044,B35,6,B35 +6bps,60568590,10113647,83.3
2026-04-10,SBSPJ8,IPCA_SPREAD,7.96,anbima,24085150,1,948.2342,7.2433,B37,-16,B37 −16bps,71573976,23403676,67.3
2026-04-10,SBSPI8,IPCA_SPREAD,7.00,anbima,97406066,5,958.7211,7.1527,B35,-29,B35 −29bps,475988446,281176313,40.9
2026-04-10,AEGE16,DI_SPREAD,3.30,anbima,8043425,3,846.0530,,,,,67601780,51514929,23.8
2026-04-10,BCPSA7,IPCA_SPREAD,6.45,anbima,331793448,6,1014.4169,7.2858,B35,-15,B35 −15bps,710354419,46767523,93.4
2026-04-10,RUMOA4,IPCA_SPREAD,2.44,anbima,554076,5,1392.1518,8.7053,B29,102,B29 +102bps,11094529,9986376,10.0
2026-04-10,RUMOA3,IPCA_SPREAD,2.05,anbima,726018,3,1322.4378,8.5964,B28,91,B28 +91bps,10884081,9432044,13.3
2026-04-10,PETR38,IPCA_SPREAD,10.45,anbima,260092,5,1150.8486,,,,,10391060,9870876,5.0
2026-04-10,AEGPB3,DI_SPREAD,3.35,anbima,17184709,3,826.7444,7.8713,CDI,7.8713,CDI +7.87%,87521463,53152046,39.3
2026-04-10,AESLA9,IPCA_SPREAD,6.00,anbima,2673027,5,1032.0569,7.4283,B33,-21,B33 −21bps,21268000,15921945,25.1
2026-04-10,CMIN11,IPCA_SPREAD,4.29,anbima,50347,2,883.2739,14.4515,B31,673,B31 +673bps,11629222,11528529,0.9
2026-04-10,ARTR19,IPCA_SPREAD,0.61,anbima,623062,2,1342.8060,,,,,14330048,13083924,8.7
2026-04-10,RDORG6,DI_SPREAD,3.92,anbima,0,0,,,,,,15677543,15677543,0.0
2026-04-10,GASC28,IPCA_SPREAD,8.02,anbima,4990481,1,998.0961,8.1470,B37,75,B37 +75bps,13737037,3756076,72.7
2026-04-10,ENGIC4,DI_SPREAD,3.79,anbima,146532,2,1003.6420,0.9120,CDI,0.912,CDI +0.91%,13646776,13353712,2.1
2026-04-10,ECOV16,IPCA_SPREAD,4.21,anbima,5162476,1,1032.4951,7.8196,B31,10,B31 +10bps,12216377,1891425,84.5
2026-04-10,ALGAA2,DI_SPREAD,1.75,anbima,0,0,,,,,,21054257,21054257,0.0
2026-04-10,OMGE17,DI_SPREAD,3.26,anbima,19775144,1,988.7572,1.5400,CDI,1.54,CDI +1.54%,150623340,111073052,26.3
2026-04-10,CPLDA1,IPCA_SPREAD,6.82,anbima,17154515,1,1009.0891,7.5135,B35,7,B35 +7bps,42631018,8321988,80.5
2026-04-10,MNRVA1,DI_SPREAD,0.23,anbima,1456885,1,1077.5774,1.6156,CDI,1.6156,CDI +1.62%,42980155,40066386,6.8
2026-04-10,EDPA11,IPCA_SPREAD,6.50,anbima,0,0,,,,,,14918919,14918919,0.0
2026-04-10,UHSM12,IPCA_SPREAD,6.67,anbima,4327114,1,1192.6997,,,,,11489778,2835550,75.3
2026-04-10,HARG11,IPCA_SPREAD,5.00,anbima,43550,1,1146.0415,7.7300,B32,9,B32 +9bps,11955531,11868431,0.7
2026-04-10,CSMGE2,IPCA_SPREAD,4.65,anbima,0,0,,,,,,144010338,144010338,0.0
2026-04-10,AEGPB5,DI_SPREAD,3.22,anbima,11003437,2,938.6997,5.2962,CDI,5.2962,CDI +5.30%,22006875,0,100.0
2026-04-10,PLSB1A,IPCA_SPREAD,2.82,anbima,698967,5,1164.9444,8.7504,B29,106,B29 +106bps,10409632,9011699,13.4
2026-04-10,PALFA7,IPCA_SPREAD,6.13,anbima,12955183,2,996.5525,7.4410,B35,0,B35 +0bps,53045717,27135352,48.8
2026-04-10,MRSAB3,IPCA_SPREAD,8.63,anbima,2449108,4,999.6359,7.4056,B40,24,B40 +24bps,15602784,10704568,31.4
2026-04-10,RDORD4,DI_SPREAD,3.55,anbima,0,0,,,,,,12279833,12279833,0.0
2026-04-10,CMGTA1,IPCA_SPREAD,7.27,anbima,0,0,,,,,,12050493,12050493,0.0
2026-04-10,CMGDA4,IPCA_SPREAD,7.26,anbima,5060102,1,992.1768,7.5998,B37,20,B37 +20bps,15146021,5025818,66.8
2026-04-10,CMGDA2,DI_SPREAD,3.56,anbima,0,0,,,,,,20996248,20996248,0.0
2026-04-10,ELET24,DI_SPREAD,1.42,anbima,0,0,,,,,,11231611,11231611,0.0
2026-04-10,RPTA14,IPCA_SPREAD,5.04,anbima,0,0,,,,,,10436348,10436348,0.0
2026-04-10,CPGT28,IPCA_SPREAD,5.89,anbima,11296621,1,1129.6621,,,,,22819058,225816,99.0
2026-04-10,EEELA0,IPCA_SPREAD,5.09,anbima,16247397,2,1083.1598,7.4885,B32,-15,B32 −15bps,32520704,25910,99.9
2026-04-10,ISAED1,DI_SPREAD,4.84,anbima,5001381,1,1028.8790,0.8050,CDI,0.805,CDI +0.81%,10042878,40116,99.6
2026-04-10,SBSPD7,DI_SPREAD,3.96,anbima,0,0,,,,,,29994355,29994355,0.0
2026-04-10,VALED1,IPCA_SPREAD,7.67,anbima,3556855,1,1066.2035,6.7267,B37,-67,B37 −67bps,14021952,6908242,50.7
2026-04-10,CMED15,,0.84,0.70xprazo,0,0,,,,,,150653382,150653382,0.0
2026-04-10,AXIA18,IPCA_SPREAD,5.21,anbima,1124964,2,987.6765,7.4424,B32,-20,B32 −20bps,22018728,19768801,10.2
2026-04-10,CSRNB3,IPCA_SPREAD,6.93,anbima,1669787,1,1007.7172,6.8500,B35,-59,B35 −59bps,11140115,7800540,30.0
2026-04-10,SUZBA0,IPCA_SPREAD,7.84,anbima,935547,9,1055.9221,7.0990,B37,-30,B37 −30bps,10591093,8719999,17.7
2026-04-10,CEEDA0,DI_SPREAD,3.58,anbima,0,0,,,,,,36193432,36193432,0.0
2026-04-10,CEEBD1,PREFIXADO,4.44,anbima,0,0,,,,,,10873864,10873864,0.0
2026-04-10,CHSF13,IPCA_SPREAD,4.17,anbima,597936,7,1095.1200,7.1067,B31,-61,B31 −61bps,15589296,14393425,7.7
2026-04-10,CERT11,IPCA_SPREAD,2.62,anbima,0,0,,,,,,16416799,16416799,0.0
2026-04-10,ESSDA4,IPCA_SPREAD,5.92,anbima,0,0,,,,,,17724651,17724651,0.0
2026-04-10,CESPA2,IPCA_SPREAD,2.78,anbima,158171,1,1296.4869,7.3788,B29,-31,B29 −31bps,10397501,10081158,3.0
2026-04-10,CGBP14,DI_SPREAD,2.87,anbima,161871,2,941.1091,0.8955,CDI,0.8955,CDI +0.90%,86054024,85730282,0.4
2026-04-10,ANIM15,DI_SPREAD,1.54,anbima,0,0,,,,,,25202813,25202813,0.0
2026-04-10,ENEVB0,IPCA_SPREAD,7.96,anbima,63892,3,1064.8677,7.4353,B37,4,B37 +4bps,12700552,12572768,1.0
2026-04-10,AURE12,IPCA_SPREAD,5.38,anbima,501778,2,1067.6134,,,,,43235708,42232152,2.3
2026-04-10,MULTA5,DI_SPREAD,3.13,anbima,0,0,,,,,,42710379,42710379,0.0
2026-04-10,PEJA11,IPCA_SPREAD,2.98,anbima,204155,4,1173.3065,7.8476,B29,16,B29 +16bps,40216475,39808164,1.0
2026-04-10,CIEL18,DI_SPREAD,2.31,anbima,0,0,,,,,,42743648,42743648,0.0
2026-04-10,CESPA4,DI_SPREAD,3.76,anbima,0,0,,,,,,50095173,50095173,0.0
2026-04-10,VEBMA8,DI_SPREAD,3.90,anbima,0,0,,,,,,21503833,21503833,0.0
2026-04-10,RDORC4,DI_SPREAD,1.04,anbima,1072917,2,1011.2316,0.6020,CDI,0.602,CDI +0.60%,16299860,14154026,13.2
2026-04-10,CSMGA9,DI_SPREAD,3.16,anbima,0,0,,,,,,74173520,74173520,0.0
2026-04-10,AEGE17,DI_SPREAD,3.99,anbima,7503507,1,828.2930,10.0000,CDI,10,CDI +10.00%,24955069,9948056,60.1
2026-04-10,NTEN11,IPCA_SPREAD,1.88,anbima,39965,1,1024.7310,14.1786,B28,649,B28 +649bps,15883495,15803566,0.5
2026-04-10,MGPRA0,IPCA_SPREAD,7.73,anbima,283443,3,1005.1162,,,,,22903714,22336829,2.5
2026-04-10,ISAEA8,IPCA_SPREAD,5.13,anbima,44154,1,1076.9325,7.2355,B32,-40,B32 −40bps,16291761,16203452,0.5
2026-04-10,EPRL12,IPCA_SPREAD,8.62,anbima,0,0,,,,,,23835389,23835389,0.0
2026-04-10,VALEC0,IPCA_SPREAD,8.80,anbima,0,0,,,,,,10267651,10267651,0.0
2026-04-10,RSAN16,IPCA_SPREAD,5.44,anbima,0,0,,,,,,42286284,42286284,0.0
2026-04-10,FSFT12,,5.90,0.70xprazo,0,0,,,,,,29998291,29998291,0.0
2026-04-10,ENSEB4,IPCA_SPREAD,6.60,anbima,0,0,,,,,,103046601,103046601,0.0
2026-04-10,SAUC15,,5.14,0.70xprazo,0,0,,,,,,29998602,29998602,0.0
2026-04-10,PASS13,DI_SPREAD,2.15,anbima,0,0,,,,,,22236381,22236381,0.0
2026-04-10,VIVA11,DI_SPREAD,2.73,anbima,0,0,,,,,,55343051,55343051,0.0
2026-04-10,RDVE11,IPCA_SPREAD,4.60,anbima,0,0,,,,,,32431708,32431708,0.0
2026-04-10,GASC15,IPCA_SPREAD,5.99,anbima,0,0,,,,,,22381336,22381336,0.0
2026-04-10,CSMGB9,IPCA_SPREAD,3.64,anbima,0,0,,,,,,118367070,118367070,0.0
2026-04-10,CSMGE1,IPCA_SPREAD,4.45,anbima,0,0,,,,,,67685833,67685833,0.0
2026-04-10,TFLED0,DI_SPREAD,3.76,anbima,0,0,,,,,,52520266,52520266,0.0
2026-04-10,AXS311,,10.98,0.70xprazo,0,0,,,,,,33267939,33267939,0.0
2026-04-10,STRZ11,IPCA_SPREAD,5.25,anbima,71575480,1,1022.5068,,,,,143150953,0,100.0
2026-04-10,ROTY13,IPCA_SPREAD,3.92,anbima,9924624,1,992.4624,7.2933,B31,-43,B31 −43bps,282708436,262859189,7.0
2026-04-10,CGOS18,DI_SPREAD,2.45,anbima,0,0,,,,,,46005827,46005827,0.0
2026-04-13,AEGPB3,DI_SPREAD,3.35,anbima,1358325,2,823.2273,8.0006,CDI,8.0006,CDI +8.00%,28802213,26085563,9.4
2026-04-13,AEGE16,DI_SPREAD,3.30,anbima,11520776,2,829.6087,,,,,39407285,16365732,58.5
2026-04-13,PFOR16,DI_SPREAD,2.77,anbima,1555955,3,1034.5448,1.5341,CDI,1.5341,CDI +1.53%,15741113,12629202,19.8
2026-04-13,PEJA22,IPCA_SPREAD,5.20,anbima,2471458,5,1055.2767,7.5167,B32,-13,B32 −13bps,44643195,39700279,11.1
2026-04-13,TFLED0,DI_SPREAD,3.76,anbima,0,0,,,,,,57207841,57207841,0.0
2026-04-13,PASS13,DI_SPREAD,2.15,anbima,0,0,,,,,,11120875,11120875,0.0
2026-04-13,IRJS15,IPCA_SPREAD,6.61,anbima,4905651,1,1062.0591,,,,,11545922,1734620,85.0
2026-04-13,COMT11,IPCA_SPREAD,3.78,anbima,8351147,2,1033.9417,7.3644,B30,-43,B30 −43bps,31100034,14397740,53.7
2026-04-13,SBSPI8,IPCA_SPREAD,7.00,anbima,0,0,,,,,,114724416,114724416,0.0
2026-04-13,ROTY13,IPCA_SPREAD,3.92,anbima,60725412,1,995.4986,7.2333,B31,-56,B31 −56bps,292732228,171281405,41.5
2026-04-13,RUMOA4,IPCA_SPREAD,2.44,anbima,1902311,2,1395.6791,8.6198,B29,86,B29 +86bps,10313241,6508619,36.9
2026-04-13,DESK18,IPCA_SPREAD,4.42,anbima,1998441,1,1068.1137,7.7047,B31,-9,B31 −9bps,25355231,21358349,15.8
2026-04-13,HZTC14,IPCA_SPREAD,3.99,anbima,0,0,,,,,,17028259,17028259,0.0
2026-04-13,PEJA23,IPCA_SPREAD,5.35,anbima,0,0,,,,,,16136115,16136115,0.0
2026-04-13,OMGE17,DI_SPREAD,3.26,anbima,0,0,,,,,,65729262,65729262,0.0
2026-04-13,VALEC1,IPCA_SPREAD,6.64,anbima,21183621,5,1054.5411,6.8673,B35,-56,B35 −56bps,53645008,11277767,79.0
2026-04-13,VIVA11,DI_SPREAD,2.73,anbima,0,0,,,,,,10143054,10143054,0.0
2026-04-13,IRJS14,IPCA_SPREAD,6.81,anbima,3962607,1,1220.3901,9.7017,B35,227,B35 +227bps,12816448,4891234,61.8
2026-04-13,NTEN11,IPCA_SPREAD,1.88,anbima,376706,2,1037.7575,13.4327,B28,567,B28 +567bps,28691798,27938387,2.6
2026-04-13,VERTL6,,1.30,0.70xprazo,0,0,,,,,,12205628,12205628,0.0
2026-04-13,AEGPB5,DI_SPREAD,3.22,anbima,14204751,1,948.2477,5.0001,CDI,5.0001,CDI +5.00%,34231312,5821811,83.0
2026-04-13,CSRNA2,DI_SPREAD,3.04,anbima,10124,1,1012.4218,0.9301,CDI,0.9301,CDI +0.93%,61836508,61816260,0.0
2026-04-13,CEEBA6,DI_SPREAD,1.71,anbima,100063,1,1031.5818,1.5586,CDI,1.5586,CDI +1.56%,24959695,24759568,0.8
2026-04-13,VALED1,IPCA_SPREAD,7.67,anbima,1392211,2,1058.7156,6.8330,B37,-58,B37 −58bps,13013767,10229345,21.4
2026-04-13,ELTN27,IPCA_SPREAD,4.90,anbima,0,0,,,,,,21168264,21168264,0.0
2026-04-13,SUZBB1,DI_SPREAD,4.54,anbima,0,0,,,,,,42931234,42931234,0.0
2026-04-13,FLRY29,DI_SPREAD,3.23,anbima,0,0,,,,,,21101937,21101937,0.0
2026-04-13,ELTN15,IPCA_SPREAD,4.04,anbima,9711,1,1079.0064,7.5000,B31,-29,B31 −29bps,55504338,55484916,0.0
2026-04-13,CPFGA3,DI_SPREAD,3.37,anbima,0,0,,,,,,20037057,20037057,0.0
2026-04-13,LCAMD3,IPCA_SPREAD,2.44,anbima,0,0,,,,,,11796852,11796852,0.0
2026-04-13,AESLA8,DI_SPREAD,2.18,anbima,0,0,,,,,,40430417,40430417,0.0
2026-04-13,HARG11,IPCA_SPREAD,5.00,anbima,24084,1,1146.8585,7.7300,B32,8,B32 +8bps,10985219,10937051,0.4
2026-04-13,CEEBD2,IPCA_SPREAD,6.93,anbima,977,1,977.2364,7.3132,B35,-12,B35 −12bps,28545555,28543600,0.0
2026-04-13,MGPRA0,IPCA_SPREAD,7.73,anbima,0,0,,,,,,38332231,38332231,0.0
2026-04-13,ERDVA6,DI_SPREAD,3.07,anbima,23101282,4,1037.2343,1.1734,CDI,1.1734,CDI +1.17%,47743078,1540514,96.8
2026-04-13,EGIEB2,IPCA_SPREAD,5.60,anbima,0,0,,,,,,20831711,20831711,0.0
2026-04-13,CESE32,IPCA_SPREAD,3.14,anbima,0,0,,,,,,41783919,41783919,0.0
2026-04-13,KRSA12,DI_SPREAD,3.18,0.70xprazo,0,0,,,,,,98813894,98813894,0.0
2026-04-13,BRKMA6,DI_SPREAD,2.16,0.70xprazo,0,0,,,,,,14613405,14613405,0.0
2026-04-13,MRSAA2,IPCA_SPREAD,6.21,anbima,0,0,,,,,,20291891,20291891,0.0
2026-04-13,EQPA19,IPCA_SPREAD,6.83,anbima,879195,1,1033.1312,7.3901,B35,-4,B35 −4bps,23937983,22179594,7.3
2026-04-13,CPGTC0,IPCA_SPREAD,6.10,anbima,0,0,,,,,,27349886,27349886,0.0
2026-04-13,FLRY19,DI_SPREAD,1.97,anbima,0,0,,,,,,42228805,42228805,0.0
2026-04-13,ELTN16,DI_SPREAD,3.57,anbima,0,0,,,,,,49347383,49347383,0.0
2026-04-13,ORVR16,IPCA_SPREAD,6.56,anbima,0,0,,,,,,17410350,17410350,0.0
2026-04-13,NTSD26,DI_SPREAD,2.95,anbima,3134174,4,1037.1190,0.9673,CDI,0.9673,CDI +0.97%,20236043,13967696,31.0
2026-04-13,SBSPD7,DI_SPREAD,3.96,anbima,4294546,2,1052.0691,0.8703,CDI,0.8703,CDI +0.87%,10738726,2149634,80.0
2026-04-13,AESLA7,IPCA_SPREAD,5.42,anbima,0,0,,,,,,42643523,42643523,0.0
2026-04-13,EEELA1,IPCA_SPREAD,5.42,anbima,0,0,,,,,,22312372,22312372,0.0
2026-04-13,CEEBD1,PREFIXADO,4.44,anbima,0,0,,,,,,22899698,22899698,0.0
2026-04-13,ENEVA4,IPCA_SPREAD,7.02,anbima,0,0,,,,,,64127428,64127428,0.0
2026-04-13,TFLEA3,DI_SPREAD,2.06,anbima,0,0,,,,,,12834790,12834790,0.0
2026-04-13,RENTA5,DI_SPREAD,3.79,anbima,4292475,4,1058.8247,1.5775,CDI,1.5775,CDI +1.58%,15461886,6876935,55.5
2026-04-13,RENTC4,DI_SPREAD,1.98,anbima,194883,1,1070.7858,1.4051,CDI,1.4051,CDI +1.41%,35419709,35029942,1.1
2026-04-13,TFLEA9,DI_SPREAD,3.59,anbima,2244359,3,1005.9879,1.4680,CDI,1.468,CDI +1.47%,12515355,8026637,35.9
2026-04-13,NIGP12,DI_SPREAD,3.27,anbima,395714,2,1035.9015,1.1391,CDI,1.1391,CDI +1.14%,19684927,18893498,4.0
2026-04-13,NTSD35,DI_SPREAD,3.37,anbima,110391,2,1041.4264,1.0836,CDI,1.0836,CDI +1.08%,72643366,72422583,0.3
2026-04-13,NTSD36,DI_SPREAD,4.05,anbima,2203349,2,1047.2191,1.1677,CDI,1.1677,CDI +1.17%,35108483,30701785,12.6
2026-04-13,RENTD0,DI_SPREAD,2.98,anbima,136749,1,1051.9173,1.5619,CDI,1.5619,CDI +1.56%,14638857,14365358,1.9
2026-04-13,CSRNB3,IPCA_SPREAD,6.93,anbima,0,0,,,,,,16518273,16518273,0.0
2026-04-13,ELTN19,DI_SPREAD,4.18,anbima,8192790,2,1034.1821,0.9604,CDI,0.9604,CDI +0.96%,22319446,5933866,73.4
2026-04-13,PADO11,,3.25,0.70xprazo,0,0,,,,,,675370491,675370491,0.0
2026-04-13,CSMGC0,IPCA_SPREAD,4.13,anbima,0,0,,,,,,11249625,11249625,0.0
2026-04-13,CPLDA1,IPCA_SPREAD,6.82,anbima,0,0,,,,,,59289683,59289683,0.0
2026-04-13,UTEP33,,0.33,0.70xprazo,0,0,,,,,,22913479,22913479,0.0
2026-04-13,RECV12,DI_SPREAD,2.22,anbima,21644120,1,1082.2060,0.9008,CDI,0.9008,CDI +0.90%,43288240,0,100.0
2026-04-13,RENTD9,DI_SPREAD,2.83,anbima,0,0,,,,,,101593965,101593965,0.0
2026-04-13,RENTE3,DI_SPREAD,3.07,anbima,0,0,,,,,,72453889,72453889,0.0
2026-04-13,BCPSA4,DI_SPREAD,0.53,anbima,0,0,,,,,,14138946,14138946,0.0
2026-04-13,NTSD16,DI_SPREAD,0.56,anbima,0,0,,,,,,49038230,49038230,0.0
2026-04-13,NTSD18,DI_SPREAD,3.25,anbima,0,0,,,,,,33845166,33845166,0.0
2026-04-13,NTSDA0,DI_SPREAD,3.50,anbima,0,0,,,,,,52788624,52788624,0.0
2026-04-13,LORTB2,DI_SPREAD,2.01,anbima,0,0,,,,,,10869368,10869368,0.0
2026-04-13,ULFT13,,3.77,0.70xprazo,0,0,,,,,,28982063,28982063,0.0
2026-04-13,NTSDA2,DI_SPREAD,3.04,anbima,0,0,,,,,,30759498,30759498,0.0
2026-04-13,TFLEA4,DI_SPREAD,2.00,anbima,0,0,,,,,,24861213,24861213,0.0
2026-04-13,TSSG14,DI_SPREAD,2.16,anbima,0,0,,,,,,14701124,14701124,0.0
2026-04-13,SBSPJ8,IPCA_SPREAD,7.96,anbima,9604884,1,960.4884,7.1051,B37,-30,B37 −30bps,28822116,9612348,66.6
2026-04-13,EGIEA5,PREFIXADO,4.73,anbima,0,0,,,,,,10955778,10955778,0.0
2026-04-14,LCAMD3,IPCA_SPREAD,2.44,anbima,345765,1,1168.1244,9.2595,B29,164,B29 +164bps,16181021,15489491,4.3
2026-04-14,CSMGC0,IPCA_SPREAD,4.13,anbima,0,0,,,,,,16361956,16361956,0.0
2026-04-14,SBSPB1,DI_SPREAD,2.98,anbima,0,0,,,,,,12930804,12930804,0.0
2026-04-14,SUZBA1,DI_SPREAD,3.73,anbima,0,0,,,,,,31797011,31797011,0.0
2026-04-14,CSRNA2,DI_SPREAD,3.04,anbima,1013223,1,1013.2225,0.9151,CDI,0.9151,CDI +0.92%,23318801,21292355,8.7
2026-04-14,MRSAB3,IPCA_SPREAD,8.63,anbima,0,0,,,,,,41746677,41746677,0.0
2026-04-14,BTGH18,DI_SPREAD,2.00,anbima,0,0,,,,,,84219124,84219124,0.0
2026-04-14,ROTY13,IPCA_SPREAD,3.92,anbima,0,0,,,,,,60742838,60742838,0.0
2026-04-14,TFLED0,DI_SPREAD,3.76,anbima,69665,2,995.2204,1.5354,CDI,1.5354,CDI +1.54%,59889116,59749785,0.2
2026-04-14,VALED1,IPCA_SPREAD,7.67,anbima,4230864,2,1057.7160,6.8461,B37,-47,B37 −47bps,10210657,1748930,82.9
2026-04-14,VALEC1,IPCA_SPREAD,6.64,anbima,5369006,3,1055.4367,6.8539,B35,-50,B35 −50bps,32030849,21292836,33.5
2026-04-14,VALEB1,IPCA_SPREAD,4.79,anbima,670843,3,1071.6343,6.6935,B32,-86,B32 −86bps,250882625,249540939,0.5
2026-04-14,COMT11,IPCA_SPREAD,3.78,anbima,265244,2,1044.2690,7.1119,B30,-55,B30 −55bps,23634833,23104345,2.2
2026-04-14,RPTA14,IPCA_SPREAD,5.04,anbima,0,0,,,,,,11543466,11543466,0.0
2026-04-14,CPLDA1,IPCA_SPREAD,6.82,anbima,2661044,1,1019.5571,7.3860,B35,4,B35 +4bps,37454473,32132385,14.2
2026-04-14,AURE13,DI_SPREAD,3.12,anbima,2501038,1,983.4992,1.0688,CDI,1.0688,CDI +1.07%,106031215,101029138,4.7
2026-04-14,BRKMA8,DI_SPREAD,2.50,0.70xprazo,0,0,,,,,,12608437,12608437,0.0
2026-04-14,KRSA12,DI_SPREAD,3.18,0.70xprazo,0,0,,,,,,98923809,98923809,0.0
2026-04-14,AEGPB5,DI_SPREAD,3.22,anbima,3000957,1,948.1698,5.0001,CDI,5.0001,CDI +5.00%,11411110,5409195,52.6
2026-04-14,PLSB1A,IPCA_SPREAD,2.82,anbima,0,0,,,,,,15768229,15768229,0.0
2026-04-14,ELET14,IPCA_SPREAD,3.57,anbima,1919680,7,1091.9680,7.3576,B30,-30,B30 −30bps,16231366,12392007,23.7
2026-04-14,CPGTC0,IPCA_SPREAD,6.10,anbima,10670509,2,1067.0509,7.3923,B33,-16,B33 −16bps,27173306,5832289,78.5
2026-04-14,CERT11,IPCA_SPREAD,2.62,anbima,0,0,,,,,,44565502,44565502,0.0
2026-04-14,PEJA11,IPCA_SPREAD,2.98,anbima,138143,2,1190.8909,7.3918,B29,-23,B29 −23bps,192565062,192288776,0.1
2026-04-14,RMSA12,IPCA_SPREAD,7.00,anbima,204454,1,1262.0626,,,,,11660485,11251577,3.5
2026-04-14,AEGPB3,DI_SPREAD,3.35,anbima,0,0,,,,,,16421766,16421766,0.0
2026-04-14,MRSAA3,IPCA_SPREAD,4.92,anbima,1051186,1,1051.1858,7.2215,B32,-33,B32 −33bps,165874196,163771824,1.3
2026-04-14,ALPA22,DI_SPREAD,2.37,anbima,0,0,,,,,,10136990,10136990,0.0
2026-04-14,CEEBD1,PREFIXADO,4.44,anbima,2957334,3,993.3939,12.8263,,,,49112441,43197773,12.0
2026-04-14,NTEN11,IPCA_SPREAD,1.88,anbima,0,0,,,,,,21365547,21365547,0.0
2026-04-14,TSSG13,DI_SPREAD,2.41,anbima,0,0,,,,,,41320156,41320156,0.0
2026-04-14,ELPLB4,,0.06,0.70xprazo,2759239,4,1457.6011,15.9171,,,,11121930,5603453,49.6
2026-04-14,CCROA7,DI_SPREAD,1.72,anbima,0,0,,,,,,41591068,41591068,0.0
2026-04-14,BPSE11,,0.10,0.70xprazo,15874930,1,1057.3418,0.7600,,,,31749860,0,100.0
2026-04-14,CSMGB0,DI_SPREAD,3.53,anbima,0,0,,,,,,20056587,20056587,0.0
2026-04-14,MGPRA0,IPCA_SPREAD,7.73,anbima,0,0,,,,,,13750016,13750016,0.0
2026-04-14,MANT23,,5.96,0.70xprazo,0,0,,,,,,31747608,31747608,0.0
2026-04-14,TFLEA9,DI_SPREAD,3.59,anbima,20007465,1,1007.3745,1.4486,CDI,1.4486,CDI +1.45%,40014929,0,100.0
2026-04-14,AESLA6,,3.39,0.70xprazo,0,0,,,,,,21108289,21108289,0.0
2026-04-14,TLPP27,DI_SPREAD,0.92,anbima,0,0,,,,,,20184467,20184467,0.0
2026-04-14,HYPEA5,,1.42,0.70xprazo,0,0,,,,,,56479322,56479322,0.0
2026-04-14,CGOSA0,IPCA_SPREAD,6.70,anbima,2371665,1,1031.1588,7.4736,B35,12,B35 +12bps,10126740,5383410,46.8
2026-04-14,BCPSA7,IPCA_SPREAD,6.45,anbima,10006751,1,1026.3334,7.1290,B35,-22,B35 −22bps,48615543,28602042,41.2
2026-04-14,TENG15,,0.06,0.70xprazo,0,0,,,,,,24180058,24180058,0.0
2026-04-14,CVRDA6,IGP-M,51.60,0.70xprazo,5442290,5,41.6890,,,,,16598471,5713890,65.6
2026-04-14,CDGS16,,2.61,0.70xprazo,0,0,,,,,,19249124,19249124,0.0
2026-04-14,TBSP22,DI_SPREAD,3.85,anbima,0,0,,,,,,24701124,24701124,0.0
2026-04-14,TAEEA1,DI_SPREAD,1.59,anbima,0,0,,,,,,16954663,16954663,0.0
2026-04-14,UTEP33,,0.33,0.70xprazo,0,0,,,,,,16522989,16522989,0.0
2026-04-14,EGIED1,DI_SPREAD,1.59,anbima,0,0,,,,,,11284468,11284468,0.0
2026-04-14,CHSF12,DI_SPREAD,2.24,anbima,0,0,,,,,,29384367,29384367,0.0
2026-04-14,CHTH11,DI_SPREAD,2.40,anbima,0,0,,,,,,24087283,24087283,0.0
2026-04-14,USIM28,DI_SPREAD,1.96,anbima,0,0,,,,,,30117832,30117832,0.0
2026-04-14,NTSD19,IPCA_SPREAD,8.68,anbima,0,0,,,,,,52001597,52001597,0.0
2026-04-14,CMGDA2,DI_SPREAD,3.56,anbima,0,0,,,,,,13017641,13017641,0.0
2026-04-14,RADLA1,DI_SPREAD,3.97,anbima,0,0,,,,,,12258946,12258946,0.0
2026-04-14,TBSP12,DI_SPREAD,2.77,anbima,0,0,,,,,,22638916,22638916,0.0
2026-04-14,USIM29,DI_SPREAD,2.35,anbima,0,0,,,,,,194468034,194468034,0.0
2026-04-14,GSHC17,DI_SPREAD,1.88,anbima,0,0,,,,,,18639637,18639637,0.0
2026-04-14,CSRNB3,IPCA_SPREAD,6.93,anbima,0,0,,,,,,10552443,10552443,0.0
2026-04-14,CPFPB7,IPCA_SPREAD,8.08,anbima,0,0,,,,,,10180915,10180915,0.0
2026-04-14,DESK17,IPCA_SPREAD,3.37,anbima,5488969,1,1097.7939,7.8516,B30,19,B30 +19bps,20936062,9958124,52.4
2026-04-14,OVSAA9,DI_SPREAD,2.27,anbima,0,0,,,,,,10422439,10422439,0.0
2026-04-14,ENTV13,IPCA_SPREAD,5.85,anbima,481253,1,1124.4236,,,,,10221891,9259385,9.4
2026-04-14,USIM39,DI_SPREAD,3.69,anbima,6003177,1,1049.5064,2.1000,CDI,2.1,CDI +2.10%,12006353,0,100.0
2026-04-14,COLNA3,DI_SPREAD,3.17,anbima,0,0,,,,,,10006027,10006027,0.0
2026-04-14,ASHS12,,12.19,0.70xprazo,0,0,,,,,,76287865,76287865,0.0
2026-04-14,ERDVB3,DI_SPREAD,2.49,anbima,0,0,,,,,,15568298,15568298,0.0
2026-04-14,LMTP26,DI_SPREAD,1.06,anbima,0,0,,,,,,41282471,41282471,0.0
2026-04-14,CSMGD1,DI_SPREAD,3.81,anbima,0,0,,,,,,39184853,39184853,0.0
2026-04-14,DASAB5,DI_SPREAD,1.92,anbima,0,0,,,,,,17195941,17195941,0.0
2026-04-14,EBENA8,IPCA_SPREAD,6.83,anbima,0,0,,,,,,26027946,26027946,0.0
2026-04-14,EQPAA1,IPCA_SPREAD,7.25,anbima,0,0,,,,,,38463040,38463040,0.0
2026-04-14,CEEBE3,IPCA_SPREAD,3.99,anbima,0,0,,,,,,280944468,280944468,0.0
2026-04-14,CEPEA8,IPCA_SPREAD,3.44,0.70xprazo,0,0,,,,,,136705195,136705195,0.0
2026-04-14,CSRNA4,IPCA_SPREAD,3.98,anbima,0,0,,,,,,76328204,76328204,0.0
2026-04-14,EKTRA8,IPCA_SPREAD,3.98,anbima,0,0,,,,,,108106201,108106201,0.0
2026-04-14,CPIS16,IPCA_SPREAD,7.25,anbima,0,0,,,,,,38463040,38463040,0.0
2026-04-14,CGOSA2,IPCA_SPREAD,7.25,anbima,0,0,,,,,,82171040,82171040,0.0
2026-04-15,EBENA8,IPCA_SPREAD,6.83,anbima,7029102,2,1083.7345,7.3870,B35,1,B35 +1bps,22046062,7987858,63.8
2026-04-15,HAPV15,DI_SPREAD,2.71,anbima,11092016,2,890.6388,7.6999,CDI,7.6999,CDI +7.70%,26092780,3908748,85.0
2026-04-15,AURE13,DI_SPREAD,3.12,anbima,0,0,,,,,,44672005,44672005,0.0
2026-04-15,HAPV28,DI_SPREAD,3.77,anbima,0,0,,,,,,21091490,21091490,0.0
2026-04-15,HAPV19,DI_SPREAD,3.69,anbima,9999900,1,835.6230,7.5000,CDI,7.5,CDI +7.50%,21091501,1091700,94.8
2026-04-15,ENEV32,IPCA_SPREAD,1.68,anbima,0,0,,,,,,11812794,11812794,0.0
2026-04-15,NEOE16,IPCA_SPREAD,1.80,anbima,220067,3,1401.7015,7.5062,B28,-14,B28 −14bps,11021710,10581576,4.0
2026-04-15,DESK17,IPCA_SPREAD,3.37,anbima,11195852,1,1097.8478,7.8501,B30,15,B30 +15bps,34548694,12156991,64.8
2026-04-15,CEEBD2,IPCA_SPREAD,6.93,anbima,3008683,1,975.2618,7.3651,B35,-1,B35 −1bps,29621605,23604239,20.3
2026-04-15,AALM12,DI_SPREAD,2.15,anbima,208157,1,1020.3780,0.9750,CDI,0.975,CDI +0.98%,10812983,10396668,3.9
2026-04-15,MRFGA1,DI_SPREAD,0.74,anbima,445136,2,1070.0378,1.1720,CDI,1.172,CDI +1.17%,41058410,40168139,2.2
2026-04-15,USIM28,DI_SPREAD,1.96,anbima,0,0,,,,,,32451267,32451267,0.0
2026-04-15,RIS424,IPCA_SPREAD,7.48,anbima,0,0,,,,,,10230428,10230428,0.0
2026-04-15,RISP12,IPCA_SPREAD,4.06,anbima,2587385,4,9.9363,10.5966,B31,290,B31 +290bps,16714867,11540097,31.0
2026-04-15,RUMOA2,IPCA_SPREAD,1.44,anbima,0,0,,,,,,19837982,19837982,0.0
2026-04-15,RISP24,IPCA_SPREAD,7.46,anbima,45913,2,0.9564,9.5936,B37,221,B37 +221bps,17093676,17001850,0.5
2026-04-15,CGOS19,DI_SPREAD,3.75,anbima,0,0,,,,,,24012641,24012641,0.0
2026-04-15,MRSAB3,IPCA_SPREAD,8.63,anbima,55714,2,1051.2039,6.8119,B40,-32,B40 −32bps,81764942,81653514,0.1
2026-04-15,GSHC17,DI_SPREAD,1.88,anbima,0,0,,,,,,19503033,19503033,0.0
2026-04-15,NTSDA0,DI_SPREAD,3.50,anbima,0,0,,,,,,40198717,40198717,0.0
2026-04-15,TAEEB8,IPCA_SPREAD,5.98,anbima,5412574,1,1082.5147,7.0431,B33,-53,B33 −53bps,11906789,1081642,90.9
2026-04-15,NTSDA2,DI_SPREAD,3.04,anbima,2519630,2,1005.4389,0.8453,CDI,0.8453,CDI +0.85%,15980513,10941253,31.5
2026-04-15,CSRNA2,DI_SPREAD,3.04,anbima,9997141,1,1015.9696,0.8601,CDI,0.8601,CDI +0.86%,32426901,12432619,61.7
2026-04-15,BTGH18,DI_SPREAD,2.00,anbima,52933,1,1058.6617,1.2488,CDI,1.2488,CDI +1.25%,82821514,82715648,0.1
2026-04-15,MGPRA0,IPCA_SPREAD,7.73,anbima,641949,1,1022.2121,,,,,43608903,42325005,2.9
2026-04-15,DASAB5,DI_SPREAD,1.92,anbima,0,0,,,,,,17202432,17202432,0.0
2026-04-15,MNLT11,DI_SPREAD,0.23,anbima,0,0,,,,,,17816488,17816488,0.0
2026-04-15,TFLEA9,DI_SPREAD,3.59,anbima,1511995,1,1007.9966,1.4401,CDI,1.4401,CDI +1.44%,21526270,18502280,14.0
2026-04-15,ENGIC4,DI_SPREAD,3.79,anbima,0,0,,,,,,106480711,106480711,0.0
2026-04-15,EXSE11,,3.86,0.70xprazo,6777822,1,1061.6889,1.1501,,,,13555644,0,100.0
2026-04-15,RENTE4,DI_SPREAD,3.39,anbima,0,0,,,,,,22945434,22945434,0.0
2026-04-15,CHSF13,IPCA_SPREAD,4.17,anbima,3785092,5,1089.2351,7.2917,B31,-41,B31 −41bps,14925796,7355612,50.7
2026-04-15,ECRD14,IPCA_SPREAD,8.55,anbima,1542143,3,1144.8726,,,,,11459107,8374821,26.9
2026-04-15,IRJS14,IPCA_SPREAD,6.81,anbima,129348,2,1231.8852,9.5796,B35,220,B35 +220bps,37551035,37292339,0.7
2026-04-15,PLSB1A,IPCA_SPREAD,2.82,anbima,202956,3,1097.0621,8.9061,B29,126,B29 +126bps,26297554,25891641,1.5
2026-04-15,ELET14,IPCA_SPREAD,3.57,anbima,59854,2,1088.2585,7.4701,B30,-23,B30 −23bps,13380746,13261038,0.9
2026-04-15,RDORE4,DI_SPREAD,4.65,anbima,0,0,,,,,,25218370,25218370,0.0
2026-04-15,BCPSA7,IPCA_SPREAD,6.45,anbima,61744316,3,1027.3597,7.1227,B35,-26,B35 −26bps,155665455,32176823,79.3
2026-04-15,AURE12,IPCA_SPREAD,5.38,anbima,49733,2,1036.1049,7.3455,B33,-22,B33 −22bps,14934452,14834986,0.7
2026-04-15,VERO12,IPCA_SPREAD,2.74,0.70xprazo,2275,1,1137.5676,,,,,33695639,33691089,0.0
2026-04-15,RUMOA3,IPCA_SPREAD,2.05,anbima,179564,1,1330.1026,8.4146,B28,76,B28 +76bps,14706929,14347801,2.4
2026-04-15,RUMOA4,IPCA_SPREAD,2.44,anbima,5449,1,1362.2333,8.3090,B29,66,B29 +66bps,13300731,13289834,0.1
2026-04-15,EGIEA1,IPCA_SPREAD,5.13,anbima,0,0,,,,,,17864844,17864844,0.0
2026-04-15,PALFB6,IPCA_SPREAD,5.66,anbima,0,0,,,,,,20079484,20079484,0.0
2026-04-15,CESE32,IPCA_SPREAD,3.14,anbima,0,0,,,,,,30548921,30548921,0.0
2026-04-15,RDORG6,DI_SPREAD,3.92,anbima,0,0,,,,,,16744844,16744844,0.0
2026-04-15,CVRDA6,IGP-M,51.60,0.70xprazo,0,0,,,,,,17225356,17225356,0.0
2026-04-15,ISAEA9,IPCA_SPREAD,8.83,anbima,32024,1,1033.0414,7.2951,B40,17,B40 +17bps,11742869,11678821,0.5
2026-04-15,ARTR19,IPCA_SPREAD,0.61,anbima,14122928,1,1342.9943,,,,,30063888,1818032,94.0
2026-04-15,MRSAA1,IPCA_SPREAD,5.66,anbima,0,0,,,,,,15107779,15107779,0.0
2026-04-15,CMGDB1,IPCA_SPREAD,6.98,anbima,2085231,2,1025.1874,7.4270,B35,5,B35 +5bps,22143297,17972835,18.8
2026-04-15,AESLA9,IPCA_SPREAD,6.00,anbima,0,0,,,,,,61143775,61143775,0.0
2026-04-15,BLMN12,IPCA_SPREAD,2.33,anbima,0,0,,,,,,11242460,11242460,0.0
2026-04-15,EGIEB2,IPCA_SPREAD,5.60,anbima,0,0,,,,,,66853059,66853059,0.0
2026-04-15,RUMOA6,IPCA_SPREAD,3.51,anbima,0,0,,,,,,12648575,12648575,0.0
2026-04-15,RIS422,IPCA_SPREAD,7.56,anbima,0,0,,,,,,21742874,21742874,0.0
2026-04-15,CPLDA1,IPCA_SPREAD,6.82,anbima,5811475,1,1019.5571,7.3860,B35,1,B35 +1bps,17776960,6154009,65.4
2026-04-15,RENTA5,DI_SPREAD,3.79,anbima,0,0,,,,,,11009294,11009294,0.0
2026-04-15,ELTN37,IPCA_SPREAD,6.69,anbima,128963,3,1065.8115,6.9680,B35,-41,B35 −41bps,14260304,14002378,1.8
2026-04-15,CMGDA2,DI_SPREAD,3.56,anbima,0,0,,,,,,10004794,10004794,0.0
2026-04-15,EQPA19,IPCA_SPREAD,6.83,anbima,0,0,,,,,,15651427,15651427,0.0
2026-04-15,AEGE16,DI_SPREAD,3.30,anbima,24008326,1,871.6671,,,,,89258126,41241475,53.8
2026-04-15,AEGP19,DI_SPREAD,1.04,anbima,0,0,,,,,,14171832,14171832,0.0
2026-04-15,LMTPA1,DI_SPREAD,1.37,anbima,0,0,,,,,,43638029,43638029,0.0
2026-04-15,LMTPA2,DI_SPREAD,1.83,anbima,0,0,,,,,,38551468,38551468,0.0
2026-04-15,LMTP18,DI_SPREAD,0.38,anbima,0,0,,,,,,86334585,86334585,0.0
2026-04-15,CPLD15,IPCA_SPREAD,0.78,anbima,0,0,,,,,,31547176,31547176,0.0
2026-04-15,CSRNB3,IPCA_SPREAD,6.93,anbima,0,0,,,,,,10074155,10074155,0.0
2026-04-15,VTEG13,,4.52,0.70xprazo,0,0,,,,,,20631608,20631608,0.0
2026-04-15,ARTRA5,DI_SPREAD,1.45,anbima,0,0,,,,,,10000762,10000762,0.0
2026-04-15,TBSP22,DI_SPREAD,3.85,anbima,1406838,2,1034.4395,,,,,22109128,19295453,12.7
2026-04-15,EQMAA2,IPCA_SPREAD,6.40,anbima,0,0,,,,,,18106025,18106025,0.0
2026-04-15,EEELB5,IPCA_SPREAD,6.00,anbima,0,0,,,,,,15850463,15850463,0.0
2026-04-15,AESLA7,IPCA_SPREAD,5.42,anbima,0,0,,,,,,14691366,14691366,0.0
2026-04-15,IPIA15,,3.39,0.70xprazo,0,0,,,,,,14971129,14971129,0.0
2026-04-15,ISAEA8,IPCA_SPREAD,5.13,anbima,0,0,,,,,,16065439,16065439,0.0
2026-04-15,VLIM17,IPCA_SPREAD,5.98,anbima,0,0,,,,,,14920263,14920263,0.0
2026-04-15,MRSAB1,IPCA_SPREAD,6.22,anbima,196430,3,1085.2510,7.0363,B35,-34,B35 −34bps,10720736,10327875,3.7
2026-04-15,ELTE12,IPCA_SPREAD,5.62,anbima,0,0,,,,,,122377205,122377205,0.0
2026-04-15,CGOSA2,IPCA_SPREAD,7.25,anbima,1441674,1,961.1160,7.5115,B37,13,B37 +13bps,12608064,9724716,22.9
2026-04-15,AEGPB3,DI_SPREAD,3.35,anbima,0,0,,,,,,52396497,52396497,0.0
2026-04-15,AEGPB5,DI_SPREAD,3.22,anbima,0,0,,,,,,39737856,39737856,0.0
2026-04-15,CVRN11,,13.79,0.70xprazo,0,0,,,,,,25993233,25993233,0.0
2026-04-15,TCXR11,,5.99,0.70xprazo,0,0,,,,,,14207216,14207216,0.0
2026-04-15,DIXE12,,10.27,0.70xprazo,0,0,,,,,,13908882,13908882,0.0
2026-04-15,SPEV11,,9.22,0.70xprazo,0,0,,,,,,30081005,30081005,0.0
2026-04-15,ACRC21,IPCA_SPREAD,6.79,anbima,0,0,,,,,,26473448,26473448,0.0
2026-04-15,CGEE23,IPCA_SPREAD,5.51,anbima,0,0,,,,,,32626810,32626810,0.0
2026-04-15,ELPLC8,IPCA_SPREAD,2.87,anbima,0,0,,,,,,29956371,29956371,0.0
2026-04-15,ANET12,IPCA_SPREAD,3.21,0.70xprazo,0,0,,,,,,14265238,14265238,0.0
2026-04-15,CSANC1,DI_SPREAD,4.86,anbima,0,0,,,,,,266200315,266200315,0.0
2026-04-15,GASC15,IPCA_SPREAD,5.99,anbima,0,0,,,,,,23765980,23765980,0.0
2026-04-15,PARY11,,12.25,0.70xprazo,0,0,,,,,,17378492,17378492,0.0
2026-04-15,UNIP39,DI_SPREAD,4.23,anbima,0,0,,,,,,10659979,10659979,0.0
2026-04-15,ENEVA3,DI_SPREAD,2.73,anbima,0,0,,,,,,10780283,10780283,0.0
2026-04-15,CIEL18,DI_SPREAD,2.31,anbima,0,0,,,,,,42483643,42483643,0.0
2026-04-15,VBBR18,DI_SPREAD,3.34,anbima,0,0,,,,,,72562619,72562619,0.0
2026-04-15,NTSD18,DI_SPREAD,3.25,anbima,0,0,,,,,,12690572,12690572,0.0
2026-04-15,USIMB0,DI_SPREAD,3.28,anbima,0,0,,,,,,138386393,138386393,0.0
2026-04-15,EBENA7,DI_SPREAD,1.28,anbima,0,0,,,,,,31167421,31167421,0.0
2026-04-15,FLRY19,DI_SPREAD,1.97,anbima,0,0,,,,,,31722739,31722739,0.0
2026-04-15,PCHSA9,,3.05,0.70xprazo,0,0,,,,,,125392811,125392811,0.0
2026-04-16,RISP24,IPCA_SPREAD,7.46,anbima,4794143,3,0.8629,11.0411,B37,370,B37 +370bps,29895933,20307646,32.1
2026-04-16,RISP22,IPCA_SPREAD,7.59,anbima,27672211,3,8.6925,11.0624,B37,372,B37 +372bps,58139833,2795410,95.2
2026-04-16,RIS424,IPCA_SPREAD,7.48,anbima,9722654,1,0.8609,11.0710,B37,373,B37 +373bps,45536196,26090888,42.7
2026-04-16,HAPV17,DI_SPREAD,2.76,anbima,15308321,1,900.0130,7.8000,CDI,7.8,CDI +7.80%,30616642,0,100.0
2026-04-16,ELTN27,IPCA_SPREAD,4.90,anbima,0,0,,,,,,22261339,22261339,0.0
2026-04-16,ELPLC8,IPCA_SPREAD,2.87,anbima,0,0,,,,,,52428055,52428055,0.0
2026-04-16,ENEVA3,DI_SPREAD,2.73,anbima,0,0,,,,,,14772080,14772080,0.0
2026-04-16,EBENC1,DI_SPREAD,4.06,anbima,5228624,1,1045.7247,0.7600,CDI,0.76,CDI +0.76%,60486407,50029160,17.3
2026-04-16,RDORE4,DI_SPREAD,4.65,anbima,470268,3,1004.8464,1.4698,CDI,1.4698,CDI +1.47%,35592100,34651564,2.6
2026-04-16,IRJS14,IPCA_SPREAD,6.81,anbima,1460432,1,1217.0264,9.7811,B35,242,B35 +242bps,14525726,11604863,20.1
2026-04-16,AEGPB5,DI_SPREAD,3.22,anbima,41542133,2,906.8355,6.5001,CDI,6.5001,CDI +6.50%,85953995,2869729,96.7
2026-04-16,AESLA9,IPCA_SPREAD,6.00,anbima,971363,2,1037.7809,7.3790,B33,-17,B33 −17bps,36376797,34434071,5.3
2026-04-16,RIS422,IPCA_SPREAD,7.56,anbima,9546483,1,8.6885,11.0610,B37,372,B37 +372bps,40295322,21202355,47.4
2026-04-16,AEGE16,DI_SPREAD,3.30,anbima,63644,1,871.8401,,,,,45451948,45324660,0.3
2026-04-16,AURE13,DI_SPREAD,3.12,anbima,0,0,,,,,,61867244,61867244,0.0
2026-04-16,ELTN37,IPCA_SPREAD,6.69,anbima,0,0,,,,,,13346060,13346060,0.0
2026-04-16,MRSAB3,IPCA_SPREAD,8.63,anbima,6347958,7,1009.2143,7.3196,B40,22,B40 +22bps,20756903,8060987,61.2
2026-04-16,CMGDB0,IPCA_SPREAD,5.25,anbima,40195,1,1030.6286,7.6001,B33,5,B33 +5bps,22045650,21965261,0.4
2026-04-16,VAMO14,DI_SPREAD,1.06,anbima,0,0,,,,,,28506985,28506985,0.0
2026-04-16,ERDVA6,DI_SPREAD,3.07,anbima,0,0,,,,,,54549157,54549157,0.0
2026-04-16,NTSDA0,DI_SPREAD,3.50,anbima,0,0,,,,,,123028969,123028969,0.0
2026-04-16,TFLEA9,DI_SPREAD,3.59,anbima,10087221,1,1008.7220,1.4293,CDI,1.4293,CDI +1.43%,39185454,19011013,51.5
2026-04-16,RIPR22,IPCA_SPREAD,3.51,anbima,0,0,,,,,,25063388,25063388,0.0
2026-04-16,ERDVA4,IPCA_SPREAD,4.15,anbima,10773357,2,1068.2555,7.8517,B31,18,B31 +18bps,27630359,6083645,78.0
2026-04-16,CEEBD2,IPCA_SPREAD,6.93,anbima,2367562,3,982.7986,7.2663,B35,-9,B35 −9bps,35576151,30841027,13.3
2026-04-16,MOVIA3,DI_SPREAD,0.56,anbima,0,0,,,,,,12505956,12505956,0.0
2026-04-16,ELET24,DI_SPREAD,1.42,anbima,65610,1,1025.1579,0.8951,CDI,0.8951,CDI +0.90%,12139614,12008394,1.1
2026-04-16,ELET14,IPCA_SPREAD,3.57,anbima,246858,7,1106.9852,7.0050,B30,-67,B30 −67bps,25438566,24944850,1.9
2026-04-16,ISAEA9,IPCA_SPREAD,8.83,anbima,529215,1,1058.4297,7.0200,B40,-8,B40 −8bps,14389653,13331224,7.4
2026-04-16,ENGIB2,IPCA_SPREAD,6.19,anbima,23688,1,1029.9337,7.2945,B35,-7,B35 −7bps,13687568,13640191,0.3
2026-04-16,CEROA4,IPCA_SPREAD,6.65,anbima,5700228,1,1017.8978,7.3971,B35,4,B35 +4bps,11400456,0,100.0
2026-04-16,NTSD18,DI_SPREAD,3.25,anbima,317356,1,1057.8520,0.8300,CDI,0.83,CDI +0.83%,13634144,12999433,4.7
2026-04-16,FBRI13,IPCA_SPREAD,4.61,anbima,10863815,1,1104.7198,7.1791,B32,-37,B32 −37bps,21919480,191851,99.1
2026-04-16,CSNAA2,DI_SPREAD,0.82,anbima,84374,1,843.7441,27.5501,CDI,27.5501,CDI +27.55%,18317797,18149048,0.9
2026-04-16,IRJS15,IPCA_SPREAD,6.61,anbima,11944385,5,1057.9615,,,,,46851912,22963142,51.0
2026-04-16,ERDVB4,IPCA_SPREAD,5.42,anbima,10145545,2,1070.7699,7.8775,B33,33,B33 +33bps,35972739,15681649,56.4
2026-04-16,LORTB2,DI_SPREAD,2.01,anbima,795075,1,1065.7836,1.5050,CDI,1.505,CDI +1.51%,12849588,11259439,12.4
2026-04-16,CBOH11,DI_SPREAD,1.49,anbima,0,0,,,,,,16200551,16200551,0.0
2026-04-16,RDORC3,DI_SPREAD,3.41,anbima,0,0,,,,,,11291217,11291217,0.0
2026-04-16,RENTA5,DI_SPREAD,3.79,anbima,4004556,1,1060.2478,1.5908,CDI,1.5908,CDI +1.59%,25367723,17358611,31.6
2026-04-16,CHSF13,IPCA_SPREAD,4.17,anbima,94762,2,1089.2148,7.3165,B31,-35,B31 −35bps,10206966,10017442,1.9
2026-04-16,MGPRA0,IPCA_SPREAD,7.73,anbima,10180728,2,1018.8879,,,,,23688103,3326647,86.0
2026-04-16,CSRNA2,DI_SPREAD,3.04,anbima,0,0,,,,,,20006723,20006723,0.0
2026-04-16,AZZA12,DI_SPREAD,2.67,anbima,0,0,,,,,,13631257,13631257,0.0
2026-04-16,BCPSA7,IPCA_SPREAD,6.45,anbima,38502723,2,1027.9728,7.1163,B35,-24,B35 −24bps,167001074,89995629,46.1
2026-04-16,VALEC1,IPCA_SPREAD,6.64,anbima,14281305,8,1057.8744,6.8452,B35,-51,B35 −51bps,30517173,1954564,93.6
2026-04-16,ALUP18,IPCA_SPREAD,5.70,anbima,49793,1,1016.1896,7.5400,B33,-1,B33 −1bps,19532972,19433386,0.5
2026-04-16,MRSAA2,IPCA_SPREAD,6.21,anbima,0,0,,,,,,22667156,22667156,0.0
2026-04-16,PALFB6,IPCA_SPREAD,5.66,anbima,0,0,,,,,,20325631,20325631,0.0
2026-04-16,TRGP13,IPCA_SPREAD,7.79,anbima,20239649,4,1009.0562,,,,,48612914,8133615,83.3
2026-04-16,BRKPA3,DI_SPREAD,2.35,anbima,0,0,,,,,,14069617,14069617,0.0
2026-04-16,NTSD36,DI_SPREAD,4.05,anbima,0,0,,,,,,24005700,24005700,0.0
2026-04-16,TBSP22,DI_SPREAD,3.85,anbima,0,0,,,,,,20804767,20804767,0.0
2026-04-16,ENJG21,IPCA_SPREAD,0.62,anbima,0,0,,,,,,20246903,20246903,0.0
2026-04-16,BCPSA5,IPCA_SPREAD,2.41,anbima,0,0,,,,,,13051606,13051606,0.0
2026-04-16,RMSA12,IPCA_SPREAD,7.00,anbima,22240,1,1235.5736,,,,,10978522,10934041,0.4
2026-04-16,CRTR12,IPCA_SPREAD,6.44,anbima,902799,3,1052.2134,7.9523,B35,59,B35 +59bps,28430908,26625310,6.4
2026-04-16,CMGDB1,IPCA_SPREAD,6.98,anbima,30302,1,1010.0593,7.6600,B35,30,B35 +30bps,20763190,20702586,0.3
2026-04-16,ECOV16,IPCA_SPREAD,4.21,anbima,0,0,,,,,,10866513,10866513,0.0
2026-04-16,PEAG12,,3.33,0.70xprazo,0,0,,,,,,20275801,20275801,0.0
2026-04-16,SUZBA0,IPCA_SPREAD,7.84,anbima,5149,1,1029.7231,7.4601,B37,12,B37 +12bps,11031830,11021533,0.1
2026-04-16,BTGH18,DI_SPREAD,2.00,anbima,351077,2,1057.4615,1.3450,CDI,1.345,CDI +1.34%,26113618,25411463,2.7
2026-04-16,ASAIA3,DI_SPREAD,2.36,anbima,0,0,,,,,,45296112,45296112,0.0
2026-04-16,ENAT13,IPCA_SPREAD,3.36,anbima,0,0,,,,,,36191842,36191842,0.0
2026-04-16,SNGOA1,DI_SPREAD,0.98,anbima,0,0,,,,,,213085482,213085482,0.0
2026-04-16,BRKPA2,DI_SPREAD,2.03,anbima,0,0,,,,,,41008467,41008467,0.0
2026-04-16,USIM39,DI_SPREAD,3.69,anbima,5287537,1,1050.1563,2.1000,CDI,2.1,CDI +2.10%,10575074,0,100.0
2026-04-16,EGIEB2,IPCA_SPREAD,5.60,anbima,0,0,,,,,,22302563,22302563,0.0
2026-04-16,NTSD26,DI_SPREAD,2.95,anbima,0,0,,,,,,12016995,12016995,0.0
2026-04-16,TIGR21,DI_SPREAD,1.56,anbima,0,0,,,,,,89730861,89730861,0.0
2026-04-16,CSRNB3,IPCA_SPREAD,6.93,anbima,0,0,,,,,,10564652,10564652,0.0
2026-04-16,ARML13,DI_SPREAD,2.24,anbima,0,0,,,,,,10007229,10007229,0.0
2026-04-16,ELTN19,DI_SPREAD,4.18,anbima,0,0,,,,,,10786437,10786437,0.0
2026-04-16,CEEDA0,DI_SPREAD,3.58,anbima,0,0,,,,,,16808900,16808900,0.0
2026-04-16,CEEBA8,DI_SPREAD,2.38,anbima,0,0,,,,,,40864759,40864759,0.0
2026-04-16,ENGIC4,DI_SPREAD,3.79,anbima,0,0,,,,,,27611838,27611838,0.0
2026-04-16,ESCEB6,DI_SPREAD,3.81,anbima,75026931,1,1044.3179,0.7308,CDI,0.7308,CDI +0.73%,191328209,41274347,78.4
2026-04-16,SBSPD7,DI_SPREAD,3.96,anbima,0,0,,,,,,25260976,25260976,0.0
2026-04-16,TBSP12,DI_SPREAD,2.77,anbima,20050450,1,1034.5949,,,,,102312451,62211550,39.2
2026-04-16,CESE32,IPCA_SPREAD,3.14,anbima,45533,1,1138.3238,7.4084,B30,-26,B30 −26bps,26966490,26875424,0.3
2026-04-16,VVEO15,DI_SPREAD,5.45,0.70xprazo,112473,1,515.9328,,,,,22037016,21812069,1.0
2026-04-16,TFLE19,DI_SPREAD,2.96,anbima,0,0,,,,,,14672025,14672025,0.0
2026-04-16,COLNA3,DI_SPREAD,3.17,anbima,0,0,,,,,,12007706,12007706,0.0
2026-04-16,CGOSB0,IPCA_SPREAD,6.70,anbima,17396903,1,1023.3473,7.6086,B35,25,B35 +25bps,34850438,56632,99.8
2026-04-16,APPSA2,IPCA_SPREAD,3.17,anbima,0,0,,,,,,12842431,12842431,0.0
2026-04-16,CGOSA2,IPCA_SPREAD,7.25,anbima,15046208,1,958.3572,7.5716,B37,23,B37 +23bps,31105300,1012884,96.7
2026-04-16,BHIAB1,,1.53,0.70xprazo,0,0,,,,,,30030816,30030816,0.0
2026-04-16,DESK17,IPCA_SPREAD,3.37,anbima,0,0,,,,,,10222137,10222137,0.0
2026-04-16,TLPP27,DI_SPREAD,0.92,anbima,0,0,,,,,,49166011,49166011,0.0
2026-04-16,CEAP15,DI_SPREAD,1.95,anbima,0,0,,,,,,16944927,16944927,0.0
2026-04-16,ALPA13,,3.27,0.70xprazo,0,0,,,,,,10573563,10573563,0.0
2026-04-16,ARML25,DI_SPREAD,4.20,anbima,0,0,,,,,,22917177,22917177,0.0
2026-04-16,BRIT12,DI_SPREAD,2.42,anbima,0,0,,,,,,12405509,12405509,0.0
2026-04-16,KRSA12,DI_SPREAD,3.18,0.70xprazo,0,0,,,,,,184083941,184083941,0.0
2026-04-16,CSANA2,DI_SPREAD,2.49,anbima,0,0,,,,,,43380735,43380735,0.0
2026-04-16,CCRS12,,1.67,0.70xprazo,0,0,,,,,,23282983,23282983,0.0
2026-04-16,CSNP12,IPCA_SPREAD,2.93,anbima,0,0,,,,,,20020302,20020302,0.0
2026-04-16,ASAI18,DI_SPREAD,1.29,anbima,0,0,,,,,,10004395,10004395,0.0
2026-04-16,SBSPM8,DI_SPREAD,4.81,anbima,0,0,,,,,,10009957,10009957,0.0
2026-04-16,SMFTA0,DI_SPREAD,2.13,anbima,0,0,,,,,,11587057,11587057,0.0
2026-04-16,VVEO16,DI_SPREAD,5.45,0.70xprazo,0,0,,,,,,11104791,11104791,0.0
2026-04-16,EGVG21,IPCA_SPREAD,1.58,anbima,0,0,,,,,,21322558,21322558,0.0
2026-04-16,EQMAA2,IPCA_SPREAD,6.40,anbima,0,0,,,,,,22313754,22313754,0.0
2026-04-16,ISAEA8,IPCA_SPREAD,5.13,anbima,0,0,,,,,,19999039,19999039,0.0
2026-04-16,CPLD27,DI_SPREAD,0.76,anbima,2003062,1,1065.4583,,,,,22203022,18196899,18.0
2026-04-16,CEPEB2,DI_SPREAD,1.87,anbima,0,0,,,,,,32287288,32287288,0.0
2026-04-16,CEBD25,DI_SPREAD,2.04,anbima,0,0,,,,,,19130453,19130453,0.0
2026-04-16,CEBD15,,0.82,0.70xprazo,0,0,,,,,,10760239,10760239,0.0
2026-04-16,TOTS15,DI_SPREAD,2.76,anbima,0,0,,,,,,48525263,48525263,0.0
2026-04-16,TENG15,,0.06,0.70xprazo,0,0,,,,,,68248770,68248770,0.0
2026-04-16,BCPSA4,DI_SPREAD,0.53,anbima,0,0,,,,,,77920751,77920751,0.0
2026-04-16,TSSG13,DI_SPREAD,2.41,anbima,0,0,,,,,,14308429,14308429,0.0
2026-04-16,HYPEA8,DI_SPREAD,1.92,anbima,0,0,,,,,,13924253,13924253,0.0
2026-04-16,SUZBB1,DI_SPREAD,4.54,anbima,0,0,,,,,,13664553,13664553,0.0
2026-04-16,ISAEC0,IPCA_SPREAD,8.85,anbima,20107739,1,966.7182,7.3296,B40,23,B40 +23bps,54692741,14477264,73.5
2026-04-16,EGIEE1,DI_SPREAD,2.93,anbima,0,0,,,,,,12616291,12616291,0.0
2026-04-16,LMTPA0,DI_SPREAD,2.53,anbima,0,0,,,,,,142026757,142026757,0.0
2026-04-16,CHTH11,DI_SPREAD,2.40,anbima,0,0,,,,,,31703531,31703531,0.0
2026-04-16,PFOR16,DI_SPREAD,2.77,anbima,0,0,,,,,,53137881,53137881,0.0
2026-04-16,CRTA12,IPCA_SPREAD,7.98,anbima,0,0,,,,,,55526116,55526116,0.0
2026-04-16,CPIS13,IPCA_SPREAD,6.37,anbima,0,0,,,,,,23237088,23237088,0.0
2026-04-17,CPIS13,IPCA_SPREAD,6.37,anbima,0,0,,,,,,13520534,13520534,0.0
2026-04-17,SBSPD7,DI_SPREAD,3.96,anbima,0,0,,,,,,12151121,12151121,0.0
2026-04-17,GGBRA9,DI_SPREAD,4.03,anbima,0,0,,,,,,74404051,74404051,0.0
2026-04-17,SRBS11,IPCA_SPREAD,8.17,anbima,0,0,,,,,,122164696,122164696,0.0
2026-04-17,CEEDA0,DI_SPREAD,3.58,anbima,0,0,,,,,,17113544,17113544,0.0
2026-04-17,CGASB4,IPCA_SPREAD,8.51,anbima,11963591,5,980.3008,7.2071,B40,16,B40 +16bps,47047291,23120110,50.9
2026-04-17,NTSD16,DI_SPREAD,0.56,anbima,0,0,,,,,,12905713,12905713,0.0
2026-04-17,CEEBD2,IPCA_SPREAD,6.93,anbima,807211,1,983.2045,7.2700,B35,-7,B35 −7bps,32345517,30731095,5.0
2026-04-17,EGIEB5,IPCA_SPREAD,6.16,anbima,0,0,,,,,,17426747,17426747,0.0
2026-04-17,SBSPB1,DI_SPREAD,2.98,anbima,0,0,,,,,,10187472,10187472,0.0
2026-04-17,ERDVB4,IPCA_SPREAD,5.42,anbima,4890648,2,1069.9295,7.8961,B33,36,B33 +36bps,29964310,20183015,32.6
2026-04-17,BRST15,IPCA_SPREAD,4.40,anbima,3976907,1,1046.5545,8.0471,B31,39,B31 +39bps,15495683,7541870,51.3
2026-04-17,ALUP18,IPCA_SPREAD,5.70,anbima,15439621,3,1027.3219,7.3442,B33,-20,B33 −20bps,51782237,20902995,59.6
2026-04-17,BHIAB1,,1.53,0.70xprazo,0,0,,,,,,10030816,10030816,0.0
2026-04-17,VVEO15,DI_SPREAD,5.45,0.70xprazo,0,0,,,,,,20042936,20042936,0.0
2026-04-17,RIS424,IPCA_SPREAD,7.48,anbima,0,0,,,,,,36559261,36559261,0.0
2026-04-17,ASAIA3,DI_SPREAD,2.36,anbima,0,0,,,,,,81670259,81670259,0.0
2026-04-17,NTSD36,DI_SPREAD,4.05,anbima,87489,1,1054.0874,1.0651,CDI,1.0651,CDI +1.07%,24708268,24533290,0.7
2026-04-17,MRSAB3,IPCA_SPREAD,8.63,anbima,1285322,4,1014.4611,7.2708,B40,22,B40 +22bps,40294400,37723755,6.4
2026-04-17,ASAI18,DI_SPREAD,1.29,anbima,0,0,,,,,,45043615,45043615,0.0
2026-04-17,CPLDA1,IPCA_SPREAD,6.82,anbima,10352707,3,1016.4661,7.4525,B35,11,B35 +11bps,25690597,4985182,80.6
2026-04-17,NTSD18,DI_SPREAD,3.25,anbima,0,0,,,,,,48244125,48244125,0.0
2026-04-17,IRJS14,IPCA_SPREAD,6.81,anbima,762342,1,1200.5387,10.0086,B35,267,B35 +267bps,49511720,47987036,3.1
2026-04-17,MGPRA0,IPCA_SPREAD,7.73,anbima,5532715,4,1001.5777,,,,,89870089,78804659,12.3
2026-04-17,CSNAA2,DI_SPREAD,0.82,anbima,1084744,2,881.9061,21.9919,CDI,21.9919,CDI +21.99%,26913018,24743529,8.1
2026-04-17,QMCT14,IPCA_SPREAD,4.81,anbima,3592436,2,1090.5999,8.7790,B32,124,B32 +124bps,21875114,14690242,32.8
2026-04-17,KRSA12,DI_SPREAD,3.18,0.70xprazo,0,0,,,,,,184204020,184204020,0.0
2026-04-17,HBSA24,DI_SPREAD,3.56,anbima,0,0,,,,,,54259678,54259678,0.0
2026-04-17,TOTS15,DI_SPREAD,2.76,anbima,0,0,,,,,,56227359,56227359,0.0
2026-04-17,EATEA2,,2.37,0.70xprazo,0,0,,,,,,40676396,40676396,0.0
2026-04-17,GEPAB0,,3.68,0.70xprazo,0,0,,,,,,20022123,20022123,0.0
2026-04-17,GEPAA0,,2.28,0.70xprazo,0,0,,,,,,20021391,20021391,0.0
2026-04-17,CONX12,IPCA_SPREAD,1.35,anbima,0,0,,,,,,20392007,20392007,0.0
2026-04-17,BRKPA2,DI_SPREAD,2.03,anbima,0,0,,,,,,16350814,16350814,0.0
2026-04-17,TIGR21,DI_SPREAD,1.56,anbima,0,0,,,,,,63777613,63777613,0.0
2026-04-17,CNRD12,IPCA_SPREAD,6.98,anbima,11092395,2,1008.3996,8.3578,B35,102,B35 +102bps,26784217,4599427,82.8
2026-04-17,IVIAA0,IPCA_SPREAD,5.67,anbima,33049649,8,1031.4799,8.3633,B33,82,B33 +82bps,99765752,33666455,66.3
2026-04-17,LMTPA0,DI_SPREAD,2.53,anbima,0,0,,,,,,130063008,130063008,0.0
2026-04-17,RISP24,IPCA_SPREAD,7.46,anbima,173692,1,0.9551,9.6400,B37,231,B37 +231bps,18408970,18061587,1.9
2026-04-17,BCPSA7,IPCA_SPREAD,6.45,anbima,12679047,4,1028.4756,7.1149,B35,-23,B35 −23bps,62446343,37088250,40.6
2026-04-17,CHTH11,DI_SPREAD,2.40,anbima,0,0,,,,,,25167492,25167492,0.0
2026-04-17,TBSP12,DI_SPREAD,2.77,anbima,0,0,,,,,,12690333,12690333,0.0
2026-04-17,EGIEE1,DI_SPREAD,2.93,anbima,0,0,,,,,,12153712,12153712,0.0
2026-04-17,ANHBA6,DI_SPREAD,3.91,anbima,0,0,,,,,,10435083,10435083,0.0
2026-04-17,CGOSA2,IPCA_SPREAD,7.25,anbima,0,0,,,,,,16533238,16533238,0.0
2026-04-17,PETR28,IPCA_SPREAD,8.69,anbima,5455475,1,1059.3156,6.6241,B40,-43,B40 −43bps,11067861,156911,98.6
2026-04-17,IRJS15,IPCA_SPREAD,6.61,anbima,0,0,,,,,,42549174,42549174,0.0
2026-04-17,AZZA12,DI_SPREAD,2.67,anbima,0,0,,,,,,22478967,22478967,0.0
2026-04-17,SUZBA0,IPCA_SPREAD,7.84,anbima,8840041,6,1058.0540,7.1182,B37,-21,B37 −21bps,31723018,14042935,55.7
2026-04-17,ISAEC0,IPCA_SPREAD,8.85,anbima,0,0,,,,,,40604980,40604980,0.0
2026-04-17,AESLB7,IPCA_SPREAD,8.10,anbima,0,0,,,,,,17954637,17954637,0.0
2026-04-17,VALEC1,IPCA_SPREAD,6.64,anbima,338670,3,1058.3435,6.8452,B35,-49,B35 −49bps,12822461,12145121,5.3
2026-04-17,TRGP13,IPCA_SPREAD,7.79,anbima,13098086,2,1007.5450,,,,,105182029,78985858,24.9
2026-04-17,CRCF12,IPCA_SPREAD,7.64,anbima,0,0,,,,,,11899307,11899307,0.0
2026-04-17,FBRI13,IPCA_SPREAD,4.61,anbima,0,0,,,,,,12586910,12586910,0.0
2026-04-17,HGLB23,IPCA_SPREAD,4.30,anbima,47628,2,1035.3933,10.0080,B31,235,B31 +235bps,30068824,29973568,0.3
2026-04-17,ACRC21,IPCA_SPREAD,6.79,anbima,0,0,,,,,,29065003,29065003,0.0
2026-04-17,TAEEA7,IPCA_SPREAD,7.71,anbima,40388,1,1121.8916,7.6000,B37,27,B37 +27bps,17970821,17890045,0.4
2026-04-17,VBRR11,IPCA_SPREAD,2.52,anbima,0,0,,,,,,13020828,13020828,0.0
2026-04-17,MRSAC2,IPCA_SPREAD,8.15,anbima,5107724,1,1021.5447,7.3590,B37,3,B37 +3bps,10215447,0,100.0
2026-04-17,TFLE19,DI_SPREAD,2.96,anbima,4199191,1,1055.0732,1.4151,CDI,1.4151,CDI +1.42%,19993633,11595250,42.0
2026-04-17,ERDVA4,IPCA_SPREAD,4.15,anbima,2367532,2,1068.3808,7.8487,B31,19,B31 +19bps,13695700,8960637,34.6
2026-04-17,CHSF13,IPCA_SPREAD,4.17,anbima,22519799,4,1092.2397,7.2674,B31,-39,B31 −39bps,59227989,14188392,76.0
2026-04-17,LCAMD3,IPCA_SPREAD,2.44,anbima,280047,1,1129.2206,9.2725,B29,164,B29 +164bps,19520218,18960125,2.9
2026-04-17,MRSAA1,IPCA_SPREAD,5.66,anbima,12820,1,1068.3664,7.2915,B33,-25,B33 −25bps,14721443,14695802,0.2
2026-04-17,JALL11,IPCA_SPREAD,2.24,anbima,0,0,,,,,,26460312,26460312,0.0
2026-04-17,ORIG22,PREFIXADO,4.18,anbima,692083,1,994.3721,17.1500,,,,10466441,9082275,13.2
2026-04-17,UHSM12,IPCA_SPREAD,6.67,anbima,0,0,,,,,,14349891,14349891,0.0
2026-04-17,CERT11,IPCA_SPREAD,2.62,anbima,147059,1,1185.9558,7.0200,B29,-61,B29 −61bps,48840688,48546571,0.6
2026-04-17,TAEEB8,IPCA_SPREAD,5.98,anbima,0,0,,,,,,12006636,12006636,0.0
2026-04-17,RPTA14,IPCA_SPREAD,5.04,anbima,8869743,3,1135.6905,,,,,39905940,22166455,44.5
2026-04-17,ESCEA5,IPCA_SPREAD,6.82,anbima,0,0,,,,,,10364847,10364847,0.0
2026-04-17,ENTV13,IPCA_SPREAD,5.85,anbima,1194360,2,1120.4125,,,,,38148835,35760116,6.3
2026-04-17,NNAE12,IPCA_SPREAD,5.74,anbima,0,0,,,,,,10660212,10660212,0.0
2026-04-17,JALL14,IPCA_SPREAD,3.62,anbima,20135748,1,1088.4188,8.0625,B30,40,B30 +40bps,101426064,61154569,39.7
2026-04-17,VTEG13,,4.52,0.70xprazo,0,0,,,,,,52171979,52171979,0.0
2026-04-17,COLNA3,DI_SPREAD,3.17,anbima,325743,2,1030.8315,0.9914,CDI,0.9914,CDI +0.99%,12326518,11675033,5.3
2026-04-17,SIMH16,DI_SPREAD,2.65,anbima,39660,1,944.2872,,,,,18835497,18756177,0.4
2026-04-17,CRTA12,IPCA_SPREAD,7.98,anbima,0,0,,,,,,56809343,56809343,0.0
2026-04-17,CBAN12,IPCA_SPREAD,4.18,anbima,136573,1,1407.9730,7.9701,B31,31,B31 +31bps,11224243,10951097,2.4
2026-04-17,ISAEA9,IPCA_SPREAD,8.83,anbima,0,0,,,,,,13581088,13581088,0.0
2026-04-17,ASAI22,DI_SPREAD,1.19,anbima,273562,1,1056.2252,2.5951,CDI,2.5951,CDI +2.60%,31349191,30802066,1.7
2026-04-17,CPGTC0,IPCA_SPREAD,6.10,anbima,0,0,,,,,,12766619,12766619,0.0
2026-04-17,CGOSB0,IPCA_SPREAD,6.70,anbima,148155,1,1036.0500,7.4300,B35,9,B35 +9bps,11066910,10770599,2.7
2026-04-17,RMSA12,IPCA_SPREAD,7.00,anbima,12223,1,1222.3026,,,,,11421530,11397084,0.2
2026-04-17,ENEVB0,IPCA_SPREAD,7.96,anbima,139012,1,1037.4008,7.3847,B37,5,B37 +5bps,18532846,18254823,1.5
2026-04-17,AEGE17,DI_SPREAD,3.99,anbima,3843736,1,875.9655,8.5000,CDI,8.5,CDI +8.50%,12110126,4422653,63.5
2026-04-17,CRCG12,,0.92,0.70xprazo,0,0,,,,,,13672691,13672691,0.0
2026-04-17,AXIA18,IPCA_SPREAD,5.21,anbima,75574532,7,993.9963,7.3937,B32,-15,B32 −15bps,241101985,89952921,62.7
2026-04-17,LETS18,DI_SPREAD,3.10,anbima,148338,1,988.9183,1.6351,CDI,1.6351,CDI +1.64%,14807808,14511132,2.0
2026-04-17,RENTD9,DI_SPREAD,2.83,anbima,0,0,,,,,,52245635,52245635,0.0
2026-04-17,CEDO13,,2.27,0.70xprazo,0,0,,,,,,53542749,53542749,0.0
2026-04-17,USNA13,IPCA_SPREAD,4.03,anbima,0,0,,,,,,14997603,14997603,0.0
2026-04-17,DESK17,IPCA_SPREAD,3.37,anbima,5067507,2,1100.6748,7.8202,B30,16,B30 +16bps,13658268,3523254,74.2
2026-04-17,APPSA2,IPCA_SPREAD,3.17,anbima,1103362,2,1067.0812,,,,,10246124,8039400,21.5
2026-04-17,ERDVA6,DI_SPREAD,3.07,anbima,0,0,,,,,,11222936,11222936,0.0
2026-04-17,ISAED1,DI_SPREAD,4.84,anbima,0,0,,,,,,53565833,53565833,0.0
2026-04-17,SBIOA4,DI_SPREAD,3.06,anbima,10124320,2,1000.6246,0.9849,CDI,0.9849,CDI +0.98%,27739079,7490439,73.0
2026-04-17,CCROA7,DI_SPREAD,1.72,anbima,0,0,,,,,,54432625,54432625,0.0
2026-04-17,ASEC11,,1.53,0.70xprazo,0,0,,,,,,30390052,30390052,0.0
2026-04-17,AERI12,DI_SPREAD,2.77,0.70xprazo,0,0,,,,,,14714644,14714644,0.0
2026-04-17,VVEO16,DI_SPREAD,5.45,0.70xprazo,0,0,,,,,,10021445,10021445,0.0
2026-04-17,ELDC15,IPCA_SPREAD,5.98,anbima,4002144,2,1011.1531,8.0565,B33,52,B33 +52bps,12224059,4219772,65.5
2026-04-17,ECRD14,IPCA_SPREAD,8.55,anbima,0,0,,,,,,29307224,29307224,0.0
2026-04-17,CCIA23,,6.71,0.70xprazo,0,0,,,,,,14135840,14135840,0.0
2026-04-17,ASAI19,DI_SPREAD,1.81,anbima,10089660,1,979.5786,2.7515,CDI,2.7515,CDI +2.75%,27233501,7054181,74.1
2026-04-17,HYPEA6,DI_SPREAD,1.49,anbima,0,0,,,,,,40242803,40242803,0.0
2026-04-17,CEROA3,PREFIXADO,4.08,anbima,0,0,,,,,,33995903,33995903,0.0
2026-04-17,ENMTC4,PREFIXADO,4.08,anbima,0,0,,,,,,11973574,11973574,0.0
2026-04-17,ENERB6,PREFIXADO,4.08,anbima,0,0,,,,,,11457540,11457540,0.0
2026-04-17,RDVE11,IPCA_SPREAD,4.60,anbima,0,0,,,,,,28537101,28537101,0.0
2026-04-17,WNTY12,IPCA_SPREAD,4.52,anbima,0,0,,,,,,10954160,10954160,0.0
2026-04-17,CPGT18,DI_SPREAD,2.46,anbima,0,0,,,,,,46097998,46097998,0.0
2026-04-17,SERI11,IPCA_SPREAD,4.86,anbima,241823,1,944.6197,7.8812,B32,34,B32 +34bps,27373709,26890064,1.8
2026-04-17,FIQE14,,4.84,0.70xprazo,0,0,,,,,,12383087,12383087,0.0
2026-04-17,RATL11,IPCA_SPREAD,5.29,anbima,0,0,,,,,,15391108,15391108,0.0
2026-04-17,ALGAA2,DI_SPREAD,1.75,anbima,0,0,,,,,,49732221,49732221,0.0
2026-04-17,COMT11,IPCA_SPREAD,3.78,anbima,276925441,3,1041.0731,7.2543,B30,-41,B30 −41bps,743971532,190120650,74.4
2026-04-17,BRMLA1,DI_SPREAD,3.26,anbima,0,0,,,,,,16139293,16139293,0.0
2026-04-17,LMTP18,DI_SPREAD,0.38,anbima,0,0,,,,,,14600066,14600066,0.0
2026-04-17,CSMGD1,DI_SPREAD,3.81,anbima,0,0,,,,,,12953178,12953178,0.0
2026-04-17,COLNA2,,1.18,0.70xprazo,0,0,,,,,,41808298,41808298,0.0
2026-04-17,PASS14,DI_SPREAD,2.99,anbima,0,0,,,,,,33562131,33562131,0.0
2026-04-17,IOCHA6,DI_SPREAD,2.66,anbima,0,0,,,,,,15651333,15651333,0.0
2026-04-17,IPIA15,,3.38,0.70xprazo,0,0,,,,,,12634422,12634422,0.0
2026-04-17,BRMLB1,DI_SPREAD,4.31,anbima,0,0,,,,,,40051362,40051362,0.0
2026-04-17,ELET15,DI_SPREAD,2.24,anbima,0,0,,,,,,55688473,55688473,0.0
2026-04-17,CIEL17,DI_SPREAD,1.29,anbima,0,0,,,,,,80097276,80097276,0.0
2026-04-17,HYPEA8,DI_SPREAD,1.92,anbima,0,0,,,,,,27725805,27725805,0.0
2026-04-17,EXSE11,,3.86,0.70xprazo,0,0,,,,,,80591316,80591316,0.0
2026-04-17,RDORH6,DI_SPREAD,4.58,anbima,0,0,,,,,,55950433,55950433,0.0
2026-04-17,BZGE11,,10.96,0.70xprazo,0,0,,,,,,11334323,11334323,0.0
2026-04-17,ELET17,DI_SPREAD,4.86,anbima,0,0,,,,,,16227796,16227796,0.0
2026-04-17,ENGIC4,DI_SPREAD,3.79,anbima,0,0,,,,,,20033715,20033715,0.0
2026-04-17,SBSPE7,DI_SPREAD,4.86,anbima,0,0,,,,,,23030280,23030280,0.0
2026-04-17,MULTA5,DI_SPREAD,3.13,anbima,0,0,,,,,,55066068,55066068,0.0
2026-04-17,NTSDA0,DI_SPREAD,3.50,anbima,0,0,,,,,,43237559,43237559,0.0
2026-04-17,FLRY36,DI_SPREAD,1.74,anbima,0,0,,,,,,32426203,32426203,0.0
2026-04-17,ISAEB1,DI_SPREAD,2.82,anbima,0,0,,,,,,63087730,63087730,0.0
2026-04-17,CPLD15,IPCA_SPREAD,0.78,anbima,0,0,,,,,,12631766,12631766,0.0
2026-04-17,BCPSA5,IPCA_SPREAD,2.41,anbima,0,0,,,,,,13599357,13599357,0.0
2026-04-17,TUPY15,DI_SPREAD,2.48,anbima,0,0,,,,,,16971511,16971511,0.0
2026-04-17,PCHSF6,,4.11,0.70xprazo,0,0,,,,,,10806410,10806410,0.0
2026-04-17,ETEP16,,2.37,0.70xprazo,0,0,,,,,,18208892,18208892,0.0
2026-04-17,ASAIA2,DI_SPREAD,2.69,anbima,6966257,1,1008.4332,2.9001,CDI,2.9001,CDI +2.90%,13932513,0,100.0
2026-04-17,VLIM28,IPCA_SPREAD,7.52,anbima,0,0,,,,,,23859563,23859563,0.0
2026-04-17,SBSPI8,IPCA_SPREAD,7.00,anbima,0,0,,,,,,11916001,11916001,0.0
2026-04-20,AEGE16,DI_SPREAD,3.30,anbima,12002828,3,900.5047,,,,,24125481,119826,99.5
2026-04-20,RDORE4,DI_SPREAD,4.65,anbima,6984,1,997.6785,1.6337,CDI,1.6337,CDI +1.63%,12503615,12489647,0.1
2026-04-20,TRGP13,IPCA_SPREAD,7.79,anbima,790927,2,1011.4152,,,,,44501414,42919561,3.6
2026-04-20,LCAMD3,IPCA_SPREAD,2.44,anbima,0,0,,,,,,19536527,19536527,0.0
2026-04-20,MGPRA0,IPCA_SPREAD,7.73,anbima,33688154,1,1000.4797,,,,,96473904,29097595,69.8
2026-04-20,JALL11,IPCA_SPREAD,2.24,anbima,14246,1,1187.1523,8.2050,B29,56,B29 +56bps,12590435,12561944,0.2
2026-04-20,ASAI22,DI_SPREAD,1.19,anbima,0,0,,,,,,14504924,14504924,0.0
2026-04-20,TFLED0,DI_SPREAD,3.76,anbima,0,0,,,,,,31978055,31978055,0.0
2026-04-20,NTSD16,DI_SPREAD,0.56,anbima,0,0,,,,,,20213484,20213484,0.0
2026-04-20,AXIA18,IPCA_SPREAD,5.21,anbima,95194867,4,993.9427,7.3947,B32,-14,B32 −14bps,217270170,26880437,87.6
2026-04-20,COMT11,IPCA_SPREAD,3.78,anbima,0,0,,,,,,195486152,195486152,0.0
2026-04-20,RPTA14,IPCA_SPREAD,5.04,anbima,6084064,1,1116.3420,,,,,37506672,25338544,32.4
2026-04-20,CHSF13,IPCA_SPREAD,4.17,anbima,694817,5,1092.4792,7.2642,B31,-42,B31 −42bps,78473023,77083390,1.8
2026-04-20,IVIAA0,IPCA_SPREAD,5.67,anbima,19653836,3,1030.1293,8.3987,B33,87,B33 +87bps,45693029,6385357,86.0
2026-04-20,CPIS13,IPCA_SPREAD,6.37,anbima,635785,1,1032.1179,7.6481,B35,29,B35 +29bps,10905149,9633580,11.7
2026-04-20,SRBS11,IPCA_SPREAD,8.17,anbima,0,0,,,,,,62271653,62271653,0.0
2026-04-20,SBIOA4,DI_SPREAD,3.06,anbima,3003766,1,1001.2553,0.9651,CDI,0.9651,CDI +0.97%,13636327,7628795,44.1
2026-04-20,VALEC1,IPCA_SPREAD,6.64,anbima,9709185,4,1059.9547,6.8271,B35,-53,B35 −53bps,33395350,13976980,58.1
2026-04-20,ASAI18,DI_SPREAD,1.29,anbima,0,0,,,,,,35031771,35031771,0.0
2026-04-20,VLIM28,IPCA_SPREAD,7.52,anbima,0,0,,,,,,23824730,23824730,0.0
2026-04-20,SBSPI8,IPCA_SPREAD,7.00,anbima,0,0,,,,,,13836168,13836168,0.0
2026-04-20,UQFN15,DI_SPREAD,2.95,anbima,0,0,,,,,,22135312,22135312,0.0
2026-04-20,ISAEA9,IPCA_SPREAD,8.83,anbima,0,0,,,,,,28769645,28769645,0.0
2026-04-20,LMTPA0,DI_SPREAD,2.53,anbima,0,0,,,,,,24396355,24396355,0.0
2026-04-20,BRIT12,DI_SPREAD,2.42,anbima,0,0,,,,,,19417654,19417654,0.0
2026-04-20,RENTA5,DI_SPREAD,3.79,anbima,10253561,3,1062.8756,1.5665,CDI,1.5665,CDI +1.57%,33122507,12615385,61.9
2026-04-20,PFOR26,DI_SPREAD,3.82,anbima,0,0,,,,,,23352744,23352744,0.0
2026-04-20,JALL14,IPCA_SPREAD,3.62,anbima,0,0,,,,,,20145150,20145150,0.0
2026-04-20,ITPO15,IPCA_SPREAD,5.78,anbima,0,0,,,,,,20708098,20708098,0.0
2026-04-20,HVSP11,IPCA_SPREAD,4.90,anbima,0,0,,,,,,12867013,12867013,0.0
2026-04-20,SBSPD7,DI_SPREAD,3.96,anbima,0,0,,,,,,21420338,21420338,0.0
2026-04-20,MOVI27,DI_SPREAD,1.73,anbima,0,0,,,,,,14637266,14637266,0.0
2026-04-20,ARML25,DI_SPREAD,4.20,anbima,0,0,,,,,,21653752,21653752,0.0
2026-04-20,ASEC11,,1.52,0.70xprazo,0,0,,,,,,15205928,15205928,0.0
2026-04-20,TBSP12,DI_SPREAD,2.77,anbima,0,0,,,,,,32843209,32843209,0.0
2026-04-20,QYAN11,DI_SPREAD,3.35,anbima,0,0,,,,,,12555792,12555792,0.0
2026-04-20,VERTA2,,2.03,0.70xprazo,1935082,2,1017.3933,3.5411,,,,12720286,8850121,30.4
2026-04-20,WIZC12,DI_SPREAD,1.61,anbima,0,0,,,,,,21250753,21250753,0.0
2026-04-20,EPRL12,IPCA_SPREAD,8.62,anbima,0,0,,,,,,12000477,12000477,0.0
2026-04-20,USIMB0,DI_SPREAD,3.28,anbima,0,0,,,,,,39726141,39726141,0.0
2026-04-20,MATD13,DI_SPREAD,3.88,anbima,0,0,,,,,,41597474,41597474,0.0
2026-04-20,AESLA7,IPCA_SPREAD,5.42,anbima,0,0,,,,,,51560372,51560372,0.0
2026-04-20,ASHS12,,12.18,0.70xprazo,0,0,,,,,,12403367,12403367,0.0
2026-04-20,CLIS13,IPCA_SPREAD,4.88,anbima,0,0,,,,,,21896309,21896309,0.0
2026-04-22,LCAMD3,IPCA_SPREAD,2.44,anbima,0,0,,,,,,11021250,11021250,0.0
2026-04-22,SBIOA4,DI_SPREAD,3.06,anbima,501150,1,1002.2998,0.9600,CDI,0.96,CDI +0.96%,10501846,9499547,9.5
2026-04-22,LMTPA0,DI_SPREAD,2.53,anbima,0,0,,,,,,250512692,250512692,0.0
2026-04-22,TBSP12,DI_SPREAD,2.77,anbima,0,0,,,,,,18169718,18169718,0.0
2026-04-22,CSNAA1,DI_SPREAD,1.51,anbima,96670,2,792.3766,21.9755,CDI,21.9755,CDI +21.98%,12076965,11883625,1.6
2026-04-22,VERO12,IPCA_SPREAD,2.73,0.70xprazo,0,0,,,,,,65671125,65671125,0.0
2026-04-22,VERO13,IPCA_SPREAD,3.43,0.70xprazo,0,0,,,,,,101351265,101351265,0.0
2026-04-22,VERO25,IPCA_SPREAD,4.36,0.70xprazo,0,0,,,,,,117260318,117260318,0.0
2026-04-22,VERO44,IPCA_SPREAD,5.94,0.70xprazo,0,0,,,,,,148308088,148308088,0.0
2026-04-22,RIS412,IPCA_SPREAD,4.05,anbima,8564581,3,9.4872,11.9241,B31,423,B31 +423bps,20472478,3343316,83.7
2026-04-22,RDORE4,DI_SPREAD,4.65,anbima,155810,1,1005.2277,1.4937,CDI,1.4937,CDI +1.49%,36008576,35696955,0.9
2026-04-22,QYAN11,DI_SPREAD,3.35,anbima,0,0,,,,,,17538240,17538240,0.0
2026-04-22,SBSPM8,DI_SPREAD,4.81,anbima,0,0,,,,,,19131530,19131530,0.0
2026-04-22,ISAEA9,IPCA_SPREAD,8.83,anbima,85436,1,1095.3387,6.6351,B40,-43,B40 −43bps,29514072,29343200,0.6
2026-04-22,TRPLA4,IPCA_SPREAD,5.42,anbima,0,0,,,,,,15311961,15311961,0.0
2026-04-22,TAEEA8,IPCA_SPREAD,4.50,anbima,0,0,,,,,,18656853,18656853,0.0
2026-04-22,SRBS11,IPCA_SPREAD,8.17,anbima,0,0,,,,,,31015175,31015175,0.0
2026-04-22,ENGIC0,IPCA_SPREAD,7.99,anbima,745055,2,1039.1283,7.1085,B37,-23,B37 −23bps,20217583,18727473,7.4
2026-04-22,COMT11,IPCA_SPREAD,3.78,anbima,700452,1,1042.3391,7.2380,B30,-45,B30 −45bps,19903699,18502795,7.0
2026-04-22,RDORG6,DI_SPREAD,3.92,anbima,155527,1,1003.4019,1.4882,CDI,1.4882,CDI +1.49%,11365101,11054047,2.7
2026-04-22,TFLEA9,DI_SPREAD,3.59,anbima,36539623,2,1012.3181,1.3990,CDI,1.399,CDI +1.40%,92453095,19373849,79.0
2026-04-22,CGOS28,IPCA_SPREAD,6.40,anbima,6452811,3,1022.3085,7.6476,B35,31,B35 +31bps,21238263,8332641,60.8
2026-04-22,RENTA5,DI_SPREAD,3.79,anbima,11010520,5,1063.5101,1.5602,CDI,1.5602,CDI +1.56%,30824474,8803433,71.4
2026-04-22,VALEC1,IPCA_SPREAD,6.64,anbima,71706,2,1086.4484,6.4524,B35,-89,B35 −89bps,28036911,27893499,0.5
2026-04-22,GASC25,IPCA_SPREAD,7.99,anbima,0,0,,,,,,14301965,14301965,0.0
2026-04-22,EGIEA1,IPCA_SPREAD,5.13,anbima,2309100,2,1089.1981,6.9946,B32,-53,B32 −53bps,57674694,53056494,8.0
2026-04-22,HARG11,IPCA_SPREAD,5.00,anbima,8524579,3,1078.7875,7.7766,B32,26,B32 +26bps,19620229,2571071,86.9
2026-04-22,BTEL13,PREFIXADO,3.64,anbima,336567,3,1004.6779,14.9885,,,,23783830,23110696,2.8
2026-04-22,ASER12,IPCA_SPREAD,7.01,anbima,0,0,,,,,,11136146,11136146,0.0
2026-04-22,CERT11,IPCA_SPREAD,2.62,anbima,23230,1,1161.4886,7.8450,B29,17,B29 +17bps,50895594,50849135,0.1
2026-04-22,ELTN15,IPCA_SPREAD,4.04,anbima,49566,1,1077.5225,6.8260,B31,-86,B31 −86bps,22246118,22146986,0.4
2026-04-22,RHOL11,,0.44,0.70xprazo,0,0,,,,,,37909287,37909287,0.0
2026-04-22,CEEBD2,IPCA_SPREAD,6.93,anbima,1018721,2,978.5986,7.3601,B35,2,B35 +2bps,12105434,10067991,16.8
2026-04-22,SUZBC1,IPCA_SPREAD,7.00,anbima,41183,1,1029.5751,7.3300,B35,-1,B35 −1bps,15585347,15502981,0.5
2026-04-22,UNIPB0,DI_SPREAD,4.78,anbima,0,0,,,,,,31191651,31191651,0.0
2026-04-22,ORMA16,DI_SPREAD,3.97,anbima,0,0,,,,,,66129975,66129975,0.0
2026-04-22,WNTY12,IPCA_SPREAD,4.52,anbima,7160726,2,1033.2938,8.8683,B31,118,B31 +118bps,28764370,14442918,49.8
2026-04-22,VIALA4,,2.17,0.70xprazo,0,0,,,,,,35886514,35886514,0.0
2026-04-22,COMR14,IPCA_SPREAD,5.20,anbima,0,0,,,,,,20151179,20151179,0.0
2026-04-22,CGMG18,IPCA_SPREAD,2.31,anbima,0,0,,,,,,31128822,31128822,0.0
2026-04-22,MRFGA7,,2.40,0.70xprazo,0,0,,,,,,30067738,30067738,0.0
2026-04-22,VLIM15,IPCA_SPREAD,4.06,anbima,0,0,,,,,,23024055,23024055,0.0
2026-04-22,OMGE17,DI_SPREAD,3.26,anbima,109977005,2,994.6369,1.4989,CDI,1.4989,CDI +1.50%,220708133,754124,99.7
2026-04-22,MRSAB3,IPCA_SPREAD,8.63,anbima,88681,1,1055.7265,6.7889,B40,-28,B40 −28bps,13670563,13493201,1.3
2026-04-22,RSAN16,IPCA_SPREAD,5.44,anbima,0,0,,,,,,58447281,58447281,0.0
2026-04-22,ENTV12,IPCA_SPREAD,2.28,anbima,104710,3,1396.1377,,,,,10935715,10726295,1.9
2026-04-22,MGPRA0,IPCA_SPREAD,7.73,anbima,0,0,,,,,,17494964,17494964,0.0
2026-04-22,VLIM13,IPCA_SPREAD,2.24,anbima,0,0,,,,,,22393798,22393798,0.0
2026-04-22,VBBR17,DI_SPREAD,3.28,anbima,0,0,,,,,,16338060,16338060,0.0
2026-04-22,RENTE4,DI_SPREAD,3.39,anbima,30580692,2,1030.2079,1.3700,CDI,1.37,CDI +1.37%,62029009,867626,98.6
2026-04-22,CPLD29,IPCA_SPREAD,5.76,anbima,0,0,,,,,,195320326,195320326,0.0
2026-04-22,FIQE14,,4.83,0.70xprazo,0,0,,,,,,49859521,49859521,0.0
2026-04-22,RECV24,IPCA_SPREAD,6.27,anbima,0,0,,,,,,43130646,43130646,0.0
2026-04-22,EGIEB4,IPCA_SPREAD,3.92,anbima,0,0,,,,,,52098959,52098959,0.0
2026-04-22,ASAI18,DI_SPREAD,1.29,anbima,0,0,,,,,,10051743,10051743,0.0
2026-04-22,RDORI6,DI_SPREAD,5.57,anbima,201319,2,1027.1385,1.5238,CDI,1.5238,CDI +1.52%,10290388,9887749,3.9
2026-04-22,AALM12,DI_SPREAD,2.15,anbima,0,0,,,,,,23517883,23517883,0.0
2026-04-22,CBOH11,DI_SPREAD,1.49,anbima,0,0,,,,,,10290214,10290214,0.0
2026-04-22,IVIAA0,IPCA_SPREAD,5.67,anbima,3689656,3,1037.0028,8.2928,B33,77,B33 +77bps,10383643,3004331,71.1
2026-04-22,NTSD36,DI_SPREAD,4.05,anbima,10545010,1,1054.5010,1.0985,CDI,1.0985,CDI +1.10%,65896745,44806724,32.0
2026-04-22,PFOR16,DI_SPREAD,2.77,anbima,251520,1,1039.3407,1.4876,CDI,1.4876,CDI +1.49%,12416522,11913481,4.1
2026-04-22,CGASA5,DI_SPREAD,2.16,anbima,302028,1,1010.1269,0.7711,CDI,0.7711,CDI +0.77%,12609617,12005561,4.8
2026-04-22,ENGIC4,DI_SPREAD,3.79,anbima,0,0,,,,,,16680217,16680217,0.0
2026-04-22,ERDVA6,DI_SPREAD,3.07,anbima,0,0,,,,,,11627119,11627119,0.0
2026-04-22,ASEC11,,1.52,0.70xprazo,0,0,,,,,,14729898,14729898,0.0
2026-04-22,CRTR12,IPCA_SPREAD,6.44,anbima,2154167,2,1049.7892,8.0173,B35,68,B35 +68bps,13349859,9041524,32.3
2026-04-22,AESOA1,IPCA_SPREAD,5.30,anbima,0,0,,,,,,20991269,20991269,0.0
2026-04-22,CESE32,IPCA_SPREAD,3.14,anbima,0,0,,,,,,69237266,69237266,0.0
2026-04-22,RADLA1,DI_SPREAD,3.97,anbima,0,0,,,,,,20541288,20541288,0.0
2026-04-22,CSMGD2,DI_SPREAD,3.94,anbima,0,0,,,,,,14056403,14056403,0.0
2026-04-22,EQMAA0,IPCA_SPREAD,3.81,anbima,0,0,,,,,,22179843,22179843,0.0
2026-04-22,EGIEB2,IPCA_SPREAD,5.60,anbima,0,0,,,,,,20413242,20413242,0.0
2026-04-22,EEELB5,IPCA_SPREAD,6.00,anbima,0,0,,,,,,22180869,22180869,0.0
2026-04-22,EEELA1,IPCA_SPREAD,5.42,anbima,0,0,,,,,,11619766,11619766,0.0
2026-04-22,CGOSB0,IPCA_SPREAD,6.70,anbima,0,0,,,,,,42355566,42355566,0.0
2026-04-22,CMTR29,IPCA_SPREAD,3.01,anbima,0,0,,,,,,10247301,10247301,0.0
2026-04-22,LVTC22,DI_SPREAD,1.40,anbima,0,0,,,,,,11807665,11807665,0.0
2026-04-22,TRRG12,IPCA_SPREAD,4.18,anbima,0,0,,,,,,17948461,17948461,0.0
2026-04-22,CRCF12,IPCA_SPREAD,7.64,anbima,0,0,,,,,,35174414,35174414,0.0
2026-04-22,ELDC15,IPCA_SPREAD,5.98,anbima,9129818,5,1013.5233,8.0438,B33,52,B33 +52bps,19436994,1177359,93.9
2026-04-22,RIPR22,IPCA_SPREAD,3.51,anbima,0,0,,,,,,26171215,26171215,0.0
2026-04-22,RNDNB2,DI_SPREAD,3.78,anbima,5002352,1,951.9224,3.1715,CDI,3.1715,CDI +3.17%,10004704,0,100.0
2026-04-22,CEPEA3,DI_SPREAD,1.98,anbima,0,0,,,,,,32071592,32071592,0.0
2026-04-22,ASAI28,DI_SPREAD,2.06,anbima,0,0,,,,,,20002427,20002427,0.0
2026-04-22,AESLA9,IPCA_SPREAD,6.00,anbima,0,0,,,,,,23202469,23202469,0.0
2026-04-22,RUMOB7,IPCA_SPREAD,5.48,anbima,0,0,,,,,,12517099,12517099,0.0
2026-04-22,RCEN22,,12.12,0.70xprazo,0,0,,,,,,31815979,31815979,0.0
2026-04-22,MRSAA2,IPCA_SPREAD,6.21,anbima,0,0,,,,,,16511019,16511019,0.0
2026-04-22,ITPO15,IPCA_SPREAD,5.78,anbima,0,0,,,,,,27404811,27404811,0.0
2026-04-22,CPLD37,IPCA_SPREAD,4.11,anbima,0,0,,,,,,16924149,16924149,0.0
2026-04-22,CPGT28,IPCA_SPREAD,5.89,anbima,0,0,,,,,,14306651,14306651,0.0
2026-04-22,TSSG21,IPCA_SPREAD,5.28,anbima,0,0,,,,,,19254157,19254157,0.0
2026-04-22,CODN12,,14.28,0.70xprazo,0,0,,,,,,12445558,12445558,0.0
2026-04-22,SBSPJ8,IPCA_SPREAD,7.96,anbima,0,0,,,,,,13264705,13264705,0.0
2026-04-22,CEEBC0,,4.21,0.70xprazo,0,0,,,,,,32069361,32069361,0.0
2026-04-22,CMGTA1,IPCA_SPREAD,7.27,anbima,0,0,,,,,,11147058,11147058,0.0
2026-04-22,CAJS12,IPCA_SPREAD,4.22,anbima,0,0,,,,,,15313287,15313287,0.0
2026-04-22,AGPB12,,12.65,0.70xprazo,0,0,,,,,,25217228,25217228,0.0
2026-04-22,RNDNA2,DI_SPREAD,2.88,anbima,10003215,1,977.7358,2.6516,CDI,2.6516,CDI +2.65%,20006430,0,100.0
2026-04-22,CEPEA4,DI_SPREAD,2.15,anbima,0,0,,,,,,63137866,63137866,0.0
2026-04-22,RNDNA0,DI_SPREAD,1.18,anbima,0,0,,,,,,68259565,68259565,0.0
2026-04-22,CPFPA6,DI_SPREAD,0.90,anbima,0,0,,,,,,52762362,52762362,0.0
2026-04-22,VIALA5,IPCA_SPREAD,3.69,anbima,0,0,,,,,,674216069,674216069,0.0
2026-04-22,FLCLA9,IPCA_SPREAD,6.66,anbima,0,0,,,,,,13821270,13821270,0.0
2026-04-22,CEPEA8,IPCA_SPREAD,3.43,0.70xprazo,0,0,,,,,,10896550,10896550,0.0
2026-04-23,BRKMA8,DI_SPREAD,2.48,0.70xprazo,1231664,2,456.1719,45.8129,CDI,45.8129,CDI +45.81%,16663228,14199900,14.8
2026-04-23,ENGIC4,DI_SPREAD,3.79,anbima,0,0,,,,,,85898190,85898190,0.0
2026-04-23,SBSPD7,DI_SPREAD,3.96,anbima,1059700,1,1059.6998,0.7900,CDI,0.79,CDI +0.79%,14405425,12286025,14.7
2026-04-23,IRJS14,IPCA_SPREAD,6.81,anbima,449403,4,1217.8934,9.8203,B35,245,B35 +245bps,16618629,15719824,5.4
2026-04-23,LMTPA0,DI_SPREAD,2.53,anbima,0,0,,,,,,31241685,31241685,0.0
2026-04-23,OMGE17,DI_SPREAD,3.26,anbima,10005747,1,994.6071,1.5008,CDI,1.5008,CDI +1.50%,154286998,134275503,13.0
2026-04-23,VBBR17,DI_SPREAD,3.28,anbima,0,0,,,,,,36724393,36724393,0.0
2026-04-23,VIALA5,IPCA_SPREAD,3.69,anbima,0,0,,,,,,229466900,229466900,0.0
2026-04-23,RNDNA0,DI_SPREAD,1.18,anbima,0,0,,,,,,19534757,19534757,0.0
2026-04-23,EGIEA6,IPCA_SPREAD,7.71,anbima,0,0,,,,,,16933075,16933075,0.0
2026-04-23,CLCD27,IPCA_SPREAD,5.41,anbima,613333,2,1103.1174,7.0041,B33,-57,B33 −57bps,25559595,24332929,4.8
2026-04-23,BTEL13,PREFIXADO,3.64,anbima,0,0,,,,,,11629245,11629245,0.0
2026-04-23,CEEBD2,IPCA_SPREAD,6.93,anbima,99227,1,1022.9632,6.6900,B35,-68,B35 −68bps,13172639,12974184,1.5
2026-04-23,CEEDA0,DI_SPREAD,3.58,anbima,0,0,,,,,,23753611,23753611,0.0
2026-04-23,COLNA3,DI_SPREAD,3.17,anbima,3606725,1,1034.6314,0.9401,CDI,0.9401,CDI +0.94%,14429521,7216070,50.0
2026-04-23,NTSD36,DI_SPREAD,4.05,anbima,0,0,,,,,,52539822,52539822,0.0
2026-04-23,PFOR16,DI_SPREAD,2.77,anbima,16098978,2,1039.9185,1.4990,CDI,1.499,CDI +1.50%,39153215,6955260,82.2
2026-04-23,VBBR18,DI_SPREAD,3.34,anbima,0,0,,,,,,11875306,11875306,0.0
2026-04-23,RDORG6,DI_SPREAD,3.92,anbima,155671,1,1004.3285,1.4818,CDI,1.4818,CDI +1.48%,11373645,11062303,2.7
2026-04-23,USIM28,DI_SPREAD,1.96,anbima,856791,1,1063.0157,1.8001,CDI,1.8001,CDI +1.80%,19450398,17736817,8.8
2026-04-23,ELET42,IPCA_SPREAD,1.68,anbima,197467,3,1430.9167,7.1812,B28,-52,B28 −52bps,21263446,20868513,1.9
2026-04-23,EEELA1,IPCA_SPREAD,5.42,anbima,20539,2,1026.9485,7.3203,B33,-25,B33 −25bps,20080912,20039834,0.2
2026-04-23,COGNA5,DI_SPREAD,2.03,anbima,6153336,2,1025.5561,1.1945,CDI,1.1945,CDI +1.19%,390161725,377855052,3.2
2026-04-23,ISAEB0,IPCA_SPREAD,7.80,anbima,0,0,,,,,,13716268,13716268,0.0
2026-04-23,LCAMD3,IPCA_SPREAD,2.44,anbima,5651,1,1130.2070,9.3350,B29,164,B29 +164bps,10558574,10547272,0.1
2026-04-23,LCAMD1,IPCA_SPREAD,3.52,anbima,5505987,1,1167.5120,9.3441,B30,162,B30 +162bps,13664803,2652830,80.6
2026-04-23,LORTA7,IPCA_SPREAD,3.60,anbima,6515506,1,1163.4833,9.4450,B30,173,B30 +173bps,16415657,3384644,79.4
2026-04-23,PEJA23,IPCA_SPREAD,5.35,anbima,103252,1,1032.5206,7.7371,B33,17,B33 +17bps,11256260,11049756,1.8
2026-04-23,RDORH6,DI_SPREAD,4.58,anbima,155239,1,1001.5446,1.6263,CDI,1.6263,CDI +1.63%,24351769,24041290,1.3
2026-04-23,RDORB9,DI_SPREAD,2.92,anbima,71005,1,1044.1957,1.3572,CDI,1.3572,CDI +1.36%,11273943,11131932,1.3
2026-04-23,RDORB5,DI_SPREAD,3.80,anbima,155073,1,1020.2203,1.5320,CDI,1.532,CDI +1.53%,10739441,10429294,2.9
2026-04-23,SIMH16,DI_SPREAD,2.65,anbima,503698,3,978.0545,,,,,10053337,9045941,10.0
2026-04-23,ARTRA5,DI_SPREAD,1.45,anbima,0,0,,,,,,36683399,36683399,0.0
2026-04-23,UQFN15,DI_SPREAD,2.95,anbima,49996844,1,1023.2045,2.3015,CDI,2.3015,CDI +2.30%,101358992,1365304,98.7
2026-04-23,ISAEA9,IPCA_SPREAD,8.83,anbima,819519,2,1095.6138,6.6391,B40,-45,B40 −45bps,27559242,25920204,5.9
2026-04-23,ENAT24,IPCA_SPREAD,5.28,anbima,0,0,,,,,,21723327,21723327,0.0
2026-04-23,TBSP12,DI_SPREAD,2.77,anbima,0,0,,,,,,30383522,30383522,0.0
2026-04-23,ERDVA6,DI_SPREAD,3.07,anbima,0,0,,,,,,45769731,45769731,0.0
2026-04-23,EQPA19,IPCA_SPREAD,6.83,anbima,79797,1,1063.9657,7.0001,B35,-37,B35 −37bps,24483971,24324377,0.7
2026-04-23,CSNAA1,DI_SPREAD,1.51,anbima,0,0,,,,,,11756209,11756209,0.0
2026-04-23,AURE12,IPCA_SPREAD,5.38,anbima,292150,1,1007.4148,7.9500,B33,38,B33 +38bps,20880890,20296589,2.8
2026-04-23,TBSP22,DI_SPREAD,3.85,anbima,15118475,1,1007.8983,,,,,31023431,786482,97.5
2026-04-23,DASAA6,DI_SPREAD,0.17,0.70xprazo,0,0,,,,,,10045769,10045769,0.0
2026-04-23,NTSD18,DI_SPREAD,3.25,anbima,0,0,,,,,,38712492,38712492,0.0
2026-04-23,IVIAA0,IPCA_SPREAD,5.67,anbima,0,0,,,,,,10595836,10595836,0.0
2026-04-23,LORTB2,DI_SPREAD,2.01,anbima,2516389,1,1070.8038,1.3950,CDI,1.395,CDI +1.40%,12923762,7890984,38.9
2026-04-23,CSANA2,DI_SPREAD,2.49,anbima,0,0,,,,,,20389629,20389629,0.0
2026-04-23,TAEEB8,IPCA_SPREAD,5.98,anbima,4950019,1,1076.0911,7.2070,B33,-36,B33 −36bps,11682142,1782104,84.7
2026-04-23,RDORE4,DI_SPREAD,4.65,anbima,1071182,2,1012.4589,1.3732,CDI,1.3732,CDI +1.37%,56074303,53931939,3.8
2026-04-23,AESLA7,IPCA_SPREAD,5.42,anbima,0,0,,,,,,20405613,20405613,0.0
2026-04-23,FISI15,DI_SPREAD,2.45,anbima,10002718,1,1024.1342,1.4486,CDI,1.4486,CDI +1.45%,24081177,4075741,83.1
2026-04-23,IOCHA6,DI_SPREAD,2.66,anbima,0,0,,,,,,20011113,20011113,0.0
2026-04-23,YDUQA0,DI_SPREAD,1.86,anbima,0,0,,,,,,11038969,11038969,0.0
2026-04-23,VTEG13,,4.51,0.70xprazo,0,0,,,,,,21382233,21382233,0.0
2026-04-23,CEEBC3,IPCA_SPREAD,3.68,anbima,0,0,,,,,,10290440,10290440,0.0
2026-04-23,AERI12,DI_SPREAD,2.75,0.70xprazo,0,0,,,,,,12320049,12320049,0.0
2026-04-23,RSAN26,IPCA_SPREAD,7.59,anbima,353657,1,1013.3438,8.4050,B37,105,B37 +105bps,10550360,9843046,6.7
2026-04-23,EGIEA1,IPCA_SPREAD,5.13,anbima,193676,2,1088.0646,7.0332,B32,-54,B32 −54bps,10968594,10581243,3.5
2026-04-23,GGBRA8,DI_SPREAD,2.05,anbima,0,0,,,,,,14493965,14493965,0.0
2026-04-23,RHOL11,,0.44,0.70xprazo,0,0,,,,,,10003908,10003908,0.0
2026-04-23,UNIPB0,DI_SPREAD,4.78,anbima,5002995,1,1017.9034,1.7986,CDI,1.7986,CDI +1.80%,13006581,3000591,76.9
2026-04-23,LINS12,,4.30,0.70xprazo,0,0,,,,,,20000448,20000448,0.0
2026-04-23,GASC27,IPCA_SPREAD,6.96,anbima,0,0,,,,,,10000249,10000249,0.0
2026-04-23,CPLD15,IPCA_SPREAD,0.78,anbima,0,0,,,,,,20000522,20000522,0.0
2026-04-23,EGVG21,IPCA_SPREAD,1.58,anbima,0,0,,,,,,10000053,10000053,0.0
2026-04-23,TRGP13,IPCA_SPREAD,7.79,anbima,5009946,1,1001.9891,,,,,15026074,5006182,66.7
2026-04-24,MVLV16,,1.50,0.70xprazo,0,0,,,,,,22161029,22161029,0.0
2026-04-24,KNST18,,0.11,0.70xprazo,0,0,,,,,,35000000,35000000,0.0
2026-04-24,RDORI6,DI_SPREAD,5.57,anbima,0,0,,,,,,24199353,24199353,0.0
2026-04-24,MRFGA1,DI_SPREAD,0.74,anbima,0,0,,,,,,16242849,16242849,0.0
2026-04-24,HAPV19,DI_SPREAD,3.69,anbima,2187541,1,836.8557,7.6601,CDI,7.6601,CDI +7.66%,22214138,17839056,19.7
2026-04-24,RISP12,IPCA_SPREAD,4.06,anbima,5226468,5,9.1693,12.8780,B31,510,B31 +510bps,17923171,7470235,58.3
2026-04-24,ISAEB0,IPCA_SPREAD,7.80,anbima,3133975,4,969.0708,7.4513,B37,6,B37 +6bps,10880056,4612106,57.6
2026-04-24,DESK19,IPCA_SPREAD,4.50,anbima,0,0,,,,,,35952654,35952654,0.0
2026-04-24,RIS424,IPCA_SPREAD,7.48,anbima,0,0,,,,,,13004104,13004104,0.0
2026-04-24,CEEBD2,IPCA_SPREAD,6.93,anbima,0,0,,,,,,28927499,28927499,0.0
2026-04-24,OMGE17,DI_SPREAD,3.26,anbima,3002019,1,997.0174,1.4600,CDI,1.46,CDI +1.46%,36303479,30299441,16.5
2026-04-24,TRGP13,IPCA_SPREAD,7.79,anbima,507408,1,1006.7627,,,,,32619189,31604372,3.1
2026-04-24,NEOE16,IPCA_SPREAD,1.80,anbima,0,0,,,,,,16364255,16364255,0.0
2026-04-24,CLTM14,IPCA_SPREAD,5.65,anbima,421981,3,1060.2547,8.2995,B33,70,B33 +70bps,14932640,14088677,5.7
2026-04-24,CGOS28,IPCA_SPREAD,6.40,anbima,11738849,4,1011.1852,7.8374,B35,44,B35 +44bps,24184378,706680,97.1
2026-04-24,BTEL23,IPCA_SPREAD,4.19,anbima,0,0,,,,,,12073103,12073103,0.0
2026-04-24,CCROB6,IPCA_SPREAD,5.48,anbima,73650,1,1169.0410,7.7201,B33,12,B33 +12bps,10391753,10244454,1.4
2026-04-24,PFOR16,DI_SPREAD,2.77,anbima,4008783,4,1040.4316,1.4932,CDI,1.4932,CDI +1.49%,24290595,16273029,33.0
2026-04-24,PEJA23,IPCA_SPREAD,5.35,anbima,75953,1,1026.3872,7.8634,B33,26,B33 +26bps,31575009,31423104,0.5
2026-04-24,CGOSA2,IPCA_SPREAD,7.25,anbima,25262071,1,940.8592,7.8780,B37,49,B37 +49bps,50524139,0,100.0
2026-04-24,PLSB1A,IPCA_SPREAD,2.82,anbima,928614,3,1089.9224,9.2784,B29,151,B29 +151bps,27604130,25746902,6.7
2026-04-24,VIALA5,IPCA_SPREAD,3.69,anbima,42995198,1,988.3954,7.6330,B30,-15,B30 −15bps,105753064,19762668,81.3
2026-04-24,UQFN15,DI_SPREAD,2.95,anbima,5002284,1,1024.0090,2.3000,CDI,2.3,CDI +2.30%,72225042,62220474,13.9
2026-04-24,NTSD19,IPCA_SPREAD,8.68,anbima,3086813,1,1028.9376,6.9671,B40,-13,B40 −13bps,11322529,5148904,54.5
2026-04-24,CSANA2,DI_SPREAD,2.49,anbima,1636578,1,1091.0523,3.0850,CDI,3.085,CDI +3.09%,19639809,16366653,16.7
2026-04-24,SVEA16,DI_SPREAD,4.10,anbima,0,0,,,,,,20010809,20010809,0.0
2026-04-24,EXSE11,,3.84,0.70xprazo,0,0,,,,,,18913777,18913777,0.0
2026-04-24,AURP12,IPCA_SPREAD,5.83,anbima,0,0,,,,,,15333342,15333342,0.0
2026-04-24,EGIEB5,IPCA_SPREAD,6.16,anbima,99579,1,1048.2009,7.4950,B35,10,B35 +10bps,18604850,18405692,1.1
2026-04-24,EUFA17,DI_SPREAD,2.73,anbima,0,0,,,,,,18311761,18311761,0.0
2026-04-24,SIMH16,DI_SPREAD,2.65,anbima,1298765,2,968.5049,,,,,10684869,8087339,24.3
2026-04-24,KLBNA5,IPCA_SPREAD,8.26,anbima,5509439,6,1023.4886,6.8966,B37,-49,B37 −49bps,16741779,5722900,65.8
2026-04-24,SBSPJ8,IPCA_SPREAD,7.96,anbima,3468134,2,950.9554,7.2945,B37,-10,B37 −10bps,40291470,33355201,17.2
2026-04-24,ENERB7,IPCA_SPREAD,6.62,anbima,0,0,,,,,,11648572,11648572,0.0
2026-04-24,NTSD36,DI_SPREAD,4.05,anbima,30759962,1,1056.8981,1.0686,CDI,1.0686,CDI +1.07%,62979921,1459996,97.7
2026-04-24,SBSPF3,IPCA_SPREAD,8.18,anbima,30753,1,1025.0933,8.1051,B37,72,B37 +72bps,56006874,55945368,0.1
2026-04-24,VLIM17,IPCA_SPREAD,5.98,anbima,29388711,1,1036.2002,7.5723,B33,-3,B33 −3bps,118700113,59922690,49.5
2026-04-24,EQPA18,IPCA_SPREAD,6.47,anbima,853575,4,1107.1009,7.6051,B35,21,B35 +21bps,113318424,111611275,1.5
2026-04-24,SBSPI8,IPCA_SPREAD,7.00,anbima,0,0,,,,,,10291098,10291098,0.0
2026-04-24,ELET16,IPCA_SPREAD,6.15,anbima,9009015,4,1056.0327,7.3788,B35,-2,B35 −2bps,21615199,3597168,83.4
2026-04-24,EKTT11,IPCA_SPREAD,5.21,anbima,0,0,,,,,,14055291,14055291,0.0
2026-04-24,MRSAB3,IPCA_SPREAD,8.63,anbima,52590,1,1051.8020,6.8489,B40,-25,B40 −25bps,19503376,19398195,0.5
2026-04-24,IVIAA0,IPCA_SPREAD,5.67,anbima,1205035,2,1017.7664,8.6690,B33,107,B33 +107bps,12334834,9924763,19.5
2026-04-24,EKTRB3,IPCA_SPREAD,5.39,anbima,0,0,,,,,,23555179,23555179,0.0
2026-04-24,CERT11,IPCA_SPREAD,2.62,anbima,2449173,2,1182.0334,7.2348,B29,-54,B29 −54bps,31187596,26289250,15.7
2026-04-24,YDUQA1,DI_SPREAD,3.51,anbima,0,0,,,,,,15061058,15061058,0.0
2026-04-24,GUAR17,DI_SPREAD,1.50,anbima,0,0,,,,,,20235071,20235071,0.0
2026-04-24,MVLV19,DI_SPREAD,0.64,anbima,7010019,2,505.4087,2.6975,CDI,2.6975,CDI +2.70%,14114394,94357,99.3
2026-04-24,ELET24,DI_SPREAD,1.42,anbima,0,0,,,,,,20087318,20087318,0.0
2026-04-24,CMGDB0,IPCA_SPREAD,5.25,anbima,1034,1,1034.2885,7.5800,B33,-2,B33 −2bps,24682650,24680582,0.0
2026-04-24,CMGDA4,IPCA_SPREAD,7.26,anbima,2947336,3,981.7910,7.4416,B37,5,B37 +5bps,18361105,12466432,32.1
2026-04-24,ANHBB6,IPCA_SPREAD,6.67,anbima,44047398,1,1024.3581,7.4740,B35,7,B35 +7bps,106394726,18299929,82.8
2026-04-24,ENGIC4,DI_SPREAD,3.79,anbima,0,0,,,,,,16115953,16115953,0.0
2026-04-24,ENJG21,IPCA_SPREAD,0.62,anbima,0,0,,,,,,23580756,23580756,0.0
2026-04-24,ULFT14,IPCA_SPREAD,6.23,anbima,2007858,1,972.3284,7.5885,B35,19,B35 +19bps,16341466,12325750,24.6
2026-04-24,AXIA18,IPCA_SPREAD,5.21,anbima,0,0,,,,,,14280388,14280388,0.0
2026-04-24,VERO13,IPCA_SPREAD,3.42,0.70xprazo,0,0,,,,,,16673738,16673738,0.0
2026-04-24,RDORD9,DI_SPREAD,0.18,0.70xprazo,7956636,1,1060.8847,1.5630,CDI,1.563,CDI +1.56%,16125856,212585,98.7
2026-04-24,CESE32,IPCA_SPREAD,3.14,anbima,0,0,,,,,,23050240,23050240,0.0
2026-04-24,IPIA15,,3.37,0.70xprazo,0,0,,,,,,23469549,23469549,0.0
2026-04-24,PEAG12,,3.31,0.70xprazo,0,0,,,,,,11809209,11809209,0.0
2026-04-24,CPGTC0,IPCA_SPREAD,6.10,anbima,0,0,,,,,,22958815,22958815,0.0
2026-04-24,EQMAA2,IPCA_SPREAD,6.40,anbima,0,0,,,,,,24553892,24553892,0.0
2026-04-24,CUTI11,IPCA_SPREAD,2.68,anbima,0,0,,,,,,22324585,22324585,0.0
2026-04-24,MOTVA8,DI_SPREAD,2.95,anbima,0,0,,,,,,16929117,16929117,0.0
2026-04-24,CPGTB0,DI_SPREAD,3.48,anbima,0,0,,,,,,11246626,11246626,0.0
2026-04-24,LMTPA0,DI_SPREAD,2.53,anbima,0,0,,,,,,32711792,32711792,0.0
2026-04-27,TFLEA9,DI_SPREAD,3.59,anbima,10011256,1,1016.1649,1.3400,CDI,1.34,CDI +1.34%,54586569,34564056,36.7
2026-04-27,ENEVA4,IPCA_SPREAD,7.02,anbima,14164736,1,983.6622,7.4200,B35,5,B35 +5bps,28329473,0,100.0
2026-04-27,MRSAB3,IPCA_SPREAD,8.63,anbima,4690173,2,1011.2491,7.3481,B40,27,B40 +27bps,24836144,15455797,37.8
2026-04-27,ENGIC4,DI_SPREAD,3.79,anbima,2165461,6,1013.7926,0.8119,CDI,0.8119,CDI +0.81%,10683192,6352270,40.5
2026-04-27,CEEBD2,IPCA_SPREAD,6.93,anbima,43235699,10,964.8026,7.6059,B35,24,B35 +24bps,136842892,50371494,63.2
2026-04-27,NEOE16,IPCA_SPREAD,1.80,anbima,4358978,4,1405.2155,7.6061,B28,-19,B28 −19bps,11857103,3139146,73.5
2026-04-27,RIS414,IPCA_SPREAD,4.35,anbima,1769162,3,0.8710,13.0843,B31,527,B31 +527bps,32334624,28796299,10.9
2026-04-27,RIS424,IPCA_SPREAD,7.48,anbima,4099437,1,0.8312,11.6390,B37,428,B37 +428bps,33354525,25155651,24.6
2026-04-27,RISP14,IPCA_SPREAD,4.35,anbima,1012755,7,0.8739,13.0000,B31,519,B31 +519bps,38549093,36523583,5.3
2026-04-27,CLTM14,IPCA_SPREAD,5.65,anbima,7122018,2,1062.9877,8.2716,B33,66,B33 +66bps,49437678,35193643,28.8
2026-04-27,RISP24,IPCA_SPREAD,7.46,anbima,5012199,2,0.8375,11.5308,B37,417,B37 +417bps,16892311,6867912,59.3
2026-04-27,RISP12,IPCA_SPREAD,4.06,anbima,377679,6,9.0614,13.2305,B31,542,B31 +542bps,31973358,31217999,2.4
2026-04-27,IVIAA0,IPCA_SPREAD,5.67,anbima,11176188,2,1017.4045,8.6800,B33,107,B33 +107bps,24131031,1778654,92.6
2026-04-27,CMGDA4,IPCA_SPREAD,7.26,anbima,0,0,,,,,,15657508,15657508,0.0
2026-04-27,CLAG13,IPCA_SPREAD,1.41,anbima,3815928,1,1271.9760,8.7800,B28,98,B28 +98bps,11545736,3913880,66.1
2026-04-27,CPGTA1,IPCA_SPREAD,6.82,anbima,9126111,3,1014.0124,7.5445,B35,17,B35 +17bps,34194889,15942667,53.4
2026-04-27,ISAEB0,IPCA_SPREAD,7.80,anbima,5048059,1,970.7805,7.4310,B37,7,B37 +7bps,12080110,1983993,83.6
2026-04-27,VALEB1,IPCA_SPREAD,4.79,anbima,9825,1,1091.6146,6.4040,B32,-121,B32 −121bps,130215315,130195666,0.0
2026-04-27,TRPLB7,IPCA_SPREAD,8.23,anbima,16663129,2,1012.9562,7.4160,B37,6,B37 +6bps,37226104,3899845,89.5
2026-04-27,YDUQA1,DI_SPREAD,3.51,anbima,0,0,,,,,,15071687,15071687,0.0
2026-04-27,TFLEA6,DI_SPREAD,3.24,anbima,48961,1,1064.3744,,,,,20262168,20164246,0.5
2026-04-27,AXIA18,IPCA_SPREAD,5.21,anbima,13371949,2,990.8083,7.5065,B32,-10,B32 −10bps,95565461,68821562,28.0
2026-04-27,EUFA17,DI_SPREAD,2.73,anbima,0,0,,,,,,43596588,43596588,0.0
2026-04-27,ANET12,IPCA_SPREAD,3.19,0.70xprazo,36407,1,1174.4182,10.6240,B30,281,B30 +281bps,12946682,12873868,0.6
2026-04-27,RDORE4,DI_SPREAD,4.65,anbima,3524470,7,1013.9443,1.3627,CDI,1.3627,CDI +1.36%,23812679,16763739,29.6
2026-04-27,ENEVC0,DI_SPREAD,2.23,anbima,0,0,,,,,,40038327,40038327,0.0
2026-04-27,CSAN24,DI_SPREAD,3.35,anbima,0,0,,,,,,31833849,31833849,0.0
2026-04-27,LMTPA0,DI_SPREAD,2.53,anbima,0,0,,,,,,10004133,10004133,0.0
2026-04-27,CHSF13,IPCA_SPREAD,4.17,anbima,36994,2,1088.0548,7.4330,B31,-38,B31 −38bps,159161225,159087237,0.0
2026-04-27,TRPLB4,IPCA_SPREAD,7.84,anbima,5607594,1,1048.5404,7.4190,B37,6,B37 +6bps,17651613,6436425,63.5
2026-04-27,AURE13,DI_SPREAD,3.12,anbima,0,0,,,,,,16671535,16671535,0.0
2026-04-27,HBSA12,,0.86,0.70xprazo,0,0,,,,,,12248531,12248531,0.0
2026-04-27,INEL12,DI_SPREAD,1.55,anbima,0,0,,,,,,11583688,11583688,0.0
2026-04-27,QYAN11,DI_SPREAD,3.35,anbima,0,0,,,,,,16743998,16743998,0.0
2026-04-27,VBBR18,DI_SPREAD,3.34,anbima,0,0,,,,,,30447182,30447182,0.0
2026-04-27,PEJA11,IPCA_SPREAD,2.98,anbima,0,0,,,,,,110195522,110195522,0.0
2026-04-27,VLIM13,IPCA_SPREAD,2.24,anbima,4857,1,1214.2213,7.6750,B29,-12,B29 −12bps,17822389,17812675,0.1
2026-04-27,USIB11,,6.69,0.70xprazo,0,0,,,,,,92047209,92047209,0.0
2026-04-27,PEJA22,IPCA_SPREAD,5.20,anbima,15102,1,1078.7339,7.2000,B32,-41,B32 −41bps,126021976,125991771,0.0
2026-04-27,ANHBB6,IPCA_SPREAD,6.67,anbima,0,0,,,,,,11352521,11352521,0.0
2026-04-27,ELPLC8,IPCA_SPREAD,2.87,anbima,0,0,,,,,,47472689,47472689,0.0
2026-04-27,RSAN16,IPCA_SPREAD,5.44,anbima,2043,1,1021.3120,8.2252,B33,62,B33 +62bps,58083998,58079913,0.0
2026-04-27,FIQE14,,4.82,0.70xprazo,0,0,,,,,,31364512,31364512,0.0
2026-04-27,COMT11,IPCA_SPREAD,3.78,anbima,0,0,,,,,,107315296,107315296,0.0
2026-04-27,EGIEA1,IPCA_SPREAD,5.13,anbima,0,0,,,,,,54767788,54767788,0.0
2026-04-27,TAEEA8,IPCA_SPREAD,4.50,anbima,0,0,,,,,,215007342,215007342,0.0
2026-04-27,RECV14,IPCA_SPREAD,4.80,anbima,0,0,,,,,,103760472,103760472,0.0
2026-04-27,MRSAA3,IPCA_SPREAD,4.92,anbima,0,0,,,,,,90128404,90128404,0.0
2026-04-27,CPLDA1,IPCA_SPREAD,6.82,anbima,3039750,1,1013.2501,7.5605,B35,19,B35 +19bps,178052199,171972698,3.4
2026-04-27,RSAN26,IPCA_SPREAD,7.59,anbima,0,0,,,,,,28107433,28107433,0.0
2026-04-27,CSNP12,IPCA_SPREAD,2.93,anbima,0,0,,,,,,11523796,11523796,0.0
2026-04-27,TRGP13,IPCA_SPREAD,7.79,anbima,11109151,2,1005.8993,,,,,80509419,58291116,27.6
2026-04-27,CMGDB4,IPCA_SPREAD,8.61,anbima,0,0,,,,,,12302712,12302712,0.0
2026-04-27,BHIAB1,,1.51,0.70xprazo,0,0,,,,,,10013909,10013909,0.0
2026-04-27,ENERB7,IPCA_SPREAD,6.62,anbima,0,0,,,,,,56981228,56981228,0.0
2026-04-27,CGOS16,IPCA_SPREAD,6.30,anbima,45923567,2,1034.2214,7.8605,B35,49,B35 +49bps,96903639,5056504,94.8
2026-04-27,ERDVA6,DI_SPREAD,3.07,anbima,8350,1,1043.7314,1.1249,CDI,1.1249,CDI +1.12%,14881605,14864905,0.1
2026-04-27,CNRD12,IPCA_SPREAD,6.98,anbima,0,0,,,,,,16999978,16999978,0.0
2026-04-27,UQFN15,DI_SPREAD,2.95,anbima,0,0,,,,,,16393532,16393532,0.0
2026-04-27,EKTRB6,IPCA_SPREAD,8.36,anbima,0,0,,,,,,10026069,10026069,0.0
2026-04-27,AURP12,IPCA_SPREAD,5.83,anbima,90607,1,1041.4617,7.5291,B33,-8,B33 −8bps,38389733,38208519,0.5
2026-04-27,ENEVD0,DI_SPREAD,3.12,anbima,10165775,1,1016.5774,0.8015,CDI,0.8015,CDI +0.80%,66656225,46324676,30.5
2026-04-27,USIMA0,DI_SPREAD,2.48,anbima,0,0,,,,,,12496477,12496477,0.0
2026-04-27,ANHBA6,DI_SPREAD,3.91,anbima,0,0,,,,,,10294427,10294427,0.0
2026-04-27,USIMB0,DI_SPREAD,3.28,anbima,0,0,,,,,,64017557,64017557,0.0
2026-04-27,CERT11,IPCA_SPREAD,2.62,anbima,1599504,1,1177.8380,7.3912,B29,-41,B29 −41bps,114109192,110910184,2.8
2026-04-27,PFOR26,DI_SPREAD,3.82,anbima,4154787,1,1038.6968,1.6942,CDI,1.6942,CDI +1.69%,14607026,6297452,56.9
2026-04-27,CESE32,IPCA_SPREAD,3.14,anbima,24839208,1,1129.0549,7.8058,B30,0,B30 +0bps,81553090,31874675,60.9
2026-04-27,ENEVA3,DI_SPREAD,2.73,anbima,0,0,,,,,,18819189,18819189,0.0
2026-04-27,VLIM15,IPCA_SPREAD,4.06,anbima,41839,1,1045.9869,7.4049,B31,-41,B31 −41bps,20191599,20107920,0.4
2026-04-27,ASAI18,DI_SPREAD,1.29,anbima,0,0,,,,,,16551715,16551715,0.0
2026-04-27,CCPV11,IPCA_SPREAD,3.36,anbima,0,0,,,,,,115576925,115576925,0.0
2026-04-27,EEELA0,IPCA_SPREAD,5.09,anbima,0,0,,,,,,19120490,19120490,0.0
2026-04-27,CEEBC0,,4.20,0.70xprazo,0,0,,,,,,103663227,103663227,0.0
2026-04-27,RSAN25,DI_SPREAD,1.99,anbima,0,0,,,,,,20106375,20106375,0.0
2026-04-27,VLIM19,IPCA_SPREAD,7.47,anbima,10001240,1,940.8504,7.5601,B37,20,B37 +20bps,20002480,1,100.0
2026-04-27,VIALA5,IPCA_SPREAD,3.69,anbima,9882284,3,988.2284,7.6550,B30,-16,B30 −16bps,26328897,6564329,75.1
2026-04-27,CSMGE2,IPCA_SPREAD,4.65,anbima,72105992,1,1009.5485,8.8240,B32,121,B32 +121bps,245166824,100954840,58.8
2026-04-27,SBSPI8,IPCA_SPREAD,7.00,anbima,0,0,,,,,,10046794,10046794,0.0
2026-04-27,SBSPJ8,IPCA_SPREAD,7.96,anbima,10029180,1,950.6332,7.3110,B37,-5,B37 −5bps,20058361,0,100.0
2026-04-27,CEAB13,DI_SPREAD,0.93,anbima,0,0,,,,,,281621342,281621342,0.0
2026-04-27,CSANA2,DI_SPREAD,2.49,anbima,0,0,,,,,,87574089,87574089,0.0
2026-04-27,CSMGA9,DI_SPREAD,3.16,anbima,0,0,,,,,,55736309,55736309,0.0
2026-04-27,ASAI22,DI_SPREAD,1.19,anbima,0,0,,,,,,18288629,18288629,0.0
2026-04-28,ELET24,DI_SPREAD,1.42,anbima,0,0,,,,,,21136954,21136954,0.0
2026-04-28,ERDVA6,DI_SPREAD,3.07,anbima,2342234,4,1046.5747,1.0652,CDI,1.0652,CDI +1.07%,22140436,17455968,21.2
2026-04-28,VBBR26,DI_SPREAD,4.19,anbima,0,0,,,,,,20164216,20164216,0.0
2026-04-28,HAPV19,DI_SPREAD,3.69,anbima,30741268,1,828.4940,8.0001,CDI,8.0001,CDI +8.00%,62474147,991611,98.4
2026-04-28,RDORE4,DI_SPREAD,4.65,anbima,2000459,3,1014.9460,1.3549,CDI,1.3549,CDI +1.35%,12558891,8557974,31.9
2026-04-28,CMGDB0,IPCA_SPREAD,5.25,anbima,1185401,4,1041.6525,7.4663,B33,-19,B33 −19bps,14428756,12057954,16.4
2026-04-28,RISP24,IPCA_SPREAD,7.46,anbima,36662,2,0.7103,14.0758,B37,666,B37 +666bps,11302927,11229603,0.6
2026-04-28,NEOE16,IPCA_SPREAD,1.80,anbima,40786,1,1406.4126,7.5791,B28,-31,B28 −31bps,10582715,10501143,0.8
2026-04-28,ISAEC0,IPCA_SPREAD,8.85,anbima,4971401,2,970.5976,7.3266,B40,20,B40 +20bps,10771454,828652,92.3
2026-04-28,TRPLB7,IPCA_SPREAD,8.23,anbima,2025,1,1012.3996,7.4229,B37,0,B37 +0bps,10527116,10523066,0.0
2026-04-28,ENEV39,IPCA_SPREAD,9.38,anbima,0,0,,,,,,12212087,12212087,0.0
2026-04-28,ENEVB0,IPCA_SPREAD,7.96,anbima,0,0,,,,,,11258871,11258871,0.0
2026-04-28,EGIEA5,PREFIXADO,4.73,anbima,0,0,,,,,,150330489,150330489,0.0
2026-04-28,CSANA2,DI_SPREAD,2.49,anbima,0,0,,,,,,143092322,143092322,0.0
2026-04-28,EKTRB6,IPCA_SPREAD,8.36,anbima,271431,2,990.6256,7.4110,B37,-1,B37 −1bps,10273563,9730700,5.3
2026-04-28,CSAN24,DI_SPREAD,3.35,anbima,0,0,,,,,,37588538,37588538,0.0
2026-04-28,MRSAB3,IPCA_SPREAD,8.63,anbima,1173562,4,1017.8334,7.2746,B40,14,B40 +14bps,34885913,32538789,6.7
2026-04-28,CSMGD1,DI_SPREAD,3.81,anbima,53042737,1,989.4187,0.9008,CDI,0.9008,CDI +0.90%,121996148,15910675,87.0
2026-04-28,USIMB0,DI_SPREAD,3.28,anbima,0,0,,,,,,12008605,12008605,0.0
2026-04-28,CHSF13,IPCA_SPREAD,4.17,anbima,347895,4,1087.1730,7.4704,B31,-41,B31 −41bps,20789685,20093895,3.3
2026-04-28,TRPLA7,IPCA_SPREAD,9.41,anbima,29981,1,1199.2388,6.6150,B40,-51,B40 −51bps,14657075,14597113,0.4
2026-04-28,MGPRA0,IPCA_SPREAD,7.73,anbima,2987561,1,999.1843,,,,,12943443,6968321,46.2
2026-04-28,MRSAA1,IPCA_SPREAD,5.66,anbima,0,0,,,,,,22425092,22425092,0.0
2026-04-28,TRGP13,IPCA_SPREAD,7.79,anbima,620192,1,1006.8055,,,,,20745598,19505213,6.0
2026-04-28,ANHBB6,IPCA_SPREAD,6.67,anbima,0,0,,,,,,16308246,16308246,0.0
2026-04-28,ELET14,IPCA_SPREAD,3.57,anbima,602687,3,1089.8499,7.5784,B30,-30,B30 −30bps,30600592,29395218,3.9
2026-04-28,CEAB13,DI_SPREAD,0.93,anbima,0,0,,,,,,131647183,131647183,0.0
2026-04-28,AURE13,DI_SPREAD,3.12,anbima,10216867,1,992.0251,0.9708,CDI,0.9708,CDI +0.97%,21895343,1461610,93.3
2026-04-28,CGOS16,IPCA_SPREAD,6.30,anbima,2288991,2,1033.8715,7.8663,B35,44,B35 +44bps,33872822,29294839,13.5
2026-04-28,VIALA5,IPCA_SPREAD,3.69,anbima,0,0,,,,,,35094346,35094346,0.0
2026-04-28,PLSB1A,IPCA_SPREAD,2.82,anbima,126468,3,1080.9243,9.6193,B29,173,B29 +173bps,16084545,15831609,1.6
2026-04-28,ENEVD0,DI_SPREAD,3.12,anbima,0,0,,,,,,54851482,54851482,0.0
2026-04-28,SRBS11,IPCA_SPREAD,8.17,anbima,0,0,,,,,,30998708,30998708,0.0
2026-04-28,MRSAA2,IPCA_SPREAD,6.21,anbima,0,0,,,,,,22534023,22534023,0.0
2026-04-28,CSMGA9,DI_SPREAD,3.16,anbima,0,0,,,,,,55699144,55699144,0.0
2026-04-28,EGIEB5,IPCA_SPREAD,6.16,anbima,0,0,,,,,,20816707,20816707,0.0
2026-04-28,CESE32,IPCA_SPREAD,3.14,anbima,35174268,2,1133.2646,7.7077,B30,-17,B30 −17bps,85953445,15604909,81.8
2026-04-28,CEEBD2,IPCA_SPREAD,6.93,anbima,34351179,3,967.6388,7.5707,B35,14,B35 +14bps,132220127,63517770,52.0
2026-04-28,ENGIB2,IPCA_SPREAD,6.19,anbima,21134,1,1056.6822,6.9440,B35,-49,B35 −49bps,11326233,11283966,0.4
2026-04-28,RIS424,IPCA_SPREAD,7.48,anbima,0,0,,,,,,18638338,18638338,0.0
2026-04-28,CGOS28,IPCA_SPREAD,6.40,anbima,192569,3,1024.3036,7.6538,B35,22,B35 +22bps,17329625,16944486,2.2
2026-04-28,SUZB29,IPCA_SPREAD,5.60,anbima,0,0,,,,,,10057638,10057638,0.0
2026-04-28,ENSEB4,IPCA_SPREAD,6.60,anbima,0,0,,,,,,21411960,21411960,0.0
2026-04-28,CLCD27,IPCA_SPREAD,5.41,anbima,0,0,,,,,,13805504,13805504,0.0
2026-04-28,RSAN25,DI_SPREAD,1.99,anbima,0,0,,,,,,26316550,26316550,0.0
2026-04-28,RDORC9,DI_SPREAD,2.92,anbima,0,0,,,,,,10040447,10040447,0.0
2026-04-28,GASC17,IPCA_SPREAD,6.96,anbima,402684,2,954.2276,8.0950,B35,67,B35 +67bps,11110483,10305115,7.2
2026-04-28,TIET29,IPCA_SPREAD,1.52,anbima,0,0,,,,,,10139566,10139566,0.0
2026-04-28,RECV11,IPCA_SPREAD,3.29,anbima,0,0,,,,,,12120837,12120837,0.0
2026-04-28,RENTE4,DI_SPREAD,3.39,anbima,4015347,3,1029.5761,1.4450,CDI,1.445,CDI +1.45%,210826705,202796012,3.8
2026-04-28,RENTA5,DI_SPREAD,3.79,anbima,5314610,3,1067.8340,1.5142,CDI,1.5142,CDI +1.51%,26122154,15492934,40.7
2026-04-28,QYAN11,DI_SPREAD,3.35,anbima,13008058,5,1071.5922,0.8338,CDI,0.8338,CDI +0.83%,31166445,5150329,83.5
2026-04-28,CGASA5,DI_SPREAD,2.16,anbima,2162382,5,1012.8251,0.7555,CDI,0.7555,CDI +0.76%,10221609,5896846,42.3
2026-04-28,IOCHA6,DI_SPREAD,2.66,anbima,0,0,,,,,,67520656,67520656,0.0
2026-04-28,CSAN23,DI_SPREAD,2.90,anbima,0,0,,,,,,12223918,12223918,0.0
2026-04-28,CEPEB3,IPCA_SPREAD,5.17,anbima,0,0,,,,,,25744036,25744036,0.0
2026-04-28,VALED1,IPCA_SPREAD,7.67,anbima,0,0,,,,,,12680077,12680077,0.0
2026-04-28,CSNAA2,DI_SPREAD,0.82,anbima,0,0,,,,,,21061096,21061096,0.0
2026-04-28,SUZBB1,DI_SPREAD,4.54,anbima,61610187,2,1082.6849,0.6630,CDI,0.663,CDI +0.66%,567289460,444069086,21.7
2026-04-28,ASAIA3,DI_SPREAD,2.36,anbima,0,0,,,,,,11130909,11130909,0.0
2026-04-28,TAEEB8,IPCA_SPREAD,5.98,anbima,0,0,,,,,,11193708,11193708,0.0
2026-04-28,USIM29,DI_SPREAD,2.35,anbima,0,0,,,,,,13992941,13992941,0.0
2026-04-28,LORTB2,DI_SPREAD,2.01,anbima,0,0,,,,,,32169170,32169170,0.0
2026-04-28,PFOR16,DI_SPREAD,2.77,anbima,0,0,,,,,,11211871,11211871,0.0
2026-04-28,RDORD3,DI_SPREAD,4.60,anbima,1209189,3,1091.3260,1.3671,CDI,1.3671,CDI +1.37%,19403987,16985609,12.5
2026-04-28,NTSD36,DI_SPREAD,4.05,anbima,1410167,2,1057.8896,1.0669,CDI,1.0669,CDI +1.07%,16165591,13345257,17.4
2026-04-28,UQFN15,DI_SPREAD,2.95,anbima,17885648,3,1025.3180,2.2998,CDI,2.2998,CDI +2.30%,58882382,23111087,60.8
2026-04-28,RENTE3,DI_SPREAD,3.07,anbima,0,0,,,,,,23418938,23418938,0.0
2026-04-28,CRNP13,IPCA_SPREAD,8.63,anbima,0,0,,,,,,10192458,10192458,0.0
2026-04-28,LMTPA0,DI_SPREAD,2.53,anbima,0,0,,,,,,10454436,10454436,0.0
2026-04-28,EXSE13,,1.34,0.70xprazo,0,0,,,,,,115780223,115780223,0.0
2026-04-28,CSRN29,IPCA_SPREAD,1.61,anbima,0,0,,,,,,10424747,10424747,0.0
2026-04-28,RIPR22,IPCA_SPREAD,3.51,anbima,0,0,,,,,,15347688,15347688,0.0
2026-04-28,CSMGA6,IPCA_SPREAD,2.28,anbima,0,0,,,,,,15473889,15473889,0.0
2026-04-28,RAIZ14,DI_SPREAD,2.95,0.70xprazo,0,0,,,,,,16241548,16241548,0.0
2026-04-28,TAEEA1,DI_SPREAD,1.59,anbima,0,0,,,,,,15261655,15261655,0.0
2026-04-28,COLNA3,DI_SPREAD,3.17,anbima,2000081,2,1036.3112,0.9442,CDI,0.9442,CDI +0.94%,18935339,14935178,21.1
2026-04-28,CTNSA2,DI_SPREAD,2.72,anbima,0,0,,,,,,12412415,12412415,0.0
2026-04-28,PFOR26,DI_SPREAD,3.82,anbima,99885,1,1040.4651,1.6736,CDI,1.6736,CDI +1.67%,10943099,10743329,1.8
2026-04-28,UBRO11,,3.44,0.70xprazo,0,0,,,,,,44711219,44711219,0.0
2026-04-28,SBFC13,DI_SPREAD,0.71,anbima,13859221,1,724.2107,0.8001,CDI,0.8001,CDI +0.80%,27718443,0,100.0
2026-04-28,FISI15,DI_SPREAD,2.45,anbima,12802992,1,1031.1688,1.2486,CDI,1.2486,CDI +1.25%,27593655,1987672,92.8
2026-04-28,RDORD9,DI_SPREAD,0.17,0.70xprazo,0,0,,,,,,27652095,27652095,0.0
2026-04-28,VBBR18,DI_SPREAD,3.34,anbima,2429980,1,1043.3574,1.0941,CDI,1.0941,CDI +1.09%,23292191,18432232,20.9
2026-04-28,AEGPB3,DI_SPREAD,3.35,anbima,0,0,,,,,,11141075,11141075,0.0
2026-04-28,TUPY25,DI_SPREAD,3.30,anbima,15725371,1,827.6511,,,,,35590047,4139305,88.4
2026-04-28,ENEVC0,DI_SPREAD,2.23,anbima,0,0,,,,,,25212701,25212701,0.0
2026-04-28,CSANC1,DI_SPREAD,4.86,anbima,10565622,1,960.5111,3.0900,CDI,3.09,CDI +3.09%,31785654,10654410,66.5
2026-04-28,CPGTA1,IPCA_SPREAD,6.82,anbima,0,0,,,,,,13117171,13117171,0.0
2026-04-28,AXIA18,IPCA_SPREAD,5.21,anbima,0,0,,,,,,15494724,15494724,0.0
2026-04-28,VLIM19,IPCA_SPREAD,7.47,anbima,9993860,1,938.3907,7.6050,B37,19,B37 +19bps,25004492,5016771,79.9
2026-04-28,EUFA19,DI_SPREAD,3.27,anbima,20006934,1,1036.6824,1.4601,CDI,1.4601,CDI +1.46%,40013868,0,100.0
2026-04-29,RDORC9,DI_SPREAD,2.92,anbima,508178,3,1049.9543,1.2560,CDI,1.256,CDI +1.26%,15339708,14323352,6.6
2026-04-29,ENEVC0,DI_SPREAD,2.23,anbima,10006787,1,1012.8327,0.6950,CDI,0.695,CDI +0.70%,40164026,20150452,49.8
2026-04-29,CEEBD2,IPCA_SPREAD,6.93,anbima,28242978,2,966.7287,7.5845,B35,14,B35 +14bps,96178723,39692767,58.7
2026-04-29,ENEV39,IPCA_SPREAD,9.38,anbima,0,0,,,,,,12132006,12132006,0.0
2026-04-29,CSANC1,DI_SPREAD,4.86,anbima,15666166,2,969.2611,2.8973,CDI,2.8973,CDI +2.90%,48340768,17008436,64.8
2026-04-29,CSANA2,DI_SPREAD,2.49,anbima,0,0,,,,,,68972468,68972468,0.0
2026-04-29,BHIAB1,,1.50,0.70xprazo,0,0,,,,,,23795397,23795397,0.0
2026-04-29,SRBS11,IPCA_SPREAD,8.17,anbima,0,0,,,,,,30453023,30453023,0.0
2026-04-29,IOCHA6,DI_SPREAD,2.66,anbima,0,0,,,,,,33168941,33168941,0.0
2026-04-29,ELET14,IPCA_SPREAD,3.57,anbima,5137645,21,1089.4074,7.5918,B30,-28,B30 −28bps,15034759,4759469,68.3
2026-04-29,AESLA9,IPCA_SPREAD,6.00,anbima,1798805,4,1033.7962,7.5343,B33,-15,B33 −15bps,10529245,6931634,34.2
2026-04-29,ERDVA6,DI_SPREAD,3.07,anbima,0,0,,,,,,16736098,16736098,0.0
2026-04-29,COLNA3,DI_SPREAD,3.17,anbima,7559135,1,1036.9183,0.9350,CDI,0.935,CDI +0.94%,56160965,41042695,26.9
2026-04-29,UQFN15,DI_SPREAD,2.95,anbima,0,0,,,,,,38579898,38579898,0.0
2026-04-29,AURP12,IPCA_SPREAD,5.83,anbima,6247482,2,1024.3452,7.8486,B33,17,B33 +17bps,71935387,59440424,17.4
2026-04-29,ANHBB6,IPCA_SPREAD,6.67,anbima,0,0,,,,,,12276514,12276514,0.0
2026-04-29,BCPSA5,IPCA_SPREAD,2.41,anbima,0,0,,,,,,51683833,51683833,0.0
2026-04-29,LIGHB4,IPCA_SPREAD,4.58,0.70xprazo,0,0,,,,,,10141241,10141241,0.0
2026-04-29,RIS424,IPCA_SPREAD,7.48,anbima,10372,2,0.8301,11.6812,B37,425,B37 +425bps,19037131,19016387,0.1
2026-04-29,TRGP13,IPCA_SPREAD,7.79,anbima,22361701,4,1003.9374,,,,,48353373,3629972,92.5
2026-04-29,VIALA5,IPCA_SPREAD,3.69,anbima,0,0,,,,,,27689508,27689508,0.0
2026-04-29,RISP24,IPCA_SPREAD,7.46,anbima,1,1,0.9384,9.9392,B37,251,B37 +251bps,10473730,10473728,0.0
2026-04-29,CMGTA1,IPCA_SPREAD,7.27,anbima,4849655,1,969.9310,7.6363,B37,21,B37 +21bps,10137059,437750,95.7
2026-04-29,AXIA18,IPCA_SPREAD,5.21,anbima,768209,3,989.9598,7.5541,B32,-13,B32 −13bps,17368629,15832211,8.8
2026-04-29,HGLB13,DI_SPREAD,3.59,anbima,0,0,,,,,,20007725,20007725,0.0
2026-04-29,CESE32,IPCA_SPREAD,3.14,anbima,0,0,,,,,,56200001,56200001,0.0
2026-04-29,SUZBB1,DI_SPREAD,4.54,anbima,20711067,3,1083.2715,0.6615,CDI,0.6615,CDI +0.66%,52498798,11076665,78.9
2026-04-29,CESPA2,IPCA_SPREAD,2.78,anbima,2084750,2,1296.4866,7.6380,B29,-23,B29 −23bps,10724586,6555085,38.9
2026-04-29,EUFA18,DI_SPREAD,1.80,anbima,0,0,,,,,,35009573,35009573,0.0
2026-04-29,CEROA3,PREFIXADO,4.08,anbima,0,0,,,,,,27521448,27521448,0.0
2026-04-29,PLSB1A,IPCA_SPREAD,2.82,anbima,427996,5,1094.6183,9.1921,B29,132,B29 +132bps,18378355,17522363,4.7
2026-04-29,ENSEB4,IPCA_SPREAD,6.60,anbima,17557158,1,1003.2662,7.7340,B35,29,B35 +29bps,35124345,10030,100.0
2026-04-29,CGASA5,DI_SPREAD,2.16,anbima,5437737,2,1013.3688,0.7629,CDI,0.7629,CDI +0.76%,61404753,50529278,17.7
2026-04-29,MRSAB3,IPCA_SPREAD,8.63,anbima,0,0,,,,,,14807868,14807868,0.0
2026-04-29,CGOS19,DI_SPREAD,3.75,anbima,5312927,2,1068.7844,0.8001,CDI,0.8001,CDI +0.80%,10770998,145144,98.7
2026-04-29,CLCD27,IPCA_SPREAD,5.41,anbima,5439338,2,1087.8675,7.3336,B33,-35,B33 −35bps,19092276,8213601,57.0
2026-04-29,CGOS34,IPCA_SPREAD,5.92,anbima,1064,1,1063.5723,7.7360,B33,6,B33 +6bps,11302930,11300803,0.0
2026-04-29,CHSF13,IPCA_SPREAD,4.17,anbima,374708,4,1082.9718,7.5778,B31,-29,B31 −29bps,20855277,20105861,3.6
2026-04-29,CPLDC0,IPCA_SPREAD,6.59,anbima,0,0,,,,,,14708245,14708245,0.0
2026-04-29,ARTR19,IPCA_SPREAD,0.61,anbima,0,0,,,,,,17627336,17627336,0.0
2026-04-29,CPGTC0,IPCA_SPREAD,6.10,anbima,0,0,,,,,,43426363,43426363,0.0
2026-04-29,GASC17,IPCA_SPREAD,6.96,anbima,223458,1,893.8335,9.1001,B35,166,B35 +166bps,21093295,20646378,2.1
2026-04-29,FISI15,DI_SPREAD,2.45,anbima,0,0,,,,,,12290964,12290964,0.0
2026-04-29,CMGDB0,IPCA_SPREAD,5.25,anbima,790334,5,1038.5468,7.5419,B33,-14,B33 −14bps,33112750,31532082,4.8
2026-04-29,CGASA1,IPCA_SPREAD,6.25,anbima,0,0,,,,,,10555696,10555696,0.0
2026-04-29,CPGTA1,IPCA_SPREAD,6.82,anbima,0,0,,,,,,18442201,18442201,0.0
2026-04-29,COMT11,IPCA_SPREAD,3.78,anbima,2727843,5,1033.2740,7.5607,B30,-31,B30 −31bps,10876573,5420886,50.2
2026-04-29,CTGE15,IPCA_SPREAD,4.04,anbima,0,0,,,,,,21542572,21542572,0.0
2026-04-29,ECOV16,IPCA_SPREAD,4.21,anbima,0,0,,,,,,14618315,14618315,0.0
2026-04-29,FLCLB9,IPCA_SPREAD,8.42,anbima,7274219,1,983.0026,7.6952,B40,57,B40 +57bps,14928528,380091,97.5
2026-04-29,EQPA18,IPCA_SPREAD,6.47,anbima,242322,2,1111.5684,7.5740,B35,13,B35 +13bps,69460022,68975378,0.7
2026-04-29,EQPA19,IPCA_SPREAD,6.83,anbima,1463923,4,1010.2986,7.8438,B35,40,B35 +40bps,39213560,36285714,7.5
2026-04-29,ISAEB8,IPCA_SPREAD,4.88,anbima,0,0,,,,,,37737325,37737325,0.0
2026-04-29,SBSPI8,IPCA_SPREAD,7.00,anbima,0,0,,,,,,11387721,11387721,0.0
2026-04-29,PALFB6,IPCA_SPREAD,5.66,anbima,96474,1,1071.9346,7.7001,B33,2,B33 +2bps,11109459,10916510,1.7
2026-04-29,VALEC1,IPCA_SPREAD,6.64,anbima,1148066,5,1063.0236,6.8387,B35,-60,B35 −60bps,33114781,30818650,6.9
2026-04-29,BCPSA7,IPCA_SPREAD,6.45,anbima,0,0,,,,,,62306441,62306441,0.0
2026-04-29,AESLA5,IPCA_SPREAD,5.09,anbima,0,0,,,,,,41069221,41069221,0.0
2026-04-29,CERT11,IPCA_SPREAD,2.62,anbima,5767558,1,1153.5116,8.2498,B29,38,B29 +38bps,13239677,1704561,87.1
2026-04-29,TRPLA4,IPCA_SPREAD,5.42,anbima,36439,1,1041.1210,7.8300,B33,15,B33 +15bps,24644830,24571951,0.3
2026-04-29,CRNP23,IPCA_SPREAD,8.64,anbima,0,0,,,,,,20336329,20336329,0.0
2026-04-29,VLIM19,IPCA_SPREAD,7.47,anbima,0,0,,,,,,23045515,23045515,0.0
2026-04-29,HAPVA0,DI_SPREAD,3.90,anbima,20526031,2,754.4393,7.9037,CDI,7.9037,CDI +7.90%,45560034,4507973,90.1
2026-04-29,RDORD3,DI_SPREAD,4.60,anbima,0,0,,,,,,10850099,10850099,0.0
2026-04-29,CLCD18,DI_SPREAD,3.00,anbima,0,0,,,,,,40254489,40254489,0.0
2026-04-29,CEEDA0,DI_SPREAD,3.58,anbima,436486,3,996.5431,0.8806,CDI,0.8806,CDI +0.88%,40522046,39649074,2.2
2026-04-29,SBSPD7,DI_SPREAD,3.96,anbima,5318454,1,1063.6907,0.7608,CDI,0.7608,CDI +0.76%,10698442,61534,99.4
2026-04-29,ECOV17,DI_SPREAD,3.23,anbima,0,0,,,,,,173675812,173675812,0.0
2026-04-29,OVSAA8,DI_SPREAD,2.00,anbima,0,0,,,,,,63866084,63866084,0.0
2026-04-29,CSANB0,DI_SPREAD,4.37,anbima,0,0,,,,,,25691640,25691640,0.0
2026-04-29,SBSPE7,DI_SPREAD,4.86,anbima,6532851,1,1070.9592,0.8239,CDI,0.8239,CDI +0.82%,55898691,42832989,23.4
2026-04-29,VALED1,IPCA_SPREAD,7.67,anbima,815923,3,1056.8947,6.9450,B37,-49,B37 −49bps,17575443,15943598,9.3
2026-04-29,CPLD29,IPCA_SPREAD,5.76,anbima,20911,1,1045.5458,,,,,25324877,25283055,0.2
2026-04-29,EEELA0,IPCA_SPREAD,5.09,anbima,0,0,,,,,,11929629,11929629,0.0
2026-04-29,TAEEB8,IPCA_SPREAD,5.98,anbima,0,0,,,,,,11529828,11529828,0.0
2026-04-29,BTGH18,DI_SPREAD,2.00,anbima,5001520,1,1063.9268,1.2801,CDI,1.2801,CDI +1.28%,20213935,10210895,49.5
2026-04-29,BRMLB1,DI_SPREAD,4.31,anbima,5206674,1,1041.3348,0.6650,CDI,0.665,CDI +0.67%,259420438,249007089,4.0
2026-04-29,ASEC11,,1.50,0.70xprazo,0,0,,,,,,16119175,16119175,0.0
2026-04-29,RDORD4,DI_SPREAD,3.55,anbima,20088217,1,1016.4559,1.1493,CDI,1.1493,CDI +1.15%,40182498,6064,100.0
2026-04-29,UBRO11,,3.43,0.70xprazo,0,0,,,,,,14913289,14913289,0.0
2026-04-29,AURP13,IPCA_SPREAD,7.20,anbima,14924538,2,994.9692,7.7450,B35,31,B35 +31bps,40602577,10753502,73.5
2026-04-29,AEGE16,DI_SPREAD,3.30,anbima,199318,2,1060.2045,,,,,84083459,83684822,0.5
2026-04-29,ELCY14,,13.76,0.70xprazo,0,0,,,,,,43758305,43758305,0.0
2026-04-29,ENAT14,IPCA_SPREAD,3.36,anbima,0,0,,,,,,22218668,22218668,0.0
2026-04-29,ERDVB3,DI_SPREAD,2.49,anbima,0,0,,,,,,76826986,76826986,0.0
2026-04-29,ECOC12,,0.27,0.70xprazo,0,0,,,,,,668408472,668408472,0.0
2026-04-29,SVEA16,DI_SPREAD,4.10,anbima,0,0,,,,,,29999797,29999797,0.0
2026-04-29,GASC27,IPCA_SPREAD,6.96,anbima,0,0,,,,,,22102617,22102617,0.0
2026-04-29,QUAL18,DI_SPREAD,1.74,anbima,20005701,1,968.5646,4.4950,CDI,4.495,CDI +4.50%,139740849,99729447,28.6
2026-04-29,EGIEA2,PREFIXADO,2.58,anbima,0,0,,,,,,114372223,114372223,0.0
2026-04-29,ENTV12,IPCA_SPREAD,2.28,anbima,0,0,,,,,,10600388,10600388,0.0
2026-04-29,UNIP29,DI_SPREAD,3.25,anbima,0,0,,,,,,20986270,20986270,0.0
2026-04-29,BZGE11,,10.94,0.70xprazo,0,0,,,,,,29953678,29953678,0.0
2026-04-29,TSSG13,DI_SPREAD,2.41,anbima,0,0,,,,,,64137657,64137657,0.0
2026-04-29,RENTF2,DI_SPREAD,3.92,anbima,69026822,1,1069.9013,1.3401,CDI,1.3401,CDI +1.34%,149265068,11211424,92.5
2026-04-29,ENEVA4,IPCA_SPREAD,7.02,anbima,19314925,1,965.7463,7.7261,B35,29,B35 +29bps,40560071,1930221,95.2
2026-04-29,CGOSA2,IPCA_SPREAD,7.25,anbima,9320328,2,941.4473,7.9058,B37,48,B37 +48bps,28506482,9865825,65.4
2026-04-29,NTSDA1,IPCA_SPREAD,8.86,anbima,9966067,1,958.2757,7.0570,B40,-7,B40 −7bps,19932134,0,100.0
2026-04-29,RECV12,DI_SPREAD,2.22,anbima,0,0,,,,,,30355560,30355560,0.0
2026-04-30,RAIZ13,IPCA_SPREAD,5.86,0.70xprazo,0,0,,,,,,38832492,38832492,0.0
2026-04-30,HAPVA0,DI_SPREAD,3.90,anbima,3006904,1,758.7444,7.8000,CDI,7.8,CDI +7.80%,11577902,5564093,51.9
2026-04-30,UNIP29,DI_SPREAD,3.25,anbima,0,0,,,,,,20016688,20016688,0.0
2026-04-30,CSANC1,DI_SPREAD,4.86,anbima,242103,2,972.3008,2.8532,CDI,2.8532,CDI +2.85%,15767912,15283707,3.1
2026-04-30,CGASA5,DI_SPREAD,2.16,anbima,0,0,,,,,,100439809,100439809,0.0
2026-04-30,QUAL18,DI_SPREAD,1.74,anbima,0,0,,,,,,110564751,110564751,0.0
2026-04-30,CGOSA2,IPCA_SPREAD,7.25,anbima,0,0,,,,,,10029874,10029874,0.0
2026-04-30,CSANA2,DI_SPREAD,2.49,anbima,0,0,,,,,,30483937,30483937,0.0
2026-04-30,BHIAB1,,1.50,0.70xprazo,0,0,,,,,,18832318,18832318,0.0
2026-04-30,BRMLB1,DI_SPREAD,4.31,anbima,8032178,1,1040.3029,0.6850,CDI,0.685,CDI +0.69%,23239764,7175407,69.1
2026-04-30,EQPA19,IPCA_SPREAD,6.83,anbima,9520636,3,1008.8626,7.8716,B35,41,B35 +41bps,37536635,18495362,50.7
2026-04-30,CSANB0,DI_SPREAD,4.37,anbima,0,0,,,,,,10777725,10777725,0.0
2026-04-30,ENAT14,IPCA_SPREAD,3.36,anbima,0,0,,,,,,20986629,20986629,0.0
2026-04-30,CERT11,IPCA_SPREAD,2.62,anbima,9305,2,1163.1857,7.9329,B29,6,B29 +6bps,10226462,10207851,0.2
2026-04-30,CESE32,IPCA_SPREAD,3.14,anbima,5102937,1,1133.9860,7.7160,B30,-16,B30 −16bps,26522238,16316364,38.5
2026-04-30,VALEB1,IPCA_SPREAD,4.79,anbima,0,0,,,,,,55351791,55351791,0.0
2026-04-30,MGPRA0,IPCA_SPREAD,7.73,anbima,1033,1,1032.9138,,,,,20592669,20590603,0.0
2026-04-30,RECV12,DI_SPREAD,2.22,anbima,0,0,,,,,,34186278,34186278,0.0
2026-04-30,RENTF2,DI_SPREAD,3.92,anbima,80241758,1,1069.8901,1.3401,CDI,1.3401,CDI +1.34%,160751126,267611,99.8
2026-04-30,FLCLB9,IPCA_SPREAD,8.42,anbima,0,0,,,,,,14681528,14681528,0.0
2026-04-30,MOVI27,DI_SPREAD,1.73,anbima,0,0,,,,,,31551091,31551091,0.0
2026-04-30,ARTR19,IPCA_SPREAD,0.61,anbima,14571,1,1324.5917,,,,,17280216,17251075,0.2
2026-04-30,SBSPC6,IPCA_SPREAD,2.77,anbima,618254,2,1383.1175,7.3673,B29,-50,B29 −50bps,21686223,20449716,5.7
2026-04-30,NEOE16,IPCA_SPREAD,1.80,anbima,398227,2,1402.2074,7.8277,B28,-4,B28 −4bps,16859061,16062607,4.7
2026-04-30,IRJS14,IPCA_SPREAD,6.81,anbima,3646436,1,1165.7405,10.5771,B35,312,B35 +312bps,10599698,3306825,68.8
2026-04-30,VLIM19,IPCA_SPREAD,7.47,anbima,0,0,,,,,,15016545,15016545,0.0
2026-04-30,OVSAA8,DI_SPREAD,2.00,anbima,0,0,,,,,,33016779,33016779,0.0
2026-04-30,EUFA17,DI_SPREAD,2.73,anbima,0,0,,,,,,12113213,12113213,0.0
2026-04-30,RDORE4,DI_SPREAD,4.65,anbima,9443621,4,1020.0498,1.2797,CDI,1.2797,CDI +1.28%,32173938,13286697,58.7
2026-04-30,NTSD36,DI_SPREAD,4.05,anbima,0,0,,,,,,39013039,39013039,0.0
2026-04-30,RDORC9,DI_SPREAD,2.92,anbima,0,0,,,,,,20498561,20498561,0.0
2026-04-30,RDORD3,DI_SPREAD,4.60,anbima,10004115,1,1095.5010,1.3001,CDI,1.3001,CDI +1.30%,27049710,7041481,74.0
2026-04-30,CEEBD2,IPCA_SPREAD,6.93,anbima,20490893,4,977.1993,7.4429,B35,-2,B35 −2bps,46288980,5307194,88.5
2026-04-30,AURP12,IPCA_SPREAD,5.83,anbima,72554,2,1036.4803,7.6502,B33,-5,B33 −5bps,21997783,21852676,0.7
2026-04-30,ISAEC0,IPCA_SPREAD,8.85,anbima,33218329,4,974.4017,7.3017,B40,15,B40 +15bps,69586304,3149646,95.5
2026-04-30,CGASB4,IPCA_SPREAD,8.51,anbima,838449,3,1011.3984,6.8899,B40,-26,B40 −26bps,42430940,40754041,4.0
2026-04-30,EXSE11,,3.83,0.70xprazo,0,0,,,,,,20583366,20583366,0.0
2026-04-30,CLCD27,IPCA_SPREAD,5.41,anbima,4678193,1,1087.9519,7.3320,B33,-37,B33 −37bps,15233630,5877244,61.4
2026-04-30,RDORD4,DI_SPREAD,3.55,anbima,0,0,,,,,,20129798,20129798,0.0
2026-04-30,ENMTC5,IPCA_SPREAD,6.61,anbima,0,0,,,,,,43566846,43566846,0.0
2026-04-30,ENEVA4,IPCA_SPREAD,7.02,anbima,2853780,1,965.7462,7.7260,B35,27,B35 +27bps,24138301,18430741,23.6
2026-04-30,IGSN15,IPCA_SPREAD,3.76,anbima,6000348,2,996.9012,,,,,12259511,258814,97.9
2026-04-30,VIALA5,IPCA_SPREAD,3.69,anbima,0,0,,,,,,23750932,23750932,0.0
2026-04-30,BTGH18,DI_SPREAD,2.00,anbima,0,0,,,,,,12669414,12669414,0.0
2026-04-30,PASS14,DI_SPREAD,2.99,anbima,10003535,1,1049.2485,1.0193,CDI,1.0193,CDI +1.02%,20095259,88189,99.6
2026-04-30,EQPA18,IPCA_SPREAD,6.47,anbima,79566,2,1120.6449,7.4539,B35,-1,B35 −1bps,74615619,74456488,0.2
2026-04-30,FGEN13,IPCA_SPREAD,0.87,anbima,8065,1,672.0572,7.8800,B27,-127,B27 −127bps,18616584,18600454,0.1
2026-04-30,AESLA9,IPCA_SPREAD,6.00,anbima,551133,1,1028.2339,7.6412,B33,-6,B33 −6bps,16400340,15298073,6.7
2026-04-30,ANHBB6,IPCA_SPREAD,6.67,anbima,0,0,,,,,,12579298,12579298,0.0
2026-04-30,BRDO11,,1.98,0.70xprazo,0,0,,,,,,156887308,156887308,0.0
2026-04-30,DESK18,IPCA_SPREAD,4.42,anbima,0,0,,,,,,38321344,38321344,0.0
2026-04-30,SUZB29,IPCA_SPREAD,5.60,anbima,12981352,1,1101.8888,7.2491,B33,-45,B33 −45bps,26037078,74374,99.7
2026-04-30,VEBMA6,DI_SPREAD,3.29,anbima,0,0,,,,,,42413022,42413022,0.0
2026-04-30,HYPEA8,DI_SPREAD,1.92,anbima,0,0,,,,,,46581268,46581268,0.0
2026-04-30,TSSG14,DI_SPREAD,2.16,anbima,0,0,,,,,,42817767,42817767,0.0
2026-04-30,CMGDB1,IPCA_SPREAD,6.98,anbima,82738,2,1008.9995,7.7580,B35,30,B35 +30bps,27546888,27381412,0.6
2026-04-30,CPLD29,IPCA_SPREAD,5.76,anbima,34090,1,1065.3269,,,,,43344049,43275868,0.2
2026-04-30,CAMLB1,DI_SPREAD,1.54,anbima,0,0,,,,,,34382630,34382630,0.0
2026-04-30,VLIM15,IPCA_SPREAD,4.06,anbima,274272,2,1038.9098,7.6282,B31,-25,B31 −25bps,18934525,18385981,2.9
2026-04-30,ISAED1,DI_SPREAD,4.84,anbima,0,0,,,,,,21322691,21322691,0.0
2026-04-30,CEBD25,DI_SPREAD,2.04,anbima,0,0,,,,,,10134821,10134821,0.0
2026-04-30,ECOA11,,6.45,0.70xprazo,0,0,,,,,,20179771,20179771,0.0
2026-04-30,MRSAB3,IPCA_SPREAD,8.63,anbima,2235204,3,1013.2383,7.3440,B40,19,B40 +19bps,16587398,12116991,27.0
2026-04-30,CGASA4,IPCA_SPREAD,7.64,anbima,0,0,,,,,,14087610,14087610,0.0
2026-04-30,TUPW11,DI_SPREAD,3.05,anbima,0,0,,,,,,21378057,21378057,0.0
2026-04-30,ELTN16,DI_SPREAD,3.57,anbima,0,0,,,,,,11012473,11012473,0.0
2026-04-30,RADL15,DI_SPREAD,1.65,anbima,0,0,,,,,,11014668,11014668,0.0
2026-04-30,ARTRA4,DI_SPREAD,0.92,anbima,0,0,,,,,,14391330,14391330,0.0
2026-04-30,IFPT11,,5.16,0.70xprazo,0,0,,,,,,10778232,10778232,0.0
2026-04-30,CSNP12,IPCA_SPREAD,2.93,anbima,0,0,,,,,,19754543,19754543,0.0
2026-04-30,SAPRB3,IPCA_SPREAD,4.69,anbima,0,0,,,,,,13131006,13131006,0.0
2026-04-30,SBSPD7,DI_SPREAD,3.96,anbima,10134906,1,1065.1504,0.7409,CDI,0.7409,CDI +0.74%,20413986,144173,99.3
2026-04-30,TOTS15,DI_SPREAD,2.76,anbima,0,0,,,,,,10254235,10254235,0.0
2026-04-30,BCPSA4,DI_SPREAD,0.53,anbima,0,0,,,,,,27519231,27519231,0.0
2026-04-30,CHTH11,DI_SPREAD,2.40,anbima,0,0,,,,,,12478986,12478986,0.0
2026-04-30,EGIEB4,IPCA_SPREAD,3.92,anbima,0,0,,,,,,22928049,22928049,0.0
2026-04-30,ELDC15,IPCA_SPREAD,5.98,anbima,0,0,,,,,,29977441,29977441,0.0
2026-04-30,CCPV11,IPCA_SPREAD,3.36,anbima,0,0,,,,,,19676384,19676384,0.0
2026-04-30,CSMGB9,IPCA_SPREAD,3.64,anbima,0,0,,,,,,16819479,16819479,0.0
2026-04-30,NTSDA0,DI_SPREAD,3.50,anbima,0,0,,,,,,16623540,16623540,0.0
2026-04-30,CEROA2,DI_SPREAD,2.73,anbima,0,0,,,,,,11731544,11731544,0.0
2026-04-30,FLCLA9,IPCA_SPREAD,6.66,anbima,9964428,1,996.4428,7.7671,B35,31,B35 +31bps,19928855,0,100.0
2026-04-30,SBSPJ8,IPCA_SPREAD,7.96,anbima,0,0,,,,,,10052841,10052841,0.0
2026-04-30,CLIS13,IPCA_SPREAD,4.88,anbima,0,0,,,,,,10076102,10076102,0.0
2026-05-04,AEGE16,DI_SPREAD,3.30,anbima,24996133,1,880.3005,,,,,51143201,1150936,97.7
2026-05-04,EGIEB5,IPCA_SPREAD,6.16,anbima,1075541,1,1062.7876,7.3101,B35,-23,B35 −23bps,11614772,9463690,18.5
2026-05-04,CGOSA1,DI_SPREAD,3.58,anbima,0,0,,,,,,12565662,12565662,0.0
2026-05-04,MGPRA0,IPCA_SPREAD,7.73,anbima,12044385,2,995.4037,,,,,44484676,20395906,54.2
2026-05-04,ENAT13,IPCA_SPREAD,3.36,anbima,5076157,1,1103.5124,,,,,10607222,454907,95.7
2026-05-04,NTSD36,DI_SPREAD,4.05,anbima,0,0,,,,,,27362014,27362014,0.0
2026-05-04,CBAN12,IPCA_SPREAD,4.18,anbima,6570042,2,1432.9426,7.6570,B31,-27,B31 −27bps,23303009,10162925,56.4
2026-05-04,ISAEC0,IPCA_SPREAD,8.85,anbima,5327466,3,973.7645,7.3098,B40,8,B40 +8bps,54823922,44168991,19.4
2026-05-04,VALED1,IPCA_SPREAD,7.67,anbima,1718376,5,1065.9899,6.8424,B37,-68,B37 −68bps,14058038,10621286,24.4
2026-05-04,CESE32,IPCA_SPREAD,3.14,anbima,20400779,2,1133.3766,7.7434,B30,-19,B30 −19bps,41531999,730442,98.2
2026-05-04,HAPVA0,DI_SPREAD,3.90,anbima,9992808,1,773.3773,7.3008,CDI,7.3008,CDI +7.30%,21030116,1044500,95.0
2026-05-04,CGASA5,DI_SPREAD,2.16,anbima,0,0,,,,,,106027804,106027804,0.0
2026-05-04,BCBF16,DI_SPREAD,0.64,anbima,0,0,,,,,,10139187,10139187,0.0
2026-05-04,RIS412,IPCA_SPREAD,4.05,anbima,4998387,1,8.7691,14.2311,B31,630,B31 +630bps,10704570,707796,93.4
2026-05-04,CLIS13,IPCA_SPREAD,4.88,anbima,123070,1,1118.8186,7.7546,B32,1,B32 +1bps,10198547,9952407,2.4
2026-05-04,RUMOA4,IPCA_SPREAD,2.44,anbima,84097,1,1356.3956,8.7748,B29,86,B29 +86bps,11784610,11616417,1.4
2026-05-04,ENAT11,IPCA_SPREAD,1.71,anbima,242254,1,1229.7178,9.1501,B28,124,B28 +124bps,14060493,13575984,3.4
2026-05-04,CBAN72,IPCA_SPREAD,4.17,anbima,4356289,1,1452.0963,7.6571,B31,-27,B31 −27bps,13147565,4434987,66.3
2026-05-04,OPCT17,DI_SPREAD,2.37,anbima,0,0,,,,,,10176769,10176769,0.0
2026-05-04,VALEC1,IPCA_SPREAD,6.64,anbima,2733902,6,1059.2414,6.9176,B35,-62,B35 −62bps,48229358,42761554,11.3
2026-05-04,CHSF13,IPCA_SPREAD,4.17,anbima,32467530,1,1082.2510,7.6380,B31,-29,B31 −29bps,99301946,34366886,65.4
2026-05-04,CPLDA1,IPCA_SPREAD,6.82,anbima,0,0,,,,,,10409088,10409088,0.0
2026-05-04,SBSPF3,IPCA_SPREAD,8.18,anbima,79118,1,1027.5085,8.1200,B37,60,B37 +60bps,12365175,12206939,1.3
2026-05-04,VERTA2,,2.00,0.70xprazo,5001610,1,1025.1301,3.4000,,,,10003219,0,100.0
2026-05-04,ANHBB6,IPCA_SPREAD,6.67,anbima,937280,4,1023.2313,7.5358,B35,0,B35 +0bps,14125170,12250611,13.3
2026-05-04,CPGTA1,IPCA_SPREAD,6.82,anbima,0,0,,,,,,14508493,14508493,0.0
2026-05-04,CEPEC1,IPCA_SPREAD,3.67,anbima,1182,1,1182.1962,7.8101,B30,-12,B30 −12bps,13016151,13013787,0.0
2026-05-04,EKTRC0,IPCA_SPREAD,3.68,anbima,43686,1,1180.6916,7.7501,B30,-18,B30 −18bps,12235251,12147879,0.7
2026-05-04,GASP19,IPCA_SPREAD,3.56,anbima,0,0,,,,,,13154188,13154188,0.0
2026-05-04,ECER12,IPCA_SPREAD,1.13,anbima,18246,2,1303.2625,8.1951,B27,-100,B27 −100bps,21231119,21194628,0.2
2026-05-04,AURP12,IPCA_SPREAD,5.83,anbima,10253417,2,1025.2391,7.8555,B33,12,B33 +12bps,60501077,39994244,33.9
2026-05-04,CTGE13,IPCA_SPREAD,2.85,anbima,0,0,,,,,,12338092,12338092,0.0
2026-05-04,CPGT27,IPCA_SPREAD,3.69,anbima,3521,1,1173.5666,,,,,12678558,12671516,0.1
2026-05-04,CEEBD2,IPCA_SPREAD,6.93,anbima,41041549,3,963.0775,7.6715,B35,13,B35 +13bps,94315485,12232387,87.0
2026-05-04,EQPA18,IPCA_SPREAD,6.47,anbima,37000,1,1088.2254,7.9455,B35,41,B35 +41bps,72483896,72409897,0.1
2026-05-04,CGOS28,IPCA_SPREAD,6.40,anbima,0,0,,,,,,42057098,42057098,0.0
2026-05-04,ECHP11,IPCA_SPREAD,2.13,anbima,50900,1,1156.8231,,,,,10231145,10129344,1.0
2026-05-04,RENTA5,DI_SPREAD,3.79,anbima,0,0,,,,,,65235354,65235354,0.0
2026-05-04,TIMS12,IPCA_SPREAD,1.34,anbima,0,0,,,,,,14288551,14288551,0.0
2026-05-04,VIALA5,IPCA_SPREAD,3.69,anbima,2963367,1,987.7890,7.7180,B30,-21,B30 −21bps,25711274,19784539,23.1
2026-05-04,CPLDC0,IPCA_SPREAD,6.59,anbima,0,0,,,,,,79117100,79117100,0.0
2026-05-04,EGIEA6,IPCA_SPREAD,7.71,anbima,90239,2,939.9873,7.3444,B37,-18,B37 −18bps,41418981,41238504,0.4
2026-05-04,CEEBB6,IPCA_SPREAD,3.12,anbima,11048326,1,1095.4120,7.7753,B30,-15,B30 −15bps,54970914,32874262,40.2
2026-05-04,SBSPI8,IPCA_SPREAD,7.00,anbima,0,0,,,,,,11778939,11778939,0.0
2026-05-04,USIM29,DI_SPREAD,2.35,anbima,0,0,,,,,,126728286,126728286,0.0
2026-05-04,USIMA0,DI_SPREAD,2.48,anbima,0,0,,,,,,15513228,15513228,0.0
2026-05-04,VRGO15,,2.97,0.70xprazo,0,0,,,,,,49995152,49995152,0.0
2026-05-04,BARU11,IPCA_SPREAD,7.42,anbima,0,0,,,,,,40198496,40198496,0.0
2026-05-04,ELTN15,IPCA_SPREAD,4.04,anbima,0,0,,,,,,42095329,42095329,0.0
2026-05-04,HVSP11,IPCA_SPREAD,4.90,anbima,0,0,,,,,,11566704,11566704,0.0
2026-05-04,CLTM14,IPCA_SPREAD,5.65,anbima,10511625,1,1037.8776,8.7691,B33,103,B33 +103bps,49493436,28470187,42.5
2026-05-04,RDORC9,DI_SPREAD,2.92,anbima,0,0,,,,,,10005750,10005750,0.0
2026-05-04,AERI12,DI_SPREAD,2.73,0.70xprazo,0,0,,,,,,10270161,10270161,0.0
2026-05-04,EBTE15,,3.16,0.70xprazo,0,0,,,,,,16634887,16634887,0.0
2026-05-04,BCPSA6,DI_SPREAD,1.89,anbima,0,0,,,,,,14041625,14041625,0.0
2026-05-04,CPLD15,IPCA_SPREAD,0.78,anbima,0,0,,,,,,13331924,13331924,0.0
2026-05-04,EATEA4,,2.80,0.70xprazo,0,0,,,,,,10736194,10736194,0.0
2026-05-04,CMTR29,IPCA_SPREAD,3.01,anbima,0,0,,,,,,10172605,10172605,0.0
2026-05-04,EQMAA0,IPCA_SPREAD,3.81,anbima,0,0,,,,,,14148553,14148553,0.0
2026-05-04,MOVIA3,DI_SPREAD,0.56,anbima,0,0,,,,,,14483376,14483376,0.0
2026-05-04,ENEVD0,DI_SPREAD,3.12,anbima,23865069,5,1019.1779,0.7924,CDI,0.7924,CDI +0.79%,49769242,2039104,95.9
2026-05-04,CSNAA2,DI_SPREAD,0.82,anbima,1587111,1,945.2719,15.0600,CDI,15.06,CDI +15.06%,39026896,35852673,8.1
2026-05-04,EUFA17,DI_SPREAD,2.73,anbima,0,0,,,,,,11870542,11870542,0.0
2026-05-04,VERTB0,,3.00,0.70xprazo,0,0,,,,,,10285003,10285003,0.0
2026-05-04,VERTA4,,3.53,0.70xprazo,0,0,,,,,,14301173,14301173,0.0
2026-05-04,TFLEA9,DI_SPREAD,3.59,anbima,0,0,,,,,,13161110,13161110,0.0
2026-05-04,ASAI28,DI_SPREAD,2.06,anbima,0,0,,,,,,22101659,22101659,0.0
2026-05-04,ASAI22,DI_SPREAD,1.19,anbima,0,0,,,,,,24722361,24722361,0.0
2026-05-04,PASS14,DI_SPREAD,2.99,anbima,0,0,,,,,,10008264,10008264,0.0
2026-05-04,EKTRC1,IPCA_SPREAD,2.29,anbima,708477,1,1167.1784,7.7280,B29,-18,B29 −18bps,24907175,23490220,5.7
2026-05-04,ELTN19,DI_SPREAD,4.18,anbima,0,0,,,,,,37890048,37890048,0.0
2026-05-04,MSGT12,IPCA_SPREAD,2.03,anbima,0,0,,,,,,11588364,11588364,0.0
2026-05-04,CEED21,IPCA_SPREAD,2.33,anbima,0,0,,,,,,18319153,18319153,0.0
2026-05-04,AEGPB5,DI_SPREAD,3.22,anbima,514202,1,934.9124,5.8015,CDI,5.8015,CDI +5.80%,17750363,16721960,5.8
2026-05-04,ASAIA1,DI_SPREAD,2.16,anbima,0,0,,,,,,51965478,51965478,0.0
2026-05-04,BCPSA7,IPCA_SPREAD,6.45,anbima,0,0,,,,,,10968872,10968872,0.0
2026-05-04,PSAN13,DI_SPREAD,2.42,anbima,0,0,,,,,,26366901,26366901,0.0
2026-05-04,ELDC15,IPCA_SPREAD,5.98,anbima,0,0,,,,,,39800056,39800056,0.0
2026-05-04,ROTY13,IPCA_SPREAD,3.92,anbima,4975028,1,995.0056,7.4531,B31,-48,B31 −48bps,17912261,7962205,55.5
2026-05-04,SUZBB1,DI_SPREAD,4.54,anbima,50028612,1,1085.2193,0.6585,CDI,0.6585,CDI +0.66%,100057223,0,100.0
2026-05-04,ERPM11,,2.24,0.70xprazo,0,0,,,,,,13300494,13300494,0.0
2026-05-04,MOVIA2,DI_SPREAD,0.23,anbima,0,0,,,,,,22837448,22837448,0.0
2026-05-05,BCBF16,DI_SPREAD,0.64,anbima,0,0,,,,,,10009709,10009709,0.0
2026-05-05,CTNSA2,DI_SPREAD,2.72,anbima,0,0,,,,,,11942440,11942440,0.0
2026-05-05,SVEA15,DI_SPREAD,2.54,anbima,0,0,,,,,,10322274,10322274,0.0
2026-05-05,MOVIA3,DI_SPREAD,0.56,anbima,214644,1,1022.1148,2.9950,CDI,2.995,CDI +2.99%,15338403,14909115,2.8
2026-05-05,MOVIA2,DI_SPREAD,0.23,anbima,0,0,,,,,,22850488,22850488,0.0
2026-05-05,ASAIA1,DI_SPREAD,2.16,anbima,0,0,,,,,,59291905,59291905,0.0
2026-05-05,ASAI19,DI_SPREAD,1.81,anbima,0,0,,,,,,13760667,13760667,0.0
2026-05-05,PSAN13,DI_SPREAD,2.42,anbima,0,0,,,,,,26381622,26381622,0.0
2026-05-05,ISPE12,DI_SPREAD,2.32,anbima,0,0,,,,,,24500877,24500877,0.0
2026-05-05,ORIG21,PREFIXADO,4.25,anbima,90676,3,880.3532,19.1103,,,,34031090,33849737,0.5
2026-05-05,MVLV16,,1.48,0.70xprazo,23694,1,1692.4576,12.9550,,,,13547145,13499756,0.3
2026-05-05,CAMLB1,DI_SPREAD,1.54,anbima,0,0,,,,,,10002809,10002809,0.0
2026-05-05,ELPLB4,,0.02,0.70xprazo,0,0,,,,,,28760007,28760007,0.0
2026-05-05,VALED1,IPCA_SPREAD,7.67,anbima,429769,7,1063.7841,6.8811,B37,-60,B37 −60bps,12114776,11255238,7.1
2026-05-05,BTGH18,DI_SPREAD,2.00,anbima,13844,1,1064.9116,1.3059,CDI,1.3059,CDI +1.31%,11223262,11195574,0.2
2026-05-05,SBSPF3,IPCA_SPREAD,8.18,anbima,95962,3,1066.2400,7.6511,B37,17,B37 +17bps,12101898,11909975,1.6
2026-05-05,PASS14,DI_SPREAD,2.99,anbima,0,0,,,,,,10002987,10002987,0.0
2026-05-05,CGASA5,DI_SPREAD,2.16,anbima,0,0,,,,,,34885751,34885751,0.0
2026-05-05,UNEG11,IPCA_SPREAD,6.65,anbima,10224039,4,1184.0230,8.1968,B35,72,B35 +72bps,30823095,10375017,66.3
2026-05-05,SBSPI8,IPCA_SPREAD,7.00,anbima,0,0,,,,,,11298135,11298135,0.0
2026-05-05,ASAI22,DI_SPREAD,1.19,anbima,505380,1,1070.7206,1.9849,CDI,1.9849,CDI +1.98%,11195785,10185025,9.0
2026-05-05,CERT11,IPCA_SPREAD,2.62,anbima,1100757,4,1166.0565,7.8982,B29,5,B29 +5bps,19522313,17320799,11.3
2026-05-05,MRSAA3,IPCA_SPREAD,4.92,anbima,0,0,,,,,,14459087,14459087,0.0
2026-05-05,ORIG12,IPCA_SPREAD,4.84,anbima,0,0,,,,,,46566180,46566180,0.0
2026-05-05,RMGG12,,8.83,0.70xprazo,0,0,,,,,,10142545,10142545,0.0
2026-05-05,CLTM14,IPCA_SPREAD,5.65,anbima,9581057,3,1034.6714,8.8281,B33,112,B33 +112bps,31386644,12224530,61.1
2026-05-05,ENGIB9,IPCA_SPREAD,4.96,anbima,5319,1,1063.8938,7.8597,B32,15,B32 +15bps,16430285,16419646,0.1
2026-05-05,EKTRB6,IPCA_SPREAD,8.36,anbima,0,0,,,,,,11241771,11241771,0.0
2026-05-05,TIMS12,IPCA_SPREAD,1.34,anbima,33753,1,1298.1838,,,,,37970494,37902988,0.2
2026-05-05,CMGDB0,IPCA_SPREAD,5.25,anbima,5158440,1,1031.6880,7.7020,B33,-1,B33 −1bps,10503886,187006,98.2
2026-05-05,SUZBB1,DI_SPREAD,4.54,anbima,0,0,,,,,,34795023,34795023,0.0
2026-05-05,CEEBD2,IPCA_SPREAD,6.93,anbima,6603829,4,1001.0351,7.0920,B35,-39,B35 −39bps,20041847,6834190,65.9
2026-05-05,USIM29,DI_SPREAD,2.35,anbima,15867,1,1057.7728,1.8162,CDI,1.8162,CDI +1.82%,20041590,20009857,0.2
2026-05-05,TRGP13,IPCA_SPREAD,7.79,anbima,10009,1,1000.9374,,,,,50846662,50826643,0.0
2026-05-05,CMGDB4,IPCA_SPREAD,8.61,anbima,1025300,2,954.6554,7.5763,B40,39,B40 +39bps,22718856,20668256,9.0
2026-05-05,CNRD12,IPCA_SPREAD,6.98,anbima,2002477,2,1001.2385,8.5782,B35,110,B35 +110bps,19005048,15000094,21.1
2026-05-05,CMGDA4,IPCA_SPREAD,7.26,anbima,2477516,4,971.5749,7.6390,B37,16,B37 +16bps,11753827,6798796,42.2
2026-05-05,MRSAB3,IPCA_SPREAD,8.63,anbima,1279898,4,1010.9778,7.3831,B40,19,B40 +19bps,19158588,16598793,13.4
2026-05-05,MRSAC2,IPCA_SPREAD,8.15,anbima,10147986,1,1014.7986,7.5298,B37,5,B37 +5bps,20813856,517884,97.5
2026-05-05,ENEVA4,IPCA_SPREAD,7.02,anbima,0,0,,,,,,45061738,45061738,0.0
2026-05-05,CMGD27,,0.08,0.70xprazo,0,0,,,,,,20972166,20972166,0.0
2026-05-05,CBAN72,IPCA_SPREAD,4.17,anbima,0,0,,,,,,10527604,10527604,0.0
2026-05-05,ENEVA3,DI_SPREAD,2.73,anbima,5015605,1,1062.8535,0.6993,CDI,0.6993,CDI +0.70%,10031211,0,100.0
2026-05-05,MGPRA0,IPCA_SPREAD,7.73,anbima,33827,2,994.9013,,,,,18492661,18425008,0.4
2026-05-05,ENAT11,IPCA_SPREAD,1.71,anbima,215828,2,1226.2958,9.3843,B28,153,B28 +153bps,15597966,15166310,2.8
2026-05-05,PFOR25,DI_SPREAD,3.44,anbima,1381718,2,1017.4657,1.6875,CDI,1.6875,CDI +1.69%,11002451,8239014,25.1
2026-05-05,AALM12,DI_SPREAD,2.15,anbima,0,0,,,,,,11657562,11657562,0.0
2026-05-05,CSANB0,DI_SPREAD,4.37,anbima,207415,2,992.4172,2.9053,CDI,2.9053,CDI +2.91%,13236720,12821889,3.1
2026-05-05,RENTA5,DI_SPREAD,3.79,anbima,0,0,,,,,,44734406,44734406,0.0
2026-05-05,VIXL18,DI_SPREAD,2.33,anbima,7366573,4,1083.1603,1.1745,CDI,1.1745,CDI +1.17%,34640145,19906999,42.5
2026-05-05,BTEL23,IPCA_SPREAD,4.19,anbima,0,0,,,,,,14095403,14095403,0.0
2026-05-05,USIMA0,DI_SPREAD,2.48,anbima,0,0,,,,,,15495410,15495410,0.0
2026-05-05,COLNA3,DI_SPREAD,3.17,anbima,3002783,2,1040.4653,0.9001,CDI,0.9001,CDI +0.90%,22176872,16171306,27.1
2026-05-05,BRKPA4,DI_SPREAD,3.07,anbima,139738,1,970.4029,3.0541,CDI,3.0541,CDI +3.05%,10266869,9987393,2.7
2026-05-05,CIEL17,DI_SPREAD,1.29,anbima,0,0,,,,,,21734932,21734932,0.0
2026-05-05,RENTE3,DI_SPREAD,3.07,anbima,0,0,,,,,,11420528,11420528,0.0
2026-05-05,EBENA8,IPCA_SPREAD,6.83,anbima,5101808,3,1082.2674,7.5336,B35,5,B35 +5bps,16066504,5862887,63.5
2026-05-05,EUFA17,DI_SPREAD,2.73,anbima,0,0,,,,,,61239754,61239754,0.0
2026-05-05,ELTN27,IPCA_SPREAD,4.90,anbima,317817,1,1045.4506,7.5606,B32,-15,B32 −15bps,73913412,73277778,0.9
2026-05-05,RDORF1,DI_SPREAD,4.21,anbima,83295111,2,1040.6035,1.3202,CDI,1.3202,CDI +1.32%,172805424,6215203,96.4
2026-05-05,EGIEA6,IPCA_SPREAD,7.71,anbima,0,0,,,,,,35447000,35447000,0.0
2026-05-05,CSMGD2,DI_SPREAD,3.94,anbima,5055968,1,1011.1935,0.8515,CDI,0.8515,CDI +0.85%,10111935,0,100.0
2026-05-05,EGIEA4,PREFIXADO,3.28,anbima,0,0,,,,,,181447148,181447148,0.0
2026-05-05,ARML14,DI_SPREAD,3.20,anbima,0,0,,,,,,30975022,30975022,0.0
2026-05-05,VRGO14,,2.53,0.70xprazo,0,0,,,,,,83986472,83986472,0.0
2026-05-05,VRGO24,,2.53,0.70xprazo,0,0,,,,,,22354664,22354664,0.0
2026-05-05,SVEA14,DI_SPREAD,1.25,anbima,0,0,,,,,,119843815,119843815,0.0
2026-05-05,SVEA16,DI_SPREAD,4.10,anbima,0,0,,,,,,142658981,142658981,0.0
2026-05-05,EKTRA3,DI_SPREAD,3.13,anbima,11715400,1,1015.9917,0.7307,CDI,0.7307,CDI +0.73%,26432124,3001324,88.6
2026-05-05,BCPSA6,DI_SPREAD,1.89,anbima,0,0,,,,,,20809879,20809879,0.0
2026-05-05,ECTEA0,,2.80,0.70xprazo,0,0,,,,,,24960020,24960020,0.0
2026-05-05,ASAIA0,DI_SPREAD,2.04,anbima,0,0,,,,,,83183270,83183270,0.0
2026-05-05,RDORC4,DI_SPREAD,1.04,anbima,0,0,,,,,,94348534,94348534,0.0
2026-05-05,SBSPD2,DI_SPREAD,0.13,anbima,0,0,,,,,,24873468,24873468,0.0
2026-05-05,ENERB4,IPCA_SPREAD,6.19,anbima,9156944,2,1006.0365,7.8021,B35,32,B35 +32bps,18318048,4160,100.0
2026-05-05,BRKMA6,DI_SPREAD,2.11,0.70xprazo,0,0,,,,,,10599740,10599740,0.0
2026-05-05,TLPP27,DI_SPREAD,0.92,anbima,0,0,,,,,,118560481,118560481,0.0
2026-05-05,CPLDA1,IPCA_SPREAD,6.82,anbima,0,0,,,,,,15845039,15845039,0.0
2026-05-05,ANIM15,DI_SPREAD,1.54,anbima,0,0,,,,,,15003959,15003959,0.0
2026-05-05,PRLG17,DI_SPREAD,2.83,anbima,0,0,,,,,,13570821,13570821,0.0
2026-05-05,CLIS11,DI_SPREAD,2.33,anbima,0,0,,,,,,17735223,17735223,0.0
2026-05-05,RSAN25,DI_SPREAD,1.99,anbima,260079,1,1074.7075,2.6070,CDI,2.607,CDI +2.61%,33258046,32737888,1.6
2026-05-05,ISAED1,DI_SPREAD,4.84,anbima,0,0,,,,,,16449308,16449308,0.0
2026-05-05,SBSPD7,DI_SPREAD,3.96,anbima,0,0,,,,,,24673972,24673972,0.0
2026-05-05,CSANA2,DI_SPREAD,2.49,anbima,0,0,,,,,,10574271,10574271,0.0
2026-05-05,SUZBA2,,10.40,0.70xprazo,165627707,1,925.2945,7.2066,,,,331255426,13,100.0
2026-05-05,JALL14,IPCA_SPREAD,3.62,anbima,17655196,1,1084.0720,8.3551,B30,47,B30 +47bps,35427873,117481,99.7
2026-05-05,AESLC2,IPCA_SPREAD,5.30,anbima,0,0,,,,,,29259013,29259013,0.0
2026-05-05,RIPR22,IPCA_SPREAD,3.51,anbima,12283415,1,1214.8566,7.4921,B30,-40,B30 −40bps,24566830,0,100.0
2026-05-05,CMGDB3,DI_SPREAD,3.64,anbima,50449955,1,1008.9991,0.7608,CDI,0.7608,CDI +0.76%,100899906,0,100.0
2026-05-05,BCPSA5,IPCA_SPREAD,2.41,anbima,0,0,,,,,,24513650,24513650,0.0
2026-05-06,CMGDB4,IPCA_SPREAD,8.61,anbima,10736489,4,950.1318,7.6426,B40,49,B40 +49bps,35854670,14381691,59.9
2026-05-06,ARML15,DI_SPREAD,3.48,anbima,0,0,,,,,,15548203,15548203,0.0
2026-05-06,TRGP13,IPCA_SPREAD,7.79,anbima,10124222,1,1012.4221,,,,,21379530,1131087,94.7
2026-05-06,MGPRA0,IPCA_SPREAD,7.73,anbima,2321321,8,998.4176,,,,,34613526,29970885,13.4
2026-05-06,RSAN25,DI_SPREAD,1.99,anbima,732681,1,1075.8906,2.6001,CDI,2.6001,CDI +2.60%,21575668,20110305,6.8
2026-05-06,SAELB7,IPCA_SPREAD,8.42,anbima,6091946,3,985.5924,7.6865,B40,54,B40 +54bps,13558291,1374399,89.9
2026-05-06,CLTM14,IPCA_SPREAD,5.65,anbima,0,0,,,,,,12353863,12353863,0.0
2026-05-06,CHSF13,IPCA_SPREAD,4.17,anbima,514479,5,1101.6687,7.2190,B31,-60,B31 −60bps,11514288,10485330,8.9
2026-05-06,ENGIB9,IPCA_SPREAD,4.96,anbima,0,0,,,,,,256655874,256655874,0.0
2026-05-06,EUFA17,DI_SPREAD,2.73,anbima,0,0,,,,,,49269664,49269664,0.0
2026-05-06,BRKPA4,DI_SPREAD,3.07,anbima,2738700,4,974.2798,2.9486,CDI,2.9486,CDI +2.95%,10483628,5006227,52.2
2026-05-06,CEPEA7,IPCA_SPREAD,9.00,anbima,7972215,1,1001.2830,7.6860,B40,54,B40 +54bps,16963863,1019433,94.0
2026-05-06,EKTRB6,IPCA_SPREAD,8.36,anbima,971805,1,971.8047,7.6860,B37,25,B37 +25bps,12693335,10749726,15.3
2026-05-06,UNEG11,IPCA_SPREAD,6.65,anbima,511926,1,1176.8403,8.3060,B35,85,B35 +85bps,11194406,10170555,9.1
2026-05-06,RISP22,IPCA_SPREAD,7.59,anbima,0,0,,,,,,20751232,20751232,0.0
2026-05-06,BRKMA6,DI_SPREAD,2.11,0.70xprazo,0,0,,,,,,20021804,20021804,0.0
2026-05-06,CPLD38,DI_SPREAD,1.67,anbima,430922,1,1077.3038,,,,,37621235,36759392,2.3
2026-05-06,CSANB0,DI_SPREAD,4.37,anbima,0,0,,,,,,10607411,10607411,0.0
2026-05-06,ANIM15,DI_SPREAD,1.54,anbima,5001445,1,1078.5950,1.5501,CDI,1.5501,CDI +1.55%,25003228,15000338,40.0
2026-05-06,AALM12,DI_SPREAD,2.15,anbima,0,0,,,,,,24512427,24512427,0.0
2026-05-06,CEEDA0,DI_SPREAD,3.58,anbima,5504240,2,1000.7709,0.8300,CDI,0.83,CDI +0.83%,43018834,32010353,25.6
2026-05-06,BTEL23,IPCA_SPREAD,4.19,anbima,0,0,,,,,,14254899,14254899,0.0
2026-05-06,COLNA3,DI_SPREAD,3.17,anbima,27400846,7,1039.9593,0.9203,CDI,0.9203,CDI +0.92%,67051784,12250091,81.7
2026-05-06,GSHC17,DI_SPREAD,1.88,anbima,0,0,,,,,,14188465,14188465,0.0
2026-05-06,AXIA18,IPCA_SPREAD,5.21,anbima,11251087,2,986.9375,7.6562,B32,-2,B32 −2bps,36319182,13817008,62.0
2026-05-06,RDORD9,DI_SPREAD,0.16,0.70xprazo,0,0,,,,,,10761902,10761902,0.0
2026-05-06,SUZBB1,DI_SPREAD,4.54,anbima,4066821,5,1086.8041,0.6413,CDI,0.6413,CDI +0.64%,39916231,31782589,20.4
2026-05-06,ERDVA6,DI_SPREAD,3.07,anbima,21949186,1,1050.7533,1.0200,CDI,1.02,CDI +1.02%,75425046,31526674,58.2
2026-05-06,CBAN72,IPCA_SPREAD,4.17,anbima,5585836,2,1458.4428,7.5791,B31,-24,B31 −24bps,11648962,477290,95.9
2026-05-06,IVIAA0,IPCA_SPREAD,5.67,anbima,1065668,3,1018.8034,8.7350,B33,106,B33 +106bps,18720274,16588937,11.4
2026-05-06,CMGDB3,DI_SPREAD,3.64,anbima,0,0,,,,,,106990875,106990875,0.0
2026-05-06,VALED1,IPCA_SPREAD,7.67,anbima,3138,1,1045.9030,7.1285,B37,-31,B37 −31bps,10645031,10638756,0.1
2026-05-06,CPLDA1,IPCA_SPREAD,6.82,anbima,0,0,,,,,,15299871,15299871,0.0
2026-05-06,ISAEC0,IPCA_SPREAD,8.85,anbima,154415,1,965.0941,7.4360,B40,29,B40 +29bps,20875848,20567018,1.5
2026-05-06,ELET16,IPCA_SPREAD,6.15,anbima,388389,1,1090.9794,6.8970,B35,-56,B35 −56bps,10361124,9584347,7.5
2026-05-06,ELET14,IPCA_SPREAD,3.57,anbima,1191510,16,1086.1534,7.7589,B30,-6,B30 −6bps,14398162,12015142,16.6
2026-05-06,ASAIA3,DI_SPREAD,2.36,anbima,1042640,2,1042.6400,1.9862,CDI,1.9862,CDI +1.99%,141012117,138926837,1.5
2026-05-06,ARML14,DI_SPREAD,3.20,anbima,0,0,,,,,,39611203,39611203,0.0
2026-05-06,RIPR22,IPCA_SPREAD,3.51,anbima,0,0,,,,,,12291470,12291470,0.0
2026-05-06,AURP12,IPCA_SPREAD,5.83,anbima,234859,3,1030.0838,7.7887,B33,11,B33 +11bps,12326133,11856414,3.8
2026-05-06,CMGD27,,0.08,0.70xprazo,0,0,,,,,,12559257,12559257,0.0
2026-05-06,TIMS12,IPCA_SPREAD,1.34,anbima,10375,3,1296.8787,,,,,26881138,26860388,0.1
2026-05-06,RAIZ14,DI_SPREAD,2.93,0.70xprazo,0,0,,,,,,94114198,94114198,0.0
2026-05-06,ERDVB4,IPCA_SPREAD,5.42,anbima,15671181,1,1066.0667,8.1170,B33,44,B33 +44bps,31399740,57377,99.8
2026-05-06,CERT11,IPCA_SPREAD,2.62,anbima,268713,4,1168.3187,7.8626,B29,9,B29 +9bps,14827212,14289785,3.6
2026-05-06,ALUP18,IPCA_SPREAD,5.70,anbima,192375,2,1028.7409,7.4531,B33,-23,B33 −23bps,10892495,10507746,3.5
2026-05-06,MVLV16,,1.48,0.70xprazo,0,0,,,,,,13875206,13875206,0.0
2026-05-06,ISAEA9,IPCA_SPREAD,8.83,anbima,21971177,3,1041.6336,7.2950,B40,14,B40 +14bps,61186041,17243687,71.8
2026-05-06,ELPLB4,,0.02,0.70xprazo,22119,1,1474.5849,17.4673,,,,29000102,28955865,0.2
2026-05-06,ELET24,DI_SPREAD,1.42,anbima,1030492,1,1030.4922,0.9635,CDI,0.9635,CDI +0.96%,19435282,17374298,10.6
2026-05-06,ASAIA0,DI_SPREAD,2.04,anbima,10374530,3,1037.4530,2.0696,CDI,2.0696,CDI +2.07%,127149660,106400601,16.3
2026-05-06,MRSAC2,IPCA_SPREAD,8.15,anbima,0,0,,,,,,22922572,22922572,0.0
2026-05-06,RIS424,IPCA_SPREAD,7.48,anbima,12151,1,0.8380,11.5920,B37,415,B37 +415bps,28421649,28397347,0.1
2026-05-06,ENAT11,IPCA_SPREAD,1.71,anbima,165378,1,1234.1644,9.0000,B28,123,B28 +123bps,15730950,15400194,2.1
2026-05-06,AEGP19,DI_SPREAD,1.04,anbima,0,0,,,,,,20079954,20079954,0.0
2026-05-06,CEEBD2,IPCA_SPREAD,6.93,anbima,1119606,2,969.3559,7.5909,B35,13,B35 +13bps,20442941,18203729,11.0
2026-05-06,RISP24,IPCA_SPREAD,7.46,anbima,9,1,0.9305,10.1050,B37,267,B37 +267bps,15780097,15780079,0.0
2026-05-06,ELPLC8,IPCA_SPREAD,2.87,anbima,0,0,,,,,,44584179,44584179,0.0
2026-05-06,RDORI6,DI_SPREAD,5.57,anbima,0,0,,,,,,28675134,28675134,0.0
2026-05-06,CESE32,IPCA_SPREAD,3.14,anbima,11555137,2,1138.9982,7.6454,B30,-17,B30 −17bps,27901605,4791331,82.8
2026-05-06,RIS422,IPCA_SPREAD,7.56,anbima,0,0,,,,,,20318044,20318044,0.0
2026-05-06,TFLE19,DI_SPREAD,2.96,anbima,0,0,,,,,,17117870,17117870,0.0
2026-05-06,EQPAA0,DI_SPREAD,3.49,anbima,0,0,,,,,,21997321,21997321,0.0
2026-05-06,MGLUA0,DI_SPREAD,0.23,anbima,53063947,1,502.1048,2.0358,CDI,2.0358,CDI +2.04%,106141334,13440,100.0
2026-05-06,RIS412,IPCA_SPREAD,4.05,anbima,0,0,,,,,,17111463,17111463,0.0
2026-05-06,ENERB7,IPCA_SPREAD,6.62,anbima,174066478,2,994.6656,7.8053,B35,35,B35 +35bps,350520691,2387736,99.3
2026-05-06,ENGIB1,DI_SPREAD,2.46,anbima,0,0,,,,,,26824105,26824105,0.0
2026-05-06,MOVI27,DI_SPREAD,1.73,anbima,0,0,,,,,,10680716,10680716,0.0
2026-05-06,BTGH18,DI_SPREAD,2.00,anbima,35011176,3,1066.7634,1.2642,CDI,1.2642,CDI +1.26%,101081549,31059198,69.3
2026-05-06,BRKU11,,7.83,0.70xprazo,0,0,,,,,,11689024,11689024,0.0
2026-05-06,ASAIA1,DI_SPREAD,2.16,anbima,0,0,,,,,,10198668,10198668,0.0
2026-05-06,CASN13,DI_SPREAD,1.04,anbima,0,0,,,,,,10969510,10969510,0.0
2026-05-06,DASAA6,DI_SPREAD,0.15,0.70xprazo,0,0,,,,,,69716716,69716716,0.0
2026-05-06,NTSD36,DI_SPREAD,4.05,anbima,3538930,4,1060.8305,1.0670,CDI,1.067,CDI +1.07%,16496253,9418393,42.9
2026-05-06,LMTP26,DI_SPREAD,1.06,anbima,0,0,,,,,,25040774,25040774,0.0
2026-05-06,NTSDA2,DI_SPREAD,3.04,anbima,0,0,,,,,,405321383,405321383,0.0
2026-05-06,RHOL11,,0.42,0.70xprazo,176236,2,1444.5589,3.0388,,,,10978766,10626294,3.2
2026-05-06,TOTS16,,4.71,0.70xprazo,0,0,,,,,,459581157,459581157,0.0
2026-05-06,TBSP12,DI_SPREAD,2.77,anbima,0,0,,,,,,87353384,87353384,0.0
2026-05-06,NTSD26,DI_SPREAD,2.95,anbima,0,0,,,,,,194896211,194896211,0.0
2026-05-06,NTSD16,DI_SPREAD,0.56,anbima,0,0,,,,,,225731644,225731644,0.0
2026-05-06,BSA318,DI_SPREAD,1.60,anbima,0,0,,,,,,341564060,341564060,0.0
2026-05-06,TOTS15,DI_SPREAD,2.76,anbima,0,0,,,,,,289618956,289618956,0.0
2026-05-06,NTSD18,DI_SPREAD,3.25,anbima,0,0,,,,,,174145478,174145478,0.0
2026-05-06,CHTH11,DI_SPREAD,2.40,anbima,0,0,,,,,,69607851,69607851,0.0
2026-05-06,SUZBA1,DI_SPREAD,3.73,anbima,0,0,,,,,,66946669,66946669,0.0
2026-05-06,BCPSA5,IPCA_SPREAD,2.41,anbima,0,0,,,,,,25661881,25661881,0.0
2026-05-06,ANHBA6,DI_SPREAD,3.91,anbima,0,0,,,,,,22827492,22827492,0.0
2026-05-06,MOTVA8,DI_SPREAD,2.95,anbima,0,0,,,,,,272324789,272324789,0.0
2026-05-06,CPGT17,DI_SPREAD,0.23,anbima,17476699,3,505.1215,,,,,36901422,1948025,94.7
2026-05-06,VIXL18,DI_SPREAD,2.33,anbima,13001991,2,1083.4993,1.1737,CDI,1.1737,CDI +1.17%,39852707,13848725,65.3
2026-05-06,CGOS19,DI_SPREAD,3.75,anbima,0,0,,,,,,41377917,41377917,0.0
2026-05-06,INEL12,DI_SPREAD,1.55,anbima,0,0,,,,,,39348903,39348903,0.0
2026-05-06,CSMGD1,DI_SPREAD,3.81,anbima,0,0,,,,,,22062360,22062360,0.0
2026-05-06,EBENC1,DI_SPREAD,4.06,anbima,0,0,,,,,,15370037,15370037,0.0
2026-05-06,SBSPD7,DI_SPREAD,3.96,anbima,0,0,,,,,,11960587,11960587,0.0
2026-05-06,COGNA5,DI_SPREAD,2.03,anbima,0,0,,,,,,10253329,10253329,0.0
2026-05-06,HYPEB1,DI_SPREAD,3.31,anbima,0,0,,,,,,68639806,68639806,0.0
2026-05-06,ENGIC4,DI_SPREAD,3.79,anbima,10396888,5,1018.7035,0.7798,CDI,0.7798,CDI +0.78%,22219601,1425825,93.6
2026-05-06,CEEBD1,PREFIXADO,4.44,anbima,478730,2,981.0044,13.3187,,,,10567262,9609802,9.1
2026-05-06,FURN21,IPCA_SPREAD,1.68,anbima,0,0,,,,,,13227452,13227452,0.0
2026-05-06,TFLEA8,DI_SPREAD,3.02,anbima,0,0,,,,,,76839610,76839610,0.0
2026-05-06,RDORG6,DI_SPREAD,3.92,anbima,0,0,,,,,,106751664,106751664,0.0
2026-05-06,TIGR21,DI_SPREAD,1.56,anbima,0,0,,,,,,16898705,16898705,0.0
2026-05-06,CSMGD2,DI_SPREAD,3.94,anbima,0,0,,,,,,96862836,96862836,0.0
2026-05-06,COLNA2,,1.15,0.70xprazo,0,0,,,,,,18370809,18370809,0.0
2026-05-06,CMGDA2,DI_SPREAD,3.56,anbima,0,0,,,,,,186461963,186461963,0.0
2026-05-06,AURE13,DI_SPREAD,3.12,anbima,0,0,,,,,,226754154,226754154,0.0
2026-05-06,AEEP21,,4.51,0.70xprazo,0,0,,,,,,10918716,10918716,0.0
2026-05-06,ACOV15,DI_SPREAD,2.58,anbima,0,0,,,,,,14415017,14415017,0.0
2026-05-06,RNDNA1,DI_SPREAD,3.44,anbima,0,0,,,,,,49698693,49698693,0.0
2026-05-06,RNDNB2,DI_SPREAD,3.78,anbima,0,0,,,,,,367207072,367207072,0.0
2026-05-06,RNDNA2,DI_SPREAD,2.88,anbima,0,0,,,,,,218450036,218450036,0.0
2026-05-06,ENMTF8,IPCA_SPREAD,6.88,anbima,10036091,1,958.0993,7.6745,B35,21,B35 +21bps,21242979,1170798,94.5
2026-05-06,AEGPB3,DI_SPREAD,3.35,anbima,0,0,,,,,,10612049,10612049,0.0
2026-05-06,BCBF16,DI_SPREAD,0.64,anbima,0,0,,,,,,27084223,27084223,0.0
2026-05-06,SAELA7,IPCA_SPREAD,6.66,anbima,5248196,3,1000.8001,7.7287,B35,27,B35 +27bps,10691254,194862,98.2
2026-05-06,CMGDA4,IPCA_SPREAD,7.26,anbima,19090556,4,977.7493,7.5663,B37,13,B37 +13bps,38181111,0,100.0
2026-05-06,TLPP27,DI_SPREAD,0.92,anbima,0,0,,,,,,41379767,41379767,0.0
2026-05-06,NEOS11,,7.66,0.70xprazo,0,0,,,,,,10001237,10001237,0.0
2026-05-06,EMMP21,,5.68,0.70xprazo,0,0,,,,,,10001405,10001405,0.0
2026-05-06,CVRN11,,13.75,0.70xprazo,0,0,,,,,,20000152,20000152,0.0
2026-05-06,MSGT13,IPCA_SPREAD,2.87,anbima,0,0,,,,,,14749811,14749811,0.0
2026-05-06,CSNAA2,DI_SPREAD,0.82,anbima,3807652,1,946.0005,15.2301,CDI,15.2301,CDI +15.23%,55322712,47707408,13.8
2026-05-06,RDORD4,DI_SPREAD,3.55,anbima,0,0,,,,,,43944216,43944216,0.0
2026-05-06,BRMLA1,DI_SPREAD,3.26,anbima,0,0,,,,,,57856317,57856317,0.0
2026-05-06,ESCEB6,DI_SPREAD,3.81,anbima,0,0,,,,,,35994758,35994758,0.0
2026-05-06,SBSPB1,DI_SPREAD,2.98,anbima,0,0,,,,,,45985150,45985150,0.0
2026-05-06,CPLDB0,DI_SPREAD,4.00,anbima,0,0,,,,,,48017531,48017531,0.0
2026-05-06,IGTAB1,,1.49,0.70xprazo,0,0,,,,,,23900298,23900298,0.0
2026-05-06,EBENB1,DI_SPREAD,3.04,anbima,0,0,,,,,,199381478,199381478,0.0
2026-05-06,ECOV17,DI_SPREAD,3.23,anbima,0,0,,,,,,172723358,172723358,0.0
2026-05-06,ELET25,DI_SPREAD,3.40,anbima,0,0,,,,,,158018832,158018832,0.0
2026-05-06,CGOS18,DI_SPREAD,2.45,anbima,0,0,,,,,,221189905,221189905,0.0
2026-05-06,HBSA24,DI_SPREAD,3.56,anbima,0,0,,,,,,16886362,16886362,0.0
2026-05-06,TAEEA6,DI_SPREAD,3.33,anbima,0,0,,,,,,28368592,28368592,0.0
2026-05-06,CSRNA2,DI_SPREAD,3.04,anbima,0,0,,,,,,14320983,14320983,0.0
2026-05-06,CGOSA2,IPCA_SPREAD,7.25,anbima,10035822,1,946.7757,7.8600,B37,42,B37 +42bps,20301737,230093,98.9
2026-05-06,BCPSA4,DI_SPREAD,0.53,anbima,0,0,,,,,,15288792,15288792,0.0
2026-05-06,BRKMA8,DI_SPREAD,2.46,0.70xprazo,0,0,,,,,,12013170,12013170,0.0
2026-05-06,EGIEA6,IPCA_SPREAD,7.71,anbima,70186398,3,946.7377,7.2730,B37,-17,B37 −17bps,165554531,25181734,84.8
2026-05-06,AESLD2,IPCA_SPREAD,6.48,anbima,9642365,1,964.2364,7.4028,B35,-6,B35 −6bps,19284729,0,100.0
2026-05-06,EKTRA4,DI_SPREAD,3.70,anbima,78931765,1,1036.8841,0.7308,CDI,0.7308,CDI +0.73%,164895485,7031955,95.7
2026-05-06,BRKPA2,DI_SPREAD,2.03,anbima,0,0,,,,,,10400320,10400320,0.0
2026-05-06,RBRAB7,,2.59,0.70xprazo,0,0,,,,,,10399703,10399703,0.0
2026-05-06,CTEP13,,3.14,0.70xprazo,0,0,,,,,,10399417,10399417,0.0
2026-05-06,ORMA16,DI_SPREAD,3.97,anbima,0,0,,,,,,10401062,10401062,0.0
2026-05-06,EXSE12,,3.99,0.70xprazo,0,0,,,,,,10400544,10400544,0.0
2026-05-06,RBRAW3,,3.93,0.70xprazo,0,0,,,,,,10399006,10399006,0.0
2026-05-06,SLFT13,DI_SPREAD,1.58,anbima,0,0,,,,,,10399384,10399384,0.0
2026-05-06,RODB11,DI_SPREAD,2.40,anbima,0,0,,,,,,10400249,10400249,0.0
2026-05-06,VERTA4,,3.52,0.70xprazo,0,0,,,,,,10400367,10400367,0.0
2026-05-06,ALAR14,,4.51,0.70xprazo,0,0,,,,,,10400782,10400782,0.0
2026-05-06,OMGE26,DI_SPREAD,3.29,anbima,0,0,,,,,,10400394,10400394,0.0
2026-05-06,VERTB0,,3.00,0.70xprazo,0,0,,,,,,10399639,10399639,0.0
2026-05-06,CCIA23,,6.67,0.70xprazo,0,0,,,,,,10399507,10399507,0.0
2026-05-06,RAIZ23,IPCA_SPREAD,9.35,0.70xprazo,0,0,,,,,,30110682,30110682,0.0
2026-05-07,RIS414,IPCA_SPREAD,4.35,anbima,293904,2,0.9144,12.0366,B31,422,B31 +422bps,17089053,16501246,3.4
2026-05-07,RISP22,IPCA_SPREAD,7.59,anbima,0,0,,,,,,16959358,16959358,0.0
2026-05-07,RIS424,IPCA_SPREAD,7.48,anbima,0,0,,,,,,17824651,17824651,0.0
2026-05-07,EKTRA6,IPCA_SPREAD,9.00,anbima,22674265,1,1008.3277,7.6501,B40,48,B40 +48bps,45348530,0,100.0
2026-05-07,CEEDA0,DI_SPREAD,3.58,anbima,3108226,2,1001.3614,0.8287,CDI,0.8287,CDI +0.83%,27932937,21716485,22.3
2026-05-07,EKTRA4,DI_SPREAD,3.70,anbima,0,0,,,,,,82982336,82982336,0.0
2026-05-07,ENGIB6,IPCA_SPREAD,4.02,anbima,372396,2,1131.9013,7.6407,B31,-18,B31 −18bps,11713573,10968782,6.4
2026-05-07,ENGIB0,IPCA_SPREAD,4.05,anbima,5179692,1,1035.9384,7.7571,B31,-6,B31 −6bps,10525312,165928,98.4
2026-05-07,RDORE4,DI_SPREAD,4.65,anbima,5099941,2,1019.9882,1.3201,CDI,1.3201,CDI +1.32%,17345812,7145930,58.8
2026-05-07,ASAIA0,DI_SPREAD,2.04,anbima,0,0,,,,,,38341645,38341645,0.0
2026-05-07,COLNA3,DI_SPREAD,3.17,anbima,5015633,1,1041.6683,0.8901,CDI,0.8901,CDI +0.89%,25853500,15822234,38.8
2026-05-07,ITPO14,IPCA_SPREAD,5.06,anbima,4135070,4,1435.2898,,,,,10008128,1737989,82.6
2026-05-07,ARTRA8,IPCA_SPREAD,4.50,anbima,5002191,1,1000.4381,9.0460,B31,123,B31 +123bps,10120915,116534,98.8
2026-05-07,ENAT33,IPCA_SPREAD,5.28,anbima,4280556,1,1094.4914,,,,,15082890,6521778,56.8
2026-05-07,CMGDB0,IPCA_SPREAD,5.25,anbima,85772,1,1033.3976,7.7066,B33,2,B33 +2bps,12077778,11906234,1.4
2026-05-07,CMGD28,IPCA_SPREAD,2.22,anbima,0,0,,,,,,11710708,11710708,0.0
2026-05-07,COMT11,IPCA_SPREAD,3.78,anbima,1292493,2,1035.6512,7.5833,B30,-24,B30 −24bps,24883600,22298615,10.4
2026-05-07,CEEBD1,PREFIXADO,4.44,anbima,97441,1,974.4076,13.4900,,,,15929572,15734690,1.2
2026-05-07,IVIAA0,IPCA_SPREAD,5.67,anbima,9167852,1,1018.7635,8.7420,B33,105,B33 +105bps,36993187,18657483,49.6
2026-05-07,ECER12,IPCA_SPREAD,1.13,anbima,177342,1,1303.9847,8.2672,B27,-116,B27 −116bps,21448318,21093635,1.7
2026-05-07,MRSAC2,IPCA_SPREAD,8.15,anbima,0,0,,,,,,13787272,13787272,0.0
2026-05-07,CCROB6,IPCA_SPREAD,5.48,anbima,207886,3,1181.1727,7.6154,B33,-7,B33 −7bps,26717452,26301679,1.6
2026-05-07,MOVIA3,DI_SPREAD,0.56,anbima,0,0,,,,,,17172375,17172375,0.0
2026-05-07,MGPRA0,IPCA_SPREAD,7.73,anbima,2117176,2,1001.5024,,,,,22885314,18650962,18.5
2026-05-07,TRGP13,IPCA_SPREAD,7.79,anbima,1376689,2,1007.8251,,,,,10028443,7275065,27.5
2026-05-07,ENAT23,PREFIXADO,3.08,anbima,8438002,2,1019.8214,14.6293,,,,21394907,4518903,78.9
2026-05-07,ALUP18,IPCA_SPREAD,5.70,anbima,26594,1,1022.8601,7.5623,B33,-13,B33 −13bps,15606292,15553103,0.3
2026-05-07,RIS422,IPCA_SPREAD,7.56,anbima,0,0,,,,,,13523906,13523906,0.0
2026-05-07,RIS412,IPCA_SPREAD,4.05,anbima,0,0,,,,,,22538950,22538950,0.0
2026-05-07,RSAN25,DI_SPREAD,1.99,anbima,732982,1,1076.3324,2.6119,CDI,2.6119,CDI +2.61%,17262912,15796947,8.5
2026-05-07,RAIZ23,IPCA_SPREAD,9.35,0.70xprazo,0,0,,,,,,34494101,34494101,0.0
2026-05-07,IRJS15,IPCA_SPREAD,6.61,anbima,20613994,4,1020.6969,,,,,49042501,7814514,84.1
2026-05-07,TSSG21,IPCA_SPREAD,5.28,anbima,0,0,,,,,,12977528,12977528,0.0
2026-05-07,VIALA5,IPCA_SPREAD,3.69,anbima,0,0,,,,,,10270874,10270874,0.0
2026-05-07,SIMH16,DI_SPREAD,2.65,anbima,60769,2,964.5797,,,,,11868621,11747083,1.0
2026-05-07,RRRP13,IPCA_SPREAD,3.79,anbima,266963,3,1121.6943,,,,,10643514,10109587,5.0
2026-05-07,CEEBD2,IPCA_SPREAD,6.93,anbima,10132992,1,965.0468,7.6691,B35,20,B35 +20bps,35899498,15633514,56.5
2026-05-07,EEELA0,IPCA_SPREAD,5.09,anbima,119603,5,1058.4322,7.5434,B32,-15,B32 −15bps,10621137,10381931,2.3
2026-05-07,CMGDA4,IPCA_SPREAD,7.26,anbima,5864867,3,977.4779,7.5778,B37,13,B37 +13bps,13573249,1843514,86.4
2026-05-07,EGIEA6,IPCA_SPREAD,7.71,anbima,0,0,,,,,,28511025,28511025,0.0
2026-05-07,ECOV16,IPCA_SPREAD,4.21,anbima,76478,1,1077.1559,7.0816,B31,-74,B31 −74bps,12819774,12666818,1.2
2026-05-07,TAEEB8,IPCA_SPREAD,5.98,anbima,88349,2,1077.4234,7.2691,B33,-42,B33 −42bps,12425614,12248916,1.4
2026-05-07,ISAED1,DI_SPREAD,4.84,anbima,4550021,4,1043.8221,0.7136,CDI,0.7136,CDI +0.71%,12855802,3755761,70.8
2026-05-07,RSAN26,IPCA_SPREAD,7.59,anbima,9345,2,934.5305,9.5891,B37,214,B37 +214bps,94978409,94959719,0.0
2026-05-07,RISP24,IPCA_SPREAD,7.46,anbima,184679,2,0.9281,10.1511,B37,270,B37 +270bps,13520030,13150671,2.7
2026-05-07,AEGE16,DI_SPREAD,3.30,anbima,0,0,,,,,,11601285,11601285,0.0
2026-05-07,ASCP23,IPCA_SPREAD,5.17,anbima,0,0,,,,,,11530418,11530418,0.0
2026-05-07,PSAN23,DI_SPREAD,2.70,anbima,0,0,,,,,,121628922,121628922,0.0
2026-05-07,VAMO24,DI_SPREAD,2.98,anbima,0,0,,,,,,22942756,22942756,0.0
2026-05-07,NTSDA2,DI_SPREAD,3.04,anbima,0,0,,,,,,161364407,161364407,0.0
2026-05-07,NIGP12,DI_SPREAD,3.27,anbima,0,0,,,,,,115589235,115589235,0.0
2026-05-07,ASAIA1,DI_SPREAD,2.16,anbima,0,0,,,,,,12399179,12399179,0.0
2026-05-07,ENAT32,PREFIXADO,2.52,anbima,81451,2,981.3380,15.5387,,,,15428312,15265410,1.1
2026-05-07,AEGP17,DI_SPREAD,0.66,anbima,0,0,,,,,,22443557,22443557,0.0
2026-05-07,RDORI6,DI_SPREAD,5.57,anbima,0,0,,,,,,14021027,14021027,0.0
2026-05-07,ISAEB8,IPCA_SPREAD,4.88,anbima,182245,2,1059.5618,7.4341,B32,-26,B32 −26bps,16179351,15814861,2.3
2026-05-07,COGNA5,DI_SPREAD,2.03,anbima,0,0,,,,,,10014419,10014419,0.0
2026-05-07,CGASA5,DI_SPREAD,2.16,anbima,0,0,,,,,,17068814,17068814,0.0
2026-05-07,FURN21,IPCA_SPREAD,1.68,anbima,0,0,,,,,,11518757,11518757,0.0
2026-05-07,BTGH18,DI_SPREAD,2.00,anbima,0,0,,,,,,30921226,30921226,0.0
2026-05-07,CMGD27,,0.07,0.70xprazo,55073,2,734.3079,9.5260,,,,11541205,11431059,1.0
2026-05-07,RDORC4,DI_SPREAD,1.04,anbima,0,0,,,,,,28886634,28886634,0.0
2026-05-07,AURE13,DI_SPREAD,3.12,anbima,0,0,,,,,,80700309,80700309,0.0
2026-05-07,NTSD18,DI_SPREAD,3.25,anbima,8537114,2,1067.1393,0.7901,CDI,0.7901,CDI +0.79%,23986976,6912747,71.2
2026-05-07,HYPEB1,DI_SPREAD,3.31,anbima,0,0,,,,,,28449040,28449040,0.0
2026-05-07,CPLDB0,DI_SPREAD,4.00,anbima,0,0,,,,,,140526459,140526459,0.0
2026-05-07,JHSFA3,DI_SPREAD,0.68,anbima,0,0,,,,,,14001199,14001199,0.0
2026-05-07,VALEA0,IPCA_SPREAD,6.35,anbima,6133706,5,1043.6798,6.9813,B35,-49,B35 −49bps,16215721,3948309,75.7
2026-05-07,PLSB2A,DI_SPREAD,1.18,anbima,0,0,,,,,,14096267,14096267,0.0
2026-05-07,CEPEA4,DI_SPREAD,2.15,anbima,0,0,,,,,,14348965,14348965,0.0
2026-05-07,CMGDA2,DI_SPREAD,3.56,anbima,0,0,,,,,,108364551,108364551,0.0
2026-05-07,BRKPA4,DI_SPREAD,3.07,anbima,441631,2,972.7553,3.0139,CDI,3.0139,CDI +3.01%,22377425,21494163,3.9
2026-05-07,PSAN13,DI_SPREAD,2.42,anbima,0,0,,,,,,20120373,20120373,0.0
2026-05-07,RENTE9,DI_SPREAD,4.16,anbima,0,0,,,,,,17891678,17891678,0.0
2026-05-07,UTEP33,,0.28,0.70xprazo,0,0,,,,,,14146018,14146018,0.0
2026-05-07,RENTE3,DI_SPREAD,3.07,anbima,0,0,,,,,,21414771,21414771,0.0
2026-05-07,LORTB2,DI_SPREAD,2.01,anbima,0,0,,,,,,59956640,59956640,0.0
2026-05-07,SAPRB4,DI_SPREAD,2.80,anbima,0,0,,,,,,11566170,11566170,0.0
2026-05-07,SAPRC1,DI_SPREAD,1.51,anbima,0,0,,,,,,35909825,35909825,0.0
2026-05-07,EGIED1,DI_SPREAD,1.59,anbima,0,0,,,,,,40943619,40943619,0.0
2026-05-07,ENEVA3,DI_SPREAD,2.73,anbima,0,0,,,,,,38577451,38577451,0.0
2026-05-07,NTSDA0,DI_SPREAD,3.50,anbima,0,0,,,,,,22915788,22915788,0.0
2026-05-07,ENAT11,IPCA_SPREAD,1.71,anbima,76524,1,1234.2602,9.0401,B28,127,B28 +127bps,13634524,13481475,1.1
2026-05-07,RBRA43,,3.46,0.70xprazo,27187572,1,1001.6421,,,,,127231076,72855933,42.7
2026-05-07,BRDO11,,1.96,0.70xprazo,0,0,,,,,,55143644,55143644,0.0
2026-05-07,ENEVC0,DI_SPREAD,2.23,anbima,16057016,1,1016.2668,0.6951,CDI,0.6951,CDI +0.70%,57773322,25659289,55.6
2026-05-07,CEEBB7,IPCA_SPREAD,5.17,anbima,4340972,2,1062.9216,7.7900,B32,10,B32 +10bps,26207447,17525503,33.1
2026-05-07,EXSE12,,3.99,0.70xprazo,0,0,,,,,,10400544,10400544,0.0
2026-05-07,CCIA23,,6.67,0.70xprazo,0,0,,,,,,10399507,10399507,0.0
2026-05-07,CRCG14,,2.87,0.70xprazo,4138849,1,1011.2017,0.8994,,,,20695225,12417528,40.0
2026-05-07,CNLM17,DI_SPREAD,4.08,anbima,151277873,1,1008.5191,,,,,943995548,641439803,32.1
2026-05-07,ANET11,IPCA_SPREAD,2.00,0.70xprazo,0,0,,,,,,10064789,10064789,0.0
2026-05-07,AERI12,DI_SPREAD,2.73,0.70xprazo,0,0,,,,,,10269891,10269891,0.0
2026-05-07,NTSD16,DI_SPREAD,0.56,anbima,0,0,,,,,,12232334,12232334,0.0
2026-05-07,TPEN11,IPCA_SPREAD,1.65,anbima,0,0,,,,,,20385993,20385993,0.0
2026-05-07,TBSP22,DI_SPREAD,3.85,anbima,2895154,1,1013.7094,,,,,116038921,110248613,5.0
2026-05-07,AALM12,DI_SPREAD,2.15,anbima,0,0,,,,,,16706885,16706885,0.0
2026-05-07,PFOR16,DI_SPREAD,2.77,anbima,20956873,2,1047.8437,1.4200,CDI,1.42,CDI +1.42%,63560507,21646760,65.9
2026-05-07,SOCS11,,10.40,0.70xprazo,0,0,,,,,,70609264,70609264,0.0
2026-05-07,SPEV11,,9.17,0.70xprazo,0,0,,,,,,19451889,19451889,0.0
2026-05-07,PLII11,,8.22,0.70xprazo,0,0,,,,,,18771737,18771737,0.0
2026-05-07,GGBRA8,DI_SPREAD,2.05,anbima,0,0,,,,,,10237169,10237169,0.0
2026-05-07,COLNA2,,1.15,0.70xprazo,0,0,,,,,,26578643,26578643,0.0
2026-05-07,CEAP16,DI_SPREAD,2.12,anbima,0,0,,,,,,30851427,30851427,0.0
2026-05-07,CPGTB0,DI_SPREAD,3.48,anbima,0,0,,,,,,24669529,24669529,0.0
2026-05-07,EQTL17,DI_SPREAD,2.13,anbima,0,0,,,,,,11298161,11298161,0.0
2026-05-07,OMGE17,DI_SPREAD,3.26,anbima,481078,2,1002.2468,1.4462,CDI,1.4462,CDI +1.45%,15934121,14971964,6.0
2026-05-07,ISPE12,DI_SPREAD,2.32,anbima,0,0,,,,,,15628420,15628420,0.0
2026-05-07,RENTA5,DI_SPREAD,3.79,anbima,899526,2,1073.4200,1.4738,CDI,1.4738,CDI +1.47%,16352520,14553469,11.0
2026-05-07,RRRP14,,1.93,0.70xprazo,0,0,,,,,,12296418,12296418,0.0
2026-05-07,CLIS11,DI_SPREAD,2.33,anbima,0,0,,,,,,12557870,12557870,0.0
2026-05-07,GGBRA9,DI_SPREAD,4.03,anbima,0,0,,,,,,106596240,106596240,0.0
2026-05-07,AESLD2,IPCA_SPREAD,6.48,anbima,16468428,2,963.0659,7.4321,B35,-4,B35 −4bps,32936855,0,100.0
2026-05-07,VBBRA0,IPCA_SPREAD,5.74,anbima,49198135,1,983.9627,7.8857,B33,20,B33 +20bps,178348712,79952442,55.2
2026-05-07,VBBR17,DI_SPREAD,3.28,anbima,10123012,1,1065.5802,1.0000,CDI,1,CDI +1.00%,20246024,0,100.0
2026-05-07,EQPAA0,DI_SPREAD,3.49,anbima,0,0,,,,,,20276023,20276023,0.0
2026-05-07,ERDVA6,DI_SPREAD,3.07,anbima,0,0,,,,,,19315634,19315634,0.0
2026-05-07,RODB11,DI_SPREAD,2.40,anbima,0,0,,,,,,11592151,11592151,0.0
2026-05-07,CDAR11,DI_SPREAD,0.62,anbima,0,0,,,,,,15454019,15454019,0.0
2026-05-07,PFOR26,DI_SPREAD,3.82,anbima,0,0,,,,,,11589458,11589458,0.0
2026-05-07,RDORD4,DI_SPREAD,3.55,anbima,0,0,,,,,,19316646,19316646,0.0
2026-05-07,PRLG17,DI_SPREAD,2.83,anbima,0,0,,,,,,11590772,11590772,0.0
2026-05-07,SBSPD7,DI_SPREAD,3.96,anbima,0,0,,,,,,19316348,19316348,0.0
2026-05-07,ENGIC4,DI_SPREAD,3.79,anbima,0,0,,,,,,19316261,19316261,0.0
2026-05-07,RENTC8,DI_SPREAD,2.08,anbima,0,0,,,,,,15452424,15452424,0.0
2026-05-07,DASAC5,DI_SPREAD,3.57,anbima,0,0,,,,,,19319268,19319268,0.0
2026-05-07,ESSDA2,DI_SPREAD,2.46,anbima,0,0,,,,,,15453355,15453355,0.0
2026-05-08,CNLM17,DI_SPREAD,4.08,anbima,20017126,1,1011.3746,,,,,291584895,251550643,13.7
2026-05-08,VBBRA0,IPCA_SPREAD,5.74,anbima,1998858,1,987.0902,7.8400,B33,14,B33 +14bps,78281186,74283470,5.1
2026-05-08,LCAMD1,IPCA_SPREAD,3.52,anbima,12916113,6,1170.2558,9.4761,B30,165,B30 +165bps,26533838,701612,97.4
2026-05-08,TFLEA7,DI_SPREAD,2.64,anbima,0,0,,,,,,12225721,12225721,0.0
2026-05-08,TFLEA6,DI_SPREAD,3.24,anbima,7035422,1,1068.5636,,,,,18417290,4346445,76.4
2026-05-08,RRRP13,IPCA_SPREAD,3.79,anbima,6654202,1,1128.2133,,,,,16972373,3663969,78.4
2026-05-08,ENAT32,PREFIXADO,2.52,anbima,11647062,2,1006.3995,14.4783,,,,26341906,3047782,88.4
2026-05-08,ENAT13,IPCA_SPREAD,3.36,anbima,2675537,3,1098.3320,,,,,11331147,5980074,47.2
2026-05-08,ENAT11,IPCA_SPREAD,1.71,anbima,2838851,3,1235.8953,8.9555,B28,116,B28 +116bps,16939702,11261999,33.5
2026-05-08,ELET24,DI_SPREAD,1.42,anbima,1019403,3,1031.7846,0.9572,CDI,0.9572,CDI +0.96%,16251594,14212788,12.5
2026-05-08,EKTRB6,IPCA_SPREAD,8.36,anbima,4975817,3,976.0331,7.6516,B37,17,B37 +17bps,23671768,13720135,42.0
2026-05-08,DASAA6,DI_SPREAD,0.15,0.70xprazo,0,0,,,,,,16734969,16734969,0.0
2026-05-08,ISAED1,DI_SPREAD,4.84,anbima,22535749,2,1044.8697,0.7094,CDI,0.7094,CDI +0.71%,105921123,60849625,42.6
2026-05-08,RDORC4,DI_SPREAD,1.04,anbima,0,0,,,,,,10163479,10163479,0.0
2026-05-08,EQPAA0,DI_SPREAD,3.49,anbima,0,0,,,,,,43826101,43826101,0.0
2026-05-08,AXIA18,IPCA_SPREAD,5.21,anbima,6024049,2,995.7105,7.5175,B32,-18,B32 −18bps,13318517,1270420,90.5
2026-05-08,PFOR26,DI_SPREAD,3.82,anbima,5695144,2,1050.1833,1.5305,CDI,1.5305,CDI +1.53%,11390288,0,100.0
2026-05-08,ENEVD0,DI_SPREAD,3.12,anbima,50015529,1,1021.6634,0.7708,CDI,0.7708,CDI +0.77%,106038594,6007535,94.3
2026-05-08,ENEVC0,DI_SPREAD,2.23,anbima,14161029,1,1016.5121,0.6851,CDI,0.6851,CDI +0.69%,29205300,883241,97.0
2026-05-08,EGIEB5,IPCA_SPREAD,6.16,anbima,2997702,2,1062.2616,7.3646,B35,-15,B35 −15bps,18220019,12224615,32.9
2026-05-08,CRCF12,IPCA_SPREAD,7.64,anbima,0,0,,,,,,22297073,22297073,0.0
2026-05-08,MSGT13,IPCA_SPREAD,2.87,anbima,0,0,,,,,,15466113,15466113,0.0
2026-05-08,MGPRA0,IPCA_SPREAD,7.73,anbima,5008097,1,1001.6195,,,,,15844766,5828572,63.2
2026-05-08,GGBRA7,DI_SPREAD,2.37,anbima,0,0,,,,,,494612699,494612699,0.0
2026-05-08,GGBRA9,DI_SPREAD,4.03,anbima,10031578,1,1067.1892,0.5301,CDI,0.5301,CDI +0.53%,261461423,241398266,7.7
2026-05-08,TBSP12,DI_SPREAD,2.77,anbima,0,0,,,,,,257837737,257837737,0.0
2026-05-08,DASAC5,DI_SPREAD,3.57,anbima,0,0,,,,,,31635639,31635639,0.0
2026-05-08,CCROB6,IPCA_SPREAD,5.48,anbima,2798364,4,1183.7411,7.5858,B33,-11,B33 −11bps,17907456,12310729,31.3
2026-05-08,VAMO33,IPCA_SPREAD,3.34,anbima,0,0,,,,,,15188215,15188215,0.0
2026-05-08,PFOR16,DI_SPREAD,2.77,anbima,0,0,,,,,,11808142,11808142,0.0
2026-05-08,CHSF13,IPCA_SPREAD,4.17,anbima,7613,1,1087.6327,7.5600,B31,-27,B31 −27bps,17915937,17900710,0.1
2026-05-08,SIMH16,DI_SPREAD,2.65,anbima,0,0,,,,,,20458466,20458466,0.0
2026-05-08,ECER12,IPCA_SPREAD,1.13,anbima,260890,3,1304.4525,8.2925,B27,-116,B27 −116bps,17450384,16928603,3.0
2026-05-08,CPLDA1,IPCA_SPREAD,6.82,anbima,0,0,,,,,,14748034,14748034,0.0
2026-05-08,TRPLB7,IPCA_SPREAD,8.23,anbima,0,0,,,,,,18479409,18479409,0.0
2026-05-08,AESLA7,IPCA_SPREAD,5.42,anbima,15380662,1,1025.3774,7.5293,B33,-17,B33 −17bps,36018713,5257390,85.4
2026-05-08,ANET12,IPCA_SPREAD,3.17,0.70xprazo,0,0,,,,,,23708695,23708695,0.0
2026-05-08,CGASA2,IPCA_SPREAD,7.36,anbima,0,0,,,,,,89935243,89935243,0.0
2026-05-08,VBBR17,DI_SPREAD,3.28,anbima,0,0,,,,,,10119646,10119646,0.0
2026-05-08,ITPO14,IPCA_SPREAD,5.06,anbima,880699,3,1432.0305,,,,,16112122,14350725,10.9
2026-05-08,CEEBD2,IPCA_SPREAD,6.93,anbima,2911855,2,970.6184,7.5900,B35,8,B35 +8bps,23135324,17311614,25.2
2026-05-08,CESE32,IPCA_SPREAD,3.14,anbima,0,0,,,,,,25588438,25588438,0.0
2026-05-08,CMGDA4,IPCA_SPREAD,7.26,anbima,8069715,8,979.3344,7.5598,B37,8,B37 +8bps,67926164,51786734,23.8
2026-05-08,CMGDB4,IPCA_SPREAD,8.61,anbima,932837,3,967.6733,7.4413,B40,23,B40 +23bps,10473326,8607652,17.8
2026-05-08,ELPLB4,,0.01,0.70xprazo,0,0,,,,,,62648464,62648464,0.0
2026-05-08,ASCP23,IPCA_SPREAD,5.17,anbima,3512855,1,1170.9515,8.0114,B32,31,B32 +31bps,15164674,8138965,46.3
2026-05-08,AZZA13,DI_SPREAD,1.31,anbima,0,0,,,,,,14066335,14066335,0.0
2026-05-08,COLNA3,DI_SPREAD,3.17,anbima,10416380,1,1041.6380,0.9000,CDI,0.9,CDI +0.90%,41658924,20826164,50.0
2026-05-08,CVRDA6,IGP-M,51.56,0.70xprazo,2489602,10,41.4581,,,,,12991283,8012078,38.3
2026-05-08,KLBNA2,DI_PERCENTUAL,1.40,anbima,0,0,,,,,,201876122,201876122,0.0
2026-05-08,ALGAA2,DI_SPREAD,1.75,anbima,38943429,1,1057.3546,1.0551,CDI,1.0551,CDI +1.06%,99479073,21592215,78.3
2026-05-08,SOCS11,,10.40,0.70xprazo,0,0,,,,,,40000731,40000731,0.0
2026-05-08,USIM39,DI_SPREAD,3.69,anbima,0,0,,,,,,31844430,31844430,0.0
2026-05-08,MOVIA2,DI_SPREAD,0.23,anbima,0,0,,,,,,14291739,14291739,0.0
2026-05-08,VERTB2,,1.60,0.70xprazo,0,0,,,,,,15894388,15894388,0.0
2026-05-08,WIZC12,DI_SPREAD,1.61,anbima,0,0,,,,,,12040035,12040035,0.0
2026-05-08,RENTE3,DI_SPREAD,3.07,anbima,609993,1,1042.7225,1.2790,CDI,1.279,CDI +1.28%,13220646,12000661,9.2
2026-05-08,ENGIB0,IPCA_SPREAD,4.05,anbima,0,0,,,,,,42465810,42465810,0.0
2026-05-08,APFD19,IPCA_SPREAD,2.63,anbima,0,0,,,,,,11820852,11820852,0.0
2026-05-08,EQTL17,DI_SPREAD,2.13,anbima,0,0,,,,,,11746150,11746150,0.0
2026-05-08,RDORE4,DI_SPREAD,4.65,anbima,208314,3,1021.1491,1.3183,CDI,1.3183,CDI +1.32%,12330833,11914205,3.4
2026-05-08,ARML15,DI_SPREAD,3.48,anbima,0,0,,,,,,20176953,20176953,0.0
2026-05-08,ARTRA8,IPCA_SPREAD,4.50,anbima,0,0,,,,,,12875661,12875661,0.0
2026-05-08,SAPRC1,DI_SPREAD,1.51,anbima,0,0,,,,,,12730461,12730461,0.0
2026-05-08,RPTA14,IPCA_SPREAD,5.04,anbima,0,0,,,,,,34401198,34401198,0.0
2026-05-08,TUPW11,DI_SPREAD,3.05,anbima,0,0,,,,,,12123740,12123740,0.0
2026-05-08,CSAN15,DI_SPREAD,1.52,anbima,0,0,,,,,,12602165,12602165,0.0
2026-05-08,EUFA18,DI_SPREAD,1.80,anbima,0,0,,,,,,23164901,23164901,0.0
2026-05-08,ENTV12,IPCA_SPREAD,2.28,anbima,0,0,,,,,,34332770,34332770,0.0
2026-05-08,IOCHA6,DI_SPREAD,2.66,anbima,5086438,1,1059.6745,1.6601,CDI,1.6601,CDI +1.66%,15260658,5087783,66.7
2026-05-08,TUBS13,,8.94,0.70xprazo,9025372,1,1084.7802,15.4662,,,,18050744,0,100.0
2026-05-08,CLCD27,IPCA_SPREAD,5.41,anbima,0,0,,,,,,175574327,175574327,0.0
2026-05-08,RBRA43,,3.46,0.70xprazo,0,0,,,,,,27192598,27192598,0.0
2026-05-08,RNDNB0,DI_SPREAD,2.27,anbima,30071842,1,982.7399,2.4015,CDI,2.4015,CDI +2.40%,81801735,21658050,73.5
2026-05-08,ASAIA1,DI_SPREAD,2.16,anbima,0,0,,,,,,50016528,50016528,0.0
2026-05-08,CLMOA3,,4.09,0.70xprazo,25605377,1,1024.2151,1.2601,,,,51210754,0,100.0
2026-05-08,CPLD38,DI_SPREAD,1.67,anbima,0,0,,,,,,10780970,10780970,0.0
2026-05-08,CSANA0,DI_SPREAD,2.07,anbima,0,0,,,,,,24293536,24293536,0.0
2026-05-08,CMTR29,IPCA_SPREAD,3.01,anbima,0,0,,,,,,46900266,46900266,0.0
2026-05-08,CEAP16,DI_SPREAD,2.12,anbima,0,0,,,,,,15435175,15435175,0.0
2026-05-08,RCEN22,,12.09,0.70xprazo,0,0,,,,,,41873397,41873397,0.0
2026-05-08,ENMTB2,DI_SPREAD,2.73,anbima,0,0,,,,,,29660942,29660942,0.0
2026-05-08,CEEBA8,DI_SPREAD,2.38,anbima,0,0,,,,,,25502727,25502727,0.0
2026-05-08,NTSD16,DI_SPREAD,0.56,anbima,0,0,,,,,,14648022,14648022,0.0
2026-05-08,EATEA4,,2.80,0.70xprazo,0,0,,,,,,58321591,58321591,0.0
2026-05-08,ELTN19,DI_SPREAD,4.18,anbima,0,0,,,,,,71155782,71155782,0.0
2026-05-08,BRKPA2,DI_SPREAD,2.03,anbima,0,0,,,,,,34356142,34356142,0.0
2026-05-08,BRKPA0,DI_SPREAD,0.67,anbima,0,0,,,,,,25803092,25803092,0.0
2026-05-08,CGASA3,DI_SPREAD,1.60,anbima,0,0,,,,,,16378808,16378808,0.0
2026-05-08,EBTE15,,3.15,0.70xprazo,0,0,,,,,,17552288,17552288,0.0
2026-05-08,ELTN16,DI_SPREAD,3.57,anbima,0,0,,,,,,19007320,19007320,0.0
2026-05-08,CPGTA1,IPCA_SPREAD,6.82,anbima,0,0,,,,,,10254014,10254014,0.0
2026-05-08,EKTRA6,IPCA_SPREAD,9.00,anbima,0,0,,,,,,14854117,14854117,0.0
2026-05-08,ENMTE6,IPCA_SPREAD,6.66,anbima,5017907,1,1003.5814,7.7050,B35,20,B35 +20bps,30120353,20084539,33.3
2026-05-08,EEELA1,IPCA_SPREAD,5.42,anbima,15338532,1,1022.5688,7.5292,B33,-17,B33 −17bps,35787288,5110224,85.7
2026-05-08,CEPEA7,IPCA_SPREAD,9.00,anbima,0,0,,,,,,38721091,38721091,0.0
2026-05-08,BCPSA5,IPCA_SPREAD,2.41,anbima,0,0,,,,,,29635909,29635909,0.0
2026-05-08,DESK19,IPCA_SPREAD,4.50,anbima,0,0,,,,,,269355545,269355545,0.0
2026-05-08,EGIEB4,IPCA_SPREAD,3.92,anbima,0,0,,,,,,14173789,14173789,0.0
2026-05-08,CEPEA8,IPCA_SPREAD,3.40,0.70xprazo,0,0,,,,,,12833451,12833451,0.0
2026-05-11,CMGDA4,IPCA_SPREAD,7.26,anbima,9065883,6,976.0856,7.6170,B37,15,B37 +15bps,52589947,34458182,34.5
2026-05-11,GGBRA9,DI_SPREAD,4.03,anbima,31691451,4,1067.5554,0.5332,CDI,0.5332,CDI +0.53%,73332253,9949352,86.4
2026-05-11,CNLM17,DI_SPREAD,4.08,anbima,90016652,1,1011.3776,0.8986,CDI,0.8986,CDI +0.90%,239324583,59291279,75.2
2026-05-11,BRKPA4,DI_SPREAD,3.07,anbima,0,0,,,,,,10876457,10876457,0.0
2026-05-11,BRKPA0,DI_SPREAD,0.67,anbima,0,0,,,,,,25805907,25805907,0.0
2026-05-11,ERDVA4,IPCA_SPREAD,4.15,anbima,48085,1,1068.5476,8.0871,B31,27,B31 +27bps,16941155,16844986,0.6
2026-05-11,DASAC5,DI_SPREAD,3.57,anbima,0,0,,,,,,30684027,30684027,0.0
2026-05-11,ENEV32,IPCA_SPREAD,1.68,anbima,0,0,,,,,,19987170,19987170,0.0
2026-05-11,CSANB0,DI_SPREAD,4.37,anbima,13095199,1,1005.2352,2.6501,CDI,2.6501,CDI +2.65%,33791825,7601427,77.5
2026-05-11,ELET16,IPCA_SPREAD,6.15,anbima,5858289,4,1052.3242,7.5360,B35,5,B35 +5bps,25302611,13586034,46.3
2026-05-11,CEPEC1,IPCA_SPREAD,3.67,anbima,11434671,2,1189.9959,7.7158,B30,-10,B30 −10bps,23207332,337990,98.5
2026-05-11,EKTRA6,IPCA_SPREAD,9.00,anbima,0,0,,,,,,15020600,15020600,0.0
2026-05-11,EKTRB6,IPCA_SPREAD,8.36,anbima,9644354,1,974.1772,7.6830,B37,21,B37 +21bps,34386758,15098050,56.1
2026-05-11,CEPEA7,IPCA_SPREAD,9.00,anbima,0,0,,,,,,38654867,38654867,0.0
2026-05-11,WIZC12,DI_SPREAD,1.61,anbima,0,0,,,,,,10265681,10265681,0.0
2026-05-11,JSMLA5,DI_SPREAD,2.67,anbima,7227279,5,1012.7913,5.0796,CDI,5.0796,CDI +5.08%,25462404,11007846,56.8
2026-05-11,EEELA1,IPCA_SPREAD,5.42,anbima,0,0,,,,,,23167985,23167985,0.0
2026-05-11,FURN21,IPCA_SPREAD,1.68,anbima,0,0,,,,,,30654154,30654154,0.0
2026-05-11,CSAN23,DI_SPREAD,2.90,anbima,0,0,,,,,,20008370,20008370,0.0
2026-05-11,ISAED1,DI_SPREAD,4.84,anbima,20012660,1,1044.8839,0.7100,CDI,0.71,CDI +0.71%,62645621,22620301,63.9
2026-05-11,SIMH16,DI_SPREAD,2.65,anbima,6388168,5,1016.4150,,,,,17764808,4988471,71.9
2026-05-11,VBBRA0,IPCA_SPREAD,5.74,anbima,0,0,,,,,,26096405,26096405,0.0
2026-05-11,CPGTA1,IPCA_SPREAD,6.82,anbima,0,0,,,,,,11253957,11253957,0.0
2026-05-11,CPLDA1,IPCA_SPREAD,6.82,anbima,6232223,3,1015.0201,7.6165,B35,13,B35 +13bps,25963719,13499272,48.0
2026-05-11,TRCC11,IPCA_SPREAD,1.65,anbima,0,0,,,,,,17105890,17105890,0.0
2026-05-11,CEPEA8,IPCA_SPREAD,3.39,0.70xprazo,0,0,,,,,,43914397,43914397,0.0
2026-05-11,CESE32,IPCA_SPREAD,3.14,anbima,0,0,,,,,,114180234,114180234,0.0
2026-05-11,CHSF13,IPCA_SPREAD,4.17,anbima,2252903,4,1086.7838,7.6104,B31,-21,B31 −21bps,29725040,25219234,15.2
2026-05-11,ELPLB4,,0.01,0.70xprazo,0,0,,,,,,45129042,45129042,0.0
2026-05-11,USIM39,DI_SPREAD,3.69,anbima,0,0,,,,,,42874282,42874282,0.0
2026-05-11,CCPV11,IPCA_SPREAD,3.36,anbima,0,0,,,,,,10414939,10414939,0.0
2026-05-11,ARML15,DI_SPREAD,3.48,anbima,0,0,,,,,,20084527,20084527,0.0
2026-05-11,MOVIA3,DI_SPREAD,0.56,anbima,0,0,,,,,,11921229,11921229,0.0
2026-05-11,CEAL12,IPCA_SPREAD,6.70,anbima,13201999,2,1015.5384,7.8618,B35,37,B35 +37bps,28276273,1872275,93.4
2026-05-11,CPIS14,IPCA_SPREAD,6.71,anbima,10152092,1,1015.2092,7.8668,B35,38,B35 +38bps,22063290,1759107,92.0
2026-05-11,EQPA18,IPCA_SPREAD,6.47,anbima,1105582,3,1092.4724,7.9390,B35,45,B35 +45bps,17025012,14813848,13.0
2026-05-11,ENMTC5,IPCA_SPREAD,6.61,anbima,0,0,,,,,,20404957,20404957,0.0
2026-05-11,ELTN27,IPCA_SPREAD,4.90,anbima,0,0,,,,,,16153103,16153103,0.0
2026-05-11,AESLA9,IPCA_SPREAD,6.00,anbima,0,0,,,,,,10013978,10013978,0.0
2026-05-11,CEEBD2,IPCA_SPREAD,6.93,anbima,2004571,2,964.6638,7.6946,B35,20,B35 +20bps,15766233,11757090,25.4
2026-05-11,ENGIC0,IPCA_SPREAD,7.99,anbima,2160191,3,1001.4794,7.6714,B37,20,B37 +20bps,19185288,14864906,22.5
2026-05-11,ENJG21,IPCA_SPREAD,0.62,anbima,0,0,,,,,,20496896,20496896,0.0
2026-05-11,EQPA19,IPCA_SPREAD,6.83,anbima,0,0,,,,,,54053557,54053557,0.0
2026-05-11,CMGDB1,IPCA_SPREAD,6.98,anbima,19106,1,1061.4240,7.0600,B35,-43,B35 −43bps,40082832,40044621,0.1
2026-05-11,CMGDB2,IPCA_SPREAD,8.10,anbima,20845,1,1042.2620,7.8200,B37,35,B37 +35bps,17433391,17391701,0.2
2026-05-11,ENMTE6,IPCA_SPREAD,6.66,anbima,0,0,,,,,,20071623,20071623,0.0
2026-05-11,BTGH18,DI_SPREAD,2.00,anbima,2458681,3,1068.9917,1.2355,CDI,1.2355,CDI +1.24%,21650545,16733183,22.7
2026-05-11,ITPO14,IPCA_SPREAD,5.06,anbima,194809,1,1421.9617,,,,,53777366,53387748,0.7
2026-05-11,DESK19,IPCA_SPREAD,4.50,anbima,0,0,,,,,,126705495,126705495,0.0
2026-05-11,ENEVB4,IPCA_SPREAD,8.85,anbima,0,0,,,,,,20191806,20191806,0.0
2026-05-11,ENEVA4,IPCA_SPREAD,7.02,anbima,0,0,,,,,,33096394,33096394,0.0
2026-05-11,RDORC7,DI_SPREAD,1.66,anbima,0,0,,,,,,14467118,14467118,0.0
2026-05-11,BCPSA5,IPCA_SPREAD,2.41,anbima,0,0,,,,,,32998052,32998052,0.0
2026-05-11,ENTV12,IPCA_SPREAD,2.28,anbima,1449004,1,1401.3575,,,,,13049381,10151374,22.2
2026-05-11,TRGP13,IPCA_SPREAD,7.79,anbima,0,0,,,,,,16193146,16193146,0.0
2026-05-11,AXIA18,IPCA_SPREAD,5.21,anbima,3974033,1,993.5082,7.5740,B32,-11,B32 −11bps,14770520,6822454,53.8
2026-05-11,ENGIC4,DI_SPREAD,3.79,anbima,4818940,7,1020.5295,0.7773,CDI,0.7773,CDI +0.78%,73726931,64089051,13.1
2026-05-11,CSMGD2,DI_SPREAD,3.94,anbima,0,0,,,,,,101009113,101009113,0.0
2026-05-11,OMGE17,DI_SPREAD,3.26,anbima,0,0,,,,,,10387231,10387231,0.0
2026-05-11,CEEBB8,DI_SPREAD,3.27,anbima,53749820,1,1074.9964,0.7300,CDI,0.73,CDI +0.73%,110071026,2571386,97.7
2026-05-11,VAMO33,IPCA_SPREAD,3.34,anbima,0,0,,,,,,15212627,15212627,0.0
2026-05-11,HVSP11,IPCA_SPREAD,4.90,anbima,0,0,,,,,,27410162,27410162,0.0
2026-05-11,ENGIA6,IPCA_SPREAD,1.59,anbima,2320,1,1159.7866,7.9751,B28,18,B28 +18bps,11782475,11777836,0.0
2026-05-11,ASAIA2,DI_SPREAD,2.69,anbima,0,0,,,,,,10014442,10014442,0.0
2026-05-11,CMGDB4,IPCA_SPREAD,8.61,anbima,5753268,1,958.8780,7.5530,B40,34,B40 +34bps,15193214,3686679,75.7
2026-05-11,CTGE13,IPCA_SPREAD,2.85,anbima,0,0,,,,,,29861575,29861575,0.0
2026-05-11,MVLVA3,DI_SPREAD,0.92,anbima,0,0,,,,,,35000800,35000800,0.0
2026-05-11,RPTA14,IPCA_SPREAD,5.04,anbima,0,0,,,,,,20143125,20143125,0.0
2026-05-11,ENERB6,PREFIXADO,4.08,anbima,0,0,,,,,,101958121,101958121,0.0
2026-05-11,RNDNB0,DI_SPREAD,2.27,anbima,0,0,,,,,,41675037,41675037,0.0
2026-05-11,ELET24,DI_SPREAD,1.42,anbima,0,0,,,,,,33349909,33349909,0.0
2026-05-11,RDORC4,DI_SPREAD,1.04,anbima,0,0,,,,,,25992798,25992798,0.0
2026-05-11,BSA318,DI_SPREAD,1.60,anbima,57477376,2,1069.3465,0.3777,CDI,0.3777,CDI +0.38%,151417452,36462699,75.9
2026-05-11,EQPAA0,DI_SPREAD,3.49,anbima,0,0,,,,,,11177396,11177396,0.0
2026-05-11,GITG11,,3.10,0.70xprazo,0,0,,,,,,42005220,42005220,0.0
2026-05-11,MOVIA2,DI_SPREAD,0.23,anbima,0,0,,,,,,14191118,14191118,0.0
2026-05-11,TUBS13,,8.94,0.70xprazo,0,0,,,,,,11938094,11938094,0.0
2026-05-11,VIXL19,DI_SPREAD,3.10,anbima,60359650,1,1009.3587,1.2708,CDI,1.2708,CDI +1.27%,120719299,0,100.0
2026-05-11,TSSG13,DI_SPREAD,2.41,anbima,0,0,,,,,,74703690,74703690,0.0
2026-05-11,CDGS16,,2.55,0.70xprazo,0,0,,,,,,35818977,35818977,0.0
2026-05-11,PFOR16,DI_SPREAD,2.77,anbima,0,0,,,,,,20166098,20166098,0.0
2026-05-11,RENTD0,DI_SPREAD,2.98,anbima,43029050,1,1075.7262,1.1801,CDI,1.1801,CDI +1.18%,86058103,3,100.0
2026-05-11,VLIM14,IPCA_SPREAD,2.79,anbima,11190354,2,1106.3128,7.6303,B29,-17,B29 −17bps,22633294,252587,98.9
2026-05-11,CAMLB1,DI_SPREAD,1.54,anbima,0,0,,,,,,40028710,40028710,0.0
2026-05-11,YDUQA0,DI_SPREAD,1.86,anbima,0,0,,,,,,59170774,59170774,0.0
2026-05-11,CEEBC3,IPCA_SPREAD,3.68,anbima,23727194,1,1186.3597,7.7613,B30,-6,B30 −6bps,47454388,0,100.0
2026-05-11,CEED21,IPCA_SPREAD,2.33,anbima,0,0,,,,,,48160726,48160726,0.0
2026-05-11,LORTB2,DI_SPREAD,2.01,anbima,0,0,,,,,,13304183,13304183,0.0
2026-05-12,CMGDA4,IPCA_SPREAD,7.26,anbima,671220,2,972.7819,7.6674,B37,17,B37 +17bps,18580500,17238061,7.2
2026-05-12,BSA318,DI_SPREAD,1.60,anbima,0,0,,,,,,178927627,178927627,0.0
2026-05-12,CMGDB2,IPCA_SPREAD,8.10,anbima,2112,1,1055.8141,7.6528,B37,15,B37 +15bps,17315212,17310989,0.0
2026-05-12,MGPRA0,IPCA_SPREAD,7.73,anbima,12063689,3,1002.9672,,,,,25641167,1513789,94.1
2026-05-12,EQPA18,IPCA_SPREAD,6.47,anbima,5471966,1,1094.3932,7.9151,B35,39,B35 +39bps,19132731,8188799,57.2
2026-05-12,CEEBD2,IPCA_SPREAD,6.93,anbima,2586136,3,964.9761,7.6944,B35,16,B35 +16bps,13044075,7871803,39.7
2026-05-12,ENEV18,IPCA_SPREAD,4.25,anbima,5716128,1,1143.2255,7.7257,B31,-14,B31 −14bps,13560687,2128432,84.3
2026-05-12,RISP12,IPCA_SPREAD,4.06,anbima,70595,4,9.4925,12.2985,B31,443,B31 +443bps,14955789,14814598,0.9
2026-05-12,RIS414,IPCA_SPREAD,4.35,anbima,152599,2,0.8992,12.5094,B31,464,B31 +464bps,14907475,14602277,2.0
2026-05-12,CSANA2,DI_SPREAD,2.49,anbima,0,0,,,,,,51284525,51284525,0.0
2026-05-12,BTGH18,DI_SPREAD,2.00,anbima,0,0,,,,,,35074605,35074605,0.0
2026-05-12,CEEBC3,IPCA_SPREAD,3.68,anbima,227657,2,1185.7127,7.7850,B30,-8,B30 −8bps,24232214,23776900,1.9
2026-05-12,AURP12,IPCA_SPREAD,5.83,anbima,6680194,2,1027.7222,7.8802,B33,18,B33 +18bps,67745236,54384848,19.7
2026-05-12,BCPSA5,IPCA_SPREAD,2.41,anbima,0,0,,,,,,10235639,10235639,0.0
2026-05-12,CPLDA1,IPCA_SPREAD,6.82,anbima,1500092,1,1013.5754,7.6531,B35,12,B35 +12bps,12912181,9911998,23.2
2026-05-12,CRNP23,IPCA_SPREAD,8.64,anbima,0,0,,,,,,18043076,18043076,0.0
2026-05-12,CRCF12,IPCA_SPREAD,7.64,anbima,620436,2,1153.2275,,,,,42112096,40871223,2.9
2026-05-12,CART13,IPCA_SPREAD,4.03,anbima,0,0,,,,,,12144294,12144294,0.0
2026-05-12,JSMLA5,DI_SPREAD,2.67,anbima,34157,2,1004.6063,5.4286,CDI,5.4286,CDI +5.43%,11663176,11594863,0.6
2026-05-12,BCBF16,DI_SPREAD,0.64,anbima,0,0,,,,,,116944548,116944548,0.0
2026-05-12,CEEBD1,PREFIXADO,4.44,anbima,0,0,,,,,,78142360,78142360,0.0
2026-05-12,PEJA22,IPCA_SPREAD,5.20,anbima,1049,1,1048.9622,7.8727,B32,17,B32 +17bps,12222382,12220284,0.0
2026-05-12,AESLA9,IPCA_SPREAD,6.00,anbima,147348,2,1037.6624,7.5566,B33,-14,B33 −14bps,63428252,63133555,0.5
2026-05-12,UNEG11,IPCA_SPREAD,6.65,anbima,604180,5,1182.3485,8.2671,B35,74,B35 +74bps,45158630,43950270,2.7
2026-05-12,ASAIA1,DI_SPREAD,2.16,anbima,5010953,1,1002.1906,1.9505,CDI,1.9505,CDI +1.95%,106586202,96564296,9.4
2026-05-12,SIMH16,DI_SPREAD,2.65,anbima,39708,1,992.7018,,,,,12305165,12225749,0.6
2026-05-12,RNDNB0,DI_SPREAD,2.27,anbima,10011454,1,988.7856,2.2016,CDI,2.2016,CDI +2.20%,130489328,110466420,15.3
2026-05-12,ELET24,DI_SPREAD,1.42,anbima,299381,1,1035.9196,0.8151,CDI,0.8151,CDI +0.82%,45198146,44599384,1.3
2026-05-12,TRPLA4,IPCA_SPREAD,5.42,anbima,114186,2,1067.1569,7.4430,B33,-26,B33 −26bps,15578797,15350425,1.5
2026-05-12,ENJG21,IPCA_SPREAD,0.62,anbima,0,0,,,,,,18720529,18720529,0.0
2026-05-12,CMGDB1,IPCA_SPREAD,6.98,anbima,5114610,1,1022.9219,7.6160,B35,9,B35 +9bps,11180410,951191,91.5
2026-05-12,EQPA19,IPCA_SPREAD,6.83,anbima,0,0,,,,,,29141246,29141246,0.0
2026-05-12,EKTRB3,IPCA_SPREAD,5.39,anbima,0,0,,,,,,26657841,26657841,0.0
2026-05-12,IRJS14,IPCA_SPREAD,6.81,anbima,43961,3,1188.1217,10.3577,B35,283,B35 +283bps,26277181,26189260,0.3
2026-05-12,FURN21,IPCA_SPREAD,1.68,anbima,362806,3,1374.2669,,,,,15950073,15224460,4.5
2026-05-12,CTGE13,IPCA_SPREAD,2.85,anbima,0,0,,,,,,14923894,14923894,0.0
2026-05-12,ISAEA8,IPCA_SPREAD,5.13,anbima,1081,1,1080.6164,7.4231,B32,-28,B32 −28bps,11701331,11699170,0.0
2026-05-12,DESK19,IPCA_SPREAD,4.50,anbima,0,0,,,,,,98488417,98488417,0.0
2026-05-12,RPTA14,IPCA_SPREAD,5.04,anbima,11173,1,1117.3307,,,,,31961699,31939353,0.1
2026-05-12,OMGE17,DI_SPREAD,3.26,anbima,10010409,1,1009.5208,1.2900,CDI,1.29,CDI +1.29%,34135900,14115082,58.7
2026-05-12,ELET16,IPCA_SPREAD,6.15,anbima,25782,3,1074.2550,7.2007,B35,-33,B35 −33bps,17346341,17294777,0.3
2026-05-12,EKTRA8,IPCA_SPREAD,3.98,anbima,0,0,,,,,,40661999,40661999,0.0
2026-05-12,CSANB0,DI_SPREAD,4.37,anbima,8123855,5,1006.0501,2.6503,CDI,2.6503,CDI +2.65%,24130936,7883227,67.3
2026-05-12,CSAN24,DI_SPREAD,3.35,anbima,0,0,,,,,,17379836,17379836,0.0
2026-05-12,ISAEC0,IPCA_SPREAD,8.85,anbima,162469,3,990.6660,7.1540,B40,-9,B40 −9bps,42130752,41805814,0.8
2026-05-12,HAPVA0,DI_SPREAD,3.90,anbima,47006103,2,850.2813,5.0797,CDI,5.0797,CDI +5.08%,239157188,145144982,39.3
2026-05-12,HAPV19,DI_SPREAD,3.69,anbima,16141814,1,926.6254,5.0001,CDI,5.0001,CDI +5.00%,49103610,16819982,65.7
2026-05-12,CNLM17,DI_SPREAD,4.08,anbima,0,0,,,,,,44382673,44382673,0.0
2026-05-12,EGIEB5,IPCA_SPREAD,6.16,anbima,98012,1,1053.8911,7.5236,B35,-1,B35 −1bps,19612124,19416100,1.0
2026-05-12,PSAN13,DI_SPREAD,2.42,anbima,0,0,,,,,,67932291,67932291,0.0
2026-05-12,ELTN27,IPCA_SPREAD,4.90,anbima,0,0,,,,,,16014489,16014489,0.0
2026-05-12,ARTRA5,DI_SPREAD,1.45,anbima,0,0,,,,,,12570600,12570600,0.0
2026-05-12,EXSE11,,3.81,0.70xprazo,0,0,,,,,,16330950,16330950,0.0
2026-05-12,ASAIA2,DI_SPREAD,2.69,anbima,0,0,,,,,,41020598,41020598,0.0
2026-05-12,RHOL11,,0.41,0.70xprazo,0,0,,,,,,46644682,46644682,0.0
2026-05-12,USIM29,DI_SPREAD,2.35,anbima,0,0,,,,,,21437963,21437963,0.0
2026-05-12,RDORA5,DI_SPREAD,4.00,anbima,0,0,,,,,,10621059,10621059,0.0
2026-05-12,EEELA1,IPCA_SPREAD,5.42,anbima,91884,1,1020.9319,7.5835,B33,-12,B33 −12bps,20831340,20647572,0.9
2026-05-12,MVLVA3,DI_SPREAD,0.92,anbima,0,0,,,,,,35008542,35008542,0.0
2026-05-12,CEEDA0,DI_SPREAD,3.58,anbima,3682509,3,1003.1351,0.8274,CDI,0.8274,CDI +0.83%,20638245,13273227,35.7
2026-05-12,EQPAA0,DI_SPREAD,3.49,anbima,0,0,,,,,,53333216,53333216,0.0
2026-05-12,ENGIC4,DI_SPREAD,3.79,anbima,0,0,,,,,,11728942,11728942,0.0
2026-05-12,INEL12,DI_SPREAD,1.55,anbima,0,0,,,,,,12691798,12691798,0.0
2026-05-12,EUFA17,DI_SPREAD,2.73,anbima,0,0,,,,,,29005011,29005011,0.0
2026-05-12,RDORD3,DI_SPREAD,4.60,anbima,0,0,,,,,,12574243,12574243,0.0
2026-05-12,SUZBB1,DI_SPREAD,4.54,anbima,40103718,1,1089.7749,0.6394,CDI,0.6394,CDI +0.64%,131495148,51287712,61.0
2026-05-12,TBSP22,DI_SPREAD,3.85,anbima,0,0,,,,,,19554715,19554715,0.0
2026-05-12,GSTS14,IPCA_SPREAD,4.03,anbima,59753,1,1127.4144,8.6000,B31,73,B31 +73bps,14145665,14026159,0.8
2026-05-12,LCAMD3,IPCA_SPREAD,2.44,anbima,5656,1,1131.1569,9.6400,B29,178,B29 +178bps,21984486,21973174,0.1
2026-05-12,HAPV18,DI_SPREAD,3.44,anbima,0,0,,,,,,34207203,34207203,0.0
2026-05-12,CSMGD2,DI_SPREAD,3.94,anbima,0,0,,,,,,94502512,94502512,0.0
2026-05-12,HAPV15,DI_SPREAD,2.71,anbima,37227475,2,969.5917,4.9992,CDI,4.9992,CDI +5.00%,109252949,34798000,68.1
2026-05-12,LORTB2,DI_SPREAD,2.01,anbima,0,0,,,,,,23048917,23048917,0.0
2026-05-12,RDORB5,DI_SPREAD,3.80,anbima,0,0,,,,,,15743927,15743927,0.0
2026-05-12,CGOS19,DI_SPREAD,3.75,anbima,0,0,,,,,,29303284,29303284,0.0
2026-05-12,ALIG13,IPCA_SPREAD,3.79,anbima,17835568,2,859.4626,7.4332,B30,-44,B30 −44bps,35744613,73476,99.8
2026-05-12,HAPV17,DI_SPREAD,2.76,anbima,2715782,1,905.2605,4.9985,CDI,4.9985,CDI +5.00%,72970207,67538644,7.4
2026-05-12,CEBD25,DI_SPREAD,2.04,anbima,0,0,,,,,,12706532,12706532,0.0
2026-05-12,CEEBC0,,4.17,0.70xprazo,0,0,,,,,,43934541,43934541,0.0
2026-05-12,EGIEA5,PREFIXADO,4.73,anbima,9196443,2,1074.3508,13.5164,,,,153296853,134903968,12.0
2026-05-12,AESLA7,IPCA_SPREAD,5.42,anbima,20735182,2,1024.0102,7.5785,B33,-12,B33 −12bps,69630470,28160106,59.6
2026-05-12,AALM12,DI_SPREAD,2.15,anbima,399672,2,1035.4195,0.7663,CDI,0.7663,CDI +0.77%,10755460,9956116,7.4
2026-05-12,COMT11,IPCA_SPREAD,3.78,anbima,0,0,,,,,,19109925,19109925,0.0
2026-05-12,CLIS11,DI_SPREAD,2.33,anbima,0,0,,,,,,19187814,19187814,0.0
2026-05-12,CLCD16,DI_SPREAD,1.17,anbima,0,0,,,,,,19686309,19686309,0.0
2026-05-12,ELTN15,IPCA_SPREAD,4.04,anbima,1056,1,1055.5166,7.5400,B31,-33,B31 −33bps,14220611,14218500,0.0
2026-05-12,OMGE26,DI_SPREAD,3.29,anbima,0,0,,,,,,19504596,19504596,0.0
2026-05-12,RDORC9,DI_SPREAD,2.92,anbima,0,0,,,,,,10963197,10963197,0.0
2026-05-12,CLAG13,IPCA_SPREAD,1.41,anbima,1290,1,1290.2444,8.0300,B28,17,B28 +17bps,10172481,10169900,0.0
2026-05-12,BRKMA8,DI_SPREAD,2.45,0.70xprazo,0,0,,,,,,21365656,21365656,0.0
2026-05-12,ELFA12,DI_SPREAD,3.91,0.70xprazo,0,0,,,,,,10315905,10315905,0.0
2026-05-12,TAEEC1,DI_SPREAD,0.47,anbima,608597,2,351.3839,0.4305,CDI,0.4305,CDI +0.43%,15886072,14668878,7.7
2026-05-12,CSMGA7,DI_SPREAD,1.50,anbima,0,0,,,,,,11983884,11983884,0.0
2026-05-12,NTSDA2,DI_SPREAD,3.04,anbima,0,0,,,,,,20282842,20282842,0.0
2026-05-12,CBOH11,DI_SPREAD,1.49,anbima,0,0,,,,,,22847737,22847737,0.0
2026-05-12,RNPU11,,8.61,0.70xprazo,0,0,,,,,,20012555,20012555,0.0
2026-05-12,HAPV28,DI_SPREAD,3.77,anbima,0,0,,,,,,21898978,21898978,0.0
2026-05-12,ENMTA8,DI_SPREAD,2.24,anbima,0,0,,,,,,29497255,29497255,0.0
2026-05-12,RRRP14,,1.92,0.70xprazo,0,0,,,,,,38686082,38686082,0.0
2026-05-12,RDORC7,DI_SPREAD,1.66,anbima,0,0,,,,,,34823466,34823466,0.0
2026-05-12,PFOR15,DI_SPREAD,2.38,anbima,0,0,,,,,,58895165,58895165,0.0
2026-05-12,PRLG17,DI_SPREAD,2.83,anbima,0,0,,,,,,44172033,44172033,0.0
2026-05-12,RSAN25,DI_SPREAD,1.99,anbima,0,0,,,,,,44170802,44170802,0.0
2026-05-12,CBAN22,DI_SPREAD,3.24,anbima,0,0,,,,,,65042173,65042173,0.0
2026-05-12,GGBRA9,DI_SPREAD,4.03,anbima,0,0,,,,,,26683586,26683586,0.0
2026-05-12,ELTN26,DI_SPREAD,4.36,anbima,0,0,,,,,,10896854,10896854,0.0
2026-05-12,BCPSA4,DI_SPREAD,0.53,anbima,0,0,,,,,,35033386,35033386,0.0
2026-05-12,ALPA22,DI_SPREAD,2.37,anbima,0,0,,,,,,15750926,15750926,0.0
2026-05-12,CDGS16,,2.55,0.70xprazo,0,0,,,,,,18202615,18202615,0.0
2026-05-12,HLIX13,,0.10,0.70xprazo,32977839,1,1315.2730,2.6999,,,,65955676,0,100.0
2026-05-12,FZCH11,,0.74,0.70xprazo,0,0,,,,,,11777149,11777149,0.0
2026-05-12,GEPAA0,,2.24,0.70xprazo,0,0,,,,,,32863657,32863657,0.0
2026-05-12,CHSF12,DI_SPREAD,2.24,anbima,0,0,,,,,,31431242,31431242,0.0
2026-05-12,EATEA2,,2.32,0.70xprazo,0,0,,,,,,10274775,10274775,0.0
2026-05-12,TLPP27,DI_SPREAD,0.92,anbima,0,0,,,,,,15002885,15002885,0.0
2026-05-12,TENG15,,0.01,0.70xprazo,0,0,,,,,,23919365,23919365,0.0
2026-05-12,VBBR24,DI_SPREAD,3.06,anbima,0,0,,,,,,16998968,16998968,0.0
2026-05-12,TSSG13,DI_SPREAD,2.41,anbima,0,0,,,,,,15850114,15850114,0.0
2026-05-12,LMTPB1,DI_SPREAD,2.78,anbima,0,0,,,,,,19508825,19508825,0.0
2026-05-12,CEEDA1,DI_SPREAD,3.88,anbima,0,0,,,,,,300125008,300125008,0.0
2026-05-12,MANT23,,5.91,0.70xprazo,0,0,,,,,,15018501,15018501,0.0
2026-05-12,IPIA15,,3.33,0.70xprazo,0,0,,,,,,66089115,66089115,0.0
2026-05-12,RDORD4,DI_SPREAD,3.55,anbima,5115206,1,1023.0412,1.1008,CDI,1.1008,CDI +1.10%,10252824,22413,99.8
2026-05-12,ELTN17,PREFIXADO,4.29,anbima,10274170,1,1027.4170,13.5660,,,,20548340,0,100.0
2026-05-12,CSMGB9,IPCA_SPREAD,3.64,anbima,0,0,,,,,,17644445,17644445,0.0
2026-05-12,VLIM17,IPCA_SPREAD,5.98,anbima,0,0,,,,,,26860284,26860284,0.0
2026-05-12,ANIM15,DI_SPREAD,1.54,anbima,0,0,,,,,,15004033,15004033,0.0
2026-05-12,CAMLB1,DI_SPREAD,1.54,anbima,0,0,,,,,,40087346,40087346,0.0
2026-05-12,ULFT14,IPCA_SPREAD,6.23,anbima,0,0,,,,,,16578088,16578088,0.0
2026-05-13,HAPVA0,DI_SPREAD,3.90,anbima,4263118,1,853.1355,5.0026,CDI,5.0026,CDI +5.00%,47246957,38720721,18.0
2026-05-13,CEEDA0,DI_SPREAD,3.58,anbima,0,0,,,,,,17036743,17036743,0.0
2026-05-13,BCBF16,DI_SPREAD,0.64,anbima,0,0,,,,,,22031630,22031630,0.0
2026-05-13,OMGE17,DI_SPREAD,3.26,anbima,0,0,,,,,,29062729,29062729,0.0
2026-05-13,NTSDA2,DI_SPREAD,3.04,anbima,0,0,,,,,,82039207,82039207,0.0
2026-05-13,CPLDC0,IPCA_SPREAD,6.59,anbima,15251432,1,1016.7622,7.6311,B35,9,B35 +9bps,30766201,263336,99.1
2026-05-13,HAPV18,DI_SPREAD,3.44,anbima,0,0,,,,,,34236898,34236898,0.0
2026-05-13,CMGDA4,IPCA_SPREAD,7.26,anbima,15214322,2,980.6202,7.5599,B37,5,B37 +5bps,31769244,1340599,95.8
2026-05-13,AURP12,IPCA_SPREAD,5.83,anbima,25791815,2,1027.8490,7.8780,B33,17,B33 +17bps,54714990,3131360,94.3
2026-05-13,IRJS15,IPCA_SPREAD,6.61,anbima,20991899,2,1015.9665,,,,,42638363,654565,98.5
2026-05-13,VERO14,DI_SPREAD,2.40,0.70xprazo,0,0,,,,,,10410116,10410116,0.0
2026-05-13,BTGH18,DI_SPREAD,2.00,anbima,7048728,3,1069.9344,1.2493,CDI,1.2493,CDI +1.25%,19431222,5333766,72.6
2026-05-13,ANIM15,DI_SPREAD,1.54,anbima,14642727,1,1082.7216,1.4801,CDI,1.4801,CDI +1.48%,44285834,15000381,66.1
2026-05-13,ULFT14,IPCA_SPREAD,6.23,anbima,11559399,1,963.2832,7.8688,B35,33,B35 +33bps,28125100,5006302,82.2
2026-05-13,CEEBD2,IPCA_SPREAD,6.93,anbima,2300993,4,977.4821,7.5147,B35,-3,B35 −3bps,21433770,16831784,21.5
2026-05-13,EUFA17,DI_SPREAD,2.73,anbima,0,0,,,,,,45828738,45828738,0.0
2026-05-13,CEEBD1,PREFIXADO,4.44,anbima,0,0,,,,,,130707152,130707152,0.0
2026-05-13,AXIA28,IPCA_SPREAD,6.90,anbima,6815429,2,973.6327,7.6071,B35,7,B35 +7bps,16561820,2930963,82.3
2026-05-13,CHSF13,IPCA_SPREAD,4.17,anbima,3104312,5,1088.0869,7.5973,B31,-29,B31 −29bps,31156204,24947581,19.9
2026-05-13,CEEBB6,IPCA_SPREAD,3.12,anbima,9906158,2,1099.3406,7.8230,B30,-7,B30 −7bps,19925656,113339,99.4
2026-05-13,CGASA5,DI_SPREAD,2.16,anbima,0,0,,,,,,11659888,11659888,0.0
2026-05-13,ASAIA1,DI_SPREAD,2.16,anbima,42140,1,1003.3393,1.9147,CDI,1.9147,CDI +1.91%,21980748,21896467,0.4
2026-05-13,AESLA7,IPCA_SPREAD,5.42,anbima,0,0,,,,,,31000112,31000112,0.0
2026-05-13,EEELA1,IPCA_SPREAD,5.42,anbima,0,0,,,,,,39156981,39156981,0.0
2026-05-13,CASN14,DI_SPREAD,1.83,anbima,4873235,3,986.4848,3.6102,CDI,3.6102,CDI +3.61%,10376877,630407,93.9
2026-05-13,RUMOA4,IPCA_SPREAD,2.44,anbima,5688781,4,1355.4399,9.0052,B29,115,B29 +115bps,16732893,5355330,68.0
2026-05-13,ELET14,IPCA_SPREAD,3.57,anbima,371697,7,1099.6945,7.4924,B30,-40,B30 −40bps,145293611,144550218,0.5
2026-05-13,CGOSB0,IPCA_SPREAD,6.70,anbima,2164089,2,1008.8995,7.9962,B35,46,B35 +46bps,39031736,34703557,11.1
2026-05-13,RNDNB0,DI_SPREAD,2.27,anbima,0,0,,,,,,87238540,87238540,0.0
2026-05-13,IVIAA0,IPCA_SPREAD,5.67,anbima,0,0,,,,,,41411839,41411839,0.0
2026-05-13,MNRVB1,,2.05,0.70xprazo,0,0,,,,,,24124207,24124207,0.0
2026-05-13,SUZBB1,DI_SPREAD,4.54,anbima,52347,2,1090.5548,0.6229,CDI,0.6229,CDI +0.62%,10082237,9977544,1.0
2026-05-13,HAPV17,DI_SPREAD,2.76,anbima,0,0,,,,,,13693920,13693920,0.0
2026-05-13,VALEC1,IPCA_SPREAD,6.64,anbima,1812520,6,1063.6853,6.9171,B35,-62,B35 −62bps,29009006,25383966,12.5
2026-05-13,ENEVD0,DI_SPREAD,3.12,anbima,20489465,1,1024.4733,0.7550,CDI,0.755,CDI +0.76%,51228774,10249844,80.0
2026-05-13,SUMI19,IPCA_SPREAD,4.01,anbima,0,0,,,,,,10787765,10787765,0.0
2026-05-13,CEEDA1,DI_SPREAD,3.88,anbima,0,0,,,,,,74999911,74999911,0.0
2026-05-13,AALM12,DI_SPREAD,2.15,anbima,0,0,,,,,,13654122,13654122,0.0
2026-05-13,MRSAB3,IPCA_SPREAD,8.63,anbima,309474,1,1008.0586,7.4716,B40,22,B40 +22bps,90028766,89409818,0.7
2026-05-13,MGPRA0,IPCA_SPREAD,7.73,anbima,16381,1,963.6039,,,,,79425775,79393012,0.0
2026-05-13,MOTVB9,IPCA_SPREAD,7.30,anbima,3371841,1,967.5296,7.6241,B37,11,B37 +11bps,49294139,42550457,13.7
2026-05-13,BCPSA7,IPCA_SPREAD,6.45,anbima,5199097,2,1015.4485,7.4967,B35,-4,B35 −4bps,15921980,5523787,65.3
2026-05-13,EQPA18,IPCA_SPREAD,6.47,anbima,24273981,5,1086.8622,8.0465,B35,51,B35 +51bps,58429748,9881786,83.1
2026-05-13,MNRVA1,DI_SPREAD,0.23,anbima,51545,1,1010.6951,1.6454,CDI,1.6454,CDI +1.65%,13146306,13043215,0.8
2026-05-13,SVEA15,DI_SPREAD,2.54,anbima,5002067,1,1069.0462,,,,,12010639,2006504,83.3
2026-05-13,ELET24,DI_SPREAD,1.42,anbima,0,0,,,,,,155701901,155701901,0.0
2026-05-13,MVLVA1,DI_SPREAD,0.85,anbima,5001492,1,711.4498,2.6630,CDI,2.663,CDI +2.66%,11895443,1892458,84.1
2026-05-13,RDORC9,DI_SPREAD,2.92,anbima,9101601,2,1062.6504,1.0467,CDI,1.0467,CDI +1.05%,27890611,9687409,65.3
2026-05-13,EQTL17,DI_SPREAD,2.13,anbima,0,0,,,,,,41123405,41123405,0.0
2026-05-13,EKTRA8,IPCA_SPREAD,3.98,anbima,0,0,,,,,,11170422,11170422,0.0
2026-05-13,RPTA14,IPCA_SPREAD,5.04,anbima,0,0,,,,,,23118537,23118537,0.0
2026-05-13,CERR18,IPCA_SPREAD,5.52,anbima,3190,1,1063.2563,9.0991,B33,139,B33 +139bps,23388045,23381666,0.0
2026-05-13,PALFA7,IPCA_SPREAD,6.13,anbima,9949446,1,994.9446,7.7031,B35,16,B35 +16bps,20182566,283675,98.6
2026-05-13,RDORE4,DI_SPREAD,4.65,anbima,292146,1,1028.6823,1.2000,CDI,1.2,CDI +1.20%,31682500,31098208,1.8
2026-05-13,OMGE26,DI_SPREAD,3.29,anbima,0,0,,,,,,19556483,19556483,0.0
2026-05-13,LORTB2,DI_SPREAD,2.01,anbima,0,0,,,,,,30604805,30604805,0.0
2026-05-13,CSAN24,DI_SPREAD,3.35,anbima,0,0,,,,,,83175896,83175896,0.0
2026-05-13,SBIOA4,DI_SPREAD,3.06,anbima,8420523,1,1017.0942,,,,,364080460,347239413,4.6
2026-05-13,ARML26,DI_SPREAD,3.12,anbima,0,0,,,,,,19522343,19522343,0.0
2026-05-13,SBSPM8,DI_SPREAD,4.81,anbima,0,0,,,,,,30085889,30085889,0.0
2026-05-13,TFLED0,DI_SPREAD,3.76,anbima,0,0,,,,,,20015016,20015016,0.0
2026-05-13,CGOS15,DI_SPREAD,2.13,anbima,0,0,,,,,,36094494,36094494,0.0
2026-05-13,ELTN19,DI_SPREAD,4.18,anbima,0,0,,,,,,10211258,10211258,0.0
2026-05-13,CAMLB1,DI_SPREAD,1.54,anbima,0,0,,,,,,29796973,29796973,0.0
2026-05-13,CPTM15,,5.49,0.70xprazo,0,0,,,,,,12514235,12514235,0.0
2026-05-13,VLIM17,IPCA_SPREAD,5.98,anbima,0,0,,,,,,12425922,12425922,0.0
2026-05-13,EMMP21,,5.66,0.70xprazo,0,0,,,,,,16008737,16008737,0.0
2026-05-13,NEOS11,,7.65,0.70xprazo,0,0,,,,,,20006706,20006706,0.0
2026-05-13,CSNAA5,IPCA_SPREAD,4.74,anbima,0,0,,,,,,12229497,12229497,0.0
2026-05-13,CPIS15,IPCA_SPREAD,6.80,anbima,0,0,,,,,,12109748,12109748,0.0
2026-05-13,CEAL12,IPCA_SPREAD,6.70,anbima,0,0,,,,,,13091065,13091065,0.0
2026-05-13,USIMB0,DI_SPREAD,3.28,anbima,20293176,1,1014.6588,1.7208,CDI,1.7208,CDI +1.72%,102479693,61893341,39.6
2026-05-13,RIAE11,,8.29,0.70xprazo,0,0,,,,,,99134911,99134911,0.0
2026-05-13,AXS311,,10.91,0.70xprazo,0,0,,,,,,35792422,35792422,0.0
2026-05-13,BZGY21,,10.21,0.70xprazo,0,0,,,,,,29950016,29950016,0.0
2026-05-13,MVLVA3,DI_SPREAD,0.92,anbima,0,0,,,,,,93435503,93435503,0.0
2026-05-13,VBBRA0,IPCA_SPREAD,5.74,anbima,0,0,,,,,,12750433,12750433,0.0
2026-05-13,SAELB8,IPCA_SPREAD,6.88,anbima,32690348,2,941.7050,7.9831,B35,44,B35 +44bps,70756362,5375667,92.4
2026-05-13,ENMTF8,IPCA_SPREAD,6.88,anbima,18833242,1,941.6621,7.9838,B35,44,B35 +44bps,61185640,23519156,61.6
2026-05-13,EGIEA6,IPCA_SPREAD,7.71,anbima,9401183,1,940.1182,7.4090,B37,-10,B37 −10bps,18802365,0,100.0
2026-05-13,EGIEB4,IPCA_SPREAD,3.92,anbima,0,0,,,,,,30237421,30237421,0.0
2026-05-13,ENSEA5,IPCA_SPREAD,6.88,anbima,53980623,1,941.7087,7.9830,B35,44,B35 +44bps,107961247,0,100.0
2026-05-13,BSA3A0,DI_SPREAD,2.80,anbima,0,0,,,,,,10223720,10223720,0.0
2026-05-14,QUAL18,DI_SPREAD,1.74,anbima,0,0,,,,,,25000475,25000475,0.0
2026-05-14,ENEVD0,DI_SPREAD,3.12,anbima,0,0,,,,,,14765379,14765379,0.0
2026-05-14,VALEC1,IPCA_SPREAD,6.64,anbima,3151,1,1050.1926,6.8820,B35,-69,B35 −69bps,60216089,60209788,0.0
2026-05-14,MGPRA0,IPCA_SPREAD,7.73,anbima,0,0,,,,,,25971125,25971125,0.0
2026-05-14,RDORE4,DI_SPREAD,4.65,anbima,9997825,1,1027.7369,1.2243,CDI,1.2243,CDI +1.22%,30283475,10287825,66.0
2026-05-14,ORIG11,IPCA_SPREAD,4.98,anbima,0,0,,,,,,14317688,14317688,0.0
2026-05-14,CEEBD2,IPCA_SPREAD,6.93,anbima,1505616,3,948.1211,7.5372,B35,-3,B35 −3bps,17157033,14145801,17.6
2026-05-14,SBSPM8,DI_SPREAD,4.81,anbima,30705,1,1023.5011,0.8151,CDI,0.8151,CDI +0.82%,10062510,10001100,0.6
2026-05-14,MOVIA3,DI_SPREAD,0.56,anbima,6521097,2,1031.1665,2.4614,CDI,2.4614,CDI +2.46%,31032843,17990648,42.0
2026-05-14,IVIAA0,IPCA_SPREAD,5.67,anbima,20739650,3,1004.8280,9.0683,B33,128,B33 +128bps,74250805,32771506,55.9
2026-05-14,ELTN17,PREFIXADO,4.29,anbima,721778,17,1043.0312,13.1773,,,,10074364,8630809,14.3
2026-05-14,ELET14,IPCA_SPREAD,3.57,anbima,2971571,8,1089.2855,7.7792,B30,-18,B30 −18bps,22824141,16880999,26.0
2026-05-14,CSAN24,DI_SPREAD,3.35,anbima,0,0,,,,,,67555900,67555900,0.0
2026-05-14,ARML26,DI_SPREAD,3.12,anbima,0,0,,,,,,19471625,19471625,0.0
2026-05-14,LORTB2,DI_SPREAD,2.01,anbima,0,0,,,,,,70569303,70569303,0.0
2026-05-14,CESPA3,IPCA_SPREAD,5.40,anbima,7132335,2,1011.6787,7.9199,B33,13,B33 +13bps,24980830,10716161,57.1
2026-05-14,QUAL16,DI_SPREAD,0.81,anbima,10013704,1,532.6438,2.7500,CDI,2.75,CDI +2.75%,20402542,375134,98.2
2026-05-14,CGOS15,DI_SPREAD,2.13,anbima,0,0,,,,,,25772645,25772645,0.0
2026-05-14,ALGAA2,DI_SPREAD,1.75,anbima,0,0,,,,,,25189373,25189373,0.0
2026-05-14,CEPEA6,PREFIXADO,4.03,anbima,0,0,,,,,,39244184,39244184,0.0
2026-05-14,COQE13,,2.91,0.70xprazo,0,0,,,,,,423346409,423346409,0.0
2026-05-14,ENERB7,IPCA_SPREAD,6.62,anbima,32952,1,1029.7391,7.3131,B35,-26,B35 −26bps,11773881,11707977,0.6
2026-05-14,ISAEC0,IPCA_SPREAD,8.85,anbima,9828804,3,971.5137,7.4016,B40,14,B40 +14bps,63122192,43464585,31.1
2026-05-14,PALFB3,IPCA_SPREAD,6.32,anbima,329707,1,1036.8130,7.6695,B35,10,B35 +10bps,62889386,62229973,1.0
2026-05-14,USIMB0,DI_SPREAD,3.28,anbima,0,0,,,,,,34512296,34512296,0.0
2026-05-14,ENMTF8,IPCA_SPREAD,6.88,anbima,1855913,1,944.4847,7.9481,B35,38,B35 +38bps,27270048,23558223,13.6
2026-05-14,DASAC5,DI_SPREAD,3.57,anbima,0,0,,,,,,21121908,21121908,0.0
2026-05-14,IRJS14,IPCA_SPREAD,6.81,anbima,0,0,,,,,,30643265,30643265,0.0
2026-05-14,BCPSA7,IPCA_SPREAD,6.45,anbima,1019552,3,1019.5519,7.4402,B35,-13,B35 −13bps,11192706,9153603,18.2
2026-05-14,SUZBA0,IPCA_SPREAD,7.84,anbima,10514,1,1051.3912,7.3350,B37,-20,B37 −20bps,10616388,10595360,0.2
2026-05-14,SBIOA4,DI_SPREAD,3.06,anbima,6084890,2,1014.1483,,,,,12169780,0,100.0
2026-05-14,ENGIB0,IPCA_SPREAD,4.05,anbima,0,0,,,,,,75602009,75602009,0.0
2026-05-14,MNRVB1,,2.04,0.70xprazo,0,0,,,,,,64078829,64078829,0.0
2026-05-14,BSA3A0,DI_SPREAD,2.80,anbima,0,0,,,,,,10316750,10316750,0.0
2026-05-14,AALM12,DI_SPREAD,2.15,anbima,0,0,,,,,,53305727,53305727,0.0
2026-05-14,EKTRA6,IPCA_SPREAD,9.00,anbima,131115,2,1057.3815,7.1323,B40,-13,B40 −13bps,10710133,10447903,2.4
2026-05-14,PEJA11,IPCA_SPREAD,2.98,anbima,95348,2,1177.1395,8.2244,B29,28,B29 +28bps,12556818,12366122,1.5
2026-05-14,ELET24,DI_SPREAD,1.42,anbima,20703,1,1035.1607,0.8950,CDI,0.895,CDI +0.90%,60112997,60071591,0.1
2026-05-14,CMGDA4,IPCA_SPREAD,7.26,anbima,0,0,,,,,,12692320,12692320,0.0
2026-05-14,ASAIA1,DI_SPREAD,2.16,anbima,1312158,2,1003.1790,1.9626,CDI,1.9626,CDI +1.96%,11268127,8643811,23.3
2026-05-14,EKTRB6,IPCA_SPREAD,8.36,anbima,0,0,,,,,,10087728,10087728,0.0
2026-05-14,CERT11,IPCA_SPREAD,2.62,anbima,2326,1,1162.9341,8.1613,B29,22,B29 +22bps,19572737,19568085,0.0
2026-05-14,PASS14,DI_SPREAD,2.99,anbima,0,0,,,,,,40007682,40007682,0.0
2026-05-14,RODB11,DI_SPREAD,2.40,anbima,0,0,,,,,,52143627,52143627,0.0
2026-05-14,BTGH18,DI_SPREAD,2.00,anbima,0,0,,,,,,85846285,85846285,0.0
2026-05-14,ERDVA6,DI_SPREAD,3.07,anbima,0,0,,,,,,10873705,10873705,0.0
2026-05-14,BSA318,DI_SPREAD,1.60,anbima,0,0,,,,,,30257103,30257103,0.0
2026-05-14,BTEL13,PREFIXADO,3.64,anbima,0,0,,,,,,22347889,22347889,0.0
2026-05-14,CONX12,IPCA_SPREAD,1.35,anbima,0,0,,,,,,12078739,12078739,0.0
2026-05-14,CGOSB0,IPCA_SPREAD,6.70,anbima,5220783,3,1005.3501,8.0544,B35,48,B35 +48bps,33439932,22998366,31.2
2026-05-14,TFLED0,DI_SPREAD,3.76,anbima,0,0,,,,,,10008621,10008621,0.0
2026-05-14,EKTRA5,PREFIXADO,4.03,anbima,0,0,,,,,,21967277,21967277,0.0
2026-05-14,VALEB1,IPCA_SPREAD,4.79,anbima,36505,1,1042.9979,7.0352,B32,-75,B32 −75bps,33405507,33332497,0.2
2026-05-14,ENEV32,IPCA_SPREAD,1.68,anbima,0,0,,,,,,13270765,13270765,0.0
2026-05-14,EUFA18,DI_SPREAD,1.80,anbima,0,0,,,,,,11031495,11031495,0.0
2026-05-14,AXIA18,IPCA_SPREAD,5.21,anbima,387899,1,992.0695,7.6400,B32,-15,B32 −15bps,11201046,10425248,6.9
2026-05-14,RALM11,IPCA_SPREAD,8.27,anbima,0,0,,,,,,14533273,14533273,0.0
2026-05-14,VBBR18,DI_SPREAD,3.34,anbima,0,0,,,,,,58569419,58569419,0.0
2026-05-14,CGEE23,IPCA_SPREAD,5.51,anbima,0,0,,,,,,11887026,11887026,0.0
2026-05-14,ECOA11,,6.42,0.70xprazo,0,0,,,,,,43521048,43521048,0.0
2026-05-14,VALED1,IPCA_SPREAD,7.67,anbima,14023145,3,1018.6057,7.0991,B37,-44,B37 −44bps,41079896,13033606,68.3
2026-05-14,CAMLB1,DI_SPREAD,1.54,anbima,0,0,,,,,,10003595,10003595,0.0
2026-05-14,ENERB6,PREFIXADO,4.08,anbima,0,0,,,,,,88260983,88260983,0.0
2026-05-14,RALM21,IPCA_SPREAD,8.27,anbima,0,0,,,,,,12247643,12247643,0.0
2026-05-14,ENEVB4,IPCA_SPREAD,8.85,anbima,144431,2,950.2057,7.7467,B40,49,B40 +49bps,15142751,14853889,1.9
2026-05-14,UNEG11,IPCA_SPREAD,6.65,anbima,94405,2,1180.0677,8.3144,B35,74,B35 +74bps,23657015,23468205,0.8
2026-05-14,UNIPB0,DI_SPREAD,4.78,anbima,15006247,1,1032.2085,1.6885,CDI,1.6885,CDI +1.69%,33341099,3328604,90.0
2026-05-14,NEOS11,,7.64,0.70xprazo,0,0,,,,,,20006706,20006706,0.0
2026-05-14,PLAC13,,10.91,0.70xprazo,0,0,,,,,,16774984,16774984,0.0
2026-05-14,AXS311,,10.91,0.70xprazo,0,0,,,,,,21809338,21809338,0.0
2026-05-14,ASHS12,,12.14,0.70xprazo,0,0,,,,,,18100204,18100204,0.0
2026-05-14,AXSE11,,11.78,0.70xprazo,0,0,,,,,,21954811,21954811,0.0
2026-05-14,RUMOB7,IPCA_SPREAD,5.48,anbima,0,0,,,,,,61318421,61318421,0.0
2026-05-14,RECV21,PREFIXADO,3.50,0.70xprazo,0,0,,,,,,19493761,19493761,0.0
2026-05-14,MOVIA2,DI_SPREAD,0.23,anbima,0,0,,,,,,15001446,15001446,0.0
2026-05-14,RIAE11,,8.29,0.70xprazo,0,0,,,,,,45632669,45632669,0.0
2026-05-14,BZGE11,,10.91,0.70xprazo,0,0,,,,,,13321147,13321147,0.0
2026-05-14,EGIEA6,IPCA_SPREAD,7.71,anbima,0,0,,,,,,28936525,28936525,0.0
2026-05-14,CLOR13,,5.20,0.70xprazo,0,0,,,,,,223718223,223718223,0.0
2026-05-14,CPGTA1,IPCA_SPREAD,6.82,anbima,15095252,1,1006.3501,7.7860,B35,22,B35 +22bps,30321520,131015,99.6
2026-05-14,USIMA0,DI_SPREAD,2.48,anbima,0,0,,,,,,10093320,10093320,0.0
2026-05-14,ENMTC4,PREFIXADO,4.08,anbima,0,0,,,,,,24325591,24325591,0.0
2026-05-14,SUZBB1,DI_SPREAD,4.54,anbima,0,0,,,,,,185078180,185078180,0.0
2026-05-14,ENMTE6,IPCA_SPREAD,6.66,anbima,0,0,,,,,,12635121,12635121,0.0
2026-05-14,EKTRA8,IPCA_SPREAD,3.98,anbima,21164771,1,991.0457,7.8224,B31,-14,B31 −14bps,75277327,32947786,56.2
2026-05-14,CPLDA1,IPCA_SPREAD,6.82,anbima,5179853,2,1006.5784,7.7824,B35,21,B35 +21bps,10509318,149613,98.6
2026-05-14,BZGY21,,10.21,0.70xprazo,0,0,,,,,,49563292,49563292,0.0
2026-05-14,GASC18,IPCA_SPREAD,6.98,anbima,7017824,1,987.3135,8.5941,B35,102,B35 +102bps,20554857,6519209,68.3
2026-05-14,SBSPE7,DI_SPREAD,4.86,anbima,0,0,,,,,,19899806,19899806,0.0
2026-05-14,ELTN16,DI_SPREAD,3.57,anbima,0,0,,,,,,21743638,21743638,0.0
2026-05-14,EXSE12,,3.97,0.70xprazo,0,0,,,,,,10400515,10400515,0.0
2026-05-14,RDORF8,DI_SPREAD,4.82,anbima,0,0,,,,,,16241813,16241813,0.0
2026-05-14,CCIA23,,6.65,0.70xprazo,0,0,,,,,,10400187,10400187,0.0
2026-05-14,NTSDA1,IPCA_SPREAD,8.86,anbima,7568726,1,946.0908,7.2781,B40,2,B40 +2bps,35461125,20323673,42.7
2026-05-14,AESLD2,IPCA_SPREAD,6.48,anbima,36155151,1,954.5915,7.6235,B35,5,B35 +5bps,72310302,0,100.0
2026-05-14,NTSDA0,DI_SPREAD,3.50,anbima,0,0,,,,,,71539599,71539599,0.0
2026-05-14,CPFPA7,IPCA_SPREAD,5.41,anbima,0,0,,,,,,15058192,15058192,0.0
2026-05-14,NOMO11,,5.84,0.70xprazo,0,0,,,,,,18091688,18091688,0.0
2026-05-15,ERDVA6,DI_SPREAD,3.07,anbima,1244561,1,1055.6070,1.0094,CDI,1.0094,CDI +1.01%,18256484,15767363,13.6
2026-05-15,SUZBA0,IPCA_SPREAD,7.84,anbima,159848,3,1065.6552,7.1636,B37,-44,B37 −44bps,11278625,10958928,2.8
2026-05-15,VLIM14,IPCA_SPREAD,2.79,anbima,218459,1,1092.2927,8.1800,B29,17,B29 +17bps,29724445,29287528,1.5
2026-05-15,SVEA14,DI_SPREAD,1.25,anbima,0,0,,,,,,10002898,10002898,0.0
2026-05-15,SAELA7,IPCA_SPREAD,6.66,anbima,0,0,,,,,,20243082,20243082,0.0
2026-05-15,APRB28,DI_SPREAD,0.69,anbima,0,0,,,,,,35552808,35552808,0.0
2026-05-15,EDSE12,,0.85,0.70xprazo,0,0,,,,,,70398249,70398249,0.0
2026-05-15,VIXL18,DI_SPREAD,2.33,anbima,0,0,,,,,,52467258,52467258,0.0
2026-05-15,ISAEB1,DI_SPREAD,2.82,anbima,0,0,,,,,,87815534,87815534,0.0
2026-05-15,ISAEC0,IPCA_SPREAD,8.85,anbima,19625981,6,969.6152,7.4248,B40,9,B40 +9bps,45387809,6135848,86.5
2026-05-15,NTSDA0,DI_SPREAD,3.50,anbima,5002544,1,1035.9379,0.7908,CDI,0.7908,CDI +0.79%,23795259,13790171,42.0
2026-05-15,SUZBB1,DI_SPREAD,4.54,anbima,30014741,1,1018.2082,0.6192,CDI,0.6192,CDI +0.62%,116607768,56578285,51.5
2026-05-15,AESLA8,DI_SPREAD,2.18,anbima,0,0,,,,,,38542953,38542953,0.0
2026-05-15,CEEBB8,DI_SPREAD,3.27,anbima,0,0,,,,,,14123739,14123739,0.0
2026-05-15,CGOS28,IPCA_SPREAD,6.40,anbima,18447,1,1024.8409,7.7700,B35,13,B35 +13bps,15797994,15761100,0.2
2026-05-15,VBBR18,DI_SPREAD,3.34,anbima,0,0,,,,,,34568265,34568265,0.0
2026-05-15,TAEEB8,IPCA_SPREAD,5.98,anbima,259873,1,1110.5667,6.8200,B33,-106,B33 −106bps,46181321,45661576,1.1
2026-05-15,CEAL21,IPCA_SPREAD,5.01,anbima,0,0,,,,,,19652675,19652675,0.0
2026-05-15,BCPSA5,IPCA_SPREAD,2.41,anbima,0,0,,,,,,11004332,11004332,0.0
2026-05-15,CERT11,IPCA_SPREAD,2.62,anbima,29313,1,1172.5258,7.8915,B29,-12,B29 −12bps,14992458,14933832,0.4
2026-05-15,CRTA12,IPCA_SPREAD,7.98,anbima,0,0,,,,,,11519580,11519580,0.0
2026-05-15,CRCF12,IPCA_SPREAD,7.64,anbima,0,0,,,,,,14653478,14653478,0.0
2026-05-15,CPGTA1,IPCA_SPREAD,6.82,anbima,3019050,1,1006.3502,7.7860,B35,15,B35 +15bps,12171305,6133204,49.6
2026-05-15,NTSD36,DI_SPREAD,4.05,anbima,0,0,,,,,,22330178,22330178,0.0
2026-05-15,MOVIA2,DI_SPREAD,0.23,anbima,0,0,,,,,,15000207,15000207,0.0
2026-05-15,DASAC5,DI_SPREAD,3.57,anbima,0,0,,,,,,13280072,13280072,0.0
2026-05-15,EEELA1,IPCA_SPREAD,5.42,anbima,0,0,,,,,,15860943,15860943,0.0
2026-05-15,EKTRA6,IPCA_SPREAD,9.00,anbima,188648,2,1053.8983,7.1778,B40,-15,B40 −15bps,11128364,10751068,3.4
2026-05-15,CEEBD1,PREFIXADO,4.44,anbima,1204823,2,904.5216,14.0854,,,,37423091,35013446,6.4
2026-05-15,BRST14,DI_SPREAD,2.88,anbima,0,0,,,,,,10005893,10005893,0.0
2026-05-15,ELET14,IPCA_SPREAD,3.57,anbima,1814703,6,1090.5670,7.7569,B30,-27,B30 −27bps,12146918,8517511,29.9
2026-05-15,CSNP12,IPCA_SPREAD,2.93,anbima,241944,3,1280.1255,8.7023,B29,69,B29 +69bps,10612926,10129039,4.6
2026-05-15,VALEC1,IPCA_SPREAD,6.64,anbima,4799975,3,1040.7578,6.7845,B35,-86,B35 −86bps,33613096,24013146,28.6
2026-05-15,NATUA3,DI_SPREAD,2.39,anbima,0,0,,,,,,30010699,30010699,0.0
2026-05-15,BRKMA8,DI_SPREAD,2.44,0.70xprazo,0,0,,,,,,10332118,10332118,0.0
2026-05-15,TAEEA7,IPCA_SPREAD,7.71,anbima,0,0,,,,,,14221502,14221502,0.0
2026-05-15,EQPA19,IPCA_SPREAD,6.83,anbima,0,0,,,,,,53184875,53184875,0.0
2026-05-15,ENEVD0,DI_SPREAD,3.12,anbima,0,0,,,,,,40201614,40201614,0.0
2026-05-15,CPGT27,IPCA_SPREAD,3.69,anbima,49082,2,1168.6303,,,,,25574204,25476039,0.4
2026-05-15,CRNP23,IPCA_SPREAD,8.64,anbima,0,0,,,,,,31298275,31298275,0.0
2026-05-15,EKTRB6,IPCA_SPREAD,8.36,anbima,0,0,,,,,,20728489,20728489,0.0
2026-05-15,VALED1,IPCA_SPREAD,7.67,anbima,1185083,2,1025.1581,7.0126,B37,-59,B37 −59bps,12817675,10447509,18.5
2026-05-15,HARG11,IPCA_SPREAD,5.00,anbima,7576895,2,1056.7496,8.4107,B32,53,B32 +53bps,18538186,3384396,81.7
2026-05-15,RALM11,IPCA_SPREAD,8.27,anbima,1315734,2,1171.6243,,,,,15673442,13041974,16.8
2026-05-15,RPTA14,IPCA_SPREAD,5.04,anbima,3471676,2,1112.0040,,,,,22591008,15647656,30.7
2026-05-15,EGIEA6,IPCA_SPREAD,7.71,anbima,0,0,,,,,,18937258,18937258,0.0
2026-05-15,VALEA0,IPCA_SPREAD,6.35,anbima,2594443,9,1049.1076,6.9610,B35,-68,B35 −68bps,10249566,5060680,50.6
2026-05-15,RDORG6,DI_SPREAD,3.92,anbima,0,0,,,,,,10005387,10005387,0.0
2026-05-15,COMR15,IPCA_SPREAD,5.54,anbima,0,0,,,,,,18547328,18547328,0.0
2026-05-15,AURP13,IPCA_SPREAD,7.20,anbima,0,0,,,,,,179403296,179403296,0.0
2026-05-15,NTSDA1,IPCA_SPREAD,8.86,anbima,0,0,,,,,,20358229,20358229,0.0
2026-05-15,ENERB7,IPCA_SPREAD,6.62,anbima,0,0,,,,,,10494153,10494153,0.0
2026-05-15,CGASA5,DI_SPREAD,2.16,anbima,0,0,,,,,,52226464,52226464,0.0
2026-05-15,CSAN18,DI_SPREAD,3.07,anbima,0,0,,,,,,76773637,76773637,0.0
2026-05-15,PRLG17,DI_SPREAD,2.83,anbima,0,0,,,,,,24362869,24362869,0.0
2026-05-15,RAIZ23,IPCA_SPREAD,9.34,0.70xprazo,0,0,,,,,,74484498,74484498,0.0
2026-05-15,BSA318,DI_SPREAD,1.60,anbima,25457914,1,1071.9122,0.3650,CDI,0.365,CDI +0.36%,76960692,26044865,66.2
2026-05-15,CPLDC0,IPCA_SPREAD,6.59,anbima,135039,1,1015.3343,7.6745,B35,3,B35 +3bps,74355841,74085762,0.4
2026-05-15,CESE32,IPCA_SPREAD,3.14,anbima,13594,1,1132.8092,7.9600,B30,-7,B30 −7bps,10756868,10729680,0.3
2026-05-15,ALAR14,,4.49,0.70xprazo,0,0,,,,,,10809252,10809252,0.0
2026-05-15,CLTM14,IPCA_SPREAD,5.65,anbima,0,0,,,,,,16868524,16868524,0.0
2026-05-15,ENTV13,IPCA_SPREAD,5.85,anbima,0,0,,,,,,11388268,11388268,0.0
2026-05-15,NEOS11,,7.64,0.70xprazo,0,0,,,,,,10010944,10010944,0.0
2026-05-15,AEGPB3,DI_SPREAD,3.35,anbima,1555634,3,938.8259,4.6333,CDI,4.6333,CDI +4.63%,21200821,18089552,14.7
2026-05-15,AEGPB5,DI_SPREAD,3.22,anbima,11512373,1,967.4263,4.9000,CDI,4.9,CDI +4.90%,71480537,48455791,32.2
2026-05-15,CSANB0,DI_SPREAD,4.37,anbima,5055093,1,1011.0186,2.6001,CDI,2.6001,CDI +2.60%,14207167,4096981,71.2
2026-05-15,ENEVA4,IPCA_SPREAD,7.02,anbima,0,0,,,,,,101014098,101014098,0.0
2026-05-15,CEAP17,IPCA_SPREAD,6.44,anbima,0,0,,,,,,16226566,16226566,0.0
2026-05-15,ENMTD2,IPCA_SPREAD,6.34,anbima,0,0,,,,,,110444905,110444905,0.0
2026-05-15,CGOS24,IPCA_SPREAD,3.64,anbima,0,0,,,,,,15313761,15313761,0.0
2026-05-15,ARML14,DI_SPREAD,3.20,anbima,0,0,,,,,,30000966,30000966,0.0
2026-05-15,USIMA0,DI_SPREAD,2.48,anbima,0,0,,,,,,11122741,11122741,0.0
2026-05-15,LIGHC3,IPCA_SPREAD,4.55,0.70xprazo,0,0,,,,,,50635493,50635493,0.0
2026-05-15,CSANA2,DI_SPREAD,2.49,anbima,0,0,,,,,,16755738,16755738,0.0
2026-05-15,BRIT12,DI_SPREAD,2.42,anbima,15014868,1,1059.9977,1.3301,CDI,1.3301,CDI +1.33%,30029736,0,100.0
2026-05-15,TIGR21,DI_SPREAD,1.56,anbima,0,0,,,,,,40224594,40224594,0.0
2026-05-15,IGTAB1,,1.48,0.70xprazo,42152000,1,1075.1141,0.6200,,,,84304001,0,100.0
2026-05-15,CSRNB3,IPCA_SPREAD,6.93,anbima,10993303,1,916.1085,8.0571,B35,42,B35 +42bps,40481646,18495041,54.3
2026-05-15,IOCHA3,DI_SPREAD,2.15,anbima,0,0,,,,,,31416325,31416325,0.0
2026-05-15,LIGHB4,IPCA_SPREAD,4.55,0.70xprazo,0,0,,,,,,79648285,79648285,0.0
2026-05-15,CSMGE2,IPCA_SPREAD,4.65,anbima,25244471,1,1009.7789,9.0147,B32,113,B32 +113bps,74963157,24474214,67.4
2026-05-15,PALFB6,IPCA_SPREAD,5.66,anbima,0,0,,,,,,20489203,20489203,0.0
2026-05-18,LIGHB4,IPCA_SPREAD,4.54,0.70xprazo,0,0,,,,,,85955677,85955677,0.0
2026-05-18,IOCHA3,DI_SPREAD,2.15,anbima,0,0,,,,,,17263701,17263701,0.0
2026-05-18,DGCD11,,1.98,0.70xprazo,0,0,,,,,,900153691,900153691,0.0
2026-05-18,AEGPA9,DI_SPREAD,2.03,anbima,5054106,1,1047.2660,3.5501,CDI,3.5501,CDI +3.55%,10108212,0,100.0
2026-05-18,TFLEA9,DI_SPREAD,3.59,anbima,875167,2,1027.1910,1.2652,CDI,1.2652,CDI +1.27%,15272817,13522484,11.5
2026-05-18,CSMGE2,IPCA_SPREAD,4.65,anbima,0,0,,,,,,25234270,25234270,0.0
2026-05-18,ARML14,DI_SPREAD,3.20,anbima,0,0,,,,,,30022943,30022943,0.0
2026-05-18,CESE32,IPCA_SPREAD,3.14,anbima,10179033,2,1131.0036,8.0116,B30,-3,B30 −3bps,216297167,195939101,9.4
2026-05-18,SUZBB1,DI_SPREAD,4.54,anbima,3473429,3,1018.8995,0.6151,CDI,0.6151,CDI +0.62%,16020050,9073193,43.4
2026-05-18,RISP12,IPCA_SPREAD,4.06,anbima,287805,6,8.7580,14.5352,B31,650,B31 +650bps,14358957,13783347,4.0
2026-05-18,RIS414,IPCA_SPREAD,4.35,anbima,109301,5,0.9368,11.5796,B31,354,B31 +354bps,30500806,30282204,0.7
2026-05-18,RISP22,IPCA_SPREAD,7.59,anbima,279463,2,8.5379,11.5615,B37,394,B37 +394bps,14832172,14273246,3.8
2026-05-18,RIS424,IPCA_SPREAD,7.48,anbima,188661,3,0.8518,11.4500,B37,383,B37 +383bps,35021923,34644602,1.1
2026-05-18,RISP24,IPCA_SPREAD,7.46,anbima,896,1,0.8962,10.7115,B37,309,B37 +309bps,10109196,10107404,0.0
2026-05-18,AEGPB3,DI_SPREAD,3.35,anbima,628343,2,937.8247,4.6774,CDI,4.6774,CDI +4.68%,25374713,24118028,5.0
2026-05-18,CGASA5,DI_SPREAD,2.16,anbima,0,0,,,,,,40026565,40026565,0.0
2026-05-18,AEGE16,DI_SPREAD,3.30,anbima,10972060,4,978.0763,,,,,49869361,27925240,44.0
2026-05-18,TRGP13,IPCA_SPREAD,7.79,anbima,10326639,3,996.5874,,,,,36217058,15563781,57.0
2026-05-18,LIGHB6,IPCA_SPREAD,4.54,0.70xprazo,0,0,,,,,,15129323,15129323,0.0
2026-05-18,CSANA2,DI_SPREAD,2.49,anbima,0,0,,,,,,20899751,20899751,0.0
2026-05-18,AEGPB5,DI_SPREAD,3.22,anbima,0,0,,,,,,34952322,34952322,0.0
2026-05-18,ANHBA5,DI_SPREAD,2.92,anbima,10206379,2,1000.6254,0.5839,CDI,0.5839,CDI +0.58%,26276457,5863699,77.7
2026-05-18,VLIM14,IPCA_SPREAD,2.79,anbima,13666677,4,1102.3292,7.8608,B29,-13,B29 −13bps,29766303,2432949,91.8
2026-05-18,ENEV18,IPCA_SPREAD,4.25,anbima,9370168,2,1139.0916,7.8911,B31,-15,B31 −15bps,19900809,1160474,94.2
2026-05-18,ENMTA4,IPCA_SPREAD,3.66,anbima,6890484,1,1188.0145,8.0760,B30,4,B30 +4bps,14157982,377014,97.3
2026-05-18,LIGHC3,IPCA_SPREAD,4.54,0.70xprazo,0,0,,,,,,55777707,55777707,0.0
2026-05-18,RIS422,IPCA_SPREAD,7.56,anbima,0,0,,,,,,10465744,10465744,0.0
2026-05-18,ELET14,IPCA_SPREAD,3.57,anbima,321092,7,1084.7701,7.9342,B30,-11,B30 −11bps,12112180,11469996,5.3
2026-05-18,PLSB1A,IPCA_SPREAD,2.82,anbima,68934,3,1094.1922,9.4976,B29,151,B29 +151bps,22075699,21937831,0.6
2026-05-18,RUMOA2,IPCA_SPREAD,1.44,anbima,22300,1,1393.7697,8.9986,B28,101,B28 +101bps,21773004,21728404,0.2
2026-05-18,CESPA2,IPCA_SPREAD,2.78,anbima,9364675,3,1296.3282,7.9316,B29,-6,B29 −6bps,21618747,2889396,86.6
2026-05-18,IRJS15,IPCA_SPREAD,6.61,anbima,0,0,,,,,,20201778,20201778,0.0
2026-05-18,ENEVD0,DI_SPREAD,3.12,anbima,0,0,,,,,,39826032,39826032,0.0
2026-05-18,CMGDB2,IPCA_SPREAD,8.10,anbima,7151276,2,1045.0498,7.8242,B37,20,B37 +20bps,19603258,5300706,73.0
2026-05-18,RENTA5,DI_SPREAD,3.79,anbima,0,0,,,,,,88631602,88631602,0.0
2026-05-18,IGTAB0,DI_SPREAD,0.62,anbima,0,0,,,,,,205901239,205901239,0.0
2026-05-18,IGTAB1,,1.47,0.70xprazo,0,0,,,,,,82705270,82705270,0.0
2026-05-18,BCPSA7,IPCA_SPREAD,6.45,anbima,0,0,,,,,,61460024,61460024,0.0
2026-05-18,ISAEC0,IPCA_SPREAD,8.85,anbima,51005360,3,961.7302,7.5341,B40,20,B40 +20bps,110339402,8328681,92.5
2026-05-18,CLAG13,IPCA_SPREAD,1.41,anbima,573775,1,1275.0551,9.5300,B28,154,B28 +154bps,17277021,16129471,6.6
2026-05-18,GASC15,IPCA_SPREAD,5.99,anbima,0,0,,,,,,30296630,30296630,0.0
2026-05-18,CERT11,IPCA_SPREAD,2.62,anbima,16020093,11,1162.2238,8.2494,B29,26,B29 +26bps,67002830,34962645,47.8
2026-05-18,CLTM14,IPCA_SPREAD,5.65,anbima,0,0,,,,,,12564847,12564847,0.0
2026-05-18,OMGE17,DI_SPREAD,3.26,anbima,0,0,,,,,,14181040,14181040,0.0
2026-05-18,ASAIA1,DI_SPREAD,2.16,anbima,0,0,,,,,,10048443,10048443,0.0
2026-05-18,EKTRA8,IPCA_SPREAD,3.98,anbima,0,0,,,,,,15194713,15194713,0.0
2026-05-18,CPGTA1,IPCA_SPREAD,6.82,anbima,1005233,1,1005.2326,7.8210,B35,15,B35 +15bps,18106206,16095741,11.1
2026-05-18,COMR15,IPCA_SPREAD,5.54,anbima,323827,2,907.0783,,,,,52996237,52348583,1.2
2026-05-18,CRCF12,IPCA_SPREAD,7.64,anbima,0,0,,,,,,15099812,15099812,0.0
2026-05-18,GASC16,IPCA_SPREAD,6.14,anbima,0,0,,,,,,34218999,34218999,0.0
2026-05-18,CTNSA3,IPCA_SPREAD,5.92,anbima,0,0,,,,,,97830663,97830663,0.0
2026-05-18,ENGIC0,IPCA_SPREAD,7.99,anbima,97081,1,1011.2585,7.5915,B37,-3,B37 −3bps,10882441,10688279,1.8
2026-05-18,AURP12,IPCA_SPREAD,5.83,anbima,10244339,2,1019.7431,8.0621,B33,17,B33 +17bps,25591260,5102581,80.1
2026-05-18,ERDVA6,DI_SPREAD,3.07,anbima,10161717,5,1057.7409,0.9703,CDI,0.9703,CDI +0.97%,22827929,2504495,89.0
2026-05-18,SAELB7,IPCA_SPREAD,8.42,anbima,0,0,,,,,,50169749,50169749,0.0
2026-05-18,VALEC1,IPCA_SPREAD,6.64,anbima,36566,3,1015.7197,7.1694,B35,-50,B35 −50bps,27977522,27904390,0.3
2026-05-18,CSNAA2,DI_SPREAD,0.82,anbima,0,0,,,,,,10521723,10521723,0.0
2026-05-18,PALFB3,IPCA_SPREAD,6.32,anbima,0,0,,,,,,21575008,21575008,0.0
2026-05-18,EUFA17,DI_SPREAD,2.73,anbima,0,0,,,,,,22158008,22158008,0.0
2026-05-18,RDORC9,DI_SPREAD,2.92,anbima,10005474,1,1065.5457,1.0193,CDI,1.0193,CDI +1.02%,60310083,40299136,33.2
2026-05-18,CSANA1,,1.15,0.70xprazo,0,0,,,,,,10257867,10257867,0.0
2026-05-18,MRSAB2,IPCA_SPREAD,6.73,anbima,3630758,3,1016.1653,7.7651,B35,10,B35 +10bps,35043964,27782447,20.7
2026-05-18,CSRNB3,IPCA_SPREAD,6.93,anbima,0,0,,,,,,29296131,29296131,0.0
2026-05-18,PASS12,DI_SPREAD,2.88,anbima,0,0,,,,,,88063744,88063744,0.0
2026-05-18,SAPRB4,DI_SPREAD,2.80,anbima,91621823,2,1061.6542,0.6504,CDI,0.6504,CDI +0.65%,235278007,52034361,77.9
2026-05-18,ENEVC0,DI_SPREAD,2.23,anbima,0,0,,,,,,41602276,41602276,0.0
2026-05-18,ARML26,DI_SPREAD,3.12,anbima,0,0,,,,,,100133053,100133053,0.0
2026-05-18,CEPEA4,DI_SPREAD,2.15,anbima,0,0,,,,,,38022770,38022770,0.0
2026-05-18,SRBS11,IPCA_SPREAD,8.17,anbima,0,0,,,,,,170321624,170321624,0.0
2026-05-18,GDSS11,,12.13,0.70xprazo,0,0,,,,,,12981720,12981720,0.0
2026-05-18,ALGAC2,IPCA_SPREAD,3.90,anbima,0,0,,,,,,11511187,11511187,0.0
2026-05-18,ALGTA4,IPCA_SPREAD,4.76,anbima,0,0,,,,,,10978141,10978141,0.0
2026-05-18,HVSP11,IPCA_SPREAD,4.90,anbima,8602962,2,1266.6316,,,,,23001007,5795084,74.8
2026-05-18,OPCT17,DI_SPREAD,2.37,anbima,0,0,,,,,,10223497,10223497,0.0
2026-05-18,TBCR18,,4.45,0.70xprazo,0,0,,,,,,154322761,154322761,0.0
2026-05-18,ELTN26,DI_SPREAD,4.36,anbima,0,0,,,,,,16707263,16707263,0.0
2026-05-18,CPLDB0,DI_SPREAD,4.00,anbima,0,0,,,,,,13731401,13731401,0.0
2026-05-18,CSMGA9,DI_SPREAD,3.16,anbima,0,0,,,,,,11298728,11298728,0.0
2026-05-18,RDORH6,DI_SPREAD,4.58,anbima,0,0,,,,,,10056597,10056597,0.0
2026-05-18,CNLM16,,3.55,0.70xprazo,0,0,,,,,,18567500,18567500,0.0
2026-05-18,TCXR11,,5.93,0.70xprazo,0,0,,,,,,23999904,23999904,0.0
2026-05-18,HAPV19,DI_SPREAD,3.69,anbima,0,0,,,,,,100032656,100032656,0.0
2026-05-18,VERTB2,,1.58,0.70xprazo,0,0,,,,,,18572288,18572288,0.0
2026-05-18,RPTA14,IPCA_SPREAD,5.04,anbima,0,0,,,,,,16483684,16483684,0.0
2026-05-18,LMTPB1,DI_SPREAD,2.78,anbima,0,0,,,,,,12324734,12324734,0.0
2026-05-18,CEEDA1,DI_SPREAD,3.88,anbima,0,0,,,,,,15089515,15089515,0.0
2026-05-18,ECOV17,DI_SPREAD,3.23,anbima,15140950,2,1051.4548,0.7484,CDI,0.7484,CDI +0.75%,30281900,1,100.0
2026-05-18,CEROA3,PREFIXADO,4.08,anbima,0,0,,,,,,111216997,111216997,0.0
2026-05-18,EUFA18,DI_SPREAD,1.80,anbima,300393,1,1025.2333,,,,,10295465,9694678,5.8
2026-05-18,AESLC2,IPCA_SPREAD,5.30,anbima,116373077,1,967.3573,7.7116,B33,-18,B33 −18bps,233647696,901542,99.6
2026-05-18,MVLVA3,DI_SPREAD,0.92,anbima,0,0,,,,,,53994458,53994458,0.0
2026-05-18,ISAED1,DI_SPREAD,4.84,anbima,0,0,,,,,,10372663,10372663,0.0
2026-05-18,PALFA7,IPCA_SPREAD,6.13,anbima,86114951,1,997.8557,7.6825,B35,1,B35 +1bps,258387910,86158007,66.7
2026-05-18,AESLB0,IPCA_SPREAD,6.13,anbima,29935673,1,997.8557,7.6825,B35,1,B35 +1bps,89821985,29950640,66.7
2026-05-18,CPFPA7,IPCA_SPREAD,5.41,anbima,0,0,,,,,,15334595,15334595,0.0
2026-05-18,ESCEA3,DI_SPREAD,0.95,anbima,0,0,,,,,,83214216,83214216,0.0
2026-05-18,PAXA12,IPCA_SPREAD,6.30,anbima,0,0,,,,,,10006793,10006793,0.0
2026-05-18,RNDNA0,DI_SPREAD,1.18,anbima,0,0,,,,,,19148758,19148758,0.0
2026-05-18,EBENC1,DI_SPREAD,4.06,anbima,0,0,,,,,,29129916,29129916,0.0
2026-05-18,NATUA3,DI_SPREAD,2.39,anbima,0,0,,,,,,10005206,10005206,0.0
2026-05-19,VABC13,,1.62,0.70xprazo,0,0,,,,,,45091857,45091857,0.0
2026-05-19,MVLV19,DI_SPREAD,0.64,anbima,35322,1,511.9165,2.3845,CDI,2.3845,CDI +2.38%,13447280,13376635,0.5
2026-05-19,CSSR12,,1.11,0.70xprazo,0,0,,,,,,75000210,75000210,0.0
2026-05-19,AEGPB1,,2.69,0.70xprazo,0,0,,,,,,45000279,45000279,0.0
2026-05-19,QUAL18,DI_SPREAD,1.74,anbima,0,0,,,,,,15045716,15045716,0.0
2026-05-19,ASAI18,DI_SPREAD,1.29,anbima,0,0,,,,,,70000532,70000532,0.0
2026-05-19,CONX12,IPCA_SPREAD,1.35,anbima,0,0,,,,,,55063539,55063539,0.0
2026-05-19,CEEDA1,DI_SPREAD,3.88,anbima,0,0,,,,,,42231374,42231374,0.0
2026-05-19,AEGE16,DI_SPREAD,3.30,anbima,2752047,1,978.6798,,,,,17234690,11730595,31.9
2026-05-19,MRFGA1,DI_SPREAD,0.74,anbima,0,0,,,,,,65279483,65279483,0.0
2026-05-19,ENEVC0,DI_SPREAD,2.23,anbima,0,0,,,,,,52615012,52615012,0.0
2026-05-19,EUFA18,DI_SPREAD,1.80,anbima,600904,2,1025.4342,,,,,20687112,19485303,5.8
2026-05-19,RIS414,IPCA_SPREAD,4.35,anbima,1245489,2,0.9252,11.8803,B31,385,B31 +385bps,51625738,49134759,4.8
2026-05-19,CEEBD1,PREFIXADO,4.44,anbima,1651336,5,903.3565,14.1480,,,,18548563,15245892,17.8
2026-05-19,RIS422,IPCA_SPREAD,7.56,anbima,11520207,2,8.3320,11.9265,B37,428,B37 +428bps,33161914,10121501,69.5
2026-05-19,RIS412,IPCA_SPREAD,4.05,anbima,9967878,1,8.7924,14.4221,B31,639,B31 +639bps,34252013,14316256,58.2
2026-05-19,ANIM18,DI_SPREAD,2.31,anbima,0,0,,,,,,60056835,60056835,0.0
2026-05-19,RISP12,IPCA_SPREAD,4.06,anbima,30210911,5,8.7924,14.4219,B31,639,B31 +639bps,86559338,26137516,69.8
2026-05-19,TRGP13,IPCA_SPREAD,7.79,anbima,0,0,,,,,,16360836,16360836,0.0
2026-05-19,CERT11,IPCA_SPREAD,2.62,anbima,1931829,4,1164.4537,8.1808,B29,17,B29 +17bps,43585558,39721901,8.9
2026-05-19,LIGHB4,IPCA_SPREAD,4.54,0.70xprazo,0,0,,,,,,47241630,47241630,0.0
2026-05-19,CMGD28,IPCA_SPREAD,2.22,anbima,0,0,,,,,,12662744,12662744,0.0
2026-05-19,SAPRB4,DI_SPREAD,2.80,anbima,50014570,1,1061.6776,0.6501,CDI,0.6501,CDI +0.65%,150029772,50000632,66.7
2026-05-19,SAELB7,IPCA_SPREAD,8.42,anbima,194334,1,971.6684,7.9311,B40,54,B40 +54bps,27863876,27475209,1.4
2026-05-19,RISP24,IPCA_SPREAD,7.46,anbima,100288,3,0.8273,11.9512,B37,430,B37 +430bps,10322156,10121581,1.9
2026-05-19,CRTR12,IPCA_SPREAD,6.44,anbima,1033263,3,1003.1675,8.9330,B35,121,B35 +121bps,44675020,42608495,4.6
2026-05-19,AURE13,DI_SPREAD,3.12,anbima,3001068,1,1004.0374,0.8693,CDI,0.8693,CDI +0.87%,10793683,4791548,55.6
2026-05-19,SBSPM8,DI_SPREAD,4.81,anbima,12127219,2,1027.7304,0.7780,CDI,0.778,CDI +0.78%,74685441,50431003,32.5
2026-05-19,ISAEB0,IPCA_SPREAD,7.80,anbima,5026974,1,966.7259,7.6090,B37,-4,B37 −4bps,10071837,17888,99.8
2026-05-19,SAPRC1,DI_SPREAD,1.51,anbima,0,0,,,,,,20015813,20015813,0.0
2026-05-19,MVLVA3,DI_SPREAD,0.92,anbima,0,0,,,,,,117688763,117688763,0.0
2026-05-19,MGPRA0,IPCA_SPREAD,7.73,anbima,21352460,3,989.5477,,,,,201364655,158659734,21.2
2026-05-19,AESLB0,IPCA_SPREAD,6.13,anbima,0,0,,,,,,29950641,29950641,0.0
2026-05-19,PALFA7,IPCA_SPREAD,6.13,anbima,0,0,,,,,,116990533,116990533,0.0
2026-05-19,CEPEA4,DI_SPREAD,2.15,anbima,0,0,,,,,,20347862,20347862,0.0
2026-05-19,HAPV19,DI_SPREAD,3.69,anbima,0,0,,,,,,50219552,50219552,0.0
2026-05-19,ELET14,IPCA_SPREAD,3.57,anbima,614560,11,1087.7169,7.8703,B30,-16,B30 −16bps,14664869,13435749,8.4
2026-05-19,MRSAB2,IPCA_SPREAD,6.73,anbima,0,0,,,,,,24416924,24416924,0.0
2026-05-19,HARG11,IPCA_SPREAD,5.00,anbima,543189,6,1042.5901,8.7096,B32,81,B32 +81bps,14156648,13070269,7.7
2026-05-19,TBCR18,,4.45,0.70xprazo,0,0,,,,,,154393887,154393887,0.0
2026-05-19,LMTPA0,DI_SPREAD,2.53,anbima,0,0,,,,,,15019923,15019923,0.0
2026-05-19,AURP12,IPCA_SPREAD,5.83,anbima,10158464,1,1015.8464,8.1408,B33,24,B33 +24bps,22842171,2525243,88.9
2026-05-19,BCPSA5,IPCA_SPREAD,2.41,anbima,0,0,,,,,,45672037,45672037,0.0
2026-05-19,ERDVC4,IPCA_SPREAD,7.85,anbima,10783947,4,1036.0214,8.4884,B37,84,B37 +84bps,22341552,773659,96.5
2026-05-19,ENEVD0,DI_SPREAD,3.12,anbima,0,0,,,,,,17080501,17080501,0.0
2026-05-19,VALEC1,IPCA_SPREAD,6.64,anbima,4117042,6,1020.8386,7.0979,B35,-62,B35 −62bps,19917067,11682983,41.3
2026-05-19,IGTAB0,DI_SPREAD,0.62,anbima,0,0,,,,,,112301929,112301929,0.0
2026-05-19,RDORC9,DI_SPREAD,2.92,anbima,13867101,2,1066.7001,1.0018,CDI,1.0018,CDI +1.00%,38282612,10548409,72.4
2026-05-19,NTSDA2,DI_SPREAD,3.04,anbima,0,0,,,,,,10005225,10005225,0.0
2026-05-19,IGTAB1,,1.47,0.70xprazo,0,0,,,,,,46853761,46853761,0.0
2026-05-19,ISAEC0,IPCA_SPREAD,8.85,anbima,912446,2,1002.6881,7.0429,B40,-35,B40 −35bps,36814412,34989520,5.0
2026-05-19,CPGTA1,IPCA_SPREAD,6.82,anbima,4996820,1,1001.3667,7.8910,B35,17,B35 +17bps,10003943,10304,99.9
2026-05-19,ELET24,DI_SPREAD,1.42,anbima,300707,1,1036.9214,0.8957,CDI,0.8957,CDI +0.90%,12827094,12225679,4.7
2026-05-19,DESK18,IPCA_SPREAD,4.42,anbima,6336188,4,1062.7622,8.2060,B31,18,B31 +18bps,16693143,4020767,75.9
2026-05-19,RDORD4,DI_SPREAD,3.55,anbima,10004114,1,1027.9607,1.0493,CDI,1.0493,CDI +1.05%,40083512,20075285,49.9
2026-05-19,MOVIA2,DI_SPREAD,0.23,anbima,0,0,,,,,,26853537,26853537,0.0
2026-05-19,RIS424,IPCA_SPREAD,7.48,anbima,18624,1,0.8851,10.9001,B37,325,B37 +325bps,19808536,19771287,0.2
2026-05-19,TFLEA9,DI_SPREAD,3.59,anbima,8244831,2,1030.6039,1.2000,CDI,1.2,CDI +1.20%,19642915,3153252,83.9
2026-05-19,RDORI6,DI_SPREAD,5.57,anbima,15006667,6,1048.9038,1.3495,CDI,1.3495,CDI +1.35%,70439816,40426483,42.6
2026-05-19,SBSPI8,IPCA_SPREAD,7.00,anbima,5787760,1,940.6404,7.6710,B35,-5,B35 −5bps,14110563,2535043,82.0
2026-05-19,CMGDB1,IPCA_SPREAD,6.98,anbima,19174072,1,1007.9416,7.8857,B35,17,B35 +17bps,137997712,99649568,27.8
2026-05-19,MRSAB3,IPCA_SPREAD,8.63,anbima,2216326,2,998.3451,7.6180,B40,23,B40 +23bps,56341956,51909304,7.9
2026-05-19,TRPLB7,IPCA_SPREAD,8.23,anbima,336522,1,1010.5770,7.5600,B37,-9,B37 −9bps,21251216,20578172,3.2
2026-05-19,EGIEA5,PREFIXADO,4.73,anbima,0,0,,,,,,18756039,18756039,0.0
2026-05-19,CPFPA7,IPCA_SPREAD,5.41,anbima,0,0,,,,,,15351342,15351342,0.0
2026-05-19,EKTRA8,IPCA_SPREAD,3.98,anbima,0,0,,,,,,35980207,35980207,0.0
2026-05-19,ENEV18,IPCA_SPREAD,4.25,anbima,248939,1,1136.7069,7.9505,B31,-8,B31 −8bps,11417676,10919799,4.4
2026-05-19,CMGD27,,0.05,0.70xprazo,0,0,,,,,,27319194,27319194,0.0
2026-05-19,RISP14,IPCA_SPREAD,4.35,anbima,486757,4,0.9153,12.1685,B31,414,B31 +414bps,11467346,10493831,8.5
2026-05-19,ENGIA6,IPCA_SPREAD,1.59,anbima,0,0,,,,,,16756183,16756183,0.0
2026-05-19,EBENC1,DI_SPREAD,4.06,anbima,0,0,,,,,,31582497,31582497,0.0
2026-05-19,TBSP12,DI_SPREAD,2.77,anbima,10160105,1,1016.0105,0.4994,CDI,0.4994,CDI +0.50%,21658430,1338220,93.8
2026-05-19,ASAI19,DI_SPREAD,1.81,anbima,0,0,,,,,,20415362,20415362,0.0
2026-05-19,NATUA3,DI_SPREAD,2.39,anbima,0,0,,,,,,30010613,30010613,0.0
2026-05-19,SIMH16,DI_SPREAD,2.65,anbima,1802906,3,1011.7318,,,,,10573218,6967406,34.1
2026-05-19,POTE11,IPCA_SPREAD,6.15,anbima,0,0,,,,,,17634992,17634992,0.0
2026-05-19,PASS12,DI_SPREAD,2.88,anbima,0,0,,,,,,20557674,20557674,0.0
2026-05-19,XPPO11,,2.01,0.70xprazo,0,0,,,,,,18209080,18209080,0.0
2026-05-19,QYAN11,DI_SPREAD,3.35,anbima,0,0,,,,,,30402455,30402455,0.0
2026-05-19,RENTA5,DI_SPREAD,3.79,anbima,0,0,,,,,,14364553,14364553,0.0
2026-05-19,VBBR18,DI_SPREAD,3.34,anbima,12697814,1,1058.1512,0.9200,CDI,0.92,CDI +0.92%,26132649,737020,97.2
2026-05-19,AGVL15,,4.31,0.70xprazo,0,0,,,,,,13938167,13938167,0.0
2026-05-19,TFLED0,DI_SPREAD,3.76,anbima,0,0,,,,,,21448810,21448810,0.0
2026-05-19,RDORC7,DI_SPREAD,1.66,anbima,0,0,,,,,,13245910,13245910,0.0
2026-05-19,ERDVA6,DI_SPREAD,3.07,anbima,0,0,,,,,,10440184,10440184,0.0
2026-05-19,CIEL19,DI_SPREAD,1.92,anbima,20015735,2,1010.8957,0.4001,CDI,0.4001,CDI +0.40%,59407242,19375771,67.4
2026-05-19,ELET25,DI_SPREAD,3.40,anbima,0,0,,,,,,103058894,103058894,0.0
2026-05-19,EKTRA3,DI_SPREAD,3.13,anbima,46082979,1,1024.0662,0.6608,CDI,0.6608,CDI +0.66%,92263941,97983,99.9
2026-05-19,RDORD3,DI_SPREAD,4.60,anbima,0,0,,,,,,41276680,41276680,0.0
2026-05-19,EUFA17,DI_SPREAD,2.73,anbima,0,0,,,,,,16506056,16506056,0.0
2026-05-19,KLBNA2,DI_PERCENTUAL,1.40,anbima,0,0,,,,,,15675306,15675306,0.0
2026-05-19,SERI11,IPCA_SPREAD,4.86,anbima,0,0,,,,,,89706538,89706538,0.0
2026-05-19,COCE18,IPCA_SPREAD,4.08,anbima,198447,1,1049.9817,9.3400,B31,131,B31 +131bps,113967731,113570838,0.3
2026-05-19,CPLDA1,IPCA_SPREAD,6.82,anbima,8988002,1,998.6669,7.9340,B35,21,B35 +21bps,60915470,42939466,29.5
2026-05-19,DGCD11,,1.98,0.70xprazo,0,0,,,,,,50000600,50000600,0.0
2026-05-19,VLIM28,IPCA_SPREAD,7.52,anbima,0,0,,,,,,47504669,47504669,0.0
2026-05-19,RDORE4,DI_SPREAD,4.65,anbima,339221,2,1027.9428,1.2623,CDI,1.2623,CDI +1.26%,16706155,16027712,4.1
2026-05-19,ASER12,IPCA_SPREAD,7.01,anbima,0,0,,,,,,16243388,16243388,0.0
2026-05-19,PAXA12,IPCA_SPREAD,6.30,anbima,0,0,,,,,,10018797,10018797,0.0
2026-05-19,CMGDA4,IPCA_SPREAD,7.26,anbima,9765077,2,961.7923,7.8770,B37,23,B37 +23bps,32833154,13303000,59.5
2026-05-19,ESCEA3,DI_SPREAD,0.95,anbima,0,0,,,,,,41607164,41607164,0.0
2026-05-19,RBRAW3,,3.91,0.70xprazo,0,0,,,,,,12000000,12000000,0.0
2026-05-19,EXSE13,,1.30,0.70xprazo,0,0,,,,,,11999809,11999809,0.0
2026-05-19,CEED19,IPCA_SPREAD,6.82,anbima,0,0,,,,,,12400941,12400941,0.0
2026-05-19,PFOR16,DI_SPREAD,2.77,anbima,17217298,1,1053.3679,1.4000,CDI,1.4,CDI +1.40%,34593612,159016,99.5
2026-05-19,ELPLB9,,6.53,0.70xprazo,0,0,,,,,,100611576,100611576,0.0
2026-05-19,CSRNA1,IPCA_SPREAD,1.79,anbima,0,0,,,,,,34373738,34373738,0.0
2026-05-19,CEPEB3,IPCA_SPREAD,5.17,anbima,0,0,,,,,,16174217,16174217,0.0
2026-05-19,CEED17,IPCA_SPREAD,6.39,anbima,0,0,,,,,,10054697,10054697,0.0
2026-05-19,CMTR19,DI_SPREAD,0.83,anbima,0,0,,,,,,169407491,169407491,0.0
2026-05-19,ESCEB4,DI_SPREAD,1.98,anbima,0,0,,,,,,49586267,49586267,0.0
2026-05-19,DASAC2,DI_SPREAD,2.54,anbima,0,0,,,,,,10759046,10759046,0.0
2026-05-19,PRLG17,DI_SPREAD,2.83,anbima,0,0,,,,,,10337261,10337261,0.0
2026-05-19,VLIM17,IPCA_SPREAD,5.98,anbima,0,0,,,,,,79623282,79623282,0.0
2026-05-19,CAMLB1,DI_SPREAD,1.54,anbima,0,0,,,,,,40351661,40351661,0.0
2026-05-19,ULFT14,IPCA_SPREAD,6.23,anbima,4997388,1,951.8834,8.1181,B35,40,B35 +40bps,10997290,1002513,90.9
2026-05-19,BZGY21,,10.20,0.70xprazo,0,0,,,,,,40172872,40172872,0.0
2026-05-19,UNIPA0,DI_SPREAD,3.86,anbima,5007428,1,1021.9241,1.7001,CDI,1.7001,CDI +1.70%,10014856,0,100.0
2026-05-19,TAEEA7,IPCA_SPREAD,7.71,anbima,0,0,,,,,,48371841,48371841,0.0
2026-05-19,CSRNA2,DI_SPREAD,3.04,anbima,0,0,,,,,,16206674,16206674,0.0
2026-05-19,EGIEA6,IPCA_SPREAD,7.71,anbima,0,0,,,,,,19625019,19625019,0.0
2026-05-19,IPIPA5,IPCA_SPREAD,6.21,anbima,19643236,1,982.1618,,,,,39286474,2,100.0
2026-05-19,ENMTA5,IPCA_SPREAD,1.59,anbima,0,0,,,,,,12807305,12807305,0.0
2026-05-19,VAMO23,DI_SPREAD,2.89,anbima,0,0,,,,,,12555373,12555373,0.0
2026-05-20,EUFA17,DI_SPREAD,2.73,anbima,202451,1,1027.6698,1.2250,CDI,1.225,CDI +1.23%,13161826,12756924,3.1
2026-05-20,DGCD11,,1.98,0.70xprazo,0,0,,,,,,150304460,150304460,0.0
2026-05-20,ARML13,DI_SPREAD,2.24,anbima,0,0,,,,,,35367375,35367375,0.0
2026-05-20,ENGIC4,DI_SPREAD,3.79,anbima,10001197,2,1026.2901,0.7380,CDI,0.738,CDI +0.74%,46164135,26161741,43.3
2026-05-20,LMTPA0,DI_SPREAD,2.53,anbima,0,0,,,,,,44032789,44032789,0.0
2026-05-20,RDORA5,DI_SPREAD,4.00,anbima,6872897,1,1046.1031,1.2508,CDI,1.2508,CDI +1.25%,21411650,7665856,64.2
2026-05-20,SBSPI8,IPCA_SPREAD,7.00,anbima,0,0,,,,,,11007605,11007605,0.0
2026-05-20,AURE13,DI_SPREAD,3.12,anbima,2001066,1,1004.0474,0.8694,CDI,0.8694,CDI +0.87%,43312691,39310558,9.2
2026-05-20,CMTR19,DI_SPREAD,0.83,anbima,0,0,,,,,,133440370,133440370,0.0
2026-05-20,CEEDA1,DI_SPREAD,3.88,anbima,0,0,,,,,,12013162,12013162,0.0
2026-05-20,RDORI6,DI_SPREAD,5.57,anbima,0,0,,,,,,40000481,40000481,0.0
2026-05-20,ISAEC0,IPCA_SPREAD,8.85,anbima,29295700,7,959.9482,7.5670,B40,19,B40 +19bps,59844013,1252614,97.9
2026-05-20,MGPRA0,IPCA_SPREAD,7.73,anbima,6695835,3,988.7530,,,,,64076017,50684346,20.9
2026-05-20,USAS12,IPCA_SPREAD,3.78,anbima,5091670,1,1018.3339,8.9098,B30,88,B30 +88bps,10183339,0,100.0
2026-05-20,CSRNA2,DI_SPREAD,3.04,anbima,0,0,,,,,,10006235,10006235,0.0
2026-05-20,ERDVC4,IPCA_SPREAD,7.85,anbima,166331,1,1020.4348,8.7085,B37,106,B37 +106bps,11993352,11660690,2.8
2026-05-20,CRTR12,IPCA_SPREAD,6.44,anbima,1027506,2,1003.4241,8.9294,B35,120,B35 +120bps,11577181,9522168,17.8
2026-05-20,CRCF12,IPCA_SPREAD,7.64,anbima,1008163,1,1120.1815,,,,,24136656,22120329,8.4
2026-05-20,CSANB0,DI_SPREAD,4.37,anbima,5003014,1,1015.4280,2.5301,CDI,2.5301,CDI +2.53%,15183785,5177758,65.9
2026-05-20,OVSAA8,DI_SPREAD,2.00,anbima,0,0,,,,,,10042498,10042498,0.0
2026-05-20,ERDVA6,DI_SPREAD,3.07,anbima,10336049,4,1059.0214,0.9499,CDI,0.9499,CDI +0.95%,22574557,1902459,91.6
2026-05-20,ELET14,IPCA_SPREAD,3.57,anbima,1101373,16,1087.2390,7.8988,B30,-13,B30 −13bps,16991816,14789070,13.0
2026-05-20,SUZBB1,DI_SPREAD,4.54,anbima,101628733,1,1021.3943,0.5985,CDI,0.5985,CDI +0.60%,218331285,15073819,93.1
2026-05-20,ELTN27,IPCA_SPREAD,4.90,anbima,2091355,1,1045.6777,7.7050,B32,-18,B32 −18bps,12947962,8765251,32.3
2026-05-20,RUMOA2,IPCA_SPREAD,1.44,anbima,8039788,1,1399.9282,8.7818,B28,81,B28 +81bps,21166557,5086982,76.0
2026-05-20,BSA318,DI_SPREAD,1.60,anbima,7083044,1,1073.1885,0.3594,CDI,0.3594,CDI +0.36%,17062218,2896130,83.0
2026-05-20,EGIEA6,IPCA_SPREAD,7.71,anbima,56362934,4,937.8660,7.4789,B37,-17,B37 −17bps,163379426,50653557,69.0
2026-05-20,ALUP18,IPCA_SPREAD,5.70,anbima,9961713,1,1021.7142,7.6750,B33,-21,B33 −21bps,20798639,875212,95.8
2026-05-20,CDES11,IPCA_SPREAD,6.46,anbima,12130048,2,1123.1526,7.8549,B35,12,B35 +12bps,24857560,597464,97.6
2026-05-20,VERTL6,,1.23,0.70xprazo,0,0,,,,,,17464132,17464132,0.0
2026-05-20,CMGDB1,IPCA_SPREAD,6.98,anbima,100169,3,1022.1332,7.6892,B35,-4,B35 −4bps,20352623,20152285,1.0
2026-05-20,CMGDA4,IPCA_SPREAD,7.26,anbima,30830,1,963.4347,7.8602,B37,21,B37 +21bps,10582957,10521297,0.6
2026-05-20,MVLVA3,DI_SPREAD,0.92,anbima,0,0,,,,,,21954009,21954009,0.0
2026-05-20,ENGIC0,IPCA_SPREAD,7.99,anbima,20524180,11,979.8148,8.0195,B37,37,B37 +37bps,43382709,2334348,94.6
2026-05-20,VBBR24,DI_SPREAD,3.06,anbima,145427,1,1101.7234,1.1202,CDI,1.1202,CDI +1.12%,11006090,10715235,2.6
2026-05-20,RSAN15,DI_SPREAD,0.37,anbima,5249734,2,1076.6477,2.0456,CDI,2.0456,CDI +2.05%,10999033,499564,95.5
2026-05-20,CIEL19,DI_SPREAD,1.92,anbima,0,0,,,,,,39391729,39391729,0.0
2026-05-20,ALPA22,DI_SPREAD,2.37,anbima,0,0,,,,,,20873355,20873355,0.0
2026-05-20,MOVIA2,DI_SPREAD,0.23,anbima,0,0,,,,,,12694813,12694813,0.0
2026-05-20,ELTN37,IPCA_SPREAD,6.69,anbima,10513262,5,1031.6222,7.7090,B35,-2,B35 −2bps,22222886,1196361,94.6
2026-05-20,CGOSB0,IPCA_SPREAD,6.70,anbima,6895088,4,1000.8838,8.1630,B35,43,B35 +43bps,16464089,2673913,83.8
2026-05-20,CGOS19,DI_SPREAD,3.75,anbima,57037686,1,1079.9933,0.7300,CDI,0.73,CDI +0.73%,121222179,7146807,94.1
2026-05-20,NATUA3,DI_SPREAD,2.39,anbima,0,0,,,,,,20000690,20000690,0.0
2026-05-20,IOCHA3,DI_SPREAD,2.15,anbima,6032736,2,1022.4977,1.4485,CDI,1.4485,CDI +1.45%,16052666,3987193,75.2
2026-05-20,CEEBD2,IPCA_SPREAD,6.93,anbima,5628839,3,924.2757,7.9479,B35,22,B35 +22bps,15283846,4026167,73.7
2026-05-20,CMGDB4,IPCA_SPREAD,8.61,anbima,957156,1,957.1557,7.6315,B40,25,B40 +25bps,14164610,12250299,13.5
2026-05-20,IVIAA0,IPCA_SPREAD,5.67,anbima,64003,2,969.7350,9.1114,B33,122,B33 +122bps,12150938,12022932,1.1
2026-05-20,CEED17,IPCA_SPREAD,6.39,anbima,0,0,,,,,,88050981,88050981,0.0
2026-05-20,ISAED1,DI_SPREAD,4.84,anbima,13013333,2,1052.4329,0.6506,CDI,0.6506,CDI +0.65%,33074826,7048159,78.7
2026-05-20,EKTRA6,IPCA_SPREAD,9.00,anbima,273309,2,1008.5202,7.7160,B40,34,B40 +34bps,10780584,10233966,5.1
2026-05-20,VLIM14,IPCA_SPREAD,2.79,anbima,50463534,1,1109.0886,7.6860,B29,-28,B29 −28bps,101367316,440249,99.6
2026-05-20,SBSPM8,DI_SPREAD,4.81,anbima,3001542,1,1027.9252,0.7800,CDI,0.78,CDI +0.78%,94065670,88062587,6.4
2026-05-20,AURP12,IPCA_SPREAD,5.83,anbima,1027,1,1027.1928,7.9516,B33,6,B33 +6bps,10267254,10265199,0.0
2026-05-20,VALEC1,IPCA_SPREAD,6.64,anbima,1004654,2,1020.9896,7.0999,B35,-63,B35 −63bps,33467272,31457965,6.0
2026-05-20,PASS14,DI_SPREAD,2.99,anbima,36598990,2,1062.4108,0.8500,CDI,0.85,CDI +0.85%,73197980,1,100.0
2026-05-20,COMR14,IPCA_SPREAD,5.20,anbima,10752453,2,1009.6200,,,,,31646074,10141167,68.0
2026-05-20,RDORF8,DI_SPREAD,4.82,anbima,0,0,,,,,,138043516,138043516,0.0
2026-05-20,SBSPD7,DI_SPREAD,3.96,anbima,0,0,,,,,,15499777,15499777,0.0
2026-05-20,CLCD16,DI_SPREAD,1.17,anbima,0,0,,,,,,15464457,15464457,0.0
2026-05-20,ELET24,DI_SPREAD,1.42,anbima,0,0,,,,,,39249652,39249652,0.0
2026-05-20,RDORC4,DI_SPREAD,1.04,anbima,0,0,,,,,,10082076,10082076,0.0
2026-05-20,MOTVB9,IPCA_SPREAD,7.30,anbima,33510401,1,961.5610,7.7530,B37,10,B37 +10bps,82511149,15490347,81.2
2026-05-20,SAPRB4,DI_SPREAD,2.80,anbima,26286654,1,1062.8600,0.6500,CDI,0.65,CDI +0.65%,52573309,2,100.0
2026-05-20,CGASA5,DI_SPREAD,2.16,anbima,0,0,,,,,,33317801,33317801,0.0
2026-05-20,CDES12,DI_SPREAD,3.19,anbima,0,0,,,,,,11041967,11041967,0.0
2026-05-20,CMGTA0,DI_SPREAD,2.47,anbima,10282669,1,1028.2668,0.5486,CDI,0.5486,CDI +0.55%,20702835,137498,99.3
2026-05-20,CIEL18,DI_SPREAD,2.31,anbima,0,0,,,,,,41078357,41078357,0.0
2026-05-20,CGOS15,DI_SPREAD,2.13,anbima,20020902,2,1034.1375,0.6254,CDI,0.6254,CDI +0.63%,74846420,34804617,53.5
2026-05-20,GUAR17,DI_SPREAD,1.50,anbima,10122312,1,1014.2597,0.9285,CDI,0.9285,CDI +0.93%,114554875,94310251,17.7
2026-05-20,CEEDA0,DI_SPREAD,3.58,anbima,0,0,,,,,,20867824,20867824,0.0
2026-05-20,BHIAB1,,1.46,0.70xprazo,0,0,,,,,,22686255,22686255,0.0
2026-05-20,FLCLA9,IPCA_SPREAD,6.66,anbima,66067,1,957.4915,8.5200,B35,79,B35 +79bps,20920060,20787927,0.6
2026-05-20,EXSE11,,3.79,0.70xprazo,10005064,1,1013.6843,0.9500,,,,20010128,0,100.0
2026-05-20,RDORC7,DI_SPREAD,1.66,anbima,0,0,,,,,,13189041,13189041,0.0
2026-05-20,RNDNA0,DI_SPREAD,1.18,anbima,0,0,,,,,,44121956,44121956,0.0
2026-05-20,SNGO10,DI_SPREAD,0.45,anbima,8788774,1,364.3015,0.3450,CDI,0.345,CDI +0.34%,17795964,218417,98.8
2026-05-20,VIALA5,IPCA_SPREAD,3.69,anbima,37784722,1,991.4648,7.8331,B30,-20,B30 −20bps,105369548,29800104,71.7
2026-05-20,CNLM17,DI_SPREAD,4.08,anbima,52020603,1,1017.2195,0.8694,CDI,0.8694,CDI +0.87%,175046225,71005020,59.4
2026-05-20,VLIM17,IPCA_SPREAD,5.98,anbima,50447231,1,989.1614,7.9861,B33,10,B33 +10bps,103541551,2647088,97.4
2026-05-20,VLIM19,IPCA_SPREAD,7.47,anbima,18502595,1,925.1297,7.9310,B37,28,B37 +28bps,37005190,0,100.0
2026-05-20,NTSDA1,IPCA_SPREAD,8.86,anbima,28144394,2,938.1465,7.4027,B40,2,B40 +2bps,75036865,18748077,75.0
2026-05-20,ESCEA3,DI_SPREAD,0.95,anbima,0,0,,,,,,18741841,18741841,0.0
2026-05-20,EQPAA1,IPCA_SPREAD,7.25,anbima,54147314,2,931.1662,8.1971,B37,55,B37 +55bps,162810959,54516330,66.5
2026-05-20,CEROA3,PREFIXADO,4.08,anbima,29641439,1,988.0480,14.0742,,,,59282877,0,100.0
2026-05-20,CPIS13,IPCA_SPREAD,6.37,anbima,14023185,1,1010.4615,8.2060,B35,48,B35 +48bps,28046368,0,100.0
2026-05-20,ITSA18,DI_SPREAD,4.39,anbima,10004340,1,1105.3298,0.5493,CDI,0.5493,CDI +0.55%,20008679,0,100.0
2026-05-20,CPIS16,IPCA_SPREAD,7.25,anbima,18612158,1,930.6079,8.2060,B37,56,B37 +56bps,37224315,0,100.0
2026-05-20,ENMTF8,IPCA_SPREAD,6.88,anbima,19870854,1,937.3045,8.0980,B35,37,B35 +37bps,40491060,749351,98.1
2026-05-20,VBBRA0,IPCA_SPREAD,5.74,anbima,13667871,1,976.2765,8.1260,B33,24,B33 +24bps,27335742,0,100.0
2026-05-20,ITSA17,DI_SPREAD,4.08,anbima,0,0,,,,,,114364320,114364320,0.0
2026-05-20,PFOR26,DI_SPREAD,3.82,anbima,26404781,1,1056.1913,1.5200,CDI,1.52,CDI +1.52%,52809563,0,100.0
2026-05-20,CTNSA5,IPCA_SPREAD,6.88,anbima,28018532,1,933.9511,8.1528,B35,42,B35 +42bps,56037065,2,100.0
2026-05-20,RDORF1,DI_SPREAD,4.21,anbima,20007608,1,1059.0518,1.0493,CDI,1.0493,CDI +1.05%,40015215,0,100.0
2026-05-21,RNDNA0,DI_SPREAD,1.18,anbima,0,0,,,,,,24140645,24140645,0.0
2026-05-21,AXIA18,IPCA_SPREAD,5.21,anbima,10005943,2,990.6874,7.7220,B32,-24,B32 −24bps,30199049,10187164,66.3
2026-05-21,CPIS16,IPCA_SPREAD,7.25,anbima,37259689,2,931.4922,8.1960,B37,49,B37 +49bps,74519376,0,100.0
2026-05-21,RPTA14,IPCA_SPREAD,5.04,anbima,5985264,2,1094.1982,,,,,17451440,5480912,68.6
2026-05-21,CGASA5,DI_SPREAD,2.16,anbima,0,0,,,,,,45144278,45144278,0.0
2026-05-21,GUAR17,DI_SPREAD,1.50,anbima,4057278,1,1014.3194,0.9250,CDI,0.925,CDI +0.93%,94070933,85956378,8.6
2026-05-21,CPGTA1,IPCA_SPREAD,6.82,anbima,1005829,1,1005.8291,7.8291,B35,2,B35 +2bps,24918183,22906524,8.1
2026-05-21,MOTVB9,IPCA_SPREAD,7.30,anbima,0,0,,,,,,66370250,66370250,0.0
2026-05-21,SUZBB1,DI_SPREAD,4.54,anbima,0,0,,,,,,15021966,15021966,0.0
2026-05-21,CEED17,IPCA_SPREAD,6.39,anbima,4982,1,996.4359,8.2701,B35,46,B35 +46bps,78003228,77993263,0.0
2026-05-21,CMGDB4,IPCA_SPREAD,8.61,anbima,58828,1,997.0904,7.1400,B40,-30,B40 −30bps,12620536,12502880,0.9
2026-05-21,RISP14,IPCA_SPREAD,4.35,anbima,210,2,0.8315,14.6421,B31,658,B31 +658bps,36752556,36752136,0.0
2026-05-21,CNLM17,DI_SPREAD,4.08,anbima,22698923,5,1019.7180,0.8239,CDI,0.8239,CDI +0.82%,139587486,94189639,32.5
2026-05-21,RUMOA2,IPCA_SPREAD,1.44,anbima,8179131,3,1399.8171,8.7871,B28,78,B28 +78bps,25168635,8810373,65.0
2026-05-21,CEEDA1,DI_SPREAD,3.88,anbima,0,0,,,,,,40142801,40142801,0.0
2026-05-21,RDORF8,DI_SPREAD,4.82,anbima,220128418,3,1001.0524,1.1416,CDI,1.1416,CDI +1.14%,658510839,218254003,66.9
2026-05-21,ELET14,IPCA_SPREAD,3.57,anbima,2146045,8,1091.5792,7.7955,B30,-26,B30 −26bps,15458998,11166908,27.8
2026-05-21,FLCLA9,IPCA_SPREAD,6.66,anbima,1067953,3,982.4774,8.1126,B35,30,B35 +30bps,31049038,28913132,6.9
2026-05-21,ENMTE6,IPCA_SPREAD,6.66,anbima,0,0,,,,,,19689044,19689044,0.0
2026-05-21,VIALA5,IPCA_SPREAD,3.69,anbima,61274821,1,993.4309,7.7931,B30,-27,B30 −27bps,134127554,11577912,91.4
2026-05-21,NTSDA1,IPCA_SPREAD,8.86,anbima,0,0,,,,,,42251495,42251495,0.0
2026-05-21,SBSPM8,DI_SPREAD,4.81,anbima,0,0,,,,,,30130901,30130901,0.0
2026-05-21,CGOS19,DI_SPREAD,3.75,anbima,19991649,1,1080.6296,0.7300,CDI,0.73,CDI +0.73%,40619621,636324,98.4
2026-05-21,CGOS15,DI_SPREAD,2.13,anbima,0,0,,,,,,19701448,19701448,0.0
2026-05-21,RDORC9,DI_SPREAD,2.92,anbima,15019073,2,1068.9732,0.9559,CDI,0.9559,CDI +0.96%,38440133,8401986,78.1
2026-05-21,RDORF1,DI_SPREAD,4.21,anbima,0,0,,,,,,19999487,19999487,0.0
2026-05-21,PASS14,DI_SPREAD,2.99,anbima,25416282,4,1062.4204,0.8492,CDI,0.8492,CDI +0.85%,86966822,36134257,58.5
2026-05-21,EQPAA1,IPCA_SPREAD,7.25,anbima,0,0,,,,,,54145989,54145989,0.0
2026-05-21,ALPA22,DI_SPREAD,2.37,anbima,0,0,,,,,,41738519,41738519,0.0
2026-05-21,ITSA18,DI_SPREAD,4.39,anbima,0,0,,,,,,10000197,10000197,0.0
2026-05-21,CTNSA5,IPCA_SPREAD,6.88,anbima,0,0,,,,,,28035487,28035487,0.0
2026-05-21,CEROA3,PREFIXADO,4.08,anbima,0,0,,,,,,29631169,29631169,0.0
2026-05-21,ENGIC4,DI_SPREAD,3.79,anbima,998729,1,1027.4988,0.7200,CDI,0.72,CDI +0.72%,22537947,20540489,8.9
2026-05-21,CRCF12,IPCA_SPREAD,7.64,anbima,0,0,,,,,,12416844,12416844,0.0
2026-05-21,ISAEC0,IPCA_SPREAD,8.85,anbima,19390011,3,965.6380,7.5052,B40,7,B40 +7bps,51253873,12473851,75.7
2026-05-21,RLMS13,IPCA_SPREAD,7.87,anbima,5059330,1,1027.6924,8.6687,B37,96,B37 +96bps,10118659,0,100.0
2026-05-21,EKTRA6,IPCA_SPREAD,9.00,anbima,50355,1,1049.0549,7.2561,B40,-18,B40 −18bps,11359526,11258817,0.9
2026-05-21,PLSB1A,IPCA_SPREAD,2.82,anbima,7500810,6,1098.6978,9.4212,B29,141,B29 +141bps,39859437,24857817,37.6
2026-05-21,AGAU13,DI_SPREAD,0.58,anbima,0,0,,,,,,19590459,19590459,0.0
2026-05-21,DGCD11,,1.97,0.70xprazo,0,0,,,,,,128191840,128191840,0.0
2026-05-21,VAMO33,IPCA_SPREAD,3.34,anbima,0,0,,,,,,15265691,15265691,0.0
2026-05-21,ELTN19,DI_SPREAD,4.18,anbima,4012244,1,996.3356,0.7851,CDI,0.7851,CDI +0.79%,22608616,14584129,35.5
2026-05-21,IOCHA3,DI_SPREAD,2.15,anbima,4089753,2,1022.4382,1.4726,CDI,1.4726,CDI +1.47%,18201812,10022307,44.9
2026-05-21,MGPRA0,IPCA_SPREAD,7.73,anbima,7049918,3,1007.1311,,,,,42962799,28862963,32.8
2026-05-21,CMGTA0,DI_SPREAD,2.47,anbima,10282722,1,1028.2722,0.5485,CDI,0.5485,CDI +0.55%,20565444,0,100.0
2026-05-21,MRSAB2,IPCA_SPREAD,6.73,anbima,0,0,,,,,,12172294,12172294,0.0
2026-05-21,RIS424,IPCA_SPREAD,7.48,anbima,135229,3,0.8969,10.7327,B37,302,B37 +302bps,21059352,20788893,1.3
2026-05-21,CHSF13,IPCA_SPREAD,4.17,anbima,143560,4,1087.5754,7.7028,B31,-36,B31 −36bps,16251912,15964792,1.8
2026-05-21,AXS911,,8.62,0.70xprazo,0,0,,,,,,27940352,27940352,0.0
2026-05-21,EUFA18,DI_SPREAD,1.80,anbima,0,0,,,,,,20004422,20004422,0.0
2026-05-21,OVSAA8,DI_SPREAD,2.00,anbima,0,0,,,,,,12718218,12718218,0.0
2026-05-21,ENMTA4,IPCA_SPREAD,3.66,anbima,10989112,1,1195.7685,7.9558,B30,-10,B30 −10bps,32977514,10999290,66.6
2026-05-21,CEEBC3,IPCA_SPREAD,3.68,anbima,5007992,1,1192.3791,7.7491,B30,-31,B30 −31bps,10257133,241149,97.6
2026-05-21,EXSE11,,3.79,0.70xprazo,0,0,,,,,,10008098,10008098,0.0
2026-05-21,SBSPI8,IPCA_SPREAD,7.00,anbima,15477148,2,949.5183,7.5468,B35,-26,B35 −26bps,48789485,17835188,63.4
2026-05-21,EGIEA6,IPCA_SPREAD,7.71,anbima,29914455,7,940.0853,7.4529,B37,-26,B37 −26bps,97471963,37643053,61.4
2026-05-21,ELTN37,IPCA_SPREAD,6.69,anbima,146488,3,1069.2528,7.1369,B35,-67,B35 −67bps,11500653,11207678,2.5
2026-05-21,ASAIA1,DI_SPREAD,2.16,anbima,4029293,1,1007.3234,1.9150,CDI,1.915,CDI +1.92%,19324728,11266142,41.7
2026-05-21,CERT11,IPCA_SPREAD,2.62,anbima,751013,1,1166.1690,8.1656,B29,16,B29 +16bps,33863634,32361608,4.4
2026-05-21,CPLDA1,IPCA_SPREAD,6.82,anbima,0,0,,,,,,62925456,62925456,0.0
2026-05-21,CGOSA2,IPCA_SPREAD,7.25,anbima,68995865,1,932.3766,8.1860,B37,48,B37 +48bps,157835300,19843570,87.4
2026-05-21,ENGIB0,IPCA_SPREAD,4.05,anbima,79911232,1,1036.6101,7.9066,B31,-15,B31 −15bps,171398324,11575860,93.2
2026-05-21,CEEDA0,DI_SPREAD,3.58,anbima,4688082,1,1008.1897,0.8001,CDI,0.8001,CDI +0.80%,28294263,18918099,33.1
2026-05-21,ENGIA5,IPCA_SPREAD,3.66,anbima,22219488,2,1195.7533,7.9562,B30,-10,B30 −10bps,66721983,22283006,66.6
2026-05-21,RDORC4,DI_SPREAD,1.04,anbima,0,0,,,,,,10588755,10588755,0.0
2026-05-21,EUFA17,DI_SPREAD,2.73,anbima,0,0,,,,,,10975935,10975935,0.0
2026-05-21,TOTS16,,4.69,0.70xprazo,5002450,1,1034.4190,0.8493,,,,10004901,0,100.0
2026-05-21,BCPSA6,DI_SPREAD,1.89,anbima,0,0,,,,,,10156840,10156840,0.0
2026-05-21,CIEL18,DI_SPREAD,2.31,anbima,0,0,,,,,,10064840,10064840,0.0
2026-05-21,ELTN16,DI_SPREAD,3.57,anbima,0,0,,,,,,10283122,10283122,0.0
2026-05-21,VALEC1,IPCA_SPREAD,6.64,anbima,205558,2,1027.7879,7.0101,B35,-80,B35 −80bps,22088488,21677373,1.9
2026-05-21,MULTA5,DI_SPREAD,3.13,anbima,0,0,,,,,,10118310,10118310,0.0
2026-05-21,NTSD17,DI_SPREAD,1.70,anbima,0,0,,,,,,10640326,10640326,0.0
2026-05-21,STBP25,DI_SPREAD,3.24,anbima,0,0,,,,,,10353787,10353787,0.0
2026-05-21,RDORE4,DI_SPREAD,4.65,anbima,554426,3,1030.5321,1.2344,CDI,1.2344,CDI +1.23%,33349859,32241007,3.3
2026-05-21,RENTA5,DI_SPREAD,3.79,anbima,0,0,,,,,,40176291,40176291,0.0
2026-05-21,PFOR26,DI_SPREAD,3.82,anbima,59108,2,1055.4944,1.5461,CDI,1.5461,CDI +1.55%,31974121,31855905,0.4
2026-05-21,SMFTA0,DI_SPREAD,2.13,anbima,6062155,3,1061.3016,0.6055,CDI,0.6055,CDI +0.61%,24145998,12021689,50.2
2026-05-21,INEL12,DI_SPREAD,1.55,anbima,0,0,,,,,,12284167,12284167,0.0
2026-05-21,RENTD0,DI_SPREAD,2.98,anbima,0,0,,,,,,10835159,10835159,0.0
2026-05-21,APFD19,IPCA_SPREAD,2.63,anbima,0,0,,,,,,35359480,35359480,0.0
2026-05-21,ENERC7,IPCA_SPREAD,8.39,anbima,0,0,,,,,,15855586,15855586,0.0
2026-05-21,UNIP18,DI_SPREAD,2.81,anbima,6104117,2,1027.2832,1.6239,CDI,1.6239,CDI +1.62%,18374900,6166666,66.4
2026-05-21,ECOA11,,6.40,0.70xprazo,0,0,,,,,,41165843,41165843,0.0
2026-05-21,CRTR12,IPCA_SPREAD,6.44,anbima,0,0,,,,,,24213167,24213167,0.0
2026-05-21,ENMTF8,IPCA_SPREAD,6.88,anbima,166003196,3,939.1021,8.0773,B35,27,B35 +27bps,333748578,1742187,99.5
2026-05-21,IVIAA0,IPCA_SPREAD,5.67,anbima,0,0,,,,,,24989943,24989943,0.0
2026-05-21,SAPRB4,DI_SPREAD,2.80,anbima,0,0,,,,,,12277317,12277317,0.0
2026-05-21,CPGTC0,IPCA_SPREAD,6.10,anbima,0,0,,,,,,10550782,10550782,0.0
2026-05-21,CLCD16,DI_SPREAD,1.17,anbima,0,0,,,,,,15421677,15421677,0.0
2026-05-21,ANHBA5,DI_SPREAD,2.92,anbima,0,0,,,,,,127248146,127248146,0.0
2026-05-21,ENMTD5,IPCA_SPREAD,8.38,anbima,0,0,,,,,,39860809,39860809,0.0
2026-05-21,ENEVA4,IPCA_SPREAD,7.02,anbima,0,0,,,,,,47384586,47384586,0.0
2026-05-21,RENTE3,DI_SPREAD,3.07,anbima,0,0,,,,,,15688037,15688037,0.0
2026-05-21,RALM21,IPCA_SPREAD,8.27,anbima,0,0,,,,,,15147046,15147046,0.0
2026-05-21,IPIPA6,DI_SPREAD,2.96,anbima,0,0,,,,,,10016742,10016742,0.0
2026-05-21,ENEVC0,DI_SPREAD,2.23,anbima,0,0,,,,,,20476200,20476200,0.0
2026-05-21,CESPA4,DI_SPREAD,3.76,anbima,0,0,,,,,,10049207,10049207,0.0
2026-05-21,RDORB9,DI_SPREAD,2.92,anbima,0,0,,,,,,15000940,15000940,0.0
2026-05-21,RDORG6,DI_SPREAD,3.92,anbima,0,0,,,,,,15182551,15182551,0.0
2026-05-21,COMT11,IPCA_SPREAD,3.78,anbima,8276437,1,1034.5547,7.7930,B30,-27,B30 −27bps,20690354,4137480,80.0
2026-05-21,VLIM15,IPCA_SPREAD,4.06,anbima,10380501,1,1038.0501,7.8613,B31,-20,B31 −20bps,20761002,0,100.0
2026-05-21,ENMTC5,IPCA_SPREAD,6.61,anbima,0,0,,,,,,34985195,34985195,0.0
2026-05-21,ENMTB5,IPCA_SPREAD,4.02,anbima,18257935,2,1126.8243,7.9061,B31,-15,B31 −15bps,54779489,18263620,66.7
2026-05-21,AESOA1,IPCA_SPREAD,5.30,anbima,0,0,,,,,,10301264,10301264,0.0
2026-05-21,SAELA3,IPCA_SPREAD,4.05,anbima,10139381,1,1036.6405,7.9059,B31,-15,B31 −15bps,30421222,10142461,66.7
2026-05-21,ENERB6,PREFIXADO,4.08,anbima,30340611,1,990.8433,14.0128,,,,91030639,30349417,66.7
2026-05-21,VLIM19,IPCA_SPREAD,7.47,anbima,37441553,2,927.7356,7.8991,B37,19,B37 +19bps,84895632,10012526,88.2
2026-05-21,ENSEA5,IPCA_SPREAD,6.88,anbima,24015922,1,939.1491,8.0765,B35,27,B35 +27bps,48031845,1,100.0
2026-05-21,TRGP13,IPCA_SPREAD,7.79,anbima,10063474,1,1006.3474,,,,,20126947,0,100.0
2026-05-21,CEED16,DI_SPREAD,2.34,anbima,21063766,1,1053.1883,0.6408,CDI,0.6408,CDI +0.64%,105320023,63192491,40.0
2026-05-21,RDORB3,DI_SPREAD,3.41,anbima,0,0,,,,,,51577052,51577052,0.0
2026-05-21,EEELB5,IPCA_SPREAD,6.00,anbima,31875954,1,989.9365,7.8750,B33,-8,B33 −8bps,95609590,31857683,66.7
2026-05-21,CSRNA2,DI_SPREAD,3.04,anbima,5128120,1,1036.4025,0.6751,CDI,0.6751,CDI +0.68%,10256239,0,100.0
2026-05-21,ALGAA2,DI_SPREAD,1.75,anbima,0,0,,,,,,35672994,35672994,0.0
2026-05-21,CPFGA2,IPCA_SPREAD,3.35,anbima,31807151,1,1127.1138,7.6741,B30,-39,B30 −39bps,98406631,34792328,64.6
2026-05-21,RDORD3,DI_SPREAD,4.60,anbima,0,0,,,,,,26997797,26997797,0.0
2026-05-22,ELTN37,IPCA_SPREAD,6.69,anbima,186236,2,1070.3230,7.1251,B35,-58,B35 −58bps,13032808,12660336,2.9
2026-05-22,MGPRA0,IPCA_SPREAD,7.73,anbima,25155605,5,1006.2242,,,,,64239942,13928733,78.3
2026-05-22,ISPE13,DI_SPREAD,2.32,anbima,2544457,1,1188.4431,2.5200,CDI,2.52,CDI +2.52%,17548832,12459918,29.0
2026-05-22,ENMTC5,IPCA_SPREAD,6.61,anbima,0,0,,,,,,24728724,24728724,0.0
2026-05-22,RDORC9,DI_SPREAD,2.92,anbima,0,0,,,,,,12035289,12035289,0.0
2026-05-22,ENGIB0,IPCA_SPREAD,4.05,anbima,168317,2,1045.4455,7.7041,B31,-27,B31 −27bps,12596569,12259935,2.7
2026-05-22,RDORB3,DI_SPREAD,3.41,anbima,40252832,1,1032.1239,1.0951,CDI,1.0951,CDI +1.10%,132157890,51652226,60.9
2026-05-22,RDORF8,DI_SPREAD,4.82,anbima,0,0,,,,,,20017196,20017196,0.0
2026-05-22,RENTA5,DI_SPREAD,3.79,anbima,0,0,,,,,,46070870,46070870,0.0
2026-05-22,RENTD0,DI_SPREAD,2.98,anbima,0,0,,,,,,10841610,10841610,0.0
2026-05-22,CPGTC0,IPCA_SPREAD,6.10,anbima,0,0,,,,,,10538510,10538510,0.0
2026-05-22,BTGL11,,6.52,0.70xprazo,0,0,,,,,,30089348,30089348,0.0
2026-05-22,TBCR18,,4.44,0.70xprazo,0,0,,,,,,83142405,83142405,0.0
2026-05-22,RDORC4,DI_SPREAD,1.04,anbima,0,0,,,,,,59638304,59638304,0.0
2026-05-22,ENMTA4,IPCA_SPREAD,3.66,anbima,0,0,,,,,,13000019,13000019,0.0
2026-05-22,AXIA18,IPCA_SPREAD,5.21,anbima,2341085,2,993.6693,7.6728,B32,-19,B32 −19bps,20971189,16289019,22.3
2026-05-22,TRGP13,IPCA_SPREAD,7.79,anbima,10143766,1,1014.3765,,,,,62522442,42234911,32.4
2026-05-22,VLIM15,IPCA_SPREAD,4.06,anbima,31189493,1,1039.6498,7.8361,B31,-13,B31 −13bps,73106165,10727180,85.3
2026-05-22,ENMTF8,IPCA_SPREAD,6.88,anbima,55183447,2,940.4453,8.0640,B35,35,B35 +35bps,220396597,110029702,50.1
2026-05-22,RPTA14,IPCA_SPREAD,5.04,anbima,5483357,1,1096.6714,,,,,16304151,5337437,67.3
2026-05-22,ENGIA5,IPCA_SPREAD,3.66,anbima,0,0,,,,,,11706894,11706894,0.0
2026-05-22,IVIAA0,IPCA_SPREAD,5.67,anbima,38258890,5,968.5795,9.1600,B33,130,B33 +130bps,107347516,30829736,71.3
2026-05-22,SAELA3,IPCA_SPREAD,4.05,anbima,0,0,,,,,,10136302,10136302,0.0
2026-05-22,ISAEC0,IPCA_SPREAD,8.85,anbima,6057104,5,976.9522,7.3685,B40,-1,B40 −1bps,31566634,19452426,38.4
2026-05-22,ENERB6,PREFIXADO,4.08,anbima,0,0,,,,,,30331802,30331802,0.0
2026-05-22,ENMTB5,IPCA_SPREAD,4.02,anbima,0,0,,,,,,22479218,22479218,0.0
2026-05-22,SBSPI8,IPCA_SPREAD,7.00,anbima,10356079,3,953.2473,7.4956,B35,-21,B35 −21bps,40016448,19304290,51.8
2026-05-22,ANHBA5,DI_SPREAD,2.92,anbima,0,0,,,,,,57036722,57036722,0.0
2026-05-22,CHSF13,IPCA_SPREAD,4.17,anbima,629909,4,1086.0499,7.7526,B31,-22,B31 −22bps,16396794,15136976,7.7
2026-05-22,EGIEA6,IPCA_SPREAD,7.71,anbima,19516970,3,945.1317,7.3869,B37,-24,B37 −24bps,105097212,66063272,37.1
2026-05-22,CEEBD2,IPCA_SPREAD,6.93,anbima,0,0,,,,,,16356650,16356650,0.0
2026-05-22,ENMTE6,IPCA_SPREAD,6.66,anbima,0,0,,,,,,11125162,11125162,0.0
2026-05-22,RISP14,IPCA_SPREAD,4.35,anbima,105720,3,0.8406,14.3780,B31,641,B31 +641bps,36555431,36343992,0.6
2026-05-22,BCPSA5,IPCA_SPREAD,2.41,anbima,0,0,,,,,,85215635,85215635,0.0
2026-05-22,RDORE4,DI_SPREAD,4.65,anbima,0,0,,,,,,19996517,19996517,0.0
2026-05-22,RDORD3,DI_SPREAD,4.60,anbima,0,0,,,,,,27050820,27050820,0.0
2026-05-22,CERT11,IPCA_SPREAD,2.62,anbima,1169,1,1168.8052,8.1215,B29,21,B29 +21bps,31320937,31318599,0.0
2026-05-22,VLIM19,IPCA_SPREAD,7.47,anbima,10648951,1,928.8226,7.8866,B37,26,B37 +26bps,31102824,9804923,68.5
2026-05-22,IRJS14,IPCA_SPREAD,6.81,anbima,269990,4,1106.5146,10.7874,B35,308,B35 +308bps,15793114,15253135,3.4
2026-05-22,CEEBD1,PREFIXADO,4.44,anbima,27873816,3,912.7584,13.9330,,,,56395816,648185,98.9
2026-05-22,EQPAA0,DI_SPREAD,3.49,anbima,0,0,,,,,,11318609,11318609,0.0
2026-05-22,CEEBC0,,4.15,0.70xprazo,0,0,,,,,,13030577,13030577,0.0
2026-05-22,AESOA1,IPCA_SPREAD,5.30,anbima,0,0,,,,,,12286661,12286661,0.0
2026-05-22,UNEG11,IPCA_SPREAD,6.65,anbima,164928,4,1169.6997,8.5232,B35,81,B35 +81bps,46066636,45736781,0.7
2026-05-22,EQPA19,IPCA_SPREAD,6.83,anbima,246385,1,1001.5640,8.1336,B35,42,B35 +42bps,16806679,16313910,2.9
2026-05-22,CMGDB1,IPCA_SPREAD,6.98,anbima,70639,4,1009.1255,7.8920,B35,18,B35 +18bps,10417432,10276154,1.4
2026-05-22,CMGTA1,IPCA_SPREAD,7.27,anbima,29488828,6,976.3866,7.6874,B37,6,B37 +6bps,76345578,17367921,77.3
2026-05-22,CEAL21,IPCA_SPREAD,5.01,anbima,0,0,,,,,,14196067,14196067,0.0
2026-05-22,IRJS15,IPCA_SPREAD,6.61,anbima,42851357,8,1018.0646,,,,,146552462,60849748,58.5
2026-05-22,RUMOA6,IPCA_SPREAD,3.51,anbima,10138041,2,1168.5156,8.6580,B30,69,B30 +69bps,20568329,292247,98.6
2026-05-22,CEPEA6,PREFIXADO,4.03,anbima,0,0,,,,,,17091759,17091759,0.0
2026-05-22,IPIPA6,DI_SPREAD,2.96,anbima,295340340,4,1003.0476,0.5741,CDI,0.5741,CDI +0.57%,701623311,110942630,84.2
2026-05-22,CPLD29,IPCA_SPREAD,5.76,anbima,383600,1,1006.8255,,,,,13974336,13207135,5.5
2026-05-22,EGIEA5,PREFIXADO,4.73,anbima,0,0,,,,,,64132695,64132695,0.0
2026-05-22,CNRD12,IPCA_SPREAD,6.98,anbima,0,0,,,,,,35218329,35218329,0.0
2026-05-22,MVLV19,DI_SPREAD,0.64,anbima,0,0,,,,,,20560959,20560959,0.0
2026-05-22,SBSPK8,IPCA_SPREAD,8.84,anbima,0,0,,,,,,19851999,19851999,0.0
2026-05-22,ERDVB4,IPCA_SPREAD,5.42,anbima,0,0,,,,,,22470640,22470640,0.0
2026-05-22,OMGE15,DI_SPREAD,2.38,anbima,0,0,,,,,,100119843,100119843,0.0
2026-05-22,UHSM12,IPCA_SPREAD,6.67,anbima,298182,1,1146.8538,,,,,10769267,10172903,5.5
2026-05-22,VIALA5,IPCA_SPREAD,3.69,anbima,19879493,1,993.9746,7.7931,B30,-18,B30 −18bps,89985507,50226521,44.2
2026-05-22,CSMGE2,IPCA_SPREAD,4.65,anbima,5805510,1,1009.6539,9.0721,B32,121,B32 +121bps,11611020,0,100.0
2026-05-22,DESK19,IPCA_SPREAD,4.50,anbima,5023352,1,1046.5317,8.1551,B31,19,B31 +19bps,36605973,26559269,27.4
2026-05-22,RIS424,IPCA_SPREAD,7.48,anbima,46307,1,0.8886,10.8715,B37,324,B37 +324bps,10225946,10133332,0.9
2026-05-22,VALEC1,IPCA_SPREAD,6.64,anbima,2609004,2,1021.9365,7.1073,B35,-60,B35 −60bps,17174927,11956919,30.4
2026-05-22,RDORB9,DI_SPREAD,2.92,anbima,0,0,,,,,,30912474,30912474,0.0
2026-05-22,MRSAA2,IPCA_SPREAD,6.21,anbima,0,0,,,,,,12906176,12906176,0.0
2026-05-22,SBSPJ8,IPCA_SPREAD,7.96,anbima,52105453,3,949.9107,7.4591,B37,-17,B37 −17bps,117027487,12816581,89.0
2026-05-22,MRSAB1,IPCA_SPREAD,6.22,anbima,0,0,,,,,,13464982,13464982,0.0
2026-05-22,CGOSA2,IPCA_SPREAD,7.25,anbima,105155394,1,937.2138,8.1170,B37,49,B37 +49bps,210909330,598542,99.7
2026-05-22,SUZBB1,DI_SPREAD,4.54,anbima,51132843,1,1022.6568,0.5985,CDI,0.5985,CDI +0.60%,162289423,60023738,63.0
2026-05-22,ASAIA1,DI_SPREAD,2.16,anbima,0,0,,,,,,60333283,60333283,0.0
2026-05-22,OVSAA8,DI_SPREAD,2.00,anbima,0,0,,,,,,11043902,11043902,0.0
2026-05-22,MSGT23,IPCA_SPREAD,6.39,anbima,218179,3,1038.9494,,,,,20765610,20329251,2.1
2026-05-22,CEAP12,IPCA_SPREAD,3.12,anbima,1675488,1,1122.2292,7.7923,B30,-18,B30 −18bps,11377599,8026623,29.5
2026-05-22,ALGAA2,DI_SPREAD,1.75,anbima,0,0,,,,,,35685802,35685802,0.0
2026-05-22,RMGG11,,2.50,0.70xprazo,0,0,,,,,,24463229,24463229,0.0
2026-05-22,SRBS11,IPCA_SPREAD,8.17,anbima,14716679,1,981.1119,,,,,101062562,71629205,29.1
2026-05-22,BLMN12,IPCA_SPREAD,2.33,anbima,0,0,,,,,,36183335,36183335,0.0
2026-05-22,PFOR26,DI_SPREAD,3.82,anbima,0,0,,,,,,31672687,31672687,0.0
2026-05-22,EUFA18,DI_SPREAD,1.80,anbima,0,0,,,,,,52272837,52272837,0.0
2026-05-22,COMR14,IPCA_SPREAD,5.20,anbima,0,0,,,,,,13358923,13358923,0.0
2026-05-22,IBIP11,,4.66,0.70xprazo,0,0,,,,,,11000937,11000937,0.0
2026-05-22,EQTL17,DI_SPREAD,2.13,anbima,0,0,,,,,,60023182,60023182,0.0
2026-05-22,TBSP22,DI_SPREAD,3.85,anbima,0,0,,,,,,82570702,82570702,0.0
2026-05-22,SBSPE7,DI_SPREAD,4.86,anbima,48407,2,1008.4779,0.8062,CDI,0.8062,CDI +0.81%,12048820,11952006,0.8
2026-05-22,ENGIC4,DI_SPREAD,3.79,anbima,5117246,3,1027.9722,0.7295,CDI,0.7295,CDI +0.73%,30127417,19892926,34.0
2026-05-22,VBBR15,DI_SPREAD,2.19,anbima,19683959,2,1033.8214,0.9202,CDI,0.9202,CDI +0.92%,59991397,20623479,65.6
2026-05-22,CSAN24,DI_SPREAD,3.35,anbima,0,0,,,,,,19780148,19780148,0.0
2026-05-22,CPGT17,DI_SPREAD,0.23,anbima,6356370,1,508.5096,,,,,12723926,11186,99.9
2026-05-22,EUFA17,DI_SPREAD,2.73,anbima,108031964,1,1028.8758,1.2351,CDI,1.2351,CDI +1.24%,216220131,156203,99.9
2026-05-22,CGOS19,DI_SPREAD,3.75,anbima,0,0,,,,,,40364727,40364727,0.0
2026-05-22,CEEDA1,DI_SPREAD,3.88,anbima,0,0,,,,,,60034653,60034653,0.0
2026-05-22,ISPE12,DI_SPREAD,2.32,anbima,394355,3,1251.9201,2.6689,CDI,2.6689,CDI +2.67%,11918801,11130091,6.6
2026-05-22,CEPEA3,DI_SPREAD,1.98,anbima,0,0,,,,,,47259869,47259869,0.0
2026-05-22,UNIP18,DI_SPREAD,2.81,anbima,0,0,,,,,,64984928,64984928,0.0
2026-05-22,CSANA1,,1.14,0.70xprazo,0,0,,,,,,10273017,10273017,0.0
2026-05-22,CPGT18,DI_SPREAD,2.46,anbima,0,0,,,,,,64090599,64090599,0.0
2026-05-22,OMGE17,DI_SPREAD,3.26,anbima,0,0,,,,,,30256167,30256167,0.0
2026-05-22,FISI15,DI_SPREAD,2.45,anbima,0,0,,,,,,50784651,50784651,0.0
2026-05-22,RNDNB2,DI_SPREAD,3.78,anbima,0,0,,,,,,33419679,33419679,0.0
2026-05-22,CSAN15,DI_SPREAD,1.52,anbima,0,0,,,,,,20286903,20286903,0.0
2026-05-22,COLNA2,,1.12,0.70xprazo,0,0,,,,,,19363562,19363562,0.0
2026-05-22,CHSF14,DI_SPREAD,3.57,anbima,0,0,,,,,,10001987,10001987,0.0
2026-05-22,ELTN16,DI_SPREAD,3.57,anbima,0,0,,,,,,10001987,10001987,0.0
2026-05-22,CPFPA8,DI_SPREAD,2.18,anbima,25756995,1,1030.2798,0.4350,CDI,0.435,CDI +0.44%,51513991,1,100.0
2026-05-22,CDES11,IPCA_SPREAD,6.46,anbima,0,0,,,,,,11301045,11301045,0.0
2026-05-22,INEL12,DI_SPREAD,1.55,anbima,0,0,,,,,,20023108,20023108,0.0
2026-05-22,ASAI22,DI_SPREAD,1.19,anbima,0,0,,,,,,10041865,10041865,0.0
2026-05-22,STBP25,DI_SPREAD,3.24,anbima,0,0,,,,,,20095566,20095566,0.0
2026-05-22,EQPA17,DI_SPREAD,2.35,anbima,0,0,,,,,,16377055,16377055,0.0
2026-05-22,CTNSA5,IPCA_SPREAD,6.88,anbima,34125969,1,936.4204,8.1295,B35,42,B35 +42bps,88286746,20034808,77.3
2026-05-22,COMR15,IPCA_SPREAD,5.54,anbima,0,0,,,,,,26046734,26046734,0.0
2026-05-22,ISAEC2,IPCA_SPREAD,9.22,anbima,0,0,,,,,,66453999,66453999,0.0
2026-05-22,VAMO14,DI_SPREAD,1.06,anbima,0,0,,,,,,11694050,11694050,0.0
2026-05-25,ENGIC4,DI_SPREAD,3.79,anbima,49116745,7,1027.9556,0.7329,CDI,0.7329,CDI +0.73%,140256668,42023177,70.0
2026-05-25,COMR15,IPCA_SPREAD,5.54,anbima,4234873,1,915.8463,,,,,125105092,116635345,6.8
2026-05-25,EQTL17,DI_SPREAD,2.13,anbima,770910,1,1029.2523,0.6402,CDI,0.6402,CDI +0.64%,13632158,12090338,11.3
2026-05-25,IVIAA0,IPCA_SPREAD,5.67,anbima,0,0,,,,,,36689949,36689949,0.0
2026-05-25,RISP12,IPCA_SPREAD,4.06,anbima,11320904,3,9.3850,12.6732,B31,476,B31 +476bps,51102409,28460602,44.3
2026-05-25,RIS412,IPCA_SPREAD,4.05,anbima,5179655,2,9.3743,12.7154,B31,481,B31 +481bps,15135794,4776484,68.4
2026-05-25,RIS414,IPCA_SPREAD,4.35,anbima,1274605,5,0.8956,12.7960,B31,489,B31 +489bps,38160807,35611597,6.7
2026-05-25,RISP22,IPCA_SPREAD,7.59,anbima,0,0,,,,,,22392056,22392056,0.0
2026-05-25,RIS424,IPCA_SPREAD,7.48,anbima,45057,3,0.8835,10.9793,B37,341,B37 +341bps,12171029,12080916,0.7
2026-05-25,TRGP13,IPCA_SPREAD,7.79,anbima,20305880,1,1015.2940,,,,,54929683,14317923,73.9
2026-05-25,RISP14,IPCA_SPREAD,4.35,anbima,174974,3,0.8670,13.6002,B31,569,B31 +569bps,36903661,36553713,0.9
2026-05-25,PLSB1A,IPCA_SPREAD,2.82,anbima,0,0,,,,,,11489543,11489543,0.0
2026-05-25,IRJS14,IPCA_SPREAD,6.81,anbima,2694192,5,1113.3023,10.6960,B35,304,B35 +304bps,31434629,26046246,17.1
2026-05-25,CEEBD2,IPCA_SPREAD,6.93,anbima,0,0,,,,,,14512152,14512152,0.0
2026-05-25,VIALA5,IPCA_SPREAD,3.69,anbima,0,0,,,,,,49911787,49911787,0.0
2026-05-25,VLIM19,IPCA_SPREAD,7.47,anbima,0,0,,,,,,20486935,20486935,0.0
2026-05-25,CMGTA1,IPCA_SPREAD,7.27,anbima,0,0,,,,,,20178937,20178937,0.0
2026-05-25,OVSAA8,DI_SPREAD,2.00,anbima,0,0,,,,,,10044526,10044526,0.0
2026-05-25,OMGE15,DI_SPREAD,2.38,anbima,102248747,1,1076.3026,,,,,204497491,0,100.0
2026-05-25,BCPSA7,IPCA_SPREAD,6.45,anbima,366435,2,1017.8758,7.5212,B35,-14,B35 −14bps,64150313,63417442,1.1
2026-05-25,SBSPF3,IPCA_SPREAD,8.18,anbima,27057,3,1082.2736,7.5615,B37,-1,B37 −1bps,12121178,12067064,0.4
2026-05-25,UNEG11,IPCA_SPREAD,6.65,anbima,11724017,2,1176.1654,8.4351,B35,78,B35 +78bps,42640329,19192296,55.0
2026-05-25,ENMTB5,IPCA_SPREAD,4.02,anbima,0,0,,,,,,32976638,32976638,0.0
2026-05-25,SBSPK8,IPCA_SPREAD,8.84,anbima,0,0,,,,,,14443455,14443455,0.0
2026-05-25,ELTN16,DI_SPREAD,3.57,anbima,0,0,,,,,,13620735,13620735,0.0
2026-05-25,DESK19,IPCA_SPREAD,4.50,anbima,15382954,3,1044.6828,8.2091,B31,30,B31 +30bps,57235898,26469989,53.8
2026-05-25,SRBS11,IPCA_SPREAD,8.17,anbima,0,0,,,,,,115130271,115130271,0.0
2026-05-25,IPIPA6,DI_SPREAD,2.96,anbima,0,0,,,,,,166242697,166242697,0.0
2026-05-25,CHSF14,DI_SPREAD,3.57,anbima,0,0,,,,,,11390348,11390348,0.0
2026-05-25,JSMLA5,DI_SPREAD,2.67,anbima,3947127,5,1014.6855,5.2744,CDI,5.2744,CDI +5.27%,13096870,5202617,60.3
2026-05-25,CPLDA1,IPCA_SPREAD,6.82,anbima,10553474,5,1008.5507,7.8035,B35,14,B35 +14bps,26513635,5406687,79.6
2026-05-25,IRJS15,IPCA_SPREAD,6.61,anbima,6141474,2,1027.1742,,,,,49851142,37568193,24.6
2026-05-25,ASAIA1,DI_SPREAD,2.16,anbima,0,0,,,,,,35001031,35001031,0.0
2026-05-25,CGOS28,IPCA_SPREAD,6.40,anbima,63393,2,1006.2454,8.1149,B35,45,B35 +45bps,42367652,42240865,0.3
2026-05-25,EUFA18,DI_SPREAD,1.80,anbima,2029780,1,1028.7787,,,,,63589706,59530145,6.4
2026-05-25,CMGDB1,IPCA_SPREAD,6.98,anbima,1357051,3,1017.2797,7.7839,B35,12,B35 +12bps,91330030,88615927,3.0
2026-05-25,CTNSA5,IPCA_SPREAD,6.88,anbima,14406002,1,944.5939,8.0053,B35,35,B35 +35bps,58838381,30026378,49.0
2026-05-25,BRST15,IPCA_SPREAD,4.40,anbima,0,0,,,,,,13564241,13564241,0.0
2026-05-25,ELET24,DI_SPREAD,1.42,anbima,2493694,2,1040.3395,0.8642,CDI,0.8642,CDI +0.86%,121914302,116926915,4.1
2026-05-25,RDORE4,DI_SPREAD,4.65,anbima,4298784,4,1036.6008,1.1372,CDI,1.1372,CDI +1.14%,11542829,2945262,74.5
2026-05-25,INEL12,DI_SPREAD,1.55,anbima,0,0,,,,,,13172765,13172765,0.0
2026-05-25,BRMLB1,DI_SPREAD,4.31,anbima,0,0,,,,,,12619463,12619463,0.0
2026-05-25,RDORD3,DI_SPREAD,4.60,anbima,4437237,4,1034.3210,1.1728,CDI,1.1728,CDI +1.17%,13598206,4723732,65.3
2026-05-25,EUFA17,DI_SPREAD,2.73,anbima,0,0,,,,,,11396353,11396353,0.0
2026-05-25,SUZBB1,DI_SPREAD,4.54,anbima,0,0,,,,,,16896706,16896706,0.0
2026-05-25,CGOS18,DI_SPREAD,2.45,anbima,0,0,,,,,,22468123,22468123,0.0
2026-05-25,CNLM17,DI_SPREAD,4.08,anbima,47291305,2,1021.9844,0.8001,CDI,0.8001,CDI +0.80%,110965637,16383028,85.2
2026-05-25,QUAL18,DI_SPREAD,1.74,anbima,0,0,,,,,,54825473,54825473,0.0
2026-05-25,OMGE17,DI_SPREAD,3.26,anbima,3779760,2,1012.7975,1.3502,CDI,1.3502,CDI +1.35%,12579496,5019976,60.1
2026-05-25,ISAED1,DI_SPREAD,4.84,anbima,0,0,,,,,,30285700,30285700,0.0
2026-05-25,ENAT11,IPCA_SPREAD,1.71,anbima,5007222,2,1247.4394,8.8279,B28,96,B28 +96bps,11567263,1552819,86.6
2026-05-25,CSNAA2,DI_SPREAD,0.82,anbima,10074768,2,971.9051,13.4987,CDI,13.4987,CDI +13.50%,25291903,5142367,79.7
2026-05-25,CESPA4,DI_SPREAD,3.76,anbima,29185107,4,1028.0066,0.8605,CDI,0.8605,CDI +0.86%,86184751,27814537,67.7
2026-05-25,ELTN37,IPCA_SPREAD,6.69,anbima,2787794,2,1035.5846,7.6695,B35,1,B35 +1bps,104417781,98842194,5.3
2026-05-25,CMGDA4,IPCA_SPREAD,7.26,anbima,250388,1,970.4963,7.7783,B37,21,B37 +21bps,43091161,42590385,1.2
2026-05-25,BHSA11,IPCA_SPREAD,7.17,anbima,10015311,1,1001.5311,,,,,29373564,9342942,68.2
2026-05-25,ITSA18,DI_SPREAD,4.39,anbima,0,0,,,,,,11057089,11057089,0.0
2026-05-25,CLCD18,DI_SPREAD,3.00,anbima,0,0,,,,,,10390408,10390408,0.0
2026-05-25,VEBMA8,DI_SPREAD,3.90,anbima,0,0,,,,,,12886978,12886978,0.0
2026-05-25,CPLDC0,IPCA_SPREAD,6.59,anbima,0,0,,,,,,53496235,53496235,0.0
2026-05-25,ATGS12,,0.16,0.70xprazo,0,0,,,,,,10000984,10000984,0.0
2026-05-25,ELCY14,,13.71,0.70xprazo,0,0,,,,,,10001094,10001094,0.0
2026-05-25,MGLUA0,DI_SPREAD,0.23,anbima,0,0,,,,,,50693553,50693553,0.0
2026-05-25,DEII11,,5.99,0.70xprazo,0,0,,,,,,10001002,10001002,0.0
2026-05-25,FBRI13,IPCA_SPREAD,4.61,anbima,20052860,1,1107.8928,7.4441,B32,-37,B32 −37bps,43935562,3829843,91.3
2026-05-25,CESE32,IPCA_SPREAD,3.14,anbima,11063068,2,1146.4319,7.6793,B30,-23,B30 −23bps,22356077,229942,99.0
2026-05-25,ANHBA6,DI_SPREAD,3.91,anbima,34769482,3,1045.3529,0.6395,CDI,0.6395,CDI +0.64%,100053883,30514918,69.5
2026-05-25,ELDC15,IPCA_SPREAD,5.98,anbima,0,0,,,,,,39388141,39388141,0.0
2026-05-25,CDES11,IPCA_SPREAD,6.46,anbima,0,0,,,,,,11533778,11533778,0.0
2026-05-25,VBBRA0,IPCA_SPREAD,5.74,anbima,91069,1,979.2376,8.0946,B33,28,B33 +28bps,96239979,96057840,0.2
2026-05-25,ANHBB6,IPCA_SPREAD,6.67,anbima,512293,1,1024.5857,7.6610,B35,0,B35 +0bps,22453333,21428748,4.6
2026-05-25,MGPRA0,IPCA_SPREAD,7.73,anbima,16296232,6,1018.5145,,,,,37941859,5349395,85.9
2026-05-25,RDORB3,DI_SPREAD,3.41,anbima,0,0,,,,,,27245182,27245182,0.0
2026-05-25,TOTS15,DI_SPREAD,2.76,anbima,0,0,,,,,,60823416,60823416,0.0
2026-05-25,PALFA6,DI_SPREAD,2.44,anbima,0,0,,,,,,78211145,78211145,0.0
2026-05-25,COMR14,IPCA_SPREAD,5.20,anbima,0,0,,,,,,21873983,21873983,0.0
2026-05-25,CERT11,IPCA_SPREAD,2.62,anbima,0,0,,,,,,41479814,41479814,0.0
2026-05-25,CGOS19,DI_SPREAD,3.75,anbima,0,0,,,,,,24365954,24365954,0.0
2026-05-25,BRIT11,DI_SPREAD,0.53,anbima,0,0,,,,,,21256366,21256366,0.0
2026-05-25,BRIT12,DI_SPREAD,2.42,anbima,15944690,1,1062.9793,1.3601,CDI,1.3601,CDI +1.36%,31889380,1,100.0
2026-05-25,VBBR16,DI_SPREAD,3.10,anbima,0,0,,,,,,48305318,48305318,0.0
2026-05-25,BSA318,DI_SPREAD,1.60,anbima,0,0,,,,,,61887029,61887029,0.0
2026-05-25,NTSDA2,DI_SPREAD,3.04,anbima,51293563,1,1025.8713,0.7008,CDI,0.7008,CDI +0.70%,102587123,0,100.0
2026-05-25,CEBD25,DI_SPREAD,2.04,anbima,0,0,,,,,,22360182,22360182,0.0
2026-05-25,EGIED1,DI_SPREAD,1.59,anbima,0,0,,,,,,23305175,23305175,0.0
2026-05-25,EGIEA6,IPCA_SPREAD,7.71,anbima,1902664,2,951.3318,7.3073,B37,-26,B37 −26bps,87196104,83390777,4.4
2026-05-25,ENAT14,IPCA_SPREAD,3.36,anbima,0,0,,,,,,155984378,155984378,0.0
2026-05-25,CCROA7,DI_SPREAD,1.72,anbima,0,0,,,,,,111650938,111650938,0.0
2026-05-25,NTSD36,DI_SPREAD,4.05,anbima,261203,2,1070.5022,1.0272,CDI,1.0272,CDI +1.03%,10562050,10039645,4.9
2026-05-25,VBBR18,DI_SPREAD,3.34,anbima,0,0,,,,,,27699799,27699799,0.0
2026-05-25,FLRY36,DI_SPREAD,1.74,anbima,0,0,,,,,,74038344,74038344,0.0
2026-05-25,CHSF24,DI_SPREAD,4.36,anbima,0,0,,,,,,32366678,32366678,0.0
2026-05-25,SBSPD7,DI_SPREAD,3.96,anbima,0,0,,,,,,86025609,86025609,0.0
2026-05-25,HBSA24,DI_SPREAD,3.56,anbima,0,0,,,,,,10004529,10004529,0.0
2026-05-25,CSANA2,DI_SPREAD,2.49,anbima,0,0,,,,,,50844576,50844576,0.0
2026-05-25,ELET25,DI_SPREAD,3.40,anbima,30887929,1,1029.5976,0.6185,CDI,0.6185,CDI +0.62%,61775859,0,100.0
2026-05-25,CPFPB8,DI_SPREAD,3.37,anbima,0,0,,,,,,20108174,20108174,0.0
2026-05-26,APFD19,IPCA_SPREAD,2.63,anbima,0,0,,,,,,11219761,11219761,0.0
2026-05-26,HAPV19,DI_SPREAD,3.69,anbima,34012626,1,844.0067,5.4493,CDI,5.4493,CDI +5.45%,202069897,134044645,33.7
2026-05-26,PEJA23,IPCA_SPREAD,5.35,anbima,9652713,2,1024.7041,8.1431,B33,28,B33 +28bps,49830188,30524762,38.7
2026-05-26,FBRI13,IPCA_SPREAD,4.61,anbima,10049691,2,1110.4631,7.4041,B32,-46,B32 −46bps,28279846,8180464,71.1
2026-05-26,LCAMC2,DI_SPREAD,2.87,anbima,0,0,,,,,,11234996,11234996,0.0
2026-05-26,CPFPB8,DI_SPREAD,3.37,anbima,0,0,,,,,,20122119,20122119,0.0
2026-05-26,ENGIC4,DI_SPREAD,3.79,anbima,2599182,1,1028.5645,0.7293,CDI,0.7293,CDI +0.73%,24715495,19517130,21.0
2026-05-26,RISP12,IPCA_SPREAD,4.06,anbima,10034835,1,9.3784,12.7031,B31,475,B31 +475bps,35405017,15335348,56.7
2026-05-26,RIS424,IPCA_SPREAD,7.48,anbima,27578,2,0.9076,10.5872,B37,294,B37 +294bps,11310836,11255680,0.5
2026-05-26,RISP14,IPCA_SPREAD,4.35,anbima,4698,1,0.8853,13.0700,B31,512,B31 +512bps,15747672,15738275,0.1
2026-05-26,MGLUA0,DI_SPREAD,0.23,anbima,0,0,,,,,,154453828,154453828,0.0
2026-05-26,EUFA18,DI_SPREAD,1.80,anbima,0,0,,,,,,31664782,31664782,0.0
2026-05-26,CESPA4,DI_SPREAD,3.76,anbima,40193338,5,1029.0153,0.8508,CDI,0.8508,CDI +0.85%,87946467,7559790,91.4
2026-05-26,QUAL18,DI_SPREAD,1.74,anbima,0,0,,,,,,52365829,52365829,0.0
2026-05-26,ENAT11,IPCA_SPREAD,1.71,anbima,628603,3,1247.2279,8.8401,B28,93,B28 +93bps,12156552,10899347,10.3
2026-05-26,PALFB6,IPCA_SPREAD,5.66,anbima,0,0,,,,,,90116911,90116911,0.0
2026-05-26,CTNSA5,IPCA_SPREAD,6.88,anbima,34423835,1,944.5939,8.0053,B35,29,B35 +29bps,68847671,0,100.0
2026-05-26,NTSD36,DI_SPREAD,4.05,anbima,0,0,,,,,,53300931,53300931,0.0
2026-05-26,CMGDB0,IPCA_SPREAD,5.25,anbima,31869116,6,1037.5750,7.7749,B33,-9,B33 −9bps,70286864,6548632,90.7
2026-05-26,BCPSA7,IPCA_SPREAD,6.45,anbima,122439,1,1020.3230,7.4946,B35,-23,B35 −23bps,21066957,20822079,1.2
2026-05-26,CMGDA4,IPCA_SPREAD,7.26,anbima,47196140,3,973.2166,7.7497,B37,10,B37 +10bps,141200174,46807894,66.8
2026-05-26,CNLM17,DI_SPREAD,4.08,anbima,0,0,,,,,,15335755,15335755,0.0
2026-05-26,ANHBA6,DI_SPREAD,3.91,anbima,8007396,1,1045.3519,0.6392,CDI,0.6392,CDI +0.64%,50333255,34318463,31.8
2026-05-26,NTSDA2,DI_SPREAD,3.04,anbima,5002110,1,1025.8634,0.7008,CDI,0.7008,CDI +0.70%,46600645,36596426,21.5
2026-05-26,RPTA14,IPCA_SPREAD,5.04,anbima,5532642,1,1106.5285,,,,,11065285,0,100.0
2026-05-26,CSANA2,DI_SPREAD,2.49,anbima,0,0,,,,,,50000235,50000235,0.0
2026-05-26,VBBR16,DI_SPREAD,3.10,anbima,0,0,,,,,,46227561,46227561,0.0
2026-05-26,SRBS11,IPCA_SPREAD,8.17,anbima,0,0,,,,,,25201353,25201353,0.0
2026-05-26,IPIPA6,DI_SPREAD,2.96,anbima,12050229,2,1004.6881,0.5412,CDI,0.5412,CDI +0.54%,67891144,43790685,35.5
2026-05-26,VBBR18,DI_SPREAD,3.34,anbima,16258937,1,1061.2883,0.9001,CDI,0.9001,CDI +0.90%,57535324,25017451,56.5
2026-05-26,CEEBD1,PREFIXADO,4.44,anbima,0,0,,,,,,23939223,23939223,0.0
2026-05-26,EGIEA6,IPCA_SPREAD,7.71,anbima,1046350,2,948.6398,7.3457,B37,-30,B37 −30bps,38868316,36775617,5.4
2026-05-26,TRGP13,IPCA_SPREAD,7.79,anbima,0,0,,,,,,12314966,12314966,0.0
2026-05-26,AALM12,DI_SPREAD,2.15,anbima,0,0,,,,,,10340053,10340053,0.0
2026-05-26,CSANB0,DI_SPREAD,4.37,anbima,11008157,2,1018.8021,2.5001,CDI,2.5001,CDI +2.50%,39619834,17603520,55.6
2026-05-26,ELTN37,IPCA_SPREAD,6.69,anbima,508526,3,1046.3492,7.5120,B35,-21,B35 −21bps,21581665,20564614,4.7
2026-05-26,SMTO24,IPCA_SPREAD,7.09,anbima,10499819,2,1083.0138,8.2117,B35,49,B35 +49bps,21890337,890699,95.9
2026-05-26,CGOS16,IPCA_SPREAD,6.30,anbima,0,0,,,,,,29936343,29936343,0.0
2026-05-26,CSNAA2,DI_SPREAD,0.82,anbima,0,0,,,,,,19904801,19904801,0.0
2026-05-26,COCE18,IPCA_SPREAD,4.08,anbima,0,0,,,,,,35400120,35400120,0.0
2026-05-26,EQPA19,IPCA_SPREAD,6.83,anbima,50830,1,1058.9535,7.2701,B35,-45,B35 −45bps,98914327,98812667,0.1
2026-05-26,EGIEA1,IPCA_SPREAD,5.13,anbima,50268,1,1092.7840,7.2000,B32,-66,B32 −66bps,19879926,19779390,0.5
2026-05-26,ELET24,DI_SPREAD,1.42,anbima,1204251,2,1040.8396,0.8530,CDI,0.853,CDI +0.85%,74052429,71643926,3.3
2026-05-26,CHSF13,IPCA_SPREAD,4.17,anbima,842387,6,1089.7633,7.6890,B31,-26,B31 −26bps,19553266,17868492,8.6
2026-05-26,MGPRA0,IPCA_SPREAD,7.73,anbima,3056856,1,1022.3598,,,,,13313631,7199919,45.9
2026-05-26,VALEC1,IPCA_SPREAD,6.64,anbima,1074870,1,1024.6613,7.0801,B35,-64,B35 −64bps,10026131,7876392,21.4
2026-05-26,EQMAA0,IPCA_SPREAD,3.81,anbima,13937465,2,1094.5080,7.8700,B30,-8,B30 −8bps,28586960,712031,97.5
2026-05-26,ELDC15,IPCA_SPREAD,5.98,anbima,0,0,,,,,,78037154,78037154,0.0
2026-05-26,OVSAA9,DI_SPREAD,2.27,anbima,0,0,,,,,,40167851,40167851,0.0
2026-05-26,CPLDA0,DI_SPREAD,2.50,anbima,0,0,,,,,,135922871,135922871,0.0
2026-05-26,NTSD18,DI_SPREAD,3.25,anbima,0,0,,,,,,28094592,28094592,0.0
2026-05-26,CMGDA2,DI_SPREAD,3.56,anbima,0,0,,,,,,181600243,181600243,0.0
2026-05-26,ASAIA0,DI_SPREAD,2.04,anbima,20005078,1,1049.8598,1.9300,CDI,1.93,CDI +1.93%,117775523,77765368,34.0
2026-05-26,CPGT17,DI_SPREAD,0.23,anbima,11201092,1,509.1405,,,,,22448058,45874,99.8
2026-05-26,HBSA24,DI_SPREAD,3.56,anbima,0,0,,,,,,85138680,85138680,0.0
2026-05-26,FISI15,DI_SPREAD,2.45,anbima,37407641,1,1039.1011,1.3900,CDI,1.39,CDI +1.39%,127960248,53144965,58.5
2026-05-26,TAEEA6,DI_SPREAD,3.33,anbima,0,0,,,,,,40862636,40862636,0.0
2026-05-26,CEEBA3,DI_SPREAD,0.23,anbima,6921255,1,1017.8316,0.8902,CDI,0.8902,CDI +0.89%,13842510,0,100.0
2026-05-26,MOTVA8,DI_SPREAD,2.95,anbima,0,0,,,,,,98345517,98345517,0.0
2026-05-26,VBBRA0,IPCA_SPREAD,5.74,anbima,1001623,1,982.9467,8.0375,B33,18,B33 +18bps,11087554,9084308,18.1
2026-05-26,SBFC13,DI_SPREAD,0.71,anbima,0,0,,,,,,13408968,13408968,0.0
2026-05-26,RDCD12,,1.65,0.70xprazo,0,0,,,,,,500771895,500771895,0.0
2026-05-26,HYPEB1,DI_SPREAD,3.31,anbima,0,0,,,,,,15816133,15816133,0.0
2026-05-26,ALPA13,,3.20,0.70xprazo,0,0,,,,,,13384117,13384117,0.0
2026-05-26,RDORC7,DI_SPREAD,1.66,anbima,0,0,,,,,,30088402,30088402,0.0
2026-05-26,CEED16,DI_SPREAD,2.34,anbima,0,0,,,,,,10542426,10542426,0.0
2026-05-26,CIEL17,DI_SPREAD,1.29,anbima,0,0,,,,,,28401787,28401787,0.0
2026-05-26,MRSAA3,IPCA_SPREAD,4.92,anbima,0,0,,,,,,47208363,47208363,0.0
2026-05-26,ANHBB6,IPCA_SPREAD,6.67,anbima,4497437,1,1029.1617,7.5976,B35,-12,B35 −12bps,31706437,22711564,28.4
2026-05-26,LIGHB4,IPCA_SPREAD,4.53,0.70xprazo,0,0,,,,,,46737479,46737479,0.0
2026-05-26,BCPSA4,DI_SPREAD,0.53,anbima,0,0,,,,,,16702841,16702841,0.0
2026-05-26,CHSF12,DI_SPREAD,2.24,anbima,0,0,,,,,,11018189,11018189,0.0
2026-05-26,TSSG13,DI_SPREAD,2.41,anbima,0,0,,,,,,11861253,11861253,0.0
2026-05-26,OMGE15,DI_SPREAD,2.38,anbima,0,0,,,,,,50032839,50032839,0.0
2026-05-26,CVRN11,,13.71,0.70xprazo,0,0,,,,,,21653685,21653685,0.0
2026-05-26,EBENA8,IPCA_SPREAD,6.83,anbima,0,0,,,,,,20725387,20725387,0.0
2026-05-26,COMT11,IPCA_SPREAD,3.78,anbima,0,0,,,,,,14745054,14745054,0.0
2026-05-26,CSRNA1,IPCA_SPREAD,1.79,anbima,0,0,,,,,,20596167,20596167,0.0
2026-05-26,MRSAA2,IPCA_SPREAD,6.21,anbima,63634189,1,1024.5566,7.7571,B35,4,B35 +4bps,146746589,19478211,86.7
2026-05-26,ENMTD5,IPCA_SPREAD,8.38,anbima,0,0,,,,,,40016908,40016908,0.0
2026-05-26,CGMG18,IPCA_SPREAD,2.31,anbima,0,0,,,,,,19852341,19852341,0.0
2026-05-26,WNTY12,IPCA_SPREAD,4.52,anbima,23709254,1,1021.4663,9.4831,B31,153,B31 +153bps,47418509,0,100.0
2026-05-26,EGIEB4,IPCA_SPREAD,3.92,anbima,0,0,,,,,,13449027,13449027,0.0
2026-05-26,VIALA5,IPCA_SPREAD,3.69,anbima,0,0,,,,,,11293735,11293735,0.0
2026-05-26,PCHSA9,,2.97,0.70xprazo,0,0,,,,,,51630150,51630150,0.0
2026-05-27,OMGE15,DI_SPREAD,2.38,anbima,50020707,1,1077.5680,,,,,100041413,0,100.0
2026-05-27,CGBP14,DI_SPREAD,2.87,anbima,0,0,,,,,,12044597,12044597,0.0
2026-05-27,CHSF13,IPCA_SPREAD,4.17,anbima,337768,5,1089.5743,7.7046,B31,-24,B31 −24bps,10921890,10246354,6.2
2026-05-27,RISP14,IPCA_SPREAD,4.35,anbima,1169459,3,0.8996,12.6860,B31,475,B31 +475bps,16369398,14030479,14.3
2026-05-27,MGLUA0,DI_SPREAD,0.23,anbima,0,0,,,,,,208043187,208043187,0.0
2026-05-27,NTSD35,DI_SPREAD,3.37,anbima,0,0,,,,,,19322781,19322781,0.0
2026-05-27,CMGDA4,IPCA_SPREAD,7.26,anbima,719747,4,980.5820,7.6433,B37,5,B37 +5bps,40614926,39175431,3.5
2026-05-27,LIGHB4,IPCA_SPREAD,4.53,0.70xprazo,0,0,,,,,,47402855,47402855,0.0
2026-05-27,RISP12,IPCA_SPREAD,4.06,anbima,8009900,3,9.4455,12.5241,B31,458,B31 +458bps,38632316,22612516,41.5
2026-05-27,MRSAA3,IPCA_SPREAD,4.92,anbima,16384556,1,1043.6023,7.7461,B32,-9,B32 −9bps,80401217,47632105,40.8
2026-05-27,MRSAA2,IPCA_SPREAD,6.21,anbima,573752,1,1024.5566,7.7571,B35,8,B35 +8bps,88553704,87406201,1.3
2026-05-27,UHSM12,IPCA_SPREAD,6.67,anbima,51086,2,1161.0487,,,,,12752564,12650392,0.8
2026-05-27,CGMG18,IPCA_SPREAD,2.31,anbima,519148,4,1068.2067,7.5687,B29,-32,B29 −32bps,35068743,34030446,3.0
2026-05-27,VIALA5,IPCA_SPREAD,3.69,anbima,0,0,,,,,,11363715,11363715,0.0
2026-05-27,PFOR16,DI_SPREAD,2.77,anbima,5002278,1,1057.3405,1.3700,CDI,1.37,CDI +1.37%,10114400,109844,98.9
2026-05-27,ANHBB6,IPCA_SPREAD,6.67,anbima,0,0,,,,,,23099128,23099128,0.0
2026-05-27,SBSPM8,DI_SPREAD,4.81,anbima,3877441,1,1033.7087,0.7183,CDI,0.7183,CDI +0.72%,23360709,15605827,33.2
2026-05-27,BHSA11,IPCA_SPREAD,7.17,anbima,0,0,,,,,,22365605,22365605,0.0
2026-05-27,CMGDB2,IPCA_SPREAD,8.10,anbima,5236577,3,1064.3449,7.6363,B37,5,B37 +5bps,12517896,2044742,83.7
2026-05-27,ELTN37,IPCA_SPREAD,6.69,anbima,512900,7,1044.6029,7.5480,B35,-13,B35 −13bps,28156094,27130294,3.6
2026-05-27,BCPSA7,IPCA_SPREAD,6.45,anbima,18342,1,1018.9976,7.5208,B35,-16,B35 −16bps,22561900,22525216,0.2
2026-05-27,CESE32,IPCA_SPREAD,3.14,anbima,16539735,4,1149.0715,7.6399,B30,-30,B30 −30bps,54600752,21521283,60.6
2026-05-27,FISI15,DI_SPREAD,2.45,anbima,17007628,2,1040.6038,1.3524,CDI,1.3524,CDI +1.35%,36095787,2080531,94.2
2026-05-27,RDCD12,,1.65,0.70xprazo,0,0,,,,,,180405852,180405852,0.0
2026-05-27,JSMLA5,DI_SPREAD,2.67,anbima,1093194,6,1004.7741,5.7361,CDI,5.7361,CDI +5.74%,13387684,11201296,16.3
2026-05-27,CSANB0,DI_SPREAD,4.37,anbima,0,0,,,,,,19378189,19378189,0.0
2026-05-27,RIS424,IPCA_SPREAD,7.48,anbima,10058083,3,0.8541,11.4660,B37,388,B37 +388bps,53849226,33733060,37.4
2026-05-27,AXIA18,IPCA_SPREAD,5.21,anbima,6193248,1,998.9110,7.6001,B32,-24,B32 −24bps,12768823,382327,97.0
2026-05-27,ALPA13,,3.19,0.70xprazo,0,0,,,,,,10000621,10000621,0.0
2026-05-27,CMTR29,IPCA_SPREAD,3.01,anbima,7528083,2,1221.6947,7.6082,B29,-28,B29 −28bps,15534747,478581,96.9
2026-05-27,CMGD28,IPCA_SPREAD,2.22,anbima,78529,3,1172.0779,7.7700,B28,-12,B28 −12bps,15057080,14900022,1.0
2026-05-27,BSA3A0,DI_SPREAD,2.80,anbima,12849792,3,1027.9834,0.4030,CDI,0.403,CDI +0.40%,34515409,8815824,74.5
2026-05-27,COMT11,IPCA_SPREAD,3.78,anbima,2998319,2,1040.3607,7.6820,B30,-26,B30 −26bps,11000338,5003699,54.5
2026-05-27,MGPRA0,IPCA_SPREAD,7.73,anbima,0,0,,,,,,47182698,47182698,0.0
2026-05-27,RDORI6,DI_SPREAD,5.57,anbima,2001760,1,1055.2242,1.2985,CDI,1.2985,CDI +1.30%,11284972,7281451,35.5
2026-05-27,EQMAA0,IPCA_SPREAD,3.81,anbima,0,0,,,,,,38298468,38298468,0.0
2026-05-27,ASAIA0,DI_SPREAD,2.04,anbima,0,0,,,,,,30221138,30221138,0.0
2026-05-27,VALEC1,IPCA_SPREAD,6.64,anbima,176991,7,1035.0374,6.9339,B35,-75,B35 −75bps,13030592,12676609,2.7
2026-05-27,AEGE17,DI_SPREAD,3.99,anbima,10089035,2,973.3753,6.1495,CDI,6.1495,CDI +6.15%,21512629,1334559,93.8
2026-05-27,AEGPB5,DI_SPREAD,3.22,anbima,5093494,1,998.7243,4.0000,CDI,4,CDI +4.00%,10186988,0,100.0
2026-05-27,AALM12,DI_SPREAD,2.15,anbima,0,0,,,,,,10219132,10219132,0.0
2026-05-27,NTSD36,DI_SPREAD,4.05,anbima,13004331,1,1074.7381,0.9550,CDI,0.955,CDI +0.96%,27870511,1861849,93.3
2026-05-27,CRCF12,IPCA_SPREAD,7.64,anbima,0,0,,,,,,16706040,16706040,0.0
2026-05-27,ENTV13,IPCA_SPREAD,5.85,anbima,0,0,,,,,,14612408,14612408,0.0
2026-05-27,CEPEA8,IPCA_SPREAD,3.36,0.70xprazo,0,0,,,,,,15137339,15137339,0.0
2026-05-27,CRTR12,IPCA_SPREAD,6.44,anbima,4830464,4,1014.5902,8.7968,B35,112,B35 +112bps,23259545,13598617,41.5
2026-05-27,CEEBE3,IPCA_SPREAD,3.99,anbima,0,0,,,,,,15084863,15084863,0.0
2026-05-27,CSRNA1,IPCA_SPREAD,1.79,anbima,0,0,,,,,,12454657,12454657,0.0
2026-05-27,ERDVA4,IPCA_SPREAD,4.15,anbima,340744,2,1058.2126,8.5191,B31,58,B31 +58bps,22666037,21984548,3.0
2026-05-27,GASC19,IPCA_SPREAD,8.56,anbima,0,0,,,,,,10094476,10094476,0.0
2026-05-27,SBSPJ8,IPCA_SPREAD,7.96,anbima,19299814,6,962.5842,7.3058,B37,-28,B37 −28bps,39590930,991302,97.5
2026-05-27,DESK19,IPCA_SPREAD,4.50,anbima,0,0,,,,,,21040706,21040706,0.0
2026-05-27,EQPA19,IPCA_SPREAD,6.83,anbima,35562777,3,1015.6151,7.9425,B35,26,B35 +26bps,78276443,7150889,90.9
2026-05-27,ISAEB8,IPCA_SPREAD,4.88,anbima,68700,1,1056.9184,7.6685,B32,-17,B32 −17bps,14849479,14712079,0.9
2026-05-27,SBSPI8,IPCA_SPREAD,7.00,anbima,9627535,1,962.7535,7.3720,B35,-31,B35 −31bps,19346220,91151,99.5
2026-05-27,CPGTA1,IPCA_SPREAD,6.82,anbima,46470,3,1010.2200,7.7945,B35,11,B35 +11bps,20725193,20632253,0.4
2026-05-27,KLBNA5,IPCA_SPREAD,8.26,anbima,0,0,,,,,,12126609,12126609,0.0
2026-05-27,CEPEA6,PREFIXADO,4.03,anbima,10043795,2,1002.9753,13.8167,,,,41661498,21573909,48.2
2026-05-27,IVIAA0,IPCA_SPREAD,5.67,anbima,5448282,4,976.9198,9.0352,B33,120,B33 +120bps,12087316,1190753,90.1
2026-05-27,CESPA2,IPCA_SPREAD,2.78,anbima,28826239,2,1306.8975,7.7757,B29,-11,B29 −11bps,64948948,7296471,88.8
2026-05-27,MRSAC2,IPCA_SPREAD,8.15,anbima,3592883,1,1026.5379,7.5001,B37,-9,B37 −9bps,34071014,26885248,21.1
2026-05-27,CMGDB1,IPCA_SPREAD,6.98,anbima,7345142,3,1016.6286,7.8102,B35,13,B35 +13bps,29872401,15182118,49.2
2026-05-27,CERT11,IPCA_SPREAD,2.62,anbima,22239,1,1170.4590,8.1099,B29,22,B29 +22bps,17905561,17861084,0.2
2026-05-27,CEEBB6,IPCA_SPREAD,3.12,anbima,49827920,2,1107.0165,7.7774,B30,-16,B30 −16bps,171933995,72278154,58.0
2026-05-27,CESPA4,DI_SPREAD,3.76,anbima,20084504,1,1029.9745,0.8493,CDI,0.8493,CDI +0.85%,41198773,1029765,97.5
2026-05-27,ANET11,IPCA_SPREAD,1.96,0.70xprazo,0,0,,,,,,15125358,15125358,0.0
2026-05-27,ENGIB9,IPCA_SPREAD,4.96,anbima,2148064,4,1068.6886,7.9700,B32,13,B32 +13bps,13442414,9146286,32.0
2026-05-27,ISAEC0,IPCA_SPREAD,8.85,anbima,5519941,3,987.8204,7.2621,B40,-9,B40 −9bps,35995265,24955384,30.7
2026-05-27,PETR28,IPCA_SPREAD,8.69,anbima,0,0,,,,,,14236155,14236155,0.0
2026-05-27,SMTO24,IPCA_SPREAD,7.09,anbima,0,0,,,,,,10514762,10514762,0.0
2026-05-27,PGMN26,DI_SPREAD,1.55,anbima,0,0,,,,,,65836514,65836514,0.0
2026-05-27,ENEVC0,DI_SPREAD,2.23,anbima,0,0,,,,,,25002558,25002558,0.0
2026-05-27,RSAN26,IPCA_SPREAD,7.59,anbima,0,0,,,,,,10496696,10496696,0.0
2026-05-27,ITPO14,IPCA_SPREAD,5.06,anbima,619958,1,1377.6848,,,,,10161086,8921170,12.2
2026-05-27,GASC25,IPCA_SPREAD,7.99,anbima,0,0,,,,,,10210264,10210264,0.0
2026-05-27,SUZBC1,IPCA_SPREAD,7.00,anbima,0,0,,,,,,13333966,13333966,0.0
2026-05-27,COGNA4,DI_SPREAD,2.30,anbima,0,0,,,,,,16163679,16163679,0.0
2026-05-27,INEL12,DI_SPREAD,1.55,anbima,0,0,,,,,,15720028,15720028,0.0
2026-05-27,EUFA17,DI_SPREAD,2.73,anbima,0,0,,,,,,11314595,11314595,0.0
2026-05-27,ISAED1,DI_SPREAD,4.84,anbima,0,0,,,,,,27496269,27496269,0.0
2026-05-27,SBSPE7,DI_SPREAD,4.86,anbima,0,0,,,,,,25720369,25720369,0.0
2026-05-27,SUZBB1,DI_SPREAD,4.54,anbima,0,0,,,,,,20611917,20611917,0.0
2026-05-27,TBSP22,DI_SPREAD,3.85,anbima,0,0,,,,,,11880363,11880363,0.0
2026-05-27,CESPA3,IPCA_SPREAD,5.40,anbima,28834624,2,1014.7677,7.9695,B33,13,B33 +13bps,74584038,16914789,77.3
2026-05-27,CIEL18,DI_SPREAD,2.31,anbima,0,0,,,,,,61543767,61543767,0.0
2026-05-27,CIEL19,DI_SPREAD,1.92,anbima,0,0,,,,,,106130211,106130211,0.0
2026-05-27,HYPEB1,DI_SPREAD,3.31,anbima,0,0,,,,,,10005057,10005057,0.0
2026-05-27,CSNAA1,DI_SPREAD,1.51,anbima,0,0,,,,,,10000287,10000287,0.0
2026-05-27,FLRY19,DI_SPREAD,1.97,anbima,0,0,,,,,,15087914,15087914,0.0
2026-05-27,TSSG14,DI_SPREAD,2.16,anbima,0,0,,,,,,16914069,16914069,0.0
2026-05-27,CSMGB0,DI_SPREAD,3.53,anbima,0,0,,,,,,15906115,15906115,0.0
2026-05-27,CEEBD1,PREFIXADO,4.44,anbima,0,0,,,,,,454191381,454191381,0.0
2026-05-27,CPFGA3,DI_SPREAD,3.37,anbima,0,0,,,,,,15458062,15458062,0.0
2026-05-27,ESCEA3,DI_SPREAD,0.95,anbima,0,0,,,,,,15638873,15638873,0.0
2026-05-27,CGOSA2,IPCA_SPREAD,7.25,anbima,60803431,3,948.9416,7.9564,B37,37,B37 +37bps,131446623,9839760,92.5
2026-05-27,EQPAA1,IPCA_SPREAD,7.25,anbima,4830713,2,949.0596,7.9549,B37,36,B37 +36bps,10178717,517290,94.9
2026-05-27,CDGS26,DI_SPREAD,3.47,anbima,20044835,1,1066.2146,0.7993,CDI,0.7993,CDI +0.80%,40089670,0,100.0
2026-05-27,CIEL17,DI_SPREAD,1.29,anbima,0,0,,,,,,17034512,17034512,0.0
2026-05-27,CLCD19,DI_SPREAD,0.59,anbima,0,0,,,,,,71359954,71359954,0.0
2026-05-27,TSSG13,DI_SPREAD,2.41,anbima,0,0,,,,,,60725653,60725653,0.0
2026-05-27,EBENC1,DI_SPREAD,4.06,anbima,24244280,1,1064.3259,0.7085,CDI,0.7085,CDI +0.71%,53708336,5219777,90.3
2026-05-27,RBRAW3,,3.89,0.70xprazo,0,0,,,,,,12000276,12000276,0.0
2026-05-27,EXSE13,,1.28,0.70xprazo,0,0,,,,,,12000480,12000480,0.0
2026-05-27,TSSG21,IPCA_SPREAD,5.28,anbima,0,0,,,,,,14268898,14268898,0.0
2026-05-27,VLIM14,IPCA_SPREAD,2.79,anbima,1284467,2,1107.2992,7.8444,B29,-5,B29 −5bps,19196237,16627303,13.4
2026-05-27,RENTD1,IPCA_SPREAD,5.36,anbima,11572,1,1157.1807,9.7700,B33,193,B33 +193bps,15893633,15870489,0.1
2026-05-27,SIMH16,DI_SPREAD,2.65,anbima,200549,1,1007.7856,,,,,11845624,11444525,3.4
2026-05-27,NTSDA1,IPCA_SPREAD,8.86,anbima,0,0,,,,,,29316887,29316887,0.0
2026-05-27,CEPEB3,IPCA_SPREAD,5.17,anbima,0,0,,,,,,21197754,21197754,0.0
2026-05-27,ENMTC5,IPCA_SPREAD,6.61,anbima,1500579,1,1003.7315,7.8570,B35,18,B35 +18bps,22966657,19965500,13.1
2026-05-27,DGCD11,,1.96,0.70xprazo,0,0,,,,,,148688121,148688121,0.0
2026-05-27,ASAIA1,DI_SPREAD,2.16,anbima,0,0,,,,,,100134930,100134930,0.0
2026-05-27,KRSA12,DI_SPREAD,3.10,0.70xprazo,0,0,,,,,,12484496,12484496,0.0
2026-05-27,CSAN24,DI_SPREAD,3.35,anbima,20006691,1,989.6463,2.4993,CDI,2.4993,CDI +2.50%,40234972,221591,99.4
2026-05-27,PALFA3,IPCA_SPREAD,5.09,anbima,0,0,,,,,,15533019,15533019,0.0
2026-05-27,LTTE15,IPCA_SPREAD,4.85,anbima,0,0,,,,,,14708666,14708666,0.0
2026-05-27,VLIM27,IPCA_SPREAD,7.31,anbima,0,0,,,,,,21796909,21796909,0.0
2026-05-27,CSAN15,DI_SPREAD,1.52,anbima,0,0,,,,,,31006046,31006046,0.0
2026-05-27,CEPEA4,DI_SPREAD,2.15,anbima,0,0,,,,,,20139468,20139468,0.0
2026-05-27,RUMOA3,IPCA_SPREAD,2.05,anbima,588662,1,1340.9162,8.9116,B28,102,B28 +102bps,12424771,11247446,9.5
2026-05-27,EKTRC1,IPCA_SPREAD,2.29,anbima,0,0,,,,,,14047433,14047433,0.0
2026-05-27,EGIEB4,IPCA_SPREAD,3.92,anbima,0,0,,,,,,11056881,11056881,0.0
2026-05-27,ETEP16,,2.30,0.70xprazo,0,0,,,,,,24012109,24012109,0.0
2026-05-27,AESLA6,,3.31,0.70xprazo,0,0,,,,,,11554695,11554695,0.0
2026-05-27,CEROA2,DI_SPREAD,2.73,anbima,0,0,,,,,,12571001,12571001,0.0
2026-05-27,TFLEA9,DI_SPREAD,3.59,anbima,0,0,,,,,,33243213,33243213,0.0
2026-05-27,UNIPA0,DI_SPREAD,3.86,anbima,6059514,1,1031.2312,1.5500,CDI,1.55,CDI +1.55%,12119028,0,100.0
2026-05-27,AESLA9,IPCA_SPREAD,6.00,anbima,0,0,,,,,,17767747,17767747,0.0
2026-05-27,ANHBA6,DI_SPREAD,3.91,anbima,0,0,,,,,,11047406,11047406,0.0
2026-05-27,EKTT11,IPCA_SPREAD,5.21,anbima,16595598,1,1150.8736,,,,,54800724,21609528,60.6
2026-05-27,SBSPK8,IPCA_SPREAD,8.84,anbima,18939498,2,946.9749,7.2933,B40,-6,B40 −6bps,42126772,4247776,89.9
2026-05-27,CTGE15,IPCA_SPREAD,4.04,anbima,24034,1,1044.9543,7.9700,B31,3,B31 +3bps,20920464,20872396,0.2
2026-05-27,TBSP12,DI_SPREAD,2.77,anbima,0,0,,,,,,15874594,15874594,0.0
2026-05-27,CPFPA5,IPCA_SPREAD,5.09,anbima,0,0,,,,,,14734199,14734199,0.0
2026-05-27,EPRL12,IPCA_SPREAD,8.62,anbima,0,0,,,,,,16302152,16302152,0.0
2026-05-27,ENMTF8,IPCA_SPREAD,6.88,anbima,9548812,1,954.8812,7.8571,B35,18,B35 +18bps,39938849,20841226,47.8
2026-05-27,ULFT14,IPCA_SPREAD,6.23,anbima,0,0,,,,,,13071865,13071865,0.0
2026-05-27,CEED17,IPCA_SPREAD,6.39,anbima,0,0,,,,,,18174753,18174753,0.0
2026-05-27,CLCD26,IPCA_SPREAD,2.95,anbima,0,0,,,,,,33415355,33415355,0.0
2026-05-27,GGBRA8,DI_SPREAD,2.05,anbima,0,0,,,,,,15796445,15796445,0.0
2026-05-27,FSII14,IPCA_SPREAD,4.71,0.70xprazo,0,0,,,,,,19911966,19911966,0.0
2026-05-27,SAELB8,IPCA_SPREAD,6.88,anbima,19033161,1,951.6581,7.9085,B35,23,B35 +23bps,63876750,25810428,59.6
2026-05-27,CTNSA5,IPCA_SPREAD,6.88,anbima,35465895,3,954.8473,7.8576,B35,18,B35 +18bps,94810087,23878297,74.8
2026-05-27,ISAEB2,IPCA_SPREAD,9.22,anbima,55836608,4,946.3832,7.3175,B40,-3,B40 −3bps,136264662,24591446,82.0
2026-05-27,ISAEC2,IPCA_SPREAD,9.22,anbima,11224737,1,943.9691,7.3465,B40,0,B40 +0bps,22449473,0,100.0
2026-05-27,CNLM17,DI_SPREAD,4.08,anbima,10004061,1,1023.1193,0.8008,CDI,0.8008,CDI +0.80%,20008121,0,100.0
2026-05-27,MRSAA4,IPCA_SPREAD,10.31,0.70xprazo,37912380,2,947.8095,7.4550,B40,11,B40 +11bps,75824759,0,100.0
2026-05-27,EQMAA2,IPCA_SPREAD,6.40,anbima,0,0,,,,,,39284470,39284470,0.0
2026-05-27,VLIM19,IPCA_SPREAD,7.47,anbima,10008109,1,944.1612,7.6830,B37,9,B37 +9bps,69149649,49133432,28.9
2026-05-27,BSA312,DI_SPREAD,2.63,anbima,12168245,1,10140.2045,,,,,24336491,0,100.0
2026-05-28,ORIG21,PREFIXADO,4.25,anbima,0,0,,,,,,25923402,25923402,0.0
2026-05-28,ELET14,IPCA_SPREAD,3.57,anbima,1259987,10,1094.6893,7.7993,B30,-21,B30 −21bps,50891843,48371869,5.0
2026-05-28,CGASA4,IPCA_SPREAD,7.64,anbima,19705642,1,985.2821,7.6501,B37,2,B37 +2bps,39988243,576959,98.6
2026-05-28,CPLD26,IPCA_SPREAD,3.50,anbima,21384847,1,1222.2007,,,,,42893980,124287,99.7
2026-05-28,CSNAA2,DI_SPREAD,0.82,anbima,11001801,1,971.0327,14.0000,CDI,14,CDI +14.00%,22003603,1,100.0
2026-05-28,GASC19,IPCA_SPREAD,8.56,anbima,26324483,2,907.3966,8.2997,B40,91,B40 +91bps,82725094,30076127,63.6
2026-05-28,GASC25,IPCA_SPREAD,7.99,anbima,0,0,,,,,,10805164,10805164,0.0
2026-05-28,ISAEB2,IPCA_SPREAD,9.22,anbima,2138416,1,948.7206,7.2896,B40,-10,B40 −10bps,30183889,25907057,14.2
2026-05-28,CEEBB6,IPCA_SPREAD,3.12,anbima,28719,1,1104.5691,7.8500,B30,-16,B30 −16bps,11125096,11067659,0.5
2026-05-28,ANHBA6,DI_SPREAD,3.91,anbima,1379524,3,1046.6797,0.6356,CDI,0.6356,CDI +0.64%,11442056,8683008,24.1
2026-05-28,COCE18,IPCA_SPREAD,4.08,anbima,403995,1,1065.9502,9.0601,B31,105,B31 +105bps,38360308,37552317,2.1
2026-05-28,PEJA23,IPCA_SPREAD,5.35,anbima,0,0,,,,,,31452091,31452091,0.0
2026-05-28,PALFB6,IPCA_SPREAD,5.66,anbima,0,0,,,,,,49023161,49023161,0.0
2026-05-28,EQMAA0,IPCA_SPREAD,3.81,anbima,0,0,,,,,,37942090,37942090,0.0
2026-05-28,CGOS16,IPCA_SPREAD,6.30,anbima,56017,4,1000.2990,8.0835,B35,37,B35 +37bps,29820994,29708960,0.4
2026-05-28,CSAN24,DI_SPREAD,3.35,anbima,20108858,3,990.1939,2.4880,CDI,2.488,CDI +2.49%,57902386,17684671,69.5
2026-05-28,SBSPD2,DI_SPREAD,0.13,anbima,0,0,,,,,,300065736,300065736,0.0
2026-05-28,ENSEA5,IPCA_SPREAD,6.88,anbima,5356515,1,961.3272,7.7630,B35,5,B35 +5bps,15490571,4777542,69.2
2026-05-28,MGPRA0,IPCA_SPREAD,7.73,anbima,21053405,2,1026.9453,,,,,49186871,7080061,85.6
2026-05-28,VLIM27,IPCA_SPREAD,7.31,anbima,5265813,2,990.5593,7.7708,B37,14,B37 +14bps,10571626,40000,99.6
2026-05-28,ISAEB8,IPCA_SPREAD,4.88,anbima,0,0,,,,,,33871320,33871320,0.0
2026-05-28,IRJS15,IPCA_SPREAD,6.61,anbima,1594785,5,1034.2313,,,,,34991769,31802199,9.1
2026-05-28,CERT11,IPCA_SPREAD,2.62,anbima,118330,3,1171.5807,8.0975,B29,14,B29 +14bps,20351162,20114503,1.2
2026-05-28,CGOSA2,IPCA_SPREAD,7.25,anbima,4322348,1,960.5218,7.7841,B37,15,B37 +15bps,420950140,412305444,2.1
2026-05-28,RENTD1,IPCA_SPREAD,5.36,anbima,2120248,2,1174.6529,9.4846,B33,158,B33 +158bps,20337924,16097427,20.9
2026-05-28,CMGDB1,IPCA_SPREAD,6.98,anbima,113624,2,1023.6372,7.7087,B35,0,B35 +0bps,16246170,16018923,1.4
2026-05-28,CMGD28,IPCA_SPREAD,2.22,anbima,14076,2,1172.9959,7.7525,B28,-21,B28 −21bps,17828674,17800523,0.2
2026-05-28,CEEBD2,IPCA_SPREAD,6.93,anbima,1938822,2,943.9248,7.6794,B35,-3,B35 −3bps,34324348,30446705,11.3
2026-05-28,CEEBE3,IPCA_SPREAD,3.99,anbima,14910425,1,994.0283,7.8808,B31,-13,B31 −13bps,39761570,9940721,75.0
2026-05-28,CEPEA6,PREFIXADO,4.03,anbima,0,0,,,,,,41676959,41676959,0.0
2026-05-28,CESPA2,IPCA_SPREAD,2.78,anbima,7823,1,1303.8918,7.8600,B29,-10,B29 −10bps,19540483,19524837,0.1
2026-05-28,CESPA3,IPCA_SPREAD,5.40,anbima,205911,1,1024.4331,7.7861,B33,-11,B33 −11bps,35322358,34910535,1.2
2026-05-28,CESE32,IPCA_SPREAD,3.14,anbima,6548223,6,1149.6178,7.6416,B30,-37,B30 −37bps,32852275,19755829,39.9
2026-05-28,CSNAA1,DI_SPREAD,1.51,anbima,0,0,,,,,,10003427,10003427,0.0
2026-05-28,ECOA11,,6.39,0.70xprazo,5518106,1,1103.6212,8.7480,,,,11036212,0,100.0
2026-05-28,ISAEC0,IPCA_SPREAD,8.85,anbima,5445369,7,984.1620,7.3065,B40,-8,B40 −8bps,14417425,3526687,75.5
2026-05-28,JSMLA5,DI_SPREAD,2.67,anbima,20540567,8,1036.3032,4.5162,CDI,4.5162,CDI +4.52%,105255554,64174421,39.0
2026-05-28,TRPLB7,IPCA_SPREAD,8.23,anbima,12466612,4,1041.4881,7.2248,B37,-41,B37 −41bps,29999530,5066306,83.1
2026-05-28,SIMH16,DI_SPREAD,2.65,anbima,10474161,3,1038.6911,,,,,25674885,4726564,81.6
2026-05-28,DGCD11,,1.96,0.70xprazo,0,0,,,,,,60493165,60493165,0.0
2026-05-28,RUMOA3,IPCA_SPREAD,2.05,anbima,19477971,4,1351.2293,8.5492,B28,59,B28 +59bps,40871896,1915953,95.3
2026-05-28,ENEVA4,IPCA_SPREAD,7.02,anbima,10834574,2,984.9613,7.6038,B35,-11,B35 −11bps,38805996,17136848,55.8
2026-05-28,VBBRA0,IPCA_SPREAD,5.74,anbima,65198377,1,987.8542,7.9720,B33,7,B33 +7bps,139733467,9336713,93.3
2026-05-28,BCPSA5,IPCA_SPREAD,2.41,anbima,0,0,,,,,,11542796,11542796,0.0
2026-05-28,AURP12,IPCA_SPREAD,5.83,anbima,22117889,6,1036.5979,7.8475,B33,-5,B33 −5bps,51556400,7320621,85.8
2026-05-28,EQPA19,IPCA_SPREAD,6.83,anbima,396559,5,1019.4317,7.8911,B35,18,B35 +18bps,118166954,117373836,0.7
2026-05-28,SBSPI8,IPCA_SPREAD,7.00,anbima,88938,1,956.3271,7.4801,B35,-23,B35 −23bps,37845557,37667680,0.5
2026-05-28,ENTV13,IPCA_SPREAD,5.85,anbima,7947668,4,1098.8066,,,,,21123255,5227919,75.3
2026-05-28,VALEC1,IPCA_SPREAD,6.64,anbima,312144,2,1023.4224,7.1165,B35,-59,B35 −59bps,64362823,63738535,1.0
2026-05-28,ENGIC0,IPCA_SPREAD,7.99,anbima,899619,3,1006.2850,7.7071,B37,8,B37 +8bps,13017166,11217928,13.8
2026-05-28,HARG11,IPCA_SPREAD,5.00,anbima,986523,6,1058.5010,8.4767,B32,58,B32 +58bps,11231407,9258361,17.6
2026-05-28,CPGTA1,IPCA_SPREAD,6.82,anbima,6166862,2,1020.1592,7.6562,B35,-5,B35 −5bps,12440946,107222,99.1
2026-05-28,TRGP13,IPCA_SPREAD,7.79,anbima,6438341,1,1026.0305,,,,,14397154,1520472,89.4
2026-05-28,CPGTC0,IPCA_SPREAD,6.10,anbima,0,0,,,,,,45019856,45019856,0.0
2026-05-28,CPLD29,IPCA_SPREAD,5.76,anbima,21430210,2,1017.6272,,,,,43587936,727515,98.3
2026-05-28,JSMLB5,IPCA_SPREAD,3.37,anbima,0,0,,,,,,18682324,18682324,0.0
2026-05-28,FSII14,IPCA_SPREAD,4.70,0.70xprazo,0,0,,,,,,14070440,14070440,0.0
2026-05-28,EKTT11,IPCA_SPREAD,5.21,anbima,4792932,4,1151.8701,,,,,26473016,16887153,36.2
2026-05-28,EQMAA2,IPCA_SPREAD,6.40,anbima,0,0,,,,,,63971430,63971430,0.0
2026-05-28,AURE12,IPCA_SPREAD,5.38,anbima,0,0,,,,,,27881793,27881793,0.0
2026-05-28,CEEBD1,PREFIXADO,4.44,anbima,30175719,3,919.8512,13.7932,,,,66329214,5977775,91.0
2026-05-28,ASER12,IPCA_SPREAD,7.01,anbima,0,0,,,,,,13847884,13847884,0.0
2026-05-28,CEEBC3,IPCA_SPREAD,3.68,anbima,114065,3,1213.4609,7.3202,B30,-69,B30 −69bps,20348112,20119981,1.1
2026-05-28,DASAC2,DI_SPREAD,2.54,anbima,0,0,,,,,,17699308,17699308,0.0
2026-05-28,DASAC5,DI_SPREAD,3.57,anbima,0,0,,,,,,20149515,20149515,0.0
2026-05-28,CSANB0,DI_SPREAD,4.37,anbima,0,0,,,,,,30924559,30924559,0.0
2026-05-28,BCPSA6,DI_SPREAD,1.89,anbima,0,0,,,,,,42941246,42941246,0.0
2026-05-28,SBSPM8,DI_SPREAD,4.81,anbima,83622522,3,1035.8809,0.6989,CDI,0.6989,CDI +0.70%,184196604,16951560,90.8
2026-05-28,TSSG14,DI_SPREAD,2.16,anbima,0,0,,,,,,138480901,138480901,0.0
2026-05-28,CEAP15,DI_SPREAD,1.95,anbima,0,0,,,,,,103133475,103133475,0.0
2026-05-28,ANHBA5,DI_SPREAD,2.92,anbima,0,0,,,,,,14310234,14310234,0.0
2026-05-28,CIEL18,DI_SPREAD,2.31,anbima,0,0,,,,,,45889215,45889215,0.0
2026-05-28,TFLE19,DI_SPREAD,2.96,anbima,925458,2,1003.7507,1.1885,CDI,1.1885,CDI +1.19%,21236577,19385660,8.7
2026-05-28,AALM12,DI_SPREAD,2.15,anbima,30023248,2,1044.2869,0.7011,CDI,0.7011,CDI +0.70%,81677790,21631294,73.5
2026-05-28,TFLEA9,DI_SPREAD,3.59,anbima,0,0,,,,,,39142099,39142099,0.0
2026-05-28,SUZBB1,DI_SPREAD,4.54,anbima,101318570,1,1025.9485,0.5785,CDI,0.5785,CDI +0.58%,205225004,2587864,98.7
2026-05-28,VIXL19,DI_SPREAD,3.10,anbima,0,0,,,,,,16209978,16209978,0.0
2026-05-28,ORIG12,IPCA_SPREAD,4.84,anbima,0,0,,,,,,43712258,43712258,0.0
2026-05-28,CEPEA8,IPCA_SPREAD,3.36,0.70xprazo,0,0,,,,,,18908016,18908016,0.0
2026-05-28,SBSPD7,DI_SPREAD,3.96,anbima,10003866,1,1009.9814,0.5993,CDI,0.5993,CDI +0.60%,48547786,28540055,41.2
2026-05-28,BRMLB1,DI_SPREAD,4.31,anbima,0,0,,,,,,31874636,31874636,0.0
2026-05-28,CIEL17,DI_SPREAD,1.29,anbima,0,0,,,,,,100636559,100636559,0.0
2026-05-28,BHSA11,IPCA_SPREAD,7.17,anbima,30130,1,1004.3339,,,,,20344257,20283997,0.3
2026-05-28,VBBR18,DI_SPREAD,3.34,anbima,0,0,,,,,,90443593,90443593,0.0
2026-05-28,EEELB5,IPCA_SPREAD,6.00,anbima,0,0,,,,,,55172828,55172828,0.0
2026-05-28,RADLA1,DI_SPREAD,3.97,anbima,0,0,,,,,,20078141,20078141,0.0
2026-05-28,ANIM18,DI_SPREAD,2.31,anbima,0,0,,,,,,15281757,15281757,0.0
2026-05-28,VIALA5,IPCA_SPREAD,3.69,anbima,20035044,3,1001.7522,7.6359,B30,-37,B30 −37bps,56100380,16030293,71.4
2026-05-28,ENEVC0,DI_SPREAD,2.23,anbima,0,0,,,,,,15492383,15492383,0.0
2026-05-28,EQPAA1,IPCA_SPREAD,7.25,anbima,39971608,1,958.5518,7.8145,B37,18,B37 +18bps,289268649,209325433,27.6
2026-05-28,ENSEC4,IPCA_SPREAD,8.40,anbima,4292296,1,990.3774,7.7091,B40,32,B40 +32bps,10556506,1971915,81.3
2026-05-28,CLTM14,IPCA_SPREAD,5.65,anbima,0,0,,,,,,16398259,16398259,0.0
2026-05-28,STBP25,DI_SPREAD,3.24,anbima,0,0,,,,,,62294947,62294947,0.0
2026-05-28,CTGE15,IPCA_SPREAD,4.04,anbima,0,0,,,,,,45802391,45802391,0.0
2026-05-28,CDGS16,,2.52,0.70xprazo,0,0,,,,,,155076448,155076448,0.0
2026-05-28,CLCD19,DI_SPREAD,0.59,anbima,0,0,,,,,,121491792,121491792,0.0
2026-05-28,IEPS11,,2.83,0.70xprazo,0,0,,,,,,51578225,51578225,0.0
2026-05-28,COQE11,,2.88,0.70xprazo,0,0,,,,,,147921046,147921046,0.0
2026-05-28,TSSG13,DI_SPREAD,2.41,anbima,0,0,,,,,,215107811,215107811,0.0
2026-05-28,VDEN13,,2.83,0.70xprazo,0,0,,,,,,36618535,36618535,0.0
2026-05-28,EDPS11,,1.68,0.70xprazo,0,0,,,,,,162785525,162785525,0.0
2026-05-28,IEAS11,,2.83,0.70xprazo,0,0,,,,,,28203415,28203415,0.0
2026-05-28,BCPSA4,DI_SPREAD,0.53,anbima,0,0,,,,,,101692014,101692014,0.0
2026-05-28,ELTN16,DI_SPREAD,3.57,anbima,0,0,,,,,,24861222,24861222,0.0
2026-05-28,NTSD36,DI_SPREAD,4.05,anbima,367446,5,1074.4040,0.9825,CDI,0.9825,CDI +0.98%,36474529,35739636,2.0
2026-05-28,VAMO22,DI_SPREAD,0.08,anbima,0,0,,,,,,10578689,10578689,0.0
2026-05-28,CMGDA2,DI_SPREAD,3.56,anbima,0,0,,,,,,21087552,21087552,0.0
2026-05-28,RENTD0,DI_SPREAD,2.98,anbima,16295182,1,1086.3454,1.1000,CDI,1.1,CDI +1.10%,32593615,3251,100.0
2026-05-28,CGEE23,IPCA_SPREAD,5.51,anbima,22719484,1,850.8852,13.6101,B33,571,B33 +571bps,45457654,18685,100.0
2026-05-28,OVSAB0,DI_SPREAD,1.58,anbima,0,0,,,,,,11797187,11797187,0.0
2026-05-28,SRBS11,IPCA_SPREAD,8.17,anbima,0,0,,,,,,17584430,17584430,0.0
2026-05-28,RDORD3,DI_SPREAD,4.60,anbima,103667,2,1036.6714,1.1624,CDI,1.1624,CDI +1.16%,20103951,19896616,1.0
2026-05-28,EXSE11,,3.78,0.70xprazo,20170162,2,1018.6951,0.8997,,,,44608778,4268454,90.4
2026-05-28,EGIED1,DI_SPREAD,1.59,anbima,0,0,,,,,,23278988,23278988,0.0
2026-05-28,CEBD25,DI_SPREAD,2.04,anbima,0,0,,,,,,18276736,18276736,0.0
2026-05-28,CCRS12,,1.59,0.70xprazo,0,0,,,,,,30166690,30166690,0.0
2026-05-28,VIALA4,,2.10,0.70xprazo,0,0,,,,,,24092106,24092106,0.0
2026-05-28,CNLM16,,3.53,0.70xprazo,0,0,,,,,,11348610,11348610,0.0
2026-05-28,RPTA14,IPCA_SPREAD,5.04,anbima,0,0,,,,,,18923837,18923837,0.0
2026-05-28,ENMTF8,IPCA_SPREAD,6.88,anbima,19150240,2,960.8751,7.7702,B35,6,B35 +6bps,38848122,547642,98.6
2026-05-28,CPIS16,IPCA_SPREAD,7.25,anbima,29713655,2,958.5050,7.8152,B37,19,B37 +19bps,582190056,522762747,10.2
2026-05-28,CSNP12,IPCA_SPREAD,2.93,anbima,0,0,,,,,,19989657,19989657,0.0
2026-05-28,CTNSA5,IPCA_SPREAD,6.88,anbima,14661200,1,961.3272,7.7630,B35,5,B35 +5bps,52654208,23331808,55.7
2026-05-28,ENMTG8,IPCA_SPREAD,8.64,anbima,0,0,,,,,,20007649,20007649,0.0
2026-05-28,FLCLA9,IPCA_SPREAD,6.66,anbima,21165085,1,1007.8612,7.7630,B35,5,B35 +5bps,42330169,0,100.0
2026-05-28,ENMTC5,IPCA_SPREAD,6.61,anbima,10809789,1,1010.2607,7.7630,B35,5,B35 +5bps,21619578,0,100.0
2026-05-29,ENEVA4,IPCA_SPREAD,7.02,anbima,11101908,3,989.4749,7.5412,B35,-12,B35 −12bps,32095484,9891667,69.2
2026-05-29,AALM12,DI_SPREAD,2.15,anbima,0,0,,,,,,24116929,24116929,0.0
2026-05-29,CPLD37,IPCA_SPREAD,4.11,anbima,101407,2,1126.7435,,,,,14508123,14305309,1.4
2026-05-29,CPLD26,IPCA_SPREAD,3.50,anbima,993538,1,1217.5710,,,,,23486802,21499727,8.5
2026-05-29,ENGIC0,IPCA_SPREAD,7.99,anbima,5062972,3,1008.3594,7.6856,B37,10,B37 +10bps,15874392,5748447,63.8
2026-05-29,TRPLB7,IPCA_SPREAD,8.23,anbima,3340892,4,1041.4252,7.2256,B37,-36,B37 −36bps,15091334,8409550,44.3
2026-05-29,ENMTF8,IPCA_SPREAD,6.88,anbima,10094433,1,961.3745,7.7623,B35,10,B35 +10bps,32983787,12794921,61.2
2026-05-29,VIALA5,IPCA_SPREAD,3.69,anbima,20047503,3,1002.3751,7.6296,B30,-40,B30 −40bps,49196540,9101534,81.5
2026-05-29,CEEBD1,PREFIXADO,4.44,anbima,328363,3,932.8508,13.4567,,,,34271859,33615132,1.9
2026-05-29,AURP12,IPCA_SPREAD,5.83,anbima,6014815,2,1037.0371,7.8488,B33,-4,B33 −4bps,35539184,23509554,33.8
2026-05-29,CESE32,IPCA_SPREAD,3.14,anbima,26180,1,1138.2576,7.9750,B30,-5,B30 −5bps,21123510,21071150,0.2
2026-05-29,VERTA0,,1.87,0.70xprazo,0,0,,,,,,228133175,228133175,0.0
2026-05-29,VBBRA0,IPCA_SPREAD,5.74,anbima,15060993,2,988.2541,7.9697,B33,8,B33 +8bps,43989897,13867911,68.5
2026-05-29,GASC19,IPCA_SPREAD,8.56,anbima,0,0,,,,,,19311961,19311961,0.0
2026-05-29,IRJS15,IPCA_SPREAD,6.61,anbima,14779588,3,1029.4343,,,,,30778359,1219182,96.0
2026-05-29,ANHBA6,DI_SPREAD,3.91,anbima,0,0,,,,,,60013333,60013333,0.0
2026-05-29,MRSAA3,IPCA_SPREAD,4.92,anbima,5283511,2,1051.6543,7.6014,B32,-29,B32 −29bps,10836648,269626,97.5
2026-05-29,JSMLB5,IPCA_SPREAD,3.37,anbima,25481,1,1061.6955,,,,,21761509,21710548,0.2
2026-05-29,SBSPM8,DI_SPREAD,4.81,anbima,9997593,1,1035.5907,0.7101,CDI,0.7101,CDI +0.71%,66705738,46710553,30.0
2026-05-29,CTNSA5,IPCA_SPREAD,6.88,anbima,0,0,,,,,,11680114,11680114,0.0
2026-05-29,CPIS16,IPCA_SPREAD,7.25,anbima,5960954,2,956.5073,7.8531,B37,26,B37 +26bps,174852457,162930549,6.8
2026-05-29,EQPAA1,IPCA_SPREAD,7.25,anbima,0,0,,,,,,67890071,67890071,0.0
2026-05-29,AESLA7,IPCA_SPREAD,5.42,anbima,112363,3,1021.4775,7.7568,B33,-13,B33 −13bps,20647804,20423079,1.1
2026-05-29,HARG11,IPCA_SPREAD,5.00,anbima,246754,5,1063.5948,8.3899,B32,50,B32 +50bps,10153787,9660279,4.9
2026-05-29,NTSD26,DI_SPREAD,2.95,anbima,0,0,,,,,,10285721,10285721,0.0
2026-05-29,FRAS16,DI_SPREAD,3.17,anbima,0,0,,,,,,14999658,14999658,0.0
2026-05-29,VERTL6,,1.21,0.70xprazo,0,0,,,,,,22998517,22998517,0.0
2026-05-29,CGOSA2,IPCA_SPREAD,7.25,anbima,4094080,3,960.1502,7.7981,B37,21,B37 +21bps,13097309,4909148,62.5
2026-05-29,TRGP13,IPCA_SPREAD,7.79,anbima,0,0,,,,,,16305614,16305614,0.0
2026-05-29,ORIG21,PREFIXADO,4.25,anbima,284960,2,876.8001,19.5668,,,,14297384,13727463,4.0
2026-05-29,CERT11,IPCA_SPREAD,2.62,anbima,5050974,5,1169.4776,8.1874,B29,20,B29 +20bps,39739107,29637159,25.4
2026-05-29,SIMH16,DI_SPREAD,2.65,anbima,885803,2,1044.5789,,,,,10273535,8501929,17.2
2026-05-29,ALUP18,IPCA_SPREAD,5.70,anbima,10369275,1,1036.9275,7.4832,B33,-41,B33 −41bps,41262529,20523979,50.3
2026-05-29,SBSPD7,DI_SPREAD,3.96,anbima,0,0,,,,,,56298170,56298170,0.0
2026-05-29,CEEBD2,IPCA_SPREAD,6.93,anbima,4145364,2,942.1281,7.7143,B35,5,B35 +5bps,61433946,53143219,13.5
2026-05-29,ARTRA1,DI_SPREAD,0.58,anbima,0,0,,,,,,38380354,38380354,0.0
2026-05-29,CMGDA4,IPCA_SPREAD,7.26,anbima,10004959,2,994.3311,7.4632,B37,-13,B37 −13bps,23122184,3112265,86.5
2026-05-29,MANT13,,2.38,0.70xprazo,0,0,,,,,,10010748,10010748,0.0
2026-05-29,SCCC12,,1.07,0.70xprazo,0,0,,,,,,17419834,17419834,0.0
2026-05-29,CGOS15,DI_SPREAD,2.13,anbima,0,0,,,,,,23717224,23717224,0.0
2026-05-29,TFLEA9,DI_SPREAD,3.59,anbima,0,0,,,,,,36222228,36222228,0.0
2026-05-29,NTSD18,DI_SPREAD,3.25,anbima,0,0,,,,,,79052812,79052812,0.0
2026-05-29,EQPA19,IPCA_SPREAD,6.83,anbima,395306,2,1032.1303,7.7001,B35,4,B35 +4bps,34131732,33341120,2.3
2026-05-29,CMGDB4,IPCA_SPREAD,8.61,anbima,51756289,2,974.8416,7.4544,B40,6,B40 +6bps,108829255,5316677,95.1
2026-05-29,VBBR18,DI_SPREAD,3.34,anbima,0,0,,,,,,10008888,10008888,0.0
2026-05-29,ENGIB2,IPCA_SPREAD,6.19,anbima,538032,4,1013.2422,7.8514,B35,19,B35 +19bps,18101212,17025148,5.9
2026-05-29,CEEDA0,DI_SPREAD,3.58,anbima,0,0,,,,,,16192523,16192523,0.0
2026-05-29,IVIAA0,IPCA_SPREAD,5.67,anbima,1153309,2,979.0402,9.0157,B33,113,B33 +113bps,19266713,16960094,12.0
2026-05-29,SUZBB1,DI_SPREAD,4.54,anbima,10131819,1,1026.5267,0.5786,CDI,0.5786,CDI +0.58%,37985651,17722014,53.3
2026-05-29,AESLA8,DI_SPREAD,2.18,anbima,0,0,,,,,,16507909,16507909,0.0
2026-05-29,ERDVB4,IPCA_SPREAD,5.42,anbima,5337425,6,1062.5971,8.3824,B33,49,B33 +49bps,11168928,494078,95.6
2026-05-29,CCROA7,DI_SPREAD,1.72,anbima,0,0,,,,,,27674185,27674185,0.0
2026-05-29,ISAED1,DI_SPREAD,4.84,anbima,0,0,,,,,,24551828,24551828,0.0
2026-05-29,TBSP22,DI_SPREAD,3.85,anbima,0,0,,,,,,14950566,14950566,0.0
2026-05-29,CEROA3,PREFIXADO,4.08,anbima,0,0,,,,,,66294838,66294838,0.0
2026-05-29,CPFPB0,IPCA_SPREAD,6.00,anbima,0,0,,,,,,11467618,11467618,0.0
2026-05-29,ENGIB4,IPCA_SPREAD,2.94,anbima,29641,1,1288.7296,7.6801,B29,-31,B29 −31bps,16146110,16086828,0.4
2026-05-29,EGIEA1,IPCA_SPREAD,5.13,anbima,0,0,,,,,,32303492,32303492,0.0
2026-05-29,CPGT28,IPCA_SPREAD,5.89,anbima,0,0,,,,,,12194785,12194785,0.0
2026-05-29,CPGTC0,IPCA_SPREAD,6.10,anbima,26539185,2,1071.8572,7.6384,B33,-25,B33 −25bps,59602424,6524055,89.1
2026-05-29,CGMG18,IPCA_SPREAD,2.31,anbima,0,0,,,,,,10764981,10764981,0.0
2026-05-29,ENMTC4,PREFIXADO,4.08,anbima,0,0,,,,,,13665326,13665326,0.0
2026-05-29,ENMTA4,IPCA_SPREAD,3.66,anbima,17619286,1,1205.4794,7.8210,B30,-21,B30 −21bps,35331218,92646,99.7
2026-05-29,ENMTC5,IPCA_SPREAD,6.61,anbima,17659197,1,1007.9451,7.8081,B35,15,B35 +15bps,35330451,12056,100.0
2026-05-29,RDORD3,DI_SPREAD,4.60,anbima,243843,1,1037.6278,1.1494,CDI,1.1494,CDI +1.15%,20507086,20019401,2.4
2026-05-29,CEPEA6,PREFIXADO,4.03,anbima,0,0,,,,,,16033712,16033712,0.0
2026-05-29,HBSA24,DI_SPREAD,3.56,anbima,0,0,,,,,,12241272,12241272,0.0
2026-05-29,SBSPC1,DI_SPREAD,4.10,anbima,85519,1,1068.9920,0.6801,CDI,0.6801,CDI +0.68%,11868996,11697957,1.4
2026-05-29,EKTT11,IPCA_SPREAD,5.21,anbima,390150,2,1154.2896,,,,,10996583,10216283,7.1
2026-05-29,TSSG14,DI_SPREAD,2.16,anbima,0,0,,,,,,65747141,65747141,0.0
2026-05-29,ENERB6,PREFIXADO,4.08,anbima,0,0,,,,,,12440076,12440076,0.0
2026-05-29,CEBD25,DI_SPREAD,2.04,anbima,0,0,,,,,,14542263,14542263,0.0
2026-05-29,ESULA7,,0.86,0.70xprazo,0,0,,,,,,16101112,16101112,0.0
2026-05-29,FLRY17,DI_SPREAD,0.69,anbima,0,0,,,,,,10265405,10265405,0.0
2026-05-29,YDUQ18,DI_SPREAD,2.90,anbima,0,0,,,,,,16093060,16093060,0.0
2026-05-29,SAPRB4,DI_SPREAD,2.80,anbima,0,0,,,,,,18289863,18289863,0.0
2026-05-29,EGIEE1,DI_SPREAD,2.93,anbima,0,0,,,,,,13639107,13639107,0.0
2026-05-29,CPLD19,DI_SPREAD,2.92,anbima,0,0,,,,,,47880402,47880402,0.0
2026-05-29,HYPEA6,DI_SPREAD,1.49,anbima,0,0,,,,,,12144395,12144395,0.0
2026-05-29,CEROA2,DI_SPREAD,2.73,anbima,0,0,,,,,,46333391,46333391,0.0
2026-05-29,RDORH6,DI_SPREAD,4.58,anbima,0,0,,,,,,33468017,33468017,0.0
2026-05-29,CTEP13,,3.09,0.70xprazo,15011670,1,1015.3311,3.2500,,,,80025153,50001812,37.5
2026-05-29,ASSR21,IPCA_SPREAD,6.39,anbima,0,0,,,,,,29999187,29999187,0.0
2026-05-29,AESLA6,,3.30,0.70xprazo,0,0,,,,,,20289660,20289660,0.0
2026-05-29,RBRAE6,,1.67,0.70xprazo,0,0,,,,,,18207591,18207591,0.0
2026-05-29,SEER15,,2.07,0.70xprazo,0,0,,,,,,20011698,20011698,0.0
2026-05-29,HFTE21,,5.48,0.70xprazo,0,0,,,,,,13036021,13036021,0.0
2026-05-29,ASAI19,DI_SPREAD,1.81,anbima,0,0,,,,,,10000083,10000083,0.0
2026-05-29,CASN24,IPCA_SPREAD,3.08,anbima,4003917,2,1112.1992,8.4433,B30,41,B30 +41bps,12046390,4038556,66.5
2026-05-29,VLIM29,IPCA_SPREAD,10.36,0.70xprazo,4994820,1,942.4188,7.5175,B40,13,B40 +13bps,10026987,37348,99.6
2026-05-29,COMT11,IPCA_SPREAD,3.78,anbima,207850,2,1039.2479,7.7580,B30,-27,B30 −27bps,21195419,20779720,2.0
2026-05-29,RDOE18,IPCA_SPREAD,3.28,anbima,0,0,,,,,,21096075,21096075,0.0
2026-05-29,ENEVB4,IPCA_SPREAD,8.85,anbima,0,0,,,,,,13670563,13670563,0.0
2026-05-29,POTE11,IPCA_SPREAD,6.15,anbima,955733,1,1072.6516,,,,,10448131,8536666,18.3
2026-05-29,NTSD36,DI_SPREAD,4.05,anbima,4801476,1,1074.1557,0.9950,CDI,0.995,CDI +1.00%,29941004,20338053,32.1
2026-05-29,LMTP26,DI_SPREAD,1.06,anbima,0,0,,,,,,93947024,93947024,0.0
2026-05-29,OMGE41,IPCA_SPREAD,0.78,anbima,0,0,,,,,,20049639,20049639,0.0
2026-05-29,CEPEA8,IPCA_SPREAD,3.36,0.70xprazo,0,0,,,,,,29662535,29662535,0.0
2026-05-29,PSAN23,DI_SPREAD,2.70,anbima,0,0,,,,,,16399594,16399594,0.0
2026-06-01,PEJA23,IPCA_SPREAD,5.35,anbima,1389594,6,1030.8561,8.0763,B33,17,B33 +17bps,52651593,49872405,5.3
2026-06-01,MNRVA1,DI_SPREAD,0.23,anbima,0,0,,,,,,43647111,43647111,0.0
2026-06-01,CHSF13,IPCA_SPREAD,4.17,anbima,1108622,2,1090.0904,7.7412,B31,-32,B31 −32bps,10546949,8329705,21.0
2026-06-01,CGOSA2,IPCA_SPREAD,7.25,anbima,6668927,1,952.7039,7.9220,B37,31,B37 +31bps,17806209,4468354,74.9
2026-06-01,NTSD18,DI_SPREAD,3.25,anbima,0,0,,,,,,130639919,130639919,0.0
2026-06-01,CLIS11,DI_SPREAD,2.33,anbima,0,0,,,,,,60017235,60017235,0.0
2026-06-01,TFLEA9,DI_SPREAD,3.59,anbima,0,0,,,,,,17163173,17163173,0.0
2026-06-01,ELET14,IPCA_SPREAD,3.57,anbima,2742458,12,1096.1062,7.7875,B30,-27,B30 −27bps,11393251,5908336,48.1
2026-06-01,CEAP14,IPCA_SPREAD,5.17,anbima,0,0,,,,,,12018753,12018753,0.0
2026-06-01,BHSA11,IPCA_SPREAD,7.17,anbima,101400,1,1003.9621,,,,,18612885,18410085,1.1
2026-06-01,CEAL12,IPCA_SPREAD,6.70,anbima,1022908,1,1018.8323,7.9540,B35,24,B35 +24bps,14750335,12704520,13.9
2026-06-01,CLIS13,IPCA_SPREAD,4.88,anbima,0,0,,,,,,15985348,15985348,0.0
2026-06-01,SBSPD7,DI_SPREAD,3.96,anbima,1486389,2,1009.7752,0.6176,CDI,0.6176,CDI +0.62%,59513670,56540892,5.0
2026-06-01,HVSP11,IPCA_SPREAD,4.90,anbima,0,0,,,,,,14114012,14114012,0.0
2026-06-01,CERT11,IPCA_SPREAD,2.62,anbima,18712054,6,1168.1892,8.2516,B29,22,B29 +22bps,52013663,14589554,72.0
2026-06-01,EGIEB4,IPCA_SPREAD,3.92,anbima,0,0,,,,,,38772503,38772503,0.0
2026-06-01,TSSG14,DI_SPREAD,2.16,anbima,0,0,,,,,,23576398,23576398,0.0
2026-06-01,COCEB2,IPCA_SPREAD,3.27,anbima,5066832,1,1013.3663,8.9991,B30,94,B30 +94bps,16421575,6287912,61.7
2026-06-01,CEEBD1,PREFIXADO,4.44,anbima,202836,4,921.9830,13.7554,,,,499108226,498702554,0.1
2026-06-01,CNRD12,IPCA_SPREAD,6.98,anbima,983373,2,983.3726,8.4742,B35,76,B35 +76bps,14298391,12331645,13.8
2026-06-01,GASC19,IPCA_SPREAD,8.56,anbima,15159935,4,910.7254,8.2646,B40,87,B40 +87bps,49790635,19470764,60.9
2026-06-01,CEPEA8,IPCA_SPREAD,3.35,0.70xprazo,5964715,1,1006.7030,7.5800,B30,-48,B30 −48bps,16043053,4113623,74.4
2026-06-01,SBSPM8,DI_SPREAD,4.81,anbima,0,0,,,,,,10010438,10010438,0.0
2026-06-01,VIALA5,IPCA_SPREAD,3.69,anbima,15542775,3,1000.1785,7.7096,B30,-35,B30 −35bps,33529586,2444037,92.7
2026-06-01,ARTRA5,DI_SPREAD,1.45,anbima,0,0,,,,,,12725920,12725920,0.0
2026-06-01,CTEP13,,3.09,0.70xprazo,0,0,,,,,,50020485,50020485,0.0
2026-06-01,RDORB9,DI_SPREAD,2.92,anbima,0,0,,,,,,10004739,10004739,0.0
2026-06-01,MRSAC1,IPCA_SPREAD,7.74,anbima,50514128,4,1051.5014,7.6732,B37,6,B37 +6bps,101610877,582620,99.4
2026-06-01,PALFB6,IPCA_SPREAD,5.66,anbima,0,0,,,,,,30685280,30685280,0.0
2026-06-01,ENEVB4,IPCA_SPREAD,8.85,anbima,12491132,1,974.9557,7.5091,B40,12,B40 +12bps,25482289,500024,98.0
2026-06-01,EQMAA0,IPCA_SPREAD,3.81,anbima,21203943,1,1091.6363,8.0133,B30,-5,B30 −5bps,95981595,53573708,44.2
2026-06-01,EQPA18,IPCA_SPREAD,6.47,anbima,193130,1,1116.3598,7.7145,B35,0,B35 +0bps,11334911,10948650,3.4
2026-06-01,CMGDB0,IPCA_SPREAD,5.25,anbima,61055692,1,1038.1856,7.8071,B33,-10,B33 −10bps,125383901,3272517,97.4
2026-06-01,CEEBB6,IPCA_SPREAD,3.12,anbima,3308,1,1102.7685,7.9400,B30,-12,B30 −12bps,53976802,53970185,0.0
2026-06-01,CMGDB1,IPCA_SPREAD,6.98,anbima,60999653,3,1016.6270,7.8351,B35,13,B35 +13bps,125049943,3050637,97.6
2026-06-01,EGIEB2,IPCA_SPREAD,5.60,anbima,9984770,1,1134.6329,7.3821,B33,-53,B33 −53bps,19973997,4457,100.0
2026-06-01,HBSA24,DI_SPREAD,3.56,anbima,0,0,,,,,,10006875,10006875,0.0
2026-06-01,ENMTA4,IPCA_SPREAD,3.66,anbima,0,0,,,,,,18031300,18031300,0.0
2026-06-01,CEED12,IPCA_SPREAD,3.02,anbima,50071550,1,1192.1798,,,,,150509675,50366576,66.5
2026-06-01,PEJA22,IPCA_SPREAD,5.20,anbima,1365177,4,1046.1127,8.0934,B32,18,B32 +18bps,248896972,246166618,1.1
2026-06-01,ENTV13,IPCA_SPREAD,5.85,anbima,4913748,1,1091.9440,,,,,11703456,1875960,84.0
2026-06-01,EQPA19,IPCA_SPREAD,6.83,anbima,11341,1,1030.9724,7.7301,B35,2,B35 +2bps,23968054,23945372,0.1
2026-06-01,MRSAA3,IPCA_SPREAD,4.92,anbima,39739439,1,1045.7747,7.7482,B32,-16,B32 −16bps,81405297,1926420,97.6
2026-06-01,SBSPI8,IPCA_SPREAD,7.00,anbima,4980672,1,961.5197,7.4151,B35,-29,B35 −29bps,12693904,2732560,78.5
2026-06-01,AXIA18,IPCA_SPREAD,5.21,anbima,0,0,,,,,,11261652,11261652,0.0
2026-06-01,TQMR11,,4.75,0.70xprazo,0,0,,,,,,910969070,910969070,0.0
2026-06-01,AEGPB5,DI_SPREAD,3.22,anbima,0,0,,,,,,10918423,10918423,0.0
2026-06-01,CSANA1,,1.12,0.70xprazo,0,0,,,,,,73619164,73619164,0.0
2026-06-01,TBSP22,DI_SPREAD,3.85,anbima,9603961,3,1025.6259,0.5900,CDI,0.59,CDI +0.59%,24861310,5653388,77.3
2026-06-01,CSANA2,DI_SPREAD,2.49,anbima,35288410,1,1138.3358,2.0986,CDI,2.0986,CDI +2.10%,313907338,243330519,22.5
2026-06-01,CSANB0,DI_SPREAD,4.37,anbima,0,0,,,,,,11009110,11009110,0.0
2026-06-01,ITSA18,DI_SPREAD,4.39,anbima,60092426,1,1112.8227,0.4993,CDI,0.4993,CDI +0.50%,120184855,3,100.0
2026-06-01,CMGDA4,IPCA_SPREAD,7.26,anbima,11377597,5,993.2429,7.4869,B37,-12,B37 −12bps,23624727,869533,96.3
2026-06-01,TRGP13,IPCA_SPREAD,7.79,anbima,0,0,,,,,,20508320,20508320,0.0
2026-06-01,AESOA1,IPCA_SPREAD,5.30,anbima,5957632,3,1038.8198,,,,,12256174,340911,97.2
2026-06-01,COCE18,IPCA_SPREAD,4.08,anbima,0,0,,,,,,34083790,34083790,0.0
2026-06-01,ASAI19,DI_SPREAD,1.81,anbima,0,0,,,,,,10003960,10003960,0.0
2026-06-01,OMGE41,IPCA_SPREAD,0.78,anbima,0,0,,,,,,23885089,23885089,0.0
2026-06-01,VEBMA8,DI_SPREAD,3.90,anbima,0,0,,,,,,40586954,40586954,0.0
2026-06-01,SMTO15,IPCA_SPREAD,2.94,anbima,0,0,,,,,,599831051,599831051,0.0
2026-06-01,AGLT12,,4.23,0.70xprazo,0,0,,,,,,25210245,25210245,0.0
2026-06-01,ORMA16,DI_SPREAD,3.97,anbima,0,0,,,,,,70455640,70455640,0.0
2026-06-01,VAMOA1,DI_SPREAD,2.03,anbima,0,0,,,,,,757346447,757346447,0.0
2026-06-01,ECRD14,IPCA_SPREAD,8.55,anbima,0,0,,,,,,22586585,22586585,0.0
2026-06-01,MESA23,,12.40,0.70xprazo,0,0,,,,,,18714880,18714880,0.0
2026-06-01,MULTB5,DI_SPREAD,4.46,anbima,40396036,1,1027.8890,0.5994,CDI,0.5994,CDI +0.60%,83900986,3108915,96.3
2026-06-01,ERDVA6,DI_SPREAD,3.07,anbima,0,0,,,,,,20455978,20455978,0.0
2026-06-01,VLIM14,IPCA_SPREAD,2.79,anbima,34184739,2,1110.2907,7.8058,B29,-22,B29 −22bps,68568084,198606,99.7
2026-06-01,CEEBD2,IPCA_SPREAD,6.93,anbima,25668560,2,942.7266,7.7150,B35,0,B35 +0bps,52736885,1399766,97.3
2026-06-01,CGOS19,DI_SPREAD,3.75,anbima,0,0,,,,,,11660902,11660902,0.0
2026-06-01,ULFT14,IPCA_SPREAD,6.23,anbima,33982757,1,970.9359,7.8681,B35,16,B35 +16bps,68466397,500884,99.3
2026-06-01,ASHS12,,12.10,0.70xprazo,0,0,,,,,,56121671,56121671,0.0
2026-06-01,AURE13,DI_SPREAD,3.12,anbima,0,0,,,,,,10000320,10000320,0.0
2026-06-01,ELDC15,IPCA_SPREAD,5.98,anbima,5872821,1,978.8035,8.9408,B33,103,B33 +103bps,11745643,0,100.0
2026-06-01,EQPAA1,IPCA_SPREAD,7.25,anbima,28010901,1,952.7517,7.9213,B37,31,B37 +31bps,59068717,3046915,94.8
2026-06-01,CBAN22,DI_SPREAD,3.24,anbima,0,0,,,,,,15015061,15015061,0.0
2026-06-01,EGIEA6,IPCA_SPREAD,7.71,anbima,55075856,3,956.0287,7.2763,B37,-33,B37 −33bps,110151711,0,100.0
2026-06-02,TFLEA9,DI_SPREAD,3.59,anbima,0,0,,,,,,12974037,12974037,0.0
2026-06-02,AGPT11,,3.14,0.70xprazo,0,0,,,,,,377049333,377049333,0.0
2026-06-02,CSANA2,DI_SPREAD,2.49,anbima,0,0,,,,,,136840652,136840652,0.0
2026-06-02,MRSAB2,IPCA_SPREAD,6.73,anbima,354968,2,1028.8934,7.6586,B35,-11,B35 −11bps,16604154,15894217,4.3
2026-06-02,PEJA23,IPCA_SPREAD,5.35,anbima,505763,5,1025.8879,8.1764,B33,17,B33 +17bps,23047474,22035948,4.4
2026-06-02,MULTB5,DI_SPREAD,4.46,anbima,308361,1,1027.8685,0.5994,CDI,0.5994,CDI +0.60%,40820037,40203316,1.5
2026-06-02,AURE13,DI_SPREAD,3.12,anbima,10003496,1,1011.4759,0.7993,CDI,0.7993,CDI +0.80%,20006992,0,100.0
2026-06-02,NTSD18,DI_SPREAD,3.25,anbima,25183850,1,1007.3540,0.7007,CDI,0.7007,CDI +0.70%,111453014,61085314,45.2
2026-06-02,ITSA18,DI_SPREAD,4.39,anbima,65113427,4,1113.0500,0.4977,CDI,0.4977,CDI +0.50%,143593644,13366791,90.7
2026-06-02,AESLA9,IPCA_SPREAD,6.00,anbima,105757,2,997.7072,7.8055,B33,-20,B33 −20bps,49544832,49333318,0.4
2026-06-02,CBAN22,DI_SPREAD,3.24,anbima,0,0,,,,,,15004653,15004653,0.0
2026-06-02,TRGP13,IPCA_SPREAD,7.79,anbima,52170751,2,1022.9559,,,,,125574032,21232531,83.1
2026-06-02,CMGD27,,0.02,0.70xprazo,0,0,,,,,,15098136,15098136,0.0
2026-06-02,PFOR15,DI_SPREAD,2.38,anbima,5002895,1,1037.7296,1.3451,CDI,1.3451,CDI +1.35%,10005790,0,100.0
2026-06-02,ARML13,DI_SPREAD,2.24,anbima,0,0,,,,,,50024264,50024264,0.0
2026-06-02,EQPA19,IPCA_SPREAD,6.83,anbima,0,0,,,,,,37341351,37341351,0.0
2026-06-02,RDORF8,DI_SPREAD,4.82,anbima,0,0,,,,,,12087595,12087595,0.0
2026-06-02,EQPAA1,IPCA_SPREAD,7.25,anbima,16006229,1,952.7517,7.9213,B37,23,B37 +23bps,34135079,2122621,93.8
2026-06-02,EGIEB4,IPCA_SPREAD,3.92,anbima,5150374,4,1158.6894,7.4900,B31,-66,B31 −66bps,36855380,26554631,27.9
2026-06-02,CSANB2,DI_SPREAD,2.54,anbima,17180848,2,1145.3899,1.9985,CDI,1.9985,CDI +2.00%,34441856,80160,99.8
2026-06-02,CGOSA2,IPCA_SPREAD,7.25,anbima,1605489,3,949.4315,7.9775,B37,29,B37 +29bps,27056468,23845490,11.9
2026-06-02,ENMTC5,IPCA_SPREAD,6.61,anbima,0,0,,,,,,39975558,39975558,0.0
2026-06-02,MILS29,DI_SPREAD,3.52,anbima,5003603,1,1073.7344,1.2500,CDI,1.25,CDI +1.25%,10011483,4277,100.0
2026-06-02,GASC19,IPCA_SPREAD,8.56,anbima,0,0,,,,,,24666865,24666865,0.0
2026-06-02,EGIEB2,IPCA_SPREAD,5.60,anbima,5536,1,1107.1046,7.8732,B33,-14,B33 −14bps,11063079,11052008,0.1
2026-06-02,ELET24,DI_SPREAD,1.42,anbima,0,0,,,,,,36746838,36746838,0.0
2026-06-02,HARG11,IPCA_SPREAD,5.00,anbima,0,0,,,,,,62288299,62288299,0.0
2026-06-02,ELTN27,IPCA_SPREAD,4.90,anbima,0,0,,,,,,28833635,28833635,0.0
2026-06-02,CEED17,IPCA_SPREAD,6.39,anbima,0,0,,,,,,34402985,34402985,0.0
2026-06-02,CGOSA0,IPCA_SPREAD,6.70,anbima,0,0,,,,,,21388728,21388728,0.0
2026-06-02,CHSF13,IPCA_SPREAD,4.17,anbima,7679090,7,1089.0782,7.7734,B31,-38,B31 −38bps,64733295,49375115,23.7
2026-06-02,ELET14,IPCA_SPREAD,3.57,anbima,490666,11,1102.6191,7.6363,B30,-51,B30 −51bps,33646786,32665455,2.9
2026-06-02,TIMS12,IPCA_SPREAD,1.34,anbima,603200,1,1317.0302,,,,,37619337,36412938,3.2
2026-06-02,CPLD29,IPCA_SPREAD,5.76,anbima,0,0,,,,,,31113130,31113130,0.0
2026-06-02,ANHBB6,IPCA_SPREAD,6.67,anbima,10772609,1,1036.2263,7.5216,B35,-25,B35 −25bps,25994300,4449081,82.9
2026-06-02,SBSPI8,IPCA_SPREAD,7.00,anbima,0,0,,,,,,36023369,36023369,0.0
2026-06-02,COCEB2,IPCA_SPREAD,3.27,anbima,0,0,,,,,,39796892,39796892,0.0
2026-06-02,BCPSA5,IPCA_SPREAD,2.41,anbima,210309,1,1078.5089,7.4755,B29,-63,B29 −63bps,17752085,17331466,2.4
2026-06-02,ISAEB2,IPCA_SPREAD,9.22,anbima,5055059,1,946.6402,7.3385,B40,-13,B40 −13bps,70446169,60336052,14.4
2026-06-02,CERT11,IPCA_SPREAD,2.62,anbima,10190288,1,1167.5399,8.2954,B29,19,B29 +19bps,53176869,32796292,38.3
2026-06-02,CPLD37,IPCA_SPREAD,4.11,anbima,2223,1,1111.7332,,,,,32107621,32103174,0.0
2026-06-02,ENEVA0,IPCA_SPREAD,5.36,anbima,0,0,,,,,,26980135,26980135,0.0
2026-06-02,MOVIA3,DI_SPREAD,0.56,anbima,0,0,,,,,,15922434,15922434,0.0
2026-06-02,PALFB6,IPCA_SPREAD,5.66,anbima,23706,2,1077.5260,7.8460,B33,-16,B33 −16bps,19961635,19914224,0.2
2026-06-02,CEEBE3,IPCA_SPREAD,3.99,anbima,109410,1,994.6333,7.9079,B31,-24,B31 −24bps,17343540,17124721,1.3
2026-06-02,DESK19,IPCA_SPREAD,4.50,anbima,0,0,,,,,,12568165,12568165,0.0
2026-06-02,PEJA22,IPCA_SPREAD,5.20,anbima,196208,3,1043.6600,8.1462,B32,14,B32 +14bps,67290441,66898024,0.6
2026-06-02,SBSPJ8,IPCA_SPREAD,7.96,anbima,25046375,1,963.3221,7.3235,B37,-37,B37 −37bps,58977984,8885235,84.9
2026-06-02,EKTRB3,IPCA_SPREAD,5.39,anbima,4979854,1,1018.3751,7.9850,B33,-2,B33 −2bps,10268644,308935,97.0
2026-06-02,ECER12,IPCA_SPREAD,1.13,anbima,1154899,4,1319.8842,8.1684,B27,-195,B27 −195bps,10309263,7999465,22.4
2026-06-02,ENGIB2,IPCA_SPREAD,6.19,anbima,27292,1,1010.8220,7.9078,B35,14,B35 +14bps,42508288,42453704,0.1
2026-06-02,MGPRA0,IPCA_SPREAD,7.73,anbima,15457665,8,1032.5761,,,,,31975870,1060540,96.7
2026-06-02,CESE32,IPCA_SPREAD,3.14,anbima,296031,1,1138.5796,7.9929,B30,-16,B30 −16bps,15723089,15131028,3.8
2026-06-02,COMR15,IPCA_SPREAD,5.54,anbima,0,0,,,,,,91488308,91488308,0.0
2026-06-02,COMT11,IPCA_SPREAD,3.78,anbima,5197997,2,1039.5994,7.7715,B30,-38,B30 −38bps,54357872,43961878,19.1
2026-06-02,VALEB1,IPCA_SPREAD,4.79,anbima,8433,1,1054.1464,6.7651,B32,-124,B32 −124bps,58606945,58590078,0.0
2026-06-02,MRSAB3,IPCA_SPREAD,8.63,anbima,0,0,,,,,,21181856,21181856,0.0
2026-06-02,UNEG11,IPCA_SPREAD,6.65,anbima,25674,1,1167.0184,8.6301,B35,86,B35 +86bps,50839865,50788517,0.1
2026-06-02,CPLDC0,IPCA_SPREAD,6.59,anbima,48555,1,1011.5692,7.8436,B35,7,B35 +7bps,43002328,42905217,0.2
2026-06-02,RDOE18,IPCA_SPREAD,3.28,anbima,0,0,,,,,,11265218,11265218,0.0
2026-06-02,RPTA14,IPCA_SPREAD,5.04,anbima,0,0,,,,,,22271911,22271911,0.0
2026-06-02,CCPV11,IPCA_SPREAD,3.36,anbima,0,0,,,,,,10082401,10082401,0.0
2026-06-02,MRSAC1,IPCA_SPREAD,7.74,anbima,66020,3,1047.9322,7.7244,B37,3,B37 +3bps,12128347,11996308,1.1
2026-06-02,TBSP12,DI_SPREAD,2.77,anbima,0,0,,,,,,11002998,11002998,0.0
2026-06-02,ANHBA6,DI_SPREAD,3.91,anbima,0,0,,,,,,20039143,20039143,0.0
2026-06-02,RSAN26,IPCA_SPREAD,7.59,anbima,528029,3,958.3107,9.4039,B37,171,B37 +171bps,24340598,23284540,4.3
2026-06-02,RIPR22,IPCA_SPREAD,3.51,anbima,0,0,,,,,,58466578,58466578,0.0
2026-06-02,CPGTC0,IPCA_SPREAD,6.10,anbima,3875794,2,1058.3819,7.8653,B33,-14,B33 −14bps,46240288,38488699,16.8
2026-06-02,EEELB5,IPCA_SPREAD,6.00,anbima,0,0,,,,,,12146910,12146910,0.0
2026-06-02,RALM11,IPCA_SPREAD,8.27,anbima,0,0,,,,,,11334533,11334533,0.0
2026-06-02,ISAEA8,IPCA_SPREAD,5.13,anbima,0,0,,,,,,15306632,15306632,0.0
2026-06-02,CLCD27,IPCA_SPREAD,5.41,anbima,0,0,,,,,,23943512,23943512,0.0
2026-06-02,CSRNA4,IPCA_SPREAD,3.98,anbima,0,0,,,,,,12594958,12594958,0.0
2026-06-02,EKTRC1,IPCA_SPREAD,2.29,anbima,11759,1,1175.9221,7.9278,B29,-18,B29 −18bps,36113061,36089543,0.1
2026-06-02,SRBS11,IPCA_SPREAD,8.17,anbima,30420698,2,991.5482,,,,,140978088,80136693,43.2
2026-06-02,PALFA3,IPCA_SPREAD,5.09,anbima,0,0,,,,,,12602667,12602667,0.0
2026-06-02,CMGDA2,DI_SPREAD,3.56,anbima,0,0,,,,,,10690593,10690593,0.0
2026-06-02,EGIEA6,IPCA_SPREAD,7.71,anbima,0,0,,,,,,28885401,28885401,0.0
2026-06-02,ENAT11,IPCA_SPREAD,1.71,anbima,1251187,3,1249.9369,8.9332,B28,82,B28 +82bps,11884829,9382456,21.1
2026-06-02,EGIEA1,IPCA_SPREAD,5.13,anbima,0,0,,,,,,39669310,39669310,0.0
2026-06-02,EEELA0,IPCA_SPREAD,5.09,anbima,0,0,,,,,,55172910,55172910,0.0
2026-06-02,CLTM14,IPCA_SPREAD,5.65,anbima,5605281,3,1041.8739,8.9442,B33,93,B33 +93bps,12952280,1741717,86.6
2026-06-02,GUAR17,DI_SPREAD,1.50,anbima,0,0,,,,,,10004321,10004321,0.0
2026-06-02,TSOL11,,10.90,0.70xprazo,0,0,,,,,,11023420,11023420,0.0
2026-06-02,VDIE22,,1.13,0.70xprazo,0,0,,,,,,11414105,11414105,0.0
2026-06-02,EXSE11,,3.77,0.70xprazo,10468451,2,1018.9265,0.9400,,,,29327947,8391045,71.4
2026-06-02,ELPLC8,IPCA_SPREAD,2.87,anbima,339481,4,1074.3057,10.2520,B29,214,B29 +214bps,48025651,47346690,1.4
2026-06-02,RSAN16,IPCA_SPREAD,5.44,anbima,0,0,,,,,,93033588,93033588,0.0
2026-06-02,RECV14,IPCA_SPREAD,4.80,anbima,0,0,,,,,,12613089,12613089,0.0
2026-06-02,AEGPB5,DI_SPREAD,3.22,anbima,0,0,,,,,,10713980,10713980,0.0
2026-06-02,BRMLB1,DI_SPREAD,4.31,anbima,21153428,2,1057.6714,0.6025,CDI,0.6025,CDI +0.60%,121676654,79369798,34.8
2026-06-02,ASAIA1,DI_SPREAD,2.16,anbima,0,0,,,,,,10991475,10991475,0.0
2026-06-02,ECOA11,,6.38,0.70xprazo,0,0,,,,,,16014119,16014119,0.0
2026-06-02,VLIM29,IPCA_SPREAD,10.35,0.70xprazo,14913122,1,932.0701,7.6630,B40,19,B40 +19bps,78503545,48677301,38.0
2026-06-02,GASMA0,,6.62,0.70xprazo,0,0,,,,,,40789784,40789784,0.0
2026-06-02,CGASB4,IPCA_SPREAD,8.51,anbima,0,0,,,,,,40153412,40153412,0.0
2026-06-02,PEAG12,,3.24,0.70xprazo,0,0,,,,,,21384588,21384588,0.0
2026-06-02,VLIM17,IPCA_SPREAD,5.98,anbima,0,0,,,,,,14848899,14848899,0.0
2026-06-02,MVLVA3,DI_SPREAD,0.92,anbima,0,0,,,,,,77039771,77039771,0.0
2026-06-02,AXSE11,,11.75,0.70xprazo,0,0,,,,,,12048594,12048594,0.0
2026-06-02,COGNA4,DI_SPREAD,2.30,anbima,25480016,1,1019.2006,1.0851,CDI,1.0851,CDI +1.09%,56055417,5095385,90.9
2026-06-02,YDUQA0,DI_SPREAD,1.86,anbima,0,0,,,,,,59839765,59839765,0.0
2026-06-02,TFLEC0,DI_SPREAD,2.77,anbima,0,0,,,,,,37061834,37061834,0.0
2026-06-02,CNRD12,IPCA_SPREAD,6.98,anbima,2960399,2,970.6227,8.6886,B35,92,B35 +92bps,43091560,37170762,13.7
2026-06-02,ENMTA7,IPCA_SPREAD,3.51,anbima,0,0,,,,,,51027803,51027803,0.0
2026-06-02,SUZB19,IPCA_SPREAD,3.47,anbima,0,0,,,,,,36018703,36018703,0.0
2026-06-02,NTSD26,DI_SPREAD,2.95,anbima,0,0,,,,,,21378570,21378570,0.0
2026-06-02,VBBRA0,IPCA_SPREAD,5.74,anbima,26786014,1,982.9730,8.0930,B33,8,B33 +8bps,53622053,50025,99.9
2026-06-02,NOMO11,,5.80,0.70xprazo,0,0,,,,,,15504282,15504282,0.0
2026-06-02,KLBNA2,DI_PERCENTUAL,1.40,anbima,0,0,,,,,,10010474,10010474,0.0
2026-06-02,VLIM19,IPCA_SPREAD,7.47,anbima,15084704,1,942.7940,7.7341,B37,4,B37 +4bps,30169408,0,100.0
2026-06-03,PSAN23,DI_SPREAD,2.70,anbima,0,0,,,,,,44385053,44385053,0.0
2026-06-03,VAMO13,DI_SPREAD,1.62,anbima,9764767,1,1043.2443,4.2501,CDI,4.2501,CDI +4.25%,20034740,505206,97.5
2026-06-03,UNIPA0,DI_SPREAD,3.86,anbima,5170767,1,1034.1534,1.5400,CDI,1.54,CDI +1.54%,10341534,0,100.0
2026-06-03,HZTC14,IPCA_SPREAD,3.99,anbima,6569849,3,1054.3812,8.2837,B31,5,B31 +5bps,16648472,3508774,78.9
2026-06-03,PFOR15,DI_SPREAD,2.38,anbima,0,0,,,,,,36839213,36839213,0.0
2026-06-03,ARML25,DI_SPREAD,4.20,anbima,0,0,,,,,,10005723,10005723,0.0
2026-06-03,ENMTA8,DI_SPREAD,2.24,anbima,0,0,,,,,,16153277,16153277,0.0
2026-06-03,CNRD12,IPCA_SPREAD,6.98,anbima,34852401,1,973.5308,8.6433,B35,82,B35 +82bps,111582144,41877342,62.5
2026-06-03,RISP14,IPCA_SPREAD,4.35,anbima,0,0,,,,,,12529786,12529786,0.0
2026-06-03,PEJA11,IPCA_SPREAD,2.98,anbima,404343,4,1172.0092,8.6495,B29,46,B29 +46bps,12618288,11809602,6.4
2026-06-03,MGPRA0,IPCA_SPREAD,7.73,anbima,3841967,6,1025.6186,,,,,56294514,48610580,13.6
2026-06-03,ANET12,IPCA_SPREAD,3.12,0.70xprazo,0,0,,,,,,64834234,64834234,0.0
2026-06-03,CEEBD2,IPCA_SPREAD,6.93,anbima,15038131,3,937.8317,7.8023,B35,-2,B35 −2bps,33110544,3034282,90.8
2026-06-03,AGIZ11,IPCA_SPREAD,8.00,anbima,0,0,,,,,,12537450,12537450,0.0
2026-06-03,BRST15,IPCA_SPREAD,4.40,anbima,0,0,,,,,,14182095,14182095,0.0
2026-06-03,BRST11,IPCA_SPREAD,0.84,anbima,0,0,,,,,,10203459,10203459,0.0
2026-06-03,PEJA22,IPCA_SPREAD,5.20,anbima,81514,1,1031.8230,8.4001,B32,34,B32 +34bps,10346124,10183096,1.6
2026-06-03,EGIEA6,IPCA_SPREAD,7.71,anbima,2842712,1,947.5708,7.4115,B37,-32,B37 −32bps,49890126,44204701,11.4
2026-06-03,RPTA14,IPCA_SPREAD,5.04,anbima,5468471,1,1093.6942,8.8050,B32,74,B32 +74bps,13637163,2700221,80.2
2026-06-03,SRBS11,IPCA_SPREAD,8.17,anbima,29756775,1,991.8925,,,,,139232979,79719429,42.7
2026-06-03,TFLEC0,DI_SPREAD,2.77,anbima,0,0,,,,,,38076809,38076809,0.0
2026-06-03,VLIM29,IPCA_SPREAD,10.35,0.70xprazo,0,0,,,,,,109952643,109952643,0.0
2026-06-03,YDUQA0,DI_SPREAD,1.86,anbima,0,0,,,,,,10149857,10149857,0.0
2026-06-03,RDORF8,DI_SPREAD,4.82,anbima,0,0,,,,,,10073128,10073128,0.0
2026-06-03,OVSAA9,DI_SPREAD,2.27,anbima,0,0,,,,,,14379575,14379575,0.0
2026-06-03,CEEDA1,DI_SPREAD,3.88,anbima,0,0,,,,,,19999565,19999565,0.0
2026-06-03,JSMLA5,DI_SPREAD,2.67,anbima,328909,2,1037.5675,4.6119,CDI,4.6119,CDI +4.61%,23896501,23238683,2.8
2026-06-03,MNRVA1,DI_SPREAD,0.23,anbima,4883261,1,1020.1088,1.5651,CDI,1.5651,CDI +1.57%,25567493,15800971,38.2
2026-06-03,AXIA18,IPCA_SPREAD,5.21,anbima,5752670,5,987.5829,7.8827,B32,-18,B32 −18bps,13602079,2096738,84.6
2026-06-03,PFOR26,DI_SPREAD,3.82,anbima,8503927,1,1064.5877,1.4501,CDI,1.4501,CDI +1.45%,38237767,21229914,44.5
2026-06-03,ENGIB2,IPCA_SPREAD,6.19,anbima,5866768,1,1013.7840,7.8675,B35,5,B35 +5bps,19957872,8224337,58.8
2026-06-03,COGNA4,DI_SPREAD,2.30,anbima,5097214,1,1019.4429,1.0751,CDI,1.0751,CDI +1.08%,30580812,20386383,33.3
2026-06-03,SIMH16,DI_SPREAD,2.65,anbima,45061047,3,1055.1703,,,,,92043814,1921720,97.9
2026-06-03,ALGAA2,DI_SPREAD,1.75,anbima,6517627,2,1067.5883,1.0701,CDI,1.0701,CDI +1.07%,13035253,0,100.0
2026-06-03,MOVIA3,DI_SPREAD,0.56,anbima,0,0,,,,,,14705520,14705520,0.0
2026-06-03,VAMOA0,DI_SPREAD,1.69,anbima,0,0,,,,,,14328415,14328415,0.0
2026-06-03,DESK19,IPCA_SPREAD,4.50,anbima,50185697,2,1045.5353,8.2952,B31,7,B31 +7bps,105624288,5252895,95.0
2026-06-03,ERDVB4,IPCA_SPREAD,5.42,anbima,0,0,,,,,,12623853,12623853,0.0
2026-06-03,COCEB2,IPCA_SPREAD,3.27,anbima,0,0,,,,,,10064354,10064354,0.0
2026-06-03,TRRG12,IPCA_SPREAD,4.18,anbima,0,0,,,,,,12729682,12729682,0.0
2026-06-03,CMGDB1,IPCA_SPREAD,6.98,anbima,986259,6,1010.5116,7.9415,B35,12,B35 +12bps,10818729,8846211,18.2
2026-06-03,BRMLB1,DI_SPREAD,4.31,anbima,0,0,,,,,,31718449,31718449,0.0
2026-06-03,ENAT33,IPCA_SPREAD,5.28,anbima,1008583,3,1082.1701,,,,,21576406,19559240,9.3
2026-06-03,ENAT11,IPCA_SPREAD,1.71,anbima,0,0,,,,,,15629540,15629540,0.0
2026-06-03,IRJS15,IPCA_SPREAD,6.61,anbima,10290587,1,1029.0587,10.5851,B35,277,B35 +277bps,33867020,13285846,60.8
2026-06-03,SBSPF3,IPCA_SPREAD,8.18,anbima,0,0,,,,,,59103607,59103607,0.0
2026-06-03,UNEG11,IPCA_SPREAD,6.65,anbima,45234775,2,1173.5880,8.5373,B35,72,B35 +72bps,105436255,14966705,85.8
2026-06-03,BARU11,IPCA_SPREAD,7.42,anbima,10026550,1,1222.7499,,,,,20864601,811502,96.1
2026-06-03,EXSE11,,3.77,0.70xprazo,10177641,1,1020.4171,0.9001,,,,34156256,13800974,59.6
2026-06-03,GUAR17,DI_SPREAD,1.50,anbima,0,0,,,,,,11207702,11207702,0.0
2026-06-03,PASS14,DI_SPREAD,2.99,anbima,0,0,,,,,,20220858,20220858,0.0
2026-06-03,EDPR13,DI_SPREAD,2.34,anbima,0,0,,,,,,21230221,21230221,0.0
2026-06-03,ANHBA5,DI_SPREAD,2.92,anbima,0,0,,,,,,20157542,20157542,0.0
2026-06-03,GGBRA7,DI_SPREAD,2.37,anbima,0,0,,,,,,20110422,20110422,0.0
2026-06-03,SBSPJ8,IPCA_SPREAD,7.96,anbima,0,0,,,,,,61324219,61324219,0.0
2026-06-03,ELET24,DI_SPREAD,1.42,anbima,0,0,,,,,,18125521,18125521,0.0
2026-06-03,KLBNA2,DI_PERCENTUAL,1.40,anbima,0,0,,,,,,17949050,17949050,0.0
2026-06-03,CGOSA2,IPCA_SPREAD,7.25,anbima,0,0,,,,,,26799203,26799203,0.0
2026-06-03,UQFN15,DI_SPREAD,2.95,anbima,22008382,1,1043.3974,2.2401,CDI,2.2401,CDI +2.24%,44017809,1044,100.0
2026-06-03,SUZBB1,DI_SPREAD,4.54,anbima,0,0,,,,,,10066477,10066477,0.0
2026-06-03,CSANA2,DI_SPREAD,2.49,anbima,0,0,,,,,,40179004,40179004,0.0
2026-06-03,SBSPM8,DI_SPREAD,4.81,anbima,0,0,,,,,,10010186,10010186,0.0
2026-06-03,ARTRA8,IPCA_SPREAD,4.50,anbima,0,0,,,,,,25510708,25510708,0.0
2026-06-03,UTPS21,IPCA_SPREAD,5.11,anbima,44643512,1,1348.5022,8.7511,B32,69,B32 +69bps,89366310,79286,99.9
2026-06-03,AXSI11,,10.70,0.70xprazo,0,0,,,,,,10818075,10818075,0.0
2026-06-03,NTEN11,IPCA_SPREAD,1.88,anbima,0,0,,,,,,14617797,14617797,0.0
2026-06-03,CPLD29,IPCA_SPREAD,5.76,anbima,0,0,,,,,,31826549,31826549,0.0
2026-06-03,MRSAB3,IPCA_SPREAD,8.63,anbima,4592001,5,1005.6946,7.6043,B40,13,B40 +13bps,10705189,1521186,85.8
2026-06-03,HYPEB1,DI_SPREAD,3.31,anbima,0,0,,,,,,10017341,10017341,0.0
2026-06-03,DESK18,IPCA_SPREAD,4.42,anbima,19124617,3,1065.4383,8.2959,B31,7,B31 +7bps,46917099,8667865,81.5
2026-06-03,GGBRA9,DI_SPREAD,4.03,anbima,0,0,,,,,,100043129,100043129,0.0
2026-06-03,AEGPB3,DI_SPREAD,3.35,anbima,0,0,,,,,,23838435,23838435,0.0
2026-06-03,CRCF12,IPCA_SPREAD,7.64,anbima,0,0,,,,,,60009983,60009983,0.0
2026-06-03,GDSS11,,12.10,0.70xprazo,0,0,,,,,,21195983,21195983,0.0
2026-06-03,SUMI17,IPCA_SPREAD,3.74,anbima,0,0,,,,,,10652956,10652956,0.0
2026-06-03,CLTM14,IPCA_SPREAD,5.65,anbima,0,0,,,,,,12311563,12311563,0.0
2026-06-03,BHSA11,IPCA_SPREAD,7.17,anbima,20076138,1,1003.8069,,,,,40180375,28099,99.9
2026-06-03,TBSP22,DI_SPREAD,3.85,anbima,10004085,1,1028.4862,0.5494,CDI,0.5494,CDI +0.55%,20008171,1,100.0
2026-06-03,JALL11,IPCA_SPREAD,2.24,anbima,339788,2,1204.9211,8.3833,B29,19,B29 +19bps,13837749,13158173,4.9
2026-06-03,EEELA1,IPCA_SPREAD,5.42,anbima,0,0,,,,,,11767627,11767627,0.0
2026-06-03,CEEBC4,IPCA_SPREAD,4.02,anbima,0,0,,,,,,11208420,11208420,0.0
2026-06-03,CEAP12,IPCA_SPREAD,3.12,anbima,0,0,,,,,,17517229,17517229,0.0
2026-06-03,CAJS12,IPCA_SPREAD,4.22,anbima,0,0,,,,,,16446068,16446068,0.0
2026-06-03,RIPR22,IPCA_SPREAD,3.51,anbima,0,0,,,,,,20720606,20720606,0.0
2026-06-03,ELTE12,IPCA_SPREAD,5.62,anbima,0,0,,,,,,14885959,14885959,0.0
2026-06-03,CTGE15,IPCA_SPREAD,4.04,anbima,0,0,,,,,,10870848,10870848,0.0
2026-06-03,HYPEC0,DI_SPREAD,2.69,anbima,10009411,1,1042.6470,0.7493,CDI,0.7493,CDI +0.75%,20018822,0,100.0
2026-06-03,CPGS16,,10.29,0.70xprazo,19890736,1,960.9051,7.8370,,,,39795744,14272,100.0
2026-06-03,MNRVB1,,2.01,0.70xprazo,0,0,,,,,,18275023,18275023,0.0
2026-06-03,RNDNA1,DI_SPREAD,3.44,anbima,48334822,1,976.4611,2.0516,CDI,2.0516,CDI +2.05%,176701345,80031701,54.7
2026-06-03,VBBRA0,IPCA_SPREAD,5.74,anbima,0,0,,,,,,39420024,39420024,0.0
2026-06-03,MSGT13,IPCA_SPREAD,2.87,anbima,0,0,,,,,,31734844,31734844,0.0
2026-06-03,ASAIA1,DI_SPREAD,2.16,anbima,0,0,,,,,,10154445,10154445,0.0
2026-06-03,EQPAA0,DI_SPREAD,3.49,anbima,0,0,,,,,,10020649,10020649,0.0
2026-06-03,ENEVC0,DI_SPREAD,2.23,anbima,0,0,,,,,,120582149,120582149,0.0
2026-06-03,CNLM17,DI_SPREAD,4.08,anbima,0,0,,,,,,20208495,20208495,0.0
2026-06-03,BCPSA7,IPCA_SPREAD,6.45,anbima,4080400,1,1020.1001,7.5568,B35,-26,B35 −26bps,11617730,3456930,70.2
2026-06-03,CLCD27,IPCA_SPREAD,5.41,anbima,0,0,,,,,,15837211,15837211,0.0
2026-06-03,SBSPI8,IPCA_SPREAD,7.00,anbima,20466215,1,950.8114,7.5990,B35,-22,B35 −22bps,54317891,13385460,75.4
2026-06-03,CPIS16,IPCA_SPREAD,7.25,anbima,9924653,1,940.7254,8.1280,B37,40,B37 +40bps,29767351,9918044,66.7
2026-06-03,CART13,IPCA_SPREAD,4.03,anbima,4968262,1,11608.0882,,,,,31314060,21377536,31.7
2026-06-03,CGASA5,DI_SPREAD,2.16,anbima,45009632,1,1029.2621,0.6807,CDI,0.6807,CDI +0.68%,135039985,45020721,66.7
2026-06-05,CEEBD1,PREFIXADO,4.44,anbima,28359,2,914.7991,13.9804,,,,13578031,13521313,0.4
2026-06-05,RISP12,IPCA_SPREAD,4.06,anbima,5167608,1,9.3956,12.8140,B31,447,B31 +447bps,10609172,273957,97.4
2026-06-05,JSMLA5,DI_SPREAD,2.67,anbima,1115686,3,1040.7520,4.4924,CDI,4.4924,CDI +4.49%,25639131,23407759,8.7
2026-06-05,RDORI6,DI_SPREAD,5.57,anbima,508418,3,1057.0023,1.3260,CDI,1.326,CDI +1.33%,14380229,13363393,7.1
2026-06-05,RISP22,IPCA_SPREAD,7.59,anbima,0,0,,,,,,20419791,20419791,0.0
2026-06-05,CART13,IPCA_SPREAD,4.03,anbima,9925181,1,11608.3987,,,,,41329883,21479522,48.0
2026-06-05,ELET24,DI_SPREAD,1.42,anbima,13375993,1,1044.1836,0.8850,CDI,0.885,CDI +0.89%,28105154,1353169,95.2
2026-06-05,MNRVB1,,2.00,0.70xprazo,0,0,,,,,,36538926,36538926,0.0
2026-06-05,CHSF13,IPCA_SPREAD,4.17,anbima,101221,2,1088.4023,7.8183,B31,-52,B31 −52bps,12299937,12097494,1.6
2026-06-05,DESK19,IPCA_SPREAD,4.50,anbima,5228,1,1045.5424,8.2949,B31,-5,B31 −5bps,20441954,20431499,0.1
2026-06-05,CCPV11,IPCA_SPREAD,3.36,anbima,0,0,,,,,,15461568,15461568,0.0
2026-06-05,BCPSA7,IPCA_SPREAD,6.45,anbima,0,0,,,,,,18762168,18762168,0.0
2026-06-05,AURP12,IPCA_SPREAD,5.83,anbima,57111,3,1019.8383,8.1848,B33,3,B33 +3bps,27898383,27784161,0.4
2026-06-05,ENEVC0,DI_SPREAD,2.23,anbima,0,0,,,,,,100052792,100052792,0.0
2026-06-05,CGOSA2,IPCA_SPREAD,7.25,anbima,9800079,1,933.3409,8.2551,B37,49,B37 +49bps,22355140,2754982,87.7
2026-06-05,MRSAB3,IPCA_SPREAD,8.63,anbima,0,0,,,,,,24561319,24561319,0.0
2026-06-05,CLTM14,IPCA_SPREAD,5.65,anbima,28071784,3,1026.0155,9.2596,B33,111,B33 +111bps,79666868,23523301,70.5
2026-06-05,EGIEB5,IPCA_SPREAD,6.16,anbima,0,0,,,,,,15607453,15607453,0.0
2026-06-05,HVSP11,IPCA_SPREAD,4.90,anbima,0,0,,,,,,25934747,25934747,0.0
2026-06-05,SIMH16,DI_SPREAD,2.65,anbima,891814,1,1043.0571,,,,,11578533,9794906,15.4
2026-06-05,EGIEA6,IPCA_SPREAD,7.71,anbima,25581493,1,935.3380,7.5963,B37,-17,B37 −17bps,65631723,14468737,78.0
2026-06-05,UQFN15,DI_SPREAD,2.95,anbima,0,0,,,,,,11099968,11099968,0.0
2026-06-05,EQPAA0,DI_SPREAD,3.49,anbima,0,0,,,,,,10058057,10058057,0.0
2026-06-05,HYPEB1,DI_SPREAD,3.31,anbima,0,0,,,,,,10485587,10485587,0.0
2026-06-05,VLIM29,IPCA_SPREAD,10.34,0.70xprazo,0,0,,,,,,15057050,15057050,0.0
2026-06-05,EPRL12,IPCA_SPREAD,8.62,anbima,0,0,,,,,,20067222,20067222,0.0
2026-06-05,CPFPB0,IPCA_SPREAD,6.00,anbima,0,0,,,,,,17644311,17644311,0.0
2026-06-05,AEGP19,DI_SPREAD,1.04,anbima,1611877,2,1007.4229,3.5044,CDI,3.5044,CDI +3.50%,18848525,15624772,17.1
2026-06-05,CCROA7,DI_SPREAD,1.72,anbima,0,0,,,,,,30179853,30179853,0.0
2026-06-05,IPIPA6,DI_SPREAD,2.96,anbima,0,0,,,,,,70900678,70900678,0.0
2026-06-05,ANHBA5,DI_SPREAD,2.92,anbima,0,0,,,,,,10602910,10602910,0.0
2026-06-05,VIALA4,,2.09,0.70xprazo,0,0,,,,,,30015595,30015595,0.0
2026-06-05,BCPSA4,DI_SPREAD,0.53,anbima,0,0,,,,,,10005002,10005002,0.0
2026-06-05,CCRS12,,1.57,0.70xprazo,0,0,,,,,,20009260,20009260,0.0
2026-06-05,ASER12,IPCA_SPREAD,7.01,anbima,0,0,,,,,,20442863,20442863,0.0
2026-06-05,BCPSA5,IPCA_SPREAD,2.41,anbima,0,0,,,,,,12902052,12902052,0.0
2026-06-05,AEGPB7,DI_SPREAD,1.40,anbima,0,0,,,,,,10366453,10366453,0.0
2026-06-05,CLMOA2,,3.66,0.70xprazo,0,0,,,,,,105083447,105083447,0.0
2026-06-05,CEAP16,DI_SPREAD,2.12,anbima,0,0,,,,,,73201413,73201413,0.0
2026-06-05,CEROB2,DI_SPREAD,3.55,anbima,0,0,,,,,,62983565,62983565,0.0
2026-06-05,CDGS26,DI_SPREAD,3.47,anbima,0,0,,,,,,32086881,32086881,0.0
2026-06-05,VBBRA0,IPCA_SPREAD,5.74,anbima,5810662,2,968.4436,8.3859,B33,24,B33 +24bps,11721274,99951,99.1
2026-06-05,TUPY15,DI_SPREAD,2.48,anbima,0,0,,,,,,22248868,22248868,0.0
2026-06-05,PALFA8,DI_SPREAD,0.40,anbima,0,0,,,,,,37660802,37660802,0.0
2026-06-05,CLCD19,DI_SPREAD,0.59,anbima,0,0,,,,,,28212045,28212045,0.0
2026-06-05,TSSG14,DI_SPREAD,2.16,anbima,0,0,,,,,,52782005,52782005,0.0
2026-06-05,EGIEB4,IPCA_SPREAD,3.92,anbima,0,0,,,,,,35750423,35750423,0.0
2026-06-05,VERTA2,,1.94,0.70xprazo,0,0,,,,,,93084852,93084852,0.0
2026-06-05,RDCD12,,1.63,0.70xprazo,0,0,,,,,,240059138,240059138,0.0
2026-06-05,CEROA3,PREFIXADO,4.08,anbima,20814991,2,976.5419,14.5471,,,,41629983,1,100.0
2026-06-08,MGPRA0,IPCA_SPREAD,7.73,anbima,1010176,1,1010.1761,,,,,12022445,10002093,16.8
2026-06-08,HAPVA0,DI_SPREAD,3.90,anbima,3001315,1,834.1621,5.9992,CDI,5.9992,CDI +6.00%,42600397,36597766,14.1
2026-06-08,CSMGE2,IPCA_SPREAD,4.65,anbima,7027772,2,1003.9675,9.3415,B32,100,B32 +100bps,14055544,0,100.0
2026-06-08,TUPY15,DI_SPREAD,2.48,anbima,0,0,,,,,,22264625,22264625,0.0
2026-06-08,CPGTC0,IPCA_SPREAD,6.10,anbima,7612825,2,1040.9989,8.1842,B33,-16,B33 −16bps,62126225,46900575,24.5
2026-06-08,ENEVB0,IPCA_SPREAD,7.96,anbima,5256802,1,1010.9235,7.9750,B37,0,B37 +0bps,12433361,1919757,84.6
2026-06-08,VEBMA8,DI_SPREAD,3.90,anbima,5104867,1,1020.9734,0.6292,CDI,0.6292,CDI +0.63%,15316486,5106752,66.7
2026-06-08,EGIEA6,IPCA_SPREAD,7.71,anbima,159964,1,935.4643,7.5944,B37,-38,B37 −38bps,25915826,25595898,1.2
2026-06-08,DESK19,IPCA_SPREAD,4.50,anbima,0,0,,,,,,10069579,10069579,0.0
2026-06-08,EPRL12,IPCA_SPREAD,8.62,anbima,0,0,,,,,,14351614,14351614,0.0
2026-06-08,JSMLA5,DI_SPREAD,2.67,anbima,2230819,1,1043.9024,4.4300,CDI,4.43,CDI +4.43%,12322119,7860480,36.2
2026-06-08,ANET12,IPCA_SPREAD,3.11,0.70xprazo,0,0,,,,,,30112078,30112078,0.0
2026-06-08,ENGIB9,IPCA_SPREAD,4.96,anbima,421768,9,1062.3884,8.1774,B32,-16,B32 −16bps,21577737,20734200,3.9
2026-06-08,MSGT23,IPCA_SPREAD,6.39,anbima,0,0,,,,,,20833716,20833716,0.0
2026-06-08,TRPLA4,IPCA_SPREAD,5.42,anbima,4170,2,1042.3937,8.0989,B33,-24,B33 −24bps,56529095,56520756,0.0
2026-06-08,RRRP13,IPCA_SPREAD,3.79,anbima,171637,2,1086.3108,9.9896,B30,141,B30 +141bps,28047767,27704493,1.2
2026-06-08,UHSM12,IPCA_SPREAD,6.67,anbima,0,0,,,,,,34657020,34657020,0.0
2026-06-08,ROTY13,IPCA_SPREAD,3.92,anbima,0,0,,,,,,195383572,195383572,0.0
2026-06-08,CERT11,IPCA_SPREAD,2.62,anbima,386938,3,1158.4963,8.6709,B29,14,B29 +14bps,41088122,40314247,1.9
2026-06-08,PEJA22,IPCA_SPREAD,5.20,anbima,164542,3,1028.3859,8.4846,B32,14,B32 +14bps,11425547,11096463,2.9
2026-06-08,TRRG12,IPCA_SPREAD,4.18,anbima,0,0,,,,,,23088966,23088966,0.0
2026-06-08,AURE13,DI_SPREAD,3.12,anbima,4560950,1,1012.6444,0.8187,CDI,0.8187,CDI +0.82%,20277663,11155763,45.0
2026-06-08,CEED18,DI_SPREAD,2.81,anbima,0,0,,,,,,10526786,10526786,0.0
2026-06-08,CEEDA0,DI_SPREAD,3.58,anbima,1725924,3,1015.2491,0.7812,CDI,0.7812,CDI +0.78%,12888848,9437001,26.8
2026-06-08,ELET24,DI_SPREAD,1.42,anbima,11888395,3,1045.0418,0.8834,CDI,0.8834,CDI +0.88%,25994289,2217498,91.5
2026-06-08,ENERB5,DI_SPREAD,2.73,anbima,0,0,,,,,,15246745,15246745,0.0
2026-06-08,EUFA18,DI_SPREAD,1.80,anbima,0,0,,,,,,11121229,11121229,0.0
2026-06-08,OMGE17,DI_SPREAD,3.26,anbima,0,0,,,,,,32856191,32856191,0.0
2026-06-08,RDORF8,DI_SPREAD,4.82,anbima,0,0,,,,,,28957546,28957546,0.0
2026-06-08,RDORD3,DI_SPREAD,4.60,anbima,9074526,2,1040.6567,1.1384,CDI,1.1384,CDI +1.14%,24269658,6120605,74.8
2026-06-08,MRSAA2,IPCA_SPREAD,6.21,anbima,0,0,,,,,,12121150,12121150,0.0
2026-06-08,PEAG12,,3.22,0.70xprazo,0,0,,,,,,18610734,18610734,0.0
2026-06-08,EGVG21,IPCA_SPREAD,1.58,anbima,0,0,,,,,,10518073,10518073,0.0
2026-06-08,ISAEB8,IPCA_SPREAD,4.88,anbima,0,0,,,,,,18807078,18807078,0.0
2026-06-08,SBSPJ8,IPCA_SPREAD,7.96,anbima,3115932,4,938.5338,7.6890,B37,-28,B37 −28bps,36032565,29800701,17.3
2026-06-08,CEROA3,PREFIXADO,4.08,anbima,4369277,2,973.3296,14.6503,,,,27795694,19057141,31.4
2026-06-08,EQMAA0,IPCA_SPREAD,3.81,anbima,0,0,,,,,,27268565,27268565,0.0
2026-06-08,RUMOA3,IPCA_SPREAD,2.05,anbima,4017364,1,1339.1212,9.1840,B28,65,B28 +65bps,10534136,2499408,76.3
2026-06-08,SBSPF3,IPCA_SPREAD,8.18,anbima,318462,5,1079.5332,7.6611,B37,-31,B37 −31bps,14217931,13581006,4.5
2026-06-08,VALEC1,IPCA_SPREAD,6.64,anbima,290700,2,1016.4331,7.2773,B35,-76,B35 −76bps,13200090,12618690,4.4
2026-06-08,AEGPB7,DI_SPREAD,1.40,anbima,0,0,,,,,,10363449,10363449,0.0
2026-06-08,ENEVD0,DI_SPREAD,3.12,anbima,0,0,,,,,,30010486,30010486,0.0
2026-06-08,TUPY25,DI_SPREAD,3.30,anbima,50041780,1,932.5540,5.0000,CDI,5,CDI +5.00%,138143201,38059641,72.4
2026-06-08,CSAN24,DI_SPREAD,3.35,anbima,5401586,1,1009.0764,2.0456,CDI,2.0456,CDI +2.05%,15971156,5167984,67.6
2026-06-08,PFOR16,DI_SPREAD,2.77,anbima,721746,1,1061.3918,1.3801,CDI,1.3801,CDI +1.38%,42528868,41085375,3.4
2026-06-08,TFLEA6,DI_SPREAD,3.24,anbima,5256104,2,1086.6454,1.0999,CDI,1.0999,CDI +1.10%,23034408,12522200,45.6
2026-06-08,LMTPA0,DI_SPREAD,2.53,anbima,0,0,,,,,,10256165,10256165,0.0
2026-06-08,BTGH18,DI_SPREAD,2.00,anbima,10522118,2,1082.1884,1.1699,CDI,1.1699,CDI +1.17%,26838769,5794532,78.4
2026-06-08,CSRNA4,IPCA_SPREAD,3.98,anbima,0,0,,,,,,16502266,16502266,0.0
2026-06-08,ASSR21,IPCA_SPREAD,6.39,anbima,0,0,,,,,,10000123,10000123,0.0
2026-06-08,EGIEB4,IPCA_SPREAD,3.92,anbima,0,0,,,,,,54593590,54593590,0.0
2026-06-08,ERDVA6,DI_SPREAD,3.07,anbima,0,0,,,,,,18561758,18561758,0.0
2026-06-08,RDORC7,DI_SPREAD,1.66,anbima,0,0,,,,,,12052834,12052834,0.0
2026-06-08,SBSPD2,DI_SPREAD,0.13,anbima,0,0,,,,,,16315854,16315854,0.0
2026-06-08,VERTM6,,1.19,0.70xprazo,0,0,,,,,,10444505,10444505,0.0
2026-06-08,CLTM14,IPCA_SPREAD,5.65,anbima,3865425,2,1023.6824,9.3183,B33,98,B33 +98bps,15865422,8134572,48.7
2026-06-08,CBAN22,DI_SPREAD,3.24,anbima,0,0,,,,,,12231069,12231069,0.0
2026-06-08,COLNA3,DI_SPREAD,3.17,anbima,0,0,,,,,,17706886,17706886,0.0
2026-06-08,RENTA5,DI_SPREAD,3.79,anbima,395392,1,1092.2422,1.3179,CDI,1.3179,CDI +1.32%,15316186,14525402,5.2
2026-06-08,CGEE23,IPCA_SPREAD,5.51,anbima,0,0,,,,,,17050104,17050104,0.0
2026-06-08,ESSDA5,IPCA_SPREAD,6.66,anbima,14957283,1,984.0318,8.1935,B35,15,B35 +15bps,29942669,28103,99.9
2026-06-08,SBSPM8,DI_SPREAD,4.81,anbima,0,0,,,,,,15119623,15119623,0.0
2026-06-08,SAELA7,IPCA_SPREAD,6.66,anbima,9842485,1,984.2485,8.1900,B35,15,B35 +15bps,20273931,588961,97.1
2026-06-08,EQPAA1,IPCA_SPREAD,7.25,anbima,19877059,2,930.2691,8.3133,B37,34,B37 +34bps,45765125,6011006,86.9
2026-06-08,CGOS16,IPCA_SPREAD,6.30,anbima,0,0,,,,,,28719658,28719658,0.0
2026-06-08,QYAN11,DI_SPREAD,3.35,anbima,0,0,,,,,,11227863,11227863,0.0
2026-06-08,QUNT11,DI_SPREAD,3.13,anbima,0,0,,,,,,11345374,11345374,0.0
2026-06-08,EXSE11,,3.76,0.70xprazo,0,0,,,,,,29804795,29804795,0.0
2026-06-08,ISAED1,DI_SPREAD,4.84,anbima,30012987,3,1058.9580,0.6601,CDI,0.6601,CDI +0.66%,84740915,24714942,70.8
2026-06-08,CHSF12,DI_SPREAD,2.24,anbima,0,0,,,,,,10207497,10207497,0.0
2026-06-08,RIPR22,IPCA_SPREAD,3.51,anbima,0,0,,,,,,30634759,30634759,0.0
2026-06-08,EGTI11,,0.67,0.70xprazo,0,0,,,,,,11113538,11113538,0.0
2026-06-08,AESLA6,,3.28,0.70xprazo,0,0,,,,,,36129017,36129017,0.0
2026-06-08,VBBR18,DI_SPREAD,3.34,anbima,0,0,,,,,,35000750,35000750,0.0
2026-06-08,SAELB8,IPCA_SPREAD,6.88,anbima,10263724,1,933.0658,8.2710,B35,23,B35 +23bps,20527448,1,100.0
2026-06-08,ENSEC4,IPCA_SPREAD,8.40,anbima,16141219,1,970.0252,8.0115,B40,31,B40 +31bps,33000739,718300,97.8
2026-06-08,ENMTC6,IPCA_SPREAD,8.42,anbima,47763690,1,972.9623,8.0115,B40,31,B40 +31bps,143323306,47795926,66.7
2026-06-08,PSAN23,DI_SPREAD,2.70,anbima,0,0,,,,,,10008270,10008270,0.0
2026-06-09,EEELA1,IPCA_SPREAD,5.42,anbima,4990,1,998.0951,8.2201,B33,-14,B33 −14bps,12260993,12251012,0.1
2026-06-09,ENMI21,IPCA_SPREAD,0.62,anbima,0,0,,,,,,21970557,21970557,0.0
2026-06-09,CTEE18,IPCA_SPREAD,2.25,anbima,677007,2,1324.8674,8.2025,B29,-42,B29 −42bps,97137005,95782991,1.4
2026-06-09,CGMG18,IPCA_SPREAD,2.31,anbima,29594,1,1056.9388,8.2029,B29,-42,B29 −42bps,44528606,44469417,0.1
2026-06-09,EGIE39,,0.07,0.70xprazo,0,0,,,,,,44440162,44440162,0.0
2026-06-09,ISAEA8,IPCA_SPREAD,5.13,anbima,0,0,,,,,,18000830,18000830,0.0
2026-06-09,CMGDB0,IPCA_SPREAD,5.25,anbima,1276422,7,1017.8806,8.2493,B33,-11,B33 −11bps,73685945,71133101,3.5
2026-06-09,HAPVA0,DI_SPREAD,3.90,anbima,24734720,3,823.8041,6.3571,CDI,6.3571,CDI +6.36%,163066673,113597234,30.3
2026-06-09,TIMS12,IPCA_SPREAD,1.34,anbima,1068773,4,1309.7707,7.6774,B27,-319,B27 −319bps,14402041,12264495,14.8
2026-06-09,MRSAA3,IPCA_SPREAD,4.92,anbima,0,0,,,,,,126385750,126385750,0.0
2026-06-09,LIGH1B,IPCA_SPREAD,4.50,0.70xprazo,0,0,,,,,,25022147,25022147,0.0
2026-06-09,ELET14,IPCA_SPREAD,3.57,anbima,1405059,14,1087.5067,8.1019,B30,-55,B30 −55bps,10896350,8086233,25.8
2026-06-09,EQPA19,IPCA_SPREAD,6.83,anbima,387375,2,993.2685,8.3623,B35,28,B35 +28bps,34585898,33811148,2.2
2026-06-09,CEED21,IPCA_SPREAD,2.33,anbima,669658,2,1240.1067,8.3638,B29,-26,B29 −26bps,81983255,80643940,1.6
2026-06-09,AURE12,IPCA_SPREAD,5.38,anbima,0,0,,,,,,12260111,12260111,0.0
2026-06-09,EQMAA0,IPCA_SPREAD,3.81,anbima,0,0,,,,,,12967344,12967344,0.0
2026-06-09,RUMOA3,IPCA_SPREAD,2.05,anbima,0,0,,,,,,33302493,33302493,0.0
2026-06-09,CSRNA1,IPCA_SPREAD,1.79,anbima,0,0,,,,,,12168608,12168608,0.0
2026-06-09,CEEBC3,IPCA_SPREAD,3.68,anbima,55976,2,1190.9834,7.9517,B30,-70,B30 −70bps,30402232,30290280,0.4
2026-06-09,SBSPI8,IPCA_SPREAD,7.00,anbima,22798738,11,935.7551,7.8647,B35,-22,B35 −22bps,48171949,2574473,94.7
2026-06-09,SIMH16,DI_SPREAD,2.65,anbima,3211642,5,1054.7265,4.1149,CDI,4.1149,CDI +4.11%,21175743,14752459,30.3
2026-06-09,PFOR16,DI_SPREAD,2.77,anbima,15004039,2,1062.8348,1.3516,CDI,1.3516,CDI +1.35%,62024179,32016101,48.4
2026-06-09,PETR28,IPCA_SPREAD,8.69,anbima,5134921,2,1026.9842,7.2487,B40,-46,B40 −46bps,20845087,10575245,49.3
2026-06-09,BCBF16,DI_SPREAD,0.64,anbima,0,0,,,,,,53005393,53005393,0.0
2026-06-09,SBIOA4,DI_SPREAD,3.06,anbima,0,0,,,,,,105043158,105043158,0.0
2026-06-09,JSMLA5,DI_SPREAD,2.67,anbima,2854053,7,1045.4406,4.3831,CDI,4.3831,CDI +4.38%,12019218,6311112,47.5
2026-06-09,VBBR18,DI_SPREAD,3.34,anbima,13504954,2,1069.1065,0.8285,CDI,0.8285,CDI +0.83%,73533511,46523604,36.7
2026-06-09,COLNA3,DI_SPREAD,3.17,anbima,0,0,,,,,,22290774,22290774,0.0
2026-06-09,USAS11,IPCA_SPREAD,1.03,anbima,6092213,1,676.6118,9.2112,B27,-166,B27 −166bps,24416094,12231668,49.9
2026-06-09,CEROA3,PREFIXADO,4.08,anbima,4377991,2,973.7525,14.6478,,,,12752178,3996196,68.7
2026-06-09,CMGD27,,0.01,0.70xprazo,0,0,,,,,,38409447,38409447,0.0
2026-06-09,PSAN23,DI_SPREAD,2.70,anbima,0,0,,,,,,12014412,12014412,0.0
2026-06-09,ELET42,IPCA_SPREAD,1.68,anbima,126558,3,1390.7453,8.4156,B28,-20,B28 −20bps,21124212,20871096,1.2
2026-06-09,SRBS11,IPCA_SPREAD,8.17,anbima,16928533,1,972.9042,,,,,40499476,6642410,83.6
2026-06-09,DASAC5,DI_SPREAD,3.57,anbima,0,0,,,,,,13872324,13872324,0.0
2026-06-09,HYPEC0,DI_SPREAD,2.69,anbima,0,0,,,,,,23786364,23786364,0.0
2026-06-09,RDORF8,DI_SPREAD,4.82,anbima,20193675,3,1009.6838,1.1179,CDI,1.1179,CDI +1.12%,42912609,2525259,94.1
2026-06-09,SBSPK8,IPCA_SPREAD,8.84,anbima,5568430,3,920.5538,7.6828,B40,-3,B40 −3bps,25671823,14534963,43.4
2026-06-09,SBSPJ8,IPCA_SPREAD,7.96,anbima,29391622,9,939.2695,7.6868,B37,-29,B37 −29bps,89436195,30652951,65.7
2026-06-09,UNEG11,IPCA_SPREAD,6.65,anbima,57610,5,1152.1994,8.8764,B35,80,B35 +80bps,10358897,10243677,1.1
2026-06-09,AXIA18,IPCA_SPREAD,5.21,anbima,11984962,2,978.3643,8.1074,B32,-25,B32 −25bps,39540425,15570500,60.6
2026-06-09,ENEVA4,IPCA_SPREAD,7.02,anbima,8148638,2,957.8745,8.0939,B35,1,B35 +1bps,47442114,31144837,34.4
2026-06-09,TEPA13,IPCA_SPREAD,3.14,anbima,0,0,,,,,,10908928,10908928,0.0
2026-06-09,BCPSA7,IPCA_SPREAD,6.45,anbima,0,0,,,,,,18237652,18237652,0.0
2026-06-09,CESPA2,IPCA_SPREAD,2.78,anbima,5014427,1,1285.7504,8.5450,B29,-7,B29 −7bps,16034724,6005871,62.5
2026-06-09,VIALA5,IPCA_SPREAD,3.69,anbima,0,0,,,,,,165350473,165350473,0.0
2026-06-09,BCPSA5,IPCA_SPREAD,2.41,anbima,72641,1,1068.2523,7.9595,B29,-66,B29 −66bps,16570314,16425032,0.9
2026-06-09,EPRL12,IPCA_SPREAD,8.62,anbima,25998938,1,986.0034,9.0330,B40,132,B40 +132bps,72141278,20143402,72.1
2026-06-09,EGIEA4,PREFIXADO,3.28,anbima,0,0,,,,,,39950723,39950723,0.0
2026-06-09,EGIEA1,IPCA_SPREAD,5.13,anbima,31914,1,1063.8162,7.8500,B32,-51,B32 −51bps,31694006,31630177,0.2
2026-06-09,APFD19,IPCA_SPREAD,2.63,anbima,3670227,1,1094.2836,8.4360,B29,-18,B29 −18bps,11665562,4325108,62.9
2026-06-09,VLIDA1,DI_SPREAD,2.69,anbima,6947023,1,1068.7728,,,,,13894047,0,100.0
2026-06-09,VEBMA8,DI_SPREAD,3.90,anbima,0,0,,,,,,103549335,103549335,0.0
2026-06-09,PASS14,DI_SPREAD,2.99,anbima,0,0,,,,,,14748477,14748477,0.0
2026-06-09,ENEVD0,DI_SPREAD,3.12,anbima,0,0,,,,,,29999924,29999924,0.0
2026-06-09,CPLDA1,IPCA_SPREAD,6.82,anbima,11990076,2,999.1730,8.0503,B35,-3,B35 −3bps,24771720,791568,96.8
2026-06-09,TRGP13,IPCA_SPREAD,7.79,anbima,30190067,3,996.3718,,,,,61241884,861750,98.6
2026-06-09,UQFN15,DI_SPREAD,2.95,anbima,20918221,1,1045.9111,2.2308,CDI,2.2308,CDI +2.23%,41836441,0,100.0
2026-06-09,TUPW11,DI_SPREAD,3.05,anbima,7073131,1,906.8116,6.2100,CDI,6.21,CDI +6.21%,31707605,17561344,44.6
2026-06-09,EGIEA6,IPCA_SPREAD,7.71,anbima,15018952,6,932.8542,7.6463,B37,-33,B37 −33bps,36003980,5966076,83.4
2026-06-09,RDORB9,DI_SPREAD,2.92,anbima,2000263,2,1074.2550,1.0171,CDI,1.0171,CDI +1.02%,10517631,6517106,38.0
2026-06-09,TAEEA5,DI_SPREAD,2.16,anbima,0,0,,,,,,15384102,15384102,0.0
2026-06-09,TBSP22,DI_SPREAD,3.85,anbima,0,0,,,,,,12022037,12022037,0.0
2026-06-09,CEEDA0,DI_SPREAD,3.58,anbima,0,0,,,,,,12146059,12146059,0.0
2026-06-09,ERDVA6,DI_SPREAD,3.07,anbima,36249003,1,1068.9768,0.9007,CDI,0.9007,CDI +0.90%,104448295,31950288,69.4
2026-06-09,TFLEA9,DI_SPREAD,3.59,anbima,0,0,,,,,,16825186,16825186,0.0
2026-06-09,ENGIC4,DI_SPREAD,3.79,anbima,6435806,2,1033.2005,0.7509,CDI,0.7509,CDI +0.75%,29276041,16404430,44.0
2026-06-09,ISAED1,DI_SPREAD,4.84,anbima,0,0,,,,,,17304479,17304479,0.0
2026-06-09,RDSM12,,12.85,0.70xprazo,0,0,,,,,,23342854,23342854,0.0
2026-06-09,EKTRA6,IPCA_SPREAD,9.00,anbima,0,0,,,,,,10601048,10601048,0.0
2026-06-09,VLIM28,IPCA_SPREAD,7.52,anbima,0,0,,,,,,15246775,15246775,0.0
2026-06-09,EGTI11,,0.66,0.70xprazo,0,0,,,,,,11134168,11134168,0.0
2026-06-09,ENGIB1,DI_SPREAD,2.46,anbima,0,0,,,,,,17819913,17819913,0.0
2026-06-09,EQPA17,DI_SPREAD,2.35,anbima,0,0,,,,,,20068223,20068223,0.0
2026-06-09,EBENA8,IPCA_SPREAD,6.83,anbima,0,0,,,,,,16110451,16110451,0.0
2026-06-09,ISAEB8,IPCA_SPREAD,4.88,anbima,0,0,,,,,,12778817,12778817,0.0
2026-06-09,FSFT12,,5.79,0.70xprazo,0,0,,,,,,60552082,60552082,0.0
2026-06-09,VRGO14,,2.47,0.70xprazo,0,0,,,,,,79595682,79595682,0.0
2026-06-09,SAUC15,,5.03,0.70xprazo,0,0,,,,,,36711019,36711019,0.0
2026-06-09,FSFT22,,5.79,0.70xprazo,0,0,,,,,,13844999,13844999,0.0
2026-06-09,BRKPA3,DI_SPREAD,2.35,anbima,716460,2,1053.6175,2.7352,CDI,2.7352,CDI +2.74%,22506185,21073265,6.4
2026-06-09,LMTP26,DI_SPREAD,1.06,anbima,0,0,,,,,,10677646,10677646,0.0
2026-06-09,PALFA7,IPCA_SPREAD,6.13,anbima,0,0,,,,,,14739369,14739369,0.0
2026-06-09,ENEV19,IPCA_SPREAD,4.25,anbima,521795,3,1146.8031,8.2913,B31,-36,B31 −36bps,12606445,11562855,8.3
2026-06-09,RDORC7,DI_SPREAD,1.66,anbima,17504226,1,1072.3001,0.5400,CDI,0.54,CDI +0.54%,45584942,10576490,76.8
2026-06-09,CSNP12,IPCA_SPREAD,2.93,anbima,0,0,,,,,,19879269,19879269,0.0
2026-06-09,CMTR29,IPCA_SPREAD,3.01,anbima,0,0,,,,,,54365884,54365884,0.0
2026-06-09,CCROA7,DI_SPREAD,1.72,anbima,0,0,,,,,,19318666,19318666,0.0
2026-06-09,BSA319,DI_SPREAD,3.09,anbima,0,0,,,,,,16799252,16799252,0.0
2026-06-09,CPFPB8,DI_SPREAD,3.37,anbima,0,0,,,,,,14179394,14179394,0.0
2026-06-09,FLRYB0,DI_SPREAD,3.43,anbima,0,0,,,,,,11139064,11139064,0.0
2026-06-09,CGOS18,DI_SPREAD,2.45,anbima,0,0,,,,,,11493559,11493559,0.0
2026-06-09,MULTB5,DI_SPREAD,4.46,anbima,0,0,,,,,,11448053,11448053,0.0
2026-06-09,CHSF24,DI_SPREAD,4.36,anbima,0,0,,,,,,13527026,13527026,0.0
2026-06-09,RDORH6,DI_SPREAD,4.58,anbima,0,0,,,,,,12805998,12805998,0.0
2026-06-09,SBSPF8,DI_SPREAD,0.08,0.70xprazo,5709827,1,1071.4632,0.8536,CDI,0.8536,CDI +0.85%,11419655,0,100.0
2026-06-09,GGBRA9,DI_SPREAD,4.03,anbima,0,0,,,,,,10539642,10539642,0.0
2026-06-09,NTSD18,DI_SPREAD,3.25,anbima,0,0,,,,,,14791875,14791875,0.0
2026-06-09,CIEL17,DI_SPREAD,1.29,anbima,0,0,,,,,,11033215,11033215,0.0
2026-06-09,CSAN18,DI_SPREAD,3.07,anbima,0,0,,,,,,22012638,22012638,0.0
2026-06-09,CSANA2,DI_SPREAD,2.49,anbima,0,0,,,,,,174912702,174912702,0.0
2026-06-09,SBSPD7,DI_SPREAD,3.96,anbima,0,0,,,,,,30333241,30333241,0.0
2026-06-09,EKTRC1,IPCA_SPREAD,2.29,anbima,0,0,,,,,,13948099,13948099,0.0
2026-06-09,CSNAA2,DI_SPREAD,0.82,anbima,0,0,,,,,,10000845,10000845,0.0
2026-06-09,MRSAA4,IPCA_SPREAD,10.28,0.70xprazo,20085137,1,925.5824,7.7935,B40,8,B40 +8bps,40170273,0,100.0
2026-06-09,ISAEB2,IPCA_SPREAD,9.22,anbima,40097131,2,923.8970,7.6416,B40,-7,B40 −7bps,89867928,9673666,89.2
2026-06-09,ENMTF8,IPCA_SPREAD,6.88,anbima,6905933,2,933.2341,8.2769,B35,20,B35 +20bps,14840748,1028883,93.1
2026-06-09,AESLD2,IPCA_SPREAD,6.48,anbima,9915851,1,944.3668,7.9490,B35,-13,B35 −13bps,19831703,1,100.0
2026-06-09,AESLC2,IPCA_SPREAD,5.30,anbima,100489783,2,957.0455,8.0867,B33,-27,B33 −27bps,211933146,10953580,94.8
2026-06-09,NTSDA1,IPCA_SPREAD,8.86,anbima,5260738,2,922.9364,7.6812,B40,-3,B40 −3bps,17559848,7038373,59.9
2026-06-09,CSMGB8,IPCA_SPREAD,1.91,anbima,0,0,,,,,,15757401,15757401,0.0
2026-06-09,CPIS13,IPCA_SPREAD,6.37,anbima,0,0,,,,,,10104481,10104481,0.0
2026-06-10,ASAIA0,DI_SPREAD,2.04,anbima,3326484,1,1055.3566,1.9400,CDI,1.94,CDI +1.94%,11031690,4378722,60.3
2026-06-10,CPLD15,IPCA_SPREAD,0.78,anbima,0,0,,,,,,80944377,80944377,0.0
2026-06-10,SIMH16,DI_SPREAD,2.65,anbima,26693133,2,1058.2015,4.0067,CDI,4.0067,CDI +4.01%,74457204,21070938,71.7
2026-06-10,CLTM14,IPCA_SPREAD,5.65,anbima,0,0,,,,,,15827675,15827675,0.0
2026-06-10,CDES11,IPCA_SPREAD,6.46,anbima,0,0,,,,,,14166141,14166141,0.0
2026-06-10,ASSR21,IPCA_SPREAD,6.39,anbima,125914,2,862.4261,9.4403,B35,130,B35 +130bps,14607139,14355311,1.7
2026-06-10,ENTV12,IPCA_SPREAD,2.28,anbima,0,0,,,,,,12290447,12290447,0.0
2026-06-10,SBSPI8,IPCA_SPREAD,7.00,anbima,1071680,7,944.2117,7.7361,B35,-40,B35 −40bps,20277659,18134298,10.6
2026-06-10,NTSD26,DI_SPREAD,2.95,anbima,0,0,,,,,,10861967,10861967,0.0
2026-06-10,CSANA2,DI_SPREAD,2.49,anbima,0,0,,,,,,143355559,143355559,0.0
2026-06-10,MVLVA3,DI_SPREAD,0.92,anbima,0,0,,,,,,10138091,10138091,0.0
2026-06-10,LMTPA2,DI_SPREAD,1.83,anbima,0,0,,,,,,12806028,12806028,0.0
2026-06-10,AURP12,IPCA_SPREAD,5.83,anbima,4233507,5,1013.2856,8.3373,B33,-10,B33 −10bps,17238988,8771974,49.1
2026-06-10,AXIA18,IPCA_SPREAD,5.21,anbima,343888,2,985.3513,7.9743,B32,-47,B32 −47bps,12046109,11358334,5.7
2026-06-10,CLAG13,IPCA_SPREAD,1.41,anbima,6234994,3,1284.2418,9.8113,B28,108,B28 +108bps,12815166,345178,97.3
2026-06-10,ERDVA6,DI_SPREAD,3.07,anbima,3003810,1,1068.9715,0.9007,CDI,0.9007,CDI +0.90%,38225438,32217818,15.7
2026-06-10,ENGIC4,DI_SPREAD,3.79,anbima,3754581,5,1034.0349,0.7373,CDI,0.7373,CDI +0.74%,13596172,6087010,55.2
2026-06-10,RDORC7,DI_SPREAD,1.66,anbima,1640738,1,1072.3778,0.5356,CDI,0.5356,CDI +0.54%,12220571,8939095,26.9
2026-06-10,RDORC9,DI_SPREAD,2.92,anbima,22578,1,1075.1234,0.9990,CDI,0.999,CDI +1.00%,40055365,40010210,0.1
2026-06-10,MRSAA4,IPCA_SPREAD,10.28,0.70xprazo,10064924,1,931.9374,7.7170,B40,-2,B40 −2bps,70343507,50213659,28.6
2026-06-10,AESLC2,IPCA_SPREAD,5.30,anbima,0,0,,,,,,38134852,38134852,0.0
2026-06-10,PETR26,IPCA_SPREAD,2.35,anbima,521570,6,1405.8502,7.5176,B29,-121,B29 −121bps,19556752,18513611,5.3
2026-06-10,PETR17,IPCA_SPREAD,2.93,anbima,276253,4,1296.9633,7.9631,B29,-77,B29 −77bps,12928127,12375621,4.3
2026-06-10,ASAIA1,DI_SPREAD,2.16,anbima,0,0,,,,,,21850821,21850821,0.0
2026-06-10,RBRA43,,3.39,0.70xprazo,6493659,1,1015.9041,1.9015,,,,12987317,0,100.0
2026-06-10,CEED21,IPCA_SPREAD,2.33,anbima,74337,1,1238.9482,8.4300,B29,-30,B29 −30bps,12348640,12199967,1.2
2026-06-10,SBSPK8,IPCA_SPREAD,8.84,anbima,16315415,4,929.2826,7.5757,B40,-16,B40 −16bps,41541860,8911030,78.5
2026-06-10,CSAN18,DI_SPREAD,3.07,anbima,0,0,,,,,,20000729,20000729,0.0
2026-06-10,NEOE16,IPCA_SPREAD,1.80,anbima,711581,6,1406.2864,8.5844,B28,-15,B28 −15bps,17422171,15999009,8.2
2026-06-10,CSANB2,DI_SPREAD,2.54,anbima,0,0,,,,,,60749952,60749952,0.0
2026-06-10,SBSPJ8,IPCA_SPREAD,7.96,anbima,4068445,2,946.1500,7.5964,B37,-44,B37 −44bps,36905726,28768836,22.0
2026-06-10,CMGD27,,0.01,0.70xprazo,460546,2,745.2200,10.2406,,,,26560144,25639052,3.5
2026-06-10,HAPVA0,DI_SPREAD,3.90,anbima,15836224,2,795.4304,7.3179,CDI,7.3179,CDI +7.32%,130263363,98590915,24.3
2026-06-10,VBBR18,DI_SPREAD,3.34,anbima,0,0,,,,,,21026302,21026302,0.0
2026-06-10,EGIE49,IPCA_SPREAD,1.87,anbima,0,0,,,,,,10903717,10903717,0.0
2026-06-10,IVIAA0,IPCA_SPREAD,5.67,anbima,3806,1,951.4659,9.6219,B33,118,B33 +118bps,16645407,16637796,0.0
2026-06-10,MGPRA0,IPCA_SPREAD,7.73,anbima,0,0,,,,,,50356109,50356109,0.0
2026-06-10,HAPV19,DI_SPREAD,3.69,anbima,45937925,1,778.8069,8.0000,CDI,8,CDI +8.00%,91875853,3,100.0
2026-06-10,PALFB6,IPCA_SPREAD,5.66,anbima,0,0,,,,,,16739504,16739504,0.0
2026-06-10,ENGIA6,IPCA_SPREAD,1.59,anbima,1011027,2,1160.7654,8.6887,B28,-4,B28 −4bps,17150804,15128751,11.8
2026-06-10,TIMS12,IPCA_SPREAD,1.34,anbima,701163,3,1310.5841,7.6685,B27,-339,B27 −339bps,101865995,100463670,1.4
2026-06-10,ELET42,IPCA_SPREAD,1.68,anbima,130999,3,1393.6025,8.3405,B28,-39,B28 −39bps,31645595,31383597,0.8
2026-06-10,EQPAA1,IPCA_SPREAD,7.25,anbima,43748499,3,933.4009,8.2796,B37,24,B37 +24bps,130693721,43196722,66.9
2026-06-10,ENGIC3,DI_SPREAD,2.73,anbima,0,0,,,,,,10052057,10052057,0.0
2026-06-10,NTSDA1,IPCA_SPREAD,8.86,anbima,1020855,1,928.0499,7.6148,B40,-13,B40 −13bps,10101568,8059858,20.2
2026-06-10,CSRNA1,IPCA_SPREAD,1.79,anbima,0,0,,,,,,172763924,172763924,0.0
2026-06-10,CESPA2,IPCA_SPREAD,2.78,anbima,125703,3,1282.6848,8.6444,B29,-9,B29 −9bps,11047393,10795987,2.3
2026-06-10,TIET39,IPCA_SPREAD,1.54,anbima,50260,1,1396.0977,8.8100,B28,8,B28 +8bps,10386301,10285782,1.0
2026-06-10,ENAT13,IPCA_SPREAD,3.36,anbima,154588,2,1088.6495,9.6146,B30,87,B30 +87bps,19620427,19311251,1.6
2026-06-10,HARG11,IPCA_SPREAD,5.00,anbima,658837,7,1037.5382,9.0021,B32,56,B32 +56bps,22526884,21209211,5.8
2026-06-10,SBSPC6,IPCA_SPREAD,2.77,anbima,0,0,,,,,,37065671,37065671,0.0
2026-06-10,ELTN27,IPCA_SPREAD,4.90,anbima,10479583,3,1038.0964,8.0353,B32,-40,B32 −40bps,21614252,655087,97.0
2026-06-10,SBSPD4,IPCA_SPREAD,1.88,anbima,0,0,,,,,,11756300,11756300,0.0
2026-06-10,TBSP12,DI_SPREAD,2.77,anbima,0,0,,,,,,40065688,40065688,0.0
2026-06-10,EGIEA2,PREFIXADO,2.58,anbima,0,0,,,,,,61217151,61217151,0.0
2026-06-10,CGOSB0,IPCA_SPREAD,6.70,anbima,5009089,1,1001.8177,8.2722,B35,13,B35 +13bps,22233648,12215471,45.1
2026-06-10,RDORB9,DI_SPREAD,2.92,anbima,7508550,1,1075.7234,0.9900,CDI,0.99,CDI +0.99%,27518182,12501082,54.6
2026-06-10,RDSM12,,12.84,0.70xprazo,0,0,,,,,,23238420,23238420,0.0
2026-06-10,CPGTB0,DI_SPREAD,3.48,anbima,0,0,,,,,,40015209,40015209,0.0
2026-06-10,RDCD12,,1.63,0.70xprazo,50483372,1,1097.4646,0.2950,,,,100966746,3,100.0
2026-06-10,VBBRA0,IPCA_SPREAD,5.74,anbima,33364491,1,967.0867,8.4450,B33,1,B33 +1bps,69372199,2643216,96.2
2026-06-10,TRGP13,IPCA_SPREAD,7.79,anbima,30173352,1,1005.7784,,,,,60455913,109209,99.8
2026-06-10,CGOSA2,IPCA_SPREAD,7.25,anbima,7068383,3,933.7362,8.2741,B37,23,B37 +23bps,36842310,22705544,38.4
2026-06-10,EGIEB4,IPCA_SPREAD,3.92,anbima,68936,1,1148.9313,7.8000,B31,-94,B31 −94bps,51091683,50953811,0.3
2026-06-10,CNRD12,IPCA_SPREAD,6.98,anbima,0,0,,,,,,48918399,48918399,0.0
2026-06-10,CCROA7,DI_SPREAD,1.72,anbima,0,0,,,,,,22419769,22419769,0.0
2026-06-10,UTRG12,,0.79,0.70xprazo,0,0,,,,,,179147547,179147547,0.0
2026-06-10,TENG14,,0.20,0.70xprazo,81594224,1,1019.9278,0.7807,,,,163188441,0,100.0
2026-06-10,IPIPA6,DI_SPREAD,2.96,anbima,0,0,,,,,,121162037,121162037,0.0
2026-06-10,UTRG22,,2.19,0.70xprazo,0,0,,,,,,127555340,127555340,0.0
2026-06-10,ETAP13,,2.81,0.70xprazo,0,0,,,,,,46350905,46350905,0.0
2026-06-10,CPFC16,,0.34,0.70xprazo,0,0,,,,,,74769741,74769741,0.0
2026-06-10,BCPSA6,DI_SPREAD,1.89,anbima,0,0,,,,,,36283386,36283386,0.0
2026-06-10,CIEL17,DI_SPREAD,1.29,anbima,0,0,,,,,,58459765,58459765,0.0
2026-06-10,BCPSA4,DI_SPREAD,0.53,anbima,0,0,,,,,,94462439,94462439,0.0
2026-06-10,CDGS16,,2.50,0.70xprazo,0,0,,,,,,53657897,53657897,0.0
2026-06-10,ENJG21,IPCA_SPREAD,0.62,anbima,0,0,,,,,,29809379,29809379,0.0
2026-06-10,CEPEA7,IPCA_SPREAD,9.00,anbima,61637458,1,1001.9907,7.8450,B40,11,B40 +11bps,131000891,7725976,94.1
2026-06-10,PFOR25,DI_SPREAD,3.44,anbima,3059940,1,1040.0884,1.5015,CDI,1.5015,CDI +1.50%,18639869,12519989,32.8
2026-06-10,ENMI21,IPCA_SPREAD,0.62,anbima,43510,1,565.0693,10.1600,B27,-90,B27 −90bps,19332555,19245534,0.5
2026-06-10,WETE11,,1.64,0.70xprazo,0,0,,,,,,65892425,65892425,0.0
2026-06-10,EKTRC1,IPCA_SPREAD,2.29,anbima,46473,1,1161.8227,8.6260,B29,-10,B29 −10bps,40309042,40216096,0.2
2026-06-10,TUPW21,IPCA_SPREAD,4.75,anbima,0,0,,,,,,15372498,15372498,0.0
2026-06-10,RPTA14,IPCA_SPREAD,5.04,anbima,0,0,,,,,,10058920,10058920,0.0
2026-06-10,VLIM29,IPCA_SPREAD,10.33,0.70xprazo,51544107,2,920.7100,7.8442,B40,10,B40 +10bps,123394553,20306338,83.5
2026-06-10,CSRN29,IPCA_SPREAD,1.61,anbima,102003,1,1378.4145,8.6260,B28,-10,B28 −10bps,10349878,10145873,2.0
2026-06-10,CPIS13,IPCA_SPREAD,6.37,anbima,0,0,,,,,,11133727,11133727,0.0
2026-06-10,CMGD28,IPCA_SPREAD,2.22,anbima,154467,2,1170.2072,8.0792,B28,-65,B28 −65bps,28324221,28015287,1.1
2026-06-10,CPGS16,,10.28,0.70xprazo,20089477,1,954.3694,7.9530,,,,40197667,18713,100.0
2026-06-10,SAUC15,,5.03,0.70xprazo,0,0,,,,,,31771957,31771957,0.0
2026-06-10,TIET29,IPCA_SPREAD,1.52,anbima,0,0,,,,,,53195553,53195553,0.0
2026-06-10,CMTR29,IPCA_SPREAD,3.01,anbima,0,0,,,,,,38592399,38592399,0.0
2026-06-10,GASC16,IPCA_SPREAD,6.14,anbima,0,0,,,,,,17127966,17127966,0.0
2026-06-10,RADLA0,DI_SPREAD,3.66,anbima,50018234,1,1026.1203,0.4792,CDI,0.4792,CDI +0.48%,100036468,0,100.0
2026-06-10,ACQU11,,0.24,0.70xprazo,0,0,,,,,,64012281,64012281,0.0
2026-06-10,DASAC5,DI_SPREAD,3.57,anbima,0,0,,,,,,12169615,12169615,0.0
2026-06-10,SUZBB1,DI_SPREAD,4.54,anbima,0,0,,,,,,68113186,68113186,0.0
2026-06-10,SBSPD7,DI_SPREAD,3.96,anbima,0,0,,,,,,81342662,81342662,0.0
2026-06-10,RDORC4,DI_SPREAD,1.04,anbima,0,0,,,,,,16432411,16432411,0.0
2026-06-10,RDORI6,DI_SPREAD,5.57,anbima,0,0,,,,,,19039463,19039463,0.0
2026-06-10,ENMTA8,DI_SPREAD,2.24,anbima,0,0,,,,,,16268198,16268198,0.0
2026-06-10,VEBMA6,DI_SPREAD,3.29,anbima,2985711,1,1084.5299,1.1015,CDI,1.1015,CDI +1.10%,11958104,5986682,49.9
2026-06-10,GGBRA9,DI_SPREAD,4.03,anbima,10012070,1,1009.2813,0.4793,CDI,0.4793,CDI +0.48%,20024140,0,100.0
2026-06-10,ENEVA3,DI_SPREAD,2.73,anbima,0,0,,,,,,14848365,14848365,0.0
2026-06-10,RENTD5,DI_SPREAD,3.24,anbima,0,0,,,,,,10000629,10000629,0.0
2026-06-10,PCHSA9,,2.95,0.70xprazo,0,0,,,,,,30606763,30606763,0.0
2026-06-10,AGIZ11,IPCA_SPREAD,8.00,anbima,0,0,,,,,,29521416,29521416,0.0
2026-06-10,ENMTF8,IPCA_SPREAD,6.88,anbima,10129906,2,937.9542,8.2078,B35,7,B35 +7bps,27303944,7044132,74.2
2026-06-10,ITSA18,DI_SPREAD,4.39,anbima,0,0,,,,,,40122587,40122587,0.0
2026-06-10,HYPEB1,DI_SPREAD,3.31,anbima,0,0,,,,,,50021806,50021806,0.0
2026-06-10,SCPT13,,11.39,0.70xprazo,0,0,,,,,,39063969,39063969,0.0
2026-06-10,CSRNB4,,4.73,0.70xprazo,57856811,1,940.5317,14.6110,,,,115713616,0,100.0
2026-06-10,CMGDA2,DI_SPREAD,3.56,anbima,4809879,1,1041.5502,0.6693,CDI,0.6693,CDI +0.67%,20038758,10419000,48.0
2026-06-11,HARG11,IPCA_SPREAD,5.00,anbima,20823112,7,1039.4405,8.9673,B32,63,B32 +63bps,82982923,41336700,50.2
2026-06-11,CGMG18,IPCA_SPREAD,2.31,anbima,1853381,3,1057.2622,8.2588,B29,-36,B29 −36bps,24747478,21040717,15.0
2026-06-11,EQPAA1,IPCA_SPREAD,7.25,anbima,42035089,3,943.8452,8.1180,B37,17,B37 +17bps,94478149,10407971,89.0
2026-06-11,RENTD5,DI_SPREAD,3.24,anbima,0,0,,,,,,10006740,10006740,0.0
2026-06-11,CMGDA2,DI_SPREAD,3.56,anbima,0,0,,,,,,10411449,10411449,0.0
2026-06-11,GGBRA9,DI_SPREAD,4.03,anbima,60008406,2,1009.5287,0.4800,CDI,0.48,CDI +0.48%,125962487,5945674,95.3
2026-06-11,CSANB2,DI_SPREAD,2.54,anbima,25760117,2,1152.5780,1.9082,CDI,1.9082,CDI +1.91%,112296822,60776587,45.9
2026-06-11,CDAR11,DI_SPREAD,0.62,anbima,0,0,,,,,,11326718,11326718,0.0
2026-06-11,CEPEA7,IPCA_SPREAD,9.00,anbima,50729,1,1056.8492,7.2170,B40,-42,B40 −42bps,25377151,25275694,0.4
2026-06-11,ULFT14,IPCA_SPREAD,6.23,anbima,5087688,1,978.4016,7.8035,B35,-26,B35 −26bps,15544227,5368851,65.5
2026-06-11,VBBR18,DI_SPREAD,3.34,anbima,20019856,1,1070.5806,0.8200,CDI,0.82,CDI +0.82%,60077239,20037527,66.6
2026-06-11,VLIM29,IPCA_SPREAD,10.33,0.70xprazo,6086961,2,943.7149,7.5532,B40,-9,B40 −9bps,33343378,21169455,36.5
2026-06-11,ERDVA6,DI_SPREAD,3.07,anbima,7002700,1,1069.6044,0.9000,CDI,0.9,CDI +0.90%,14005400,0,100.0
2026-06-11,ENMTF8,IPCA_SPREAD,6.88,anbima,15403694,2,950.8453,8.0042,B35,-6,B35 −6bps,43118807,12311420,71.4
2026-06-11,CCROA7,DI_SPREAD,1.72,anbima,22294247,1,1066.0983,0.4284,CDI,0.4284,CDI +0.43%,135520078,90931585,32.9
2026-06-11,CGOSB0,IPCA_SPREAD,6.70,anbima,5739101,5,1004.5687,8.2314,B35,17,B35 +17bps,22444212,10966010,51.1
2026-06-11,AGIZ11,IPCA_SPREAD,8.00,anbima,29501186,1,983.3728,8.6937,B37,74,B37 +74bps,59065433,63062,99.9
2026-06-11,ELTN27,IPCA_SPREAD,4.90,anbima,191138,2,1050.2087,7.7900,B32,-55,B32 −55bps,11697505,11315229,3.3
2026-06-11,ELET14,IPCA_SPREAD,3.57,anbima,477967,9,1086.2897,8.1665,B30,-44,B30 −44bps,10074781,9118846,9.5
2026-06-11,CMGTA1,IPCA_SPREAD,7.27,anbima,7573215,1,970.9251,7.8635,B37,-9,B37 −9bps,16232567,1086136,93.3
2026-06-11,CMGDA4,IPCA_SPREAD,7.26,anbima,8574691,2,974.2860,7.8149,B37,-14,B37 −14bps,19925039,2775657,86.1
2026-06-11,CMGTB1,IPCA_SPREAD,8.60,anbima,14219732,1,947.9821,7.8435,B40,20,B40 +20bps,28439463,0,100.0
2026-06-11,BRKMA6,DI_SPREAD,2.04,0.70xprazo,0,0,,,,,,10014842,10014842,0.0
2026-06-11,MGPRA0,IPCA_SPREAD,7.73,anbima,6343971,7,1028.1963,,,,,23352771,10664829,54.3
2026-06-11,TRGP13,IPCA_SPREAD,7.79,anbima,0,0,,,,,,32668820,32668820,0.0
2026-06-11,SIMH16,DI_SPREAD,2.65,anbima,3476392,3,1062.4670,3.8706,CDI,3.8706,CDI +3.87%,19291077,12338293,36.0
2026-06-11,CERT11,IPCA_SPREAD,2.62,anbima,3472,1,1157.1972,8.7827,B29,16,B29 +16bps,10934599,10927656,0.1
2026-06-11,IVIAA0,IPCA_SPREAD,5.67,anbima,2976101,7,968.7829,9.3024,B33,96,B33 +96bps,24971183,19018981,23.8
2026-06-11,SBSPK8,IPCA_SPREAD,8.84,anbima,3069096,1,956.1046,7.2420,B40,-40,B40 −40bps,12486720,6348528,49.2
2026-06-11,AURP12,IPCA_SPREAD,5.83,anbima,56597,3,1010.6662,8.3906,B33,5,B33 +5bps,10766713,10653518,1.1
2026-06-11,EQTL17,DI_SPREAD,2.13,anbima,0,0,,,,,,10526450,10526450,0.0
2026-06-11,CEEDA0,DI_SPREAD,3.58,anbima,1177758,2,1017.0625,0.7792,CDI,0.7792,CDI +0.78%,12362336,10006819,19.1
2026-06-11,AESLA9,IPCA_SPREAD,6.00,anbima,4999172,1,989.9350,8.0010,B33,-34,B33 −34bps,12168470,2170127,82.2
2026-06-11,HAPVA0,DI_SPREAD,3.90,anbima,1000552,1,790.9501,7.5000,CDI,7.5,CDI +7.50%,11254736,9253632,17.8
2026-06-11,SBSPJ8,IPCA_SPREAD,7.96,anbima,23293,3,970.5220,7.2673,B37,-68,B37 −68bps,31739011,31692426,0.1
2026-06-11,ENEVB4,IPCA_SPREAD,8.85,anbima,10267035,5,981.3645,7.4814,B40,-16,B40 −16bps,25945862,5411792,79.1
2026-06-11,MVLV16,,1.41,0.70xprazo,0,0,,,,,,10328356,10328356,0.0
2026-06-11,HYPEB1,DI_SPREAD,3.31,anbima,0,0,,,,,,50364720,50364720,0.0
2026-06-11,TBSP12,DI_SPREAD,2.77,anbima,0,0,,,,,,29103048,29103048,0.0
2026-06-11,CESPA2,IPCA_SPREAD,2.78,anbima,39785,1,1283.3938,8.6352,B29,2,B29 +2bps,30496649,30417078,0.3
2026-06-11,BRIT11,DI_SPREAD,0.53,anbima,0,0,,,,,,14402147,14402147,0.0
2026-06-11,BARU11,IPCA_SPREAD,7.42,anbima,5039294,1,1199.8319,,,,,10083573,4985,100.0
2026-06-11,AESLC2,IPCA_SPREAD,5.30,anbima,0,0,,,,,,16542918,16542918,0.0
2026-06-11,SBSPI8,IPCA_SPREAD,7.00,anbima,75907,1,985.8057,7.0900,B35,-97,B35 −97bps,15947585,15795771,1.0
2026-06-11,LIGHB4,IPCA_SPREAD,4.50,0.70xprazo,0,0,,,,,,32925760,32925760,0.0
2026-06-11,PFOR25,DI_SPREAD,3.44,anbima,2501078,1,1040.8148,1.4900,CDI,1.49,CDI +1.49%,12836051,7833895,39.0
2026-06-11,TUPY25,DI_SPREAD,3.30,anbima,29558010,1,934.9954,5.0000,CDI,5,CDI +5.00%,59583655,467635,99.2
2026-06-11,AXIA18,IPCA_SPREAD,5.21,anbima,6839923,5,995.9119,7.7696,B32,-57,B32 −57bps,18774218,5094372,72.9
2026-06-11,NTSD18,DI_SPREAD,3.25,anbima,1518001,1,1012.0006,0.6708,CDI,0.6708,CDI +0.67%,51573781,48537779,5.9
2026-06-11,ECOA11,,6.36,0.70xprazo,2000795,1,1086.2081,9.2950,,,,23968026,19966435,16.7
2026-06-11,MNRVB1,,1.99,0.70xprazo,28484,2,1017.2750,113.4500,,,,22412170,22355203,0.3
2026-06-11,ENGIC3,DI_SPREAD,2.73,anbima,0,0,,,,,,20095663,20095663,0.0
2026-06-11,CSANA2,DI_SPREAD,2.49,anbima,0,0,,,,,,18400014,18400014,0.0
2026-06-11,PFOR16,DI_SPREAD,2.77,anbima,16072827,2,1064.0733,1.3512,CDI,1.3512,CDI +1.35%,32145655,1,100.0
2026-06-11,MRSAA4,IPCA_SPREAD,10.28,0.70xprazo,0,0,,,,,,30164213,30164213,0.0
2026-06-11,GASC19,IPCA_SPREAD,8.56,anbima,10104469,1,918.5881,8.2100,B40,57,B40 +57bps,40958263,20749325,49.3
2026-06-11,VBBRA0,IPCA_SPREAD,5.74,anbima,564881,2,970.5858,8.3881,B33,5,B33 +5bps,39856793,38727031,2.8
2026-06-11,ANHBB6,IPCA_SPREAD,6.67,anbima,1022556,1,1022.5562,7.8000,B35,-26,B35 −26bps,15037692,12992580,13.6
2026-06-11,ORMA17,DI_SPREAD,4.22,anbima,13077785,1,1071.9496,,,,,30573209,4417639,85.6
2026-06-11,RDORI6,DI_SPREAD,5.57,anbima,0,0,,,,,,19089437,19089437,0.0
2026-06-11,ENAT14,IPCA_SPREAD,3.36,anbima,20664,1,1087.5768,9.6700,B30,106,B30 +106bps,11072750,11031422,0.4
2026-06-11,CMTR29,IPCA_SPREAD,3.01,anbima,571453,1,1200.5310,8.4166,B29,-20,B29 −20bps,10745860,9602955,10.6
2026-06-11,CJEN13,IPCA_SPREAD,4.12,anbima,0,0,,,,,,16049269,16049269,0.0
2026-06-11,TBSP22,DI_SPREAD,3.85,anbima,0,0,,,,,,11745109,11745109,0.0
2026-06-11,ASAIA1,DI_SPREAD,2.16,anbima,0,0,,,,,,30600127,30600127,0.0
2026-06-11,KRSA12,DI_SPREAD,3.07,0.70xprazo,0,0,,,,,,30226825,30226825,0.0
2026-06-11,NTSD16,DI_SPREAD,0.56,anbima,0,0,,,,,,21587578,21587578,0.0
2026-06-11,VBBR26,DI_SPREAD,4.19,anbima,0,0,,,,,,16620860,16620860,0.0
2026-06-11,SAELB7,IPCA_SPREAD,8.42,anbima,0,0,,,,,,11863551,11863551,0.0
2026-06-11,ITSA18,DI_SPREAD,4.39,anbima,0,0,,,,,,40086793,40086793,0.0
2026-06-11,SABP12,IPCA_SPREAD,6.15,anbima,7021155,1,1080.1777,,,,,14139236,96927,99.3
2026-06-11,FLRY29,DI_SPREAD,3.23,anbima,5876203,1,1013.8377,0.5593,CDI,0.5593,CDI +0.56%,11752406,0,100.0
2026-06-11,CEPEB8,,4.73,0.70xprazo,30805286,3,954.0194,14.2780,,,,81437030,19826457,75.7
2026-06-11,ACQU11,,0.24,0.70xprazo,0,0,,,,,,23905062,23905062,0.0
2026-06-11,AALM12,DI_SPREAD,2.15,anbima,0,0,,,,,,10005008,10005008,0.0
2026-06-11,ASAIA2,DI_SPREAD,2.69,anbima,0,0,,,,,,10006029,10006029,0.0
2026-06-11,RDORC3,DI_SPREAD,3.41,anbima,0,0,,,,,,14006004,14006004,0.0
2026-06-11,RDORD4,DI_SPREAD,3.55,anbima,0,0,,,,,,14346221,14346221,0.0
2026-06-11,LMTPA0,DI_SPREAD,2.53,anbima,0,0,,,,,,42677502,42677502,0.0
2026-06-11,ISAED1,DI_SPREAD,4.84,anbima,0,0,,,,,,10006949,10006949,0.0
2026-06-11,ENEVC0,DI_SPREAD,2.23,anbima,10321202,1,1032.1202,0.6050,CDI,0.605,CDI +0.60%,20642404,0,100.0
2026-06-11,GUAR17,DI_SPREAD,1.50,anbima,3096265,1,1023.2203,0.9135,CDI,0.9135,CDI +0.91%,20467047,14274517,30.3
2026-06-11,DASAB2,DI_SPREAD,2.54,anbima,0,0,,,,,,25000549,25000549,0.0
2026-06-11,IGTAB0,DI_SPREAD,0.62,anbima,0,0,,,,,,11910349,11910349,0.0
2026-06-11,CSNP12,IPCA_SPREAD,2.93,anbima,5029001,1,1292.8023,8.7251,B29,11,B29 +11bps,10058002,0,100.0
2026-06-11,VERTA5,,2.77,0.70xprazo,0,0,,,,,,42717325,42717325,0.0
2026-06-11,EBAS13,IPCA_SPREAD,3.73,anbima,0,0,,,,,,41917008,41917008,0.0
2026-06-12,HAPVA0,DI_SPREAD,3.90,anbima,0,0,,,,,,23252723,23252723,0.0
2026-06-12,CMGDA3,DI_SPREAD,2.56,anbima,0,0,,,,,,17130390,17130390,0.0
2026-06-12,VBBR17,DI_SPREAD,3.28,anbima,6566272,1,1085.3342,0.8500,CDI,0.85,CDI +0.85%,13132544,0,100.0
2026-06-12,CEEDA1,DI_SPREAD,3.88,anbima,0,0,,,,,,40290477,40290477,0.0
2026-06-12,CMGDB4,IPCA_SPREAD,8.61,anbima,4114097,1,979.5468,7.4569,B40,5,B40 +5bps,15359673,7131480,53.6
2026-06-12,RDORD3,DI_SPREAD,4.60,anbima,8823725,2,1043.3635,1.1350,CDI,1.135,CDI +1.13%,17666235,18785,99.9
2026-06-12,RDORE4,DI_SPREAD,4.65,anbima,4314968,2,1046.0529,1.0960,CDI,1.096,CDI +1.10%,27848490,19218553,31.0
2026-06-12,BTGH18,DI_SPREAD,2.00,anbima,13135831,1,1008.6640,1.1428,CDI,1.1428,CDI +1.14%,103842401,77570739,25.3
2026-06-12,IVIAA0,IPCA_SPREAD,5.67,anbima,9145448,3,969.6191,9.3015,B33,117,B33 +117bps,41178615,22887719,44.4
2026-06-12,CERT11,IPCA_SPREAD,2.62,anbima,10147668,2,1162.1241,8.6670,B29,29,B29 +29bps,20777088,481752,97.7
2026-06-12,NTSD18,DI_SPREAD,3.25,anbima,50041951,1,1011.9707,0.6808,CDI,0.6808,CDI +0.68%,100083903,1,100.0
2026-06-12,ERDVA4,IPCA_SPREAD,4.15,anbima,11050974,3,1017.0232,8.8438,B31,47,B31 +47bps,22994465,892518,96.1
2026-06-12,LCAMD1,IPCA_SPREAD,3.52,anbima,11576144,4,1168.2454,10.0043,B30,163,B30 +163bps,23260407,108120,99.5
2026-06-12,GASC19,IPCA_SPREAD,8.56,anbima,0,0,,,,,,25853398,25853398,0.0
2026-06-12,CBAN22,DI_SPREAD,3.24,anbima,15694963,1,925.3014,0.8200,CDI,0.82,CDI +0.82%,32479917,1089991,96.6
2026-06-12,NTSD16,DI_SPREAD,0.56,anbima,0,0,,,,,,14747046,14747046,0.0
2026-06-12,PSAN23,DI_SPREAD,2.70,anbima,0,0,,,,,,40027754,40027754,0.0
2026-06-12,MGPRA0,IPCA_SPREAD,7.73,anbima,7412298,5,1040.7608,,,,,37569884,22745288,39.5
2026-06-12,ULFT14,IPCA_SPREAD,6.23,anbima,14429796,1,981.6187,7.7544,B35,-9,B35 −9bps,28859591,0,100.0
2026-06-12,PEJA23,IPCA_SPREAD,5.35,anbima,21579491,3,1027.5459,8.2288,B33,10,B33 +10bps,49005834,5846852,88.1
2026-06-12,CSANB2,DI_SPREAD,2.54,anbima,55103816,3,1153.5476,1.8984,CDI,1.8984,CDI +1.90%,132242709,22035077,83.3
2026-06-12,CGOS16,IPCA_SPREAD,6.30,anbima,4450798,4,1000.4042,8.1837,B35,34,B35 +34bps,54268285,45366689,16.4
2026-06-12,ANHBB6,IPCA_SPREAD,6.67,anbima,0,0,,,,,,14349938,14349938,0.0
2026-06-12,CGASA5,DI_SPREAD,2.16,anbima,3101392,1,1032.7646,0.6789,CDI,0.6789,CDI +0.68%,120814954,114612170,5.1
2026-06-12,QYAN11,DI_SPREAD,3.35,anbima,0,0,,,,,,16829297,16829297,0.0
2026-06-12,VBBRA0,IPCA_SPREAD,5.74,anbima,0,0,,,,,,54595300,54595300,0.0
2026-06-12,SBSPJ8,IPCA_SPREAD,7.96,anbima,504459,2,970.1126,7.2865,B37,-42,B37 −42bps,22722150,21713233,4.4
2026-06-12,CGOSB0,IPCA_SPREAD,6.70,anbima,5115593,5,1015.8048,8.0753,B35,24,B35 +24bps,73139818,62908632,14.0
2026-06-12,CEPEB8,,4.73,0.70xprazo,25145541,1,961.5885,14.1000,,,,85350864,35059783,58.9
2026-06-12,VBBR26,DI_SPREAD,4.19,anbima,0,0,,,,,,16651448,16651448,0.0
2026-06-12,CGOS28,IPCA_SPREAD,6.40,anbima,4020151,3,1012.8876,8.1381,B35,30,B35 +30bps,117544076,109503774,6.8
2026-06-12,OVSAA8,DI_SPREAD,2.00,anbima,0,0,,,,,,15573646,15573646,0.0
2026-06-12,CHSF13,IPCA_SPREAD,4.17,anbima,1437482,3,1083.2573,8.0161,B31,-35,B31 −35bps,33616998,30742033,8.6
2026-06-12,CNRD12,IPCA_SPREAD,6.98,anbima,18456597,4,976.0231,8.6772,B35,84,B35 +84bps,38806692,1893498,95.1
2026-06-12,RPTA14,IPCA_SPREAD,5.04,anbima,7480224,3,1106.8695,8.6430,B32,51,B32 +51bps,28176317,13215869,53.1
2026-06-12,IRJS15,IPCA_SPREAD,6.61,anbima,6202,2,1033.7093,10.5902,B35,275,B35 +275bps,36797314,36784910,0.0
2026-06-12,APFL18,DI_SPREAD,2.13,anbima,5001842,1,1054.1290,1.4000,CDI,1.4,CDI +1.40%,23374223,13370538,42.8
2026-06-12,SBSPK8,IPCA_SPREAD,8.84,anbima,0,0,,,,,,18743497,18743497,0.0
2026-06-12,EBAS13,IPCA_SPREAD,3.73,anbima,1011646,1,1149.5983,8.4680,B30,10,B30 +10bps,27815984,25792691,7.3
2026-06-12,CESPA4,DI_SPREAD,3.76,anbima,4002092,1,1037.8870,0.8007,CDI,0.8007,CDI +0.80%,64021097,56016913,12.5
2026-06-12,TFLE19,DI_SPREAD,2.96,anbima,0,0,,,,,,20008907,20008907,0.0
2026-06-12,NATUA3,DI_SPREAD,2.39,anbima,7968990,1,1069.3760,,,,,15937979,0,100.0
2026-06-12,DASAC5,DI_SPREAD,3.57,anbima,6996589,1,985.4351,2.9512,CDI,2.9512,CDI +2.95%,38381254,24388076,36.5
2026-06-12,AEGPB5,DI_SPREAD,3.22,anbima,5002510,1,939.4384,3.7200,CDI,3.72,CDI +3.72%,23924004,13918985,41.8
2026-06-12,BRMLB1,DI_SPREAD,4.31,anbima,0,0,,,,,,10615780,10615780,0.0
2026-06-12,SUZBB1,DI_SPREAD,4.54,anbima,0,0,,,,,,43578877,43578877,0.0
2026-06-12,SBSPE7,DI_SPREAD,4.86,anbima,0,0,,,,,,23212541,23212541,0.0
2026-06-12,COGNA4,DI_SPREAD,2.30,anbima,0,0,,,,,,14912792,14912792,0.0
2026-06-12,RDORI6,DI_SPREAD,5.57,anbima,0,0,,,,,,15676448,15676448,0.0
2026-06-12,AURE13,DI_SPREAD,3.12,anbima,0,0,,,,,,28652607,28652607,0.0
2026-06-12,INEL12,DI_SPREAD,1.55,anbima,0,0,,,,,,43832181,43832181,0.0
2026-06-12,SBSPM8,DI_SPREAD,4.81,anbima,0,0,,,,,,23383212,23383212,0.0
2026-06-12,COGNA5,DI_SPREAD,2.03,anbima,0,0,,,,,,15387170,15387170,0.0
2026-06-12,ENGIC4,DI_SPREAD,3.79,anbima,6617355,3,1035.7420,0.7239,CDI,0.7239,CDI +0.72%,21701603,8466892,61.0
2026-06-12,ALGTA6,DI_SPREAD,3.90,anbima,0,0,,,,,,15343409,15343409,0.0
2026-06-12,ISAED1,DI_SPREAD,4.84,anbima,0,0,,,,,,24652734,24652734,0.0
2026-06-12,EUFA17,DI_SPREAD,2.73,anbima,0,0,,,,,,23884115,23884115,0.0
2026-06-12,ORMA17,DI_SPREAD,4.22,anbima,0,0,,,,,,77446979,77446979,0.0
2026-06-12,ASAIA1,DI_SPREAD,2.16,anbima,0,0,,,,,,10263216,10263216,0.0
2026-06-12,COLNA3,DI_SPREAD,3.17,anbima,21176720,2,1058.8360,0.8306,CDI,0.8306,CDI +0.83%,42364013,10573,100.0
2026-06-12,ELET17,DI_SPREAD,4.86,anbima,20309124,1,1015.4562,0.7692,CDI,0.7692,CDI +0.77%,40773984,155736,99.6
2026-06-12,LCAMC2,DI_SPREAD,2.87,anbima,0,0,,,,,,10027826,10027826,0.0
2026-06-12,NTSDA2,DI_SPREAD,3.04,anbima,0,0,,,,,,17034595,17034595,0.0
2026-06-12,CMGDA4,IPCA_SPREAD,7.26,anbima,2517581,1,1003.0201,7.4185,B37,-29,B37 −29bps,13939904,8904743,36.1
2026-06-12,USIM39,DI_SPREAD,3.69,anbima,0,0,,,,,,14284556,14284556,0.0
2026-06-12,VBBR18,DI_SPREAD,3.34,anbima,3469899,3,1072.2804,0.8064,CDI,0.8064,CDI +0.81%,95325227,88385428,7.3
2026-06-12,ITPO15,IPCA_SPREAD,5.78,anbima,0,0,,,,,,12496792,12496792,0.0
2026-06-12,AALM12,DI_SPREAD,2.15,anbima,0,0,,,,,,65066208,65066208,0.0
2026-06-12,RDORC9,DI_SPREAD,2.92,anbima,0,0,,,,,,80666304,80666304,0.0
2026-06-12,EQPAA1,IPCA_SPREAD,7.25,anbima,128180,1,956.5643,7.9395,B37,23,B37 +23bps,11387153,11130794,2.3
2026-06-12,EDST11,,12.78,0.70xprazo,10564677,1,960.4252,,,,,21129354,0,100.0
2026-06-12,APFD19,IPCA_SPREAD,2.63,anbima,6002430,3,1103.5907,8.2005,B29,-18,B29 −18bps,14535505,2530645,82.6
2026-06-12,ALGTA4,IPCA_SPREAD,4.76,anbima,0,0,,,,,,10038191,10038191,0.0
2026-06-12,CMGDA2,DI_SPREAD,3.56,anbima,5016235,1,1045.0489,0.6093,CDI,0.6093,CDI +0.61%,10359430,326960,96.8
2026-06-12,CGOS15,DI_SPREAD,2.13,anbima,0,0,,,,,,604196833,604196833,0.0
2026-06-12,CGOS18,DI_SPREAD,2.45,anbima,0,0,,,,,,20125386,20125386,0.0
2026-06-12,BARU11,IPCA_SPREAD,7.42,anbima,0,0,,,,,,10497153,10497153,0.0
2026-06-12,USNA13,IPCA_SPREAD,4.03,anbima,0,0,,,,,,10542268,10542268,0.0
2026-06-12,DASAB2,DI_SPREAD,2.54,anbima,0,0,,,,,,50553591,50553591,0.0
2026-06-12,PRNR12,,2.63,0.70xprazo,0,0,,,,,,20641717,20641717,0.0
2026-06-12,ARTRB8,,4.44,0.70xprazo,0,0,,,,,,20197213,20197213,0.0
2026-06-12,WETE11,,1.64,0.70xprazo,488649,1,481.4278,,,,,39586941,38609642,2.5
2026-06-12,CSMGD2,DI_SPREAD,3.94,anbima,10003753,1,995.9929,0.7492,CDI,0.7492,CDI +0.75%,22996603,2989097,87.0
2026-06-12,SUMI17,IPCA_SPREAD,3.74,anbima,0,0,,,,,,11760256,11760256,0.0
2026-06-12,ANHBA5,DI_SPREAD,2.92,anbima,0,0,,,,,,14171776,14171776,0.0
2026-06-12,MGSP15,,7.01,0.70xprazo,0,0,,,,,,196238474,196238474,0.0
2026-06-12,MGSP25,,10.51,0.70xprazo,0,0,,,,,,157264185,157264185,0.0
2026-06-12,RDORB9,DI_SPREAD,2.92,anbima,0,0,,,,,,11005801,11005801,0.0
2026-06-12,EQPA17,DI_SPREAD,2.35,anbima,0,0,,,,,,13586129,13586129,0.0
2026-06-12,IOCHA3,DI_SPREAD,2.15,anbima,0,0,,,,,,15003989,15003989,0.0
2026-06-12,CSMGE2,IPCA_SPREAD,4.65,anbima,0,0,,,,,,31898502,31898502,0.0
2026-06-12,ENMTF8,IPCA_SPREAD,6.88,anbima,0,0,,,,,,24113296,24113296,0.0
2026-06-12,MSGT13,IPCA_SPREAD,2.87,anbima,11540490,1,927.9159,9.3790,B29,100,B29 +100bps,23080980,0,100.0
2026-06-12,CTNSA5,IPCA_SPREAD,6.88,anbima,5016074,1,960.9337,7.8650,B35,3,B35 +3bps,10032148,0,100.0
2026-06-12,MRSAA4,IPCA_SPREAD,10.28,0.70xprazo,0,0,,,,,,14975171,14975171,0.0
2026-06-12,CMGTB1,IPCA_SPREAD,8.60,anbima,0,0,,,,,,10064624,10064624,0.0
2026-06-15,SRBS11,IPCA_SPREAD,8.17,anbima,16146126,1,1009.1328,,,,,104103356,71811105,31.0
2026-06-15,VBBRA0,IPCA_SPREAD,5.74,anbima,4926934,1,985.3868,8.1430,B33,4,B33 +4bps,61117092,51263223,16.1
2026-06-15,VBBR18,DI_SPREAD,3.34,anbima,1535872,1,1072.5366,0.8000,CDI,0.8,CDI +0.80%,82409311,79337566,3.7
2026-06-15,AURE13,DI_SPREAD,3.12,anbima,0,0,,,,,,42471646,42471646,0.0
2026-06-15,IOCHA3,DI_SPREAD,2.15,anbima,0,0,,,,,,52307003,52307003,0.0
2026-06-15,RIS414,IPCA_SPREAD,4.35,anbima,10241550,1,0.9311,12.0705,B31,374,B31 +374bps,21093880,610780,97.1
2026-06-15,JSMLA5,DI_SPREAD,2.67,anbima,468896,2,1044.3119,4.5555,CDI,4.5555,CDI +4.56%,11859724,10921932,7.9
2026-06-15,NTEN11,IPCA_SPREAD,1.88,anbima,206800,2,919.1094,13.9366,B28,563,B28 +563bps,10014283,9600684,4.1
2026-06-15,CMGDA4,IPCA_SPREAD,7.26,anbima,0,0,,,,,,111588922,111588922,0.0
2026-06-15,CERT11,IPCA_SPREAD,2.62,anbima,107242,3,1165.6719,8.5703,B29,26,B29 +26bps,236022300,235807816,0.1
2026-06-15,USIMA0,DI_SPREAD,2.48,anbima,4026294,1,1032.3832,1.4450,CDI,1.445,CDI +1.44%,23766276,15713688,33.9
2026-06-15,CNRD12,IPCA_SPREAD,6.98,anbima,0,0,,,,,,33445849,33445849,0.0
2026-06-15,CBOH11,DI_SPREAD,1.49,anbima,0,0,,,,,,12032683,12032683,0.0
2026-06-15,MGPRA0,IPCA_SPREAD,7.73,anbima,21902871,4,1045.1838,,,,,77780698,33974956,56.3
2026-06-15,CESE32,IPCA_SPREAD,3.14,anbima,20577,1,1143.1686,8.0330,B30,-30,B30 −30bps,46437079,46395925,0.1
2026-06-15,CSMGE2,IPCA_SPREAD,4.65,anbima,0,0,,,,,,29974368,29974368,0.0
2026-06-15,AESLA9,IPCA_SPREAD,6.00,anbima,0,0,,,,,,16869342,16869342,0.0
2026-06-15,CSANB2,DI_SPREAD,2.54,anbima,19974868,1,1154.2164,1.8983,CDI,1.8983,CDI +1.90%,41110123,1160387,97.2
2026-06-15,ECOA11,,6.36,0.70xprazo,7717619,2,1102.5170,8.9598,,,,19843736,4408498,77.8
2026-06-15,PEJA23,IPCA_SPREAD,5.35,anbima,2134045,2,1032.9359,8.1445,B33,4,B33 +4bps,10174286,5906195,41.9
2026-06-15,IRJS15,IPCA_SPREAD,6.61,anbima,20370,3,1018.5211,10.8455,B35,309,B35 +309bps,33363502,33322761,0.1
2026-06-15,CMGTA1,IPCA_SPREAD,7.27,anbima,97745,1,1018.1813,7.2085,B37,-41,B37 −41bps,10450207,10254716,1.9
2026-06-15,RPTA14,IPCA_SPREAD,5.04,anbima,16290445,3,1106.5375,8.6597,B32,56,B32 +56bps,62336329,29755439,52.3
2026-06-15,TUPY25,DI_SPREAD,3.30,anbima,60007221,1,935.4933,5.0000,CDI,5,CDI +5.00%,120014446,4,100.0
2026-06-15,INEL12,DI_SPREAD,1.55,anbima,0,0,,,,,,60056741,60056741,0.0
2026-06-15,SBSPI8,IPCA_SPREAD,7.00,anbima,1892245,2,963.4650,7.4640,B35,-30,B35 −30bps,10237458,6452967,37.0
2026-06-15,EQPA19,IPCA_SPREAD,6.83,anbima,378697,4,1026.2802,7.3567,B35,-40,B35 −40bps,10549628,9792233,7.2
2026-06-15,RDORB9,DI_SPREAD,2.92,anbima,8669381,1,1078.4154,0.9700,CDI,0.97,CDI +0.97%,27968859,10630096,62.0
2026-06-15,RDORC9,DI_SPREAD,2.92,anbima,3423969,1,1078.4154,0.9700,CDI,0.97,CDI +0.97%,85948060,79100122,8.0
2026-06-15,SBSPB1,DI_SPREAD,2.98,anbima,4514567,2,1064.7563,0.5388,CDI,0.5388,CDI +0.54%,51618964,42589831,17.5
2026-06-15,RDOE18,IPCA_SPREAD,3.28,anbima,0,0,,,,,,15722600,15722600,0.0
2026-06-15,RECV11,IPCA_SPREAD,3.29,anbima,0,0,,,,,,13250075,13250075,0.0
2026-06-15,TRPLA4,IPCA_SPREAD,5.42,anbima,4249,2,1062.3025,7.7925,B33,-31,B33 −31bps,24501842,24493343,0.0
2026-06-15,VLIM15,IPCA_SPREAD,4.06,anbima,0,0,,,,,,89227718,89227718,0.0
2026-06-15,CMGDB0,IPCA_SPREAD,5.25,anbima,1161028,4,1045.9709,7.7701,B33,-33,B33 −33bps,33752915,31430860,6.9
2026-06-15,ENAT11,IPCA_SPREAD,1.71,anbima,0,0,,,,,,15076363,15076363,0.0
2026-06-15,SBSPJ8,IPCA_SPREAD,7.96,anbima,0,0,,,,,,22264121,22264121,0.0
2026-06-15,DASAB2,DI_SPREAD,2.54,anbima,0,0,,,,,,30663509,30663509,0.0
2026-06-15,EUFA17,DI_SPREAD,2.73,anbima,0,0,,,,,,20004387,20004387,0.0
2026-06-15,MRSAB2,IPCA_SPREAD,6.73,anbima,102961,1,1029.6082,7.7330,B35,-3,B35 −3bps,38750340,38544419,0.5
2026-06-15,MRSAA4,IPCA_SPREAD,10.27,0.70xprazo,29394145,1,963.7424,7.3400,B40,3,B40 +3bps,78607208,19818919,74.8
2026-06-15,CPLDA1,IPCA_SPREAD,6.82,anbima,411182,1,1027.9545,7.6410,B35,-12,B35 −12bps,233069004,232246641,0.4
2026-06-15,FURN21,IPCA_SPREAD,1.68,anbima,5855299,1,1171.0597,8.2715,B28,-4,B28 −4bps,13421573,1710976,87.3
2026-06-15,EBAS13,IPCA_SPREAD,3.73,anbima,3059081,1,1149.5983,8.4680,B30,14,B30 +14bps,13108439,6990277,46.7
2026-06-15,SBSPK8,IPCA_SPREAD,8.84,anbima,1200039,1,963.1129,7.1735,B40,-14,B40 −14bps,23246915,20846838,10.3
2026-06-15,AURP13,IPCA_SPREAD,7.20,anbima,0,0,,,,,,39875522,39875522,0.0
2026-06-15,ECER12,IPCA_SPREAD,1.13,anbima,2649,2,1324.3932,8.3065,B27,-269,B27 −269bps,11054513,11049216,0.0
2026-06-15,BHSA11,IPCA_SPREAD,7.17,anbima,10178334,1,1017.8334,8.0343,B35,27,B35 +27bps,20684013,327345,98.4
2026-06-15,IOCHA4,DI_SPREAD,1.49,anbima,5035253,1,1027.6026,1.2500,CDI,1.25,CDI +1.25%,50080777,40010271,20.1
2026-06-15,EKTT11,IPCA_SPREAD,5.21,anbima,0,0,,,,,,14332587,14332587,0.0
2026-06-15,CEEBD2,IPCA_SPREAD,6.93,anbima,416780,2,945.0799,7.7625,B35,0,B35 +0bps,11403030,10569469,7.3
2026-06-15,EQPAA1,IPCA_SPREAD,7.25,anbima,1047910,1,952.6453,8.0080,B37,39,B37 +39bps,10722435,8626615,19.5
2026-06-15,ENMTF8,IPCA_SPREAD,6.88,anbima,1884787,1,959.1791,7.9000,B35,14,B35 +14bps,32273858,28504284,11.7
2026-06-15,AXIA18,IPCA_SPREAD,5.21,anbima,9990547,2,999.0547,7.7422,B32,-36,B32 −36bps,42342705,22361611,47.2
2026-06-15,GASC19,IPCA_SPREAD,8.56,anbima,0,0,,,,,,39843865,39843865,0.0
2026-06-15,CMGTB1,IPCA_SPREAD,8.60,anbima,0,0,,,,,,10048103,10048103,0.0
2026-06-15,PRNR12,,2.62,0.70xprazo,0,0,,,,,,20650437,20650437,0.0
2026-06-15,CGASA1,IPCA_SPREAD,6.25,anbima,0,0,,,,,,19254327,19254327,0.0
2026-06-15,VBRR11,IPCA_SPREAD,2.52,anbima,0,0,,,,,,211592861,211592861,0.0
2026-06-15,PFOR26,DI_SPREAD,3.82,anbima,0,0,,,,,,14727816,14727816,0.0
2026-06-15,GGBRA8,DI_SPREAD,2.05,anbima,20009193,2,1004.4775,0.3950,CDI,0.395,CDI +0.39%,60188285,20169900,66.5
2026-06-15,CPGTC0,IPCA_SPREAD,6.10,anbima,5028643,1,1069.9240,7.7752,B33,-32,B33 −32bps,17085151,7027866,58.9
2026-06-15,EGIEB4,IPCA_SPREAD,3.92,anbima,0,0,,,,,,29965787,29965787,0.0
2026-06-15,AALM12,DI_SPREAD,2.15,anbima,35047151,1,1049.9446,0.7052,CDI,0.7052,CDI +0.71%,112746477,42652176,62.2
2026-06-15,ASAIA1,DI_SPREAD,2.16,anbima,0,0,,,,,,230360687,230360687,0.0
2026-06-15,CPGS16,,10.27,0.70xprazo,0,0,,,,,,19629646,19629646,0.0
2026-06-15,ECOC13,,2.80,0.70xprazo,106609453,2,995.4197,8.8669,,,,349514859,136295954,61.0
2026-06-15,CGBP14,DI_SPREAD,2.87,anbima,0,0,,,,,,17158130,17158130,0.0
2026-06-15,RENTE3,DI_SPREAD,3.07,anbima,0,0,,,,,,21241659,21241659,0.0
2026-06-15,ITSA17,DI_SPREAD,4.08,anbima,0,0,,,,,,11552352,11552352,0.0
2026-06-15,PRLG17,DI_SPREAD,2.83,anbima,0,0,,,,,,14845035,14845035,0.0
2026-06-15,SBSPD7,DI_SPREAD,3.96,anbima,13991518,2,1016.1608,0.5991,CDI,0.5991,CDI +0.60%,47994539,20011504,58.3
2026-06-15,DESK19,IPCA_SPREAD,4.50,anbima,0,0,,,,,,17312012,17312012,0.0
2026-06-15,ELTN19,DI_SPREAD,4.18,anbima,0,0,,,,,,48246259,48246259,0.0
2026-06-15,IOCHA6,DI_SPREAD,2.66,anbima,0,0,,,,,,40132831,40132831,0.0
2026-06-15,ENEVA4,IPCA_SPREAD,7.02,anbima,5316454,2,982.7087,7.7418,B35,-2,B35 −2bps,20664986,10032078,51.5
2026-06-15,CPIS14,IPCA_SPREAD,6.71,anbima,0,0,,,,,,13283108,13283108,0.0
2026-06-15,SUZBB1,DI_SPREAD,4.54,anbima,0,0,,,,,,18564054,18564054,0.0
2026-06-15,CEAL12,IPCA_SPREAD,6.70,anbima,0,0,,,,,,15790550,15790550,0.0
2026-06-16,ELTN19,DI_SPREAD,4.18,anbima,0,0,,,,,,48647612,48647612,0.0
2026-06-16,RDORB3,DI_SPREAD,3.41,anbima,0,0,,,,,,16337726,16337726,0.0
2026-06-16,RDORF8,DI_SPREAD,4.82,anbima,6144538,2,1012.6134,1.1185,CDI,1.1185,CDI +1.12%,20157984,7868908,61.0
2026-06-16,TAEEA7,IPCA_SPREAD,7.71,anbima,38248,3,1159.0405,7.4698,B37,-20,B37 −20bps,11640691,11564194,0.7
2026-06-16,CBOH11,DI_SPREAD,1.49,anbima,0,0,,,,,,30155490,30155490,0.0
2026-06-16,ASAIA1,DI_SPREAD,2.16,anbima,0,0,,,,,,46198395,46198395,0.0
2026-06-16,VBRR11,IPCA_SPREAD,2.52,anbima,100770510,1,1157.0316,10.9745,B29,265,B29 +265bps,211751622,10210602,95.2
2026-06-16,AEEP11,,3.03,0.70xprazo,10240008,1,1024.0008,0.4715,,,,21280776,800760,96.2
2026-06-16,CMGDB0,IPCA_SPREAD,5.25,anbima,1358154,6,1044.7339,7.7939,B33,-33,B33 −33bps,13184518,10468210,20.6
2026-06-16,CEAL12,IPCA_SPREAD,6.70,anbima,15780545,1,1021.1301,8.0080,B35,21,B35 +21bps,34640626,3079536,91.1
2026-06-16,AXIA18,IPCA_SPREAD,5.21,anbima,3060725,3,998.9310,7.7448,B32,-38,B32 −38bps,26691866,20570416,22.9
2026-06-16,CPIS14,IPCA_SPREAD,6.71,anbima,13274691,1,1021.1301,8.0080,B35,21,B35 +21bps,30631843,4082461,86.7
2026-06-16,ENEVA4,IPCA_SPREAD,7.02,anbima,13027795,2,982.4883,7.7469,B35,-5,B35 −5bps,26055590,0,100.0
2026-06-16,ELET14,IPCA_SPREAD,3.57,anbima,1480199,12,1095.6320,7.9860,B30,-37,B30 −37bps,29059526,26099128,10.2
2026-06-16,CGOSA1,DI_SPREAD,3.58,anbima,582499,2,1018.3540,0.7818,CDI,0.7818,CDI +0.78%,10361538,9196541,11.2
2026-06-16,GGBRA8,DI_SPREAD,2.05,anbima,0,0,,,,,,25103990,25103990,0.0
2026-06-16,RMSA12,IPCA_SPREAD,7.00,anbima,14027766,5,1200.9046,9.7440,B35,194,B35 +194bps,68508435,40452903,41.0
2026-06-16,ELET17,DI_SPREAD,4.86,anbima,0,0,,,,,,20370973,20370973,0.0
2026-06-16,ADPA21,DI_SPREAD,1.27,anbima,222267,1,1111.3362,3.1000,CDI,3.1,CDI +3.10%,13467605,13023070,3.3
2026-06-16,ERDVA6,DI_SPREAD,3.07,anbima,10101779,2,1074.6573,0.8194,CDI,0.8194,CDI +0.82%,20220675,17117,99.9
2026-06-16,RPTA14,IPCA_SPREAD,5.04,anbima,0,0,,,,,,30979284,30979284,0.0
2026-06-16,ECOC13,,2.80,0.70xprazo,0,0,,,,,,247733039,247733039,0.0
2026-06-16,CPGTC0,IPCA_SPREAD,6.10,anbima,69784808,4,1067.2092,7.8265,B33,-29,B33 −29bps,157370042,17800427,88.7
2026-06-16,CEEBD2,IPCA_SPREAD,6.93,anbima,770884,2,941.2499,7.8309,B35,3,B35 +3bps,13823478,12281711,11.2
2026-06-16,DESK19,IPCA_SPREAD,4.50,anbima,12112506,2,1053.2614,8.2335,B31,-13,B31 −13bps,143496286,119271273,16.9
2026-06-16,IRJS14,IPCA_SPREAD,6.81,anbima,24052652,3,1132.9024,10.5795,B35,278,B35 +278bps,50063557,1958254,96.1
2026-06-16,CERT11,IPCA_SPREAD,2.62,anbima,17168604,3,1161.7678,8.7426,B29,42,B29 +42bps,176517811,142180602,19.5
2026-06-16,BHSA11,IPCA_SPREAD,7.17,anbima,10178334,1,1017.8334,8.0343,B35,23,B35 +23bps,20356668,0,100.0
2026-06-16,USIMA0,DI_SPREAD,2.48,anbima,0,0,,,,,,13001046,13001046,0.0
2026-06-16,SBSPJ8,IPCA_SPREAD,7.96,anbima,0,0,,,,,,21218622,21218622,0.0
2026-06-16,INEL12,DI_SPREAD,1.55,anbima,0,0,,,,,,20001008,20001008,0.0
2026-06-16,VALEB1,IPCA_SPREAD,4.79,anbima,696620,4,1045.9759,7.0600,B32,-106,B32 −106bps,15379947,13986707,9.1
2026-06-16,EGIEB4,IPCA_SPREAD,3.92,anbima,0,0,,,,,,16545580,16545580,0.0
2026-06-16,ENGIB0,IPCA_SPREAD,4.05,anbima,14796,1,1056.8347,7.6530,B31,-71,B31 −71bps,18979162,18949570,0.2
2026-06-16,CEEBD1,PREFIXADO,4.44,anbima,2019453,2,917.5163,14.0099,,,,22422524,18383617,18.0
2026-06-16,VBBRA0,IPCA_SPREAD,5.74,anbima,5590822,2,980.6739,8.2400,B33,12,B33 +12bps,18503434,7321790,60.4
2026-06-16,SBSPD7,DI_SPREAD,3.96,anbima,0,0,,,,,,40005147,40005147,0.0
2026-06-16,AURP12,IPCA_SPREAD,5.83,anbima,349222,2,1024.1104,8.1974,B33,8,B33 +8bps,24843132,24144689,2.8
2026-06-16,BCPSA7,IPCA_SPREAD,6.45,anbima,5016209,1,1023.7160,7.5800,B35,-22,B35 −22bps,10079419,47002,99.5
2026-06-16,ISAED1,DI_SPREAD,4.84,anbima,5012618,3,1061.9953,0.6606,CDI,0.6606,CDI +0.66%,10826377,801140,92.6
2026-06-16,SBSPI8,IPCA_SPREAD,7.00,anbima,832281,6,961.0637,7.5081,B35,-29,B35 −29bps,14579774,12915212,11.4
2026-06-16,RIPR22,IPCA_SPREAD,3.51,anbima,0,0,,,,,,11062696,11062696,0.0
2026-06-16,KRSA12,DI_SPREAD,3.06,0.70xprazo,0,0,,,,,,59935146,59935146,0.0
2026-06-16,ELTN37,IPCA_SPREAD,6.69,anbima,12495,2,1041.2110,7.7222,B35,-8,B35 −8bps,15386700,15361711,0.2
2026-06-16,PEJA23,IPCA_SPREAD,5.35,anbima,5152390,1,1030.4779,8.2100,B33,9,B33 +9bps,10797870,493091,95.4
2026-06-16,CMGDB4,IPCA_SPREAD,8.61,anbima,430708,1,987.8632,7.3715,B40,0,B40 +0bps,11863253,11001837,7.3
2026-06-16,ELET25,DI_SPREAD,3.40,anbima,0,0,,,,,,18023160,18023160,0.0
2026-06-16,RDORB9,DI_SPREAD,2.92,anbima,0,0,,,,,,24020762,24020762,0.0
2026-06-16,HAPV18,DI_SPREAD,3.44,anbima,100034016,1,821.9857,7.4000,CDI,7.4,CDI +7.40%,200068032,1,100.0
2026-06-16,PASS12,DI_SPREAD,2.88,anbima,0,0,,,,,,29998426,29998426,0.0
2026-06-16,EQPAA1,IPCA_SPREAD,7.25,anbima,0,0,,,,,,11382647,11382647,0.0
2026-06-16,ECOV16,IPCA_SPREAD,4.21,anbima,0,0,,,,,,102464061,102464061,0.0
2026-06-16,CART13,IPCA_SPREAD,4.03,anbima,0,0,,,,,,38264886,38264886,0.0
2026-06-16,AEGPB3,DI_SPREAD,3.35,anbima,5591020,1,978.4775,3.8500,CDI,3.85,CDI +3.85%,11229074,47033,99.6
2026-06-16,ECRD14,IPCA_SPREAD,8.55,anbima,0,0,,,,,,14951774,14951774,0.0
2026-06-16,CMGTA1,IPCA_SPREAD,7.27,anbima,30890238,1,996.4593,7.5263,B37,-14,B37 −14bps,69812085,8031609,88.5
2026-06-16,BSA3A0,DI_SPREAD,2.80,anbima,0,0,,,,,,10852604,10852604,0.0
2026-06-16,CVRN11,,13.67,0.70xprazo,0,0,,,,,,59999476,59999476,0.0
2026-06-16,ATGS12,,0.11,0.70xprazo,0,0,,,,,,30001729,30001729,0.0
2026-06-16,ISAEB8,IPCA_SPREAD,4.88,anbima,0,0,,,,,,25460309,25460309,0.0
2026-06-16,ELFA12,DI_SPREAD,3.84,0.70xprazo,0,0,,,,,,16709659,16709659,0.0
2026-06-16,CNRD12,IPCA_SPREAD,6.98,anbima,19880059,2,974.5127,8.7090,B35,91,B35 +91bps,39760117,0,100.0
2026-06-16,BRKPA3,DI_SPREAD,2.35,anbima,0,0,,,,,,10003944,10003944,0.0
2026-06-16,BRKPA4,DI_SPREAD,3.07,anbima,399849,1,997.1293,2.8055,CDI,2.8055,CDI +2.81%,12306104,11506406,6.5
2026-06-16,EGIEA2,PREFIXADO,2.58,anbima,0,0,,,,,,13919080,13919080,0.0
2026-06-16,MRSAB2,IPCA_SPREAD,6.73,anbima,0,0,,,,,,14861934,14861934,0.0
2026-06-16,EEELB5,IPCA_SPREAD,6.00,anbima,0,0,,,,,,13623129,13623129,0.0
2026-06-16,SBIOA4,DI_SPREAD,3.06,anbima,20654191,1,1032.7096,0.6800,CDI,0.68,CDI +0.68%,43806451,2498069,94.3
2026-06-16,SBSPE7,DI_SPREAD,4.86,anbima,0,0,,,,,,10227647,10227647,0.0
2026-06-16,SERI11,IPCA_SPREAD,4.86,anbima,0,0,,,,,,22151949,22151949,0.0
2026-06-16,AESLC2,IPCA_SPREAD,5.30,anbima,78199992,3,972.6367,7.8318,B33,-29,B33 −29bps,220778110,64378126,70.8
2026-06-16,ENAT14,IPCA_SPREAD,3.36,anbima,0,0,,,,,,19292630,19292630,0.0
2026-06-16,SRBS11,IPCA_SPREAD,8.17,anbima,0,0,,,,,,38558613,38558613,0.0
2026-06-16,PCHSA9,,2.93,0.70xprazo,0,0,,,,,,47604885,47604885,0.0
2026-06-16,EKTRA8,IPCA_SPREAD,3.98,anbima,5067777,1,993.6817,8.0945,B31,-27,B31 −27bps,71443678,61308125,14.2
2026-06-16,CLCD27,IPCA_SPREAD,5.41,anbima,0,0,,,,,,15221810,15221810,0.0
2026-06-16,OVSAB1,DI_SPREAD,3.55,anbima,37036847,1,1063.5132,2.3407,CDI,2.3407,CDI +2.34%,172170742,98097048,43.0
2026-06-16,RDORH6,DI_SPREAD,4.58,anbima,0,0,,,,,,16016444,16016444,0.0
2026-06-16,CSRNB3,IPCA_SPREAD,6.93,anbima,9384187,1,938.4186,7.8770,B35,8,B35 +8bps,18768373,0,100.0
2026-06-16,CIEL19,DI_SPREAD,1.92,anbima,0,0,,,,,,14855674,14855674,0.0
2026-06-17,SBSPB6,IPCA_SPREAD,0.96,anbima,1450930,2,1448.0341,8.0307,B27,-306,B27 −306bps,12104755,9202895,24.0
2026-06-17,AESLC2,IPCA_SPREAD,5.30,anbima,37056912,1,965.3505,7.9910,B33,-27,B33 −27bps,255202870,181089047,29.0
2026-06-17,ECOC13,,2.80,0.70xprazo,0,0,,,,,,67194155,67194155,0.0
2026-06-17,CPGTC0,IPCA_SPREAD,6.10,anbima,37345546,1,1067.0156,7.8303,B33,-43,B33 −43bps,112980791,38289699,66.1
2026-06-17,USIMA0,DI_SPREAD,2.48,anbima,0,0,,,,,,10000727,10000727,0.0
2026-06-17,INEL12,DI_SPREAD,1.55,anbima,0,0,,,,,,34008416,34008416,0.0
2026-06-17,OVSAB1,DI_SPREAD,3.55,anbima,178844440,1,1062.8610,2.3500,CDI,2.35,CDI +2.35%,613885932,256197051,58.3
2026-06-17,VBBRA0,IPCA_SPREAD,5.74,anbima,500225,1,973.2006,8.3905,B33,13,B33 +13bps,19274886,18274436,5.2
2026-06-17,BRMLB1,DI_SPREAD,4.31,anbima,4316924,2,1062.7582,0.6048,CDI,0.6048,CDI +0.60%,16272146,7638298,53.1
2026-06-17,RALM11,IPCA_SPREAD,8.27,anbima,0,0,,,,,,14464128,14464128,0.0
2026-06-17,ARTRA7,IPCA_SPREAD,5.74,anbima,0,0,,,,,,20563424,20563424,0.0
2026-06-17,GASC19,IPCA_SPREAD,8.56,anbima,0,0,,,,,,13779665,13779665,0.0
2026-06-17,BSA3A0,DI_SPREAD,2.80,anbima,0,0,,,,,,20530465,20530465,0.0
2026-06-17,ECRD14,IPCA_SPREAD,8.55,anbima,10739127,1,1073.9127,,,,,25814423,4336169,83.2
2026-06-17,EKTRA6,IPCA_SPREAD,9.00,anbima,0,0,,,,,,11597139,11597139,0.0
2026-06-17,RDORB9,DI_SPREAD,2.92,anbima,0,0,,,,,,16495977,16495977,0.0
2026-06-17,TAEEB8,IPCA_SPREAD,5.98,anbima,455890,1,1072.6819,7.6300,B33,-63,B33 −63bps,17759884,16848105,5.1
2026-06-17,CMGTA1,IPCA_SPREAD,7.27,anbima,7092782,3,996.4571,7.5263,B37,-28,B37 −28bps,45621351,31435787,31.1
2026-06-17,ELTN27,IPCA_SPREAD,4.90,anbima,2080226,2,1040.1130,8.0655,B32,-19,B32 −19bps,12956191,8795739,32.1
2026-06-17,CERT11,IPCA_SPREAD,2.62,anbima,2004412,5,1162.6518,8.7128,B29,24,B29 +24bps,23583386,19574563,17.0
2026-06-17,PFOR16,DI_SPREAD,2.77,anbima,0,0,,,,,,12055525,12055525,0.0
2026-06-17,DASAA6,DI_SPREAD,0.07,0.70xprazo,5112,1,511.1553,1.8195,CDI,1.8195,CDI +1.82%,23833438,23823215,0.0
2026-06-17,RMSA12,IPCA_SPREAD,7.00,anbima,0,0,,,,,,21379499,21379499,0.0
2026-06-17,CESE32,IPCA_SPREAD,3.14,anbima,5078141,2,1141.1554,8.1376,B30,-35,B30 −35bps,10206129,49846,99.5
2026-06-17,ENGIB4,IPCA_SPREAD,2.94,anbima,9443275,5,1277.8451,8.2298,B29,-24,B29 −24bps,20697615,1811065,91.2
2026-06-17,HAPV18,DI_SPREAD,3.44,anbima,0,0,,,,,,100025883,100025883,0.0
2026-06-17,AESOA1,IPCA_SPREAD,5.30,anbima,0,0,,,,,,58975504,58975504,0.0
2026-06-17,ADPA21,DI_SPREAD,1.27,anbima,556697,1,1113.3941,3.0000,CDI,3,CDI +3.00%,21044440,19931046,5.3
2026-06-17,ELET24,DI_SPREAD,1.42,anbima,0,0,,,,,,10747162,10747162,0.0
2026-06-17,MRSAA3,IPCA_SPREAD,4.92,anbima,4993997,1,1040.4161,8.0075,B32,-25,B32 −25bps,15119420,5131426,66.1
2026-06-17,IRJS15,IPCA_SPREAD,6.61,anbima,27721,1,1108.8596,9.4900,B35,155,B35 +155bps,40950037,40894594,0.1
2026-06-17,DASAC2,DI_SPREAD,2.54,anbima,0,0,,,,,,10518387,10518387,0.0
2026-06-17,CIEL19,DI_SPREAD,1.92,anbima,0,0,,,,,,15375972,15375972,0.0
2026-06-17,CEEBD2,IPCA_SPREAD,6.93,anbima,7955865,2,931.8183,7.9920,B35,5,B35 +5bps,25722913,9811183,61.9
2026-06-17,SBSPJ8,IPCA_SPREAD,7.96,anbima,50973,1,999.4695,6.9127,B37,-90,B37 −90bps,18854876,18752930,0.5
2026-06-17,SBSPK8,IPCA_SPREAD,8.84,anbima,13324,1,951.6834,7.3285,B40,-16,B40 −16bps,16717350,16690703,0.2
2026-06-17,ISAEB0,IPCA_SPREAD,7.80,anbima,0,0,,,,,,50460281,50460281,0.0
2026-06-17,EQPAA1,IPCA_SPREAD,7.25,anbima,6963107,1,940.9604,8.2080,B37,40,B37 +40bps,24879600,10953387,56.0
2026-06-17,SBSPI8,IPCA_SPREAD,7.00,anbima,5021015,2,949.5111,7.7009,B35,-24,B35 −24bps,33416518,23374488,30.1
2026-06-17,BRKPA4,DI_SPREAD,3.07,anbima,0,0,,,,,,21870430,21870430,0.0
2026-06-17,AURP12,IPCA_SPREAD,5.83,anbima,35936,1,1026.7326,8.1514,B33,-11,B33 −11bps,22939226,22867355,0.3
2026-06-17,SBSPB1,DI_SPREAD,2.98,anbima,0,0,,,,,,30056557,30056557,0.0
2026-06-17,DESK19,IPCA_SPREAD,4.50,anbima,40281231,2,1048.9904,8.3440,B31,-15,B31 −15bps,82952205,2389742,97.1
2026-06-17,EKTRA8,IPCA_SPREAD,3.98,anbima,144110,2,993.8627,8.0910,B31,-40,B31 −40bps,44744305,44456085,0.6
2026-06-17,PASS12,DI_SPREAD,2.88,anbima,0,0,,,,,,41409426,41409426,0.0
2026-06-17,SBSPE7,DI_SPREAD,4.86,anbima,0,0,,,,,,10217456,10217456,0.0
2026-06-17,CSAN33,IPCA_SPREAD,3.48,anbima,21122949,1,1132.5978,10.7170,B30,223,B30 +223bps,43278970,1033073,97.6
2026-06-17,CPGTA1,IPCA_SPREAD,6.82,anbima,62606136,2,1018.9801,7.7959,B35,-14,B35 −14bps,133808226,8595954,93.6
2026-06-17,SBSPD2,DI_SPREAD,0.13,anbima,0,0,,,,,,12013425,12013425,0.0
2026-06-17,CAEC22,DI_SPREAD,1.84,anbima,0,0,,,,,,15394789,15394789,0.0
2026-06-17,EUFA17,DI_SPREAD,2.73,anbima,3002149,1,1038.8060,1.2450,CDI,1.245,CDI +1.25%,11009657,5005359,54.5
2026-06-17,GASC16,IPCA_SPREAD,6.14,anbima,9854637,1,956.7609,8.8580,B35,92,B35 +92bps,29745939,10036664,66.3
2026-06-17,AURP13,IPCA_SPREAD,7.20,anbima,4955654,1,991.1309,8.0985,B35,16,B35 +16bps,15237151,5325842,65.0
2026-06-17,TSSG21,IPCA_SPREAD,5.28,anbima,0,0,,,,,,10981188,10981188,0.0
2026-06-17,CLCD27,IPCA_SPREAD,5.41,anbima,0,0,,,,,,18294596,18294596,0.0
2026-06-17,AGLT12,,4.20,0.70xprazo,0,0,,,,,,10578416,10578416,0.0
2026-06-17,CASN24,IPCA_SPREAD,3.08,anbima,0,0,,,,,,11234303,11234303,0.0
2026-06-17,TAEEA7,IPCA_SPREAD,7.71,anbima,0,0,,,,,,11748487,11748487,0.0
2026-06-17,MEZ511,,13.71,0.70xprazo,0,0,,,,,,11220714,11220714,0.0
2026-06-17,CLCD26,IPCA_SPREAD,2.95,anbima,0,0,,,,,,22779622,22779622,0.0
2026-06-17,FBRI13,IPCA_SPREAD,4.61,anbima,0,0,,,,,,19760190,19760190,0.0
2026-06-17,RDORH6,DI_SPREAD,4.58,anbima,0,0,,,,,,16001568,16001568,0.0
2026-06-17,DASAB4,DI_SPREAD,0.68,anbima,0,0,,,,,,33518982,33518982,0.0
2026-06-17,DASAB5,DI_SPREAD,1.92,anbima,0,0,,,,,,13013987,13013987,0.0
2026-06-17,EGIED1,DI_SPREAD,1.59,anbima,0,0,,,,,,20439471,20439471,0.0
2026-06-17,OMGE17,DI_SPREAD,3.26,anbima,0,0,,,,,,14739284,14739284,0.0
2026-06-17,BSA312,DI_SPREAD,2.63,anbima,0,0,,,,,,102184563,102184563,0.0
2026-06-17,BRKMA6,DI_SPREAD,2.03,0.70xprazo,0,0,,,,,,12691150,12691150,0.0
2026-06-17,RDCD12,,1.61,0.70xprazo,0,0,,,,,,100030545,100030545,0.0
2026-06-17,ENERC7,IPCA_SPREAD,8.39,anbima,0,0,,,,,,14351361,14351361,0.0
2026-06-17,ERDVA6,DI_SPREAD,3.07,anbima,0,0,,,,,,40671912,40671912,0.0
2026-06-17,ENMTD5,IPCA_SPREAD,8.38,anbima,0,0,,,,,,19650195,19650195,0.0
2026-06-17,EQPAA0,DI_SPREAD,3.49,anbima,25662725,2,1033.0378,0.7505,CDI,0.7505,CDI +0.75%,76339008,25013558,67.2
2026-06-17,APRB18,IPCA_SPREAD,3.05,anbima,0,0,,,,,,12142910,12142910,0.0
2026-06-17,AESLD2,IPCA_SPREAD,6.48,anbima,67361244,3,956.8359,7.7967,B35,-14,B35 −14bps,174741988,40019500,77.1
2026-06-17,CEAP14,IPCA_SPREAD,5.17,anbima,6899154,1,1044.5350,8.3990,B32,14,B32 +14bps,22179555,8381248,62.2
2026-06-17,SUZBA2,,10.32,0.70xprazo,0,0,,,,,,17218455,17218455,0.0
2026-06-17,MRSAA4,IPCA_SPREAD,10.27,0.70xprazo,0,0,,,,,,10236603,10236603,0.0
2026-06-17,ENEVC0,DI_SPREAD,2.23,anbima,0,0,,,,,,22010799,22010799,0.0
2026-06-18,CEAP14,IPCA_SPREAD,5.17,anbima,18712690,2,1040.9819,8.4767,B32,-9,B32 −9bps,42790099,5364719,87.5
2026-06-18,PFOR16,DI_SPREAD,2.77,anbima,898254,3,1066.8103,1.3766,CDI,1.3766,CDI +1.38%,18038264,16241756,10.0
2026-06-18,CPGTA1,IPCA_SPREAD,6.82,anbima,2547517,1,1019.0067,7.7955,B35,-35,B35 −35bps,57357652,52262619,8.9
2026-06-18,ERDVA6,DI_SPREAD,3.07,anbima,1002975,1,1072.7000,0.9000,CDI,0.9,CDI +0.90%,42333040,40327091,4.7
2026-06-18,ELET23,IPCA_SPREAD,4.15,anbima,416442,4,1196.6730,7.9988,B31,-75,B31 −75bps,33915916,33083031,2.5
2026-06-18,VBBRA0,IPCA_SPREAD,5.74,anbima,17309130,2,969.6992,8.4655,B33,-10,B33 −10bps,41877092,7258832,82.7
2026-06-18,COMT11,IPCA_SPREAD,3.78,anbima,10999131,5,999.9210,8.2277,B30,-52,B30 −52bps,39073323,17075061,56.3
2026-06-18,CLTM14,IPCA_SPREAD,5.65,anbima,20728192,4,1029.9211,9.3014,B33,73,B33 +73bps,57567752,16111368,72.0
2026-06-18,MRSAA3,IPCA_SPREAD,4.92,anbima,4986348,2,1038.8225,8.0465,B32,-52,B32 −52bps,21346202,11373505,46.7
2026-06-18,EUFA17,DI_SPREAD,2.73,anbima,5041029,3,1039.3873,1.2251,CDI,1.2251,CDI +1.23%,10602125,520068,95.1
2026-06-18,MRSAB3,IPCA_SPREAD,8.63,anbima,11033801,6,1007.3771,7.6511,B40,-2,B40 −2bps,26846162,4778560,82.2
2026-06-18,AESLC2,IPCA_SPREAD,5.30,anbima,7347467,3,962.7184,8.0547,B33,-52,B33 −52bps,24165105,9470171,60.8
2026-06-18,AESLD2,IPCA_SPREAD,6.48,anbima,30146896,2,954.0157,7.8525,B35,-30,B35 −30bps,100313293,40019500,60.1
2026-06-18,ECRD14,IPCA_SPREAD,8.55,anbima,3226137,1,1075.3790,,,,,26639630,20187356,24.2
2026-06-18,EQPAA0,DI_SPREAD,3.49,anbima,9000981,2,1033.0519,0.7540,CDI,0.754,CDI +0.75%,58660460,40658498,30.7
2026-06-18,CBAN12,IPCA_SPREAD,4.18,anbima,1498130,6,1430.8792,8.1763,B31,-57,B31 −57bps,14893019,11896758,20.1
2026-06-18,EGIEA6,IPCA_SPREAD,7.71,anbima,0,0,,,,,,20839987,20839987,0.0
2026-06-18,DESK19,IPCA_SPREAD,4.50,anbima,10570133,3,1041.5977,8.5276,B31,-22,B31 −22bps,42373567,21233301,49.9
2026-06-18,OVSAB1,DI_SPREAD,3.55,anbima,105514595,2,1063.5265,2.3501,CDI,2.3501,CDI +2.35%,248054916,37025726,85.1
2026-06-18,CPLDA1,IPCA_SPREAD,6.82,anbima,184735,2,1015.0260,7.8585,B35,-29,B35 −29bps,28222698,27853229,1.3
2026-06-18,CEEDA1,DI_SPREAD,3.88,anbima,0,0,,,,,,100762173,100762173,0.0
2026-06-18,CSANA2,DI_SPREAD,2.49,anbima,0,0,,,,,,11145522,11145522,0.0
2026-06-18,RAIZ13,IPCA_SPREAD,5.77,0.70xprazo,0,0,,,,,,53818005,53818005,0.0
2026-06-18,RESA17,IPCA_SPREAD,1.92,0.70xprazo,0,0,,,,,,26075461,26075461,0.0
2026-06-18,RESA27,IPCA_SPREAD,4.02,0.70xprazo,0,0,,,,,,55869111,55869111,0.0
2026-06-18,CASN14,DI_SPREAD,1.83,anbima,0,0,,,,,,11980366,11980366,0.0
2026-06-18,CESPA2,IPCA_SPREAD,2.78,anbima,4986316,2,1298.1816,8.3458,B29,-32,B29 −32bps,23193048,13220417,43.0
2026-06-18,APRB18,IPCA_SPREAD,3.05,anbima,0,0,,,,,,12149922,12149922,0.0
2026-06-18,IRJS14,IPCA_SPREAD,6.81,anbima,3233723,3,1125.1646,10.7068,B35,256,B35 +256bps,10524503,4057057,61.5
2026-06-18,BCPSA5,IPCA_SPREAD,2.41,anbima,276815,2,1072.9269,7.9602,B29,-71,B29 −71bps,11864271,11310640,4.7
2026-06-18,EGIEA4,PREFIXADO,3.28,anbima,0,0,,,,,,10787073,10787073,0.0
2026-06-18,TRGP13,IPCA_SPREAD,7.79,anbima,22952812,3,1015.8808,,,,,115010795,69105172,39.9
2026-06-18,ENTV13,IPCA_SPREAD,5.85,anbima,478078,2,1076.7515,,,,,19225965,18269810,5.0
2026-06-18,TRPLB4,IPCA_SPREAD,7.84,anbima,91789,1,997.7083,8.3750,B37,38,B37 +38bps,24232335,24048757,0.8
2026-06-18,CDES11,IPCA_SPREAD,6.46,anbima,9957800,1,1076.5189,8.1320,B35,-2,B35 −2bps,21309958,1394357,93.5
2026-06-18,SBSPI8,IPCA_SPREAD,7.00,anbima,12692680,5,951.4752,7.6780,B35,-47,B35 −47bps,33290846,7905487,76.3
2026-06-18,CMGDB2,IPCA_SPREAD,8.10,anbima,5345699,1,1069.1399,7.6890,B37,-31,B37 −31bps,11586418,895019,92.3
2026-06-18,IRJS15,IPCA_SPREAD,6.61,anbima,8260766,3,1029.3790,10.6946,B35,254,B35 +254bps,31034394,14512861,53.2
2026-06-18,CSAN18,DI_SPREAD,3.07,anbima,8099047,2,1062.0308,1.8495,CDI,1.8495,CDI +1.85%,111230132,95032038,14.6
2026-06-18,ELET42,IPCA_SPREAD,1.68,anbima,440224,5,1401.9872,8.2075,B28,-46,B28 −46bps,22823811,21943363,3.9
2026-06-18,BCPSA7,IPCA_SPREAD,6.45,anbima,0,0,,,,,,10930520,10930520,0.0
2026-06-18,EXSE11,,3.74,0.70xprazo,1026803,1,1026.8034,0.9000,,,,10311309,8257702,19.9
2026-06-18,BRKPA4,DI_SPREAD,3.07,anbima,0,0,,,,,,52661382,52661382,0.0
2026-06-18,SBSPJ8,IPCA_SPREAD,7.96,anbima,15071435,5,963.7700,7.4030,B37,-60,B37 −60bps,52779344,22636474,57.1
2026-06-18,CEEBD1,PREFIXADO,4.44,anbima,471853,4,910.9140,14.2046,,,,14959550,14015843,6.3
2026-06-18,MRSAA4,IPCA_SPREAD,10.26,0.70xprazo,0,0,,,,,,19874479,19874479,0.0
2026-06-18,AURP13,IPCA_SPREAD,7.20,anbima,2958,1,986.0245,8.1776,B35,3,B35 +3bps,17485669,17479753,0.0
2026-06-18,CMGDA4,IPCA_SPREAD,7.26,anbima,0,0,,,,,,16781485,16781485,0.0
2026-06-18,ELTN37,IPCA_SPREAD,6.69,anbima,4128,2,1032.0711,7.8797,B35,-27,B35 −27bps,11168057,11159801,0.1
2026-06-18,BTGH18,DI_SPREAD,2.00,anbima,1012084,1,1012.0840,1.1050,CDI,1.105,CDI +1.10%,18438483,16414315,11.0
2026-06-18,VLIM29,IPCA_SPREAD,10.32,0.70xprazo,0,0,,,,,,10279613,10279613,0.0
2026-06-18,TAEEA7,IPCA_SPREAD,7.71,anbima,46928,1,1144.5754,7.6515,B37,-35,B37 −35bps,33592842,33498987,0.3
2026-06-18,SBSPK8,IPCA_SPREAD,8.84,anbima,5330851,4,943.3465,7.4404,B40,-23,B40 −23bps,12108931,1447228,88.0
2026-06-18,RDCD12,,1.61,0.70xprazo,0,0,,,,,,50027004,50027004,0.0
2026-06-18,ISPE13,DI_SPREAD,2.32,anbima,0,0,,,,,,14096440,14096440,0.0
2026-06-18,INEL12,DI_SPREAD,1.55,anbima,0,0,,,,,,11662019,11662019,0.0
2026-06-18,PGMN26,DI_SPREAD,1.55,anbima,0,0,,,,,,10582237,10582237,0.0
2026-06-18,ENSEB4,IPCA_SPREAD,6.60,anbima,491389,5,996.7326,8.1635,B35,1,B35 +1bps,32014522,31031743,3.1
2026-06-18,CGOSA2,IPCA_SPREAD,7.25,anbima,0,0,,,,,,10051729,10051729,0.0
2026-06-18,EDSE13,,1.45,0.70xprazo,10001521,1,1077.8663,2.0000,,,,20003043,0,100.0
2026-06-18,CEPEB7,IPCA_SPREAD,8.37,anbima,121313,1,970.5040,7.9050,B37,-10,B37 −10bps,37680432,37437807,0.6
2026-06-18,EKTT11,IPCA_SPREAD,5.21,anbima,0,0,,,,,,26556573,26556573,0.0
2026-06-18,CPFPB1,IPCA_SPREAD,6.13,anbima,0,0,,,,,,18732078,18732078,0.0
2026-06-18,TPEN11,IPCA_SPREAD,1.65,anbima,87791,1,1020.8210,8.5500,B28,-12,B28 −12bps,11987541,11811959,1.5
2026-06-18,ELET24,DI_SPREAD,1.42,anbima,0,0,,,,,,18087317,18087317,0.0
2026-06-18,AEAB11,IPCA_SPREAD,7.46,anbima,6752308,2,1106.0292,8.3567,B37,36,B37 +36bps,19968583,6463966,67.6
2026-06-18,ENGIC4,DI_SPREAD,3.79,anbima,3005061,1,1039.8133,0.6950,CDI,0.695,CDI +0.69%,29939532,23929411,20.1
2026-06-18,RESA14,IPCA_SPREAD,2.39,0.70xprazo,0,0,,,,,,15674565,15674565,0.0
2026-06-18,RESA15,IPCA_SPREAD,2.79,0.70xprazo,0,0,,,,,,12717431,12717431,0.0
2026-06-18,ENEVC0,DI_SPREAD,2.23,anbima,0,0,,,,,,22000474,22000474,0.0
2026-06-18,ELDC15,IPCA_SPREAD,5.98,anbima,0,0,,,,,,76377169,76377169,0.0
2026-06-18,USIMA0,DI_SPREAD,2.48,anbima,22791599,1,1035.9817,1.4007,CDI,1.4007,CDI +1.40%,105582414,59999217,43.2
2026-06-18,CPGT29,DI_SPREAD,3.40,anbima,0,0,,,,,,18233259,18233259,0.0
2026-06-18,RENTD5,DI_SPREAD,3.24,anbima,0,0,,,,,,20109778,20109778,0.0
2026-06-18,CRTR12,IPCA_SPREAD,6.44,anbima,16269,1,1016.7908,8.9215,B35,77,B35 +77bps,20227484,20194947,0.2
2026-06-18,EUFA18,DI_SPREAD,1.80,anbima,0,0,,,,,,10954811,10954811,0.0
2026-06-18,CNRD12,IPCA_SPREAD,6.98,anbima,0,0,,,,,,23140471,23140471,0.0
2026-06-18,TSSS14,,4.41,0.70xprazo,0,0,,,,,,22708087,22708087,0.0
2026-06-18,RDORF8,DI_SPREAD,4.82,anbima,0,0,,,,,,15048510,15048510,0.0
2026-06-18,CSMGD2,DI_SPREAD,3.94,anbima,26950726,1,998.1751,0.7508,CDI,0.7508,CDI +0.75%,96823070,42921617,55.7
2026-06-18,DASAB2,DI_SPREAD,2.54,anbima,0,0,,,,,,25585824,25585824,0.0
2026-06-18,RPTA14,IPCA_SPREAD,5.04,anbima,0,0,,,,,,18574450,18574450,0.0
2026-06-18,SBSPB1,DI_SPREAD,2.98,anbima,0,0,,,,,,24795958,24795958,0.0
2026-06-18,CJEN13,IPCA_SPREAD,4.12,anbima,0,0,,,,,,19853456,19853456,0.0
2026-06-19,SUZBA0,IPCA_SPREAD,7.84,anbima,1434003,8,1065.3811,7.3387,B37,-57,B37 −57bps,11550422,8682416,24.8
2026-06-19,CLTM14,IPCA_SPREAD,5.65,anbima,4108491,5,1027.1229,9.3627,B33,86,B33 +86bps,23528175,15311192,34.9
2026-06-19,CHSF13,IPCA_SPREAD,4.17,anbima,84242,3,1040.0260,8.2843,B31,-43,B31 −43bps,10879539,10711055,1.5
2026-06-19,EKTT11,IPCA_SPREAD,5.21,anbima,0,0,,,,,,17140008,17140008,0.0
2026-06-19,RESA15,IPCA_SPREAD,2.79,0.70xprazo,0,0,,,,,,47029294,47029294,0.0
2026-06-19,RESA14,IPCA_SPREAD,2.39,0.70xprazo,0,0,,,,,,46838977,46838977,0.0
2026-06-19,RAIZ13,IPCA_SPREAD,5.77,0.70xprazo,0,0,,,,,,23268015,23268015,0.0
2026-06-19,VALEC1,IPCA_SPREAD,6.64,anbima,5752786,4,1019.2747,7.3133,B35,-75,B35 −75bps,39235389,27729816,29.3
2026-06-19,ALGTA5,DI_SPREAD,3.40,anbima,0,0,,,,,,18323730,18323730,0.0
2026-06-19,RENTD1,IPCA_SPREAD,5.36,anbima,21512,1,1132.1862,10.4300,B33,193,B33 +193bps,18749541,18706518,0.2
2026-06-19,QUAL16,DI_SPREAD,0.81,anbima,0,0,,,,,,12272043,12272043,0.0
2026-06-19,ISPE13,DI_SPREAD,2.32,anbima,0,0,,,,,,10072928,10072928,0.0
2026-06-19,SBSPJ8,IPCA_SPREAD,7.96,anbima,16903946,7,953.1942,7.5526,B37,-36,B37 −36bps,66736814,32928923,50.7
2026-06-19,CJEN13,IPCA_SPREAD,4.12,anbima,0,0,,,,,,10020596,10020596,0.0
2026-06-19,JSMLA5,DI_SPREAD,2.67,anbima,5660522,4,1059.2293,4.0647,CDI,4.0647,CDI +4.06%,14213637,2892594,79.6
2026-06-19,ENGIC4,DI_SPREAD,3.79,anbima,0,0,,,,,,13404406,13404406,0.0
2026-06-19,PFOR16,DI_SPREAD,2.77,anbima,15747482,4,1067.1918,1.3738,CDI,1.3738,CDI +1.37%,56527090,25032126,55.7
2026-06-19,VBBR26,DI_SPREAD,4.19,anbima,0,0,,,,,,11213079,11213079,0.0
2026-06-19,IVIAA0,IPCA_SPREAD,5.67,anbima,12448,2,957.5736,9.5897,B33,109,B33 +109bps,21448630,21423733,0.1
2026-06-19,CSAN18,DI_SPREAD,3.07,anbima,1095916,2,1063.9959,1.7981,CDI,1.7981,CDI +1.80%,106680859,104489028,2.1
2026-06-19,ISAEA9,IPCA_SPREAD,8.83,anbima,49220,1,1025.4134,7.6885,B40,13,B40 +13bps,11690742,11592302,0.8
2026-06-19,ARTRA5,DI_SPREAD,1.45,anbima,0,0,,,,,,64012766,64012766,0.0
2026-06-19,BRKPA4,DI_SPREAD,3.07,anbima,50104846,4,999.0399,2.8013,CDI,2.8013,CDI +2.80%,110738059,10528367,90.5
2026-06-19,ELET24,DI_SPREAD,1.42,anbima,2089861,6,1050.1814,0.8810,CDI,0.881,CDI +0.88%,22261524,18081803,18.8
2026-06-19,SBSPB1,DI_SPREAD,2.98,anbima,6641499,3,1066.0513,0.5589,CDI,0.5589,CDI +0.56%,39067527,25784528,34.0
2026-06-19,CPGT29,DI_SPREAD,3.40,anbima,205526,2,1027.6281,0.6675,CDI,0.6675,CDI +0.67%,36646448,36235397,1.1
2026-06-19,CGOS16,IPCA_SPREAD,6.30,anbima,5983,2,997.0979,8.2820,B35,22,B35 +22bps,55431860,55419895,0.0
2026-06-19,EQPA19,IPCA_SPREAD,6.83,anbima,11288863,5,966.4295,8.3149,B35,25,B35 +25bps,25243123,2665397,89.4
2026-06-19,ARTRA7,IPCA_SPREAD,5.74,anbima,11740530,2,878.7822,11.1137,B33,261,B33 +261bps,23616611,135552,99.4
2026-06-19,ALUP18,IPCA_SPREAD,5.70,anbima,10400574,5,1026.4062,7.8178,B33,-68,B33 −68bps,22222686,1421538,93.6
2026-06-19,USIMA0,DI_SPREAD,2.48,anbima,0,0,,,,,,40016324,40016324,0.0
2026-06-19,MOVIA3,DI_SPREAD,0.56,anbima,0,0,,,,,,12620081,12620081,0.0
2026-06-19,TIMS12,IPCA_SPREAD,1.34,anbima,5375235,2,845.9608,7.6520,B27,-335,B27 −335bps,11352255,601785,94.7
2026-06-19,LMTPA0,DI_SPREAD,2.53,anbima,0,0,,,,,,23024334,23024334,0.0
2026-06-19,PEJA11,IPCA_SPREAD,2.98,anbima,157973,2,1178.9046,8.6759,B29,4,B29 +4bps,198848526,198532580,0.2
2026-06-19,APFD19,IPCA_SPREAD,2.63,anbima,7972231,1,1099.6181,8.4180,B29,-22,B29 −22bps,17044058,1099596,93.5
2026-06-19,IRJS15,IPCA_SPREAD,6.61,anbima,66894,2,1013.5408,10.9670,B35,291,B35 +291bps,24482192,24348404,0.5
2026-06-19,CPJG18,,6.82,0.70xprazo,22660434,3,951.3596,7.9051,,,,47953043,2632175,94.5
2026-06-19,CEEBD1,PREFIXADO,4.44,anbima,0,0,,,,,,161552912,161552912,0.0
2026-06-19,SOLY11,,10.58,0.70xprazo,0,0,,,,,,75357322,75357322,0.0
2026-06-19,CGOSB0,IPCA_SPREAD,6.70,anbima,451714,4,1017.3735,8.0950,B35,4,B35 +4bps,150081398,149177970,0.6
2026-06-19,VIALA5,IPCA_SPREAD,3.69,anbima,0,0,,,,,,105169353,105169353,0.0
2026-06-19,ANHBB6,IPCA_SPREAD,6.67,anbima,173423,2,1020.1356,7.8947,B35,-17,B35 −17bps,37579595,37232748,0.9
2026-06-19,AESLC2,IPCA_SPREAD,5.30,anbima,39456245,2,960.0060,8.1207,B33,-38,B33 −38bps,81087735,2175245,97.3
2026-06-19,TRGP13,IPCA_SPREAD,7.79,anbima,12144898,1,1015.0353,,,,,24939416,649621,97.4
2026-06-19,DESK19,IPCA_SPREAD,4.50,anbima,0,0,,,,,,10478134,10478134,0.0
2026-06-19,CGOS28,IPCA_SPREAD,6.40,anbima,112759,2,1006.7746,8.2797,B35,22,B35 +22bps,41753705,41528188,0.5
2026-06-19,ROTY13,IPCA_SPREAD,3.92,anbima,0,0,,,,,,37284764,37284764,0.0
2026-06-19,ECOC13,,2.79,0.70xprazo,0,0,,,,,,10045833,10045833,0.0
2026-06-19,MRSAA4,IPCA_SPREAD,10.26,0.70xprazo,14955293,1,949.5424,7.5400,B40,-2,B40 −2bps,44894239,14983654,66.6
2026-06-19,BCPSA7,IPCA_SPREAD,6.45,anbima,20573887,7,1013.6418,7.7705,B35,-29,B35 −29bps,45578602,4430829,90.3
2026-06-19,CEEBC3,IPCA_SPREAD,3.68,anbima,1175,1,1174.9474,8.4787,B30,-23,B30 −23bps,10773135,10770785,0.0
2026-06-19,DASAB2,DI_SPREAD,2.54,anbima,2000125,1,1024.1295,3.0250,CDI,3.025,CDI +3.02%,27598775,23598525,14.5
2026-06-19,RDORF8,DI_SPREAD,4.82,anbima,0,0,,,,,,30200821,30200821,0.0
2026-06-19,PEJA22,IPCA_SPREAD,5.20,anbima,0,0,,,,,,64747184,64747184,0.0
2026-06-19,AERI12,DI_SPREAD,2.64,0.70xprazo,0,0,,,,,,10932600,10932600,0.0
2026-06-19,EGIED1,DI_SPREAD,1.59,anbima,2051065,1,1022.9750,0.4800,CDI,0.48,CDI +0.48%,12052873,7950744,34.0
2026-06-19,VVEO16,DI_SPREAD,5.33,0.70xprazo,0,0,,,,,,25599277,25599277,0.0
2026-06-19,VVEO15,DI_SPREAD,5.33,0.70xprazo,0,0,,,,,,19589069,19589069,0.0
2026-06-19,SRBS11,IPCA_SPREAD,8.17,anbima,14862584,1,990.8390,,,,,44650778,14925610,66.6
2026-06-19,ELTN16,DI_SPREAD,3.57,anbima,0,0,,,,,,23538455,23538455,0.0
2026-06-19,MRSAB3,IPCA_SPREAD,8.63,anbima,37461930,2,1012.4846,7.5978,B40,4,B40 +4bps,77352361,2428501,96.9
2026-06-19,EGIEA6,IPCA_SPREAD,7.71,anbima,2100001,3,943.3969,7.5568,B37,-35,B37 −35bps,32195372,27995369,13.0
2026-06-19,ELET17,DI_SPREAD,4.86,anbima,10013475,1,1021.7832,0.6992,CDI,0.6992,CDI +0.70%,21690445,1663494,92.3
2026-06-19,VAMO14,DI_SPREAD,1.06,anbima,0,0,,,,,,15017836,15017836,0.0
2026-06-19,EUFA18,DI_SPREAD,1.80,anbima,0,0,,,,,,10412812,10412812,0.0
2026-06-19,MULPA0,DI_SPREAD,1.08,anbima,0,0,,,,,,75507529,75507529,0.0
2026-06-19,RDORD4,DI_SPREAD,3.55,anbima,0,0,,,,,,14421396,14421396,0.0
2026-06-19,RDORE4,DI_SPREAD,4.65,anbima,0,0,,,,,,10543262,10543262,0.0
2026-06-19,AGVF12,,0.81,0.70xprazo,179886,1,778.7259,10.8200,,,,16670847,16311075,2.2
2026-06-19,SBSPD7,DI_SPREAD,3.96,anbima,0,0,,,,,,10004218,10004218,0.0
2026-06-19,AALM12,DI_SPREAD,2.15,anbima,0,0,,,,,,20003233,20003233,0.0
2026-06-19,ENMTF8,IPCA_SPREAD,6.88,anbima,11821498,2,938.2141,8.2695,B35,21,B35 +21bps,31715516,8072520,74.5
2026-06-19,EQPAA1,IPCA_SPREAD,7.25,anbima,4899461,1,933.2307,8.3472,B37,44,B37 +44bps,29405475,19606553,33.3
2026-06-19,PRLG17,DI_SPREAD,2.83,anbima,0,0,,,,,,15986797,15986797,0.0
2026-06-19,AESLD2,IPCA_SPREAD,6.48,anbima,25768897,1,949.5503,7.9370,B35,-12,B35 −12bps,51537793,0,100.0
2026-06-19,PSAN23,DI_SPREAD,2.70,anbima,0,0,,,,,,16509281,16509281,0.0
2026-06-22,CPJG18,,6.81,0.70xprazo,0,0,,,,,,14507784,14507784,0.0
2026-06-22,CDES11,IPCA_SPREAD,6.46,anbima,1502043,4,1068.3094,8.2741,B35,13,B35 +13bps,13774781,10770695,21.8
2026-06-22,VIALA5,IPCA_SPREAD,3.69,anbima,490742,1,981.4833,8.4710,B30,-40,B30 −40bps,195691737,194710254,0.5
2026-06-22,RAIZ14,DI_SPREAD,2.84,0.70xprazo,0,0,,,,,,12068494,12068494,0.0
2026-06-22,VAMO14,DI_SPREAD,1.06,anbima,238726,2,1011.5520,3.9032,CDI,3.9032,CDI +3.90%,14473220,13995768,3.3
2026-06-22,MGPRA0,IPCA_SPREAD,7.73,anbima,10274879,1,1027.4879,,,,,24743525,4193767,83.1
2026-06-22,ROTY13,IPCA_SPREAD,3.92,anbima,9826392,1,982.6391,8.3008,B31,-57,B31 −57bps,56866726,37213943,34.6
2026-06-22,ANHBB6,IPCA_SPREAD,6.67,anbima,1433919,1,1027.8990,7.7810,B35,-36,B35 −36bps,40031562,37163724,7.2
2026-06-22,MRSAB3,IPCA_SPREAD,8.63,anbima,7190066,4,1013.1134,7.5904,B40,-1,B40 −1bps,36158238,21778107,39.8
2026-06-22,VVEO15,DI_SPREAD,5.33,0.70xprazo,0,0,,,,,,13314992,13314992,0.0
2026-06-22,RDORI6,DI_SPREAD,5.57,anbima,5003208,1,1065.1922,1.3000,CDI,1.3,CDI +1.30%,15130383,5123968,66.1
2026-06-22,RDORF8,DI_SPREAD,4.82,anbima,5001322,2,1014.8786,1.1174,CDI,1.1174,CDI +1.12%,38724756,28722113,25.8
2026-06-22,ELET17,DI_SPREAD,4.86,anbima,3017960,2,1021.6518,0.7014,CDI,0.7014,CDI +0.70%,15803183,9767264,38.2
2026-06-22,EQPA19,IPCA_SPREAD,6.83,anbima,652790,5,1004.2917,7.7213,B35,-42,B35 −42bps,42413630,41108051,3.1
2026-06-22,EQPAA1,IPCA_SPREAD,7.25,anbima,0,0,,,,,,17690575,17690575,0.0
2026-06-22,MULPA0,DI_SPREAD,1.08,anbima,0,0,,,,,,83995083,83995083,0.0
2026-06-22,SBSPI8,IPCA_SPREAD,7.00,anbima,1851654,1,922.5980,8.1600,B35,2,B35 +2bps,12262473,8559165,30.2
2026-06-22,ARTRA7,IPCA_SPREAD,5.74,anbima,38568272,1,886.0363,10.9670,B33,235,B33 +235bps,90490139,13353595,85.2
2026-06-22,ARTRA8,IPCA_SPREAD,4.50,anbima,18952074,1,930.8027,11.2330,B31,236,B31 +236bps,47307134,9402986,80.1
2026-06-22,ALUP18,IPCA_SPREAD,5.70,anbima,1323875,1,1026.2595,7.8290,B33,-79,B33 −79bps,19256502,16608753,13.7
2026-06-22,SUZBA0,IPCA_SPREAD,7.84,anbima,7915059,11,1053.6554,7.4939,B37,-48,B37 −48bps,17130549,1300431,92.4
2026-06-22,CHSF13,IPCA_SPREAD,4.17,anbima,5744889,5,1040.1754,8.2943,B31,-58,B31 −58bps,299742230,288252453,3.8
2026-06-22,BCPSA7,IPCA_SPREAD,6.45,anbima,11660698,3,1013.9737,7.7660,B35,-37,B35 −37bps,53037518,29716122,44.0
2026-06-22,EGIEA6,IPCA_SPREAD,7.71,anbima,38930411,2,948.3657,7.4909,B37,-48,B37 −48bps,93391112,15530290,83.4
2026-06-22,MRSAA4,IPCA_SPREAD,10.26,0.70xprazo,0,0,,,,,,29935304,29935304,0.0
2026-06-22,CNLM17,DI_SPREAD,4.08,anbima,0,0,,,,,,15776060,15776060,0.0
2026-06-22,ENGIC4,DI_SPREAD,3.79,anbima,0,0,,,,,,18854320,18854320,0.0
2026-06-22,EQTL17,DI_SPREAD,2.13,anbima,0,0,,,,,,13041222,13041222,0.0
2026-06-22,EQPAA0,DI_SPREAD,3.49,anbima,0,0,,,,,,48978007,48978007,0.0
2026-06-22,GGBRA9,DI_SPREAD,4.03,anbima,0,0,,,,,,15072641,15072641,0.0
2026-06-22,ISAED1,DI_SPREAD,4.84,anbima,1079563,1,1064.6580,0.6520,CDI,0.652,CDI +0.65%,112476561,110317434,1.9
2026-06-22,NATUA3,DI_SPREAD,2.39,anbima,0,0,,,,,,11334504,11334504,0.0
2026-06-22,OMGE17,DI_SPREAD,3.26,anbima,4101776,2,1025.4439,1.3099,CDI,1.3099,CDI +1.31%,10100124,1896573,81.2
2026-06-22,RDORE4,DI_SPREAD,4.65,anbima,4998243,1,1053.5926,1.0200,CDI,1.02,CDI +1.02%,37139284,27142797,26.9
2026-06-22,RDORD3,DI_SPREAD,4.60,anbima,0,0,,,,,,12806916,12806916,0.0
2026-06-22,QUAL18,DI_SPREAD,1.74,anbima,0,0,,,,,,11245815,11245815,0.0
2026-06-22,SBIOA4,DI_SPREAD,3.06,anbima,0,0,,,,,,13462826,13462826,0.0
2026-06-22,TBSP22,DI_SPREAD,3.85,anbima,0,0,,,,,,15258807,15258807,0.0
2026-06-22,TFLE19,DI_SPREAD,2.96,anbima,0,0,,,,,,11583831,11583831,0.0
2026-06-22,SUZBB1,DI_SPREAD,4.54,anbima,60094,1,1036.1075,0.5355,CDI,0.5355,CDI +0.54%,19393600,19273412,0.6
2026-06-22,TFLEA9,DI_SPREAD,3.59,anbima,0,0,,,,,,10434276,10434276,0.0
2026-06-22,SBSPJ8,IPCA_SPREAD,7.96,anbima,4616882,2,958.6549,7.4795,B37,-49,B37 −49bps,21521922,12288158,42.9
2026-06-22,CPLDA0,DI_SPREAD,2.50,anbima,14005913,2,1060.0903,0.4880,CDI,0.488,CDI +0.49%,34047353,6035526,82.3
2026-06-22,ISAEC0,IPCA_SPREAD,8.85,anbima,11213779,1,974.6874,7.5310,B40,-7,B40 −7bps,22560353,132794,99.4
2026-06-22,AURP12,IPCA_SPREAD,5.83,anbima,7250194,3,1021.1541,8.2850,B33,-33,B33 −33bps,14806822,306434,97.9
2026-06-22,DESK19,IPCA_SPREAD,4.50,anbima,25939489,3,1041.7465,8.5471,B31,-32,B31 −32bps,62390501,10511523,83.2
2026-06-22,TRGP13,IPCA_SPREAD,7.79,anbima,7102237,2,1014.6053,,,,,14236757,32284,99.8
2026-06-22,SRBS11,IPCA_SPREAD,8.17,anbima,0,0,,,,,,15844220,15844220,0.0
2026-06-22,AXIA18,IPCA_SPREAD,5.21,anbima,11947401,2,985.7591,8.0609,B32,-56,B32 −56bps,97062339,73167537,24.6
2026-06-22,VBBR18,DI_SPREAD,3.34,anbima,0,0,,,,,,56451369,56451369,0.0
2026-06-22,GASC25,IPCA_SPREAD,7.99,anbima,9171,1,917.0743,8.6600,B37,69,B37 +69bps,22010657,21992315,0.1
2026-06-22,RPTA14,IPCA_SPREAD,5.04,anbima,0,0,,,,,,10784727,10784727,0.0
2026-06-22,AALM12,DI_SPREAD,2.15,anbima,0,0,,,,,,20011781,20011781,0.0
2026-06-22,UQFN15,DI_SPREAD,2.95,anbima,29350263,1,978.3421,2.1508,CDI,2.1508,CDI +2.15%,59225315,524789,99.1
2026-06-22,RAIZ13,IPCA_SPREAD,5.76,0.70xprazo,0,0,,,,,,22785047,22785047,0.0
2026-06-22,CLTM14,IPCA_SPREAD,5.65,anbima,0,0,,,,,,22773745,22773745,0.0
2026-06-22,AURP13,IPCA_SPREAD,7.20,anbima,0,0,,,,,,31083451,31083451,0.0
2026-06-22,BRKMA6,DI_SPREAD,2.02,0.70xprazo,0,0,,,,,,23090406,23090406,0.0
2026-06-22,RESA15,IPCA_SPREAD,2.79,0.70xprazo,0,0,,,,,,11074936,11074936,0.0
2026-06-22,GASC28,IPCA_SPREAD,8.02,anbima,1452298,1,1001.5848,8.5190,B37,55,B37 +55bps,28391159,25486563,10.2
2026-06-22,PFOR16,DI_SPREAD,2.77,anbima,10306465,3,1068.4704,1.3719,CDI,1.3719,CDI +1.37%,35568305,14955375,58.0
2026-06-22,RDORB3,DI_SPREAD,3.41,anbima,0,0,,,,,,10755034,10755034,0.0
2026-06-22,TAEEA8,IPCA_SPREAD,4.50,anbima,60079,1,1054.0229,8.3806,B31,-49,B31 −49bps,356545522,356425363,0.0
2026-06-22,PALFB6,IPCA_SPREAD,5.66,anbima,5345020,1,1069.0039,8.1342,B33,-49,B33 −49bps,51536340,40846301,20.7
2026-06-22,EGIEB4,IPCA_SPREAD,3.92,anbima,0,0,,,,,,15327952,15327952,0.0
2026-06-22,CEROA2,DI_SPREAD,2.73,anbima,0,0,,,,,,10704411,10704411,0.0
2026-06-22,BZGE11,,10.84,0.70xprazo,0,0,,,,,,34173992,34173992,0.0
2026-06-22,ENEVD0,DI_SPREAD,3.12,anbima,0,0,,,,,,29650788,29650788,0.0
2026-06-22,EGIEE1,DI_SPREAD,2.93,anbima,0,0,,,,,,18467421,18467421,0.0
2026-06-22,CCRS12,,1.54,0.70xprazo,0,0,,,,,,22833726,22833726,0.0
2026-06-22,CHSF12,DI_SPREAD,2.24,anbima,0,0,,,,,,10509084,10509084,0.0
2026-06-22,CGASB4,IPCA_SPREAD,8.51,anbima,0,0,,,,,,20066845,20066845,0.0
2026-06-22,IFPT11,,5.06,0.70xprazo,0,0,,,,,,23999340,23999340,0.0
2026-06-22,FIQE14,,4.71,0.70xprazo,14924749,1,1007.8842,8.7340,,,,55037595,25188097,54.2
2026-06-22,AXIA28,IPCA_SPREAD,6.90,anbima,8901303,1,977.6280,7.7825,B35,-36,B35 −36bps,20860892,3058286,85.3
2026-06-23,RAIZ13,IPCA_SPREAD,5.76,0.70xprazo,0,0,,,,,,22475101,22475101,0.0
2026-06-23,RESA17,IPCA_SPREAD,1.91,0.70xprazo,0,0,,,,,,12316219,12316219,0.0
2026-06-23,RAIZ14,DI_SPREAD,2.84,0.70xprazo,0,0,,,,,,12068494,12068494,0.0
2026-06-23,SBSPJ8,IPCA_SPREAD,7.96,anbima,8768054,11,963.3107,7.4258,B37,-55,B37 −55bps,27249336,9713228,64.4
2026-06-23,EKTRA8,IPCA_SPREAD,3.98,anbima,0,0,,,,,,17417794,17417794,0.0
2026-06-23,AXIA28,IPCA_SPREAD,6.90,anbima,7220603,2,975.7572,7.8190,B35,-30,B35 −30bps,30152594,15711387,47.9
2026-06-23,VBBR18,DI_SPREAD,3.34,anbima,0,0,,,,,,56488057,56488057,0.0
2026-06-23,FIQE14,,4.71,0.70xprazo,0,0,,,,,,25206116,25206116,0.0
2026-06-23,RDORB3,DI_SPREAD,3.41,anbima,0,0,,,,,,10539105,10539105,0.0
2026-06-23,IVIAA0,IPCA_SPREAD,5.67,anbima,12289685,4,956.8425,9.6320,B33,105,B33 +105bps,63584780,39005410,38.7
2026-06-23,CGASB4,IPCA_SPREAD,8.51,anbima,0,0,,,,,,20034571,20034571,0.0
2026-06-23,GASC25,IPCA_SPREAD,7.99,anbima,927,1,926.7476,8.5185,B37,54,B37 +54bps,21515331,21513477,0.0
2026-06-23,MGPRA0,IPCA_SPREAD,7.73,anbima,5764587,4,1029.3906,,,,,30279453,18750278,38.1
2026-06-23,PFOR16,DI_SPREAD,2.77,anbima,18403685,3,1068.6148,1.3672,CDI,1.3672,CDI +1.37%,53468468,16661099,68.8
2026-06-23,IRJS15,IPCA_SPREAD,6.61,anbima,521854,3,1019.2470,10.8866,B35,277,B35 +277bps,10646052,9602343,9.8
2026-06-23,CMGTA1,IPCA_SPREAD,7.27,anbima,39433,1,985.8161,7.7085,B37,-27,B37 −27bps,62621874,62543009,0.1
2026-06-23,ENGIC4,DI_SPREAD,3.79,anbima,6002487,1,1042.6415,0.6600,CDI,0.66,CDI +0.66%,89104114,77099140,13.5
2026-06-23,TBSP12,DI_SPREAD,2.77,anbima,5150330,1,1030.0660,0.4600,CDI,0.46,CDI +0.46%,10300660,0,100.0
2026-06-23,RODB11,DI_SPREAD,2.40,anbima,648045,1,1440.1006,2.4778,CDI,2.4778,CDI +2.48%,23535924,22239834,5.5
2026-06-23,DESK19,IPCA_SPREAD,4.50,anbima,104307,1,1043.0706,8.5170,B31,-32,B31 −32bps,21087912,20879298,1.0
2026-06-23,RDORI6,DI_SPREAD,5.57,anbima,0,0,,,,,,11393329,11393329,0.0
2026-06-23,RDORE4,DI_SPREAD,4.65,anbima,1502261,1,1050.5325,1.0955,CDI,1.0955,CDI +1.10%,21100968,18096445,14.2
2026-06-23,PFOR26,DI_SPREAD,3.82,anbima,0,0,,,,,,13163875,13163875,0.0
2026-06-23,EGIEA6,IPCA_SPREAD,7.71,anbima,1276309,1,945.4139,7.5398,B37,-44,B37 −44bps,10872212,8319594,23.5
2026-06-23,RRRP13,IPCA_SPREAD,3.79,anbima,1574220,2,1114.8864,9.4529,B30,61,B30 +61bps,49256190,46107751,6.4
2026-06-23,NEOE16,IPCA_SPREAD,1.80,anbima,2969818,8,1352.3761,8.6782,B28,-10,B28 −10bps,12240200,6300564,48.5
2026-06-23,PEJA11,IPCA_SPREAD,2.98,anbima,1381509,8,1183.8122,8.5568,B29,-22,B29 −22bps,56089079,53326062,4.9
2026-06-23,CEEBD1,PREFIXADO,4.44,anbima,498266,3,907.5877,14.3423,,,,12594215,11597684,7.9
2026-06-23,SBSPI8,IPCA_SPREAD,7.00,anbima,2006161,4,960.8050,7.5513,B35,-57,B35 −57bps,12258578,8246257,32.7
2026-06-23,EQPA19,IPCA_SPREAD,6.83,anbima,14948698,6,969.5614,8.2787,B35,16,B35 +16bps,52286149,22388754,57.2
2026-06-23,PEJA22,IPCA_SPREAD,5.20,anbima,7989287,4,1035.2840,8.4850,B32,-9,B32 −9bps,20124526,4145952,79.4
2026-06-23,UNEG11,IPCA_SPREAD,6.65,anbima,270488,2,1151.0127,9.0003,B35,88,B35 +88bps,17519944,16978969,3.1
2026-06-23,ORIG11,IPCA_SPREAD,4.98,anbima,0,0,,,,,,12774707,12774707,0.0
2026-06-23,CESE32,IPCA_SPREAD,3.14,anbima,0,0,,,,,,11921357,11921357,0.0
2026-06-23,CLTM14,IPCA_SPREAD,5.65,anbima,1778388,3,1027.9700,9.3640,B33,78,B33 +78bps,16928130,13371353,21.0
2026-06-23,CERT11,IPCA_SPREAD,2.62,anbima,3509237,10,1158.9289,8.9278,B29,15,B29 +15bps,51884620,44866147,13.5
2026-06-23,SBSPE3,IPCA_SPREAD,6.28,anbima,840071,4,1099.5696,7.7079,B35,-41,B35 −41bps,54311610,52631467,3.1
2026-06-23,ENEVB0,IPCA_SPREAD,7.96,anbima,15297,1,1019.8096,7.9485,B37,-3,B37 −3bps,10522335,10491741,0.3
2026-06-23,MRSAA4,IPCA_SPREAD,10.26,0.70xprazo,15205194,1,950.3247,7.5408,B40,-12,B40 −12bps,32036918,1626529,94.9
2026-06-23,ENGIB0,IPCA_SPREAD,4.05,anbima,0,0,,,,,,11743964,11743964,0.0
2026-06-23,MRSAC1,IPCA_SPREAD,7.74,anbima,109752,1,1065.5509,7.6055,B37,-37,B37 −37bps,10529458,10309955,2.1
2026-06-23,ESCEB4,DI_SPREAD,1.98,anbima,0,0,,,,,,20044607,20044607,0.0
2026-06-23,AXIA18,IPCA_SPREAD,5.21,anbima,11070192,4,987.9690,8.0242,B32,-56,B32 −56bps,27790953,5650568,79.7
2026-06-23,EQPA18,IPCA_SPREAD,6.47,anbima,5402118,7,1049.3625,8.2794,B35,16,B35 +16bps,17298610,6494374,62.5
2026-06-23,PALFA7,IPCA_SPREAD,6.13,anbima,0,0,,,,,,45444042,45444042,0.0
2026-06-23,STRZ11,IPCA_SPREAD,5.25,anbima,12778068,1,1008.0521,8.4961,B33,-8,B33 −8bps,70238395,44682259,36.4
2026-06-23,BSA3A0,DI_SPREAD,2.80,anbima,0,0,,,,,,11099246,11099246,0.0
2026-06-23,RDORF8,DI_SPREAD,4.82,anbima,51575720,2,1015.4300,1.1178,CDI,1.1178,CDI +1.12%,126449207,23297767,81.6
2026-06-23,CGOS28,IPCA_SPREAD,6.40,anbima,41342,3,1008.3367,8.2696,B35,15,B35 +15bps,20611738,20529054,0.4
2026-06-23,MRSAA1,IPCA_SPREAD,5.66,anbima,0,0,,,,,,20970126,20970126,0.0
2026-06-23,ENAT33,IPCA_SPREAD,5.28,anbima,152119,2,1034.8229,9.6153,B33,104,B33 +104bps,22212769,21908531,1.4
2026-06-23,ISAEB8,IPCA_SPREAD,4.88,anbima,79353,2,1044.1172,8.1378,B32,-44,B32 −44bps,11242707,11084001,1.4
2026-06-23,COCEB2,IPCA_SPREAD,3.27,anbima,152344,2,1002.2613,9.6518,B30,81,B30 +81bps,29597333,29292646,1.0
2026-06-23,RDORC9,DI_SPREAD,2.92,anbima,0,0,,,,,,21649407,21649407,0.0
2026-06-23,CGOS15,DI_SPREAD,2.13,anbima,0,0,,,,,,18164079,18164079,0.0
2026-06-23,CRTO21,,1.21,0.70xprazo,0,0,,,,,,32659537,32659537,0.0
2026-06-23,HYPEA7,DI_SPREAD,1.67,anbima,0,0,,,,,,121695964,121695964,0.0
2026-06-23,NTSD18,DI_SPREAD,3.25,anbima,185339,1,1012.7807,0.7742,CDI,0.7742,CDI +0.77%,11288453,10917775,3.3
2026-06-23,CEEDA0,DI_SPREAD,3.58,anbima,141595,1,1018.6707,0.8514,CDI,0.8514,CDI +0.85%,10800251,10517061,2.6
2026-06-23,DGCD11,,1.91,0.70xprazo,0,0,,,,,,46033128,46033128,0.0
2026-06-23,CPLDA0,DI_SPREAD,2.50,anbima,0,0,,,,,,10004653,10004653,0.0
2026-06-23,ASAIA1,DI_SPREAD,2.16,anbima,0,0,,,,,,14852245,14852245,0.0
2026-06-23,APPT11,,12.23,0.70xprazo,0,0,,,,,,14911506,14911506,0.0
2026-06-23,CRCF12,IPCA_SPREAD,7.64,anbima,898146,2,1125.4956,,,,,12841924,11045633,14.0
2026-06-23,CRTA12,IPCA_SPREAD,7.98,anbima,0,0,,,,,,15638826,15638826,0.0
2026-06-23,DESK17,IPCA_SPREAD,3.37,anbima,0,0,,,,,,13657021,13657021,0.0
2026-06-23,VAMO13,DI_SPREAD,1.62,anbima,0,0,,,,,,14099782,14099782,0.0
2026-06-23,EQTL17,DI_SPREAD,2.13,anbima,0,0,,,,,,26043920,26043920,0.0
2026-06-23,DXCO13,DI_SPREAD,3.41,anbima,0,0,,,,,,50001106,50001106,0.0
2026-06-23,ASAIA0,DI_SPREAD,2.04,anbima,0,0,,,,,,10071171,10071171,0.0
2026-06-23,CEEDA1,DI_SPREAD,3.88,anbima,0,0,,,,,,25040647,25040647,0.0
2026-06-23,RDORH6,DI_SPREAD,4.58,anbima,0,0,,,,,,10003739,10003739,0.0
2026-06-23,ITSA18,DI_SPREAD,4.39,anbima,22447915,1,1122.3958,0.4908,CDI,0.4908,CDI +0.49%,67334507,22438677,66.7
2026-06-23,CEEBB7,IPCA_SPREAD,5.17,anbima,0,0,,,,,,20388375,20388375,0.0
2026-06-23,CCROA7,DI_SPREAD,1.72,anbima,0,0,,,,,,52309555,52309555,0.0
2026-06-23,CPGTA0,DI_SPREAD,1.72,anbima,10524247,1,1052.4247,0.4450,CDI,0.445,CDI +0.45%,21048495,0,100.0
2026-06-23,EUFA18,DI_SPREAD,1.80,anbima,0,0,,,,,,10074830,10074830,0.0
2026-06-23,AESLA6,,3.25,0.70xprazo,0,0,,,,,,34482041,34482041,0.0
2026-06-23,ASAI19,DI_SPREAD,1.81,anbima,0,0,,,,,,15530656,15530656,0.0
2026-06-23,SBSPD7,DI_SPREAD,3.96,anbima,0,0,,,,,,50040875,50040875,0.0
2026-06-23,RDORA5,DI_SPREAD,4.00,anbima,0,0,,,,,,13816750,13816750,0.0
2026-06-23,CGASA5,DI_SPREAD,2.16,anbima,0,0,,,,,,10004640,10004640,0.0
2026-06-23,ANHBA6,DI_SPREAD,3.91,anbima,0,0,,,,,,23945934,23945934,0.0
2026-06-23,NTSD36,DI_SPREAD,4.05,anbima,0,0,,,,,,14999594,14999594,0.0
2026-06-24,MOVIA3,DI_SPREAD,0.56,anbima,0,0,,,,,,12576632,12576632,0.0
2026-06-24,AXIA28,IPCA_SPREAD,6.90,anbima,0,0,,,,,,14079310,14079310,0.0
2026-06-24,IVIAA0,IPCA_SPREAD,5.67,anbima,10484133,7,956.1453,9.6479,B33,119,B33 +119bps,38354878,17386611,54.7
2026-06-24,ERDVA4,IPCA_SPREAD,4.15,anbima,3199893,4,1010.0671,9.1105,B31,43,B31 +43bps,10449605,4049820,61.2
2026-06-24,OPCT16,DI_SPREAD,2.01,anbima,290882,1,1024.2313,1.4391,CDI,1.4391,CDI +1.44%,11135127,10553363,5.2
2026-06-24,ELTN26,DI_SPREAD,4.36,anbima,0,0,,,,,,15119848,15119848,0.0
2026-06-24,CHSF24,DI_SPREAD,4.36,anbima,0,0,,,,,,10008165,10008165,0.0
2026-06-24,MGPRA0,IPCA_SPREAD,7.73,anbima,13566599,5,1021.9660,,,,,32536603,5403404,83.4
2026-06-24,BSA3A0,DI_SPREAD,2.80,anbima,0,0,,,,,,20119114,20119114,0.0
2026-06-24,ANHBA6,DI_SPREAD,3.91,anbima,0,0,,,,,,47891892,47891892,0.0
2026-06-24,NTSD36,DI_SPREAD,4.05,anbima,216962,1,1084.8108,0.9800,CDI,0.98,CDI +0.98%,83834979,83401054,0.5
2026-06-24,CEEDA0,DI_SPREAD,3.58,anbima,617753,3,1022.7691,0.7633,CDI,0.7633,CDI +0.76%,20642483,19406977,6.0
2026-06-24,RDORA5,DI_SPREAD,4.00,anbima,0,0,,,,,,13968950,13968950,0.0
2026-06-24,AXIA18,IPCA_SPREAD,5.21,anbima,0,0,,,,,,11465502,11465502,0.0
2026-06-24,EQPAA0,DI_SPREAD,3.49,anbima,6522758,2,1035.3584,0.7582,CDI,0.7582,CDI +0.76%,22288876,9243360,58.5
2026-06-24,CEEDA1,DI_SPREAD,3.88,anbima,5094142,1,1018.8284,0.8050,CDI,0.805,CDI +0.81%,25200826,15012543,40.4
2026-06-24,ELTN19,DI_SPREAD,4.18,anbima,0,0,,,,,,20009354,20009354,0.0
2026-06-24,ENGIC4,DI_SPREAD,3.79,anbima,15907479,5,1042.4298,0.6798,CDI,0.6798,CDI +0.68%,69465664,37650706,45.8
2026-06-24,SBSPD7,DI_SPREAD,3.96,anbima,0,0,,,,,,50001139,50001139,0.0
2026-06-24,DXCO13,DI_SPREAD,3.41,anbima,35011254,1,1022.2264,0.6492,CDI,0.6492,CDI +0.65%,85033614,15011106,82.3
2026-06-24,MRSAA4,IPCA_SPREAD,10.25,0.70xprazo,0,0,,,,,,15216807,15216807,0.0
2026-06-24,CGASA5,DI_SPREAD,2.16,anbima,0,0,,,,,,63264631,63264631,0.0
2026-06-24,CPGTA0,DI_SPREAD,1.72,anbima,0,0,,,,,,10523320,10523320,0.0
2026-06-24,PASS14,DI_SPREAD,2.99,anbima,10003556,1,1004.3730,0.7993,CDI,0.7993,CDI +0.80%,20970036,962925,95.4
2026-06-24,EQPA19,IPCA_SPREAD,6.83,anbima,102512,2,1014.9717,7.5673,B35,-52,B35 −52bps,22437710,22232686,0.9
2026-06-24,BTEL13,PREFIXADO,3.64,anbima,4963058,1,992.6117,16.1060,,,,23369973,13443857,42.5
2026-06-24,DGCD11,,1.91,0.70xprazo,0,0,,,,,,92086545,92086545,0.0
2026-06-24,TFLEA9,DI_SPREAD,3.59,anbima,5246428,2,1047.1913,1.1589,CDI,1.1589,CDI +1.16%,24039534,13546678,43.6
2026-06-24,NTSD18,DI_SPREAD,3.25,anbima,0,0,,,,,,10010818,10010818,0.0
2026-06-24,PFOR16,DI_SPREAD,2.77,anbima,0,0,,,,,,10835399,10835399,0.0
2026-06-24,ERDVA6,DI_SPREAD,3.07,anbima,5003812,2,1076.0886,0.8685,CDI,0.8685,CDI +0.87%,16263504,6255880,61.5
2026-06-24,MRSAC1,IPCA_SPREAD,7.74,anbima,47717,1,1060.3729,7.6785,B37,-26,B37 −26bps,10065132,9969699,0.9
2026-06-24,EUFA18,DI_SPREAD,1.80,anbima,0,0,,,,,,10071075,10071075,0.0
2026-06-24,RDORE4,DI_SPREAD,4.65,anbima,582761,2,1051.9160,1.0800,CDI,1.08,CDI +1.08%,12061793,10896270,9.7
2026-06-24,TUPY25,DI_SPREAD,3.30,anbima,30026816,1,943.3495,4.9000,CDI,4.9,CDI +4.90%,73996282,13942649,81.2
2026-06-24,EQTL17,DI_SPREAD,2.13,anbima,1041567,1,1041.5671,0.6310,CDI,0.631,CDI +0.63%,36852333,34769198,5.7
2026-06-24,SUZBA1,DI_SPREAD,3.73,anbima,1248032,2,1028.0325,0.4718,CDI,0.4718,CDI +0.47%,22771925,20275862,11.0
2026-06-24,AGOV11,,2.12,0.70xprazo,0,0,,,,,,420028946,420028946,0.0
2026-06-24,CGOS15,DI_SPREAD,2.13,anbima,0,0,,,,,,34453999,34453999,0.0
2026-06-24,ESCEB4,DI_SPREAD,1.98,anbima,0,0,,,,,,10046344,10046344,0.0
2026-06-24,ENGID3,DI_SPREAD,3.73,anbima,0,0,,,,,,10070144,10070144,0.0
2026-06-24,ELET24,DI_SPREAD,1.42,anbima,0,0,,,,,,17810543,17810543,0.0
2026-06-24,QYAN11,DI_SPREAD,3.35,anbima,802572,1,1023.6889,0.7483,CDI,0.7483,CDI +0.75%,19527407,17922263,8.2
2026-06-24,ASAIA3,DI_SPREAD,2.36,anbima,348662,2,990.5169,1.9219,CDI,1.9219,CDI +1.92%,89426750,88729426,0.8
2026-06-24,ENEVA3,DI_SPREAD,2.73,anbima,0,0,,,,,,26010249,26010249,0.0
2026-06-24,EDSE13,,1.44,0.70xprazo,5002581,1,1080.4711,2.0000,,,,95007057,85001895,10.5
2026-06-24,RENTA5,DI_SPREAD,3.79,anbima,583607,2,1101.1457,1.2976,CDI,1.2976,CDI +1.30%,61846568,60679354,1.9
2026-06-24,PFOR26,DI_SPREAD,3.82,anbima,583110,2,1071.8929,1.4958,CDI,1.4958,CDI +1.50%,26727500,25561280,4.4
2026-06-24,LMTPA0,DI_SPREAD,2.53,anbima,290919,1,1027.9823,1.7384,CDI,1.7384,CDI +1.74%,40433775,39851937,1.4
2026-06-24,USIMA0,DI_SPREAD,2.48,anbima,291610,1,1037.7571,1.4133,CDI,1.4133,CDI +1.41%,10697848,10114629,5.5
2026-06-24,SAPRC1,DI_SPREAD,1.51,anbima,0,0,,,,,,146330883,146330883,0.0
2026-06-24,AEGPB3,DI_SPREAD,3.35,anbima,1910553,3,987.3660,3.6994,CDI,3.6994,CDI +3.70%,16041075,12219969,23.8
2026-06-24,RDORD3,DI_SPREAD,4.60,anbima,581581,2,1049.7859,1.1064,CDI,1.1064,CDI +1.11%,52297201,51134038,2.2
2026-06-24,PFOR15,DI_SPREAD,2.38,anbima,291522,1,1044.8821,1.4360,CDI,1.436,CDI +1.44%,14366741,13783697,4.1
2026-06-24,ELPLB8,DI_SPREAD,1.59,anbima,0,0,,,,,,24127653,24127653,0.0
2026-06-24,VBBR26,DI_SPREAD,4.19,anbima,0,0,,,,,,17217496,17217496,0.0
2026-06-24,CSANB0,DI_SPREAD,4.37,anbima,16179614,3,1063.6086,1.7688,CDI,1.7688,CDI +1.77%,44361799,12002571,72.9
2026-06-24,CGOS18,DI_SPREAD,2.45,anbima,0,0,,,,,,13845630,13845630,0.0
2026-06-24,ISPE12,DI_SPREAD,2.32,anbima,0,0,,,,,,13086491,13086491,0.0
2026-06-24,CSANB2,DI_SPREAD,2.54,anbima,0,0,,,,,,19270924,19270924,0.0
2026-06-24,AEGP17,DI_SPREAD,0.66,anbima,6047800,1,342.6710,2.6139,CDI,2.6139,CDI +2.61%,14150918,2055319,85.5
2026-06-24,PSAN23,DI_SPREAD,2.70,anbima,4221284,1,1052.9518,2.3846,CDI,2.3846,CDI +2.38%,24645696,16203129,34.3
2026-06-24,CESPA4,DI_SPREAD,3.76,anbima,0,0,,,,,,11591948,11591948,0.0
2026-06-24,VBBR18,DI_SPREAD,3.34,anbima,0,0,,,,,,33725343,33725343,0.0
2026-06-24,OMGE17,DI_SPREAD,3.26,anbima,0,0,,,,,,12014726,12014726,0.0
2026-06-24,COLNA3,DI_SPREAD,3.17,anbima,15411669,2,1062.8737,0.8442,CDI,0.8442,CDI +0.84%,55163047,24339709,55.9
2026-06-24,AEGPA9,DI_SPREAD,2.03,anbima,0,0,,,,,,13422088,13422088,0.0
2026-06-24,RENTD0,DI_SPREAD,2.98,anbima,0,0,,,,,,10101559,10101559,0.0
2026-06-24,RENTC4,DI_SPREAD,1.98,anbima,0,0,,,,,,14443226,14443226,0.0
2026-06-24,OMGE16,DI_SPREAD,2.76,anbima,0,0,,,,,,12950739,12950739,0.0
2026-06-24,ISPE13,DI_SPREAD,2.32,anbima,0,0,,,,,,15893158,15893158,0.0
2026-06-24,VBBR24,DI_SPREAD,3.06,anbima,1118611,2,1118.6111,1.0722,CDI,1.0722,CDI +1.07%,14807635,12570412,15.1
2026-06-24,IOCHA4,DI_SPREAD,1.49,anbima,0,0,,,,,,29678809,29678809,0.0
2026-06-24,CEED16,DI_SPREAD,2.34,anbima,0,0,,,,,,11629727,11629727,0.0
2026-06-24,RENTE2,DI_SPREAD,2.94,anbima,0,0,,,,,,10075887,10075887,0.0
2026-06-24,ALGAA2,DI_SPREAD,1.75,anbima,0,0,,,,,,14130196,14130196,0.0
2026-06-24,RENTE4,DI_SPREAD,3.39,anbima,0,0,,,,,,14896383,14896383,0.0
2026-06-24,NTSD26,DI_SPREAD,2.95,anbima,6493668,3,1069.7970,0.8668,CDI,0.8668,CDI +0.87%,14482089,1494753,89.7
2026-06-24,RSAN25,DI_SPREAD,1.99,anbima,0,0,,,,,,14886242,14886242,0.0
2026-06-24,ROTY13,IPCA_SPREAD,3.92,anbima,0,0,,,,,,20756020,20756020,0.0
2026-06-24,BCPSA4,DI_SPREAD,0.53,anbima,0,0,,,,,,14721134,14721134,0.0
2026-06-24,SBSPD3,DI_SPREAD,3.92,anbima,0,0,,,,,,20744211,20744211,0.0
2026-06-24,CASN14,DI_SPREAD,1.83,anbima,0,0,,,,,,12591987,12591987,0.0
2026-06-24,MOTVA9,,4.42,0.70xprazo,5027673,1,1019.6052,0.6507,,,,10055346,0,100.0
2026-06-24,AERI12,DI_SPREAD,2.64,0.70xprazo,0,0,,,,,,10932600,10932600,0.0
2026-06-24,TBSP12,DI_SPREAD,2.77,anbima,0,0,,,,,,10502413,10502413,0.0
2026-06-24,BSA318,DI_SPREAD,1.60,anbima,0,0,,,,,,10543379,10543379,0.0
2026-06-24,IGTAA3,DI_SPREAD,2.81,anbima,0,0,,,,,,60018071,60018071,0.0
2026-06-24,TIGR21,DI_SPREAD,1.56,anbima,0,0,,,,,,49992066,49992066,0.0
2026-06-24,CSRNA2,DI_SPREAD,3.04,anbima,0,0,,,,,,10007066,10007066,0.0
2026-06-25,NTSD36,DI_SPREAD,4.05,anbima,0,0,,,,,,22153647,22153647,0.0
2026-06-25,EDSE12,,0.77,0.70xprazo,0,0,,,,,,892506070,892506070,0.0
2026-06-25,VBBR18,DI_SPREAD,3.34,anbima,0,0,,,,,,26349648,26349648,0.0
2026-06-25,RALM11,IPCA_SPREAD,8.27,anbima,5058023,1,1124.0050,,,,,10317153,201107,98.1
2026-06-25,USAS11,IPCA_SPREAD,1.03,anbima,315153,1,676.2935,10.0200,B27,-120,B27 −120bps,20966212,20335906,3.0
2026-06-25,LCAMD1,IPCA_SPREAD,3.52,anbima,13919,1,1159.8857,10.3800,B30,174,B30 +174bps,11732101,11704263,0.2
2026-06-25,ELET16,IPCA_SPREAD,6.15,anbima,217884,4,1078.6317,7.4138,B35,-64,B35 −64bps,25402038,24966271,1.7
2026-06-25,BTEL13,PREFIXADO,3.64,anbima,10080068,3,992.6211,16.1058,,,,21464243,1304108,93.9
2026-06-25,MDRO18,DI_SPREAD,2.58,anbima,0,0,,,,,,38977739,38977739,0.0
2026-06-25,LCAMC2,DI_SPREAD,2.87,anbima,0,0,,,,,,19937465,19937465,0.0
2026-06-25,CSRNA2,DI_SPREAD,3.04,anbima,10010223,1,1052.8211,0.5900,CDI,0.59,CDI +0.59%,40022019,20001573,50.0
2026-06-25,AURP12,IPCA_SPREAD,5.83,anbima,6225263,3,1029.3093,8.1651,B33,-25,B33 −25bps,19476364,7025838,63.9
2026-06-25,ASAIA3,DI_SPREAD,2.36,anbima,0,0,,,,,,66832759,66832759,0.0
2026-06-25,EDSE13,,1.43,0.70xprazo,0,0,,,,,,85945262,85945262,0.0
2026-06-25,SAPRC1,DI_SPREAD,1.51,anbima,0,0,,,,,,111009899,111009899,0.0
2026-06-25,CEPEA7,IPCA_SPREAD,9.00,anbima,10187262,4,1009.8396,7.8235,B40,20,B40 +20bps,21969422,1594898,92.7
2026-06-25,CERT11,IPCA_SPREAD,2.62,anbima,249307,3,1159.5659,8.9544,B29,35,B29 +35bps,32069153,31570540,1.6
2026-06-25,ENEV29,IPCA_SPREAD,7.11,anbima,2876322,3,1139.1374,8.0345,B35,-2,B35 −2bps,12813205,7060562,44.9
2026-06-25,IRJS14,IPCA_SPREAD,6.81,anbima,8226193,5,1124.5650,10.7594,B35,271,B35 +271bps,28570009,12117624,57.6
2026-06-25,JSMLA5,DI_SPREAD,2.67,anbima,260532,2,1050.5303,4.5152,CDI,4.5152,CDI +4.52%,11139123,10618060,4.7
2026-06-25,STBP35,IPCA_SPREAD,5.54,anbima,0,0,,,,,,16247633,16247633,0.0
2026-06-25,AESLC2,IPCA_SPREAD,5.30,anbima,0,0,,,,,,14300849,14300849,0.0
2026-06-25,TIGR21,DI_SPREAD,1.56,anbima,0,0,,,,,,50008568,50008568,0.0
2026-06-25,CASN14,DI_SPREAD,1.83,anbima,802207,1,1000.2582,2.5550,CDI,2.555,CDI +2.55%,13605830,12001416,11.8
2026-06-25,ISAEA9,IPCA_SPREAD,8.83,anbima,18636,1,1035.3331,7.5939,B40,-3,B40 −3bps,15807262,15769990,0.2
2026-06-25,SBSPJ8,IPCA_SPREAD,7.96,anbima,0,0,,,,,,17705728,17705728,0.0
2026-06-25,CGOS15,DI_SPREAD,2.13,anbima,0,0,,,,,,10004718,10004718,0.0
2026-06-25,ENMTF8,IPCA_SPREAD,6.88,anbima,26708945,2,948.7743,8.1246,B35,7,B35 +7bps,78011610,24593721,68.5
2026-06-25,CMGDB1,IPCA_SPREAD,6.98,anbima,127341,2,1035.2909,7.6984,B35,-35,B35 −35bps,17477141,17222459,1.5
2026-06-25,BRMLB1,DI_SPREAD,4.31,anbima,0,0,,,,,,18438120,18438120,0.0
2026-06-25,CHSF13,IPCA_SPREAD,4.17,anbima,119119,4,1063.5614,7.7677,B31,-87,B31 −87bps,24065505,23827268,1.0
2026-06-25,TRRG12,IPCA_SPREAD,4.18,anbima,0,0,,,,,,13858795,13858795,0.0
2026-06-25,TSSG21,IPCA_SPREAD,5.28,anbima,0,0,,,,,,26655649,26655649,0.0
2026-06-25,CEEBB6,IPCA_SPREAD,3.12,anbima,0,0,,,,,,11970478,11970478,0.0
2026-06-25,COMT11,IPCA_SPREAD,3.78,anbima,0,0,,,,,,12950233,12950233,0.0
2026-06-25,RECV11,IPCA_SPREAD,3.29,anbima,0,0,,,,,,17814503,17814503,0.0
2026-06-25,IMPA12,,1.15,0.70xprazo,0,0,,,,,,10082453,10082453,0.0
2026-06-25,EGIEB5,IPCA_SPREAD,6.16,anbima,0,0,,,,,,10258937,10258937,0.0
2026-06-25,MOTVB9,IPCA_SPREAD,7.30,anbima,6333587,1,985.6189,7.5910,B37,-34,B37 −34bps,22737330,10070156,55.7
2026-06-25,MRSAB1,IPCA_SPREAD,6.22,anbima,0,0,,,,,,15592489,15592489,0.0
2026-06-25,ENGIC0,IPCA_SPREAD,7.99,anbima,0,0,,,,,,17832222,17832222,0.0
2026-06-25,EKTRA6,IPCA_SPREAD,9.00,anbima,11072821,2,1012.6962,7.8290,B40,21,B40 +21bps,22147665,2024,100.0
2026-06-25,RBRAC7,,2.47,0.70xprazo,0,0,,,,,,10016705,10016705,0.0
2026-06-25,USIM28,DI_SPREAD,1.96,anbima,0,0,,,,,,10010386,10010386,0.0
2026-06-25,SNGOA1,DI_SPREAD,0.98,anbima,0,0,,,,,,28489537,28489537,0.0
2026-06-25,TUPY25,DI_SPREAD,3.30,anbima,13931830,1,943.5713,4.9000,CDI,4.9,CDI +4.90%,27863662,1,100.0
2026-06-25,BCPSA7,IPCA_SPREAD,6.45,anbima,10273578,1,1027.3578,7.5725,B35,-48,B35 −48bps,32761247,12214091,62.7
2026-06-25,AESLB0,IPCA_SPREAD,6.13,anbima,0,0,,,,,,15483067,15483067,0.0
2026-06-25,MULPA0,DI_SPREAD,1.08,anbima,0,0,,,,,,58348152,58348152,0.0
2026-06-25,CMGDA2,DI_SPREAD,3.56,anbima,0,0,,,,,,26186877,26186877,0.0
2026-06-25,REUS11,,13.69,0.70xprazo,0,0,,,,,,20154194,20154194,0.0
2026-06-25,CGOSA1,DI_SPREAD,3.58,anbima,0,0,,,,,,25436848,25436848,0.0
2026-06-25,ANHBA6,DI_SPREAD,3.91,anbima,0,0,,,,,,22713537,22713537,0.0
2026-06-25,CLCD26,IPCA_SPREAD,2.95,anbima,0,0,,,,,,19557809,19557809,0.0
2026-06-25,CLCD27,IPCA_SPREAD,5.41,anbima,0,0,,,,,,12331078,12331078,0.0
2026-06-25,CTOL28,,5.33,0.70xprazo,0,0,,,,,,26740048,26740048,0.0
2026-06-25,VDIE22,,1.09,0.70xprazo,162714,2,1312.2062,,,,,14894210,14568783,2.2
2026-06-25,ABRK11,,8.73,0.70xprazo,0,0,,,,,,35500440,35500440,0.0
2026-06-25,DASAA6,DI_SPREAD,0.05,0.70xprazo,0,0,,,,,,22478914,22478914,0.0
2026-06-25,CSANC2,DI_SPREAD,3.37,anbima,0,0,,,,,,34014076,34014076,0.0
2026-06-25,ELTN19,DI_SPREAD,4.18,anbima,0,0,,,,,,14751430,14751430,0.0
2026-06-25,ENEVD0,DI_SPREAD,3.12,anbima,0,0,,,,,,36386337,36386337,0.0
2026-06-25,CRCG12,,0.79,0.70xprazo,25993609,1,294.5452,1.1600,,,,51987215,0,100.0
2026-06-25,EBENA8,IPCA_SPREAD,6.83,anbima,0,0,,,,,,12146142,12146142,0.0
2026-06-25,UQFN15,DI_SPREAD,2.95,anbima,0,0,,,,,,10000533,10000533,0.0
2026-06-25,AXIA28,IPCA_SPREAD,6.90,anbima,123757,1,982.1978,7.7315,B35,-32,B35 −32bps,10191394,9943881,2.4
2026-06-25,USIM39,DI_SPREAD,3.69,anbima,6227385,1,1022.5591,1.5615,CDI,1.5615,CDI +1.56%,102260934,89806165,12.2
2026-06-25,CIEL18,DI_SPREAD,2.31,anbima,0,0,,,,,,20413042,20413042,0.0
2026-06-25,IGTAA3,DI_SPREAD,2.81,anbima,0,0,,,,,,30017445,30017445,0.0
2026-06-25,MEZP11,,14.27,0.70xprazo,0,0,,,,,,90000000,90000000,0.0
2026-06-25,VVEO15,DI_SPREAD,5.32,0.70xprazo,0,0,,,,,,21508246,21508246,0.0
2026-06-25,VVEO16,DI_SPREAD,5.32,0.70xprazo,0,0,,,,,,10887657,10887657,0.0
2026-06-25,PALFB3,IPCA_SPREAD,6.32,anbima,0,0,,,,,,20587612,20587612,0.0
2026-06-25,GSTS14,IPCA_SPREAD,4.03,anbima,5033620,1,1006.7239,11.2180,B31,258,B31 +258bps,18807318,8740079,53.5
2026-06-25,ENEVA4,IPCA_SPREAD,7.02,anbima,15224240,1,975.9128,7.9060,B35,-14,B35 −14bps,30448481,0,100.0
2026-06-25,ENERC7,IPCA_SPREAD,8.39,anbima,44135905,2,983.5299,7.9267,B40,31,B40 +31bps,94291532,6019722,93.6
2026-06-25,CEEBF3,,4.70,0.70xprazo,22231159,1,965.7323,14.1100,,,,44462316,0,100.0
2026-06-25,ROTY13,IPCA_SPREAD,3.92,anbima,0,0,,,,,,10265698,10265698,0.0
2026-06-26,LCAMD1,IPCA_SPREAD,3.52,anbima,7698919,5,1175.7665,9.9715,B30,141,B30 +141bps,41577867,26180030,37.0
2026-06-26,USAS11,IPCA_SPREAD,1.03,anbima,0,0,,,,,,30893437,30893437,0.0
2026-06-26,CEBD14,DI_SPREAD,1.36,anbima,0,0,,,,,,15519583,15519583,0.0
2026-06-26,ROTY13,IPCA_SPREAD,3.92,anbima,87207913,4,991.6977,8.1014,B31,-46,B31 −46bps,184654747,10238920,94.5
2026-06-26,GSTS14,IPCA_SPREAD,4.03,anbima,8059626,1,1007.4533,11.2050,B31,264,B31 +264bps,25015713,8896461,64.4
2026-06-26,DASAA6,DI_SPREAD,0.05,0.70xprazo,0,0,,,,,,23877549,23877549,0.0
2026-06-26,VVEO15,DI_SPREAD,5.32,0.70xprazo,0,0,,,,,,58296434,58296434,0.0
2026-06-26,USIMA0,DI_SPREAD,2.48,anbima,0,0,,,,,,12918990,12918990,0.0
2026-06-26,BRMLB1,DI_SPREAD,4.31,anbima,20274,1,1067.0480,0.6005,CDI,0.6005,CDI +0.60%,37203964,37163416,0.1
2026-06-26,JSMLA5,DI_SPREAD,2.67,anbima,3890397,3,1056.3118,4.3153,CDI,4.3153,CDI +4.32%,17364299,9583506,44.8
2026-06-26,MVLVA3,DI_SPREAD,0.92,anbima,0,0,,,,,,10872584,10872584,0.0
2026-06-26,TFLEA3,DI_SPREAD,2.06,anbima,0,0,,,,,,289866755,289866755,0.0
2026-06-26,ENGIC0,IPCA_SPREAD,7.99,anbima,10070699,2,995.9157,7.9860,B37,13,B37 +13bps,39481676,19340277,51.0
2026-06-26,ISAEB8,IPCA_SPREAD,4.88,anbima,0,0,,,,,,10363127,10363127,0.0
2026-06-26,CERT11,IPCA_SPREAD,2.62,anbima,0,0,,,,,,37163329,37163329,0.0
2026-06-26,ENERB7,IPCA_SPREAD,6.62,anbima,8041450,2,994.6134,8.1202,B35,15,B35 +15bps,23155996,7073096,69.5
2026-06-26,ENERC7,IPCA_SPREAD,8.39,anbima,9962040,1,978.5894,7.9960,B40,45,B40 +45bps,35933006,16008927,55.4
2026-06-26,ENMTF8,IPCA_SPREAD,6.88,anbima,23042618,2,946.8920,8.1622,B35,19,B35 +19bps,70647227,24561991,65.2
2026-06-26,AXIA18,IPCA_SPREAD,5.21,anbima,5958555,4,995.0827,7.9051,B32,-43,B32 −43bps,28943986,17026876,41.2
2026-06-26,SBSPJ8,IPCA_SPREAD,7.96,anbima,1065197,2,999.2470,6.9593,B37,-90,B37 −90bps,10251852,8121457,20.8
2026-06-26,IRJS15,IPCA_SPREAD,6.61,anbima,1836170,4,1029.8203,10.7445,B35,277,B35 +277bps,109812192,106139852,3.3
2026-06-26,VALEC1,IPCA_SPREAD,6.64,anbima,281313,2,1069.6305,6.5830,B35,-139,B35 −139bps,11531630,10969005,4.9
2026-06-26,ISAEC0,IPCA_SPREAD,8.85,anbima,301168,2,1024.3811,6.9547,B40,-60,B40 −60bps,70378417,69776081,0.9
2026-06-26,TIMS12,IPCA_SPREAD,1.34,anbima,1688,1,844.2423,7.9741,B27,-345,B27 −345bps,234404027,234400650,0.0
2026-06-26,CCROB6,IPCA_SPREAD,5.48,anbima,293916,3,1185.1464,7.9311,B33,-41,B33 −41bps,184690655,184102823,0.3
2026-06-26,CESPA3,IPCA_SPREAD,5.40,anbima,0,0,,,,,,206468840,206468840,0.0
2026-06-26,HBSA11,IPCA_SPREAD,2.07,anbima,0,0,,,,,,51500917,51500917,0.0
2026-06-26,HBSA21,IPCA_SPREAD,3.66,anbima,0,0,,,,,,17701889,17701889,0.0
2026-06-26,CSRNC0,IPCA_SPREAD,2.29,anbima,0,0,,,,,,280457596,280457596,0.0
2026-06-26,MRSAB3,IPCA_SPREAD,8.63,anbima,14234702,3,1019.8239,7.5320,B40,-2,B40 −2bps,37826850,9357446,75.3
2026-06-26,JALL15,IPCA_SPREAD,5.39,anbima,0,0,,,,,,10192216,10192216,0.0
2026-06-26,MOTVB9,IPCA_SPREAD,7.30,anbima,44809782,3,975.6741,7.7445,B37,-12,B37 −12bps,141502561,51882996,63.3
2026-06-26,MDRO18,DI_SPREAD,2.58,anbima,0,0,,,,,,38986943,38986943,0.0
2026-06-26,ISAEA9,IPCA_SPREAD,8.83,anbima,28125,1,1041.6653,7.5225,B40,-3,B40 −3bps,16361608,16305358,0.3
2026-06-26,LTTE15,IPCA_SPREAD,4.85,anbima,0,0,,,,,,11282924,11282924,0.0
2026-06-26,SBSPI8,IPCA_SPREAD,7.00,anbima,3135047,2,955.5158,7.6496,B35,-32,B35 −32bps,14338406,8068312,43.7
2026-06-26,CEEBD2,IPCA_SPREAD,6.93,anbima,54043180,4,926.4281,8.1302,B35,16,B35 +16bps,120065791,11979430,90.0
2026-06-26,NTSD18,DI_SPREAD,3.25,anbima,13931267,2,1018.5164,0.6709,CDI,0.6709,CDI +0.67%,112748478,84885944,24.7
2026-06-26,CMGTA1,IPCA_SPREAD,7.27,anbima,0,0,,,,,,11757867,11757867,0.0
2026-06-26,CSRNA2,DI_SPREAD,3.04,anbima,0,0,,,,,,21660129,21660129,0.0
2026-06-26,DESK19,IPCA_SPREAD,4.50,anbima,50650162,1,1055.2117,8.2865,B31,-27,B31 −27bps,105482035,4181712,96.0
2026-06-26,CESE32,IPCA_SPREAD,3.14,anbima,6835169,2,1140.7158,8.2505,B30,-31,B30 −31bps,13841154,170816,98.8
2026-06-26,RENTC8,DI_SPREAD,2.08,anbima,0,0,,,,,,70019910,70019910,0.0
2026-06-26,ELET24,DI_SPREAD,1.42,anbima,0,0,,,,,,51099586,51099586,0.0
2026-06-26,CLGE11,,3.83,0.70xprazo,0,0,,,,,,28795528,28795528,0.0
2026-06-26,BCPSA7,IPCA_SPREAD,6.45,anbima,401154,3,1028.5997,7.5513,B35,-42,B35 −42bps,15470169,14667861,5.2
2026-06-26,AESLC2,IPCA_SPREAD,5.30,anbima,0,0,,,,,,18651460,18651460,0.0
2026-06-26,IGSN15,IPCA_SPREAD,3.76,anbima,4516620,4,1026.5046,11.8811,B30,332,B30 +332bps,13435615,4402374,67.2
2026-06-26,EDPR13,DI_SPREAD,2.34,anbima,2010718,1,1005.3589,0.5950,CDI,0.595,CDI +0.59%,64440395,60418960,6.2
2026-06-26,ORIG12,IPCA_SPREAD,4.84,anbima,1981381,1,987.7273,11.3500,B32,301,B32 +301bps,12965653,9002891,30.6
2026-06-26,STRZ11,IPCA_SPREAD,5.25,anbima,0,0,,,,,,10130502,10130502,0.0
2026-06-26,APPT11,,12.23,0.70xprazo,0,0,,,,,,12340458,12340458,0.0
2026-06-26,ULFT14,IPCA_SPREAD,6.23,anbima,0,0,,,,,,11169213,11169213,0.0
2026-06-26,ISAED1,DI_SPREAD,4.84,anbima,0,0,,,,,,32695370,32695370,0.0
2026-06-26,CESPA2,IPCA_SPREAD,2.78,anbima,0,0,,,,,,221717889,221717889,0.0
2026-06-26,MULPA0,DI_SPREAD,1.08,anbima,0,0,,,,,,10215768,10215768,0.0
2026-06-26,TRCC11,IPCA_SPREAD,1.65,anbima,0,0,,,,,,256257637,256257637,0.0
2026-06-26,MILS29,DI_SPREAD,3.52,anbima,0,0,,,,,,10005727,10005727,0.0
2026-06-26,RENTD9,DI_SPREAD,2.83,anbima,0,0,,,,,,27154743,27154743,0.0
2026-06-26,RENTC4,DI_SPREAD,1.98,anbima,0,0,,,,,,41132875,41132875,0.0
2026-06-26,PASS14,DI_SPREAD,2.99,anbima,0,0,,,,,,146866698,146866698,0.0
2026-06-26,ESCEA4,DI_SPREAD,1.33,anbima,0,0,,,,,,11522295,11522295,0.0
2026-06-26,CGBP14,DI_SPREAD,2.87,anbima,0,0,,,,,,73336661,73336661,0.0
2026-06-26,VBBR18,DI_SPREAD,3.34,anbima,0,0,,,,,,29994977,29994977,0.0
2026-06-26,DESK18,IPCA_SPREAD,4.42,anbima,10343735,1,1034.3735,8.3185,B31,-24,B31 −24bps,20687471,0,100.0
2026-06-26,DESK17,IPCA_SPREAD,3.37,anbima,0,0,,,,,,10736312,10736312,0.0
2026-06-26,ALAR14,,4.41,0.70xprazo,0,0,,,,,,15998500,15998500,0.0
2026-06-26,ADPD21,,0.99,0.70xprazo,0,0,,,,,,28071400,28071400,0.0
2026-06-29,VVEO16,DI_SPREAD,5.31,0.70xprazo,0,0,,,,,,36381759,36381759,0.0
2026-06-29,VVEO15,DI_SPREAD,5.31,0.70xprazo,0,0,,,,,,25819139,25819139,0.0
2026-06-29,ISAEB8,IPCA_SPREAD,4.88,anbima,2856741,1,1060.0150,7.8480,B32,-54,B32 −54bps,14401940,8688459,39.7
2026-06-29,CEEBD2,IPCA_SPREAD,6.93,anbima,19890430,5,926.3427,8.1316,B35,5,B35 +5bps,100038719,60257858,39.8
2026-06-29,VERTG2,,6.91,0.70xprazo,0,0,,,,,,319971267,319971267,0.0
2026-06-29,MRSAB3,IPCA_SPREAD,8.63,anbima,149191,1,1058.0926,7.0680,B40,-66,B40 −66bps,13786107,13487725,2.2
2026-06-29,NTSD18,DI_SPREAD,3.25,anbima,5149665,1,1018.5255,0.6707,CDI,0.6707,CDI +0.67%,31703529,21404199,32.5
2026-06-29,CSANB1,DI_SPREAD,2.78,anbima,56077526,1,1038.4727,1.8000,CDI,1.8,CDI +1.80%,120460660,8305608,93.1
2026-06-29,RENTC8,DI_SPREAD,2.08,anbima,0,0,,,,,,390006343,390006343,0.0
2026-06-29,MRSAA3,IPCA_SPREAD,4.92,anbima,5702705,1,1050.2220,7.8685,B32,-52,B32 −52bps,18799683,7394273,60.7
2026-06-29,AXIA18,IPCA_SPREAD,5.21,anbima,760651,3,1003.4980,7.7428,B32,-65,B32 −65bps,13868957,12347654,11.0
2026-06-29,MOTVB9,IPCA_SPREAD,7.30,anbima,0,0,,,,,,41876799,41876799,0.0
2026-06-29,VBBR18,DI_SPREAD,3.34,anbima,0,0,,,,,,29999084,29999084,0.0
2026-06-29,ISAEC0,IPCA_SPREAD,8.85,anbima,93817,1,1019.7548,7.0130,B40,-72,B40 −72bps,130233722,130046087,0.1
2026-06-29,RENTC4,DI_SPREAD,1.98,anbima,0,0,,,,,,41149929,41149929,0.0
2026-06-29,ENERC7,IPCA_SPREAD,8.39,anbima,0,0,,,,,,10037397,10037397,0.0
2026-06-29,CSNAA2,DI_SPREAD,0.82,anbima,5001134,1,905.5104,14.7500,CDI,14.75,CDI +14.75%,10019763,17495,99.8
2026-06-29,MILSA1,DI_SPREAD,2.69,anbima,6068938,1,1045.6476,1.1183,CDI,1.1183,CDI +1.12%,24110262,11972385,50.3
2026-06-29,CGBP14,DI_SPREAD,2.87,anbima,64097,1,971.1731,0.8522,CDI,0.8522,CDI +0.85%,73437963,73309768,0.2
2026-06-29,ESCEA4,DI_SPREAD,1.33,anbima,0,0,,,,,,39491912,39491912,0.0
2026-06-29,ESCEB4,DI_SPREAD,1.98,anbima,0,0,,,,,,33924670,33924670,0.0
2026-06-29,EBENA6,DI_SPREAD,0.98,anbima,0,0,,,,,,21828455,21828455,0.0
2026-06-29,DESK19,IPCA_SPREAD,4.50,anbima,0,0,,,,,,50632005,50632005,0.0
2026-06-29,DESK17,IPCA_SPREAD,3.37,anbima,0,0,,,,,,10743147,10743147,0.0
2026-06-29,VERT18,,1.77,0.70xprazo,0,0,,,,,,31493746,31493746,0.0
2026-06-29,ACQU11,,0.21,0.70xprazo,0,0,,,,,,40565839,40565839,0.0
2026-06-29,HGLB23,IPCA_SPREAD,4.30,anbima,5004010,1,1015.0122,11.3000,B31,272,B31 +272bps,10588666,580646,94.5
2026-06-29,MEBH11,,4.12,0.70xprazo,0,0,,,,,,39999466,39999466,0.0
2026-06-29,AXIA28,IPCA_SPREAD,6.90,anbima,9543599,2,977.2271,7.8165,B35,-26,B35 −26bps,21676553,2589354,88.1
2026-06-29,RENTD9,DI_SPREAD,2.83,anbima,0,0,,,,,,27170904,27170904,0.0
2026-06-29,CEEDA0,DI_SPREAD,3.58,anbima,0,0,,,,,,18998259,18998259,0.0
2026-06-29,ISAEA8,IPCA_SPREAD,5.13,anbima,9868657,1,1040.7780,7.8480,B32,-54,B32 −54bps,19755975,18660,99.9
2026-06-29,AERI12,DI_SPREAD,2.63,0.70xprazo,0,0,,,,,,10932600,10932600,0.0
2026-06-29,MILS18,DI_SPREAD,2.07,anbima,0,0,,,,,,15536261,15536261,0.0
2026-06-29,QUNT11,DI_SPREAD,3.13,anbima,0,0,,,,,,13740332,13740332,0.0
2026-06-29,CHSF13,IPCA_SPREAD,4.17,anbima,14757,2,1054.0895,8.0117,B31,-57,B31 −57bps,11073449,11043935,0.3
2026-06-29,CESPA3,IPCA_SPREAD,5.40,anbima,0,0,,,,,,31486799,31486799,0.0
2026-06-29,SRBS11,IPCA_SPREAD,8.17,anbima,0,0,,,,,,10775701,10775701,0.0
2026-06-29,CEPEB3,IPCA_SPREAD,5.17,anbima,0,0,,,,,,41399415,41399415,0.0
2026-06-29,ENGID3,DI_SPREAD,3.73,anbima,0,0,,,,,,10051510,10051510,0.0
2026-06-29,LTTE15,IPCA_SPREAD,4.85,anbima,0,0,,,,,,12813358,12813358,0.0
2026-06-29,WETE11,,1.61,0.70xprazo,0,0,,,,,,28846007,28846007,0.0
2026-06-29,EDPR13,DI_SPREAD,2.34,anbima,0,0,,,,,,48108390,48108390,0.0
2026-06-29,TAEEA8,IPCA_SPREAD,4.50,anbima,0,0,,,,,,12347557,12347557,0.0
2026-06-29,ELCY14,,13.64,0.70xprazo,0,0,,,,,,41370061,41370061,0.0
2026-06-29,COMR15,IPCA_SPREAD,5.54,anbima,5998235,2,908.1354,9.4516,B33,106,B33 +106bps,12001007,4538,100.0
2026-06-30,RDORE4,DI_SPREAD,4.65,anbima,10500678,2,1053.2275,1.1037,CDI,1.1037,CDI +1.10%,40518980,19517623,51.8
2026-06-30,PFOR16,DI_SPREAD,2.77,anbima,2145746,1,1072.8729,1.3485,CDI,1.3485,CDI +1.35%,17774244,13482753,24.1
2026-06-30,AEGPB3,DI_SPREAD,3.35,anbima,0,0,,,,,,21605589,21605589,0.0
2026-06-30,HYPEB1,DI_SPREAD,3.31,anbima,0,0,,,,,,10810793,10810793,0.0
2026-06-30,NTSD36,DI_SPREAD,4.05,anbima,0,0,,,,,,13608710,13608710,0.0
2026-06-30,CEEBD1,PREFIXADO,4.44,anbima,5023494,2,923.6062,13.9743,,,,12014632,1967643,83.6
2026-06-30,SVEA14,DI_SPREAD,1.25,anbima,2176185,2,900.7389,1.9489,CDI,1.9489,CDI +1.95%,24353288,20000918,17.9
2026-06-30,RIS424,IPCA_SPREAD,7.48,anbima,0,0,,,,,,29096190,29096190,0.0
2026-06-30,EDPR13,DI_SPREAD,2.34,anbima,0,0,,,,,,34110074,34110074,0.0
2026-06-30,ELET24,DI_SPREAD,1.42,anbima,9427614,4,1053.6002,0.9305,CDI,0.9305,CDI +0.93%,24769001,5913773,76.1
2026-06-30,VVEO16,DI_SPREAD,5.31,0.70xprazo,540230,1,540.2296,,,,,15399172,14318713,7.0
2026-06-30,MOVIA3,DI_SPREAD,0.56,anbima,0,0,,,,,,11124602,11124602,0.0
2026-06-30,SBSPI8,IPCA_SPREAD,7.00,anbima,1277706,6,957.8005,7.6283,B35,-44,B35 −44bps,19284981,16729570,13.3
2026-06-30,NTSD26,DI_SPREAD,2.95,anbima,0,0,,,,,,11848980,11848980,0.0
2026-06-30,AESLC2,IPCA_SPREAD,5.30,anbima,2004143,1,980.0211,7.7700,B33,-59,B33 −59bps,12319983,8311697,32.5
2026-06-30,ELTN19,DI_SPREAD,4.18,anbima,0,0,,,,,,20585969,20585969,0.0
2026-06-30,DGCD11,,1.90,0.70xprazo,0,0,,,,,,121011996,121011996,0.0
2026-06-30,CMGDA4,IPCA_SPREAD,7.26,anbima,18724126,4,981.6056,7.8100,B37,-19,B37 −19bps,40534998,3086746,92.4
2026-06-30,PETR26,IPCA_SPREAD,2.35,anbima,5982844,4,1415.7226,7.5226,B29,-107,B29 −107bps,12816273,850585,93.4
2026-06-30,DESK19,IPCA_SPREAD,4.50,anbima,15636121,2,1056.4947,8.2724,B31,-35,B31 −35bps,31272242,0,100.0
2026-06-30,IOCHA6,DI_SPREAD,2.66,anbima,0,0,,,,,,35381383,35381383,0.0
2026-06-30,CIEL19,DI_SPREAD,1.92,anbima,0,0,,,,,,41068941,41068941,0.0
2026-06-30,NTSDA2,DI_SPREAD,3.04,anbima,0,0,,,,,,31136030,31136030,0.0
2026-06-30,CGASA5,DI_SPREAD,2.16,anbima,0,0,,,,,,27986903,27986903,0.0
2026-06-30,TUPY25,DI_SPREAD,3.30,anbima,0,0,,,,,,20043021,20043021,0.0
2026-06-30,BCPSA7,IPCA_SPREAD,6.45,anbima,10249320,1,1024.9320,7.6345,B35,-44,B35 −44bps,42653571,22154930,48.1
2026-06-30,CCROA7,DI_SPREAD,1.72,anbima,5374036,1,1074.8072,0.4000,CDI,0.4,CDI +0.40%,12934230,2186158,83.1
2026-06-30,ENERB7,IPCA_SPREAD,6.62,anbima,83844,2,1010.1660,7.8939,B35,-18,B35 −18bps,10286750,10119063,1.6
2026-06-30,VBBR18,DI_SPREAD,3.34,anbima,48035225,1,1079.4433,0.8100,CDI,0.81,CDI +0.81%,137089289,41018840,70.1
2026-06-30,CEAP14,IPCA_SPREAD,5.17,anbima,0,0,,,,,,20271667,20271667,0.0
2026-06-30,ASER12,IPCA_SPREAD,7.01,anbima,0,0,,,,,,13608138,13608138,0.0
2026-06-30,RODB11,DI_SPREAD,2.40,anbima,0,0,,,,,,12138949,12138949,0.0
2026-06-30,RSAN15,DI_SPREAD,0.37,anbima,5170452,1,1012.4244,2.1072,CDI,2.1072,CDI +2.11%,10340903,0,100.0
2026-06-30,TCXR11,,5.85,0.70xprazo,0,0,,,,,,69398427,69398427,0.0
2026-06-30,PLII11,,8.11,0.70xprazo,0,0,,,,,,22848521,22848521,0.0
2026-06-30,CLIS11,DI_SPREAD,2.33,anbima,0,0,,,,,,17992886,17992886,0.0
2026-06-30,ARML14,DI_SPREAD,3.20,anbima,0,0,,,,,,40929283,40929283,0.0
2026-06-30,SBSPM8,DI_SPREAD,4.81,anbima,0,0,,,,,,13394921,13394921,0.0
2026-06-30,CSAN23,DI_SPREAD,2.90,anbima,0,0,,,,,,12023797,12023797,0.0
2026-06-30,BHSA11,IPCA_SPREAD,7.17,anbima,579348,1,1005.8120,8.2814,B35,21,B35 +21bps,23168245,22009549,5.0
2026-06-30,ELDC15,IPCA_SPREAD,5.98,anbima,0,0,,,,,,30001561,30001561,0.0
2026-06-30,AGLT12,,4.17,0.70xprazo,0,0,,,,,,22001318,22001318,0.0
2026-06-30,CPLDA1,IPCA_SPREAD,6.82,anbima,0,0,,,,,,14249519,14249519,0.0
2026-06-30,PFOR26,DI_SPREAD,3.82,anbima,0,0,,,,,,13951395,13951395,0.0
2026-06-30,CSANA0,DI_SPREAD,2.07,anbima,0,0,,,,,,10999108,10999108,0.0
2026-06-30,QUAL16,DI_SPREAD,0.81,anbima,0,0,,,,,,81071916,81071916,0.0
2026-06-30,ORMA16,DI_SPREAD,3.97,anbima,0,0,,,,,,20372140,20372140,0.0
2026-06-30,ISAEB8,IPCA_SPREAD,4.88,anbima,7541923,1,1065.2433,7.7605,B32,-60,B32 −60bps,29201012,14117166,51.7
2026-06-30,RBRA43,,3.35,0.70xprazo,29999587,1,1025.6970,1.8615,,,,59999175,0,100.0
2026-06-30,CEBD25,DI_SPREAD,2.04,anbima,0,0,,,,,,26796015,26796015,0.0
2026-06-30,ISAED1,DI_SPREAD,4.84,anbima,0,0,,,,,,22539571,22539571,0.0
2026-06-30,NNAE12,IPCA_SPREAD,5.74,anbima,0,0,,,,,,10252065,10252065,0.0
2026-06-30,CPGS16,,10.24,0.70xprazo,0,0,,,,,,21620305,21620305,0.0
2026-07-01,VBBR18,DI_SPREAD,3.34,anbima,12216154,7,1079.7379,0.8105,CDI,0.8105,CDI +0.81%,95675941,71243633,25.5
2026-07-01,VBBR26,DI_SPREAD,4.19,anbima,1259802,2,1046.3472,1.0019,CDI,1.0019,CDI +1.00%,20985633,18466029,12.0
2026-07-01,CHSF13,IPCA_SPREAD,4.17,anbima,181121,3,1065.4182,7.7728,B31,-82,B31 −82bps,12786912,12424670,2.8
2026-07-01,DGCD11,,1.90,0.70xprazo,0,0,,,,,,219023261,219023261,0.0
2026-07-01,CMGDA4,IPCA_SPREAD,7.26,anbima,465720,1,982.5324,7.7961,B37,-26,B37 −26bps,13703253,12771812,6.8
2026-07-01,VLIM15,IPCA_SPREAD,4.06,anbima,5241456,1,1048.2912,7.9822,B31,-61,B31 −61bps,10645939,163028,98.5
2026-07-01,LORTB2,DI_SPREAD,2.01,anbima,0,0,,,,,,177997467,177997467,0.0
2026-07-01,NNAE12,IPCA_SPREAD,5.74,anbima,5123303,1,1280.8258,8.9348,B33,60,B33 +60bps,15367386,5120779,66.7
2026-07-01,ISAEB8,IPCA_SPREAD,4.88,anbima,1800437,2,1064.0879,7.7938,B32,-54,B32 −54bps,26235464,22634591,13.7
2026-07-01,CEAP14,IPCA_SPREAD,5.17,anbima,0,0,,,,,,13178560,13178560,0.0
2026-07-01,PFOR16,DI_SPREAD,2.77,anbima,1073,1,1072.7334,1.3647,CDI,1.3647,CDI +1.36%,11557189,11555044,0.0
2026-07-01,ENGIB1,DI_SPREAD,2.46,anbima,0,0,,,,,,75644851,75644851,0.0
2026-07-01,APRB28,DI_SPREAD,0.69,anbima,0,0,,,,,,26362147,26362147,0.0
2026-07-01,RPTA14,IPCA_SPREAD,5.04,anbima,0,0,,,,,,20566611,20566611,0.0
2026-07-01,EGIEB4,IPCA_SPREAD,3.92,anbima,0,0,,,,,,17819914,17819914,0.0
2026-07-01,BCPSA7,IPCA_SPREAD,6.45,anbima,13706839,2,1019.3990,7.7343,B35,-38,B35 −38bps,68646159,41232482,39.9
2026-07-01,NTSD36,DI_SPREAD,4.05,anbima,3262116,5,1088.8239,0.9682,CDI,0.9682,CDI +0.97%,18759984,12235751,34.8
2026-07-01,TIGR21,DI_SPREAD,1.56,anbima,0,0,,,,,,60001376,60001376,0.0
2026-07-01,SBSPM8,DI_SPREAD,4.81,anbima,5248889,1,1049.7777,0.6885,CDI,0.6885,CDI +0.69%,18844223,8346446,55.7
2026-07-01,VALEC1,IPCA_SPREAD,6.64,anbima,3086539,2,1026.7927,7.2508,B35,-86,B35 −86bps,16203440,10030362,38.1
2026-07-01,LMTPB2,DI_SPREAD,3.04,anbima,0,0,,,,,,30001103,30001103,0.0
2026-07-01,PLSB1A,IPCA_SPREAD,2.82,anbima,563028,3,1095.3855,10.1605,B29,159,B29 +159bps,20913444,19787388,5.4
2026-07-01,GGBRA8,DI_SPREAD,2.05,anbima,0,0,,,,,,10103934,10103934,0.0
2026-07-01,QUAL16,DI_SPREAD,0.81,anbima,108081,1,250.7685,2.9021,CDI,2.9021,CDI +2.90%,10459257,10243094,2.1
2026-07-01,RENTD1,IPCA_SPREAD,5.36,anbima,0,0,,,,,,11329075,11329075,0.0
2026-07-01,EQPA19,IPCA_SPREAD,6.83,anbima,24609471,4,969.2966,8.3262,B35,22,B35 +22bps,68619239,19400297,71.7
2026-07-01,VALED1,IPCA_SPREAD,7.67,anbima,430389,7,1024.7362,7.2462,B37,-81,B37 −81bps,11884074,11023295,7.2
2026-07-01,TRGP13,IPCA_SPREAD,7.79,anbima,0,0,,,,,,145041066,145041066,0.0
2026-07-01,GASC25,IPCA_SPREAD,7.99,anbima,1078958,3,933.3545,8.4674,B37,41,B37 +41bps,82643514,80485598,2.6
2026-07-01,IVIAA0,IPCA_SPREAD,5.67,anbima,0,0,,,,,,27367935,27367935,0.0
2026-07-01,ENTV13,IPCA_SPREAD,5.85,anbima,0,0,,,,,,16685127,16685127,0.0
2026-07-01,ECRD14,IPCA_SPREAD,8.55,anbima,16941,2,1058.8115,,,,,13732098,13698216,0.2
2026-07-01,CSMGA6,IPCA_SPREAD,2.28,anbima,0,0,,,,,,29661759,29661759,0.0
2026-07-01,MRSAA1,IPCA_SPREAD,5.66,anbima,0,0,,,,,,21239958,21239958,0.0
2026-07-01,SBSPJ8,IPCA_SPREAD,7.96,anbima,325240,2,979.6396,7.2361,B37,-82,B37 −82bps,11989036,11338555,5.4
2026-07-01,MILS29,DI_SPREAD,3.52,anbima,0,0,,,,,,26714861,26714861,0.0
2026-07-01,SBSPI8,IPCA_SPREAD,7.00,anbima,65128,1,957.7719,7.6365,B35,-47,B35 −47bps,14573353,14443096,0.9
2026-07-01,CSANA0,DI_SPREAD,2.07,anbima,97081,1,990.6255,1.5114,CDI,1.5114,CDI +1.51%,11197766,11003603,1.7
2026-07-01,RENTC8,DI_SPREAD,2.08,anbima,0,0,,,,,,10190315,10190315,0.0
2026-07-01,AEGPB3,DI_SPREAD,3.35,anbima,0,0,,,,,,10679122,10679122,0.0
2026-07-01,ISAEA9,IPCA_SPREAD,8.83,anbima,0,0,,,,,,11107099,11107099,0.0
2026-07-01,CSRNA1,IPCA_SPREAD,1.79,anbima,5519972,3,1111.1056,8.5604,B28,-1,B28 −1bps,38848002,27808058,28.4
2026-07-01,BCPSA5,IPCA_SPREAD,2.41,anbima,0,0,,,,,,20820593,20820593,0.0
2026-07-01,TIMS12,IPCA_SPREAD,1.34,anbima,0,0,,,,,,30083073,30083073,0.0
2026-07-01,COMR15,IPCA_SPREAD,5.54,anbima,15221795,1,900.8046,9.6300,B33,130,B33 +130bps,30516562,72971,99.8
2026-07-01,EGIEA6,IPCA_SPREAD,7.71,anbima,0,0,,,,,,12806253,12806253,0.0
2026-07-01,ENEVA4,IPCA_SPREAD,7.02,anbima,24999351,1,964.4812,8.1185,B35,1,B35 +1bps,50070605,71902,99.9
2026-07-01,CEEBD2,IPCA_SPREAD,6.93,anbima,1486179,1,928.8616,8.1039,B35,-1,B35 −1bps,40630189,37657832,7.3
2026-07-01,MATD13,DI_SPREAD,3.88,anbima,10822938,1,1082.2938,0.7300,CDI,0.73,CDI +0.73%,21645876,0,100.0
2026-07-01,CLII12,DI_SPREAD,2.45,anbima,0,0,,,,,,22499236,22499236,0.0
2026-07-01,ARML26,DI_SPREAD,3.12,anbima,0,0,,,,,,11852929,11852929,0.0
2026-07-01,CRCG12,,0.78,0.70xprazo,0,0,,,,,,13628678,13628678,0.0
2026-07-01,PASS13,DI_SPREAD,2.15,anbima,0,0,,,,,,13469537,13469537,0.0
2026-07-01,CLCD27,IPCA_SPREAD,5.41,anbima,0,0,,,,,,13648883,13648883,0.0
2026-07-01,VRGO15,,2.86,0.70xprazo,0,0,,,,,,13719420,13719420,0.0
2026-07-01,COMR14,IPCA_SPREAD,5.20,anbima,14921741,1,996.9095,9.6700,B32,134,B32 +134bps,34042691,4199208,87.7
2026-07-01,SUZB29,IPCA_SPREAD,5.60,anbima,0,0,,,,,,24105651,24105651,0.0
2026-07-01,CLGE11,,3.82,0.70xprazo,0,0,,,,,,14674933,14674933,0.0
2026-07-01,MATD23,,4.23,0.70xprazo,10822639,1,1082.2639,0.7308,,,,21645278,0,100.0
2026-07-01,RDORH6,DI_SPREAD,4.58,anbima,0,0,,,,,,10069398,10069398,0.0
2026-07-01,ELTN17,PREFIXADO,4.29,anbima,5202790,1,1040.5581,13.7033,,,,10405581,0,100.0
2026-07-01,RDORD4,DI_SPREAD,3.55,anbima,6935470,1,1050.6696,0.9193,CDI,0.9193,CDI +0.92%,14433236,562296,96.1
2026-07-01,CHSF14,DI_SPREAD,3.57,anbima,0,0,,,,,,100002957,100002957,0.0
2026-07-01,CHSF24,DI_SPREAD,4.36,anbima,0,0,,,,,,100002078,100002078,0.0
2026-07-01,ENMTF8,IPCA_SPREAD,6.88,anbima,14783407,2,942.4587,8.2567,B35,15,B35 +15bps,29566814,1,100.0
2026-07-01,CMGTB1,IPCA_SPREAD,8.60,anbima,0,0,,,,,,10680318,10680318,0.0
2026-07-02,GASC25,IPCA_SPREAD,7.99,anbima,354652,1,935.7569,8.4430,B37,31,B37 +31bps,94941791,94232488,0.7
2026-07-02,VALED1,IPCA_SPREAD,7.67,anbima,997758,4,1023.3412,7.2671,B37,-86,B37 −86bps,25771680,23776164,7.7
2026-07-02,ASAIA1,DI_SPREAD,2.16,anbima,0,0,,,,,,40331686,40331686,0.0
2026-07-02,RDORH6,DI_SPREAD,4.58,anbima,0,0,,,,,,12062418,12062418,0.0
2026-07-02,ENMTF8,IPCA_SPREAD,6.88,anbima,10003129,1,939.2610,8.3170,B35,12,B35 +12bps,25079487,5073228,79.8
2026-07-02,CMGTB1,IPCA_SPREAD,8.60,anbima,147924,1,954.3474,7.8565,B40,1,B40 +1bps,10959142,10663294,2.7
2026-07-02,VBBR18,DI_SPREAD,3.34,anbima,163158,2,1080.5169,0.8048,CDI,0.8048,CDI +0.80%,48937812,48611496,0.7
2026-07-02,RECV13,DI_SPREAD,3.59,anbima,11001363,1,1079.5175,0.9500,CDI,0.95,CDI +0.95%,22002725,0,100.0
2026-07-02,ARML13,DI_SPREAD,2.24,anbima,0,0,,,,,,10529854,10529854,0.0
2026-07-02,RDORD4,DI_SPREAD,3.55,anbima,0,0,,,,,,25059921,25059921,0.0
2026-07-02,LORTB2,DI_SPREAD,2.01,anbima,0,0,,,,,,33168786,33168786,0.0
2026-07-02,IVIAA0,IPCA_SPREAD,5.67,anbima,23318,1,971.5700,9.4000,B33,101,B33 +101bps,13883184,13836549,0.3
2026-07-02,SBSPI8,IPCA_SPREAD,7.00,anbima,7564464,5,945.0854,7.8467,B35,-35,B35 −35bps,16608580,1479653,91.1
2026-07-02,PETR26,IPCA_SPREAD,2.35,anbima,446234,5,1416.6174,7.5169,B29,-110,B29 −110bps,10163702,9271233,8.8
2026-07-02,VALEC1,IPCA_SPREAD,6.64,anbima,885033,4,1025.5310,7.2748,B35,-93,B35 −93bps,10520209,8750143,16.8
2026-07-02,MRSAB3,IPCA_SPREAD,8.63,anbima,10457762,6,997.5925,7.8389,B40,-1,B40 −1bps,22758792,1843269,91.9
2026-07-02,CEEBD1,PREFIXADO,4.44,anbima,19468137,3,913.4824,14.2792,,,,46806327,7870052,83.2
2026-07-02,RENTC8,DI_SPREAD,2.08,anbima,51346,2,1069.7095,1.1340,CDI,1.134,CDI +1.13%,70752111,70649419,0.1
2026-07-02,MATD23,,4.23,0.70xprazo,8179210,3,1082.7654,0.7300,,,,16358420,0,100.0
2026-07-02,VERTB5,,2.25,0.70xprazo,0,0,,,,,,20558127,20558127,0.0
2026-07-02,CGASA5,DI_SPREAD,2.16,anbima,0,0,,,,,,40859514,40859514,0.0
2026-07-02,ISPE12,DI_SPREAD,2.32,anbima,0,0,,,,,,24718567,24718567,0.0
2026-07-02,ISPE13,DI_SPREAD,2.32,anbima,0,0,,,,,,70218059,70218059,0.0
2026-07-02,VBBR24,DI_SPREAD,3.06,anbima,30917688,1,1120.3279,1.1450,CDI,1.145,CDI +1.15%,142037670,80202294,43.5
2026-07-02,LMTPA0,DI_SPREAD,2.53,anbima,0,0,,,,,,26635373,26635373,0.0
2026-07-02,VBBR15,DI_SPREAD,2.19,anbima,48249,2,1048.8816,0.9817,CDI,0.9817,CDI +0.98%,17542447,17445950,0.6
2026-07-02,MILS29,DI_SPREAD,3.52,anbima,0,0,,,,,,10002782,10002782,0.0
2026-07-02,BCPSA7,IPCA_SPREAD,6.45,anbima,21446480,4,1015.9394,7.7999,B35,-40,B35 −40bps,48265554,5372594,88.9
2026-07-02,VLIM15,IPCA_SPREAD,4.06,anbima,5214497,2,1042.8994,8.1415,B31,-49,B31 −49bps,10443599,14605,99.9
2026-07-02,EQPAA1,IPCA_SPREAD,7.25,anbima,15089087,2,935.6993,8.3709,B37,24,B37 +24bps,30487984,309809,99.0
2026-07-02,CEEBD2,IPCA_SPREAD,6.93,anbima,44952818,1,918.9047,8.2850,B35,9,B35 +9bps,106217939,16312303,84.6
2026-07-02,CEEDA1,DI_SPREAD,3.88,anbima,2351774,1,1022.5104,0.8050,CDI,0.805,CDI +0.80%,12885053,8181506,36.5
2026-07-02,AXIA18,IPCA_SPREAD,5.21,anbima,4960992,2,990.8113,8.0305,B32,-36,B32 −36bps,11202870,1280885,88.6
2026-07-02,CHSF24,DI_SPREAD,4.36,anbima,0,0,,,,,,50020062,50020062,0.0
2026-07-02,CHSF14,DI_SPREAD,3.57,anbima,0,0,,,,,,50018304,50018304,0.0
2026-07-02,HARG11,IPCA_SPREAD,5.00,anbima,50108002,1,1043.9167,9.0629,B32,67,B32 +67bps,100534080,318076,99.7
2026-07-02,CEEBF3,,4.69,0.70xprazo,14903644,1,961.5254,14.2810,,,,34437965,4630678,86.6
2026-07-02,AEGPB5,DI_SPREAD,3.22,anbima,0,0,,,,,,36882978,36882978,0.0
2026-07-02,CEEBE3,IPCA_SPREAD,3.99,anbima,22125592,3,992.1790,8.2819,B31,-35,B31 −35bps,49548300,5297116,89.3
2026-07-02,CGOSA2,IPCA_SPREAD,7.25,anbima,20994739,1,934.3453,8.3930,B37,26,B37 +26bps,44669229,2679751,94.0
2026-07-02,RDVE11,IPCA_SPREAD,4.60,anbima,0,0,,,,,,36811658,36811658,0.0
2026-07-02,ARTRA7,IPCA_SPREAD,5.74,anbima,0,0,,,,,,19902221,19902221,0.0
2026-07-02,RENTD1,IPCA_SPREAD,5.36,anbima,76316,1,1156.3052,10.1000,B33,171,B33 +171bps,10250685,10098053,1.5
2026-07-02,IGTAA3,DI_SPREAD,2.81,anbima,51988513,1,1039.7703,0.4607,CDI,0.4607,CDI +0.46%,103977023,0,100.0
2026-07-02,CSRNB4,,4.69,0.70xprazo,19831461,1,961.5254,14.2810,,,,40421335,758412,98.1
2026-07-02,SMFTC3,DI_SPREAD,4.73,anbima,0,0,,,,,,20426004,20426004,0.0
2026-07-02,SBSPE7,DI_SPREAD,4.86,anbima,0,0,,,,,,20572565,20572565,0.0
2026-07-02,COMR14,IPCA_SPREAD,5.20,anbima,9570630,2,995.4889,9.7107,B32,132,B32 +132bps,19390387,249127,98.7
2026-07-02,ENEVA4,IPCA_SPREAD,7.02,anbima,35160,1,976.6750,7.9285,B35,-27,B35 −27bps,25120276,25049956,0.3
2026-07-02,VBBR17,DI_SPREAD,3.28,anbima,0,0,,,,,,58859951,58859951,0.0
2026-07-02,CSANA2,DI_SPREAD,2.49,anbima,0,0,,,,,,10991927,10991927,0.0
2026-07-02,EKTT11,IPCA_SPREAD,5.21,anbima,0,0,,,,,,27139846,27139846,0.0
2026-07-02,GASC28,IPCA_SPREAD,8.02,anbima,24088803,2,1014.2654,8.4002,B37,27,B37 +27bps,86943469,38765862,55.4
2026-07-02,CEEBC0,,4.07,0.70xprazo,0,0,,,,,,24681751,24681751,0.0
2026-07-02,ERDVB4,IPCA_SPREAD,5.42,anbima,65313611,2,1004.8248,9.0344,B33,64,B33 +64bps,135860247,5233026,96.1
2026-07-02,SVEA14,DI_SPREAD,1.25,anbima,9511411,1,902.4109,1.9450,CDI,1.945,CDI +1.94%,39027982,20005159,48.7
2026-07-02,EDPR13,DI_SPREAD,2.34,anbima,0,0,,,,,,49805011,49805011,0.0
2026-07-02,AERI12,DI_SPREAD,2.62,0.70xprazo,0,0,,,,,,11905123,11905123,0.0
2026-07-02,EXSE11,,3.71,0.70xprazo,0,0,,,,,,12507594,12507594,0.0
2026-07-02,ECOC13,,2.77,0.70xprazo,0,0,,,,,,98994382,98994382,0.0
2026-07-02,CRNP13,IPCA_SPREAD,8.63,anbima,20056255,3,1002.8128,8.9369,B40,109,B40 +109bps,40371431,258920,99.4
2026-07-02,GGBRA8,DI_SPREAD,2.05,anbima,0,0,,,,,,10116991,10116991,0.0
2026-07-02,COMR15,IPCA_SPREAD,5.54,anbima,15344509,2,898.2327,9.6963,B33,131,B33 +131bps,35177968,4488950,87.2
2026-07-02,BCPSA6,DI_SPREAD,1.89,anbima,0,0,,,,,,10003102,10003102,0.0
2026-07-02,CNLM17,DI_SPREAD,4.08,anbima,0,0,,,,,,20388122,20388122,0.0
2026-07-03,CNLM17,DI_SPREAD,4.08,anbima,6316506,2,1038.2160,0.7908,CDI,0.7908,CDI +0.79%,43099961,30466949,29.3
2026-07-03,UQFN15,DI_SPREAD,2.95,anbima,0,0,,,,,,11836826,11836826,0.0
2026-07-03,ERDVA6,DI_SPREAD,3.07,anbima,5001300,2,1080.8947,0.8508,CDI,0.8508,CDI +0.85%,10067446,64846,99.4
2026-07-03,BCPSA6,DI_SPREAD,1.89,anbima,0,0,,,,,,20002266,20002266,0.0
2026-07-03,MRSAB3,IPCA_SPREAD,8.63,anbima,1625815,4,999.8862,7.8100,B40,-2,B40 −2bps,12867634,9616004,25.3
2026-07-03,VBBR18,DI_SPREAD,3.34,anbima,6398236,4,1080.9657,0.8002,CDI,0.8002,CDI +0.80%,31310470,18513998,40.9
2026-07-03,CRNP13,IPCA_SPREAD,8.63,anbima,0,0,,,,,,21865138,21865138,0.0
2026-07-03,ERDVB4,IPCA_SPREAD,5.42,anbima,5042279,2,1004.8383,9.0341,B33,57,B33 +57bps,75954734,65870177,13.3
2026-07-03,UHSM12,IPCA_SPREAD,6.67,anbima,4539384,3,1143.7098,7.8560,B35,-38,B35 −38bps,24174010,15095241,37.6
2026-07-03,ISAED1,DI_SPREAD,4.84,anbima,0,0,,,,,,97889000,97889000,0.0
2026-07-03,HARG11,IPCA_SPREAD,5.00,anbima,403293,4,1044.7992,9.0448,B32,58,B32 +58bps,51008431,50201846,1.6
2026-07-03,ELET24,DI_SPREAD,1.42,anbima,594517,3,1055.9811,0.9148,CDI,0.9148,CDI +0.91%,23495790,22306756,5.1
2026-07-03,CGOSA2,IPCA_SPREAD,7.25,anbima,43876891,2,937.5404,8.3480,B37,20,B37 +20bps,108541360,20787577,80.8
2026-07-03,ENAT33,IPCA_SPREAD,5.28,anbima,7061177,2,1067.1267,9.0684,B33,61,B33 +61bps,21384576,7262221,66.0
2026-07-03,EBENA8,IPCA_SPREAD,6.83,anbima,0,0,,,,,,21819741,21819741,0.0
2026-07-03,CLCD27,IPCA_SPREAD,5.41,anbima,650894,1,1084.8239,7.8780,B33,-58,B33 −58bps,26800267,25498479,4.9
2026-07-03,IRJS15,IPCA_SPREAD,6.61,anbima,502174,5,1006.3610,11.1823,B35,294,B35 +294bps,30255384,29251036,3.3
2026-07-03,KLBNA5,IPCA_SPREAD,8.26,anbima,970112,4,999.0856,7.5322,B37,-62,B37 −62bps,16879904,14939679,11.5
2026-07-03,BCPSA7,IPCA_SPREAD,6.45,anbima,7909125,4,1020.1374,7.7298,B35,-51,B35 −51bps,46945538,31127288,33.7
2026-07-03,SBSPE3,IPCA_SPREAD,6.28,anbima,4763400,7,1099.3307,7.7661,B35,-47,B35 −47bps,11163512,1636713,85.3
2026-07-03,EGIEB5,IPCA_SPREAD,6.16,anbima,15099124,2,1066.3223,7.6551,B35,-58,B35 −58bps,35059041,4860793,86.1
2026-07-03,CHSF13,IPCA_SPREAD,4.17,anbima,170158,5,1063.4894,7.8314,B31,-84,B31 −84bps,98574235,98233919,0.3
2026-07-03,TRGP13,IPCA_SPREAD,7.79,anbima,0,0,,,,,,14953232,14953232,0.0
2026-07-03,GASC28,IPCA_SPREAD,8.02,anbima,10142797,1,1014.2797,8.4000,B37,25,B37 +25bps,85357547,65071953,23.8
2026-07-03,CGOS15,DI_SPREAD,2.13,anbima,0,0,,,,,,64245949,64245949,0.0
2026-07-03,CPLDC0,IPCA_SPREAD,6.59,anbima,0,0,,,,,,28592195,28592195,0.0
2026-07-03,MGPRA0,IPCA_SPREAD,7.73,anbima,7269451,3,1009.6459,,,,,24067934,9529033,60.4
2026-07-03,EQPA19,IPCA_SPREAD,6.83,anbima,1155256,4,984.0342,8.0998,B35,-14,B35 −14bps,14423228,12112716,16.0
2026-07-03,VBBR17,DI_SPREAD,3.28,anbima,2551878,1,1020.7513,0.8100,CDI,0.81,CDI +0.81%,69594150,64490394,7.3
2026-07-03,VBBR24,DI_SPREAD,3.06,anbima,400343,3,1121.4076,1.1220,CDI,1.122,CDI +1.12%,140464143,139663458,0.6
2026-07-03,GGBRA8,DI_SPREAD,2.05,anbima,0,0,,,,,,10112716,10112716,0.0
2026-07-03,VALED1,IPCA_SPREAD,7.67,anbima,244284,4,1030.7349,7.1761,B37,-97,B37 −97bps,14824424,14335856,3.3
2026-07-03,ISPE13,DI_SPREAD,2.32,anbima,0,0,,,,,,11795608,11795608,0.0
2026-07-03,CMGTA1,IPCA_SPREAD,7.27,anbima,13150923,2,982.9526,7.8095,B37,-34,B37 −34bps,26866328,564482,97.9
2026-07-03,COMR15,IPCA_SPREAD,5.54,anbima,0,0,,,,,,124001105,124001105,0.0
2026-07-03,SMTO14,IPCA_SPREAD,4.67,anbima,1720725,4,1114.4590,8.8432,B32,38,B32 +38bps,10705258,7263809,32.1
2026-07-03,ALGAA2,DI_SPREAD,1.75,anbima,6039413,1,1079.4304,1.1200,CDI,1.12,CDI +1.12%,12214999,136172,98.9
2026-07-03,BRKPA2,DI_SPREAD,2.03,anbima,213281,1,1071.7649,2.7868,CDI,2.7868,CDI +2.79%,63470880,63044318,0.7
2026-07-03,ENGIB9,IPCA_SPREAD,4.96,anbima,0,0,,,,,,166388302,166388302,0.0
2026-07-03,BRKPA3,DI_SPREAD,2.35,anbima,9292148,3,1070.5240,2.5579,CDI,2.5579,CDI +2.56%,44374354,25790058,41.9
2026-07-03,VBBR15,DI_SPREAD,2.19,anbima,17489930,2,1048.4312,1.0004,CDI,1.0004,CDI +1.00%,47328856,12348997,73.9
2026-07-03,CERT11,IPCA_SPREAD,2.62,anbima,502687,3,1169.0395,8.7415,B29,11,B29 +11bps,13488448,12483074,7.5
2026-07-03,CEEBF3,,4.69,0.70xprazo,0,0,,,,,,16323464,16323464,0.0
2026-07-03,CEEBE3,IPCA_SPREAD,3.99,anbima,0,0,,,,,,126727311,126727311,0.0
2026-07-03,CEEBD1,PREFIXADO,4.44,anbima,20006483,2,917.6865,14.1762,,,,61375874,21362909,65.2
2026-07-03,CSRNB4,,4.69,0.70xprazo,0,0,,,,,,21166989,21166989,0.0
2026-07-03,COMR14,IPCA_SPREAD,5.20,anbima,0,0,,,,,,74960060,74960060,0.0
2026-07-03,RDORE4,DI_SPREAD,4.65,anbima,457703,3,1054.6160,1.1109,CDI,1.1109,CDI +1.11%,16976995,16061588,5.4
2026-07-03,QUAL16,DI_SPREAD,0.81,anbima,54995,1,251.1171,2.8888,CDI,2.8888,CDI +2.89%,25794264,25684275,0.4
2026-07-03,ASAIA0,DI_SPREAD,2.04,anbima,0,0,,,,,,20099669,20099669,0.0
2026-07-03,QUAL17,DI_SPREAD,0.79,anbima,0,0,,,,,,13224631,13224631,0.0
2026-07-03,VBBRA0,IPCA_SPREAD,5.74,anbima,10022455,1,980.1912,8.3618,B33,-10,B33 −10bps,72751024,52706114,27.6
2026-07-03,SBSPJ8,IPCA_SPREAD,7.96,anbima,2468474,1,949.4130,7.6585,B37,-49,B37 −49bps,15509496,10572548,31.8
2026-07-03,ASAIA1,DI_SPREAD,2.16,anbima,0,0,,,,,,75211718,75211718,0.0
2026-07-03,CEEBD2,IPCA_SPREAD,6.93,anbima,33762947,2,925.1897,8.1865,B35,-5,B35 −5bps,78493125,10967231,86.0
2026-07-03,ISPE12,DI_SPREAD,2.32,anbima,0,0,,,,,,20316132,20316132,0.0
2026-07-03,RENTC8,DI_SPREAD,2.08,anbima,66355,2,1070.2421,1.1367,CDI,1.1367,CDI +1.14%,40091969,39959259,0.3
2026-07-03,SBSPI8,IPCA_SPREAD,7.00,anbima,0,0,,,,,,11650633,11650633,0.0
2026-07-03,CMGDB2,IPCA_SPREAD,8.10,anbima,6006447,1,1060.2731,7.8630,B37,-29,B37 −29bps,12795511,782617,93.9
2026-07-03,ISAEC0,IPCA_SPREAD,8.85,anbima,25346,1,1013.8202,7.1020,B40,-73,B40 −73bps,29245655,29194964,0.2
2026-07-03,ENERB7,IPCA_SPREAD,6.62,anbima,11896976,1,991.4147,8.2170,B35,-2,B35 −2bps,26682757,2888804,89.2
2026-07-03,CGASA5,DI_SPREAD,2.16,anbima,0,0,,,,,,40558594,40558594,0.0
2026-07-03,SVEA14,DI_SPREAD,1.25,anbima,0,0,,,,,,20007574,20007574,0.0
2026-07-03,SUZB29,IPCA_SPREAD,5.60,anbima,12781,2,1065.0551,7.7401,B33,-72,B33 −72bps,11133582,11108020,0.2
2026-07-03,VSFE11,,16.65,0.70xprazo,0,0,,,,,,178830908,178830908,0.0
2026-07-03,BCPSA5,IPCA_SPREAD,2.41,anbima,0,0,,,,,,10744245,10744245,0.0
2026-07-03,CSMGA6,IPCA_SPREAD,2.28,anbima,0,0,,,,,,11728991,11728991,0.0
2026-07-03,MRSAC2,IPCA_SPREAD,8.15,anbima,74630,1,1022.3281,7.7270,B37,-42,B37 −42bps,14546800,14397540,1.0
2026-07-03,CPLD29,IPCA_SPREAD,5.76,anbima,84455,1,1017.5275,7.9726,B33,-49,B33 −49bps,29246959,29078050,0.6
2026-07-03,EGIEA6,IPCA_SPREAD,7.71,anbima,10006903,2,944.0474,7.6077,B37,-54,B37 −54bps,31607199,11593393,63.3
2026-07-03,ORIG12,IPCA_SPREAD,4.84,anbima,3516230,1,990.4873,11.3390,B32,288,B32 +288bps,10394964,3362504,67.7
2026-07-03,AESLC2,IPCA_SPREAD,5.30,anbima,40059246,4,977.0548,7.8579,B33,-60,B33 −60bps,83932387,3813896,95.5
2026-07-03,RODB11,DI_SPREAD,2.40,anbima,0,0,,,,,,25295633,25295633,0.0
2026-07-03,QUAL18,DI_SPREAD,1.74,anbima,0,0,,,,,,20004828,20004828,0.0
2026-07-03,AESLB0,IPCA_SPREAD,6.13,anbima,0,0,,,,,,20087327,20087327,0.0
2026-07-03,CMGDA4,IPCA_SPREAD,7.26,anbima,0,0,,,,,,22307201,22307201,0.0
2026-07-03,CSANB2,DI_SPREAD,2.54,anbima,14061,1,1171.7244,1.6246,CDI,1.6246,CDI +1.62%,61881188,61853067,0.0
2026-07-03,AEGPB5,DI_SPREAD,3.22,anbima,0,0,,,,,,20190951,20190951,0.0
2026-07-03,AURE13,DI_SPREAD,3.12,anbima,32768,2,1024.0097,0.8104,CDI,0.8104,CDI +0.81%,16056191,15990654,0.4
2026-07-03,RENTA5,DI_SPREAD,3.79,anbima,989104,4,1106.3802,1.2824,CDI,1.2824,CDI +1.28%,14326350,12348142,13.8
2026-07-03,LORTB2,DI_SPREAD,2.01,anbima,0,0,,,,,,21036241,21036241,0.0
2026-07-03,RDORD3,DI_SPREAD,4.60,anbima,982753,3,1054.4565,1.0983,CDI,1.0983,CDI +1.10%,13466372,11500865,14.6
2026-07-03,PFOR15,DI_SPREAD,2.38,anbima,0,0,,,,,,22703797,22703797,0.0
2026-07-03,EUFA17,DI_SPREAD,2.73,anbima,0,0,,,,,,15907373,15907373,0.0
2026-07-03,ANHBA6,DI_SPREAD,3.91,anbima,51014,1,1062.7963,0.6065,CDI,0.6065,CDI +0.61%,10200613,10098584,1.0
2026-07-03,TAEEA5,DI_SPREAD,2.16,anbima,0,0,,,,,,66266667,66266667,0.0
2026-07-03,VEBMA7,,3.62,0.70xprazo,0,0,,,,,,41851893,41851893,0.0
2026-07-03,CRCG14,,2.76,0.70xprazo,0,0,,,,,,66623742,66623742,0.0
2026-07-03,EXSE11,,3.71,0.70xprazo,0,0,,,,,,42048182,42048182,0.0
2026-07-03,VERTA8,,2.83,0.70xprazo,0,0,,,,,,64809703,64809703,0.0
2026-07-03,BHIAA1,,2.43,0.70xprazo,681763,1,0.9803,0.9975,,,,44594830,43231303,3.1
2026-07-03,ESCEA6,DI_SPREAD,2.71,anbima,0,0,,,,,,20120456,20120456,0.0
2026-07-03,VIALA4,,2.03,0.70xprazo,0,0,,,,,,20002044,20002044,0.0
2026-07-03,GASM19,,2.42,0.70xprazo,0,0,,,,,,20132411,20132411,0.0
2026-07-03,CCROA7,DI_SPREAD,1.72,anbima,0,0,,,,,,21680017,21680017,0.0
2026-07-03,EGIEB4,IPCA_SPREAD,3.92,anbima,0,0,,,,,,16740086,16740086,0.0
2026-07-03,SUZBB1,DI_SPREAD,4.54,anbima,0,0,,,,,,69998975,69998975,0.0
2026-07-03,RDORB9,DI_SPREAD,2.92,anbima,0,0,,,,,,16000800,16000800,0.0
2026-07-03,SBSPD7,DI_SPREAD,3.96,anbima,0,0,,,,,,17999480,17999480,0.0
2026-07-03,PFOR25,DI_SPREAD,3.44,anbima,108739,2,1045.5704,1.6286,CDI,1.6286,CDI +1.63%,11109111,10891633,2.0
2026-07-03,AALM12,DI_SPREAD,2.15,anbima,0,0,,,,,,20047422,20047422,0.0
2026-07-03,CHSF12,DI_SPREAD,2.24,anbima,0,0,,,,,,108089861,108089861,0.0
2026-07-03,VIXL19,DI_SPREAD,3.10,anbima,5584187,1,1029.3432,1.3508,CDI,1.3508,CDI +1.35%,11168373,0,100.0
2026-07-03,CGEE13,IPCA_SPREAD,5.49,anbima,47582853,1,798.2897,14.1110,B33,565,B33 +565bps,95521984,356278,99.6
2026-07-03,VLIM19,IPCA_SPREAD,7.47,anbima,1890047,1,945.0236,7.8615,B37,-29,B37 −29bps,30456526,26676432,12.4
2026-07-03,ULFT14,IPCA_SPREAD,6.23,anbima,19085536,1,970.0400,8.0888,B35,-15,B35 −15bps,38171071,0,100.0
2026-07-03,RDORF8,DI_SPREAD,4.82,anbima,0,0,,,,,,60097543,60097543,0.0
2026-07-03,SPE011,,2.09,0.70xprazo,0,0,,,,,,10019985,10019985,0.0
2026-07-03,RDORH6,DI_SPREAD,4.58,anbima,0,0,,,,,,13495168,13495168,0.0
2026-07-06,QUAL18,DI_SPREAD,1.74,anbima,1001294,1,1003.3009,4.3000,CDI,4.3,CDI +4.30%,21999941,19997353,9.1
2026-07-06,QUAL16,DI_SPREAD,0.81,anbima,0,0,,,,,,25717569,25717569,0.0
2026-07-06,CSANB2,DI_SPREAD,2.54,anbima,0,0,,,,,,60016159,60016159,0.0
2026-07-06,CLCD27,IPCA_SPREAD,5.41,anbima,7607277,1,1089.0876,7.7980,B33,-52,B33 −52bps,15232744,18190,99.9
2026-07-06,EUFA17,DI_SPREAD,2.73,anbima,3833904,6,1045.8004,1.2519,CDI,1.2519,CDI +1.25%,29203895,21536086,26.3
2026-07-06,CGOS15,DI_SPREAD,2.13,anbima,0,0,,,,,,81004571,81004571,0.0
2026-07-06,CGOSA2,IPCA_SPREAD,7.25,anbima,0,0,,,,,,19694152,19694152,0.0
2026-07-06,LMTPB2,DI_SPREAD,3.04,anbima,0,0,,,,,,20001714,20001714,0.0
2026-07-06,RDORC3,DI_SPREAD,3.41,anbima,0,0,,,,,,26968473,26968473,0.0
2026-07-06,CEEBD2,IPCA_SPREAD,6.93,anbima,108440,3,934.8305,8.0326,B35,-8,B35 −8bps,70251457,70034577,0.3
2026-07-06,VBBRA0,IPCA_SPREAD,5.74,anbima,0,0,,,,,,31397254,31397254,0.0
2026-07-06,AESLC2,IPCA_SPREAD,5.30,anbima,0,0,,,,,,20860022,20860022,0.0
2026-07-06,EGIEB5,IPCA_SPREAD,6.16,anbima,5371727,4,1069.8521,7.6056,B35,-50,B35 −50bps,26565016,15821561,40.4
2026-07-06,GASC28,IPCA_SPREAD,8.02,anbima,0,0,,,,,,29563643,29563643,0.0
2026-07-06,EKTRA8,IPCA_SPREAD,3.98,anbima,23782597,1,994.7132,8.2260,B31,-33,B31 −33bps,47913213,348019,99.3
2026-07-06,ANHBA6,DI_SPREAD,3.91,anbima,212681,2,1063.4031,0.5982,CDI,0.5982,CDI +0.60%,10318023,9892661,4.1
2026-07-06,EGIEB4,IPCA_SPREAD,3.92,anbima,0,0,,,,,,50546580,50546580,0.0
2026-07-06,CEEDA1,DI_SPREAD,3.88,anbima,58594312,3,1022.6597,0.8297,CDI,0.8297,CDI +0.83%,161077406,43888783,72.8
2026-07-06,RDORH6,DI_SPREAD,4.58,anbima,9597779,1,1056.5586,1.1350,CDI,1.135,CDI +1.13%,32703181,13507624,58.7
2026-07-06,UNEG11,IPCA_SPREAD,6.65,anbima,10046926,3,1166.8904,8.8343,B35,72,B35 +72bps,28612602,8518750,70.2
2026-07-06,CSNAA2,DI_SPREAD,0.82,anbima,8226648,1,908.6202,15.0000,CDI,15,CDI +15.00%,16453296,0,100.0
2026-07-06,ELET24,DI_SPREAD,1.42,anbima,10780824,3,1055.2882,0.9737,CDI,0.9737,CDI +0.97%,21808743,247094,98.9
2026-07-06,CEEBD1,PREFIXADO,4.44,anbima,99010,2,934.0555,13.7357,,,,24226887,24028867,0.8
2026-07-06,CMGTA1,IPCA_SPREAD,7.27,anbima,19026829,1,984.1633,7.7948,B37,-22,B37 −22bps,67503742,29450084,56.4
2026-07-06,BRKPA4,DI_SPREAD,3.07,anbima,0,0,,,,,,20106247,20106247,0.0
2026-07-06,CESE32,IPCA_SPREAD,3.14,anbima,91538,2,1144.2282,8.2408,B30,-32,B30 −32bps,10398150,10215073,1.8
2026-07-06,CGOS28,IPCA_SPREAD,6.40,anbima,9151805,2,1014.6126,8.2430,B35,13,B35 +13bps,18877275,573664,97.0
2026-07-06,ALUP18,IPCA_SPREAD,5.70,anbima,22923,2,1041.9578,7.6199,B33,-70,B33 −70bps,20229277,20183431,0.2
2026-07-06,SBSPJ8,IPCA_SPREAD,7.96,anbima,14798632,2,954.7505,7.5951,B37,-41,B37 −41bps,41188086,11590821,71.9
2026-07-06,ENEVA4,IPCA_SPREAD,7.02,anbima,0,0,,,,,,24931188,24931188,0.0
2026-07-06,ENAT33,IPCA_SPREAD,5.28,anbima,8533969,2,1067.1463,9.0681,B33,75,B33 +75bps,17397510,329572,98.1
2026-07-06,ENGIB0,IPCA_SPREAD,4.05,anbima,161364,2,1047.8179,8.0520,B31,-51,B31 −51bps,10488137,10165410,3.1
2026-07-06,ARTRA7,IPCA_SPREAD,5.74,anbima,5269155,1,924.7377,10.2560,B33,194,B33 +194bps,10584055,45745,99.6
2026-07-06,CNLM17,DI_SPREAD,4.08,anbima,0,0,,,,,,20011063,20011063,0.0
2026-07-06,KNTR11,,6.41,0.70xprazo,0,0,,,,,,350000001,350000001,0.0
2026-07-06,MTPKA5,,0.31,0.70xprazo,0,0,,,,,,14291698,14291698,0.0
2026-07-06,VERTC0,,2.38,0.70xprazo,0,0,,,,,,41151601,41151601,0.0
2026-07-06,TFLE19,DI_SPREAD,2.96,anbima,0,0,,,,,,16786268,16786268,0.0
2026-07-06,RSAN25,DI_SPREAD,1.99,anbima,0,0,,,,,,12817307,12817307,0.0
2026-07-06,CGOS19,DI_SPREAD,3.75,anbima,0,0,,,,,,16698756,16698756,0.0
2026-07-06,EQPAA0,DI_SPREAD,3.49,anbima,0,0,,,,,,13672509,13672509,0.0
2026-07-06,PEJA22,IPCA_SPREAD,5.20,anbima,6353286,4,1046.8423,8.3438,B32,2,B32 +2bps,22470487,9763915,56.5
2026-07-06,RPTA14,IPCA_SPREAD,5.04,anbima,5023463,1,1104.0579,8.8610,B32,54,B32 +54bps,10049204,2278,100.0
2026-07-06,LMTPA0,DI_SPREAD,2.53,anbima,22712,2,1032.3797,1.7571,CDI,1.7571,CDI +1.76%,45018184,44972759,0.1
2026-07-06,CASN23,IPCA_SPREAD,3.08,anbima,0,0,,,,,,10104193,10104193,0.0
2026-07-06,HVSP11,IPCA_SPREAD,4.90,anbima,0,0,,,,,,10136028,10136028,0.0
2026-07-06,AEGPB7,DI_SPREAD,1.40,anbima,0,0,,,,,,16824387,16824387,0.0
2026-07-06,TFLEC0,DI_SPREAD,2.77,anbima,0,0,,,,,,12466533,12466533,0.0
2026-07-06,AEGE16,DI_SPREAD,3.30,anbima,0,0,,,,,,20082353,20082353,0.0
2026-07-06,AALM12,DI_SPREAD,2.15,anbima,0,0,,,,,,20251686,20251686,0.0
2026-07-06,USIM28,DI_SPREAD,1.96,anbima,0,0,,,,,,10589809,10589809,0.0
2026-07-06,EQTL17,DI_SPREAD,2.13,anbima,0,0,,,,,,43276050,43276050,0.0
2026-07-06,TUPW11,DI_SPREAD,3.05,anbima,0,0,,,,,,10411545,10411545,0.0
2026-07-06,SRBS11,IPCA_SPREAD,8.17,anbima,0,0,,,,,,19932913,19932913,0.0
2026-07-06,GASMA0,,6.55,0.70xprazo,0,0,,,,,,20223437,20223437,0.0
2026-07-06,CEEBB7,IPCA_SPREAD,5.17,anbima,2000710,2,1032.3579,8.2110,B32,-11,B32 −11bps,38729968,34728549,10.3
2026-07-06,CEPEB3,IPCA_SPREAD,5.17,anbima,0,0,,,,,,51660733,51660733,0.0
2026-07-06,CTGE11,IPCA_SPREAD,1.14,anbima,0,0,,,,,,11467954,11467954,0.0
2026-07-06,CSMGB9,IPCA_SPREAD,3.64,anbima,31898268,1,1038.1861,9.5200,B30,96,B30 +96bps,64576993,780457,98.8
2026-07-06,BHIAA1,,2.42,0.70xprazo,0,0,,,,,,16231020,16231020,0.0
2026-07-06,HFTE11,,5.40,0.70xprazo,0,0,,,,,,12114374,12114374,0.0
2026-07-06,TIGR21,DI_SPREAD,1.56,anbima,0,0,,,,,,99983972,99983972,0.0
2026-07-06,HGLB23,IPCA_SPREAD,4.30,anbima,0,0,,,,,,10018556,10018556,0.0
2026-07-06,ISAEB8,IPCA_SPREAD,4.88,anbima,0,0,,,,,,13971038,13971038,0.0
2026-07-06,THOP11,,9.06,0.70xprazo,0,0,,,,,,79856449,79856449,0.0
2026-07-06,CGEE13,IPCA_SPREAD,5.49,anbima,36520976,1,800.8986,14.0580,B33,574,B33 +574bps,109989339,36947386,66.4
2026-07-06,ENMTF8,IPCA_SPREAD,6.88,anbima,5185812,1,951.1761,8.1350,B35,3,B35 +3bps,15622990,5251367,66.4
2026-07-07,TRGP13,IPCA_SPREAD,7.79,anbima,480429,1,1013.5632,,,,,15086997,14126139,6.4
2026-07-07,SBSPF3,IPCA_SPREAD,8.18,anbima,0,0,,,,,,11042005,11042005,0.0
2026-07-07,RISP12,IPCA_SPREAD,4.06,anbima,6036442,2,9.8635,11.8582,B31,334,B31 +334bps,13256119,1183236,91.1
2026-07-07,RIS412,IPCA_SPREAD,4.05,anbima,5030538,1,9.8638,11.8574,B31,334,B31 +334bps,15629037,5567961,64.4
2026-07-07,CTEP13,,3.02,0.70xprazo,0,0,,,,,,10003274,10003274,0.0
2026-07-07,SBSPI8,IPCA_SPREAD,7.00,anbima,7665602,3,957.4821,7.6681,B35,-44,B35 −44bps,20230642,4899438,75.8
2026-07-07,PEJA23,IPCA_SPREAD,5.35,anbima,8120369,7,1035.6292,8.2484,B33,-8,B33 −8bps,24064232,7823495,67.5
2026-07-07,ASAIA2,DI_SPREAD,2.69,anbima,394599,2,993.9532,1.9009,CDI,1.9009,CDI +1.90%,29573458,28784259,2.7
2026-07-07,AEGE16,DI_SPREAD,3.30,anbima,10000910,1,988.2322,6.0000,CDI,6,CDI +6.00%,40015159,20013340,50.0
2026-07-07,EQPAA0,DI_SPREAD,3.49,anbima,0,0,,,,,,22003696,22003696,0.0
2026-07-07,CASN23,IPCA_SPREAD,3.08,anbima,0,0,,,,,,10098901,10098901,0.0
2026-07-07,ENAT33,IPCA_SPREAD,5.28,anbima,857479,6,1057.3106,9.2774,B33,95,B33 +95bps,15134079,13419121,11.3
2026-07-07,EQTL17,DI_SPREAD,2.13,anbima,18790153,3,1046.8052,0.6156,CDI,0.6156,CDI +0.62%,47059237,9478932,79.9
2026-07-07,CGOS15,DI_SPREAD,2.13,anbima,0,0,,,,,,51018870,51018870,0.0
2026-07-07,AEGP19,DI_SPREAD,1.04,anbima,284401,2,1023.0240,3.3683,CDI,3.3683,CDI +3.37%,26674562,26105761,2.1
2026-07-07,USIMA0,DI_SPREAD,2.48,anbima,100279,1,1044.5750,1.3485,CDI,1.3485,CDI +1.35%,20781931,20581373,1.0
2026-07-07,ALGTA4,IPCA_SPREAD,4.76,anbima,5592377,2,1015.6878,9.0301,B32,70,B32 +70bps,12563426,1378673,89.0
2026-07-07,SAPRB3,IPCA_SPREAD,4.69,anbima,0,0,,,,,,11970366,11970366,0.0
2026-07-07,BCPSA7,IPCA_SPREAD,6.45,anbima,0,0,,,,,,33827425,33827425,0.0
2026-07-07,ANHBB6,IPCA_SPREAD,6.67,anbima,12826834,2,1029.8542,7.8306,B35,-28,B35 −28bps,26277635,623968,97.6
2026-07-07,VBBRA0,IPCA_SPREAD,5.74,anbima,7952070,3,984.1671,8.2992,B33,-3,B33 −3bps,49494342,33590202,32.1
2026-07-07,CESE32,IPCA_SPREAD,3.14,anbima,238483,2,1141.0653,8.3568,B30,-16,B30 −16bps,35537526,35060561,1.3
2026-07-07,MOTVB9,IPCA_SPREAD,7.30,anbima,5102855,2,977.1841,7.7675,B37,-26,B37 −26bps,13486943,3281232,75.7
2026-07-07,SBSPJ8,IPCA_SPREAD,7.96,anbima,0,0,,,,,,12612668,12612668,0.0
2026-07-07,ENEVA4,IPCA_SPREAD,7.02,anbima,10027746,1,977.3632,7.9388,B35,-17,B35 −17bps,73668278,53612786,27.2
2026-07-07,MRSAA1,IPCA_SPREAD,5.66,anbima,2135,1,1067.3342,7.8592,B33,-47,B33 −47bps,21388008,21383739,0.0
2026-07-07,EGIEB4,IPCA_SPREAD,3.92,anbima,0,0,,,,,,21854834,21854834,0.0
2026-07-07,RDORE4,DI_SPREAD,4.65,anbima,8500081,4,1055.3863,1.1202,CDI,1.1202,CDI +1.12%,29984340,12984177,56.7
2026-07-07,ANIM18,DI_SPREAD,2.31,anbima,0,0,,,,,,45583424,45583424,0.0
2026-07-07,RIS414,IPCA_SPREAD,4.35,anbima,6025117,2,0.9479,11.8580,B31,334,B31 +334bps,12738978,688744,94.6
2026-07-07,ROTY13,IPCA_SPREAD,3.92,anbima,8070051,1,996.3027,8.0635,B31,-46,B31 −46bps,16321309,181206,98.9
2026-07-07,ALGE16,IPCA_SPREAD,5.33,anbima,0,0,,,,,,42408921,42408921,0.0
2026-07-07,AEGPB5,DI_SPREAD,3.22,anbima,25001000,1,959.5840,3.4000,CDI,3.4,CDI +3.40%,110921271,60919270,45.1
2026-07-07,LORTB2,DI_SPREAD,2.01,anbima,71162506,2,1026.6538,1.2564,CDI,1.2564,CDI +1.26%,369015968,226690956,38.6
2026-07-07,ENSEB4,IPCA_SPREAD,6.60,anbima,3497818,2,1004.8315,8.1321,B35,2,B35 +2bps,10741947,3746310,65.1
2026-07-07,FGEN13,IPCA_SPREAD,0.87,anbima,0,0,,,,,,13710344,13710344,0.0
2026-07-07,CLTM14,IPCA_SPREAD,5.65,anbima,9104732,1,1046.5210,9.1180,B33,79,B33 +79bps,19417323,1207859,93.8
2026-07-07,VSFE11,,16.64,0.70xprazo,25354971,2,939.0730,,,,,60767847,10057905,83.4
2026-07-07,CESPA4,DI_SPREAD,3.76,anbima,0,0,,,,,,11150068,11150068,0.0
2026-07-07,LMTPA0,DI_SPREAD,2.53,anbima,832534,1,1032.9202,1.7481,CDI,1.7481,CDI +1.75%,44678173,43013105,3.7
2026-07-07,UQFN15,DI_SPREAD,2.95,anbima,5002329,1,984.7105,2.1500,CDI,2.15,CDI +2.15%,11937903,1933244,83.8
2026-07-07,ECRD14,IPCA_SPREAD,8.55,anbima,29367382,1,1068.7209,,,,,70067972,11333209,83.8
2026-07-07,VLIM28,IPCA_SPREAD,7.52,anbima,5244042,1,971.1188,7.8740,B37,-16,B37 −16bps,16031836,5543753,65.4
2026-07-07,CMGDA4,IPCA_SPREAD,7.26,anbima,14847893,1,989.8595,7.7197,B37,-31,B37 −31bps,46495506,16799721,63.9
2026-07-07,TLPP27,DI_SPREAD,0.92,anbima,0,0,,,,,,43121273,43121273,0.0
2026-07-07,HAPV17,DI_SPREAD,2.76,anbima,0,0,,,,,,10943768,10943768,0.0
2026-07-07,SAPRC1,DI_SPREAD,1.51,anbima,0,0,,,,,,10122150,10122150,0.0
2026-07-07,CLAG15,IPCA_SPREAD,4.74,anbima,0,0,,,,,,28520429,28520429,0.0
2026-07-07,TSSG21,IPCA_SPREAD,5.28,anbima,0,0,,,,,,27480813,27480813,0.0
2026-07-07,ENMTE6,IPCA_SPREAD,6.66,anbima,0,0,,,,,,18675226,18675226,0.0
2026-07-07,SAPRB4,DI_SPREAD,2.80,anbima,0,0,,,,,,50013176,50013176,0.0
2026-07-07,AXIA19,IPCA_SPREAD,6.96,0.70xprazo,17393563,4,1012.7256,7.8176,B37,-21,B37 −21bps,47788451,13001325,72.8
2026-07-07,CLIS13,IPCA_SPREAD,4.88,anbima,0,0,,,,,,21785396,21785396,0.0
2026-07-07,RNDNA1,DI_SPREAD,3.44,anbima,0,0,,,,,,40013031,40013031,0.0
2026-07-08,AEGPB3,DI_SPREAD,3.35,anbima,2222629,5,1002.0869,3.4397,CDI,3.4397,CDI +3.44%,23248596,18803339,19.1
2026-07-08,AEGP19,DI_SPREAD,1.04,anbima,0,0,,,,,,33987242,33987242,0.0
2026-07-08,CCIA13,,6.55,0.70xprazo,6197150,1,1012.7717,9.0000,,,,18588320,6194020,66.7
2026-07-08,LORTB2,DI_SPREAD,2.01,anbima,55206557,3,1027.0605,1.2466,CDI,1.2466,CDI +1.25%,181853683,71440568,60.7
2026-07-08,ENEVA4,IPCA_SPREAD,7.02,anbima,619687,4,977.4244,7.9390,B35,-15,B35 −15bps,32871988,31632614,3.8
2026-07-08,AXIA19,IPCA_SPREAD,6.96,0.70xprazo,7261282,1,1012.0253,7.8290,B37,-17,B37 −17bps,32631694,18109131,44.5
2026-07-08,ECRD14,IPCA_SPREAD,8.55,anbima,16959184,2,1068.6990,,,,,105477143,71558775,32.2
2026-07-08,SAPRB4,DI_SPREAD,2.80,anbima,0,0,,,,,,99975976,99975976,0.0
2026-07-08,CLCD27,IPCA_SPREAD,5.41,anbima,0,0,,,,,,179417629,179417629,0.0
2026-07-08,ALPA13,,3.11,0.70xprazo,0,0,,,,,,10305103,10305103,0.0
2026-07-08,SBSPD7,DI_SPREAD,3.96,anbima,10511524,1,1026.2153,0.5800,CDI,0.58,CDI +0.58%,50503952,29480904,41.6
2026-07-08,JSLGA5,DI_SPREAD,1.08,anbima,0,0,,,,,,252494723,252494723,0.0
2026-07-08,CPLD29,IPCA_SPREAD,5.76,anbima,4694448,7,1026.1089,7.8453,B33,-49,B33 −49bps,11054889,1665992,84.9
2026-07-08,CSRNA1,IPCA_SPREAD,1.79,anbima,0,0,,,,,,40211402,40211402,0.0
2026-07-08,AEGPB5,DI_SPREAD,3.22,anbima,0,0,,,,,,54616608,54616608,0.0
2026-07-08,AEGPB4,,6.67,0.70xprazo,0,0,,,,,,10004907,10004907,0.0
2026-07-08,HAPV17,DI_SPREAD,2.76,anbima,0,0,,,,,,11313963,11313963,0.0
2026-07-08,VSFE11,,16.64,0.70xprazo,676627,1,939.7596,,,,,14057761,12704507,9.6
2026-07-08,ELET16,IPCA_SPREAD,6.15,anbima,3173790,2,1057.2251,7.8301,B35,-26,B35 −26bps,13841032,7493453,45.9
2026-07-08,VBBR15,DI_SPREAD,2.19,anbima,0,0,,,,,,77939770,77939770,0.0
2026-07-08,VBBRA0,IPCA_SPREAD,5.74,anbima,50719587,4,984.6552,8.3030,B33,-4,B33 −4bps,107643640,6204465,94.2
2026-07-08,ELTN37,IPCA_SPREAD,6.69,anbima,463771,1,1042.1816,7.8300,B35,-26,B35 −26bps,39000708,38073167,2.4
2026-07-08,EGIEA6,IPCA_SPREAD,7.71,anbima,2611564,2,949.6596,7.5411,B37,-46,B37 −46bps,93481570,88258442,5.6
2026-07-08,TRRG12,IPCA_SPREAD,4.18,anbima,379096,3,1083.1305,8.1544,B31,-41,B31 −41bps,25446789,24688597,3.0
2026-07-08,RECV11,IPCA_SPREAD,3.29,anbima,14044702,2,1080.3617,8.4855,B30,-7,B30 −7bps,40183668,12094263,69.9
2026-07-08,CCPV11,IPCA_SPREAD,3.36,anbima,143826,2,1159.8857,,,,,38434798,38147147,0.7
2026-07-08,SBSPE3,IPCA_SPREAD,6.28,anbima,269445,4,1113.4070,7.5776,B35,-51,B35 −51bps,45301947,44763058,1.2
2026-07-08,ISAEB8,IPCA_SPREAD,4.88,anbima,0,0,,,,,,42639449,42639449,0.0
2026-07-08,CGOSA2,IPCA_SPREAD,7.25,anbima,28506138,3,946.4504,8.2250,B37,22,B37 +22bps,68741713,11729437,82.9
2026-07-08,BTGH18,DI_SPREAD,2.00,anbima,1004287,1,1019.5803,1.1350,CDI,1.135,CDI +1.13%,15091343,13082769,13.3
2026-07-08,CGOS19,DI_SPREAD,3.75,anbima,0,0,,,,,,10256241,10256241,0.0
2026-07-08,CCROA7,DI_SPREAD,1.72,anbima,0,0,,,,,,13324396,13324396,0.0
2026-07-08,TFLE19,DI_SPREAD,2.96,anbima,0,0,,,,,,51042559,51042559,0.0
2026-07-08,QUAT13,IPCA_SPREAD,3.62,anbima,0,0,,,,,,10704061,10704061,0.0
2026-07-08,APPSB2,DI_SPREAD,1.00,anbima,828336,1,661.0826,1.4250,CDI,1.425,CDI +1.42%,17920992,16264319,9.2
2026-07-08,PFOR16,DI_SPREAD,2.77,anbima,3781976,3,1075.9534,1.3605,CDI,1.3605,CDI +1.36%,14760748,7196796,51.2
2026-07-08,RNDNA2,DI_SPREAD,2.88,anbima,81692078,1,1028.1941,2.1015,CDI,2.1015,CDI +2.10%,189441781,26057626,86.2
2026-07-08,EQPAA1,IPCA_SPREAD,7.25,anbima,9948774,1,947.5023,8.2080,B37,21,B37 +21bps,20485889,588342,97.1
2026-07-08,RDORC9,DI_SPREAD,2.92,anbima,0,0,,,,,,14464057,14464057,0.0
2026-07-08,EQMAA1,DI_SPREAD,2.28,anbima,0,0,,,,,,12340409,12340409,0.0
2026-07-08,CIEL19,DI_SPREAD,1.92,anbima,0,0,,,,,,40018674,40018674,0.0
2026-07-08,EKTRC1,IPCA_SPREAD,2.29,anbima,3652177,2,1177.3621,8.4949,B29,-8,B29 −8bps,14664760,7360406,49.8
2026-07-08,MRSAB2,IPCA_SPREAD,6.73,anbima,0,0,,,,,,42578473,42578473,0.0
2026-07-08,EGIEB4,IPCA_SPREAD,3.92,anbima,0,0,,,,,,48042752,48042752,0.0
2026-07-08,VAMO14,DI_SPREAD,1.06,anbima,0,0,,,,,,21198765,21198765,0.0
2026-07-08,RDORF8,DI_SPREAD,4.82,anbima,0,0,,,,,,18281308,18281308,0.0
2026-07-08,IOCHA3,DI_SPREAD,2.15,anbima,0,0,,,,,,12000654,12000654,0.0
2026-07-08,EKTRB6,IPCA_SPREAD,8.36,anbima,8699106,1,966.5673,8.0620,B37,6,B37 +6bps,17398212,0,100.0
2026-07-08,EUFA18,DI_SPREAD,1.80,anbima,0,0,,,,,,10463394,10463394,0.0
2026-07-08,AURE13,DI_SPREAD,3.12,anbima,0,0,,,,,,12898094,12898094,0.0
2026-07-09,RECV11,IPCA_SPREAD,3.29,anbima,4321508,1,1080.3771,8.4850,B30,-1,B30 −1bps,10367036,1724020,83.4
2026-07-09,EBAS13,IPCA_SPREAD,3.73,anbima,5688186,2,1156.1353,8.5487,B30,6,B30 +6bps,15384957,4008586,73.9
2026-07-09,CGOSA2,IPCA_SPREAD,7.25,anbima,9935263,1,950.7429,8.1630,B37,17,B37 +17bps,22264816,2394291,89.2
2026-07-09,LORTB2,DI_SPREAD,2.01,anbima,79014,2,1026.1598,1.3078,CDI,1.3078,CDI +1.31%,19638907,19480878,0.8
2026-07-09,BRKPA4,DI_SPREAD,3.07,anbima,20002178,1,1008.7336,2.7700,CDI,2.77,CDI +2.77%,40004354,0,100.0
2026-07-09,VAMO14,DI_SPREAD,1.06,anbima,130762,2,1021.5809,3.7989,CDI,3.7989,CDI +3.80%,41327470,41065945,0.6
2026-07-09,RDORC9,DI_SPREAD,2.92,anbima,0,0,,,,,,10000487,10000487,0.0
2026-07-09,BCPSA7,IPCA_SPREAD,6.45,anbima,499827,1,1030.5720,7.5860,B35,-45,B35 −45bps,23106411,22106756,4.3
2026-07-09,CESE32,IPCA_SPREAD,3.14,anbima,5003045,1,1150.1253,8.1058,B30,-38,B30 −38bps,10383089,377000,96.4
2026-07-09,SBSPD7,DI_SPREAD,3.96,anbima,6153,2,1025.4257,0.6060,CDI,0.606,CDI +0.61%,22058691,22046386,0.1
2026-07-09,ENEVA4,IPCA_SPREAD,7.02,anbima,0,0,,,,,,12029700,12029700,0.0
2026-07-09,RENTC4,DI_SPREAD,1.98,anbima,138315,2,1032.1997,1.2293,CDI,1.2293,CDI +1.23%,288045821,287769191,0.1
2026-07-09,AESLC2,IPCA_SPREAD,5.30,anbima,15880470,2,986.1808,7.7066,B33,-58,B33 −58bps,55132239,23371298,57.6
2026-07-09,EUFA18,DI_SPREAD,1.80,anbima,4899243,1,1049.7628,0.8600,CDI,0.86,CDI +0.86%,20268445,10469959,48.3
2026-07-09,PLSB1A,IPCA_SPREAD,2.82,anbima,5038139,2,1110.2112,9.7694,B29,128,B29 +128bps,10749530,673253,93.7
2026-07-09,EGIEA6,IPCA_SPREAD,7.71,anbima,0,0,,,,,,13247747,13247747,0.0
2026-07-09,IVIAA0,IPCA_SPREAD,5.67,anbima,10007371,2,979.5782,9.3010,B33,101,B33 +101bps,20032273,17532,99.9
2026-07-09,ALPA13,,3.11,0.70xprazo,0,0,,,,,,10299831,10299831,0.0
2026-07-09,NATUA3,DI_SPREAD,2.39,anbima,0,0,,,,,,25074903,25074903,0.0
2026-07-09,VLIM17,IPCA_SPREAD,5.98,anbima,5029817,1,1005.9634,8.0040,B33,-29,B33 −29bps,10160287,100652,99.0
2026-07-09,EQPA19,IPCA_SPREAD,6.83,anbima,235434,1,989.2177,8.0500,B35,1,B35 +1bps,41680115,41209248,1.1
2026-07-09,CERT11,IPCA_SPREAD,2.62,anbima,10067069,5,1170.4534,8.7730,B29,28,B29 +28bps,30762705,10628566,65.4
2026-07-09,RENTD9,DI_SPREAD,2.83,anbima,0,0,,,,,,30432794,30432794,0.0
2026-07-09,ENGIC4,DI_SPREAD,3.79,anbima,0,0,,,,,,21805085,21805085,0.0
2026-07-09,NTSDA1,IPCA_SPREAD,8.86,anbima,0,0,,,,,,18186952,18186952,0.0
2026-07-09,HGLB23,IPCA_SPREAD,4.30,anbima,0,0,,,,,,11766430,11766430,0.0
2026-07-09,RMSA12,IPCA_SPREAD,7.00,anbima,0,0,,,,,,11013986,11013986,0.0
2026-07-09,SBSPM8,DI_SPREAD,4.81,anbima,64814666,4,1054.6344,0.6614,CDI,0.6614,CDI +0.66%,129675725,46392,100.0
2026-07-09,VERTB2,,1.49,0.70xprazo,0,0,,,,,,16365044,16365044,0.0
2026-07-09,TFLE19,DI_SPREAD,2.96,anbima,0,0,,,,,,55800218,55800218,0.0
2026-07-09,EKTRA8,IPCA_SPREAD,3.98,anbima,0,0,,,,,,10035422,10035422,0.0
2026-07-09,FRAS15,,3.81,0.70xprazo,0,0,,,,,,132056409,132056409,0.0
2026-07-09,FRAS16,DI_SPREAD,3.17,anbima,0,0,,,,,,12515275,12515275,0.0
2026-07-09,OVSAB1,DI_SPREAD,3.55,anbima,0,0,,,,,,21481675,21481675,0.0
2026-07-09,OLFA13,,4.15,0.70xprazo,0,0,,,,,,248910623,248910623,0.0
2026-07-09,URBI13,,10.22,0.70xprazo,0,0,,,,,,45465398,45465398,0.0
2026-07-09,RPTA14,IPCA_SPREAD,5.04,anbima,8105601,2,1110.3563,8.7706,B32,48,B32 +48bps,24320824,8109622,66.7
2026-07-09,CEEBE3,IPCA_SPREAD,3.99,anbima,10037115,1,1003.7115,8.0340,B31,-46,B31 −46bps,21077567,1003337,95.2
2026-07-09,CSRNA4,IPCA_SPREAD,3.98,anbima,0,0,,,,,,10033372,10033372,0.0
2026-07-10,COMT11,IPCA_SPREAD,3.78,anbima,4063664,2,1015.9159,7.9464,B30,-39,B30 −39bps,11390249,3262922,71.4
2026-07-10,CSNAA2,DI_SPREAD,0.82,anbima,5006987,1,911.1897,15.2000,CDI,15.2,CDI +15.20%,10013975,0,100.0
2026-07-10,ENGIC4,DI_SPREAD,3.79,anbima,11565975,4,1050.2111,0.6518,CDI,0.6518,CDI +0.65%,53190048,30058098,43.5
2026-07-10,RENTC4,DI_SPREAD,1.98,anbima,3788966,2,1032.6973,1.2344,CDI,1.2344,CDI +1.23%,55967395,48389462,13.5
2026-07-10,IVIAA0,IPCA_SPREAD,5.67,anbima,1686689,2,977.2239,9.3231,B33,117,B33 +117bps,14645971,11272594,23.0
2026-07-10,RDORC4,DI_SPREAD,1.04,anbima,0,0,,,,,,12960456,12960456,0.0
2026-07-10,SBSPD7,DI_SPREAD,3.96,anbima,0,0,,,,,,23073561,23073561,0.0
2026-07-10,RPTA14,IPCA_SPREAD,5.04,anbima,0,0,,,,,,131834915,131834915,0.0
2026-07-10,SBSPM8,DI_SPREAD,4.81,anbima,0,0,,,,,,21098523,21098523,0.0
2026-07-10,AESLC2,IPCA_SPREAD,5.30,anbima,6040149,1,988.5678,7.6360,B33,-51,B33 −51bps,53520713,41440415,22.6
2026-07-10,ELET14,IPCA_SPREAD,3.57,anbima,573273,10,1108.8444,7.8278,B30,-51,B30 −51bps,35786881,34640336,3.2
2026-07-10,TFLE19,DI_SPREAD,2.96,anbima,5132575,1,1026.5150,1.0050,CDI,1.005,CDI +1.00%,25717775,15452625,39.9
2026-07-10,SBSPJ8,IPCA_SPREAD,7.96,anbima,44760,3,994.6581,7.0516,B37,-84,B37 −84bps,22413710,22324191,0.4
2026-07-10,EEELB5,IPCA_SPREAD,6.00,anbima,0,0,,,,,,61213592,61213592,0.0
2026-07-10,PALFB6,IPCA_SPREAD,5.66,anbima,0,0,,,,,,65715987,65715987,0.0
2026-07-10,BCPSA5,IPCA_SPREAD,2.41,anbima,65163045,1,1086.0507,7.6799,B29,-65,B29 −65bps,210654001,80327911,61.9
2026-07-10,EQPA19,IPCA_SPREAD,6.83,anbima,175882,1,982.5788,8.1357,B35,19,B35 +19bps,22512648,22160885,1.6
2026-07-10,EGIEA1,IPCA_SPREAD,5.13,anbima,539221,1,1080.6027,7.7222,B32,-43,B32 −43bps,17331264,16252823,6.2
2026-07-10,CERT11,IPCA_SPREAD,2.62,anbima,23514114,4,1174.7072,8.5809,B29,25,B29 +25bps,48302342,1274114,97.4
2026-07-10,HARG11,IPCA_SPREAD,5.00,anbima,23337865,2,1064.0041,8.6819,B32,53,B32 +53bps,47118457,442727,99.1
2026-07-10,VBBRA0,IPCA_SPREAD,5.74,anbima,0,0,,,,,,31074072,31074072,0.0
2026-07-10,GASC25,IPCA_SPREAD,7.99,anbima,1888,2,944.1715,8.3301,B37,44,B37 +44bps,11960985,11957209,0.0
2026-07-10,EKTRA8,IPCA_SPREAD,3.98,anbima,0,0,,,,,,12113740,12113740,0.0
2026-07-10,RECV21,PREFIXADO,3.39,0.70xprazo,0,0,,,,,,32782018,32782018,0.0
2026-07-10,RECV11,IPCA_SPREAD,3.29,anbima,0,0,,,,,,33314335,33314335,0.0
2026-07-10,RMSA12,IPCA_SPREAD,7.00,anbima,161649,1,1179.9190,10.1435,B35,219,B35 +219bps,18637223,18313925,1.7
2026-07-10,ALUP18,IPCA_SPREAD,5.70,anbima,8481848,3,1052.3385,7.4466,B33,-70,B33 −70bps,59264523,42300826,28.6
2026-07-10,CHSF13,IPCA_SPREAD,4.17,anbima,226431,2,1063.0557,7.8640,B31,-48,B31 −48bps,16983247,16530385,2.7
2026-07-10,MRSAB1,IPCA_SPREAD,6.22,anbima,2198370,2,1073.9471,7.7152,B35,-23,B35 −23bps,10275722,5878983,42.8
2026-07-10,ENAT24,IPCA_SPREAD,5.28,anbima,633175,1,1073.1781,8.9665,B33,82,B33 +82bps,16995577,15729227,7.5
2026-07-10,GASC28,IPCA_SPREAD,8.02,anbima,844639,3,1028.7926,8.2231,B37,33,B37 +33bps,44703873,43014595,3.8
2026-07-10,VAMO33,IPCA_SPREAD,3.34,anbima,0,0,,,,,,16253011,16253011,0.0
2026-07-10,RDOE18,IPCA_SPREAD,3.28,anbima,0,0,,,,,,27953035,27953035,0.0
2026-07-10,TAEEA8,IPCA_SPREAD,4.50,anbima,0,0,,,,,,38039858,38039858,0.0
2026-07-10,ECOC13,,2.75,0.70xprazo,0,0,,,,,,65004519,65004519,0.0
2026-07-10,UHEJ11,,13.25,0.70xprazo,0,0,,,,,,19246427,19246427,0.0
2026-07-10,ENEVB4,IPCA_SPREAD,8.85,anbima,9888617,3,970.2333,7.7285,B40,14,B40 +14bps,21379206,1601971,92.5
2026-07-10,CPLDA1,IPCA_SPREAD,6.82,anbima,30920,1,1030.6680,7.7062,B35,-24,B35 −24bps,15547945,15486105,0.4
2026-07-10,EKTT11,IPCA_SPREAD,5.21,anbima,0,0,,,,,,11736731,11736731,0.0
2026-07-10,ISPE13,DI_SPREAD,2.32,anbima,0,0,,,,,,13201054,13201054,0.0
2026-07-10,GASC16,IPCA_SPREAD,6.14,anbima,100857,1,988.7917,8.3930,B35,44,B35 +44bps,16080522,15878809,1.3
2026-07-10,RCEN22,,11.97,0.70xprazo,0,0,,,,,,15038430,15038430,0.0
2026-07-10,MRSAA2,IPCA_SPREAD,6.21,anbima,0,0,,,,,,11388477,11388477,0.0
2026-07-10,ANHBA6,DI_SPREAD,3.91,anbima,0,0,,,,,,35636228,35636228,0.0
2026-07-10,CNLM17,DI_SPREAD,4.08,anbima,0,0,,,,,,35562460,35562460,0.0
2026-07-10,CART13,IPCA_SPREAD,4.03,anbima,0,0,,,,,,35603476,35603476,0.0
2026-07-10,ERDVB3,DI_SPREAD,2.49,anbima,0,0,,,,,,10005907,10005907,0.0
2026-07-13,BTEL13,PREFIXADO,3.64,anbima,10004206,2,992.0870,16.3672,,,,30929418,10921007,64.7
2026-07-13,CMGDA4,IPCA_SPREAD,7.26,anbima,0,0,,,,,,10988532,10988532,0.0
2026-07-13,ENAT24,IPCA_SPREAD,5.28,anbima,0,0,,,,,,10025568,10025568,0.0
2026-07-13,MGPRA0,IPCA_SPREAD,7.73,anbima,24654,1,1027.2493,,,,,14247884,14198576,0.3
2026-07-13,ENEVB4,IPCA_SPREAD,8.85,anbima,1787164,1,970.2300,7.7285,B40,10,B40 +10bps,13319302,9744974,26.8
2026-07-13,CNLM17,DI_SPREAD,4.08,anbima,0,0,,,,,,52165701,52165701,0.0
2026-07-13,SMFTC3,DI_SPREAD,4.73,anbima,8272736,1,1034.0920,1.0250,CDI,1.025,CDI +1.02%,25625021,9079549,64.6
2026-07-13,SUZBB1,DI_SPREAD,4.54,anbima,6074976,2,1047.4096,0.4918,CDI,0.4918,CDI +0.49%,18914734,6764783,64.2
2026-07-13,ALUP18,IPCA_SPREAD,5.70,anbima,23133,1,1051.4802,7.4620,B33,-71,B33 −71bps,42318269,42272004,0.1
2026-07-13,CERT11,IPCA_SPREAD,2.62,anbima,235426,2,1171.2735,8.7150,B29,35,B29 +35bps,25010494,24539642,1.9
2026-07-13,HARG11,IPCA_SPREAD,5.00,anbima,469179,3,1063.8977,8.6841,B32,51,B32 +51bps,25490645,24552288,3.7
2026-07-13,RENTC4,DI_SPREAD,1.98,anbima,0,0,,,,,,22674813,22674813,0.0
2026-07-13,CHSF13,IPCA_SPREAD,4.17,anbima,840993,5,1063.2025,7.8743,B31,-49,B31 −49bps,78025970,76343984,2.2
2026-07-13,BRMLB1,DI_SPREAD,4.31,anbima,0,0,,,,,,10762217,10762217,0.0
2026-07-13,CEEBA7,DI_SPREAD,1.98,anbima,0,0,,,,,,18617638,18617638,0.0
2026-07-13,CIEL18,DI_SPREAD,2.31,anbima,0,0,,,,,,27747386,27747386,0.0
2026-07-13,ACRC21,IPCA_SPREAD,6.79,anbima,0,0,,,,,,39090839,39090839,0.0
2026-07-13,CEEBB7,IPCA_SPREAD,5.17,anbima,0,0,,,,,,31293469,31293469,0.0
2026-07-13,TFLE19,DI_SPREAD,2.96,anbima,0,0,,,,,,18501748,18501748,0.0
2026-07-13,HVSP11,IPCA_SPREAD,4.90,anbima,0,0,,,,,,10828143,10828143,0.0
2026-07-13,VALEC1,IPCA_SPREAD,6.64,anbima,2214549,6,1037.7455,7.1095,B35,-91,B35 −91bps,21425449,16996352,20.7
2026-07-13,LORTB2,DI_SPREAD,2.01,anbima,0,0,,,,,,82167470,82167470,0.0
2026-07-13,RENTD9,DI_SPREAD,2.83,anbima,0,0,,,,,,18699882,18699882,0.0
2026-07-13,RENTC8,DI_SPREAD,2.08,anbima,0,0,,,,,,42062158,42062158,0.0
2026-07-13,ANHBA6,DI_SPREAD,3.91,anbima,2574801,1,1066.1701,0.6093,CDI,0.6093,CDI +0.61%,38080790,32931189,13.5
2026-07-13,ERDVB3,DI_SPREAD,2.49,anbima,0,0,,,,,,10006491,10006491,0.0
2026-07-13,HYPEB1,DI_SPREAD,3.31,anbima,0,0,,,,,,20425438,20425438,0.0
2026-07-13,CSED23,,4.44,0.70xprazo,0,0,,,,,,20475808,20475808,0.0
2026-07-13,BCPSA4,DI_SPREAD,0.53,anbima,0,0,,,,,,49933459,49933459,0.0
2026-07-13,ENEV38,DI_SPREAD,2.12,anbima,2489768,1,1095.3666,0.8400,CDI,0.84,CDI +0.84%,12469659,7490122,39.9
2026-07-13,PFOR16,DI_SPREAD,2.77,anbima,0,0,,,,,,12054492,12054492,0.0
2026-07-13,SBSPC1,DI_SPREAD,4.10,anbima,0,0,,,,,,11600096,11600096,0.0
2026-07-13,ASAIA0,DI_SPREAD,2.04,anbima,0,0,,,,,,13640201,13640201,0.0
2026-07-13,NTSD36,DI_SPREAD,4.05,anbima,0,0,,,,,,13500009,13500009,0.0
2026-07-13,RNDNA2,DI_SPREAD,2.88,anbima,0,0,,,,,,10282075,10282075,0.0
2026-07-14,BCPSA5,IPCA_SPREAD,2.41,anbima,675009,1,1085.2233,7.7620,B29,-63,B29 −63bps,331050832,329700814,0.4
2026-07-14,RIGEA3,IPCA_SPREAD,2.13,anbima,740428,1,1160.5456,7.9650,B28,-43,B28 −43bps,234040302,232559445,0.6
2026-07-14,CPGTC0,IPCA_SPREAD,6.10,anbima,0,0,,,,,,14591174,14591174,0.0
2026-07-14,TUPW11,DI_SPREAD,3.05,anbima,0,0,,,,,,20283391,20283391,0.0
2026-07-14,SBSPB1,DI_SPREAD,2.98,anbima,6458,2,1076.3944,0.5536,CDI,0.5536,CDI +0.55%,19434368,19421451,0.1
2026-07-14,ADPD21,,0.96,0.70xprazo,0,0,,,,,,15891060,15891060,0.0
2026-07-14,CSANA2,DI_SPREAD,2.49,anbima,0,0,,,,,,19419755,19419755,0.0
2026-07-14,GSHC17,DI_SPREAD,1.88,anbima,500484,1,1053.6507,2.5000,CDI,2.5,CDI +2.50%,21248890,20247922,4.7
2026-07-14,PFOR16,DI_SPREAD,2.77,anbima,675234,1,1076.9279,1.4041,CDI,1.4041,CDI +1.40%,12866096,11515628,10.5
2026-07-14,RMSA12,IPCA_SPREAD,7.00,anbima,0,0,,,,,,10448496,10448496,0.0
2026-07-14,ENGIC0,IPCA_SPREAD,7.99,anbima,4994680,3,993.1756,8.0796,B37,13,B37 +13bps,10593328,603968,94.3
2026-07-14,HYPEB1,DI_SPREAD,3.31,anbima,0,0,,,,,,20585414,20585414,0.0
2026-07-14,BTGH18,DI_SPREAD,2.00,anbima,925898,2,1021.9622,1.1327,CDI,1.1327,CDI +1.13%,10010030,8158234,18.5
2026-07-14,CLAG13,IPCA_SPREAD,1.41,anbima,5017810,2,1302.6505,9.4689,B28,108,B28 +108bps,10566093,530474,95.0
2026-07-14,AURP12,IPCA_SPREAD,5.83,anbima,4707370,2,1042.8378,8.0030,B33,-18,B33 −18bps,19004630,9589890,49.5
2026-07-14,MGPRA0,IPCA_SPREAD,7.73,anbima,10842362,2,1033.7874,,,,,33305505,11620781,65.1
2026-07-14,ELET17,DI_SPREAD,4.86,anbima,12325,1,1027.1219,0.7809,CDI,0.7809,CDI +0.78%,28997997,28973346,0.1
2026-07-14,ENEVC0,DI_SPREAD,2.23,anbima,79423,1,1045.0410,0.6180,CDI,0.618,CDI +0.62%,56417262,56258415,0.3
2026-07-14,CESPA4,DI_SPREAD,3.76,anbima,0,0,,,,,,10497884,10497884,0.0
2026-07-14,CIEL18,DI_SPREAD,2.31,anbima,0,0,,,,,,10280620,10280620,0.0
2026-07-14,CLCD18,DI_SPREAD,3.00,anbima,0,0,,,,,,10600905,10600905,0.0
2026-07-14,FLRY19,DI_SPREAD,1.97,anbima,0,0,,,,,,20503735,20503735,0.0
2026-07-14,MILS29,DI_SPREAD,3.52,anbima,4066,2,1016.4049,1.2179,CDI,1.2179,CDI +1.22%,10011781,10003650,0.1
2026-07-14,UHSM11,,2.34,0.70xprazo,0,0,,,,,,886985952,886985952,0.0
2026-07-14,RDORF8,DI_SPREAD,4.82,anbima,2705566,3,1023.6723,1.1298,CDI,1.1298,CDI +1.13%,33415552,28004420,16.2
2026-07-14,CSED23,,4.44,0.70xprazo,0,0,,,,,,10037093,10037093,0.0
2026-07-14,XPPO11,,1.90,0.70xprazo,0,0,,,,,,18674422,18674422,0.0
2026-07-14,ELTN19,DI_SPREAD,4.18,anbima,2216764,4,1023.9093,0.6426,CDI,0.6426,CDI +0.64%,81291627,76858099,5.5
2026-07-14,CEEDA1,DI_SPREAD,3.88,anbima,7117621,2,1027.0737,0.8122,CDI,0.8122,CDI +0.81%,17236606,3001365,82.6
2026-07-14,EGIED1,DI_SPREAD,1.59,anbima,0,0,,,,,,30114686,30114686,0.0
2026-07-14,CHSF24,DI_SPREAD,4.36,anbima,0,0,,,,,,20069530,20069530,0.0
2026-07-14,SBSPM8,DI_SPREAD,4.81,anbima,94053,3,1056.7804,0.6480,CDI,0.648,CDI +0.65%,18054413,17866306,1.0
2026-07-14,AGUP21,,0.96,0.70xprazo,0,0,,,,,,48499556,48499556,0.0
2026-07-14,RDORC4,DI_SPREAD,1.04,anbima,0,0,,,,,,13338377,13338377,0.0
2026-07-15,CONX12,IPCA_SPREAD,1.35,anbima,0,0,,,,,,59313032,59313032,0.0
2026-07-15,CSNAA2,DI_SPREAD,0.82,anbima,218689,1,918.8609,14.4998,CDI,14.4998,CDI +14.50%,14128246,13690869,3.1
2026-07-15,ECRD14,IPCA_SPREAD,8.55,anbima,0,0,,,,,,10990405,10990405,0.0
2026-07-15,UHSM12,IPCA_SPREAD,6.67,anbima,0,0,,,,,,13585964,13585964,0.0
2026-07-15,CGOSA2,IPCA_SPREAD,7.25,anbima,0,0,,,,,,15410892,15410892,0.0
2026-07-15,ERDVA6,DI_SPREAD,3.07,anbima,1681639,4,1011.2078,0.8507,CDI,0.8507,CDI +0.85%,14581808,11218531,23.1
2026-07-15,AESOA1,IPCA_SPREAD,5.30,anbima,10489027,2,1048.9027,8.1004,B33,-6,B33 −6bps,31254918,10276864,67.1
2026-07-15,AXIA19,IPCA_SPREAD,6.94,0.70xprazo,11674225,6,1019.8502,7.7350,B37,-19,B37 −19bps,40295175,16946725,57.9
2026-07-15,ELTN19,DI_SPREAD,4.18,anbima,5120542,1,1024.1085,0.6385,CDI,0.6385,CDI +0.64%,42920347,32679262,23.9
2026-07-15,ENGIC4,DI_SPREAD,3.79,anbima,0,0,,,,,,17958249,17958249,0.0
2026-07-15,ANHBA5,DI_SPREAD,2.92,anbima,70774,1,1025.7058,0.5175,CDI,0.5175,CDI +0.52%,18209725,18068178,0.8
2026-07-15,MRSAB3,IPCA_SPREAD,8.63,anbima,4965642,2,983.6851,7.6064,B40,0,B40 +0bps,20833199,10901915,47.7
2026-07-15,VALEB1,IPCA_SPREAD,4.79,anbima,24332,2,1057.9070,6.9636,B32,-120,B32 −120bps,124902795,124854131,0.0
2026-07-15,HARG11,IPCA_SPREAD,5.00,anbima,213542,4,1057.1382,8.8477,B32,69,B32 +69bps,12550238,12123155,3.4
2026-07-15,BRKP28,IPCA_SPREAD,5.15,anbima,0,0,,,,,,11241253,11241253,0.0
2026-07-15,CMGDB0,IPCA_SPREAD,5.25,anbima,1049,1,1049.3211,7.8655,B33,-29,B33 −29bps,12112568,12110469,0.0
2026-07-15,CPLD29,IPCA_SPREAD,5.76,anbima,0,0,,,,,,21413372,21413372,0.0
2026-07-15,VERTL6,,1.12,0.70xprazo,36305,1,1037.2778,,,,,14697903,14625293,0.5
2026-07-15,CESE32,IPCA_SPREAD,3.14,anbima,8066,1,1152.3529,8.0585,B30,-24,B30 −24bps,11841427,11825294,0.1
2026-07-15,BHSA11,IPCA_SPREAD,7.17,anbima,0,0,,,,,,26223098,26223098,0.0
2026-07-15,AXIA18,IPCA_SPREAD,5.21,anbima,1273578,5,1021.3134,7.4561,B32,-70,B32 −70bps,14758112,12210956,17.3
2026-07-15,VBBRA0,IPCA_SPREAD,5.74,anbima,0,0,,,,,,24386008,24386008,0.0
2026-07-15,CEEBD1,PREFIXADO,4.44,anbima,15258513,6,925.4875,14.0677,,,,69443809,38926784,43.9
2026-07-15,PEJA23,IPCA_SPREAD,5.35,anbima,28016,1,1037.6171,8.2230,B33,6,B33 +6bps,39601819,39545787,0.1
2026-07-15,EGIEA5,PREFIXADO,4.73,anbima,0,0,,,,,,190845074,190845074,0.0
2026-07-15,ELET17,DI_SPREAD,4.86,anbima,9289350,2,1032.1500,0.6960,CDI,0.696,CDI +0.70%,26951779,8373078,68.9
2026-07-15,LVTC22,DI_SPREAD,1.40,anbima,1764023,1,648.2995,5.7172,CDI,5.7172,CDI +5.72%,10288839,6760793,34.3
2026-07-15,ENGIB4,IPCA_SPREAD,2.94,anbima,47590208,2,1297.7968,7.9389,B29,-36,B29 −36bps,121350330,26169913,78.4
2026-07-15,RADLA0,DI_SPREAD,3.66,anbima,10049901,1,1041.4405,0.4493,CDI,0.4493,CDI +0.45%,20176575,76773,99.6
2026-07-15,BCPSA6,DI_SPREAD,1.89,anbima,0,0,,,,,,14560097,14560097,0.0
2026-07-15,STBP25,DI_SPREAD,3.24,anbima,0,0,,,,,,10581396,10581396,0.0
2026-07-15,CGASA4,IPCA_SPREAD,7.64,anbima,5998223,1,993.0833,7.7520,B37,-18,B37 −18bps,13329093,1332646,90.0
2026-07-15,NATUA3,DI_SPREAD,2.39,anbima,32682180,1,1000.0667,,,,,66364189,999830,98.5
2026-07-15,OVSAB1,DI_SPREAD,3.55,anbima,0,0,,,,,,11469270,11469270,0.0
2026-07-15,ENEVC0,DI_SPREAD,2.23,anbima,0,0,,,,,,10007465,10007465,0.0
2026-07-15,BCPSA5,IPCA_SPREAD,2.41,anbima,0,0,,,,,,14693218,14693218,0.0
2026-07-15,EQPAA0,DI_SPREAD,3.49,anbima,5046404,2,1043.5079,0.7711,CDI,0.7711,CDI +0.77%,22044457,11951649,45.8
2026-07-15,CPFPA5,IPCA_SPREAD,5.09,anbima,0,0,,,,,,34365772,34365772,0.0
2026-07-15,ILMN11,,5.21,0.70xprazo,0,0,,,,,,32854725,32854725,0.0
2026-07-15,AXS911,,8.52,0.70xprazo,0,0,,,,,,18030581,18030581,0.0
2026-07-15,AERS11,,9.12,0.70xprazo,0,0,,,,,,24034237,24034237,0.0
2026-07-15,AESLA7,IPCA_SPREAD,5.42,anbima,0,0,,,,,,11997143,11997143,0.0
2026-07-15,RAIZ14,DI_SPREAD,2.80,0.70xprazo,0,0,,,,,,73822521,73822521,0.0
2026-07-15,EGIED1,DI_SPREAD,1.59,anbima,0,0,,,,,,41730750,41730750,0.0
2026-07-15,ISPE13,DI_SPREAD,2.32,anbima,20019787,1,1021.4177,2.4500,CDI,2.45,CDI +2.45%,40039572,0,100.0
2026-07-15,LMTPB2,DI_SPREAD,3.04,anbima,0,0,,,,,,11037974,11037974,0.0
2026-07-15,LCAMC2,DI_SPREAD,2.87,anbima,0,0,,,,,,47573320,47573320,0.0
2026-07-15,ELPLC8,IPCA_SPREAD,2.87,anbima,0,0,,,,,,40143611,40143611,0.0
2026-07-15,EBENC1,DI_SPREAD,4.06,anbima,0,0,,,,,,14039339,14039339,0.0
2026-07-15,GTSA11,,4.84,0.70xprazo,0,0,,,,,,10744223,10744223,0.0
2026-07-15,ENMTF8,IPCA_SPREAD,6.88,anbima,0,0,,,,,,30429485,30429485,0.0
2026-07-16,CEEBD1,PREFIXADO,4.44,anbima,281627,4,941.8977,13.6221,,,,24256168,23692913,2.3
2026-07-16,TRPLB7,IPCA_SPREAD,8.23,anbima,42006,1,1024.5257,7.6197,B37,-32,B37 −32bps,11406529,11322518,0.7
2026-07-16,ECRD14,IPCA_SPREAD,8.55,anbima,10791069,1,1079.1069,,,,,32445390,10863253,66.5
2026-07-16,CGOSA2,IPCA_SPREAD,7.25,anbima,8565136,3,923.6639,8.1701,B37,23,B37 +23bps,34471137,17340866,49.7
2026-07-16,ERDVA4,IPCA_SPREAD,4.15,anbima,2000158,1,1032.6062,8.6910,B31,42,B31 +42bps,10190558,6190241,39.3
2026-07-16,MRSAB3,IPCA_SPREAD,8.63,anbima,4925323,1,985.0645,7.5890,B40,-4,B40 −4bps,15215072,5364427,64.7
2026-07-16,AXIA19,IPCA_SPREAD,6.94,0.70xprazo,0,0,,,,,,11491473,11491473,0.0
2026-07-16,CGASA4,IPCA_SPREAD,7.64,anbima,203582,1,993.0833,7.7520,B37,-19,B37 −19bps,12702313,12295149,3.2
2026-07-16,ENMTF8,IPCA_SPREAD,6.88,anbima,79392,1,956.5354,8.0735,B35,5,B35 +5bps,30115034,29956249,0.5
2026-07-16,AXIA18,IPCA_SPREAD,5.21,anbima,289707,3,1034.6676,7.1944,B32,-100,B32 −100bps,11218104,10638691,5.2
2026-07-16,LCAMC2,DI_SPREAD,2.87,anbima,0,0,,,,,,494361435,494361435,0.0
2026-07-16,VBBR18,DI_SPREAD,3.34,anbima,0,0,,,,,,10310548,10310548,0.0
2026-07-16,CHSF13,IPCA_SPREAD,4.17,anbima,1231990,5,1069.4358,7.7472,B31,-52,B31 −52bps,15400661,12936681,16.0
2026-07-16,MOVIA3,DI_SPREAD,0.56,anbima,384705,2,1062.7207,1.9665,CDI,1.9665,CDI +1.97%,10248405,9478995,7.5
2026-07-16,CSNAA2,DI_SPREAD,0.82,anbima,15003532,1,911.7917,15.7000,CDI,15.7,CDI +15.70%,32433258,2426195,92.5
2026-07-16,VBBRA0,IPCA_SPREAD,5.74,anbima,1134133,4,993.1116,8.1609,B33,-3,B33 −3bps,12429828,10161561,18.2
2026-07-16,VAMO14,DI_SPREAD,1.06,anbima,570280,1,1025.6829,3.8000,CDI,3.8,CDI +3.80%,12870006,11729447,8.9
2026-07-16,RAIZ12,,3.46,0.70xprazo,0,0,,,,,,22458040,22458040,0.0
2026-07-16,RAIZ13,IPCA_SPREAD,5.72,0.70xprazo,0,0,,,,,,25350508,25350508,0.0
2026-07-16,TUPY25,DI_SPREAD,3.30,anbima,8005411,1,964.5073,4.5000,CDI,4.5,CDI +4.50%,17209077,1198255,93.0
2026-07-16,AXIA28,IPCA_SPREAD,6.90,anbima,0,0,,,,,,10290509,10290509,0.0
2026-07-16,EGIEB5,IPCA_SPREAD,6.16,anbima,15046,2,1074.7142,7.5502,B35,-47,B35 −47bps,11633052,11602960,0.3
2026-07-16,IVIAA0,IPCA_SPREAD,5.67,anbima,16685,2,981.4794,9.2689,B33,108,B33 +108bps,11594037,11560667,0.3
2026-07-16,RMSA12,IPCA_SPREAD,7.00,anbima,3487267,3,1208.7582,9.7943,B35,177,B35 +177bps,13823760,6849225,50.5
2026-07-16,RSAN26,IPCA_SPREAD,7.59,anbima,1882366,1,941.1829,9.8773,B37,194,B37 +194bps,10667401,6902670,35.3
2026-07-16,CGOSB0,IPCA_SPREAD,6.70,anbima,2048,1,1023.7835,8.0987,B35,8,B35 +8bps,10432194,10428099,0.0
2026-07-16,TAEEA8,IPCA_SPREAD,4.50,anbima,3330270,1,1093.6847,7.6468,B31,-62,B31 −62bps,12329671,5669131,54.0
2026-07-16,UHSM12,IPCA_SPREAD,6.67,anbima,0,0,,,,,,10590042,10590042,0.0
2026-07-16,ERDVA6,DI_SPREAD,3.07,anbima,1013996,2,1011.9726,0.8495,CDI,0.8495,CDI +0.85%,18049196,16021203,11.2
2026-07-16,RDORG6,DI_SPREAD,3.92,anbima,0,0,,,,,,10713466,10713466,0.0
2026-07-16,VLIM15,IPCA_SPREAD,4.06,anbima,0,0,,,,,,11971987,11971987,0.0
2026-07-16,PALFB6,IPCA_SPREAD,5.66,anbima,0,0,,,,,,16952616,16952616,0.0
2026-07-16,RADLA0,DI_SPREAD,3.66,anbima,5002673,1,1042.0064,0.4492,CDI,0.4492,CDI +0.45%,10005346,0,100.0
2026-07-16,ENGIC4,DI_SPREAD,3.79,anbima,3903629,2,1050.4922,0.7100,CDI,0.71,CDI +0.71%,14659858,6852599,53.3
2026-07-16,SMFTC3,DI_SPREAD,4.73,anbima,0,0,,,,,,10360984,10360984,0.0
2026-07-16,VERTD2,,2.55,0.70xprazo,0,0,,,,,,28728595,28728595,0.0
2026-07-16,INEL12,DI_SPREAD,1.55,anbima,0,0,,,,,,21204394,21204394,0.0
2026-07-16,FORB11,,1.17,0.70xprazo,0,0,,,,,,50001160,50001160,0.0
2026-07-16,DASAB4,DI_SPREAD,0.68,anbima,0,0,,,,,,17932609,17932609,0.0
2026-07-16,BRMLB1,DI_SPREAD,4.31,anbima,0,0,,,,,,14998949,14998949,0.0
2026-07-17,RAIZ23,IPCA_SPREAD,9.21,0.70xprazo,0,0,,,,,,36939599,36939599,0.0
2026-07-17,INEL12,DI_SPREAD,1.55,anbima,14484,2,1034.5824,1.1450,CDI,1.145,CDI +1.14%,34205490,34176522,0.1
2026-07-17,BCPSA7,IPCA_SPREAD,6.45,anbima,3238287,1,996.3960,7.6235,B35,-37,B35 −37bps,33220608,26744034,19.5
2026-07-17,IMPA12,,1.11,0.70xprazo,0,0,,,,,,49999543,49999543,0.0
2026-07-17,LORTB2,DI_SPREAD,2.01,anbima,0,0,,,,,,1435318840,1435318840,0.0
2026-07-17,ENGIC4,DI_SPREAD,3.79,anbima,0,0,,,,,,11243065,11243065,0.0
2026-07-17,ERDVA6,DI_SPREAD,3.07,anbima,11026239,2,1012.5104,0.8405,CDI,0.8405,CDI +0.84%,26712484,4660007,82.6
2026-07-17,VALEA0,IPCA_SPREAD,6.35,anbima,646102,13,1055.7228,7.1770,B35,-81,B35 −81bps,26065219,24773014,5.0
2026-07-17,VAMO14,DI_SPREAD,1.06,anbima,0,0,,,,,,10787460,10787460,0.0
2026-07-17,CEEBD1,PREFIXADO,4.44,anbima,50181355,4,914.0668,14.4122,,,,142374469,42011758,70.5
2026-07-17,SUZBA0,IPCA_SPREAD,7.84,anbima,8363819,5,1076.8404,7.2884,B37,-61,B37 −61bps,22818239,6090600,73.3
2026-07-17,FLCLA9,IPCA_SPREAD,6.66,anbima,4500789,1,1000.1754,8.1300,B35,14,B35 +14bps,13499580,4498001,66.7
2026-07-17,VALEC1,IPCA_SPREAD,6.64,anbima,12110343,11,1037.1996,7.1414,B35,-85,B35 −85bps,33777562,9556877,71.7
2026-07-17,PASS14,DI_SPREAD,2.99,anbima,304720,1,1015.7339,0.7389,CDI,0.7389,CDI +0.74%,10355975,9746534,5.9
2026-07-17,IOCHA3,DI_SPREAD,2.15,anbima,0,0,,,,,,12609791,12609791,0.0
2026-07-17,CPLD26,IPCA_SPREAD,3.50,anbima,0,0,,,,,,12793562,12793562,0.0
2026-07-17,RMSA12,IPCA_SPREAD,7.00,anbima,60084,1,1178.1213,10.2085,B35,222,B35 +222bps,10259610,10139442,1.2
2026-07-17,CPGTC0,IPCA_SPREAD,6.10,anbima,0,0,,,,,,20465103,20465103,0.0
2026-07-17,ENMTF8,IPCA_SPREAD,6.88,anbima,21524018,1,956.6230,8.0753,B35,9,B35 +9bps,51583298,8535263,83.5
2026-07-17,MILS29,DI_SPREAD,3.52,anbima,12021848,1,1018.8007,1.2000,CDI,1.2,CDI +1.20%,25062139,1018442,95.9
2026-07-17,HAPVA0,DI_SPREAD,3.90,anbima,8998717,2,813.6272,7.1993,CDI,7.1993,CDI +7.20%,21724827,3727393,82.8
2026-07-17,SMFTC3,DI_SPREAD,4.73,anbima,0,0,,,,,,51646303,51646303,0.0
2026-07-17,EGIEA1,IPCA_SPREAD,5.13,anbima,0,0,,,,,,88984462,88984462,0.0
2026-07-17,ENGIC3,DI_SPREAD,2.73,anbima,0,0,,,,,,18215876,18215876,0.0
2026-07-17,RALM11,IPCA_SPREAD,8.27,anbima,4978903,1,1131.5689,,,,,46416289,36458482,21.5
2026-07-17,ENMTC5,IPCA_SPREAD,6.61,anbima,0,0,,,,,,35067297,35067297,0.0
2026-07-17,CEEBB7,IPCA_SPREAD,5.17,anbima,0,0,,,,,,10599336,10599336,0.0
2026-07-17,CEEBC0,,4.04,0.70xprazo,0,0,,,,,,54501913,54501913,0.0
2026-07-17,CPGT27,IPCA_SPREAD,3.69,anbima,0,0,,,,,,45170984,45170984,0.0
2026-07-17,AGUP11,,0.95,0.70xprazo,0,0,,,,,,30060208,30060208,0.0
2026-07-17,ENEVC0,DI_SPREAD,2.23,anbima,366198,1,1046.2791,0.6145,CDI,0.6145,CDI +0.61%,13934825,13202430,5.3
2026-07-17,GASC28,IPCA_SPREAD,8.02,anbima,5154,1,1030.8330,8.2237,B37,32,B37 +32bps,24878393,24868085,0.0
2026-07-17,ENMTA4,IPCA_SPREAD,3.66,anbima,0,0,,,,,,27643125,27643125,0.0
2026-07-17,BCPSA5,IPCA_SPREAD,2.41,anbima,0,0,,,,,,30361569,30361569,0.0
2026-07-17,MSGT12,IPCA_SPREAD,2.03,anbima,0,0,,,,,,10749991,10749991,0.0
2026-07-17,ENGIA6,IPCA_SPREAD,1.59,anbima,300169,1,1191.1482,7.7700,B28,-47,B28 −47bps,11931451,11331112,5.0
2026-07-17,VLIM18,IPCA_SPREAD,6.23,anbima,0,0,,,,,,10773435,10773435,0.0
2026-07-17,CEEDA1,DI_SPREAD,3.88,anbima,0,0,,,,,,20165985,20165985,0.0
2026-07-17,VALEB1,IPCA_SPREAD,4.79,anbima,0,0,,,,,,126518933,126518933,0.0
2026-07-17,RALM21,IPCA_SPREAD,8.27,anbima,0,0,,,,,,28537015,28537015,0.0
2026-07-17,RAIZ13,IPCA_SPREAD,5.71,0.70xprazo,0,0,,,,,,18567283,18567283,0.0
2026-07-17,ENMTC3,DI_SPREAD,2.81,anbima,0,0,,,,,,12341281,12341281,0.0
2026-07-17,CUTI11,IPCA_SPREAD,2.68,anbima,0,0,,,,,,12998232,12998232,0.0
2026-07-17,TCXR11,,5.81,0.70xprazo,0,0,,,,,,13500162,13500162,0.0
2026-07-17,DIXE12,,10.09,0.70xprazo,0,0,,,,,,14892646,14892646,0.0
2026-07-17,NRSK11,,8.53,0.70xprazo,0,0,,,,,,14216214,14216214,0.0
2026-07-17,PCHSA9,,2.87,0.70xprazo,0,0,,,,,,15215603,15215603,0.0
2026-07-17,VAMOA0,DI_SPREAD,1.69,anbima,0,0,,,,,,10046692,10046692,0.0
2026-07-17,VLIM17,IPCA_SPREAD,5.98,anbima,0,0,,,,,,14663633,14663633,0.0
2026-07-17,RENTQ8,,4.89,0.70xprazo,0,0,,,,,,10009494,10009494,0.0
2026-07-17,POTE11,IPCA_SPREAD,6.15,anbima,0,0,,,,,,10415155,10415155,0.0
2026-07-20,IMPA12,,1.10,0.70xprazo,0,0,,,,,,19000194,19000194,0.0
2026-07-20,RENTC8,DI_SPREAD,2.08,anbima,0,0,,,,,,1339107789,1339107789,0.0
2026-07-20,VBBR17,DI_SPREAD,3.28,anbima,0,0,,,,,,24004894,24004894,0.0
2026-07-20,CEEDA0,DI_SPREAD,3.58,anbima,8073493,1,1031.7562,0.7900,CDI,0.79,CDI +0.79%,30985958,14838973,52.1
2026-07-20,ISAED1,DI_SPREAD,4.84,anbima,0,0,,,,,,19869218,19869218,0.0
2026-07-20,POTE11,IPCA_SPREAD,6.15,anbima,957222,2,1022.6727,8.4431,B35,36,B35 +36bps,16491985,14577542,11.6
2026-07-20,AXIAB0,,6.99,0.70xprazo,9048496,2,1005.3884,0.7567,,,,32052003,13955012,56.5
2026-07-20,CEEBD1,PREFIXADO,4.44,anbima,18804,1,940.1957,13.7000,,,,11199967,11162359,0.3
2026-07-20,CMTR29,IPCA_SPREAD,3.01,anbima,16034439,2,1187.5603,7.9320,B29,-44,B29 −44bps,34508160,2439282,92.9
2026-07-20,MGSP25,,10.43,0.70xprazo,0,0,,,,,,20459942,20459942,0.0
2026-07-20,DASAB5,DI_SPREAD,1.92,anbima,0,0,,,,,,41581653,41581653,0.0
2026-07-20,ENGIC4,DI_SPREAD,3.79,anbima,0,0,,,,,,11929751,11929751,0.0
2026-07-20,NTSD26,DI_SPREAD,2.95,anbima,7422300,4,1081.4950,0.8444,CDI,0.8444,CDI +0.84%,27826095,12981495,53.3
2026-07-20,CONX12,IPCA_SPREAD,1.35,anbima,0,0,,,,,,50101847,50101847,0.0
2026-07-20,RCTE32,,2.52,0.70xprazo,0,0,,,,,,10620361,10620361,0.0
2026-07-20,RCTE22,,2.52,0.70xprazo,0,0,,,,,,26552447,26552447,0.0
2026-07-20,ANHBB6,IPCA_SPREAD,6.67,anbima,0,0,,,,,,60092421,60092421,0.0
2026-07-20,ORIG12,IPCA_SPREAD,4.84,anbima,4982994,1,990.6549,11.4380,B32,317,B32 +317bps,13636662,3670674,73.1
2026-07-20,ENTV13,IPCA_SPREAD,5.85,anbima,0,0,,,,,,11245828,11245828,0.0
2026-07-20,ENERB7,IPCA_SPREAD,6.62,anbima,73495,2,993.1785,8.2376,B35,16,B35 +16bps,10350619,10203629,1.4
2026-07-20,SUZB29,IPCA_SPREAD,5.60,anbima,0,0,,,,,,12365474,12365474,0.0
2026-07-20,HVSP11,IPCA_SPREAD,4.90,anbima,0,0,,,,,,40211001,40211001,0.0
2026-07-20,DASAC5,DI_SPREAD,3.57,anbima,8526790,1,1004.3333,2.9008,CDI,2.9008,CDI +2.90%,47201003,30147424,36.1
2026-07-20,CESE32,IPCA_SPREAD,3.14,anbima,0,0,,,,,,14124169,14124169,0.0
2026-07-20,ACRC21,IPCA_SPREAD,6.79,anbima,0,0,,,,,,26961448,26961448,0.0
2026-07-20,RENTC4,DI_SPREAD,1.98,anbima,0,0,,,,,,2142977254,2142977254,0.0
2026-07-20,ENERB6,PREFIXADO,4.08,anbima,0,0,,,,,,29196194,29196194,0.0
2026-07-20,RDOE18,IPCA_SPREAD,3.28,anbima,0,0,,,,,,68554486,68554486,0.0
2026-07-20,VIALA5,IPCA_SPREAD,3.69,anbima,0,0,,,,,,25162436,25162436,0.0
2026-07-20,EQPAA0,DI_SPREAD,3.49,anbima,0,0,,,,,,17864373,17864373,0.0
2026-07-20,CNLM17,DI_SPREAD,4.08,anbima,10445293,1,1044.5293,0.7993,CDI,0.7993,CDI +0.80%,20890584,0,100.0
2026-07-20,ITPO15,IPCA_SPREAD,5.78,anbima,5081525,1,1016.3049,8.2547,B33,6,B33 +6bps,10163050,0,100.0
2026-07-20,CAEC12,IPCA_SPREAD,6.42,anbima,15063081,2,1109.2107,8.2377,B35,16,B35 +16bps,38019395,7893233,79.2
2026-07-20,RADLA1,DI_SPREAD,3.97,anbima,0,0,,,,,,25037069,25037069,0.0
2026-07-20,AESLC2,IPCA_SPREAD,5.30,anbima,0,0,,,,,,30000266,30000266,0.0
2026-07-20,CSED13,,3.03,0.70xprazo,0,0,,,,,,15091528,15091528,0.0
2026-07-21,IFPT11,,5.01,0.70xprazo,0,0,,,,,,36008900,36008900,0.0
2026-07-21,PRLK11,,11.07,0.70xprazo,0,0,,,,,,24460335,24460335,0.0
2026-07-21,RDORF8,DI_SPREAD,4.82,anbima,34893802,1,1026.2883,1.1300,CDI,1.13,CDI +1.13%,167551671,97764066,41.7
2026-07-21,RENTC4,DI_SPREAD,1.98,anbima,0,0,,,,,,479250924,479250924,0.0
2026-07-21,JSMLA5,DI_SPREAD,2.67,anbima,2034385,2,987.0862,4.1305,CDI,4.1305,CDI +4.13%,20725879,16657110,19.6
2026-07-21,RADLA1,DI_SPREAD,3.97,anbima,0,0,,,,,,25027166,25027166,0.0
2026-07-21,CGOSA2,IPCA_SPREAD,7.25,anbima,6113783,2,919.7808,8.2547,B37,25,B37 +25bps,20532821,8305255,59.6
2026-07-21,SAELA7,IPCA_SPREAD,6.66,anbima,37915385,3,997.7208,8.1830,B35,3,B35 +3bps,75842736,11966,100.0
2026-07-21,DASAC5,DI_SPREAD,3.57,anbima,8035084,1,1004.3854,2.9000,CDI,2.9,CDI +2.90%,47467068,31396901,33.9
2026-07-21,ENTV13,IPCA_SPREAD,5.85,anbima,1286410,2,1101.3784,,,,,13317652,10744832,19.3
2026-07-21,PFOR16,DI_SPREAD,2.77,anbima,6028887,1,1004.8146,1.3600,CDI,1.36,CDI +1.36%,12057774,0,100.0
2026-07-21,EQPA19,IPCA_SPREAD,6.83,anbima,294537,2,1019.1585,7.6041,B35,-55,B35 −55bps,11925407,11336334,4.9
2026-07-21,QMCT14,IPCA_SPREAD,4.81,anbima,0,0,,,,,,10121539,10121539,0.0
2026-07-21,MRSAB3,IPCA_SPREAD,8.63,anbima,10048141,4,976.0215,7.7234,B40,-11,B40 −11bps,21698877,1602594,92.6
2026-07-21,VBBRA0,IPCA_SPREAD,5.74,anbima,27344339,4,986.4480,8.3064,B33,5,B33 +5bps,88905611,34216933,61.5
2026-07-21,PALFB6,IPCA_SPREAD,5.66,anbima,16341477,1,1089.4318,7.9243,B33,-33,B33 −33bps,38221540,5538586,85.5
2026-07-21,NTSDA1,IPCA_SPREAD,8.86,anbima,47813974,2,943.3741,7.5662,B40,-27,B40 −27bps,124315409,28687462,76.9
2026-07-21,AXIA28,IPCA_SPREAD,6.90,anbima,0,0,,,,,,16586530,16586530,0.0
2026-07-21,CMGDB2,IPCA_SPREAD,8.10,anbima,0,0,,,,,,12485035,12485035,0.0
2026-07-21,RENTQ8,,4.89,0.70xprazo,0,0,,,,,,29899117,29899117,0.0
2026-07-21,AXIA18,IPCA_SPREAD,5.21,anbima,11002643,4,1001.8797,7.8829,B32,-43,B32 −43bps,28019224,6013938,78.5
2026-07-21,CSED13,,3.02,0.70xprazo,0,0,,,,,,30179958,30179958,0.0
2026-07-21,ENERB7,IPCA_SPREAD,6.62,anbima,5624859,3,990.2920,8.2945,B35,14,B35 +14bps,46444389,35194671,24.2
2026-07-21,RDORD9,DI_SPREAD,0.01,0.70xprazo,0,0,,,,,,10120430,10120430,0.0
2026-07-21,NTSD26,DI_SPREAD,2.95,anbima,0,0,,,,,,18390250,18390250,0.0
2026-07-21,NTSDA2,DI_SPREAD,3.04,anbima,0,0,,,,,,17061572,17061572,0.0
2026-07-21,EGIEA6,IPCA_SPREAD,7.71,anbima,7001331,3,942.9402,7.6707,B37,-33,B37 −33bps,18909696,4907034,74.1
2026-07-21,EKTRA8,IPCA_SPREAD,3.98,anbima,0,0,,,,,,10164591,10164591,0.0
2026-07-21,VERTC2,,4.16,0.70xprazo,0,0,,,,,,199599864,199599864,0.0
2026-07-21,GSTS14,IPCA_SPREAD,4.03,anbima,0,0,,,,,,42183864,42183864,0.0
2026-07-21,CSNAA2,DI_SPREAD,0.82,anbima,196964,1,924.7144,14.3600,CDI,14.36,CDI +14.36%,16471985,16078057,2.4
2026-07-21,ASAIA1,DI_SPREAD,2.16,anbima,0,0,,,,,,10019379,10019379,0.0
2026-07-21,ACQU11,,0.16,0.70xprazo,0,0,,,,,,24231832,24231832,0.0
2026-07-21,RDORD3,DI_SPREAD,4.60,anbima,0,0,,,,,,23191908,23191908,0.0
2026-07-21,SOCS11,,10.26,0.70xprazo,0,0,,,,,,10097592,10097592,0.0
2026-07-21,IOCHA4,DI_SPREAD,1.49,anbima,0,0,,,,,,31423876,31423876,0.0
2026-07-21,VBBR18,DI_SPREAD,3.34,anbima,0,0,,,,,,11145954,11145954,0.0
2026-07-21,ISAED1,DI_SPREAD,4.84,anbima,0,0,,,,,,10665576,10665576,0.0
2026-07-21,ASAIA0,DI_SPREAD,2.04,anbima,0,0,,,,,,11466903,11466903,0.0
2026-07-21,AESLC2,IPCA_SPREAD,5.30,anbima,12215030,2,974.8627,7.9737,B33,-28,B33 −28bps,49973559,25543499,48.9
2026-07-21,VBBR17,DI_SPREAD,3.28,anbima,5149533,1,1029.9066,0.7500,CDI,0.75,CDI +0.75%,30893830,20594764,33.3
2026-07-21,BSA3A0,DI_SPREAD,2.80,anbima,180730,1,1050.7546,0.3684,CDI,0.3684,CDI +0.37%,11169867,10808407,3.2
2026-07-21,TIGR12,DI_SPREAD,2.59,anbima,5053465,1,1010.6929,1.5000,CDI,1.5,CDI +1.50%,10106930,0,100.0
2026-07-21,CDAR11,DI_SPREAD,0.62,anbima,0,0,,,,,,10110004,10110004,0.0
2026-07-21,VTEG24,,3.44,0.70xprazo,4057107,1,1014.2768,,,,,11157942,3043727,72.7
2026-07-21,ENEVA4,IPCA_SPREAD,7.02,anbima,7528494,1,941.0617,8.1137,B35,-4,B35 −4bps,15056987,0,100.0
2026-07-21,CPTM15,,5.35,0.70xprazo,0,0,,,,,,19999878,19999878,0.0
2026-07-22,CSNAA2,DI_SPREAD,0.82,anbima,6222970,1,909.3920,16.7000,CDI,16.7,CDI +16.70%,21228558,8782618,58.6
2026-07-22,TFLEA4,DI_SPREAD,2.00,anbima,0,0,,,,,,2076877578,2076877578,0.0
2026-07-22,VAMO34,IPCA_SPREAD,3.46,anbima,7040623,2,1033.1069,14.8880,B30,641,B30 +641bps,18403170,4321924,76.5
2026-07-22,VAMO33,IPCA_SPREAD,3.34,anbima,6249475,1,1035.3670,14.6710,B30,620,B30 +620bps,21460343,8961393,58.2
2026-07-22,DESK19,IPCA_SPREAD,4.50,anbima,11763312,2,1069.3920,8.1092,B31,-28,B31 −28bps,39987460,16460836,58.8
2026-07-22,RENTQ8,,4.89,0.70xprazo,0,0,,,,,,94825063,94825063,0.0
2026-07-22,VBBRA0,IPCA_SPREAD,5.74,anbima,7028428,5,982.5847,8.3919,B33,4,B33 +4bps,53619232,39562375,26.2
2026-07-22,ENERB7,IPCA_SPREAD,6.62,anbima,0,0,,,,,,15829905,15829905,0.0
2026-07-22,TIGR12,DI_SPREAD,2.59,anbima,5002944,1,1010.6958,1.5000,CDI,1.5,CDI +1.50%,11290965,1285077,88.6
2026-07-22,AESLC2,IPCA_SPREAD,5.30,anbima,20374108,1,970.1956,8.0798,B33,-27,B33 −27bps,70173587,29425372,58.1
2026-07-22,ENMTF8,IPCA_SPREAD,6.88,anbima,2178163,3,947.0272,8.2524,B35,2,B35 +2bps,14609558,10253233,29.8
2026-07-22,AXIA18,IPCA_SPREAD,5.21,anbima,497503,2,1007.0915,7.7804,B32,-61,B32 −61bps,17135787,16140780,5.8
2026-07-22,CGOSA2,IPCA_SPREAD,7.25,anbima,5976546,1,919.4687,8.2598,B37,19,B37 +19bps,18543662,6590569,64.5
2026-07-22,PALFB6,IPCA_SPREAD,5.66,anbima,5606200,3,1089.4287,7.9243,B33,-42,B33 −42bps,27391347,16178946,40.9
2026-07-22,EGIEA6,IPCA_SPREAD,7.71,anbima,40253724,6,935.2631,7.7903,B37,-28,B37 −28bps,143977084,63469636,55.9
2026-07-22,EKTRA8,IPCA_SPREAD,3.98,anbima,10030384,1,1003.0384,8.0983,B31,-29,B31 −29bps,20060769,1,100.0
2026-07-22,NTSDA1,IPCA_SPREAD,8.86,anbima,547006,4,944.7427,7.5486,B40,-34,B40 −34bps,48396088,47302076,2.3
2026-07-22,BSA3A0,DI_SPREAD,2.80,anbima,33642,2,1051.3193,0.3589,CDI,0.3589,CDI +0.36%,13089486,13022201,0.5
2026-07-22,JSMLA5,DI_SPREAD,2.67,anbima,0,0,,,,,,19925077,19925077,0.0
2026-07-22,APPSA2,IPCA_SPREAD,3.17,anbima,0,0,,,,,,16130425,16130425,0.0
2026-07-22,AXIA28,IPCA_SPREAD,6.90,anbima,0,0,,,,,,15746105,15746105,0.0
2026-07-22,DASAC5,DI_SPREAD,3.57,anbima,4353398,4,1005.6360,2.9012,CDI,2.9012,CDI +2.90%,25169556,16462760,34.6
2026-07-22,SUZBA0,IPCA_SPREAD,7.84,anbima,6740599,3,1061.8461,7.4974,B37,-57,B37 −57bps,22630992,9149794,59.6
2026-07-22,MGPRA0,IPCA_SPREAD,7.73,anbima,2710969,7,1024.5537,,,,,27917082,22495144,19.4
2026-07-22,SBSPF3,IPCA_SPREAD,8.18,anbima,111904,3,1097.0940,7.6191,B37,-45,B37 −45bps,10437186,10213379,2.1
2026-07-22,PETR28,IPCA_SPREAD,8.69,anbima,0,0,,,,,,10386924,10386924,0.0
2026-07-22,RDORD3,DI_SPREAD,4.60,anbima,0,0,,,,,,23275796,23275796,0.0
2026-07-22,RNDNA2,DI_SPREAD,2.88,anbima,76820032,1,1033.0411,2.1515,CDI,2.1515,CDI +2.15%,153640065,2,100.0
2026-07-22,MRSAB3,IPCA_SPREAD,8.63,anbima,10017890,1,972.6107,7.7720,B40,-12,B40 −12bps,20846545,810765,96.1
2026-07-22,AXIA19,IPCA_SPREAD,6.93,0.70xprazo,4031562,3,1007.8905,7.9635,B37,-10,B37 −10bps,30195739,22132615,26.7
2026-07-22,ELDC15,IPCA_SPREAD,5.98,anbima,388853,1,972.1329,9.3790,B33,103,B33 +103bps,10824399,10046693,7.2
2026-07-22,EGIEB4,IPCA_SPREAD,3.92,anbima,0,0,,,,,,29583040,29583040,0.0
2026-07-22,RDORF8,DI_SPREAD,4.82,anbima,35947473,1,1027.0707,1.1200,CDI,1.12,CDI +1.12%,86280807,14385861,83.3
2026-07-22,VERTB5,,2.21,0.70xprazo,0,0,,,,,,55888402,55888402,0.0
2026-07-22,ANIM18,DI_SPREAD,2.31,anbima,4597968,1,1023.8183,2.2300,CDI,2.23,CDI +2.23%,11123988,1928052,82.7
2026-07-22,AEGE17,DI_SPREAD,3.99,anbima,24428,1,904.7433,6.5000,CDI,6.5,CDI +6.50%,10214487,10165631,0.5
2026-07-22,MULTA5,DI_SPREAD,3.13,anbima,10035954,1,1039.9952,0.5000,CDI,0.5,CDI +0.50%,20071908,0,100.0
2026-07-22,IOCHA7,,2.77,0.70xprazo,0,0,,,,,,30464800,30464800,0.0
2026-07-22,GRRB17,,4.37,0.70xprazo,0,0,,,,,,21480900,21480900,0.0
2026-07-23,RESA14,IPCA_SPREAD,2.32,0.70xprazo,0,0,,,,,,32838499,32838499,0.0
2026-07-23,EGIEA6,IPCA_SPREAD,7.71,anbima,2463214,4,938.0101,7.7493,B37,-32,B37 −32bps,73026729,68100300,6.7
2026-07-23,BTGH18,DI_SPREAD,2.00,anbima,5374332,3,1026.4194,1.1004,CDI,1.1004,CDI +1.10%,16643311,5894647,64.6
2026-07-23,EUFA18,DI_SPREAD,1.80,anbima,3956882,1,1055.7315,0.8400,CDI,0.84,CDI +0.84%,14961620,7047857,52.9
2026-07-23,CMPH14,DI_SPREAD,5.27,0.70xprazo,0,0,,,,,,21017674,21017674,0.0
2026-07-23,VVEO15,DI_SPREAD,5.27,0.70xprazo,0,0,,,,,,502887675,502887675,0.0
2026-07-23,RENTD9,DI_SPREAD,2.83,anbima,0,0,,,,,,1237034967,1237034967,0.0
2026-07-23,ANIM18,DI_SPREAD,2.31,anbima,6598352,3,1023.9529,2.2289,CDI,2.2289,CDI +2.23%,14237915,1041211,92.7
2026-07-23,CGOS24,IPCA_SPREAD,3.64,anbima,0,0,,,,,,10086837,10086837,0.0
2026-07-23,EGIEB4,IPCA_SPREAD,3.92,anbima,21355213,1,1163.7718,7.7890,B31,-59,B31 −59bps,42710425,0,100.0
2026-07-23,AESLC2,IPCA_SPREAD,5.30,anbima,0,0,,,,,,40872914,40872914,0.0
2026-07-23,ERDVB4,IPCA_SPREAD,5.42,anbima,5126845,6,1014.8149,8.9341,B33,57,B33 +57bps,10591119,337430,96.8
2026-07-23,ISAEB8,IPCA_SPREAD,4.88,anbima,287469,1,1072.6472,7.7300,B32,-66,B32 −66bps,44505327,43930388,1.3
2026-07-23,DESK19,IPCA_SPREAD,4.50,anbima,0,0,,,,,,15139044,15139044,0.0
2026-07-23,MGPRA0,IPCA_SPREAD,7.73,anbima,2198726,4,1024.5694,,,,,28145227,23747775,15.6
2026-07-23,DASAC5,DI_SPREAD,3.57,anbima,6097312,4,1007.1543,2.8591,CDI,2.8591,CDI +2.86%,32300121,20105496,37.8
2026-07-23,JSMLA5,DI_SPREAD,2.67,anbima,1349004,6,986.1138,4.2032,CDI,4.2032,CDI +4.20%,12258700,9560692,22.0
2026-07-23,SIMH16,DI_SPREAD,2.65,anbima,1363079,4,987.0231,4.3160,CDI,4.316,CDI +4.32%,13859692,11133534,19.7
2026-07-23,DGCD11,,1.85,0.70xprazo,0,0,,,,,,48490471,48490471,0.0
2026-07-23,AXIA28,IPCA_SPREAD,6.90,anbima,3008128,2,1000.7079,7.5500,B35,-69,B35 −69bps,14104671,8088415,42.7
2026-07-23,VALEA0,IPCA_SPREAD,6.35,anbima,803139,8,1045.7540,7.3628,B35,-88,B35 −88bps,10354339,8748061,15.5
2026-07-23,SBSPF3,IPCA_SPREAD,8.18,anbima,74520,3,1095.8786,7.6381,B37,-43,B37 −43bps,10561834,10412794,1.4
2026-07-23,ELET14,IPCA_SPREAD,3.57,anbima,5075437,4,1111.8153,7.8543,B30,-61,B30 −61bps,16039864,5888990,63.3
2026-07-23,MRSAC2,IPCA_SPREAD,8.15,anbima,0,0,,,,,,20681427,20681427,0.0
2026-07-23,PCHSA2,,2.37,0.70xprazo,0,0,,,,,,16426503,16426503,0.0
2026-07-23,AEGE17,DI_SPREAD,3.99,anbima,3009054,4,955.2552,5.0633,CDI,5.0633,CDI +5.06%,18631146,12613038,32.3
2026-07-23,ELDC15,IPCA_SPREAD,5.98,anbima,0,0,,,,,,10066476,10066476,0.0
2026-07-23,ENEVB4,IPCA_SPREAD,8.85,anbima,0,0,,,,,,19406578,19406578,0.0
2026-07-23,MVLV16,,1.33,0.70xprazo,0,0,,,,,,14917892,14917892,0.0
2026-07-23,ENMTF8,IPCA_SPREAD,6.88,anbima,938802,1,938.8022,8.3995,B35,16,B35 +16bps,32387891,30510286,5.8
2026-07-23,ROTY13,IPCA_SPREAD,3.92,anbima,30080435,1,999.3500,8.0742,B31,-31,B31 −31bps,60222866,61996,99.9
2026-07-23,IFPT11,,5.00,0.70xprazo,0,0,,,,,,17914699,17914699,0.0
2026-07-23,PRLK11,,11.07,0.70xprazo,0,0,,,,,,51620759,51620759,0.0
2026-07-23,QUAT13,IPCA_SPREAD,3.62,anbima,813811,1,1005.9474,9.5068,B30,105,B30 +105bps,39767744,38140121,4.1
2026-07-23,CASN24,IPCA_SPREAD,3.08,anbima,0,0,,,,,,22183216,22183216,0.0
2026-07-23,IOCHA7,,2.77,0.70xprazo,0,0,,,,,,10159077,10159077,0.0
2026-07-23,TSSAA0,,1.18,0.70xprazo,0,0,,,,,,16948911,16948911,0.0
2026-07-23,MULTA5,DI_SPREAD,3.13,anbima,5098625,1,1040.5358,0.5008,CDI,0.5008,CDI +0.50%,10263678,66428,99.4
2026-07-23,CSMGD2,DI_SPREAD,3.94,anbima,25840241,1,1012.1520,0.7500,CDI,0.75,CDI +0.75%,51680481,0,100.0
2026-07-23,MNRVA1,DI_SPREAD,0.23,anbima,125972,1,1041.0900,1.6825,CDI,1.6825,CDI +1.68%,29097184,28845240,0.9
2026-07-23,COMT11,IPCA_SPREAD,3.78,anbima,5067504,1,1013.5007,8.1273,B30,-33,B30 −33bps,14691427,4556420,69.0
2026-07-23,SMFTA2,DI_SPREAD,2.75,anbima,5061934,1,1054.5696,0.7200,CDI,0.72,CDI +0.72%,10123868,0,100.0
2026-07-23,CEEDA0,DI_SPREAD,3.58,anbima,5072331,1,1035.1696,0.7600,CDI,0.76,CDI +0.76%,10144662,0,100.0
2026-07-23,QUAT16,,4.48,0.70xprazo,6872795,1,1053.6249,9.5388,,,,13745590,0,100.0
2026-07-24,TFLEA3,DI_SPREAD,2.06,anbima,0,0,,,,,,737235648,737235648,0.0
2026-07-24,VALEB1,IPCA_SPREAD,4.79,anbima,600154,2,1040.1275,7.3913,B32,-92,B32 −92bps,41391961,40191654,2.9
2026-07-24,QUAT13,IPCA_SPREAD,3.62,anbima,30687090,2,1006.0022,9.5051,B30,114,B30 +114bps,94623798,33249619,64.9
2026-07-24,ENMTF8,IPCA_SPREAD,6.88,anbima,0,0,,,,,,23444096,23444096,0.0
2026-07-24,QUAT16,,4.48,0.70xprazo,0,0,,,,,,33888492,33888492,0.0
2026-07-24,MRSAA3,IPCA_SPREAD,4.92,anbima,10227547,1,1022.7546,7.8210,B32,-49,B32 −49bps,20455094,1,100.0
2026-07-24,ROTY13,IPCA_SPREAD,3.92,anbima,0,0,,,,,,30070329,30070329,0.0
2026-07-24,CEEBD1,PREFIXADO,4.44,anbima,646954,12,925.5415,14.1547,,,,66674185,65380278,1.9
2026-07-24,JSMLA5,DI_SPREAD,2.67,anbima,1739196,6,985.3803,4.2564,CDI,4.2564,CDI +4.26%,20601103,17122711,16.9
2026-07-24,RIPR22,IPCA_SPREAD,3.51,anbima,0,0,,,,,,33287549,33287549,0.0
2026-07-24,ENTV12,IPCA_SPREAD,2.28,anbima,17008,1,1417.2948,8.5600,B29,24,B29 +24bps,20068910,20034895,0.2
2026-07-24,SIMH16,DI_SPREAD,2.65,anbima,2532475,2,988.8617,4.2516,CDI,4.2516,CDI +4.25%,17801501,12736552,28.5
2026-07-24,RDORE4,DI_SPREAD,4.65,anbima,0,0,,,,,,11808066,11808066,0.0
2026-07-24,EUFA17,DI_SPREAD,2.73,anbima,0,0,,,,,,20069994,20069994,0.0
2026-07-24,AXIA18,IPCA_SPREAD,5.21,anbima,0,0,,,,,,10674815,10674815,0.0
2026-07-24,CVCB14,DI_SPREAD,0.91,anbima,0,0,,,,,,14083589,14083589,0.0
2026-07-24,RUMOA2,IPCA_SPREAD,1.44,anbima,4347390,1,1432.8906,8.7270,B28,21,B28 +21bps,13605070,4910290,63.9
2026-07-24,TAEEB8,IPCA_SPREAD,5.98,anbima,0,0,,,,,,73112235,73112235,0.0
2026-07-24,ALGTA6,DI_SPREAD,3.90,anbima,0,0,,,,,,11721923,11721923,0.0
2026-07-24,CEEDA1,DI_SPREAD,3.88,anbima,0,0,,,,,,11350156,11350156,0.0
2026-07-24,BRMLB1,DI_SPREAD,4.31,anbima,0,0,,,,,,17393304,17393304,0.0
2026-07-24,ELET17,DI_SPREAD,4.86,anbima,0,0,,,,,,13544784,13544784,0.0
2026-07-24,ENGIC4,DI_SPREAD,3.79,anbima,0,0,,,,,,12663856,12663856,0.0
2026-07-24,GGBRA9,DI_SPREAD,4.03,anbima,0,0,,,,,,30138585,30138585,0.0
2026-07-24,COGNA4,DI_SPREAD,2.30,anbima,0,0,,,,,,11400256,11400256,0.0
2026-07-24,CNLM17,DI_SPREAD,4.08,anbima,0,0,,,,,,14231363,14231363,0.0
2026-07-24,QYAN11,DI_SPREAD,3.35,anbima,0,0,,,,,,13516614,13516614,0.0
2026-07-24,ISAED1,DI_SPREAD,4.84,anbima,0,0,,,,,,26363935,26363935,0.0
2026-07-24,INEL12,DI_SPREAD,1.55,anbima,0,0,,,,,,24678124,24678124,0.0
2026-07-24,NATUA3,DI_SPREAD,2.39,anbima,0,0,,,,,,16083281,16083281,0.0
2026-07-24,SBSPM8,DI_SPREAD,4.81,anbima,0,0,,,,,,23233176,23233176,0.0
2026-07-24,RDORF8,DI_SPREAD,4.82,anbima,0,0,,,,,,31914464,31914464,0.0
2026-07-24,SMFTC3,DI_SPREAD,4.73,anbima,0,0,,,,,,11560328,11560328,0.0
2026-07-24,SBSPE7,DI_SPREAD,4.86,anbima,0,0,,,,,,16957633,16957633,0.0
2026-07-24,RDORI6,DI_SPREAD,5.57,anbima,0,0,,,,,,11670592,11670592,0.0
2026-07-24,SUZBB1,DI_SPREAD,4.54,anbima,0,0,,,,,,34038107,34038107,0.0
2026-07-24,TBSP22,DI_SPREAD,3.85,anbima,0,0,,,,,,13450703,13450703,0.0
2026-07-24,NEOE16,IPCA_SPREAD,1.80,anbima,9105522,1,1378.1628,8.0760,B28,-44,B28 −44bps,19222815,1011771,94.7
2026-07-24,ELET24,DI_SPREAD,1.42,anbima,5319,1,1063.8268,0.9597,CDI,0.9597,CDI +0.96%,28241827,28231189,0.0
2026-07-24,ELFA12,DI_SPREAD,3.77,0.70xprazo,0,0,,,,,,10000389,10000389,0.0
2026-07-24,ASER12,IPCA_SPREAD,7.01,anbima,0,0,,,,,,10276898,10276898,0.0
2026-07-24,MNRVA1,DI_SPREAD,0.23,anbima,371887,1,1041.6993,1.6853,CDI,1.6853,CDI +1.69%,29590293,28846520,2.5
2026-07-24,PALFA6,DI_SPREAD,2.44,anbima,0,0,,,,,,18370062,18370062,0.0
2026-07-24,GSHC17,DI_SPREAD,1.88,anbima,14281383,1,1052.8111,2.8000,CDI,2.8,CDI +2.80%,28668028,105263,99.6
2026-07-24,CSAN24,DI_SPREAD,3.35,anbima,0,0,,,,,,25655591,25655591,0.0
2026-07-24,SOCS11,,10.25,0.70xprazo,0,0,,,,,,21998116,21998116,0.0
2026-07-24,DASAC5,DI_SPREAD,3.57,anbima,0,0,,,,,,20146978,20146978,0.0
2026-07-24,EATEA2,,2.18,0.70xprazo,0,0,,,,,,14534636,14534636,0.0
2026-07-24,FLRY36,DI_SPREAD,1.74,anbima,0,0,,,,,,20446764,20446764,0.0
2026-07-24,SAPRB4,DI_SPREAD,2.80,anbima,0,0,,,,,,17042745,17042745,0.0
2026-07-24,HYPEC0,DI_SPREAD,2.69,anbima,0,0,,,,,,15126661,15126661,0.0
2026-07-24,TAEEA5,DI_SPREAD,2.16,anbima,0,0,,,,,,12064586,12064586,0.0
2026-07-24,SUZBA1,DI_SPREAD,3.73,anbima,0,0,,,,,,16240870,16240870,0.0
2026-07-24,CHSF24,DI_SPREAD,4.36,anbima,0,0,,,,,,11119106,11119106,0.0
2026-07-24,TBSP12,DI_SPREAD,2.77,anbima,0,0,,,,,,12573851,12573851,0.0
2026-07-24,BSA319,DI_SPREAD,3.09,anbima,0,0,,,,,,11317345,11317345,0.0
2026-07-24,SBSPD7,DI_SPREAD,3.96,anbima,0,0,,,,,,19708332,19708332,0.0
2026-07-24,ISAEB1,DI_SPREAD,2.82,anbima,0,0,,,,,,19319895,19319895,0.0
2026-07-24,CMGDA4,IPCA_SPREAD,7.26,anbima,0,0,,,,,,99567525,99567525,0.0
2026-07-24,BHIAB1,,1.34,0.70xprazo,0,0,,,,,,19952408,19952408,0.0
2026-07-24,CSAN23,DI_SPREAD,2.90,anbima,0,0,,,,,,17505855,17505855,0.0
2026-07-24,VIALA5,IPCA_SPREAD,3.69,anbima,0,0,,,,,,14981699,14981699,0.0
2026-07-24,DESK19,IPCA_SPREAD,4.50,anbima,0,0,,,,,,14046448,14046448,0.0
2026-07-24,CEPEA6,PREFIXADO,4.03,anbima,0,0,,,,,,123620041,123620041,0.0
2026-07-24,CEEBC0,,4.03,0.70xprazo,0,0,,,,,,49700514,49700514,0.0
2026-07-24,EXSE13,,1.17,0.70xprazo,0,0,,,,,,20000000,20000000,0.0
2026-07-24,ENMTD9,,6.98,0.70xprazo,20469240,1,974.7257,,,,,40938479,0,100.0
2026-07-27,BTGH18,DI_SPREAD,2.00,anbima,3539262,3,1027.6602,1.1001,CDI,1.1001,CDI +1.10%,20245187,13166664,35.0
2026-07-27,SIMH16,DI_SPREAD,2.65,anbima,2014298,2,995.6987,4.0046,CDI,4.0046,CDI +4.00%,14292667,10264070,28.2
2026-07-27,EKTRA8,IPCA_SPREAD,3.98,anbima,16589330,1,1000.6231,8.1970,B31,-10,B31 −10bps,39204120,6025459,84.6
2026-07-27,CEEBD1,PREFIXADO,4.44,anbima,262761,7,925.2144,14.1788,,,,58225558,57700036,0.9
2026-07-27,CESE32,IPCA_SPREAD,3.14,anbima,344039,2,1154.4920,8.0988,B30,-27,B30 −27bps,17228221,16540144,4.0
2026-07-27,CGOS28,IPCA_SPREAD,6.40,anbima,5078764,1,1015.7528,8.2985,B35,13,B35 +13bps,10262367,104839,99.0
2026-07-27,AXIA18,IPCA_SPREAD,5.21,anbima,4622576,5,1007.3166,7.7999,B32,-51,B32 −51bps,13752293,4507142,67.2
2026-07-27,NTSDA1,IPCA_SPREAD,8.86,anbima,15093546,1,943.3466,7.5808,B40,-27,B40 −27bps,30187090,0,100.0
2026-07-27,DASAC5,DI_SPREAD,3.57,anbima,0,0,,,,,,43090965,43090965,0.0
2026-07-27,VBBRA0,IPCA_SPREAD,5.74,anbima,20386926,1,982.8340,8.4120,B33,14,B33 +14bps,45913774,5139923,88.8
2026-07-27,SBSPD2,DI_SPREAD,0.13,anbima,0,0,,,,,,47047485,47047485,0.0
2026-07-27,AEGE16,DI_SPREAD,3.30,anbima,0,0,,,,,,10150530,10150530,0.0
2026-07-27,EQPAA1,IPCA_SPREAD,7.25,anbima,0,0,,,,,,130067257,130067257,0.0
2026-07-27,AEGPB5,DI_SPREAD,3.22,anbima,0,0,,,,,,10201853,10201853,0.0
2026-07-27,PFOR16,DI_SPREAD,2.77,anbima,201545,1,1007.7248,1.3600,CDI,1.36,CDI +1.36%,10631197,10228107,3.8
2026-07-27,INEL12,DI_SPREAD,1.55,anbima,0,0,,,,,,30067557,30067557,0.0
2026-07-27,CEEBE3,IPCA_SPREAD,3.99,anbima,0,0,,,,,,36319049,36319049,0.0
2026-07-27,RDORF8,DI_SPREAD,4.82,anbima,146160,1,1029.2969,1.1163,CDI,1.1163,CDI +1.12%,50150440,49858120,0.6
2026-07-27,RDORD3,DI_SPREAD,4.60,anbima,20012296,1,1064.2008,1.1007,CDI,1.1007,CDI +1.10%,60016774,19992182,66.7
2026-07-27,MEZT11,,12.40,0.70xprazo,0,0,,,,,,21505956,21505956,0.0
2026-07-27,VAMO14,DI_SPREAD,1.06,anbima,0,0,,,,,,10111644,10111644,0.0
2026-07-27,CSMGD2,DI_SPREAD,3.94,anbima,0,0,,,,,,20309733,20309733,0.0
2026-07-27,HAPV19,DI_SPREAD,3.69,anbima,24550,1,818.3321,7.3039,CDI,7.3039,CDI +7.30%,21000728,20951628,0.2
2026-07-27,CNLM17,DI_SPREAD,4.08,anbima,10010991,1,1048.2713,0.7792,CDI,0.7792,CDI +0.78%,20021983,0,100.0
2026-07-27,CLCD16,DI_SPREAD,1.17,anbima,10007601,1,1040.8321,0.8000,CDI,0.8,CDI +0.80%,20015201,0,100.0
2026-07-27,WNTY12,IPCA_SPREAD,4.52,anbima,0,0,,,,,,14981950,14981950,0.0
2026-07-27,CSRNA1,IPCA_SPREAD,1.79,anbima,23215227,1,1128.7610,8.0210,B28,-50,B28 −50bps,46430455,0,100.0
