Ativo,Data,Taxa Minima,Taxa Media,Taxa Maxima,PU Medio,Faixa de Volume
"AEAB11","2026-07-24","8,51","8,61","9,19","1097,520734","Entre 1MM e 5MM"
"AEGE17","2026-07-24","3,82","5,42","7,10","942,789696","Entre 1MM e 5MM"
"AEGPA0","2026-07-24","17,46","18,76","21,15","991,924839","Entre 1MM e 5MM"
"AEGPA4","2026-07-24","3,09","3,37","3,90","1039,731997","Até 1MM"
"AESLB7","2026-07-24","7,25","7,60","7,85","1012,600705","Até 1MM"
"AESOA1","2026-07-24","8,34","8,47","8,60","1032,116047","Entre 1MM e 5MM"
"AGRU12","2026-07-24","20,40","20,41","20,43","788,670986","Até 1MM"
"AGVF12","2026-07-24","9,47","9,69","9,92","792,212729","Até 1MM"
"ALGTA4","2026-07-24","8,49","9,32","9,59","1007,253853","Até 1MM"
"ALIG12","2026-07-24","7,50","7,79","8,10","641,918838","Até 1MM"
"ALIG13","2026-07-24","8,13","8,37","8,77","851,339298","Até 1MM"
"ANHBB6","2026-07-24","7,54","7,71","7,98","1004,917831","Até 1MM"
"ANIM17","2026-07-24","2,11","2,13","2,16","1019,014597","Entre 1MM e 5MM"
"ANIM18","2026-07-24","2,19","2,32","2,39","1022,653746","Entre 1MM e 5MM"
"ARTR19","2026-07-24","9,22","9,43","9,51","1395,450194","Até 1MM"
"ARTRA1","2026-07-24","1,57","1,74","1,79","352,438184","Até 1MM"
"ARTRB8","2026-07-24","15,17","15,43","15,77","974,169015","Até 1MM"
"ASAI19","2026-07-24","1,74","1,77","2,06","1039,705904","Até 1MM"
"ASAIA1","2026-07-24","1,73","1,81","1,84","1037,355648","Entre 1MM e 5MM"
"ASCP23","2026-07-24","8,60","8,64","8,91","1165,290583","Até 1MM"
"AURE12","2026-07-24","8,31","8,34","8,36","1019,995966","Até 1MM"
"AURP12","2026-07-24","7,55","8,34","8,63","1026,755813","Entre 1MM e 5MM"
"AXIA18","2026-07-24","7,10","7,67","8,07","1012,886853","Superior a 5MM"
"AXIA28","2026-07-24","7,28","7,56","7,78","999,674454","Superior a 5MM"
"AXIA38","2026-07-24","7,05","7,37","7,77","997,321419","Entre 1MM e 5MM"
"BLMN12","2026-07-24","7,10","7,80","7,81","989,379278","Até 1MM"
"BRKMA6","2026-07-24","66,10","66,21","66,33","370,653046","Até 1MM"
"BRKMA8","2026-07-24","62,52","62,63","62,75","349,240979","Até 1MM"
"BRKPA0","2026-07-24","2,40","2,47","2,67","407,588295","Até 1MM"
"BRST15","2026-07-24","8,68","8,69","8,70","1018,462472","Entre 1MM e 5MM"
"BTEL13","2026-07-24","14,80","15,55","17,98","1022,320990","Até 1MM"
"BTGH18","2026-07-24","1,06","1,07","1,12","1027,515523","Entre 1MM e 5MM"
"BTGL11","2026-07-24","13,70","13,75","14,30","981,056500","Até 1MM"
"BTGL21","2026-07-24","7,42","7,76","8,00","1000,693321","Até 1MM"
"CBAN12","2026-07-24","7,45","8,32","8,83","1394,941940","Até 1MM"
"CBAN72","2026-07-24","8,23","8,24","8,52","1416,599582","Entre 1MM e 5MM"
"CCROA5","2026-07-24","8,10","8,34","8,81","902,077941","Até 1MM"
"CCROB4","2026-07-24","7,76","7,99","8,17","802,273912","Até 1MM"
"CCROB6","2026-07-24","7,52","8,25","8,80","1135,613210","Até 1MM"
"CEAP19","2026-07-24","7,80","7,84","7,90","1004,862008","Até 1MM"
"CEEBB6","2026-07-24","7,44","7,85","8,56","1124,506066","Até 1MM"
"CEEBB7","2026-07-24","7,49","8,08","9,08","1043,185105","Até 1MM"
"CEEBD1","2026-07-24","13,80","14,48","15,12","914,058722","Superior a 5MM"
"CEEBD2","2026-07-24","7,56","7,96","8,69","942,860440","Entre 1MM e 5MM"
"CEED15","2026-07-24","7,64","8,62","9,34","990,930176","Entre 1MM e 5MM"
"CEED21","2026-07-24","8,34","8,50","8,68","1254,372401","Até 1MM"
"CEPEA7","2026-07-24","7,30","7,54","7,83","1040,830687","Entre 1MM e 5MM"
"CEPEB3","2026-07-24","7,90","8,21","8,59","1036,693170","Entre 1MM e 5MM"
"CERT11","2026-07-24","7,91","8,36","9,27","1185,606999","Até 1MM"
"CESE32","2026-07-24","7,61","8,23","8,41","1149,247269","Entre 1MM e 5MM"
"CESPA2","2026-07-24","7,98","8,35","8,39","1310,680817","Entre 1MM e 5MM"
"CESPA3","2026-07-24","8,32","8,39","8,52","1011,677573","Até 1MM"
"CESPA4","2026-07-24","0,74","0,78","0,79","1056,158242","Entre 1MM e 5MM"
"CGASA2","2026-07-24","7,58","7,60","7,98","1059,090561","Até 1MM"
"CGASA4","2026-07-24","7,20","7,22","7,60","1033,958770","Até 1MM"
"CGEE23","2026-07-24","14,15","14,86","16,42","775,752846","Entre 1MM e 5MM"
"CGMG18","2026-07-24","7,31","8,26","8,36","1070,826528","Até 1MM"
"CGOS13","2026-07-24","8,39","8,68","9,05","1121,546171","Até 1MM"
"CGOS16","2026-07-24","7,91","8,37","8,86","1001,154757","Até 1MM"
"CGOS24","2026-07-24","7,56","8,17","8,32","1094,805363","Até 1MM"
"CGOS28","2026-07-24","7,76","8,19","8,97","1020,996758","Até 1MM"
"CGOS34","2026-07-24","7,65","7,97","8,17","1081,108341","Até 1MM"
"CGOSA2","2026-07-24","7,34","7,78","8,29","950,215981","Entre 1MM e 5MM"
"CGOSB0","2026-07-24","7,77","8,21","8,34","1019,197925","Entre 1MM e 5MM"
"CHSF13","2026-07-24","7,25","7,87","8,32","1066,506344","Até 1MM"
"CLAG15","2026-07-24","8,31","9,22","9,24","981,548257","Até 1MM"
"CLCD27","2026-07-24","7,92","8,08","8,11","1041,869079","Entre 1MM e 5MM"
"CLTM14","2026-07-24","9,31","9,49","9,55","992,026187","Até 1MM"
"CMGDB0","2026-07-24","7,70","7,96","8,60","1047,284143","Até 1MM"
"CMGDB1","2026-07-24","7,35","7,97","8,59","1023,526921","Até 1MM"
"CMGDB2","2026-07-24","7,16","7,92","8,47","1059,612569","Até 1MM"
"CMGDB4","2026-07-24","7,83","7,92","7,96","953,957667","Até 1MM"
"CMGTA1","2026-07-24","7,27","7,54","7,82","1005,092324","Até 1MM"
"CMIN11","2026-07-24","12,41","16,48","16,50","835,650775","Até 1MM"
"CMIN12","2026-07-24","16,50","16,71","16,75","781,123932","Até 1MM"
"CMIN22","2026-07-24","16,35","16,50","16,60","674,102483","Até 1MM"
"COLNA3","2026-07-24","0,74","0,79","0,82","998,932916","Até 1MM"
"CONX12","2026-07-24","12,59","12,63","14,56","1160,821664","Entre 1MM e 5MM"
"CPFPA9","2026-07-24","7,48","7,94","8,27","1089,518562","Até 1MM"
"CPGT17","2026-07-24","0,44","0,58","0,60","521,624779","Até 1MM"
"CPGT28","2026-07-24","7,69","7,83","7,99","1118,376610","Até 1MM"
"CPGTC0","2026-07-24","7,60","7,72","7,86","1084,000528","Até 1MM"
"CPIS16","2026-07-24","7,77","8,03","8,30","934,435769","Até 1MM"
"CPLD26","2026-07-24","8,07","8,33","9,92","1186,132966","Até 1MM"
"CPLD29","2026-07-24","7,56","7,92","8,21","1025,165475","Entre 1MM e 5MM"
"CPLDC0","2026-07-24","7,20","7,41","7,60","1019,444069","Até 1MM"
"CSMGB8","2026-07-24","9,19","9,33","9,60","1109,066170","Até 1MM"
"CSNAA2","2026-07-24","17,21","17,50","17,80","906,955267","Até 1MM"
"CSNAA4","2026-07-24","28,38","28,53","29,04","603,545660","Até 1MM"
"CSRN29","2026-07-24","8,09","8,16","8,24","1407,703607","Até 1MM"
"CSRNA3","2026-07-24","13,83","14,33","14,45","918,952338","Entre 1MM e 5MM"
"CSRNB2","2026-07-24","8,26","8,29","8,31","1018,545166","Até 1MM"
"CSRNB3","2026-07-24","7,73","8,22","8,83","926,712690","Entre 1MM e 5MM"
"CSRNC0","2026-07-24","7,47","7,71","7,97","1162,668696","Até 1MM"
"CTEE18","2026-07-24","7,26","7,53","7,81","1337,786823","Até 1MM"
"CTEE1B","2026-07-24","7,51","7,65","7,81","1202,226307","Até 1MM"
"CTEE29","2026-07-24","7,99","8,01","8,06","962,324163","Até 1MM"
"CTEE2B","2026-07-24","7,70","7,87","8,05","1107,891761","Até 1MM"
"CVCB14","2026-07-24","4,47","4,55","5,59","0,595007","Superior a 5MM"
"ECER12","2026-07-24","7,50","8,36","8,73","1339,164147","Entre 1MM e 5MM"
"ECHP11","2026-07-24","8,53","8,56","10,32","953,875343","Até 1MM"
"ECOV16","2026-07-24","8,56","8,86","8,91","1029,168871","Até 1MM"
"EDTE12","2026-07-24","7,39","7,88","7,98","999,330712","Até 1MM"
"EEELA1","2026-07-24","7,67","7,77","7,99","1035,140934","Até 1MM"
"EGIE27","2026-07-24","8,01","8,06","8,11","986,836344","Até 1MM"
"EGIE29","2026-07-24","7,43","8,11","8,43","1361,745488","Entre 1MM e 5MM"
"EGIEA0","2026-07-24","7,62","7,73","7,79","1048,482640","Até 1MM"
"EGIEA1","2026-07-24","7,51","7,82","7,98","1079,418685","Até 1MM"
"EGIEA2","2026-07-24","14,22","14,24","14,27","974,009653","Até 1MM"
"EGIEA3","2026-07-24","13,59","14,13","14,77","983,990781","Até 1MM"
"EGIEA4","2026-07-24","13,80","14,09","14,27","1209,142645","Até 1MM"
"EGIEA5","2026-07-24","13,91","14,10","14,66","1076,408500","Entre 1MM e 5MM"
"EGIEA6","2026-07-24","7,33","7,75","7,78","938,131361","Superior a 5MM"
"EGIEB5","2026-07-24","7,81","7,83","7,94","1059,934164","Entre 1MM e 5MM"
"EGIEC1","2026-07-24","12,41","14,04","14,77","1229,749151","Entre 1MM e 5MM"
"EGVG11","2026-07-24","8,31","8,43","8,67","550,432635","Até 1MM"
"EKTRA1","2026-07-24","0,77","0,87","1,07","1007,772608","Até 1MM"
"EKTRA5","2026-07-24","14,03","14,89","15,32","985,565743","Superior a 5MM"
"EKTRA6","2026-07-24","7,42","7,79","7,97","1022,371782","Até 1MM"
"EKTRB6","2026-07-24","7,15","7,64","8,16","1000,930865","Até 1MM"
"EKTRB8","2026-07-24","14,17","14,20","14,27","972,664155","Até 1MM"
"EKTRC1","2026-07-24","7,49","7,85","8,27","1159,293742","Até 1MM"
"ELET14","2026-07-24","7,25","7,89","8,46","1110,747707","Superior a 5MM"
"ELET16","2026-07-24","7,32","7,98","8,41","1051,153165","Até 1MM"
"ELET23","2026-07-24","7,13","7,74","8,38","1220,456199","Entre 1MM e 5MM"
"ELET24","2026-07-24","0,83","0,96","0,97","1063,682250","Superior a 5MM"
"ELET42","2026-07-24","7,30","8,11","8,69","1417,604898","Até 1MM"
"ELPLA7","2026-07-24","12,06","12,07","14,86","981,279082","Até 1MM"
"ELTN15","2026-07-24","7,98","8,08","8,13","1059,185600","Até 1MM"
"ELTN27","2026-07-24","7,42","7,71","7,99","1030,253714","Até 1MM"
"ELTN37","2026-07-24","7,21","7,78","8,40","1011,775326","Até 1MM"
"ENAT11","2026-07-24","8,42","9,40","9,74","1058,343766","Entre 1MM e 5MM"
"ENAT13","2026-07-24","9,50","9,71","10,00","1059,818483","Até 1MM"
"ENAT23","2026-07-24","14,45","15,37","16,32","966,964366","Entre 1MM e 5MM"
"ENAT32","2026-07-24","15,15","15,57","16,00","1011,403198","Entre 1MM e 5MM"
"ENAT33","2026-07-24","8,40","9,20","10,25","1065,472050","Entre 1MM e 5MM"
"ENERB7","2026-07-24","7,77","8,00","8,27","1009,387573","Até 1MM"
"ENERC7","2026-07-24","7,23","7,84","8,76","996,431593","Até 1MM"
"ENEV13","2026-07-24","7,95","7,98","8,05","943,655770","Até 1MM"
"ENEV15","2026-07-24","7,94","8,29","8,65","1352,142203","Entre 1MM e 5MM"
"ENEV16","2026-07-24","8,08","8,13","8,44","1296,094916","Entre 1MM e 5MM"
"ENEV18","2026-07-24","7,66","8,23","8,57","1112,011971","Até 1MM"
"ENEV19","2026-07-24","7,38","7,98","8,69","1177,309626","Entre 1MM e 5MM"
"ENEV26","2026-07-24","7,67","7,98","8,57","1163,344989","Até 1MM"
"ENEV28","2026-07-24","7,36","7,84","8,35","1091,753069","Entre 1MM e 5MM"
"ENEV29","2026-07-24","7,46","8,26","8,77","1130,508176","Entre 1MM e 5MM"
"ENEV32","2026-07-24","7,68","7,76","8,51","1421,077565","Até 1MM"
"ENEV39","2026-07-24","7,98","8,17","8,52","1124,527443","Até 1MM"
"ENEVA0","2026-07-24","7,85","8,01","8,17","1051,445775","Até 1MM"
"ENEVB0","2026-07-24","7,72","8,14","8,61","1013,661060","Até 1MM"
"ENGIA6","2026-07-24","7,64","8,56","8,69","1179,577588","Entre 1MM e 5MM"
"ENGIB0","2026-07-24","7,92","8,00","8,41","1053,724893","Até 1MM"
"ENGIB4","2026-07-24","8,29","8,51","8,85","1281,307717","Até 1MM"
"ENGIB9","2026-07-24","7,50","7,94","8,86","1089,748681","Entre 1MM e 5MM"
"ENGIC0","2026-07-24","7,63","8,01","8,90","1000,938537","Até 1MM"
"ENMTA4","2026-07-24","7,55","7,57","8,60","1236,086829","Até 1MM"
"ENMTC5","2026-07-24","7,55","7,57","7,75","1039,740421","Até 1MM"
"EQPA18","2026-07-24","7,56","8,01","8,97","1074,693587","Até 1MM"
"EQPA19","2026-07-24","7,56","7,87","8,31","1002,875511","Entre 1MM e 5MM"
"ERDVA4","2026-07-24","8,19","8,71","8,90","1034,443171","Entre 1MM e 5MM"
"ERDVB4","2026-07-24","8,30","8,51","8,95","1036,751939","Até 1MM"
"ERDVC4","2026-07-24","8,83","9,05","9,10","979,764570","Até 1MM"
"ESSDA5","2026-07-24","8,09","8,15","8,22","1000,692973","Até 1MM"
"ESULA6","2026-07-24","7,71","8,51","9,11","1197,312552","Entre 1MM e 5MM"
"ETBA12","2026-07-24","7,43","8,00","8,69","1128,916232","Até 1MM"
"EXSE11","2026-07-24","0,76","0,85","0,94","1042,694579","Entre 1MM e 5MM"
"FBRI13","2026-07-24","7,75","7,99","8,84","1102,619059","Até 1MM"
"FURN21","2026-07-24","7,48","8,10","8,24","1187,081982","Até 1MM"
"GASC25","2026-07-24","8,43","8,78","9,06","916,766555","Até 1MM"
"GASP29","2026-07-24","8,19","8,33","8,46","1087,791938","Até 1MM"
"GSHC17","2026-07-24","2,79","2,80","2,81","1052,810419","Superior a 5MM"
"GSTS14","2026-07-24","9,38","9,54","9,88","1080,811393","Até 1MM"
"HARG11","2026-07-24","8,94","9,08","9,36","1048,418288","Superior a 5MM"
"HBSA11","2026-07-24","7,81","8,26","9,30","1236,877931","Até 1MM"
"HSPE15","2026-07-24","1,19","1,23","1,29","1031,037209","Até 1MM"
"HVSP11","2026-07-24","9,25","9,64","10,67","1164,190229","Entre 1MM e 5MM"
"IGSN15","2026-07-24","10,65","11,03","12,10","981,789296","Entre 1MM e 5MM"
"IRJS14","2026-07-24","10,96","11,09","11,59","1112,200656","Entre 1MM e 5MM"
"IRJS15","2026-07-24","9,61","10,58","11,86","1048,624317","Até 1MM"
"ISAEA8","2026-07-24","7,88","7,91","7,93","1044,476206","Até 1MM"
"ISAEA9","2026-07-24","6,92","7,21","7,45","1075,490101","Até 1MM"
"ISAEB0","2026-07-24","6,95","7,11","7,45","1024,094466","Entre 1MM e 5MM"
"ISAEB2","2026-07-24","6,94","6,96","7,00","992,521721","Entre 1MM e 5MM"
"ISAEB8","2026-07-24","7,25","7,87","8,53","1065,492277","Até 1MM"
"ISAEC0","2026-07-24","6,85","7,17","7,67","1012,084203","Até 1MM"
"ITPO15","2026-07-24","8,34","8,46","8,59","1006,491773","Até 1MM"
"IVIAA0","2026-07-24","9,23","9,47","9,53","973,643372","Entre 1MM e 5MM"
"JALL11","2026-07-24","8,19","8,92","8,97","1177,275364","Até 1MM"
"JALL13","2026-07-24","8,89","9,24","9,33","1108,963605","Até 1MM"
"JALL14","2026-07-24","8,31","8,55","8,90","1107,909268","Até 1MM"
"JALL15","2026-07-24","8,36","8,78","9,55","1004,259588","Até 1MM"
"JALL26","2026-07-24","8,37","9,23","9,61","997,866467","Até 1MM"
"JSMLA5","2026-07-24","3,91","4,25","4,99","985,321558","Superior a 5MM"
"JSMLB5","2026-07-24","13,90","14,19","14,91","1115,524675","Até 1MM"
"JTEE11","2026-07-24","7,99","8,07","8,14","874,716526","Até 1MM"
"KLBNA5","2026-07-24","6,80","7,43","8,16","1010,604904","Entre 1MM e 5MM"
"LCAMD1","2026-07-24","9,86","10,12","10,40","1179,947904","Até 1MM"
"LCAMD3","2026-07-24","9,30","9,95","10,56","1154,406473","Até 1MM"
"LIGHA9","2026-07-24","29,00","29,14","29,42","56,654787","Até 1MM"
"LORTA7","2026-07-24","9,25","9,36","10,60","1208,441541","Até 1MM"
"MGLUA0","2026-07-24","1,33","1,66","1,99","519,975982","Até 1MM"
"MOVI17","2026-07-24","1,40","1,50","3,25","530,549015","Até 1MM"
"MOVI18","2026-07-24","13,90","13,91","15,70","1047,217213","Até 1MM"
"MOVIA3","2026-07-24","1,92","2,23","2,60","1064,941494","Até 1MM"
"MRSAA3","2026-07-24","7,81","7,82","7,83","1022,754679","Superior a 5MM"
"MRSAB3","2026-07-24","7,21","7,67","8,30","980,258822","Entre 1MM e 5MM"
"MRSAC1","2026-07-24","7,33","7,73","8,32","1064,164869","Até 1MM"
"MRSAC2","2026-07-24","7,23","7,54","7,72","1040,955501","Até 1MM"
"MSGT13","2026-07-24","9,63","9,78","9,94","929,905986","Até 1MM"
"MSGT23","2026-07-24","8,23","8,24","8,69","1037,147466","Até 1MM"
"MSGT33","2026-07-24","7,50","7,72","7,95","1019,673898","Até 1MM"
"MVLV19","2026-07-24","2,03","2,05","3,50","528,202101","Entre 1MM e 5MM"
"NEOE16","2026-07-24","7,52","8,08","8,59","1377,880812","Superior a 5MM"
"NEOE26","2026-07-24","7,63","8,00","8,88","829,141636","Até 1MM"
"NTEN11","2026-07-24","14,25","15,02","16,11","918,431798","Até 1MM"
"ORIG12","2026-07-24","10,32","10,65","11,45","1027,247308","Até 1MM"
"ORIG21","2026-07-24","16,44","19,37","21,74","838,330733","Até 1MM"
"ORIG22","2026-07-24","16,20","17,88","21,73","936,713481","Até 1MM"
"OVSAB1","2026-07-24","2,23","2,24","2,25","1006,740404","Até 1MM"
"PALFB6","2026-07-24","8,00","8,02","8,05","1084,568304","Até 1MM"
"PASN12","2026-07-24","9,17","10,05","10,15","562,003168","Até 1MM"
"PEJA11","2026-07-24","7,61","8,36","9,36","1200,375616","Entre 1MM e 5MM"
"PEJA12","2026-07-24","13,30","13,93","14,63","990,566714","Até 1MM"
"PEJA13","2026-07-24","13,62","14,38","15,32","959,470484","Até 1MM"
"PEJA21","2026-07-24","1,03","1,04","1,05","1079,729819","Até 1MM"
"PEJA22","2026-07-24","7,85","8,48","8,61","1043,809871","Entre 1MM e 5MM"
"PEJA23","2026-07-24","8,45","8,64","9,09","1019,066313","Até 1MM"
"PETR17","2026-07-24","6,50","7,05","7,95","1347,372244","Entre 1MM e 5MM"
"PETR18","2026-07-24","6,67","7,16","7,82","1004,908266","Até 1MM"
"PETR26","2026-07-24","6,50","7,29","8,00","1400,126635","Entre 1MM e 5MM"
"PETR27","2026-07-24","6,70","7,43","7,84","1180,881922","Entre 1MM e 5MM"
"PETR28","2026-07-24","6,48","7,22","7,73","1008,743793","Até 1MM"
"PETR38","2026-07-24","6,14","6,96","7,60","1043,716537","Entre 1MM e 5MM"
"PLSB1A","2026-07-24","9,59","10,04","10,60","1105,986073","Entre 1MM e 5MM"
"QUAL16","2026-07-24","2,20","2,21","3,55","254,715823","Até 1MM"
"QUAT13","2026-07-24","9,44","9,48","9,51","1006,518370","Superior a 5MM"
"QUAT16","2026-07-24","9,49","9,50","9,52","1055,091757","Superior a 5MM"
"RBRAE2","2026-07-24","1,55","1,57","1,60","1067,035772","Entre 1MM e 5MM"
"RDORD4","2026-07-24","0,95","0,98","1,03","1057,707223","Até 1MM"
"RECV21","2026-07-24","13,55","14,26","16,23","987,430269","Até 1MM"
"RENTF2","2026-07-24","1,24","1,25","1,26","1033,187253","Até 1MM"
"RIS412","2026-07-24","11,49","13,78","15,53","8,898323","Até 1MM"
"RIS414","2026-07-24","11,08","13,32","14,09","0,900882","Até 1MM"
"RIS422","2026-07-24","10,83","12,14","12,65","8,058273","Até 1MM"
"RIS424","2026-07-24","10,75","12,10","12,94","0,838613","Até 1MM"
"RISP12","2026-07-24","11,07","13,14","15,53","9,101183","Entre 1MM e 5MM"
"RISP14","2026-07-24","11,40","12,45","14,99","0,931101","Até 1MM"
"RISP22","2026-07-24","10,80","12,47","13,17","7,885569","Até 1MM"
"RISP24","2026-07-24","10,38","10,69","12,35","0,921781","Até 1MM"
"RMSA12","2026-07-24","9,24","10,49","11,91","1159,736923","Até 1MM"
"RRRP13","2026-07-24","8,38","9,46","10,30","1124,827943","Entre 1MM e 5MM"
"RSAN26","2026-07-24","9,85","9,87","10,30","944,288178","Até 1MM"
"RSAN44","2026-07-24","9,31","9,87","9,88","890,935286","Até 1MM"
"RUMOA2","2026-07-24","8,10","8,82","9,05","1430,907621","Superior a 5MM"
"RUMOA3","2026-07-24","8,19","8,59","9,30","1375,418983","Entre 1MM e 5MM"
"RUMOA4","2026-07-24","8,44","8,60","8,86","1403,369206","Entre 1MM e 5MM"
"RUMOA5","2026-07-24","7,95","8,42","9,18","1195,761835","Entre 1MM e 5MM"
"RUMOA6","2026-07-24","8,05","8,79","9,27","1159,134350","Entre 1MM e 5MM"
"RUMOB3","2026-07-24","8,10","9,15","9,30","1337,500104","Até 1MM"
"RUMOB5","2026-07-24","7,99","8,59","9,15","1019,802716","Entre 1MM e 5MM"
"RUMOB6","2026-07-24","8,00","8,18","8,90","1043,525343","Até 1MM"
"RUMOB7","2026-07-24","8,69","8,70","8,78","1018,116725","Entre 1MM e 5MM"
"SAELA1","2026-07-24","8,33","8,39","8,50","1174,255749","Entre 1MM e 5MM"
"SAELA7","2026-07-24","7,72","8,12","8,22","1002,716754","Entre 1MM e 5MM"
"SAELB7","2026-07-24","7,85","7,91","7,98","994,365050","Até 1MM"
"SAPR10","2026-07-24","7,17","7,34","8,34","14339,961389","Entre 1MM e 5MM"
"SAPRA3","2026-07-24","7,79","8,06","8,25","1201,747735","Entre 1MM e 5MM"
"SAPRB3","2026-07-24","7,00","7,79","9,02","1146,743415","Até 1MM"
"SBSPB6","2026-07-24","7,54","7,78","8,14","1399,205520","Até 1MM"
"SBSPE3","2026-07-24","7,20","7,93","8,36","1093,896527","Até 1MM"
"SBSPE9","2026-07-24","7,67","7,93","7,96","1179,755707","Até 1MM"
"SBSPF3","2026-07-24","7,06","7,53","7,66","1104,595854","Entre 1MM e 5MM"
"SBSPF9","2026-07-24","7,45","7,59","7,75","1122,860521","Até 1MM"
"SBSPI8","2026-07-24","7,00","7,58","7,91","965,904736","Superior a 5MM"
"SBSPJ8","2026-07-24","7,05","7,32","7,68","977,785929","Entre 1MM e 5MM"
"SBSPK8","2026-07-24","7,02","7,40","7,57","954,248707","Entre 1MM e 5MM"
"SIMH16","2026-07-24","4,05","4,22","5,30","989,489806","Superior a 5MM"
"SMTO14","2026-07-24","8,08","8,51","9,15","1100,474142","Até 1MM"
"SMTO24","2026-07-24","8,83","9,16","9,42","1003,888718","Até 1MM"
"STBP35","2026-07-24","7,95","8,15","8,40","1030,289729","Entre 1MM e 5MM"
"SUZBA0","2026-07-24","6,75","7,59","8,17","1054,872832","Entre 1MM e 5MM"
"TAEB15","2026-07-24","13,35","13,48","16,00","427,948639","Até 1MM"
"TAEE17","2026-07-24","7,83","7,89","8,24","1429,234773","Até 1MM"
"TAEEA4","2026-07-24","7,10","7,77","8,48","1054,441113","Até 1MM"
"TAEEA7","2026-07-24","7,47","7,73","8,11","1148,206814","Até 1MM"
"TAEEA8","2026-07-24","7,69","7,84","7,96","1087,614139","Até 1MM"
"TAEEB2","2026-07-24","7,32","7,95","8,35","1155,371064","Entre 1MM e 5MM"
"TAEEB4","2026-07-24","7,05","7,73","8,51","1049,341405","Até 1MM"
"TAEEC2","2026-07-24","7,82","8,09","8,33","1116,782037","Até 1MM"
"TAEEC4","2026-07-24","7,43","7,83","8,36","1042,965170","Até 1MM"
"TAEED2","2026-07-24","7,15","7,91","8,36","1060,204802","Até 1MM"
"TEPA13","2026-07-24","12,08","12,59","13,40","1067,437668","Até 1MM"
"TEPA23","2026-07-24","16,52","16,88","19,05","1111,658061","Até 1MM"
"TFLEA3","2026-07-24","1,31","1,83","1,85","1014,668278","Superior a 5MM"
"TGR711","2026-07-24","8,49","8,71","8,94","1042,298130","Até 1MM"
"TGR731","2026-07-24","6,87","7,11","7,37","1052,640096","Até 1MM"
"TIET29","2026-07-24","8,39","8,49","8,68","1423,645143","Até 1MM"
"TIET39","2026-07-24","7,65","8,45","8,69","1423,305818","Até 1MM"
"TPEN11","2026-07-24","7,99","8,15","8,38","1037,239083","Até 1MM"
"TRPLA4","2026-07-24","7,41","7,98","8,57","1063,636400","Até 1MM"
"TRPLA7","2026-07-24","7,05","7,76","8,19","1113,976570","Até 1MM"
"TRPLB4","2026-07-24","7,12","7,76","8,32","1053,120521","Entre 1MM e 5MM"
"UHSM12","2026-07-24","7,77","7,79","8,32","1153,745303","Entre 1MM e 5MM"
"UNEG11","2026-07-24","8,42","8,78","8,91","1129,584366","Até 1MM"
"USAS11","2026-07-24","8,23","8,85","9,47","689,925000","Até 1MM"
"USCA22","2026-07-24","17,14","18,91","21,59","890,541528","Até 1MM"
"USIM29","2026-07-24","1,38","1,39","1,40","1025,884753","Entre 1MM e 5MM"
"UTPS12","2026-07-24","7,75","8,04","9,26","616,206012","Até 1MM"
"UTPS21","2026-07-24","9,22","9,23","9,76","1339,745502","Entre 1MM e 5MM"
"UTPS22","2026-07-24","8,25","9,56","9,74","1181,061034","Até 1MM"
"VALE48","2026-07-24","7,63","7,73","7,92","1020,716389","Até 1MM"
"VALEA0","2026-07-24","6,71","7,31","8,10","1048,784667","Entre 1MM e 5MM"
"VALEB0","2026-07-24","6,67","7,28","7,80","1045,401338","Entre 1MM e 5MM"
"VALEB1","2026-07-24","6,81","7,40","7,67","1039,659431","Superior a 5MM"
"VALEC0","2026-07-24","6,85","7,14","7,88","1044,238711","Entre 1MM e 5MM"
"VALEC1","2026-07-24","6,64","7,07","7,96","1043,383401","Entre 1MM e 5MM"
"VALED1","2026-07-24","6,67","7,06","7,94","1043,312972","Entre 1MM e 5MM"
"VAMO14","2026-07-24","3,76","3,77","3,78","1029,487912","Até 1MM"
"VAMO33","2026-07-24","14,94","15,43","16,55","1013,799280","Até 1MM"
"VAMO34","2026-07-24","14,94","16,10","16,80","997,960042","Até 1MM"
"VBBRA0","2026-07-24","7,67","8,09","8,26","998,862749","Entre 1MM e 5MM"
"VBRR11","2026-07-24","10,46","11,63","12,36","1155,585506","Até 1MM"
"VERO13","2026-07-24","11,56","14,70","15,02","968,596905","Até 1MM"
"VERO15","2026-07-24","16,20","16,48","16,63","956,609517","Até 1MM"
"VERO34","2026-07-24","17,23","17,46","17,68","957,757655","Até 1MM"
"VERO44","2026-07-24","11,10","11,34","11,60","989,632094","Até 1MM"
"VLIM13","2026-07-24","7,44","7,71","7,99","1215,810455","Até 1MM"
"VPLT12","2026-07-24","8,25","8,44","8,65","214,760511","Até 1MM"
"ABSP12","2026-07-23","1,38","1,40","1,43","1043,529341","Até 1MM"
"AEAB11","2026-07-23","8,53","8,59","9,21","1098,434711","Até 1MM"
"AEGE17","2026-07-23","3,82","5,56","7,10","937,086101","Superior a 5MM"
"AEGPA0","2026-07-23","19,50","20,02","21,15","967,419256","Até 1MM"
"AESLA9","2026-07-23","7,98","8,01","8,02","1001,567242","Entre 1MM e 5MM"
"AESLB7","2026-07-23","7,74","7,80","7,95","997,133834","Até 1MM"
"ALAR13","2026-07-23","18,32","20,13","21,82","902,203171","Até 1MM"
"ALGAB1","2026-07-23","8,48","8,87","9,19","1156,622093","Até 1MM"
"ALGAC2","2026-07-23","8,59","8,86","9,14","1118,897983","Até 1MM"
"ALGTA4","2026-07-23","8,50","8,94","9,59","1023,287632","Até 1MM"
"ANIM15","2026-07-23","2,04","2,06","2,09","770,353811","Superior a 5MM"
"ANIM17","2026-07-23","1,81","2,05","2,14","1020,500530","Entre 1MM e 5MM"
"ANIM18","2026-07-23","2,06","2,22","2,31","1023,963955","Superior a 5MM"
"APFD19","2026-07-23","8,26","8,52","9,53","1107,387811","Entre 1MM e 5MM"
"APRB18","2026-07-23","9,11","9,19","9,21","1230,182495","Entre 1MM e 5MM"
"ARTR19","2026-07-23","9,31","9,82","11,12","1392,021070","Até 1MM"
"ARTRA4","2026-07-23","2,36","2,38","2,41","1071,487692","Até 1MM"
"ARTRB8","2026-07-23","15,14","15,27","15,34","979,080625","Até 1MM"
"ASCP23","2026-07-23","7,90","8,67","9,27","1163,088593","Entre 1MM e 5MM"
"AURP12","2026-07-23","7,58","8,17","8,29","1035,906155","Entre 1MM e 5MM"
"AXIA18","2026-07-23","7,12","7,70","7,91","1011,395260","Entre 1MM e 5MM"
"AXIA19","2026-07-23","7,20","7,59","8,04","1030,303805","Até 1MM"
"AXIA28","2026-07-23","7,28","7,54","7,81","1000,755582","Superior a 5MM"
"AXIA38","2026-07-23","7,06","7,34","7,73","999,299964","Superior a 5MM"
"BCPSA7","2026-07-23","7,74","7,76","7,81","989,891722","Entre 1MM e 5MM"
"BHIAA1","2026-07-23","0,98","0,99","1,00","0,987823","Até 1MM"
"BHSA11","2026-07-23","8,39","8,43","8,49","1001,512769","Até 1MM"
"BRKMA6","2026-07-23","84,75","84,83","84,98","304,397439","Até 1MM"
"BRKMA8","2026-07-23","60,39","67,69","74,23","327,118375","Até 1MM"
"BRKP28","2026-07-23","9,35","10,30","10,92","1151,734253","Até 1MM"
"BRST11","2026-07-23","7,71","8,52","8,57","768,449431","Até 1MM"
"BTEL13","2026-07-23","14,80","15,56","16,96","1021,472667","Até 1MM"
"BTGL11","2026-07-23","13,60","13,62","14,21","986,470105","Até 1MM"
"CASN23","2026-07-23","9,38","9,47","9,66","1112,545579","Até 1MM"
"CBAN12","2026-07-23","8,22","8,39","8,83","1390,477169","Entre 1MM e 5MM"
"CBAN52","2026-07-23","8,38","8,81","9,76","1385,681230","Até 1MM"
"CCROA7","2026-07-23","0,36","0,37","0,39","1010,954223","Até 1MM"
"CCROB4","2026-07-23","7,90","8,20","8,58","799,909146","Até 1MM"
"CCROB6","2026-07-23","7,30","7,93","8,80","1153,953547","Até 1MM"
"CEAB22","2026-07-23","0,59","0,60","0,61","526,666204","Entre 1MM e 5MM"
"CEAP14","2026-07-23","8,59","8,62","8,69","1043,820810","Até 1MM"
"CEEBA7","2026-07-23","0,70","0,71","0,75","1037,424375","Entre 1MM e 5MM"
"CEEBB6","2026-07-23","8,08","8,09","8,30","1116,483660","Entre 1MM e 5MM"
"CEEBB7","2026-07-23","8,34","8,70","9,08","1012,356649","Até 1MM"
"CEEBC4","2026-07-23","7,89","8,03","8,19","1152,409545","Até 1MM"
"CEEBD1","2026-07-23","13,75","14,11","14,44","926,237618","Superior a 5MM"
"CEEBD2","2026-07-23","7,55","7,86","8,73","948,796728","Entre 1MM e 5MM"
"CEED15","2026-07-23","7,62","8,49","9,02","997,591682","Até 1MM"
"CEED21","2026-07-23","7,74","8,58","8,72","1251,520123","Até 1MM"
"CEEDA0","2026-07-23","0,75","0,76","0,77","1035,169589","Superior a 5MM"
"CEPEA7","2026-07-23","7,31","7,64","7,86","1031,639352","Entre 1MM e 5MM"
"CEPEB3","2026-07-23","8,36","8,48","8,60","1023,280699","Entre 1MM e 5MM"
"CEPEB7","2026-07-23","7,70","8,04","8,12","968,510527","Entre 1MM e 5MM"
"CEPEB8","2026-07-23","13,59","14,10","14,19","975,605269","Até 1MM"
"CERT11","2026-07-23","7,95","8,38","9,32","1184,218762","Entre 1MM e 5MM"
"CESE32","2026-07-23","7,90","8,02","8,61","1156,217553","Entre 1MM e 5MM"
"CESPA3","2026-07-23","7,98","8,66","8,93","997,462793","Até 1MM"
"CGASA2","2026-07-23","7,08","7,42","7,99","1072,104185","Até 1MM"
"CGASA5","2026-07-23","0,65","0,66","0,67","1049,436123","Até 1MM"
"CGEE23","2026-07-23","12,83","14,24","15,27","798,928262","Entre 1MM e 5MM"
"CGMG18","2026-07-23","7,33","8,32","8,47","1069,155841","Entre 1MM e 5MM"
"CGOS13","2026-07-23","8,39","8,42","8,85","1129,020742","Até 1MM"
"CGOS16","2026-07-23","7,90","8,40","8,84","999,072195","Entre 1MM e 5MM"
"CGOS24","2026-07-23","7,78","8,27","8,35","1090,558291","Superior a 5MM"
"CGOS28","2026-07-23","7,60","8,00","8,49","1032,625581","Até 1MM"
"CGOS34","2026-07-23","7,58","8,45","9,13","1052,815077","Até 1MM"
"CGOSA2","2026-07-23","7,40","8,14","8,31","926,751187","Entre 1MM e 5MM"
"CGOSB0","2026-07-23","7,83","7,88","8,35","1040,053765","Até 1MM"
"CHSF13","2026-07-23","7,26","8,01","8,44","1060,442512","Entre 1MM e 5MM"
"CLCD27","2026-07-23","7,92","7,99","8,03","1046,322715","Entre 1MM e 5MM"
"CLTM14","2026-07-23","8,91","9,21","9,31","1006,180760","Até 1MM"
"CMGD28","2026-07-23","8,09","8,52","8,68","1140,243663","Até 1MM"
"CMGDB0","2026-07-23","8,01","8,18","8,40","1035,552458","Até 1MM"
"CMGDB1","2026-07-23","7,38","7,95","8,23","1024,593187","Entre 1MM e 5MM"
"CMGDB2","2026-07-23","7,49","7,88","8,46","1062,558595","Até 1MM"
"CMGDB4","2026-07-23","7,82","7,88","8,09","956,991193","Até 1MM"
"CMGTA1","2026-07-23","7,30","7,66","7,85","996,909979","Até 1MM"
"CMGTB1","2026-07-23","7,86","7,88","7,90","956,384362","Entre 1MM e 5MM"
"CMIN11","2026-07-23","15,58","16,41","16,85","837,148612","Até 1MM"
"CMIN21","2026-07-23","12,47","15,80","16,98","691,536325","Até 1MM"
"CMIN22","2026-07-23","16,35","16,52","16,60","672,598051","Até 1MM"
"CMTR29","2026-07-23","7,59","7,68","7,74","1197,173526","Entre 1MM e 5MM"
"COMR14","2026-07-23","9,65","9,66","10,02","1002,694112","Entre 1MM e 5MM"
"COMT11","2026-07-23","8,11","8,12","8,13","1013,481444","Superior a 5MM"
"CONX12","2026-07-23","12,63","13,70","14,55","1145,730909","Até 1MM"
"CPFPA5","2026-07-23","8,16","8,26","8,41","1049,599268","Até 1MM"
"CPFPA9","2026-07-23","7,46","7,98","8,25","1086,538190","Até 1MM"
"CPGT17","2026-07-23","0,45","0,74","0,86","521,374159","Entre 1MM e 5MM"
"CPGT27","2026-07-23","8,00","8,45","8,66","1176,340508","Até 1MM"
"CPLD26","2026-07-23","7,90","8,59","9,58","1176,166607","Até 1MM"
"CPLD29","2026-07-23","7,23","7,92","8,39","1024,918528","Entre 1MM e 5MM"
"CPLD37","2026-07-23","7,60","7,74","7,90","1136,760121","Até 1MM"
"CRMG15","2026-07-23","8,43","8,44","9,26","802,261973","Entre 1MM e 5MM"
"CSANB1","2026-07-23","1,52","1,54","1,89","983,590933","Até 1MM"
"CSANB2","2026-07-23","1,45","1,46","1,47","1185,780780","Até 1MM"
"CSMGA9","2026-07-23","0,69","0,70","0,71","1010,247965","Superior a 5MM"
"CSMGD2","2026-07-23","0,74","0,75","0,76","1012,151989","Superior a 5MM"
"CSNAA4","2026-07-23","32,40","32,53","32,88","544,608585","Até 1MM"
"CSNAB4","2026-07-23","24,59","24,61","24,71","557,750664","Até 1MM"
"CSRNA1","2026-07-23","8,49","8,61","8,83","1116,329867","Entre 1MM e 5MM"
"CSRNA3","2026-07-23","13,74","14,12","14,37","926,214043","Até 1MM"
"CSRNB2","2026-07-23","8,24","8,27","8,29","1019,189948","Até 1MM"
"CSRNB3","2026-07-23","7,56","7,84","8,08","949,994390","Até 1MM"
"CSRNC0","2026-07-23","7,72","8,43","8,60","1144,206559","Até 1MM"
"CTEE18","2026-07-23","7,28","7,55","8,04","1336,542027","Até 1MM"
"CTEE1B","2026-07-23","7,50","7,68","8,24","1200,665745","Entre 1MM e 5MM"
"CTEE29","2026-07-23","7,20","8,14","8,25","954,163086","Até 1MM"
"CTGE11","2026-07-23","7,77","8,10","8,58","1342,012492","Até 1MM"
"CTGE15","2026-07-23","7,96","8,19","8,69","1054,939234","Até 1MM"
"CVCB14","2026-07-23","5,59","5,60","5,62","0,589255","Entre 1MM e 5MM"
"DASAC5","2026-07-23","2,84","2,89","4,24","1005,983581","Superior a 5MM"
"DGCD11","2026-07-23","0,92","0,93","0,94","1049,440993","Superior a 5MM"
"EBENA8","2026-07-23","8,08","8,11","8,12","1034,042494","Superior a 5MM"
"ECER12","2026-07-23","7,39","8,15","8,85","1341,488926","Até 1MM"
"ECHP11","2026-07-23","8,56","8,65","8,83","951,766181","Até 1MM"
"ECOV16","2026-07-23","8,02","8,36","8,56","1049,312770","Até 1MM"
"EEELA0","2026-07-23","8,13","8,21","8,31","1051,940538","Até 1MM"
"EEELA1","2026-07-23","7,14","7,57","8,34","1045,394127","Até 1MM"
"EGIE27","2026-07-23","7,48","7,65","7,75","991,524224","Até 1MM"
"EGIE29","2026-07-23","7,81","8,02","8,69","1363,373672","Entre 1MM e 5MM"
"EGIEA0","2026-07-23","7,73","7,87","8,07","1036,020425","Até 1MM"
"EGIEA1","2026-07-23","7,52","7,78","8,68","1081,431466","Até 1MM"
"EGIEA2","2026-07-23","13,94","14,24","14,54","974,096645","Até 1MM"
"EGIEA3","2026-07-23","13,55","13,95","14,75","988,740185","Até 1MM"
"EGIEA4","2026-07-23","13,30","13,91","14,15","1214,695693","Até 1MM"
"EGIEA5","2026-07-23","13,55","13,76","14,81","1091,144365","Até 1MM"
"EGIEA6","2026-07-23","7,05","7,76","7,78","936,947264","Superior a 5MM"
"EGIEB4","2026-07-23","7,77","7,78","7,79","1163,771804","Superior a 5MM"
"EGIEB5","2026-07-23","7,25","7,83","8,40","1059,636636","Superior a 5MM"
"EGIEC1","2026-07-23","13,29","14,21","14,75","1225,364724","Entre 1MM e 5MM"
"EGIED1","2026-07-23","0,51","0,53","0,54","1035,201077","Entre 1MM e 5MM"
"EKTRA5","2026-07-23","13,87","14,17","14,44","1010,735431","Até 1MM"
"EKTRA8","2026-07-23","7,70","8,02","8,16","1006,265353","Até 1MM"
"EKTRB6","2026-07-23","8,11","8,19","8,50","958,860147","Até 1MM"
"EKTRC0","2026-07-23","8,06","8,17","8,53","1195,591405","Até 1MM"
"EKTRC1","2026-07-23","8,18","8,57","9,10","1141,272934","Até 1MM"
"EKTT11","2026-07-23","8,10","8,16","8,30","1161,958031","Até 1MM"
"ELET14","2026-07-23","7,25","7,86","8,72","1111,559433","Superior a 5MM"
"ELET16","2026-07-23","7,24","7,90","8,42","1055,635466","Entre 1MM e 5MM"
"ELET23","2026-07-23","7,00","7,79","8,22","1217,740846","Entre 1MM e 5MM"
"ELET24","2026-07-23","0,83","0,98","1,00","1062,935660","Entre 1MM e 5MM"
"ELET42","2026-07-23","7,39","7,98","8,81","1419,889441","Entre 1MM e 5MM"
"ELPLA7","2026-07-23","12,52","13,40","15,24","936,266305","Entre 1MM e 5MM"
"ELPLB9","2026-07-23","11,07","11,08","11,09","872,202360","Entre 1MM e 5MM"
"ELTN15","2026-07-23","7,97","8,14","8,28","1056,910528","Entre 1MM e 5MM"
"ELTN27","2026-07-23","7,24","7,75","8,24","1027,919957","Entre 1MM e 5MM"
"ELTN37","2026-07-23","7,21","7,80","8,16","1010,224985","Até 1MM"
"ENAT11","2026-07-23","9,14","9,69","10,44","1052,774560","Entre 1MM e 5MM"
"ENAT12","2026-07-23","9,48","9,59","9,84","1121,305205","Até 1MM"
"ENAT13","2026-07-23","8,36","9,40","10,31","1069,375062","Até 1MM"
"ENAT23","2026-07-23","15,07","15,66","16,30","958,883510","Até 1MM"
"ENAT32","2026-07-23","14,75","15,47","16,27","1013,360836","Entre 1MM e 5MM"
"ENAT33","2026-07-23","9,35","9,69","10,22","1040,093240","Entre 1MM e 5MM"
"ENERB4","2026-07-23","8,32","8,51","8,66","991,976364","Até 1MM"
"ENERB7","2026-07-23","7,78","8,23","8,48","994,242954","Entre 1MM e 5MM"
"ENERC7","2026-07-23","7,57","8,04","8,18","980,943275","Até 1MM"
"ENEV13","2026-07-23","7,35","7,77","8,43","944,967284","Até 1MM"
"ENEV15","2026-07-23","7,40","8,23","8,69","1353,642964","Entre 1MM e 5MM"
"ENEV16","2026-07-23","7,46","7,75","8,06","1309,217886","Até 1MM"
"ENEV18","2026-07-23","7,40","8,25","8,56","1110,548552","Entre 1MM e 5MM"
"ENEV19","2026-07-23","7,40","7,86","8,46","1182,379978","Até 1MM"
"ENEV26","2026-07-23","7,36","8,08","8,40","1156,055327","Entre 1MM e 5MM"
"ENEV28","2026-07-23","7,67","8,28","8,61","1059,172381","Entre 1MM e 5MM"
"ENEV29","2026-07-23","7,41","8,17","8,77","1136,597682","Entre 1MM e 5MM"
"ENEV32","2026-07-23","7,50","8,17","8,52","1411,826996","Entre 1MM e 5MM"
"ENEV39","2026-07-23","7,15","8,11","8,52","1129,133452","Entre 1MM e 5MM"
"ENEVB0","2026-07-23","7,94","8,24","8,63","1005,789519","Até 1MM"
"ENGI39","2026-07-23","7,35","7,41","7,47","1592,184038","Até 1MM"
"ENGIA6","2026-07-23","8,53","8,55","8,56","1179,398688","Até 1MM"
"ENGIB0","2026-07-23","7,55","8,42","8,67","1037,343077","Entre 1MM e 5MM"
"ENGIB2","2026-07-23","7,46","8,33","8,39","1002,042992","Entre 1MM e 5MM"
"ENGIB6","2026-07-23","8,33","8,58","8,75","1120,771968","Até 1MM"
"ENGIB9","2026-07-23","7,50","8,35","9,08","1068,779765","Entre 1MM e 5MM"
"ENGIC0","2026-07-23","7,60","8,16","8,50","989,358139","Até 1MM"
"ENGIC4","2026-07-23","0,69","0,70","0,71","1053,288491","Até 1MM"
"ENJG21","2026-07-23","7,78","7,81","7,86","339,796563","Até 1MM"
"ENMI21","2026-07-23","8,26","8,40","8,56","387,409068","Até 1MM"
"ENMTA4","2026-07-23","7,55","7,67","8,36","1231,241992","Até 1MM"
"ENMTA5","2026-07-23","7,95","8,08","8,80","1187,575784","Entre 1MM e 5MM"
"ENMTF8","2026-07-23","8,38","8,42","8,44","937,285212","Superior a 5MM"
"ENTV12","2026-07-23","8,45","8,75","9,21","1410,819657","Superior a 5MM"
"EQMAA2","2026-07-23","8,34","8,57","8,78","999,120540","Até 1MM"
"EQPA18","2026-07-23","7,57","8,06","8,83","1071,173859","Entre 1MM e 5MM"
"EQPA19","2026-07-23","7,57","7,88","8,33","1001,687209","Entre 1MM e 5MM"
"EQPAA1","2026-07-23","7,70","8,13","8,23","927,617246","Até 1MM"
"EQUA11","2026-07-23","8,40","8,42","8,64","998,800103","Entre 1MM e 5MM"
"ERDVA4","2026-07-23","8,86","8,92","8,99","1025,760496","Até 1MM"
"ERDVB4","2026-07-23","8,19","8,92","8,96","1015,155692","Superior a 5MM"
"ERDVC4","2026-07-23","8,85","9,10","9,27","976,071013","Até 1MM"
"ESSDA5","2026-07-23","7,70","7,96","8,23","1012,291482","Até 1MM"
"ESULA6","2026-07-23","8,37","8,49","8,55","1198,070560","Entre 1MM e 5MM"
"ETBA12","2026-07-23","8,18","8,31","8,52","1122,463173","Até 1MM"
"ETEN21","2026-07-23","7,10","7,70","7,74","1464,004212","Até 1MM"
"EUFA17","2026-07-23","1,21","1,24","1,26","1053,900053","Até 1MM"
"EUFA18","2026-07-23","0,83","0,84","0,85","1055,731488","Superior a 5MM"
"FBRI13","2026-07-23","7,94","7,96","7,99","1103,632673","Até 1MM"
"FGEN13","2026-07-23","7,69","7,72","7,76","506,833029","Até 1MM"
"FURN21","2026-07-23","8,19","8,47","8,68","1180,171858","Até 1MM"
"GASC22","2026-07-23","8,66","8,83","9,13","1173,535643","Até 1MM"
"GASC23","2026-07-23","8,60","8,66","8,89","1110,473843","Até 1MM"
"GASP29","2026-07-23","8,14","8,24","8,29","1094,136876","Até 1MM"
"HARG11","2026-07-23","8,29","9,09","9,78","1047,368296","Entre 1MM e 5MM"
"HBSA21","2026-07-23","7,85","8,45","9,47","1189,049898","Até 1MM"
"IGSN15","2026-07-23","11,82","12,12","12,15","945,515903","Até 1MM"
"IRJS14","2026-07-23","10,91","11,04","11,59","1114,874590","Entre 1MM e 5MM"
"IRJS15","2026-07-23","10,89","10,97","11,88","1024,367665","Entre 1MM e 5MM"
"ISAEA9","2026-07-23","6,93","7,48","8,23","1051,168655","Entre 1MM e 5MM"
"ISAEB2","2026-07-23","6,97","7,02","7,34","987,425632","Entre 1MM e 5MM"
"ISAEC0","2026-07-23","7,08","7,16","7,66","1012,533247","Até 1MM"
"ITPO15","2026-07-23","8,36","8,44","8,66","1007,173494","Até 1MM"
"IVIAA0","2026-07-23","8,77","9,56","10,10","968,974245","Entre 1MM e 5MM"
"JALL11","2026-07-23","8,26","8,86","9,14","1178,767628","Entre 1MM e 5MM"
"JALL13","2026-07-23","8,34","9,11","9,16","1113,565893","Até 1MM"
"JALL14","2026-07-23","8,31","9,25","9,50","1082,337846","Até 1MM"
"JALL15","2026-07-23","8,35","9,94","10,09","947,790068","Até 1MM"
"JALL21","2026-07-23","9,02","9,22","9,42","1116,664220","Até 1MM"
"JALL24","2026-07-23","8,81","9,01","9,21","1071,340047","Até 1MM"
"JALL26","2026-07-23","8,35","8,61","8,89","1030,852086","Até 1MM"
"JHSFA1","2026-07-23","0,66","0,67","0,68","224,165131","Até 1MM"
"JSMLA5","2026-07-23","3,87","4,29","5,30","984,072928","Superior a 5MM"
"JSMLB5","2026-07-23","14,30","14,94","16,85","1090,914727","Até 1MM"
"JTEE11","2026-07-23","7,89","8,27","9,03","869,264928","Até 1MM"
"KLBNA5","2026-07-23","7,07","7,36","8,51","1016,462141","Até 1MM"
"LCAMD1","2026-07-23","9,74","10,26","11,33","1174,409786","Até 1MM"
"LCAMD3","2026-07-23","9,19","9,26","10,35","1171,876658","Até 1MM"
"LORTA7","2026-07-23","9,25","10,15","10,45","1177,438500","Entre 1MM e 5MM"
"MGLUA0","2026-07-23","0,38","1,78","3,38","519,522935","Até 1MM"
"MOVI18","2026-07-23","14,01","14,06","18,39","1043,157392","Entre 1MM e 5MM"
"MOVI27","2026-07-23","3,03","3,18","4,16","1054,850839","Entre 1MM e 5MM"
"MOVI28","2026-07-23","17,41","18,12","19,89","853,025620","Até 1MM"
"MOVI37","2026-07-23","14,18","16,27","17,00","1023,864427","Até 1MM"
"MOVIA3","2026-07-23","2,04","2,38","2,60","1063,453038","Até 1MM"
"MRSAA1","2026-07-23","7,25","8,29","8,79","1046,810299","Até 1MM"
"MRSAB1","2026-07-23","7,90","7,93","7,95","1064,125384","Até 1MM"
"MRSAB3","2026-07-23","7,25","7,77","7,81","972,389236","Entre 1MM e 5MM"
"MRSAC1","2026-07-23","7,32","7,57","7,77","1075,955403","Até 1MM"
"MRSAC2","2026-07-23","7,25","7,74","7,75","1024,543116","Superior a 5MM"
"MSGT23","2026-07-23","8,19","8,23","8,26","1037,436240","Até 1MM"
"MTRO12","2026-07-23","0,91","0,93","0,94","244,494354","Até 1MM"
"MULPA0","2026-07-23","0,33","0,68","0,69","1047,871480","Superior a 5MM"
"MULTA5","2026-07-23","0,49","0,50","0,56","1040,518888","Superior a 5MM"
"MVLV16","2026-07-23","13,27","13,36","19,50","1745,599314","Superior a 5MM"
"MVLV19","2026-07-23","2,45","2,46","2,94","526,535246","Até 1MM"
"NEOE16","2026-07-23","7,76","8,53","9,00","1366,989313","Até 1MM"
"NEOE26","2026-07-23","8,22","8,57","8,69","813,848298","Até 1MM"
"NRTB11","2026-07-23","15,25","15,33","15,73","156,281216","Até 1MM"
"NTEN11","2026-07-23","11,47","14,78","15,13","921,349023","Até 1MM"
"ORIG11","2026-07-23","11,37","11,38","12,50","996,935787","Superior a 5MM"
"ORIG12","2026-07-23","10,50","11,69","12,83","981,256495","Até 1MM"
"ORIG21","2026-07-23","16,20","18,47","21,66","864,546038","Até 1MM"
"ORIG22","2026-07-23","16,69","19,57","21,66","883,479561","Até 1MM"
"PALF38","2026-07-23","7,08","7,25","7,35","1053,712549","Até 1MM"
"PALFB3","2026-07-23","7,43","8,03","8,52","1037,731325","Entre 1MM e 5MM"
"PASS12","2026-07-23","0,69","0,77","0,95","1057,977323","Até 1MM"
"PEJA11","2026-07-23","7,30","8,33","9,36","1201,187062","Entre 1MM e 5MM"
"PEJA12","2026-07-23","13,77","14,71","15,25","975,749545","Até 1MM"
"PEJA13","2026-07-23","13,75","14,61","15,25","954,319373","Até 1MM"
"PEJA22","2026-07-23","7,91","8,10","8,72","1062,725765","Até 1MM"
"PETR17","2026-07-23","6,70","7,44","7,95","1332,138422","Até 1MM"
"PETR18","2026-07-23","6,10","7,17","8,11","1004,140752","Até 1MM"
"PETR26","2026-07-23","6,74","7,31","7,91","1398,703433","Entre 1MM e 5MM"
"PETR27","2026-07-23","6,75","7,33","8,19","1187,919699","Entre 1MM e 5MM"
"PETR28","2026-07-23","6,48","7,08","7,45","1019,424725","Até 1MM"
"PETR38","2026-07-23","6,49","6,92","7,60","1047,673099","Entre 1MM e 5MM"
"PLSB1A","2026-07-23","9,00","10,17","10,60","1101,879777","Entre 1MM e 5MM"
"PRNR12","2026-07-23","1,97","2,17","2,32","1055,513576","Entre 1MM e 5MM"
"PRTE12","2026-07-23","8,05","8,16","8,34","419,120399","Até 1MM"
"PTAZ11","2026-07-23","8,15","8,18","8,38","1072,063307","Até 1MM"
"QUAT13","2026-07-23","9,46","9,51","9,60","1005,632664","Superior a 5MM"
"QUAT16","2026-07-23","9,52","9,53","9,54","1053,624899","Superior a 5MM"
"RADL14","2026-07-23","107,90","108,19","108,50","506,671190","Até 1MM"
"RDORD4","2026-07-23","1,05","1,10","1,15","1053,038430","Até 1MM"
"RDORE4","2026-07-23","0,88","1,03","1,11","1066,849603","Até 1MM"
"RECV21","2026-07-23","13,56","15,05","15,35","966,477705","Até 1MM"
"RENTD1","2026-07-23","10,16","10,27","10,49","1153,080393","Até 1MM"
"RIGEA3","2026-07-23","7,73","7,74","7,84","1168,985159","Até 1MM"
"RIS412","2026-07-23","11,50","11,95","12,03","9,493190","Até 1MM"
"RIS414","2026-07-23","10,66","12,16","13,49","0,941152","Até 1MM"
"RIS422","2026-07-23","10,83","11,59","12,66","8,353072","Até 1MM"
"RIS424","2026-07-23","10,55","11,19","12,35","0,889690","Até 1MM"
"RISP12","2026-07-23","11,10","12,32","13,06","9,367100","Superior a 5MM"
"RISP14","2026-07-23","10,80","13,47","15,90","0,894327","Até 1MM"
"RISP22","2026-07-23","10,80","12,24","14,88","7,998845","Até 1MM"
"RISP24","2026-07-23","12,10","12,28","12,61","0,829010","Até 1MM"
"RMSA12","2026-07-23","10,00","10,14","11,92","1184,746393","Entre 1MM e 5MM"
"ROTY13","2026-07-23","8,04","8,07","8,08","999,350609","Superior a 5MM"
"RRRP13","2026-07-23","8,39","9,53","10,19","1121,450357","Até 1MM"
"RSAN26","2026-07-23","10,13","10,83","11,40","884,317384","Até 1MM"
"RSAN44","2026-07-23","9,19","11,09","11,40","868,347282","Até 1MM"
"RUMOA2","2026-07-23","8,15","8,89","9,38","1429,052040","Até 1MM"
"RUMOA3","2026-07-23","8,69","8,84","9,07","1368,648404","Até 1MM"
"RUMOA4","2026-07-23","7,75","8,84","9,27","1395,298527","Entre 1MM e 5MM"
"RUMOA5","2026-07-23","8,72","8,82","9,01","1181,885111","Até 1MM"
"RUMOA6","2026-07-23","8,05","8,80","9,33","1158,376373","Entre 1MM e 5MM"
"RUMOB3","2026-07-23","8,72","8,92","9,35","1343,027480","Entre 1MM e 5MM"
"RUMOB5","2026-07-23","8,52","8,82","9,13","1004,671343","Entre 1MM e 5MM"
"RUMOB6","2026-07-23","8,50","9,01","9,15","988,358788","Até 1MM"
"RUMOB7","2026-07-23","8,76","8,80","8,86","1012,782421","Até 1MM"
"SAELB7","2026-07-23","7,50","7,84","8,12","999,650558","Até 1MM"
"SAPR10","2026-07-23","7,33","7,99","8,05","14275,787803","Até 1MM"
"SBSPB6","2026-07-23","7,69","7,73","8,19","1398,738004","Até 1MM"
"SBSPD4","2026-07-23","7,57","7,67","7,82","1359,304046","Até 1MM"
"SBSPE3","2026-07-23","7,14","7,50","8,19","1121,037636","Até 1MM"
"SBSPE9","2026-07-23","7,51","7,62","8,17","1192,834716","Até 1MM"
"SBSPF3","2026-07-23","7,06","7,64","8,36","1095,171455","Superior a 5MM"
"SBSPI8","2026-07-23","7,00","7,30","7,70","983,446381","Entre 1MM e 5MM"
"SBSPJ8","2026-07-23","7,08","7,35","7,70","975,282989","Superior a 5MM"
"SBSPK8","2026-07-23","6,98","7,47","7,58","948,757905","Entre 1MM e 5MM"
"SIMH16","2026-07-23","2,85","4,23","5,21","989,130162","Superior a 5MM"
"SMFTA2","2026-07-23","0,71","0,72","0,73","1054,569611","Superior a 5MM"
"SMTO14","2026-07-23","8,40","8,68","9,15","1092,117374","Até 1MM"
"SMTO24","2026-07-23","8,05","8,56","9,10","1042,318535","Até 1MM"
"STBP45","2026-07-23","8,01","8,17","8,19","997,166280","Até 1MM"
"SUZB19","2026-07-23","7,24","7,27","7,82","1110,337295","Até 1MM"
"SUZBA0","2026-07-23","7,00","7,50","7,95","1060,971527","Superior a 5MM"
"SUZBC1","2026-07-23","6,97","7,30","7,48","1038,093460","Até 1MM"
"TAEB15","2026-07-23","12,88","13,17","16,25","428,702579","Entre 1MM e 5MM"
"TAEE17","2026-07-23","7,30","7,91","8,51","1426,658379","Até 1MM"
"TAEE26","2026-07-23","7,80","7,84","7,92","1218,321355","Até 1MM"
"TAEEA1","2026-07-23","0,43","0,45","0,48","1049,337941","Até 1MM"
"TAEEA4","2026-07-23","6,98","7,59","8,59","1064,222794","Até 1MM"
"TAEEA7","2026-07-23","7,45","7,59","7,79","1159,282519","Até 1MM"
"TAEEA8","2026-07-23","7,96","8,07","8,27","1076,789103","Até 1MM"
"TAEEB0","2026-07-23","6,58","7,44","7,97","964,392616","Até 1MM"
"TAEEB2","2026-07-23","7,20","7,99","8,44","1153,706301","Entre 1MM e 5MM"
"TAEEB8","2026-07-23","6,83","7,49","8,52","1090,723578","Até 1MM"
"TAEEC2","2026-07-23","7,40","7,66","7,97","1134,245667","Até 1MM"
"TAEEC4","2026-07-23","7,25","7,79","8,40","1045,428430","Entre 1MM e 5MM"
"TAEED2","2026-07-23","7,10","7,22","8,09","1110,027039","Até 1MM"
"TEPA22","2026-07-23","16,43","17,19","25,89","969,567805","Até 1MM"
"TEPA23","2026-07-23","18,25","19,32","19,95","1038,066222","Até 1MM"
"TGR721","2026-07-23","7,89","8,03","8,19","980,808795","Até 1MM"
"TIET29","2026-07-23","7,79","7,84","8,14","1435,650459","Até 1MM"
"TIET39","2026-07-23","7,70","8,57","8,61","1419,798619","Até 1MM"
"TPEN11","2026-07-23","8,13","8,56","8,74","1030,712300","Até 1MM"
"TRPLA4","2026-07-23","7,36","7,88","8,37","1068,886777","Até 1MM"
"TRPLA7","2026-07-23","6,95","7,63","8,17","1125,566368","Entre 1MM e 5MM"
"TRPLB4","2026-07-23","7,32","7,65","8,15","1060,743738","Até 1MM"
"TRPLB7","2026-07-23","7,73","7,82","8,28","1010,271011","Até 1MM"
"UHSM12","2026-07-23","7,82","7,83","8,14","1150,223008","Entre 1MM e 5MM"
"UNEG11","2026-07-23","8,90","8,91","9,61","1120,702943","Superior a 5MM"
"USAS11","2026-07-23","9,99","10,36","10,85","679,817683","Até 1MM"
"USCA22","2026-07-23","17,12","18,01","21,55","910,758396","Até 1MM"
"UTPS11","2026-07-23","9,19","9,51","10,16","629,506382","Até 1MM"
"UTPS12","2026-07-23","7,85","9,39","9,68","607,641144","Até 1MM"
"UTPS21","2026-07-23","8,46","8,54","9,29","1383,659561","Até 1MM"
"UTPS22","2026-07-23","9,24","9,61","10,24","1177,568756","Até 1MM"
"VALEA0","2026-07-23","6,83","7,54","7,83","1034,396486","Superior a 5MM"
"VALEB0","2026-07-23","6,66","7,33","7,93","1041,579137","Entre 1MM e 5MM"
"VALEB1","2026-07-23","6,41","7,07","7,91","1054,926654","Entre 1MM e 5MM"
"VALEC0","2026-07-23","6,65","7,25","8,01","1034,251812","Entre 1MM e 5MM"
"VALEC1","2026-07-23","6,55","7,13","8,02","1039,252372","Entre 1MM e 5MM"
"VALED1","2026-07-23","6,54","7,10","7,29","1039,371021","Entre 1MM e 5MM"
"VAMO14","2026-07-23","3,76","4,42","5,10","1022,531822","Até 1MM"
"VAMO24","2026-07-23","4,34","4,35","4,36","998,824374","Entre 1MM e 5MM"
"VAMO33","2026-07-23","14,66","14,70","16,85","1035,128304","Superior a 5MM"
"VAMO34","2026-07-23","14,66","14,71","16,85","1039,522353","Entre 1MM e 5MM"
"VBBRA0","2026-07-23","7,67","8,18","8,45","993,769385","Entre 1MM e 5MM"
"VERO12","2026-07-23","15,44","16,27","18,00","1070,286290","Até 1MM"
"VERO13","2026-07-23","11,57","15,01","15,50","959,906281","Até 1MM"
"VERO15","2026-07-23","15,98","16,43","16,61","957,759602","Até 1MM"
"VERO23","2026-07-23","24,14","24,60","25,09","791,790897","Até 1MM"
"VERO44","2026-07-23","11,13","11,37","11,63","987,748643","Até 1MM"
"VIXL15","2026-07-23","0,96","0,98","1,00","520,653782","Até 1MM"
"VLIM13","2026-07-23","7,46","7,74","8,05","1214,457586","Até 1MM"
"VLIM27","2026-07-23","8,00","8,01","8,58","991,087393","Até 1MM"
"VPLT12","2026-07-23","9,56","9,98","11,00","212,529488","Até 1MM"
"ABSP12","2026-07-22","1,33","1,35","1,37","1043,055614","Até 1MM"
"ACMB13","2026-07-22","1,51","1,53","1,55","1042,620937","Até 1MM"
"AEAB11","2026-07-22","8,47","8,69","9,09","1090,425880","Até 1MM"
"AEGE17","2026-07-22","4,30","6,00","7,05","921,635579","Superior a 5MM"
"AEGP19","2026-07-22","1,80","2,30","2,80","1042,331401","Até 1MM"
"AEGPA0","2026-07-22","19,09","20,08","21,00","966,055877","Até 1MM"
"AEGPA4","2026-07-22","3,04","3,31","3,84","1039,731997","Até 1MM"
"AEGPA8","2026-07-22","17,13","17,89","18,21","959,921983","Até 1MM"
"AESLB7","2026-07-22","7,69","7,71","7,74","1003,392938","Até 1MM"
"AESLC2","2026-07-22","7,71","8,03","8,08","972,296946","Superior a 5MM"
"ALAR13","2026-07-22","18,19","21,55","21,69","874,605747","Até 1MM"
"ALGAB1","2026-07-22","8,39","8,75","9,44","1161,006506","Até 1MM"
"ALGAC2","2026-07-22","8,49","8,76","9,03","1122,439161","Até 1MM"
"ALGTA4","2026-07-22","8,41","8,73","9,06","1032,632565","Até 1MM"
"ANIM15","2026-07-22","2,06","2,07","2,09","770,274397","Entre 1MM e 5MM"
"ANIM18","2026-07-22","1,97","2,20","2,24","1024,402608","Superior a 5MM"
"APRB18","2026-07-22","9,11","9,12","9,13","1232,164708","Até 1MM"
"ARTR19","2026-07-22","9,24","11,03","14,47","1381,652865","Entre 1MM e 5MM"
"ARTRB7","2026-07-22","16,07","16,10","16,13","936,174229","Até 1MM"
"ARTRB8","2026-07-22","15,02","15,08","15,22","984,970756","Até 1MM"
"ASCP13","2026-07-22","8,08","8,64","8,85","966,687750","Até 1MM"
"ASCP23","2026-07-22","8,75","8,92","9,26","1149,638788","Entre 1MM e 5MM"
"AURE12","2026-07-22","8,18","8,26","8,35","1022,709566","Até 1MM"
"AURP12","2026-07-22","7,50","8,23","8,25","1032,007321","Entre 1MM e 5MM"
"AXIA18","2026-07-22","6,92","7,80","7,91","1005,739333","Superior a 5MM"
"AXIA19","2026-07-22","7,95","8,02","8,04","1004,114760","Superior a 5MM"
"AXIA28","2026-07-22","7,23","7,48","7,74","1004,215902","Superior a 5MM"
"AXIA38","2026-07-22","7,02","7,32","7,66","1000,480505","Superior a 5MM"
"BCPSA7","2026-07-22","7,78","7,80","8,51","987,283703","Entre 1MM e 5MM"
"BHSA11","2026-07-22","8,22","8,35","8,36","1006,192090","Entre 1MM e 5MM"
"BRKMA6","2026-07-22","84,33","84,37","84,56","304,524618","Até 1MM"
"BRKMA8","2026-07-22","50,69","57,95","73,86","366,981019","Até 1MM"
"BRKP28","2026-07-22","10,26","10,35","10,83","1148,761088","Até 1MM"
"BRMLB1","2026-07-22","0,52","0,53","0,54","1080,689990","Até 1MM"
"BRST11","2026-07-22","7,15","8,39","8,74","769,035488","Até 1MM"
"BTEL13","2026-07-22","14,46","15,62","17,30","1019,314964","Até 1MM"
"BTGH18","2026-07-22","1,09","1,10","1,11","1026,014434","Até 1MM"
"BTGL11","2026-07-22","13,54","14,07","14,14","965,261893","Até 1MM"
"CAMLA1","2026-07-22","1,67","1,70","2,54","1031,801050","Entre 1MM e 5MM"
"CBAN12","2026-07-22","7,45","8,24","8,76","1397,862023","Até 1MM"
"CBAN32","2026-07-22","8,14","8,34","8,50","1410,240789","Até 1MM"
"CBAN52","2026-07-22","8,17","8,41","8,64","1406,958874","Até 1MM"
"CBAN72","2026-07-22","8,17","8,19","8,60","1418,342625","Até 1MM"
"CCROA5","2026-07-22","7,47","7,60","8,14","932,605251","Até 1MM"
"CCROB4","2026-07-22","7,72","7,73","7,76","803,914638","Até 1MM"
"CCROB6","2026-07-22","7,32","7,92","8,40","1153,767566","Entre 1MM e 5MM"
"CDAR11","2026-07-22","1,58","1,59","1,60","1052,180398","Até 1MM"
"CEEBB6","2026-07-22","7,95","8,01","8,19","1118,256828","Até 1MM"
"CEEBB7","2026-07-22","8,25","8,61","8,99","1016,254314","Até 1MM"
"CEEBC3","2026-07-22","8,23","8,40","8,58","1188,961659","Até 1MM"
"CEEBC4","2026-07-22","7,80","7,94","8,10","1155,814416","Até 1MM"
"CEEBD1","2026-07-22","13,65","13,94","14,31","931,975628","Entre 1MM e 5MM"
"CEEBD2","2026-07-22","7,50","7,88","8,09","946,633402","Entre 1MM e 5MM"
"CEED15","2026-07-22","7,53","8,18","8,92","1015,556580","Até 1MM"
"CEPEA6","2026-07-22","13,46","14,17","14,47","1009,999775","Até 1MM"
"CEPEA7","2026-07-22","7,28","7,58","7,79","1036,414044","Até 1MM"
"CEPEB3","2026-07-22","8,27","8,39","8,52","1027,240357","Até 1MM"
"CEPEB7","2026-07-22","7,65","7,88","8,09","980,285089","Até 1MM"
"CERT11","2026-07-22","7,90","8,43","8,65","1182,752888","Entre 1MM e 5MM"
"CESE32","2026-07-22","7,20","8,23","8,47","1148,239976","Até 1MM"
"CESPA2","2026-07-22","7,88","8,24","8,28","1313,889377","Entre 1MM e 5MM"
"CESPA3","2026-07-22","7,48","7,81","7,98","1041,017517","Até 1MM"
"CGASA2","2026-07-22","7,04","7,63","7,96","1056,039115","Até 1MM"
"CGEE13","2026-07-22","14,73","14,85","15,20","775,602166","Até 1MM"
"CGMG18","2026-07-22","8,28","8,32","8,46","1068,651233","Até 1MM"
"CGOS13","2026-07-22","7,50","8,30","8,57","1132,837692","Entre 1MM e 5MM"
"CGOS16","2026-07-22","7,79","8,28","8,73","1005,888171","Entre 1MM e 5MM"
"CGOS24","2026-07-22","7,55","8,27","8,43","1090,678177","Superior a 5MM"
"CGOS28","2026-07-22","7,60","8,23","8,39","1018,520107","Até 1MM"
"CGOS34","2026-07-22","7,61","8,03","8,34","1076,932412","Até 1MM"
"CGOSA2","2026-07-22","7,33","8,24","8,26","920,189640","Superior a 5MM"
"CGOSB0","2026-07-22","7,60","7,97","8,28","1033,096608","Até 1MM"
"CHSF13","2026-07-22","7,15","7,83","8,21","1067,713282","Entre 1MM e 5MM"
"CLAG15","2026-07-22","8,26","8,33","8,76","1019,380509","Até 1MM"
"CLCD27","2026-07-22","7,84","7,85","7,96","1053,128874","Até 1MM"
"CLTM14","2026-07-22","8,83","9,25","9,72","1003,839269","Entre 1MM e 5MM"
"CMGD28","2026-07-22","6,69","8,18","8,74","1147,314587","Até 1MM"
"CMGDA4","2026-07-22","7,80","7,83","7,84","984,711872","Até 1MM"
"CMGDB0","2026-07-22","7,52","8,02","8,19","1043,110803","Entre 1MM e 5MM"
"CMGDB1","2026-07-22","7,30","7,76","8,65","1037,280222","Até 1MM"
"CMGDB2","2026-07-22","6,99","7,82","8,42","1067,422131","Entre 1MM e 5MM"
"CMGDB4","2026-07-22","6,91","7,71","8,40","969,452105","Até 1MM"
"CMGTB1","2026-07-22","7,78","7,83","7,88","960,001937","Entre 1MM e 5MM"
"CMIN11","2026-07-22","15,09","15,74","16,64","857,856932","Até 1MM"
"CMIN12","2026-07-22","15,40","15,56","16,70","817,284509","Entre 1MM e 5MM"
"CMIN21","2026-07-22","11,28","15,52","16,39","701,829188","Até 1MM"
"CMTR29","2026-07-22","7,82","7,87","7,93","1190,296354","Até 1MM"
"COMR14","2026-07-22","9,57","9,69","9,94","1001,194304","Até 1MM"
"COMT11","2026-07-22","7,95","7,98","8,00","1017,903063","Entre 1MM e 5MM"
"CPFGA2","2026-07-22","7,41","7,50","7,56","1155,046560","Até 1MM"
"CPFPA9","2026-07-22","7,37","7,63","7,89","1106,286597","Entre 1MM e 5MM"
"CPGT17","2026-07-22","0,43","0,53","0,81","521,172941","Até 1MM"
"CPGT27","2026-07-22","7,59","7,73","7,89","1205,091428","Até 1MM"
"CPLD26","2026-07-22","7,43","7,76","8,40","1207,991010","Até 1MM"
"CPLD27","2026-07-22","0,73","0,81","0,83","516,328807","Até 1MM"
"CPLD29","2026-07-22","7,44","8,02","8,28","1018,552944","Entre 1MM e 5MM"
"CPLD37","2026-07-22","7,52","7,87","8,26","1130,517449","Entre 1MM e 5MM"
"CPLDC0","2026-07-22","7,15","7,84","7,89","992,307990","Até 1MM"
"CRMG15","2026-07-22","8,78","9,01","9,24","791,192765","Até 1MM"
"CSAN33","2026-07-22","10,05","10,18","10,45","1165,673224","Até 1MM"
"CSNAA2","2026-07-22","16,69","16,70","16,71","909,389986","Superior a 5MM"
"CSNAB4","2026-07-22","24,57","24,58","24,59","558,393731","Até 1MM"
"CSNAC4","2026-07-22","22,22","22,23","22,24","464,567345","Até 1MM"
"CSRN29","2026-07-22","8,11","8,21","8,30","1405,427436","Até 1MM"
"CSRNA3","2026-07-22","13,74","14,14","14,24","925,126691","Entre 1MM e 5MM"
"CSRNB2","2026-07-22","8,13","8,16","8,18","1024,309466","Até 1MM"
"CSRNB3","2026-07-22","7,50","7,62","7,71","962,980674","Até 1MM"
"CSRNB4","2026-07-22","13,61","14,19","14,21","971,513607","Até 1MM"
"CSRNC0","2026-07-22","8,17","8,19","8,22","1149,446120","Até 1MM"
"CTEE18","2026-07-22","7,21","7,98","8,60","1324,209291","Entre 1MM e 5MM"
"CTEE19","2026-07-22","0,49","0,53","0,60","1058,323043","Até 1MM"
"CTEE1B","2026-07-22","7,43","7,89","8,18","1189,736789","Entre 1MM e 5MM"
"CTEE29","2026-07-22","7,20","7,94","7,98","965,774929","Até 1MM"
"CTEE2B","2026-07-22","7,63","7,77","7,97","1115,143221","Até 1MM"
"CTGE11","2026-07-22","7,66","7,73","8,26","1346,738609","Entre 1MM e 5MM"
"CXER12","2026-07-22","8,85","8,88","9,74","430,951102","Até 1MM"
"DASAB4","2026-07-22","1,51","1,52","1,53","1047,061753","Entre 1MM e 5MM"
"DESK19","2026-07-22","7,55","8,15","8,33","1067,470895","Superior a 5MM"
"EBENA8","2026-07-22","8,02","8,03","8,06","1039,137132","Entre 1MM e 5MM"
"ECER12","2026-07-22","7,41","8,00","8,52","1342,910177","Até 1MM"
"ECHP11","2026-07-22","8,70","8,73","8,76","949,978344","Até 1MM"
"EDTE12","2026-07-22","7,42","8,05","8,20","996,185574","Até 1MM"
"EEELA0","2026-07-22","7,67","7,96","8,50","1063,609881","Até 1MM"
"EEELA1","2026-07-22","7,56","7,83","7,99","1031,558034","Até 1MM"
"EEELA4","2026-07-22","7,66","7,75","7,86","1098,910069","Até 1MM"
"EGIE27","2026-07-22","6,73","7,82","8,00","988,909807","Até 1MM"
"EGIE29","2026-07-22","7,40","7,97","8,72","1363,759133","Até 1MM"
"EGIEA0","2026-07-22","7,71","7,88","8,28","1035,028883","Até 1MM"
"EGIEA1","2026-07-22","7,78","7,88","7,91","1075,885094","Até 1MM"
"EGIEA3","2026-07-22","13,38","14,12","14,55","983,316386","Até 1MM"
"EGIEA4","2026-07-22","13,11","13,89","13,98","1214,220468","Entre 1MM e 5MM"
"EGIEA5","2026-07-22","13,42","14,29","14,59","1066,602624","Até 1MM"
"EGIEA6","2026-07-22","7,00","7,78","7,81","935,815485","Superior a 5MM"
"EGIEB4","2026-07-22","7,77","7,78","7,79","1163,861813","Superior a 5MM"
"EGIEB5","2026-07-22","7,67","7,76","8,31","1063,006963","Entre 1MM e 5MM"
"EGIEC1","2026-07-22","13,18","14,07","14,55","1228,247961","Até 1MM"
"EKTRA5","2026-07-22","13,80","14,28","15,09","1006,472477","Até 1MM"
"EKTRA6","2026-07-22","7,39","7,86","8,09","1015,373133","Até 1MM"
"EKTRA8","2026-07-22","8,08","8,09","8,10","1003,038430","Superior a 5MM"
"EKTRB3","2026-07-22","7,79","8,08","8,17","1028,710159","Até 1MM"
"EKTRB6","2026-07-22","7,10","8,00","8,07","972,691510","Até 1MM"
"EKTRC0","2026-07-22","7,51","7,85","8,04","1209,027086","Até 1MM"
"EKTRC1","2026-07-22","8,12","8,24","8,78","1148,492811","Até 1MM"
"EKTT11","2026-07-22","7,84","8,03","8,23","1169,333159","Entre 1MM e 5MM"
"ELET14","2026-07-22","7,10","7,90","8,44","1109,327359","Entre 1MM e 5MM"
"ELET16","2026-07-22","7,25","7,77","8,25","1063,057775","Entre 1MM e 5MM"
"ELET23","2026-07-22","7,15","7,59","8,50","1226,502779","Entre 1MM e 5MM"
"ELET24","2026-07-22","0,53","0,95","0,99","1062,751652","Superior a 5MM"
"ELET42","2026-07-22","7,00","7,65","8,53","1426,742163","Entre 1MM e 5MM"
"ELPLA7","2026-07-22","12,54","12,58","12,66","963,322177","Entre 1MM e 5MM"
"ELTN15","2026-07-22","7,89","7,95","8,19","1063,722816","Entre 1MM e 5MM"
"ELTN17","2026-07-22","13,29","13,82","14,19","980,863508","Até 1MM"
"ELTN19","2026-07-22","0,63","0,64","0,65","1027,397875","Entre 1MM e 5MM"
"ELTN27","2026-07-22","7,11","7,78","8,44","1025,965284","Até 1MM"
"ELTN37","2026-07-22","7,16","7,51","7,82","1028,131637","Entre 1MM e 5MM"
"ENAT11","2026-07-22","8,60","9,55","10,19","1054,531914","Entre 1MM e 5MM"
"ENAT12","2026-07-22","8,98","9,08","9,58","1131,261568","Até 1MM"
"ENAT13","2026-07-22","8,27","9,51","10,53","1065,645883","Entre 1MM e 5MM"
"ENAT14","2026-07-22","8,00","9,14","9,53","1076,665791","Até 1MM"
"ENAT23","2026-07-22","14,35","15,42","16,10","964,503742","Entre 1MM e 5MM"
"ENAT32","2026-07-22","14,65","15,25","16,09","1017,511566","Entre 1MM e 5MM"
"ENAT33","2026-07-22","8,19","9,55","10,19","1046,450300","Até 1MM"
"ENERB4","2026-07-22","7,98","8,12","8,24","1013,971302","Até 1MM"
"ENERB7","2026-07-22","7,73","8,27","8,28","991,662254","Superior a 5MM"
"ENERC7","2026-07-22","7,23","7,69","7,92","1008,130118","Até 1MM"
"ENEV13","2026-07-22","7,80","8,09","8,33","942,367239","Entre 1MM e 5MM"
"ENEV15","2026-07-22","7,35","8,17","8,51","1355,039578","Entre 1MM e 5MM"
"ENEV16","2026-07-22","7,39","8,01","8,67","1299,605747","Até 1MM"
"ENEV18","2026-07-22","7,46","8,23","8,55","1111,087863","Entre 1MM e 5MM"
"ENEV19","2026-07-22","7,37","8,06","8,69","1172,451626","Até 1MM"
"ENEV26","2026-07-22","7,25","7,95","8,35","1164,615908","Até 1MM"
"ENEV28","2026-07-22","7,30","8,16","8,32","1067,866964","Entre 1MM e 5MM"
"ENEV29","2026-07-22","7,40","8,17","8,67","1135,724326","Superior a 5MM"
"ENEV32","2026-07-22","7,51","8,22","8,80","1410,066157","Entre 1MM e 5MM"
"ENEV39","2026-07-22","7,26","8,04","8,46","1135,470040","Até 1MM"
"ENEVA0","2026-07-22","7,68","8,06","8,25","1047,685629","Até 1MM"
"ENEVB0","2026-07-22","7,26","8,06","8,55","1018,152413","Até 1MM"
"ENGIA5","2026-07-22","7,82","8,12","8,32","1212,581050","Até 1MM"
"ENGIA6","2026-07-22","7,84","8,71","8,94","1175,534347","Até 1MM"
"ENGIB0","2026-07-22","7,50","8,18","8,35","1045,683619","Entre 1MM e 5MM"
"ENGIB2","2026-07-22","7,41","8,20","8,96","1009,083458","Entre 1MM e 5MM"
"ENGIB4","2026-07-22","7,66","8,20","8,29","1290,669262","Até 1MM"
"ENGIB6","2026-07-22","8,17","8,19","8,23","1136,276410","Até 1MM"
"ENGIB9","2026-07-22","7,45","8,22","8,86","1074,798263","Entre 1MM e 5MM"
"ENGIC0","2026-07-22","7,33","8,01","8,44","999,692408","Até 1MM"
"ENJG21","2026-07-22","7,78","8,33","9,59","338,677433","Até 1MM"
"ENMTA4","2026-07-22","7,50","7,89","7,90","1221,900536","Até 1MM"
"ENMTA5","2026-07-22","7,84","8,05","8,61","1187,021398","Até 1MM"
"ENMTC4","2026-07-22","13,78","14,89","15,40","981,354225","Até 1MM"
"ENMTF8","2026-07-22","8,19","8,35","8,40","941,034354","Superior a 5MM"
"ENSEA1","2026-07-22","7,97","8,00","8,02","1221,244839","Até 1MM"
"ENTV12","2026-07-22","8,61","8,70","9,48","1411,483861","Entre 1MM e 5MM"
"EQPA18","2026-07-22","7,52","8,06","8,78","1071,097400","Até 1MM"
"EQPA19","2026-07-22","7,52","7,83","8,25","1004,957502","Entre 1MM e 5MM"
"EQUA11","2026-07-22","8,55","8,61","8,65","990,995028","Até 1MM"
"ERDVA4","2026-07-22","8,31","8,78","9,10","1030,604546","Até 1MM"
"ERDVB4","2026-07-22","8,05","8,80","9,31","1021,142776","Até 1MM"
"ERDVC4","2026-07-22","8,75","8,79","9,16","997,396327","Entre 1MM e 5MM"
"ESULA6","2026-07-22","8,05","8,30","8,42","1204,920841","Até 1MM"
"ETBA12","2026-07-22","8,06","8,16","8,52","1124,911520","Até 1MM"
"ETEN21","2026-07-22","7,56","7,90","8,05","1459,847212","Até 1MM"
"FBRI13","2026-07-22","7,70","7,89","8,11","1106,771296","Até 1MM"
"FSII14","2026-07-22","9,36","10,12","10,19","1022,016632","Entre 1MM e 5MM"
"FURN21","2026-07-22","7,87","8,29","8,76","1182,633322","Até 1MM"
"GASC22","2026-07-22","8,60","8,68","8,89","1178,930680","Até 1MM"
"GASC28","2026-07-22","8,05","8,34","8,96","1022,700221","Entre 1MM e 5MM"
"GASP29","2026-07-22","7,63","7,96","8,77","1112,818783","Até 1MM"
"HAPVA0","2026-07-22","5,99","7,19","7,21","816,211587","Superior a 5MM"
"HARG11","2026-07-22","8,84","8,96","9,15","1053,437653","Até 1MM"
"HBSA11","2026-07-22","8,66","8,93","9,25","1220,086458","Até 1MM"
"HBSA21","2026-07-22","7,77","8,21","9,06","1198,412412","Até 1MM"
"IGSN15","2026-07-22","12,30","13,17","14,25","912,571831","Até 1MM"
"IOCHA4","2026-07-22","1,08","1,10","1,12","1045,639079","Até 1MM"
"IOCHA7","2026-07-22","1,31","1,32","1,33","1015,493329","Superior a 5MM"
"IRJS14","2026-07-22","10,86","11,08","11,55","1111,958339","Entre 1MM e 5MM"
"IRJS15","2026-07-22","9,75","10,82","11,70","1032,924905","Até 1MM"
"ISAEA9","2026-07-22","6,88","7,33","7,65","1064,451107","Até 1MM"
"ISAEB0","2026-07-22","6,90","7,33","7,66","1006,765932","Até 1MM"
"ISAEB2","2026-07-22","6,93","6,96","6,99","991,575588","Até 1MM"
"ISAEB8","2026-07-22","7,21","7,83","8,43","1066,873589","Até 1MM"
"ISAEC0","2026-07-22","7,03","7,21","7,58","1007,589043","Até 1MM"
"IVIAA0","2026-07-22","9,40","9,47","9,50","972,930143","Entre 1MM e 5MM"
"JALL11","2026-07-22","8,88","8,98","9,42","1174,980805","Até 1MM"
"JALL13","2026-07-22","8,31","8,92","10,58","1121,259249","Até 1MM"
"JALL14","2026-07-22","8,34","8,63","9,40","1104,139959","Até 1MM"
"JALL15","2026-07-22","8,26","9,02","9,09","991,288874","Até 1MM"
"JALL21","2026-07-22","9,10","9,22","9,35","1115,646107","Até 1MM"
"JALL26","2026-07-22","8,93","9,20","9,48","998,788539","Até 1MM"
"JHSFA1","2026-07-22","0,65","0,66","0,67","224,049052","Até 1MM"
"JSMLA5","2026-07-22","3,72","4,04","4,99","989,181213","Superior a 5MM"
"JSMLB5","2026-07-22","13,85","15,46","16,75","1072,806809","Até 1MM"
"JTEE11","2026-07-22","7,90","7,99","8,10","876,149381","Até 1MM"
"KLBNA5","2026-07-22","7,00","7,25","7,74","1024,671778","Até 1MM"
"LCAMD1","2026-07-22","9,30","9,59","11,33","1199,218570","Até 1MM"
"LCAMD3","2026-07-22","9,15","10,23","10,30","1146,075404","Até 1MM"
"LORTA7","2026-07-22","10,10","10,24","10,50","1173,046978","Até 1MM"
"LTTE15","2026-07-22","8,44","8,54","8,83","1067,201758","Até 1MM"
"MGLUA0","2026-07-22","1,76","1,77","1,78","519,226485","Até 1MM"
"MNRVA1","2026-07-22","1,64","1,65","1,66","1040,533884","Até 1MM"
"MOBP13","2026-07-22","9,63","9,86","9,88","873,513362","Até 1MM"
"MOTVB9","2026-07-22","7,81","7,91","8,16","970,238105","Até 1MM"
"MOVI18","2026-07-22","13,30","14,18","16,30","1039,389211","Até 1MM"
"MOVI27","2026-07-22","2,94","3,53","4,20","1047,339787","Até 1MM"
"MOVI28","2026-07-22","13,90","14,16","22,10","973,108621","Superior a 5MM"
"MOVI34","2026-07-22","1,69","1,76","1,90","719,185905","Entre 1MM e 5MM"
"MOVI37","2026-07-22","14,01","14,29","17,00","1084,543474","Entre 1MM e 5MM"
"MOVIA3","2026-07-22","1,96","2,35","2,60","1063,212573","Até 1MM"
"MRSAB1","2026-07-22","7,43","7,81","7,85","1070,573645","Até 1MM"
"MRSAB2","2026-07-22","7,61","7,81","7,83","1034,285605","Até 1MM"
"MRSAB3","2026-07-22","6,90","7,76","7,78","973,182646","Superior a 5MM"
"MRSAC1","2026-07-22","7,66","7,96","8,50","1045,397902","Até 1MM"
"MRSAC2","2026-07-22","7,24","7,46","7,62","1046,848114","Até 1MM"
"MSGT23","2026-07-22","7,40","8,14","8,16","1042,700629","Até 1MM"
"MSGT33","2026-07-22","7,37","7,98","8,03","998,657981","Até 1MM"
"MTRO12","2026-07-22","0,92","0,93","0,95","244,351315","Até 1MM"
"MVLV16","2026-07-22","13,90","13,95","14,01","1727,590597","Superior a 5MM"
"MVLV19","2026-07-22","2,14","2,23","3,50","527,275661","Até 1MM"
"NEOE16","2026-07-22","7,65","8,20","8,93","1373,809792","Entre 1MM e 5MM"
"NEOE26","2026-07-22","7,67","8,15","8,61","824,644644","Até 1MM"
"NRTB11","2026-07-22","15,28","15,32","15,36","156,185163","Até 1MM"
"NTEN11","2026-07-22","13,69","13,77","14,30","935,835276","Até 1MM"
"OMGE41","2026-07-22","8,92","9,45","9,77","1435,806616","Até 1MM"
"ORIG11","2026-07-22","10,18","11,18","12,15","1004,943296","Até 1MM"
"ORIG12","2026-07-22","10,00","10,73","11,41","1022,710941","Até 1MM"
"ORIG21","2026-07-22","17,08","19,13","21,56","844,207656","Até 1MM"
"ORIG22","2026-07-22","17,43","20,99","21,56","842,391659","Até 1MM"
"OVSAB1","2026-07-22","2,38","2,39","2,40","999,688867","Até 1MM"
"PALF38","2026-07-22","7,05","7,28","7,53","1053,170752","Até 1MM"
"PALFA3","2026-07-22","7,89","7,91","7,94","1065,903089","Até 1MM"
"PALFB3","2026-07-22","7,35","7,96","8,44","1041,760340","Até 1MM"
"PALFB6","2026-07-22","7,78","7,92","7,93","1089,119147","Superior a 5MM"
"PEJA11","2026-07-22","7,60","8,33","9,08","1200,701383","Até 1MM"
"PEJA12","2026-07-22","13,20","13,77","15,10","992,789884","Entre 1MM e 5MM"
"PEJA13","2026-07-22","13,45","14,18","15,34","962,399649","Entre 1MM e 5MM"
"PEJA21","2026-07-22","0,99","1,02","1,05","1078,398016","Entre 1MM e 5MM"
"PEJA22","2026-07-22","7,88","8,22","8,41","1056,403212","Até 1MM"
"PEJA23","2026-07-22","8,33","8,64","8,98","1018,121530","Até 1MM"
"PETR17","2026-07-22","6,84","7,52","7,94","1329,152011","Entre 1MM e 5MM"
"PETR18","2026-07-22","6,68","7,27","7,90","997,339767","Entre 1MM e 5MM"
"PETR26","2026-07-22","6,78","7,31","7,88","1398,395340","Entre 1MM e 5MM"
"PETR27","2026-07-22","6,68","7,38","8,06","1183,798344","Entre 1MM e 5MM"
"PETR28","2026-07-22","6,38","6,94","7,50","1031,062512","Superior a 5MM"
"PETR38","2026-07-22","6,41","6,93","7,69","1046,700402","Entre 1MM e 5MM"
"PLSB1A","2026-07-22","8,84","9,95","11,40","1107,446165","Entre 1MM e 5MM"
"PLSB2A","2026-07-22","1,19","1,20","1,24","846,574868","Entre 1MM e 5MM"
"PRTE12","2026-07-22","7,99","8,04","8,14","419,492563","Até 1MM"
"QUAT13","2026-07-22","8,67","9,62","9,69","1001,699052","Entre 1MM e 5MM"
"RADL14","2026-07-22","105,90","106,19","106,50","507,530071","Até 1MM"
"RDORC9","2026-07-22","1,09","1,13","1,20","1089,873870","Até 1MM"
"RDORD3","2026-07-22","1,08","1,10","1,11","1061,367824","Superior a 5MM"
"RDORD9","2026-07-22","1,38","1,53","1,76","1100,763509","Entre 1MM e 5MM"
"RECV21","2026-07-22","13,44","14,42","15,18","981,997210","Até 1MM"
"RENTD1","2026-07-22","10,15","10,42","10,80","1143,759591","Até 1MM"
"RIGEA3","2026-07-22","7,70","8,19","8,22","1157,687325","Entre 1MM e 5MM"
"RIS412","2026-07-22","11,47","12,42","12,65","9,326596","Até 1MM"
"RIS414","2026-07-22","11,04","11,89","14,04","0,950236","Até 1MM"
"RIS422","2026-07-22","10,79","11,08","12,58","8,645935","Até 1MM"
"RIS424","2026-07-22","10,72","11,94","12,50","0,846430","Entre 1MM e 5MM"
"RISP12","2026-07-22","11,07","12,15","12,84","9,419070","Até 1MM"
"RISP14","2026-07-22","11,35","12,37","15,07","0,932785","Até 1MM"
"RISP22","2026-07-22","10,89","12,30","14,88","7,961054","Até 1MM"
"RISP24","2026-07-22","10,38","10,64","12,30","0,923254","Até 1MM"
"RMSA12","2026-07-22","9,90","9,97","11,15","1196,530780","Até 1MM"
"RNDNA2","2026-07-22","2,14","2,15","2,16","1033,041062","Superior a 5MM"
"RODB11","2026-07-22","2,44","2,45","2,47","1459,940241","Entre 1MM e 5MM"
"RRRP13","2026-07-22","9,27","9,42","9,86","1125,264755","Até 1MM"
"RSAN26","2026-07-22","9,99","10,02","10,04","933,663734","Até 1MM"
"RUMOA2","2026-07-22","8,10","8,75","9,43","1430,724862","Superior a 5MM"
"RUMOA3","2026-07-22","8,19","8,73","9,25","1370,609451","Entre 1MM e 5MM"
"RUMOA4","2026-07-22","8,45","8,83","9,64","1394,765166","Até 1MM"
"RUMOA5","2026-07-22","8,13","8,48","8,94","1192,719436","Até 1MM"
"RUMOA6","2026-07-22","8,00","8,58","9,34","1166,165407","Até 1MM"
"RUMOB3","2026-07-22","8,05","8,95","9,43","1341,335914","Até 1MM"
"RUMOB5","2026-07-22","7,90","8,55","9,10","1021,860414","Entre 1MM e 5MM"
"RUMOB6","2026-07-22","7,90","8,45","9,10","1024,180939","Até 1MM"
"SAELB7","2026-07-22","7,09","7,76","8,05","1005,970049","Até 1MM"
"SAPR10","2026-07-22","7,99","8,05","8,09","14271,248831","Entre 1MM e 5MM"
"SAPRA2","2026-07-22","7,09","7,82","7,84","1267,998831","Até 1MM"
"SAPRA3","2026-07-22","7,83","8,00","8,17","1203,538907","Até 1MM"
"SAPRB3","2026-07-22","7,77","7,91","8,07","1139,639007","Até 1MM"
"SBSPB6","2026-07-22","6,65","7,73","8,73","1398,552579","Entre 1MM e 5MM"
"SBSPD4","2026-07-22","7,51","7,69","7,91","1357,956007","Até 1MM"
"SBSPE3","2026-07-22","7,01","7,64","7,90","1111,312484","Entre 1MM e 5MM"
"SBSPE9","2026-07-22","7,29","7,85","8,05","1182,925266","Até 1MM"
"SBSPF3","2026-07-22","7,51","7,66","8,27","1093,357052","Superior a 5MM"
"SBSPF9","2026-07-22","7,38","7,52","7,68","1127,199100","Até 1MM"
"SBSPI8","2026-07-22","6,91","7,35","7,62","980,085333","Até 1MM"
"SBSPJ8","2026-07-22","7,03","7,41","7,83","970,224098","Entre 1MM e 5MM"
"SBSPK8","2026-07-22","6,99","7,33","7,52","959,083320","Entre 1MM e 5MM"
"SIMH16","2026-07-22","3,69","4,30","5,20","986,520645","Entre 1MM e 5MM"
"SMTO14","2026-07-22","8,11","8,93","9,44","1080,016444","Entre 1MM e 5MM"
"SMTO24","2026-07-22","8,69","8,89","9,44","1020,096890","Até 1MM"
"STBP35","2026-07-22","7,48","7,94","8,35","1040,736001","Até 1MM"
"STBP45","2026-07-22","7,98","8,12","8,67","1000,638055","Até 1MM"
"SUMI37","2026-07-22","12,55","12,75","12,96","878,841973","Até 1MM"
"SUZB19","2026-07-22","6,74","7,10","8,19","1116,282166","Até 1MM"
"SUZBA0","2026-07-22","6,45","7,47","7,86","1063,386526","Superior a 5MM"
"SUZBC1","2026-07-22","6,92","7,58","7,72","1018,285730","Até 1MM"
"TAEB15","2026-07-22","12,40","12,70","12,80","430,207820","Até 1MM"
"TAEE17","2026-07-22","7,83","8,05","8,37","1413,997645","Até 1MM"
"TAEE18","2026-07-22","7,29","7,62","7,77","1109,504584","Até 1MM"
"TAEEA1","2026-07-22","0,43","0,48","0,59","1048,760633","Entre 1MM e 5MM"
"TAEEA4","2026-07-22","7,00","7,77","8,11","1053,411379","Até 1MM"
"TAEEA7","2026-07-22","7,05","7,39","7,67","1176,295562","Até 1MM"
"TAEEB0","2026-07-22","6,75","7,51","7,95","956,290503","Até 1MM"
"TAEEB2","2026-07-22","7,58","8,01","8,25","1152,753565","Até 1MM"
"TAEEC2","2026-07-22","7,44","7,82","8,31","1127,169674","Até 1MM"
"TAEEC4","2026-07-22","7,00","7,88","8,30","1037,703896","Até 1MM"
"TAEED2","2026-07-22","6,90","7,28","7,95","1105,061647","Até 1MM"
"TEPA13","2026-07-22","12,00","15,67","15,70","978,279628","Até 1MM"
"TEPA22","2026-07-22","19,41","19,80","25,83","906,984933","Até 1MM"
"TGR711","2026-07-22","8,44","8,67","8,90","1042,645227","Até 1MM"
"TGR731","2026-07-22","6,85","7,28","8,23","1034,393574","Até 1MM"
"TIET29","2026-07-22","7,73","8,12","8,34","1429,451253","Até 1MM"
"TIET39","2026-07-22","8,24","8,58","8,60","1419,224631","Até 1MM"
"TIGR12","2026-07-22","1,49","1,52","1,70","1010,106022","Superior a 5MM"
"TPEN11","2026-07-22","8,09","8,10","8,11","1037,544423","Até 1MM"
"TRCC11","2026-07-22","7,74","8,02","8,36","1038,672150","Entre 1MM e 5MM"
"TRPLA4","2026-07-22","7,23","7,81","8,42","1072,276779","Entre 1MM e 5MM"
"TRPLA7","2026-07-22","7,04","7,74","8,13","1114,466574","Entre 1MM e 5MM"
"TRPLB4","2026-07-22","7,26","7,66","8,46","1059,404999","Entre 1MM e 5MM"
"TRPLB7","2026-07-22","7,63","7,78","8,25","1013,608981","Entre 1MM e 5MM"
"UHSM12","2026-07-22","7,76","7,85","8,47","1148,221794","Entre 1MM e 5MM"
"UNEG11","2026-07-22","8,85","8,93","9,06","1118,553311","Até 1MM"
"UNIPB0","2026-07-22","1,51","1,52","1,56","992,868536","Até 1MM"
"USAS11","2026-07-22","9,99","10,28","10,49","680,012566","Até 1MM"
"USCA22","2026-07-22","17,23","17,49","18,34","922,407164","Até 1MM"
"UTPS12","2026-07-22","7,85","8,94","9,02","609,967091","Até 1MM"
"UTPS21","2026-07-22","9,12","9,29","9,66","1334,828935","Até 1MM"
"UTPS22","2026-07-22","9,01","9,06","10,02","1208,872800","Até 1MM"
"VALEA0","2026-07-22","6,79","7,36","7,78","1045,278548","Entre 1MM e 5MM"
"VALEB0","2026-07-22","6,50","7,15","7,97","1053,775088","Entre 1MM e 5MM"
"VALEB1","2026-07-22","6,39","7,32","7,59","1042,451511","Superior a 5MM"
"VALEC0","2026-07-22","6,39","7,10","7,97","1046,454364","Entre 1MM e 5MM"
"VALEC1","2026-07-22","6,52","7,12","7,46","1039,024786","Superior a 5MM"
"VALED1","2026-07-22","6,50","7,19","7,97","1033,076202","Superior a 5MM"
"VAMO22","2026-07-22","2,74","2,77","2,80","355,159660","Até 1MM"
"VAMO33","2026-07-22","13,85","14,67","15,00","1035,299439","Superior a 5MM"
"VAMO34","2026-07-22","13,85","14,85","16,75","1034,126673","Superior a 5MM"
"VBBRA0","2026-07-22","7,61","8,33","8,46","985,538943","Superior a 5MM"
"VBRR11","2026-07-22","10,43","10,93","12,33","1172,851619","Até 1MM"
"VERO12","2026-07-22","15,38","15,40","15,93","1083,997877","Até 1MM"
"VERO13","2026-07-22","11,26","14,20","19,10","979,513764","Até 1MM"
"VERO15","2026-07-22","15,84","16,50","16,76","954,892969","Até 1MM"
"VERO23","2026-07-22","16,17","17,03","24,29","938,739551","Até 1MM"
"VERO34","2026-07-22","15,76","16,05","16,36","996,493233","Até 1MM"
"VIALA5","2026-07-22","7,98","8,04","8,07","1004,133981","Até 1MM"
"VIXL15","2026-07-22","0,96","0,98","1,00","520,362708","Até 1MM"
"VLIM13","2026-07-22","7,45","8,01","8,75","1207,293544","Entre 1MM e 5MM"
"VLIM14","2026-07-22","8,00","8,04","8,13","1121,037667","Entre 1MM e 5MM"
"VLIM15","2026-07-22","7,79","8,00","8,05","1052,471796","Entre 1MM e 5MM"
"VLIM17","2026-07-22","7,57","7,77","7,97","1021,221441","Até 1MM"
"VLIM19","2026-07-22","7,76","7,83","7,91","950,439346","Superior a 5MM"
"VRDN12","2026-07-22","9,40","9,56","9,64","1130,221120","Até 1MM"
"AEAB11","2026-07-21","7,83","8,67","9,10","1091,155492","Entre 1MM e 5MM"
"AEGE16","2026-07-21","3,90","4,03","4,95","1059,328360","Até 1MM"
"AEGE17","2026-07-21","3,82","5,27","7,10","945,719889","Até 1MM"
"AEGP19","2026-07-21","1,80","2,39","3,99","1040,083298","Até 1MM"
"AEGPA8","2026-07-21","16,14","17,04","17,13","982,808011","Até 1MM"
"AESLA7","2026-07-21","7,49","7,63","7,79","1044,357103","Até 1MM"
"AESLB7","2026-07-21","7,64","7,67","7,69","1006,782170","Até 1MM"
"AESLC2","2026-07-21","7,56","7,97","7,98","974,592576","Superior a 5MM"
"AGRU12","2026-07-21","20,40","20,51","20,63","786,537553","Até 1MM"
"ALGAB1","2026-07-21","8,96","8,97","9,63","1151,647396","Entre 1MM e 5MM"
"ALGAC2","2026-07-21","8,47","8,94","9,02","1114,322505","Entre 1MM e 5MM"
"ALGTA4","2026-07-21","9,11","9,44","9,77","1000,118098","Até 1MM"
"ALIG15","2026-07-21","7,30","7,72","7,80","968,915757","Até 1MM"
"ALUP18","2026-07-21","7,52","7,55","7,58","1048,545895","Até 1MM"
"APFD19","2026-07-21","7,00","8,08","8,71","1117,964101","Entre 1MM e 5MM"
"APPSA2","2026-07-21","8,93","8,97","9,20","1079,237091","Até 1MM"
"ARTR19","2026-07-21","9,03","11,51","14,58","1377,779939","Entre 1MM e 5MM"
"ARTRA8","2026-07-21","8,39","8,56","9,24","1049,237786","Até 1MM"
"ARTRB7","2026-07-21","14,94","14,95","15,63","981,678274","Entre 1MM e 5MM"
"ARTRB8","2026-07-21","15,07","15,18","15,52","981,096416","Até 1MM"
"ASCP13","2026-07-21","7,75","8,15","9,60","975,034960","Até 1MM"
"ASCP23","2026-07-21","8,32","9,18","9,51","1134,987802","Entre 1MM e 5MM"
"AURP12","2026-07-21","7,40","8,12","8,22","1037,585388","Superior a 5MM"
"AXIA18","2026-07-21","7,00","7,79","7,91","1006,293045","Superior a 5MM"
"AXIA19","2026-07-21","7,52","7,58","7,65","1030,315837","Até 1MM"
"AXIA28","2026-07-21","7,13","7,39","7,64","1009,779178","Superior a 5MM"
"AXIA38","2026-07-21","6,94","7,22","7,61","1008,258135","Superior a 5MM"
"BCPSA7","2026-07-21","7,69","7,72","7,73","990,971870","Entre 1MM e 5MM"
"BHSA11","2026-07-21","8,05","8,28","8,36","1010,578444","Entre 1MM e 5MM"
"BLMN12","2026-07-21","7,05","7,75","7,77","989,534176","Entre 1MM e 5MM"
"BRIT11","2026-07-21","0,81","0,82","0,83","713,497259","Superior a 5MM"
"BRKMA6","2026-07-21","86,35","86,36","86,38","297,881451","Até 1MM"
"BRKMA8","2026-07-21","75,41","75,44","75,64","297,994285","Até 1MM"
"BRKP28","2026-07-21","10,22","10,41","10,79","1145,083756","Até 1MM"
"BRST11","2026-07-21","8,53","9,18","9,59","764,195971","Até 1MM"
"BTEL13","2026-07-21","14,50","15,55","17,25","1020,882106","Entre 1MM e 5MM"
"BTEL33","2026-07-21","10,59","10,71","10,88","956,977396","Até 1MM"
"BTGH18","2026-07-21","0,70","0,89","1,09","1030,031063","Até 1MM"
"BTGL21","2026-07-21","7,29","7,53","7,84","1013,864462","Até 1MM"
"BTGL31","2026-07-21","13,43","13,45","14,04","988,962195","Até 1MM"
"CBAN12","2026-07-21","7,40","8,14","8,72","1403,213995","Entre 1MM e 5MM"
"CBAN52","2026-07-21","7,39","8,14","8,17","1420,730496","Entre 1MM e 5MM"
"CBAN72","2026-07-21","8,02","8,15","8,40","1419,917606","Até 1MM"
"CCROA5","2026-07-21","7,56","7,81","7,90","923,261501","Até 1MM"
"CCROB6","2026-07-21","7,06","7,91","8,65","1153,854492","Entre 1MM e 5MM"
"CDAR11","2026-07-21","1,44","1,45","1,46","1053,125429","Superior a 5MM"
"CEAL12","2026-07-21","8,15","8,20","8,23","1018,479289","Até 1MM"
"CEAL21","2026-07-21","8,41","8,45","8,51","1103,829118","Entre 1MM e 5MM"
"CEAM11","2026-07-21","12,16","12,17","12,19","74,387966","Até 1MM"
"CEAP14","2026-07-21","8,18","8,30","8,32","1058,807964","Até 1MM"
"CEEBB7","2026-07-21","7,36","7,72","8,11","1060,036703","Até 1MM"
"CEEBD1","2026-07-21","13,55","13,95","14,85","931,213648","Entre 1MM e 5MM"
"CEEBD2","2026-07-21","7,40","7,95","8,07","942,358761","Superior a 5MM"
"CEED12","2026-07-21","8,09","8,20","8,23","1161,228276","Superior a 5MM"
"CEED21","2026-07-21","8,10","8,25","8,64","1259,130930","Até 1MM"
"CEPEA3","2026-07-21","0,69","0,70","0,71","1037,181737","Entre 1MM e 5MM"
"CEPEA6","2026-07-21","13,63","13,99","14,35","1016,230865","Até 1MM"
"CEPEA7","2026-07-21","7,21","7,56","7,86","1037,407378","Até 1MM"
"CEPEB3","2026-07-21","7,77","7,94","8,11","1049,197333","Até 1MM"
"CEPEB7","2026-07-21","7,61","7,65","8,01","997,782138","Até 1MM"
"CEPEC2","2026-07-21","8,10","8,11","8,34","1147,593214","Até 1MM"
"CERR18","2026-07-21","9,19","9,66","10,45","1017,226595","Até 1MM"
"CERT11","2026-07-21","7,85","8,39","8,61","1182,871551","Entre 1MM e 5MM"
"CESE32","2026-07-21","7,57","8,06","8,27","1153,681057","Até 1MM"
"CESPA2","2026-07-21","7,68","8,19","9,02","1314,334674","Superior a 5MM"
"CESPA3","2026-07-21","8,24","8,30","8,41","1015,116515","Até 1MM"
"CGASA2","2026-07-21","7,43","7,84","7,88","1040,594589","Até 1MM"
"CGASA4","2026-07-21","7,00","7,01","7,10","1048,489034","Até 1MM"
"CGEE23","2026-07-21","12,60","14,22","15,17","798,259237","Até 1MM"
"CGOS13","2026-07-21","7,75","8,11","8,36","1139,005213","Entre 1MM e 5MM"
"CGOS16","2026-07-21","7,72","8,18","8,66","1011,358207","Entre 1MM e 5MM"
"CGOS24","2026-07-21","7,43","8,37","8,42","1086,573673","Entre 1MM e 5MM"
"CGOS28","2026-07-21","7,65","8,18","8,68","1021,051666","Até 1MM"
"CGOS34","2026-07-21","7,67","8,24","8,79","1064,041409","Entre 1MM e 5MM"
"CGOSA2","2026-07-21","7,23","8,23","8,26","921,167393","Superior a 5MM"
"CGOSB0","2026-07-21","7,67","8,14","8,20","1021,939139","Entre 1MM e 5MM"
"CHSF13","2026-07-21","7,12","7,80","8,16","1068,411900","Superior a 5MM"
"CLAG13","2026-07-21","9,19","9,57","10,44","830,809554","Até 1MM"
"CLTM14","2026-07-21","8,77","9,21","10,24","1005,236608","Entre 1MM e 5MM"
"CMGD28","2026-07-21","6,65","8,09","8,17","1148,986594","Até 1MM"
"CMGDB0","2026-07-21","7,20","7,73","8,35","1057,627756","Até 1MM"
"CMGDB1","2026-07-21","7,24","7,97","8,25","1022,898421","Entre 1MM e 5MM"
"CMGDB2","2026-07-21","7,05","7,80","8,38","1068,063929","Superior a 5MM"
"CMGTA1","2026-07-21","7,17","7,60","7,79","999,652578","Até 1MM"
"CMIN11","2026-07-21","16,48","16,68","17,11","828,255996","Até 1MM"
"CMIN12","2026-07-21","14,95","15,36","17,05","823,715771","Até 1MM"
"CMIN21","2026-07-21","10,98","14,58","15,07","738,964439","Até 1MM"
"CMIN22","2026-07-21","16,14","16,18","16,39","684,136603","Até 1MM"
"COCEB2","2026-07-21","8,40","8,60","8,80","1043,222640","Até 1MM"
"COMR15","2026-07-21","9,39","9,47","9,48","912,580252","Entre 1MM e 5MM"
"CONX12","2026-07-21","12,64","12,66","14,39","1158,350862","Entre 1MM e 5MM"
"CPFPA5","2026-07-21","7,77","7,78","7,88","1072,481519","Até 1MM"
"CPFPA9","2026-07-21","7,32","7,54","7,77","1111,549960","Entre 1MM e 5MM"
"CPFPB0","2026-07-21","7,85","7,87","7,88","1008,852898","Entre 1MM e 5MM"
"CPGT17","2026-07-21","0,42","0,48","0,54","521,123188","Até 1MM"
"CPGT28","2026-07-21","7,89","8,06","8,23","1103,413705","Até 1MM"
"CPGTC0","2026-07-21","7,78","7,83","7,84","1076,272034","Entre 1MM e 5MM"
"CPLD26","2026-07-21","7,32","7,80","7,94","1205,361997","Até 1MM"
"CPLD29","2026-07-21","7,39","7,62","8,23","1040,482446","Até 1MM"
"CPLD37","2026-07-21","7,77","7,90","8,26","1128,745995","Entre 1MM e 5MM"
"CRMG15","2026-07-21","8,74","8,96","9,19","791,804694","Até 1MM"
"CRNP13","2026-07-21","8,68","8,69","8,70","1026,673999","Entre 1MM e 5MM"
"CRTR12","2026-07-21","8,99","9,03","9,08","1019,006300","Até 1MM"
"CSANB2","2026-07-21","1,55","1,60","1,95","1180,996146","Até 1MM"
"CSMGA6","2026-07-21","7,69","7,72","7,75","960,531794","Até 1MM"
"CSNAA4","2026-07-21","33,56","33,57","33,58","528,797172","Até 1MM"
"CSNAA5","2026-07-21","20,00","20,04","20,10","623,640770","Até 1MM"
"CSRNB3","2026-07-21","7,60","7,61","7,62","962,917938","Até 1MM"
"CTEE18","2026-07-21","7,22","7,98","8,61","1323,329051","Entre 1MM e 5MM"
"CTEE1B","2026-07-21","7,76","7,91","8,15","1187,762049","Até 1MM"
"CTEE29","2026-07-21","7,00","7,48","7,90","993,203773","Até 1MM"
"CTEE2B","2026-07-21","7,46","7,68","8,10","1123,058869","Até 1MM"
"CTGE15","2026-07-21","7,75","7,81","7,85","1069,252780","Entre 1MM e 5MM"
"CTNSA3","2026-07-21","8,34","8,35","8,36","1003,697285","Entre 1MM e 5MM"
"CUTI11","2026-07-21","7,97","8,19","8,25","790,659223","Entre 1MM e 5MM"
"DASAB4","2026-07-21","1,51","1,52","1,53","1047,061987","Entre 1MM e 5MM"
"DASAC5","2026-07-21","2,89","2,90","4,24","1004,147740","Superior a 5MM"
"ECER12","2026-07-21","7,52","8,30","9,19","1338,532289","Superior a 5MM"
"ECHP11","2026-07-21","8,27","8,39","8,45","955,731088","Superior a 5MM"
"ECOV16","2026-07-21","7,94","8,67","8,83","1035,664593","Até 1MM"
"EDTE12","2026-07-21","7,37","7,92","7,93","997,923431","Entre 1MM e 5MM"
"EDVP17","2026-07-21","8,07","8,19","8,35","1153,572088","Até 1MM"
"EEELA0","2026-07-21","7,11","7,63","7,95","1080,319266","Até 1MM"
"EEELA1","2026-07-21","7,78","8,10","8,41","1017,107332","Até 1MM"
"EEELA4","2026-07-21","7,39","7,40","7,54","1119,536964","Até 1MM"
"EGIE27","2026-07-21","7,05","7,13","7,72","996,607983","Entre 1MM e 5MM"
"EGIE29","2026-07-21","7,37","8,06","8,23","1361,115125","Até 1MM"
"EGIE49","2026-07-21","7,87","7,99","8,01","1358,550452","Até 1MM"
"EGIEA0","2026-07-21","7,10","7,46","8,05","1069,864450","Até 1MM"
"EGIEA1","2026-07-21","7,10","7,73","8,15","1083,014728","Entre 1MM e 5MM"
"EGIEA2","2026-07-21","13,29","13,38","13,56","991,821504","Até 1MM"
"EGIEA3","2026-07-21","13,22","13,62","14,48","996,933039","Até 1MM"
"EGIEA4","2026-07-21","13,30","13,80","13,90","1217,086454","Até 1MM"
"EGIEA5","2026-07-21","13,70","14,53","14,90","1055,782792","Até 1MM"
"EGIEA6","2026-07-21","7,26","7,65","7,74","943,644712","Superior a 5MM"
"EGIEB1","2026-07-21","7,69","7,72","7,79","1044,502256","Até 1MM"
"EGIEB4","2026-07-21","7,06","7,41","7,81","1178,851960","Entre 1MM e 5MM"
"EGIEB5","2026-07-21","7,54","7,70","7,85","1067,027861","Até 1MM"
"EGIEC1","2026-07-21","12,25","13,83","14,54","1233,461934","Até 1MM"
"EKTRA5","2026-07-21","13,80","14,17","15,09","1009,663339","Até 1MM"
"EKTRA8","2026-07-21","7,25","8,09","8,10","1003,018642","Superior a 5MM"
"EKTRB6","2026-07-21","7,98","8,00","8,03","972,192789","Até 1MM"
"EKTRB8","2026-07-21","13,40","13,74","13,99","988,824864","Até 1MM"
"EKTRC0","2026-07-21","8,04","8,10","8,18","1197,737218","Até 1MM"
"EKTT11","2026-07-21","7,73","7,98","8,18","1171,620175","Entre 1MM e 5MM"
"ELDC15","2026-07-21","8,19","8,58","8,84","1014,477568","Até 1MM"
"ELET14","2026-07-21","7,10","7,90","8,56","1108,751988","Entre 1MM e 5MM"
"ELET16","2026-07-21","7,22","7,78","8,00","1061,592039","Até 1MM"
"ELET23","2026-07-21","7,08","7,67","8,28","1222,327782","Entre 1MM e 5MM"
"ELET24","2026-07-21","0,82","0,97","1,00","1062,351606","Superior a 5MM"
"ELET42","2026-07-21","7,15","7,71","8,11","1425,064340","Entre 1MM e 5MM"
"ELTN15","2026-07-21","7,76","7,96","8,19","1063,118579","Entre 1MM e 5MM"
"ELTN27","2026-07-21","7,94","8,03","8,06","1013,563934","Até 1MM"
"ELTN37","2026-07-21","7,06","7,67","7,79","1017,850424","Entre 1MM e 5MM"
"ENAT11","2026-07-21","8,36","9,41","10,05","1056,410493","Até 1MM"
"ENAT12","2026-07-21","9,22","9,37","10,16","1125,085169","Entre 1MM e 5MM"
"ENAT13","2026-07-21","8,19","9,51","10,52","1064,785801","Entre 1MM e 5MM"
"ENAT14","2026-07-21","7,92","9,14","9,23","1076,276166","Até 1MM"
"ENAT23","2026-07-21","13,58","15,10","15,99","972,220037","Entre 1MM e 5MM"
"ENAT32","2026-07-21","14,44","15,21","16,03","1017,779104","Entre 1MM e 5MM"
"ENAT33","2026-07-21","9,00","9,38","10,66","1054,481892","Entre 1MM e 5MM"
"ENERB4","2026-07-21","7,53","8,07","8,17","1016,124577","Até 1MM"
"ENERB7","2026-07-21","7,52","8,29","8,38","990,032157","Superior a 5MM"
"ENERC7","2026-07-21","8,14","8,15","8,16","971,881529","Até 1MM"
"ENEV13","2026-07-21","7,37","7,98","8,40","942,606197","Até 1MM"
"ENEV15","2026-07-21","7,30","7,92","8,52","1362,634585","Superior a 5MM"
"ENEV16","2026-07-21","7,47","8,10","9,10","1295,827803","Entre 1MM e 5MM"
"ENEV18","2026-07-21","7,30","7,98","8,52","1121,273179","Entre 1MM e 5MM"
"ENEV19","2026-07-21","7,30","7,94","8,28","1177,598609","Entre 1MM e 5MM"
"ENEV26","2026-07-21","7,58","7,82","8,52","1173,762391","Entre 1MM e 5MM"
"ENEV28","2026-07-21","7,21","8,07","8,49","1073,893252","Entre 1MM e 5MM"
"ENEV29","2026-07-21","7,30","8,02","8,57","1147,174655","Entre 1MM e 5MM"
"ENEV32","2026-07-21","7,47","8,08","8,51","1412,407619","Entre 1MM e 5MM"
"ENEV39","2026-07-21","7,05","7,88","8,38","1151,159222","Até 1MM"
"ENEVA0","2026-07-21","7,64","7,98","8,58","1051,953108","Entre 1MM e 5MM"
"ENEVA4","2026-07-21","8,10","8,11","8,12","941,061713","Superior a 5MM"
"ENEVB0","2026-07-21","7,89","8,00","8,49","1022,382772","Até 1MM"
"ENEVC0","2026-07-21","0,59","0,60","0,61","1047,753373","Entre 1MM e 5MM"
"ENGIA5","2026-07-21","7,75","8,31","8,80","1203,870855","Até 1MM"
"ENGIA6","2026-07-21","7,79","8,53","8,64","1178,626364","Até 1MM"
"ENGIA9","2026-07-21","7,70","8,12","8,51","1099,191727","Até 1MM"
"ENGIB0","2026-07-21","7,45","8,32","8,49","1040,440304","Entre 1MM e 5MM"
"ENGIB2","2026-07-21","7,66","7,89","8,16","1027,436771","Entre 1MM e 5MM"
"ENGIB4","2026-07-21","7,48","8,08","8,30","1294,438371","Até 1MM"
"ENGIB9","2026-07-21","7,30","8,03","8,76","1083,877496","Superior a 5MM"
"ENGIC0","2026-07-21","7,55","7,96","8,31","1003,375699","Entre 1MM e 5MM"
"ENJG21","2026-07-21","7,79","8,03","8,51","339,174536","Até 1MM"
"ENMTA3","2026-07-21","7,23","7,43","7,63","1379,682937","Até 1MM"
"ENMTA4","2026-07-21","7,50","8,06","8,21","1214,180705","Até 1MM"
"ENMTC4","2026-07-21","14,16","14,50","14,97","994,855645","Até 1MM"
"ENMTF8","2026-07-21","8,17","8,21","8,26","949,345860","Superior a 5MM"
"ENSEB4","2026-07-21","8,14","8,17","8,19","1004,756242","Até 1MM"
"ENTV12","2026-07-21","8,09","8,45","9,46","1418,004759","Até 1MM"
"EQPA18","2026-07-21","7,41","8,06","8,67","1070,041020","Entre 1MM e 5MM"
"EQPA19","2026-07-21","7,41","8,04","8,17","990,564617","Superior a 5MM"
"EQTC11","2026-07-21","7,55","8,08","8,28","1167,241657","Até 1MM"
"EQTR11","2026-07-21","8,22","8,27","8,29","1154,961232","Até 1MM"
"EQTR21","2026-07-21","8,23","8,25","8,29","1156,482092","Até 1MM"
"EQTS11","2026-07-21","8,12","8,23","8,26","947,093315","Até 1MM"
"EQUA11","2026-07-21","8,26","8,49","8,69","994,960031","Até 1MM"
"ERDVA4","2026-07-21","8,36","8,70","9,29","1033,507509","Entre 1MM e 5MM"
"ERDVB4","2026-07-21","8,00","8,64","8,78","1028,677559","Até 1MM"
"ERDVC3","2026-07-21","7,80","8,50","8,87","1073,146323","Até 1MM"
"ESULA6","2026-07-21","8,09","8,24","8,89","1206,939673","Entre 1MM e 5MM"
"ETBA12","2026-07-21","7,82","8,00","8,17","1127,933157","Entre 1MM e 5MM"
"ETEN12","2026-07-21","7,36","7,43","7,47","1380,176604","Entre 1MM e 5MM"
"ETEN21","2026-07-21","7,22","8,04","8,23","1456,225921","Até 1MM"
"ETSP12","2026-07-21","8,30","8,31","8,81","1152,155228","Entre 1MM e 5MM"
"EXSE11","2026-07-21","0,76","0,88","0,94","1040,317858","Até 1MM"
"FGEN13","2026-07-21","7,69","7,87","8,19","505,773197","Até 1MM"
"FLRYB0","2026-07-21","0,54","0,55","0,58","1035,179467","Entre 1MM e 5MM"
"FURN21","2026-07-21","7,29","7,74","8,65","1192,344658","Entre 1MM e 5MM"
"GASC16","2026-07-21","8,38","8,56","8,61","981,616475","Até 1MM"
"GASC22","2026-07-21","8,30","8,54","8,61","1183,443022","Entre 1MM e 5MM"
"GASC23","2026-07-21","7,94","8,43","8,44","1123,263692","Até 1MM"
"GASC25","2026-07-21","8,26","8,29","9,00","949,030270","Entre 1MM e 5MM"
"GASC28","2026-07-21","8,25","8,27","8,52","1027,995101","Até 1MM"
"GASP29","2026-07-21","7,54","8,25","8,66","1092,447018","Entre 1MM e 5MM"
"GSTS24","2026-07-21","10,68","10,75","16,14","959,690518","Até 1MM"
"HAPVA0","2026-07-21","5,99","7,18","7,21","816,358492","Entre 1MM e 5MM"
"HARG11","2026-07-21","8,17","8,91","9,32","1055,101202","Entre 1MM e 5MM"
"HBSA21","2026-07-21","8,59","8,81","9,03","1173,941357","Até 1MM"
"HVSP11","2026-07-21","9,28","9,51","10,56","1169,216780","Superior a 5MM"
"IGSN15","2026-07-21","10,60","11,90","14,30","951,669122","Entre 1MM e 5MM"
"IRJS14","2026-07-21","9,75","10,90","11,62","1123,729920","Entre 1MM e 5MM"
"IRJS15","2026-07-21","9,44","10,94","11,71","1025,269887","Entre 1MM e 5MM"
"ISAEA9","2026-07-21","6,80","7,17","7,55","1077,378120","Até 1MM"
"ISAEB0","2026-07-21","6,85","6,86","7,61","1041,312216","Entre 1MM e 5MM"
"ISAEB2","2026-07-21","6,84","6,86","6,89","1000,221617","Entre 1MM e 5MM"
"ISAEB8","2026-07-21","7,11","7,44","7,62","1085,765109","Até 1MM"
"ISAEC0","2026-07-21","6,75","7,29","7,52","1000,623110","Entre 1MM e 5MM"
"IVIAA0","2026-07-21","8,64","9,48","9,94","972,192043","Entre 1MM e 5MM"
"JALL11","2026-07-21","8,85","8,98","9,42","1174,577612","Entre 1MM e 5MM"
"JALL13","2026-07-21","8,24","8,62","9,31","1132,572969","Até 1MM"
"JALL15","2026-07-21","8,85","9,01","9,15","991,453405","Até 1MM"
"JALL21","2026-07-21","8,34","9,25","9,35","1114,263583","Até 1MM"
"JALL24","2026-07-21","9,09","9,11","9,15","1065,418894","Até 1MM"
"JALL26","2026-07-21","8,20","8,97","9,40","1010,127628","Até 1MM"
"JSLGA5","2026-07-21","2,73","3,09","4,24","1036,607527","Até 1MM"
"JSMLA5","2026-07-21","1,99","4,04","5,29","988,594298","Superior a 5MM"
"JSMLB5","2026-07-21","13,80","15,50","16,75","1071,018778","Até 1MM"
"JTEE11","2026-07-21","7,67","7,79","7,83","881,584576","Até 1MM"
"KLBNA5","2026-07-21","6,94","7,34","8,06","1016,822014","Entre 1MM e 5MM"
"LCAMD1","2026-07-21","10,10","10,20","10,52","1175,581187","Até 1MM"
"LCAMD3","2026-07-21","9,10","10,03","10,10","1150,668321","Até 1MM"
"LIGHD2","2026-07-21","28,90","29,04","29,32","56,604925","Até 1MM"
"LORTA7","2026-07-21","10,15","10,25","10,45","1172,092113","Até 1MM"
"LTTE15","2026-07-21","7,90","8,03","8,05","1091,484739","Entre 1MM e 5MM"
"MOVI18","2026-07-21","12,30","13,98","17,12","1043,708724","Até 1MM"
"MOVI27","2026-07-21","3,44","3,45","3,46","1048,914432","Até 1MM"
"MOVI28","2026-07-21","13,99","14,25","22,26","969,959788","Superior a 5MM"
"MOVI37","2026-07-21","13,99","14,00","14,08","1094,054390","Entre 1MM e 5MM"
"MOVIA3","2026-07-21","1,99","2,08","2,60","1064,562067","Entre 1MM e 5MM"
"MRSAA1","2026-07-21","7,79","7,87","7,94","1069,447500","Até 1MM"
"MRSAB1","2026-07-21","7,01","7,70","7,79","1077,279362","Entre 1MM e 5MM"
"MRSAB2","2026-07-21","7,04","7,42","7,76","1059,843472","Até 1MM"
"MRSAB3","2026-07-21","7,05","7,70","7,73","977,118770","Superior a 5MM"
"MRSAC1","2026-07-21","7,21","7,60","7,65","1072,741883","Até 1MM"
"MRSAC2","2026-07-21","6,99","7,30","7,57","1059,452969","Até 1MM"
"MSGT23","2026-07-21","7,99","8,09","8,59","1045,268537","Entre 1MM e 5MM"
"MSGT33","2026-07-21","7,48","7,97","8,69","998,410450","Entre 1MM e 5MM"
"MULTB5","2026-07-21","0,59","0,60","0,61","1047,755195","Superior a 5MM"
"MVLV16","2026-07-21","12,30","14,19","19,50","1720,356331","Superior a 5MM"
"NEOE16","2026-07-21","7,50","8,19","8,86","1373,287627","Entre 1MM e 5MM"
"NEOE26","2026-07-21","8,01","8,15","8,61","824,284706","Até 1MM"
"NTEN11","2026-07-21","11,37","13,72","14,27","936,334123","Entre 1MM e 5MM"
"NTSD19","2026-07-21","7,49","7,51","7,54","979,652931","Até 1MM"
"NTSDA1","2026-07-21","7,47","7,56","7,57","943,424167","Superior a 5MM"
"ORIG11","2026-07-21","10,92","10,94","12,10","1015,931684","Entre 1MM e 5MM"
"ORIG12","2026-07-21","10,00","11,58","12,68","984,914435","Entre 1MM e 5MM"
"ORIG21","2026-07-21","16,78","19,08","21,42","845,095787","Até 1MM"
"ORIG22","2026-07-21","16,22","19,78","21,42","875,830079","Até 1MM"
"PALF38","2026-07-21","7,07","7,77","8,52","1049,720621","Até 1MM"
"PALFB3","2026-07-21","7,26","7,65","8,35","1060,054580","Até 1MM"
"PALFB6","2026-07-21","7,36","7,92","7,93","1089,367262","Superior a 5MM"
"PEJA11","2026-07-21","7,75","8,48","8,94","1195,121193","Entre 1MM e 5MM"
"PEJA12","2026-07-21","12,90","13,43","15,03","998,778675","Entre 1MM e 5MM"
"PEJA13","2026-07-21","13,53","14,24","15,03","960,718814","Até 1MM"
"PEJA21","2026-07-21","0,97","0,98","1,00","1078,418042","Entre 1MM e 5MM"
"PEJA22","2026-07-21","7,72","8,28","8,52","1052,777279","Até 1MM"
"PEJA23","2026-07-21","8,21","8,23","8,53","1038,779385","Até 1MM"
"PETR17","2026-07-21","6,68","7,09","7,85","1344,117563","Entre 1MM e 5MM"
"PETR18","2026-07-21","6,57","7,28","7,83","996,682451","Entre 1MM e 5MM"
"PETR26","2026-07-21","6,58","7,21","7,82","1400,859116","Superior a 5MM"
"PETR27","2026-07-21","6,70","7,20","8,03","1196,765265","Superior a 5MM"
"PETR28","2026-07-21","6,29","7,11","7,73","1016,812957","Entre 1MM e 5MM"
"PETR38","2026-07-21","6,28","6,99","7,65","1040,021576","Entre 1MM e 5MM"
"PFOR16","2026-07-21","1,35","1,36","1,37","1004,814525","Superior a 5MM"
"PLSB1A","2026-07-21","9,15","9,91","11,40","1108,338432","Entre 1MM e 5MM"
"POTE11","2026-07-21","8,39","8,44","8,48","1022,799261","Superior a 5MM"
"POTE12","2026-07-21","8,33","8,38","8,85","88,359853","Até 1MM"
"PRAS11","2026-07-21","8,03","8,11","8,18","995,986730","Até 1MM"
"QUAL16","2026-07-21","2,20","2,59","3,47","253,480225","Até 1MM"
"QUAT13","2026-07-21","12,41","12,63","12,86","909,256784","Até 1MM"
"QYAN11","2026-07-21","0,65","0,69","0,71","1036,263677","Até 1MM"
"RDORF1","2026-07-21","1,01","1,02","1,03","1011,839375","Superior a 5MM"
"RECV11","2026-07-21","8,15","8,63","9,22","1077,538259","Até 1MM"
"RECV21","2026-07-21","13,65","14,85","15,97","970,275754","Até 1MM"
"RENTC4","2026-07-21","1,19","1,84","1,85","1024,364381","Superior a 5MM"
"RENTD1","2026-07-21","9,99","10,10","10,33","1161,345952","Até 1MM"
"RENTQ8","2026-07-21","1,25","1,26","1,60","1001,242944","Superior a 5MM"
"RIGEA3","2026-07-21","7,65","8,20","8,27","1157,287915","Entre 1MM e 5MM"
"RIPR22","2026-07-21","7,81","7,82","7,96","1203,190018","Até 1MM"
"RIS412","2026-07-21","11,08","12,52","13,36","9,291230","Até 1MM"
"RIS414","2026-07-21","9,99","11,55","12,78","0,962648","Entre 1MM e 5MM"
"RIS422","2026-07-21","10,25","11,50","12,50","8,395758","Até 1MM"
"RIS424","2026-07-21","10,04","11,30","12,52","0,882546","Entre 1MM e 5MM"
"RISP12","2026-07-21","11,08","12,06","13,34","9,444992","Entre 1MM e 5MM"
"RISP14","2026-07-21","11,40","12,02","15,07","0,944968","Até 1MM"
"RISP22","2026-07-21","10,65","11,33","12,50","8,494870","Entre 1MM e 5MM"
"RISP24","2026-07-21","9,73","11,30","12,20","0,882527","Até 1MM"
"RMSA12","2026-07-21","9,09","9,90","11,08","1201,861325","Entre 1MM e 5MM"
"RODB11","2026-07-21","2,44","2,45","2,46","1460,287372","Entre 1MM e 5MM"
"RPTA14","2026-07-21","8,51","8,75","8,82","1112,890602","Até 1MM"
"RRRP13","2026-07-21","9,17","9,43","10,42","1124,381413","Entre 1MM e 5MM"
"RUMOA2","2026-07-21","8,05","8,80","9,13","1429,030510","Entre 1MM e 5MM"
"RUMOA3","2026-07-21","8,13","8,74","9,44","1370,068825","Entre 1MM e 5MM"
"RUMOA4","2026-07-21","7,84","8,67","9,61","1399,682784","Até 1MM"
"RUMOA5","2026-07-21","8,06","8,42","9,22","1194,101409","Até 1MM"
"RUMOA6","2026-07-21","7,95","8,90","9,22","1153,308261","Entre 1MM e 5MM"
"RUMOB5","2026-07-21","7,85","8,41","9,00","1030,349086","Até 1MM"
"RUMOB6","2026-07-21","7,85","8,56","9,11","1016,565449","Até 1MM"
"RUMOB7","2026-07-21","8,49","8,54","8,56","1025,067605","Até 1MM"
"SAELA1","2026-07-21","8,09","8,17","8,35","1178,762512","Entre 1MM e 5MM"
"SAELA3","2026-07-21","8,09","8,10","8,21","1048,727522","Até 1MM"
"SAELA7","2026-07-21","8,16","8,18","8,21","997,720692","Superior a 5MM"
"SAELB7","2026-07-21","7,37","7,73","7,99","1007,898867","Entre 1MM e 5MM"
"SAPR10","2026-07-21","7,53","7,69","7,99","14288,966974","Até 1MM"
"SAPRA2","2026-07-21","7,10","7,54","7,85","1275,823088","Até 1MM"
"SAPRA3","2026-07-21","7,52","7,68","7,81","1217,142910","Até 1MM"
"SBSPB6","2026-07-21","7,56","7,64","8,69","1398,850681","Entre 1MM e 5MM"
"SBSPC6","2026-07-21","7,00","7,58","7,90","1341,556513","Até 1MM"
"SBSPD4","2026-07-21","7,46","7,79","7,86","1354,911236","Até 1MM"
"SBSPE3","2026-07-21","7,06","7,83","8,19","1098,851168","Entre 1MM e 5MM"
"SBSPE9","2026-07-21","7,38","7,60","7,85","1192,519625","Entre 1MM e 5MM"
"SBSPF3","2026-07-21","6,94","7,55","7,95","1102,306823","Superior a 5MM"
"SBSPI8","2026-07-21","6,85","7,43","7,61","974,376290","Entre 1MM e 5MM"
"SBSPJ8","2026-07-21","6,95","7,30","7,58","977,844544","Superior a 5MM"
"SBSPK8","2026-07-21","6,85","7,33","7,46","959,014650","Entre 1MM e 5MM"
"SERI11","2026-07-21","8,75","8,76","8,91","937,439035","Até 1MM"
"SIMH16","2026-07-21","2,36","4,68","5,05","976,035984","Até 1MM"
"SMTO14","2026-07-21","8,48","8,74","9,36","1088,199574","Entre 1MM e 5MM"
"SMTO24","2026-07-21","7,75","8,48","8,94","1046,972676","Até 1MM"
"SRTI11","2026-07-21","8,50","8,52","8,56","726,810846","Até 1MM"
"STBP35","2026-07-21","7,40","7,74","8,25","1050,970153","Até 1MM"
"STBP45","2026-07-21","7,15","7,75","8,05","1028,011208","Entre 1MM e 5MM"
"SUMI37","2026-07-21","12,46","15,07","18,14","787,155217","Até 1MM"
"SUZBA0","2026-07-21","6,80","7,40","7,85","1068,333514","Entre 1MM e 5MM"
"SUZBC1","2026-07-21","7,67","7,73","7,81","1008,129496","Até 1MM"
"TAEB15","2026-07-21","12,30","12,52","13,82","430,359896","Até 1MM"
"TAEE17","2026-07-21","6,99","7,73","8,10","1441,800490","Até 1MM"
"TAEE26","2026-07-21","6,85","7,49","8,19","1249,489421","Até 1MM"
"TAEEA4","2026-07-21","7,22","7,68","8,17","1058,069476","Até 1MM"
"TAEEA7","2026-07-21","7,35","7,58","8,00","1159,884022","Até 1MM"
"TAEEA8","2026-07-21","7,10","7,26","7,43","1113,170665","Até 1MM"
"TAEEB0","2026-07-21","6,76","7,41","7,89","967,028997","Entre 1MM e 5MM"
"TAEEB2","2026-07-21","7,05","7,65","8,17","1161,627223","Entre 1MM e 5MM"
"TAEEB8","2026-07-21","6,83","7,47","7,72","1091,321210","Entre 1MM e 5MM"
"TAEEC2","2026-07-21","7,60","7,95","8,46","1121,327739","Até 1MM"
"TAEEC4","2026-07-21","7,08","7,69","8,27","1051,668205","Entre 1MM e 5MM"
"TAEED2","2026-07-21","6,90","7,71","7,93","1073,652482","Até 1MM"
"TEPA12","2026-07-21","14,15","16,03","17,42","963,437601","Até 1MM"
"TEPA22","2026-07-21","25,49","25,61","25,96","788,144057","Até 1MM"
"TEPA23","2026-07-21","16,45","22,56","22,64","951,105308","Até 1MM"
"TGR711","2026-07-21","7,60","8,24","8,80","1055,604941","Até 1MM"
"TIET29","2026-07-21","7,70","8,26","9,08","1426,059261","Superior a 5MM"
"TIET39","2026-07-21","7,84","8,19","8,21","1426,502599","Entre 1MM e 5MM"
"TIGR12","2026-07-21","1,49","1,50","1,51","1010,692951","Superior a 5MM"
"TRCC11","2026-07-21","8,21","8,25","8,33","1034,743254","Até 1MM"
"TRPLA4","2026-07-21","7,18","7,85","8,18","1069,434522","Entre 1MM e 5MM"
"TRPLA7","2026-07-21","7,23","7,64","8,08","1124,415211","Até 1MM"
"TRPLB4","2026-07-21","7,00","7,64","8,23","1061,028585","Até 1MM"
"TRPLB7","2026-07-21","7,05","7,59","7,72","1028,253244","Até 1MM"
"UHSM12","2026-07-21","7,70","7,77","8,21","1153,516030","Entre 1MM e 5MM"
"UNEG11","2026-07-21","8,27","8,76","9,30","1129,646876","Superior a 5MM"
"UNIPB0","2026-07-21","1,49","1,50","1,51","994,067347","Até 1MM"
"USAS11","2026-07-21","8,10","10,09","10,51","680,947632","Até 1MM"
"USCA12","2026-07-21","9,80","10,03","12,79","1056,543813","Até 1MM"
"USCA22","2026-07-21","17,10","21,02","21,28","843,767504","Até 1MM"
"UTPS11","2026-07-21","7,75","8,92","9,06","632,898693","Entre 1MM e 5MM"
"UTPS12","2026-07-21","9,03","9,32","9,61","607,456356","Até 1MM"
"UTPS21","2026-07-21","8,95","9,11","9,68","1345,816837","Até 1MM"
"UTPS22","2026-07-21","8,10","8,97","10,01","1213,726444","Até 1MM"
"VALE48","2026-07-21","7,04","7,49","7,51","1022,414793","Até 1MM"
"VALEA0","2026-07-21","6,66","7,18","7,70","1055,896789","Entre 1MM e 5MM"
"VALEB0","2026-07-21","6,56","7,26","7,95","1045,676905","Entre 1MM e 5MM"
"VALEB1","2026-07-21","6,29","6,97","8,02","1058,655573","Entre 1MM e 5MM"
"VALEC0","2026-07-21","6,18","7,15","7,89","1042,403797","Entre 1MM e 5MM"
"VALEC1","2026-07-21","6,42","7,01","7,44","1045,795562","Superior a 5MM"
"VALED1","2026-07-21","6,58","7,07","7,85","1041,356774","Entre 1MM e 5MM"
"VAMO23","2026-07-21","4,38","4,69","5,30","963,166691","Entre 1MM e 5MM"
"VAMO33","2026-07-21","13,80","14,64","16,50","1035,431520","Superior a 5MM"
"VAMO34","2026-07-21","13,80","14,83","16,75","1034,209626","Entre 1MM e 5MM"
"VBBR17","2026-07-21","0,74","0,75","0,76","1029,794339","Superior a 5MM"
"VBBRA0","2026-07-21","7,50","8,32","8,36","985,802795","Superior a 5MM"
"VBRR11","2026-07-21","10,39","11,02","12,24","1169,980904","Superior a 5MM"
"VEBMA6","2026-07-21","1,09","1,10","1,11","1025,553686","Entre 1MM e 5MM"
"VERO12","2026-07-21","15,33","15,39","15,88","1083,535615","Até 1MM"
"VERO13","2026-07-21","11,21","16,17","19,19","929,696459","Até 1MM"
"VERO15","2026-07-21","15,91","16,49","16,64","954,180645","Até 1MM"
"VERO23","2026-07-21","24,13","25,54","29,00","774,374591","Até 1MM"
"VERO24","2026-07-21","16,78","20,48","25,11","749,037157","Até 1MM"
"VERO34","2026-07-21","15,83","28,23","28,45","717,048277","Até 1MM"
"VERO44","2026-07-21","11,72","17,49","30,01","743,213237","Até 1MM"
"VLIM13","2026-07-21","7,44","7,93","8,73","1208,444846","Entre 1MM e 5MM"
"VLIM14","2026-07-21","8,00","8,06","8,09","1119,424580","Entre 1MM e 5MM"
"VLIM15","2026-07-21","7,60","7,99","8,18","1052,783050","Superior a 5MM"
"VLIM27","2026-07-21","7,81","7,88","7,90","998,980518","Entre 1MM e 5MM"
"VRDN12","2026-07-21","8,74","8,77","9,63","1161,743803","Superior a 5MM"
"ABSP12","2026-07-20","1,69","1,70","1,71","1041,606293","Até 1MM"
"AEAB11","2026-07-20","8,02","8,71","9,08","1088,287352","Até 1MM"
"AEGE16","2026-07-20","5,65","5,66","6,10","1005,515470","Até 1MM"
"AEGE17","2026-07-20","3,82","6,00","7,10","918,979771","Até 1MM"
"AEGP19","2026-07-20","2,20","2,60","2,70","1037,774736","Entre 1MM e 5MM"
"AEGPA0","2026-07-20","18,20","19,74","20,90","970,372157","Até 1MM"
"AEGPA8","2026-07-20","15,99","17,17","21,00","978,323195","Até 1MM"
"AESLA8","2026-07-20","0,41","0,43","0,47","1016,931601","Até 1MM"
"AESLB7","2026-07-20","7,62","7,65","7,67","1007,909390","Até 1MM"
"AESOA1","2026-07-20","8,17","8,19","8,21","1044,973199","Entre 1MM e 5MM"
"ALAR14","2026-07-20","12,32","12,33","12,34","1052,595901","Entre 1MM e 5MM"
"ALGAB1","2026-07-20","9,14","9,36","9,58","1137,115232","Até 1MM"
"ALGAC2","2026-07-20","8,46","8,73","9,01","1122,680905","Até 1MM"
"ALGTA4","2026-07-20","8,99","9,00","9,44","1018,944219","Superior a 5MM"
"ALIG13","2026-07-20","7,30","7,52","7,76","875,694339","Até 1MM"
"ALUP18","2026-07-20","7,49","7,56","7,76","1047,596073","Até 1MM"
"ARTR19","2026-07-20","9,03","10,48","14,50","1384,954316","Até 1MM"
"ARTRB8","2026-07-20","14,87","15,10","15,52","983,099570","Até 1MM"
"ASCP13","2026-07-20","7,80","8,32","8,78","971,908134","Até 1MM"
"AURE12","2026-07-20","8,13","8,16","8,18","1027,480809","Até 1MM"
"AURP13","2026-07-20","8,08","8,10","8,13","963,902147","Até 1MM"
"AXIA18","2026-07-20","6,92","7,39","7,73","1025,438754","Superior a 5MM"
"AXIA19","2026-07-20","7,65","7,77","7,89","1018,313928","Entre 1MM e 5MM"
"AXIA28","2026-07-20","7,13","7,37","7,64","1010,721546","Superior a 5MM"
"AXIA38","2026-07-20","6,93","7,17","7,61","1012,121105","Entre 1MM e 5MM"
"AXIAA0","2026-07-20","0,65","0,66","0,67","1002,373545","Superior a 5MM"
"AXIAB0","2026-07-20","0,74","0,78","0,81","1003,713290","Superior a 5MM"
"BHSA11","2026-07-20","8,26","8,27","8,28","1010,878302","Entre 1MM e 5MM"
"BRKMA6","2026-07-20","85,99","86,03","86,22","297,823552","Até 1MM"
"BRKMA8","2026-07-20","41,57","43,54","75,34","447,203940","Entre 1MM e 5MM"
"BRKP28","2026-07-20","9,25","10,26","10,82","1152,363131","Até 1MM"
"BRST11","2026-07-20","7,92","8,45","8,71","768,008950","Entre 1MM e 5MM"
"BTEL13","2026-07-20","14,63","15,66","17,25","1016,648264","Entre 1MM e 5MM"
"BTGL11","2026-07-20","13,43","13,97","14,03","968,713931","Até 1MM"
"CAEC12","2026-07-20","8,22","8,23","8,24","1109,083878","Superior a 5MM"
"CASN23","2026-07-20","9,24","9,30","9,43","1116,306406","Até 1MM"
"CASN24","2026-07-20","9,44","9,45","9,46","1098,714502","Até 1MM"
"CASN34","2026-07-20","9,36","9,37","9,38","1141,770859","Até 1MM"
"CBAN12","2026-07-20","7,40","8,13","8,72","1402,738858","Entre 1MM e 5MM"
"CBAN32","2026-07-20","8,15","8,17","8,44","1418,217562","Entre 1MM e 5MM"
"CBAN52","2026-07-20","8,15","8,16","8,44","1418,806766","Entre 1MM e 5MM"
"CBAN72","2026-07-20","8,12","8,14","8,17","1419,547037","Até 1MM"
"CCROA5","2026-07-20","7,20","7,79","8,52","923,745308","Entre 1MM e 5MM"
"CCROB4","2026-07-20","7,89","7,92","7,96","801,483498","Até 1MM"
"CCROB6","2026-07-20","7,15","7,85","8,65","1157,067712","Entre 1MM e 5MM"
"CEEBB6","2026-07-20","8,13","8,15","8,18","1112,678950","Entre 1MM e 5MM"
"CEEBB7","2026-07-20","7,35","7,97","8,94","1047,142562","Até 1MM"
"CEEBC4","2026-07-20","8,07","8,10","8,12","1147,894795","Até 1MM"
"CEEBD1","2026-07-20","13,40","14,14","14,78","923,965431","Superior a 5MM"
"CEEBD2","2026-07-20","7,40","7,76","8,57","953,290001","Entre 1MM e 5MM"
"CEEBF3","2026-07-20","13,59","13,61","13,90","993,604992","Até 1MM"
"CEED15","2026-07-20","7,45","8,26","8,84","1009,835816","Até 1MM"
"CEEDA0","2026-07-20","0,77","0,78","0,80","1032,079637","Superior a 5MM"
"CEPEA6","2026-07-20","14,14","14,19","14,40","1008,650313","Superior a 5MM"
"CEPEA7","2026-07-20","7,20","7,42","7,65","1049,781700","Até 1MM"
"CEPEB3","2026-07-20","7,75","8,07","8,44","1042,104873","Até 1MM"
"CERR18","2026-07-20","10,45","10,47","10,70","976,766648","Até 1MM"
"CERT11","2026-07-20","7,80","8,10","8,52","1191,036606","Até 1MM"
"CESPA2","2026-07-20","7,44","8,11","8,40","1316,789304","Entre 1MM e 5MM"
"CGASA4","2026-07-20","7,00","7,02","7,10","1047,568910","Até 1MM"
"CGASA5","2026-07-20","0,66","0,67","0,68","1047,354718","Entre 1MM e 5MM"
"CGASB1","2026-07-20","7,04","7,33","7,58","1027,655323","Até 1MM"
"CGEE13","2026-07-20","14,68","14,73","15,15","778,846852","Até 1MM"
"CGEE23","2026-07-20","12,62","14,59","15,16","784,192502","Até 1MM"
"CGMG18","2026-07-20","7,56","7,97","8,00","1075,803630","Entre 1MM e 5MM"
"CGOS16","2026-07-20","7,71","8,31","8,65","1003,033011","Até 1MM"
"CGOS19","2026-07-20","0,67","0,68","0,69","1031,528327","Até 1MM"
"CGOS24","2026-07-20","8,30","8,41","8,65","1084,073561","Até 1MM"
"CGOS28","2026-07-20","7,98","8,14","8,24","1023,028111","Até 1MM"
"CGOS34","2026-07-20","7,59","8,11","8,91","1071,340051","Entre 1MM e 5MM"
"CGOSA2","2026-07-20","7,25","7,78","8,15","948,549459","Entre 1MM e 5MM"
"CGOSB0","2026-07-20","7,65","7,69","8,19","1051,033214","Até 1MM"
"CHSF13","2026-07-20","7,13","7,64","8,44","1074,671577","Entre 1MM e 5MM"
"CLAG13","2026-07-20","8,02","9,31","10,37","833,284441","Até 1MM"
"CLTM14","2026-07-20","9,14","9,15","9,65","1008,138704","Superior a 5MM"
"CMGD28","2026-07-20","8,16","8,24","8,35","1145,385611","Até 1MM"
"CMGDA2","2026-07-20","0,61","0,64","0,66","1058,882091","Até 1MM"
"CMGDB0","2026-07-20","7,10","7,86","8,46","1050,889805","Entre 1MM e 5MM"
"CMGDB1","2026-07-20","7,25","7,82","8,09","1032,499789","Entre 1MM e 5MM"
"CMGDB2","2026-07-20","7,04","7,68","8,27","1077,304204","Entre 1MM e 5MM"
"CMIN12","2026-07-20","14,72","15,43","16,60","820,520429","Entre 1MM e 5MM"
"CMIN22","2026-07-20","15,07","15,22","16,20","720,663629","Entre 1MM e 5MM"
"CMTR29","2026-07-20","7,62","7,92","7,94","1187,681503","Superior a 5MM"
"CPFPA7","2026-07-20","7,20","7,53","7,71","1056,218730","Até 1MM"
"CPFPA9","2026-07-20","7,32","7,66","8,11","1103,912274","Entre 1MM e 5MM"
"CPGT17","2026-07-20","0,40","0,70","0,77","520,563615","Até 1MM"
"CPGT27","2026-07-20","7,88","7,96","8,43","1194,506757","Até 1MM"
"CPGTC0","2026-07-20","7,67","7,80","7,81","1077,579018","Entre 1MM e 5MM"
"CPIS16","2026-07-20","8,02","8,13","8,16","926,662102","Até 1MM"
"CPLD26","2026-07-20","7,93","8,13","8,52","1192,470144","Até 1MM"
"CPLD29","2026-07-20","7,37","7,78","8,21","1030,803584","Entre 1MM e 5MM"
"CPLD37","2026-07-20","7,40","7,76","7,89","1134,324460","Até 1MM"
"CPLDC0","2026-07-20","7,10","7,85","7,99","990,481063","Entre 1MM e 5MM"
"CRMG15","2026-07-20","8,68","8,90","9,13","792,611724","Até 1MM"
"CRTR12","2026-07-20","8,38","9,02","9,08","1019,341713","Até 1MM"
"CSAN33","2026-07-20","10,97","11,00","11,02","1134,824021","Até 1MM"
"CSANB0","2026-07-20","1,99","2,48","2,99","967,569243","Até 1MM"
"CSANB2","2026-07-20","1,61","1,79","1,89","1174,588770","Até 1MM"
"CSMGA6","2026-07-20","7,60","7,79","7,84","958,715171","Até 1MM"
"CSRNA3","2026-07-20","13,53","14,01","14,06","928,366795","Até 1MM"
"CSRNB2","2026-07-20","8,11","8,14","8,16","1024,480315","Até 1MM"
"CSRNB3","2026-07-20","7,56","7,57","7,58","965,084582","Até 1MM"
"CSRNB4","2026-07-20","13,66","13,70","14,06","989,890773","Até 1MM"
"CSRNC0","2026-07-20","7,59","7,83","8,09","1157,856727","Até 1MM"
"CTEE18","2026-07-20","7,18","7,70","8,57","1330,737318","Até 1MM"
"CTEE1B","2026-07-20","7,10","7,69","8,14","1198,279465","Até 1MM"
"CTEE29","2026-07-20","7,03","7,62","8,31","984,009076","Até 1MM"
"CTEE2B","2026-07-20","7,58","7,75","7,92","1116,541300","Até 1MM"
"CUTI11","2026-07-20","8,20","8,38","8,52","786,659034","Até 1MM"
"DESK19","2026-07-20","7,40","7,68","7,97","1087,777979","Até 1MM"
"ECER12","2026-07-20","7,40","7,58","7,65","1347,735260","Até 1MM"
"EDTE12","2026-07-20","7,27","8,04","8,50","995,472840","Até 1MM"
"EEELA1","2026-07-20","7,91","8,15","8,40","1014,228099","Até 1MM"
"EGIE27","2026-07-20","6,80","7,21","8,02","995,709457","Entre 1MM e 5MM"
"EGIE29","2026-07-20","7,28","7,82","8,61","1366,251714","Até 1MM"
"EGIE49","2026-07-20","7,87","7,90","7,92","1360,695087","Até 1MM"
"EGIEA0","2026-07-20","6,90","7,56","7,95","1060,192473","Até 1MM"
"EGIEA1","2026-07-20","7,74","7,83","7,85","1077,582868","Até 1MM"
"EGIEA2","2026-07-20","13,36","13,65","14,46","985,512690","Até 1MM"
"EGIEA3","2026-07-20","13,13","13,79","14,51","991,741006","Até 1MM"
"EGIEA4","2026-07-20","13,52","13,79","14,31","1216,693977","Até 1MM"
"EGIEB1","2026-07-20","7,27","7,41","7,57","1068,407025","Até 1MM"
"EGIEB4","2026-07-20","7,39","7,43","7,63","1178,088521","Até 1MM"
"EGIEB5","2026-07-20","7,10","7,13","8,19","1101,541092","Até 1MM"
"EGIEC1","2026-07-20","12,70","13,07","13,62","1252,001524","Entre 1MM e 5MM"
"EKTRA5","2026-07-20","13,61","14,15","14,94","1009,851434","Até 1MM"
"EKTRA8","2026-07-20","7,25","8,03","8,07","1004,617976","Até 1MM"
"EKTRB6","2026-07-20","7,00","7,36","8,02","1022,439299","Até 1MM"
"EKTRC1","2026-07-20","7,35","7,68","7,92","1161,506546","Até 1MM"
"ELDC15","2026-07-20","8,22","9,16","9,19","982,130307","Até 1MM"
"ELET14","2026-07-20","7,07","7,93","8,77","1107,131624","Superior a 5MM"
"ELET16","2026-07-20","7,16","7,76","8,26","1062,263294","Entre 1MM e 5MM"
"ELET23","2026-07-20","7,03","7,65","8,27","1223,004629","Entre 1MM e 5MM"
"ELET24","2026-07-20","0,82","0,94","0,97","1061,848153","Superior a 5MM"
"ELET42","2026-07-20","7,33","8,04","8,44","1416,886379","Até 1MM"
"ELPLA5","2026-07-20","15,00","15,11","15,23","975,913902","Até 1MM"
"ELPLA7","2026-07-20","11,89","14,36","14,79","903,819953","Até 1MM"
"ELTN15","2026-07-20","7,20","8,07","8,11","1058,225101","Até 1MM"
"ELTN17","2026-07-20","13,15","13,51","13,81","991,690287","Até 1MM"
"ELTN37","2026-07-20","7,10","7,54","7,95","1025,608003","Entre 1MM e 5MM"
"ENAT11","2026-07-20","8,32","9,39","10,42","1056,463956","Até 1MM"
"ENAT12","2026-07-20","9,08","9,35","10,31","1124,646558","Entre 1MM e 5MM"
"ENAT13","2026-07-20","8,24","9,49","10,11","1065,327488","Até 1MM"
"ENAT14","2026-07-20","9,22","9,30","9,47","1070,752771","Até 1MM"
"ENAT23","2026-07-20","14,67","15,43","16,48","962,805809","Até 1MM"
"ENAT32","2026-07-20","14,09","15,15","15,75","1018,475191","Superior a 5MM"
"ENAT33","2026-07-20","8,98","9,43","11,00","1051,760831","Entre 1MM e 5MM"
"ENERB4","2026-07-20","7,80","8,10","8,19","1013,994851","Até 1MM"
"ENERB7","2026-07-20","7,51","8,25","8,28","992,572142","Superior a 5MM"
"ENEV13","2026-07-20","8,08","8,13","8,19","940,965676","Até 1MM"
"ENEV15","2026-07-20","7,90","8,24","8,74","1351,814835","Até 1MM"
"ENEV16","2026-07-20","7,98","8,16","8,56","1293,409146","Entre 1MM e 5MM"
"ENEV18","2026-07-20","7,50","8,13","9,03","1114,695187","Entre 1MM e 5MM"
"ENEV19","2026-07-20","7,28","7,98","8,24","1175,040979","Entre 1MM e 5MM"
"ENEV26","2026-07-20","7,59","7,95","8,53","1163,603541","Entre 1MM e 5MM"
"ENEV28","2026-07-20","7,21","7,92","8,50","1083,720319","Entre 1MM e 5MM"
"ENEV29","2026-07-20","7,45","8,02","8,19","1146,357176","Entre 1MM e 5MM"
"ENEV32","2026-07-20","7,37","7,81","8,72","1418,138399","Até 1MM"
"ENEV39","2026-07-20","7,18","7,90","8,37","1148,517872","Até 1MM"
"ENEVB0","2026-07-20","7,58","7,87","8,06","1032,137782","Entre 1MM e 5MM"
"ENGI39","2026-07-20","7,38","7,60","7,65","1586,412551","Entre 1MM e 5MM"
"ENGIA5","2026-07-20","7,40","8,17","8,19","1209,159554","Até 1MM"
"ENGIA9","2026-07-20","7,54","7,89","8,10","1106,769792","Até 1MM"
"ENGIB0","2026-07-20","7,45","8,13","8,35","1046,974084","Até 1MM"
"ENGIB4","2026-07-20","7,38","8,09","8,36","1293,871751","Até 1MM"
"ENGIB6","2026-07-20","8,27","8,36","8,49","1128,180882","Até 1MM"
"ENGIB9","2026-07-20","7,35","8,20","8,47","1074,937226","Superior a 5MM"
"ENGIC0","2026-07-20","7,49","7,99","8,34","1000,636427","Entre 1MM e 5MM"
"ENJG21","2026-07-20","7,75","8,27","11,79","338,463290","Até 1MM"
"ENMTA4","2026-07-20","7,56","8,10","8,16","1212,625510","Superior a 5MM"
"ENSEA1","2026-07-20","8,36","8,52","8,69","1215,014435","Até 1MM"
"ENTV12","2026-07-20","8,02","8,64","9,08","1411,993707","Até 1MM"
"EQPA18","2026-07-20","7,41","7,98","8,69","1075,154023","Até 1MM"
"EQPA19","2026-07-20","7,41","7,78","8,18","1006,809159","Entre 1MM e 5MM"
"EQPAA1","2026-07-20","7,80","7,84","7,90","944,473355","Até 1MM"
"EQUA11","2026-07-20","8,34","8,42","8,68","997,437779","Até 1MM"
"ERDVA4","2026-07-20","8,26","8,84","9,19","1027,402730","Até 1MM"
"ERDVB4","2026-07-20","8,58","8,61","8,81","1030,183934","Até 1MM"
"ERDVC4","2026-07-20","8,00","8,67","8,86","1005,454013","Entre 1MM e 5MM"
"ESSDA5","2026-07-20","7,54","7,80","8,07","1021,188810","Até 1MM"
"ESULA6","2026-07-20","7,71","8,22","8,40","1207,305243","Entre 1MM e 5MM"
"ETBA12","2026-07-20","7,93","7,94","8,11","1128,364024","Superior a 5MM"
"ETEN12","2026-07-20","7,37","7,43","7,49","1379,684758","Até 1MM"
"ETSP12","2026-07-20","7,58","8,24","8,78","1156,319626","Até 1MM"
"FGEN13","2026-07-20","6,78","7,02","7,28","509,312366","Até 1MM"
"FLRY25","2026-07-20","0,57","0,60","0,62","679,696007","Até 1MM"
"FURN21","2026-07-20","7,92","8,00","8,11","1186,923993","Entre 1MM e 5MM"
"GASC15","2026-07-20","8,48","8,50","8,53","974,941256","Até 1MM"
"GASC22","2026-07-20","8,58","8,61","8,63","1180,615089","Até 1MM"
"GASC23","2026-07-20","8,49","8,61","9,27","1111,815403","Até 1MM"
"GASC28","2026-07-20","7,60","7,64","8,24","1077,482599","Até 1MM"
"GASP19","2026-07-20","7,39","8,10","8,24","1205,513410","Até 1MM"
"GASP29","2026-07-20","7,25","7,86","8,73","1119,020619","Até 1MM"
"GSTS14","2026-07-20","9,27","9,76","10,28","1070,045888","Até 1MM"
"HAPVA0","2026-07-20","5,99","7,25","7,32","812,837030","Entre 1MM e 5MM"
"HARG11","2026-07-20","8,35","8,77","9,61","1061,745337","Entre 1MM e 5MM"
"HBSA21","2026-07-20","8,58","8,80","9,02","1173,828846","Até 1MM"
"IGSN15","2026-07-20","11,32","11,60","12,00","960,583173","Até 1MM"
"IRJS14","2026-07-20","9,82","10,86","12,15","1125,836239","Entre 1MM e 5MM"
"IRJS15","2026-07-20","10,71","10,82","12,15","1032,205391","Entre 1MM e 5MM"
"ISAEA9","2026-07-20","6,79","7,19","8,09","1075,675388","Até 1MM"
"ISAEB0","2026-07-20","6,85","7,51","7,59","992,497446","Entre 1MM e 5MM"
"ISAEB2","2026-07-20","6,83","6,85","7,23","1001,193821","Até 1MM"
"ISAEB8","2026-07-20","7,90","8,02","8,36","1057,101234","Até 1MM"
"ISAED1","2026-07-20","0,63","0,64","0,65","1011,671000","Superior a 5MM"
"ITPO15","2026-07-20","8,24","8,25","8,26","1016,304957","Superior a 5MM"
"IVIAA0","2026-07-20","9,03","9,36","9,37","977,589705","Até 1MM"
"JALL11","2026-07-20","8,66","8,78","9,07","1178,552687","Até 1MM"
"JALL13","2026-07-20","8,79","8,93","9,02","1119,381269","Até 1MM"
"JALL14","2026-07-20","9,00","9,22","9,44","1081,906263","Até 1MM"
"JALL15","2026-07-20","8,19","8,54","9,24","1014,443503","Até 1MM"
"JALL21","2026-07-20","8,10","8,52","8,94","1143,114047","Até 1MM"
"JALL26","2026-07-20","8,18","8,64","9,39","1027,854323","Até 1MM"
"JSLGA5","2026-07-20","2,72","2,74","4,25","1039,836484","Entre 1MM e 5MM"
"JSMLA5","2026-07-20","3,66","4,43","5,29","978,124020","Entre 1MM e 5MM"
"JTEE11","2026-07-20","7,86","7,90","8,03","878,537372","Até 1MM"
"JTEE12","2026-07-20","7,43","7,79","7,90","1273,899933","Até 1MM"
"KLBNA5","2026-07-20","6,91","7,33","7,85","1017,357120","Entre 1MM e 5MM"
"LCAMD1","2026-07-20","10,05","10,18","10,80","1175,525219","Até 1MM"
"LCAMD3","2026-07-20","10,00","10,30","10,45","1143,140259","Até 1MM"
"LORTA7","2026-07-20","9,44","9,89","10,46","1185,252605","Até 1MM"
"MGLUA0","2026-07-20","1,32","1,78","3,29","518,600748","Até 1MM"
"MOVI18","2026-07-20","12,25","14,60","17,39","1027,659600","Até 1MM"
"MOVI27","2026-07-20","3,14","3,30","3,48","1050,710168","Até 1MM"
"MOVI28","2026-07-20","12,20","16,51","17,35","898,201551","Até 1MM"
"MOVI37","2026-07-20","14,00","14,06","14,25","1090,742242","Até 1MM"
"MOVIA3","2026-07-20","1,90","1,92","2,60","1064,245103","Entre 1MM e 5MM"
"MRSAA2","2026-07-20","7,74","7,77","8,19","1040,882027","Até 1MM"
"MRSAB3","2026-07-20","7,04","7,50","7,55","992,456019","Entre 1MM e 5MM"
"MRSAC1","2026-07-20","7,20","7,78","8,44","1058,240295","Entre 1MM e 5MM"
"MRSAC2","2026-07-20","6,99","7,28","7,56","1060,074752","Até 1MM"
"MSGT23","2026-07-20","8,08","8,09","8,55","1045,019748","Até 1MM"
"MSGT33","2026-07-20","7,99","8,01","8,58","995,234590","Até 1MM"
"MULPA0","2026-07-20","0,63","0,64","0,68","1046,159978","Até 1MM"
"MVLV16","2026-07-20","12,48","15,73","17,05","1675,307692","Até 1MM"
"MVLV19","2026-07-20","2,59","3,04","3,50","523,907377","Até 1MM"
"NEOE16","2026-07-20","7,44","8,33","8,88","1369,795389","Até 1MM"
"NEOE26","2026-07-20","8,03","8,16","8,76","823,659285","Até 1MM"
"NTEN11","2026-07-20","11,33","14,39","14,72","925,088544","Até 1MM"
"NTSD26","2026-07-20","0,81","0,84","0,86","1081,431525","Superior a 5MM"
"OMGE12","2026-07-20","9,09","9,11","9,14","1323,813413","Até 1MM"
"OMGE22","2026-07-20","9,15","9,51","10,11","1343,883485","Até 1MM"
"OPCT16","2026-07-20","1,50","1,53","1,60","1019,386744","Até 1MM"
"ORIG11","2026-07-20","10,16","11,65","12,35","983,319360","Até 1MM"
"ORIG12","2026-07-20","10,55","11,44","12,68","990,435270","Superior a 5MM"
"ORIG21","2026-07-20","16,30","19,77","20,58","824,477593","Entre 1MM e 5MM"
"ORIG22","2026-07-20","16,42","17,71","20,87","940,267052","Até 1MM"
"PALF38","2026-07-20","7,20","7,80","7,85","1049,066687","Até 1MM"
"PALFB3","2026-07-20","7,27","7,81","8,36","1050,070477","Até 1MM"
"PALFB6","2026-07-20","7,21","7,84","7,88","1092,825021","Até 1MM"
"PASS14","2026-07-20","0,73","0,74","0,75","1016,112067","Entre 1MM e 5MM"
"PEJA11","2026-07-20","7,55","8,22","8,93","1203,577722","Superior a 5MM"
"PEJA12","2026-07-20","13,01","14,15","14,67","984,512801","Até 1MM"
"PEJA13","2026-07-20","13,45","13,78","14,60","969,589760","Entre 1MM e 5MM"
"PEJA21","2026-07-20","0,50","1,03","1,04","1076,735392","Entre 1MM e 5MM"
"PEJA22","2026-07-20","7,67","7,76","8,34","1079,157905","Até 1MM"
"PEJA23","2026-07-20","7,72","8,22","8,65","1038,504613","Até 1MM"
"PETR17","2026-07-20","6,30","7,17","8,17","1340,530049","Entre 1MM e 5MM"
"PETR18","2026-07-20","6,76","7,35","7,85","991,675273","Até 1MM"
"PETR26","2026-07-20","6,47","7,24","7,99","1399,428552","Entre 1MM e 5MM"
"PETR27","2026-07-20","6,53","7,31","7,92","1187,635575","Entre 1MM e 5MM"
"PETR28","2026-07-20","6,28","7,17","7,60","1011,762011","Entre 1MM e 5MM"
"PETR38","2026-07-20","6,27","7,10","7,55","1028,724615","Superior a 5MM"
"PLSB1A","2026-07-20","8,76","9,91","10,92","1107,379420","Entre 1MM e 5MM"
"POTE11","2026-07-20","8,43","8,44","8,47","1022,695352","Superior a 5MM"
"PPTE11","2026-07-20","7,84","8,85","9,35","739,054217","Até 1MM"
"QUAL16","2026-07-20","1,96","2,84","3,46","252,819028","Até 1MM"
"QUAL17","2026-07-20","3,44","3,45","3,46","707,044525","Entre 1MM e 5MM"
"RDORF1","2026-07-20","1,02","1,03","1,04","1010,915360","Entre 1MM e 5MM"
"RECV21","2026-07-20","13,50","14,77","15,31","971,911808","Até 1MM"
"RENTD1","2026-07-20","9,94","10,10","10,33","1160,656186","Até 1MM"
"RIS412","2026-07-20","11,04","11,51","12,13","9,633111","Até 1MM"
"RIS414","2026-07-20","10,51","12,66","14,39","0,921145","Até 1MM"
"RIS422","2026-07-20","10,24","12,33","12,50","7,940093","Até 1MM"
"RIS424","2026-07-20","10,03","11,98","12,20","0,843142","Até 1MM"
"RISP12","2026-07-20","9,99","10,85","12,85","9,868183","Até 1MM"
"RISP14","2026-07-20","9,99","13,46","14,91","0,893358","Até 1MM"
"RISP22","2026-07-20","11,27","11,50","12,50","8,392507","Até 1MM"
"RMSA12","2026-07-20","9,85","10,40","11,76","1163,371385","Até 1MM"
"RRRP13","2026-07-20","9,13","9,38","9,70","1126,306740","Entre 1MM e 5MM"
"RSAN15","2026-07-20","2,15","2,17","2,18","1020,838705","Entre 1MM e 5MM"
"RSAN26","2026-07-20","9,86","9,89","9,91","940,988771","Até 1MM"
"RUMOA2","2026-07-20","8,00","8,79","9,35","1428,534956","Até 1MM"
"RUMOA4","2026-07-20","7,73","8,57","9,35","1402,378256","Entre 1MM e 5MM"
"RUMOA5","2026-07-20","7,80","8,96","9,60","1175,270715","Até 1MM"
"RUMOA6","2026-07-20","8,10","8,66","9,36","1162,180748","Entre 1MM e 5MM"
"RUMOB3","2026-07-20","8,64","8,89","9,34","1342,147775","Até 1MM"
"RUMOB5","2026-07-20","7,85","8,77","9,00","1006,413377","Até 1MM"
"RUMOB6","2026-07-20","8,38","8,63","9,17","1011,622034","Até 1MM"
"SAPR10","2026-07-20","7,28","8,05","8,44","14259,041245","Até 1MM"
"SAPRA2","2026-07-20","7,81","7,87","8,35","1265,644847","Até 1MM"
"SAPRB3","2026-07-20","7,15","7,77","7,80","1145,705531","Entre 1MM e 5MM"
"SAPRC1","2026-07-20","1,05","1,06","1,07","1053,487221","Até 1MM"
"SBSPB6","2026-07-20","6,76","7,81","8,13","1396,616580","Até 1MM"
"SBSPD4","2026-07-20","7,42","7,90","8,56","1351,685182","Até 1MM"
"SBSPD7","2026-07-20","0,06","0,26","0,48","1043,842311","Até 1MM"
"SBSPE3","2026-07-20","6,86","7,56","8,16","1115,570848","Superior a 5MM"
"SBSPE9","2026-07-20","7,37","7,72","8,32","1187,026655","Até 1MM"
"SBSPF3","2026-07-20","6,94","7,53","9,06","1103,556743","Até 1MM"
"SBSPF9","2026-07-20","7,69","7,83","8,03","1103,519715","Até 1MM"
"SBSPI8","2026-07-20","6,89","7,37","7,62","977,707009","Entre 1MM e 5MM"
"SBSPJ8","2026-07-20","6,94","7,42","7,57","969,529840","Superior a 5MM"
"SBSPK8","2026-07-20","6,82","7,27","7,45","963,227923","Entre 1MM e 5MM"
"SIMH16","2026-07-20","2,31","4,33","5,01","983,873389","Entre 1MM e 5MM"
"SMFTA1","2026-07-20","0,64","0,65","0,66","1037,807282","Superior a 5MM"
"SMTO14","2026-07-20","8,62","8,69","9,19","1089,654142","Entre 1MM e 5MM"
"SMTO24","2026-07-20","7,44","8,79","8,94","1025,960472","Até 1MM"
"SRTI11","2026-07-20","8,40","8,43","8,46","728,537756","Até 1MM"
"STBP35","2026-07-20","7,40","7,85","8,68","1044,570428","Entre 1MM e 5MM"
"STBP45","2026-07-20","7,79","7,82","8,53","1022,568710","Entre 1MM e 5MM"
"SUMI37","2026-07-20","12,46","19,12","22,70","657,953256","Até 1MM"
"SUZB19","2026-07-20","7,70","7,74","7,82","1092,485082","Entre 1MM e 5MM"
"SUZBA0","2026-07-20","6,65","7,33","7,95","1073,246284","Superior a 5MM"
"TAEB15","2026-07-20","12,13","12,33","13,65","430,732095","Entre 1MM e 5MM"
"TAEE17","2026-07-20","7,05","7,90","8,47","1425,721354","Até 1MM"
"TAEE26","2026-07-20","7,57","7,69","8,10","1230,307307","Até 1MM"
"TAEEA4","2026-07-20","6,90","7,68","8,41","1057,503262","Entre 1MM e 5MM"
"TAEEA5","2026-07-20","0,39","0,40","0,41","1055,151128","Entre 1MM e 5MM"
"TAEEA7","2026-07-20","7,36","7,68","8,00","1151,130897","Entre 1MM e 5MM"
"TAEEB0","2026-07-20","6,78","7,22","7,92","986,126207","Até 1MM"
"TAEEB2","2026-07-20","7,28","7,56","8,36","1163,659619","Entre 1MM e 5MM"
"TAEEB4","2026-07-20","7,10","7,11","8,15","1089,807017","Até 1MM"
"TAEEB8","2026-07-20","7,08","7,65","8,27","1079,603897","Até 1MM"
"TAEEC2","2026-07-20","7,02","7,76","8,27","1128,703607","Até 1MM"
"TAEEC4","2026-07-20","7,30","7,44","7,60","1070,411803","Até 1MM"
"TAEED2","2026-07-20","7,76","7,93","8,10","1057,968783","Até 1MM"
"TEPA13","2026-07-20","12,21","22,95","23,01","810,322567","Até 1MM"
"TEPA23","2026-07-20","16,42","21,96","22,66","965,858145","Entre 1MM e 5MM"
"TGR731","2026-07-20","6,75","6,99","7,25","1063,027736","Até 1MM"
"TIET19","2026-07-20","0,56","0,59","0,61","304,434390","Até 1MM"
"TIET29","2026-07-20","8,32","8,34","9,01","1423,890804","Entre 1MM e 5MM"
"TIET39","2026-07-20","7,84","8,14","8,50","1427,264301","Até 1MM"
"TRPLA4","2026-07-20","7,20","7,89","8,19","1066,514383","Entre 1MM e 5MM"
"TRPLA7","2026-07-20","7,50","7,67","8,00","1120,628401","Até 1MM"
"TRPLB4","2026-07-20","6,82","7,45","8,00","1075,304546","Até 1MM"
"TRPLB7","2026-07-20","6,95","7,34","7,65","1046,873777","Até 1MM"
"UHSM12","2026-07-20","7,68","7,72","8,19","1156,934304","Entre 1MM e 5MM"
"UNEG11","2026-07-20","8,40","9,01","9,46","1111,860516","Até 1MM"
"USCA22","2026-07-20","17,07","20,04","21,24","863,415163","Até 1MM"
"USIM29","2026-07-20","1,43","1,49","1,61","1021,054143","Até 1MM"
"UTPS21","2026-07-20","9,10","9,46","9,69","1323,154048","Até 1MM"
"UTPS22","2026-07-20","8,96","9,27","9,99","1195,518996","Até 1MM"
"VALE48","2026-07-20","6,66","6,75","7,78","1032,208466","Até 1MM"
"VALEA0","2026-07-20","6,59","7,09","7,41","1061,258982","Entre 1MM e 5MM"
"VALEB0","2026-07-20","6,55","7,33","7,95","1039,727048","Entre 1MM e 5MM"
"VALEB1","2026-07-20","6,70","7,14","7,51","1050,172047","Entre 1MM e 5MM"
"VALEC0","2026-07-20","6,77","7,25","7,47","1033,281976","Entre 1MM e 5MM"
"VALEC1","2026-07-20","6,49","6,97","7,49","1048,007841","Superior a 5MM"
"VALED1","2026-07-20","6,56","7,13","7,45","1036,520515","Superior a 5MM"
"VAMO23","2026-07-20","3,50","4,01","8,11","980,174785","Até 1MM"
"VAMO34","2026-07-20","13,80","15,29","16,70","1018,781996","Até 1MM"
"VBBRA0","2026-07-20","7,33","8,03","8,13","1000,277483","Superior a 5MM"
"VERO12","2026-07-20","17,82","28,54","35,96","897,079527","Até 1MM"
"VERO13","2026-07-20","11,15","17,46","22,70","898,503428","Até 1MM"
"VERO15","2026-07-20","15,76","16,18","16,39","963,952905","Até 1MM"
"VERO23","2026-07-20","25,03","26,38","29,10","759,960891","Até 1MM"
"VERO24","2026-07-20","16,78","17,83","19,55","813,719541","Até 1MM"
"VERO34","2026-07-20","24,99","26,80","28,50","742,897818","Até 1MM"
"VERO44","2026-07-20","11,71","18,48","30,01","708,583551","Até 1MM"
"VLIM13","2026-07-20","7,91","8,01","8,39","1205,906487","Entre 1MM e 5MM"
"VLIM14","2026-07-20","7,45","8,11","8,25","1117,846249","Entre 1MM e 5MM"
"VLIM28","2026-07-20","7,33","7,53","7,75","996,457625","Até 1MM"
"VLIM29","2026-07-20","7,17","7,69","7,72","942,326814","Até 1MM"
